family_id,n_paths,n_sources,signature_str,top_subtypes
0,6944,111,de:15 & im:4 & pr:6 & th:11 & va:10,"{'validation_evidence': 1, 'implementation_mechanism': 1, 'theoretical_insight': 1}"
1,1649,44,de:15 & im:4 & pr:6 & th:11 & va:9,"{'implementation_mechanism': 1, 'theoretical_insight': 1, 'design_rationale': 1}"
2,1210,59,de:15 & im:4 & pr:6 & th:11 & va:32,"{'validation_evidence': 1, 'implementation_mechanism': 1, 'theoretical_insight': 1}"
3,900,16,de:34 & im:10 & pr:10 & pr:19 & th:3 & va:4,"{'problem_analysis': 2, 'theoretical_insight': 1, 'validation_evidence': 1}"
4,896,33,de:12 & im:20 & pr:9 & th:1 & va:12,"{'validation_evidence': 1, 'problem_analysis': 1, 'theoretical_insight': 1}"
5,855,9,de:13 & im:1 & pr:7 & th:37 & va:17,"{'design_rationale': 1, 'validation_evidence': 1, 'problem_analysis': 1}"
6,746,41,de:3 & im:16 & pr:39 & th:36 & va:26,"{'implementation_mechanism': 1, 'validation_evidence': 1, 'design_rationale': 1}"
7,729,48,pr:6,{'problem_analysis': 1}
8,678,13,de:15 & im:4 & pr:31 & th:9 & va:10,"{'validation_evidence': 1, 'implementation_mechanism': 1, 'problem_analysis': 1}"
9,538,40,de:15 & im:4 & pr:27 & pr:6 & th:12 & th:2 & va:10,"{'theoretical_insight': 2, 'problem_analysis': 2, 'validation_evidence': 1}"
10,522,65,de:15 & im:4 & pr:31 & pr:6 & th:11 & va:10,"{'problem_analysis': 2, 'validation_evidence': 1, 'implementation_mechanism': 1}"
11,444,5,de:11 & im:9 & pr:33 & th:35 & va:15,"{'design_rationale': 1, 'validation_evidence': 1, 'implementation_mechanism': 1}"
12,429,25,de:15 & im:10 & pr:6 & th:11 & va:10,"{'validation_evidence': 1, 'implementation_mechanism': 1, 'theoretical_insight': 1}"
13,403,8,de:15 & im:4 & pr:31 & th:11 & va:9,"{'implementation_mechanism': 1, 'problem_analysis': 1, 'theoretical_insight': 1}"
14,399,11,de:15 & im:4 & pr:6 & th:1 & va:10,"{'validation_evidence': 1, 'implementation_mechanism': 1, 'theoretical_insight': 1}"
15,394,6,de:25 & im:34 & pr:32 & th:21 & va:30,"{'problem_analysis': 1, 'implementation_mechanism': 1, 'theoretical_insight': 1}"
16,391,27,de:14 & im:20 & pr:19 & pr:9 & th:14 & th:26 & va:19,"{'problem_analysis': 2, 'theoretical_insight': 2, 'validation_evidence': 1}"
17,383,31,de:20 & im:19 & pr:11 & th:12 & va:9,"{'problem_analysis': 1, 'implementation_mechanism': 1, 'design_rationale': 1}"
18,379,13,de:37 & im:1 & pr:12 & th:6 & va:39,"{'problem_analysis': 1, 'theoretical_insight': 1, 'design_rationale': 1}"
19,377,21,de:37 & im:1 & pr:12 & th:6 & va:1,"{'problem_analysis': 1, 'theoretical_insight': 1, 'validation_evidence': 1}"
20,360,12,de:16 & im:1 & pr:12 & th:31 & va:39,"{'problem_analysis': 1, 'implementation_mechanism': 1, 'design_rationale': 1}"
21,350,6,de:7 & im:10 & pr:19 & th:37 & va:37,"{'problem_analysis': 1, 'design_rationale': 1, 'implementation_mechanism': 1}"
22,342,16,de:37 & im:8 & pr:19 & th:28 & va:1,"{'implementation_mechanism': 1, 'problem_analysis': 1, 'validation_evidence': 1}"
23,337,16,de:16 & im:4 & pr:6 & va:9,"{'design_rationale': 1, 'problem_analysis': 1, 'implementation_mechanism': 1}"
24,328,24,de:3 & im:16 & pr:39 & th:36 & va:0,"{'implementation_mechanism': 1, 'design_rationale': 1, 'problem_analysis': 1}"
25,326,23,de:25 & im:34 & pr:4 & th:21 & va:27,"{'problem_analysis': 1, 'implementation_mechanism': 1, 'theoretical_insight': 1}"
26,323,11,de:15 & im:4 & pr:6 & th:11,"{'theoretical_insight': 1, 'implementation_mechanism': 1, 'problem_analysis': 1}"
27,320,35,de:15 & pr:6 & th:1,"{'design_rationale': 1, 'problem_analysis': 1, 'theoretical_insight': 1}"
28,320,35,de:4 & im:7 & pr:6 & th:12 & va:30,"{'design_rationale': 1, 'theoretical_insight': 1, 'implementation_mechanism': 1}"
29,320,5,de:20 & im:19 & pr:35 & th:12 & va:2,"{'validation_evidence': 1, 'theoretical_insight': 1, 'design_rationale': 1}"
30,298,8,de:15 & im:4 & pr:31 & th:2 & va:10,"{'theoretical_insight': 1, 'validation_evidence': 1, 'implementation_mechanism': 1}"
31,288,18,de:37 & im:1 & pr:12 & pr:7 & th:6 & va:1,"{'problem_analysis': 2, 'theoretical_insight': 1, 'validation_evidence': 1}"
32,281,11,de:3 & im:8 & pr:39 & pr:7 & th:36 & va:0,"{'problem_analysis': 2, 'implementation_mechanism': 1, 'design_rationale': 1}"
33,274,21,de:37 & im:1 & pr:12 & pr:20 & th:6 & va:1,"{'problem_analysis': 2, 'theoretical_insight': 1, 'validation_evidence': 1}"
34,272,19,de:22 & im:31 & pr:13 & th:4 & va:7,"{'design_rationale': 1, 'validation_evidence': 1, 'theoretical_insight': 1}"
35,271,15,de:37 & im:1 & pr:9 & th:6 & va:17,"{'theoretical_insight': 1, 'validation_evidence': 1, 'design_rationale': 1}"
36,270,55,de:15 & im:4 & pr:19 & pr:6 & th:11 & va:10,"{'problem_analysis': 2, 'validation_evidence': 1, 'implementation_mechanism': 1}"
37,265,30,de:20 & im:7 & pr:6 & th:12 & va:0,"{'theoretical_insight': 1, 'design_rationale': 1, 'implementation_mechanism': 1}"
38,264,29,de:17 & im:4 & pr:6 & th:12 & va:9,"{'design_rationale': 1, 'theoretical_insight': 1, 'implementation_mechanism': 1}"
39,263,34,de:23 & im:38 & pr:6 & th:12 & va:2,"{'validation_evidence': 1, 'theoretical_insight': 1, 'design_rationale': 1}"
40,260,18,de:15 & im:7 & pr:6 & th:12 & va:10,"{'validation_evidence': 1, 'theoretical_insight': 1, 'design_rationale': 1}"
41,251,18,de:37 & im:1 & pr:19 & th:6 & va:1,"{'theoretical_insight': 1, 'problem_analysis': 1, 'validation_evidence': 1}"
42,248,18,de:29 & im:10 & pr:19 & th:5 & va:1,"{'problem_analysis': 1, 'validation_evidence': 1, 'implementation_mechanism': 1}"
43,246,15,de:25 & im:34 & pr:31 & pr:32,"{'problem_analysis': 2, 'design_rationale': 1, 'implementation_mechanism': 1}"
44,239,9,de:13 & im:1 & pr:7 & th:37 & va:39,"{'design_rationale': 1, 'problem_analysis': 1, 'implementation_mechanism': 1}"
45,232,10,im:4 & pr:31 & th:9 & va:10,"{'theoretical_insight': 1, 'implementation_mechanism': 1, 'validation_evidence': 1}"
46,230,15,de:29 & im:16 & pr:39 & th:36 & va:26,"{'implementation_mechanism': 1, 'validation_evidence': 1, 'design_rationale': 1}"
47,229,17,de:14 & im:25 & pr:9 & th:26 & va:20,"{'implementation_mechanism': 1, 'problem_analysis': 1, 'design_rationale': 1}"
48,229,7,de:37 & im:1 & pr:12 & th:6 & va:37,"{'problem_analysis': 1, 'theoretical_insight': 1, 'design_rationale': 1}"
49,228,11,de:20 & im:4 & pr:11 & th:12,"{'problem_analysis': 1, 'design_rationale': 1, 'implementation_mechanism': 1}"
50,227,13,de:15 & im:4 & pr:31,"{'design_rationale': 1, 'implementation_mechanism': 1, 'problem_analysis': 1}"
51,226,8,im:31 & pr:13 & th:4,"{'theoretical_insight': 1, 'implementation_mechanism': 1, 'problem_analysis': 1}"
52,222,61,de:15 & im:4 & pr:27 & pr:6 & th:11 & va:10,"{'problem_analysis': 2, 'validation_evidence': 1, 'implementation_mechanism': 1}"
53,220,7,de:16 & im:4,"{'design_rationale': 1, 'implementation_mechanism': 1}"
54,217,10,de:15 & im:4 & pr:31 & th:9 & va:32,"{'validation_evidence': 1, 'implementation_mechanism': 1, 'problem_analysis': 1}"
55,214,16,de:37 & im:1 & pr:19 & th:6 & va:39,"{'theoretical_insight': 1, 'problem_analysis': 1, 'design_rationale': 1}"
56,213,10,de:11 & im:1 & pr:10 & pr:31 & th:27 & va:22,"{'problem_analysis': 2, 'design_rationale': 1, 'implementation_mechanism': 1}"
57,211,8,de:3 & im:16 & pr:7 & va:0,"{'problem_analysis': 1, 'implementation_mechanism': 1, 'validation_evidence': 1}"
58,211,8,de:20 & de:28 & im:19 & pr:12 & pr:24 & va:30,"{'problem_analysis': 2, 'design_rationale': 2, 'implementation_mechanism': 1}"
59,208,27,de:15 & im:19 & pr:6 & th:12 & va:10,"{'validation_evidence': 1, 'theoretical_insight': 1, 'implementation_mechanism': 1}"
60,201,10,de:16 & im:31 & pr:12 & th:4,"{'design_rationale': 1, 'theoretical_insight': 1, 'problem_analysis': 1}"
61,199,30,de:7 & im:7 & pr:11 & pr:14 & pr:6 & th:12 & va:18,"{'problem_analysis': 3, 'design_rationale': 1, 'theoretical_insight': 1}"
62,197,6,de:25 & im:34 & pr:32 & th:21 & va:17,"{'validation_evidence': 1, 'problem_analysis': 1, 'implementation_mechanism': 1}"
63,194,15,de:15 & im:4 & pr:31 & th:9 & va:31,"{'implementation_mechanism': 1, 'problem_analysis': 1, 'design_rationale': 1}"
64,193,11,de:16 & pr:12 & th:2 & va:2,"{'design_rationale': 1, 'problem_analysis': 1, 'validation_evidence': 1}"
65,191,7,de:14 & im:25 & pr:7 & th:26 & va:20,"{'implementation_mechanism': 1, 'problem_analysis': 1, 'design_rationale': 1}"
66,189,11,de:37 & im:1 & pr:12 & th:6 & va:15,"{'problem_analysis': 1, 'theoretical_insight': 1, 'design_rationale': 1}"
67,185,19,de:11 & pr:9 & th:14 & th:2 & va:2,"{'theoretical_insight': 2, 'validation_evidence': 1, 'design_rationale': 1}"
68,182,10,de:29 & im:9 & pr:33 & th:9 & va:38,"{'validation_evidence': 1, 'design_rationale': 1, 'implementation_mechanism': 1}"
69,180,4,de:37 & im:1 & pr:25 & th:37 & va:39,"{'problem_analysis': 1, 'design_rationale': 1, 'implementation_mechanism': 1}"
70,179,52,de:15 & im:4 & pr:11 & pr:6 & th:11 & va:10,"{'problem_analysis': 2, 'validation_evidence': 1, 'implementation_mechanism': 1}"
71,178,6,de:37 & im:28 & pr:7 & th:2 & va:1,"{'theoretical_insight': 1, 'validation_evidence': 1, 'problem_analysis': 1}"
72,177,7,de:29 & im:10 & pr:5 & th:8 & va:12,"{'problem_analysis': 1, 'theoretical_insight': 1, 'validation_evidence': 1}"
73,175,8,de:22 & im:31 & pr:31 & th:2,"{'implementation_mechanism': 1, 'theoretical_insight': 1, 'problem_analysis': 1}"
74,175,8,de:22 & im:31 & pr:31 & th:2 & va:4,"{'theoretical_insight': 1, 'design_rationale': 1, 'validation_evidence': 1}"
75,174,30,de:15 & de:20 & im:19 & im:4 & pr:11 & pr:6 & th:11 & th:2 & va:10,"{'theoretical_insight': 2, 'problem_analysis': 2, 'design_rationale': 2}"
76,173,40,de:15 & im:4 & pr:33 & pr:6 & th:11 & va:10,"{'problem_analysis': 2, 'validation_evidence': 1, 'implementation_mechanism': 1}"
77,172,11,de:15 & im:4 & pr:6 & th:11 & va:15,"{'implementation_mechanism': 1, 'theoretical_insight': 1, 'design_rationale': 1}"
78,169,13,de:16 & im:10 & pr:6 & th:12 & va:3,"{'theoretical_insight': 1, 'implementation_mechanism': 1, 'problem_analysis': 1}"
79,166,7,de:6 & im:21 & pr:4 & th:1 & va:28,"{'problem_analysis': 1, 'implementation_mechanism': 1, 'validation_evidence': 1}"
80,165,12,de:37 & im:3 & pr:19 & th:6 & va:1,"{'theoretical_insight': 1, 'problem_analysis': 1, 'validation_evidence': 1}"
81,164,2,de:15 & im:4 & pr:13 & th:4 & va:12,"{'validation_evidence': 1, 'implementation_mechanism': 1, 'design_rationale': 1}"
82,162,5,de:6 & im:21 & pr:30 & th:1 & va:18,"{'implementation_mechanism': 1, 'problem_analysis': 1, 'theoretical_insight': 1}"
83,162,5,de:6 & im:31 & pr:30 & th:5 & va:0,"{'theoretical_insight': 1, 'problem_analysis': 1, 'design_rationale': 1}"
84,160,18,de:14 & im:25 & pr:14 & th:26 & va:20,"{'implementation_mechanism': 1, 'problem_analysis': 1, 'design_rationale': 1}"
85,159,15,de:17 & im:7 & pr:11 & pr:27 & th:12 & va:9,"{'problem_analysis': 2, 'design_rationale': 1, 'theoretical_insight': 1}"
86,157,10,de:37 & im:1 & pr:12 & pr:18 & th:6 & va:17,"{'problem_analysis': 2, 'theoretical_insight': 1, 'validation_evidence': 1}"
87,157,21,de:37 & im:0 & pr:19 & pr:7 & th:6 & va:1,"{'problem_analysis': 2, 'implementation_mechanism': 1, 'theoretical_insight': 1}"
88,157,9,de:16 & im:1 & pr:31 & th:2 & va:17,"{'validation_evidence': 1, 'theoretical_insight': 1, 'implementation_mechanism': 1}"
89,155,9,de:15 & im:4 & pr:31 & th:12 & va:10,"{'validation_evidence': 1, 'theoretical_insight': 1, 'implementation_mechanism': 1}"
90,153,8,de:37 & im:1 & pr:12 & th:6 & va:17,"{'problem_analysis': 1, 'theoretical_insight': 1, 'validation_evidence': 1}"
91,150,8,pr:12 & th:2,"{'problem_analysis': 1, 'theoretical_insight': 1}"
92,150,8,de:8 & im:3 & pr:16 & th:13 & va:1,"{'validation_evidence': 1, 'theoretical_insight': 1, 'implementation_mechanism': 1}"
93,149,8,de:15 & im:4 & pr:31 & th:2 & va:32,"{'theoretical_insight': 1, 'validation_evidence': 1, 'implementation_mechanism': 1}"
94,148,7,de:8 & im:39 & pr:10 & th:28 & va:1,"{'validation_evidence': 1, 'theoretical_insight': 1, 'implementation_mechanism': 1}"
95,148,6,pr:11 & th:12 & va:9,"{'validation_evidence': 1, 'problem_analysis': 1, 'theoretical_insight': 1}"
96,147,10,de:37 & im:20 & pr:16 & th:8 & va:20,"{'theoretical_insight': 1, 'design_rationale': 1, 'implementation_mechanism': 1}"
97,146,4,de:6 & im:21 & pr:32 & th:1 & va:8,"{'validation_evidence': 1, 'problem_analysis': 1, 'implementation_mechanism': 1}"
98,146,7,de:37 & im:28 & pr:7 & th:6 & va:1,"{'theoretical_insight': 1, 'validation_evidence': 1, 'problem_analysis': 1}"
99,145,13,de:16 & im:4 & pr:31 & th:2 & va:10,"{'theoretical_insight': 1, 'validation_evidence': 1, 'implementation_mechanism': 1}"
100,144,6,de:29 & im:10 & pr:14 & th:8 & va:20,"{'theoretical_insight': 1, 'implementation_mechanism': 1, 'problem_analysis': 1}"
101,142,19,pr:19,{'problem_analysis': 1}
102,139,50,de:15 & im:4 & pr:23 & pr:6 & th:11 & va:10,"{'problem_analysis': 2, 'validation_evidence': 1, 'implementation_mechanism': 1}"
103,138,6,de:15 & im:4 & pr:7 & th:2 & va:2,"{'validation_evidence': 1, 'theoretical_insight': 1, 'problem_analysis': 1}"
104,136,15,de:20 & im:19 & pr:27 & th:12,"{'theoretical_insight': 1, 'design_rationale': 1, 'problem_analysis': 1}"
105,135,13,de:15 & pr:6,"{'design_rationale': 1, 'problem_analysis': 1}"
106,135,3,de:29 & im:12 & pr:0 & th:5 & va:0,"{'implementation_mechanism': 1, 'theoretical_insight': 1, 'design_rationale': 1}"
107,128,12,de:3 & im:16 & pr:23 & th:36 & va:0,"{'implementation_mechanism': 1, 'design_rationale': 1, 'problem_analysis': 1}"
108,128,4,de:15 & im:4 & pr:12 & th:2 & va:10,"{'problem_analysis': 1, 'theoretical_insight': 1, 'validation_evidence': 1}"
109,128,61,de:15 & im:4 & pr:6 & pr:9 & th:11 & va:10,"{'problem_analysis': 2, 'validation_evidence': 1, 'implementation_mechanism': 1}"
110,126,5,de:13 & im:1 & pr:17 & th:0,"{'design_rationale': 1, 'implementation_mechanism': 1, 'theoretical_insight': 1}"
111,126,10,de:28 & im:9 & pr:7 & th:39 & va:0,"{'problem_analysis': 1, 'design_rationale': 1, 'implementation_mechanism': 1}"
112,126,6,de:7 & im:7 & pr:27 & th:12 & va:28,"{'theoretical_insight': 1, 'design_rationale': 1, 'problem_analysis': 1}"
113,125,7,de:9 & im:22 & pr:12 & pr:22 & th:33 & va:33,"{'problem_analysis': 2, 'theoretical_insight': 1, 'design_rationale': 1}"
114,124,8,de:1 & im:1 & pr:13 & pr:36 & th:23 & va:4,"{'problem_analysis': 2, 'validation_evidence': 1, 'implementation_mechanism': 1}"
115,123,9,de:15 & pr:6 & th:11 & va:32,"{'theoretical_insight': 1, 'validation_evidence': 1, 'problem_analysis': 1}"
116,122,12,de:9 & im:35 & pr:6 & th:12 & va:2,"{'validation_evidence': 1, 'theoretical_insight': 1, 'design_rationale': 1}"
117,122,35,de:3 & im:16 & pr:39 & pr:6 & th:36 & va:26,"{'problem_analysis': 2, 'implementation_mechanism': 1, 'design_rationale': 1}"
118,118,7,de:16 & im:19 & pr:27 & th:12 & va:9,"{'theoretical_insight': 1, 'implementation_mechanism': 1, 'problem_analysis': 1}"
119,117,7,de:20 & im:19 & pr:11 & th:1 & va:9,"{'problem_analysis': 1, 'implementation_mechanism': 1, 'design_rationale': 1}"
120,116,2,de:7 & im:4 & pr:6 & th:12 & va:10,"{'validation_evidence': 1, 'theoretical_insight': 1, 'design_rationale': 1}"
121,115,6,de:22 & im:31 & pr:3 & pr:6 & th:4 & va:18,"{'problem_analysis': 2, 'design_rationale': 1, 'theoretical_insight': 1}"
122,114,11,de:37 & im:1 & pr:19 & th:6 & va:17,"{'theoretical_insight': 1, 'validation_evidence': 1, 'problem_analysis': 1}"
123,112,6,de:28 & im:7 & pr:6 & th:9 & va:32,"{'validation_evidence': 1, 'design_rationale': 1, 'implementation_mechanism': 1}"
124,111,10,de:22 & im:23 & pr:13 & th:4 & va:38,"{'design_rationale': 1, 'validation_evidence': 1, 'theoretical_insight': 1}"
125,110,8,de:5 & im:28 & pr:7 & th:6 & va:1,"{'theoretical_insight': 1, 'design_rationale': 1, 'validation_evidence': 1}"
126,110,3,de:3 & im:12 & pr:10 & th:7 & va:0,"{'implementation_mechanism': 1, 'design_rationale': 1, 'theoretical_insight': 1}"
127,107,2,de:9 & im:19 & pr:4 & th:12 & va:30,"{'problem_analysis': 1, 'theoretical_insight': 1, 'implementation_mechanism': 1}"
128,105,30,de:15 & im:4 & pr:31 & pr:6 & th:11 & va:9,"{'problem_analysis': 2, 'implementation_mechanism': 1, 'theoretical_insight': 1}"
129,104,8,de:14 & im:25 & pr:14 & th:26,"{'design_rationale': 1, 'problem_analysis': 1, 'implementation_mechanism': 1}"
130,102,26,de:34 & im:10 & pr:10 & pr:19 & pr:6 & th:3 & va:4,"{'problem_analysis': 3, 'theoretical_insight': 1, 'validation_evidence': 1}"
131,101,28,de:15 & im:4 & pr:31 & pr:6 & th:9 & va:10,"{'problem_analysis': 2, 'validation_evidence': 1, 'implementation_mechanism': 1}"
132,100,15,pr:23,{'problem_analysis': 1}
133,100,3,im:9 & pr:0 & va:28,"{'implementation_mechanism': 1, 'problem_analysis': 1, 'validation_evidence': 1}"
134,98,9,de:14 & im:20 & pr:9 & th:14 & va:19,"{'problem_analysis': 1, 'validation_evidence': 1, 'design_rationale': 1}"
135,98,9,de:16 & im:10 & pr:27 & th:12,"{'design_rationale': 1, 'theoretical_insight': 1, 'implementation_mechanism': 1}"
136,98,5,de:8 & im:12 & pr:10 & pr:12 & th:7 & va:4,"{'problem_analysis': 2, 'implementation_mechanism': 1, 'validation_evidence': 1}"
137,95,21,de:13 & im:1 & pr:6 & pr:7 & th:37 & va:17,"{'problem_analysis': 2, 'design_rationale': 1, 'validation_evidence': 1}"
138,93,3,de:22 & im:31 & pr:32 & th:4 & va:23,"{'problem_analysis': 1, 'design_rationale': 1, 'theoretical_insight': 1}"
139,93,8,de:17 & im:20 & pr:12 & th:12 & th:2 & va:3,"{'theoretical_insight': 2, 'design_rationale': 1, 'problem_analysis': 1}"
140,93,46,de:15 & im:4 & pr:12 & pr:6 & th:11 & va:10,"{'problem_analysis': 2, 'validation_evidence': 1, 'implementation_mechanism': 1}"
141,92,7,de:3 & im:16 & pr:39 & th:36 & va:7,"{'implementation_mechanism': 1, 'validation_evidence': 1, 'design_rationale': 1}"
142,92,8,de:20 & im:7 & pr:11 & th:1,"{'problem_analysis': 1, 'design_rationale': 1, 'implementation_mechanism': 1}"
143,90,5,de:3 & im:16 & pr:7 & th:36 & va:0,"{'implementation_mechanism': 1, 'problem_analysis': 1, 'design_rationale': 1}"
144,90,11,de:16 & im:4 & pr:6 & th:19 & va:32,"{'validation_evidence': 1, 'theoretical_insight': 1, 'implementation_mechanism': 1}"
145,89,9,de:29 & im:10 & pr:39 & th:36 & va:0,"{'implementation_mechanism': 1, 'design_rationale': 1, 'problem_analysis': 1}"
146,89,13,pr:12,{'problem_analysis': 1}
147,86,15,de:15 & im:4 & pr:6 & th:0,"{'design_rationale': 1, 'problem_analysis': 1, 'theoretical_insight': 1}"
148,85,6,de:13 & im:1 & th:0 & va:15,"{'design_rationale': 1, 'implementation_mechanism': 1, 'theoretical_insight': 1}"
149,85,12,de:37 & im:1 & pr:7 & th:6 & va:17,"{'theoretical_insight': 1, 'validation_evidence': 1, 'problem_analysis': 1}"
150,84,2,de:15 & im:4 & pr:12 & th:2 & va:9,"{'problem_analysis': 1, 'theoretical_insight': 1, 'implementation_mechanism': 1}"
151,83,12,de:20 & im:19 & pr:27 & th:12 & va:9,"{'theoretical_insight': 1, 'design_rationale': 1, 'implementation_mechanism': 1}"
152,83,6,de:16 & pr:19 & th:31,"{'design_rationale': 1, 'theoretical_insight': 1, 'problem_analysis': 1}"
153,83,33,de:15 & im:4 & pr:27 & pr:6 & th:11 & th:12 & th:2 & va:10,"{'theoretical_insight': 3, 'problem_analysis': 2, 'validation_evidence': 1}"
154,82,35,de:12 & im:20 & pr:6 & pr:9 & th:1 & va:12,"{'problem_analysis': 2, 'validation_evidence': 1, 'theoretical_insight': 1}"
155,81,8,de:37 & im:1 & pr:7 & th:37 & va:1,"{'validation_evidence': 1, 'problem_analysis': 1, 'design_rationale': 1}"
156,80,8,de:37 & im:1 & pr:7 & th:37 & va:39,"{'problem_analysis': 1, 'design_rationale': 1, 'implementation_mechanism': 1}"
157,79,9,de:6 & im:7 & pr:19 & pr:8 & th:34 & va:12,"{'problem_analysis': 2, 'validation_evidence': 1, 'theoretical_insight': 1}"
158,78,5,de:16 & im:19 & pr:31 & va:17,"{'design_rationale': 1, 'implementation_mechanism': 1, 'validation_evidence': 1}"
159,78,5,de:20 & im:7 & pr:32 & th:12,"{'theoretical_insight': 1, 'design_rationale': 1, 'implementation_mechanism': 1}"
160,78,2,de:37 & im:1 & pr:18 & th:6 & va:17,"{'theoretical_insight': 1, 'validation_evidence': 1, 'design_rationale': 1}"
161,77,35,de:20 & im:19 & pr:11 & pr:6 & th:12 & va:9,"{'problem_analysis': 2, 'implementation_mechanism': 1, 'design_rationale': 1}"
162,77,5,de:22 & im:9 & pr:13 & th:4 & va:15,"{'design_rationale': 1, 'theoretical_insight': 1, 'validation_evidence': 1}"
163,76,6,de:7 & im:7 & pr:39 & th:5 & va:0,"{'design_rationale': 1, 'theoretical_insight': 1, 'implementation_mechanism': 1}"
164,75,3,de:16 & im:4 & pr:4 & th:12 & va:12,"{'problem_analysis': 1, 'validation_evidence': 1, 'theoretical_insight': 1}"
165,74,4,de:5 & im:1 & pr:12 & th:6 & va:1,"{'problem_analysis': 1, 'theoretical_insight': 1, 'design_rationale': 1}"
166,74,5,de:18 & im:6 & pr:12 & pr:38 & th:36 & va:1,"{'problem_analysis': 2, 'validation_evidence': 1, 'design_rationale': 1}"
167,74,14,pr:16,{'problem_analysis': 1}
168,73,3,de:7 & im:14 & pr:4 & th:1 & va:28,"{'problem_analysis': 1, 'design_rationale': 1, 'validation_evidence': 1}"
169,71,7,de:13 & im:1 & pr:33 & th:6 & va:17,"{'design_rationale': 1, 'theoretical_insight': 1, 'validation_evidence': 1}"
170,70,24,de:37 & im:1 & pr:12 & pr:6 & th:6 & va:39,"{'problem_analysis': 2, 'theoretical_insight': 1, 'design_rationale': 1}"
171,70,19,de:15 & im:4 & pr:19 & pr:6 & th:11 & va:9,"{'problem_analysis': 2, 'implementation_mechanism': 1, 'theoretical_insight': 1}"
172,70,26,de:15 & im:4 & pr:4 & pr:6 & th:11 & va:10,"{'problem_analysis': 2, 'validation_evidence': 1, 'implementation_mechanism': 1}"
173,69,15,de:16 & im:1 & pr:9 & th:14 & va:37,"{'problem_analysis': 1, 'implementation_mechanism': 1, 'validation_evidence': 1}"
174,69,4,de:38 & im:7 & pr:5 & th:12 & va:0,"{'problem_analysis': 1, 'theoretical_insight': 1, 'design_rationale': 1}"
175,69,42,de:15 & im:4 & pr:6 & pr:7 & th:11 & va:10,"{'problem_analysis': 2, 'validation_evidence': 1, 'implementation_mechanism': 1}"
176,67,10,de:16 & im:4 & pr:27 & pr:31 & pr:7 & th:12,"{'problem_analysis': 3, 'theoretical_insight': 1, 'implementation_mechanism': 1}"
177,66,29,de:37 & im:1 & pr:12 & pr:6 & th:6 & va:1,"{'problem_analysis': 2, 'theoretical_insight': 1, 'validation_evidence': 1}"
178,64,21,de:16 & im:1 & pr:12 & pr:6 & th:31 & va:39,"{'problem_analysis': 2, 'implementation_mechanism': 1, 'design_rationale': 1}"
179,64,20,de:15 & im:4 & pr:31 & pr:6 & th:2 & va:10,"{'problem_analysis': 2, 'theoretical_insight': 1, 'validation_evidence': 1}"
180,64,21,de:11 & im:9 & pr:33 & pr:6 & th:35 & va:15,"{'problem_analysis': 2, 'design_rationale': 1, 'implementation_mechanism': 1}"
181,63,5,de:20 & im:20 & pr:9 & th:12 & va:9,"{'theoretical_insight': 1, 'problem_analysis': 1, 'design_rationale': 1}"
182,63,5,de:15 & im:7 & pr:6 & th:11 & va:9,"{'theoretical_insight': 1, 'design_rationale': 1, 'validation_evidence': 1}"
183,63,7,de:37 & im:1 & pr:13 & pr:9 & th:6 & va:17,"{'problem_analysis': 2, 'theoretical_insight': 1, 'validation_evidence': 1}"
184,62,16,de:37 & im:1 & pr:19 & pr:6 & th:6 & va:1,"{'problem_analysis': 2, 'theoretical_insight': 1, 'validation_evidence': 1}"
185,62,23,de:20 & im:19 & pr:35 & pr:6 & th:12 & va:2,"{'problem_analysis': 2, 'validation_evidence': 1, 'theoretical_insight': 1}"
186,62,7,de:1 & im:9 & pr:13 & pr:36 & th:6 & va:4,"{'problem_analysis': 2, 'theoretical_insight': 1, 'validation_evidence': 1}"
187,60,21,im:31 & pr:13 & pr:6 & th:4,"{'problem_analysis': 2, 'theoretical_insight': 1, 'implementation_mechanism': 1}"
188,60,7,de:0 & im:30 & pr:18 & th:23 & va:4,"{'validation_evidence': 1, 'implementation_mechanism': 1, 'problem_analysis': 1}"
189,60,13,de:15 & im:4 & pr:11 & pr:6 & th:11 & va:9,"{'problem_analysis': 2, 'implementation_mechanism': 1, 'theoretical_insight': 1}"
190,58,19,de:25 & im:34 & pr:32 & pr:6 & th:21 & va:30,"{'problem_analysis': 2, 'implementation_mechanism': 1, 'theoretical_insight': 1}"
191,58,4,de:38 & im:10 & pr:7 & th:12 & va:0,"{'problem_analysis': 1, 'theoretical_insight': 1, 'implementation_mechanism': 1}"
192,58,5,de:7 & im:31 & pr:13 & th:4 & va:7,"{'design_rationale': 1, 'validation_evidence': 1, 'theoretical_insight': 1}"
193,58,5,de:7 & im:4 & pr:13 & th:4 & va:10,"{'validation_evidence': 1, 'design_rationale': 1, 'implementation_mechanism': 1}"
194,57,7,de:22 & im:26 & pr:13 & th:4 & va:7,"{'design_rationale': 1, 'validation_evidence': 1, 'theoretical_insight': 1}"
195,56,6,de:15 & de:28 & im:4 & im:7 & pr:6 & th:9 & va:32,"{'design_rationale': 2, 'implementation_mechanism': 2, 'validation_evidence': 1}"
196,56,2,de:9 & im:35 & pr:11 & th:2 & va:9,"{'theoretical_insight': 1, 'problem_analysis': 1, 'design_rationale': 1}"
197,56,5,de:3 & im:16 & pr:38 & th:12 & va:26,"{'implementation_mechanism': 1, 'problem_analysis': 1, 'theoretical_insight': 1}"
198,56,6,de:0 & im:3 & pr:19 & th:7 & va:23,"{'problem_analysis': 1, 'validation_evidence': 1, 'theoretical_insight': 1}"
199,56,18,de:15 & im:4 & pr:27 & pr:6 & th:11 & va:9,"{'problem_analysis': 2, 'implementation_mechanism': 1, 'theoretical_insight': 1}"
200,55,4,de:16 & im:35 & pr:12 & th:2 & va:2,"{'problem_analysis': 1, 'validation_evidence': 1, 'theoretical_insight': 1}"
201,54,4,de:8 & im:16 & pr:0 & th:7 & va:34,"{'implementation_mechanism': 1, 'validation_evidence': 1, 'theoretical_insight': 1}"
202,54,1,pr:4 & va:28,"{'problem_analysis': 1, 'validation_evidence': 1}"
203,53,5,de:37 & im:28 & pr:20 & th:38,"{'design_rationale': 1, 'implementation_mechanism': 1, 'theoretical_insight': 1}"
204,52,26,de:37 & im:1 & pr:19 & pr:6 & th:6 & va:39,"{'problem_analysis': 2, 'theoretical_insight': 1, 'design_rationale': 1}"
205,52,37,de:3 & im:16 & pr:39 & pr:6 & th:36 & va:0,"{'problem_analysis': 2, 'implementation_mechanism': 1, 'design_rationale': 1}"
206,52,7,de:13 & im:1 & pr:19 & th:0 & va:15,"{'design_rationale': 1, 'theoretical_insight': 1, 'problem_analysis': 1}"
207,52,30,de:15 & de:3 & de:37 & im:1 & im:16 & im:4 & pr:12 & pr:30 & pr:6 & th:11 & th:36 & th:6 & va:10 & va:15,"{'implementation_mechanism': 3, 'theoretical_insight': 3, 'problem_analysis': 3}"
208,51,15,de:29 & im:7 & pr:19 & th:37 & va:12,"{'problem_analysis': 1, 'validation_evidence': 1, 'implementation_mechanism': 1}"
209,50,5,de:11 & im:1 & pr:18 & th:2 & va:37,"{'design_rationale': 1, 'theoretical_insight': 1, 'implementation_mechanism': 1}"
210,50,22,de:15 & im:4 & pr:19 & pr:6 & th:11 & va:32,"{'problem_analysis': 2, 'validation_evidence': 1, 'implementation_mechanism': 1}"
211,49,8,pr:19 & va:20,"{'validation_evidence': 1, 'problem_analysis': 1}"
212,48,30,pr:19 & pr:6,{'problem_analysis': 2}
213,48,16,de:7 & im:10 & pr:19 & pr:6 & th:37 & va:37,"{'problem_analysis': 2, 'design_rationale': 1, 'implementation_mechanism': 1}"
214,48,20,de:15 & im:4 & pr:11 & pr:14 & pr:6 & th:11 & va:10,"{'problem_analysis': 3, 'validation_evidence': 1, 'implementation_mechanism': 1}"
215,47,27,de:3 & im:16 & pr:19 & pr:39 & th:36 & va:26,"{'problem_analysis': 2, 'implementation_mechanism': 1, 'design_rationale': 1}"
216,47,10,de:15 & im:4 & pr:33 & pr:6 & th:11 & va:9,"{'problem_analysis': 2, 'implementation_mechanism': 1, 'theoretical_insight': 1}"
217,45,2,de:11 & im:1 & im:26 & pr:12 & va:17,"{'implementation_mechanism': 2, 'problem_analysis': 1, 'validation_evidence': 1}"
218,44,1,de:16 & im:4 & pr:18 & th:2 & va:10,"{'theoretical_insight': 1, 'validation_evidence': 1, 'implementation_mechanism': 1}"
219,44,17,pr:16 & pr:19,{'problem_analysis': 2}
220,43,33,de:3 & im:8 & pr:39 & pr:6 & pr:7 & th:36 & va:0,"{'problem_analysis': 3, 'implementation_mechanism': 1, 'design_rationale': 1}"
221,43,3,de:22 & im:31 & pr:3 & th:4 & va:7,"{'design_rationale': 1, 'validation_evidence': 1, 'theoretical_insight': 1}"
222,43,5,de:9 & im:35 & pr:11 & th:12 & va:9,"{'problem_analysis': 1, 'theoretical_insight': 1, 'design_rationale': 1}"
223,42,31,de:20 & im:4 & pr:11 & pr:6 & th:12,"{'problem_analysis': 2, 'design_rationale': 1, 'theoretical_insight': 1}"
224,42,3,de:16 & im:4 & pr:7 & th:37 & va:2,"{'validation_evidence': 1, 'problem_analysis': 1, 'implementation_mechanism': 1}"
225,42,12,de:13 & im:1 & pr:11 & pr:7 & th:37 & va:17,"{'problem_analysis': 2, 'design_rationale': 1, 'validation_evidence': 1}"
226,41,33,de:14 & im:20 & pr:19 & pr:6 & pr:9 & th:14 & th:26 & va:19,"{'problem_analysis': 3, 'theoretical_insight': 2, 'validation_evidence': 1}"
227,40,26,de:16 & im:4 & pr:6,"{'design_rationale': 1, 'problem_analysis': 1, 'implementation_mechanism': 1}"
228,40,7,de:14 & im:25 & pr:19 & th:26 & va:20,"{'implementation_mechanism': 1, 'problem_analysis': 1, 'design_rationale': 1}"
229,39,9,de:8 & im:1 & pr:12 & pr:19 & th:9 & va:1,"{'problem_analysis': 2, 'validation_evidence': 1, 'implementation_mechanism': 1}"
230,39,30,pr:23 & pr:6,{'problem_analysis': 2}
231,39,28,de:15 & im:4 & pr:31 & pr:6,"{'problem_analysis': 2, 'design_rationale': 1, 'implementation_mechanism': 1}"
232,39,27,de:16 & im:31 & pr:12 & pr:6 & th:4,"{'problem_analysis': 2, 'theoretical_insight': 1, 'design_rationale': 1}"
233,39,28,de:37 & im:8 & pr:19 & pr:6 & th:28 & va:1,"{'problem_analysis': 2, 'implementation_mechanism': 1, 'validation_evidence': 1}"
234,39,6,de:28 & im:7 & pr:12 & th:12 & va:17 & va:28,"{'validation_evidence': 2, 'problem_analysis': 1, 'theoretical_insight': 1}"
235,38,6,de:28 & im:7 & pr:19 & th:1 & va:28,"{'problem_analysis': 1, 'design_rationale': 1, 'validation_evidence': 1}"
236,38,1,pr:6 & th:2,"{'theoretical_insight': 1, 'problem_analysis': 1}"
237,38,2,de:11 & im:22 & pr:18 & pr:31 & th:2 & va:17,"{'problem_analysis': 2, 'design_rationale': 1, 'theoretical_insight': 1}"
238,37,28,de:25 & im:34 & pr:4 & pr:6 & th:21 & va:27,"{'problem_analysis': 2, 'implementation_mechanism': 1, 'theoretical_insight': 1}"
239,36,25,de:15 & im:4 & pr:13 & pr:6 & th:4 & va:12,"{'problem_analysis': 2, 'validation_evidence': 1, 'implementation_mechanism': 1}"
240,36,24,de:37 & im:28 & pr:6 & pr:7 & th:2 & va:1,"{'problem_analysis': 2, 'theoretical_insight': 1, 'validation_evidence': 1}"
241,36,25,de:15 & im:4 & pr:31 & pr:6 & th:9 & va:32,"{'problem_analysis': 2, 'validation_evidence': 1, 'implementation_mechanism': 1}"
242,36,27,de:29 & im:10 & pr:19 & pr:6 & th:5 & va:1,"{'problem_analysis': 2, 'validation_evidence': 1, 'implementation_mechanism': 1}"
243,36,23,de:17 & im:7 & pr:11 & pr:27 & pr:6 & th:12 & va:9,"{'problem_analysis': 3, 'design_rationale': 1, 'theoretical_insight': 1}"
244,36,4,de:16 & im:1 & pr:21 & th:31 & va:39,"{'implementation_mechanism': 1, 'design_rationale': 1, 'validation_evidence': 1}"
245,36,3,de:11 & im:22 & pr:31 & th:2 & va:17,"{'validation_evidence': 1, 'design_rationale': 1, 'theoretical_insight': 1}"
246,36,15,de:34 & im:10 & pr:10 & pr:19 & pr:27 & th:3 & va:4,"{'problem_analysis': 3, 'theoretical_insight': 1, 'validation_evidence': 1}"
247,36,7,de:3 & im:33 & pr:16 & pr:19 & pr:2 & th:34 & va:26,"{'problem_analysis': 3, 'implementation_mechanism': 1, 'theoretical_insight': 1}"
248,36,19,de:15 & im:4 & pr:31 & pr:6 & th:11 & va:32,"{'problem_analysis': 2, 'validation_evidence': 1, 'implementation_mechanism': 1}"
249,35,24,de:16 & pr:12 & pr:6 & th:2 & va:2,"{'problem_analysis': 2, 'validation_evidence': 1, 'theoretical_insight': 1}"
250,35,22,de:37 & im:1 & pr:12 & pr:6 & th:6 & va:15,"{'problem_analysis': 2, 'theoretical_insight': 1, 'design_rationale': 1}"
251,35,25,de:15 & im:4 & pr:31 & pr:6 & th:12 & va:10,"{'problem_analysis': 2, 'validation_evidence': 1, 'theoretical_insight': 1}"
252,35,23,de:8 & im:39 & pr:10 & pr:6 & th:28 & va:1,"{'problem_analysis': 2, 'validation_evidence': 1, 'theoretical_insight': 1}"
253,35,24,de:11 & im:1 & pr:10 & pr:31 & pr:6 & th:27 & va:22,"{'problem_analysis': 3, 'design_rationale': 1, 'implementation_mechanism': 1}"
254,35,26,de:37 & im:1 & pr:12 & pr:6 & pr:7 & th:6 & va:1,"{'problem_analysis': 3, 'theoretical_insight': 1, 'validation_evidence': 1}"
255,35,4,de:15 & im:19 & pr:35 & th:12 & va:30,"{'theoretical_insight': 1, 'implementation_mechanism': 1, 'problem_analysis': 1}"
256,35,20,de:15 & im:4 & pr:27 & pr:6 & th:11 & va:32,"{'problem_analysis': 2, 'validation_evidence': 1, 'implementation_mechanism': 1}"
257,35,13,de:15 & im:4 & pr:12 & pr:6 & th:11 & va:9,"{'problem_analysis': 2, 'implementation_mechanism': 1, 'theoretical_insight': 1}"
258,34,22,de:15 & im:4 & pr:31 & pr:6 & th:9 & va:31,"{'problem_analysis': 2, 'implementation_mechanism': 1, 'design_rationale': 1}"
259,34,22,de:29 & im:9 & pr:33 & pr:6 & th:9 & va:38,"{'problem_analysis': 2, 'validation_evidence': 1, 'design_rationale': 1}"
260,34,21,de:8 & im:3 & pr:16 & pr:6 & th:13 & va:1,"{'problem_analysis': 2, 'validation_evidence': 1, 'theoretical_insight': 1}"
261,34,4,de:9 & im:4 & pr:6 & th:11 & va:9,"{'design_rationale': 1, 'implementation_mechanism': 1, 'theoretical_insight': 1}"
262,34,1,de:17 & im:20 & pr:27 & va:17,"{'design_rationale': 1, 'implementation_mechanism': 1, 'validation_evidence': 1}"
263,34,2,de:16 & pr:12,"{'design_rationale': 1, 'problem_analysis': 1}"
264,34,17,de:12 & im:20 & pr:19 & pr:9 & th:1 & va:12,"{'problem_analysis': 2, 'validation_evidence': 1, 'theoretical_insight': 1}"
265,34,9,de:3 & im:3 & pr:16 & th:28 & va:1,"{'validation_evidence': 1, 'design_rationale': 1, 'theoretical_insight': 1}"
266,34,20,de:15 & de:20 & de:9 & im:4 & pr:27 & pr:3 & pr:6 & th:1 & th:11 & va:10,"{'design_rationale': 3, 'problem_analysis': 3, 'theoretical_insight': 2}"
267,33,24,de:29 & im:10 & pr:5 & pr:6 & th:8 & va:12,"{'problem_analysis': 2, 'theoretical_insight': 1, 'validation_evidence': 1}"
268,33,27,de:29 & im:16 & pr:39 & pr:6 & th:36 & va:26,"{'problem_analysis': 2, 'implementation_mechanism': 1, 'validation_evidence': 1}"
269,33,22,de:37 & im:28 & pr:6 & pr:7 & th:6 & va:1,"{'problem_analysis': 2, 'theoretical_insight': 1, 'validation_evidence': 1}"
270,33,24,de:37 & im:1 & pr:12 & pr:6 & th:6 & va:37,"{'problem_analysis': 2, 'theoretical_insight': 1, 'design_rationale': 1}"
271,33,14,de:15 & im:4 & pr:23 & pr:6 & th:11 & va:9,"{'problem_analysis': 2, 'implementation_mechanism': 1, 'theoretical_insight': 1}"
272,33,4,de:9 & im:4 & pr:6 & th:12 & va:9,"{'theoretical_insight': 1, 'design_rationale': 1, 'implementation_mechanism': 1}"
273,33,7,de:8 & im:1 & pr:19 & th:9 & va:1,"{'problem_analysis': 1, 'validation_evidence': 1, 'implementation_mechanism': 1}"
274,33,6,de:15 & im:4 & pr:31 & pr:39 & th:11 & va:9,"{'problem_analysis': 2, 'implementation_mechanism': 1, 'theoretical_insight': 1}"
275,33,17,de:23 & im:27 & pr:22 & th:18 & va:22,"{'problem_analysis': 1, 'validation_evidence': 1, 'design_rationale': 1}"
276,33,20,de:15 & im:4 & pr:11 & pr:6 & th:11 & va:32,"{'problem_analysis': 2, 'validation_evidence': 1, 'implementation_mechanism': 1}"
277,32,17,de:16 & im:10 & pr:27 & pr:6 & th:12,"{'problem_analysis': 2, 'theoretical_insight': 1, 'implementation_mechanism': 1}"
278,32,23,de:6 & im:21 & pr:32 & pr:6 & th:1 & va:8,"{'problem_analysis': 2, 'validation_evidence': 1, 'implementation_mechanism': 1}"
279,32,20,de:15 & im:4 & pr:31 & pr:6 & th:2 & va:32,"{'problem_analysis': 2, 'theoretical_insight': 1, 'validation_evidence': 1}"
280,32,21,de:29 & im:10 & pr:14 & pr:6 & th:8 & va:20,"{'problem_analysis': 2, 'theoretical_insight': 1, 'implementation_mechanism': 1}"
281,32,23,de:25 & im:34 & pr:31 & pr:32 & pr:6,"{'problem_analysis': 3, 'implementation_mechanism': 1, 'design_rationale': 1}"
282,32,24,de:22 & im:31 & pr:13 & pr:6 & th:4 & va:7,"{'problem_analysis': 2, 'design_rationale': 1, 'validation_evidence': 1}"
283,32,6,im:31 & pr:13 & pr:39 & th:4,"{'problem_analysis': 2, 'theoretical_insight': 1, 'implementation_mechanism': 1}"
284,32,6,de:16 & im:1 & pr:12 & pr:39 & th:31 & va:39,"{'problem_analysis': 2, 'implementation_mechanism': 1, 'design_rationale': 1}"
285,32,5,de:7 & im:10 & pr:39 & pr:7 & th:37 & va:37,"{'problem_analysis': 2, 'implementation_mechanism': 1, 'design_rationale': 1}"
286,32,5,de:28 & im:7 & pr:39 & pr:6 & th:9 & va:32,"{'problem_analysis': 2, 'design_rationale': 1, 'validation_evidence': 1}"
287,32,17,de:15 & im:4 & pr:12 & pr:6 & th:11 & va:32,"{'problem_analysis': 2, 'validation_evidence': 1, 'implementation_mechanism': 1}"
288,31,21,de:20 & de:28 & im:19 & pr:12 & pr:24 & pr:6 & va:30,"{'problem_analysis': 3, 'design_rationale': 2, 'implementation_mechanism': 1}"
289,31,2,de:13 & im:7 & pr:26 & va:30,"{'design_rationale': 1, 'problem_analysis': 1, 'implementation_mechanism': 1}"
290,31,12,de:15 & im:4 & pr:6 & pr:9 & th:11 & va:9,"{'problem_analysis': 2, 'implementation_mechanism': 1, 'theoretical_insight': 1}"
291,31,35,de:15 & im:4 & pr:12 & pr:31 & pr:6 & th:11 & va:10,"{'problem_analysis': 3, 'validation_evidence': 1, 'implementation_mechanism': 1}"
292,30,20,im:4 & pr:31 & pr:6 & th:9 & va:10,"{'problem_analysis': 2, 'validation_evidence': 1, 'implementation_mechanism': 1}"
293,30,20,de:7 & im:7 & pr:27 & pr:6 & th:12 & va:28,"{'problem_analysis': 2, 'theoretical_insight': 1, 'design_rationale': 1}"
294,30,20,de:3 & im:12 & pr:10 & pr:6 & th:7 & va:0,"{'problem_analysis': 2, 'implementation_mechanism': 1, 'design_rationale': 1}"
295,30,21,de:14 & im:25 & pr:6 & pr:9 & th:26 & va:20,"{'problem_analysis': 2, 'implementation_mechanism': 1, 'design_rationale': 1}"
296,30,7,de:33 & im:5 & pr:16 & th:26 & va:20,"{'implementation_mechanism': 1, 'validation_evidence': 1, 'theoretical_insight': 1}"
297,30,3,de:10 & im:11 & pr:2 & th:13 & va:34,"{'design_rationale': 1, 'validation_evidence': 1, 'theoretical_insight': 1}"
298,30,12,de:15 & im:4 & pr:33 & pr:6 & th:11 & va:32,"{'problem_analysis': 2, 'validation_evidence': 1, 'implementation_mechanism': 1}"
299,30,6,de:32 & de:37 & im:0 & im:1 & pr:19 & th:7 & va:17,"{'implementation_mechanism': 2, 'design_rationale': 2, 'validation_evidence': 1}"
300,30,31,de:15 & im:4 & pr:6 & pr:9 & th:11 & th:14 & va:10,"{'problem_analysis': 2, 'theoretical_insight': 2, 'validation_evidence': 1}"
301,29,21,de:6 & im:21 & pr:30 & pr:6 & th:1 & va:18,"{'problem_analysis': 2, 'implementation_mechanism': 1, 'theoretical_insight': 1}"
302,29,21,de:6 & im:31 & pr:30 & pr:6 & th:5 & va:0,"{'problem_analysis': 2, 'theoretical_insight': 1, 'design_rationale': 1}"
303,29,21,de:6 & im:21 & pr:4 & pr:6 & th:1 & va:28,"{'problem_analysis': 2, 'implementation_mechanism': 1, 'theoretical_insight': 1}"
304,29,17,de:3 & im:16 & pr:23 & pr:6 & th:36 & va:0,"{'problem_analysis': 2, 'implementation_mechanism': 1, 'design_rationale': 1}"
305,29,20,de:13 & im:1 & pr:6 & pr:7 & th:37 & va:39,"{'problem_analysis': 2, 'design_rationale': 1, 'implementation_mechanism': 1}"
306,29,19,de:25 & im:34 & pr:32 & pr:6 & th:21 & va:17,"{'problem_analysis': 2, 'validation_evidence': 1, 'implementation_mechanism': 1}"
307,29,19,de:15 & im:4 & pr:6 & pr:7 & th:2 & va:2,"{'problem_analysis': 2, 'validation_evidence': 1, 'theoretical_insight': 1}"
308,29,18,de:37 & im:1 & pr:12 & pr:6 & th:6 & va:17,"{'problem_analysis': 2, 'theoretical_insight': 1, 'validation_evidence': 1}"
309,29,21,de:11 & pr:6 & pr:9 & th:14 & th:2 & va:2,"{'theoretical_insight': 2, 'problem_analysis': 2, 'validation_evidence': 1}"
310,29,19,de:14 & im:25 & pr:6 & pr:7 & th:26 & va:20,"{'problem_analysis': 2, 'implementation_mechanism': 1, 'design_rationale': 1}"
311,29,8,de:39 & im:0 & pr:10 & pr:16 & va:1,"{'problem_analysis': 2, 'implementation_mechanism': 1, 'validation_evidence': 1}"
312,29,7,de:14 & im:20 & pr:9 & th:29 & va:19,"{'problem_analysis': 1, 'validation_evidence': 1, 'design_rationale': 1}"
313,29,26,de:15 & im:4 & pr:13 & pr:6 & th:11 & va:10,"{'problem_analysis': 2, 'validation_evidence': 1, 'implementation_mechanism': 1}"
314,29,33,de:15 & de:20 & im:4 & pr:27 & pr:6 & th:11 & th:12 & va:10,"{'theoretical_insight': 2, 'design_rationale': 2, 'problem_analysis': 2}"
315,29,35,de:15 & im:4 & pr:6 & pr:7 & pr:8 & th:11 & th:37 & va:10,"{'problem_analysis': 3, 'theoretical_insight': 2, 'validation_evidence': 1}"
316,28,19,de:3 & im:16 & pr:6 & pr:7 & va:0,"{'problem_analysis': 2, 'implementation_mechanism': 1, 'design_rationale': 1}"
317,28,21,pr:12 & pr:6 & th:2,"{'problem_analysis': 2, 'theoretical_insight': 1}"
318,28,16,de:37 & im:1 & pr:25 & pr:6 & th:37 & va:39,"{'problem_analysis': 2, 'design_rationale': 1, 'implementation_mechanism': 1}"
319,28,1,de:11 & im:38 & pr:6 & th:26 & th:9 & va:2,"{'theoretical_insight': 2, 'validation_evidence': 1, 'design_rationale': 1}"
320,28,8,de:3 & im:33 & pr:2 & th:34 & va:26,"{'implementation_mechanism': 1, 'theoretical_insight': 1, 'validation_evidence': 1}"
321,28,20,de:12 & im:20 & pr:27 & pr:9 & th:1 & va:12,"{'problem_analysis': 2, 'validation_evidence': 1, 'theoretical_insight': 1}"
322,28,29,de:15 & im:4 & pr:16 & pr:6 & th:11 & va:10,"{'problem_analysis': 2, 'validation_evidence': 1, 'implementation_mechanism': 1}"
323,27,15,de:37 & im:3 & pr:19 & pr:6 & th:6 & va:1,"{'problem_analysis': 2, 'theoretical_insight': 1, 'validation_evidence': 1}"
324,27,16,de:37 & im:20 & pr:16 & pr:6 & th:8 & va:20,"{'problem_analysis': 2, 'theoretical_insight': 1, 'design_rationale': 1}"
325,27,16,de:37 & im:0 & pr:19 & pr:6 & pr:7 & th:6 & va:1,"{'problem_analysis': 3, 'implementation_mechanism': 1, 'theoretical_insight': 1}"
326,27,1,im:7 & pr:4 & va:28,"{'implementation_mechanism': 1, 'problem_analysis': 1, 'validation_evidence': 1}"
327,27,1,de:16 & im:38 & pr:12 & th:12 & va:2,"{'problem_analysis': 1, 'validation_evidence': 1, 'theoretical_insight': 1}"
328,27,26,de:15 & de:16 & im:4 & pr:12 & pr:4 & pr:6 & th:11 & th:2 & va:10,"{'problem_analysis': 3, 'theoretical_insight': 2, 'design_rationale': 2}"
329,27,10,de:15 & im:4 & pr:11 & pr:31 & th:9 & va:10,"{'problem_analysis': 2, 'validation_evidence': 1, 'implementation_mechanism': 1}"
330,27,14,de:13 & im:1 & pr:27 & pr:7 & th:37 & va:17,"{'problem_analysis': 2, 'design_rationale': 1, 'validation_evidence': 1}"
331,26,12,de:20 & im:7 & pr:11 & pr:6 & th:1,"{'problem_analysis': 2, 'design_rationale': 1, 'theoretical_insight': 1}"
332,26,15,de:22 & im:23 & pr:13 & pr:6 & th:4 & va:38,"{'problem_analysis': 2, 'design_rationale': 1, 'validation_evidence': 1}"
333,26,17,de:15 & im:4 & pr:23 & pr:6 & th:11 & va:32,"{'problem_analysis': 2, 'validation_evidence': 1, 'implementation_mechanism': 1}"
334,26,2,pr:17,{'problem_analysis': 1}
335,26,2,de:28 & im:9 & pr:18 & th:35 & va:28,"{'design_rationale': 1, 'validation_evidence': 1, 'implementation_mechanism': 1}"
336,26,2,de:37 & im:0 & pr:7 & th:6 & va:1,"{'implementation_mechanism': 1, 'theoretical_insight': 1, 'validation_evidence': 1}"
337,26,7,de:3 & im:16 & pr:2 & th:36 & va:26,"{'implementation_mechanism': 1, 'validation_evidence': 1, 'design_rationale': 1}"
338,26,4,de:12 & im:20 & pr:13 & pr:9 & th:1 & va:12,"{'problem_analysis': 2, 'validation_evidence': 1, 'theoretical_insight': 1}"
339,26,10,de:37 & im:1 & pr:12 & pr:13 & th:6 & va:39,"{'problem_analysis': 2, 'theoretical_insight': 1, 'design_rationale': 1}"
340,26,6,de:20 & im:19 & pr:13 & pr:24 & th:1 & va:30,"{'problem_analysis': 2, 'implementation_mechanism': 1, 'design_rationale': 1}"
341,25,11,de:13 & im:1 & pr:6 & th:0 & va:15,"{'design_rationale': 1, 'theoretical_insight': 1, 'implementation_mechanism': 1}"
342,25,15,de:20 & im:19 & pr:27 & pr:6 & th:12,"{'problem_analysis': 2, 'theoretical_insight': 1, 'design_rationale': 1}"
343,25,12,de:16 & im:4 & pr:31 & pr:6 & th:2 & va:10,"{'problem_analysis': 2, 'theoretical_insight': 1, 'validation_evidence': 1}"
344,25,15,de:22 & im:31 & pr:31 & pr:6 & th:2,"{'problem_analysis': 2, 'theoretical_insight': 1, 'design_rationale': 1}"
345,25,15,de:22 & im:31 & pr:31 & pr:6 & th:2 & va:4,"{'problem_analysis': 2, 'theoretical_insight': 1, 'design_rationale': 1}"
346,25,22,de:3 & im:16 & pr:23 & pr:39 & th:36 & va:0,"{'problem_analysis': 2, 'implementation_mechanism': 1, 'design_rationale': 1}"
347,25,5,de:22 & im:31 & pr:39 & th:4 & va:7,"{'design_rationale': 1, 'validation_evidence': 1, 'theoretical_insight': 1}"
348,25,5,de:21 & im:5 & pr:39 & th:39 & va:0,"{'implementation_mechanism': 1, 'problem_analysis': 1, 'theoretical_insight': 1}"
349,25,15,de:3 & im:16 & pr:27 & pr:39 & th:36 & va:26,"{'problem_analysis': 2, 'implementation_mechanism': 1, 'design_rationale': 1}"
350,25,3,de:38 & de:6 & im:10 & im:3 & pr:31 & pr:32 & pr:4 & va:0 & va:23,"{'problem_analysis': 3, 'design_rationale': 2, 'implementation_mechanism': 2}"
351,25,5,de:30 & im:8 & pr:1 & th:7 & va:1,"{'problem_analysis': 1, 'implementation_mechanism': 1, 'validation_evidence': 1}"
352,24,21,pr:12 & pr:6,{'problem_analysis': 2}
353,24,13,de:3 & im:16 & pr:39 & pr:6 & th:36 & va:7,"{'problem_analysis': 2, 'implementation_mechanism': 1, 'validation_evidence': 1}"
354,24,12,de:14 & im:25 & pr:14 & pr:6 & th:26,"{'problem_analysis': 2, 'implementation_mechanism': 1, 'design_rationale': 1}"
355,24,11,de:6 & im:7 & pr:19 & pr:6 & pr:8 & th:34 & va:12,"{'problem_analysis': 3, 'validation_evidence': 1, 'theoretical_insight': 1}"
356,24,12,de:15 & im:4 & pr:19 & pr:6 & th:1 & va:10,"{'problem_analysis': 2, 'validation_evidence': 1, 'implementation_mechanism': 1}"
357,24,12,de:15 & im:4 & pr:19 & pr:6 & th:11,"{'problem_analysis': 2, 'implementation_mechanism': 1, 'theoretical_insight': 1}"
358,24,12,de:15 & im:4 & pr:19 & pr:27 & pr:6 & th:12 & th:2 & va:10,"{'problem_analysis': 3, 'theoretical_insight': 2, 'validation_evidence': 1}"
359,24,3,pr:19 & th:2 & va:15 & va:9,"{'validation_evidence': 2, 'theoretical_insight': 1, 'problem_analysis': 1}"
360,24,9,de:37 & im:3 & pr:16 & pr:19 & th:28 & va:33,"{'problem_analysis': 2, 'design_rationale': 1, 'theoretical_insight': 1}"
361,24,19,de:3 & im:16 & pr:12 & pr:39 & th:36 & va:0,"{'problem_analysis': 2, 'implementation_mechanism': 1, 'design_rationale': 1}"
362,24,4,de:9 & pr:6 & th:11,"{'theoretical_insight': 1, 'problem_analysis': 1, 'design_rationale': 1}"
363,23,14,de:20 & im:19 & pr:11 & pr:6 & th:1 & va:9,"{'problem_analysis': 2, 'implementation_mechanism': 1, 'design_rationale': 1}"
364,23,8,de:7 & im:7 & pr:39 & pr:6 & th:5 & va:0,"{'problem_analysis': 2, 'design_rationale': 1, 'theoretical_insight': 1}"
365,23,8,de:20 & im:19 & pr:27 & pr:6 & th:12 & va:9,"{'problem_analysis': 2, 'theoretical_insight': 1, 'design_rationale': 1}"
366,23,8,de:29 & im:10 & pr:39 & pr:6 & th:36 & va:0,"{'problem_analysis': 2, 'implementation_mechanism': 1, 'design_rationale': 1}"
367,23,3,de:28 & im:9 & pr:30 & th:35 & va:28,"{'design_rationale': 1, 'problem_analysis': 1, 'validation_evidence': 1}"
368,23,25,de:15 & im:4 & pr:6 & pr:7 & pr:9 & th:11 & th:14 & va:10,"{'problem_analysis': 3, 'theoretical_insight': 2, 'validation_evidence': 1}"
369,23,4,de:1 & im:13 & im:18 & pr:2 & th:34 & va:26,"{'implementation_mechanism': 2, 'theoretical_insight': 1, 'validation_evidence': 1}"
370,23,2,im:1 & pr:7 & th:6 & va:39,"{'problem_analysis': 1, 'theoretical_insight': 1, 'implementation_mechanism': 1}"
371,23,25,de:15 & de:32 & im:0 & im:4 & pr:19 & pr:6 & th:11 & th:7 & va:10,"{'implementation_mechanism': 2, 'problem_analysis': 2, 'design_rationale': 2}"
372,22,13,pr:11 & pr:6 & th:12 & va:9,"{'problem_analysis': 2, 'validation_evidence': 1, 'theoretical_insight': 1}"
373,22,9,de:16 & im:19 & pr:31 & pr:6 & va:17,"{'problem_analysis': 2, 'validation_evidence': 1, 'implementation_mechanism': 1}"
374,22,12,de:13 & im:1 & pr:17 & pr:6 & th:0,"{'problem_analysis': 2, 'design_rationale': 1, 'theoretical_insight': 1}"
375,22,12,de:16 & im:1 & pr:31 & pr:6 & th:2 & va:17,"{'problem_analysis': 2, 'theoretical_insight': 1, 'validation_evidence': 1}"
376,22,14,de:22 & im:31 & pr:32 & pr:6 & th:4 & va:23,"{'problem_analysis': 2, 'design_rationale': 1, 'theoretical_insight': 1}"
377,22,14,de:3 & im:16 & pr:6 & pr:7 & th:36 & va:0,"{'problem_analysis': 2, 'implementation_mechanism': 1, 'design_rationale': 1}"
378,22,14,de:16 & im:4 & pr:4 & pr:6 & th:12 & va:12,"{'problem_analysis': 2, 'validation_evidence': 1, 'theoretical_insight': 1}"
379,22,14,de:14 & im:25 & pr:14 & pr:6 & th:26 & va:20,"{'problem_analysis': 2, 'implementation_mechanism': 1, 'design_rationale': 1}"
380,22,7,de:32 & im:0 & pr:19 & th:7 & va:39,"{'implementation_mechanism': 1, 'problem_analysis': 1, 'design_rationale': 1}"
381,22,4,de:17 & im:19 & pr:4 & th:12 & va:9,"{'design_rationale': 1, 'problem_analysis': 1, 'theoretical_insight': 1}"
382,22,9,de:13 & im:1 & pr:33 & pr:7 & th:37 & va:17,"{'problem_analysis': 2, 'design_rationale': 1, 'validation_evidence': 1}"
383,22,10,de:15 & im:4 & pr:31 & pr:33 & th:9 & va:10,"{'problem_analysis': 2, 'validation_evidence': 1, 'implementation_mechanism': 1}"
384,22,9,de:13 & im:1 & pr:31 & pr:7 & th:37 & va:17,"{'problem_analysis': 2, 'design_rationale': 1, 'validation_evidence': 1}"
385,22,7,de:20 & im:19 & pr:12 & pr:35 & th:12 & va:2,"{'problem_analysis': 2, 'validation_evidence': 1, 'theoretical_insight': 1}"
386,22,3,im:28 & pr:12 & va:3,"{'problem_analysis': 1, 'validation_evidence': 1, 'implementation_mechanism': 1}"
387,22,24,de:11 & de:15 & de:5 & im:28 & im:4 & pr:12 & pr:23 & pr:6 & th:11 & th:25 & va:10,"{'design_rationale': 3, 'problem_analysis': 3, 'theoretical_insight': 2}"
388,22,11,de:15 & im:4 & pr:27 & pr:31 & th:9 & va:10,"{'problem_analysis': 2, 'validation_evidence': 1, 'implementation_mechanism': 1}"
389,22,25,de:15 & de:24 & im:13 & im:4 & pr:13 & pr:33 & pr:6 & th:11 & th:4 & va:10 & va:15,"{'problem_analysis': 3, 'validation_evidence': 2, 'implementation_mechanism': 2}"
390,21,8,de:37 & im:28 & pr:20 & pr:6 & th:38,"{'problem_analysis': 2, 'design_rationale': 1, 'implementation_mechanism': 1}"
391,21,7,de:8 & im:16 & pr:0 & pr:6 & th:7 & va:34,"{'problem_analysis': 2, 'implementation_mechanism': 1, 'validation_evidence': 1}"
392,21,8,de:28 & im:9 & pr:6 & pr:7 & th:39 & va:0,"{'problem_analysis': 2, 'design_rationale': 1, 'implementation_mechanism': 1}"
393,21,8,de:13 & im:1 & pr:33 & pr:6 & th:6 & va:17,"{'problem_analysis': 2, 'design_rationale': 1, 'theoretical_insight': 1}"
394,21,3,pr:39,{'problem_analysis': 1}
395,21,2,de:16 & im:4 & pr:32 & th:12 & va:12,"{'problem_analysis': 1, 'validation_evidence': 1, 'theoretical_insight': 1}"
396,21,11,de:16 & im:1 & pr:12 & pr:19 & th:31 & va:39,"{'problem_analysis': 2, 'implementation_mechanism': 1, 'design_rationale': 1}"
397,21,3,de:8 & im:13 & pr:19 & th:30 & th:6 & va:1,"{'theoretical_insight': 2, 'problem_analysis': 1, 'validation_evidence': 1}"
398,21,2,de:37 & im:28 & pr:19 & th:29 & va:1,"{'problem_analysis': 1, 'validation_evidence': 1, 'design_rationale': 1}"
399,21,9,de:20 & im:19 & pr:11 & pr:39 & th:12 & va:9,"{'problem_analysis': 2, 'implementation_mechanism': 1, 'design_rationale': 1}"
400,21,3,de:17 & im:20 & pr:4 & th:12 & va:9,"{'design_rationale': 1, 'problem_analysis': 1, 'theoretical_insight': 1}"
401,21,24,de:15 & im:4 & pr:6 & pr:9 & th:11 & va:32,"{'problem_analysis': 2, 'validation_evidence': 1, 'implementation_mechanism': 1}"
402,21,8,de:34 & im:10 & pr:10 & pr:19 & pr:33 & th:3 & va:4,"{'problem_analysis': 3, 'theoretical_insight': 1, 'validation_evidence': 1}"
403,21,17,de:15 & de:20 & im:19 & im:4 & pr:11 & pr:12 & pr:6 & th:11 & th:2 & va:10,"{'problem_analysis': 3, 'theoretical_insight': 2, 'implementation_mechanism': 2}"
404,20,7,de:16 & pr:12 & pr:6,"{'problem_analysis': 2, 'design_rationale': 1}"
405,20,11,de:29 & im:12 & pr:0 & pr:6 & th:5 & va:0,"{'problem_analysis': 2, 'implementation_mechanism': 1, 'theoretical_insight': 1}"
406,20,10,de:13 & im:1 & pr:19 & pr:6 & th:0 & va:15,"{'problem_analysis': 2, 'design_rationale': 1, 'theoretical_insight': 1}"
407,20,6,de:0 & im:30 & pr:18 & pr:6 & th:23 & va:4,"{'problem_analysis': 2, 'validation_evidence': 1, 'implementation_mechanism': 1}"
408,20,6,de:3 & im:16 & pr:38 & pr:6 & th:12 & va:26,"{'problem_analysis': 2, 'implementation_mechanism': 1, 'theoretical_insight': 1}"
409,20,18,de:14 & im:20 & pr:6 & pr:9 & th:14 & va:19,"{'problem_analysis': 2, 'validation_evidence': 1, 'design_rationale': 1}"
410,20,12,de:15 & im:4 & pr:27 & pr:31 & pr:6 & th:12 & th:2 & va:10,"{'problem_analysis': 3, 'theoretical_insight': 2, 'validation_evidence': 1}"
411,20,4,de:37 & im:1 & pr:19 & th:37 & va:39,"{'problem_analysis': 1, 'design_rationale': 1, 'implementation_mechanism': 1}"
412,20,18,pr:27 & pr:6,{'problem_analysis': 2}
413,20,22,de:3 & im:16 & pr:27 & pr:39 & th:36 & va:0,"{'problem_analysis': 2, 'implementation_mechanism': 1, 'design_rationale': 1}"
414,20,6,de:3 & im:16 & pr:2 & th:36 & va:0,"{'implementation_mechanism': 1, 'design_rationale': 1, 'theoretical_insight': 1}"
415,20,5,de:1 & im:8 & pr:16 & pr:20 & th:6 & va:35,"{'problem_analysis': 2, 'implementation_mechanism': 1, 'theoretical_insight': 1}"
416,20,4,de:37 & im:1 & pr:20 & th:6 & va:1,"{'theoretical_insight': 1, 'validation_evidence': 1, 'design_rationale': 1}"
417,20,14,de:12 & im:20 & pr:31 & pr:9 & th:1 & va:12,"{'problem_analysis': 2, 'validation_evidence': 1, 'theoretical_insight': 1}"
418,20,11,de:25 & im:34 & pr:31 & pr:32 & th:21 & va:30,"{'problem_analysis': 2, 'implementation_mechanism': 1, 'theoretical_insight': 1}"
419,20,19,de:3 & im:16 & pr:12 & pr:39 & th:36 & va:26,"{'problem_analysis': 2, 'implementation_mechanism': 1, 'design_rationale': 1}"
420,20,10,de:11 & im:9 & pr:12 & pr:33 & th:35 & va:15,"{'problem_analysis': 2, 'design_rationale': 1, 'validation_evidence': 1}"
421,20,4,de:15 & im:4 & pr:4 & pr:6 & th:11 & va:9,"{'problem_analysis': 2, 'implementation_mechanism': 1, 'theoretical_insight': 1}"
422,19,10,de:9 & im:19 & pr:4 & pr:6 & th:12 & va:30,"{'problem_analysis': 2, 'theoretical_insight': 1, 'implementation_mechanism': 1}"
423,19,14,de:15 & im:4 & pr:6 & pr:7 & th:11 & va:9,"{'problem_analysis': 2, 'implementation_mechanism': 1, 'theoretical_insight': 1}"
424,19,15,de:17 & im:20 & pr:12 & pr:6 & th:12 & th:2 & va:3,"{'problem_analysis': 2, 'theoretical_insight': 2, 'design_rationale': 1}"
425,19,5,de:18 & im:0 & pr:16 & th:19 & va:19,"{'implementation_mechanism': 1, 'validation_evidence': 1, 'theoretical_insight': 1}"
426,19,1,de:3 & im:10 & pr:0 & th:39 & va:0,"{'implementation_mechanism': 1, 'design_rationale': 1, 'problem_analysis': 1}"
427,19,23,de:15 & im:4 & pr:12 & pr:20 & pr:6 & th:11 & th:38 & va:10,"{'problem_analysis': 3, 'theoretical_insight': 2, 'validation_evidence': 1}"
428,19,11,de:15 & im:4 & pr:31 & pr:9 & th:11 & va:9,"{'problem_analysis': 2, 'implementation_mechanism': 1, 'theoretical_insight': 1}"
429,19,4,de:33 & im:5 & pr:16 & th:8 & va:20,"{'theoretical_insight': 1, 'implementation_mechanism': 1, 'validation_evidence': 1}"
430,19,3,de:16 & im:4 & pr:7 & th:6 & va:10,"{'theoretical_insight': 1, 'validation_evidence': 1, 'problem_analysis': 1}"
431,19,18,pr:31 & pr:6,{'problem_analysis': 2}
432,19,1,de:28 & im:10 & pr:17 & th:4 & va:17,"{'validation_evidence': 1, 'implementation_mechanism': 1, 'design_rationale': 1}"
433,18,12,de:9 & im:35 & pr:11 & pr:6 & th:12 & va:9,"{'problem_analysis': 2, 'theoretical_insight': 1, 'design_rationale': 1}"
434,18,5,de:37 & im:1 & pr:19 & pr:6 & th:6 & va:17,"{'problem_analysis': 2, 'theoretical_insight': 1, 'validation_evidence': 1}"
435,18,17,de:12 & im:20 & pr:23 & pr:9 & th:1 & va:12,"{'problem_analysis': 2, 'validation_evidence': 1, 'theoretical_insight': 1}"
436,18,12,de:34 & im:10 & pr:10 & pr:19 & pr:23 & th:3 & va:4,"{'problem_analysis': 3, 'theoretical_insight': 1, 'validation_evidence': 1}"
437,18,16,de:25 & im:34 & pr:19 & pr:4 & th:21 & va:27,"{'problem_analysis': 2, 'implementation_mechanism': 1, 'theoretical_insight': 1}"
438,18,21,de:3 & im:16 & pr:19 & pr:39 & th:36 & va:0,"{'problem_analysis': 2, 'implementation_mechanism': 1, 'design_rationale': 1}"
439,18,8,de:4 & im:10 & pr:16 & pr:19 & th:8 & va:33,"{'problem_analysis': 2, 'design_rationale': 1, 'theoretical_insight': 1}"
440,18,9,de:3 & im:3 & pr:14 & pr:19 & th:34 & va:1,"{'problem_analysis': 2, 'validation_evidence': 1, 'theoretical_insight': 1}"
441,18,6,de:29 & im:29 & pr:0 & th:34 & va:14,"{'theoretical_insight': 1, 'design_rationale': 1, 'validation_evidence': 1}"
442,18,1,de:16 & im:1 & pr:18 & th:0 & va:17,"{'validation_evidence': 1, 'theoretical_insight': 1, 'implementation_mechanism': 1}"
443,18,2,de:16 & im:1 & pr:18 & th:0 & va:15,"{'theoretical_insight': 1, 'implementation_mechanism': 1, 'validation_evidence': 1}"
444,18,6,de:15 & im:4 & pr:31 & pr:33 & th:11 & va:9,"{'problem_analysis': 2, 'implementation_mechanism': 1, 'theoretical_insight': 1}"
445,18,11,de:37 & im:1 & pr:12 & pr:31 & th:6 & va:39,"{'problem_analysis': 2, 'theoretical_insight': 1, 'design_rationale': 1}"
446,18,10,de:11 & im:9 & pr:31 & pr:33 & th:35 & va:15,"{'problem_analysis': 2, 'design_rationale': 1, 'validation_evidence': 1}"
447,18,8,de:34 & im:10 & pr:10 & pr:19 & pr:31 & th:3 & va:4,"{'problem_analysis': 3, 'theoretical_insight': 1, 'validation_evidence': 1}"
448,18,5,de:37 & im:1 & pr:18 & pr:3 & th:6 & va:17,"{'problem_analysis': 2, 'theoretical_insight': 1, 'validation_evidence': 1}"
449,18,5,de:37 & im:1 & pr:18 & pr:19 & th:6 & va:17,"{'problem_analysis': 2, 'theoretical_insight': 1, 'validation_evidence': 1}"
450,18,4,de:28 & im:7 & pr:12 & pr:6 & th:9 & va:32,"{'problem_analysis': 2, 'design_rationale': 1, 'validation_evidence': 1}"
451,18,4,de:1 & im:18 & pr:2 & th:34 & va:26,"{'theoretical_insight': 1, 'validation_evidence': 1, 'implementation_mechanism': 1}"
452,18,20,pr:11 & pr:6,{'problem_analysis': 2}
453,18,11,de:3 & im:16 & pr:39 & pr:4 & th:36 & va:26,"{'problem_analysis': 2, 'implementation_mechanism': 1, 'design_rationale': 1}"
454,18,2,pr:37 & va:37,"{'validation_evidence': 1, 'problem_analysis': 1}"
455,18,21,de:15 & de:22 & im:4 & pr:15 & pr:31 & pr:6 & th:10 & th:11 & th:2 & va:10,"{'theoretical_insight': 3, 'problem_analysis': 3, 'design_rationale': 2}"
456,18,22,de:11 & de:13 & de:15 & im:1 & im:4 & pr:12 & pr:6 & pr:7 & th:11 & th:14 & th:37 & va:10,"{'design_rationale': 3, 'problem_analysis': 3, 'theoretical_insight': 3}"
457,17,4,de:0 & im:3 & pr:12 & pr:19 & th:7 & va:23,"{'problem_analysis': 2, 'theoretical_insight': 1, 'validation_evidence': 1}"
458,17,3,de:38 & im:10 & pr:6 & pr:7 & th:12 & va:0,"{'problem_analysis': 2, 'theoretical_insight': 1, 'implementation_mechanism': 1}"
459,17,4,de:7 & im:31 & pr:13 & pr:6 & th:4 & va:7,"{'problem_analysis': 2, 'design_rationale': 1, 'validation_evidence': 1}"
460,17,4,de:7 & im:4 & pr:13 & pr:6 & th:4 & va:10,"{'problem_analysis': 2, 'validation_evidence': 1, 'design_rationale': 1}"
461,17,12,de:15 & im:4 & pr:23 & pr:31 & th:9 & va:10,"{'problem_analysis': 2, 'validation_evidence': 1, 'implementation_mechanism': 1}"
462,17,3,de:28 & im:19 & pr:4 & th:12 & va:30,"{'problem_analysis': 1, 'theoretical_insight': 1, 'implementation_mechanism': 1}"
463,17,12,de:7 & im:14 & pr:4 & pr:6 & th:1 & va:28,"{'problem_analysis': 2, 'design_rationale': 1, 'theoretical_insight': 1}"
464,17,11,de:37 & im:1 & pr:12 & pr:19 & th:6 & va:39,"{'problem_analysis': 2, 'theoretical_insight': 1, 'design_rationale': 1}"
465,17,6,de:16 & pr:12 & th:31,"{'design_rationale': 1, 'problem_analysis': 1, 'theoretical_insight': 1}"
466,17,4,de:20 & im:19 & pr:11 & pr:4 & th:2 & va:9,"{'problem_analysis': 2, 'theoretical_insight': 1, 'design_rationale': 1}"
467,17,6,de:17 & im:20 & pr:39 & pr:4 & th:12 & va:9,"{'problem_analysis': 2, 'design_rationale': 1, 'theoretical_insight': 1}"
468,17,6,de:17 & im:19 & pr:39 & pr:4 & th:12 & va:9,"{'problem_analysis': 2, 'design_rationale': 1, 'theoretical_insight': 1}"
469,17,10,de:15 & im:4 & pr:12 & pr:31 & th:9 & va:10,"{'problem_analysis': 2, 'validation_evidence': 1, 'implementation_mechanism': 1}"
470,17,7,de:15 & im:4 & pr:12 & pr:31 & th:11 & va:9,"{'problem_analysis': 2, 'implementation_mechanism': 1, 'theoretical_insight': 1}"
471,17,11,de:37 & im:1 & pr:12 & pr:4 & th:6 & va:1,"{'problem_analysis': 2, 'theoretical_insight': 1, 'validation_evidence': 1}"
472,17,1,de:38 & im:9 & pr:23 & th:4 & va:28,"{'design_rationale': 1, 'validation_evidence': 1, 'problem_analysis': 1}"
473,17,24,de:15 & de:20 & im:20 & im:4 & pr:12 & pr:24 & pr:6 & th:1 & th:11 & th:2 & va:10 & va:9,"{'problem_analysis': 3, 'theoretical_insight': 3, 'validation_evidence': 2}"
474,17,20,de:15 & de:20 & de:28 & im:4 & pr:27 & pr:6 & th:1 & th:11 & th:12 & va:10,"{'theoretical_insight': 3, 'design_rationale': 3, 'problem_analysis': 2}"
475,16,9,de:22 & im:31 & pr:9 & th:14 & th:4 & va:7,"{'theoretical_insight': 2, 'design_rationale': 1, 'problem_analysis': 1}"
476,16,7,de:22 & im:9 & pr:13 & pr:6 & th:4 & va:15,"{'problem_analysis': 2, 'design_rationale': 1, 'theoretical_insight': 1}"
477,16,2,de:28 & im:7 & pr:19 & pr:6 & th:1 & va:28,"{'problem_analysis': 2, 'design_rationale': 1, 'theoretical_insight': 1}"
478,16,7,de:15 & im:19 & pr:35 & pr:6 & th:12 & va:30,"{'problem_analysis': 2, 'theoretical_insight': 1, 'implementation_mechanism': 1}"
479,16,11,de:20 & im:7 & pr:32 & pr:6 & th:12,"{'problem_analysis': 2, 'theoretical_insight': 1, 'design_rationale': 1}"
480,16,10,de:13 & im:1 & pr:23 & pr:7 & th:37 & va:17,"{'problem_analysis': 2, 'design_rationale': 1, 'validation_evidence': 1}"
481,16,12,de:15 & im:4 & pr:12 & pr:6 & th:2 & va:9,"{'problem_analysis': 2, 'theoretical_insight': 1, 'implementation_mechanism': 1}"
482,16,7,de:10 & im:26 & pr:28 & th:33 & va:21,"{'design_rationale': 1, 'validation_evidence': 1, 'theoretical_insight': 1}"
483,16,10,de:16 & pr:19 & pr:6 & th:31,"{'problem_analysis': 2, 'design_rationale': 1, 'theoretical_insight': 1}"
484,16,10,de:11 & im:9 & pr:19 & pr:33 & th:35 & va:15,"{'problem_analysis': 2, 'design_rationale': 1, 'validation_evidence': 1}"
485,16,2,de:3 & im:16 & pr:13 & pr:3 & th:15 & va:13,"{'problem_analysis': 2, 'implementation_mechanism': 1, 'validation_evidence': 1}"
486,16,2,de:10 & im:24 & pr:13 & pr:28 & th:10 & va:36,"{'problem_analysis': 2, 'design_rationale': 1, 'theoretical_insight': 1}"
487,16,2,de:6 & im:11 & pr:13 & pr:5 & th:1 & va:4,"{'problem_analysis': 2, 'validation_evidence': 1, 'implementation_mechanism': 1}"
488,16,6,im:31 & pr:13 & pr:19 & th:4,"{'problem_analysis': 2, 'theoretical_insight': 1, 'implementation_mechanism': 1}"
489,16,14,de:20 & im:19 & pr:11 & pr:19 & th:12 & va:9,"{'problem_analysis': 2, 'implementation_mechanism': 1, 'design_rationale': 1}"
490,16,7,de:1 & im:1 & pr:13 & pr:19 & pr:36 & th:23 & va:4,"{'problem_analysis': 3, 'theoretical_insight': 1, 'validation_evidence': 1}"
491,16,3,de:3 & im:21 & pr:0 & th:13 & va:8,"{'validation_evidence': 1, 'implementation_mechanism': 1, 'theoretical_insight': 1}"
492,16,3,de:3 & im:21 & pr:0 & th:19 & va:8,"{'validation_evidence': 1, 'implementation_mechanism': 1, 'theoretical_insight': 1}"
493,16,5,pr:23 & pr:39,{'problem_analysis': 2}
494,16,5,de:15 & im:4 & pr:39 & pr:6 & th:11 & va:10,"{'problem_analysis': 2, 'validation_evidence': 1, 'implementation_mechanism': 1}"
495,16,5,de:29 & im:9 & pr:33 & pr:39 & th:9 & va:38,"{'problem_analysis': 2, 'validation_evidence': 1, 'design_rationale': 1}"
496,16,5,de:37 & im:1 & pr:12 & pr:39 & th:6 & va:1,"{'problem_analysis': 2, 'theoretical_insight': 1, 'validation_evidence': 1}"
497,16,5,de:20 & im:7 & pr:39 & pr:6 & th:12 & va:0,"{'problem_analysis': 2, 'theoretical_insight': 1, 'design_rationale': 1}"
498,16,6,de:22 & im:31 & pr:13 & pr:39 & th:4 & va:7,"{'problem_analysis': 2, 'design_rationale': 1, 'validation_evidence': 1}"
499,16,5,de:8 & im:3 & pr:16 & pr:39 & th:13 & va:1,"{'problem_analysis': 2, 'validation_evidence': 1, 'theoretical_insight': 1}"
500,16,6,de:15 & im:4 & pr:39 & pr:6 & th:11 & va:9,"{'problem_analysis': 2, 'implementation_mechanism': 1, 'theoretical_insight': 1}"
501,16,6,de:20 & im:19 & pr:11 & pr:39 & pr:4 & th:2 & va:9,"{'problem_analysis': 3, 'theoretical_insight': 1, 'design_rationale': 1}"
502,16,6,de:6 & im:7 & pr:19 & pr:39 & pr:8 & th:34 & va:12,"{'problem_analysis': 3, 'validation_evidence': 1, 'theoretical_insight': 1}"
503,16,6,de:17 & im:7 & pr:11 & pr:27 & pr:39 & th:12 & va:9,"{'problem_analysis': 3, 'design_rationale': 1, 'theoretical_insight': 1}"
504,16,5,de:15 & de:28 & im:4 & im:7 & pr:39 & pr:6 & th:9 & va:32,"{'design_rationale': 2, 'implementation_mechanism': 2, 'problem_analysis': 2}"
505,16,6,de:29 & de:3 & im:11 & im:29 & pr:0 & th:10 & th:34 & va:8,"{'theoretical_insight': 2, 'implementation_mechanism': 2, 'design_rationale': 2}"
506,16,4,de:15 & im:4 & pr:12 & th:2 & va:32,"{'problem_analysis': 1, 'theoretical_insight': 1, 'validation_evidence': 1}"
507,16,10,de:1 & de:15 & im:4 & pr:13 & pr:18 & pr:36 & pr:6 & th:11 & th:23 & th:6 & va:10,"{'problem_analysis': 4, 'theoretical_insight': 3, 'design_rationale': 2}"
508,16,12,de:15 & im:4 & pr:31 & pr:9 & th:9 & va:10,"{'problem_analysis': 2, 'validation_evidence': 1, 'implementation_mechanism': 1}"
509,16,2,de:24 & im:2 & pr:13 & th:13 & va:7,"{'implementation_mechanism': 1, 'design_rationale': 1, 'theoretical_insight': 1}"
510,16,6,de:14 & im:20 & pr:9 & th:14 & th:26 & va:19,"{'theoretical_insight': 2, 'problem_analysis': 1, 'validation_evidence': 1}"
511,16,2,de:6 & im:11 & pr:5 & th:1 & va:4,"{'problem_analysis': 1, 'validation_evidence': 1, 'implementation_mechanism': 1}"
512,16,9,de:20 & im:19 & pr:11 & pr:33 & th:12 & va:9,"{'problem_analysis': 2, 'implementation_mechanism': 1, 'design_rationale': 1}"
513,16,13,de:37 & im:1 & pr:12 & pr:31 & th:6 & va:1,"{'problem_analysis': 2, 'theoretical_insight': 1, 'validation_evidence': 1}"
514,16,10,de:15 & im:4 & pr:31 & pr:6 & th:1 & va:10,"{'problem_analysis': 2, 'validation_evidence': 1, 'implementation_mechanism': 1}"
515,16,3,de:6 & im:19 & pr:11 & th:12 & va:9,"{'problem_analysis': 1, 'implementation_mechanism': 1, 'theoretical_insight': 1}"
516,16,20,de:15 & de:25 & im:34 & im:4 & pr:32 & pr:6 & th:11 & th:21 & th:33 & va:10,"{'theoretical_insight': 3, 'problem_analysis': 2, 'implementation_mechanism': 2}"
517,16,11,de:15 & im:4 & pr:12 & pr:19 & pr:6 & th:11 & va:10,"{'problem_analysis': 3, 'validation_evidence': 1, 'implementation_mechanism': 1}"
518,16,8,de:15 & im:4 & pr:4 & pr:6 & th:11 & va:32,"{'problem_analysis': 2, 'validation_evidence': 1, 'implementation_mechanism': 1}"
519,16,18,de:15 & de:17 & im:4 & pr:4 & pr:6 & th:11 & th:12 & th:4 & va:10,"{'theoretical_insight': 3, 'design_rationale': 2, 'problem_analysis': 2}"
520,16,11,de:12 & im:20 & pr:11 & pr:9 & th:1 & va:12,"{'problem_analysis': 2, 'validation_evidence': 1, 'theoretical_insight': 1}"
521,16,20,de:15 & de:25 & im:34 & im:4 & pr:32 & pr:4 & pr:6 & th:11 & th:21 & th:33 & va:10,"{'problem_analysis': 3, 'theoretical_insight': 3, 'implementation_mechanism': 2}"
522,16,21,de:15 & de:28 & im:4 & pr:12 & pr:4 & pr:6 & th:11 & va:10,"{'problem_analysis': 3, 'design_rationale': 2, 'validation_evidence': 1}"
523,16,21,de:15 & de:28 & im:4 & pr:12 & pr:24 & pr:6 & th:11 & va:10,"{'problem_analysis': 3, 'design_rationale': 2, 'validation_evidence': 1}"
524,16,19,de:15 & im:4 & pr:25 & pr:6 & th:11 & va:10,"{'problem_analysis': 2, 'validation_evidence': 1, 'implementation_mechanism': 1}"
525,16,10,de:15 & de:20 & im:19 & im:4 & pr:35 & pr:6 & pr:7 & th:11 & th:12 & va:10,"{'problem_analysis': 3, 'theoretical_insight': 2, 'design_rationale': 2}"
526,15,3,de:25 & im:34 & pr:32 & th:33 & va:33,"{'problem_analysis': 1, 'implementation_mechanism': 1, 'theoretical_insight': 1}"
527,15,8,de:15 & im:4 & pr:23 & pr:31 & th:11 & va:9,"{'problem_analysis': 2, 'implementation_mechanism': 1, 'theoretical_insight': 1}"
528,15,11,de:8 & im:12 & pr:10 & pr:12 & pr:6 & th:7 & va:4,"{'problem_analysis': 3, 'implementation_mechanism': 1, 'validation_evidence': 1}"
529,15,9,de:16 & im:35 & pr:12 & pr:6 & th:2 & va:2,"{'problem_analysis': 2, 'validation_evidence': 1, 'theoretical_insight': 1}"
530,15,10,de:16 & im:4 & pr:27 & pr:31 & pr:6 & pr:7 & th:12,"{'problem_analysis': 4, 'theoretical_insight': 1, 'implementation_mechanism': 1}"
531,15,19,de:15 & im:4 & pr:19 & pr:6 & pr:7 & th:11 & va:10,"{'problem_analysis': 3, 'validation_evidence': 1, 'implementation_mechanism': 1}"
532,15,13,de:20 & im:7 & pr:19 & pr:6 & th:12 & va:0,"{'problem_analysis': 2, 'theoretical_insight': 1, 'design_rationale': 1}"
533,15,3,de:9 & im:4 & pr:6 & th:12 & va:10,"{'validation_evidence': 1, 'theoretical_insight': 1, 'design_rationale': 1}"
534,15,16,de:15 & im:10 & pr:19 & pr:6 & th:11 & va:10,"{'problem_analysis': 2, 'validation_evidence': 1, 'implementation_mechanism': 1}"
535,15,5,de:3 & im:33 & pr:19 & pr:2 & th:34 & va:26,"{'problem_analysis': 2, 'implementation_mechanism': 1, 'theoretical_insight': 1}"
536,15,7,de:3 & im:33 & pr:0 & pr:19 & th:34 & va:26,"{'problem_analysis': 2, 'implementation_mechanism': 1, 'theoretical_insight': 1}"
537,15,3,de:11 & im:1 & pr:7 & th:25 & va:12,"{'design_rationale': 1, 'problem_analysis': 1, 'theoretical_insight': 1}"
538,15,8,de:34 & im:10 & pr:10 & pr:19 & pr:9 & th:3 & va:4,"{'problem_analysis': 3, 'theoretical_insight': 1, 'validation_evidence': 1}"
539,15,2,de:8 & im:1 & pr:10 & th:6 & va:10,"{'theoretical_insight': 1, 'validation_evidence': 1, 'implementation_mechanism': 1}"
540,15,3,de:15 & im:4 & pr:4 & pr:7 & th:12 & th:2 & va:9,"{'problem_analysis': 2, 'theoretical_insight': 2, 'implementation_mechanism': 1}"
541,15,1,de:10 & im:24 & pr:28 & th:10 & va:36,"{'design_rationale': 1, 'problem_analysis': 1, 'theoretical_insight': 1}"
542,15,12,de:15 & im:4 & pr:31 & pr:6 & th:11,"{'problem_analysis': 2, 'implementation_mechanism': 1, 'theoretical_insight': 1}"
543,15,1,de:16 & de:20 & pr:11 & pr:12 & th:12 & th:2 & va:30,"{'problem_analysis': 2, 'theoretical_insight': 2, 'design_rationale': 2}"
544,15,4,de:7 & im:7 & pr:11 & th:12 & va:9,"{'problem_analysis': 1, 'design_rationale': 1, 'theoretical_insight': 1}"
545,15,4,de:16 & im:1 & pr:21 & pr:9 & th:14 & va:37,"{'problem_analysis': 2, 'implementation_mechanism': 1, 'validation_evidence': 1}"
546,15,7,de:34 & im:10 & pr:10 & pr:11 & pr:19 & th:3 & va:4,"{'problem_analysis': 3, 'theoretical_insight': 1, 'implementation_mechanism': 1}"
547,15,8,de:20 & de:3 & im:16 & pr:11 & pr:39 & pr:4 & pr:5 & th:12 & th:2 & th:36 & va:26,"{'problem_analysis': 4, 'theoretical_insight': 3, 'design_rationale': 2}"
548,15,20,de:15 & de:5 & im:4 & pr:12 & pr:19 & pr:6 & pr:9 & th:11 & th:29 & va:10,"{'problem_analysis': 4, 'design_rationale': 2, 'theoretical_insight': 2}"
549,15,4,de:15 & de:20 & im:19 & im:4 & pr:11 & pr:6 & th:11 & th:2 & va:9,"{'theoretical_insight': 2, 'problem_analysis': 2, 'design_rationale': 2}"
550,14,13,de:3 & im:16 & pr:32 & pr:39 & th:36 & va:26,"{'problem_analysis': 2, 'implementation_mechanism': 1, 'design_rationale': 1}"
551,14,13,de:11 & im:9 & pr:23 & pr:33 & th:35 & va:15,"{'problem_analysis': 2, 'design_rationale': 1, 'validation_evidence': 1}"
552,14,8,de:15 & im:4 & pr:19 & pr:31 & th:9 & va:10,"{'problem_analysis': 2, 'validation_evidence': 1, 'implementation_mechanism': 1}"
553,14,9,de:20 & im:19 & pr:19 & pr:35 & th:12 & va:2,"{'problem_analysis': 2, 'validation_evidence': 1, 'theoretical_insight': 1}"
554,14,2,de:9 & im:19 & pr:6 & th:12 & va:10,"{'validation_evidence': 1, 'theoretical_insight': 1, 'implementation_mechanism': 1}"
555,14,3,de:3 & im:1 & im:16 & pr:30 & th:36 & va:1 & va:15,"{'implementation_mechanism': 2, 'validation_evidence': 2, 'problem_analysis': 1}"
556,14,6,de:15 & de:3 & de:37 & im:1 & im:16 & im:4 & pr:12 & pr:30 & pr:6 & th:11 & th:36 & th:6 & va:15 & va:9,"{'implementation_mechanism': 3, 'theoretical_insight': 3, 'problem_analysis': 3}"
557,14,10,de:15 & de:3 & de:37 & im:1 & im:16 & im:4 & pr:12 & pr:30 & pr:6 & th:11 & th:36 & th:6 & va:15 & va:32,"{'implementation_mechanism': 3, 'theoretical_insight': 3, 'problem_analysis': 3}"
558,14,14,de:16 & im:4 & pr:19 & pr:6 & va:9,"{'problem_analysis': 2, 'implementation_mechanism': 1, 'validation_evidence': 1}"
559,14,8,de:16 & pr:9 & th:31,"{'design_rationale': 1, 'problem_analysis': 1, 'theoretical_insight': 1}"
560,14,11,de:12 & im:20 & pr:12 & pr:9 & th:1 & va:12,"{'problem_analysis': 2, 'validation_evidence': 1, 'theoretical_insight': 1}"
561,14,11,de:7 & im:10 & pr:19 & pr:9 & th:37 & va:37,"{'problem_analysis': 2, 'design_rationale': 1, 'implementation_mechanism': 1}"
562,14,8,de:15 & im:4 & pr:27 & pr:6 & th:11,"{'problem_analysis': 2, 'implementation_mechanism': 1, 'theoretical_insight': 1}"
563,14,20,de:15 & im:4 & pr:12 & pr:37 & pr:6 & th:11 & va:10,"{'problem_analysis': 3, 'validation_evidence': 1, 'implementation_mechanism': 1}"
564,14,20,de:15 & im:4 & pr:12 & pr:14 & pr:37 & pr:6 & th:11 & th:30 & va:10,"{'problem_analysis': 4, 'theoretical_insight': 2, 'validation_evidence': 1}"
565,14,20,de:15 & im:4 & pr:12 & pr:20 & pr:37 & pr:6 & th:11 & th:30 & th:6 & va:10,"{'problem_analysis': 4, 'theoretical_insight': 3, 'validation_evidence': 1}"
566,14,3,de:4 & im:10 & pr:19 & th:8 & va:33,"{'design_rationale': 1, 'theoretical_insight': 1, 'problem_analysis': 1}"
567,14,2,de:18 & im:6 & pr:38 & th:36 & va:1,"{'validation_evidence': 1, 'problem_analysis': 1, 'design_rationale': 1}"
568,14,6,de:15 & im:4 & pr:31 & pr:33 & th:2 & va:10,"{'problem_analysis': 2, 'theoretical_insight': 1, 'validation_evidence': 1}"
569,14,9,de:12 & im:20 & pr:33 & pr:9 & th:1 & va:12,"{'problem_analysis': 2, 'validation_evidence': 1, 'theoretical_insight': 1}"
570,14,8,de:25 & im:34 & pr:32 & pr:33 & th:21 & va:30,"{'problem_analysis': 2, 'implementation_mechanism': 1, 'theoretical_insight': 1}"
571,14,8,de:20 & im:19 & pr:33 & pr:35 & th:12 & va:2,"{'problem_analysis': 2, 'validation_evidence': 1, 'theoretical_insight': 1}"
572,14,7,de:3 & im:16 & pr:33 & pr:39 & th:36 & va:26,"{'problem_analysis': 2, 'implementation_mechanism': 1, 'design_rationale': 1}"
573,14,7,de:7 & im:10 & pr:19 & pr:33 & th:37 & va:37,"{'problem_analysis': 2, 'design_rationale': 1, 'implementation_mechanism': 1}"
574,14,8,de:15 & im:4 & pr:33 & pr:6 & th:11,"{'problem_analysis': 2, 'implementation_mechanism': 1, 'theoretical_insight': 1}"
575,14,8,de:15 & im:4 & pr:27 & pr:33 & pr:6 & th:12 & th:2 & va:10,"{'problem_analysis': 3, 'theoretical_insight': 2, 'validation_evidence': 1}"
576,14,10,de:20 & im:19 & pr:11 & pr:31 & th:12 & va:9,"{'problem_analysis': 2, 'implementation_mechanism': 1, 'design_rationale': 1}"
577,14,8,de:20 & im:19 & pr:31 & pr:35 & th:12 & va:2,"{'problem_analysis': 2, 'validation_evidence': 1, 'theoretical_insight': 1}"
578,14,5,de:22 & im:31 & pr:23 & th:37 & va:7,"{'design_rationale': 1, 'validation_evidence': 1, 'problem_analysis': 1}"
579,14,7,de:15 & im:4 & pr:12 & pr:13 & th:4 & va:12,"{'problem_analysis': 2, 'validation_evidence': 1, 'implementation_mechanism': 1}"
580,14,9,de:23 & im:38 & pr:12 & pr:6 & th:12 & va:2,"{'problem_analysis': 2, 'validation_evidence': 1, 'theoretical_insight': 1}"
581,14,6,de:15 & im:4 & pr:12 & pr:31 & th:2 & va:10,"{'problem_analysis': 2, 'theoretical_insight': 1, 'validation_evidence': 1}"
582,14,4,de:9 & im:4 & pr:12 & pr:6 & th:12 & va:9,"{'problem_analysis': 2, 'theoretical_insight': 1, 'design_rationale': 1}"
583,14,6,de:20 & im:19 & pr:11 & th:2 & va:9,"{'theoretical_insight': 1, 'problem_analysis': 1, 'design_rationale': 1}"
584,14,19,de:37 & im:1 & pr:12 & pr:7 & pr:9 & th:6 & va:1,"{'problem_analysis': 3, 'theoretical_insight': 1, 'validation_evidence': 1}"
585,14,8,de:11 & im:9 & pr:11 & pr:33 & th:35 & va:15,"{'problem_analysis': 2, 'design_rationale': 1, 'validation_evidence': 1}"
586,14,9,de:11 & im:9 & pr:27 & pr:33 & th:35 & va:15,"{'problem_analysis': 2, 'design_rationale': 1, 'validation_evidence': 1}"
587,13,17,de:15 & de:22 & im:31 & im:4 & pr:13 & pr:6 & th:11 & th:4 & va:10 & va:7,"{'validation_evidence': 2, 'design_rationale': 2, 'implementation_mechanism': 2}"
588,13,12,de:22 & im:31 & pr:13 & pr:19 & th:4 & va:7,"{'problem_analysis': 2, 'design_rationale': 1, 'validation_evidence': 1}"
589,13,11,de:29 & im:9 & pr:19 & pr:33 & th:9 & va:38,"{'problem_analysis': 2, 'validation_evidence': 1, 'design_rationale': 1}"
590,13,11,de:8 & im:3 & pr:16 & pr:19 & th:13 & va:1,"{'problem_analysis': 2, 'validation_evidence': 1, 'theoretical_insight': 1}"
591,13,12,de:22 & im:31 & pr:19 & pr:3 & pr:6 & th:4 & va:18,"{'problem_analysis': 3, 'design_rationale': 1, 'theoretical_insight': 1}"
592,13,12,de:17 & im:7 & pr:11 & pr:19 & pr:27 & th:12 & va:9,"{'problem_analysis': 3, 'design_rationale': 1, 'theoretical_insight': 1}"
593,13,10,de:3 & im:8 & pr:19 & pr:39 & pr:7 & th:36 & va:0,"{'problem_analysis': 3, 'implementation_mechanism': 1, 'design_rationale': 1}"
594,13,11,de:39 & im:0 & pr:10 & pr:16 & pr:19 & va:1,"{'problem_analysis': 3, 'implementation_mechanism': 1, 'validation_evidence': 1}"
595,13,11,de:18 & im:0 & pr:16 & pr:19 & th:19 & va:19,"{'problem_analysis': 2, 'implementation_mechanism': 1, 'validation_evidence': 1}"
596,13,11,de:15 & im:4 & pr:18 & pr:6 & th:11 & va:10,"{'problem_analysis': 2, 'validation_evidence': 1, 'implementation_mechanism': 1}"
597,13,4,de:9 & im:7 & pr:4 & th:12 & va:9,"{'problem_analysis': 1, 'theoretical_insight': 1, 'design_rationale': 1}"
598,13,6,de:28 & im:7 & pr:4 & pr:5 & th:1 & va:28,"{'problem_analysis': 2, 'design_rationale': 1, 'theoretical_insight': 1}"
599,13,12,de:25 & im:34 & pr:27 & pr:4 & th:21 & va:27,"{'problem_analysis': 2, 'implementation_mechanism': 1, 'theoretical_insight': 1}"
600,13,8,de:22 & im:23 & pr:13 & pr:16 & th:4 & va:38,"{'problem_analysis': 2, 'design_rationale': 1, 'validation_evidence': 1}"
601,13,4,de:18 & im:0 & pr:19 & pr:7 & th:7 & va:35,"{'problem_analysis': 2, 'implementation_mechanism': 1, 'design_rationale': 1}"
602,13,9,de:37 & im:1 & pr:19 & pr:7 & th:6 & va:1,"{'problem_analysis': 2, 'theoretical_insight': 1, 'validation_evidence': 1}"
603,13,9,de:37 & im:1 & pr:12 & pr:13 & pr:20 & th:6 & va:1,"{'problem_analysis': 3, 'theoretical_insight': 1, 'validation_evidence': 1}"
604,13,4,de:13 & im:1 & pr:13 & pr:17 & th:0,"{'problem_analysis': 2, 'design_rationale': 1, 'theoretical_insight': 1}"
605,13,5,de:20 & im:20 & pr:13 & pr:24 & th:1 & va:30,"{'problem_analysis': 2, 'design_rationale': 1, 'theoretical_insight': 1}"
606,13,12,de:37 & im:1 & pr:12 & pr:13 & th:6 & va:1,"{'problem_analysis': 2, 'theoretical_insight': 1, 'validation_evidence': 1}"
607,13,2,de:37 & im:28 & pr:18 & th:6 & va:1,"{'theoretical_insight': 1, 'validation_evidence': 1, 'design_rationale': 1}"
608,13,10,de:29 & im:16 & pr:12 & pr:39 & th:36 & va:26,"{'problem_analysis': 2, 'implementation_mechanism': 1, 'validation_evidence': 1}"
609,13,2,de:1 & im:13 & im:18 & pr:0 & th:34 & va:26,"{'implementation_mechanism': 2, 'theoretical_insight': 1, 'validation_evidence': 1}"
610,13,7,de:31 & im:24 & pr:1 & th:13 & va:36,"{'problem_analysis': 1, 'theoretical_insight': 1, 'design_rationale': 1}"
611,13,5,de:13 & im:1 & pr:4 & pr:7 & th:37 & va:17,"{'problem_analysis': 2, 'design_rationale': 1, 'validation_evidence': 1}"
612,13,15,pr:27,{'problem_analysis': 1}
613,12,2,de:23 & im:26 & pr:24 & pr:26 & th:33 & va:38,"{'problem_analysis': 2, 'theoretical_insight': 1, 'validation_evidence': 1}"
614,12,14,de:37 & im:1 & pr:12 & pr:20 & pr:6 & th:6 & va:1,"{'problem_analysis': 3, 'theoretical_insight': 1, 'validation_evidence': 1}"
615,12,14,de:15 & im:4 & pr:6 & pr:7 & th:11 & va:32,"{'problem_analysis': 2, 'validation_evidence': 1, 'implementation_mechanism': 1}"
616,12,10,de:15 & im:4 & pr:19 & pr:31 & th:9 & va:31,"{'problem_analysis': 2, 'implementation_mechanism': 1, 'design_rationale': 1}"
617,12,11,de:20 & im:4 & pr:11 & pr:19 & th:12,"{'problem_analysis': 2, 'design_rationale': 1, 'theoretical_insight': 1}"
618,12,16,de:29 & im:16 & pr:19 & pr:39 & th:36 & va:26,"{'problem_analysis': 2, 'implementation_mechanism': 1, 'validation_evidence': 1}"
619,12,15,de:37 & im:1 & pr:12 & pr:19 & pr:7 & th:6 & va:1,"{'problem_analysis': 3, 'theoretical_insight': 1, 'validation_evidence': 1}"
620,12,9,de:14 & im:25 & pr:14 & pr:19 & th:26,"{'problem_analysis': 2, 'implementation_mechanism': 1, 'design_rationale': 1}"
621,12,10,de:14 & im:25 & pr:14 & pr:19 & th:26 & va:20,"{'problem_analysis': 2, 'implementation_mechanism': 1, 'design_rationale': 1}"
622,12,10,de:16 & im:19 & pr:27 & pr:6 & th:12 & va:9,"{'problem_analysis': 2, 'theoretical_insight': 1, 'implementation_mechanism': 1}"
623,12,12,de:37 & im:1 & pr:12 & pr:18 & pr:6 & th:6 & va:17,"{'problem_analysis': 3, 'theoretical_insight': 1, 'validation_evidence': 1}"
624,12,7,de:16 & im:1 & pr:9 & th:31 & va:39,"{'problem_analysis': 1, 'implementation_mechanism': 1, 'design_rationale': 1}"
625,12,6,de:15 & im:4 & pr:27 & pr:6 & th:11 & th:12 & th:2 & va:9,"{'theoretical_insight': 3, 'problem_analysis': 2, 'implementation_mechanism': 1}"
626,12,1,de:7 & im:10 & pr:7 & th:37 & va:37,"{'problem_analysis': 1, 'design_rationale': 1, 'implementation_mechanism': 1}"
627,12,5,de:14 & de:3 & im:16 & im:25 & pr:14 & pr:39 & th:26 & th:36 & va:20 & va:26,"{'implementation_mechanism': 2, 'problem_analysis': 2, 'design_rationale': 2}"
628,12,3,de:10 & im:11 & pr:16 & pr:2 & th:13 & va:34,"{'problem_analysis': 2, 'design_rationale': 1, 'validation_evidence': 1}"
629,12,13,de:3 & im:16 & pr:23 & pr:39 & th:36 & va:26,"{'problem_analysis': 2, 'implementation_mechanism': 1, 'design_rationale': 1}"
630,12,4,de:20 & im:19 & pr:17 & pr:4 & th:1 & va:9,"{'problem_analysis': 2, 'implementation_mechanism': 1, 'design_rationale': 1}"
631,12,10,de:11 & im:9 & pr:33 & pr:9 & th:35 & va:15,"{'problem_analysis': 2, 'design_rationale': 1, 'validation_evidence': 1}"
632,12,10,de:15 & im:4 & pr:31 & pr:6 & pr:9 & th:11 & va:10,"{'problem_analysis': 3, 'validation_evidence': 1, 'implementation_mechanism': 1}"
633,12,7,im:31 & pr:13 & pr:27 & th:4,"{'problem_analysis': 2, 'theoretical_insight': 1, 'implementation_mechanism': 1}"
634,12,7,de:16 & im:1 & pr:12 & pr:27 & th:31 & va:39,"{'problem_analysis': 2, 'implementation_mechanism': 1, 'design_rationale': 1}"
635,12,13,de:37 & im:8 & pr:19 & pr:27 & th:28 & va:1,"{'problem_analysis': 2, 'implementation_mechanism': 1, 'validation_evidence': 1}"
636,12,15,de:29 & im:16 & pr:27 & pr:39 & th:36 & va:26,"{'problem_analysis': 2, 'implementation_mechanism': 1, 'validation_evidence': 1}"
637,12,17,de:15 & im:7 & pr:27 & pr:6 & th:12 & va:10,"{'problem_analysis': 2, 'validation_evidence': 1, 'theoretical_insight': 1}"
638,12,1,de:29 & im:10 & pr:39 & th:36 & va:26,"{'implementation_mechanism': 1, 'validation_evidence': 1, 'design_rationale': 1}"
639,12,3,de:3 & im:3 & pr:14 & pr:16 & th:34 & va:1,"{'problem_analysis': 2, 'validation_evidence': 1, 'theoretical_insight': 1}"
640,12,4,pr:16 & pr:19 & th:33 & va:17,"{'problem_analysis': 2, 'validation_evidence': 1, 'theoretical_insight': 1}"
641,12,3,de:3 & im:33 & pr:0 & pr:16 & th:34 & va:26,"{'problem_analysis': 2, 'implementation_mechanism': 1, 'theoretical_insight': 1}"
642,12,7,de:37 & im:0 & pr:16 & pr:19 & pr:7 & th:6 & va:1,"{'problem_analysis': 3, 'implementation_mechanism': 1, 'theoretical_insight': 1}"
643,12,5,de:6 & im:21 & pr:16 & pr:19 & th:33 & va:37,"{'problem_analysis': 2, 'theoretical_insight': 1, 'implementation_mechanism': 1}"
644,12,9,de:37 & im:3 & pr:16 & pr:19 & th:28 & va:35,"{'problem_analysis': 2, 'design_rationale': 1, 'validation_evidence': 1}"
645,12,2,de:3 & im:16 & pr:3 & th:15 & va:13,"{'implementation_mechanism': 1, 'validation_evidence': 1, 'design_rationale': 1}"
646,12,10,pr:33,{'problem_analysis': 1}
647,12,6,de:16 & im:1 & pr:12 & pr:33 & th:31 & va:39,"{'problem_analysis': 2, 'implementation_mechanism': 1, 'design_rationale': 1}"
648,12,8,de:37 & im:1 & pr:12 & pr:33 & th:6 & va:39,"{'problem_analysis': 2, 'theoretical_insight': 1, 'design_rationale': 1}"
649,12,6,de:15 & im:4 & pr:31 & pr:33 & pr:6 & th:11 & va:10,"{'problem_analysis': 3, 'validation_evidence': 1, 'implementation_mechanism': 1}"
650,12,6,de:15 & im:4 & pr:33 & pr:6 & th:1 & va:10,"{'problem_analysis': 2, 'validation_evidence': 1, 'implementation_mechanism': 1}"
651,12,8,de:16 & im:1 & pr:12 & pr:31 & th:31 & va:39,"{'problem_analysis': 2, 'implementation_mechanism': 1, 'design_rationale': 1}"
652,12,7,de:3 & im:16 & pr:31 & pr:39 & th:36 & va:26,"{'problem_analysis': 2, 'implementation_mechanism': 1, 'design_rationale': 1}"
653,12,7,de:7 & im:10 & pr:19 & pr:31 & th:37 & va:37,"{'problem_analysis': 2, 'design_rationale': 1, 'implementation_mechanism': 1}"
654,12,14,de:37 & im:1 & pr:12 & pr:31 & pr:7 & th:6 & va:1,"{'problem_analysis': 3, 'theoretical_insight': 1, 'validation_evidence': 1}"
655,12,6,de:9 & im:22 & pr:19 & pr:22 & th:33 & va:33,"{'problem_analysis': 2, 'theoretical_insight': 1, 'design_rationale': 1}"
656,12,5,de:34 & im:10 & pr:10 & pr:19 & pr:36 & th:3 & va:4,"{'problem_analysis': 3, 'theoretical_insight': 1, 'validation_evidence': 1}"
657,12,8,de:37 & im:1 & pr:12 & pr:13 & th:6 & va:15,"{'problem_analysis': 2, 'theoretical_insight': 1, 'design_rationale': 1}"
658,12,5,de:20 & im:19 & pr:12 & pr:27 & th:12,"{'problem_analysis': 2, 'theoretical_insight': 1, 'implementation_mechanism': 1}"
659,12,3,de:37 & im:1 & pr:18 & pr:23 & pr:39 & th:6 & va:17 & va:38,"{'problem_analysis': 3, 'validation_evidence': 2, 'theoretical_insight': 1}"
660,12,1,de:9 & im:22 & pr:22 & th:33 & va:33,"{'theoretical_insight': 1, 'problem_analysis': 1, 'design_rationale': 1}"
661,12,8,de:15 & im:4 & pr:12 & pr:31 & th:12 & va:10,"{'problem_analysis': 2, 'validation_evidence': 1, 'theoretical_insight': 1}"
662,12,7,de:3 & im:16 & pr:39 & pr:7 & th:36 & th:37 & va:26,"{'problem_analysis': 2, 'theoretical_insight': 2, 'implementation_mechanism': 1}"
663,12,4,de:38 & de:6 & im:10 & im:3 & pr:21 & pr:32 & pr:4 & th:31 & va:0 & va:23,"{'problem_analysis': 3, 'design_rationale': 2, 'implementation_mechanism': 2}"
664,12,10,de:3 & im:16 & pr:11 & pr:39 & th:36 & va:26,"{'problem_analysis': 2, 'implementation_mechanism': 1, 'design_rationale': 1}"
665,12,5,de:15 & im:4 & pr:31 & pr:4 & th:9 & va:10,"{'problem_analysis': 2, 'validation_evidence': 1, 'implementation_mechanism': 1}"
666,12,6,de:37 & im:1 & pr:12 & pr:4 & th:6 & va:39,"{'problem_analysis': 2, 'theoretical_insight': 1, 'design_rationale': 1}"
667,12,5,de:34 & im:10 & pr:10 & pr:19 & pr:4 & th:3 & va:4,"{'problem_analysis': 3, 'theoretical_insight': 1, 'validation_evidence': 1}"
668,12,7,de:16 & im:1 & pr:11 & pr:12 & th:31 & va:39,"{'problem_analysis': 2, 'implementation_mechanism': 1, 'design_rationale': 1}"
669,12,7,de:25 & im:34 & pr:11 & pr:32 & th:21 & va:30,"{'problem_analysis': 2, 'implementation_mechanism': 1, 'theoretical_insight': 1}"
670,12,4,de:13 & im:1 & pr:11 & pr:14 & pr:6 & pr:7 & th:37 & va:17,"{'problem_analysis': 4, 'design_rationale': 1, 'validation_evidence': 1}"
671,12,2,de:15 & im:4 & pr:11 & pr:14 & pr:6 & th:11 & va:9,"{'problem_analysis': 3, 'implementation_mechanism': 1, 'theoretical_insight': 1}"
672,12,6,de:15 & im:4 & pr:27 & pr:31 & th:11 & va:9,"{'problem_analysis': 2, 'implementation_mechanism': 1, 'theoretical_insight': 1}"
673,12,5,de:30 & im:8 & pr:1 & th:13 & va:1,"{'problem_analysis': 1, 'implementation_mechanism': 1, 'validation_evidence': 1}"
674,11,7,de:37 & im:1 & pr:6 & pr:7 & th:6 & va:17,"{'problem_analysis': 2, 'theoretical_insight': 1, 'validation_evidence': 1}"
675,11,6,de:5 & im:1 & pr:12 & pr:6 & th:6 & va:1,"{'problem_analysis': 2, 'theoretical_insight': 1, 'design_rationale': 1}"
676,11,11,de:37 & im:1 & pr:12 & pr:23 & th:6 & va:1,"{'problem_analysis': 2, 'theoretical_insight': 1, 'validation_evidence': 1}"
677,11,9,im:9 & pr:0 & pr:6 & va:28,"{'problem_analysis': 2, 'implementation_mechanism': 1, 'validation_evidence': 1}"
678,11,9,de:15 & im:4 & pr:19 & pr:31,"{'problem_analysis': 2, 'design_rationale': 1, 'implementation_mechanism': 1}"
679,11,9,de:13 & im:1 & pr:19 & pr:7 & th:37 & va:17,"{'problem_analysis': 2, 'design_rationale': 1, 'validation_evidence': 1}"
680,11,15,de:15 & im:7 & pr:19 & pr:6 & th:12 & va:10,"{'problem_analysis': 2, 'validation_evidence': 1, 'theoretical_insight': 1}"
681,11,8,de:29 & im:10 & pr:19 & pr:5 & th:8 & va:12,"{'problem_analysis': 2, 'theoretical_insight': 1, 'validation_evidence': 1}"
682,11,8,de:29 & im:10 & pr:14 & pr:19 & th:8 & va:20,"{'problem_analysis': 2, 'theoretical_insight': 1, 'implementation_mechanism': 1}"
683,11,8,de:8 & im:39 & pr:10 & pr:19 & th:28 & va:1,"{'problem_analysis': 2, 'validation_evidence': 1, 'theoretical_insight': 1}"
684,11,9,de:37 & im:20 & pr:16 & pr:19 & th:8 & va:20,"{'problem_analysis': 2, 'theoretical_insight': 1, 'design_rationale': 1}"
685,11,6,de:37 & im:1 & pr:19 & pr:38 & th:6 & va:39,"{'problem_analysis': 2, 'theoretical_insight': 1, 'design_rationale': 1}"
686,11,7,de:22 & im:31 & pr:13 & pr:19 & th:30 & va:7,"{'problem_analysis': 2, 'design_rationale': 1, 'validation_evidence': 1}"
687,11,7,de:33 & im:5 & pr:16 & pr:19 & th:26 & va:20,"{'problem_analysis': 2, 'implementation_mechanism': 1, 'validation_evidence': 1}"
688,11,3,de:22 & im:31 & pr:13 & pr:16 & th:30 & va:7,"{'problem_analysis': 2, 'design_rationale': 1, 'validation_evidence': 1}"
689,11,4,de:0 & im:3 & pr:16 & pr:19 & th:7 & va:23,"{'problem_analysis': 2, 'theoretical_insight': 1, 'validation_evidence': 1}"
690,11,6,de:13 & im:1 & pr:13 & pr:7 & th:37 & va:17,"{'problem_analysis': 2, 'design_rationale': 1, 'validation_evidence': 1}"
691,11,9,de:3 & im:16 & pr:33 & pr:39 & th:36 & va:0,"{'problem_analysis': 2, 'implementation_mechanism': 1, 'design_rationale': 1}"
692,11,8,de:37 & im:1 & pr:12 & pr:33 & th:6 & va:1,"{'problem_analysis': 2, 'theoretical_insight': 1, 'validation_evidence': 1}"
693,11,9,de:37 & im:1 & pr:12 & pr:33 & th:6 & va:37,"{'problem_analysis': 2, 'theoretical_insight': 1, 'design_rationale': 1}"
694,11,2,de:5 & im:1 & pr:7 & th:37 & va:39,"{'design_rationale': 1, 'problem_analysis': 1, 'implementation_mechanism': 1}"
695,11,8,de:15 & im:4 & pr:6 & pr:9 & th:11 & th:14 & va:9,"{'problem_analysis': 2, 'theoretical_insight': 2, 'implementation_mechanism': 1}"
696,11,1,de:8 & im:3 & pr:20 & th:30 & va:1,"{'validation_evidence': 1, 'problem_analysis': 1, 'theoretical_insight': 1}"
697,11,6,de:6 & im:21 & pr:12 & pr:30 & th:1 & va:18,"{'problem_analysis': 2, 'implementation_mechanism': 1, 'theoretical_insight': 1}"
698,11,6,de:6 & im:31 & pr:12 & pr:30 & th:5 & va:0,"{'problem_analysis': 2, 'theoretical_insight': 1, 'design_rationale': 1}"
699,11,6,de:6 & im:21 & pr:12 & pr:4 & th:1 & va:28,"{'problem_analysis': 2, 'implementation_mechanism': 1, 'theoretical_insight': 1}"
700,11,5,de:6 & im:21 & pr:12 & pr:32 & th:1 & va:8,"{'problem_analysis': 2, 'validation_evidence': 1, 'implementation_mechanism': 1}"
701,11,4,de:31 & im:2 & pr:10 & th:10 & va:1,"{'implementation_mechanism': 1, 'validation_evidence': 1, 'theoretical_insight': 1}"
702,11,18,de:15 & im:4 & pr:21 & pr:6 & pr:9 & th:11 & th:14 & th:31 & va:10,"{'problem_analysis': 3, 'theoretical_insight': 3, 'validation_evidence': 1}"
703,11,10,pr:11,{'problem_analysis': 1}
704,11,11,de:13 & im:1 & pr:11 & pr:7 & th:37 & va:39,"{'problem_analysis': 2, 'design_rationale': 1, 'implementation_mechanism': 1}"
705,10,5,de:17 & im:20 & pr:27 & pr:6 & va:17,"{'problem_analysis': 2, 'design_rationale': 1, 'validation_evidence': 1}"
706,10,2,pr:11 & th:12 & va:27,"{'problem_analysis': 1, 'validation_evidence': 1, 'theoretical_insight': 1}"
707,10,10,de:37 & im:1 & pr:12 & pr:23 & th:6 & va:39,"{'problem_analysis': 2, 'theoretical_insight': 1, 'design_rationale': 1}"
708,10,9,de:25 & im:34 & pr:23 & pr:32 & th:21 & va:30,"{'problem_analysis': 2, 'implementation_mechanism': 1, 'theoretical_insight': 1}"
709,10,10,de:7 & im:10 & pr:19 & pr:23 & th:37 & va:37,"{'problem_analysis': 2, 'design_rationale': 1, 'implementation_mechanism': 1}"
710,10,6,de:6 & im:10 & pr:8 & th:1 & va:13,"{'validation_evidence': 1, 'implementation_mechanism': 1, 'theoretical_insight': 1}"
711,10,10,de:16 & im:4 & pr:19,"{'design_rationale': 1, 'implementation_mechanism': 1, 'problem_analysis': 1}"
712,10,12,de:14 & im:25 & pr:19 & pr:7 & th:26 & va:20,"{'problem_analysis': 2, 'implementation_mechanism': 1, 'design_rationale': 1}"
713,10,11,de:23 & im:38 & pr:19 & pr:6 & th:12 & va:2,"{'problem_analysis': 2, 'validation_evidence': 1, 'theoretical_insight': 1}"
714,10,4,de:3 & im:1 & im:16 & pr:30 & th:36 & va:15 & va:17,"{'implementation_mechanism': 2, 'validation_evidence': 2, 'problem_analysis': 1}"
715,10,4,de:37 & im:1 & pr:19 & th:37 & va:17,"{'validation_evidence': 1, 'problem_analysis': 1, 'design_rationale': 1}"
716,10,8,de:16 & im:10 & pr:19 & pr:27 & th:12,"{'problem_analysis': 2, 'theoretical_insight': 1, 'implementation_mechanism': 1}"
717,10,8,de:3 & im:16 & pr:19 & pr:39 & th:36 & va:7,"{'problem_analysis': 2, 'implementation_mechanism': 1, 'validation_evidence': 1}"
718,10,8,de:3 & im:16 & pr:19 & pr:23 & th:36 & va:0,"{'problem_analysis': 2, 'implementation_mechanism': 1, 'design_rationale': 1}"
719,10,3,de:6 & im:21 & pr:19 & th:33 & va:37,"{'problem_analysis': 1, 'theoretical_insight': 1, 'implementation_mechanism': 1}"
720,10,9,de:15 & im:4 & pr:23 & pr:27 & pr:6 & th:12 & th:2 & va:10,"{'problem_analysis': 3, 'theoretical_insight': 2, 'validation_evidence': 1}"
721,10,2,de:14 & im:20 & pr:9 & th:8 & va:19,"{'theoretical_insight': 1, 'problem_analysis': 1, 'validation_evidence': 1}"
722,10,2,de:25 & im:34 & pr:6 & th:12,"{'theoretical_insight': 1, 'problem_analysis': 1, 'design_rationale': 1}"
723,10,6,de:15 & im:4 & pr:18 & pr:6 & th:11 & va:32,"{'problem_analysis': 2, 'validation_evidence': 1, 'implementation_mechanism': 1}"
724,10,14,pr:9,{'problem_analysis': 1}
725,10,8,de:13 & im:1 & pr:7 & pr:9 & th:37 & va:17,"{'problem_analysis': 2, 'design_rationale': 1, 'validation_evidence': 1}"
726,10,14,de:3 & im:16 & pr:39 & pr:9 & th:36 & va:0,"{'problem_analysis': 2, 'implementation_mechanism': 1, 'design_rationale': 1}"
727,10,9,de:25 & im:34 & pr:32 & pr:9 & th:21 & va:30,"{'problem_analysis': 2, 'implementation_mechanism': 1, 'theoretical_insight': 1}"
728,10,11,de:3 & im:16 & pr:39 & pr:9 & th:36 & va:26,"{'problem_analysis': 2, 'implementation_mechanism': 1, 'design_rationale': 1}"
729,10,10,de:37 & im:1 & pr:12 & pr:9 & th:6 & va:39,"{'problem_analysis': 2, 'theoretical_insight': 1, 'design_rationale': 1}"
730,10,12,de:16 & im:4 & pr:27,"{'design_rationale': 1, 'problem_analysis': 1, 'implementation_mechanism': 1}"
731,10,8,de:15 & pr:27 & pr:6 & th:1,"{'problem_analysis': 2, 'design_rationale': 1, 'theoretical_insight': 1}"
732,10,12,de:20 & im:4 & pr:11 & pr:27 & th:12,"{'problem_analysis': 2, 'design_rationale': 1, 'theoretical_insight': 1}"
733,10,8,de:4 & im:7 & pr:27 & pr:6 & th:12 & va:30,"{'problem_analysis': 2, 'design_rationale': 1, 'theoretical_insight': 1}"
734,10,7,de:15 & im:4 & pr:27 & pr:6 & th:1 & va:10,"{'problem_analysis': 2, 'validation_evidence': 1, 'implementation_mechanism': 1}"
735,10,11,de:15 & im:10 & pr:27 & pr:6 & th:11 & va:10,"{'problem_analysis': 2, 'validation_evidence': 1, 'implementation_mechanism': 1}"
736,10,9,de:3 & im:8 & pr:27 & pr:39 & pr:7 & th:36 & va:0,"{'problem_analysis': 3, 'implementation_mechanism': 1, 'design_rationale': 1}"
737,10,13,de:14 & im:20 & pr:19 & pr:27 & pr:9 & th:14 & th:26 & va:19,"{'problem_analysis': 3, 'theoretical_insight': 2, 'validation_evidence': 1}"
738,10,2,de:3 & im:0 & pr:39 & th:36 & va:26,"{'implementation_mechanism': 1, 'validation_evidence': 1, 'design_rationale': 1}"
739,10,8,de:15 & de:37 & im:4 & pr:19 & pr:6 & pr:7 & th:11 & th:6 & va:10,"{'problem_analysis': 3, 'theoretical_insight': 2, 'design_rationale': 2}"
740,10,2,de:15 & im:4 & pr:6 & th:12 & va:10,"{'validation_evidence': 1, 'theoretical_insight': 1, 'implementation_mechanism': 1}"
741,10,10,pr:12 & pr:19,{'problem_analysis': 2}
742,10,3,pr:33 & pr:4 & va:28,"{'problem_analysis': 2, 'validation_evidence': 1}"
743,10,5,de:9 & im:4 & pr:33 & pr:6 & th:12 & va:9,"{'problem_analysis': 2, 'theoretical_insight': 1, 'design_rationale': 1}"
744,10,10,de:15 & im:4 & pr:31 & pr:6 & th:11 & va:15,"{'problem_analysis': 2, 'implementation_mechanism': 1, 'theoretical_insight': 1}"
745,10,10,de:16 & im:10 & pr:31 & pr:6 & th:12 & va:3,"{'problem_analysis': 2, 'theoretical_insight': 1, 'implementation_mechanism': 1}"
746,10,12,de:22 & im:31 & pr:13 & pr:31 & th:4 & va:7,"{'problem_analysis': 2, 'design_rationale': 1, 'validation_evidence': 1}"
747,10,12,de:37 & im:1 & pr:12 & pr:31 & th:6 & va:37,"{'problem_analysis': 2, 'theoretical_insight': 1, 'design_rationale': 1}"
748,10,13,de:16 & im:4 & pr:31 & pr:6 & va:9,"{'problem_analysis': 2, 'implementation_mechanism': 1, 'validation_evidence': 1}"
749,10,13,de:15 & im:10 & pr:31 & pr:6 & th:11 & va:10,"{'problem_analysis': 2, 'validation_evidence': 1, 'implementation_mechanism': 1}"
750,10,15,de:14 & im:20 & pr:19 & pr:31 & pr:9 & th:14 & th:26 & va:19,"{'problem_analysis': 3, 'theoretical_insight': 2, 'validation_evidence': 1}"
751,10,6,de:22 & im:31 & pr:12 & pr:3 & th:4 & va:7,"{'problem_analysis': 2, 'design_rationale': 1, 'validation_evidence': 1}"
752,10,3,de:8 & im:1 & pr:1 & pr:3 & th:33 & va:39,"{'problem_analysis': 2, 'theoretical_insight': 1, 'implementation_mechanism': 1}"
753,10,7,de:15 & pr:19 & pr:6 & th:1,"{'problem_analysis': 2, 'design_rationale': 1, 'theoretical_insight': 1}"
754,10,5,pr:19 & pr:31 & th:16 & va:1,"{'problem_analysis': 2, 'theoretical_insight': 1, 'validation_evidence': 1}"
755,10,7,de:4 & im:7 & pr:19 & pr:6 & th:12 & va:30,"{'problem_analysis': 2, 'design_rationale': 1, 'theoretical_insight': 1}"
756,10,5,de:11 & im:1 & pr:19 & pr:7 & th:25 & va:12,"{'problem_analysis': 2, 'design_rationale': 1, 'theoretical_insight': 1}"
757,10,3,de:7 & im:4 & pr:12 & pr:6 & th:12 & va:10,"{'problem_analysis': 2, 'validation_evidence': 1, 'theoretical_insight': 1}"
758,10,4,de:15 & im:4 & pr:12 & pr:23 & pr:39 & pr:6 & th:11 & va:38 & va:9,"{'problem_analysis': 4, 'validation_evidence': 2, 'implementation_mechanism': 1}"
759,10,1,de:8 & im:12 & pr:10 & th:7 & va:4,"{'implementation_mechanism': 1, 'validation_evidence': 1, 'theoretical_insight': 1}"
760,10,4,de:15 & de:20 & de:9 & im:4 & pr:27 & pr:3 & pr:6 & th:1 & th:11 & va:9,"{'design_rationale': 3, 'problem_analysis': 3, 'theoretical_insight': 2}"
761,10,3,de:20 & im:19 & pr:24 & th:1 & va:30,"{'problem_analysis': 1, 'implementation_mechanism': 1, 'design_rationale': 1}"
762,10,2,pr:31 & th:16 & va:1,"{'theoretical_insight': 1, 'problem_analysis': 1, 'validation_evidence': 1}"
763,10,6,de:10 & im:32 & pr:28 & th:33 & va:33,"{'design_rationale': 1, 'theoretical_insight': 1, 'problem_analysis': 1}"
764,10,3,de:3 & im:11 & pr:0 & va:8,"{'validation_evidence': 1, 'implementation_mechanism': 1, 'problem_analysis': 1}"
765,10,2,de:1 & im:18 & pr:0 & th:34 & va:26,"{'theoretical_insight': 1, 'validation_evidence': 1, 'problem_analysis': 1}"
766,10,13,de:15 & im:4 & pr:39 & pr:6 & th:11 & th:36 & va:10,"{'theoretical_insight': 2, 'problem_analysis': 2, 'validation_evidence': 1}"
767,10,3,de:28 & im:7 & pr:4 & pr:6 & th:9 & va:32,"{'problem_analysis': 2, 'design_rationale': 1, 'validation_evidence': 1}"
768,10,5,de:16 & de:20 & de:37 & im:1 & pr:11 & pr:12 & pr:9 & th:12 & th:2 & th:6 & va:17,"{'problem_analysis': 3, 'theoretical_insight': 3, 'design_rationale': 3}"
769,10,7,de:37 & im:1 & pr:11 & pr:12 & th:6 & va:39,"{'problem_analysis': 2, 'theoretical_insight': 1, 'design_rationale': 1}"
770,10,5,de:15 & im:4 & pr:11 & pr:31 & pr:6 & th:11 & va:10,"{'problem_analysis': 3, 'validation_evidence': 1, 'implementation_mechanism': 1}"
771,10,6,de:20 & im:19 & pr:11 & pr:35 & th:12 & va:2,"{'problem_analysis': 2, 'validation_evidence': 1, 'implementation_mechanism': 1}"
772,10,13,de:20 & de:28 & im:19 & pr:11 & pr:12 & pr:24 & va:30,"{'problem_analysis': 3, 'design_rationale': 2, 'implementation_mechanism': 1}"
773,10,7,de:15 & im:4 & pr:11 & pr:6 & th:1 & va:10,"{'problem_analysis': 2, 'validation_evidence': 1, 'implementation_mechanism': 1}"
774,10,6,de:15 & im:4 & pr:11 & pr:27 & pr:6 & th:12 & th:2 & va:10,"{'problem_analysis': 3, 'theoretical_insight': 2, 'validation_evidence': 1}"
775,10,2,de:37 & im:1 & pr:12 & th:2 & va:1,"{'problem_analysis': 1, 'theoretical_insight': 1, 'validation_evidence': 1}"
776,10,5,de:15 & im:4 & pr:11 & pr:31 & th:2 & va:10,"{'problem_analysis': 2, 'theoretical_insight': 1, 'validation_evidence': 1}"
777,10,15,de:17 & im:4 & pr:27 & pr:6 & th:12 & va:9,"{'problem_analysis': 2, 'design_rationale': 1, 'theoretical_insight': 1}"
778,10,8,de:20 & im:19 & pr:27 & pr:35 & th:12 & va:2,"{'problem_analysis': 2, 'validation_evidence': 1, 'theoretical_insight': 1}"
779,10,14,de:15 & im:4 & pr:32 & pr:6 & th:11 & va:10,"{'problem_analysis': 2, 'validation_evidence': 1, 'implementation_mechanism': 1}"
780,10,7,de:3 & im:16 & pr:39 & pr:5 & th:36 & va:26,"{'problem_analysis': 2, 'implementation_mechanism': 1, 'design_rationale': 1}"
781,10,8,de:20 & de:3 & im:16 & pr:39 & pr:4 & pr:5 & th:1 & th:2 & th:36 & va:26,"{'problem_analysis': 3, 'theoretical_insight': 3, 'design_rationale': 2}"
782,10,7,de:15 & im:4 & pr:27 & pr:31 & th:2 & va:10,"{'problem_analysis': 2, 'theoretical_insight': 1, 'validation_evidence': 1}"
783,10,13,de:15 & im:4 & pr:0 & pr:39 & pr:6 & th:11 & th:36 & va:10,"{'problem_analysis': 3, 'theoretical_insight': 2, 'validation_evidence': 1}"
784,9,5,de:7 & im:7 & pr:4 & th:12 & va:17 & va:28 & va:9,"{'validation_evidence': 3, 'problem_analysis': 1, 'theoretical_insight': 1}"
785,9,12,de:20 & im:19 & pr:11 & pr:23 & th:12 & va:9,"{'problem_analysis': 2, 'design_rationale': 1, 'implementation_mechanism': 1}"
786,9,14,pr:6 & pr:7,{'problem_analysis': 2}
787,9,8,de:15 & im:19 & pr:19 & pr:6 & th:12 & va:10,"{'problem_analysis': 2, 'validation_evidence': 1, 'theoretical_insight': 1}"
788,9,12,de:37 & im:28 & pr:19 & pr:7 & th:2 & va:1,"{'problem_analysis': 2, 'theoretical_insight': 1, 'validation_evidence': 1}"
789,9,8,de:22 & im:23 & pr:13 & pr:19 & th:4 & va:38,"{'problem_analysis': 2, 'design_rationale': 1, 'validation_evidence': 1}"
790,9,11,de:17 & im:4 & pr:19 & pr:6 & th:12 & va:9,"{'problem_analysis': 2, 'design_rationale': 1, 'theoretical_insight': 1}"
791,9,9,de:34 & im:10 & pr:10 & pr:19 & pr:7 & th:3 & va:4,"{'problem_analysis': 3, 'theoretical_insight': 1, 'validation_evidence': 1}"
792,9,7,de:28 & im:9 & pr:19 & pr:7 & th:39 & va:0,"{'problem_analysis': 2, 'design_rationale': 1, 'implementation_mechanism': 1}"
793,9,2,de:14 & im:25 & pr:14 & va:20,"{'validation_evidence': 1, 'problem_analysis': 1, 'implementation_mechanism': 1}"
794,9,8,de:15 & im:4 & pr:27 & pr:31 & pr:6 & th:12 & th:2 & th:9 & va:10,"{'theoretical_insight': 3, 'problem_analysis': 3, 'validation_evidence': 1}"
795,9,1,de:32 & im:24 & pr:29 & th:24 & va:36,"{'design_rationale': 1, 'problem_analysis': 1, 'validation_evidence': 1}"
796,9,2,de:18 & im:8 & pr:39 & th:36 & va:0,"{'implementation_mechanism': 1, 'design_rationale': 1, 'problem_analysis': 1}"
797,9,5,de:11 & im:1 & pr:19 & th:37 & va:20,"{'design_rationale': 1, 'problem_analysis': 1, 'implementation_mechanism': 1}"
798,9,1,de:16 & im:4 & pr:6 & th:4 & va:10,"{'validation_evidence': 1, 'implementation_mechanism': 1, 'theoretical_insight': 1}"
799,9,9,de:20 & im:19 & pr:11 & pr:27 & th:12 & va:9,"{'problem_analysis': 2, 'implementation_mechanism': 1, 'design_rationale': 1}"
800,9,10,de:16 & im:4 & pr:27 & pr:6 & va:9,"{'problem_analysis': 2, 'implementation_mechanism': 1, 'validation_evidence': 1}"
801,9,6,de:11 & im:1 & pr:18 & pr:6 & th:2 & va:37,"{'problem_analysis': 2, 'design_rationale': 1, 'theoretical_insight': 1}"
802,9,11,de:3 & im:16 & pr:2 & pr:39 & th:36 & va:26,"{'problem_analysis': 2, 'implementation_mechanism': 1, 'design_rationale': 1}"
803,9,6,de:15 & im:4 & pr:16 & pr:6 & th:11 & va:9,"{'problem_analysis': 2, 'implementation_mechanism': 1, 'theoretical_insight': 1}"
804,9,5,de:37 & im:1 & pr:19 & pr:33 & th:6 & va:1,"{'problem_analysis': 2, 'theoretical_insight': 1, 'validation_evidence': 1}"
805,9,6,de:37 & im:1 & pr:19 & pr:33 & th:6 & va:39,"{'problem_analysis': 2, 'theoretical_insight': 1, 'design_rationale': 1}"
806,9,9,de:37 & im:1 & pr:12 & pr:31 & th:6 & va:15,"{'problem_analysis': 2, 'theoretical_insight': 1, 'design_rationale': 1}"
807,9,8,de:3 & im:16 & pr:31 & pr:39 & th:36 & va:0,"{'problem_analysis': 2, 'implementation_mechanism': 1, 'design_rationale': 1}"
808,9,8,de:9 & im:35 & pr:31 & pr:6 & th:12 & va:2,"{'problem_analysis': 2, 'validation_evidence': 1, 'theoretical_insight': 1}"
809,9,10,de:25 & im:34 & pr:31 & pr:32 & th:21 & va:17,"{'problem_analysis': 2, 'validation_evidence': 1, 'implementation_mechanism': 1}"
810,9,11,de:14 & im:25 & pr:31 & pr:9 & th:26 & va:20,"{'problem_analysis': 2, 'implementation_mechanism': 1, 'design_rationale': 1}"
811,9,11,de:20 & de:28 & im:19 & pr:12 & pr:24 & pr:31 & va:30,"{'problem_analysis': 3, 'design_rationale': 2, 'implementation_mechanism': 1}"
812,9,11,de:37 & im:8 & pr:19 & pr:31 & th:28 & va:1,"{'problem_analysis': 2, 'implementation_mechanism': 1, 'validation_evidence': 1}"
813,9,1,de:14 & im:8 & pr:7 & th:8 & va:19,"{'implementation_mechanism': 1, 'theoretical_insight': 1, 'problem_analysis': 1}"
814,9,8,de:37 & im:1 & pr:12 & pr:19 & th:6 & va:17,"{'problem_analysis': 2, 'theoretical_insight': 1, 'validation_evidence': 1}"
815,9,2,de:31 & im:12 & pr:19 & th:13 & va:1,"{'implementation_mechanism': 1, 'problem_analysis': 1, 'validation_evidence': 1}"
816,9,5,de:13 & im:1 & pr:12 & pr:17 & th:0,"{'problem_analysis': 2, 'design_rationale': 1, 'theoretical_insight': 1}"
817,9,4,de:15 & de:28 & im:4 & im:7 & pr:12 & pr:6 & th:9 & va:32,"{'problem_analysis': 2, 'design_rationale': 2, 'implementation_mechanism': 2}"
818,9,3,de:20 & im:19 & pr:11 & pr:12 & th:1 & va:9,"{'problem_analysis': 2, 'implementation_mechanism': 1, 'design_rationale': 1}"
819,9,6,de:31 & im:2 & pr:2 & th:10 & va:36,"{'implementation_mechanism': 1, 'theoretical_insight': 1, 'design_rationale': 1}"
820,9,6,de:19 & im:2 & pr:2 & th:32 & va:14,"{'design_rationale': 1, 'implementation_mechanism': 1, 'theoretical_insight': 1}"
821,9,2,de:24 & im:24 & pr:2 & th:10 & va:8,"{'validation_evidence': 1, 'design_rationale': 1, 'theoretical_insight': 1}"
822,9,5,de:21 & im:5 & pr:5 & th:39 & va:31,"{'problem_analysis': 1, 'implementation_mechanism': 1, 'validation_evidence': 1}"
823,9,4,de:15 & im:4 & pr:11 & pr:12 & pr:27 & pr:6 & th:11 & th:2 & va:10,"{'problem_analysis': 4, 'theoretical_insight': 2, 'validation_evidence': 1}"
824,9,12,de:15 & im:10 & pr:11 & pr:6 & th:11 & va:10,"{'problem_analysis': 2, 'validation_evidence': 1, 'implementation_mechanism': 1}"
825,9,15,de:37 & im:1 & pr:12 & pr:20 & pr:27 & th:6 & va:1,"{'problem_analysis': 3, 'theoretical_insight': 1, 'validation_evidence': 1}"
826,9,15,de:11 & im:1 & pr:10 & pr:27 & pr:31 & th:27 & va:22,"{'problem_analysis': 3, 'design_rationale': 1, 'implementation_mechanism': 1}"
827,9,2,de:17 & im:20 & pr:24 & th:21 & va:30,"{'design_rationale': 1, 'problem_analysis': 1, 'theoretical_insight': 1}"
828,9,13,de:13 & im:1 & pr:27 & pr:7 & th:37 & va:39,"{'problem_analysis': 2, 'design_rationale': 1, 'implementation_mechanism': 1}"
829,9,5,de:15 & im:4 & pr:11 & pr:14 & pr:31 & pr:6 & th:9 & va:10,"{'problem_analysis': 4, 'validation_evidence': 1, 'implementation_mechanism': 1}"
830,9,5,de:15 & im:4 & pr:11 & pr:14 & pr:6 & th:11 & va:32,"{'problem_analysis': 3, 'validation_evidence': 1, 'implementation_mechanism': 1}"
831,9,2,de:15 & im:4 & pr:11 & pr:14 & pr:31 & pr:6 & th:11 & va:9,"{'problem_analysis': 4, 'implementation_mechanism': 1, 'theoretical_insight': 1}"
832,9,4,de:34 & im:10 & pr:10 & pr:11 & pr:14 & pr:19 & pr:6 & th:3 & va:4,"{'problem_analysis': 5, 'theoretical_insight': 1, 'implementation_mechanism': 1}"
833,9,11,de:14 & im:25 & pr:27 & pr:7 & th:26 & va:20,"{'problem_analysis': 2, 'implementation_mechanism': 1, 'design_rationale': 1}"
834,9,11,de:15 & im:4 & pr:11 & pr:3 & pr:6 & th:11 & va:10,"{'problem_analysis': 3, 'validation_evidence': 1, 'implementation_mechanism': 1}"
835,9,5,de:35 & im:3 & pr:34 & th:7 & va:23,"{'design_rationale': 1, 'validation_evidence': 1, 'theoretical_insight': 1}"
836,9,8,de:34 & im:10 & pr:10 & pr:12 & pr:19 & pr:7 & pr:9 & th:3 & va:4,"{'problem_analysis': 5, 'theoretical_insight': 1, 'validation_evidence': 1}"
837,8,3,de:25 & im:34 & pr:26 & th:22 & va:33,"{'implementation_mechanism': 1, 'problem_analysis': 1, 'theoretical_insight': 1}"
838,8,8,pr:19 & pr:23,{'problem_analysis': 2}
839,8,7,de:15 & im:4 & pr:23 & pr:31 & th:2 & va:10,"{'problem_analysis': 2, 'theoretical_insight': 1, 'validation_evidence': 1}"
840,8,6,de:15 & im:4 & pr:23 & pr:31 & pr:6 & th:11 & va:10,"{'problem_analysis': 3, 'validation_evidence': 1, 'implementation_mechanism': 1}"
841,8,9,de:12 & im:20 & pr:7 & pr:9 & th:1 & va:12,"{'problem_analysis': 2, 'validation_evidence': 1, 'theoretical_insight': 1}"
842,8,10,de:15 & im:4 & pr:6 & pr:7 & th:1 & va:10,"{'problem_analysis': 2, 'validation_evidence': 1, 'implementation_mechanism': 1}"
843,8,4,de:20 & im:19 & pr:11 & pr:8 & th:2 & va:9,"{'problem_analysis': 2, 'theoretical_insight': 1, 'design_rationale': 1}"
844,8,8,de:3 & im:16 & pr:19 & pr:7 & va:0,"{'problem_analysis': 2, 'implementation_mechanism': 1, 'design_rationale': 1}"
845,8,11,de:11 & im:1 & pr:10 & pr:19 & pr:31 & th:27 & va:22,"{'problem_analysis': 3, 'design_rationale': 1, 'implementation_mechanism': 1}"
846,8,2,im:13 & pr:2 & pr:39 & th:3 & va:36,"{'problem_analysis': 2, 'theoretical_insight': 1, 'implementation_mechanism': 1}"
847,8,3,de:37 & im:1 & pr:19 & th:6 & va:37,"{'theoretical_insight': 1, 'problem_analysis': 1, 'design_rationale': 1}"
848,8,5,de:37 & im:28 & pr:19 & pr:20 & th:38,"{'problem_analysis': 2, 'design_rationale': 1, 'implementation_mechanism': 1}"
849,8,5,de:20 & im:7 & pr:11 & pr:19 & th:1,"{'problem_analysis': 2, 'design_rationale': 1, 'theoretical_insight': 1}"
850,8,5,de:0 & im:30 & pr:18 & pr:19 & th:23 & va:4,"{'problem_analysis': 2, 'validation_evidence': 1, 'implementation_mechanism': 1}"
851,8,5,de:8 & im:16 & pr:0 & pr:19 & th:7 & va:34,"{'problem_analysis': 2, 'implementation_mechanism': 1, 'validation_evidence': 1}"
852,8,5,de:7 & im:7 & pr:19 & pr:39 & th:5 & va:0,"{'problem_analysis': 2, 'design_rationale': 1, 'theoretical_insight': 1}"
853,8,5,de:20 & im:19 & pr:19 & pr:27 & th:12 & va:9,"{'problem_analysis': 2, 'theoretical_insight': 1, 'design_rationale': 1}"
854,8,5,de:29 & im:10 & pr:19 & pr:39 & th:36 & va:0,"{'problem_analysis': 2, 'implementation_mechanism': 1, 'design_rationale': 1}"
855,8,5,de:3 & im:16 & pr:19 & pr:38 & th:12 & va:26,"{'problem_analysis': 2, 'implementation_mechanism': 1, 'theoretical_insight': 1}"
856,8,6,de:1 & im:9 & pr:13 & pr:19 & pr:36 & th:6 & va:4,"{'problem_analysis': 3, 'theoretical_insight': 1, 'validation_evidence': 1}"
857,8,1,de:37 & im:1 & pr:38 & th:6 & va:39,"{'theoretical_insight': 1, 'problem_analysis': 1, 'design_rationale': 1}"
858,8,2,de:22 & im:31 & pr:13 & th:4 & va:11,"{'design_rationale': 1, 'validation_evidence': 1, 'theoretical_insight': 1}"
859,8,11,de:3 & im:3 & pr:16 & pr:19 & th:28 & va:1,"{'problem_analysis': 2, 'validation_evidence': 1, 'design_rationale': 1}"
860,8,8,de:20 & im:19 & pr:23 & pr:35 & th:12 & va:2,"{'problem_analysis': 2, 'validation_evidence': 1, 'theoretical_insight': 1}"
861,8,1,de:20 & im:19 & pr:17 & th:12 & va:9,"{'theoretical_insight': 1, 'design_rationale': 1, 'implementation_mechanism': 1}"
862,8,1,de:10 & im:3 & pr:15 & pr:32 & th:33 & va:33,"{'problem_analysis': 2, 'design_rationale': 1, 'theoretical_insight': 1}"
863,8,14,de:3 & im:16 & pr:23 & pr:7 & th:36 & va:0,"{'problem_analysis': 2, 'implementation_mechanism': 1, 'design_rationale': 1}"
864,8,9,de:15 & im:4 & pr:23 & pr:6 & th:1 & va:10,"{'problem_analysis': 2, 'validation_evidence': 1, 'implementation_mechanism': 1}"
865,8,12,de:20 & im:19 & pr:11 & pr:9 & th:12 & va:9,"{'problem_analysis': 2, 'implementation_mechanism': 1, 'design_rationale': 1}"
866,8,6,de:15 & im:4 & pr:31 & pr:9 & th:2 & va:10,"{'problem_analysis': 2, 'theoretical_insight': 1, 'validation_evidence': 1}"
867,8,10,de:7 & im:14 & pr:4 & pr:9 & th:1 & va:28,"{'problem_analysis': 2, 'design_rationale': 1, 'theoretical_insight': 1}"
868,8,13,de:37 & im:1 & pr:12 & pr:9 & th:6 & va:1,"{'problem_analysis': 2, 'theoretical_insight': 1, 'validation_evidence': 1}"
869,8,7,de:15 & im:4 & pr:27 & pr:6 & pr:9 & th:12 & th:2 & va:10,"{'problem_analysis': 3, 'theoretical_insight': 2, 'validation_evidence': 1}"
870,8,15,de:7 & im:7 & pr:11 & pr:14 & pr:6 & pr:9 & th:12 & va:18,"{'problem_analysis': 4, 'theoretical_insight': 1, 'design_rationale': 1}"
871,8,7,de:20 & im:7 & pr:27 & pr:6 & th:12 & va:0,"{'problem_analysis': 2, 'theoretical_insight': 1, 'design_rationale': 1}"
872,8,9,de:22 & im:31 & pr:13 & pr:27 & th:4 & va:7,"{'problem_analysis': 2, 'design_rationale': 1, 'validation_evidence': 1}"
873,8,7,de:29 & im:10 & pr:19 & pr:27 & th:5 & va:1,"{'problem_analysis': 2, 'validation_evidence': 1, 'implementation_mechanism': 1}"
874,8,1,de:3 & im:24 & pr:39 & th:36 & va:26,"{'validation_evidence': 1, 'design_rationale': 1, 'implementation_mechanism': 1}"
875,8,7,de:37 & im:1 & pr:19 & pr:20 & th:6 & va:1,"{'problem_analysis': 2, 'theoretical_insight': 1, 'validation_evidence': 1}"
876,8,9,de:15 & de:3 & im:4 & pr:38 & pr:39 & pr:6 & th:11 & th:12 & th:36 & va:10,"{'problem_analysis': 3, 'theoretical_insight': 3, 'design_rationale': 2}"
877,8,9,de:3 & im:16 & pr:16 & pr:39 & th:36 & va:26,"{'problem_analysis': 2, 'implementation_mechanism': 1, 'design_rationale': 1}"
878,8,7,de:25 & im:34 & pr:19 & pr:31 & pr:32,"{'problem_analysis': 3, 'implementation_mechanism': 1, 'design_rationale': 1}"
879,8,9,de:11 & pr:19 & pr:9 & th:14 & th:2 & va:2,"{'theoretical_insight': 2, 'problem_analysis': 2, 'validation_evidence': 1}"
880,8,6,de:25 & im:34 & pr:13 & pr:32 & th:21 & va:30,"{'problem_analysis': 2, 'implementation_mechanism': 1, 'theoretical_insight': 1}"
881,8,6,de:7 & im:10 & pr:13 & pr:19 & th:37 & va:37,"{'problem_analysis': 2, 'design_rationale': 1, 'implementation_mechanism': 1}"
882,8,10,pr:33 & pr:6,{'problem_analysis': 2}
883,8,8,pr:31,{'problem_analysis': 1}
884,8,7,pr:11 & pr:31 & th:12 & va:9,"{'problem_analysis': 2, 'validation_evidence': 1, 'theoretical_insight': 1}"
885,8,3,pr:31 & pr:4 & va:28,"{'problem_analysis': 2, 'validation_evidence': 1}"
886,8,7,de:29 & im:12 & pr:0 & pr:31 & th:5 & va:0,"{'problem_analysis': 2, 'implementation_mechanism': 1, 'theoretical_insight': 1}"
887,8,7,de:9 & im:19 & pr:31 & pr:4 & th:12 & va:30,"{'problem_analysis': 2, 'theoretical_insight': 1, 'implementation_mechanism': 1}"
888,8,8,de:37 & im:1 & pr:25 & pr:31 & th:37 & va:39,"{'problem_analysis': 2, 'design_rationale': 1, 'implementation_mechanism': 1}"
889,8,9,de:15 & im:4 & pr:31 & pr:7 & th:2 & va:2,"{'problem_analysis': 2, 'validation_evidence': 1, 'theoretical_insight': 1}"
890,8,8,de:29 & im:10 & pr:19 & pr:31 & th:5 & va:1,"{'problem_analysis': 2, 'validation_evidence': 1, 'implementation_mechanism': 1}"
891,8,7,de:11 & im:1 & im:26 & pr:12 & pr:31 & va:17,"{'problem_analysis': 2, 'implementation_mechanism': 2, 'design_rationale': 1}"
892,8,9,de:37 & im:1 & pr:12 & pr:31 & th:6 & va:17,"{'problem_analysis': 2, 'theoretical_insight': 1, 'validation_evidence': 1}"
893,8,9,de:14 & im:25 & pr:31 & pr:7 & th:26 & va:20,"{'problem_analysis': 2, 'implementation_mechanism': 1, 'design_rationale': 1}"
894,8,9,de:3 & im:8 & pr:31 & pr:39 & pr:7 & th:36 & va:0,"{'problem_analysis': 3, 'implementation_mechanism': 1, 'design_rationale': 1}"
895,8,6,de:15 & im:4 & pr:19 & pr:6 & th:11 & va:15,"{'problem_analysis': 2, 'implementation_mechanism': 1, 'theoretical_insight': 1}"
896,8,1,de:22 & im:31 & pr:13 & th:15 & va:11,"{'design_rationale': 1, 'validation_evidence': 1, 'implementation_mechanism': 1}"
897,8,2,de:2 & im:36 & pr:13 & th:9 & va:8,"{'validation_evidence': 1, 'design_rationale': 1, 'implementation_mechanism': 1}"
898,8,7,de:13 & im:1 & pr:12 & pr:7 & th:37 & va:39,"{'problem_analysis': 2, 'design_rationale': 1, 'implementation_mechanism': 1}"
899,8,7,de:3 & im:16 & pr:12 & pr:23 & pr:39 & th:36 & va:26 & va:38,"{'problem_analysis': 3, 'validation_evidence': 2, 'implementation_mechanism': 1}"
900,8,9,de:14 & im:25 & pr:12 & pr:7 & th:26 & va:20,"{'problem_analysis': 2, 'implementation_mechanism': 1, 'design_rationale': 1}"
901,8,3,de:23 & im:35 & pr:22 & va:2,"{'design_rationale': 1, 'problem_analysis': 1, 'validation_evidence': 1}"
902,8,3,de:38 & im:7 & pr:22 & th:12 & va:13,"{'validation_evidence': 1, 'theoretical_insight': 1, 'design_rationale': 1}"
903,8,4,de:20 & de:9 & im:4 & pr:19 & pr:27 & pr:3 & pr:5 & th:1 & th:12 & va:20,"{'problem_analysis': 4, 'theoretical_insight': 2, 'design_rationale': 2}"
904,8,6,de:12 & im:20 & pr:26 & pr:9 & th:1 & va:12,"{'problem_analysis': 2, 'validation_evidence': 1, 'theoretical_insight': 1}"
905,8,5,de:16 & im:4 & pr:12 & pr:7 & th:37 & va:2,"{'problem_analysis': 2, 'validation_evidence': 1, 'implementation_mechanism': 1}"
906,8,6,de:25 & im:34 & pr:12 & pr:32 & th:21 & va:30,"{'problem_analysis': 2, 'implementation_mechanism': 1, 'theoretical_insight': 1}"
907,8,1,de:19 & im:0 & pr:2 & th:10 & va:36,"{'design_rationale': 1, 'implementation_mechanism': 1, 'theoretical_insight': 1}"
908,8,2,de:3 & im:16 & pr:2 & va:26,"{'implementation_mechanism': 1, 'validation_evidence': 1, 'problem_analysis': 1}"
909,8,7,de:15 & im:4 & pr:12 & pr:19 & pr:6 & th:11 & va:32,"{'problem_analysis': 3, 'validation_evidence': 1, 'implementation_mechanism': 1}"
910,8,9,de:15 & pr:11 & pr:6 & th:1,"{'problem_analysis': 2, 'design_rationale': 1, 'theoretical_insight': 1}"
911,8,9,de:4 & im:7 & pr:11 & pr:6 & th:12 & va:30,"{'problem_analysis': 2, 'design_rationale': 1, 'theoretical_insight': 1}"
912,8,10,de:3 & im:8 & pr:11 & pr:39 & pr:7 & th:36 & va:0,"{'problem_analysis': 3, 'implementation_mechanism': 1, 'design_rationale': 1}"
913,8,10,de:29 & de:3 & im:16 & im:29 & pr:0 & pr:39 & th:34 & th:36 & va:26,"{'implementation_mechanism': 2, 'theoretical_insight': 2, 'design_rationale': 2}"
914,8,3,de:15 & im:4 & pr:31 & pr:4 & th:2 & va:10,"{'problem_analysis': 2, 'theoretical_insight': 1, 'validation_evidence': 1}"
915,8,4,de:11 & im:9 & pr:33 & pr:4 & th:35 & va:15,"{'problem_analysis': 2, 'design_rationale': 1, 'validation_evidence': 1}"
916,8,4,de:12 & im:20 & pr:4 & pr:9 & th:1 & va:12,"{'problem_analysis': 2, 'validation_evidence': 1, 'theoretical_insight': 1}"
917,8,4,de:20 & im:19 & pr:35 & pr:4 & th:12 & va:2,"{'problem_analysis': 2, 'validation_evidence': 1, 'theoretical_insight': 1}"
918,8,11,de:9 & im:22 & pr:12 & pr:22 & pr:27 & th:33 & va:33,"{'problem_analysis': 3, 'theoretical_insight': 1, 'design_rationale': 1}"
919,8,12,de:11 & pr:27 & pr:9 & th:14 & th:2 & va:2,"{'theoretical_insight': 2, 'problem_analysis': 2, 'validation_evidence': 1}"
920,8,2,de:37 & im:1 & pr:23 & th:37 & va:17,"{'validation_evidence': 1, 'design_rationale': 1, 'implementation_mechanism': 1}"
921,8,2,de:0 & im:9 & pr:13 & th:4 & va:15,"{'theoretical_insight': 1, 'validation_evidence': 1, 'implementation_mechanism': 1}"
922,8,8,de:3 & im:16 & pr:11 & pr:7 & va:0,"{'problem_analysis': 2, 'implementation_mechanism': 1, 'design_rationale': 1}"
923,8,8,de:37 & im:1 & pr:11 & pr:12 & th:6 & va:1,"{'problem_analysis': 2, 'theoretical_insight': 1, 'validation_evidence': 1}"
924,8,9,de:37 & im:1 & pr:11 & pr:12 & th:6 & va:37,"{'problem_analysis': 2, 'theoretical_insight': 1, 'design_rationale': 1}"
925,8,10,de:16 & im:4 & pr:11 & pr:6 & va:9,"{'problem_analysis': 2, 'implementation_mechanism': 1, 'validation_evidence': 1}"
926,8,10,de:37 & im:8 & pr:11 & pr:19 & th:28 & va:1,"{'problem_analysis': 2, 'implementation_mechanism': 1, 'validation_evidence': 1}"
927,8,11,de:14 & im:20 & pr:11 & pr:19 & pr:9 & th:14 & th:26 & va:19,"{'problem_analysis': 3, 'theoretical_insight': 2, 'validation_evidence': 1}"
928,8,6,de:15 & im:4 & pr:11 & pr:6 & th:11,"{'problem_analysis': 2, 'implementation_mechanism': 1, 'theoretical_insight': 1}"
929,8,9,de:3 & im:16 & pr:27 & pr:7 & va:0,"{'problem_analysis': 2, 'implementation_mechanism': 1, 'design_rationale': 1}"
930,8,11,de:23 & im:38 & pr:27 & pr:6 & th:12 & va:2,"{'problem_analysis': 2, 'validation_evidence': 1, 'theoretical_insight': 1}"
931,8,5,de:13 & im:1 & pr:12 & pr:7 & th:37 & va:17,"{'problem_analysis': 2, 'design_rationale': 1, 'validation_evidence': 1}"
932,8,10,de:37 & im:1 & pr:12 & pr:27 & th:6 & va:1,"{'problem_analysis': 2, 'theoretical_insight': 1, 'validation_evidence': 1}"
933,8,8,de:37 & im:1 & pr:12 & pr:27 & th:6 & va:39,"{'problem_analysis': 2, 'theoretical_insight': 1, 'design_rationale': 1}"
934,8,6,de:15 & im:4 & pr:27 & pr:31 & pr:6 & th:11 & va:10,"{'problem_analysis': 3, 'validation_evidence': 1, 'implementation_mechanism': 1}"
935,8,11,de:7 & im:7 & pr:11 & pr:14 & pr:27 & pr:6 & th:12 & va:18,"{'problem_analysis': 4, 'theoretical_insight': 1, 'design_rationale': 1}"
936,8,7,de:20 & de:3 & im:16 & im:19 & pr:35 & pr:39 & pr:7 & th:12 & th:36 & va:26,"{'problem_analysis': 3, 'implementation_mechanism': 2, 'theoretical_insight': 2}"
937,8,9,de:15 & im:4 & pr:36 & pr:6 & th:11 & va:10,"{'problem_analysis': 2, 'validation_evidence': 1, 'implementation_mechanism': 1}"
938,8,8,de:11 & de:15 & de:16 & im:1 & im:4 & pr:12 & pr:6 & th:11 & th:14 & th:31 & va:10,"{'design_rationale': 3, 'theoretical_insight': 3, 'problem_analysis': 2}"
939,8,9,de:15 & im:4 & pr:31 & pr:6 & pr:7 & th:11 & th:2 & va:10,"{'problem_analysis': 3, 'theoretical_insight': 2, 'validation_evidence': 1}"
940,8,6,de:25 & im:34 & pr:27 & pr:32 & th:21 & va:30,"{'problem_analysis': 2, 'implementation_mechanism': 1, 'theoretical_insight': 1}"
941,8,7,pr:19 & pr:23 & va:20,"{'problem_analysis': 2, 'validation_evidence': 1}"
942,7,10,de:16 & im:4 & pr:23,"{'problem_analysis': 1, 'implementation_mechanism': 1, 'design_rationale': 1}"
943,7,10,de:15 & pr:23 & pr:6 & th:1,"{'problem_analysis': 2, 'design_rationale': 1, 'theoretical_insight': 1}"
944,7,10,de:25 & im:34 & pr:23 & pr:4 & th:21 & va:27,"{'problem_analysis': 2, 'implementation_mechanism': 1, 'theoretical_insight': 1}"
945,7,10,de:37 & im:1 & pr:12 & pr:23 & th:6 & va:37,"{'problem_analysis': 2, 'theoretical_insight': 1, 'design_rationale': 1}"
946,7,10,de:4 & im:7 & pr:23 & pr:6 & th:12 & va:30,"{'problem_analysis': 2, 'design_rationale': 1, 'theoretical_insight': 1}"
947,7,13,de:16 & im:4 & pr:23 & pr:6 & va:9,"{'problem_analysis': 2, 'implementation_mechanism': 1, 'validation_evidence': 1}"
948,7,13,de:15 & im:10 & pr:23 & pr:6 & th:11 & va:10,"{'problem_analysis': 2, 'validation_evidence': 1, 'implementation_mechanism': 1}"
949,7,11,de:3 & im:8 & pr:23 & pr:39 & pr:7 & th:36 & va:0,"{'problem_analysis': 3, 'implementation_mechanism': 1, 'design_rationale': 1}"
950,7,9,de:37 & im:1 & pr:7 & pr:9 & th:6 & va:17,"{'problem_analysis': 2, 'theoretical_insight': 1, 'validation_evidence': 1}"
951,7,2,de:16 & im:38 & pr:6 & th:12 & th:26 & th:9 & va:2,"{'theoretical_insight': 3, 'validation_evidence': 1, 'design_rationale': 1}"
952,7,7,de:15 & im:4 & pr:13 & pr:19 & th:4 & va:12,"{'problem_analysis': 2, 'validation_evidence': 1, 'implementation_mechanism': 1}"
953,7,7,de:6 & im:21 & pr:19 & pr:30 & th:1 & va:18,"{'problem_analysis': 2, 'implementation_mechanism': 1, 'theoretical_insight': 1}"
954,7,7,de:6 & im:31 & pr:19 & pr:30 & th:5 & va:0,"{'problem_analysis': 2, 'theoretical_insight': 1, 'design_rationale': 1}"
955,7,7,de:6 & im:21 & pr:19 & pr:4 & th:1 & va:28,"{'problem_analysis': 2, 'implementation_mechanism': 1, 'theoretical_insight': 1}"
956,7,8,de:13 & im:1 & pr:19 & pr:7 & th:37 & va:39,"{'problem_analysis': 2, 'design_rationale': 1, 'implementation_mechanism': 1}"
957,7,10,de:15 & de:20 & im:19 & im:4 & pr:11 & pr:35 & pr:6 & th:11 & th:12 & va:10,"{'problem_analysis': 3, 'implementation_mechanism': 2, 'design_rationale': 2}"
958,7,4,de:37 & im:1 & pr:37 & th:6 & va:1,"{'theoretical_insight': 1, 'problem_analysis': 1, 'validation_evidence': 1}"
959,7,10,de:37 & im:1 & pr:19 & pr:9 & th:6 & va:17,"{'problem_analysis': 2, 'theoretical_insight': 1, 'validation_evidence': 1}"
960,7,5,de:16 & im:4 & pr:18 & pr:6 & th:2 & va:10,"{'problem_analysis': 2, 'theoretical_insight': 1, 'validation_evidence': 1}"
961,7,1,de:28 & im:7 & pr:26 & th:5 & va:17,"{'validation_evidence': 1, 'problem_analysis': 1, 'design_rationale': 1}"
962,7,8,de:15 & im:4 & pr:35 & pr:6 & th:11 & va:10,"{'problem_analysis': 2, 'validation_evidence': 1, 'implementation_mechanism': 1}"
963,7,7,de:13 & im:1 & pr:18 & th:0 & va:15,"{'design_rationale': 1, 'theoretical_insight': 1, 'implementation_mechanism': 1}"
964,7,2,de:15 & im:4 & pr:6 & th:12 & va:2,"{'validation_evidence': 1, 'theoretical_insight': 1, 'implementation_mechanism': 1}"
965,7,4,de:15 & im:4 & pr:6 & th:2 & va:10,"{'theoretical_insight': 1, 'validation_evidence': 1, 'implementation_mechanism': 1}"
966,7,8,de:15 & im:4 & pr:27 & pr:6 & th:11 & th:12 & th:2 & va:32,"{'theoretical_insight': 3, 'problem_analysis': 2, 'validation_evidence': 1}"
967,7,1,de:15 & im:4 & pr:11 & th:11 & va:10,"{'validation_evidence': 1, 'problem_analysis': 1, 'implementation_mechanism': 1}"
968,7,13,pr:6 & pr:9,{'problem_analysis': 2}
969,7,11,im:4 & pr:31 & pr:9 & th:9 & va:10,"{'problem_analysis': 2, 'validation_evidence': 1, 'implementation_mechanism': 1}"
970,7,12,de:16 & pr:12 & pr:9 & th:2 & va:2,"{'problem_analysis': 2, 'validation_evidence': 1, 'theoretical_insight': 1}"
971,7,11,de:16 & im:35 & pr:12 & pr:9 & th:2 & va:2,"{'problem_analysis': 2, 'validation_evidence': 1, 'theoretical_insight': 1}"
972,7,12,de:17 & im:4 & pr:6 & pr:9 & th:12 & va:9,"{'problem_analysis': 2, 'design_rationale': 1, 'theoretical_insight': 1}"
973,7,8,de:15 & im:4 & pr:6 & pr:9 & th:11,"{'problem_analysis': 2, 'implementation_mechanism': 1, 'theoretical_insight': 1}"
974,7,13,de:16 & im:4 & pr:27 & pr:31 & pr:7 & pr:9 & th:12,"{'problem_analysis': 4, 'theoretical_insight': 1, 'implementation_mechanism': 1}"
975,7,7,de:15 & im:4 & pr:27 & pr:31,"{'problem_analysis': 2, 'design_rationale': 1, 'implementation_mechanism': 1}"
976,7,8,de:37 & im:28 & pr:27 & pr:7 & th:2 & va:1,"{'problem_analysis': 2, 'theoretical_insight': 1, 'validation_evidence': 1}"
977,7,6,de:15 & im:19 & pr:27 & pr:6 & th:12 & va:10,"{'problem_analysis': 2, 'validation_evidence': 1, 'theoretical_insight': 1}"
978,7,6,de:37 & im:28 & pr:27 & pr:7 & th:6 & va:1,"{'problem_analysis': 2, 'theoretical_insight': 1, 'validation_evidence': 1}"
979,7,4,de:37 & im:1 & pr:19 & th:28 & va:19,"{'problem_analysis': 1, 'design_rationale': 1, 'implementation_mechanism': 1}"
980,7,7,de:20 & de:28 & im:19 & pr:12 & pr:24 & pr:9 & va:30,"{'problem_analysis': 3, 'design_rationale': 2, 'implementation_mechanism': 1}"
981,7,4,de:6 & im:10 & pr:35 & pr:4 & pr:7 & pr:8 & th:1 & th:2 & va:12,"{'problem_analysis': 4, 'theoretical_insight': 2, 'validation_evidence': 1}"
982,7,8,de:15 & im:4 & pr:13 & pr:6 & th:11 & va:32,"{'problem_analysis': 2, 'validation_evidence': 1, 'implementation_mechanism': 1}"
983,7,7,pr:19 & pr:33,{'problem_analysis': 2}
984,7,7,de:16 & im:4 & pr:33,"{'design_rationale': 1, 'problem_analysis': 1, 'implementation_mechanism': 1}"
985,7,7,de:15 & pr:33 & pr:6 & th:1,"{'problem_analysis': 2, 'design_rationale': 1, 'theoretical_insight': 1}"
986,7,7,de:15 & im:4 & pr:31 & pr:33,"{'problem_analysis': 2, 'design_rationale': 1, 'implementation_mechanism': 1}"
987,7,6,pr:11 & pr:33 & th:12 & va:9,"{'problem_analysis': 2, 'validation_evidence': 1, 'theoretical_insight': 1}"
988,7,6,im:9 & pr:0 & pr:33 & va:28,"{'problem_analysis': 2, 'implementation_mechanism': 1, 'validation_evidence': 1}"
989,7,7,de:15 & pr:33 & pr:6,"{'problem_analysis': 2, 'design_rationale': 1}"
990,7,7,im:4 & pr:31 & pr:33 & th:9 & va:10,"{'problem_analysis': 2, 'validation_evidence': 1, 'implementation_mechanism': 1}"
991,7,7,de:3 & im:16 & pr:33 & pr:7 & va:0,"{'problem_analysis': 2, 'implementation_mechanism': 1, 'design_rationale': 1}"
992,7,7,de:16 & im:31 & pr:12 & pr:33 & th:4,"{'problem_analysis': 2, 'implementation_mechanism': 1, 'theoretical_insight': 1}"
993,7,7,de:15 & im:4 & pr:13 & pr:33 & th:4 & va:12,"{'problem_analysis': 2, 'validation_evidence': 1, 'implementation_mechanism': 1}"
994,7,7,de:25 & im:34 & pr:33 & pr:4 & th:21 & va:27,"{'problem_analysis': 2, 'implementation_mechanism': 1, 'theoretical_insight': 1}"
995,7,7,de:15 & im:19 & pr:33 & pr:6 & th:12 & va:10,"{'problem_analysis': 2, 'validation_evidence': 1, 'theoretical_insight': 1}"
996,7,7,de:20 & im:7 & pr:33 & pr:6 & th:12 & va:0,"{'problem_analysis': 2, 'theoretical_insight': 1, 'design_rationale': 1}"
997,7,8,de:20 & im:4 & pr:11 & pr:33 & th:12,"{'problem_analysis': 2, 'design_rationale': 1, 'theoretical_insight': 1}"
998,7,7,de:37 & im:28 & pr:33 & pr:7 & th:6 & va:1,"{'problem_analysis': 2, 'theoretical_insight': 1, 'validation_evidence': 1}"
999,7,6,de:15 & im:4 & pr:33 & pr:6 & th:11 & va:15,"{'problem_analysis': 2, 'implementation_mechanism': 1, 'theoretical_insight': 1}"
1000,7,6,de:16 & im:10 & pr:33 & pr:6 & th:12 & va:3,"{'problem_analysis': 2, 'theoretical_insight': 1, 'implementation_mechanism': 1}"
1001,7,6,de:29 & im:12 & pr:0 & pr:33 & th:5 & va:0,"{'problem_analysis': 2, 'implementation_mechanism': 1, 'theoretical_insight': 1}"
1002,7,6,de:16 & im:1 & pr:31 & pr:33 & th:2 & va:17,"{'problem_analysis': 2, 'theoretical_insight': 1, 'validation_evidence': 1}"
1003,7,6,de:15 & im:4 & pr:31 & pr:33 & th:2 & va:32,"{'problem_analysis': 2, 'theoretical_insight': 1, 'validation_evidence': 1}"
1004,7,7,de:4 & im:7 & pr:33 & pr:6 & th:12 & va:30,"{'problem_analysis': 2, 'design_rationale': 1, 'theoretical_insight': 1}"
1005,7,9,de:17 & im:4 & pr:33 & pr:6 & th:12 & va:9,"{'problem_analysis': 2, 'design_rationale': 1, 'theoretical_insight': 1}"
1006,7,8,de:13 & im:1 & pr:33 & pr:7 & th:37 & va:39,"{'problem_analysis': 2, 'design_rationale': 1, 'implementation_mechanism': 1}"
1007,7,8,de:25 & im:34 & pr:32 & pr:33 & th:21 & va:17,"{'problem_analysis': 2, 'validation_evidence': 1, 'implementation_mechanism': 1}"
1008,7,7,de:15 & im:4 & pr:31 & pr:33 & th:9 & va:32,"{'problem_analysis': 2, 'validation_evidence': 1, 'implementation_mechanism': 1}"
1009,7,9,de:25 & im:34 & pr:31 & pr:32 & pr:33,"{'problem_analysis': 3, 'implementation_mechanism': 1, 'design_rationale': 1}"
1010,7,8,de:22 & im:31 & pr:31 & pr:33 & th:2,"{'problem_analysis': 2, 'implementation_mechanism': 1, 'theoretical_insight': 1}"
1011,7,7,de:29 & im:10 & pr:19 & pr:33 & th:5 & va:1,"{'problem_analysis': 2, 'validation_evidence': 1, 'implementation_mechanism': 1}"
1012,7,8,de:23 & im:38 & pr:33 & pr:6 & th:12 & va:2,"{'problem_analysis': 2, 'validation_evidence': 1, 'theoretical_insight': 1}"
1013,7,6,de:37 & im:1 & pr:25 & pr:33 & th:37 & va:39,"{'problem_analysis': 2, 'design_rationale': 1, 'implementation_mechanism': 1}"
1014,7,9,de:16 & im:4 & pr:33 & pr:6 & va:9,"{'problem_analysis': 2, 'implementation_mechanism': 1, 'validation_evidence': 1}"
1015,7,9,de:15 & im:10 & pr:33 & pr:6 & th:11 & va:10,"{'problem_analysis': 2, 'validation_evidence': 1, 'implementation_mechanism': 1}"
1016,7,8,de:14 & im:25 & pr:33 & pr:9 & th:26 & va:20,"{'problem_analysis': 2, 'implementation_mechanism': 1, 'design_rationale': 1}"
1017,7,9,de:20 & de:28 & im:19 & pr:12 & pr:24 & pr:33 & va:30,"{'problem_analysis': 3, 'design_rationale': 2, 'implementation_mechanism': 1}"
1018,7,7,de:11 & pr:33 & pr:9 & th:14 & th:2 & va:2,"{'theoretical_insight': 2, 'problem_analysis': 2, 'validation_evidence': 1}"
1019,7,9,de:37 & im:8 & pr:19 & pr:33 & th:28 & va:1,"{'problem_analysis': 2, 'implementation_mechanism': 1, 'validation_evidence': 1}"
1020,7,8,de:14 & im:25 & pr:33 & pr:7 & th:26 & va:20,"{'problem_analysis': 2, 'implementation_mechanism': 1, 'design_rationale': 1}"
1021,7,9,de:11 & im:1 & pr:10 & pr:31 & pr:33 & th:27 & va:22,"{'problem_analysis': 3, 'design_rationale': 1, 'implementation_mechanism': 1}"
1022,7,8,de:22 & im:31 & pr:31 & pr:33 & th:2 & va:4,"{'problem_analysis': 2, 'implementation_mechanism': 1, 'theoretical_insight': 1}"
1023,7,8,de:37 & im:1 & pr:12 & pr:33 & pr:7 & th:6 & va:1,"{'problem_analysis': 3, 'theoretical_insight': 1, 'validation_evidence': 1}"
1024,7,8,de:3 & im:8 & pr:33 & pr:39 & pr:7 & th:36 & va:0,"{'problem_analysis': 3, 'implementation_mechanism': 1, 'design_rationale': 1}"
1025,7,11,de:14 & im:20 & pr:19 & pr:33 & pr:9 & th:14 & th:26 & va:19,"{'problem_analysis': 3, 'theoretical_insight': 2, 'validation_evidence': 1}"
1026,7,8,de:7 & im:7 & pr:11 & pr:14 & pr:33 & pr:6 & th:12 & va:18,"{'problem_analysis': 4, 'theoretical_insight': 1, 'design_rationale': 1}"
1027,7,7,de:16 & im:4 & pr:31,"{'design_rationale': 1, 'implementation_mechanism': 1, 'problem_analysis': 1}"
1028,7,7,de:15 & pr:31 & pr:6 & th:1,"{'problem_analysis': 2, 'design_rationale': 1, 'theoretical_insight': 1}"
1029,7,7,de:3 & im:16 & pr:31 & pr:7 & va:0,"{'problem_analysis': 2, 'implementation_mechanism': 1, 'design_rationale': 1}"
1030,7,8,de:16 & pr:12 & pr:31 & th:2 & va:2,"{'problem_analysis': 2, 'validation_evidence': 1, 'theoretical_insight': 1}"
1031,7,8,de:16 & im:31 & pr:12 & pr:31 & th:4,"{'problem_analysis': 2, 'theoretical_insight': 1, 'design_rationale': 1}"
1032,7,7,de:25 & im:34 & pr:31 & pr:4 & th:21 & va:27,"{'problem_analysis': 2, 'implementation_mechanism': 1, 'theoretical_insight': 1}"
1033,7,7,de:20 & im:7 & pr:31 & pr:6 & th:12 & va:0,"{'problem_analysis': 2, 'theoretical_insight': 1, 'design_rationale': 1}"
1034,7,8,de:20 & im:4 & pr:11 & pr:31 & th:12,"{'problem_analysis': 2, 'design_rationale': 1, 'theoretical_insight': 1}"
1035,7,7,de:37 & im:28 & pr:31 & pr:7 & th:6 & va:1,"{'problem_analysis': 2, 'theoretical_insight': 1, 'validation_evidence': 1}"
1036,7,7,de:4 & im:7 & pr:31 & pr:6 & th:12 & va:30,"{'problem_analysis': 2, 'design_rationale': 1, 'theoretical_insight': 1}"
1037,7,8,de:13 & im:1 & pr:31 & pr:7 & th:37 & va:39,"{'problem_analysis': 2, 'design_rationale': 1, 'implementation_mechanism': 1}"
1038,7,8,de:22 & im:23 & pr:13 & pr:31 & th:4 & va:38,"{'problem_analysis': 2, 'design_rationale': 1, 'validation_evidence': 1}"
1039,7,8,de:7 & im:7 & pr:11 & pr:14 & pr:31 & pr:6 & th:12 & va:18,"{'problem_analysis': 4, 'theoretical_insight': 1, 'design_rationale': 1}"
1040,7,6,de:16 & pr:12 & pr:19,"{'problem_analysis': 2, 'design_rationale': 1}"
1041,7,6,de:6 & im:21 & pr:19 & pr:32 & th:1 & va:8,"{'problem_analysis': 2, 'validation_evidence': 1, 'implementation_mechanism': 1}"
1042,7,6,de:7 & im:7 & pr:19 & pr:27 & th:12 & va:28,"{'problem_analysis': 2, 'theoretical_insight': 1, 'design_rationale': 1}"
1043,7,11,de:14 & im:25 & pr:19 & pr:9 & th:26 & va:20,"{'problem_analysis': 2, 'implementation_mechanism': 1, 'design_rationale': 1}"
1044,7,6,de:15 & de:25 & im:34 & im:4 & pr:32 & pr:6 & th:11 & th:21 & th:33 & va:9,"{'theoretical_insight': 3, 'problem_analysis': 2, 'implementation_mechanism': 2}"
1045,7,4,de:7 & im:7 & pr:12 & pr:27 & th:12 & va:28,"{'problem_analysis': 2, 'theoretical_insight': 1, 'design_rationale': 1}"
1046,7,8,de:20 & im:19 & pr:11 & pr:12 & th:12 & va:9,"{'problem_analysis': 2, 'implementation_mechanism': 1, 'design_rationale': 1}"
1047,7,6,de:15 & im:4 & pr:12 & pr:31 & th:2 & va:32,"{'problem_analysis': 2, 'theoretical_insight': 1, 'validation_evidence': 1}"
1048,7,3,de:9 & im:4 & pr:12 & pr:6 & th:12 & va:10,"{'problem_analysis': 2, 'validation_evidence': 1, 'theoretical_insight': 1}"
1049,7,3,de:9 & im:19 & pr:12 & pr:6 & th:12 & va:10,"{'problem_analysis': 2, 'validation_evidence': 1, 'theoretical_insight': 1}"
1050,7,5,de:20 & im:19 & pr:11 & pr:12 & pr:8 & th:2 & va:9,"{'problem_analysis': 3, 'theoretical_insight': 1, 'design_rationale': 1}"
1051,7,7,de:7 & im:7 & pr:11 & pr:12 & pr:14 & pr:6 & th:12 & va:18,"{'problem_analysis': 4, 'theoretical_insight': 1, 'design_rationale': 1}"
1052,7,3,de:23 & im:26 & pr:22 & th:33 & va:2,"{'validation_evidence': 1, 'theoretical_insight': 1, 'problem_analysis': 1}"
1053,7,5,de:20 & im:20 & pr:24 & th:1 & va:30,"{'problem_analysis': 1, 'design_rationale': 1, 'theoretical_insight': 1}"
1054,7,8,de:14 & im:20 & pr:12 & pr:9 & th:14 & va:19,"{'problem_analysis': 2, 'validation_evidence': 1, 'design_rationale': 1}"
1055,7,4,de:22 & im:31 & pr:13 & th:4 & va:0,"{'design_rationale': 1, 'theoretical_insight': 1, 'implementation_mechanism': 1}"
1056,7,7,de:11 & pr:12 & pr:9 & th:14 & th:2 & va:2,"{'problem_analysis': 2, 'theoretical_insight': 2, 'validation_evidence': 1}"
1057,7,6,de:22 & im:31 & pr:3 & th:4 & va:11,"{'design_rationale': 1, 'validation_evidence': 1, 'theoretical_insight': 1}"
1058,7,6,de:30 & im:8 & pr:1 & th:7 & va:6,"{'problem_analysis': 1, 'implementation_mechanism': 1, 'design_rationale': 1}"
1059,7,2,de:3 & im:16 & pr:2 & th:19 & va:26,"{'implementation_mechanism': 1, 'theoretical_insight': 1, 'validation_evidence': 1}"
1060,7,4,de:1 & im:13 & im:18 & pr:2 & th:34 & va:26 & va:8,"{'validation_evidence': 2, 'implementation_mechanism': 2, 'theoretical_insight': 1}"
1061,7,10,de:15 & im:7 & pr:11 & pr:6 & th:12 & va:10,"{'problem_analysis': 2, 'validation_evidence': 1, 'theoretical_insight': 1}"
1062,7,7,de:37 & im:1 & pr:12 & pr:20 & pr:4 & th:6 & va:1,"{'problem_analysis': 3, 'theoretical_insight': 1, 'validation_evidence': 1}"
1063,7,10,de:6 & im:21 & pr:27 & pr:30 & th:1 & va:18,"{'problem_analysis': 2, 'implementation_mechanism': 1, 'theoretical_insight': 1}"
1064,7,10,de:6 & im:31 & pr:27 & pr:30 & th:5 & va:0,"{'problem_analysis': 2, 'theoretical_insight': 1, 'design_rationale': 1}"
1065,7,10,de:6 & im:21 & pr:27 & pr:4 & th:1 & va:28,"{'problem_analysis': 2, 'implementation_mechanism': 1, 'theoretical_insight': 1}"
1066,7,10,de:9 & im:35 & pr:11 & pr:27 & th:2 & va:9,"{'problem_analysis': 2, 'theoretical_insight': 1, 'design_rationale': 1}"
1067,7,13,de:37 & im:1 & pr:12 & pr:18 & pr:27 & th:6 & va:17,"{'problem_analysis': 3, 'theoretical_insight': 1, 'validation_evidence': 1}"
1068,7,11,de:37 & im:1 & pr:27 & pr:9 & th:6 & va:17,"{'problem_analysis': 2, 'theoretical_insight': 1, 'validation_evidence': 1}"
1069,7,5,de:22 & im:31 & pr:13 & th:32 & va:7,"{'design_rationale': 1, 'validation_evidence': 1, 'theoretical_insight': 1}"
1070,7,2,de:37 & im:0 & pr:8 & th:6 & va:15,"{'implementation_mechanism': 1, 'theoretical_insight': 1, 'design_rationale': 1}"
1071,7,7,de:16 & im:4 & pr:11,"{'design_rationale': 1, 'problem_analysis': 1, 'implementation_mechanism': 1}"
1072,7,6,de:20 & im:19 & pr:11 & pr:27 & th:12,"{'problem_analysis': 2, 'implementation_mechanism': 1, 'design_rationale': 1}"
1073,7,7,im:4 & pr:11 & pr:31 & th:9 & va:10,"{'problem_analysis': 2, 'validation_evidence': 1, 'implementation_mechanism': 1}"
1074,7,7,de:16 & pr:11 & pr:12 & th:2 & va:2,"{'problem_analysis': 2, 'validation_evidence': 1, 'theoretical_insight': 1}"
1075,7,7,de:16 & im:31 & pr:11 & pr:12 & th:4,"{'problem_analysis': 2, 'theoretical_insight': 1, 'design_rationale': 1}"
1076,7,7,de:25 & im:34 & pr:11 & pr:4 & th:21 & va:27,"{'problem_analysis': 2, 'implementation_mechanism': 1, 'theoretical_insight': 1}"
1077,7,9,de:3 & im:16 & pr:11 & pr:39 & th:36 & va:0,"{'problem_analysis': 2, 'implementation_mechanism': 1, 'design_rationale': 1}"
1078,7,7,de:15 & im:4 & pr:11 & pr:31 & th:9 & va:32,"{'problem_analysis': 2, 'validation_evidence': 1, 'implementation_mechanism': 1}"
1079,7,9,de:11 & im:1 & pr:10 & pr:11 & pr:31 & th:27 & va:22,"{'problem_analysis': 3, 'design_rationale': 1, 'implementation_mechanism': 1}"
1080,7,11,de:13 & de:15 & im:1 & im:4 & pr:19 & pr:37 & pr:6 & th:0 & th:11 & va:10,"{'problem_analysis': 3, 'design_rationale': 2, 'theoretical_insight': 2}"
1081,7,5,de:37 & im:1 & pr:32 & th:6 & va:17,"{'theoretical_insight': 1, 'validation_evidence': 1, 'problem_analysis': 1}"
1082,7,6,de:15 & de:25 & im:34 & im:4 & pr:32 & pr:4 & pr:6 & th:11 & th:21 & th:33 & va:9,"{'problem_analysis': 3, 'theoretical_insight': 3, 'implementation_mechanism': 2}"
1083,7,11,de:16 & im:31 & pr:12 & pr:27 & th:4,"{'problem_analysis': 2, 'theoretical_insight': 1, 'design_rationale': 1}"
1084,7,11,de:15 & de:20 & im:19 & im:4 & pr:11 & pr:27 & pr:6 & th:11 & th:2 & va:10,"{'problem_analysis': 3, 'theoretical_insight': 2, 'design_rationale': 2}"
1085,7,7,de:15 & im:4 & pr:12 & pr:31 & pr:6 & th:11 & va:9,"{'problem_analysis': 3, 'implementation_mechanism': 1, 'theoretical_insight': 1}"
1086,7,8,im:4 & pr:27 & pr:31 & th:9 & va:10,"{'problem_analysis': 2, 'validation_evidence': 1, 'implementation_mechanism': 1}"
1087,7,8,de:15 & im:4 & pr:27 & pr:31 & th:9 & va:32,"{'problem_analysis': 2, 'validation_evidence': 1, 'implementation_mechanism': 1}"
1088,7,10,de:37 & im:1 & pr:12 & pr:27 & pr:7 & th:6 & va:1,"{'problem_analysis': 3, 'theoretical_insight': 1, 'validation_evidence': 1}"
1089,7,2,de:9 & im:4 & pr:6 & th:11 & va:10,"{'validation_evidence': 1, 'design_rationale': 1, 'implementation_mechanism': 1}"
1090,7,4,de:16 & im:4 & pr:27 & pr:31 & th:12,"{'problem_analysis': 2, 'theoretical_insight': 1, 'implementation_mechanism': 1}"
1091,7,10,de:11 & de:13 & de:15 & im:1 & im:4 & pr:12 & pr:6 & pr:7 & th:11 & th:14 & th:37 & va:32,"{'design_rationale': 3, 'problem_analysis': 3, 'theoretical_insight': 3}"
1092,7,8,de:15 & im:4 & pr:11 & pr:3 & pr:6 & th:11 & th:12 & va:10,"{'problem_analysis': 3, 'theoretical_insight': 2, 'validation_evidence': 1}"
1093,7,9,de:15 & im:4 & pr:11 & pr:6 & th:11 & th:12 & th:2 & va:10,"{'theoretical_insight': 3, 'problem_analysis': 2, 'validation_evidence': 1}"
1094,7,1,de:37 & im:1 & pr:7 & th:13 & va:1,"{'validation_evidence': 1, 'problem_analysis': 1, 'design_rationale': 1}"
1095,6,2,de:25 & im:34 & pr:4 & th:21 & va:33,"{'problem_analysis': 1, 'implementation_mechanism': 1, 'theoretical_insight': 1}"
1096,6,9,im:4 & pr:23 & pr:31 & th:9 & va:10,"{'problem_analysis': 2, 'validation_evidence': 1, 'implementation_mechanism': 1}"
1097,6,9,de:16 & pr:12 & pr:23 & th:2 & va:2,"{'problem_analysis': 2, 'validation_evidence': 1, 'theoretical_insight': 1}"
1098,6,9,de:16 & im:31 & pr:12 & pr:23 & th:4,"{'problem_analysis': 2, 'theoretical_insight': 1, 'design_rationale': 1}"
1099,6,9,de:15 & im:4 & pr:23 & pr:31 & th:12 & va:10,"{'problem_analysis': 2, 'validation_evidence': 1, 'theoretical_insight': 1}"
1100,6,9,de:15 & im:4 & pr:23 & pr:31 & th:9 & va:32,"{'problem_analysis': 2, 'validation_evidence': 1, 'implementation_mechanism': 1}"
1101,6,9,de:29 & im:10 & pr:19 & pr:23 & th:5 & va:1,"{'problem_analysis': 2, 'validation_evidence': 1, 'implementation_mechanism': 1}"
1102,6,10,de:23 & im:38 & pr:23 & pr:6 & th:12 & va:2,"{'problem_analysis': 2, 'validation_evidence': 1, 'theoretical_insight': 1}"
1103,6,11,de:14 & im:25 & pr:23 & pr:9 & th:26 & va:20,"{'problem_analysis': 2, 'implementation_mechanism': 1, 'design_rationale': 1}"
1104,6,9,de:11 & pr:23 & pr:9 & th:14 & th:2 & va:2,"{'theoretical_insight': 2, 'problem_analysis': 2, 'validation_evidence': 1}"
1105,6,11,de:37 & im:8 & pr:19 & pr:23 & th:28 & va:1,"{'problem_analysis': 2, 'implementation_mechanism': 1, 'validation_evidence': 1}"
1106,6,9,de:14 & im:25 & pr:23 & pr:7 & th:26 & va:20,"{'problem_analysis': 2, 'implementation_mechanism': 1, 'design_rationale': 1}"
1107,6,10,de:37 & im:1 & pr:12 & pr:23 & pr:7 & th:6 & va:1,"{'problem_analysis': 3, 'theoretical_insight': 1, 'validation_evidence': 1}"
1108,6,6,de:16 & im:1 & pr:6 & pr:9 & th:14 & va:37,"{'problem_analysis': 2, 'implementation_mechanism': 1, 'validation_evidence': 1}"
1109,6,10,de:37 & im:1 & pr:6 & pr:9 & th:6 & va:17,"{'problem_analysis': 2, 'theoretical_insight': 1, 'validation_evidence': 1}"
1110,6,10,de:20 & im:19 & pr:11 & pr:7 & th:12 & va:9,"{'problem_analysis': 2, 'design_rationale': 1, 'implementation_mechanism': 1}"
1111,6,8,de:15 & im:4 & pr:31 & pr:7 & th:9 & va:10,"{'problem_analysis': 2, 'validation_evidence': 1, 'implementation_mechanism': 1}"
1112,6,10,de:37 & im:3 & pr:19 & pr:7 & th:6 & va:1,"{'problem_analysis': 2, 'theoretical_insight': 1, 'validation_evidence': 1}"
1113,6,11,de:14 & im:25 & pr:7 & pr:9 & th:26 & va:20,"{'problem_analysis': 2, 'implementation_mechanism': 1, 'design_rationale': 1}"
1114,6,5,de:15 & im:4 & pr:31 & pr:7 & th:11 & va:9,"{'problem_analysis': 2, 'implementation_mechanism': 1, 'theoretical_insight': 1}"
1115,6,8,de:7 & im:10 & pr:19 & pr:7 & th:37 & va:37,"{'problem_analysis': 2, 'design_rationale': 1, 'implementation_mechanism': 1}"
1116,6,8,de:15 & im:4 & pr:27 & pr:6 & pr:7 & th:12 & th:2 & va:10,"{'problem_analysis': 3, 'theoretical_insight': 2, 'validation_evidence': 1}"
1117,6,7,de:16 & im:38 & pr:12 & pr:19 & th:12 & va:2,"{'problem_analysis': 2, 'validation_evidence': 1, 'theoretical_insight': 1}"
1118,6,8,de:38 & de:6 & im:10 & im:3 & pr:19 & pr:31 & pr:32 & pr:4 & va:0 & va:23,"{'problem_analysis': 4, 'design_rationale': 2, 'implementation_mechanism': 2}"
1119,6,7,de:3 & im:33 & pr:19 & pr:2 & pr:39 & th:34 & va:26,"{'problem_analysis': 3, 'implementation_mechanism': 1, 'theoretical_insight': 1}"
1120,6,6,de:3 & de:37 & im:1 & im:16 & pr:12 & pr:30 & pr:6 & th:36 & th:6 & va:15,"{'problem_analysis': 3, 'implementation_mechanism': 2, 'theoretical_insight': 2}"
1121,6,5,de:15 & de:3 & de:37 & im:1 & im:16 & im:4 & pr:12 & pr:30 & pr:31 & th:36 & th:6 & th:9 & va:10 & va:15,"{'implementation_mechanism': 3, 'theoretical_insight': 3, 'problem_analysis': 3}"
1122,6,6,de:15 & de:3 & de:37 & im:1 & im:16 & im:4 & pr:12 & pr:30 & pr:6 & th:11 & th:36 & th:6 & va:15,"{'implementation_mechanism': 3, 'theoretical_insight': 3, 'problem_analysis': 3}"
1123,6,2,de:15 & de:3 & de:37 & im:1 & im:16 & im:4 & pr:12 & pr:30 & pr:31 & th:11 & th:36 & th:6 & va:15 & va:9,"{'implementation_mechanism': 3, 'theoretical_insight': 3, 'problem_analysis': 3}"
1124,6,4,de:3 & de:34 & de:37 & im:1 & im:10 & im:16 & pr:10 & pr:19 & pr:30 & pr:7 & th:13 & th:3 & th:36 & va:15 & va:4,"{'problem_analysis': 4, 'implementation_mechanism': 3, 'theoretical_insight': 3}"
1125,6,5,de:13 & im:1 & pr:19 & pr:33 & th:6 & va:17,"{'problem_analysis': 2, 'design_rationale': 1, 'theoretical_insight': 1}"
1126,6,5,de:7 & im:31 & pr:13 & pr:19 & th:4 & va:7,"{'problem_analysis': 2, 'design_rationale': 1, 'validation_evidence': 1}"
1127,6,5,de:7 & im:4 & pr:13 & pr:19 & th:4 & va:10,"{'problem_analysis': 2, 'validation_evidence': 1, 'design_rationale': 1}"
1128,6,3,de:37 & im:1 & pr:19 & pr:37 & th:6 & va:39,"{'problem_analysis': 2, 'theoretical_insight': 1, 'design_rationale': 1}"
1129,6,1,de:3 & im:3 & pr:14 & th:34 & va:1,"{'validation_evidence': 1, 'theoretical_insight': 1, 'problem_analysis': 1}"
1130,6,2,pr:19 & th:33 & va:17,"{'validation_evidence': 1, 'problem_analysis': 1, 'theoretical_insight': 1}"
1131,6,2,de:3 & im:33 & pr:0 & th:34 & va:26,"{'implementation_mechanism': 1, 'theoretical_insight': 1, 'validation_evidence': 1}"
1132,6,2,de:22 & im:31 & pr:13 & th:30 & va:7,"{'design_rationale': 1, 'validation_evidence': 1, 'theoretical_insight': 1}"
1133,6,7,de:37 & im:1 & pr:7 & th:6 & va:39,"{'theoretical_insight': 1, 'problem_analysis': 1, 'design_rationale': 1}"
1134,6,6,de:15 & im:4 & pr:27 & pr:6 & th:11 & th:12 & th:2 & va:10 & va:9,"{'theoretical_insight': 3, 'validation_evidence': 2, 'problem_analysis': 2}"
1135,6,6,de:16 & im:1 & pr:12 & pr:23 & th:31 & va:39,"{'problem_analysis': 2, 'implementation_mechanism': 1, 'design_rationale': 1}"
1136,6,8,de:15 & im:4 & pr:23 & pr:6 & th:11,"{'problem_analysis': 2, 'implementation_mechanism': 1, 'theoretical_insight': 1}"
1137,6,5,de:29 & de:37 & im:1 & pr:37 & pr:9 & th:14 & th:6 & va:17,"{'theoretical_insight': 2, 'problem_analysis': 2, 'design_rationale': 2}"
1138,6,9,de:3 & im:16 & pr:0 & pr:39 & th:36 & va:26,"{'problem_analysis': 2, 'implementation_mechanism': 1, 'design_rationale': 1}"
1139,6,2,de:1 & im:1 & pr:13 & th:23 & va:4,"{'problem_analysis': 1, 'validation_evidence': 1, 'implementation_mechanism': 1}"
1140,6,4,de:1 & de:34 & im:10 & pr:10 & pr:13 & pr:18 & pr:19 & pr:36 & th:23 & th:3 & th:6 & va:4,"{'problem_analysis': 5, 'theoretical_insight': 3, 'design_rationale': 2}"
1141,6,9,de:16 & im:31 & pr:12 & pr:9 & th:4,"{'problem_analysis': 2, 'theoretical_insight': 1, 'design_rationale': 1}"
1142,6,5,im:31 & pr:13 & pr:9 & th:4,"{'problem_analysis': 2, 'theoretical_insight': 1, 'implementation_mechanism': 1}"
1143,6,8,de:29 & im:12 & pr:0 & pr:9 & th:5 & va:0,"{'problem_analysis': 2, 'implementation_mechanism': 1, 'theoretical_insight': 1}"
1144,6,9,de:25 & im:34 & pr:4 & pr:9 & th:21 & va:27,"{'problem_analysis': 2, 'implementation_mechanism': 1, 'theoretical_insight': 1}"
1145,6,9,de:15 & im:4 & pr:31 & pr:9 & th:12 & va:10,"{'problem_analysis': 2, 'validation_evidence': 1, 'theoretical_insight': 1}"
1146,6,9,de:16 & im:4 & pr:7 & pr:9 & th:37 & va:2,"{'problem_analysis': 2, 'validation_evidence': 1, 'implementation_mechanism': 1}"
1147,6,11,de:22 & im:31 & pr:31 & pr:9 & th:2,"{'problem_analysis': 2, 'theoretical_insight': 1, 'design_rationale': 1}"
1148,6,9,de:15 & im:4 & pr:31 & pr:9 & th:9 & va:32,"{'problem_analysis': 2, 'validation_evidence': 1, 'implementation_mechanism': 1}"
1149,6,5,de:20 & im:19 & pr:35 & pr:9 & th:12 & va:2,"{'problem_analysis': 2, 'validation_evidence': 1, 'theoretical_insight': 1}"
1150,6,10,de:23 & im:38 & pr:6 & pr:9 & th:12 & va:2,"{'problem_analysis': 2, 'validation_evidence': 1, 'theoretical_insight': 1}"
1151,6,11,de:22 & im:31 & pr:31 & pr:9 & th:2 & va:4,"{'problem_analysis': 2, 'theoretical_insight': 1, 'design_rationale': 1}"
1152,6,12,de:11 & im:1 & pr:10 & pr:31 & pr:9 & th:27 & va:22,"{'problem_analysis': 3, 'design_rationale': 1, 'implementation_mechanism': 1}"
1153,6,6,de:15 & im:4 & pr:6 & pr:9 & th:1 & va:10,"{'problem_analysis': 2, 'validation_evidence': 1, 'implementation_mechanism': 1}"
1154,6,5,pr:16 & pr:27,{'problem_analysis': 2}
1155,6,6,de:37 & im:28 & pr:20 & pr:27 & th:38,"{'problem_analysis': 2, 'design_rationale': 1, 'implementation_mechanism': 1}"
1156,6,6,de:15 & im:4 & pr:27 & pr:6 & th:0,"{'problem_analysis': 2, 'theoretical_insight': 1, 'implementation_mechanism': 1}"
1157,6,7,de:37 & im:1 & pr:19 & pr:27 & th:6 & va:1,"{'problem_analysis': 2, 'theoretical_insight': 1, 'validation_evidence': 1}"
1158,6,7,de:37 & im:1 & pr:19 & pr:27 & th:6 & va:39,"{'problem_analysis': 2, 'theoretical_insight': 1, 'design_rationale': 1}"
1159,6,6,de:8 & im:16 & pr:0 & pr:27 & th:7 & va:34,"{'problem_analysis': 2, 'implementation_mechanism': 1, 'validation_evidence': 1}"
1160,6,8,de:37 & im:1 & pr:27 & pr:7 & th:37 & va:1,"{'problem_analysis': 2, 'validation_evidence': 1, 'design_rationale': 1}"
1161,6,9,de:37 & im:1 & pr:27 & pr:7 & th:37 & va:39,"{'problem_analysis': 2, 'design_rationale': 1, 'implementation_mechanism': 1}"
1162,6,4,de:1 & im:1 & pr:13 & pr:27 & pr:36 & th:23 & va:4,"{'problem_analysis': 3, 'validation_evidence': 1, 'implementation_mechanism': 1}"
1163,6,4,de:16 & im:1 & pr:7 & th:31 & va:39,"{'problem_analysis': 1, 'implementation_mechanism': 1, 'design_rationale': 1}"
1164,6,6,im:28 & pr:12 & pr:19 & va:3,"{'problem_analysis': 2, 'validation_evidence': 1, 'implementation_mechanism': 1}"
1165,6,6,de:14 & im:20 & pr:19 & pr:9 & th:29 & va:19,"{'problem_analysis': 2, 'validation_evidence': 1, 'design_rationale': 1}"
1166,6,3,de:15 & de:37 & im:4 & pr:19 & pr:31 & pr:6 & pr:7 & th:11 & th:6 & va:10,"{'problem_analysis': 4, 'theoretical_insight': 2, 'design_rationale': 2}"
1167,6,4,de:34 & de:37 & im:10 & pr:10 & pr:19 & pr:7 & th:3 & th:6 & va:4,"{'problem_analysis': 3, 'theoretical_insight': 2, 'design_rationale': 2}"
1168,6,4,de:6 & im:21 & pr:0 & pr:33 & th:1,"{'problem_analysis': 2, 'implementation_mechanism': 1, 'theoretical_insight': 1}"
1169,6,4,de:3 & im:16 & pr:0 & pr:33 & th:1 & va:0,"{'problem_analysis': 2, 'implementation_mechanism': 1, 'design_rationale': 1}"
1170,6,4,de:22 & im:31 & pr:0 & pr:33 & th:1 & va:7,"{'problem_analysis': 2, 'implementation_mechanism': 1, 'design_rationale': 1}"
1171,6,5,de:20 & im:19 & pr:19 & pr:27 & th:12,"{'problem_analysis': 2, 'theoretical_insight': 1, 'design_rationale': 1}"
1172,6,6,de:3 & im:12 & pr:10 & pr:19 & th:7 & va:0,"{'problem_analysis': 2, 'implementation_mechanism': 1, 'design_rationale': 1}"
1173,6,4,de:15 & im:4 & pr:13 & pr:31 & th:2 & va:10,"{'problem_analysis': 2, 'theoretical_insight': 1, 'validation_evidence': 1}"
1174,6,4,de:15 & im:4 & pr:13 & pr:6 & th:11 & va:9,"{'problem_analysis': 2, 'implementation_mechanism': 1, 'theoretical_insight': 1}"
1175,6,8,pr:12 & pr:33 & th:2,"{'problem_analysis': 2, 'theoretical_insight': 1}"
1176,6,6,de:16 & pr:12 & pr:33 & th:2 & va:2,"{'problem_analysis': 2, 'validation_evidence': 1, 'theoretical_insight': 1}"
1177,6,6,de:6 & im:21 & pr:32 & pr:33 & th:1 & va:8,"{'problem_analysis': 2, 'validation_evidence': 1, 'implementation_mechanism': 1}"
1178,6,6,de:37 & im:1 & pr:12 & pr:33 & th:6 & va:15,"{'problem_analysis': 2, 'theoretical_insight': 1, 'design_rationale': 1}"
1179,6,6,de:15 & im:4 & pr:31 & pr:33 & th:12 & va:10,"{'problem_analysis': 2, 'validation_evidence': 1, 'theoretical_insight': 1}"
1180,6,5,de:22 & im:31 & pr:32 & pr:33 & th:4 & va:23,"{'problem_analysis': 2, 'implementation_mechanism': 1, 'design_rationale': 1}"
1181,6,5,de:3 & im:16 & pr:33 & pr:7 & th:36 & va:0,"{'problem_analysis': 2, 'implementation_mechanism': 1, 'design_rationale': 1}"
1182,6,5,de:29 & im:16 & pr:33 & pr:39 & th:36 & va:26,"{'problem_analysis': 2, 'implementation_mechanism': 1, 'validation_evidence': 1}"
1183,6,5,de:6 & im:21 & pr:30 & pr:33 & th:1 & va:18,"{'problem_analysis': 2, 'implementation_mechanism': 1, 'theoretical_insight': 1}"
1184,6,5,de:6 & im:31 & pr:30 & pr:33 & th:5 & va:0,"{'problem_analysis': 2, 'implementation_mechanism': 1, 'theoretical_insight': 1}"
1185,6,5,de:6 & im:21 & pr:33 & pr:4 & th:1 & va:28,"{'problem_analysis': 2, 'implementation_mechanism': 1, 'theoretical_insight': 1}"
1186,6,6,de:15 & pr:33 & pr:6 & th:11 & va:32,"{'problem_analysis': 2, 'validation_evidence': 1, 'theoretical_insight': 1}"
1187,6,4,de:37 & im:3 & pr:19 & pr:33 & th:6 & va:1,"{'problem_analysis': 2, 'theoretical_insight': 1, 'validation_evidence': 1}"
1188,6,4,de:3 & im:16 & pr:23 & pr:33 & th:36 & va:0,"{'problem_analysis': 2, 'implementation_mechanism': 1, 'design_rationale': 1}"
1189,6,4,de:15 & im:4 & pr:31 & pr:33 & th:9 & va:31,"{'problem_analysis': 2, 'implementation_mechanism': 1, 'design_rationale': 1}"
1190,6,4,de:29 & im:10 & pr:14 & pr:33 & th:8 & va:20,"{'problem_analysis': 2, 'theoretical_insight': 1, 'implementation_mechanism': 1}"
1191,6,4,de:8 & im:39 & pr:10 & pr:33 & th:28 & va:1,"{'problem_analysis': 2, 'design_rationale': 1, 'validation_evidence': 1}"
1192,6,4,de:7 & im:7 & pr:27 & pr:33 & th:12 & va:28,"{'problem_analysis': 2, 'theoretical_insight': 1, 'design_rationale': 1}"
1193,6,4,de:22 & im:9 & pr:13 & pr:33 & th:4 & va:15,"{'problem_analysis': 2, 'design_rationale': 1, 'theoretical_insight': 1}"
1194,6,4,de:37 & im:1 & pr:33 & pr:7 & th:6 & va:17,"{'problem_analysis': 2, 'theoretical_insight': 1, 'validation_evidence': 1}"
1195,6,4,de:16 & im:4 & pr:31 & pr:33 & th:2 & va:10,"{'problem_analysis': 2, 'theoretical_insight': 1, 'validation_evidence': 1}"
1196,6,4,de:16 & im:4 & pr:33 & pr:4 & th:12 & va:12,"{'problem_analysis': 2, 'validation_evidence': 1, 'theoretical_insight': 1}"
1197,6,4,de:9 & im:19 & pr:33 & pr:4 & th:12 & va:30,"{'problem_analysis': 2, 'theoretical_insight': 1, 'implementation_mechanism': 1}"
1198,6,4,de:9 & im:35 & pr:33 & pr:6 & th:12 & va:2,"{'problem_analysis': 2, 'validation_evidence': 1, 'theoretical_insight': 1}"
1199,6,7,de:15 & im:4 & pr:33 & pr:7 & th:2 & va:2,"{'problem_analysis': 2, 'validation_evidence': 1, 'theoretical_insight': 1}"
1200,6,5,de:37 & im:20 & pr:16 & pr:33 & th:8 & va:20,"{'problem_analysis': 2, 'theoretical_insight': 1, 'design_rationale': 1}"
1201,6,4,de:8 & im:3 & pr:16 & pr:33 & th:13 & va:1,"{'problem_analysis': 2, 'design_rationale': 1, 'validation_evidence': 1}"
1202,6,5,de:22 & im:23 & pr:13 & pr:33 & th:4 & va:38,"{'problem_analysis': 2, 'design_rationale': 1, 'validation_evidence': 1}"
1203,6,5,de:5 & im:1 & pr:12 & pr:33 & th:6 & va:1,"{'problem_analysis': 2, 'theoretical_insight': 1, 'design_rationale': 1}"
1204,6,4,de:11 & im:1 & im:26 & pr:12 & pr:33 & va:17,"{'problem_analysis': 2, 'implementation_mechanism': 2, 'design_rationale': 1}"
1205,6,7,de:37 & im:1 & pr:12 & pr:33 & th:6 & va:17,"{'problem_analysis': 2, 'theoretical_insight': 1, 'validation_evidence': 1}"
1206,6,5,de:37 & im:0 & pr:19 & pr:33 & pr:7 & th:6 & va:1,"{'problem_analysis': 3, 'implementation_mechanism': 1, 'theoretical_insight': 1}"
1207,6,5,de:37 & im:1 & pr:33 & pr:9 & th:6 & va:17,"{'problem_analysis': 2, 'theoretical_insight': 1, 'validation_evidence': 1}"
1208,6,7,de:15 & im:7 & pr:33 & pr:6 & th:12 & va:10,"{'problem_analysis': 2, 'validation_evidence': 1, 'theoretical_insight': 1}"
1209,6,5,de:22 & im:31 & pr:3 & pr:33 & pr:6 & th:4 & va:18,"{'problem_analysis': 3, 'implementation_mechanism': 1, 'design_rationale': 1}"
1210,6,5,de:17 & im:7 & pr:11 & pr:27 & pr:33 & th:12 & va:9,"{'problem_analysis': 3, 'design_rationale': 1, 'theoretical_insight': 1}"
1211,6,5,pr:19 & pr:31,{'problem_analysis': 2}
1212,6,4,im:31 & pr:13 & pr:31 & th:4,"{'problem_analysis': 2, 'theoretical_insight': 1, 'implementation_mechanism': 1}"
1213,6,9,pr:12 & pr:31 & th:2,"{'problem_analysis': 2, 'theoretical_insight': 1}"
1214,6,6,de:15 & im:4 & pr:13 & pr:31 & th:4 & va:12,"{'problem_analysis': 2, 'validation_evidence': 1, 'implementation_mechanism': 1}"
1215,6,6,de:15 & im:19 & pr:31 & pr:6 & th:12 & va:10,"{'problem_analysis': 2, 'validation_evidence': 1, 'theoretical_insight': 1}"
1216,6,6,de:15 & pr:31 & pr:6 & th:11 & va:32,"{'problem_analysis': 2, 'validation_evidence': 1, 'theoretical_insight': 1}"
1217,6,5,de:15 & im:4 & pr:12 & pr:31 & th:2 & va:9,"{'problem_analysis': 2, 'theoretical_insight': 1, 'implementation_mechanism': 1}"
1218,6,5,de:37 & im:1 & pr:31 & pr:7 & th:6 & va:17,"{'problem_analysis': 2, 'theoretical_insight': 1, 'validation_evidence': 1}"
1219,6,8,de:17 & im:4 & pr:31 & pr:6 & th:12 & va:9,"{'problem_analysis': 2, 'design_rationale': 1, 'theoretical_insight': 1}"
1220,6,7,de:23 & im:38 & pr:31 & pr:6 & th:12 & va:2,"{'problem_analysis': 2, 'validation_evidence': 1, 'theoretical_insight': 1}"
1221,6,5,de:5 & im:1 & pr:12 & pr:31 & th:6 & va:1,"{'problem_analysis': 2, 'theoretical_insight': 1, 'design_rationale': 1}"
1222,6,6,de:11 & pr:31 & pr:9 & th:14 & th:2 & va:2,"{'theoretical_insight': 2, 'problem_analysis': 2, 'validation_evidence': 1}"
1223,6,7,de:17 & im:20 & pr:12 & pr:31 & th:12 & th:2 & va:3,"{'problem_analysis': 2, 'theoretical_insight': 2, 'design_rationale': 1}"
1224,6,7,de:37 & im:1 & pr:31 & pr:9 & th:6 & va:17,"{'problem_analysis': 2, 'theoretical_insight': 1, 'validation_evidence': 1}"
1225,6,8,de:15 & im:7 & pr:31 & pr:6 & th:12 & va:10,"{'problem_analysis': 2, 'validation_evidence': 1, 'theoretical_insight': 1}"
1226,6,6,de:15 & im:4 & pr:19 & pr:23 & pr:6 & th:11 & th:37 & va:10,"{'problem_analysis': 3, 'theoretical_insight': 2, 'validation_evidence': 1}"
1227,6,6,de:0 & im:3 & pr:19 & pr:3 & th:7 & va:23,"{'problem_analysis': 2, 'theoretical_insight': 1, 'validation_evidence': 1}"
1228,6,6,de:16 & pr:12 & pr:19 & th:2 & va:2,"{'problem_analysis': 2, 'validation_evidence': 1, 'theoretical_insight': 1}"
1229,6,5,de:37 & im:28 & pr:18 & pr:19 & th:6 & va:1,"{'problem_analysis': 2, 'theoretical_insight': 1, 'validation_evidence': 1}"
1230,6,5,de:29 & im:12 & pr:0 & pr:19 & th:5 & va:0,"{'problem_analysis': 2, 'implementation_mechanism': 1, 'theoretical_insight': 1}"
1231,6,5,de:16 & im:1 & pr:19 & pr:31 & th:2 & va:17,"{'problem_analysis': 2, 'theoretical_insight': 1, 'validation_evidence': 1}"
1232,6,3,de:15 & im:4 & pr:19 & pr:31 & th:2 & va:10,"{'problem_analysis': 2, 'theoretical_insight': 1, 'validation_evidence': 1}"
1233,6,6,de:9 & im:35 & pr:19 & pr:6 & th:12 & va:2,"{'problem_analysis': 2, 'validation_evidence': 1, 'theoretical_insight': 1}"
1234,6,2,de:15 & im:4 & pr:19 & pr:31 & th:11 & va:9,"{'problem_analysis': 2, 'implementation_mechanism': 1, 'theoretical_insight': 1}"
1235,6,5,de:37 & im:1 & pr:19 & pr:25 & th:37 & va:39,"{'problem_analysis': 2, 'design_rationale': 1, 'implementation_mechanism': 1}"
1236,6,4,de:25 & im:34 & pr:19 & pr:32 & th:21 & va:30,"{'problem_analysis': 2, 'implementation_mechanism': 1, 'theoretical_insight': 1}"
1237,6,5,de:15 & im:4 & pr:12 & pr:19 & th:2 & va:32,"{'problem_analysis': 2, 'theoretical_insight': 1, 'validation_evidence': 1}"
1238,6,6,de:7 & im:7 & pr:11 & pr:14 & pr:19 & pr:6 & th:12 & va:18,"{'problem_analysis': 4, 'theoretical_insight': 1, 'design_rationale': 1}"
1239,6,4,im:31 & pr:13 & pr:33 & th:4,"{'problem_analysis': 2, 'implementation_mechanism': 1, 'theoretical_insight': 1}"
1240,6,4,de:15 & de:16 & im:4 & pr:12 & pr:4 & pr:6 & th:11 & th:2 & va:9,"{'problem_analysis': 3, 'theoretical_insight': 2, 'design_rationale': 2}"
1241,6,5,de:16 & im:4 & pr:12,"{'design_rationale': 1, 'problem_analysis': 1, 'implementation_mechanism': 1}"
1242,6,3,de:7 & im:10 & pr:12 & pr:7 & th:37 & va:37,"{'problem_analysis': 2, 'implementation_mechanism': 1, 'design_rationale': 1}"
1243,6,6,de:25 & im:34 & pr:12 & pr:4 & th:21 & va:27,"{'problem_analysis': 2, 'implementation_mechanism': 1, 'theoretical_insight': 1}"
1244,6,7,de:11 & im:1 & pr:10 & pr:12 & pr:31 & th:27 & va:22,"{'problem_analysis': 3, 'design_rationale': 1, 'implementation_mechanism': 1}"
1245,6,9,de:15 & im:7 & pr:12 & pr:6 & th:12 & va:10,"{'problem_analysis': 2, 'validation_evidence': 1, 'theoretical_insight': 1}"
1246,6,8,de:3 & im:16 & pr:12 & pr:23 & pr:39 & th:36 & va:0 & va:38,"{'problem_analysis': 3, 'validation_evidence': 2, 'implementation_mechanism': 1}"
1247,6,5,pr:11 & pr:12 & th:12 & va:9,"{'problem_analysis': 2, 'validation_evidence': 1, 'theoretical_insight': 1}"
1248,6,5,de:3 & im:16 & pr:12 & pr:7 & va:0,"{'problem_analysis': 2, 'implementation_mechanism': 1, 'design_rationale': 1}"
1249,6,6,de:16 & im:1 & pr:12 & pr:31 & th:2 & va:17,"{'problem_analysis': 2, 'theoretical_insight': 1, 'validation_evidence': 1}"
1250,6,4,de:20 & im:20 & pr:12 & pr:9 & th:12 & va:9,"{'problem_analysis': 2, 'theoretical_insight': 1, 'design_rationale': 1}"
1251,6,6,de:17 & im:4 & pr:12 & pr:6 & th:12 & va:9,"{'problem_analysis': 2, 'design_rationale': 1, 'theoretical_insight': 1}"
1252,6,4,de:16 & de:22 & de:37 & im:1 & im:31 & pr:13 & pr:25 & pr:9 & th:1 & th:2 & th:4 & va:39 & va:7,"{'problem_analysis': 3, 'theoretical_insight': 3, 'design_rationale': 3}"
1253,6,2,de:5 & im:1 & pr:7 & th:37 & va:17,"{'design_rationale': 1, 'validation_evidence': 1, 'problem_analysis': 1}"
1254,6,6,de:15 & de:20 & de:9 & im:4 & pr:27 & pr:3 & pr:6 & th:1 & th:11 & va:32,"{'design_rationale': 3, 'problem_analysis': 3, 'theoretical_insight': 2}"
1255,6,6,de:15 & de:20 & de:9 & im:4 & pr:27 & pr:3 & pr:31 & th:1 & th:9 & va:10,"{'design_rationale': 3, 'problem_analysis': 3, 'theoretical_insight': 2}"
1256,6,3,de:15 & de:20 & de:9 & im:4 & pr:27 & pr:3 & pr:31 & th:1 & th:11 & va:9,"{'design_rationale': 3, 'problem_analysis': 3, 'theoretical_insight': 2}"
1257,6,3,de:23 & im:26 & pr:26 & th:33 & va:38,"{'theoretical_insight': 1, 'problem_analysis': 1, 'validation_evidence': 1}"
1258,6,7,de:15 & im:4 & pr:12 & pr:31 & th:9 & va:32,"{'problem_analysis': 2, 'validation_evidence': 1, 'implementation_mechanism': 1}"
1259,6,5,de:7 & im:4 & pr:19 & pr:6 & th:12 & va:10,"{'problem_analysis': 2, 'validation_evidence': 1, 'theoretical_insight': 1}"
1260,6,5,de:28 & im:7 & pr:19 & pr:6 & th:9 & va:32,"{'problem_analysis': 2, 'design_rationale': 1, 'validation_evidence': 1}"
1261,6,2,de:3 & im:16 & pr:39 & th:13 & va:26,"{'implementation_mechanism': 1, 'theoretical_insight': 1, 'validation_evidence': 1}"
1262,6,3,de:29 & im:10 & pr:10 & th:5 & va:1,"{'validation_evidence': 1, 'implementation_mechanism': 1, 'theoretical_insight': 1}"
1263,6,5,de:16 & im:4 & pr:12 & pr:18 & th:2 & va:10,"{'problem_analysis': 2, 'theoretical_insight': 1, 'validation_evidence': 1}"
1264,6,7,de:16 & im:4 & pr:12 & pr:27 & pr:31 & pr:7 & th:12,"{'problem_analysis': 4, 'theoretical_insight': 1, 'implementation_mechanism': 1}"
1265,6,3,de:15 & im:4 & pr:12 & pr:7 & th:2 & th:37 & va:10,"{'problem_analysis': 2, 'theoretical_insight': 2, 'validation_evidence': 1}"
1266,6,3,de:7 & im:4 & pr:6 & pr:7 & th:12 & th:37 & va:10,"{'problem_analysis': 2, 'theoretical_insight': 2, 'validation_evidence': 1}"
1267,6,1,de:36 & im:2 & pr:18 & th:10 & va:33,"{'implementation_mechanism': 1, 'design_rationale': 1, 'theoretical_insight': 1}"
1268,6,1,de:0 & im:36 & pr:20 & th:29 & va:4,"{'validation_evidence': 1, 'problem_analysis': 1, 'implementation_mechanism': 1}"
1269,6,1,de:37 & im:3 & pr:37 & va:35,"{'design_rationale': 1, 'validation_evidence': 1, 'problem_analysis': 1}"
1270,6,5,pr:4,{'problem_analysis': 1}
1271,6,6,de:15 & im:4 & pr:16 & pr:27 & pr:6 & th:12 & th:2 & va:10,"{'problem_analysis': 3, 'theoretical_insight': 2, 'validation_evidence': 1}"
1272,6,1,de:2 & im:36 & pr:10 & th:6 & va:35,"{'theoretical_insight': 1, 'implementation_mechanism': 1, 'validation_evidence': 1}"
1273,6,2,de:20 & im:19 & pr:12 & th:2 & va:9,"{'problem_analysis': 1, 'theoretical_insight': 1, 'implementation_mechanism': 1}"
1274,6,7,pr:11 & pr:12 & pr:27 & th:2,"{'problem_analysis': 3, 'theoretical_insight': 1}"
1275,6,3,de:15 & im:4 & pr:11 & pr:12 & pr:31 & th:2 & va:10,"{'problem_analysis': 3, 'theoretical_insight': 1, 'validation_evidence': 1}"
1276,6,3,de:15 & im:4 & pr:11 & pr:12 & pr:27 & pr:31 & th:11 & th:2 & va:9,"{'problem_analysis': 4, 'theoretical_insight': 2, 'implementation_mechanism': 1}"
1277,6,5,de:9 & im:4 & pr:11 & pr:12 & pr:6 & th:12 & th:2 & va:9,"{'problem_analysis': 3, 'theoretical_insight': 2, 'design_rationale': 1}"
1278,6,7,de:37 & im:28 & pr:11 & pr:7 & th:2 & va:1,"{'problem_analysis': 2, 'theoretical_insight': 1, 'validation_evidence': 1}"
1279,6,7,de:20 & im:7 & pr:11 & pr:6 & th:12 & va:0,"{'problem_analysis': 2, 'design_rationale': 1, 'theoretical_insight': 1}"
1280,6,4,de:37 & im:1 & pr:12 & pr:4 & th:6 & va:15,"{'problem_analysis': 2, 'theoretical_insight': 1, 'design_rationale': 1}"
1281,6,6,de:29 & im:16 & pr:39 & pr:4 & th:36 & va:26,"{'problem_analysis': 2, 'implementation_mechanism': 1, 'validation_evidence': 1}"
1282,6,7,de:3 & im:16 & pr:39 & pr:4 & th:36 & va:0,"{'problem_analysis': 2, 'implementation_mechanism': 1, 'design_rationale': 1}"
1283,6,5,de:14 & im:25 & pr:14 & pr:4 & th:26 & va:20,"{'problem_analysis': 2, 'implementation_mechanism': 1, 'design_rationale': 1}"
1284,6,4,de:9 & im:4 & pr:4 & pr:6 & th:12 & va:9,"{'problem_analysis': 2, 'theoretical_insight': 1, 'design_rationale': 1}"
1285,6,5,de:37 & im:1 & pr:12 & pr:4 & th:6 & va:17,"{'problem_analysis': 2, 'theoretical_insight': 1, 'validation_evidence': 1}"
1286,6,3,de:15 & im:4 & pr:27 & pr:4 & pr:6 & th:12 & th:2 & va:10,"{'problem_analysis': 3, 'theoretical_insight': 2, 'validation_evidence': 1}"
1287,6,2,de:7 & im:31 & pr:12 & th:2 & va:7,"{'problem_analysis': 1, 'theoretical_insight': 1, 'design_rationale': 1}"
1288,6,2,de:7 & im:4 & pr:12 & th:2 & va:10,"{'problem_analysis': 1, 'theoretical_insight': 1, 'validation_evidence': 1}"
1289,6,4,de:16 & de:20 & de:34 & im:10 & pr:10 & pr:11 & pr:12 & pr:19 & th:12 & th:2 & th:3 & va:4,"{'problem_analysis': 4, 'theoretical_insight': 3, 'design_rationale': 3}"
1290,6,5,de:15 & de:22 & im:31 & im:4 & pr:13 & pr:6 & th:11 & th:32 & th:4 & va:10 & va:7,"{'theoretical_insight': 3, 'validation_evidence': 2, 'design_rationale': 2}"
1291,6,4,de:20 & im:19 & pr:11 & va:9,"{'validation_evidence': 1, 'problem_analysis': 1, 'design_rationale': 1}"
1292,6,6,de:15 & im:4 & pr:21 & pr:6 & pr:9 & th:11 & th:14 & th:31 & va:9,"{'problem_analysis': 3, 'theoretical_insight': 3, 'implementation_mechanism': 1}"
1293,6,7,de:25 & im:34 & pr:11 & pr:31 & pr:32,"{'problem_analysis': 3, 'implementation_mechanism': 1, 'design_rationale': 1}"
1294,6,8,de:17 & im:4 & pr:11 & pr:6 & th:12 & va:9,"{'problem_analysis': 2, 'design_rationale': 1, 'theoretical_insight': 1}"
1295,6,6,de:37 & im:1 & pr:11 & pr:25 & th:37 & va:39,"{'problem_analysis': 2, 'design_rationale': 1, 'implementation_mechanism': 1}"
1296,6,7,de:25 & im:34 & pr:11 & pr:32 & th:21 & va:17,"{'problem_analysis': 2, 'validation_evidence': 1, 'implementation_mechanism': 1}"
1297,6,7,de:22 & im:31 & pr:11 & pr:31 & th:2,"{'problem_analysis': 2, 'theoretical_insight': 1, 'design_rationale': 1}"
1298,6,7,de:23 & im:38 & pr:11 & pr:6 & th:12 & va:2,"{'problem_analysis': 2, 'validation_evidence': 1, 'theoretical_insight': 1}"
1299,6,8,de:14 & im:25 & pr:11 & pr:9 & th:26 & va:20,"{'problem_analysis': 2, 'implementation_mechanism': 1, 'design_rationale': 1}"
1300,6,7,de:22 & im:31 & pr:11 & pr:31 & th:2 & va:4,"{'problem_analysis': 2, 'theoretical_insight': 1, 'design_rationale': 1}"
1301,6,8,de:37 & im:1 & pr:11 & pr:12 & pr:7 & th:6 & va:1,"{'problem_analysis': 3, 'theoretical_insight': 1, 'validation_evidence': 1}"
1302,6,8,de:5 & im:28 & pr:6 & pr:7 & th:6 & va:1,"{'problem_analysis': 2, 'theoretical_insight': 1, 'design_rationale': 1}"
1303,6,5,de:15 & im:4 & pr:12 & pr:27 & pr:6 & th:12 & th:2 & va:10,"{'problem_analysis': 3, 'theoretical_insight': 2, 'validation_evidence': 1}"
1304,6,6,de:7 & im:10 & pr:11 & pr:19 & th:37 & va:37,"{'problem_analysis': 2, 'design_rationale': 1, 'implementation_mechanism': 1}"
1305,6,9,de:37 & im:1 & pr:11 & pr:12 & pr:20 & th:6 & va:1,"{'problem_analysis': 3, 'theoretical_insight': 1, 'validation_evidence': 1}"
1306,6,8,de:37 & im:1 & pr:11 & pr:9 & th:6 & va:17,"{'problem_analysis': 2, 'theoretical_insight': 1, 'validation_evidence': 1}"
1307,6,8,de:9 & im:22 & pr:11 & pr:12 & pr:22 & th:33 & va:33,"{'problem_analysis': 3, 'theoretical_insight': 1, 'design_rationale': 1}"
1308,6,4,im:31 & pr:11 & pr:13 & th:4,"{'problem_analysis': 2, 'implementation_mechanism': 1, 'theoretical_insight': 1}"
1309,6,9,pr:12 & pr:27,{'problem_analysis': 2}
1310,6,8,de:28 & im:9 & pr:27 & pr:7 & th:39 & va:0,"{'problem_analysis': 2, 'design_rationale': 1, 'implementation_mechanism': 1}"
1311,6,5,de:9 & im:4 & pr:11 & pr:6 & th:12 & va:9,"{'problem_analysis': 2, 'theoretical_insight': 1, 'design_rationale': 1}"
1312,6,4,pr:11 & pr:14 & pr:6,{'problem_analysis': 3}
1313,6,2,de:15 & im:4 & pr:11 & pr:14 & pr:31 & pr:6 & th:2 & va:10,"{'problem_analysis': 4, 'theoretical_insight': 1, 'validation_evidence': 1}"
1314,6,3,de:12 & im:20 & pr:11 & pr:14 & pr:6 & pr:9 & th:1 & va:12,"{'problem_analysis': 4, 'validation_evidence': 1, 'theoretical_insight': 1}"
1315,6,3,de:25 & im:34 & pr:11 & pr:14 & pr:32 & pr:6 & th:21 & va:30,"{'problem_analysis': 4, 'implementation_mechanism': 1, 'theoretical_insight': 1}"
1316,6,3,de:7 & im:10 & pr:11 & pr:14 & pr:19 & pr:6 & th:37 & va:37,"{'problem_analysis': 4, 'design_rationale': 1, 'implementation_mechanism': 1}"
1317,6,3,de:11 & im:9 & pr:11 & pr:14 & pr:33 & pr:6 & th:35 & va:15,"{'problem_analysis': 4, 'design_rationale': 1, 'implementation_mechanism': 1}"
1318,6,4,de:37 & im:1 & pr:11 & pr:14 & pr:6 & pr:9 & th:6 & va:17,"{'problem_analysis': 4, 'theoretical_insight': 1, 'validation_evidence': 1}"
1319,6,5,de:28 & im:9 & pr:30 & pr:4 & th:35 & va:28,"{'problem_analysis': 2, 'design_rationale': 1, 'validation_evidence': 1}"
1320,6,6,de:15 & de:28 & im:4 & pr:12 & pr:4 & pr:6 & th:11 & va:9,"{'problem_analysis': 3, 'design_rationale': 2, 'implementation_mechanism': 1}"
1321,6,6,de:15 & de:28 & im:4 & pr:12 & pr:24 & pr:6 & th:11 & va:9,"{'problem_analysis': 3, 'design_rationale': 2, 'implementation_mechanism': 1}"
1322,6,3,de:20 & im:19 & pr:5 & th:12 & va:9,"{'problem_analysis': 1, 'theoretical_insight': 1, 'design_rationale': 1}"
1323,6,6,de:15 & im:4 & pr:32 & pr:6 & th:11 & va:9,"{'problem_analysis': 2, 'implementation_mechanism': 1, 'theoretical_insight': 1}"
1324,6,9,de:16 & pr:12 & pr:27 & th:2 & va:2,"{'problem_analysis': 2, 'validation_evidence': 1, 'theoretical_insight': 1}"
1325,6,12,pr:12 & pr:27 & th:2,"{'problem_analysis': 2, 'theoretical_insight': 1}"
1326,6,10,de:16 & im:35 & pr:12 & pr:27 & th:2 & va:2,"{'problem_analysis': 2, 'validation_evidence': 1, 'theoretical_insight': 1}"
1327,6,6,de:15 & de:20 & im:4 & pr:27 & pr:6 & th:11 & th:12 & va:9,"{'theoretical_insight': 2, 'design_rationale': 2, 'problem_analysis': 2}"
1328,6,4,de:15 & im:4 & pr:25 & pr:6 & th:11 & va:9,"{'problem_analysis': 2, 'implementation_mechanism': 1, 'theoretical_insight': 1}"
1329,6,4,pr:11 & th:12,"{'problem_analysis': 1, 'theoretical_insight': 1}"
1330,6,7,de:7 & im:14 & pr:27 & pr:4 & th:1 & va:28,"{'problem_analysis': 2, 'design_rationale': 1, 'theoretical_insight': 1}"
1331,6,8,de:14 & im:25 & pr:27 & pr:9 & th:26 & va:20,"{'problem_analysis': 2, 'implementation_mechanism': 1, 'design_rationale': 1}"
1332,6,8,de:20 & de:28 & im:19 & pr:12 & pr:24 & pr:27 & va:30,"{'problem_analysis': 3, 'design_rationale': 2, 'implementation_mechanism': 1}"
1333,6,3,de:15 & de:20 & im:4 & pr:11 & pr:12 & pr:4 & pr:5 & th:12 & th:2 & va:10,"{'problem_analysis': 4, 'theoretical_insight': 2, 'design_rationale': 2}"
1334,6,3,de:20 & de:7 & im:4 & pr:11 & pr:4 & pr:5 & pr:6 & th:12 & th:2 & va:10,"{'problem_analysis': 4, 'theoretical_insight': 2, 'design_rationale': 2}"
1335,6,6,de:15 & de:32 & im:0 & im:4 & pr:19 & pr:6 & th:11 & th:7 & va:9,"{'implementation_mechanism': 2, 'problem_analysis': 2, 'design_rationale': 2}"
1336,6,6,de:15 & im:4 & pr:6 & pr:7 & pr:8 & th:11 & th:37 & va:9,"{'problem_analysis': 3, 'theoretical_insight': 2, 'implementation_mechanism': 1}"
1337,6,7,de:15 & de:24 & im:13 & im:4 & pr:13 & pr:33 & pr:6 & th:11 & th:4 & va:15 & va:9,"{'problem_analysis': 3, 'implementation_mechanism': 2, 'design_rationale': 2}"
1338,6,5,de:15 & de:22 & im:4 & pr:15 & pr:31 & pr:6 & th:10 & th:11 & th:2 & va:9,"{'theoretical_insight': 3, 'problem_analysis': 3, 'design_rationale': 2}"
1339,6,7,im:31 & pr:13 & pr:7 & th:4,"{'problem_analysis': 2, 'theoretical_insight': 1, 'implementation_mechanism': 1}"
1340,6,5,de:11 & de:13 & de:15 & im:1 & im:4 & pr:12 & pr:6 & pr:7 & th:11 & th:14 & th:37 & va:9,"{'design_rationale': 3, 'problem_analysis': 3, 'theoretical_insight': 3}"
1341,6,2,de:1 & im:18 & pr:10 & th:27 & va:4,"{'validation_evidence': 1, 'implementation_mechanism': 1, 'theoretical_insight': 1}"
1342,6,4,de:15 & de:20 & im:19 & im:4 & pr:11 & pr:6 & th:11 & th:2 & va:32,"{'theoretical_insight': 2, 'problem_analysis': 2, 'design_rationale': 2}"
1343,6,3,de:15 & de:20 & im:19 & im:4 & pr:11 & pr:12 & th:2 & va:10,"{'problem_analysis': 2, 'design_rationale': 2, 'implementation_mechanism': 2}"
1344,6,3,de:20 & de:7 & im:19 & im:4 & pr:11 & pr:6 & th:12 & th:2 & va:10,"{'theoretical_insight': 2, 'problem_analysis': 2, 'design_rationale': 2}"
1345,6,5,de:20 & de:34 & im:10 & im:19 & pr:10 & pr:11 & pr:19 & th:2 & th:3 & va:4,"{'problem_analysis': 3, 'theoretical_insight': 2, 'design_rationale': 2}"
1346,6,4,de:34 & im:10 & pr:10 & pr:12 & pr:19 & th:3 & va:4,"{'problem_analysis': 3, 'theoretical_insight': 1, 'validation_evidence': 1}"
1347,6,1,de:3 & im:16 & pr:28 & th:10 & va:26,"{'implementation_mechanism': 1, 'problem_analysis': 1, 'theoretical_insight': 1}"
1348,6,1,de:2 & im:18 & pr:24 & th:10 & va:18,"{'problem_analysis': 1, 'theoretical_insight': 1, 'design_rationale': 1}"
1349,6,10,de:15 & im:4 & pr:12 & pr:6 & pr:7 & pr:9 & th:11 & va:10,"{'problem_analysis': 4, 'validation_evidence': 1, 'implementation_mechanism': 1}"
1350,6,7,de:11 & im:9 & pr:12 & pr:33 & pr:7 & pr:9 & th:35 & va:15,"{'problem_analysis': 4, 'design_rationale': 1, 'validation_evidence': 1}"
1351,6,8,de:37 & im:1 & pr:12 & pr:7 & pr:9 & th:6 & va:39,"{'problem_analysis': 3, 'theoretical_insight': 1, 'design_rationale': 1}"
1352,6,7,de:11 & im:22 & pr:12 & pr:31 & pr:7 & pr:9 & th:2 & va:17,"{'problem_analysis': 4, 'theoretical_insight': 1, 'design_rationale': 1}"
1353,6,6,de:9 & im:4 & pr:27 & pr:6 & th:12 & va:9,"{'problem_analysis': 2, 'theoretical_insight': 1, 'design_rationale': 1}"
1354,6,4,de:7 & im:10 & pr:19 & pr:27 & th:37 & va:37,"{'problem_analysis': 2, 'design_rationale': 1, 'implementation_mechanism': 1}"
1355,6,2,de:8 & im:8 & pr:16 & th:29 & va:19,"{'implementation_mechanism': 1, 'validation_evidence': 1, 'design_rationale': 1}"
1356,6,4,de:0 & de:37 & im:1 & im:3 & pr:18 & pr:19 & th:20 & th:6 & th:7 & va:17,"{'theoretical_insight': 3, 'problem_analysis': 2, 'design_rationale': 2}"
1357,5,3,de:25 & im:34 & pr:4 & th:33 & va:33,"{'problem_analysis': 1, 'implementation_mechanism': 1, 'theoretical_insight': 1}"
1358,5,8,de:15 & im:4 & pr:23 & pr:31,"{'problem_analysis': 2, 'design_rationale': 1, 'implementation_mechanism': 1}"
1359,5,8,de:3 & im:16 & pr:23 & pr:7 & va:0,"{'problem_analysis': 2, 'implementation_mechanism': 1, 'design_rationale': 1}"
1360,5,8,de:15 & im:4 & pr:13 & pr:23 & th:4 & va:12,"{'problem_analysis': 2, 'validation_evidence': 1, 'implementation_mechanism': 1}"
1361,5,8,de:37 & im:1 & pr:12 & pr:23 & th:6 & va:15,"{'problem_analysis': 2, 'theoretical_insight': 1, 'design_rationale': 1}"
1362,5,9,de:25 & im:34 & pr:23 & pr:31 & pr:32,"{'problem_analysis': 3, 'implementation_mechanism': 1, 'design_rationale': 1}"
1363,5,10,de:17 & im:4 & pr:23 & pr:6 & th:12 & va:9,"{'problem_analysis': 2, 'design_rationale': 1, 'theoretical_insight': 1}"
1364,5,8,de:37 & im:1 & pr:23 & pr:25 & th:37 & va:39,"{'problem_analysis': 2, 'design_rationale': 1, 'implementation_mechanism': 1}"
1365,5,9,de:13 & im:1 & pr:23 & pr:7 & th:37 & va:39,"{'problem_analysis': 2, 'design_rationale': 1, 'implementation_mechanism': 1}"
1366,5,9,de:25 & im:34 & pr:23 & pr:32 & th:21 & va:17,"{'problem_analysis': 2, 'validation_evidence': 1, 'implementation_mechanism': 1}"
1367,5,9,de:22 & im:31 & pr:23 & pr:31 & th:2,"{'problem_analysis': 2, 'theoretical_insight': 1, 'design_rationale': 1}"
1368,5,9,de:37 & im:1 & pr:12 & pr:23 & th:6 & va:17,"{'problem_analysis': 2, 'theoretical_insight': 1, 'validation_evidence': 1}"
1369,5,9,de:20 & de:28 & im:19 & pr:12 & pr:23 & pr:24 & va:30,"{'problem_analysis': 3, 'design_rationale': 2, 'implementation_mechanism': 1}"
1370,5,9,de:37 & im:1 & pr:23 & pr:9 & th:6 & va:17,"{'problem_analysis': 2, 'theoretical_insight': 1, 'validation_evidence': 1}"
1371,5,10,de:11 & im:1 & pr:10 & pr:23 & pr:31 & th:27 & va:22,"{'problem_analysis': 3, 'design_rationale': 1, 'implementation_mechanism': 1}"
1372,5,9,de:22 & im:31 & pr:23 & pr:31 & th:2 & va:4,"{'problem_analysis': 2, 'theoretical_insight': 1, 'design_rationale': 1}"
1373,5,10,de:15 & im:7 & pr:23 & pr:6 & th:12 & va:10,"{'problem_analysis': 2, 'validation_evidence': 1, 'theoretical_insight': 1}"
1374,5,10,de:14 & im:20 & pr:19 & pr:23 & pr:9 & th:14 & th:26 & va:19,"{'problem_analysis': 3, 'theoretical_insight': 2, 'validation_evidence': 1}"
1375,5,9,de:7 & im:7 & pr:11 & pr:14 & pr:23 & pr:6 & th:12 & va:18,"{'problem_analysis': 4, 'theoretical_insight': 1, 'design_rationale': 1}"
1376,5,4,de:11 & im:1 & im:26 & pr:12 & pr:6 & va:17,"{'problem_analysis': 2, 'implementation_mechanism': 2, 'design_rationale': 1}"
1377,5,2,de:23 & im:7 & pr:22 & pr:4 & th:18 & va:30,"{'problem_analysis': 2, 'design_rationale': 1, 'implementation_mechanism': 1}"
1378,5,2,de:23 & im:27 & pr:22 & pr:4 & pr:5 & th:18 & va:22,"{'problem_analysis': 3, 'validation_evidence': 1, 'design_rationale': 1}"
1379,5,9,de:37 & im:1 & pr:19 & pr:7 & th:6 & va:39,"{'problem_analysis': 2, 'theoretical_insight': 1, 'design_rationale': 1}"
1380,5,11,de:22 & im:31 & pr:13 & pr:7 & th:4 & va:7,"{'problem_analysis': 2, 'design_rationale': 1, 'validation_evidence': 1}"
1381,5,6,de:15 & im:4 & pr:19 & pr:6 & pr:7 & th:11 & va:9,"{'problem_analysis': 3, 'implementation_mechanism': 1, 'theoretical_insight': 1}"
1382,5,5,de:37 & im:1 & pr:37 & th:6 & va:39,"{'theoretical_insight': 1, 'problem_analysis': 1, 'design_rationale': 1}"
1383,5,3,de:15 & im:4 & pr:19 & pr:6 & th:0,"{'problem_analysis': 2, 'theoretical_insight': 1, 'implementation_mechanism': 1}"
1384,5,4,de:16 & pr:19 & pr:21 & th:31,"{'problem_analysis': 2, 'design_rationale': 1, 'theoretical_insight': 1}"
1385,5,8,de:7 & im:7 & pr:23 & pr:27 & th:12 & va:28,"{'problem_analysis': 2, 'theoretical_insight': 1, 'design_rationale': 1}"
1386,5,9,de:20 & im:4 & pr:11 & pr:23 & th:12,"{'problem_analysis': 2, 'design_rationale': 1, 'theoretical_insight': 1}"
1387,5,5,de:15 & im:4 & pr:14 & pr:6 & th:11 & va:10,"{'problem_analysis': 2, 'validation_evidence': 1, 'implementation_mechanism': 1}"
1388,5,8,de:15 & im:4 & pr:27 & pr:31 & pr:6 & th:11 & th:12 & th:2 & th:9 & va:10,"{'theoretical_insight': 4, 'problem_analysis': 3, 'validation_evidence': 1}"
1389,5,8,de:20 & im:7 & pr:23 & pr:6 & th:12 & va:0,"{'problem_analysis': 2, 'theoretical_insight': 1, 'design_rationale': 1}"
1390,5,8,de:22 & im:31 & pr:23 & pr:32 & th:4 & va:23,"{'problem_analysis': 2, 'design_rationale': 1, 'theoretical_insight': 1}"
1391,5,10,de:29 & im:16 & pr:23 & pr:39 & th:36 & va:26,"{'problem_analysis': 2, 'implementation_mechanism': 1, 'validation_evidence': 1}"
1392,5,7,de:14 & im:25 & pr:12 & pr:9 & th:26 & va:20,"{'problem_analysis': 2, 'implementation_mechanism': 1, 'design_rationale': 1}"
1393,5,2,de:22 & im:23 & pr:13 & th:10 & va:38,"{'design_rationale': 1, 'validation_evidence': 1, 'theoretical_insight': 1}"
1394,5,6,pr:18 & pr:6,{'problem_analysis': 2}
1395,5,2,de:37 & im:1 & pr:18 & pr:19 & th:6 & va:1,"{'problem_analysis': 2, 'theoretical_insight': 1, 'validation_evidence': 1}"
1396,5,2,de:23 & pr:22,"{'design_rationale': 1, 'problem_analysis': 1}"
1397,5,2,im:35 & pr:22 & th:12 & va:2,"{'theoretical_insight': 1, 'problem_analysis': 1, 'validation_evidence': 1}"
1398,5,4,pr:37,{'problem_analysis': 1}
1399,5,8,pr:11 & pr:9 & th:12 & va:9,"{'problem_analysis': 2, 'validation_evidence': 1, 'theoretical_insight': 1}"
1400,5,8,im:9 & pr:0 & pr:9 & va:28,"{'problem_analysis': 2, 'implementation_mechanism': 1, 'validation_evidence': 1}"
1401,5,7,de:15 & pr:6 & pr:9 & th:1,"{'problem_analysis': 2, 'design_rationale': 1, 'theoretical_insight': 1}"
1402,5,8,de:15 & im:4 & pr:31 & pr:9,"{'problem_analysis': 2, 'design_rationale': 1, 'implementation_mechanism': 1}"
1403,5,7,im:28 & pr:12 & pr:9 & va:3,"{'problem_analysis': 2, 'validation_evidence': 1, 'implementation_mechanism': 1}"
1404,5,7,de:3 & im:16 & pr:7 & pr:9 & va:0,"{'problem_analysis': 2, 'implementation_mechanism': 1, 'design_rationale': 1}"
1405,5,8,de:16 & im:1 & pr:31 & pr:9 & th:2 & va:17,"{'problem_analysis': 2, 'theoretical_insight': 1, 'validation_evidence': 1}"
1406,5,8,de:5 & im:28 & pr:7 & pr:9 & th:6 & va:1,"{'problem_analysis': 2, 'theoretical_insight': 1, 'design_rationale': 1}"
1407,5,7,de:16 & im:4 & pr:18 & pr:9 & th:2 & va:10,"{'problem_analysis': 2, 'theoretical_insight': 1, 'validation_evidence': 1}"
1408,5,5,de:37 & im:1 & pr:19 & pr:9 & th:6 & va:1,"{'problem_analysis': 2, 'theoretical_insight': 1, 'validation_evidence': 1}"
1409,5,9,de:25 & im:34 & pr:32 & pr:9 & th:21 & va:17,"{'problem_analysis': 2, 'validation_evidence': 1, 'implementation_mechanism': 1}"
1410,5,8,de:25 & im:34 & pr:31 & pr:32 & pr:9,"{'problem_analysis': 3, 'implementation_mechanism': 1, 'design_rationale': 1}"
1411,5,7,de:4 & im:7 & pr:6 & pr:9 & th:12 & va:30,"{'problem_analysis': 2, 'design_rationale': 1, 'theoretical_insight': 1}"
1412,5,8,de:15 & im:4 & pr:7 & pr:9 & th:2 & va:2,"{'problem_analysis': 2, 'validation_evidence': 1, 'theoretical_insight': 1}"
1413,5,9,de:37 & im:1 & pr:12 & pr:9 & th:6 & va:37,"{'problem_analysis': 2, 'theoretical_insight': 1, 'design_rationale': 1}"
1414,5,8,de:37 & im:8 & pr:19 & pr:9 & th:28 & va:1,"{'problem_analysis': 2, 'implementation_mechanism': 1, 'validation_evidence': 1}"
1415,5,11,de:15 & im:7 & pr:6 & pr:9 & th:12 & va:10,"{'problem_analysis': 2, 'validation_evidence': 1, 'theoretical_insight': 1}"
1416,5,9,de:3 & im:8 & pr:39 & pr:7 & pr:9 & th:36 & va:0,"{'problem_analysis': 3, 'implementation_mechanism': 1, 'design_rationale': 1}"
1417,5,8,de:28 & im:7 & pr:12 & pr:9 & th:12 & va:17 & va:28,"{'problem_analysis': 2, 'validation_evidence': 2, 'theoretical_insight': 1}"
1418,5,5,de:20 & im:7 & pr:11 & pr:27 & th:1,"{'problem_analysis': 2, 'design_rationale': 1, 'theoretical_insight': 1}"
1419,5,5,de:37 & im:3 & pr:19 & pr:27 & th:6 & va:1,"{'problem_analysis': 2, 'theoretical_insight': 1, 'validation_evidence': 1}"
1420,5,5,de:3 & im:16 & pr:27 & pr:39 & th:36 & va:7,"{'problem_analysis': 2, 'implementation_mechanism': 1, 'validation_evidence': 1}"
1421,5,5,de:3 & im:16 & pr:23 & pr:27 & th:36 & va:0,"{'problem_analysis': 2, 'implementation_mechanism': 1, 'design_rationale': 1}"
1422,5,5,de:15 & im:4 & pr:27 & pr:31 & th:9 & va:31,"{'problem_analysis': 2, 'implementation_mechanism': 1, 'design_rationale': 1}"
1423,5,5,de:29 & im:10 & pr:27 & pr:5 & th:8 & va:12,"{'problem_analysis': 2, 'theoretical_insight': 1, 'validation_evidence': 1}"
1424,5,6,de:14 & im:25 & pr:14 & pr:27 & th:26,"{'problem_analysis': 2, 'implementation_mechanism': 1, 'design_rationale': 1}"
1425,5,5,de:29 & im:10 & pr:14 & pr:27 & th:8 & va:20,"{'problem_analysis': 2, 'theoretical_insight': 1, 'implementation_mechanism': 1}"
1426,5,5,de:29 & im:9 & pr:27 & pr:33 & th:9 & va:38,"{'problem_analysis': 2, 'validation_evidence': 1, 'design_rationale': 1}"
1427,5,5,de:7 & im:7 & pr:27 & pr:39 & th:5 & va:0,"{'problem_analysis': 2, 'design_rationale': 1, 'theoretical_insight': 1}"
1428,5,5,de:29 & im:10 & pr:27 & pr:39 & th:36 & va:0,"{'problem_analysis': 2, 'implementation_mechanism': 1, 'design_rationale': 1}"
1429,5,5,de:8 & im:39 & pr:10 & pr:27 & th:28 & va:1,"{'problem_analysis': 2, 'validation_evidence': 1, 'theoretical_insight': 1}"
1430,5,6,de:0 & im:30 & pr:18 & pr:27 & th:23 & va:4,"{'problem_analysis': 2, 'validation_evidence': 1, 'implementation_mechanism': 1}"
1431,5,6,de:37 & im:20 & pr:16 & pr:27 & th:8 & va:20,"{'problem_analysis': 2, 'theoretical_insight': 1, 'design_rationale': 1}"
1432,5,8,de:13 & im:1 & pr:27 & pr:33 & th:6 & va:17,"{'problem_analysis': 2, 'design_rationale': 1, 'theoretical_insight': 1}"
1433,5,5,de:8 & im:3 & pr:16 & pr:27 & th:13 & va:1,"{'problem_analysis': 2, 'validation_evidence': 1, 'theoretical_insight': 1}"
1434,5,6,de:37 & im:0 & pr:19 & pr:27 & pr:7 & th:6 & va:1,"{'problem_analysis': 3, 'implementation_mechanism': 1, 'theoretical_insight': 1}"
1435,5,6,de:22 & im:31 & pr:27 & pr:3 & pr:6 & th:4 & va:18,"{'problem_analysis': 3, 'design_rationale': 1, 'theoretical_insight': 1}"
1436,5,6,de:6 & im:7 & pr:19 & pr:27 & pr:8 & th:34 & va:12,"{'problem_analysis': 3, 'validation_evidence': 1, 'theoretical_insight': 1}"
1437,5,5,de:15 & im:4 & pr:12 & pr:37 & pr:6 & th:11 & va:9,"{'problem_analysis': 3, 'implementation_mechanism': 1, 'theoretical_insight': 1}"
1438,5,5,de:15 & im:4 & pr:12 & pr:14 & pr:37 & pr:6 & th:11 & th:30 & va:9,"{'problem_analysis': 4, 'theoretical_insight': 2, 'implementation_mechanism': 1}"
1439,5,5,de:15 & im:4 & pr:12 & pr:20 & pr:37 & pr:6 & th:11 & th:30 & th:6 & va:9,"{'problem_analysis': 4, 'theoretical_insight': 3, 'implementation_mechanism': 1}"
1440,5,6,de:37 & im:3 & pr:16 & pr:19 & th:6 & va:1,"{'problem_analysis': 2, 'theoretical_insight': 1, 'validation_evidence': 1}"
1441,5,6,de:8 & im:12 & pr:10 & pr:19 & th:7 & va:4,"{'problem_analysis': 2, 'implementation_mechanism': 1, 'validation_evidence': 1}"
1442,5,9,de:15 & im:4 & pr:16 & pr:6 & th:11 & va:32,"{'problem_analysis': 2, 'validation_evidence': 1, 'implementation_mechanism': 1}"
1443,5,6,de:37 & im:1 & pr:16 & pr:9 & th:6 & va:17,"{'problem_analysis': 2, 'theoretical_insight': 1, 'validation_evidence': 1}"
1444,5,5,de:16 & im:31 & pr:12 & pr:19 & th:4,"{'problem_analysis': 2, 'theoretical_insight': 1, 'design_rationale': 1}"
1445,5,5,pr:13,{'problem_analysis': 1}
1446,5,8,pr:13 & pr:6,{'problem_analysis': 2}
1447,5,5,de:16 & pr:19 & pr:33 & th:31,"{'problem_analysis': 2, 'design_rationale': 1, 'theoretical_insight': 1}"
1448,5,3,de:37 & im:28 & pr:20 & pr:33 & th:38,"{'problem_analysis': 2, 'design_rationale': 1, 'implementation_mechanism': 1}"
1449,5,3,de:20 & im:7 & pr:11 & pr:33 & th:1,"{'problem_analysis': 2, 'design_rationale': 1, 'theoretical_insight': 1}"
1450,5,3,de:16 & im:10 & pr:27 & pr:33 & th:12,"{'problem_analysis': 2, 'theoretical_insight': 1, 'implementation_mechanism': 1}"
1451,5,3,de:16 & im:19 & pr:31 & pr:33 & va:17,"{'problem_analysis': 2, 'validation_evidence': 1, 'implementation_mechanism': 1}"
1452,5,3,de:13 & im:1 & pr:33 & th:0 & va:15,"{'design_rationale': 1, 'theoretical_insight': 1, 'implementation_mechanism': 1}"
1453,5,3,im:7 & pr:33 & pr:4 & va:28,"{'problem_analysis': 2, 'implementation_mechanism': 1, 'validation_evidence': 1}"
1454,5,4,de:29 & im:10 & pr:33 & pr:5 & th:8 & va:12,"{'problem_analysis': 2, 'theoretical_insight': 1, 'validation_evidence': 1}"
1455,5,6,de:5 & im:28 & pr:33 & pr:7 & th:6 & va:1,"{'problem_analysis': 2, 'theoretical_insight': 1, 'design_rationale': 1}"
1456,5,5,de:16 & im:35 & pr:12 & pr:33 & th:2 & va:2,"{'problem_analysis': 2, 'validation_evidence': 1, 'theoretical_insight': 1}"
1457,5,4,de:3 & im:12 & pr:10 & pr:33 & th:7 & va:0,"{'problem_analysis': 2, 'implementation_mechanism': 1, 'design_rationale': 1}"
1458,5,5,de:7 & im:14 & pr:33 & pr:4 & th:1 & va:28,"{'problem_analysis': 2, 'design_rationale': 1, 'theoretical_insight': 1}"
1459,5,3,de:3 & im:16 & pr:33 & pr:39 & th:36 & va:7,"{'problem_analysis': 2, 'implementation_mechanism': 1, 'validation_evidence': 1}"
1460,5,3,de:14 & im:20 & pr:33 & pr:9 & th:8 & va:19,"{'problem_analysis': 2, 'theoretical_insight': 1, 'validation_evidence': 1}"
1461,5,3,de:8 & im:16 & pr:0 & pr:33 & th:7 & va:34,"{'problem_analysis': 2, 'implementation_mechanism': 1, 'validation_evidence': 1}"
1462,5,3,de:16 & im:38 & pr:12 & pr:33 & th:12 & va:2,"{'problem_analysis': 2, 'validation_evidence': 1, 'theoretical_insight': 1}"
1463,5,3,de:20 & im:20 & pr:33 & pr:9 & th:12 & va:9,"{'problem_analysis': 2, 'theoretical_insight': 1, 'design_rationale': 1}"
1464,5,3,de:20 & im:19 & pr:11 & pr:33 & th:1 & va:9,"{'problem_analysis': 2, 'implementation_mechanism': 1, 'design_rationale': 1}"
1465,5,6,de:14 & im:20 & pr:33 & pr:9 & th:14 & va:19,"{'problem_analysis': 2, 'validation_evidence': 1, 'design_rationale': 1}"
1466,5,6,de:16 & im:19 & pr:27 & pr:33 & th:12 & va:9,"{'problem_analysis': 2, 'theoretical_insight': 1, 'implementation_mechanism': 1}"
1467,5,7,de:22 & im:31 & pr:13 & pr:33 & th:4 & va:7,"{'problem_analysis': 2, 'implementation_mechanism': 1, 'design_rationale': 1}"
1468,5,4,de:9 & im:4 & pr:33 & pr:6 & th:12 & va:10,"{'problem_analysis': 2, 'validation_evidence': 1, 'theoretical_insight': 1}"
1469,5,4,de:9 & im:19 & pr:33 & pr:6 & th:12 & va:10,"{'problem_analysis': 2, 'validation_evidence': 1, 'theoretical_insight': 1}"
1470,5,6,de:17 & im:20 & pr:12 & pr:33 & th:12 & th:2 & va:3,"{'problem_analysis': 2, 'theoretical_insight': 2, 'design_rationale': 1}"
1471,5,6,de:16 & im:4 & pr:27 & pr:31 & pr:33 & pr:7 & th:12,"{'problem_analysis': 4, 'theoretical_insight': 1, 'implementation_mechanism': 1}"
1472,5,4,de:38 & de:6 & im:10 & im:3 & pr:31 & pr:32 & pr:33 & pr:4 & va:0 & va:23,"{'problem_analysis': 4, 'design_rationale': 2, 'implementation_mechanism': 2}"
1473,5,4,im:9 & pr:0 & pr:31 & va:28,"{'problem_analysis': 2, 'implementation_mechanism': 1, 'validation_evidence': 1}"
1474,5,5,de:16 & pr:19 & pr:31 & th:31,"{'problem_analysis': 2, 'design_rationale': 1, 'theoretical_insight': 1}"
1475,5,5,de:13 & im:1 & pr:31 & th:0 & va:15,"{'design_rationale': 1, 'theoretical_insight': 1, 'implementation_mechanism': 1}"
1476,5,5,de:29 & im:10 & pr:31 & pr:5 & th:8 & va:12,"{'problem_analysis': 2, 'theoretical_insight': 1, 'validation_evidence': 1}"
1477,5,5,de:37 & im:3 & pr:19 & pr:31 & th:6 & va:1,"{'problem_analysis': 2, 'theoretical_insight': 1, 'validation_evidence': 1}"
1478,5,6,de:5 & im:28 & pr:31 & pr:7 & th:6 & va:1,"{'problem_analysis': 2, 'theoretical_insight': 1, 'design_rationale': 1}"
1479,5,5,de:22 & im:31 & pr:31 & pr:32 & th:4 & va:23,"{'problem_analysis': 2, 'design_rationale': 1, 'theoretical_insight': 1}"
1480,5,5,de:3 & im:16 & pr:31 & pr:7 & th:36 & va:0,"{'problem_analysis': 2, 'implementation_mechanism': 1, 'design_rationale': 1}"
1481,5,5,de:29 & im:16 & pr:31 & pr:39 & th:36 & va:26,"{'problem_analysis': 2, 'implementation_mechanism': 1, 'validation_evidence': 1}"
1482,5,5,de:6 & im:21 & pr:30 & pr:31 & th:1 & va:18,"{'problem_analysis': 2, 'implementation_mechanism': 1, 'theoretical_insight': 1}"
1483,5,5,de:6 & im:31 & pr:30 & pr:31 & th:5 & va:0,"{'problem_analysis': 2, 'theoretical_insight': 1, 'design_rationale': 1}"
1484,5,5,de:6 & im:21 & pr:31 & pr:4 & th:1 & va:28,"{'problem_analysis': 2, 'implementation_mechanism': 1, 'theoretical_insight': 1}"
1485,5,5,de:3 & im:16 & pr:23 & pr:31 & th:36 & va:0,"{'problem_analysis': 2, 'implementation_mechanism': 1, 'design_rationale': 1}"
1486,5,6,de:37 & im:1 & pr:19 & pr:31 & th:6 & va:1,"{'problem_analysis': 2, 'theoretical_insight': 1, 'validation_evidence': 1}"
1487,5,5,de:29 & im:10 & pr:14 & pr:31 & th:8 & va:20,"{'problem_analysis': 2, 'theoretical_insight': 1, 'implementation_mechanism': 1}"
1488,5,7,de:37 & im:1 & pr:19 & pr:31 & th:6 & va:39,"{'problem_analysis': 2, 'theoretical_insight': 1, 'design_rationale': 1}"
1489,5,5,de:29 & im:9 & pr:31 & pr:33 & th:9 & va:38,"{'problem_analysis': 2, 'validation_evidence': 1, 'design_rationale': 1}"
1490,5,4,de:20 & im:20 & pr:31 & pr:9 & th:12 & va:9,"{'problem_analysis': 2, 'theoretical_insight': 1, 'design_rationale': 1}"
1491,5,6,de:37 & im:20 & pr:16 & pr:31 & th:8 & va:20,"{'problem_analysis': 2, 'theoretical_insight': 1, 'design_rationale': 1}"
1492,5,6,de:14 & im:20 & pr:31 & pr:9 & th:14 & va:19,"{'problem_analysis': 2, 'validation_evidence': 1, 'design_rationale': 1}"
1493,5,5,pr:19 & pr:31 & th:2 & va:15 & va:9,"{'problem_analysis': 2, 'validation_evidence': 2, 'theoretical_insight': 1}"
1494,5,6,de:37 & im:0 & pr:19 & pr:31 & pr:7 & th:6 & va:1,"{'problem_analysis': 3, 'implementation_mechanism': 1, 'theoretical_insight': 1}"
1495,5,6,pr:19 & pr:37 & va:37,"{'problem_analysis': 2, 'validation_evidence': 1}"
1496,5,5,de:13 & im:1 & pr:17 & pr:19 & th:0,"{'problem_analysis': 2, 'design_rationale': 1, 'theoretical_insight': 1}"
1497,5,5,de:16 & im:4 & pr:18 & pr:19 & th:2 & va:10,"{'problem_analysis': 2, 'theoretical_insight': 1, 'validation_evidence': 1}"
1498,5,5,de:16 & im:4 & pr:19 & pr:7 & th:37 & va:2,"{'problem_analysis': 2, 'validation_evidence': 1, 'implementation_mechanism': 1}"
1499,5,5,de:38 & im:9 & pr:19 & pr:23 & th:4 & va:28,"{'problem_analysis': 2, 'design_rationale': 1, 'validation_evidence': 1}"
1500,5,3,de:38 & im:10 & pr:19 & pr:7 & th:12 & va:0,"{'problem_analysis': 2, 'theoretical_insight': 1, 'implementation_mechanism': 1}"
1501,5,3,de:16 & im:10 & pr:19 & pr:6 & th:12 & va:3,"{'problem_analysis': 2, 'theoretical_insight': 1, 'implementation_mechanism': 1}"
1502,5,3,de:15 & im:7 & pr:19 & pr:6 & th:11 & va:9,"{'problem_analysis': 2, 'theoretical_insight': 1, 'design_rationale': 1}"
1503,5,4,de:16 & im:4 & pr:19 & pr:4 & th:12 & va:12,"{'problem_analysis': 2, 'validation_evidence': 1, 'theoretical_insight': 1}"
1504,5,4,de:20 & im:19 & pr:11 & pr:19 & th:1 & va:9,"{'problem_analysis': 2, 'implementation_mechanism': 1, 'design_rationale': 1}"
1505,5,7,de:37 & im:1 & pr:12 & pr:19 & th:6 & va:1,"{'problem_analysis': 2, 'theoretical_insight': 1, 'validation_evidence': 1}"
1506,5,4,de:20 & im:20 & pr:19 & pr:9 & th:12 & va:9,"{'problem_analysis': 2, 'theoretical_insight': 1, 'design_rationale': 1}"
1507,5,8,de:16 & im:19 & pr:19 & pr:27 & th:12 & va:9,"{'problem_analysis': 2, 'theoretical_insight': 1, 'implementation_mechanism': 1}"
1508,5,5,de:16 & de:20 & pr:11 & pr:12 & pr:19 & th:12 & th:2 & va:30,"{'problem_analysis': 3, 'theoretical_insight': 2, 'design_rationale': 2}"
1509,5,6,de:28 & im:7 & pr:12 & pr:19 & th:12 & va:17 & va:28,"{'problem_analysis': 2, 'validation_evidence': 2, 'theoretical_insight': 1}"
1510,5,5,de:15 & de:20 & im:19 & im:4 & pr:11 & pr:19 & pr:6 & th:11 & th:2 & va:10,"{'problem_analysis': 3, 'theoretical_insight': 2, 'design_rationale': 2}"
1511,5,5,de:37 & im:1 & pr:19 & pr:36 & th:6 & va:1,"{'problem_analysis': 2, 'theoretical_insight': 1, 'validation_evidence': 1}"
1512,5,6,de:37 & im:1 & pr:19 & pr:36 & th:6 & va:17,"{'problem_analysis': 2, 'theoretical_insight': 1, 'validation_evidence': 1}"
1513,5,4,de:15 & im:4 & pr:6 & pr:7 & pr:9 & th:11 & th:14 & va:9,"{'problem_analysis': 3, 'theoretical_insight': 2, 'implementation_mechanism': 1}"
1514,5,10,de:15 & im:4 & pr:6 & pr:9 & th:11 & th:14 & va:32,"{'problem_analysis': 2, 'theoretical_insight': 2, 'validation_evidence': 1}"
1515,5,1,de:37 & im:1 & pr:19 & th:6 & va:24,"{'theoretical_insight': 1, 'problem_analysis': 1, 'design_rationale': 1}"
1516,5,6,pr:12 & pr:39,{'problem_analysis': 2}
1517,5,4,de:32 & im:24 & pr:12 & pr:29 & th:24 & va:36,"{'problem_analysis': 2, 'design_rationale': 1, 'validation_evidence': 1}"
1518,5,4,de:15 & im:4 & pr:11 & pr:12 & th:11 & va:10,"{'problem_analysis': 2, 'validation_evidence': 1, 'implementation_mechanism': 1}"
1519,5,4,de:17 & im:20 & pr:12 & pr:4 & th:12 & va:9,"{'problem_analysis': 2, 'design_rationale': 1, 'theoretical_insight': 1}"
1520,5,4,de:17 & im:19 & pr:12 & pr:4 & th:12 & va:9,"{'problem_analysis': 2, 'design_rationale': 1, 'theoretical_insight': 1}"
1521,5,4,de:28 & im:7 & pr:12 & pr:26 & th:5 & va:17,"{'problem_analysis': 2, 'validation_evidence': 1, 'design_rationale': 1}"
1522,5,4,de:22 & im:31 & pr:12 & pr:39 & th:4 & va:7,"{'problem_analysis': 2, 'design_rationale': 1, 'validation_evidence': 1}"
1523,5,4,de:21 & im:5 & pr:12 & pr:39 & th:39 & va:0,"{'problem_analysis': 2, 'implementation_mechanism': 1, 'theoretical_insight': 1}"
1524,5,7,de:14 & de:3 & im:16 & im:25 & pr:12 & pr:14 & pr:39 & th:26 & th:36 & va:20 & va:26,"{'problem_analysis': 3, 'implementation_mechanism': 2, 'design_rationale': 2}"
1525,5,4,de:29 & im:12 & pr:0 & pr:12 & th:5 & va:0,"{'problem_analysis': 2, 'implementation_mechanism': 1, 'theoretical_insight': 1}"
1526,5,2,de:16 & im:4 & pr:12 & pr:6 & th:19 & va:32,"{'problem_analysis': 2, 'validation_evidence': 1, 'theoretical_insight': 1}"
1527,5,4,de:20 & im:7 & pr:12 & pr:32 & th:12,"{'problem_analysis': 2, 'theoretical_insight': 1, 'design_rationale': 1}"
1528,5,3,de:7 & im:14 & pr:12 & pr:4 & th:1 & va:28,"{'problem_analysis': 2, 'design_rationale': 1, 'theoretical_insight': 1}"
1529,5,2,de:15 & im:4 & pr:22 & th:12 & va:30,"{'theoretical_insight': 1, 'problem_analysis': 1, 'implementation_mechanism': 1}"
1530,5,1,de:15 & im:4 & pr:11 & th:11 & va:30,"{'problem_analysis': 1, 'implementation_mechanism': 1, 'theoretical_insight': 1}"
1531,5,2,de:37 & im:1 & pr:33 & th:37 & va:1,"{'validation_evidence': 1, 'design_rationale': 1, 'implementation_mechanism': 1}"
1532,5,2,de:0 & de:16 & de:37 & im:1 & im:9 & pr:25 & pr:9 & th:1 & th:2 & th:4 & va:17 & va:39,"{'theoretical_insight': 3, 'design_rationale': 3, 'problem_analysis': 2}"
1533,5,4,de:27 & im:31 & pr:15 & th:38 & va:11,"{'problem_analysis': 1, 'validation_evidence': 1, 'design_rationale': 1}"
1534,5,1,de:3 & im:9 & pr:19 & th:37 & va:0,"{'problem_analysis': 1, 'design_rationale': 1, 'theoretical_insight': 1}"
1535,5,7,de:15 & im:4 & pr:19 & pr:5 & pr:6 & th:1 & th:11 & va:10,"{'problem_analysis': 3, 'theoretical_insight': 2, 'validation_evidence': 1}"
1536,5,1,de:3 & im:33 & pr:10 & th:34 & va:36,"{'implementation_mechanism': 1, 'theoretical_insight': 1, 'design_rationale': 1}"
1537,5,2,de:8 & im:8 & pr:1 & th:7 & va:1,"{'problem_analysis': 1, 'implementation_mechanism': 1, 'validation_evidence': 1}"
1538,5,6,de:22 & im:31 & pr:13 & pr:23 & th:4 & va:7,"{'problem_analysis': 2, 'design_rationale': 1, 'validation_evidence': 1}"
1539,5,5,de:37 & im:1 & pr:13 & pr:3 & pr:8 & pr:9 & th:15 & th:6 & va:17,"{'problem_analysis': 4, 'theoretical_insight': 2, 'validation_evidence': 1}"
1540,5,4,de:37 & im:1 & pr:25 & th:6 & va:17,"{'problem_analysis': 1, 'theoretical_insight': 1, 'validation_evidence': 1}"
1541,5,1,de:15 & im:9 & pr:5 & th:2 & va:18,"{'problem_analysis': 1, 'theoretical_insight': 1, 'design_rationale': 1}"
1542,5,5,de:6 & im:16 & pr:5 & th:1 & va:26,"{'problem_analysis': 1, 'implementation_mechanism': 1, 'validation_evidence': 1}"
1543,5,6,de:15 & im:4 & pr:11 & pr:13 & th:4 & va:12,"{'problem_analysis': 2, 'validation_evidence': 1, 'implementation_mechanism': 1}"
1544,5,5,pr:11 & pr:23,{'problem_analysis': 2}
1545,5,1,de:15 & im:4 & pr:6 & th:12 & va:32,"{'theoretical_insight': 1, 'validation_evidence': 1, 'implementation_mechanism': 1}"
1546,5,4,de:25 & im:34 & pr:32 & pr:4 & th:21 & va:30,"{'problem_analysis': 2, 'implementation_mechanism': 1, 'theoretical_insight': 1}"
1547,5,3,de:15 & de:28 & im:4 & im:7 & pr:4 & pr:6 & th:9 & va:32,"{'problem_analysis': 2, 'design_rationale': 2, 'implementation_mechanism': 2}"
1548,5,8,de:5 & im:28 & pr:27 & pr:7 & th:6 & va:1,"{'problem_analysis': 2, 'theoretical_insight': 1, 'design_rationale': 1}"
1549,5,9,de:14 & im:20 & pr:27 & pr:9 & th:14 & va:19,"{'problem_analysis': 2, 'validation_evidence': 1, 'design_rationale': 1}"
1550,5,5,de:37 & im:1 & pr:13 & pr:18 & pr:6 & th:6 & va:17,"{'problem_analysis': 3, 'theoretical_insight': 1, 'validation_evidence': 1}"
1551,5,2,de:37 & im:9 & pr:37 & th:35 & va:38,"{'problem_analysis': 1, 'design_rationale': 1, 'validation_evidence': 1}"
1552,5,7,im:4 & pr:12 & pr:31 & th:9 & va:10,"{'problem_analysis': 2, 'validation_evidence': 1, 'implementation_mechanism': 1}"
1553,5,3,de:15 & de:17 & im:4 & pr:4 & pr:6 & th:11 & th:12 & th:4 & va:9,"{'theoretical_insight': 3, 'design_rationale': 2, 'problem_analysis': 2}"
1554,5,1,de:4 & im:10 & pr:11 & th:30 & va:15,"{'design_rationale': 1, 'problem_analysis': 1, 'implementation_mechanism': 1}"
1555,5,1,de:7 & im:7 & pr:4 & th:12 & va:12,"{'problem_analysis': 1, 'validation_evidence': 1, 'theoretical_insight': 1}"
1556,5,5,de:15 & im:4 & pr:11 & pr:31,"{'problem_analysis': 2, 'design_rationale': 1, 'implementation_mechanism': 1}"
1557,5,5,de:37 & im:1 & pr:11 & pr:12 & th:6 & va:15,"{'problem_analysis': 2, 'theoretical_insight': 1, 'design_rationale': 1}"
1558,5,5,de:15 & im:4 & pr:11 & pr:31 & th:12 & va:10,"{'problem_analysis': 2, 'validation_evidence': 1, 'theoretical_insight': 1}"
1559,5,5,de:15 & im:19 & pr:11 & pr:6 & th:12 & va:10,"{'problem_analysis': 2, 'validation_evidence': 1, 'implementation_mechanism': 1}"
1560,5,6,de:15 & im:4 & pr:11 & pr:7 & th:2 & va:2,"{'problem_analysis': 2, 'validation_evidence': 1, 'theoretical_insight': 1}"
1561,5,5,de:29 & im:10 & pr:11 & pr:19 & th:5 & va:1,"{'problem_analysis': 2, 'validation_evidence': 1, 'implementation_mechanism': 1}"
1562,5,6,de:37 & im:1 & pr:11 & pr:12 & th:6 & va:17,"{'problem_analysis': 2, 'theoretical_insight': 1, 'validation_evidence': 1}"
1563,5,7,de:14 & im:25 & pr:11 & pr:7 & th:26 & va:20,"{'problem_analysis': 2, 'implementation_mechanism': 1, 'design_rationale': 1}"
1564,5,2,de:30 & im:8 & pr:16 & th:8 & va:1,"{'implementation_mechanism': 1, 'theoretical_insight': 1, 'validation_evidence': 1}"
1565,5,6,de:15 & pr:11 & pr:6,"{'problem_analysis': 2, 'design_rationale': 1}"
1566,5,5,de:15 & im:4 & pr:11 & pr:6 & th:11 & va:15,"{'problem_analysis': 2, 'implementation_mechanism': 1, 'theoretical_insight': 1}"
1567,5,5,de:16 & im:10 & pr:11 & pr:6 & th:12 & va:3,"{'problem_analysis': 2, 'implementation_mechanism': 1, 'theoretical_insight': 1}"
1568,5,5,de:15 & im:4 & pr:11 & pr:31 & th:2 & va:32,"{'problem_analysis': 2, 'theoretical_insight': 1, 'validation_evidence': 1}"
1569,5,5,de:16 & im:4 & pr:11 & pr:31 & th:2 & va:10,"{'problem_analysis': 2, 'theoretical_insight': 1, 'validation_evidence': 1}"
1570,5,7,de:22 & im:31 & pr:11 & pr:13 & th:4 & va:7,"{'problem_analysis': 2, 'design_rationale': 1, 'validation_evidence': 1}"
1571,5,5,de:16 & im:10 & pr:11 & pr:27 & th:12,"{'problem_analysis': 2, 'implementation_mechanism': 1, 'theoretical_insight': 1}"
1572,5,6,de:22 & im:31 & pr:11 & pr:3 & pr:6 & th:4 & va:18,"{'problem_analysis': 3, 'design_rationale': 1, 'theoretical_insight': 1}"
1573,5,7,de:37 & im:1 & pr:11 & pr:12 & pr:18 & th:6 & va:17,"{'problem_analysis': 3, 'theoretical_insight': 1, 'validation_evidence': 1}"
1574,5,8,de:15 & de:37 & im:1 & im:4 & pr:19 & pr:32 & pr:6 & th:11 & th:6 & va:10,"{'problem_analysis': 3, 'theoretical_insight': 2, 'design_rationale': 2}"
1575,5,6,de:15 & im:4 & pr:4 & pr:6 & th:11,"{'problem_analysis': 2, 'implementation_mechanism': 1, 'theoretical_insight': 1}"
1576,5,9,de:13 & im:1 & pr:17 & pr:27 & th:0,"{'problem_analysis': 2, 'design_rationale': 1, 'theoretical_insight': 1}"
1577,5,7,de:6 & im:21 & pr:27 & pr:32 & th:1 & va:8,"{'problem_analysis': 2, 'validation_evidence': 1, 'implementation_mechanism': 1}"
1578,5,7,de:15 & im:4 & pr:13 & pr:27 & th:4 & va:12,"{'problem_analysis': 2, 'validation_evidence': 1, 'implementation_mechanism': 1}"
1579,5,6,de:20 & im:19 & pr:11 & pr:27 & th:1 & va:9,"{'problem_analysis': 2, 'implementation_mechanism': 1, 'design_rationale': 1}"
1580,5,10,de:14 & im:25 & pr:14 & pr:27 & th:26 & va:20,"{'problem_analysis': 2, 'implementation_mechanism': 1, 'design_rationale': 1}"
1581,5,5,de:37 & im:1 & pr:6 & pr:7 & th:37 & va:1,"{'problem_analysis': 2, 'validation_evidence': 1, 'design_rationale': 1}"
1582,5,6,de:37 & im:1 & pr:6 & pr:7 & th:37 & va:39,"{'problem_analysis': 2, 'design_rationale': 1, 'implementation_mechanism': 1}"
1583,5,6,im:13 & pr:12 & pr:2 & pr:39 & th:3 & va:36,"{'problem_analysis': 3, 'theoretical_insight': 1, 'implementation_mechanism': 1}"
1584,5,8,de:37 & im:8 & pr:12 & pr:19 & th:28 & va:1,"{'problem_analysis': 2, 'implementation_mechanism': 1, 'validation_evidence': 1}"
1585,5,2,de:25 & im:34 & pr:4 & va:33,"{'problem_analysis': 1, 'validation_evidence': 1, 'design_rationale': 1}"
1586,5,8,de:15 & im:4 & pr:27 & pr:31 & th:12 & va:10,"{'problem_analysis': 2, 'validation_evidence': 1, 'theoretical_insight': 1}"
1587,5,1,de:20 & im:20 & pr:11 & pr:15 & th:1 & va:30,"{'problem_analysis': 2, 'design_rationale': 1, 'theoretical_insight': 1}"
1588,5,9,de:15 & de:20 & im:4 & pr:27 & pr:6 & th:11 & th:12 & va:32,"{'theoretical_insight': 2, 'design_rationale': 2, 'problem_analysis': 2}"
1589,5,4,pr:19 & pr:27,{'problem_analysis': 2}
1590,5,7,de:16 & im:4 & pr:27 & pr:7 & th:37 & va:2,"{'problem_analysis': 2, 'validation_evidence': 1, 'implementation_mechanism': 1}"
1591,5,6,de:25 & im:34 & pr:27 & pr:31 & pr:32,"{'problem_analysis': 3, 'implementation_mechanism': 1, 'design_rationale': 1}"
1592,5,7,de:37 & im:1 & pr:12 & pr:27 & th:6 & va:37,"{'problem_analysis': 2, 'theoretical_insight': 1, 'design_rationale': 1}"
1593,5,4,de:15 & de:20 & im:20 & im:4 & pr:12 & pr:24 & pr:6 & th:1 & th:11 & th:2 & va:9,"{'problem_analysis': 3, 'theoretical_insight': 3, 'design_rationale': 2}"
1594,5,2,de:16 & im:19 & pr:11 & th:12 & va:9,"{'problem_analysis': 1, 'implementation_mechanism': 1, 'theoretical_insight': 1}"
1595,5,8,de:20 & de:3 & im:16 & pr:39 & pr:4 & pr:5 & th:12 & th:2 & th:36 & va:26,"{'problem_analysis': 3, 'theoretical_insight': 3, 'design_rationale': 2}"
1596,5,8,de:20 & de:3 & im:16 & pr:11 & pr:39 & pr:4 & pr:5 & th:1 & th:2 & th:36 & va:26,"{'problem_analysis': 4, 'theoretical_insight': 3, 'design_rationale': 2}"
1597,5,4,de:15 & de:20 & de:28 & im:4 & pr:27 & pr:6 & th:1 & th:11 & th:12 & va:9,"{'theoretical_insight': 3, 'design_rationale': 3, 'problem_analysis': 2}"
1598,5,7,de:16 & im:1 & pr:27 & pr:31 & th:2 & va:17,"{'problem_analysis': 2, 'theoretical_insight': 1, 'validation_evidence': 1}"
1599,5,7,de:15 & im:4 & pr:27 & pr:31 & th:2 & va:32,"{'problem_analysis': 2, 'theoretical_insight': 1, 'validation_evidence': 1}"
1600,5,4,de:15 & de:20 & im:19 & im:4 & pr:11 & pr:12 & pr:6 & th:11 & th:2 & va:9,"{'problem_analysis': 3, 'theoretical_insight': 2, 'implementation_mechanism': 2}"
1601,5,10,de:37 & im:1 & pr:12 & pr:7 & pr:9 & th:6 & va:17,"{'problem_analysis': 3, 'theoretical_insight': 1, 'validation_evidence': 1}"
1602,5,7,de:13 & de:20 & de:9 & im:1 & im:19 & pr:11 & pr:7 & pr:8 & th:2 & th:37 & va:17 & va:9,"{'design_rationale': 3, 'problem_analysis': 3, 'theoretical_insight': 2}"
