family_id,n_paths,signature_str,top_subtypes
0,23685,de:15 & im:4 & pr:6 & th:11 & va:10,"{'problem_analysis': 1, 'implementation_mechanism': 1, 'theoretical_insight': 1}"
1,5054,de:15 & im:4 & pr:6 & th:11 & va:32,"{'design_rationale': 1, 'problem_analysis': 1, 'implementation_mechanism': 1}"
2,4569,de:15 & im:4 & pr:6 & th:11 & va:9,"{'problem_analysis': 1, 'implementation_mechanism': 1, 'theoretical_insight': 1}"
3,4244,de:3 & im:16 & pr:39 & th:36 & va:26,"{'implementation_mechanism': 1, 'validation_evidence': 1, 'design_rationale': 1}"
4,2952,de:25 & im:34 & pr:32 & th:21 & va:30,"{'design_rationale': 1, 'problem_analysis': 1, 'implementation_mechanism': 1}"
5,2856,de:11 & im:38 & pr:6 & th:26 & th:9 & va:2,"{'theoretical_insight': 2, 'implementation_mechanism': 1, 'problem_analysis': 1}"
6,2542,de:37 & im:1 & pr:19 & th:6 & va:1,"{'validation_evidence': 1, 'problem_analysis': 1, 'implementation_mechanism': 1}"
7,2300,de:3 & im:16 & pr:39 & th:36 & va:0,"{'implementation_mechanism': 1, 'validation_evidence': 1, 'design_rationale': 1}"
8,2202,de:34 & im:10 & pr:10 & pr:19 & th:3 & va:4,"{'problem_analysis': 2, 'theoretical_insight': 1, 'implementation_mechanism': 1}"
9,2146,im:31 & pr:13 & th:4,"{'problem_analysis': 1, 'theoretical_insight': 1, 'implementation_mechanism': 1}"
10,2136,de:15 & im:4 & pr:31 & th:9 & va:10,"{'design_rationale': 1, 'implementation_mechanism': 1, 'problem_analysis': 1}"
11,2135,pr:19 & va:20,"{'problem_analysis': 1, 'validation_evidence': 1}"
12,2131,de:23 & im:27 & pr:22 & pr:28 & pr:31 & pr:6 & th:18 & th:33 & va:22,"{'problem_analysis': 4, 'theoretical_insight': 2, 'design_rationale': 1}"
13,2093,pr:6,{'problem_analysis': 1}
14,2036,de:13 & im:1 & pr:7 & th:37 & va:17,"{'design_rationale': 1, 'validation_evidence': 1, 'problem_analysis': 1}"
15,1985,de:23 & im:27 & pr:22 & th:18 & va:22,"{'problem_analysis': 1, 'design_rationale': 1, 'implementation_mechanism': 1}"
16,1974,de:15 & im:4 & pr:6 & th:11,"{'implementation_mechanism': 1, 'design_rationale': 1, 'theoretical_insight': 1}"
17,1899,de:37 & im:1 & pr:12 & th:6 & va:39,"{'validation_evidence': 1, 'problem_analysis': 1, 'implementation_mechanism': 1}"
18,1722,de:15 & im:4 & pr:31 & pr:6 & th:11 & va:10,"{'problem_analysis': 2, 'implementation_mechanism': 1, 'theoretical_insight': 1}"
19,1692,de:20 & im:19 & pr:11 & th:12 & va:9,"{'theoretical_insight': 1, 'problem_analysis': 1, 'design_rationale': 1}"
20,1600,de:37 & im:1 & pr:12 & th:6 & va:1,"{'validation_evidence': 1, 'problem_analysis': 1, 'implementation_mechanism': 1}"
21,1466,de:15 & im:4 & pr:27 & pr:6 & th:12 & th:2 & va:10,"{'theoretical_insight': 2, 'problem_analysis': 2, 'implementation_mechanism': 1}"
22,1454,de:14 & im:25 & pr:14 & th:26 & va:20,"{'problem_analysis': 1, 'implementation_mechanism': 1, 'validation_evidence': 1}"
23,1450,de:12 & im:20 & pr:9 & th:1 & va:12,"{'validation_evidence': 1, 'problem_analysis': 1, 'theoretical_insight': 1}"
24,1418,de:15 & im:4 & pr:19 & pr:6 & th:11 & va:10,"{'problem_analysis': 2, 'implementation_mechanism': 1, 'theoretical_insight': 1}"
25,1402,de:15 & im:4 & pr:31 & th:11 & va:9,"{'implementation_mechanism': 1, 'theoretical_insight': 1, 'problem_analysis': 1}"
26,1402,de:15 & im:4 & im:7 & pr:6 & th:12 & va:10,"{'implementation_mechanism': 2, 'problem_analysis': 1, 'theoretical_insight': 1}"
27,1399,de:15 & im:4 & pr:6 & th:1 & va:10,"{'problem_analysis': 1, 'theoretical_insight': 1, 'implementation_mechanism': 1}"
28,1323,de:37 & im:1 & pr:19 & th:6 & va:37,"{'validation_evidence': 1, 'problem_analysis': 1, 'implementation_mechanism': 1}"
29,1210,de:11 & im:9 & pr:33 & th:35 & va:15,"{'problem_analysis': 1, 'implementation_mechanism': 1, 'design_rationale': 1}"
30,1186,de:1 & im:8 & pr:16 & pr:20 & th:6 & va:35,"{'problem_analysis': 2, 'implementation_mechanism': 1, 'validation_evidence': 1}"
31,1182,de:16 & im:1 & pr:12 & th:31 & va:39,"{'design_rationale': 1, 'validation_evidence': 1, 'theoretical_insight': 1}"
32,1156,de:20 & im:19 & pr:35 & th:12 & va:2,"{'problem_analysis': 1, 'theoretical_insight': 1, 'design_rationale': 1}"
33,1128,de:37 & im:1 & pr:19 & th:6 & va:39,"{'validation_evidence': 1, 'problem_analysis': 1, 'implementation_mechanism': 1}"
34,1108,de:37 & im:3 & pr:16 & pr:19 & th:28 & va:33,"{'problem_analysis': 2, 'validation_evidence': 1, 'design_rationale': 1}"
35,1102,de:29 & im:16 & pr:39 & th:36 & va:26,"{'implementation_mechanism': 1, 'design_rationale': 1, 'validation_evidence': 1}"
36,1100,de:15 & im:4 & pr:31 & th:2 & va:10,"{'theoretical_insight': 1, 'implementation_mechanism': 1, 'problem_analysis': 1}"
37,1092,de:9 & im:4 & pr:6 & th:12 & va:9,"{'problem_analysis': 1, 'theoretical_insight': 1, 'implementation_mechanism': 1}"
38,1078,de:37 & im:1 & pr:19 & th:6 & va:17,"{'validation_evidence': 1, 'problem_analysis': 1, 'implementation_mechanism': 1}"
39,1062,de:28 & im:7 & pr:6 & th:9 & va:32,"{'design_rationale': 1, 'problem_analysis': 1, 'theoretical_insight': 1}"
40,1016,de:9 & im:35 & pr:11 & th:2 & va:9,"{'theoretical_insight': 1, 'design_rationale': 1, 'implementation_mechanism': 1}"
41,1014,de:17 & im:20 & pr:12 & th:12 & th:2 & va:3,"{'theoretical_insight': 2, 'design_rationale': 1, 'validation_evidence': 1}"
42,1005,de:20 & de:28 & im:19 & pr:12 & pr:24 & va:30,"{'problem_analysis': 2, 'design_rationale': 2, 'validation_evidence': 1}"
43,980,de:7 & im:4 & pr:6 & th:12 & va:10,"{'problem_analysis': 1, 'theoretical_insight': 1, 'implementation_mechanism': 1}"
44,973,de:37 & im:3 & pr:19 & th:6 & va:1,"{'validation_evidence': 1, 'problem_analysis': 1, 'design_rationale': 1}"
45,962,de:15 & im:4 & pr:12 & th:2 & va:10,"{'theoretical_insight': 1, 'implementation_mechanism': 1, 'problem_analysis': 1}"
46,932,de:7 & im:10 & pr:19 & th:37 & va:37,"{'validation_evidence': 1, 'implementation_mechanism': 1, 'problem_analysis': 1}"
47,904,de:25 & im:34 & pr:4 & th:21 & va:27,"{'design_rationale': 1, 'validation_evidence': 1, 'implementation_mechanism': 1}"
48,884,de:1 & im:1 & pr:13 & pr:19 & th:23 & va:4,"{'problem_analysis': 2, 'theoretical_insight': 1, 'design_rationale': 1}"
49,872,de:15 & im:4 & pr:13 & pr:6 & th:11 & va:10,"{'problem_analysis': 2, 'implementation_mechanism': 1, 'theoretical_insight': 1}"
50,816,de:15 & im:4 & im:7 & pr:6 & th:11 & th:12 & va:10,"{'theoretical_insight': 2, 'implementation_mechanism': 2, 'problem_analysis': 1}"
51,809,pr:16,{'problem_analysis': 1}
52,759,de:15 & im:4 & pr:27 & pr:6 & th:11 & va:10,"{'problem_analysis': 2, 'implementation_mechanism': 1, 'theoretical_insight': 1}"
53,755,de:37 & im:1 & pr:12 & th:6 & va:17,"{'validation_evidence': 1, 'problem_analysis': 1, 'implementation_mechanism': 1}"
54,749,de:15 & im:10 & pr:6 & th:11 & va:10,"{'problem_analysis': 1, 'theoretical_insight': 1, 'implementation_mechanism': 1}"
55,737,pr:33,{'problem_analysis': 1}
56,735,de:15 & im:4 & pr:11 & pr:6 & th:11 & va:10,"{'problem_analysis': 2, 'implementation_mechanism': 1, 'theoretical_insight': 1}"
57,732,de:11 & im:10 & pr:11 & pr:19 & th:2 & va:15,"{'problem_analysis': 2, 'theoretical_insight': 1, 'implementation_mechanism': 1}"
58,729,de:37 & im:1 & pr:9 & th:6 & va:17,"{'problem_analysis': 1, 'validation_evidence': 1, 'implementation_mechanism': 1}"
59,727,de:14 & im:25 & pr:19 & th:26 & va:20,"{'problem_analysis': 1, 'implementation_mechanism': 1, 'validation_evidence': 1}"
60,721,de:15 & pr:6 & th:1,"{'theoretical_insight': 1, 'design_rationale': 1, 'problem_analysis': 1}"
61,721,de:4 & im:7 & pr:6 & th:12 & va:30,"{'problem_analysis': 1, 'theoretical_insight': 1, 'validation_evidence': 1}"
62,719,de:22 & im:31 & pr:13 & th:4 & va:7,"{'problem_analysis': 1, 'design_rationale': 1, 'validation_evidence': 1}"
63,714,de:16 & im:38 & pr:6 & th:12 & th:26 & th:9 & va:2,"{'theoretical_insight': 3, 'implementation_mechanism': 1, 'design_rationale': 1}"
64,714,de:37 & im:8 & pr:19 & th:28 & va:1,"{'implementation_mechanism': 1, 'validation_evidence': 1, 'problem_analysis': 1}"
65,714,de:15 & de:20 & im:19 & im:4 & pr:11 & pr:6 & th:11 & th:2 & va:10,"{'theoretical_insight': 2, 'problem_analysis': 2, 'implementation_mechanism': 2}"
66,710,de:23 & im:27 & pr:22 & pr:28 & pr:31 & pr:6 & th:18 & th:33 & va:2,"{'problem_analysis': 4, 'theoretical_insight': 2, 'design_rationale': 1}"
67,709,de:20 & im:7 & pr:6 & th:12 & va:0,"{'problem_analysis': 1, 'theoretical_insight': 1, 'validation_evidence': 1}"
68,701,de:15 & im:7 & pr:6 & th:12 & va:10,"{'problem_analysis': 1, 'theoretical_insight': 1, 'validation_evidence': 1}"
69,699,pr:19,{'problem_analysis': 1}
70,699,de:18 & im:0 & pr:19 & pr:7 & th:7 & va:35,"{'problem_analysis': 2, 'design_rationale': 1, 'theoretical_insight': 1}"
71,696,de:15 & im:4 & im:7 & pr:6 & th:12,"{'implementation_mechanism': 2, 'problem_analysis': 1, 'theoretical_insight': 1}"
72,696,im:31 & pr:13 & th:4 & va:7,"{'validation_evidence': 1, 'problem_analysis': 1, 'theoretical_insight': 1}"
73,692,de:14 & im:25 & pr:14 & va:20,"{'problem_analysis': 1, 'validation_evidence': 1, 'implementation_mechanism': 1}"
74,686,pr:4 & va:28,"{'problem_analysis': 1, 'validation_evidence': 1}"
75,685,de:15 & im:19 & pr:6 & th:12 & va:10,"{'problem_analysis': 1, 'theoretical_insight': 1, 'implementation_mechanism': 1}"
76,685,de:14 & im:20 & pr:19 & pr:9 & th:14 & th:26 & va:19,"{'problem_analysis': 2, 'theoretical_insight': 2, 'validation_evidence': 1}"
77,683,de:11 & im:10 & im:31 & pr:13 & pr:23 & th:25 & th:4 & va:1 & va:20,"{'problem_analysis': 2, 'validation_evidence': 2, 'theoretical_insight': 2}"
78,681,de:29 & im:7 & pr:19 & th:37 & va:12,"{'validation_evidence': 1, 'design_rationale': 1, 'problem_analysis': 1}"
79,678,de:7 & im:34 & pr:11 & pr:31 & pr:5 & th:12 & va:18,"{'problem_analysis': 3, 'theoretical_insight': 1, 'design_rationale': 1}"
80,677,de:15 & im:19 & pr:27 & pr:6 & th:12 & va:32,"{'problem_analysis': 2, 'theoretical_insight': 1, 'implementation_mechanism': 1}"
81,675,de:23 & im:38 & pr:6 & th:12 & va:2,"{'implementation_mechanism': 1, 'design_rationale': 1, 'problem_analysis': 1}"
82,675,de:17 & im:4 & pr:6 & th:12 & va:9,"{'design_rationale': 1, 'problem_analysis': 1, 'theoretical_insight': 1}"
83,674,de:20 & im:19 & pr:11 & th:2 & va:9,"{'theoretical_insight': 1, 'problem_analysis': 1, 'design_rationale': 1}"
84,671,de:37 & im:1 & pr:7 & th:37 & va:1,"{'validation_evidence': 1, 'problem_analysis': 1, 'theoretical_insight': 1}"
85,666,de:29 & im:10 & pr:19 & th:5 & va:1,"{'validation_evidence': 1, 'theoretical_insight': 1, 'implementation_mechanism': 1}"
86,662,de:37 & im:1 & pr:7 & th:37 & va:39,"{'validation_evidence': 1, 'problem_analysis': 1, 'theoretical_insight': 1}"
87,659,pr:2 & pr:33 & th:36 & va:7,"{'problem_analysis': 2, 'validation_evidence': 1, 'theoretical_insight': 1}"
88,658,de:24 & im:2 & pr:13 & th:13 & va:7,"{'theoretical_insight': 1, 'problem_analysis': 1, 'validation_evidence': 1}"
89,657,de:37 & im:1 & pr:12 & pr:7 & th:6 & va:1,"{'problem_analysis': 2, 'validation_evidence': 1, 'implementation_mechanism': 1}"
90,657,de:3 & im:8 & pr:39 & pr:7 & th:36 & va:0,"{'problem_analysis': 2, 'implementation_mechanism': 1, 'validation_evidence': 1}"
91,654,de:25 & im:34 & pr:31 & pr:32,"{'problem_analysis': 2, 'implementation_mechanism': 1, 'design_rationale': 1}"
92,645,de:15 & im:4 & pr:6 & th:2 & va:32,"{'theoretical_insight': 1, 'design_rationale': 1, 'problem_analysis': 1}"
93,645,pr:23,{'problem_analysis': 1}
94,645,de:11 & pr:9 & th:14 & th:2 & va:2,"{'theoretical_insight': 2, 'problem_analysis': 1, 'design_rationale': 1}"
95,644,de:20 & im:4 & pr:11 & th:12,"{'theoretical_insight': 1, 'implementation_mechanism': 1, 'problem_analysis': 1}"
96,644,de:7 & im:7 & pr:11 & pr:14 & pr:6 & th:12 & va:18,"{'problem_analysis': 3, 'theoretical_insight': 1, 'design_rationale': 1}"
97,643,de:16 & im:10 & pr:6 & th:12 & va:3,"{'validation_evidence': 1, 'design_rationale': 1, 'problem_analysis': 1}"
98,638,de:22 & im:1 & pr:13 & pr:33 & th:10 & va:12,"{'problem_analysis': 2, 'validation_evidence': 1, 'design_rationale': 1}"
99,637,pr:31 & pr:6 & th:11 & va:2,"{'problem_analysis': 2, 'validation_evidence': 1, 'theoretical_insight': 1}"
100,636,de:16 & im:4 & pr:6 & va:9,"{'implementation_mechanism': 1, 'validation_evidence': 1, 'design_rationale': 1}"
101,634,de:11 & im:1 & pr:10 & pr:31 & th:27 & va:22,"{'problem_analysis': 2, 'design_rationale': 1, 'validation_evidence': 1}"
102,633,de:15 & im:4 & pr:31 & th:9 & va:32,"{'design_rationale': 1, 'implementation_mechanism': 1, 'problem_analysis': 1}"
103,632,de:29 & im:9 & pr:33 & th:9 & va:38,"{'problem_analysis': 1, 'implementation_mechanism': 1, 'validation_evidence': 1}"
104,631,de:6 & im:7 & pr:19 & pr:8 & th:34 & va:12,"{'problem_analysis': 2, 'validation_evidence': 1, 'design_rationale': 1}"
105,630,de:14 & im:25 & pr:14 & th:26,"{'problem_analysis': 1, 'implementation_mechanism': 1, 'theoretical_insight': 1}"
106,629,de:14 & im:25 & pr:7 & th:26 & va:20,"{'problem_analysis': 1, 'implementation_mechanism': 1, 'validation_evidence': 1}"
107,628,de:13 & im:1 & pr:7 & th:37 & va:39,"{'design_rationale': 1, 'validation_evidence': 1, 'problem_analysis': 1}"
108,626,im:4 & pr:31 & th:9 & va:10,"{'implementation_mechanism': 1, 'theoretical_insight': 1, 'problem_analysis': 1}"
109,626,de:15 & pr:6 & th:11 & va:32,"{'validation_evidence': 1, 'design_rationale': 1, 'theoretical_insight': 1}"
110,624,de:15 & im:4 & pr:31,"{'implementation_mechanism': 1, 'design_rationale': 1, 'problem_analysis': 1}"
111,624,de:37 & im:1 & pr:12 & th:6 & va:15,"{'problem_analysis': 1, 'validation_evidence': 1, 'implementation_mechanism': 1}"
112,624,de:9 & im:4 & pr:6 & th:12,"{'theoretical_insight': 1, 'implementation_mechanism': 1, 'design_rationale': 1}"
113,623,de:17 & im:7 & pr:11 & pr:27 & th:12 & va:9,"{'problem_analysis': 2, 'design_rationale': 1, 'theoretical_insight': 1}"
114,620,de:22 & im:31 & pr:3 & pr:6 & th:4 & va:18,"{'problem_analysis': 2, 'design_rationale': 1, 'implementation_mechanism': 1}"
115,616,de:15 & im:4 & pr:31 & th:9 & va:31,"{'design_rationale': 1, 'validation_evidence': 1, 'implementation_mechanism': 1}"
116,616,de:37 & im:0 & pr:19 & pr:7 & th:6 & va:1,"{'problem_analysis': 2, 'validation_evidence': 1, 'design_rationale': 1}"
117,616,de:3 & im:16 & pr:39 & pr:6 & th:36 & va:26,"{'problem_analysis': 2, 'implementation_mechanism': 1, 'validation_evidence': 1}"
118,615,de:16 & im:4,"{'implementation_mechanism': 1, 'design_rationale': 1}"
119,614,de:15 & im:4 & pr:13 & th:4 & va:12,"{'validation_evidence': 1, 'problem_analysis': 1, 'implementation_mechanism': 1}"
120,614,de:9 & im:35 & pr:6 & th:12 & va:2,"{'problem_analysis': 1, 'theoretical_insight': 1, 'design_rationale': 1}"
121,613,de:4 & im:31 & pr:3 & pr:33 & th:30 & va:38,"{'problem_analysis': 2, 'theoretical_insight': 1, 'validation_evidence': 1}"
122,610,de:37 & im:0 & pr:19 & th:6 & va:39,"{'validation_evidence': 1, 'problem_analysis': 1, 'design_rationale': 1}"
123,608,de:15 & im:4 & pr:6 & th:11 & va:15,"{'problem_analysis': 1, 'implementation_mechanism': 1, 'theoretical_insight': 1}"
124,608,de:32 & im:0 & pr:1 & pr:19 & th:7 & va:39,"{'problem_analysis': 2, 'design_rationale': 1, 'validation_evidence': 1}"
125,607,de:6 & im:21 & pr:4 & th:1 & va:28,"{'design_rationale': 1, 'theoretical_insight': 1, 'validation_evidence': 1}"
126,603,im:31 & pr:13 & th:4 & va:0,"{'problem_analysis': 1, 'theoretical_insight': 1, 'implementation_mechanism': 1}"
127,602,de:3 & im:16 & pr:7 & va:0,"{'implementation_mechanism': 1, 'problem_analysis': 1, 'validation_evidence': 1}"
128,602,de:16 & pr:12 & th:2 & va:2,"{'problem_analysis': 1, 'theoretical_insight': 1, 'validation_evidence': 1}"
129,602,de:15 & im:4 & pr:4 & pr:6 & th:11 & va:10,"{'problem_analysis': 2, 'implementation_mechanism': 1, 'theoretical_insight': 1}"
130,601,de:9 & im:4 & pr:3 & pr:6 & th:11 & va:11,"{'problem_analysis': 2, 'design_rationale': 1, 'implementation_mechanism': 1}"
131,600,de:15 & pr:6,"{'design_rationale': 1, 'problem_analysis': 1}"
132,599,de:29 & im:10 & pr:5 & th:8 & va:12,"{'validation_evidence': 1, 'problem_analysis': 1, 'implementation_mechanism': 1}"
133,599,de:8 & im:3 & pr:16 & th:13 & va:1,"{'theoretical_insight': 1, 'validation_evidence': 1, 'problem_analysis': 1}"
134,598,de:37 & im:28 & pr:7 & th:6 & va:1,"{'validation_evidence': 1, 'implementation_mechanism': 1, 'problem_analysis': 1}"
135,596,de:16 & im:31 & pr:12 & th:4,"{'problem_analysis': 1, 'implementation_mechanism': 1, 'theoretical_insight': 1}"
136,594,de:8 & im:13 & pr:19 & th:30 & th:6 & va:1,"{'theoretical_insight': 2, 'validation_evidence': 1, 'implementation_mechanism': 1}"
137,593,de:6 & im:21 & pr:30 & th:1 & va:18,"{'problem_analysis': 1, 'design_rationale': 1, 'theoretical_insight': 1}"
138,593,de:6 & im:31 & pr:30 & th:5 & va:0,"{'problem_analysis': 1, 'design_rationale': 1, 'theoretical_insight': 1}"
139,593,de:25 & im:34 & pr:32 & th:21 & va:17,"{'design_rationale': 1, 'problem_analysis': 1, 'validation_evidence': 1}"
140,593,de:22 & im:31 & pr:31 & th:2,"{'theoretical_insight': 1, 'design_rationale': 1, 'implementation_mechanism': 1}"
141,593,de:22 & im:31 & pr:31 & th:2 & va:4,"{'theoretical_insight': 1, 'design_rationale': 1, 'validation_evidence': 1}"
142,591,de:37 & im:20 & pr:16 & th:8 & va:20,"{'problem_analysis': 1, 'theoretical_insight': 1, 'implementation_mechanism': 1}"
143,588,de:37 & im:1 & pr:25 & th:37 & va:39,"{'problem_analysis': 1, 'validation_evidence': 1, 'theoretical_insight': 1}"
144,585,de:8 & im:39 & pr:10 & th:28 & va:1,"{'validation_evidence': 1, 'problem_analysis': 1, 'design_rationale': 1}"
145,582,de:15 & im:4 & pr:31 & th:12 & va:10,"{'theoretical_insight': 1, 'implementation_mechanism': 1, 'problem_analysis': 1}"
146,581,de:20 & im:19 & pr:27 & th:12,"{'theoretical_insight': 1, 'implementation_mechanism': 1, 'design_rationale': 1}"
147,578,de:13 & im:1 & pr:7 & th:37 & va:15,"{'design_rationale': 1, 'problem_analysis': 1, 'validation_evidence': 1}"
148,577,de:29 & im:10 & pr:14 & th:8 & va:20,"{'problem_analysis': 1, 'implementation_mechanism': 1, 'design_rationale': 1}"
149,577,pr:12 & th:2,"{'problem_analysis': 1, 'theoretical_insight': 1}"
150,575,im:1 & pr:7 & th:6 & va:39,"{'problem_analysis': 1, 'validation_evidence': 1, 'theoretical_insight': 1}"
151,574,de:3 & im:16 & pr:23 & th:36 & va:0,"{'problem_analysis': 1, 'implementation_mechanism': 1, 'validation_evidence': 1}"
152,569,de:6 & im:21 & pr:32 & th:1 & va:8,"{'design_rationale': 1, 'theoretical_insight': 1, 'validation_evidence': 1}"
153,567,pr:31,{'problem_analysis': 1}
154,567,de:7 & im:7 & pr:27 & th:12 & va:28,"{'theoretical_insight': 1, 'design_rationale': 1, 'validation_evidence': 1}"
155,566,de:16 & im:4 & pr:6 & th:19 & va:32,"{'design_rationale': 1, 'problem_analysis': 1, 'implementation_mechanism': 1}"
156,562,de:3 & im:12 & pr:10 & th:7 & va:0,"{'problem_analysis': 1, 'validation_evidence': 1, 'theoretical_insight': 1}"
157,560,de:16 & im:4 & pr:31 & th:2 & va:10,"{'theoretical_insight': 1, 'design_rationale': 1, 'implementation_mechanism': 1}"
158,556,de:25 & im:34 & pr:32 & th:21 & va:33,"{'design_rationale': 1, 'problem_analysis': 1, 'validation_evidence': 1}"
159,555,pr:11 & th:12 & va:9,"{'theoretical_insight': 1, 'validation_evidence': 1, 'problem_analysis': 1}"
160,554,de:13 & im:1 & pr:17 & th:0,"{'theoretical_insight': 1, 'design_rationale': 1, 'problem_analysis': 1}"
161,554,de:16 & im:1 & pr:31 & th:2 & va:17,"{'theoretical_insight': 1, 'design_rationale': 1, 'validation_evidence': 1}"
162,554,de:32 & de:37 & im:3 & pr:1 & pr:16 & pr:19 & th:19 & th:28 & va:1,"{'problem_analysis': 3, 'design_rationale': 2, 'theoretical_insight': 2}"
163,554,de:37 & im:3 & pr:16 & pr:19 & th:28 & va:35,"{'problem_analysis': 2, 'validation_evidence': 1, 'design_rationale': 1}"
164,552,de:3 & im:16 & pr:13 & pr:3 & th:15 & va:13,"{'problem_analysis': 2, 'implementation_mechanism': 1, 'design_rationale': 1}"
165,552,de:10 & im:24 & pr:13 & pr:28 & th:10 & va:36,"{'problem_analysis': 2, 'theoretical_insight': 1, 'implementation_mechanism': 1}"
166,552,de:6 & im:11 & pr:13 & pr:5 & th:1 & va:4,"{'problem_analysis': 2, 'design_rationale': 1, 'theoretical_insight': 1}"
167,552,de:23 & im:26 & pr:26 & th:33 & va:38,"{'design_rationale': 1, 'problem_analysis': 1, 'implementation_mechanism': 1}"
168,550,de:15 & im:4 & pr:31 & th:2 & va:32,"{'theoretical_insight': 1, 'implementation_mechanism': 1, 'problem_analysis': 1}"
169,545,de:3 & im:16 & pr:7 & th:36 & va:0,"{'implementation_mechanism': 1, 'validation_evidence': 1, 'problem_analysis': 1}"
170,544,de:22 & im:31 & pr:32 & th:4 & va:23,"{'design_rationale': 1, 'problem_analysis': 1, 'implementation_mechanism': 1}"
171,544,de:22 & im:31 & pr:3 & th:4 & va:7,"{'design_rationale': 1, 'validation_evidence': 1, 'implementation_mechanism': 1}"
172,544,de:22 & im:9 & pr:13 & th:4 & va:15,"{'problem_analysis': 1, 'design_rationale': 1, 'implementation_mechanism': 1}"
173,539,de:16 & im:1 & pr:9 & th:14 & va:37,"{'problem_analysis': 1, 'design_rationale': 1, 'validation_evidence': 1}"
174,539,de:15 & im:4 & pr:6 & th:0,"{'theoretical_insight': 1, 'implementation_mechanism': 1, 'design_rationale': 1}"
175,536,de:29 & im:12 & pr:0 & th:5 & va:0,"{'theoretical_insight': 1, 'validation_evidence': 1, 'design_rationale': 1}"
176,535,de:20 & im:19 & pr:11 & th:1 & va:9,"{'theoretical_insight': 1, 'problem_analysis': 1, 'design_rationale': 1}"
177,533,de:9 & im:4 & pr:6 & th:11 & va:9,"{'problem_analysis': 1, 'design_rationale': 1, 'implementation_mechanism': 1}"
178,532,de:16 & im:10 & pr:27 & th:12,"{'theoretical_insight': 1, 'design_rationale': 1, 'implementation_mechanism': 1}"
179,531,de:15 & de:28 & im:4 & im:7 & pr:6 & th:9 & va:32,"{'design_rationale': 2, 'implementation_mechanism': 2, 'problem_analysis': 1}"
180,529,de:20 & im:7 & pr:4 & th:1 & va:9,"{'theoretical_insight': 1, 'design_rationale': 1, 'validation_evidence': 1}"
181,528,de:16 & im:4 & pr:4 & th:12 & va:12,"{'validation_evidence': 1, 'design_rationale': 1, 'theoretical_insight': 1}"
182,526,de:22 & im:23 & pr:13 & th:4 & va:38,"{'problem_analysis': 1, 'design_rationale': 1, 'implementation_mechanism': 1}"
183,522,de:15 & im:4 & pr:33 & pr:6 & th:11 & va:10,"{'problem_analysis': 2, 'implementation_mechanism': 1, 'theoretical_insight': 1}"
184,521,de:3 & im:16 & pr:2 & pr:39 & th:36 & va:26,"{'problem_analysis': 2, 'implementation_mechanism': 1, 'validation_evidence': 1}"
185,519,de:3 & im:16 & pr:39 & th:36 & va:7,"{'implementation_mechanism': 1, 'validation_evidence': 1, 'design_rationale': 1}"
186,519,de:37 & im:1 & pr:12 & th:6 & va:37,"{'validation_evidence': 1, 'problem_analysis': 1, 'implementation_mechanism': 1}"
187,518,de:20 & im:7 & pr:11 & th:1,"{'theoretical_insight': 1, 'implementation_mechanism': 1, 'problem_analysis': 1}"
188,518,de:8 & im:18 & pr:16 & th:27 & va:20,"{'problem_analysis': 1, 'implementation_mechanism': 1, 'design_rationale': 1}"
189,516,de:29 & im:10 & pr:39 & th:36 & va:0,"{'validation_evidence': 1, 'implementation_mechanism': 1, 'design_rationale': 1}"
190,515,de:16 & im:19 & pr:31 & va:17,"{'implementation_mechanism': 1, 'validation_evidence': 1, 'problem_analysis': 1}"
191,509,de:9 & im:19 & pr:4 & th:12 & va:30,"{'theoretical_insight': 1, 'validation_evidence': 1, 'design_rationale': 1}"
192,508,de:24 & im:24 & pr:13 & pr:2 & th:10 & va:8,"{'problem_analysis': 2, 'theoretical_insight': 1, 'implementation_mechanism': 1}"
193,507,de:16 & im:19 & pr:27 & th:12 & va:9,"{'design_rationale': 1, 'theoretical_insight': 1, 'validation_evidence': 1}"
194,507,de:15 & im:4 & pr:12 & th:2 & va:9,"{'theoretical_insight': 1, 'implementation_mechanism': 1, 'problem_analysis': 1}"
195,506,de:13 & im:1 & pr:19 & th:0 & va:15,"{'design_rationale': 1, 'validation_evidence': 1, 'problem_analysis': 1}"
196,505,de:7 & im:14 & pr:4 & th:1 & va:28,"{'implementation_mechanism': 1, 'theoretical_insight': 1, 'design_rationale': 1}"
197,498,de:3 & im:10 & pr:0 & th:39 & va:0,"{'validation_evidence': 1, 'implementation_mechanism': 1, 'design_rationale': 1}"
198,496,de:16 & pr:19 & th:31,"{'problem_analysis': 1, 'theoretical_insight': 1, 'design_rationale': 1}"
199,493,de:14 & im:20 & pr:9 & th:14 & va:19,"{'validation_evidence': 1, 'problem_analysis': 1, 'implementation_mechanism': 1}"
200,492,de:15 & im:7 & pr:6 & th:11 & va:9,"{'problem_analysis': 1, 'theoretical_insight': 1, 'validation_evidence': 1}"
201,490,de:3 & im:24 & pr:39 & th:36 & va:26,"{'implementation_mechanism': 1, 'validation_evidence': 1, 'design_rationale': 1}"
202,489,de:38 & im:7 & pr:5 & th:12 & va:0,"{'theoretical_insight': 1, 'validation_evidence': 1, 'problem_analysis': 1}"
203,488,de:13 & im:1 & th:0 & va:15,"{'theoretical_insight': 1, 'validation_evidence': 1, 'design_rationale': 1}"
204,486,de:37 & im:1 & pr:7 & th:6 & va:17,"{'validation_evidence': 1, 'problem_analysis': 1, 'implementation_mechanism': 1}"
205,485,de:3 & im:16 & pr:39 & th:13 & va:26,"{'theoretical_insight': 1, 'implementation_mechanism': 1, 'design_rationale': 1}"
206,481,pr:12,{'problem_analysis': 1}
207,478,de:3 & im:16 & pr:2 & pr:39 & th:36 & va:0,"{'problem_analysis': 2, 'implementation_mechanism': 1, 'validation_evidence': 1}"
208,477,de:20 & im:20 & pr:9 & th:12 & va:9,"{'problem_analysis': 1, 'theoretical_insight': 1, 'design_rationale': 1}"
209,477,de:28 & im:9 & pr:7 & th:39 & va:0,"{'design_rationale': 1, 'validation_evidence': 1, 'implementation_mechanism': 1}"
210,476,de:3 & im:24 & pr:39 & th:19 & th:39 & va:26,"{'theoretical_insight': 2, 'implementation_mechanism': 1, 'validation_evidence': 1}"
211,475,im:9 & pr:0 & va:28,"{'problem_analysis': 1, 'implementation_mechanism': 1, 'validation_evidence': 1}"
212,471,de:38 & im:10 & pr:7 & th:12 & va:0,"{'theoretical_insight': 1, 'validation_evidence': 1, 'implementation_mechanism': 1}"
213,470,de:14 & im:25 & pr:9 & th:26 & va:20,"{'problem_analysis': 1, 'implementation_mechanism': 1, 'validation_evidence': 1}"
214,468,de:13 & im:1 & pr:33 & th:6 & va:17,"{'problem_analysis': 1, 'design_rationale': 1, 'validation_evidence': 1}"
215,463,de:16 & pr:12,"{'problem_analysis': 1, 'design_rationale': 1}"
216,463,de:11 & im:1 & pr:19 & th:37 & va:20,"{'design_rationale': 1, 'problem_analysis': 1, 'theoretical_insight': 1}"
217,462,de:22 & im:26 & pr:13 & th:4 & va:7,"{'problem_analysis': 1, 'design_rationale': 1, 'validation_evidence': 1}"
218,459,de:20 & im:7 & pr:32 & th:12,"{'theoretical_insight': 1, 'problem_analysis': 1, 'implementation_mechanism': 1}"
219,456,de:9 & im:35 & pr:11 & th:12 & va:9,"{'theoretical_insight': 1, 'design_rationale': 1, 'implementation_mechanism': 1}"
220,453,de:5 & im:1 & pr:12 & th:6 & va:1,"{'validation_evidence': 1, 'design_rationale': 1, 'problem_analysis': 1}"
221,452,de:37 & im:1 & pr:19 & th:6 & va:24,"{'validation_evidence': 1, 'problem_analysis': 1, 'implementation_mechanism': 1}"
222,452,de:20 & im:19 & pr:11 & pr:4 & th:2 & va:9,"{'problem_analysis': 2, 'theoretical_insight': 1, 'design_rationale': 1}"
223,450,de:37 & im:28 & pr:12 & pr:14 & pr:37 & th:30 & va:1,"{'problem_analysis': 3, 'theoretical_insight': 1, 'validation_evidence': 1}"
224,448,de:16 & im:35 & pr:12 & th:2 & va:2,"{'theoretical_insight': 1, 'design_rationale': 1, 'implementation_mechanism': 1}"
225,446,de:9 & im:4 & pr:6 & th:12 & va:10,"{'problem_analysis': 1, 'theoretical_insight': 1, 'implementation_mechanism': 1}"
226,445,de:9 & im:19 & pr:6 & th:12 & va:10,"{'problem_analysis': 1, 'theoretical_insight': 1, 'design_rationale': 1}"
227,443,pr:6 & th:2,"{'theoretical_insight': 1, 'problem_analysis': 1}"
228,442,de:20 & im:19 & pr:27 & th:12 & va:9,"{'theoretical_insight': 1, 'design_rationale': 1, 'validation_evidence': 1}"
229,442,de:1 & im:9 & pr:13 & pr:19 & th:6 & va:4,"{'problem_analysis': 2, 'implementation_mechanism': 1, 'design_rationale': 1}"
230,439,de:25 & im:34 & pr:6 & th:12,"{'theoretical_insight': 1, 'design_rationale': 1, 'implementation_mechanism': 1}"
231,434,de:17 & im:20 & pr:27 & va:17,"{'design_rationale': 1, 'implementation_mechanism': 1, 'validation_evidence': 1}"
232,431,de:15 & im:4 & pr:39 & pr:6 & th:11 & va:10,"{'problem_analysis': 2, 'implementation_mechanism': 1, 'theoretical_insight': 1}"
233,430,de:37 & im:28 & pr:7 & th:2 & va:1,"{'theoretical_insight': 1, 'validation_evidence': 1, 'implementation_mechanism': 1}"
234,429,de:7 & im:7 & pr:39 & th:5 & va:0,"{'theoretical_insight': 1, 'validation_evidence': 1, 'design_rationale': 1}"
235,428,de:37 & im:28 & pr:19 & th:29 & va:1,"{'validation_evidence': 1, 'theoretical_insight': 1, 'implementation_mechanism': 1}"
236,425,de:22 & de:6 & im:21 & im:31 & pr:13 & pr:30 & pr:5 & th:1 & th:4 & va:15 & va:30 & va:7,"{'problem_analysis': 3, 'validation_evidence': 3, 'design_rationale': 2}"
237,420,de:8 & im:1 & pr:19 & th:9 & va:1,"{'validation_evidence': 1, 'problem_analysis': 1, 'design_rationale': 1}"
238,416,de:15 & im:4 & pr:18 & pr:6 & th:11 & va:10,"{'problem_analysis': 2, 'implementation_mechanism': 1, 'theoretical_insight': 1}"
239,415,de:11 & im:1 & im:26 & pr:12 & va:17,"{'implementation_mechanism': 2, 'validation_evidence': 1, 'problem_analysis': 1}"
240,414,de:16 & im:38 & pr:12 & th:12 & va:2,"{'implementation_mechanism': 1, 'design_rationale': 1, 'theoretical_insight': 1}"
241,413,de:15 & im:4 & pr:23 & pr:6 & th:11 & va:10,"{'problem_analysis': 2, 'implementation_mechanism': 1, 'theoretical_insight': 1}"
242,412,de:13 & im:7 & pr:26 & va:30,"{'validation_evidence': 1, 'implementation_mechanism': 1, 'design_rationale': 1}"
243,409,de:16 & im:4 & pr:27 & pr:31 & pr:7 & th:12,"{'problem_analysis': 3, 'design_rationale': 1, 'theoretical_insight': 1}"
244,403,de:38 & de:6 & im:10 & im:3 & pr:31 & pr:32 & pr:4 & va:0 & va:23,"{'problem_analysis': 3, 'design_rationale': 2, 'validation_evidence': 2}"
245,402,de:1 & im:1 & pr:13 & pr:36 & th:23 & va:4,"{'problem_analysis': 2, 'theoretical_insight': 1, 'design_rationale': 1}"
246,397,de:28 & im:7 & pr:19 & th:1 & va:28,"{'design_rationale': 1, 'theoretical_insight': 1, 'problem_analysis': 1}"
247,396,de:20 & im:19 & pr:11 & pr:8 & th:2 & va:9,"{'problem_analysis': 2, 'theoretical_insight': 1, 'design_rationale': 1}"
248,394,de:37 & im:1 & pr:19 & th:37 & va:39,"{'validation_evidence': 1, 'problem_analysis': 1, 'theoretical_insight': 1}"
249,391,de:14 & im:8 & pr:7 & th:8 & va:19,"{'implementation_mechanism': 1, 'validation_evidence': 1, 'problem_analysis': 1}"
250,390,de:15 & im:4 & pr:7 & th:2 & va:2,"{'theoretical_insight': 1, 'implementation_mechanism': 1, 'problem_analysis': 1}"
251,386,de:0 & im:30 & pr:18 & th:23 & va:4,"{'theoretical_insight': 1, 'problem_analysis': 1, 'implementation_mechanism': 1}"
252,384,de:18 & im:10 & pr:19 & th:37 & va:20,"{'design_rationale': 1, 'implementation_mechanism': 1, 'problem_analysis': 1}"
253,384,de:11 & de:7 & im:7 & pr:11 & pr:12 & pr:26 & th:12 & th:25 & th:31 & va:15,"{'problem_analysis': 3, 'theoretical_insight': 3, 'design_rationale': 2}"
254,383,de:15 & im:19 & pr:35 & th:12 & va:30,"{'problem_analysis': 1, 'theoretical_insight': 1, 'validation_evidence': 1}"
255,383,de:37 & im:1 & pr:12 & pr:20 & th:6 & va:1,"{'problem_analysis': 2, 'validation_evidence': 1, 'implementation_mechanism': 1}"
256,383,de:0 & im:3 & pr:19 & th:7 & va:23,"{'theoretical_insight': 1, 'validation_evidence': 1, 'problem_analysis': 1}"
257,381,de:16 & im:4 & pr:18 & th:2 & va:10,"{'theoretical_insight': 1, 'design_rationale': 1, 'problem_analysis': 1}"
258,380,de:28 & im:7 & pr:12 & th:12 & va:17 & va:28,"{'validation_evidence': 2, 'design_rationale': 1, 'theoretical_insight': 1}"
259,378,de:15 & im:4 & pr:16 & pr:6 & th:11 & va:10,"{'problem_analysis': 2, 'implementation_mechanism': 1, 'theoretical_insight': 1}"
260,367,de:25 & im:34 & pr:11 & pr:4 & th:21 & va:27,"{'problem_analysis': 2, 'design_rationale': 1, 'validation_evidence': 1}"
261,367,de:3 & im:3 & pr:16 & th:28 & va:1,"{'validation_evidence': 1, 'problem_analysis': 1, 'design_rationale': 1}"
262,367,de:39 & im:0 & pr:10 & pr:16 & va:1,"{'problem_analysis': 2, 'validation_evidence': 1, 'design_rationale': 1}"
263,365,de:18 & im:0 & pr:16 & th:19 & va:19,"{'problem_analysis': 1, 'validation_evidence': 1, 'design_rationale': 1}"
264,364,de:8 & im:16 & pr:0 & th:7 & va:34,"{'validation_evidence': 1, 'implementation_mechanism': 1, 'theoretical_insight': 1}"
265,363,de:29 & im:29 & pr:19 & pr:2 & th:29 & va:8,"{'problem_analysis': 2, 'theoretical_insight': 1, 'validation_evidence': 1}"
266,363,de:12 & im:8 & pr:16 & th:26 & va:1,"{'implementation_mechanism': 1, 'problem_analysis': 1, 'validation_evidence': 1}"
267,361,de:33 & im:5 & pr:16 & th:8 & va:20,"{'problem_analysis': 1, 'design_rationale': 1, 'theoretical_insight': 1}"
268,358,de:25 & im:34 & pr:26 & th:22 & va:33,"{'problem_analysis': 1, 'design_rationale': 1, 'validation_evidence': 1}"
269,356,de:4 & im:10 & pr:19 & th:8 & va:33,"{'implementation_mechanism': 1, 'theoretical_insight': 1, 'problem_analysis': 1}"
270,355,de:25 & im:34 & pr:32 & pr:6 & th:21 & va:30,"{'problem_analysis': 2, 'design_rationale': 1, 'implementation_mechanism': 1}"
271,352,de:16 & im:4 & pr:7 & th:37 & va:2,"{'design_rationale': 1, 'implementation_mechanism': 1, 'problem_analysis': 1}"
272,352,de:16 & de:38 & im:7 & pr:26 & th:2 & va:18,"{'design_rationale': 2, 'theoretical_insight': 1, 'problem_analysis': 1}"
273,349,de:7 & im:31 & pr:13 & th:4 & va:7,"{'problem_analysis': 1, 'validation_evidence': 1, 'implementation_mechanism': 1}"
274,349,de:7 & im:4 & pr:13 & th:4 & va:10,"{'problem_analysis': 1, 'implementation_mechanism': 1, 'design_rationale': 1}"
275,349,de:14 & im:20 & pr:9 & va:20,"{'implementation_mechanism': 1, 'validation_evidence': 1, 'problem_analysis': 1}"
276,348,de:15 & im:4 & va:10,"{'implementation_mechanism': 1, 'validation_evidence': 1, 'design_rationale': 1}"
277,347,de:3 & im:16 & pr:38 & th:12 & va:26,"{'theoretical_insight': 1, 'implementation_mechanism': 1, 'design_rationale': 1}"
278,345,de:8 & im:1 & pr:10 & th:6 & va:10,"{'problem_analysis': 1, 'design_rationale': 1, 'implementation_mechanism': 1}"
279,343,im:7 & pr:4 & va:28,"{'implementation_mechanism': 1, 'problem_analysis': 1, 'validation_evidence': 1}"
280,341,de:3 & im:16 & pr:39 & pr:6 & th:36 & va:0,"{'problem_analysis': 2, 'implementation_mechanism': 1, 'validation_evidence': 1}"
281,340,de:16 & im:4 & pr:6 & th:4 & va:10,"{'design_rationale': 1, 'problem_analysis': 1, 'implementation_mechanism': 1}"
282,340,pr:19 & th:2 & va:15 & va:9,"{'validation_evidence': 2, 'theoretical_insight': 1, 'problem_analysis': 1}"
283,339,pr:17,{'problem_analysis': 1}
284,333,de:20 & im:19 & pr:32 & th:12 & va:9,"{'theoretical_insight': 1, 'problem_analysis': 1, 'design_rationale': 1}"
285,328,de:15 & im:4 & pr:12 & pr:6 & th:11 & va:10,"{'problem_analysis': 2, 'implementation_mechanism': 1, 'theoretical_insight': 1}"
286,327,de:16 & im:1 & pr:18 & th:0 & va:17,"{'design_rationale': 1, 'problem_analysis': 1, 'validation_evidence': 1}"
287,327,de:16 & im:1 & pr:18 & th:0 & va:15,"{'design_rationale': 1, 'problem_analysis': 1, 'validation_evidence': 1}"
288,321,pr:23 & va:23,"{'problem_analysis': 1, 'validation_evidence': 1}"
289,320,de:3 & im:16 & pr:19 & pr:39 & th:36 & va:26,"{'problem_analysis': 2, 'implementation_mechanism': 1, 'validation_evidence': 1}"
290,313,pr:39,{'problem_analysis': 1}
291,312,de:37 & im:28 & pr:20 & th:38,"{'design_rationale': 1, 'implementation_mechanism': 1, 'problem_analysis': 1}"
292,307,de:37 & im:1 & pr:18 & th:6 & va:17,"{'problem_analysis': 1, 'validation_evidence': 1, 'implementation_mechanism': 1}"
293,300,pr:12 & pr:3 & th:6,"{'problem_analysis': 2, 'theoretical_insight': 1}"
294,300,im:31 & pr:13 & pr:6 & th:4,"{'problem_analysis': 2, 'theoretical_insight': 1, 'implementation_mechanism': 1}"
295,298,de:37 & im:1 & pr:19 & pr:6 & th:6 & va:1,"{'problem_analysis': 2, 'validation_evidence': 1, 'implementation_mechanism': 1}"
296,296,de:22 & im:36 & pr:12 & pr:13 & th:4 & va:0,"{'problem_analysis': 2, 'design_rationale': 1, 'implementation_mechanism': 1}"
297,295,de:6 & im:7 & pr:12 & pr:8 & th:34 & va:0,"{'problem_analysis': 2, 'design_rationale': 1, 'theoretical_insight': 1}"
298,293,de:15 & im:4 & pr:6 & pr:9 & th:11 & va:10,"{'problem_analysis': 2, 'implementation_mechanism': 1, 'theoretical_insight': 1}"
299,292,de:7 & im:19 & pr:4 & pr:5 & th:12 & va:30,"{'problem_analysis': 2, 'theoretical_insight': 1, 'validation_evidence': 1}"
300,291,de:15 & im:4 & pr:19 & pr:6 & th:11 & va:32,"{'problem_analysis': 2, 'implementation_mechanism': 1, 'theoretical_insight': 1}"
301,285,de:15 & im:4 & pr:31 & pr:6 & th:11 & va:9,"{'problem_analysis': 2, 'implementation_mechanism': 1, 'theoretical_insight': 1}"
302,275,pr:31 & th:16 & va:1,"{'validation_evidence': 1, 'theoretical_insight': 1, 'problem_analysis': 1}"
303,272,de:16 & de:20 & pr:11 & pr:12 & th:12 & th:2 & va:30,"{'theoretical_insight': 2, 'design_rationale': 2, 'problem_analysis': 2}"
304,269,de:15 & im:4 & pr:19 & pr:6 & th:11 & va:9,"{'problem_analysis': 2, 'implementation_mechanism': 1, 'theoretical_insight': 1}"
305,267,de:3 & im:16 & pr:2 & pr:33 & pr:39 & th:36 & va:26,"{'problem_analysis': 3, 'implementation_mechanism': 1, 'validation_evidence': 1}"
306,266,de:28 & im:9 & pr:30 & th:35 & va:28,"{'problem_analysis': 1, 'design_rationale': 1, 'implementation_mechanism': 1}"
307,262,de:37 & im:1 & pr:12 & pr:18 & th:6 & va:17,"{'problem_analysis': 2, 'validation_evidence': 1, 'implementation_mechanism': 1}"
308,260,de:28 & im:19 & pr:4 & th:12 & va:30,"{'design_rationale': 1, 'implementation_mechanism': 1, 'theoretical_insight': 1}"
309,258,de:3 & im:0 & pr:2 & pr:33 & pr:39 & th:36 & va:26,"{'problem_analysis': 3, 'implementation_mechanism': 1, 'validation_evidence': 1}"
310,257,de:37 & im:1 & pr:12 & pr:6 & th:6 & va:1,"{'problem_analysis': 2, 'validation_evidence': 1, 'implementation_mechanism': 1}"
311,254,de:23 & im:27 & pr:22 & pr:6 & th:18 & va:22,"{'problem_analysis': 2, 'design_rationale': 1, 'implementation_mechanism': 1}"
312,254,de:15 & im:4 & pr:26 & pr:6 & th:11 & va:10,"{'problem_analysis': 2, 'implementation_mechanism': 1, 'theoretical_insight': 1}"
313,253,de:8 & im:12 & pr:10 & pr:12 & th:7 & va:4,"{'problem_analysis': 2, 'theoretical_insight': 1, 'validation_evidence': 1}"
314,250,de:15 & im:4 & pr:6 & pr:7 & th:11 & va:10,"{'problem_analysis': 2, 'implementation_mechanism': 1, 'theoretical_insight': 1}"
315,245,pr:23 & pr:9 & va:23,"{'problem_analysis': 2, 'validation_evidence': 1}"
316,245,de:5 & im:1 & pr:7 & th:37 & va:39,"{'validation_evidence': 1, 'design_rationale': 1, 'problem_analysis': 1}"
317,244,de:9 & im:35 & pr:11 & pr:6 & th:2 & va:9,"{'problem_analysis': 2, 'theoretical_insight': 1, 'design_rationale': 1}"
318,241,de:9 & im:22 & pr:12 & pr:22 & th:33 & va:33,"{'problem_analysis': 2, 'implementation_mechanism': 1, 'design_rationale': 1}"
319,240,de:16 & im:4 & pr:7 & th:6 & va:10,"{'design_rationale': 1, 'implementation_mechanism': 1, 'problem_analysis': 1}"
320,238,de:17 & im:19 & pr:4 & th:12 & va:9,"{'design_rationale': 1, 'theoretical_insight': 1, 'validation_evidence': 1}"
321,237,de:17 & im:20 & pr:4 & th:12 & va:9,"{'design_rationale': 1, 'theoretical_insight': 1, 'implementation_mechanism': 1}"
322,236,de:28 & im:10 & pr:17 & th:4 & va:17,"{'design_rationale': 1, 'validation_evidence': 1, 'implementation_mechanism': 1}"
323,233,de:13 & im:1 & pr:6 & pr:7 & th:37 & va:17,"{'problem_analysis': 2, 'design_rationale': 1, 'validation_evidence': 1}"
324,232,im:28 & pr:12 & va:3,"{'problem_analysis': 1, 'implementation_mechanism': 1, 'validation_evidence': 1}"
325,231,de:33 & im:5 & pr:16 & th:26 & va:20,"{'problem_analysis': 1, 'design_rationale': 1, 'implementation_mechanism': 1}"
326,230,de:20 & im:19 & pr:11 & pr:6 & th:12 & va:9,"{'problem_analysis': 2, 'theoretical_insight': 1, 'design_rationale': 1}"
327,230,de:14 & im:20 & pr:9 & th:8 & va:19,"{'validation_evidence': 1, 'problem_analysis': 1, 'theoretical_insight': 1}"
328,228,de:14 & im:20 & pr:9 & th:29 & va:19,"{'validation_evidence': 1, 'problem_analysis': 1, 'theoretical_insight': 1}"
329,227,de:15 & im:4 & pr:22 & pr:6 & th:11 & va:10,"{'problem_analysis': 2, 'implementation_mechanism': 1, 'theoretical_insight': 1}"
330,222,de:37 & im:1 & pr:12 & pr:6 & th:6 & va:39,"{'problem_analysis': 2, 'validation_evidence': 1, 'implementation_mechanism': 1}"
331,222,de:34 & im:10 & pr:10 & pr:19 & pr:6 & th:3 & va:4,"{'problem_analysis': 3, 'theoretical_insight': 1, 'implementation_mechanism': 1}"
332,218,de:15 & im:4 & pr:31 & pr:6 & th:9 & va:10,"{'problem_analysis': 2, 'design_rationale': 1, 'implementation_mechanism': 1}"
333,215,de:5 & im:28 & pr:7 & th:6 & va:1,"{'validation_evidence': 1, 'implementation_mechanism': 1, 'design_rationale': 1}"
334,215,de:18 & im:8 & pr:16 & th:7 & va:20,"{'implementation_mechanism': 1, 'problem_analysis': 1, 'design_rationale': 1}"
335,214,de:7 & im:10 & pr:7 & th:37 & va:37,"{'validation_evidence': 1, 'implementation_mechanism': 1, 'problem_analysis': 1}"
336,212,de:17 & im:20 & pr:11 & pr:12 & pr:23 & pr:39 & th:12 & va:17 & va:38,"{'problem_analysis': 4, 'validation_evidence': 2, 'design_rationale': 1}"
337,210,de:14 & de:3 & im:16 & im:25 & pr:14 & pr:39 & th:26 & th:36 & va:20 & va:26,"{'problem_analysis': 2, 'implementation_mechanism': 2, 'theoretical_insight': 2}"
338,209,de:10 & im:3 & pr:15 & pr:32 & th:33 & va:33,"{'problem_analysis': 2, 'design_rationale': 1, 'validation_evidence': 1}"
339,209,de:15 & im:7 & pr:4 & pr:5 & th:2 & va:9,"{'problem_analysis': 2, 'theoretical_insight': 1, 'validation_evidence': 1}"
340,206,pr:19 & pr:6 & va:20,"{'problem_analysis': 2, 'validation_evidence': 1}"
341,206,de:6 & im:21 & pr:0 & th:1,"{'implementation_mechanism': 1, 'problem_analysis': 1, 'theoretical_insight': 1}"
342,206,de:3 & im:16 & pr:0 & th:1 & va:0,"{'implementation_mechanism': 1, 'theoretical_insight': 1, 'validation_evidence': 1}"
343,206,de:22 & im:31 & pr:0 & th:1 & va:7,"{'design_rationale': 1, 'validation_evidence': 1, 'theoretical_insight': 1}"
344,204,de:18 & im:6 & pr:12 & pr:38 & th:36 & va:1,"{'problem_analysis': 2, 'validation_evidence': 1, 'design_rationale': 1}"
345,202,de:15 & im:4 & pr:6 & th:12 & va:32,"{'design_rationale': 1, 'problem_analysis': 1, 'theoretical_insight': 1}"
346,201,de:1 & im:9 & pr:13 & pr:36 & th:6 & va:4,"{'problem_analysis': 2, 'implementation_mechanism': 1, 'design_rationale': 1}"
347,200,de:22 & im:31 & pr:39 & th:4 & va:7,"{'design_rationale': 1, 'validation_evidence': 1, 'implementation_mechanism': 1}"
348,200,de:21 & im:5 & pr:39 & th:39 & va:0,"{'validation_evidence': 1, 'implementation_mechanism': 1, 'theoretical_insight': 1}"
349,199,de:3 & im:16 & pr:19 & pr:39 & th:36 & va:0,"{'problem_analysis': 2, 'implementation_mechanism': 1, 'validation_evidence': 1}"
350,196,de:15 & im:4 & pr:28 & pr:31 & pr:6 & th:11 & th:33 & va:10,"{'problem_analysis': 3, 'theoretical_insight': 2, 'validation_evidence': 1}"
351,194,de:38 & im:9 & pr:23 & th:4 & va:28,"{'problem_analysis': 1, 'implementation_mechanism': 1, 'validation_evidence': 1}"
352,192,de:37 & im:1 & pr:12 & pr:19 & th:6 & va:39,"{'problem_analysis': 2, 'validation_evidence': 1, 'implementation_mechanism': 1}"
353,190,de:6 & im:10 & pr:35 & pr:5 & pr:8 & th:1 & va:12,"{'problem_analysis': 3, 'validation_evidence': 1, 'design_rationale': 1}"
354,190,de:15 & im:4 & pr:13 & pr:6 & th:11 & va:9,"{'problem_analysis': 2, 'implementation_mechanism': 1, 'theoretical_insight': 1}"
355,187,pr:37 & va:37,"{'problem_analysis': 1, 'validation_evidence': 1}"
356,186,pr:11 & th:12 & va:27,"{'theoretical_insight': 1, 'validation_evidence': 1, 'problem_analysis': 1}"
357,185,de:32 & im:24 & pr:29 & th:24 & va:36,"{'implementation_mechanism': 1, 'design_rationale': 1, 'problem_analysis': 1}"
358,185,de:25 & im:34 & pr:19 & pr:32 & th:21 & va:30,"{'problem_analysis': 2, 'design_rationale': 1, 'implementation_mechanism': 1}"
359,182,de:14 & im:25 & pr:14 & pr:6 & th:26 & va:20,"{'problem_analysis': 2, 'implementation_mechanism': 1, 'validation_evidence': 1}"
360,181,de:15 & im:4 & pr:13 & pr:6 & th:11 & va:32,"{'problem_analysis': 2, 'implementation_mechanism': 1, 'theoretical_insight': 1}"
361,180,de:16 & im:1 & pr:21 & th:31 & va:39,"{'design_rationale': 1, 'validation_evidence': 1, 'theoretical_insight': 1}"
362,174,de:15 & im:4 & va:32,"{'implementation_mechanism': 1, 'design_rationale': 1, 'validation_evidence': 1}"
363,173,de:15 & im:4 & pr:12 & th:2 & va:32,"{'theoretical_insight': 1, 'implementation_mechanism': 1, 'problem_analysis': 1}"
364,172,pr:19 & pr:6,{'problem_analysis': 2}
365,172,de:15 & im:4 & pr:27 & pr:6 & th:11 & va:32,"{'problem_analysis': 2, 'implementation_mechanism': 1, 'theoretical_insight': 1}"
366,171,pr:16 & pr:6,{'problem_analysis': 2}
367,170,de:11 & im:1 & pr:18 & th:2 & va:17,"{'theoretical_insight': 1, 'problem_analysis': 1, 'validation_evidence': 1}"
368,163,de:25 & im:34 & pr:4 & th:21,"{'theoretical_insight': 1, 'design_rationale': 1, 'problem_analysis': 1}"
369,163,de:3 & im:16 & pr:27 & pr:39 & th:36 & va:26,"{'problem_analysis': 2, 'implementation_mechanism': 1, 'validation_evidence': 1}"
370,162,de:3 & im:33 & pr:19 & pr:2 & th:34 & va:26,"{'problem_analysis': 2, 'theoretical_insight': 1, 'implementation_mechanism': 1}"
371,160,de:11 & im:1 & pr:18 & th:2 & va:37,"{'theoretical_insight': 1, 'problem_analysis': 1, 'validation_evidence': 1}"
372,158,de:9 & im:7 & pr:4 & th:12 & va:9,"{'theoretical_insight': 1, 'design_rationale': 1, 'validation_evidence': 1}"
373,158,pr:16 & pr:19,{'problem_analysis': 2}
374,157,de:20 & im:19 & pr:17 & pr:4 & th:1 & va:9,"{'problem_analysis': 2, 'theoretical_insight': 1, 'design_rationale': 1}"
375,157,de:28 & im:7 & pr:4 & pr:5 & th:1 & va:28,"{'problem_analysis': 2, 'design_rationale': 1, 'theoretical_insight': 1}"
376,156,de:23 & im:27 & pr:19 & pr:22 & pr:28 & pr:31 & pr:6 & th:18 & th:33 & va:22,"{'problem_analysis': 5, 'theoretical_insight': 2, 'design_rationale': 1}"
377,156,de:15 & im:4 & pr:27 & pr:6 & th:11 & va:9,"{'problem_analysis': 2, 'implementation_mechanism': 1, 'theoretical_insight': 1}"
378,152,de:15 & im:4 & pr:32 & pr:6 & th:11 & va:10,"{'problem_analysis': 2, 'implementation_mechanism': 1, 'theoretical_insight': 1}"
379,152,im:31 & pr:13 & pr:19 & th:4,"{'problem_analysis': 2, 'implementation_mechanism': 1, 'theoretical_insight': 1}"
380,148,de:11 & im:38 & pr:19 & pr:6 & th:26 & th:9 & va:2,"{'problem_analysis': 2, 'theoretical_insight': 2, 'implementation_mechanism': 1}"
381,147,de:15 & im:4 & pr:5 & pr:6 & th:11 & va:10,"{'problem_analysis': 2, 'implementation_mechanism': 1, 'theoretical_insight': 1}"
382,146,de:12 & im:20 & pr:6 & pr:9 & th:1 & va:12,"{'problem_analysis': 2, 'validation_evidence': 1, 'theoretical_insight': 1}"
383,146,de:11 & im:9 & pr:33 & pr:6 & th:35 & va:15,"{'problem_analysis': 2, 'implementation_mechanism': 1, 'design_rationale': 1}"
384,146,de:37 & im:1 & pr:19 & pr:6 & th:6 & va:37,"{'problem_analysis': 2, 'validation_evidence': 1, 'implementation_mechanism': 1}"
385,144,de:29 & im:16 & pr:39 & pr:6 & th:36 & va:26,"{'problem_analysis': 2, 'implementation_mechanism': 1, 'design_rationale': 1}"
386,144,de:20 & im:19 & pr:35 & pr:6 & th:12 & va:2,"{'problem_analysis': 2, 'theoretical_insight': 1, 'design_rationale': 1}"
387,144,de:1 & im:8 & pr:16 & pr:20 & pr:6 & th:6 & va:35,"{'problem_analysis': 3, 'implementation_mechanism': 1, 'validation_evidence': 1}"
388,143,de:20 & de:28 & im:19 & pr:12 & pr:24 & pr:6 & va:30,"{'problem_analysis': 3, 'design_rationale': 2, 'validation_evidence': 1}"
389,143,de:6 & im:19 & pr:11 & th:12 & va:9,"{'design_rationale': 1, 'theoretical_insight': 1, 'problem_analysis': 1}"
390,142,de:17 & im:20 & pr:12 & pr:6 & th:12 & th:2 & va:3,"{'theoretical_insight': 2, 'problem_analysis': 2, 'design_rationale': 1}"
391,141,im:1 & pr:6 & pr:7 & th:6 & va:39,"{'problem_analysis': 2, 'validation_evidence': 1, 'implementation_mechanism': 1}"
392,141,de:37 & im:1 & pr:12 & th:2 & va:1,"{'theoretical_insight': 1, 'validation_evidence': 1, 'problem_analysis': 1}"
393,140,de:16 & im:1 & pr:12 & pr:6 & th:31 & va:39,"{'problem_analysis': 2, 'design_rationale': 1, 'validation_evidence': 1}"
394,140,de:15 & im:4 & pr:19 & pr:31 & th:9 & va:10,"{'problem_analysis': 2, 'design_rationale': 1, 'implementation_mechanism': 1}"
395,140,de:37 & im:1 & pr:18 & pr:19 & th:6 & va:17,"{'problem_analysis': 2, 'validation_evidence': 1, 'implementation_mechanism': 1}"
396,140,de:15 & im:4 & pr:11 & pr:6 & th:11 & va:32,"{'problem_analysis': 2, 'implementation_mechanism': 1, 'theoretical_insight': 1}"
397,138,de:37 & im:1 & pr:19 & pr:6 & th:6 & va:39,"{'problem_analysis': 2, 'validation_evidence': 1, 'implementation_mechanism': 1}"
398,137,de:37 & im:1 & pr:13 & pr:19 & th:6 & va:1,"{'problem_analysis': 2, 'validation_evidence': 1, 'implementation_mechanism': 1}"
399,135,de:15 & im:4 & pr:6 & va:10,"{'implementation_mechanism': 1, 'validation_evidence': 1, 'design_rationale': 1}"
400,135,de:3 & im:16 & pr:13 & pr:39 & th:36 & va:26,"{'problem_analysis': 2, 'implementation_mechanism': 1, 'validation_evidence': 1}"
401,134,pr:4 & pr:6 & va:28,"{'problem_analysis': 2, 'validation_evidence': 1}"
402,134,de:15 & im:4 & pr:31 & pr:6 & th:2 & va:10,"{'problem_analysis': 2, 'theoretical_insight': 1, 'implementation_mechanism': 1}"
403,133,de:15 & im:4 & pr:19 & pr:6 & pr:7 & th:11 & va:10,"{'problem_analysis': 3, 'implementation_mechanism': 1, 'theoretical_insight': 1}"
404,132,de:1 & im:1 & pr:13 & pr:19 & pr:6 & th:23 & va:4,"{'problem_analysis': 3, 'theoretical_insight': 1, 'design_rationale': 1}"
405,131,de:37 & im:1 & pr:19 & pr:6 & th:6 & va:17,"{'problem_analysis': 2, 'validation_evidence': 1, 'implementation_mechanism': 1}"
406,131,de:23 & im:35 & pr:22 & va:2,"{'problem_analysis': 1, 'validation_evidence': 1, 'design_rationale': 1}"
407,131,de:38 & im:7 & pr:22 & th:12 & va:13,"{'problem_analysis': 1, 'theoretical_insight': 1, 'design_rationale': 1}"
408,130,de:23 & im:26 & pr:22 & th:33 & va:2,"{'problem_analysis': 1, 'design_rationale': 1, 'implementation_mechanism': 1}"
409,128,de:25 & im:34 & pr:4 & pr:6 & th:21 & va:27,"{'problem_analysis': 2, 'design_rationale': 1, 'validation_evidence': 1}"
410,127,de:15 & im:4 & pr:4 & pr:6 & th:11 & va:32,"{'problem_analysis': 2, 'implementation_mechanism': 1, 'theoretical_insight': 1}"
411,126,de:29 & pr:22,"{'problem_analysis': 1, 'design_rationale': 1}"
412,125,de:16 & im:4 & pr:27 & pr:31 & th:12,"{'problem_analysis': 2, 'design_rationale': 1, 'theoretical_insight': 1}"
413,122,de:15 & im:4 & pr:11 & pr:6 & th:11 & va:9,"{'problem_analysis': 2, 'implementation_mechanism': 1, 'theoretical_insight': 1}"
414,121,de:37 & im:1 & pr:12 & pr:19 & th:6 & va:1,"{'problem_analysis': 2, 'validation_evidence': 1, 'implementation_mechanism': 1}"
415,121,de:15 & im:4 & pr:27 & pr:6 & th:11 & th:12 & th:2 & va:10,"{'theoretical_insight': 3, 'problem_analysis': 2, 'implementation_mechanism': 1}"
416,119,pr:33 & pr:6,{'problem_analysis': 2}
417,119,de:37 & im:3 & pr:19 & pr:6 & th:6 & va:1,"{'problem_analysis': 2, 'validation_evidence': 1, 'design_rationale': 1}"
418,119,de:22 & im:31 & pr:3 & pr:6 & th:4 & va:7,"{'problem_analysis': 2, 'design_rationale': 1, 'validation_evidence': 1}"
419,117,de:15 & im:4 & pr:19 & pr:6 & th:11,"{'problem_analysis': 2, 'implementation_mechanism': 1, 'theoretical_insight': 1}"
420,117,de:3 & im:16 & pr:33 & pr:39 & th:36 & va:26,"{'problem_analysis': 2, 'implementation_mechanism': 1, 'validation_evidence': 1}"
421,115,de:20 & im:19 & pr:11 & pr:19 & th:12 & va:9,"{'problem_analysis': 2, 'theoretical_insight': 1, 'design_rationale': 1}"
422,115,de:15 & im:4 & pr:33 & pr:6 & th:11 & va:32,"{'problem_analysis': 2, 'implementation_mechanism': 1, 'theoretical_insight': 1}"
423,115,de:3 & im:16 & pr:39 & pr:4 & th:36 & va:26,"{'problem_analysis': 2, 'implementation_mechanism': 1, 'validation_evidence': 1}"
424,114,de:3 & im:33 & pr:12 & pr:19 & pr:2 & th:34 & va:26,"{'problem_analysis': 3, 'theoretical_insight': 1, 'implementation_mechanism': 1}"
425,114,de:23 & im:27 & pr:19 & pr:22 & th:18 & va:22,"{'problem_analysis': 2, 'design_rationale': 1, 'implementation_mechanism': 1}"
426,113,im:13 & pr:2 & pr:39 & th:3 & va:36,"{'problem_analysis': 2, 'theoretical_insight': 1, 'implementation_mechanism': 1}"
427,111,de:37 & im:1 & pr:12 & pr:6 & th:6 & va:17,"{'problem_analysis': 2, 'validation_evidence': 1, 'implementation_mechanism': 1}"
428,110,pr:23 & pr:6,{'problem_analysis': 2}
429,110,de:25 & im:34 & pr:13 & pr:32 & th:21 & va:30,"{'problem_analysis': 2, 'design_rationale': 1, 'implementation_mechanism': 1}"
430,109,de:16 & im:19 & pr:6 & th:21 & va:2,"{'design_rationale': 1, 'problem_analysis': 1, 'theoretical_insight': 1}"
431,108,de:15 & im:4 & pr:12 & pr:6 & th:2 & va:10,"{'problem_analysis': 2, 'theoretical_insight': 1, 'implementation_mechanism': 1}"
432,108,de:9 & im:22 & pr:22 & th:33 & va:33,"{'problem_analysis': 1, 'implementation_mechanism': 1, 'design_rationale': 1}"
433,108,de:11 & im:38 & pr:13 & pr:6 & th:26 & th:9 & va:2,"{'problem_analysis': 2, 'theoretical_insight': 2, 'implementation_mechanism': 1}"
434,108,de:22 & im:31 & pr:13 & pr:3 & th:4 & va:11,"{'problem_analysis': 2, 'design_rationale': 1, 'theoretical_insight': 1}"
435,108,de:15 & im:4 & pr:11 & pr:14 & pr:6 & th:11 & va:10,"{'problem_analysis': 3, 'implementation_mechanism': 1, 'theoretical_insight': 1}"
436,107,de:9 & im:35 & pr:11 & pr:19 & th:2 & va:9,"{'problem_analysis': 2, 'theoretical_insight': 1, 'design_rationale': 1}"
437,106,de:28 & im:7 & pr:26 & th:5 & va:17,"{'design_rationale': 1, 'theoretical_insight': 1, 'problem_analysis': 1}"
438,105,de:25 & im:34 & pr:16 & pr:32 & th:21 & va:30,"{'problem_analysis': 2, 'design_rationale': 1, 'implementation_mechanism': 1}"
439,104,pr:31 & pr:6,{'problem_analysis': 2}
440,104,de:37 & im:3 & pr:16 & pr:19 & pr:6 & th:28 & va:33,"{'problem_analysis': 3, 'validation_evidence': 1, 'design_rationale': 1}"
441,104,de:8 & im:0 & pr:12 & pr:19 & va:1,"{'problem_analysis': 2, 'validation_evidence': 1, 'design_rationale': 1}"
442,104,de:11 & im:9 & pr:19 & pr:33 & th:35 & va:15,"{'problem_analysis': 2, 'implementation_mechanism': 1, 'design_rationale': 1}"
443,104,de:14 & im:25 & pr:14 & pr:19 & th:26 & va:20,"{'problem_analysis': 2, 'implementation_mechanism': 1, 'validation_evidence': 1}"
444,103,de:15 & im:4 & pr:11 & th:11 & va:30,"{'implementation_mechanism': 1, 'theoretical_insight': 1, 'problem_analysis': 1}"
445,103,de:23 & im:27 & pr:22 & pr:4 & pr:5 & th:18 & va:22,"{'problem_analysis': 3, 'design_rationale': 1, 'implementation_mechanism': 1}"
446,103,de:17 & im:20 & pr:12 & pr:19 & th:12 & th:2 & va:3,"{'theoretical_insight': 2, 'problem_analysis': 2, 'design_rationale': 1}"
447,103,de:37 & im:1 & pr:13 & pr:9 & th:6 & va:17,"{'problem_analysis': 2, 'validation_evidence': 1, 'implementation_mechanism': 1}"
448,103,de:15 & im:4 & pr:4 & pr:6 & th:11 & va:9,"{'problem_analysis': 2, 'implementation_mechanism': 1, 'theoretical_insight': 1}"
449,102,de:37 & im:1 & pr:19 & pr:39 & th:6 & va:1,"{'problem_analysis': 2, 'validation_evidence': 1, 'implementation_mechanism': 1}"
450,102,de:15 & im:4 & pr:16 & pr:6 & th:11 & va:9,"{'problem_analysis': 2, 'implementation_mechanism': 1, 'theoretical_insight': 1}"
451,102,de:37 & im:1 & pr:19 & pr:27 & th:6 & va:1,"{'problem_analysis': 2, 'validation_evidence': 1, 'implementation_mechanism': 1}"
452,101,de:15 & im:4 & pr:31 & pr:6 & th:11 & va:32,"{'problem_analysis': 2, 'implementation_mechanism': 1, 'theoretical_insight': 1}"
453,100,de:37 & im:1 & pr:20 & th:6 & va:1,"{'validation_evidence': 1, 'problem_analysis': 1, 'implementation_mechanism': 1}"
454,100,de:12 & im:20 & pr:19 & pr:9 & th:1 & va:12,"{'problem_analysis': 2, 'validation_evidence': 1, 'theoretical_insight': 1}"
455,100,de:32 & im:0 & pr:19 & th:7 & va:39,"{'design_rationale': 1, 'validation_evidence': 1, 'theoretical_insight': 1}"
456,99,de:15 & im:4 & pr:12 & pr:6 & th:11 & va:32,"{'problem_analysis': 2, 'implementation_mechanism': 1, 'theoretical_insight': 1}"
457,98,de:8 & im:13 & pr:13 & th:9 & va:1,"{'validation_evidence': 1, 'problem_analysis': 1, 'implementation_mechanism': 1}"
458,98,de:15 & im:4 & pr:19 & pr:31 & th:11 & va:9,"{'problem_analysis': 2, 'implementation_mechanism': 1, 'theoretical_insight': 1}"
459,98,de:1 & im:8 & pr:16 & pr:19 & pr:20 & th:6 & va:35,"{'problem_analysis': 3, 'implementation_mechanism': 1, 'design_rationale': 1}"
460,98,de:15 & im:4 & pr:33 & pr:6 & th:11 & va:9,"{'problem_analysis': 2, 'implementation_mechanism': 1, 'theoretical_insight': 1}"
461,98,de:15 & im:4 & pr:12 & pr:6 & pr:7 & pr:9 & th:11 & va:10,"{'problem_analysis': 4, 'implementation_mechanism': 1, 'theoretical_insight': 1}"
462,97,de:25 & im:34 & pr:27 & pr:32 & th:21 & va:30,"{'problem_analysis': 2, 'design_rationale': 1, 'implementation_mechanism': 1}"
463,96,de:23 & im:7 & pr:22 & pr:4 & th:18 & va:30,"{'problem_analysis': 2, 'design_rationale': 1, 'validation_evidence': 1}"
464,96,de:37 & im:0 & pr:19 & th:7 & va:1,"{'validation_evidence': 1, 'theoretical_insight': 1, 'problem_analysis': 1}"
465,96,de:37 & im:1 & pr:12 & pr:19 & th:6 & va:17,"{'problem_analysis': 2, 'validation_evidence': 1, 'implementation_mechanism': 1}"
466,96,de:15 & im:4 & pr:11 & pr:12 & pr:6 & th:11 & th:2 & va:10,"{'problem_analysis': 3, 'theoretical_insight': 2, 'implementation_mechanism': 1}"
467,95,de:11 & im:22 & pr:18 & pr:31 & th:2 & va:17,"{'problem_analysis': 2, 'theoretical_insight': 1, 'implementation_mechanism': 1}"
468,94,de:7 & im:10 & pr:19 & pr:6 & th:37 & va:37,"{'problem_analysis': 2, 'validation_evidence': 1, 'implementation_mechanism': 1}"
469,94,de:3 & im:16 & pr:27 & pr:39 & th:36 & va:0,"{'problem_analysis': 2, 'implementation_mechanism': 1, 'validation_evidence': 1}"
470,94,de:25 & im:34 & pr:11 & pr:32 & th:21 & va:30,"{'problem_analysis': 2, 'design_rationale': 1, 'implementation_mechanism': 1}"
471,92,de:20 & im:19 & pr:19 & pr:35 & th:12 & va:2,"{'problem_analysis': 2, 'theoretical_insight': 1, 'design_rationale': 1}"
472,92,de:15 & im:4 & pr:31 & pr:4 & th:9 & va:10,"{'problem_analysis': 2, 'design_rationale': 1, 'implementation_mechanism': 1}"
473,92,de:11 & im:38 & pr:4 & pr:6 & th:26 & th:9 & va:2,"{'problem_analysis': 2, 'theoretical_insight': 2, 'implementation_mechanism': 1}"
474,92,de:11 & im:38 & pr:27 & pr:6 & th:26 & th:9 & va:2,"{'problem_analysis': 2, 'theoretical_insight': 2, 'implementation_mechanism': 1}"
475,91,de:15 & im:4 & pr:23 & pr:6 & th:11 & va:32,"{'problem_analysis': 2, 'implementation_mechanism': 1, 'theoretical_insight': 1}"
476,91,de:37 & im:3 & pr:19 & pr:37 & va:35,"{'problem_analysis': 2, 'validation_evidence': 1, 'design_rationale': 1}"
477,91,de:3 & im:16 & pr:11 & pr:39 & th:36 & va:26,"{'problem_analysis': 2, 'implementation_mechanism': 1, 'validation_evidence': 1}"
478,90,de:15 & im:4 & pr:39 & pr:6 & th:11 & va:32,"{'problem_analysis': 2, 'implementation_mechanism': 1, 'theoretical_insight': 1}"
479,90,de:15 & im:4 & pr:12 & pr:19 & pr:6 & th:11 & va:10,"{'problem_analysis': 3, 'implementation_mechanism': 1, 'theoretical_insight': 1}"
480,89,de:18 & im:6 & pr:38 & th:36 & va:1,"{'validation_evidence': 1, 'design_rationale': 1, 'implementation_mechanism': 1}"
481,89,de:17 & im:20 & pr:11 & pr:23 & pr:39 & th:12 & va:17 & va:38,"{'problem_analysis': 3, 'validation_evidence': 2, 'design_rationale': 1}"
482,89,de:29 & im:16 & pr:19 & pr:39 & th:36 & va:26,"{'problem_analysis': 2, 'implementation_mechanism': 1, 'design_rationale': 1}"
483,88,de:15 & im:4 & im:7 & pr:19 & pr:6 & th:12 & va:10,"{'problem_analysis': 2, 'implementation_mechanism': 2, 'theoretical_insight': 1}"
484,88,im:31 & pr:13 & pr:39 & th:4,"{'problem_analysis': 2, 'theoretical_insight': 1, 'implementation_mechanism': 1}"
485,86,de:3 & im:16 & pr:23 & pr:39 & th:36 & va:26,"{'problem_analysis': 2, 'implementation_mechanism': 1, 'validation_evidence': 1}"
486,86,de:37 & im:1 & pr:12 & pr:13 & th:6 & va:1,"{'problem_analysis': 2, 'validation_evidence': 1, 'implementation_mechanism': 1}"
487,85,de:15 & im:4 & pr:23 & pr:6 & th:11 & va:9,"{'problem_analysis': 2, 'implementation_mechanism': 1, 'theoretical_insight': 1}"
488,85,de:8 & im:0 & pr:18 & pr:19 & va:1,"{'problem_analysis': 2, 'validation_evidence': 1, 'design_rationale': 1}"
489,85,de:3 & im:16 & pr:2 & th:36 & va:26,"{'implementation_mechanism': 1, 'problem_analysis': 1, 'validation_evidence': 1}"
490,85,de:15 & im:4 & pr:13 & pr:31 & th:9 & va:10,"{'problem_analysis': 2, 'design_rationale': 1, 'implementation_mechanism': 1}"
491,84,pr:12 & pr:6 & th:2,"{'problem_analysis': 2, 'theoretical_insight': 1}"
492,84,de:23 & im:27 & pr:13 & pr:22 & pr:28 & pr:31 & pr:6 & th:18 & th:33 & va:22,"{'problem_analysis': 5, 'theoretical_insight': 2, 'design_rationale': 1}"
493,84,de:3 & im:9 & pr:19 & th:37 & va:0,"{'validation_evidence': 1, 'implementation_mechanism': 1, 'problem_analysis': 1}"
494,84,de:15 & im:4 & pr:16 & pr:31 & th:9 & va:10,"{'problem_analysis': 2, 'design_rationale': 1, 'implementation_mechanism': 1}"
495,84,pr:16 & pr:19 & va:20,"{'problem_analysis': 2, 'validation_evidence': 1}"
496,83,pr:39 & pr:6,{'problem_analysis': 2}
497,83,pr:12 & pr:6,{'problem_analysis': 2}
498,82,de:10 & im:11 & pr:2 & th:13 & va:34,"{'theoretical_insight': 1, 'validation_evidence': 1, 'design_rationale': 1}"
499,82,de:11 & im:22 & pr:31 & th:2 & va:17,"{'theoretical_insight': 1, 'implementation_mechanism': 1, 'validation_evidence': 1}"
500,82,pr:13,{'problem_analysis': 1}
501,82,de:3 & im:16 & pr:13 & pr:39 & th:36 & va:0,"{'problem_analysis': 2, 'implementation_mechanism': 1, 'validation_evidence': 1}"
502,82,de:22 & im:31 & pr:13 & pr:19 & pr:3 & th:4 & va:11,"{'problem_analysis': 3, 'design_rationale': 1, 'implementation_mechanism': 1}"
503,82,de:1 & im:13 & im:18 & pr:2 & th:34 & va:26,"{'implementation_mechanism': 2, 'problem_analysis': 1, 'theoretical_insight': 1}"
504,82,de:3 & im:16 & pr:31 & pr:39 & th:36 & va:26,"{'problem_analysis': 2, 'implementation_mechanism': 1, 'validation_evidence': 1}"
505,81,de:15 & im:4 & pr:31 & pr:6 & th:2 & va:32,"{'problem_analysis': 2, 'theoretical_insight': 1, 'implementation_mechanism': 1}"
506,81,de:20 & de:28 & im:19 & pr:12 & pr:19 & pr:24 & va:30,"{'problem_analysis': 3, 'design_rationale': 2, 'validation_evidence': 1}"
507,81,de:34 & im:10 & pr:10 & pr:13 & pr:19 & th:3 & va:4,"{'problem_analysis': 3, 'theoretical_insight': 1, 'implementation_mechanism': 1}"
508,81,de:23 & im:27 & pr:13 & pr:22 & th:18 & va:22,"{'problem_analysis': 2, 'design_rationale': 1, 'implementation_mechanism': 1}"
509,81,de:15 & im:4 & pr:12 & pr:6 & th:11 & va:9,"{'problem_analysis': 2, 'implementation_mechanism': 1, 'theoretical_insight': 1}"
510,80,de:15 & im:4 & pr:11 & th:11 & va:10,"{'implementation_mechanism': 1, 'theoretical_insight': 1, 'problem_analysis': 1}"
511,80,de:15 & im:4 & pr:19 & pr:27 & pr:6 & th:12 & th:2 & va:10,"{'problem_analysis': 3, 'theoretical_insight': 2, 'implementation_mechanism': 1}"
512,80,de:15 & im:4 & pr:19 & pr:31 & pr:6 & th:11 & va:10,"{'problem_analysis': 3, 'implementation_mechanism': 1, 'theoretical_insight': 1}"
513,80,im:1 & pr:4 & pr:7 & th:6 & va:39,"{'problem_analysis': 2, 'validation_evidence': 1, 'implementation_mechanism': 1}"
514,78,de:8 & im:1 & pr:12 & pr:19 & th:9 & va:1,"{'problem_analysis': 2, 'validation_evidence': 1, 'design_rationale': 1}"
515,77,de:16 & pr:12 & pr:6 & th:2 & va:2,"{'problem_analysis': 2, 'theoretical_insight': 1, 'design_rationale': 1}"
516,77,de:16 & im:31 & pr:12 & pr:6 & th:4,"{'problem_analysis': 2, 'design_rationale': 1, 'theoretical_insight': 1}"
517,77,de:15 & im:4 & pr:31 & pr:6 & th:12 & va:10,"{'problem_analysis': 2, 'theoretical_insight': 1, 'implementation_mechanism': 1}"
518,77,de:22 & im:31 & pr:13 & pr:6 & th:4 & va:7,"{'problem_analysis': 2, 'design_rationale': 1, 'validation_evidence': 1}"
519,77,de:20 & im:19 & pr:11 & pr:6 & th:2 & va:9,"{'problem_analysis': 2, 'theoretical_insight': 1, 'design_rationale': 1}"
520,77,de:13 & im:1 & pr:19 & pr:7 & th:37 & va:17,"{'problem_analysis': 2, 'design_rationale': 1, 'validation_evidence': 1}"
521,76,de:15 & im:4 & pr:13 & pr:6 & th:4 & va:12,"{'problem_analysis': 2, 'validation_evidence': 1, 'implementation_mechanism': 1}"
522,76,de:20 & im:4 & pr:11 & pr:6 & th:12,"{'problem_analysis': 2, 'theoretical_insight': 1, 'implementation_mechanism': 1}"
523,76,de:17 & im:7 & pr:11 & pr:27 & pr:6 & th:12 & va:9,"{'problem_analysis': 3, 'design_rationale': 1, 'theoretical_insight': 1}"
524,76,de:3 & im:8 & pr:39 & pr:6 & pr:7 & th:36 & va:0,"{'problem_analysis': 3, 'implementation_mechanism': 1, 'validation_evidence': 1}"
525,76,de:15 & im:4 & pr:19 & pr:6 & th:1 & va:10,"{'problem_analysis': 2, 'theoretical_insight': 1, 'implementation_mechanism': 1}"
526,76,de:28 & im:7 & pr:19 & pr:6 & th:9 & va:32,"{'problem_analysis': 2, 'design_rationale': 1, 'validation_evidence': 1}"
527,76,de:9 & im:4 & pr:12 & pr:6 & th:12 & va:9,"{'problem_analysis': 2, 'theoretical_insight': 1, 'implementation_mechanism': 1}"
528,76,de:9 & im:4 & pr:19 & pr:6 & th:12 & va:9,"{'problem_analysis': 2, 'theoretical_insight': 1, 'implementation_mechanism': 1}"
529,76,im:31 & pr:13 & pr:27 & th:4,"{'problem_analysis': 2, 'theoretical_insight': 1, 'implementation_mechanism': 1}"
530,76,de:3 & im:16 & pr:12 & pr:39 & th:36 & va:26,"{'problem_analysis': 2, 'implementation_mechanism': 1, 'validation_evidence': 1}"
531,75,de:8 & im:0 & pr:12 & pr:18 & pr:19 & va:1,"{'problem_analysis': 3, 'validation_evidence': 1, 'design_rationale': 1}"
532,75,de:16 & im:4 & pr:6,"{'implementation_mechanism': 1, 'design_rationale': 1, 'problem_analysis': 1}"
533,75,de:15 & im:4 & pr:31 & pr:6,"{'problem_analysis': 2, 'implementation_mechanism': 1, 'design_rationale': 1}"
534,75,de:29 & im:10 & pr:5 & pr:6 & th:8 & va:12,"{'problem_analysis': 2, 'validation_evidence': 1, 'implementation_mechanism': 1}"
535,75,de:15 & im:4 & pr:31 & pr:6 & th:9 & va:31,"{'problem_analysis': 2, 'design_rationale': 1, 'validation_evidence': 1}"
536,75,de:8 & im:39 & pr:10 & pr:6 & th:28 & va:1,"{'problem_analysis': 2, 'validation_evidence': 1, 'design_rationale': 1}"
537,75,de:11 & pr:6 & pr:9 & th:14 & th:2 & va:2,"{'theoretical_insight': 2, 'problem_analysis': 2, 'design_rationale': 1}"
538,75,de:37 & im:1 & pr:19 & pr:4 & th:6 & va:1,"{'problem_analysis': 2, 'validation_evidence': 1, 'implementation_mechanism': 1}"
539,75,de:23 & im:27 & pr:22 & pr:4 & th:18 & va:22,"{'problem_analysis': 2, 'design_rationale': 1, 'implementation_mechanism': 1}"
540,75,de:15 & im:4 & pr:27 & pr:31 & th:9 & va:10,"{'problem_analysis': 2, 'design_rationale': 1, 'implementation_mechanism': 1}"
541,75,de:25 & im:34 & pr:31 & pr:32 & th:21 & va:30,"{'problem_analysis': 2, 'design_rationale': 1, 'implementation_mechanism': 1}"
542,74,de:6 & im:21 & pr:32 & pr:6 & th:1 & va:8,"{'problem_analysis': 2, 'design_rationale': 1, 'theoretical_insight': 1}"
543,74,de:7 & im:7 & pr:27 & pr:6 & th:12 & va:28,"{'problem_analysis': 2, 'theoretical_insight': 1, 'design_rationale': 1}"
544,74,de:37 & im:1 & pr:12 & pr:6 & th:6 & va:15,"{'problem_analysis': 2, 'validation_evidence': 1, 'implementation_mechanism': 1}"
545,74,de:6 & im:21 & pr:30 & pr:6 & th:1 & va:18,"{'problem_analysis': 2, 'design_rationale': 1, 'theoretical_insight': 1}"
546,74,de:6 & im:31 & pr:30 & pr:6 & th:5 & va:0,"{'problem_analysis': 2, 'design_rationale': 1, 'theoretical_insight': 1}"
547,74,de:6 & im:21 & pr:4 & pr:6 & th:1 & va:28,"{'problem_analysis': 2, 'design_rationale': 1, 'theoretical_insight': 1}"
548,74,de:3 & im:12 & pr:10 & pr:6 & th:7 & va:0,"{'problem_analysis': 2, 'validation_evidence': 1, 'theoretical_insight': 1}"
549,74,de:29 & im:10 & pr:14 & pr:6 & th:8 & va:20,"{'problem_analysis': 2, 'implementation_mechanism': 1, 'design_rationale': 1}"
550,74,de:29 & im:9 & pr:33 & pr:6 & th:9 & va:38,"{'problem_analysis': 2, 'implementation_mechanism': 1, 'validation_evidence': 1}"
551,74,de:8 & im:3 & pr:16 & pr:6 & th:13 & va:1,"{'problem_analysis': 2, 'theoretical_insight': 1, 'validation_evidence': 1}"
552,74,de:29 & im:10 & pr:19 & pr:6 & th:5 & va:1,"{'problem_analysis': 2, 'validation_evidence': 1, 'theoretical_insight': 1}"
553,74,de:14 & im:25 & pr:14 & pr:6 & va:20,"{'problem_analysis': 2, 'implementation_mechanism': 1, 'validation_evidence': 1}"
554,74,de:14 & im:20 & pr:19 & pr:6 & pr:9 & th:14 & th:26 & va:19,"{'problem_analysis': 3, 'theoretical_insight': 2, 'validation_evidence': 1}"
555,74,de:11 & im:10 & pr:11 & pr:19 & pr:6 & th:2 & va:15,"{'problem_analysis': 3, 'theoretical_insight': 1, 'implementation_mechanism': 1}"
556,74,de:11 & im:1 & pr:7 & th:25 & va:12,"{'validation_evidence': 1, 'theoretical_insight': 1, 'problem_analysis': 1}"
557,74,de:7 & im:4 & pr:19 & pr:6 & th:12 & va:10,"{'problem_analysis': 2, 'theoretical_insight': 1, 'implementation_mechanism': 1}"
558,74,de:13 & im:1 & pr:16 & pr:7 & th:37 & va:17,"{'problem_analysis': 2, 'design_rationale': 1, 'validation_evidence': 1}"
559,74,pr:13 & pr:19 & va:20,"{'problem_analysis': 2, 'validation_evidence': 1}"
560,73,de:3 & im:16 & pr:23 & pr:6 & th:36 & va:0,"{'problem_analysis': 2, 'implementation_mechanism': 1, 'validation_evidence': 1}"
561,73,de:37 & im:28 & pr:6 & pr:7 & th:6 & va:1,"{'problem_analysis': 2, 'validation_evidence': 1, 'implementation_mechanism': 1}"
562,73,de:3 & im:16 & pr:39 & pr:6 & th:36 & va:7,"{'problem_analysis': 2, 'implementation_mechanism': 1, 'validation_evidence': 1}"
563,73,de:3 & im:10 & pr:0 & pr:6 & th:39 & va:0,"{'problem_analysis': 2, 'validation_evidence': 1, 'implementation_mechanism': 1}"
564,73,pr:2 & pr:33 & pr:6 & th:36 & va:7,"{'problem_analysis': 3, 'validation_evidence': 1, 'theoretical_insight': 1}"
565,73,de:15 & im:4 & pr:31 & pr:6 & th:9 & va:32,"{'problem_analysis': 2, 'design_rationale': 1, 'implementation_mechanism': 1}"
566,73,de:37 & im:1 & pr:6 & pr:7 & th:37 & va:1,"{'problem_analysis': 2, 'validation_evidence': 1, 'theoretical_insight': 1}"
567,73,de:37 & im:1 & pr:6 & pr:7 & th:37 & va:39,"{'problem_analysis': 2, 'validation_evidence': 1, 'theoretical_insight': 1}"
568,73,de:37 & im:8 & pr:19 & pr:6 & th:28 & va:1,"{'problem_analysis': 2, 'implementation_mechanism': 1, 'validation_evidence': 1}"
569,73,de:14 & im:25 & pr:19 & pr:6 & th:26 & va:20,"{'problem_analysis': 2, 'implementation_mechanism': 1, 'validation_evidence': 1}"
570,73,de:23 & im:26 & pr:26 & pr:6 & th:33 & va:38,"{'problem_analysis': 2, 'design_rationale': 1, 'implementation_mechanism': 1}"
571,73,de:8 & im:18 & pr:16 & pr:6 & th:27 & va:20,"{'problem_analysis': 2, 'implementation_mechanism': 1, 'design_rationale': 1}"
572,73,de:37 & im:0 & pr:19 & pr:6 & th:6 & va:39,"{'problem_analysis': 2, 'validation_evidence': 1, 'design_rationale': 1}"
573,73,de:22 & im:1 & pr:13 & pr:33 & pr:6 & th:10 & va:12,"{'problem_analysis': 3, 'validation_evidence': 1, 'design_rationale': 1}"
574,73,de:4 & im:31 & pr:3 & pr:33 & pr:6 & th:30 & va:38,"{'problem_analysis': 3, 'theoretical_insight': 1, 'validation_evidence': 1}"
575,73,de:32 & im:0 & pr:1 & pr:19 & pr:6 & th:7 & va:39,"{'problem_analysis': 3, 'design_rationale': 1, 'validation_evidence': 1}"
576,73,de:3 & im:16 & pr:23 & pr:39 & th:36 & va:0,"{'problem_analysis': 2, 'implementation_mechanism': 1, 'validation_evidence': 1}"
577,73,de:13 & im:1 & pr:27 & pr:7 & th:37 & va:17,"{'problem_analysis': 2, 'design_rationale': 1, 'validation_evidence': 1}"
578,72,de:37 & im:3 & pr:12 & pr:19 & pr:37 & va:35,"{'problem_analysis': 3, 'validation_evidence': 1, 'design_rationale': 1}"
579,72,de:37 & im:0 & pr:12 & pr:19 & th:7 & va:1,"{'problem_analysis': 2, 'validation_evidence': 1, 'theoretical_insight': 1}"
580,72,pr:17 & pr:6,{'problem_analysis': 2}
581,72,de:3 & im:16 & pr:6 & pr:7 & va:0,"{'problem_analysis': 2, 'implementation_mechanism': 1, 'validation_evidence': 1}"
582,72,de:16 & im:10 & pr:27 & pr:6 & th:12,"{'problem_analysis': 2, 'design_rationale': 1, 'theoretical_insight': 1}"
583,72,de:20 & im:19 & pr:27 & pr:6 & th:12,"{'problem_analysis': 2, 'theoretical_insight': 1, 'design_rationale': 1}"
584,72,de:13 & im:1 & pr:17 & pr:6 & th:0,"{'problem_analysis': 2, 'design_rationale': 1, 'implementation_mechanism': 1}"
585,72,de:13 & im:7 & pr:26 & pr:6 & va:30,"{'problem_analysis': 2, 'design_rationale': 1, 'validation_evidence': 1}"
586,72,de:22 & im:31 & pr:32 & pr:6 & th:4 & va:23,"{'problem_analysis': 2, 'design_rationale': 1, 'implementation_mechanism': 1}"
587,72,de:3 & im:16 & pr:6 & pr:7 & th:36 & va:0,"{'problem_analysis': 2, 'implementation_mechanism': 1, 'validation_evidence': 1}"
588,72,de:14 & im:25 & pr:14 & pr:6 & th:26,"{'problem_analysis': 2, 'implementation_mechanism': 1, 'theoretical_insight': 1}"
589,72,de:9 & im:35 & pr:11 & pr:6 & th:12 & va:9,"{'problem_analysis': 2, 'theoretical_insight': 1, 'design_rationale': 1}"
590,72,de:13 & im:1 & pr:19 & pr:6 & th:0 & va:15,"{'problem_analysis': 2, 'design_rationale': 1, 'validation_evidence': 1}"
591,72,de:25 & im:34 & pr:31 & pr:32 & pr:6,"{'problem_analysis': 3, 'design_rationale': 1, 'implementation_mechanism': 1}"
592,72,de:37 & im:1 & pr:12 & pr:6 & th:6 & va:37,"{'problem_analysis': 2, 'validation_evidence': 1, 'implementation_mechanism': 1}"
593,72,de:37 & im:20 & pr:16 & pr:6 & th:8 & va:20,"{'problem_analysis': 2, 'theoretical_insight': 1, 'implementation_mechanism': 1}"
594,72,de:15 & im:19 & pr:35 & pr:6 & th:12 & va:30,"{'problem_analysis': 2, 'theoretical_insight': 1, 'validation_evidence': 1}"
595,72,de:38 & im:7 & pr:5 & pr:6 & th:12 & va:0,"{'problem_analysis': 2, 'theoretical_insight': 1, 'validation_evidence': 1}"
596,72,de:11 & im:1 & pr:10 & pr:31 & pr:6 & th:27 & va:22,"{'problem_analysis': 3, 'design_rationale': 1, 'validation_evidence': 1}"
597,72,de:37 & im:0 & pr:19 & pr:6 & pr:7 & th:6 & va:1,"{'problem_analysis': 3, 'validation_evidence': 1, 'design_rationale': 1}"
598,72,de:6 & im:7 & pr:19 & pr:6 & pr:8 & th:34 & va:12,"{'problem_analysis': 3, 'validation_evidence': 1, 'design_rationale': 1}"
599,72,de:18 & im:0 & pr:19 & pr:6 & pr:7 & th:7 & va:35,"{'problem_analysis': 3, 'design_rationale': 1, 'theoretical_insight': 1}"
600,72,de:15 & im:4 & pr:19 & va:10,"{'implementation_mechanism': 1, 'problem_analysis': 1, 'design_rationale': 1}"
601,72,de:15 & im:4 & pr:19 & pr:31 & th:2 & va:10,"{'problem_analysis': 2, 'theoretical_insight': 1, 'implementation_mechanism': 1}"
602,72,de:15 & im:31 & im:4 & pr:13 & pr:23 & pr:6 & th:11 & th:4 & va:1 & va:10,"{'problem_analysis': 3, 'validation_evidence': 2, 'implementation_mechanism': 2}"
603,72,pr:19 & pr:4 & va:20,"{'problem_analysis': 2, 'validation_evidence': 1}"
604,72,de:15 & de:37 & im:4 & pr:19 & pr:6 & pr:7 & th:11 & th:6 & va:10,"{'problem_analysis': 3, 'theoretical_insight': 2, 'design_rationale': 2}"
605,72,de:15 & de:20 & de:9 & im:4 & pr:27 & pr:3 & pr:6 & th:1 & th:11 & va:10,"{'problem_analysis': 3, 'design_rationale': 3, 'theoretical_insight': 2}"
606,72,de:13 & im:1 & pr:11 & pr:7 & th:37 & va:17,"{'problem_analysis': 2, 'design_rationale': 1, 'validation_evidence': 1}"
607,72,de:15 & im:4 & pr:11 & pr:6 & th:11,"{'problem_analysis': 2, 'implementation_mechanism': 1, 'theoretical_insight': 1}"
608,72,de:11 & im:38 & pr:11 & pr:6 & th:26 & th:9 & va:2,"{'problem_analysis': 2, 'theoretical_insight': 2, 'implementation_mechanism': 1}"
609,72,de:15 & de:20 & de:28 & im:4 & pr:27 & pr:6 & th:1 & th:11 & th:12 & va:10,"{'design_rationale': 3, 'theoretical_insight': 3, 'problem_analysis': 2}"
610,71,im:31 & pr:13 & pr:6 & th:4 & va:0,"{'problem_analysis': 2, 'validation_evidence': 1, 'implementation_mechanism': 1}"
611,71,de:20 & im:20 & pr:6 & pr:9 & th:12 & va:9,"{'problem_analysis': 2, 'theoretical_insight': 1, 'design_rationale': 1}"
612,71,de:14 & im:8 & pr:6 & pr:7 & th:8 & va:19,"{'problem_analysis': 2, 'implementation_mechanism': 1, 'validation_evidence': 1}"
613,71,de:37 & im:1 & pr:25 & pr:6 & th:37 & va:39,"{'problem_analysis': 2, 'validation_evidence': 1, 'theoretical_insight': 1}"
614,71,de:13 & im:1 & pr:6 & pr:7 & th:37 & va:39,"{'problem_analysis': 2, 'design_rationale': 1, 'validation_evidence': 1}"
615,71,de:25 & im:34 & pr:32 & pr:6 & th:21 & va:17,"{'problem_analysis': 2, 'design_rationale': 1, 'validation_evidence': 1}"
616,71,de:15 & im:4 & pr:6 & pr:7 & th:2 & va:2,"{'problem_analysis': 2, 'theoretical_insight': 1, 'implementation_mechanism': 1}"
617,71,de:14 & im:20 & pr:6 & pr:9 & th:14 & va:19,"{'problem_analysis': 2, 'validation_evidence': 1, 'implementation_mechanism': 1}"
618,71,de:13 & im:1 & pr:6 & pr:7 & th:37 & va:15,"{'problem_analysis': 2, 'design_rationale': 1, 'validation_evidence': 1}"
619,71,de:37 & im:1 & pr:12 & pr:6 & pr:7 & th:6 & va:1,"{'problem_analysis': 3, 'validation_evidence': 1, 'implementation_mechanism': 1}"
620,71,de:11 & im:10 & im:31 & pr:13 & pr:23 & pr:6 & th:25 & th:4 & va:1 & va:20,"{'problem_analysis': 3, 'validation_evidence': 2, 'theoretical_insight': 2}"
621,71,de:16 & pr:12 & th:31,"{'problem_analysis': 1, 'theoretical_insight': 1, 'design_rationale': 1}"
622,71,de:3 & im:16 & pr:33 & pr:39 & th:36 & va:0,"{'problem_analysis': 2, 'implementation_mechanism': 1, 'validation_evidence': 1}"
623,71,pr:27,{'problem_analysis': 1}
624,70,de:20 & im:7 & pr:11 & pr:6 & th:1,"{'problem_analysis': 2, 'theoretical_insight': 1, 'design_rationale': 1}"
625,70,de:17 & im:20 & pr:27 & pr:6 & va:17,"{'problem_analysis': 2, 'design_rationale': 1, 'validation_evidence': 1}"
626,70,de:16 & im:4 & pr:31 & pr:6 & th:2 & va:10,"{'problem_analysis': 2, 'theoretical_insight': 1, 'design_rationale': 1}"
627,70,de:16 & im:4 & pr:4 & pr:6 & th:12 & va:12,"{'problem_analysis': 2, 'validation_evidence': 1, 'design_rationale': 1}"
628,70,de:7 & im:7 & pr:39 & pr:6 & th:5 & va:0,"{'problem_analysis': 2, 'theoretical_insight': 1, 'validation_evidence': 1}"
629,70,de:20 & im:19 & pr:27 & pr:6 & th:12 & va:9,"{'problem_analysis': 2, 'theoretical_insight': 1, 'design_rationale': 1}"
630,70,de:16 & im:19 & pr:27 & pr:6 & th:12 & va:9,"{'problem_analysis': 2, 'design_rationale': 1, 'theoretical_insight': 1}"
631,70,de:22 & im:26 & pr:13 & pr:6 & th:4 & va:7,"{'problem_analysis': 2, 'design_rationale': 1, 'validation_evidence': 1}"
632,70,de:16 & im:1 & pr:6 & pr:9 & th:14 & va:37,"{'problem_analysis': 2, 'design_rationale': 1, 'validation_evidence': 1}"
633,70,de:29 & im:7 & pr:19 & pr:6 & th:37 & va:12,"{'problem_analysis': 2, 'validation_evidence': 1, 'design_rationale': 1}"
634,70,de:8 & im:13 & pr:19 & pr:6 & th:30 & th:6 & va:1,"{'theoretical_insight': 2, 'problem_analysis': 2, 'validation_evidence': 1}"
635,70,de:3 & im:16 & pr:13 & pr:3 & pr:6 & th:15 & va:13,"{'problem_analysis': 3, 'implementation_mechanism': 1, 'design_rationale': 1}"
636,70,de:3 & im:16 & pr:2 & pr:39 & pr:6 & th:36 & va:0,"{'problem_analysis': 3, 'implementation_mechanism': 1, 'validation_evidence': 1}"
637,70,de:3 & im:16 & pr:2 & pr:39 & pr:6 & th:36 & va:26,"{'problem_analysis': 3, 'implementation_mechanism': 1, 'validation_evidence': 1}"
638,70,de:3 & im:16 & pr:39 & pr:6 & th:13 & va:26,"{'problem_analysis': 2, 'theoretical_insight': 1, 'implementation_mechanism': 1}"
639,70,de:20 & im:19 & pr:32 & pr:6 & th:12 & va:9,"{'problem_analysis': 2, 'theoretical_insight': 1, 'design_rationale': 1}"
640,70,de:10 & im:24 & pr:13 & pr:28 & pr:6 & th:10 & va:36,"{'problem_analysis': 3, 'theoretical_insight': 1, 'design_rationale': 1}"
641,70,de:6 & im:11 & pr:13 & pr:5 & pr:6 & th:1 & va:4,"{'problem_analysis': 3, 'design_rationale': 1, 'theoretical_insight': 1}"
642,70,de:3 & im:24 & pr:39 & pr:6 & th:36 & va:26,"{'problem_analysis': 2, 'implementation_mechanism': 1, 'validation_evidence': 1}"
643,70,de:3 & im:24 & pr:39 & pr:6 & th:19 & th:39 & va:26,"{'problem_analysis': 2, 'theoretical_insight': 2, 'implementation_mechanism': 1}"
644,70,de:7 & im:34 & pr:11 & pr:31 & pr:5 & pr:6 & th:12 & va:18,"{'problem_analysis': 4, 'theoretical_insight': 1, 'design_rationale': 1}"
645,70,de:22 & de:6 & im:21 & im:31 & pr:13 & pr:30 & pr:5 & pr:6 & th:1 & th:4 & va:15 & va:30 & va:7,"{'problem_analysis': 4, 'validation_evidence': 3, 'design_rationale': 2}"
646,70,de:14 & im:25 & pr:19 & pr:7 & th:26 & va:20,"{'problem_analysis': 2, 'implementation_mechanism': 1, 'validation_evidence': 1}"
647,70,de:15 & im:4 & pr:13 & pr:31 & pr:6 & th:11 & va:10,"{'problem_analysis': 3, 'implementation_mechanism': 1, 'theoretical_insight': 1}"
648,70,de:37 & im:1 & pr:19 & pr:33 & th:6 & va:1,"{'problem_analysis': 2, 'validation_evidence': 1, 'implementation_mechanism': 1}"
649,70,de:25 & im:34 & pr:32 & pr:33 & th:21 & va:30,"{'problem_analysis': 2, 'design_rationale': 1, 'implementation_mechanism': 1}"
650,69,de:22 & im:9 & pr:13 & pr:6 & th:4 & va:15,"{'problem_analysis': 2, 'design_rationale': 1, 'implementation_mechanism': 1}"
651,69,de:16 & im:1 & pr:31 & pr:6 & th:2 & va:17,"{'problem_analysis': 2, 'theoretical_insight': 1, 'design_rationale': 1}"
652,69,de:22 & im:31 & pr:31 & pr:6 & th:2,"{'problem_analysis': 2, 'theoretical_insight': 1, 'design_rationale': 1}"
653,69,de:22 & im:31 & pr:31 & pr:6 & th:2 & va:4,"{'problem_analysis': 2, 'theoretical_insight': 1, 'design_rationale': 1}"
654,69,de:37 & im:1 & pr:6 & pr:9 & th:6 & va:17,"{'problem_analysis': 2, 'validation_evidence': 1, 'implementation_mechanism': 1}"
655,69,de:20 & im:19 & pr:11 & pr:4 & pr:6 & th:2 & va:9,"{'problem_analysis': 3, 'theoretical_insight': 1, 'design_rationale': 1}"
656,69,de:16 & de:38 & im:7 & pr:26 & pr:6 & th:2 & va:18,"{'design_rationale': 2, 'problem_analysis': 2, 'theoretical_insight': 1}"
657,69,de:20 & im:19 & pr:11 & pr:6 & pr:8 & th:2 & va:9,"{'problem_analysis': 3, 'theoretical_insight': 1, 'design_rationale': 1}"
658,69,de:7 & im:19 & pr:4 & pr:5 & pr:6 & th:12 & va:30,"{'problem_analysis': 3, 'theoretical_insight': 1, 'validation_evidence': 1}"
659,69,de:11 & de:7 & im:7 & pr:11 & pr:12 & pr:26 & pr:6 & th:12 & th:25 & th:31 & va:15,"{'problem_analysis': 4, 'theoretical_insight': 3, 'design_rationale': 2}"
660,69,de:37 & im:0 & pr:7 & th:6 & va:1,"{'validation_evidence': 1, 'problem_analysis': 1, 'design_rationale': 1}"
661,69,de:23 & im:27 & pr:22 & pr:39 & th:18 & va:22,"{'problem_analysis': 2, 'design_rationale': 1, 'implementation_mechanism': 1}"
662,69,de:20 & im:19 & pr:11 & pr:27 & th:12 & va:9,"{'problem_analysis': 2, 'theoretical_insight': 1, 'design_rationale': 1}"
663,69,de:37 & im:1 & pr:12 & pr:27 & th:6 & va:39,"{'problem_analysis': 2, 'validation_evidence': 1, 'implementation_mechanism': 1}"
664,69,de:34 & im:10 & pr:10 & pr:19 & pr:27 & th:3 & va:4,"{'problem_analysis': 3, 'theoretical_insight': 1, 'implementation_mechanism': 1}"
665,69,de:23 & im:27 & pr:22 & pr:27 & pr:28 & pr:31 & pr:6 & th:18 & th:33 & va:22,"{'problem_analysis': 5, 'theoretical_insight': 2, 'design_rationale': 1}"
666,68,de:16 & pr:12 & pr:6,"{'problem_analysis': 2, 'design_rationale': 1}"
667,68,de:20 & im:19 & pr:11 & pr:6 & th:1 & va:9,"{'problem_analysis': 2, 'theoretical_insight': 1, 'design_rationale': 1}"
668,68,de:20 & im:7 & pr:32 & pr:6 & th:12,"{'problem_analysis': 2, 'theoretical_insight': 1, 'design_rationale': 1}"
669,68,de:28 & im:19 & pr:4 & pr:6 & th:12 & va:30,"{'problem_analysis': 2, 'design_rationale': 1, 'theoretical_insight': 1}"
670,68,de:38 & de:6 & im:10 & im:3 & pr:31 & pr:32 & pr:4 & pr:6 & va:0 & va:23,"{'problem_analysis': 4, 'design_rationale': 2, 'validation_evidence': 2}"
671,68,de:15 & im:4 & pr:26 & pr:6 & th:11 & va:9,"{'problem_analysis': 2, 'implementation_mechanism': 1, 'theoretical_insight': 1}"
672,68,de:15 & im:4 & pr:26 & pr:6 & th:11 & va:32,"{'problem_analysis': 2, 'implementation_mechanism': 1, 'theoretical_insight': 1}"
673,67,im:9 & pr:0 & pr:6 & va:28,"{'problem_analysis': 2, 'implementation_mechanism': 1, 'validation_evidence': 1}"
674,67,de:15 & im:4 & pr:6 & va:32,"{'implementation_mechanism': 1, 'validation_evidence': 1, 'design_rationale': 1}"
675,67,im:7 & pr:4 & pr:6 & va:28,"{'problem_analysis': 2, 'implementation_mechanism': 1, 'validation_evidence': 1}"
676,67,de:28 & im:7 & pr:19 & pr:6 & th:1 & va:28,"{'problem_analysis': 2, 'design_rationale': 1, 'theoretical_insight': 1}"
677,67,de:29 & im:10 & pr:39 & pr:6 & th:36 & va:0,"{'problem_analysis': 2, 'validation_evidence': 1, 'implementation_mechanism': 1}"
678,67,de:16 & im:35 & pr:12 & pr:6 & th:2 & va:2,"{'problem_analysis': 2, 'theoretical_insight': 1, 'design_rationale': 1}"
679,67,de:37 & im:28 & pr:19 & pr:6 & th:29 & va:1,"{'problem_analysis': 2, 'validation_evidence': 1, 'theoretical_insight': 1}"
680,67,de:28 & im:9 & pr:30 & pr:6 & th:35 & va:28,"{'problem_analysis': 2, 'design_rationale': 1, 'implementation_mechanism': 1}"
681,67,im:31 & pr:13 & pr:6 & th:4 & va:7,"{'problem_analysis': 2, 'validation_evidence': 1, 'implementation_mechanism': 1}"
682,67,de:28 & im:7 & pr:12 & pr:6 & th:12 & va:17 & va:28,"{'problem_analysis': 2, 'validation_evidence': 2, 'design_rationale': 1}"
683,67,de:29 & im:29 & pr:19 & pr:2 & pr:6 & th:29 & va:8,"{'problem_analysis': 3, 'theoretical_insight': 1, 'validation_evidence': 1}"
684,67,de:15 & im:4 & pr:13 & pr:6 & th:11,"{'problem_analysis': 2, 'implementation_mechanism': 1, 'theoretical_insight': 1}"
685,67,de:37 & im:1 & pr:19 & pr:31 & th:6 & va:1,"{'problem_analysis': 2, 'validation_evidence': 1, 'implementation_mechanism': 1}"
686,66,de:16 & pr:19 & pr:6 & th:31,"{'problem_analysis': 2, 'theoretical_insight': 1, 'design_rationale': 1}"
687,66,de:37 & im:1 & pr:6 & pr:7 & th:6 & va:17,"{'problem_analysis': 2, 'validation_evidence': 1, 'implementation_mechanism': 1}"
688,66,de:38 & im:10 & pr:6 & pr:7 & th:12 & va:0,"{'problem_analysis': 2, 'theoretical_insight': 1, 'validation_evidence': 1}"
689,66,de:16 & im:38 & pr:12 & pr:6 & th:12 & va:2,"{'problem_analysis': 2, 'implementation_mechanism': 1, 'design_rationale': 1}"
690,66,de:16 & im:4 & pr:18 & pr:6 & th:2 & va:10,"{'problem_analysis': 2, 'theoretical_insight': 1, 'design_rationale': 1}"
691,66,de:16 & im:4 & pr:6 & pr:7 & th:37 & va:2,"{'problem_analysis': 2, 'design_rationale': 1, 'implementation_mechanism': 1}"
692,66,de:22 & im:23 & pr:13 & pr:6 & th:4 & va:38,"{'problem_analysis': 2, 'design_rationale': 1, 'implementation_mechanism': 1}"
693,66,de:11 & im:1 & im:26 & pr:12 & pr:6 & va:17,"{'problem_analysis': 2, 'implementation_mechanism': 2, 'validation_evidence': 1}"
694,66,de:14 & im:25 & pr:6 & pr:7 & th:26 & va:20,"{'problem_analysis': 2, 'implementation_mechanism': 1, 'validation_evidence': 1}"
695,66,de:24 & im:2 & pr:13 & pr:6 & th:13 & va:7,"{'problem_analysis': 2, 'theoretical_insight': 1, 'validation_evidence': 1}"
696,66,de:8 & im:1 & pr:10 & pr:6 & th:6 & va:10,"{'problem_analysis': 2, 'design_rationale': 1, 'implementation_mechanism': 1}"
697,66,de:3 & im:3 & pr:16 & pr:6 & th:28 & va:1,"{'problem_analysis': 2, 'validation_evidence': 1, 'design_rationale': 1}"
698,66,de:39 & im:0 & pr:10 & pr:16 & pr:6 & va:1,"{'problem_analysis': 3, 'validation_evidence': 1, 'design_rationale': 1}"
699,66,de:33 & im:5 & pr:16 & pr:6 & th:8 & va:20,"{'problem_analysis': 2, 'design_rationale': 1, 'theoretical_insight': 1}"
700,66,de:4 & im:10 & pr:19 & pr:6 & th:8 & va:33,"{'problem_analysis': 2, 'implementation_mechanism': 1, 'theoretical_insight': 1}"
701,66,de:1 & im:9 & pr:13 & pr:19 & pr:6 & th:6 & va:4,"{'problem_analysis': 3, 'implementation_mechanism': 1, 'design_rationale': 1}"
702,66,de:12 & im:8 & pr:16 & pr:6 & th:26 & va:1,"{'problem_analysis': 2, 'implementation_mechanism': 1, 'validation_evidence': 1}"
703,66,de:18 & im:0 & pr:16 & pr:6 & th:19 & va:19,"{'problem_analysis': 2, 'validation_evidence': 1, 'design_rationale': 1}"
704,66,pr:13 & pr:6,{'problem_analysis': 2}
705,66,de:34 & im:10 & pr:10 & pr:19 & pr:4 & th:3 & va:4,"{'problem_analysis': 3, 'theoretical_insight': 1, 'implementation_mechanism': 1}"
706,65,de:15 & im:4 & pr:6 & pr:9 & th:11 & va:32,"{'problem_analysis': 2, 'implementation_mechanism': 1, 'theoretical_insight': 1}"
707,65,pr:11 & pr:6 & th:12 & va:9,"{'problem_analysis': 2, 'validation_evidence': 1, 'theoretical_insight': 1}"
708,65,de:16 & im:19 & pr:31 & pr:6 & va:17,"{'problem_analysis': 2, 'design_rationale': 1, 'validation_evidence': 1}"
709,65,de:13 & im:1 & pr:6 & th:0 & va:15,"{'design_rationale': 1, 'problem_analysis': 1, 'validation_evidence': 1}"
710,65,de:29 & im:12 & pr:0 & pr:6 & th:5 & va:0,"{'problem_analysis': 2, 'theoretical_insight': 1, 'validation_evidence': 1}"
711,65,de:37 & im:28 & pr:6 & pr:7 & th:2 & va:1,"{'problem_analysis': 2, 'theoretical_insight': 1, 'validation_evidence': 1}"
712,65,de:25 & im:34 & pr:4 & pr:6 & th:21,"{'problem_analysis': 2, 'design_rationale': 1, 'implementation_mechanism': 1}"
713,65,de:7 & im:14 & pr:4 & pr:6 & th:1 & va:28,"{'problem_analysis': 2, 'implementation_mechanism': 1, 'theoretical_insight': 1}"
714,65,de:20 & im:7 & pr:4 & pr:6 & th:1 & va:9,"{'problem_analysis': 2, 'theoretical_insight': 1, 'design_rationale': 1}"
715,65,de:15 & im:7 & pr:4 & pr:5 & pr:6 & th:2 & va:9,"{'problem_analysis': 3, 'theoretical_insight': 1, 'validation_evidence': 1}"
716,65,de:6 & im:10 & pr:35 & pr:5 & pr:6 & pr:8 & th:1 & va:12,"{'problem_analysis': 4, 'validation_evidence': 1, 'design_rationale': 1}"
717,65,de:25 & im:34 & pr:23 & pr:32 & th:21 & va:30,"{'problem_analysis': 2, 'design_rationale': 1, 'implementation_mechanism': 1}"
718,65,de:15 & im:4 & pr:39 & pr:6 & th:11 & va:9,"{'problem_analysis': 2, 'implementation_mechanism': 1, 'theoretical_insight': 1}"
719,65,de:14 & im:25 & pr:13 & pr:14 & th:26 & va:20,"{'problem_analysis': 2, 'implementation_mechanism': 1, 'validation_evidence': 1}"
720,65,de:37 & im:1 & pr:13 & pr:19 & th:6 & va:17,"{'problem_analysis': 2, 'validation_evidence': 1, 'implementation_mechanism': 1}"
721,64,im:4 & pr:31 & pr:6 & th:9 & va:10,"{'problem_analysis': 2, 'implementation_mechanism': 1, 'validation_evidence': 1}"
722,64,de:9 & im:19 & pr:4 & pr:6 & th:12 & va:30,"{'problem_analysis': 2, 'theoretical_insight': 1, 'design_rationale': 1}"
723,64,de:15 & im:4 & pr:12 & pr:6 & th:2 & va:9,"{'problem_analysis': 2, 'theoretical_insight': 1, 'implementation_mechanism': 1}"
724,64,de:5 & im:1 & pr:12 & pr:6 & th:6 & va:1,"{'problem_analysis': 2, 'validation_evidence': 1, 'design_rationale': 1}"
725,64,pr:19 & pr:6 & th:2 & va:15 & va:9,"{'problem_analysis': 2, 'validation_evidence': 2, 'theoretical_insight': 1}"
726,64,de:0 & im:36 & im:6 & pr:19 & pr:37 & th:6 & va:20,"{'implementation_mechanism': 2, 'problem_analysis': 2, 'design_rationale': 1}"
727,64,de:37 & im:1 & pr:12 & pr:27 & th:6 & va:1,"{'problem_analysis': 2, 'validation_evidence': 1, 'implementation_mechanism': 1}"
728,64,im:31 & pr:11 & pr:13 & th:4,"{'problem_analysis': 2, 'theoretical_insight': 1, 'implementation_mechanism': 1}"
729,64,de:15 & de:20 & im:19 & im:4 & pr:35 & pr:6 & pr:7 & th:11 & th:12 & va:10,"{'problem_analysis': 3, 'theoretical_insight': 2, 'implementation_mechanism': 2}"
730,63,pr:37 & pr:6 & va:37,"{'problem_analysis': 2, 'validation_evidence': 1}"
731,63,de:28 & im:9 & pr:6 & pr:7 & th:39 & va:0,"{'problem_analysis': 2, 'design_rationale': 1, 'validation_evidence': 1}"
732,63,de:37 & im:1 & pr:19 & pr:6 & th:37 & va:39,"{'problem_analysis': 2, 'validation_evidence': 1, 'theoretical_insight': 1}"
733,63,de:16 & im:4 & pr:6 & pr:7 & th:6 & va:10,"{'problem_analysis': 2, 'design_rationale': 1, 'implementation_mechanism': 1}"
734,63,de:14 & im:20 & pr:6 & pr:9 & th:8 & va:19,"{'problem_analysis': 2, 'validation_evidence': 1, 'theoretical_insight': 1}"
735,63,de:38 & im:9 & pr:23 & pr:6 & th:4 & va:28,"{'problem_analysis': 2, 'implementation_mechanism': 1, 'validation_evidence': 1}"
736,63,de:10 & im:3 & pr:15 & pr:32 & pr:6 & th:33 & va:33,"{'problem_analysis': 3, 'design_rationale': 1, 'validation_evidence': 1}"
737,63,de:0 & de:16 & de:37 & im:1 & im:9 & pr:25 & pr:9 & th:1 & th:2 & th:4 & va:17 & va:39,"{'theoretical_insight': 3, 'design_rationale': 3, 'problem_analysis': 2}"
738,63,de:3 & im:16 & pr:39 & pr:5 & th:36 & va:26,"{'problem_analysis': 2, 'implementation_mechanism': 1, 'validation_evidence': 1}"
739,63,de:4 & im:10 & pr:16 & pr:19 & th:8 & va:33,"{'problem_analysis': 2, 'implementation_mechanism': 1, 'theoretical_insight': 1}"
740,63,de:23 & im:27 & pr:16 & pr:22 & pr:28 & pr:31 & pr:6 & th:18 & th:33 & va:22,"{'problem_analysis': 5, 'theoretical_insight': 2, 'design_rationale': 1}"
741,63,de:23 & im:27 & pr:22 & pr:27 & th:18 & va:22,"{'problem_analysis': 2, 'design_rationale': 1, 'implementation_mechanism': 1}"
742,63,de:37 & im:1 & pr:12 & pr:4 & th:6 & va:39,"{'problem_analysis': 2, 'validation_evidence': 1, 'implementation_mechanism': 1}"
743,63,de:15 & de:20 & im:4 & pr:11 & pr:4 & pr:5 & pr:6 & th:11 & th:12 & th:2 & va:10,"{'problem_analysis': 4, 'theoretical_insight': 3, 'design_rationale': 2}"
744,62,de:25 & im:34 & pr:11 & pr:4 & pr:6 & th:21 & va:27,"{'problem_analysis': 3, 'design_rationale': 1, 'validation_evidence': 1}"
745,62,de:8 & im:12 & pr:10 & th:7 & va:4,"{'problem_analysis': 1, 'theoretical_insight': 1, 'validation_evidence': 1}"
746,62,de:3 & im:16 & pr:2 & th:36 & va:0,"{'implementation_mechanism': 1, 'problem_analysis': 1, 'validation_evidence': 1}"
747,62,de:3 & im:16 & pr:12 & pr:39 & th:36 & va:0,"{'problem_analysis': 2, 'implementation_mechanism': 1, 'validation_evidence': 1}"
748,62,de:3 & im:16 & pr:39 & pr:4 & th:36 & va:0,"{'problem_analysis': 2, 'implementation_mechanism': 1, 'validation_evidence': 1}"
749,62,de:37 & im:1 & pr:11 & pr:19 & th:6 & va:1,"{'problem_analysis': 2, 'validation_evidence': 1, 'implementation_mechanism': 1}"
750,62,de:23 & im:27 & pr:11 & pr:22 & th:18 & va:22,"{'problem_analysis': 2, 'design_rationale': 1, 'implementation_mechanism': 1}"
751,61,pr:11 & pr:6 & th:12 & va:27,"{'problem_analysis': 2, 'theoretical_insight': 1, 'validation_evidence': 1}"
752,61,de:15 & im:4 & pr:12 & pr:6 & th:2 & va:32,"{'problem_analysis': 2, 'theoretical_insight': 1, 'implementation_mechanism': 1}"
753,61,de:15 & im:4 & pr:6 & th:12 & va:2,"{'problem_analysis': 1, 'theoretical_insight': 1, 'implementation_mechanism': 1}"
754,61,de:15 & im:4 & pr:27 & pr:6 & th:11,"{'problem_analysis': 2, 'implementation_mechanism': 1, 'theoretical_insight': 1}"
755,61,de:15 & im:4 & pr:6 & pr:7 & pr:9 & th:11 & th:14 & va:10,"{'problem_analysis': 3, 'theoretical_insight': 2, 'validation_evidence': 1}"
756,60,de:17 & im:20 & pr:4 & pr:6 & th:12 & va:9,"{'problem_analysis': 2, 'design_rationale': 1, 'theoretical_insight': 1}"
757,60,de:17 & im:19 & pr:4 & pr:6 & th:12 & va:9,"{'problem_analysis': 2, 'design_rationale': 1, 'theoretical_insight': 1}"
758,60,de:24 & im:24 & pr:13 & pr:2 & pr:6 & th:10 & va:8,"{'problem_analysis': 3, 'theoretical_insight': 1, 'implementation_mechanism': 1}"
759,60,de:14 & im:25 & pr:7 & th:26 & va:19 & va:20,"{'validation_evidence': 2, 'problem_analysis': 1, 'implementation_mechanism': 1}"
760,60,de:15 & de:3 & de:37 & im:1 & im:16 & im:4 & pr:12 & pr:30 & pr:6 & th:11 & th:36 & th:6 & va:10 & va:15,"{'problem_analysis': 3, 'implementation_mechanism': 3, 'theoretical_insight': 3}"
761,60,de:20 & im:19 & pr:13 & pr:35 & th:12 & va:2,"{'problem_analysis': 2, 'theoretical_insight': 1, 'design_rationale': 1}"
762,60,de:15 & im:4 & pr:16 & pr:6 & th:11 & va:32,"{'problem_analysis': 2, 'implementation_mechanism': 1, 'theoretical_insight': 1}"
763,60,de:11 & im:38 & pr:33 & pr:6 & th:26 & th:9 & va:2,"{'problem_analysis': 2, 'theoretical_insight': 2, 'implementation_mechanism': 1}"
764,60,de:3 & im:33 & pr:16 & pr:19 & pr:2 & th:34 & va:26,"{'problem_analysis': 3, 'theoretical_insight': 1, 'implementation_mechanism': 1}"
765,60,de:15 & de:16 & de:20 & im:4 & pr:11 & pr:12 & pr:6 & th:11 & th:12 & th:2 & va:10,"{'theoretical_insight': 3, 'design_rationale': 3, 'problem_analysis': 3}"
766,59,de:14 & im:20 & pr:6 & pr:9 & th:29 & va:19,"{'problem_analysis': 2, 'validation_evidence': 1, 'theoretical_insight': 1}"
767,59,de:25 & im:34 & pr:32 & pr:6 & th:21 & va:33,"{'problem_analysis': 2, 'design_rationale': 1, 'validation_evidence': 1}"
768,59,de:20 & im:7 & pr:27 & va:25,"{'validation_evidence': 1, 'design_rationale': 1, 'implementation_mechanism': 1}"
769,59,de:3 & im:16 & pr:39 & pr:7 & th:36 & va:26,"{'problem_analysis': 2, 'implementation_mechanism': 1, 'validation_evidence': 1}"
770,59,de:15 & im:4 & pr:12 & pr:19 & th:2 & va:10,"{'problem_analysis': 2, 'theoretical_insight': 1, 'implementation_mechanism': 1}"
771,59,de:6 & im:21 & pr:19 & th:33 & va:37,"{'design_rationale': 1, 'validation_evidence': 1, 'problem_analysis': 1}"
772,59,de:37 & im:1 & pr:12 & pr:13 & th:6 & va:39,"{'problem_analysis': 2, 'validation_evidence': 1, 'implementation_mechanism': 1}"
773,59,pr:27 & pr:6,{'problem_analysis': 2}
774,59,de:15 & im:4 & pr:27 & pr:31 & th:11 & va:9,"{'problem_analysis': 2, 'implementation_mechanism': 1, 'theoretical_insight': 1}"
775,59,de:15 & im:4 & pr:6 & pr:9 & th:11 & th:14 & va:10,"{'problem_analysis': 2, 'theoretical_insight': 2, 'validation_evidence': 1}"
776,59,de:15 & im:4 & pr:11 & pr:31 & th:9 & va:10,"{'problem_analysis': 2, 'design_rationale': 1, 'implementation_mechanism': 1}"
777,59,de:15 & im:4 & pr:28 & pr:31 & pr:6 & th:11 & th:33 & va:9,"{'problem_analysis': 3, 'theoretical_insight': 2, 'implementation_mechanism': 1}"
778,58,pr:31 & pr:6 & th:16 & va:1,"{'problem_analysis': 2, 'validation_evidence': 1, 'theoretical_insight': 1}"
779,58,de:6 & im:21 & pr:0 & pr:6 & th:1,"{'problem_analysis': 2, 'design_rationale': 1, 'theoretical_insight': 1}"
780,58,de:3 & im:16 & pr:0 & pr:6 & th:1 & va:0,"{'problem_analysis': 2, 'implementation_mechanism': 1, 'theoretical_insight': 1}"
781,58,de:22 & im:31 & pr:0 & pr:6 & th:1 & va:7,"{'problem_analysis': 2, 'design_rationale': 1, 'theoretical_insight': 1}"
782,58,de:28 & im:10 & pr:17 & pr:6 & th:4 & va:17,"{'problem_analysis': 2, 'design_rationale': 1, 'validation_evidence': 1}"
783,58,de:14 & im:20 & pr:6 & pr:9 & va:20,"{'problem_analysis': 2, 'implementation_mechanism': 1, 'validation_evidence': 1}"
784,58,de:23 & im:26 & pr:22 & pr:6 & th:33 & va:2,"{'problem_analysis': 2, 'design_rationale': 1, 'implementation_mechanism': 1}"
785,58,de:16 & im:4 & pr:27 & pr:31 & pr:6 & pr:7 & th:12,"{'problem_analysis': 4, 'design_rationale': 1, 'theoretical_insight': 1}"
786,58,de:16 & de:20 & pr:11 & pr:12 & pr:6 & th:12 & th:2 & va:30,"{'problem_analysis': 3, 'theoretical_insight': 2, 'design_rationale': 2}"
787,58,de:11 & im:1 & pr:19 & pr:6 & th:37 & va:20,"{'problem_analysis': 2, 'design_rationale': 1, 'theoretical_insight': 1}"
788,58,de:20 & im:20 & pr:12 & pr:24 & th:1 & va:30,"{'problem_analysis': 2, 'theoretical_insight': 1, 'design_rationale': 1}"
789,58,de:7 & im:31 & pr:12 & th:2 & va:7,"{'theoretical_insight': 1, 'validation_evidence': 1, 'problem_analysis': 1}"
790,58,de:7 & im:4 & pr:12 & th:2 & va:10,"{'theoretical_insight': 1, 'implementation_mechanism': 1, 'problem_analysis': 1}"
791,58,de:15 & im:4 & pr:19 & pr:31 & th:9 & va:31,"{'problem_analysis': 2, 'design_rationale': 1, 'validation_evidence': 1}"
792,58,de:22 & im:23 & pr:13 & pr:19 & th:4 & va:38,"{'problem_analysis': 2, 'design_rationale': 1, 'implementation_mechanism': 1}"
793,58,de:15 & im:4 & pr:12 & pr:13 & th:2 & va:10,"{'problem_analysis': 2, 'theoretical_insight': 1, 'implementation_mechanism': 1}"
794,58,de:11 & im:9 & pr:13 & pr:33 & th:35 & va:15,"{'problem_analysis': 2, 'implementation_mechanism': 1, 'design_rationale': 1}"
795,58,de:37 & im:1 & pr:13 & pr:19 & th:6 & va:37,"{'problem_analysis': 2, 'validation_evidence': 1, 'implementation_mechanism': 1}"
796,58,de:15 & im:4 & pr:13 & pr:27 & pr:6 & th:12 & th:2 & va:10,"{'problem_analysis': 3, 'theoretical_insight': 2, 'implementation_mechanism': 1}"
797,58,de:28 & im:7 & pr:12 & pr:6 & th:9 & va:32,"{'problem_analysis': 2, 'design_rationale': 1, 'validation_evidence': 1}"
798,58,de:11 & im:1 & pr:19 & th:37 & va:15,"{'design_rationale': 1, 'validation_evidence': 1, 'problem_analysis': 1}"
799,58,de:13 & im:1 & pr:22 & pr:7 & th:37 & va:17,"{'problem_analysis': 2, 'design_rationale': 1, 'validation_evidence': 1}"
800,58,de:15 & de:37 & im:4 & pr:16 & pr:19 & pr:6 & th:11 & th:28 & va:10,"{'problem_analysis': 3, 'design_rationale': 2, 'theoretical_insight': 2}"
801,58,de:3 & im:16 & pr:11 & pr:39 & th:36 & va:0,"{'problem_analysis': 2, 'implementation_mechanism': 1, 'validation_evidence': 1}"
802,57,de:8 & im:16 & pr:0 & pr:6 & th:7 & va:34,"{'problem_analysis': 2, 'validation_evidence': 1, 'implementation_mechanism': 1}"
803,57,de:20 & im:19 & pr:17 & pr:4 & pr:6 & th:1 & va:9,"{'problem_analysis': 3, 'theoretical_insight': 1, 'design_rationale': 1}"
804,57,de:9 & im:7 & pr:4 & pr:6 & th:12 & va:9,"{'problem_analysis': 2, 'theoretical_insight': 1, 'design_rationale': 1}"
805,57,de:28 & im:7 & pr:4 & pr:5 & pr:6 & th:1 & va:28,"{'problem_analysis': 3, 'design_rationale': 1, 'theoretical_insight': 1}"
806,57,de:16 & pr:21 & th:31,"{'problem_analysis': 1, 'theoretical_insight': 1, 'design_rationale': 1}"
807,57,de:3 & im:16 & pr:39 & pr:7 & th:36 & va:0,"{'problem_analysis': 2, 'implementation_mechanism': 1, 'validation_evidence': 1}"
808,57,de:3 & im:16 & pr:3 & th:15 & va:13,"{'implementation_mechanism': 1, 'problem_analysis': 1, 'design_rationale': 1}"
809,57,de:29 & im:10 & pr:19 & pr:5 & th:8 & va:12,"{'problem_analysis': 2, 'validation_evidence': 1, 'implementation_mechanism': 1}"
810,57,de:8 & im:39 & pr:10 & pr:19 & th:28 & va:1,"{'problem_analysis': 2, 'validation_evidence': 1, 'design_rationale': 1}"
811,57,de:7 & im:34 & pr:11 & pr:19 & pr:31 & pr:5 & th:12 & va:18,"{'problem_analysis': 4, 'theoretical_insight': 1, 'design_rationale': 1}"
812,57,de:8 & im:1 & pr:1 & pr:3 & th:33 & va:39,"{'problem_analysis': 2, 'validation_evidence': 1, 'design_rationale': 1}"
813,57,de:37 & im:1 & pr:12 & pr:4 & th:6 & va:1,"{'problem_analysis': 2, 'validation_evidence': 1, 'implementation_mechanism': 1}"
814,57,de:15 & de:20 & im:19 & im:4 & pr:11 & pr:12 & pr:6 & th:11 & th:2 & va:10,"{'problem_analysis': 3, 'theoretical_insight': 2, 'implementation_mechanism': 2}"
815,56,de:37 & im:28 & pr:20 & pr:6 & th:38,"{'problem_analysis': 2, 'implementation_mechanism': 1, 'theoretical_insight': 1}"
816,56,de:16 & im:1 & pr:18 & pr:6 & th:0 & va:17,"{'problem_analysis': 2, 'design_rationale': 1, 'validation_evidence': 1}"
817,56,de:16 & im:1 & pr:18 & pr:6 & th:0 & va:15,"{'problem_analysis': 2, 'design_rationale': 1, 'validation_evidence': 1}"
818,56,pr:19 & pr:23 & va:20,"{'problem_analysis': 2, 'validation_evidence': 1}"
819,56,pr:19 & th:33 & va:17,"{'problem_analysis': 1, 'theoretical_insight': 1, 'validation_evidence': 1}"
820,56,de:29 & im:16 & pr:13 & pr:39 & th:36 & va:26,"{'problem_analysis': 2, 'implementation_mechanism': 1, 'design_rationale': 1}"
821,56,de:15 & im:4 & im:7 & pr:13 & pr:6 & th:12 & va:10,"{'problem_analysis': 2, 'implementation_mechanism': 2, 'theoretical_insight': 1}"
822,56,de:15 & im:4 & pr:12 & pr:31 & th:11 & va:9,"{'problem_analysis': 2, 'implementation_mechanism': 1, 'theoretical_insight': 1}"
823,56,de:20 & im:19 & pr:11 & pr:13 & th:12 & va:9,"{'problem_analysis': 2, 'theoretical_insight': 1, 'design_rationale': 1}"
824,56,de:1 & im:8 & pr:13 & pr:16 & pr:20 & th:6 & va:35,"{'problem_analysis': 3, 'implementation_mechanism': 1, 'validation_evidence': 1}"
825,56,de:14 & im:25 & pr:19 & th:14 & va:20,"{'problem_analysis': 1, 'implementation_mechanism': 1, 'theoretical_insight': 1}"
826,56,de:12 & im:20 & pr:4 & pr:9 & th:1 & va:12,"{'problem_analysis': 2, 'validation_evidence': 1, 'theoretical_insight': 1}"
827,56,de:1 & im:18 & pr:2 & th:34 & va:26,"{'problem_analysis': 1, 'theoretical_insight': 1, 'implementation_mechanism': 1}"
828,56,de:15 & im:4 & pr:12 & pr:31 & th:2 & va:10,"{'problem_analysis': 2, 'theoretical_insight': 1, 'implementation_mechanism': 1}"
829,56,de:30 & im:8 & pr:1 & th:7 & va:1,"{'implementation_mechanism': 1, 'validation_evidence': 1, 'design_rationale': 1}"
830,55,de:3 & im:16 & pr:38 & pr:6 & th:12 & va:26,"{'problem_analysis': 2, 'theoretical_insight': 1, 'implementation_mechanism': 1}"
831,55,de:32 & im:24 & pr:29 & pr:6 & th:24 & va:36,"{'problem_analysis': 2, 'implementation_mechanism': 1, 'design_rationale': 1}"
832,55,de:13 & im:1 & pr:33 & pr:6 & th:6 & va:17,"{'problem_analysis': 2, 'design_rationale': 1, 'validation_evidence': 1}"
833,55,de:37 & im:1 & pr:19 & pr:6 & th:6 & va:24,"{'problem_analysis': 2, 'validation_evidence': 1, 'implementation_mechanism': 1}"
834,55,de:25 & im:34 & pr:26 & pr:6 & th:22 & va:33,"{'problem_analysis': 2, 'design_rationale': 1, 'validation_evidence': 1}"
835,55,de:23 & im:35 & pr:22 & pr:6 & va:2,"{'problem_analysis': 2, 'design_rationale': 1, 'implementation_mechanism': 1}"
836,55,de:14 & de:3 & im:16 & im:25 & pr:14 & pr:39 & pr:6 & th:26 & th:36 & va:20 & va:26,"{'problem_analysis': 3, 'implementation_mechanism': 2, 'theoretical_insight': 2}"
837,55,de:16 & im:4 & pr:19 & pr:7 & th:6 & va:10,"{'problem_analysis': 2, 'design_rationale': 1, 'implementation_mechanism': 1}"
838,55,de:16 & im:1 & pr:12 & pr:19 & th:31 & va:39,"{'problem_analysis': 2, 'design_rationale': 1, 'validation_evidence': 1}"
839,55,de:37 & im:3 & pr:13 & pr:19 & th:6 & va:1,"{'problem_analysis': 2, 'validation_evidence': 1, 'design_rationale': 1}"
840,55,de:25 & im:34 & pr:26 & pr:32 & th:21 & va:30,"{'problem_analysis': 2, 'design_rationale': 1, 'implementation_mechanism': 1}"
841,54,de:6 & im:19 & pr:11 & pr:6 & th:12 & va:9,"{'problem_analysis': 2, 'design_rationale': 1, 'theoretical_insight': 1}"
842,54,de:0 & im:3 & pr:19 & pr:6 & th:7 & va:23,"{'problem_analysis': 2, 'theoretical_insight': 1, 'validation_evidence': 1}"
843,54,de:12 & im:20 & pr:13 & pr:9 & th:1 & va:12,"{'problem_analysis': 2, 'validation_evidence': 1, 'theoretical_insight': 1}"
844,54,de:15 & im:4 & pr:13 & pr:31 & th:2 & va:10,"{'problem_analysis': 2, 'theoretical_insight': 1, 'implementation_mechanism': 1}"
845,54,de:20 & de:28 & im:19 & pr:12 & pr:13 & pr:24 & va:30,"{'problem_analysis': 3, 'design_rationale': 2, 'validation_evidence': 1}"
846,54,de:15 & im:4 & pr:13 & pr:6 & th:1 & va:10,"{'problem_analysis': 2, 'theoretical_insight': 1, 'implementation_mechanism': 1}"
847,54,de:15 & im:4 & pr:16 & pr:6 & th:11,"{'problem_analysis': 2, 'implementation_mechanism': 1, 'theoretical_insight': 1}"
848,54,pr:4 & pr:6,{'problem_analysis': 2}
849,54,de:15 & im:4 & pr:4 & pr:6 & th:1 & va:10,"{'problem_analysis': 2, 'theoretical_insight': 1, 'implementation_mechanism': 1}"
850,54,im:31 & pr:13 & pr:33 & th:4,"{'problem_analysis': 2, 'implementation_mechanism': 1, 'theoretical_insight': 1}"
851,54,de:3 & im:16 & pr:31 & pr:39 & th:36 & va:0,"{'problem_analysis': 2, 'implementation_mechanism': 1, 'validation_evidence': 1}"
852,54,pr:11 & pr:19 & va:20,"{'problem_analysis': 2, 'validation_evidence': 1}"
853,54,de:23 & im:27 & pr:11 & pr:22 & pr:28 & pr:31 & pr:6 & th:18 & th:33 & va:22,"{'problem_analysis': 5, 'theoretical_insight': 2, 'design_rationale': 1}"
854,53,de:15 & im:4 & pr:6 & pr:9 & th:11 & va:9,"{'problem_analysis': 2, 'implementation_mechanism': 1, 'theoretical_insight': 1}"
855,53,de:3 & im:16 & pr:39 & pr:9 & th:36 & va:26,"{'problem_analysis': 2, 'implementation_mechanism': 1, 'validation_evidence': 1}"
856,53,de:0 & im:30 & pr:18 & pr:6 & th:23 & va:4,"{'problem_analysis': 2, 'theoretical_insight': 1, 'implementation_mechanism': 1}"
857,53,de:28 & im:9 & pr:19 & pr:7 & th:39 & va:0,"{'problem_analysis': 2, 'design_rationale': 1, 'validation_evidence': 1}"
858,53,de:25 & im:34 & pr:19 & pr:4 & th:21 & va:27,"{'problem_analysis': 2, 'design_rationale': 1, 'validation_evidence': 1}"
859,53,de:16 & im:31 & pr:12 & pr:19 & th:4,"{'problem_analysis': 2, 'design_rationale': 1, 'theoretical_insight': 1}"
860,53,de:37 & im:1 & pr:12 & pr:33 & th:6 & va:1,"{'problem_analysis': 2, 'validation_evidence': 1, 'implementation_mechanism': 1}"
861,53,de:3 & im:16 & pr:16 & pr:39 & th:36 & va:26,"{'problem_analysis': 2, 'implementation_mechanism': 1, 'validation_evidence': 1}"
862,53,pr:11 & pr:6,{'problem_analysis': 2}
863,52,de:0 & de:16 & de:37 & im:1 & im:4 & im:9 & pr:25 & pr:27 & th:1 & th:12 & th:4 & va:17 & va:39,"{'design_rationale': 3, 'theoretical_insight': 3, 'implementation_mechanism': 3}"
864,52,de:32 & de:37 & im:3 & pr:1 & pr:16 & pr:19 & pr:6 & th:19 & th:28 & va:1,"{'problem_analysis': 4, 'design_rationale': 2, 'theoretical_insight': 2}"
865,52,de:37 & im:3 & pr:16 & pr:19 & pr:6 & th:28 & va:35,"{'problem_analysis': 3, 'validation_evidence': 1, 'design_rationale': 1}"
866,52,de:11 & im:38 & pr:23 & pr:6 & th:26 & th:9 & va:2,"{'problem_analysis': 2, 'theoretical_insight': 2, 'implementation_mechanism': 1}"
867,52,de:20 & im:20 & pr:24 & th:1 & va:30,"{'problem_analysis': 1, 'theoretical_insight': 1, 'design_rationale': 1}"
868,52,de:20 & im:19 & pr:24 & th:1 & va:30,"{'problem_analysis': 1, 'validation_evidence': 1, 'theoretical_insight': 1}"
869,52,de:17 & im:20 & pr:19 & pr:27 & va:17,"{'problem_analysis': 2, 'design_rationale': 1, 'validation_evidence': 1}"
870,52,de:11 & im:1 & pr:10 & pr:19 & pr:31 & th:27 & va:22,"{'problem_analysis': 3, 'design_rationale': 1, 'validation_evidence': 1}"
871,52,de:23 & im:27 & pr:19 & pr:22 & pr:28 & pr:31 & pr:6 & th:18 & th:33 & va:2,"{'problem_analysis': 5, 'theoretical_insight': 2, 'design_rationale': 1}"
872,52,de:11 & pr:19 & pr:9 & th:14 & th:2 & va:2,"{'theoretical_insight': 2, 'problem_analysis': 2, 'design_rationale': 1}"
873,52,de:6 & im:11 & pr:5 & th:1 & va:4,"{'design_rationale': 1, 'theoretical_insight': 1, 'problem_analysis': 1}"
874,52,de:7 & im:4 & pr:13 & pr:6 & th:12 & va:10,"{'problem_analysis': 2, 'theoretical_insight': 1, 'implementation_mechanism': 1}"
875,52,de:16 & im:35 & pr:12 & pr:19 & th:2 & va:2,"{'problem_analysis': 2, 'theoretical_insight': 1, 'design_rationale': 1}"
876,52,de:15 & im:4 & pr:18 & pr:33 & pr:6 & th:11 & va:10,"{'problem_analysis': 3, 'implementation_mechanism': 1, 'theoretical_insight': 1}"
877,52,im:31 & pr:13 & pr:4 & th:4,"{'problem_analysis': 2, 'theoretical_insight': 1, 'implementation_mechanism': 1}"
878,51,de:29 & pr:22 & pr:6,"{'problem_analysis': 2, 'design_rationale': 1}"
879,51,de:5 & im:1 & pr:6 & pr:7 & th:37 & va:39,"{'problem_analysis': 2, 'validation_evidence': 1, 'design_rationale': 1}"
880,51,de:8 & im:13 & pr:13 & pr:6 & th:9 & va:1,"{'problem_analysis': 2, 'validation_evidence': 1, 'implementation_mechanism': 1}"
881,51,de:7 & im:31 & pr:13 & pr:6 & th:4 & va:7,"{'problem_analysis': 2, 'validation_evidence': 1, 'implementation_mechanism': 1}"
882,51,de:7 & im:4 & pr:13 & pr:6 & th:4 & va:10,"{'problem_analysis': 2, 'implementation_mechanism': 1, 'design_rationale': 1}"
883,51,de:16 & pr:12 & pr:19 & th:2 & va:2,"{'problem_analysis': 2, 'theoretical_insight': 1, 'design_rationale': 1}"
884,51,pr:16 & pr:39,{'problem_analysis': 2}
885,51,de:20 & im:19 & pr:11 & pr:39 & th:12 & va:9,"{'problem_analysis': 2, 'implementation_mechanism': 1, 'theoretical_insight': 1}"
886,51,de:15 & im:4 & pr:31 & pr:39 & th:11 & va:9,"{'problem_analysis': 2, 'implementation_mechanism': 1, 'theoretical_insight': 1}"
887,51,de:37 & im:1 & pr:19 & pr:39 & th:6 & va:17,"{'problem_analysis': 2, 'validation_evidence': 1, 'implementation_mechanism': 1}"
888,51,de:10 & im:24 & pr:28 & th:10 & va:36,"{'theoretical_insight': 1, 'problem_analysis': 1, 'design_rationale': 1}"
889,51,de:37 & im:1 & pr:11 & pr:12 & th:6 & va:39,"{'problem_analysis': 2, 'validation_evidence': 1, 'implementation_mechanism': 1}"
890,50,de:22 & im:31 & pr:13 & pr:19 & th:4 & va:7,"{'problem_analysis': 2, 'design_rationale': 1, 'validation_evidence': 1}"
891,50,de:15 & pr:19 & pr:6 & th:11 & va:32,"{'problem_analysis': 2, 'design_rationale': 1, 'theoretical_insight': 1}"
892,50,pr:19 & pr:33,{'problem_analysis': 2}
893,50,pr:19 & pr:4 & va:28,"{'problem_analysis': 2, 'validation_evidence': 1}"
894,50,de:13 & im:1 & pr:19 & pr:33 & th:6 & va:17,"{'problem_analysis': 2, 'design_rationale': 1, 'validation_evidence': 1}"
895,50,de:16 & im:1 & pr:19 & pr:9 & th:14 & va:37,"{'problem_analysis': 2, 'design_rationale': 1, 'validation_evidence': 1}"
896,50,de:12 & im:20 & pr:27 & pr:9 & th:1 & va:12,"{'problem_analysis': 2, 'validation_evidence': 1, 'theoretical_insight': 1}"
897,50,de:9 & im:35 & pr:11 & pr:33 & th:2 & va:9,"{'problem_analysis': 2, 'theoretical_insight': 1, 'design_rationale': 1}"
898,50,de:15 & im:4 & pr:11 & pr:31 & th:2 & va:10,"{'problem_analysis': 2, 'theoretical_insight': 1, 'implementation_mechanism': 1}"
899,50,de:15 & im:4 & pr:12 & pr:31 & pr:6 & th:11 & va:10,"{'problem_analysis': 3, 'implementation_mechanism': 1, 'theoretical_insight': 1}"
900,49,de:14 & im:20 & pr:9 & th:14 & th:26 & va:19,"{'theoretical_insight': 2, 'validation_evidence': 1, 'problem_analysis': 1}"
901,49,de:22 & im:31 & pr:39 & pr:6 & th:4 & va:7,"{'problem_analysis': 2, 'design_rationale': 1, 'validation_evidence': 1}"
902,49,de:21 & im:5 & pr:39 & pr:6 & th:39 & va:0,"{'problem_analysis': 2, 'validation_evidence': 1, 'implementation_mechanism': 1}"
903,49,de:15 & im:4 & pr:11 & pr:6 & th:11 & va:30,"{'problem_analysis': 2, 'implementation_mechanism': 1, 'theoretical_insight': 1}"
904,49,im:13 & pr:2 & pr:39 & pr:6 & th:3 & va:36,"{'problem_analysis': 3, 'theoretical_insight': 1, 'implementation_mechanism': 1}"
905,49,de:37 & im:1 & pr:19 & pr:23 & th:6 & va:1,"{'problem_analysis': 2, 'validation_evidence': 1, 'implementation_mechanism': 1}"
906,49,de:16 & im:4 & pr:32 & th:12 & va:12,"{'validation_evidence': 1, 'design_rationale': 1, 'theoretical_insight': 1}"
907,49,de:18 & im:0 & pr:16 & pr:19 & th:19 & va:19,"{'problem_analysis': 2, 'validation_evidence': 1, 'design_rationale': 1}"
908,49,de:3 & im:16 & pr:19 & pr:38 & th:12 & va:26,"{'problem_analysis': 2, 'theoretical_insight': 1, 'implementation_mechanism': 1}"
909,49,de:37 & im:20 & pr:16 & pr:19 & th:8 & va:20,"{'problem_analysis': 2, 'implementation_mechanism': 1, 'theoretical_insight': 1}"
910,49,de:10 & im:3 & pr:15 & pr:19 & pr:32 & th:33 & va:33,"{'problem_analysis': 3, 'design_rationale': 1, 'validation_evidence': 1}"
911,49,pr:4,{'problem_analysis': 1}
912,49,pr:19 & pr:22 & va:20,"{'problem_analysis': 2, 'validation_evidence': 1}"
913,48,de:14 & im:25 & pr:6 & pr:9 & th:26 & va:20,"{'problem_analysis': 2, 'implementation_mechanism': 1, 'validation_evidence': 1}"
914,48,de:37 & im:1 & pr:12 & pr:19 & th:28 & va:19,"{'problem_analysis': 2, 'validation_evidence': 1, 'implementation_mechanism': 1}"
915,48,pr:19 & pr:23,{'problem_analysis': 2}
916,48,de:39 & im:0 & pr:10 & pr:16 & pr:19 & va:1,"{'problem_analysis': 3, 'validation_evidence': 1, 'design_rationale': 1}"
917,48,de:33 & im:5 & pr:16 & pr:19 & th:8 & va:20,"{'problem_analysis': 2, 'design_rationale': 1, 'implementation_mechanism': 1}"
918,48,de:12 & im:8 & pr:16 & pr:19 & th:26 & va:1,"{'problem_analysis': 2, 'implementation_mechanism': 1, 'validation_evidence': 1}"
919,48,pr:19 & pr:31 & th:16 & va:1,"{'problem_analysis': 2, 'validation_evidence': 1, 'theoretical_insight': 1}"
920,48,de:28 & im:7 & pr:13 & pr:6 & th:9 & va:32,"{'problem_analysis': 2, 'design_rationale': 1, 'validation_evidence': 1}"
921,48,de:37 & im:1 & pr:13 & pr:19 & th:6 & va:39,"{'problem_analysis': 2, 'validation_evidence': 1, 'implementation_mechanism': 1}"
922,48,de:14 & im:25 & pr:14 & pr:27 & th:26 & va:20,"{'problem_analysis': 2, 'implementation_mechanism': 1, 'validation_evidence': 1}"
923,48,de:20 & im:19 & pr:12 & pr:35 & th:12 & va:2,"{'problem_analysis': 2, 'theoretical_insight': 1, 'design_rationale': 1}"
924,48,im:31 & pr:13 & pr:31 & th:4,"{'problem_analysis': 2, 'implementation_mechanism': 1, 'theoretical_insight': 1}"
925,48,de:11 & im:38 & pr:31 & pr:6 & th:26 & th:9 & va:2,"{'problem_analysis': 2, 'theoretical_insight': 2, 'implementation_mechanism': 1}"
926,47,de:37 & im:1 & pr:19 & pr:23 & va:17,"{'problem_analysis': 2, 'validation_evidence': 1, 'implementation_mechanism': 1}"
927,47,de:9 & im:22 & pr:22 & pr:6 & th:33 & va:33,"{'problem_analysis': 2, 'implementation_mechanism': 1, 'design_rationale': 1}"
928,47,de:22 & im:31 & pr:13 & pr:39 & th:4 & va:7,"{'problem_analysis': 2, 'design_rationale': 1, 'validation_evidence': 1}"
929,47,de:37 & im:28 & pr:18 & th:6 & va:1,"{'validation_evidence': 1, 'problem_analysis': 1, 'implementation_mechanism': 1}"
930,47,de:15 & im:4 & pr:6 & pr:7 & th:11 & va:32,"{'problem_analysis': 2, 'implementation_mechanism': 1, 'theoretical_insight': 1}"
931,47,de:15 & im:4 & pr:6 & pr:7 & th:11 & va:9,"{'problem_analysis': 2, 'implementation_mechanism': 1, 'theoretical_insight': 1}"
932,47,de:3 & im:16 & pr:19 & pr:7 & th:36 & va:0,"{'problem_analysis': 2, 'implementation_mechanism': 1, 'validation_evidence': 1}"
933,47,de:14 & im:8 & pr:19 & pr:7 & th:8 & va:19,"{'problem_analysis': 2, 'implementation_mechanism': 1, 'validation_evidence': 1}"
934,47,pr:12 & pr:19 & va:20,"{'problem_analysis': 2, 'validation_evidence': 1}"
935,47,de:16 & im:19 & pr:19 & pr:27 & th:12 & va:9,"{'problem_analysis': 2, 'design_rationale': 1, 'theoretical_insight': 1}"
936,47,de:16 & im:1 & pr:12 & pr:39 & th:31 & va:39,"{'problem_analysis': 2, 'design_rationale': 1, 'validation_evidence': 1}"
937,47,de:20 & de:28 & im:19 & pr:12 & pr:24 & pr:39 & va:30,"{'problem_analysis': 3, 'design_rationale': 2, 'implementation_mechanism': 1}"
938,47,de:15 & im:4 & pr:31 & pr:4 & th:11 & va:9,"{'problem_analysis': 2, 'implementation_mechanism': 1, 'theoretical_insight': 1}"
939,47,de:15 & im:4 & pr:4 & pr:6 & th:11,"{'problem_analysis': 2, 'implementation_mechanism': 1, 'theoretical_insight': 1}"
940,47,de:16 & im:1 & pr:11 & pr:12 & th:31 & va:39,"{'problem_analysis': 2, 'design_rationale': 1, 'validation_evidence': 1}"
941,46,de:3 & im:16 & pr:32 & pr:39 & th:36 & va:26,"{'problem_analysis': 2, 'implementation_mechanism': 1, 'validation_evidence': 1}"
942,46,de:33 & im:5 & pr:16 & pr:6 & th:26 & va:20,"{'problem_analysis': 2, 'design_rationale': 1, 'implementation_mechanism': 1}"
943,46,de:18 & im:8 & pr:16 & pr:6 & th:7 & va:20,"{'problem_analysis': 2, 'implementation_mechanism': 1, 'design_rationale': 1}"
944,46,de:11 & im:1 & pr:19 & pr:7 & th:25 & va:12,"{'problem_analysis': 2, 'validation_evidence': 1, 'theoretical_insight': 1}"
945,46,de:7 & im:7 & pr:19 & pr:39 & th:5 & va:0,"{'problem_analysis': 2, 'theoretical_insight': 1, 'validation_evidence': 1}"
946,46,de:20 & im:19 & pr:19 & pr:27 & th:12 & va:9,"{'problem_analysis': 2, 'theoretical_insight': 1, 'design_rationale': 1}"
947,46,de:9 & im:22 & pr:19 & pr:22 & th:33 & va:33,"{'problem_analysis': 2, 'implementation_mechanism': 1, 'design_rationale': 1}"
948,46,de:28 & im:7 & pr:39 & pr:6 & th:9 & va:32,"{'problem_analysis': 2, 'design_rationale': 1, 'validation_evidence': 1}"
949,46,de:15 & im:4 & pr:13 & va:10,"{'implementation_mechanism': 1, 'problem_analysis': 1, 'validation_evidence': 1}"
950,46,de:20 & im:19 & pr:11 & pr:33 & th:12 & va:9,"{'problem_analysis': 2, 'theoretical_insight': 1, 'design_rationale': 1}"
951,46,de:11 & im:9 & pr:27 & pr:33 & th:35 & va:15,"{'problem_analysis': 2, 'implementation_mechanism': 1, 'design_rationale': 1}"
952,46,de:20 & im:19 & pr:27 & pr:35 & th:12 & va:2,"{'problem_analysis': 2, 'theoretical_insight': 1, 'design_rationale': 1}"
953,46,de:15 & im:4 & pr:27 & pr:31 & pr:6 & th:11 & va:10,"{'problem_analysis': 3, 'implementation_mechanism': 1, 'theoretical_insight': 1}"
954,46,de:20 & de:28 & im:19 & pr:12 & pr:24 & pr:27 & va:30,"{'problem_analysis': 3, 'design_rationale': 2, 'validation_evidence': 1}"
955,46,de:17 & im:20 & pr:12 & pr:27 & th:12 & th:2 & va:3,"{'theoretical_insight': 2, 'problem_analysis': 2, 'design_rationale': 1}"
956,46,de:15 & im:4 & im:7 & pr:27 & pr:6 & th:12 & va:10,"{'problem_analysis': 2, 'implementation_mechanism': 2, 'theoretical_insight': 1}"
957,46,de:15 & im:4 & pr:12 & pr:14 & pr:37 & pr:6 & th:11 & th:30 & va:10,"{'problem_analysis': 4, 'theoretical_insight': 2, 'implementation_mechanism': 1}"
958,46,de:15 & im:4 & pr:31 & pr:33 & th:9 & va:10,"{'problem_analysis': 2, 'design_rationale': 1, 'implementation_mechanism': 1}"
959,46,de:15 & im:4 & pr:11 & pr:6 & th:1 & va:10,"{'problem_analysis': 2, 'theoretical_insight': 1, 'implementation_mechanism': 1}"
960,45,de:23 & im:7 & pr:22 & pr:4 & pr:6 & th:18 & va:30,"{'problem_analysis': 3, 'design_rationale': 1, 'implementation_mechanism': 1}"
961,45,de:23 & im:27 & pr:22 & pr:4 & pr:5 & pr:6 & th:18 & va:22,"{'problem_analysis': 4, 'design_rationale': 1, 'implementation_mechanism': 1}"
962,45,de:37 & im:1 & pr:19 & pr:7 & th:6 & va:1,"{'problem_analysis': 2, 'validation_evidence': 1, 'implementation_mechanism': 1}"
963,45,de:16 & im:4 & pr:18 & pr:19 & th:2 & va:10,"{'problem_analysis': 2, 'theoretical_insight': 1, 'design_rationale': 1}"
964,45,de:25 & im:34 & pr:19 & pr:6 & th:12,"{'problem_analysis': 2, 'theoretical_insight': 1, 'design_rationale': 1}"
965,45,de:14 & im:20 & pr:19 & pr:9 & th:14 & va:19,"{'problem_analysis': 2, 'validation_evidence': 1, 'implementation_mechanism': 1}"
966,45,de:28 & im:7 & pr:19 & pr:4 & pr:5 & th:1 & va:28,"{'problem_analysis': 3, 'design_rationale': 1, 'theoretical_insight': 1}"
967,45,de:34 & im:10 & pr:10 & pr:19 & pr:33 & th:3 & va:4,"{'problem_analysis': 3, 'theoretical_insight': 1, 'implementation_mechanism': 1}"
968,45,de:15 & de:3 & im:16 & im:7 & pr:39 & pr:6 & th:12 & th:36 & va:26,"{'problem_analysis': 2, 'theoretical_insight': 2, 'implementation_mechanism': 2}"
969,45,de:20 & im:19 & pr:11 & pr:4 & th:12 & va:9,"{'problem_analysis': 2, 'theoretical_insight': 1, 'design_rationale': 1}"
970,45,de:34 & im:10 & pr:10 & pr:11 & pr:19 & th:3 & va:4,"{'problem_analysis': 3, 'theoretical_insight': 1, 'implementation_mechanism': 1}"
971,45,pr:28 & pr:31 & pr:6 & th:33,"{'problem_analysis': 3, 'theoretical_insight': 1}"
972,44,im:28 & pr:12 & pr:6 & va:3,"{'problem_analysis': 2, 'implementation_mechanism': 1, 'validation_evidence': 1}"
973,44,de:15 & im:4 & pr:19 & pr:31,"{'problem_analysis': 2, 'implementation_mechanism': 1, 'design_rationale': 1}"
974,44,de:37 & im:1 & pr:12 & pr:19 & pr:7 & th:6 & va:1,"{'problem_analysis': 3, 'validation_evidence': 1, 'implementation_mechanism': 1}"
975,44,de:17 & im:4 & pr:19 & pr:6 & th:12 & va:9,"{'problem_analysis': 2, 'design_rationale': 1, 'theoretical_insight': 1}"
976,44,de:23 & im:38 & pr:19 & pr:6 & th:12 & va:2,"{'problem_analysis': 2, 'implementation_mechanism': 1, 'design_rationale': 1}"
977,44,de:15 & im:7 & pr:19 & pr:6 & th:12 & va:10,"{'problem_analysis': 2, 'theoretical_insight': 1, 'validation_evidence': 1}"
978,44,de:15 & im:4 & im:7 & pr:19 & pr:6 & th:12,"{'problem_analysis': 2, 'implementation_mechanism': 2, 'theoretical_insight': 1}"
979,44,de:15 & im:4 & im:7 & pr:19 & pr:6 & th:11 & th:12 & va:10,"{'problem_analysis': 2, 'theoretical_insight': 2, 'implementation_mechanism': 2}"
980,44,pr:19 & pr:31,{'problem_analysis': 2}
981,44,de:3 & im:12 & pr:10 & pr:19 & th:7 & va:0,"{'problem_analysis': 2, 'validation_evidence': 1, 'theoretical_insight': 1}"
982,44,de:9 & im:4 & pr:19 & pr:6 & th:11 & va:9,"{'problem_analysis': 2, 'design_rationale': 1, 'implementation_mechanism': 1}"
983,44,de:37 & im:1 & pr:19 & pr:20 & th:6 & va:1,"{'problem_analysis': 2, 'validation_evidence': 1, 'implementation_mechanism': 1}"
984,44,de:15 & de:20 & im:19 & im:4 & pr:11 & pr:19 & pr:6 & th:11 & th:2 & va:10,"{'problem_analysis': 3, 'theoretical_insight': 2, 'implementation_mechanism': 2}"
985,44,de:7 & im:10 & pr:39 & pr:7 & th:37 & va:37,"{'problem_analysis': 2, 'validation_evidence': 1, 'implementation_mechanism': 1}"
986,44,de:37 & im:1 & pr:12 & pr:39 & th:6 & va:1,"{'problem_analysis': 2, 'validation_evidence': 1, 'implementation_mechanism': 1}"
987,44,de:17 & im:20 & pr:12 & pr:39 & th:12 & th:2 & va:3,"{'theoretical_insight': 2, 'problem_analysis': 2, 'design_rationale': 1}"
988,44,de:20 & im:20 & pr:13 & pr:24 & th:1 & va:30,"{'problem_analysis': 2, 'theoretical_insight': 1, 'design_rationale': 1}"
989,44,de:20 & im:19 & pr:13 & pr:24 & th:1 & va:30,"{'problem_analysis': 2, 'validation_evidence': 1, 'theoretical_insight': 1}"
990,44,de:11 & im:9 & pr:12 & pr:33 & th:35 & va:15,"{'problem_analysis': 2, 'implementation_mechanism': 1, 'design_rationale': 1}"
991,44,de:5 & im:28 & pr:12 & pr:9 & th:29,"{'problem_analysis': 2, 'theoretical_insight': 1, 'implementation_mechanism': 1}"
992,44,de:37 & im:1 & pr:19 & th:28 & va:19,"{'validation_evidence': 1, 'problem_analysis': 1, 'implementation_mechanism': 1}"
993,44,de:15 & im:4 & pr:31 & pr:4 & pr:6 & th:11 & va:10,"{'problem_analysis': 3, 'implementation_mechanism': 1, 'theoretical_insight': 1}"
994,44,de:37 & im:1 & pr:19 & pr:27 & th:6 & va:39,"{'problem_analysis': 2, 'validation_evidence': 1, 'implementation_mechanism': 1}"
995,44,de:3 & im:16 & pr:2 & va:26,"{'implementation_mechanism': 1, 'problem_analysis': 1, 'validation_evidence': 1}"
996,44,de:23 & im:27 & pr:22 & pr:33 & th:18 & va:22,"{'problem_analysis': 2, 'design_rationale': 1, 'implementation_mechanism': 1}"
997,44,de:13 & im:1 & pr:31 & pr:7 & th:37 & va:17,"{'problem_analysis': 2, 'design_rationale': 1, 'validation_evidence': 1}"
998,44,pr:19 & pr:31 & va:20,"{'problem_analysis': 2, 'validation_evidence': 1}"
999,44,de:32 & de:37 & im:0 & im:1 & pr:19 & th:7 & va:17,"{'design_rationale': 2, 'implementation_mechanism': 2, 'validation_evidence': 1}"
1000,44,de:1 & im:8 & pr:11 & pr:16 & pr:20 & th:6 & va:35,"{'problem_analysis': 3, 'implementation_mechanism': 1, 'validation_evidence': 1}"
1001,44,de:15 & im:4 & pr:28 & pr:31 & pr:6 & th:11 & th:33 & va:32,"{'problem_analysis': 3, 'theoretical_insight': 2, 'implementation_mechanism': 1}"
1002,43,de:22 & im:31 & pr:9 & th:14 & th:4 & va:7,"{'theoretical_insight': 2, 'design_rationale': 1, 'problem_analysis': 1}"
1003,43,de:0 & de:16 & de:37 & im:1 & im:9 & pr:25 & pr:6 & pr:9 & th:1 & th:2 & th:4 & va:17 & va:39,"{'theoretical_insight': 3, 'problem_analysis': 3, 'design_rationale': 3}"
1004,43,de:20 & im:19 & pr:19 & pr:27 & th:12,"{'problem_analysis': 2, 'theoretical_insight': 1, 'design_rationale': 1}"
1005,43,de:15 & im:4 & pr:19 & pr:31 & th:12 & va:10,"{'problem_analysis': 2, 'theoretical_insight': 1, 'implementation_mechanism': 1}"
1006,43,de:22 & im:31 & pr:19 & pr:32 & th:4 & va:23,"{'problem_analysis': 2, 'design_rationale': 1, 'theoretical_insight': 1}"
1007,43,de:20 & im:19 & pr:17 & pr:19 & pr:4 & th:1 & va:9,"{'problem_analysis': 3, 'theoretical_insight': 1, 'design_rationale': 1}"
1008,43,de:9 & im:7 & pr:19 & pr:4 & th:12 & va:9,"{'problem_analysis': 2, 'theoretical_insight': 1, 'design_rationale': 1}"
1009,43,de:8 & im:12 & pr:10 & pr:19 & th:7 & va:4,"{'problem_analysis': 2, 'theoretical_insight': 1, 'validation_evidence': 1}"
1010,43,de:8 & im:1 & pr:1 & pr:19 & pr:3 & th:33 & va:39,"{'problem_analysis': 3, 'validation_evidence': 1, 'design_rationale': 1}"
1011,43,de:15 & im:4 & pr:33 & pr:6 & th:11,"{'problem_analysis': 2, 'implementation_mechanism': 1, 'theoretical_insight': 1}"
1012,43,de:13 & im:1 & pr:33 & pr:7 & th:37 & va:17,"{'problem_analysis': 2, 'design_rationale': 1, 'validation_evidence': 1}"
1013,43,de:37 & im:1 & pr:12 & pr:31 & th:6 & va:1,"{'problem_analysis': 2, 'validation_evidence': 1, 'implementation_mechanism': 1}"
1014,43,pr:11,{'problem_analysis': 1}
1015,43,de:37 & im:1 & pr:11 & pr:12 & th:6 & va:1,"{'problem_analysis': 2, 'validation_evidence': 1, 'implementation_mechanism': 1}"
1016,42,pr:31 & th:11 & va:2,"{'validation_evidence': 1, 'theoretical_insight': 1, 'problem_analysis': 1}"
1017,42,de:16 & im:4 & pr:19,"{'implementation_mechanism': 1, 'problem_analysis': 1, 'design_rationale': 1}"
1018,42,de:6 & im:21 & pr:19 & pr:30 & th:1 & va:18,"{'problem_analysis': 2, 'design_rationale': 1, 'theoretical_insight': 1}"
1019,42,de:6 & im:31 & pr:19 & pr:30 & th:5 & va:0,"{'problem_analysis': 2, 'design_rationale': 1, 'theoretical_insight': 1}"
1020,42,de:6 & im:21 & pr:19 & pr:4 & th:1 & va:28,"{'problem_analysis': 2, 'design_rationale': 1, 'theoretical_insight': 1}"
1021,42,de:37 & im:1 & pr:19 & th:37 & va:17,"{'validation_evidence': 1, 'problem_analysis': 1, 'theoretical_insight': 1}"
1022,42,de:13 & im:1 & pr:17 & pr:19 & th:0,"{'problem_analysis': 2, 'design_rationale': 1, 'implementation_mechanism': 1}"
1023,42,de:6 & im:21 & pr:19 & pr:32 & th:1 & va:8,"{'problem_analysis': 2, 'design_rationale': 1, 'theoretical_insight': 1}"
1024,42,de:7 & im:7 & pr:19 & pr:27 & th:12 & va:28,"{'problem_analysis': 2, 'theoretical_insight': 1, 'design_rationale': 1}"
1025,42,de:3 & im:10 & pr:0 & pr:19 & th:39 & va:0,"{'problem_analysis': 2, 'validation_evidence': 1, 'implementation_mechanism': 1}"
1026,42,de:16 & im:4 & pr:19 & pr:4 & th:12 & va:12,"{'problem_analysis': 2, 'validation_evidence': 1, 'design_rationale': 1}"
1027,42,de:1 & im:1 & pr:13 & pr:19 & pr:36 & th:23 & va:4,"{'problem_analysis': 3, 'theoretical_insight': 1, 'design_rationale': 1}"
1028,42,de:13 & im:1 & pr:13 & pr:7 & th:37 & va:17,"{'problem_analysis': 2, 'design_rationale': 1, 'validation_evidence': 1}"
1029,42,de:33 & im:5 & pr:16 & pr:19 & th:26 & va:20,"{'problem_analysis': 2, 'design_rationale': 1, 'implementation_mechanism': 1}"
1030,42,de:22 & im:31 & pr:19 & pr:3 & th:4 & va:7,"{'problem_analysis': 2, 'design_rationale': 1, 'validation_evidence': 1}"
1031,42,de:11 & im:9 & pr:16 & pr:33 & th:35 & va:15,"{'problem_analysis': 2, 'implementation_mechanism': 1, 'design_rationale': 1}"
1032,42,de:14 & im:25 & pr:14 & pr:4 & th:26 & va:20,"{'problem_analysis': 2, 'implementation_mechanism': 1, 'validation_evidence': 1}"
1033,42,de:1 & im:8 & pr:16 & pr:20 & pr:4 & th:6 & va:35,"{'problem_analysis': 3, 'implementation_mechanism': 1, 'validation_evidence': 1}"
1034,42,de:15 & im:4 & pr:12 & pr:27 & th:2 & va:10,"{'problem_analysis': 2, 'theoretical_insight': 1, 'implementation_mechanism': 1}"
1035,42,de:7 & im:4 & pr:27 & pr:6 & th:12 & va:10,"{'problem_analysis': 2, 'theoretical_insight': 1, 'implementation_mechanism': 1}"
1036,42,de:28 & im:7 & pr:27 & pr:6 & th:9 & va:32,"{'problem_analysis': 2, 'design_rationale': 1, 'validation_evidence': 1}"
1037,42,de:37 & im:1 & pr:19 & pr:27 & th:6 & va:37,"{'problem_analysis': 2, 'validation_evidence': 1, 'implementation_mechanism': 1}"
1038,42,de:20 & im:19 & pr:11 & pr:12 & th:12 & va:9,"{'problem_analysis': 2, 'theoretical_insight': 1, 'design_rationale': 1}"
1039,42,de:37 & im:1 & pr:19 & pr:33 & th:6 & va:39,"{'problem_analysis': 2, 'validation_evidence': 1, 'implementation_mechanism': 1}"
1040,42,de:37 & im:1 & pr:12 & pr:33 & th:6 & va:39,"{'problem_analysis': 2, 'validation_evidence': 1, 'implementation_mechanism': 1}"
1041,42,de:23 & im:27 & pr:22 & pr:28 & pr:31 & pr:33 & pr:6 & th:18 & th:33 & va:22,"{'problem_analysis': 5, 'theoretical_insight': 2, 'design_rationale': 1}"
1042,42,de:9 & im:35 & pr:11 & pr:31 & th:2 & va:9,"{'problem_analysis': 2, 'theoretical_insight': 1, 'design_rationale': 1}"
1043,42,de:37 & im:1 & pr:12 & pr:31 & th:6 & va:39,"{'problem_analysis': 2, 'validation_evidence': 1, 'implementation_mechanism': 1}"
1044,42,de:34 & im:10 & pr:10 & pr:19 & pr:31 & th:3 & va:4,"{'problem_analysis': 3, 'theoretical_insight': 1, 'implementation_mechanism': 1}"
1045,42,de:23 & im:27 & pr:22 & pr:31 & th:18 & va:22,"{'problem_analysis': 2, 'design_rationale': 1, 'implementation_mechanism': 1}"
1046,42,de:23 & im:27 & pr:22 & pr:28 & pr:31 & pr:4 & pr:6 & th:18 & th:33 & va:22,"{'problem_analysis': 5, 'theoretical_insight': 2, 'design_rationale': 1}"
1047,42,de:15 & de:20 & im:4 & pr:4 & pr:5 & pr:6 & th:1 & th:11 & th:2 & va:10,"{'theoretical_insight': 3, 'problem_analysis': 3, 'design_rationale': 2}"
1048,42,de:15 & im:4 & pr:35 & pr:5 & pr:6 & th:11 & va:10,"{'problem_analysis': 3, 'implementation_mechanism': 1, 'theoretical_insight': 1}"
1049,41,de:28 & im:7 & pr:26 & pr:6 & th:5 & va:17,"{'problem_analysis': 2, 'design_rationale': 1, 'theoretical_insight': 1}"
1050,41,de:13 & im:1 & pr:23 & pr:7 & th:37 & va:17,"{'problem_analysis': 2, 'design_rationale': 1, 'validation_evidence': 1}"
1051,41,de:15 & im:4 & pr:23 & pr:31 & th:9 & va:10,"{'problem_analysis': 2, 'design_rationale': 1, 'implementation_mechanism': 1}"
1052,41,im:31 & pr:13 & pr:19 & th:4 & va:7,"{'problem_analysis': 2, 'validation_evidence': 1, 'theoretical_insight': 1}"
1053,41,de:7 & im:14 & pr:19 & pr:4 & th:1 & va:28,"{'problem_analysis': 2, 'implementation_mechanism': 1, 'theoretical_insight': 1}"
1054,41,de:9 & im:4 & pr:19 & pr:6 & th:12,"{'problem_analysis': 2, 'theoretical_insight': 1, 'implementation_mechanism': 1}"
1055,41,de:14 & im:25 & pr:14 & pr:19 & va:20,"{'problem_analysis': 2, 'implementation_mechanism': 1, 'validation_evidence': 1}"
1056,41,de:23 & im:26 & pr:19 & pr:26 & th:33 & va:38,"{'problem_analysis': 2, 'design_rationale': 1, 'implementation_mechanism': 1}"
1057,41,de:9 & im:4 & pr:19 & pr:3 & pr:6 & th:11 & va:11,"{'problem_analysis': 3, 'design_rationale': 1, 'implementation_mechanism': 1}"
1058,41,de:11 & im:10 & im:31 & pr:13 & pr:19 & pr:23 & th:25 & th:4 & va:1 & va:20,"{'problem_analysis': 3, 'validation_evidence': 2, 'theoretical_insight': 2}"
1059,41,de:3 & im:3 & pr:14 & pr:19 & th:34 & va:1,"{'problem_analysis': 2, 'validation_evidence': 1, 'theoretical_insight': 1}"
1060,41,de:16 & im:1 & pr:12 & pr:27 & th:31 & va:39,"{'problem_analysis': 2, 'design_rationale': 1, 'validation_evidence': 1}"
1061,41,de:14 & im:25 & pr:14 & pr:16 & th:26 & va:20,"{'problem_analysis': 2, 'implementation_mechanism': 1, 'validation_evidence': 1}"
1062,40,de:15 & im:4 & pr:32 & pr:6 & th:11 & va:9,"{'problem_analysis': 2, 'implementation_mechanism': 1, 'theoretical_insight': 1}"
1063,40,de:25 & im:34 & pr:32 & pr:9 & th:21 & va:30,"{'problem_analysis': 2, 'design_rationale': 1, 'implementation_mechanism': 1}"
1064,40,de:37 & im:1 & pr:12 & pr:23 & th:6 & va:1,"{'problem_analysis': 2, 'validation_evidence': 1, 'implementation_mechanism': 1}"
1065,40,de:3 & im:16 & pr:19 & pr:7 & va:0,"{'problem_analysis': 2, 'implementation_mechanism': 1, 'validation_evidence': 1}"
1066,40,de:15 & im:19 & pr:19 & pr:6 & th:12 & va:10,"{'problem_analysis': 2, 'theoretical_insight': 1, 'implementation_mechanism': 1}"
1067,40,de:16 & im:38 & pr:12 & pr:19 & th:12 & va:2,"{'problem_analysis': 2, 'implementation_mechanism': 1, 'design_rationale': 1}"
1068,40,de:20 & im:7 & pr:19 & pr:6 & th:12 & va:0,"{'problem_analysis': 2, 'theoretical_insight': 1, 'validation_evidence': 1}"
1069,40,de:20 & im:4 & pr:11 & pr:19 & th:12,"{'problem_analysis': 2, 'theoretical_insight': 1, 'implementation_mechanism': 1}"
1070,40,de:20 & im:19 & pr:11 & pr:19 & th:2 & va:9,"{'problem_analysis': 2, 'theoretical_insight': 1, 'design_rationale': 1}"
1071,40,de:38 & de:6 & im:10 & im:3 & pr:19 & pr:31 & pr:32 & pr:4 & va:0 & va:23,"{'problem_analysis': 4, 'design_rationale': 2, 'validation_evidence': 2}"
1072,40,de:3 & im:16 & pr:19 & pr:39 & th:36 & va:7,"{'problem_analysis': 2, 'implementation_mechanism': 1, 'validation_evidence': 1}"
1073,40,im:31 & pr:13 & pr:19 & th:4 & va:0,"{'problem_analysis': 2, 'validation_evidence': 1, 'theoretical_insight': 1}"
1074,40,de:28 & im:9 & pr:19 & pr:30 & th:35 & va:28,"{'problem_analysis': 2, 'design_rationale': 1, 'implementation_mechanism': 1}"
1075,40,de:8 & im:3 & pr:16 & pr:19 & th:13 & va:1,"{'problem_analysis': 2, 'theoretical_insight': 1, 'validation_evidence': 1}"
1076,40,de:8 & im:18 & pr:16 & pr:19 & th:27 & va:20,"{'problem_analysis': 2, 'implementation_mechanism': 1, 'design_rationale': 1}"
1077,40,de:22 & im:31 & pr:19 & pr:3 & pr:6 & th:4 & va:18,"{'problem_analysis': 3, 'design_rationale': 1, 'implementation_mechanism': 1}"
1078,40,de:17 & im:7 & pr:11 & pr:19 & pr:27 & th:12 & va:9,"{'problem_analysis': 3, 'design_rationale': 1, 'theoretical_insight': 1}"
1079,40,de:15 & im:19 & pr:19 & pr:27 & pr:6 & th:12 & va:32,"{'problem_analysis': 3, 'theoretical_insight': 1, 'implementation_mechanism': 1}"
1080,40,de:9 & im:35 & pr:11 & pr:13 & th:2 & va:9,"{'problem_analysis': 2, 'theoretical_insight': 1, 'design_rationale': 1}"
1081,40,pr:12 & pr:31,{'problem_analysis': 2}
1082,40,de:15 & im:4 & pr:12 & pr:19 & pr:6 & th:11 & va:32,"{'problem_analysis': 3, 'implementation_mechanism': 1, 'theoretical_insight': 1}"
1083,40,de:37 & im:1 & pr:18 & pr:4 & th:6 & va:17,"{'problem_analysis': 2, 'validation_evidence': 1, 'implementation_mechanism': 1}"
1084,40,de:1 & im:1 & pr:13 & pr:19 & pr:33 & th:23 & va:4,"{'problem_analysis': 3, 'theoretical_insight': 1, 'design_rationale': 1}"
1085,40,de:29 & im:16 & pr:27 & pr:39 & th:36 & va:26,"{'problem_analysis': 2, 'implementation_mechanism': 1, 'design_rationale': 1}"
1086,40,de:11 & im:38 & pr:22 & pr:6 & th:26 & th:9 & va:2,"{'problem_analysis': 2, 'theoretical_insight': 2, 'implementation_mechanism': 1}"
1087,40,de:9 & im:35 & pr:11 & pr:4 & th:2 & va:9,"{'problem_analysis': 2, 'theoretical_insight': 1, 'design_rationale': 1}"
1088,40,de:1 & im:1 & pr:11 & pr:13 & pr:19 & th:23 & va:4,"{'problem_analysis': 3, 'theoretical_insight': 1, 'design_rationale': 1}"
1089,39,de:37 & im:1 & pr:20 & pr:6 & th:6 & va:1,"{'problem_analysis': 2, 'validation_evidence': 1, 'implementation_mechanism': 1}"
1090,39,de:7 & im:7 & pr:11 & th:12 & va:9,"{'theoretical_insight': 1, 'problem_analysis': 1, 'design_rationale': 1}"
1091,39,pr:19 & pr:31 & pr:6 & th:11 & va:2,"{'problem_analysis': 3, 'theoretical_insight': 1, 'validation_evidence': 1}"
1092,39,de:3 & im:16 & pr:19 & pr:2 & pr:39 & th:36 & va:0,"{'problem_analysis': 3, 'implementation_mechanism': 1, 'validation_evidence': 1}"
1093,39,de:3 & im:16 & pr:19 & pr:2 & pr:39 & th:36 & va:26,"{'problem_analysis': 3, 'implementation_mechanism': 1, 'validation_evidence': 1}"
1094,39,de:3 & im:16 & pr:19 & pr:39 & th:13 & va:26,"{'problem_analysis': 2, 'theoretical_insight': 1, 'implementation_mechanism': 1}"
1095,39,de:3 & im:24 & pr:19 & pr:39 & th:36 & va:26,"{'problem_analysis': 2, 'implementation_mechanism': 1, 'validation_evidence': 1}"
1096,39,de:3 & im:24 & pr:19 & pr:39 & th:19 & th:39 & va:26,"{'theoretical_insight': 2, 'problem_analysis': 2, 'implementation_mechanism': 1}"
1097,39,de:16 & pr:12 & pr:19,"{'problem_analysis': 2, 'design_rationale': 1}"
1098,39,de:14 & im:25 & pr:14 & pr:19 & th:26,"{'problem_analysis': 2, 'implementation_mechanism': 1, 'theoretical_insight': 1}"
1099,39,de:3 & im:8 & pr:19 & pr:39 & pr:7 & th:36 & va:0,"{'problem_analysis': 3, 'implementation_mechanism': 1, 'validation_evidence': 1}"
1100,39,de:37 & im:1 & pr:19 & pr:4 & th:6 & va:37,"{'problem_analysis': 2, 'validation_evidence': 1, 'implementation_mechanism': 1}"
1101,39,de:15 & im:4 & pr:13 & pr:31 & pr:33 & pr:6 & th:11 & th:4 & va:10,"{'problem_analysis': 4, 'theoretical_insight': 2, 'validation_evidence': 1}"
1102,38,pr:12 & pr:19 & th:33 & va:17,"{'problem_analysis': 2, 'theoretical_insight': 1, 'validation_evidence': 1}"
1103,38,de:6 & im:21 & pr:12 & pr:19 & th:33 & va:37,"{'problem_analysis': 2, 'design_rationale': 1, 'validation_evidence': 1}"
1104,38,de:37 & im:1 & pr:19 & pr:23 & pr:6 & va:17,"{'problem_analysis': 3, 'validation_evidence': 1, 'implementation_mechanism': 1}"
1105,38,de:16 & im:1 & pr:31 & pr:6 & th:2 & va:39,"{'problem_analysis': 2, 'theoretical_insight': 1, 'design_rationale': 1}"
1106,38,de:15 & im:4 & pr:13 & pr:19 & th:4 & va:12,"{'problem_analysis': 2, 'validation_evidence': 1, 'implementation_mechanism': 1}"
1107,38,de:13 & im:1 & pr:19 & pr:7 & th:37 & va:39,"{'problem_analysis': 2, 'design_rationale': 1, 'validation_evidence': 1}"
1108,38,de:15 & im:4 & pr:19 & pr:31 & th:9 & va:32,"{'problem_analysis': 2, 'design_rationale': 1, 'implementation_mechanism': 1}"
1109,38,de:8 & im:1 & pr:10 & pr:19 & th:6 & va:10,"{'problem_analysis': 2, 'design_rationale': 1, 'implementation_mechanism': 1}"
1110,38,de:7 & im:10 & pr:6 & pr:7 & th:37 & va:37,"{'problem_analysis': 2, 'validation_evidence': 1, 'implementation_mechanism': 1}"
1111,38,de:16 & im:10 & pr:19 & pr:6 & th:12 & va:3,"{'problem_analysis': 2, 'design_rationale': 1, 'validation_evidence': 1}"
1112,38,de:16 & im:4 & pr:19 & pr:6 & va:9,"{'problem_analysis': 2, 'design_rationale': 1, 'implementation_mechanism': 1}"
1113,38,de:15 & de:28 & im:4 & im:7 & pr:19 & pr:6 & th:9 & va:32,"{'design_rationale': 2, 'problem_analysis': 2, 'implementation_mechanism': 2}"
1114,38,de:22 & im:1 & pr:13 & pr:19 & pr:33 & th:10 & va:12,"{'problem_analysis': 3, 'validation_evidence': 1, 'design_rationale': 1}"
1115,38,de:4 & im:31 & pr:19 & pr:3 & pr:33 & th:30 & va:38,"{'problem_analysis': 3, 'theoretical_insight': 1, 'validation_evidence': 1}"
1116,38,de:37 & im:1 & pr:19 & th:37 & va:1,"{'validation_evidence': 1, 'problem_analysis': 1, 'theoretical_insight': 1}"
1117,38,de:20 & im:19 & pr:12 & pr:24 & th:1 & va:30,"{'problem_analysis': 2, 'validation_evidence': 1, 'theoretical_insight': 1}"
1118,38,de:3 & im:33 & pr:0 & pr:19 & th:34 & va:26,"{'problem_analysis': 2, 'implementation_mechanism': 1, 'theoretical_insight': 1}"
1119,38,de:20 & im:19 & pr:11 & pr:19 & th:1 & va:9,"{'problem_analysis': 2, 'theoretical_insight': 1, 'design_rationale': 1}"
1120,38,de:20 & im:7 & pr:19 & pr:32 & th:12,"{'problem_analysis': 2, 'theoretical_insight': 1, 'design_rationale': 1}"
1121,38,im:1 & pr:13 & pr:7 & th:6 & va:39,"{'problem_analysis': 2, 'validation_evidence': 1, 'implementation_mechanism': 1}"
1122,38,de:18 & im:8 & pr:39 & th:36 & va:0,"{'implementation_mechanism': 1, 'design_rationale': 1, 'validation_evidence': 1}"
1123,38,de:37 & im:3 & pr:13 & pr:16 & pr:19 & th:28 & va:33,"{'problem_analysis': 3, 'validation_evidence': 1, 'design_rationale': 1}"
1124,38,de:37 & im:1 & pr:12 & pr:4 & th:6 & va:17,"{'problem_analysis': 2, 'validation_evidence': 1, 'implementation_mechanism': 1}"
1125,38,pr:16 & pr:27,{'problem_analysis': 2}
1126,38,de:15 & im:4 & pr:27 & pr:31 & th:2 & va:10,"{'problem_analysis': 2, 'theoretical_insight': 1, 'implementation_mechanism': 1}"
1127,38,de:37 & im:1 & pr:19 & pr:27 & th:6 & va:17,"{'problem_analysis': 2, 'validation_evidence': 1, 'implementation_mechanism': 1}"
1128,38,de:15 & im:4 & pr:27 & pr:6 & th:1 & va:10,"{'problem_analysis': 2, 'theoretical_insight': 1, 'implementation_mechanism': 1}"
1129,38,de:1 & im:8 & pr:16 & pr:20 & pr:27 & th:6 & va:35,"{'problem_analysis': 3, 'implementation_mechanism': 1, 'validation_evidence': 1}"
1130,38,de:7 & im:4 & pr:12 & pr:6 & th:12 & va:10,"{'problem_analysis': 2, 'theoretical_insight': 1, 'implementation_mechanism': 1}"
1131,38,de:15 & im:4 & pr:31 & pr:33 & th:11 & va:9,"{'problem_analysis': 2, 'implementation_mechanism': 1, 'theoretical_insight': 1}"
1132,38,de:9 & im:4 & pr:33 & pr:6 & th:12 & va:9,"{'problem_analysis': 2, 'theoretical_insight': 1, 'implementation_mechanism': 1}"
1133,38,de:20 & im:19 & pr:11 & pr:31 & th:12 & va:9,"{'problem_analysis': 2, 'theoretical_insight': 1, 'design_rationale': 1}"
1134,38,de:15 & im:4 & pr:31 & pr:6 & th:11,"{'problem_analysis': 2, 'implementation_mechanism': 1, 'theoretical_insight': 1}"
1135,38,pr:19 & pr:27 & va:20,"{'problem_analysis': 2, 'validation_evidence': 1}"
1136,38,de:15 & im:4 & pr:11 & pr:31 & pr:5 & pr:6 & th:11 & va:10,"{'problem_analysis': 4, 'implementation_mechanism': 1, 'theoretical_insight': 1}"
1137,38,de:15 & de:22 & im:4 & pr:15 & pr:31 & pr:6 & th:10 & th:11 & th:2 & va:10,"{'theoretical_insight': 3, 'problem_analysis': 3, 'design_rationale': 2}"
1138,38,de:15 & de:37 & im:1 & im:4 & pr:19 & pr:25 & pr:6 & th:11 & th:6 & va:10,"{'problem_analysis': 3, 'implementation_mechanism': 2, 'theoretical_insight': 2}"
1139,37,de:15 & pr:19 & pr:6 & th:1,"{'problem_analysis': 2, 'theoretical_insight': 1, 'design_rationale': 1}"
1140,37,de:15 & pr:19 & pr:6,"{'problem_analysis': 2, 'design_rationale': 1}"
1141,37,de:20 & im:7 & pr:11 & pr:19 & th:1,"{'problem_analysis': 2, 'theoretical_insight': 1, 'design_rationale': 1}"
1142,37,im:4 & pr:19 & pr:31 & th:9 & va:10,"{'problem_analysis': 2, 'implementation_mechanism': 1, 'validation_evidence': 1}"
1143,37,pr:12 & pr:19 & th:2,"{'problem_analysis': 2, 'theoretical_insight': 1}"
1144,37,de:29 & im:10 & pr:14 & pr:19 & th:8 & va:20,"{'problem_analysis': 2, 'implementation_mechanism': 1, 'design_rationale': 1}"
1145,37,de:29 & im:9 & pr:19 & pr:33 & th:9 & va:38,"{'problem_analysis': 2, 'implementation_mechanism': 1, 'validation_evidence': 1}"
1146,37,de:15 & im:4 & pr:19 & pr:6 & th:11 & va:15,"{'problem_analysis': 2, 'implementation_mechanism': 1, 'theoretical_insight': 1}"
1147,37,pr:19 & pr:2 & pr:33 & th:36 & va:7,"{'problem_analysis': 3, 'validation_evidence': 1, 'theoretical_insight': 1}"
1148,37,de:16 & im:4 & pr:19 & pr:6 & th:4 & va:10,"{'problem_analysis': 2, 'design_rationale': 1, 'implementation_mechanism': 1}"
1149,37,de:4 & im:7 & pr:19 & pr:6 & th:12 & va:30,"{'problem_analysis': 2, 'theoretical_insight': 1, 'validation_evidence': 1}"
1150,37,de:37 & im:1 & pr:19 & pr:25 & th:37 & va:39,"{'problem_analysis': 2, 'validation_evidence': 1, 'theoretical_insight': 1}"
1151,37,de:25 & im:34 & pr:19 & pr:32 & th:21 & va:17,"{'problem_analysis': 2, 'design_rationale': 1, 'validation_evidence': 1}"
1152,37,de:15 & im:10 & pr:19 & pr:6 & th:11 & va:10,"{'problem_analysis': 2, 'theoretical_insight': 1, 'implementation_mechanism': 1}"
1153,37,de:25 & im:34 & pr:19 & pr:32 & th:21 & va:33,"{'problem_analysis': 2, 'design_rationale': 1, 'validation_evidence': 1}"
1154,37,de:15 & im:4 & pr:19 & pr:6 & th:2 & va:32,"{'problem_analysis': 2, 'theoretical_insight': 1, 'implementation_mechanism': 1}"
1155,37,de:16 & im:38 & pr:19 & pr:6 & th:12 & th:26 & th:9 & va:2,"{'theoretical_insight': 3, 'problem_analysis': 2, 'implementation_mechanism': 1}"
1156,37,pr:19 & pr:3 & th:6,"{'problem_analysis': 2, 'theoretical_insight': 1}"
1157,37,de:18 & im:8 & pr:16 & pr:19 & th:7 & va:20,"{'problem_analysis': 2, 'implementation_mechanism': 1, 'design_rationale': 1}"
1158,37,de:9 & im:35 & pr:11 & pr:27 & th:2 & va:9,"{'problem_analysis': 2, 'theoretical_insight': 1, 'design_rationale': 1}"
1159,37,de:23 & im:27 & pr:12 & pr:22 & th:18 & va:22,"{'problem_analysis': 2, 'design_rationale': 1, 'implementation_mechanism': 1}"
1160,37,de:13 & im:1 & pr:4 & pr:7 & th:37 & va:17,"{'problem_analysis': 2, 'design_rationale': 1, 'validation_evidence': 1}"
1161,37,de:15 & im:4 & pr:11 & pr:12 & th:2 & va:10,"{'problem_analysis': 2, 'theoretical_insight': 1, 'implementation_mechanism': 1}"
1162,37,de:15 & im:4 & pr:11 & pr:31 & th:11 & va:9,"{'problem_analysis': 2, 'implementation_mechanism': 1, 'theoretical_insight': 1}"
1163,37,de:9 & im:4 & pr:11 & pr:6 & th:12 & va:9,"{'problem_analysis': 2, 'theoretical_insight': 1, 'implementation_mechanism': 1}"
1164,37,de:15 & de:17 & im:20 & im:4 & pr:12 & pr:6 & th:11 & th:12 & th:2 & va:10 & va:3,"{'theoretical_insight': 3, 'design_rationale': 2, 'validation_evidence': 2}"
1165,36,de:22 & im:31 & pr:23 & th:37 & va:7,"{'problem_analysis': 1, 'design_rationale': 1, 'validation_evidence': 1}"
1166,36,de:3 & im:16 & pr:39 & pr:9 & th:36 & va:0,"{'problem_analysis': 2, 'implementation_mechanism': 1, 'validation_evidence': 1}"
1167,36,de:34 & im:10 & pr:10 & pr:19 & pr:9 & th:3 & va:4,"{'problem_analysis': 3, 'theoretical_insight': 1, 'implementation_mechanism': 1}"
1168,36,de:18 & im:6 & pr:38 & pr:6 & th:36 & va:1,"{'problem_analysis': 2, 'validation_evidence': 1, 'design_rationale': 1}"
1169,36,de:17 & im:20 & pr:11 & pr:23 & pr:39 & pr:6 & th:12 & va:17 & va:38,"{'problem_analysis': 4, 'validation_evidence': 2, 'design_rationale': 1}"
1170,36,de:34 & im:10 & pr:10 & pr:19 & pr:23 & th:3 & va:4,"{'problem_analysis': 3, 'theoretical_insight': 1, 'implementation_mechanism': 1}"
1171,36,de:15 & de:22 & im:31 & im:4 & pr:13 & pr:6 & th:11 & th:4 & va:10 & va:7,"{'problem_analysis': 2, 'design_rationale': 2, 'validation_evidence': 2}"
1172,36,de:28 & im:7 & pr:12 & pr:19 & th:12 & va:17 & va:28,"{'validation_evidence': 2, 'problem_analysis': 2, 'design_rationale': 1}"
1173,36,de:32 & im:0 & pr:12 & pr:19 & th:7 & va:39,"{'problem_analysis': 2, 'design_rationale': 1, 'validation_evidence': 1}"
1174,36,de:15 & im:4 & pr:19 & va:32,"{'implementation_mechanism': 1, 'problem_analysis': 1, 'design_rationale': 1}"
1175,36,de:9 & im:35 & pr:11 & pr:19 & th:12 & va:9,"{'problem_analysis': 2, 'theoretical_insight': 1, 'design_rationale': 1}"
1176,36,de:15 & im:4 & pr:19 & pr:31 & th:2 & va:32,"{'problem_analysis': 2, 'theoretical_insight': 1, 'implementation_mechanism': 1}"
1177,36,de:9 & im:35 & pr:19 & pr:6 & th:12 & va:2,"{'problem_analysis': 2, 'theoretical_insight': 1, 'design_rationale': 1}"
1178,36,de:16 & im:4 & pr:19 & pr:6 & th:19 & va:32,"{'problem_analysis': 2, 'design_rationale': 1, 'implementation_mechanism': 1}"
1179,36,de:3 & im:16 & pr:13 & pr:19 & pr:3 & th:15 & va:13,"{'problem_analysis': 3, 'implementation_mechanism': 1, 'design_rationale': 1}"
1180,36,de:10 & im:24 & pr:13 & pr:19 & pr:28 & th:10 & va:36,"{'problem_analysis': 3, 'theoretical_insight': 1, 'design_rationale': 1}"
1181,36,de:6 & im:11 & pr:13 & pr:19 & pr:5 & th:1 & va:4,"{'problem_analysis': 3, 'design_rationale': 1, 'theoretical_insight': 1}"
1182,36,de:7 & im:7 & pr:11 & pr:14 & pr:19 & pr:6 & th:12 & va:18,"{'problem_analysis': 4, 'theoretical_insight': 1, 'design_rationale': 1}"
1183,36,de:22 & im:31 & pr:12 & pr:3 & th:4 & va:7,"{'problem_analysis': 2, 'design_rationale': 1, 'validation_evidence': 1}"
1184,36,de:37 & im:28 & pr:18 & pr:19 & th:6 & va:1,"{'problem_analysis': 2, 'validation_evidence': 1, 'implementation_mechanism': 1}"
1185,36,de:3 & im:16 & pr:12 & pr:19 & pr:39 & th:36 & va:26,"{'problem_analysis': 3, 'implementation_mechanism': 1, 'validation_evidence': 1}"
1186,36,de:9 & im:4 & pr:12 & pr:19 & pr:6 & th:12 & va:9,"{'problem_analysis': 3, 'theoretical_insight': 1, 'design_rationale': 1}"
1187,36,de:15 & im:4 & pr:16 & pr:31 & th:2 & va:10,"{'problem_analysis': 2, 'theoretical_insight': 1, 'implementation_mechanism': 1}"
1188,36,de:22 & im:23 & pr:13 & pr:16 & th:4 & va:38,"{'problem_analysis': 2, 'design_rationale': 1, 'implementation_mechanism': 1}"
1189,36,de:15 & im:4 & pr:12 & pr:20 & pr:6 & th:11 & th:38 & va:10,"{'problem_analysis': 3, 'theoretical_insight': 2, 'implementation_mechanism': 1}"
1190,36,de:15 & im:4 & pr:36 & pr:6 & th:11 & va:10,"{'problem_analysis': 2, 'implementation_mechanism': 1, 'theoretical_insight': 1}"
1191,36,de:1 & de:15 & im:4 & pr:13 & pr:18 & pr:36 & pr:6 & th:11 & th:23 & th:6 & va:10,"{'problem_analysis': 4, 'theoretical_insight': 3, 'design_rationale': 2}"
1192,36,de:1 & de:15 & im:4 & pr:13 & pr:18 & pr:19 & pr:6 & th:11 & th:23 & th:6 & va:10,"{'problem_analysis': 4, 'theoretical_insight': 3, 'design_rationale': 2}"
1193,36,de:37 & im:3 & pr:16 & pr:19 & pr:4 & th:28 & va:33,"{'problem_analysis': 3, 'validation_evidence': 1, 'design_rationale': 1}"
1194,36,pr:16 & pr:33,{'problem_analysis': 2}
1195,36,de:25 & im:34 & pr:27 & pr:4 & th:21 & va:27,"{'problem_analysis': 2, 'design_rationale': 1, 'validation_evidence': 1}"
1196,36,de:15 & im:4 & pr:2 & pr:33 & pr:6 & th:11 & va:10,"{'problem_analysis': 3, 'implementation_mechanism': 1, 'theoretical_insight': 1}"
1197,36,de:15 & im:4 & pr:26 & pr:31 & th:11 & va:9,"{'problem_analysis': 2, 'implementation_mechanism': 1, 'theoretical_insight': 1}"
1198,36,de:11 & im:38 & pr:26 & pr:6 & th:26 & th:9 & va:2,"{'problem_analysis': 2, 'theoretical_insight': 2, 'implementation_mechanism': 1}"
1199,36,de:15 & de:16 & im:4 & pr:12 & pr:4 & pr:6 & th:11 & th:2 & va:10,"{'problem_analysis': 3, 'theoretical_insight': 2, 'design_rationale': 2}"
1200,36,im:1 & pr:23 & pr:39 & pr:7 & th:6 & va:38 & va:39,"{'problem_analysis': 3, 'validation_evidence': 2, 'implementation_mechanism': 1}"
1201,36,de:15 & im:4 & pr:23 & pr:39 & pr:6 & th:11 & va:10 & va:38,"{'problem_analysis': 3, 'validation_evidence': 2, 'implementation_mechanism': 1}"
1202,36,de:15 & de:25 & im:34 & im:4 & pr:32 & pr:6 & th:11 & th:21 & th:33 & va:10,"{'theoretical_insight': 3, 'problem_analysis': 2, 'implementation_mechanism': 2}"
1203,36,de:28 & im:7 & pr:4 & pr:6 & th:9 & va:32,"{'problem_analysis': 2, 'design_rationale': 1, 'validation_evidence': 1}"
1204,36,de:15 & im:4 & pr:10 & pr:19 & pr:6 & th:11 & th:6 & va:10,"{'problem_analysis': 3, 'theoretical_insight': 2, 'implementation_mechanism': 1}"
1205,36,de:11 & im:9 & pr:11 & pr:33 & th:35 & va:15,"{'problem_analysis': 2, 'implementation_mechanism': 1, 'design_rationale': 1}"
1206,36,de:20 & im:19 & pr:11 & pr:35 & th:12 & va:2,"{'problem_analysis': 2, 'theoretical_insight': 1, 'design_rationale': 1}"
1207,36,de:15 & im:4 & pr:2 & pr:39 & pr:6 & th:11 & va:10,"{'problem_analysis': 3, 'implementation_mechanism': 1, 'theoretical_insight': 1}"
1208,36,de:9 & im:4 & pr:27 & pr:6 & th:12 & va:9,"{'problem_analysis': 2, 'theoretical_insight': 1, 'implementation_mechanism': 1}"
1209,36,de:15 & de:22 & im:31 & im:4 & pr:13 & pr:6 & th:11 & th:32 & th:4 & va:10 & va:24,"{'theoretical_insight': 3, 'problem_analysis': 2, 'design_rationale': 2}"
1210,36,de:11 & de:15 & de:5 & im:28 & im:4 & pr:12 & pr:23 & pr:6 & th:11 & th:25 & va:10,"{'problem_analysis': 3, 'design_rationale': 3, 'theoretical_insight': 2}"
1211,36,de:15 & de:25 & im:34 & im:4 & pr:32 & pr:4 & pr:6 & th:11 & th:21 & th:33 & va:10,"{'problem_analysis': 3, 'theoretical_insight': 3, 'implementation_mechanism': 2}"
1212,36,de:15 & de:25 & im:34 & im:4 & pr:27 & pr:32 & pr:6 & th:11 & th:21 & va:10,"{'problem_analysis': 3, 'implementation_mechanism': 2, 'design_rationale': 2}"
1213,36,de:15 & de:28 & im:4 & pr:12 & pr:4 & pr:6 & th:11 & va:10,"{'problem_analysis': 3, 'design_rationale': 2, 'implementation_mechanism': 1}"
1214,36,de:15 & de:28 & im:4 & pr:12 & pr:24 & pr:6 & th:11 & va:10,"{'problem_analysis': 3, 'design_rationale': 2, 'implementation_mechanism': 1}"
1215,36,de:15 & de:25 & im:34 & im:4 & pr:32 & pr:4 & pr:6 & th:11 & th:21 & va:10,"{'problem_analysis': 3, 'implementation_mechanism': 2, 'design_rationale': 2}"
1216,36,de:15 & de:20 & im:4 & pr:27 & pr:6 & th:11 & th:12 & va:10,"{'problem_analysis': 2, 'theoretical_insight': 2, 'design_rationale': 2}"
1217,36,de:15 & im:4 & pr:25 & pr:6 & th:11 & va:10,"{'problem_analysis': 2, 'implementation_mechanism': 1, 'theoretical_insight': 1}"
1218,36,de:15 & de:20 & im:20 & im:4 & pr:12 & pr:24 & pr:6 & th:1 & th:11 & th:2 & va:10 & va:9,"{'problem_analysis': 3, 'theoretical_insight': 3, 'implementation_mechanism': 2}"
1219,36,de:15 & im:4 & pr:6 & pr:7 & pr:8 & th:11 & th:37 & va:10,"{'problem_analysis': 3, 'theoretical_insight': 2, 'implementation_mechanism': 1}"
1220,36,de:15 & im:4 & pr:38 & pr:6 & th:11 & va:10,"{'problem_analysis': 2, 'design_rationale': 1, 'implementation_mechanism': 1}"
1221,36,de:15 & de:24 & im:13 & im:4 & pr:13 & pr:33 & pr:6 & th:11 & th:4 & va:10 & va:15,"{'problem_analysis': 3, 'validation_evidence': 2, 'implementation_mechanism': 2}"
1222,36,de:15 & im:4 & pr:21 & pr:6 & th:11 & th:31 & va:10,"{'problem_analysis': 2, 'theoretical_insight': 2, 'implementation_mechanism': 1}"
1223,36,de:15 & de:32 & de:37 & im:0 & im:4 & pr:1 & pr:19 & pr:25 & pr:6 & th:11 & th:6 & th:7 & va:10 & va:39,"{'problem_analysis': 4, 'design_rationale': 3, 'theoretical_insight': 3}"
1224,36,de:15 & im:4 & pr:0 & pr:39 & pr:6 & th:11 & th:36 & va:10,"{'problem_analysis': 3, 'theoretical_insight': 2, 'implementation_mechanism': 1}"
1225,36,de:15 & de:20 & de:9 & im:19 & im:4 & pr:11 & pr:6 & pr:8 & th:11 & th:2 & va:10 & va:9,"{'problem_analysis': 3, 'design_rationale': 3, 'theoretical_insight': 2}"
1226,36,de:15 & de:19 & de:24 & im:2 & im:4 & pr:13 & pr:2 & pr:6 & th:10 & th:11 & th:13 & va:10,"{'theoretical_insight': 3, 'problem_analysis': 3, 'design_rationale': 3}"
1227,36,de:15 & de:24 & im:2 & im:4 & pr:13 & pr:2 & pr:6 & th:11 & th:13 & th:32 & va:10,"{'theoretical_insight': 3, 'problem_analysis': 3, 'implementation_mechanism': 2}"
1228,36,de:15 & de:24 & de:27 & im:2 & im:4 & pr:13 & pr:2 & pr:6 & th:10 & th:11 & th:13 & va:10,"{'theoretical_insight': 3, 'design_rationale': 3, 'problem_analysis': 3}"
1229,36,de:15 & de:20 & im:4 & pr:27 & pr:6 & th:11 & th:12 & th:2 & va:10,"{'theoretical_insight': 3, 'problem_analysis': 2, 'design_rationale': 2}"
1230,35,de:17 & im:20 & pr:24 & th:21 & va:30,"{'problem_analysis': 1, 'design_rationale': 1, 'implementation_mechanism': 1}"
1231,35,pr:23 & pr:6 & pr:9 & va:23,"{'problem_analysis': 3, 'validation_evidence': 1}"
1232,35,de:15 & im:4 & pr:22 & th:12 & va:30,"{'problem_analysis': 1, 'theoretical_insight': 1, 'implementation_mechanism': 1}"
1233,35,de:20 & im:19 & pr:11 & pr:23 & th:12 & va:9,"{'problem_analysis': 2, 'theoretical_insight': 1, 'design_rationale': 1}"
1234,35,de:15 & im:4 & pr:23 & pr:31 & th:11 & va:9,"{'problem_analysis': 2, 'implementation_mechanism': 1, 'theoretical_insight': 1}"
1235,35,de:37 & im:28 & pr:12 & pr:14 & pr:37 & pr:6 & th:30 & va:1,"{'problem_analysis': 4, 'theoretical_insight': 1, 'validation_evidence': 1}"
1236,35,de:25 & im:34 & pr:32 & pr:7 & th:21 & va:30,"{'problem_analysis': 2, 'design_rationale': 1, 'implementation_mechanism': 1}"
1237,35,de:15 & im:4 & pr:19 & pr:6 & th:0,"{'problem_analysis': 2, 'implementation_mechanism': 1, 'theoretical_insight': 1}"
1238,35,de:11 & im:1 & im:26 & pr:12 & pr:19 & va:17,"{'implementation_mechanism': 2, 'problem_analysis': 2, 'validation_evidence': 1}"
1239,35,de:15 & im:4 & pr:5 & pr:6 & th:11 & va:32,"{'problem_analysis': 2, 'implementation_mechanism': 1, 'theoretical_insight': 1}"
1240,35,de:16 & im:1 & pr:19 & pr:31 & th:2 & va:17,"{'problem_analysis': 2, 'theoretical_insight': 1, 'design_rationale': 1}"
1241,35,de:16 & im:4 & pr:19 & pr:31 & th:2 & va:10,"{'problem_analysis': 2, 'theoretical_insight': 1, 'design_rationale': 1}"
1242,35,de:29 & im:12 & pr:0 & pr:19 & th:5 & va:0,"{'problem_analysis': 2, 'theoretical_insight': 1, 'validation_evidence': 1}"
1243,35,de:17 & im:20 & pr:19 & pr:4 & th:12 & va:9,"{'problem_analysis': 2, 'design_rationale': 1, 'theoretical_insight': 1}"
1244,35,de:17 & im:19 & pr:19 & pr:4 & th:12 & va:9,"{'problem_analysis': 2, 'design_rationale': 1, 'theoretical_insight': 1}"
1245,35,de:22 & im:31 & pr:19 & pr:31 & th:2,"{'problem_analysis': 2, 'theoretical_insight': 1, 'design_rationale': 1}"
1246,35,de:5 & im:1 & pr:12 & pr:19 & th:6 & va:1,"{'problem_analysis': 2, 'validation_evidence': 1, 'design_rationale': 1}"
1247,35,de:22 & im:31 & pr:19 & pr:31 & th:2 & va:4,"{'problem_analysis': 2, 'theoretical_insight': 1, 'design_rationale': 1}"
1248,35,de:20 & im:7 & pr:19 & pr:4 & th:1 & va:9,"{'problem_analysis': 2, 'theoretical_insight': 1, 'design_rationale': 1}"
1249,35,de:15 & im:4 & pr:18 & pr:19 & pr:6 & th:11 & va:10,"{'problem_analysis': 3, 'implementation_mechanism': 1, 'theoretical_insight': 1}"
1250,35,de:25 & im:34 & pr:32 & pr:39 & th:21 & va:30,"{'problem_analysis': 2, 'validation_evidence': 1, 'design_rationale': 1}"
1251,35,de:16 & im:4 & pr:12 & pr:7 & th:37 & va:2,"{'problem_analysis': 2, 'design_rationale': 1, 'implementation_mechanism': 1}"
1252,35,de:16 & im:1 & pr:31 & th:2 & va:39,"{'theoretical_insight': 1, 'design_rationale': 1, 'validation_evidence': 1}"
1253,35,de:15 & de:29 & im:4 & pr:37 & pr:6 & pr:9 & th:11 & th:14 & va:10,"{'problem_analysis': 3, 'theoretical_insight': 2, 'design_rationale': 2}"
1254,35,de:15 & im:4 & pr:13 & pr:31 & th:11 & va:9,"{'problem_analysis': 2, 'implementation_mechanism': 1, 'theoretical_insight': 1}"
1255,35,de:15 & im:4 & pr:13 & pr:32 & pr:6 & th:11 & va:10,"{'problem_analysis': 3, 'implementation_mechanism': 1, 'theoretical_insight': 1}"
1256,35,de:22 & im:31 & pr:13 & pr:4 & th:4 & va:7,"{'problem_analysis': 2, 'design_rationale': 1, 'validation_evidence': 1}"
1257,35,de:16 & im:4 & pr:12 & pr:18 & th:2 & va:10,"{'problem_analysis': 2, 'theoretical_insight': 1, 'design_rationale': 1}"
1258,35,de:15 & im:7 & pr:6 & th:12,"{'theoretical_insight': 1, 'implementation_mechanism': 1, 'design_rationale': 1}"
1259,35,de:25 & im:34 & pr:12 & pr:32 & th:21 & va:30,"{'problem_analysis': 2, 'design_rationale': 1, 'implementation_mechanism': 1}"
1260,35,de:15 & im:4 & pr:19 & pr:5 & pr:6 & th:1 & th:11 & va:10,"{'problem_analysis': 3, 'theoretical_insight': 2, 'implementation_mechanism': 1}"
1261,35,de:15 & im:4 & pr:13 & pr:3 & pr:6 & pr:8 & th:11 & th:15 & va:10,"{'problem_analysis': 4, 'theoretical_insight': 2, 'implementation_mechanism': 1}"
1262,35,de:15 & de:20 & de:28 & im:19 & im:4 & pr:12 & pr:24 & pr:6 & th:11 & va:10 & va:30,"{'problem_analysis': 3, 'design_rationale': 3, 'implementation_mechanism': 2}"
1263,35,de:15 & de:20 & de:28 & im:19 & im:4 & pr:12 & pr:24 & pr:4 & pr:6 & th:11 & va:10 & va:30,"{'problem_analysis': 4, 'design_rationale': 3, 'implementation_mechanism': 2}"
1264,35,de:3 & im:16 & pr:28 & pr:31 & pr:39 & pr:6 & th:33 & th:36 & va:26,"{'problem_analysis': 4, 'theoretical_insight': 2, 'implementation_mechanism': 1}"
1265,35,de:13 & de:15 & im:1 & im:4 & pr:19 & pr:37 & pr:6 & th:0 & th:11 & va:10,"{'problem_analysis': 3, 'design_rationale': 2, 'implementation_mechanism': 2}"
1266,35,de:15 & de:5 & im:4 & pr:12 & pr:19 & pr:6 & pr:9 & th:11 & th:29 & va:10,"{'problem_analysis': 4, 'theoretical_insight': 2, 'design_rationale': 2}"
1267,35,de:15 & de:32 & im:0 & im:4 & pr:19 & pr:6 & th:11 & th:7 & va:10,"{'problem_analysis': 2, 'design_rationale': 2, 'implementation_mechanism': 2}"
1268,35,de:15 & im:4 & pr:11 & pr:3 & pr:6 & th:11 & th:12 & va:10,"{'problem_analysis': 3, 'theoretical_insight': 2, 'implementation_mechanism': 1}"
1269,35,de:15 & im:4 & pr:11 & pr:6 & th:11 & th:12 & th:2 & va:10,"{'theoretical_insight': 3, 'problem_analysis': 2, 'implementation_mechanism': 1}"
1270,34,de:23 & im:27 & pr:22 & pr:23 & th:18 & va:22,"{'problem_analysis': 2, 'design_rationale': 1, 'implementation_mechanism': 1}"
1271,34,de:37 & im:1 & pr:19 & pr:7 & th:6 & va:17,"{'problem_analysis': 2, 'validation_evidence': 1, 'implementation_mechanism': 1}"
1272,34,de:11 & im:1 & pr:12 & pr:7 & th:25 & va:12,"{'problem_analysis': 2, 'validation_evidence': 1, 'theoretical_insight': 1}"
1273,34,de:22 & im:9 & pr:13 & pr:19 & th:4 & va:15,"{'problem_analysis': 2, 'design_rationale': 1, 'implementation_mechanism': 1}"
1274,34,pr:19 & pr:6 & th:2,"{'problem_analysis': 2, 'theoretical_insight': 1}"
1275,34,pr:11 & pr:19 & th:12 & va:9,"{'problem_analysis': 2, 'theoretical_insight': 1, 'validation_evidence': 1}"
1276,34,de:16 & im:19 & pr:19 & pr:31 & va:17,"{'problem_analysis': 2, 'design_rationale': 1, 'validation_evidence': 1}"
1277,34,de:15 & im:7 & pr:19 & pr:6 & th:11 & va:9,"{'problem_analysis': 2, 'theoretical_insight': 1, 'validation_evidence': 1}"
1278,34,de:20 & im:20 & pr:19 & pr:9 & th:12 & va:9,"{'problem_analysis': 2, 'theoretical_insight': 1, 'design_rationale': 1}"
1279,34,de:38 & im:7 & pr:19 & pr:5 & th:12 & va:0,"{'problem_analysis': 2, 'theoretical_insight': 1, 'validation_evidence': 1}"
1280,34,de:22 & im:26 & pr:13 & pr:19 & th:4 & va:7,"{'problem_analysis': 2, 'design_rationale': 1, 'validation_evidence': 1}"
1281,34,de:14 & im:25 & pr:14 & pr:39 & th:26 & va:20,"{'problem_analysis': 2, 'implementation_mechanism': 1, 'validation_evidence': 1}"
1282,34,pr:23 & pr:6 & va:23,"{'problem_analysis': 2, 'validation_evidence': 1}"
1283,34,de:16 & im:1 & pr:12 & pr:13 & th:31 & va:39,"{'problem_analysis': 2, 'design_rationale': 1, 'validation_evidence': 1}"
1284,34,de:15 & im:4 & pr:27 & pr:31 & pr:6 & th:12 & th:2 & va:10,"{'problem_analysis': 3, 'theoretical_insight': 2, 'implementation_mechanism': 1}"
1285,34,de:12 & im:20 & pr:12 & pr:9 & th:1 & va:12,"{'problem_analysis': 2, 'validation_evidence': 1, 'theoretical_insight': 1}"
1286,34,pr:16 & pr:4 & va:28,"{'problem_analysis': 2, 'validation_evidence': 1}"
1287,34,de:20 & im:19 & pr:35 & pr:4 & th:12 & va:2,"{'problem_analysis': 2, 'theoretical_insight': 1, 'design_rationale': 1}"
1288,34,de:15 & im:4 & pr:11 & pr:31 & pr:6 & th:11 & va:10,"{'problem_analysis': 3, 'implementation_mechanism': 1, 'theoretical_insight': 1}"
1289,34,de:14 & im:25 & pr:11 & pr:14 & th:26 & va:20,"{'problem_analysis': 2, 'implementation_mechanism': 1, 'validation_evidence': 1}"
1290,34,de:15 & de:17 & im:4 & pr:4 & pr:6 & th:11 & th:12 & th:4 & va:10,"{'theoretical_insight': 3, 'design_rationale': 2, 'problem_analysis': 2}"
1291,34,de:15 & im:4 & pr:31 & pr:6 & pr:7 & th:11 & th:2 & va:10,"{'problem_analysis': 3, 'theoretical_insight': 2, 'implementation_mechanism': 1}"
1292,34,de:15 & im:4 & pr:10 & pr:18 & pr:6 & th:11 & th:6 & va:10,"{'problem_analysis': 3, 'theoretical_insight': 2, 'implementation_mechanism': 1}"
1293,33,de:25 & im:34 & pr:32 & th:33 & va:33,"{'design_rationale': 1, 'problem_analysis': 1, 'validation_evidence': 1}"
1294,33,de:37 & im:1 & pr:19 & pr:9 & th:6 & va:1,"{'problem_analysis': 2, 'validation_evidence': 1, 'implementation_mechanism': 1}"
1295,33,de:15 & im:4 & pr:23 & pr:6 & th:11,"{'problem_analysis': 2, 'implementation_mechanism': 1, 'theoretical_insight': 1}"
1296,33,de:23 & im:27 & pr:22 & pr:23 & pr:28 & pr:31 & pr:6 & th:18 & th:33 & va:22,"{'problem_analysis': 5, 'theoretical_insight': 2, 'design_rationale': 1}"
1297,33,de:15 & im:4 & pr:0 & pr:6 & th:11 & va:10,"{'problem_analysis': 2, 'implementation_mechanism': 1, 'theoretical_insight': 1}"
1298,33,de:7 & im:19 & pr:19 & pr:4 & pr:5 & th:12 & va:30,"{'problem_analysis': 3, 'theoretical_insight': 1, 'validation_evidence': 1}"
1299,33,de:15 & de:20 & im:19 & im:4 & pr:11 & pr:35 & pr:6 & th:11 & th:12 & va:10,"{'problem_analysis': 3, 'theoretical_insight': 2, 'implementation_mechanism': 2}"
1300,33,de:9 & im:19 & pr:19 & pr:4 & th:12 & va:30,"{'problem_analysis': 2, 'theoretical_insight': 1, 'design_rationale': 1}"
1301,33,de:22 & de:6 & im:21 & im:31 & pr:13 & pr:19 & pr:30 & pr:5 & th:1 & th:4 & va:15 & va:30 & va:7,"{'problem_analysis': 4, 'validation_evidence': 3, 'design_rationale': 2}"
1302,33,de:25 & im:34 & pr:13 & pr:4 & th:21 & va:27,"{'problem_analysis': 2, 'design_rationale': 1, 'validation_evidence': 1}"
1303,33,de:28 & im:10 & pr:17 & pr:19 & th:4 & va:17,"{'problem_analysis': 2, 'design_rationale': 1, 'validation_evidence': 1}"
1304,33,de:15 & im:19 & pr:19 & pr:35 & th:12 & va:30,"{'problem_analysis': 2, 'theoretical_insight': 1, 'validation_evidence': 1}"
1305,33,de:25 & im:34 & pr:19 & pr:26 & th:22 & va:33,"{'problem_analysis': 2, 'design_rationale': 1, 'validation_evidence': 1}"
1306,33,de:15 & im:4 & pr:18 & pr:6 & th:11 & va:32,"{'problem_analysis': 2, 'implementation_mechanism': 1, 'theoretical_insight': 1}"
1307,33,de:16 & im:1 & pr:7 & th:31 & va:39,"{'design_rationale': 1, 'validation_evidence': 1, 'theoretical_insight': 1}"
1308,33,de:15 & de:3 & im:4 & pr:38 & pr:39 & pr:6 & th:11 & th:12 & th:36 & va:10,"{'problem_analysis': 3, 'theoretical_insight': 3, 'design_rationale': 2}"
1309,33,de:15 & im:4 & pr:26 & pr:31 & th:9 & va:10,"{'problem_analysis': 2, 'design_rationale': 1, 'implementation_mechanism': 1}"
1310,33,de:37 & im:1 & pr:12 & pr:26 & th:6 & va:39,"{'problem_analysis': 2, 'validation_evidence': 1, 'implementation_mechanism': 1}"
1311,33,de:23 & im:27 & pr:12 & pr:22 & pr:28 & pr:31 & pr:6 & th:18 & th:33 & va:22,"{'problem_analysis': 5, 'theoretical_insight': 2, 'design_rationale': 1}"
1312,33,de:34 & im:10 & pr:10 & pr:19 & pr:22 & th:3 & va:4,"{'problem_analysis': 3, 'theoretical_insight': 1, 'implementation_mechanism': 1}"
1313,33,de:15 & im:4 & pr:13 & pr:2 & pr:6 & th:10 & th:11 & va:10,"{'problem_analysis': 3, 'theoretical_insight': 2, 'implementation_mechanism': 1}"
1314,33,de:15 & im:4 & pr:16 & pr:6 & pr:7 & th:11 & th:6 & va:10,"{'problem_analysis': 3, 'theoretical_insight': 2, 'implementation_mechanism': 1}"
1315,33,de:15 & im:4 & pr:11 & pr:3 & pr:6 & th:11 & va:10,"{'problem_analysis': 3, 'implementation_mechanism': 1, 'theoretical_insight': 1}"
1316,32,de:15 & im:4 & pr:31 & pr:9 & th:11 & va:9,"{'problem_analysis': 2, 'implementation_mechanism': 1, 'theoretical_insight': 1}"
1317,32,im:31 & pr:13 & pr:23 & th:4,"{'problem_analysis': 2, 'theoretical_insight': 1, 'implementation_mechanism': 1}"
1318,32,de:37 & im:1 & pr:12 & pr:23 & th:6 & va:39,"{'problem_analysis': 2, 'validation_evidence': 1, 'implementation_mechanism': 1}"
1319,32,de:38 & de:6 & im:10 & im:3 & pr:21 & pr:32 & pr:4 & th:31 & va:0 & va:23,"{'problem_analysis': 3, 'design_rationale': 2, 'validation_evidence': 2}"
1320,32,de:38 & im:7 & pr:22 & pr:6 & th:12 & va:13,"{'problem_analysis': 2, 'theoretical_insight': 1, 'design_rationale': 1}"
1321,32,pr:17 & pr:19,{'problem_analysis': 2}
1322,32,de:37 & im:28 & pr:19 & pr:7 & th:2 & va:1,"{'problem_analysis': 2, 'theoretical_insight': 1, 'validation_evidence': 1}"
1323,32,de:16 & im:4 & pr:19 & pr:7 & th:37 & va:2,"{'problem_analysis': 2, 'design_rationale': 1, 'implementation_mechanism': 1}"
1324,32,pr:19 & pr:27 & pr:9 & va:37,"{'problem_analysis': 3, 'validation_evidence': 1}"
1325,32,de:0 & im:30 & pr:18 & pr:19 & th:23 & va:4,"{'problem_analysis': 2, 'theoretical_insight': 1, 'implementation_mechanism': 1}"
1326,32,de:32 & im:24 & pr:19 & pr:29 & th:24 & va:36,"{'problem_analysis': 2, 'implementation_mechanism': 1, 'design_rationale': 1}"
1327,32,de:11 & im:38 & pr:39 & pr:6 & th:26 & th:9 & va:2,"{'problem_analysis': 2, 'theoretical_insight': 2, 'implementation_mechanism': 1}"
1328,32,de:14 & im:25 & pr:13 & pr:19 & th:26 & va:20,"{'problem_analysis': 2, 'implementation_mechanism': 1, 'validation_evidence': 1}"
1329,32,pr:12 & pr:19,{'problem_analysis': 2}
1330,32,de:20 & im:19 & pr:11 & pr:12 & th:1 & va:9,"{'problem_analysis': 2, 'theoretical_insight': 1, 'design_rationale': 1}"
1331,32,de:16 & de:38 & im:7 & pr:19 & pr:26 & th:2 & va:18,"{'design_rationale': 2, 'problem_analysis': 2, 'theoretical_insight': 1}"
1332,32,de:20 & im:19 & pr:11 & pr:19 & pr:8 & th:2 & va:9,"{'problem_analysis': 3, 'theoretical_insight': 1, 'design_rationale': 1}"
1333,32,de:3 & im:16 & pr:22 & pr:39 & th:36 & va:26,"{'problem_analysis': 2, 'implementation_mechanism': 1, 'validation_evidence': 1}"
1334,32,de:15 & im:4 & pr:12 & pr:4 & th:2 & va:10,"{'problem_analysis': 2, 'theoretical_insight': 1, 'implementation_mechanism': 1}"
1335,32,de:7 & im:4 & pr:4 & pr:6 & th:12 & va:10,"{'problem_analysis': 2, 'theoretical_insight': 1, 'implementation_mechanism': 1}"
1336,32,de:37 & im:1 & pr:11 & pr:19 & th:6 & va:37,"{'problem_analysis': 2, 'validation_evidence': 1, 'implementation_mechanism': 1}"
1337,32,de:15 & im:4 & pr:11 & pr:27 & pr:6 & th:12 & th:2 & va:10,"{'problem_analysis': 3, 'theoretical_insight': 2, 'implementation_mechanism': 1}"
1338,32,de:15 & im:4 & pr:22 & pr:6 & th:11 & va:32,"{'problem_analysis': 2, 'implementation_mechanism': 1, 'theoretical_insight': 1}"
1339,32,de:15 & de:16 & im:38 & im:4 & pr:11 & pr:12 & pr:6 & th:11 & th:12 & th:2 & va:10 & va:2,"{'theoretical_insight': 3, 'problem_analysis': 3, 'implementation_mechanism': 2}"
1340,32,de:15 & de:16 & im:38 & im:4 & pr:12 & pr:22 & pr:6 & th:11 & th:12 & th:29 & va:10,"{'problem_analysis': 3, 'theoretical_insight': 3, 'implementation_mechanism': 2}"
1341,32,de:9 & pr:6 & th:11,"{'design_rationale': 1, 'theoretical_insight': 1, 'problem_analysis': 1}"
1342,32,de:15 & im:4 & pr:17 & pr:6 & th:11 & va:10,"{'problem_analysis': 2, 'design_rationale': 1, 'implementation_mechanism': 1}"
1343,32,de:15 & de:6 & im:3 & im:4 & pr:31 & pr:32 & pr:4 & pr:6 & th:11 & va:10 & va:23,"{'problem_analysis': 4, 'design_rationale': 2, 'implementation_mechanism': 2}"
1344,32,de:15 & de:3 & im:4 & pr:39 & pr:6 & th:11 & th:36 & va:10,"{'problem_analysis': 2, 'theoretical_insight': 2, 'design_rationale': 2}"
1345,31,de:23 & im:27 & pr:22 & pr:9 & th:18 & va:22,"{'problem_analysis': 2, 'design_rationale': 1, 'implementation_mechanism': 1}"
1346,31,de:18 & im:10 & pr:19 & pr:6 & th:37 & va:20,"{'problem_analysis': 2, 'design_rationale': 1, 'implementation_mechanism': 1}"
1347,31,de:15 & im:4 & pr:19 & pr:6 & pr:7 & th:11 & va:32,"{'problem_analysis': 3, 'implementation_mechanism': 1, 'theoretical_insight': 1}"
1348,31,de:6 & im:21 & pr:0 & pr:19 & th:1,"{'problem_analysis': 2, 'design_rationale': 1, 'theoretical_insight': 1}"
1349,31,de:13 & im:7 & pr:19 & pr:26 & va:30,"{'problem_analysis': 2, 'design_rationale': 1, 'validation_evidence': 1}"
1350,31,de:3 & im:16 & pr:0 & pr:19 & th:1 & va:0,"{'problem_analysis': 2, 'implementation_mechanism': 1, 'theoretical_insight': 1}"
1351,31,de:22 & im:31 & pr:0 & pr:19 & th:1 & va:7,"{'problem_analysis': 2, 'design_rationale': 1, 'theoretical_insight': 1}"
1352,31,de:37 & im:28 & pr:19 & pr:20 & th:38,"{'problem_analysis': 2, 'implementation_mechanism': 1, 'theoretical_insight': 1}"
1353,31,de:16 & im:10 & pr:19 & pr:27 & th:12,"{'problem_analysis': 2, 'design_rationale': 1, 'theoretical_insight': 1}"
1354,31,im:9 & pr:0 & pr:19 & va:28,"{'problem_analysis': 2, 'implementation_mechanism': 1, 'validation_evidence': 1}"
1355,31,de:3 & im:16 & pr:19 & pr:23 & th:36 & va:0,"{'problem_analysis': 2, 'implementation_mechanism': 1, 'validation_evidence': 1}"
1356,31,de:8 & im:16 & pr:0 & pr:19 & th:7 & va:34,"{'problem_analysis': 2, 'validation_evidence': 1, 'implementation_mechanism': 1}"
1357,31,de:3 & im:3 & pr:16 & pr:19 & th:28 & va:1,"{'problem_analysis': 2, 'validation_evidence': 1, 'design_rationale': 1}"
1358,31,de:14 & de:3 & im:16 & im:25 & pr:14 & pr:19 & pr:39 & th:26 & th:36 & va:20 & va:26,"{'problem_analysis': 3, 'implementation_mechanism': 2, 'theoretical_insight': 2}"
1359,31,de:6 & im:21 & pr:13 & pr:32 & th:1 & va:8,"{'problem_analysis': 2, 'design_rationale': 1, 'theoretical_insight': 1}"
1360,31,pr:13 & pr:31 & pr:6 & th:11 & va:2,"{'problem_analysis': 3, 'theoretical_insight': 1, 'validation_evidence': 1}"
1361,31,de:3 & im:33 & pr:2 & th:34 & va:26,"{'problem_analysis': 1, 'theoretical_insight': 1, 'implementation_mechanism': 1}"
1362,31,de:22 & im:36 & pr:13 & pr:19 & th:4 & va:0,"{'problem_analysis': 2, 'design_rationale': 1, 'implementation_mechanism': 1}"
1363,31,de:6 & im:7 & pr:19 & pr:8 & th:34 & va:0,"{'problem_analysis': 2, 'design_rationale': 1, 'theoretical_insight': 1}"
1364,31,de:37 & im:28 & pr:14 & pr:19 & pr:37 & th:30 & va:1,"{'problem_analysis': 3, 'theoretical_insight': 1, 'validation_evidence': 1}"
1365,31,im:31 & pr:13 & pr:9 & th:4,"{'problem_analysis': 2, 'implementation_mechanism': 1, 'theoretical_insight': 1}"
1366,31,de:37 & im:3 & pr:19 & pr:4 & th:6 & va:1,"{'problem_analysis': 2, 'validation_evidence': 1, 'design_rationale': 1}"
1367,31,de:14 & im:25 & pr:14 & pr:4 & va:20,"{'problem_analysis': 2, 'implementation_mechanism': 1, 'validation_evidence': 1}"
1368,31,de:6 & im:37 & pr:19 & pr:7 & th:12 & va:13,"{'problem_analysis': 2, 'design_rationale': 1, 'implementation_mechanism': 1}"
1369,31,de:9 & im:4 & pr:4 & pr:6 & th:12 & va:9,"{'problem_analysis': 2, 'theoretical_insight': 1, 'implementation_mechanism': 1}"
1370,31,de:37 & im:1 & pr:12 & pr:26 & th:6 & va:1,"{'problem_analysis': 2, 'validation_evidence': 1, 'implementation_mechanism': 1}"
1371,31,de:37 & im:1 & pr:11 & pr:19 & th:6 & va:39,"{'problem_analysis': 2, 'validation_evidence': 1, 'implementation_mechanism': 1}"
1372,30,pr:9,{'problem_analysis': 1}
1373,30,de:37 & im:1 & pr:12 & pr:9 & th:6 & va:39,"{'problem_analysis': 2, 'validation_evidence': 1, 'implementation_mechanism': 1}"
1374,30,de:15 & im:4 & pr:22 & pr:6 & th:12 & va:30,"{'problem_analysis': 2, 'theoretical_insight': 1, 'implementation_mechanism': 1}"
1375,30,de:12 & im:20 & pr:23 & pr:9 & th:1 & va:12,"{'problem_analysis': 2, 'validation_evidence': 1, 'theoretical_insight': 1}"
1376,30,de:8 & im:12 & pr:10 & pr:12 & pr:6 & th:7 & va:4,"{'problem_analysis': 3, 'theoretical_insight': 1, 'validation_evidence': 1}"
1377,30,de:38 & im:10 & pr:19 & pr:7 & th:12 & va:0,"{'problem_analysis': 2, 'theoretical_insight': 1, 'validation_evidence': 1}"
1378,30,pr:33 & pr:39,{'problem_analysis': 2}
1379,30,de:22 & im:31 & pr:3 & pr:39 & th:4 & va:7,"{'problem_analysis': 2, 'design_rationale': 1, 'validation_evidence': 1}"
1380,30,de:20 & im:19 & pr:13 & pr:27 & th:12,"{'problem_analysis': 2, 'theoretical_insight': 1, 'design_rationale': 1}"
1381,30,de:7 & im:7 & pr:13 & pr:27 & th:12 & va:28,"{'problem_analysis': 2, 'theoretical_insight': 1, 'design_rationale': 1}"
1382,30,de:6 & im:21 & pr:13 & pr:30 & th:1 & va:18,"{'problem_analysis': 2, 'design_rationale': 1, 'theoretical_insight': 1}"
1383,30,de:6 & im:31 & pr:13 & pr:30 & th:5 & va:0,"{'problem_analysis': 2, 'design_rationale': 1, 'theoretical_insight': 1}"
1384,30,de:6 & im:21 & pr:13 & pr:4 & th:1 & va:28,"{'problem_analysis': 2, 'design_rationale': 1, 'theoretical_insight': 1}"
1385,30,pr:13 & pr:2 & pr:33 & th:36 & va:7,"{'problem_analysis': 3, 'validation_evidence': 1, 'theoretical_insight': 1}"
1386,30,de:37 & im:8 & pr:13 & pr:19 & th:28 & va:1,"{'problem_analysis': 2, 'implementation_mechanism': 1, 'validation_evidence': 1}"
1387,30,de:14 & im:20 & pr:13 & pr:19 & pr:9 & th:14 & th:26 & va:19,"{'problem_analysis': 3, 'theoretical_insight': 2, 'validation_evidence': 1}"
1388,30,de:11 & im:10 & pr:11 & pr:13 & pr:19 & th:2 & va:15,"{'problem_analysis': 3, 'theoretical_insight': 1, 'implementation_mechanism': 1}"
1389,30,de:38 & de:6 & im:10 & im:3 & pr:13 & pr:31 & pr:32 & pr:4 & va:0 & va:23,"{'problem_analysis': 4, 'design_rationale': 2, 'validation_evidence': 2}"
1390,30,de:15 & de:20 & im:19 & im:4 & pr:11 & pr:13 & pr:6 & th:11 & th:2 & va:10,"{'problem_analysis': 3, 'theoretical_insight': 2, 'implementation_mechanism': 2}"
1391,30,de:20 & im:19 & pr:12 & pr:27 & th:12,"{'problem_analysis': 2, 'theoretical_insight': 1, 'design_rationale': 1}"
1392,30,de:15 & im:4 & pr:12 & pr:31 & th:12 & va:10,"{'problem_analysis': 2, 'theoretical_insight': 1, 'implementation_mechanism': 1}"
1393,30,de:20 & im:19 & pr:11 & pr:12 & pr:8 & th:2 & va:9,"{'problem_analysis': 3, 'theoretical_insight': 1, 'design_rationale': 1}"
1394,30,de:9 & im:4 & pr:19 & pr:6 & th:12 & va:10,"{'problem_analysis': 2, 'theoretical_insight': 1, 'implementation_mechanism': 1}"
1395,30,de:9 & im:19 & pr:19 & pr:6 & th:12 & va:10,"{'problem_analysis': 2, 'theoretical_insight': 1, 'design_rationale': 1}"
1396,30,pr:13 & pr:31 & th:16 & va:1,"{'problem_analysis': 2, 'validation_evidence': 1, 'theoretical_insight': 1}"
1397,30,pr:13 & pr:16,{'problem_analysis': 2}
1398,30,de:0 & im:3 & pr:13 & pr:19 & th:7 & va:23,"{'problem_analysis': 2, 'theoretical_insight': 1, 'validation_evidence': 1}"
1399,30,de:17 & im:20 & pr:12 & pr:13 & th:12 & th:2 & va:3,"{'theoretical_insight': 2, 'problem_analysis': 2, 'design_rationale': 1}"
1400,30,de:34 & im:10 & pr:10 & pr:19 & pr:36 & th:3 & va:4,"{'problem_analysis': 3, 'theoretical_insight': 1, 'implementation_mechanism': 1}"
1401,30,pr:19 & pr:39,{'problem_analysis': 2}
1402,30,de:28 & im:19 & pr:19 & pr:4 & th:12 & va:30,"{'problem_analysis': 2, 'design_rationale': 1, 'theoretical_insight': 1}"
1403,30,de:37 & im:1 & pr:19 & pr:4 & th:6 & va:17,"{'problem_analysis': 2, 'validation_evidence': 1, 'implementation_mechanism': 1}"
1404,30,de:12 & im:20 & pr:33 & pr:9 & th:1 & va:12,"{'problem_analysis': 2, 'validation_evidence': 1, 'theoretical_insight': 1}"
1405,30,de:28 & im:7 & pr:33 & pr:6 & th:9 & va:32,"{'problem_analysis': 2, 'design_rationale': 1, 'validation_evidence': 1}"
1406,30,de:15 & im:4 & pr:33 & pr:6 & th:1 & va:10,"{'problem_analysis': 2, 'theoretical_insight': 1, 'implementation_mechanism': 1}"
1407,30,de:1 & im:8 & pr:16 & pr:20 & pr:33 & th:6 & va:35,"{'problem_analysis': 3, 'implementation_mechanism': 1, 'validation_evidence': 1}"
1408,30,de:37 & im:3 & pr:19 & pr:27 & th:6 & va:1,"{'problem_analysis': 2, 'validation_evidence': 1, 'design_rationale': 1}"
1409,30,de:37 & im:1 & pr:16 & pr:19 & th:6 & va:1,"{'problem_analysis': 2, 'validation_evidence': 1, 'implementation_mechanism': 1}"
1410,30,de:11 & im:9 & pr:31 & pr:33 & th:35 & va:15,"{'problem_analysis': 2, 'implementation_mechanism': 1, 'design_rationale': 1}"
1411,30,de:9 & im:4 & pr:31 & pr:6 & th:12 & va:9,"{'problem_analysis': 2, 'theoretical_insight': 1, 'implementation_mechanism': 1}"
1412,30,de:11 & im:9 & pr:33 & pr:4 & th:35 & va:15,"{'problem_analysis': 2, 'implementation_mechanism': 1, 'design_rationale': 1}"
1413,30,de:15 & de:16 & de:37 & im:1 & im:4 & pr:25 & pr:6 & pr:9 & th:1 & th:11 & th:2 & va:10 & va:39,"{'theoretical_insight': 3, 'design_rationale': 3, 'problem_analysis': 3}"
1414,30,de:15 & de:37 & im:1 & im:4 & pr:12 & pr:33 & pr:6 & th:11 & th:37 & th:6 & va:10,"{'problem_analysis': 3, 'theoretical_insight': 3, 'implementation_mechanism': 2}"
1415,30,de:15 & im:4 & pr:6 & pr:7 & th:11 & th:37 & va:10,"{'problem_analysis': 2, 'theoretical_insight': 2, 'implementation_mechanism': 1}"
1416,30,de:12 & im:20 & pr:11 & pr:9 & th:1 & va:12,"{'problem_analysis': 2, 'validation_evidence': 1, 'theoretical_insight': 1}"
1417,30,de:20 & de:28 & im:19 & pr:11 & pr:12 & pr:24 & va:30,"{'problem_analysis': 3, 'design_rationale': 2, 'validation_evidence': 1}"
1418,30,de:17 & im:20 & pr:11 & pr:12 & th:12 & th:2 & va:3,"{'theoretical_insight': 2, 'problem_analysis': 2, 'design_rationale': 1}"
1419,30,de:15 & im:4 & im:7 & pr:11 & pr:6 & th:12 & va:10,"{'problem_analysis': 2, 'implementation_mechanism': 2, 'theoretical_insight': 1}"
1420,30,de:25 & im:34 & pr:28 & pr:31 & pr:32 & pr:6 & th:21 & th:33 & va:30,"{'problem_analysis': 4, 'theoretical_insight': 2, 'design_rationale': 1}"
1421,30,de:15 & de:18 & de:29 & im:10 & im:4 & pr:19 & pr:5 & pr:6 & th:11 & th:37 & va:10,"{'problem_analysis': 3, 'design_rationale': 3, 'implementation_mechanism': 2}"
1422,29,de:37 & im:1 & pr:12 & pr:6 & th:2 & va:1,"{'problem_analysis': 2, 'theoretical_insight': 1, 'validation_evidence': 1}"
1423,29,de:20 & im:20 & pr:11 & pr:15 & th:1 & va:30,"{'problem_analysis': 2, 'theoretical_insight': 1, 'design_rationale': 1}"
1424,29,de:8 & im:1 & pr:19 & pr:6 & th:9 & va:1,"{'problem_analysis': 2, 'validation_evidence': 1, 'design_rationale': 1}"
1425,29,de:8 & im:1 & pr:1 & pr:12 & pr:3 & th:33 & va:39,"{'problem_analysis': 3, 'validation_evidence': 1, 'design_rationale': 1}"
1426,29,de:29 & im:10 & pr:19 & pr:39 & th:36 & va:0,"{'problem_analysis': 2, 'validation_evidence': 1, 'implementation_mechanism': 1}"
1427,29,de:14 & im:20 & pr:19 & pr:9 & th:8 & va:19,"{'problem_analysis': 2, 'validation_evidence': 1, 'theoretical_insight': 1}"
1428,29,de:37 & im:1 & pr:19 & pr:39 & th:6 & va:39,"{'problem_analysis': 2, 'validation_evidence': 1, 'implementation_mechanism': 1}"
1429,29,de:37 & im:1 & pr:19 & pr:39 & th:6 & va:37,"{'problem_analysis': 2, 'validation_evidence': 1, 'implementation_mechanism': 1}"
1430,29,de:16 & pr:12 & pr:13 & th:2 & va:2,"{'problem_analysis': 2, 'theoretical_insight': 1, 'design_rationale': 1}"
1431,29,de:16 & im:31 & pr:12 & pr:13 & th:4,"{'problem_analysis': 2, 'design_rationale': 1, 'theoretical_insight': 1}"
1432,29,de:15 & im:4 & pr:13 & pr:31 & th:12 & va:10,"{'problem_analysis': 2, 'theoretical_insight': 1, 'implementation_mechanism': 1}"
1433,29,de:16 & im:4 & pr:13 & pr:4 & th:12 & va:12,"{'problem_analysis': 2, 'validation_evidence': 1, 'design_rationale': 1}"
1434,29,de:15 & im:19 & pr:13 & pr:6 & th:12 & va:10,"{'problem_analysis': 2, 'theoretical_insight': 1, 'implementation_mechanism': 1}"
1435,29,de:16 & im:4 & pr:13 & pr:6 & th:19 & va:32,"{'problem_analysis': 2, 'design_rationale': 1, 'implementation_mechanism': 1}"
1436,29,de:23 & im:38 & pr:13 & pr:6 & th:12 & va:2,"{'problem_analysis': 2, 'implementation_mechanism': 1, 'design_rationale': 1}"
1437,29,de:11 & pr:13 & pr:9 & th:14 & th:2 & va:2,"{'theoretical_insight': 2, 'problem_analysis': 2, 'design_rationale': 1}"
1438,29,de:7 & im:7 & pr:11 & pr:13 & pr:14 & pr:6 & th:12 & va:18,"{'problem_analysis': 4, 'theoretical_insight': 1, 'design_rationale': 1}"
1439,29,de:6 & im:21 & pr:12 & pr:32 & th:1 & va:8,"{'problem_analysis': 2, 'design_rationale': 1, 'theoretical_insight': 1}"
1440,29,de:15 & im:4 & pr:12 & pr:13 & th:4 & va:12,"{'problem_analysis': 2, 'validation_evidence': 1, 'implementation_mechanism': 1}"
1441,29,de:23 & im:38 & pr:12 & pr:6 & th:12 & va:2,"{'problem_analysis': 2, 'implementation_mechanism': 1, 'design_rationale': 1}"
1442,29,de:15 & de:28 & im:4 & im:7 & pr:12 & pr:6 & th:9 & va:32,"{'design_rationale': 2, 'problem_analysis': 2, 'implementation_mechanism': 2}"
1443,29,de:8 & im:0 & pr:19 & va:1,"{'validation_evidence': 1, 'problem_analysis': 1, 'design_rationale': 1}"
1444,29,de:14 & im:25 & pr:14 & pr:33 & th:26 & va:20,"{'problem_analysis': 2, 'implementation_mechanism': 1, 'validation_evidence': 1}"
1445,29,de:37 & im:1 & pr:19 & pr:33 & th:6 & va:37,"{'problem_analysis': 2, 'validation_evidence': 1, 'implementation_mechanism': 1}"
1446,29,de:22 & im:31 & pr:27 & pr:3 & th:4 & va:7,"{'problem_analysis': 2, 'design_rationale': 1, 'validation_evidence': 1}"
1447,29,pr:2 & th:36 & va:7,"{'problem_analysis': 1, 'validation_evidence': 1, 'theoretical_insight': 1}"
1448,29,de:15 & im:4 & im:7 & pr:31 & pr:6 & th:12 & va:10,"{'problem_analysis': 2, 'implementation_mechanism': 2, 'theoretical_insight': 1}"
1449,29,de:17 & im:20 & pr:12 & pr:33 & th:12 & th:2 & va:3,"{'theoretical_insight': 2, 'problem_analysis': 2, 'design_rationale': 1}"
1450,29,de:20 & de:28 & im:19 & pr:12 & pr:24 & pr:31 & va:30,"{'problem_analysis': 3, 'design_rationale': 2, 'validation_evidence': 1}"
1451,29,de:37 & im:1 & pr:19 & pr:31 & th:6 & va:37,"{'problem_analysis': 2, 'validation_evidence': 1, 'implementation_mechanism': 1}"
1452,29,de:15 & de:23 & im:27 & im:4 & pr:22 & pr:6 & th:11 & th:18 & va:10,"{'problem_analysis': 2, 'design_rationale': 2, 'implementation_mechanism': 2}"
1453,29,de:15 & de:16 & im:19 & im:4 & pr:31 & pr:32 & pr:6 & th:11 & th:12 & th:2 & va:10,"{'theoretical_insight': 3, 'problem_analysis': 3, 'design_rationale': 2}"
1454,28,de:37 & im:3 & pr:16 & pr:19 & pr:23 & th:28 & va:33,"{'problem_analysis': 3, 'validation_evidence': 1, 'design_rationale': 1}"
1455,28,im:31 & pr:13 & pr:7 & th:4,"{'problem_analysis': 2, 'theoretical_insight': 1, 'implementation_mechanism': 1}"
1456,28,de:11 & im:38 & pr:6 & pr:7 & th:26 & th:9 & va:2,"{'problem_analysis': 2, 'theoretical_insight': 2, 'implementation_mechanism': 1}"
1457,28,de:15 & im:4 & pr:19 & pr:7 & th:2 & va:2,"{'problem_analysis': 2, 'theoretical_insight': 1, 'implementation_mechanism': 1}"
1458,28,de:14 & im:25 & pr:14 & pr:5 & th:26 & va:20,"{'problem_analysis': 2, 'implementation_mechanism': 1, 'validation_evidence': 1}"
1459,28,de:11 & im:38 & pr:5 & pr:6 & th:26 & th:9 & va:2,"{'problem_analysis': 2, 'theoretical_insight': 2, 'implementation_mechanism': 1}"
1460,28,de:25 & im:34 & pr:19 & pr:31 & pr:32,"{'problem_analysis': 3, 'design_rationale': 1, 'implementation_mechanism': 1}"
1461,28,de:16 & im:4 & pr:13,"{'implementation_mechanism': 1, 'problem_analysis': 1, 'design_rationale': 1}"
1462,28,de:15 & pr:13 & pr:6 & th:1,"{'problem_analysis': 2, 'theoretical_insight': 1, 'design_rationale': 1}"
1463,28,de:13 & im:1 & pr:13 & pr:17 & th:0,"{'problem_analysis': 2, 'design_rationale': 1, 'implementation_mechanism': 1}"
1464,28,de:20 & im:4 & pr:11 & pr:13 & th:12,"{'problem_analysis': 2, 'theoretical_insight': 1, 'implementation_mechanism': 1}"
1465,28,de:25 & im:34 & pr:13 & pr:31 & pr:32,"{'problem_analysis': 3, 'design_rationale': 1, 'implementation_mechanism': 1}"
1466,28,de:4 & im:7 & pr:13 & pr:6 & th:12 & va:30,"{'problem_analysis': 2, 'theoretical_insight': 1, 'validation_evidence': 1}"
1467,28,de:9 & im:4 & pr:13 & pr:6 & th:12,"{'problem_analysis': 2, 'theoretical_insight': 1, 'implementation_mechanism': 1}"
1468,28,de:17 & im:4 & pr:13 & pr:6 & th:12 & va:9,"{'problem_analysis': 2, 'design_rationale': 1, 'theoretical_insight': 1}"
1469,28,de:29 & im:10 & pr:13 & pr:19 & th:5 & va:1,"{'problem_analysis': 2, 'validation_evidence': 1, 'theoretical_insight': 1}"
1470,28,de:23 & im:26 & pr:13 & pr:26 & th:33 & va:38,"{'problem_analysis': 2, 'design_rationale': 1, 'implementation_mechanism': 1}"
1471,28,de:14 & im:25 & pr:13 & pr:14 & va:20,"{'problem_analysis': 2, 'implementation_mechanism': 1, 'validation_evidence': 1}"
1472,28,de:37 & im:1 & pr:13 & pr:7 & th:37 & va:1,"{'problem_analysis': 2, 'validation_evidence': 1, 'theoretical_insight': 1}"
1473,28,de:37 & im:1 & pr:13 & pr:7 & th:37 & va:39,"{'problem_analysis': 2, 'validation_evidence': 1, 'theoretical_insight': 1}"
1474,28,de:11 & im:1 & pr:10 & pr:13 & pr:31 & th:27 & va:22,"{'problem_analysis': 3, 'design_rationale': 1, 'validation_evidence': 1}"
1475,28,de:20 & im:19 & pr:11 & pr:13 & th:2 & va:9,"{'problem_analysis': 2, 'theoretical_insight': 1, 'design_rationale': 1}"
1476,28,de:20 & im:7 & pr:13 & pr:4 & th:1 & va:9,"{'problem_analysis': 2, 'theoretical_insight': 1, 'design_rationale': 1}"
1477,28,de:15 & im:7 & pr:13 & pr:6 & th:12 & va:10,"{'problem_analysis': 2, 'theoretical_insight': 1, 'validation_evidence': 1}"
1478,28,de:3 & im:8 & pr:13 & pr:39 & pr:7 & th:36 & va:0,"{'problem_analysis': 3, 'implementation_mechanism': 1, 'validation_evidence': 1}"
1479,28,de:6 & im:7 & pr:13 & pr:19 & pr:8 & th:34 & va:12,"{'problem_analysis': 3, 'validation_evidence': 1, 'design_rationale': 1}"
1480,28,de:37 & im:1 & pr:12 & pr:13 & pr:7 & th:6 & va:1,"{'problem_analysis': 3, 'validation_evidence': 1, 'implementation_mechanism': 1}"
1481,28,de:9 & im:4 & pr:13 & pr:3 & pr:6 & th:11 & va:11,"{'problem_analysis': 3, 'design_rationale': 1, 'implementation_mechanism': 1}"
1482,28,de:7 & im:34 & pr:11 & pr:13 & pr:31 & pr:5 & th:12 & va:18,"{'problem_analysis': 4, 'theoretical_insight': 1, 'design_rationale': 1}"
1483,28,de:23 & im:27 & pr:13 & pr:22 & pr:28 & pr:31 & pr:6 & th:18 & th:33 & va:2,"{'problem_analysis': 5, 'theoretical_insight': 2, 'design_rationale': 1}"
1484,28,de:15 & im:4 & im:7 & pr:13 & pr:6 & th:12,"{'problem_analysis': 2, 'implementation_mechanism': 2, 'theoretical_insight': 1}"
1485,28,de:15 & im:4 & im:7 & pr:13 & pr:6 & th:11 & th:12 & va:10,"{'problem_analysis': 2, 'theoretical_insight': 2, 'implementation_mechanism': 2}"
1486,28,de:16 & pr:9 & th:31,"{'problem_analysis': 1, 'theoretical_insight': 1, 'design_rationale': 1}"
1487,28,de:15 & im:4 & pr:35 & pr:6 & th:11 & va:10,"{'problem_analysis': 2, 'implementation_mechanism': 1, 'theoretical_insight': 1}"
1488,28,im:28 & pr:12 & pr:19 & va:3,"{'problem_analysis': 2, 'validation_evidence': 1, 'implementation_mechanism': 1}"
1489,28,de:15 & im:4 & pr:13 & pr:31 & th:9 & va:31,"{'problem_analysis': 2, 'design_rationale': 1, 'validation_evidence': 1}"
1490,28,de:29 & im:10 & pr:13 & pr:14 & th:8 & va:20,"{'problem_analysis': 2, 'implementation_mechanism': 1, 'design_rationale': 1}"
1491,28,de:8 & im:39 & pr:10 & pr:13 & th:28 & va:1,"{'problem_analysis': 2, 'validation_evidence': 1, 'design_rationale': 1}"
1492,28,de:37 & im:28 & pr:13 & pr:7 & th:6 & va:1,"{'problem_analysis': 2, 'validation_evidence': 1, 'implementation_mechanism': 1}"
1493,28,de:37 & im:20 & pr:13 & pr:16 & th:8 & va:20,"{'problem_analysis': 2, 'theoretical_insight': 1, 'implementation_mechanism': 1}"
1494,28,de:37 & im:1 & pr:13 & pr:19 & th:6 & va:24,"{'problem_analysis': 2, 'validation_evidence': 1, 'implementation_mechanism': 1}"
1495,28,de:15 & im:7 & pr:19 & pr:4 & pr:5 & th:2 & va:9,"{'problem_analysis': 3, 'theoretical_insight': 1, 'validation_evidence': 1}"
1496,28,de:6 & im:10 & pr:19 & pr:35 & pr:5 & pr:8 & th:1 & va:12,"{'problem_analysis': 4, 'validation_evidence': 1, 'design_rationale': 1}"
1497,28,de:7 & im:4 & pr:33 & pr:6 & th:12 & va:10,"{'problem_analysis': 2, 'theoretical_insight': 1, 'implementation_mechanism': 1}"
1498,28,de:15 & im:4 & pr:27 & va:10,"{'implementation_mechanism': 1, 'validation_evidence': 1, 'design_rationale': 1}"
1499,28,de:3 & im:11 & pr:0 & pr:2 & va:8,"{'problem_analysis': 2, 'validation_evidence': 1, 'implementation_mechanism': 1}"
1500,28,de:3 & im:11 & pr:0 & pr:2 & th:10 & va:36,"{'problem_analysis': 2, 'theoretical_insight': 1, 'validation_evidence': 1}"
1501,28,de:29 & im:16 & pr:12 & pr:39 & th:36 & va:26,"{'problem_analysis': 2, 'implementation_mechanism': 1, 'design_rationale': 1}"
1502,28,pr:31 & pr:33,{'problem_analysis': 2}
1503,28,pr:33 & pr:4 & va:28,"{'problem_analysis': 2, 'validation_evidence': 1}"
1504,28,de:16 & im:1 & pr:12 & pr:33 & th:31 & va:39,"{'problem_analysis': 2, 'design_rationale': 1, 'validation_evidence': 1}"
1505,28,de:15 & im:4 & pr:31 & pr:33 & th:2 & va:10,"{'problem_analysis': 2, 'theoretical_insight': 1, 'implementation_mechanism': 1}"
1506,28,de:37 & im:1 & pr:19 & pr:33 & th:6 & va:17,"{'problem_analysis': 2, 'validation_evidence': 1, 'implementation_mechanism': 1}"
1507,28,de:15 & im:4 & pr:31 & pr:33 & pr:6 & th:11 & va:10,"{'problem_analysis': 3, 'implementation_mechanism': 1, 'theoretical_insight': 1}"
1508,28,de:20 & im:19 & pr:33 & pr:35 & th:12 & va:2,"{'problem_analysis': 2, 'theoretical_insight': 1, 'design_rationale': 1}"
1509,28,de:7 & im:10 & pr:19 & pr:33 & th:37 & va:37,"{'problem_analysis': 2, 'validation_evidence': 1, 'implementation_mechanism': 1}"
1510,28,de:15 & im:4 & pr:27 & pr:33 & pr:6 & th:12 & th:2 & va:10,"{'problem_analysis': 3, 'theoretical_insight': 2, 'implementation_mechanism': 1}"
1511,28,de:15 & im:4 & im:7 & pr:33 & pr:6 & th:12 & va:10,"{'problem_analysis': 2, 'implementation_mechanism': 2, 'theoretical_insight': 1}"
1512,28,de:12 & im:20 & pr:31 & pr:9 & th:1 & va:12,"{'problem_analysis': 2, 'validation_evidence': 1, 'theoretical_insight': 1}"
1513,28,de:20 & im:19 & pr:31 & pr:35 & th:12 & va:2,"{'problem_analysis': 2, 'theoretical_insight': 1, 'design_rationale': 1}"
1514,28,de:29 & im:16 & pr:39 & pr:4 & th:36 & va:26,"{'problem_analysis': 2, 'implementation_mechanism': 1, 'design_rationale': 1}"
1515,28,de:15 & im:4 & pr:27 & pr:4 & pr:6 & th:12 & th:2 & va:10,"{'problem_analysis': 3, 'theoretical_insight': 2, 'implementation_mechanism': 1}"
1516,28,de:37 & im:3 & pr:11 & pr:19 & th:6 & va:1,"{'problem_analysis': 2, 'validation_evidence': 1, 'design_rationale': 1}"
1517,28,de:28 & im:7 & pr:11 & pr:6 & th:9 & va:32,"{'problem_analysis': 2, 'design_rationale': 1, 'validation_evidence': 1}"
1518,28,de:13 & de:15 & im:1 & im:4 & pr:18 & pr:19 & pr:6 & th:0 & th:11 & th:2 & va:10 & va:15,"{'theoretical_insight': 3, 'problem_analysis': 3, 'design_rationale': 2}"
1519,27,de:37 & im:1 & pr:12 & pr:9 & th:6 & va:1,"{'problem_analysis': 2, 'validation_evidence': 1, 'implementation_mechanism': 1}"
1520,27,de:23 & im:27 & pr:22 & pr:28 & pr:31 & pr:6 & pr:9 & th:18 & th:33 & va:22,"{'problem_analysis': 5, 'theoretical_insight': 2, 'design_rationale': 1}"
1521,27,de:20 & im:20 & pr:11 & pr:15 & pr:6 & th:1 & va:30,"{'problem_analysis': 3, 'theoretical_insight': 1, 'design_rationale': 1}"
1522,27,de:7 & im:7 & pr:11 & pr:6 & th:12 & va:9,"{'problem_analysis': 2, 'theoretical_insight': 1, 'design_rationale': 1}"
1523,27,de:17 & im:20 & pr:12 & pr:23 & th:12 & th:2 & va:3,"{'problem_analysis': 2, 'theoretical_insight': 2, 'design_rationale': 1}"
1524,27,de:22 & im:31 & pr:13 & pr:3 & th:4 & va:7,"{'problem_analysis': 2, 'design_rationale': 1, 'validation_evidence': 1}"
1525,27,de:16 & de:38 & im:7 & pr:12 & pr:26 & th:2 & va:18,"{'design_rationale': 2, 'problem_analysis': 2, 'theoretical_insight': 1}"
1526,27,de:15 & im:4 & pr:12 & pr:19 & th:2 & va:9,"{'problem_analysis': 2, 'theoretical_insight': 1, 'implementation_mechanism': 1}"
1527,27,de:37 & im:28 & pr:19 & pr:7 & th:6 & va:1,"{'problem_analysis': 2, 'validation_evidence': 1, 'implementation_mechanism': 1}"
1528,27,pr:23 & pr:39,{'problem_analysis': 2}
1529,27,de:3 & im:16 & pr:13 & pr:7 & va:0,"{'problem_analysis': 2, 'implementation_mechanism': 1, 'validation_evidence': 1}"
1530,27,de:20 & im:7 & pr:13 & pr:6 & th:12 & va:0,"{'problem_analysis': 2, 'theoretical_insight': 1, 'validation_evidence': 1}"
1531,27,de:20 & im:19 & pr:11 & pr:13 & th:1 & va:9,"{'problem_analysis': 2, 'theoretical_insight': 1, 'design_rationale': 1}"
1532,27,de:20 & im:20 & pr:13 & pr:9 & th:12 & va:9,"{'problem_analysis': 2, 'theoretical_insight': 1, 'design_rationale': 1}"
1533,27,de:5 & im:1 & pr:13 & pr:7 & th:37 & va:39,"{'problem_analysis': 2, 'validation_evidence': 1, 'design_rationale': 1}"
1534,27,de:15 & im:4 & pr:13 & pr:31 & th:2 & va:32,"{'problem_analysis': 2, 'theoretical_insight': 1, 'implementation_mechanism': 1}"
1535,27,de:13 & im:1 & pr:13 & pr:7 & th:37 & va:39,"{'problem_analysis': 2, 'design_rationale': 1, 'validation_evidence': 1}"
1536,27,de:14 & im:20 & pr:13 & pr:9 & th:14 & va:19,"{'problem_analysis': 2, 'validation_evidence': 1, 'implementation_mechanism': 1}"
1537,27,de:15 & im:10 & pr:13 & pr:6 & th:11 & va:10,"{'problem_analysis': 2, 'theoretical_insight': 1, 'implementation_mechanism': 1}"
1538,27,de:16 & im:38 & pr:13 & pr:6 & th:12 & th:26 & th:9 & va:2,"{'theoretical_insight': 3, 'problem_analysis': 2, 'implementation_mechanism': 1}"
1539,27,de:15 & im:4 & pr:12 & pr:31 & th:9 & va:10,"{'problem_analysis': 2, 'design_rationale': 1, 'implementation_mechanism': 1}"
1540,27,de:16 & im:1 & pr:9 & th:31 & va:39,"{'problem_analysis': 1, 'design_rationale': 1, 'validation_evidence': 1}"
1541,27,de:29 & im:10 & pr:13 & pr:5 & th:8 & va:12,"{'problem_analysis': 2, 'validation_evidence': 1, 'implementation_mechanism': 1}"
1542,27,de:29 & im:9 & pr:13 & pr:33 & th:9 & va:38,"{'problem_analysis': 2, 'implementation_mechanism': 1, 'validation_evidence': 1}"
1543,27,de:37 & im:0 & pr:13 & pr:19 & pr:7 & th:6 & va:1,"{'problem_analysis': 3, 'validation_evidence': 1, 'design_rationale': 1}"
1544,27,de:20 & im:19 & pr:11 & pr:16 & th:12 & va:9,"{'problem_analysis': 2, 'theoretical_insight': 1, 'design_rationale': 1}"
1545,27,pr:33 & pr:4,{'problem_analysis': 2}
1546,27,de:29 & im:16 & pr:33 & pr:39 & th:36 & va:26,"{'problem_analysis': 2, 'implementation_mechanism': 1, 'design_rationale': 1}"
1547,27,de:22 & im:31 & pr:13 & th:32 & va:7,"{'problem_analysis': 1, 'design_rationale': 1, 'theoretical_insight': 1}"
1548,27,de:15 & im:4 & pr:4 & pr:7 & th:12 & th:2 & va:9,"{'theoretical_insight': 2, 'problem_analysis': 2, 'implementation_mechanism': 1}"
1549,27,de:20 & de:28 & im:19 & pr:12 & pr:24 & pr:33 & va:30,"{'problem_analysis': 3, 'design_rationale': 2, 'validation_evidence': 1}"
1550,27,de:3 & im:16 & pr:16 & pr:39 & th:36 & va:0,"{'problem_analysis': 2, 'implementation_mechanism': 1, 'validation_evidence': 1}"
1551,27,de:17 & im:20 & pr:12 & pr:31 & th:12 & th:2 & va:3,"{'theoretical_insight': 2, 'problem_analysis': 2, 'design_rationale': 1}"
1552,27,de:15 & im:4 & pr:22 & pr:6 & th:11 & va:9,"{'problem_analysis': 2, 'implementation_mechanism': 1, 'theoretical_insight': 1}"
1553,27,de:2 & im:36 & pr:10 & th:6 & va:35,"{'implementation_mechanism': 1, 'problem_analysis': 1, 'design_rationale': 1}"
1554,27,pr:11 & pr:12 & th:2,"{'problem_analysis': 2, 'theoretical_insight': 1}"
1555,27,de:3 & im:16 & pr:28 & pr:31 & pr:39 & pr:6 & th:33 & th:36 & va:0,"{'problem_analysis': 4, 'theoretical_insight': 2, 'implementation_mechanism': 1}"
1556,27,de:15 & im:4 & pr:11 & pr:32 & pr:6 & th:11 & th:12 & va:10,"{'problem_analysis': 3, 'theoretical_insight': 2, 'implementation_mechanism': 1}"
1557,27,de:15 & im:4 & pr:27 & pr:32 & pr:5 & pr:6 & th:11 & th:12 & va:10,"{'problem_analysis': 4, 'theoretical_insight': 2, 'implementation_mechanism': 1}"
1558,27,de:20 & de:3 & im:16 & pr:11 & pr:39 & pr:4 & pr:5 & th:12 & th:2 & th:36 & va:26,"{'problem_analysis': 4, 'theoretical_insight': 3, 'design_rationale': 2}"
1559,26,de:20 & de:28 & im:19 & pr:12 & pr:24 & pr:9 & va:30,"{'problem_analysis': 3, 'design_rationale': 2, 'validation_evidence': 1}"
1560,26,de:15 & im:4 & pr:23 & pr:31 & th:2 & va:10,"{'problem_analysis': 2, 'theoretical_insight': 1, 'implementation_mechanism': 1}"
1561,26,de:9 & im:35 & pr:11 & pr:23 & th:2 & va:9,"{'problem_analysis': 2, 'theoretical_insight': 1, 'design_rationale': 1}"
1562,26,de:28 & im:7 & pr:23 & pr:6 & th:9 & va:32,"{'problem_analysis': 2, 'design_rationale': 1, 'validation_evidence': 1}"
1563,26,de:15 & im:4 & pr:23 & pr:31 & pr:6 & th:11 & va:10,"{'problem_analysis': 3, 'implementation_mechanism': 1, 'theoretical_insight': 1}"
1564,26,pr:12 & pr:3 & pr:6 & th:6,"{'problem_analysis': 3, 'theoretical_insight': 1}"
1565,26,de:3 & im:16 & pr:2 & pr:33 & pr:39 & pr:6 & th:36 & va:26,"{'problem_analysis': 4, 'implementation_mechanism': 1, 'validation_evidence': 1}"
1566,26,de:3 & im:0 & pr:2 & pr:33 & pr:39 & pr:6 & th:36 & va:26,"{'problem_analysis': 4, 'implementation_mechanism': 1, 'validation_evidence': 1}"
1567,26,de:28 & im:9 & pr:18 & th:35 & va:28,"{'design_rationale': 1, 'problem_analysis': 1, 'implementation_mechanism': 1}"
1568,26,de:37 & im:3 & pr:12 & pr:16 & pr:19 & th:28 & va:33,"{'problem_analysis': 3, 'validation_evidence': 1, 'design_rationale': 1}"
1569,26,de:22 & im:31 & pr:19 & pr:39 & th:4 & va:7,"{'problem_analysis': 2, 'design_rationale': 1, 'validation_evidence': 1}"
1570,26,de:21 & im:5 & pr:19 & pr:39 & th:39 & va:0,"{'problem_analysis': 2, 'validation_evidence': 1, 'implementation_mechanism': 1}"
1571,26,de:16 & im:19 & pr:13 & pr:27 & th:12 & va:9,"{'problem_analysis': 2, 'design_rationale': 1, 'theoretical_insight': 1}"
1572,26,de:38 & im:7 & pr:13 & pr:5 & th:12 & va:0,"{'problem_analysis': 2, 'theoretical_insight': 1, 'validation_evidence': 1}"
1573,26,de:20 & im:7 & pr:13 & pr:32 & th:12,"{'problem_analysis': 2, 'theoretical_insight': 1, 'design_rationale': 1}"
1574,26,de:20 & im:19 & pr:11 & pr:13 & pr:4 & th:2 & va:9,"{'problem_analysis': 3, 'theoretical_insight': 1, 'design_rationale': 1}"
1575,26,de:3 & im:16 & pr:13 & pr:2 & pr:39 & th:36 & va:0,"{'problem_analysis': 3, 'implementation_mechanism': 1, 'validation_evidence': 1}"
1576,26,de:3 & im:16 & pr:13 & pr:2 & pr:39 & th:36 & va:26,"{'problem_analysis': 3, 'implementation_mechanism': 1, 'validation_evidence': 1}"
1577,26,de:3 & im:16 & pr:13 & pr:39 & th:13 & va:26,"{'problem_analysis': 2, 'theoretical_insight': 1, 'implementation_mechanism': 1}"
1578,26,de:28 & im:7 & pr:12 & pr:13 & th:12 & va:17 & va:28,"{'problem_analysis': 2, 'validation_evidence': 2, 'design_rationale': 1}"
1579,26,de:3 & im:24 & pr:13 & pr:39 & th:36 & va:26,"{'problem_analysis': 2, 'implementation_mechanism': 1, 'validation_evidence': 1}"
1580,26,de:3 & im:24 & pr:13 & pr:39 & th:19 & th:39 & va:26,"{'problem_analysis': 2, 'theoretical_insight': 2, 'implementation_mechanism': 1}"
1581,26,de:9 & im:4 & pr:12 & pr:6 & th:12 & va:10,"{'problem_analysis': 2, 'theoretical_insight': 1, 'implementation_mechanism': 1}"
1582,26,de:9 & im:19 & pr:12 & pr:6 & th:12 & va:10,"{'problem_analysis': 2, 'theoretical_insight': 1, 'design_rationale': 1}"
1583,26,de:28 & im:7 & pr:12 & pr:19 & pr:6 & th:9 & va:32,"{'problem_analysis': 3, 'design_rationale': 1, 'validation_evidence': 1}"
1584,26,de:7 & im:4 & pr:12 & pr:19 & pr:6 & th:12 & va:10,"{'problem_analysis': 3, 'theoretical_insight': 1, 'implementation_mechanism': 1}"
1585,26,de:16 & de:20 & pr:11 & pr:12 & pr:19 & th:12 & th:2 & va:30,"{'problem_analysis': 3, 'theoretical_insight': 2, 'design_rationale': 2}"
1586,26,de:0 & im:30 & pr:13 & pr:18 & th:23 & va:4,"{'problem_analysis': 2, 'theoretical_insight': 1, 'implementation_mechanism': 1}"
1587,26,de:8 & im:13 & pr:13 & pr:19 & th:30 & th:6 & va:1,"{'theoretical_insight': 2, 'problem_analysis': 2, 'validation_evidence': 1}"
1588,26,de:20 & im:19 & pr:13 & pr:17 & pr:4 & th:1 & va:9,"{'problem_analysis': 3, 'theoretical_insight': 1, 'design_rationale': 1}"
1589,26,de:9 & im:7 & pr:13 & pr:4 & th:12 & va:9,"{'problem_analysis': 2, 'theoretical_insight': 1, 'design_rationale': 1}"
1590,26,de:28 & im:7 & pr:13 & pr:4 & pr:5 & th:1 & va:28,"{'problem_analysis': 3, 'design_rationale': 1, 'theoretical_insight': 1}"
1591,26,de:18 & im:0 & pr:13 & pr:19 & pr:7 & th:7 & va:35,"{'problem_analysis': 3, 'design_rationale': 1, 'theoretical_insight': 1}"
1592,26,de:8 & im:3 & pr:20 & th:30 & va:1,"{'theoretical_insight': 1, 'validation_evidence': 1, 'problem_analysis': 1}"
1593,26,de:15 & im:4 & pr:33 & va:10,"{'implementation_mechanism': 1, 'problem_analysis': 1, 'design_rationale': 1}"
1594,26,de:15 & im:4 & pr:12 & pr:33 & th:2 & va:10,"{'problem_analysis': 2, 'theoretical_insight': 1, 'implementation_mechanism': 1}"
1595,26,de:7 & im:10 & pr:27 & pr:7 & th:37 & va:37,"{'problem_analysis': 2, 'validation_evidence': 1, 'implementation_mechanism': 1}"
1596,26,de:3 & im:16 & pr:2 & th:19 & va:26,"{'implementation_mechanism': 1, 'problem_analysis': 1, 'theoretical_insight': 1}"
1597,26,de:1 & im:13 & im:18 & pr:2 & th:34 & va:26 & va:8,"{'validation_evidence': 2, 'implementation_mechanism': 2, 'problem_analysis': 1}"
1598,26,de:37 & im:1 & pr:12 & pr:33 & th:6 & va:17,"{'problem_analysis': 2, 'validation_evidence': 1, 'implementation_mechanism': 1}"
1599,26,pr:31 & pr:4 & va:28,"{'problem_analysis': 2, 'validation_evidence': 1}"
1600,26,de:16 & im:1 & pr:12 & pr:31 & th:31 & va:39,"{'problem_analysis': 2, 'design_rationale': 1, 'validation_evidence': 1}"
1601,26,de:14 & im:25 & pr:14 & pr:31 & th:26 & va:20,"{'problem_analysis': 2, 'implementation_mechanism': 1, 'validation_evidence': 1}"
1602,26,de:1 & im:8 & pr:16 & pr:20 & pr:31 & th:6 & va:35,"{'problem_analysis': 3, 'implementation_mechanism': 1, 'validation_evidence': 1}"
1603,26,de:12 & im:20 & pr:22 & pr:9 & th:1 & va:12,"{'problem_analysis': 2, 'validation_evidence': 1, 'theoretical_insight': 1}"
1604,26,de:16 & im:1 & pr:12 & pr:4 & th:31 & va:39,"{'problem_analysis': 2, 'design_rationale': 1, 'validation_evidence': 1}"
1605,26,de:7 & im:4 & pr:11 & pr:6 & th:12 & va:10,"{'problem_analysis': 2, 'theoretical_insight': 1, 'implementation_mechanism': 1}"
1606,26,de:37 & im:1 & pr:11 & pr:19 & th:6 & va:17,"{'problem_analysis': 2, 'validation_evidence': 1, 'implementation_mechanism': 1}"
1607,26,de:37 & im:3 & pr:11 & pr:16 & pr:19 & th:28 & va:33,"{'problem_analysis': 3, 'validation_evidence': 1, 'design_rationale': 1}"
1608,26,pr:27 & pr:4 & va:28,"{'problem_analysis': 2, 'validation_evidence': 1}"
1609,25,de:15 & im:4 & pr:32 & pr:6 & th:11 & va:32,"{'problem_analysis': 2, 'implementation_mechanism': 1, 'theoretical_insight': 1}"
1610,25,de:15 & im:4 & pr:31 & pr:9 & th:9 & va:10,"{'problem_analysis': 2, 'design_rationale': 1, 'implementation_mechanism': 1}"
1611,25,de:9 & im:35 & pr:11 & pr:9 & th:2 & va:9,"{'problem_analysis': 2, 'theoretical_insight': 1, 'design_rationale': 1}"
1612,25,pr:23 & pr:31,{'problem_analysis': 2}
1613,25,de:37 & im:1 & pr:19 & pr:23 & th:6 & va:39,"{'problem_analysis': 2, 'validation_evidence': 1, 'implementation_mechanism': 1}"
1614,25,de:14 & im:25 & pr:14 & pr:23 & th:26 & va:20,"{'problem_analysis': 2, 'implementation_mechanism': 1, 'validation_evidence': 1}"
1615,25,de:20 & de:28 & im:19 & pr:12 & pr:23 & pr:24 & va:30,"{'problem_analysis': 3, 'design_rationale': 2, 'validation_evidence': 1}"
1616,25,de:25 & im:34 & pr:12 & pr:26 & th:22 & va:33,"{'problem_analysis': 2, 'design_rationale': 1, 'validation_evidence': 1}"
1617,25,de:16 & im:4 & pr:19 & pr:27 & pr:31 & pr:7 & th:12,"{'problem_analysis': 4, 'design_rationale': 1, 'theoretical_insight': 1}"
1618,25,de:23 & im:27 & pr:22 & pr:5 & th:18 & va:22,"{'problem_analysis': 2, 'design_rationale': 1, 'implementation_mechanism': 1}"
1619,25,im:7 & pr:19 & pr:4 & va:28,"{'problem_analysis': 2, 'implementation_mechanism': 1, 'validation_evidence': 1}"
1620,25,de:3 & im:33 & pr:0 & th:34 & va:26,"{'implementation_mechanism': 1, 'theoretical_insight': 1, 'design_rationale': 1}"
1621,25,de:16 & pr:13 & pr:19 & th:31,"{'problem_analysis': 2, 'theoretical_insight': 1, 'design_rationale': 1}"
1622,25,pr:3 & th:6,"{'problem_analysis': 1, 'theoretical_insight': 1}"
1623,25,de:37 & im:1 & pr:18 & pr:3 & th:6 & va:17,"{'problem_analysis': 2, 'validation_evidence': 1, 'implementation_mechanism': 1}"
1624,25,de:37 & im:1 & pr:12 & pr:13 & th:2 & va:1,"{'problem_analysis': 2, 'theoretical_insight': 1, 'validation_evidence': 1}"
1625,25,de:9 & im:4 & pr:13 & pr:6 & th:11 & va:9,"{'problem_analysis': 2, 'design_rationale': 1, 'implementation_mechanism': 1}"
1626,25,de:16 & im:4 & pr:13 & pr:18 & th:2 & va:10,"{'problem_analysis': 2, 'theoretical_insight': 1, 'design_rationale': 1}"
1627,25,de:16 & im:4 & pr:13 & pr:7 & th:37 & va:2,"{'problem_analysis': 2, 'design_rationale': 1, 'implementation_mechanism': 1}"
1628,25,de:13 & im:1 & pr:13 & pr:19 & th:0 & va:15,"{'problem_analysis': 2, 'design_rationale': 1, 'validation_evidence': 1}"
1629,25,de:14 & im:25 & pr:13 & pr:9 & th:26 & va:20,"{'problem_analysis': 2, 'implementation_mechanism': 1, 'validation_evidence': 1}"
1630,25,de:16 & im:4 & pr:13 & pr:6 & va:9,"{'problem_analysis': 2, 'design_rationale': 1, 'implementation_mechanism': 1}"
1631,25,de:4 & im:31 & pr:13 & pr:3 & pr:33 & th:30 & va:38,"{'problem_analysis': 3, 'theoretical_insight': 1, 'validation_evidence': 1}"
1632,25,pr:11 & pr:12 & th:12 & va:27,"{'problem_analysis': 2, 'theoretical_insight': 1, 'validation_evidence': 1}"
1633,25,de:20 & im:7 & pr:12 & pr:32 & th:12,"{'problem_analysis': 2, 'theoretical_insight': 1, 'design_rationale': 1}"
1634,25,de:14 & im:20 & pr:19 & pr:9 & th:29 & va:19,"{'problem_analysis': 2, 'validation_evidence': 1, 'theoretical_insight': 1}"
1635,25,de:15 & im:4 & pr:13 & pr:31,"{'problem_analysis': 2, 'implementation_mechanism': 1, 'design_rationale': 1}"
1636,25,de:6 & im:21 & pr:0 & pr:13 & th:1,"{'problem_analysis': 2, 'design_rationale': 1, 'theoretical_insight': 1}"
1637,25,de:7 & im:7 & pr:13 & pr:39 & th:5 & va:0,"{'problem_analysis': 2, 'theoretical_insight': 1, 'validation_evidence': 1}"
1638,25,de:20 & im:19 & pr:13 & pr:27 & th:12 & va:9,"{'problem_analysis': 2, 'theoretical_insight': 1, 'design_rationale': 1}"
1639,25,de:29 & im:10 & pr:13 & pr:39 & th:36 & va:0,"{'problem_analysis': 2, 'validation_evidence': 1, 'implementation_mechanism': 1}"
1640,25,de:3 & im:16 & pr:13 & pr:38 & th:12 & va:26,"{'problem_analysis': 2, 'theoretical_insight': 1, 'implementation_mechanism': 1}"
1641,25,de:3 & im:16 & pr:0 & pr:13 & th:1 & va:0,"{'problem_analysis': 2, 'implementation_mechanism': 1, 'theoretical_insight': 1}"
1642,25,de:22 & im:31 & pr:0 & pr:13 & th:1 & va:7,"{'problem_analysis': 2, 'design_rationale': 1, 'theoretical_insight': 1}"
1643,25,de:15 & im:4 & pr:18 & pr:6 & th:11 & va:9,"{'problem_analysis': 2, 'implementation_mechanism': 1, 'theoretical_insight': 1}"
1644,25,de:25 & im:34 & pr:19 & pr:4 & th:21,"{'problem_analysis': 2, 'design_rationale': 1, 'implementation_mechanism': 1}"
1645,25,de:29 & im:9 & pr:33 & pr:4 & th:9 & va:38,"{'problem_analysis': 2, 'implementation_mechanism': 1, 'validation_evidence': 1}"
1646,25,de:3 & im:16 & pr:23 & pr:4 & th:36 & va:0,"{'problem_analysis': 2, 'implementation_mechanism': 1, 'validation_evidence': 1}"
1647,25,de:15 & im:4 & pr:31 & pr:4 & th:9 & va:32,"{'problem_analysis': 2, 'design_rationale': 1, 'implementation_mechanism': 1}"
1648,25,de:8 & im:3 & pr:16 & pr:4 & th:13 & va:1,"{'problem_analysis': 2, 'theoretical_insight': 1, 'validation_evidence': 1}"
1649,25,de:18 & im:0 & pr:19 & pr:4 & pr:7 & th:7 & va:35,"{'problem_analysis': 3, 'design_rationale': 1, 'theoretical_insight': 1}"
1650,25,de:37 & im:3 & pr:19 & pr:33 & th:6 & va:1,"{'problem_analysis': 2, 'validation_evidence': 1, 'design_rationale': 1}"
1651,25,de:22 & im:31 & pr:3 & pr:33 & th:4 & va:7,"{'problem_analysis': 2, 'design_rationale': 1, 'validation_evidence': 1}"
1652,25,de:11 & pr:27 & pr:9 & th:14 & th:2 & va:2,"{'theoretical_insight': 2, 'problem_analysis': 2, 'design_rationale': 1}"
1653,25,de:11 & im:10 & pr:11 & pr:19 & pr:27 & th:2 & va:15,"{'problem_analysis': 3, 'theoretical_insight': 1, 'implementation_mechanism': 1}"
1654,25,de:37 & im:28 & pr:14 & pr:37 & th:30 & va:1,"{'problem_analysis': 2, 'theoretical_insight': 1, 'validation_evidence': 1}"
1655,25,pr:19 & pr:37 & va:37,"{'problem_analysis': 2, 'validation_evidence': 1}"
1656,25,de:38 & im:9 & pr:19 & pr:23 & th:4 & va:28,"{'problem_analysis': 2, 'implementation_mechanism': 1, 'validation_evidence': 1}"
1657,25,de:15 & im:4 & pr:12 & pr:31 & th:2 & va:32,"{'problem_analysis': 2, 'theoretical_insight': 1, 'implementation_mechanism': 1}"
1658,25,de:15 & de:3 & im:16 & im:7 & pr:39 & pr:6 & th:12 & th:36 & va:0,"{'problem_analysis': 2, 'theoretical_insight': 2, 'implementation_mechanism': 2}"
1659,25,de:15 & de:25 & im:34 & im:7 & pr:32 & pr:6 & th:12 & th:21 & va:30,"{'problem_analysis': 2, 'theoretical_insight': 2, 'design_rationale': 2}"
1660,25,pr:19 & pr:33 & va:20,"{'problem_analysis': 2, 'validation_evidence': 1}"
1661,25,de:29 & im:16 & pr:31 & pr:39 & th:36 & va:26,"{'problem_analysis': 2, 'implementation_mechanism': 1, 'design_rationale': 1}"
1662,25,de:25 & im:34 & pr:32 & pr:4 & th:21 & va:30,"{'problem_analysis': 2, 'design_rationale': 1, 'implementation_mechanism': 1}"
1663,25,de:31 & im:2 & pr:10 & th:10 & va:1,"{'validation_evidence': 1, 'theoretical_insight': 1, 'problem_analysis': 1}"
1664,25,de:15 & de:16 & de:37 & im:1 & im:4 & pr:18 & pr:25 & pr:6 & th:0 & th:11 & th:6 & va:10,"{'design_rationale': 3, 'problem_analysis': 3, 'theoretical_insight': 3}"
1665,25,de:29 & im:16 & pr:11 & pr:39 & th:36 & va:26,"{'problem_analysis': 2, 'implementation_mechanism': 1, 'design_rationale': 1}"
1666,25,de:15 & pr:11 & pr:6 & th:11 & va:32,"{'problem_analysis': 2, 'design_rationale': 1, 'theoretical_insight': 1}"
1667,25,de:15 & im:4 & pr:11 & pr:31 & th:2 & va:32,"{'problem_analysis': 2, 'theoretical_insight': 1, 'implementation_mechanism': 1}"
1668,25,de:37 & im:1 & pr:11 & pr:12 & th:6 & va:17,"{'problem_analysis': 2, 'validation_evidence': 1, 'implementation_mechanism': 1}"
1669,25,de:25 & im:34 & pr:22 & pr:32 & th:21 & va:30,"{'problem_analysis': 2, 'design_rationale': 1, 'implementation_mechanism': 1}"
1670,25,de:15 & im:4 & pr:39 & pr:5 & pr:6 & th:11 & va:10,"{'problem_analysis': 3, 'implementation_mechanism': 1, 'theoretical_insight': 1}"
1671,25,de:15 & im:4 & pr:4 & pr:6 & th:11 & th:2 & va:10,"{'theoretical_insight': 2, 'problem_analysis': 2, 'implementation_mechanism': 1}"
1672,25,de:11 & de:15 & im:4 & pr:12 & pr:26 & pr:6 & th:11 & th:25 & th:31 & va:10,"{'problem_analysis': 3, 'theoretical_insight': 3, 'design_rationale': 2}"
1673,24,de:11 & im:38 & pr:32 & pr:6 & th:26 & th:9 & va:2,"{'problem_analysis': 2, 'theoretical_insight': 2, 'implementation_mechanism': 1}"
1674,24,de:37 & im:1 & pr:12 & pr:7 & pr:9 & th:6 & va:1,"{'problem_analysis': 3, 'validation_evidence': 1, 'implementation_mechanism': 1}"
1675,24,de:11 & im:38 & pr:6 & pr:9 & th:26 & th:9 & va:2,"{'problem_analysis': 2, 'theoretical_insight': 2, 'implementation_mechanism': 1}"
1676,24,de:9 & im:4 & pr:23 & pr:6 & th:12 & va:9,"{'problem_analysis': 2, 'theoretical_insight': 1, 'design_rationale': 1}"
1677,24,de:15 & im:4 & pr:23 & pr:6 & th:1 & va:10,"{'problem_analysis': 2, 'theoretical_insight': 1, 'implementation_mechanism': 1}"
1678,24,de:15 & im:4 & pr:31 & pr:7 & th:9 & va:10,"{'problem_analysis': 2, 'design_rationale': 1, 'implementation_mechanism': 1}"
1679,24,de:14 & im:25 & pr:14 & pr:7 & th:26 & va:20,"{'problem_analysis': 2, 'implementation_mechanism': 1, 'validation_evidence': 1}"
1680,24,de:15 & im:4 & pr:19 & pr:6 & pr:7 & th:11 & va:9,"{'problem_analysis': 3, 'implementation_mechanism': 1, 'theoretical_insight': 1}"
1681,24,de:3 & im:16 & pr:19 & pr:39 & pr:7 & th:36 & va:26,"{'problem_analysis': 3, 'implementation_mechanism': 1, 'validation_evidence': 1}"
1682,24,de:16 & im:1 & pr:18 & pr:19 & th:0 & va:17,"{'problem_analysis': 2, 'design_rationale': 1, 'validation_evidence': 1}"
1683,24,de:16 & im:1 & pr:18 & pr:19 & th:0 & va:15,"{'problem_analysis': 2, 'design_rationale': 1, 'validation_evidence': 1}"
1684,24,de:37 & im:1 & pr:19 & pr:9 & th:6 & va:17,"{'problem_analysis': 2, 'validation_evidence': 1, 'implementation_mechanism': 1}"
1685,24,de:37 & im:1 & pr:12 & pr:39 & th:6 & va:39,"{'problem_analysis': 2, 'validation_evidence': 1, 'implementation_mechanism': 1}"
1686,24,de:3 & im:3 & pr:14 & th:34 & va:1,"{'validation_evidence': 1, 'problem_analysis': 1, 'theoretical_insight': 1}"
1687,24,de:22 & im:31 & pr:13 & th:4 & va:11,"{'problem_analysis': 1, 'design_rationale': 1, 'theoretical_insight': 1}"
1688,24,de:21 & im:5 & pr:13 & pr:39 & th:39 & va:0,"{'problem_analysis': 2, 'validation_evidence': 1, 'implementation_mechanism': 1}"
1689,24,de:15 & de:28 & im:4 & im:7 & pr:13 & pr:6 & th:9 & va:32,"{'design_rationale': 2, 'problem_analysis': 2, 'implementation_mechanism': 2}"
1690,24,de:15 & im:4 & pr:12 & pr:6 & th:12 & va:32,"{'problem_analysis': 2, 'theoretical_insight': 1, 'implementation_mechanism': 1}"
1691,24,de:9 & im:4 & pr:12 & pr:6 & th:12,"{'problem_analysis': 2, 'theoretical_insight': 1, 'implementation_mechanism': 1}"
1692,24,de:17 & im:4 & pr:12 & pr:6 & th:12 & va:9,"{'problem_analysis': 2, 'design_rationale': 1, 'theoretical_insight': 1}"
1693,24,de:9 & im:4 & pr:12 & pr:3 & pr:6 & th:11 & va:11,"{'problem_analysis': 3, 'design_rationale': 1, 'implementation_mechanism': 1}"
1694,24,de:13 & im:7 & pr:13 & pr:26 & va:30,"{'problem_analysis': 2, 'design_rationale': 1, 'validation_evidence': 1}"
1695,24,de:16 & im:10 & pr:13 & pr:6 & th:12 & va:3,"{'problem_analysis': 2, 'design_rationale': 1, 'validation_evidence': 1}"
1696,24,de:37 & im:1 & pr:16 & pr:9 & th:6 & va:17,"{'problem_analysis': 2, 'validation_evidence': 1, 'implementation_mechanism': 1}"
1697,24,de:16 & pr:12 & pr:4 & th:2 & va:2,"{'problem_analysis': 2, 'theoretical_insight': 1, 'design_rationale': 1}"
1698,24,de:1 & im:1 & pr:13 & pr:36 & pr:4 & th:23 & va:4,"{'problem_analysis': 3, 'theoretical_insight': 1, 'design_rationale': 1}"
1699,24,de:3 & im:33 & pr:19 & pr:2 & pr:4 & th:34 & va:26,"{'problem_analysis': 3, 'theoretical_insight': 1, 'implementation_mechanism': 1}"
1700,24,de:14 & im:20 & pr:27 & pr:9 & th:14 & va:19,"{'problem_analysis': 2, 'validation_evidence': 1, 'implementation_mechanism': 1}"
1701,24,de:14 & im:25 & pr:27 & pr:7 & th:26 & va:20,"{'problem_analysis': 2, 'implementation_mechanism': 1, 'validation_evidence': 1}"
1702,24,de:15 & de:20 & im:19 & im:4 & pr:11 & pr:27 & pr:6 & th:11 & th:2 & va:10,"{'problem_analysis': 3, 'theoretical_insight': 2, 'implementation_mechanism': 2}"
1703,24,pr:16 & pr:19 & th:33 & va:17,"{'problem_analysis': 2, 'theoretical_insight': 1, 'validation_evidence': 1}"
1704,24,de:0 & im:3 & pr:16 & pr:19 & th:7 & va:23,"{'problem_analysis': 2, 'theoretical_insight': 1, 'validation_evidence': 1}"
1705,24,de:28 & im:7 & pr:12 & pr:26 & th:5 & va:17,"{'problem_analysis': 2, 'design_rationale': 1, 'theoretical_insight': 1}"
1706,24,de:34 & im:10 & pr:10 & pr:16 & pr:19 & th:3 & va:4,"{'problem_analysis': 3, 'theoretical_insight': 1, 'implementation_mechanism': 1}"
1707,24,de:11 & im:38 & pr:16 & pr:6 & th:26 & th:9 & va:2,"{'problem_analysis': 2, 'theoretical_insight': 2, 'implementation_mechanism': 1}"
1708,24,de:37 & im:1 & pr:19 & pr:31 & th:6 & va:39,"{'problem_analysis': 2, 'validation_evidence': 1, 'implementation_mechanism': 1}"
1709,24,de:37 & im:1 & pr:12 & pr:31 & th:6 & va:17,"{'problem_analysis': 2, 'validation_evidence': 1, 'implementation_mechanism': 1}"
1710,24,de:1 & im:1 & pr:13 & pr:19 & pr:31 & th:23 & va:4,"{'problem_analysis': 3, 'theoretical_insight': 1, 'design_rationale': 1}"
1711,24,de:15 & im:4 & pr:31 & pr:4 & th:2 & va:10,"{'problem_analysis': 2, 'theoretical_insight': 1, 'implementation_mechanism': 1}"
1712,24,de:20 & im:19 & pr:26 & pr:35 & th:12 & va:2,"{'problem_analysis': 2, 'theoretical_insight': 1, 'design_rationale': 1}"
1713,24,de:20 & de:28 & im:19 & pr:12 & pr:24 & pr:26 & va:30,"{'problem_analysis': 3, 'design_rationale': 2, 'validation_evidence': 1}"
1714,24,de:37 & im:1 & pr:18 & pr:23 & pr:39 & th:6 & va:17 & va:38,"{'problem_analysis': 3, 'validation_evidence': 2, 'implementation_mechanism': 1}"
1715,24,de:3 & im:16 & pr:12 & pr:23 & pr:39 & th:36 & va:26 & va:38,"{'problem_analysis': 3, 'validation_evidence': 2, 'implementation_mechanism': 1}"
1716,24,de:15 & im:4 & pr:12 & pr:23 & pr:39 & pr:6 & th:11 & va:38 & va:9,"{'problem_analysis': 4, 'validation_evidence': 2, 'implementation_mechanism': 1}"
1717,24,de:37 & im:1 & pr:19 & pr:22 & th:6 & va:37,"{'problem_analysis': 2, 'validation_evidence': 1, 'implementation_mechanism': 1}"
1718,24,de:37 & im:3 & pr:16 & pr:19 & pr:22 & th:28 & va:33,"{'problem_analysis': 3, 'validation_evidence': 1, 'design_rationale': 1}"
1719,24,de:15 & im:4 & im:7 & pr:4 & pr:6 & th:12 & va:10,"{'problem_analysis': 2, 'implementation_mechanism': 2, 'theoretical_insight': 1}"
1720,24,de:3 & im:16 & pr:11 & pr:12 & pr:39 & th:2 & th:36 & va:26,"{'problem_analysis': 3, 'theoretical_insight': 2, 'implementation_mechanism': 1}"
1721,24,de:22 & im:31 & pr:11 & pr:31 & th:2,"{'problem_analysis': 2, 'theoretical_insight': 1, 'design_rationale': 1}"
1722,24,de:22 & im:31 & pr:11 & pr:31 & th:2 & va:4,"{'problem_analysis': 2, 'theoretical_insight': 1, 'design_rationale': 1}"
1723,24,de:1 & im:1 & pr:13 & pr:19 & pr:27 & th:23 & va:4,"{'problem_analysis': 3, 'theoretical_insight': 1, 'design_rationale': 1}"
1724,24,de:11 & im:38 & pr:12 & pr:6 & th:26 & th:9 & va:2,"{'problem_analysis': 2, 'theoretical_insight': 2, 'implementation_mechanism': 1}"
1725,24,im:31 & pr:12 & pr:13 & th:4,"{'problem_analysis': 2, 'theoretical_insight': 1, 'implementation_mechanism': 1}"
1726,24,de:15 & im:4 & pr:11 & pr:14 & pr:6 & th:11 & va:32,"{'problem_analysis': 3, 'implementation_mechanism': 1, 'theoretical_insight': 1}"
1727,24,de:37 & im:1 & pr:9 & th:14 & th:6 & va:17,"{'theoretical_insight': 2, 'problem_analysis': 1, 'validation_evidence': 1}"
1728,24,de:11 & de:13 & de:15 & im:1 & im:4 & pr:12 & pr:6 & pr:7 & th:11 & th:14 & th:37 & va:10,"{'design_rationale': 3, 'problem_analysis': 3, 'theoretical_insight': 3}"
1729,24,de:0 & de:15 & im:3 & im:4 & pr:18 & pr:19 & pr:6 & th:11 & th:20 & th:7 & va:10,"{'theoretical_insight': 3, 'problem_analysis': 3, 'implementation_mechanism': 2}"
1730,23,de:20 & im:19 & pr:11 & pr:9 & th:12 & va:9,"{'problem_analysis': 2, 'theoretical_insight': 1, 'design_rationale': 1}"
1731,23,de:37 & im:1 & pr:19 & pr:23 & th:6 & va:37,"{'problem_analysis': 2, 'validation_evidence': 1, 'implementation_mechanism': 1}"
1732,23,de:3 & im:16 & pr:2 & pr:23 & pr:39 & th:36 & va:26,"{'problem_analysis': 3, 'implementation_mechanism': 1, 'validation_evidence': 1}"
1733,23,de:25 & im:34 & pr:6 & th:12 & va:33,"{'problem_analysis': 1, 'theoretical_insight': 1, 'design_rationale': 1}"
1734,23,de:37 & im:1 & pr:19 & pr:7 & th:37 & va:39,"{'problem_analysis': 2, 'validation_evidence': 1, 'theoretical_insight': 1}"
1735,23,de:23 & im:27 & pr:22 & pr:7 & th:18 & va:22,"{'problem_analysis': 2, 'design_rationale': 1, 'implementation_mechanism': 1}"
1736,23,de:37 & im:1 & pr:12 & pr:18 & pr:6 & th:6 & va:17,"{'problem_analysis': 3, 'validation_evidence': 1, 'implementation_mechanism': 1}"
1737,23,de:8 & im:13 & pr:13 & pr:19 & th:9 & va:1,"{'problem_analysis': 2, 'validation_evidence': 1, 'implementation_mechanism': 1}"
1738,23,de:24 & im:24 & pr:13 & pr:19 & pr:2 & th:10 & va:8,"{'problem_analysis': 3, 'theoretical_insight': 1, 'implementation_mechanism': 1}"
1739,23,de:24 & im:2 & pr:13 & pr:19 & th:13 & va:7,"{'problem_analysis': 2, 'theoretical_insight': 1, 'validation_evidence': 1}"
1740,23,pr:12 & pr:39 & th:2,"{'problem_analysis': 2, 'theoretical_insight': 1}"
1741,23,im:31 & pr:13 & pr:39 & th:4 & va:0,"{'problem_analysis': 2, 'validation_evidence': 1, 'implementation_mechanism': 1}"
1742,23,de:29 & im:9 & pr:33 & pr:39 & th:9 & va:38,"{'problem_analysis': 2, 'implementation_mechanism': 1, 'validation_evidence': 1}"
1743,23,de:17 & im:20 & pr:39 & pr:4 & th:12 & va:9,"{'problem_analysis': 2, 'design_rationale': 1, 'theoretical_insight': 1}"
1744,23,de:17 & im:19 & pr:39 & pr:4 & th:12 & va:9,"{'problem_analysis': 2, 'design_rationale': 1, 'implementation_mechanism': 1}"
1745,23,de:20 & im:7 & pr:39 & pr:6 & th:12 & va:0,"{'problem_analysis': 2, 'theoretical_insight': 1, 'validation_evidence': 1}"
1746,23,de:15 & im:4 & pr:11 & pr:39 & th:11 & va:30,"{'problem_analysis': 2, 'validation_evidence': 1, 'implementation_mechanism': 1}"
1747,23,de:3 & im:10 & pr:0 & pr:39 & th:39 & va:0,"{'problem_analysis': 2, 'validation_evidence': 1, 'implementation_mechanism': 1}"
1748,23,im:31 & pr:13 & pr:39 & th:4 & va:7,"{'problem_analysis': 2, 'validation_evidence': 1, 'implementation_mechanism': 1}"
1749,23,de:8 & im:3 & pr:16 & pr:39 & th:13 & va:1,"{'problem_analysis': 2, 'theoretical_insight': 1, 'validation_evidence': 1}"
1750,23,de:16 & im:4 & pr:27 & pr:31 & pr:39 & th:12,"{'problem_analysis': 3, 'design_rationale': 1, 'theoretical_insight': 1}"
1751,23,de:20 & im:19 & pr:11 & pr:39 & pr:4 & th:2 & va:9,"{'problem_analysis': 3, 'theoretical_insight': 1, 'implementation_mechanism': 1}"
1752,23,de:8 & im:1 & pr:10 & pr:39 & th:6 & va:10,"{'problem_analysis': 2, 'design_rationale': 1, 'implementation_mechanism': 1}"
1753,23,de:3 & im:3 & pr:16 & pr:39 & th:28 & va:1,"{'problem_analysis': 2, 'validation_evidence': 1, 'design_rationale': 1}"
1754,23,de:39 & im:0 & pr:10 & pr:16 & pr:39 & va:1,"{'problem_analysis': 3, 'validation_evidence': 1, 'design_rationale': 1}"
1755,23,de:33 & im:5 & pr:16 & pr:39 & th:8 & va:20,"{'problem_analysis': 2, 'design_rationale': 1, 'theoretical_insight': 1}"
1756,23,de:4 & im:10 & pr:19 & pr:39 & th:8 & va:33,"{'problem_analysis': 2, 'implementation_mechanism': 1, 'theoretical_insight': 1}"
1757,23,de:20 & im:19 & pr:32 & pr:39 & th:12 & va:9,"{'problem_analysis': 2, 'implementation_mechanism': 1, 'theoretical_insight': 1}"
1758,23,de:6 & im:7 & pr:19 & pr:39 & pr:8 & th:34 & va:12,"{'problem_analysis': 3, 'validation_evidence': 1, 'design_rationale': 1}"
1759,23,de:17 & im:7 & pr:11 & pr:27 & pr:39 & th:12 & va:9,"{'problem_analysis': 3, 'design_rationale': 1, 'theoretical_insight': 1}"
1760,23,de:12 & im:8 & pr:16 & pr:39 & th:26 & va:1,"{'problem_analysis': 2, 'implementation_mechanism': 1, 'validation_evidence': 1}"
1761,23,de:18 & im:0 & pr:16 & pr:39 & th:19 & va:19,"{'problem_analysis': 2, 'validation_evidence': 1, 'design_rationale': 1}"
1762,23,de:24 & im:24 & pr:13 & pr:2 & pr:39 & th:10 & va:8,"{'problem_analysis': 3, 'theoretical_insight': 1, 'implementation_mechanism': 1}"
1763,23,de:15 & im:19 & pr:27 & pr:39 & pr:6 & th:12 & va:32,"{'problem_analysis': 3, 'implementation_mechanism': 1, 'theoretical_insight': 1}"
1764,23,de:15 & de:28 & im:4 & im:7 & pr:39 & pr:6 & th:9 & va:32,"{'design_rationale': 2, 'problem_analysis': 2, 'implementation_mechanism': 2}"
1765,23,de:6 & im:11 & pr:13 & pr:39 & pr:5 & th:1 & va:4,"{'problem_analysis': 3, 'design_rationale': 1, 'theoretical_insight': 1}"
1766,23,de:18 & im:10 & pr:19 & pr:39 & th:37 & va:20,"{'problem_analysis': 2, 'design_rationale': 1, 'implementation_mechanism': 1}"
1767,23,de:29 & im:29 & pr:19 & pr:2 & pr:39 & th:29 & va:8,"{'problem_analysis': 3, 'theoretical_insight': 1, 'validation_evidence': 1}"
1768,23,de:11 & im:10 & im:31 & pr:13 & pr:23 & pr:39 & th:25 & th:4 & va:1 & va:20,"{'problem_analysis': 3, 'validation_evidence': 2, 'theoretical_insight': 2}"
1769,23,pr:13 & pr:17,{'problem_analysis': 2}
1770,23,de:20 & im:7 & pr:13 & pr:27 & va:25,"{'problem_analysis': 2, 'validation_evidence': 1, 'design_rationale': 1}"
1771,23,de:16 & im:35 & pr:12 & pr:13 & th:2 & va:2,"{'problem_analysis': 2, 'theoretical_insight': 1, 'design_rationale': 1}"
1772,23,de:15 & im:19 & pr:13 & pr:35 & th:12 & va:30,"{'problem_analysis': 2, 'theoretical_insight': 1, 'validation_evidence': 1}"
1773,23,de:25 & im:34 & pr:13 & pr:26 & th:22 & va:33,"{'problem_analysis': 2, 'design_rationale': 1, 'validation_evidence': 1}"
1774,23,de:16 & de:38 & im:7 & pr:13 & pr:26 & th:2 & va:18,"{'problem_analysis': 2, 'design_rationale': 2, 'theoretical_insight': 1}"
1775,23,de:14 & im:25 & pr:12 & pr:7 & th:26 & va:20,"{'problem_analysis': 2, 'implementation_mechanism': 1, 'validation_evidence': 1}"
1776,23,de:16 & im:4 & pr:12 & pr:27 & pr:31 & pr:7 & th:12,"{'problem_analysis': 4, 'design_rationale': 1, 'theoretical_insight': 1}"
1777,23,de:20 & im:7 & pr:12 & pr:4 & th:1 & va:9,"{'problem_analysis': 2, 'theoretical_insight': 1, 'design_rationale': 1}"
1778,23,de:20 & im:19 & pr:11 & pr:12 & pr:19 & th:12 & va:9,"{'problem_analysis': 3, 'theoretical_insight': 1, 'design_rationale': 1}"
1779,23,de:22 & im:31 & pr:12 & pr:19 & pr:3 & th:4 & va:7,"{'problem_analysis': 3, 'design_rationale': 1, 'validation_evidence': 1}"
1780,23,de:9 & im:4 & pr:6 & pr:9 & th:12 & va:9,"{'problem_analysis': 2, 'theoretical_insight': 1, 'implementation_mechanism': 1}"
1781,23,de:20 & im:19 & pr:11 & pr:19 & pr:4 & th:2 & va:9,"{'problem_analysis': 3, 'theoretical_insight': 1, 'design_rationale': 1}"
1782,23,pr:13 & pr:19,{'problem_analysis': 2}
1783,23,de:15 & pr:13 & pr:6,"{'problem_analysis': 2, 'design_rationale': 1}"
1784,23,de:15 & im:4 & pr:13 & va:32,"{'implementation_mechanism': 1, 'problem_analysis': 1, 'design_rationale': 1}"
1785,23,pr:13 & pr:31,{'problem_analysis': 2}
1786,23,de:15 & im:4 & pr:13 & pr:6 & th:11 & va:15,"{'problem_analysis': 2, 'implementation_mechanism': 1, 'theoretical_insight': 1}"
1787,23,de:16 & im:4 & pr:13 & pr:31 & th:2 & va:10,"{'problem_analysis': 2, 'theoretical_insight': 1, 'design_rationale': 1}"
1788,23,de:9 & im:35 & pr:13 & pr:6 & th:12 & va:2,"{'problem_analysis': 2, 'theoretical_insight': 1, 'design_rationale': 1}"
1789,23,de:16 & im:4 & pr:13 & pr:7 & th:6 & va:10,"{'problem_analysis': 2, 'design_rationale': 1, 'implementation_mechanism': 1}"
1790,23,de:14 & im:20 & pr:13 & pr:9 & th:8 & va:19,"{'problem_analysis': 2, 'validation_evidence': 1, 'theoretical_insight': 1}"
1791,23,de:28 & im:9 & pr:13 & pr:30 & th:35 & va:28,"{'problem_analysis': 2, 'design_rationale': 1, 'implementation_mechanism': 1}"
1792,23,de:15 & pr:13 & pr:6 & th:11 & va:32,"{'problem_analysis': 2, 'design_rationale': 1, 'theoretical_insight': 1}"
1793,23,de:37 & im:1 & pr:13 & pr:25 & th:37 & va:39,"{'problem_analysis': 2, 'validation_evidence': 1, 'theoretical_insight': 1}"
1794,23,de:22 & im:31 & pr:13 & pr:31 & th:2,"{'problem_analysis': 2, 'theoretical_insight': 1, 'design_rationale': 1}"
1795,23,de:14 & im:25 & pr:13 & pr:7 & th:26 & va:20,"{'problem_analysis': 2, 'implementation_mechanism': 1, 'validation_evidence': 1}"
1796,23,de:22 & im:31 & pr:13 & pr:31 & th:2 & va:4,"{'problem_analysis': 2, 'theoretical_insight': 1, 'design_rationale': 1}"
1797,23,de:8 & im:1 & pr:13 & pr:19 & th:9 & va:1,"{'problem_analysis': 2, 'validation_evidence': 1, 'design_rationale': 1}"
1798,23,de:37 & im:1 & pr:12 & pr:16 & pr:7 & th:6 & va:1,"{'problem_analysis': 3, 'validation_evidence': 1, 'implementation_mechanism': 1}"
1799,23,de:14 & im:25 & pr:19 & th:14 & va:19 & va:20,"{'validation_evidence': 2, 'problem_analysis': 1, 'implementation_mechanism': 1}"
1800,23,de:20 & im:19 & pr:19 & pr:32 & th:12 & va:9,"{'problem_analysis': 2, 'theoretical_insight': 1, 'design_rationale': 1}"
1801,23,de:15 & im:10 & pr:4 & pr:6 & th:11 & va:10,"{'problem_analysis': 2, 'theoretical_insight': 1, 'implementation_mechanism': 1}"
1802,23,de:37 & im:1 & pr:12 & pr:4 & pr:7 & th:6 & va:1,"{'problem_analysis': 3, 'validation_evidence': 1, 'implementation_mechanism': 1}"
1803,23,de:11 & im:10 & pr:11 & pr:19 & pr:4 & th:2 & va:15,"{'problem_analysis': 3, 'theoretical_insight': 1, 'implementation_mechanism': 1}"
1804,23,de:16 & im:38 & pr:4 & pr:6 & th:12 & th:26 & th:9 & va:2,"{'theoretical_insight': 3, 'problem_analysis': 2, 'implementation_mechanism': 1}"
1805,23,de:7 & im:34 & pr:11 & pr:31 & pr:4 & pr:5 & th:12 & va:18,"{'problem_analysis': 4, 'theoretical_insight': 1, 'design_rationale': 1}"
1806,23,pr:19 & pr:27,{'problem_analysis': 2}
1807,23,de:16 & im:4 & pr:27,"{'implementation_mechanism': 1, 'design_rationale': 1, 'problem_analysis': 1}"
1808,23,pr:27 & pr:33,{'problem_analysis': 2}
1809,23,de:15 & im:4 & pr:27 & pr:31,"{'problem_analysis': 2, 'implementation_mechanism': 1, 'design_rationale': 1}"
1810,23,de:15 & pr:27 & pr:6 & th:1,"{'problem_analysis': 2, 'theoretical_insight': 1, 'design_rationale': 1}"
1811,23,pr:27 & pr:31,{'problem_analysis': 2}
1812,23,de:3 & im:16 & pr:27 & pr:7 & va:0,"{'problem_analysis': 2, 'implementation_mechanism': 1, 'validation_evidence': 1}"
1813,23,im:4 & pr:27 & pr:31 & th:9 & va:10,"{'problem_analysis': 2, 'implementation_mechanism': 1, 'validation_evidence': 1}"
1814,23,de:16 & im:31 & pr:12 & pr:27 & th:4,"{'problem_analysis': 2, 'design_rationale': 1, 'theoretical_insight': 1}"
1815,23,de:16 & pr:12 & pr:27 & th:2 & va:2,"{'problem_analysis': 2, 'theoretical_insight': 1, 'design_rationale': 1}"
1816,23,pr:12 & pr:27 & th:2,"{'problem_analysis': 2, 'theoretical_insight': 1}"
1817,23,de:20 & im:7 & pr:27 & pr:6 & th:12 & va:0,"{'problem_analysis': 2, 'theoretical_insight': 1, 'validation_evidence': 1}"
1818,23,de:15 & im:19 & pr:27 & pr:6 & th:12 & va:10,"{'problem_analysis': 2, 'theoretical_insight': 1, 'implementation_mechanism': 1}"
1819,23,de:14 & im:25 & pr:14 & pr:27 & th:26,"{'problem_analysis': 2, 'implementation_mechanism': 1, 'theoretical_insight': 1}"
1820,23,de:37 & im:28 & pr:27 & pr:7 & th:6 & va:1,"{'problem_analysis': 2, 'validation_evidence': 1, 'implementation_mechanism': 1}"
1821,23,de:6 & im:21 & pr:27 & pr:32 & th:1 & va:8,"{'problem_analysis': 2, 'design_rationale': 1, 'theoretical_insight': 1}"
1822,23,de:15 & im:4 & pr:13 & pr:27 & th:4 & va:12,"{'problem_analysis': 2, 'validation_evidence': 1, 'implementation_mechanism': 1}"
1823,23,de:37 & im:1 & pr:12 & pr:27 & th:6 & va:15,"{'problem_analysis': 2, 'validation_evidence': 1, 'implementation_mechanism': 1}"
1824,23,de:6 & im:21 & pr:27 & pr:30 & th:1 & va:18,"{'problem_analysis': 2, 'design_rationale': 1, 'theoretical_insight': 1}"
1825,23,de:6 & im:31 & pr:27 & pr:30 & th:5 & va:0,"{'problem_analysis': 2, 'design_rationale': 1, 'theoretical_insight': 1}"
1826,23,de:6 & im:21 & pr:27 & pr:4 & th:1 & va:28,"{'problem_analysis': 2, 'design_rationale': 1, 'theoretical_insight': 1}"
1827,23,de:15 & im:4 & pr:27 & pr:31 & th:12 & va:10,"{'problem_analysis': 2, 'theoretical_insight': 1, 'implementation_mechanism': 1}"
1828,23,pr:2 & pr:27 & pr:33 & th:36 & va:7,"{'problem_analysis': 3, 'validation_evidence': 1, 'theoretical_insight': 1}"
1829,23,de:7 & im:14 & pr:27 & pr:4 & th:1 & va:28,"{'problem_analysis': 2, 'implementation_mechanism': 1, 'theoretical_insight': 1}"
1830,23,pr:27 & pr:31 & pr:6 & th:11 & va:2,"{'problem_analysis': 3, 'theoretical_insight': 1, 'validation_evidence': 1}"
1831,23,de:4 & im:7 & pr:27 & pr:6 & th:12 & va:30,"{'problem_analysis': 2, 'theoretical_insight': 1, 'validation_evidence': 1}"
1832,23,de:29 & im:10 & pr:19 & pr:27 & th:5 & va:1,"{'problem_analysis': 2, 'validation_evidence': 1, 'theoretical_insight': 1}"
1833,23,de:13 & im:1 & pr:27 & pr:7 & th:37 & va:39,"{'problem_analysis': 2, 'design_rationale': 1, 'validation_evidence': 1}"
1834,23,de:15 & im:4 & pr:27 & pr:31 & th:9 & va:32,"{'problem_analysis': 2, 'design_rationale': 1, 'implementation_mechanism': 1}"
1835,23,de:17 & im:4 & pr:27 & pr:6 & th:12 & va:9,"{'problem_analysis': 2, 'design_rationale': 1, 'theoretical_insight': 1}"
1836,23,de:23 & im:38 & pr:27 & pr:6 & th:12 & va:2,"{'problem_analysis': 2, 'implementation_mechanism': 1, 'design_rationale': 1}"
1837,23,de:9 & im:4 & pr:27 & pr:6 & th:12,"{'problem_analysis': 2, 'theoretical_insight': 1, 'implementation_mechanism': 1}"
1838,23,de:15 & im:10 & pr:27 & pr:6 & th:11 & va:10,"{'problem_analysis': 2, 'theoretical_insight': 1, 'implementation_mechanism': 1}"
1839,23,de:37 & im:8 & pr:19 & pr:27 & th:28 & va:1,"{'problem_analysis': 2, 'implementation_mechanism': 1, 'validation_evidence': 1}"
1840,23,de:14 & im:25 & pr:14 & pr:27 & va:20,"{'problem_analysis': 2, 'implementation_mechanism': 1, 'validation_evidence': 1}"
1841,23,de:16 & im:1 & pr:27 & pr:9 & th:14 & va:37,"{'problem_analysis': 2, 'design_rationale': 1, 'validation_evidence': 1}"
1842,23,de:37 & im:1 & pr:27 & pr:7 & th:37 & va:1,"{'problem_analysis': 2, 'validation_evidence': 1, 'theoretical_insight': 1}"
1843,23,de:37 & im:1 & pr:27 & pr:7 & th:37 & va:39,"{'problem_analysis': 2, 'validation_evidence': 1, 'theoretical_insight': 1}"
1844,23,de:13 & im:1 & pr:27 & pr:7 & th:37 & va:15,"{'problem_analysis': 2, 'design_rationale': 1, 'validation_evidence': 1}"
1845,23,de:15 & im:4 & pr:27 & pr:6 & th:2 & va:32,"{'problem_analysis': 2, 'theoretical_insight': 1, 'implementation_mechanism': 1}"
1846,23,de:11 & im:1 & pr:10 & pr:27 & pr:31 & th:27 & va:22,"{'problem_analysis': 3, 'design_rationale': 1, 'validation_evidence': 1}"
1847,23,de:15 & im:7 & pr:27 & pr:6 & th:12 & va:10,"{'problem_analysis': 2, 'theoretical_insight': 1, 'validation_evidence': 1}"
1848,23,de:3 & im:8 & pr:27 & pr:39 & pr:7 & th:36 & va:0,"{'problem_analysis': 3, 'implementation_mechanism': 1, 'validation_evidence': 1}"
1849,23,de:37 & im:1 & pr:12 & pr:27 & pr:7 & th:6 & va:1,"{'problem_analysis': 3, 'validation_evidence': 1, 'implementation_mechanism': 1}"
1850,23,de:9 & im:4 & pr:27 & pr:3 & pr:6 & th:11 & va:11,"{'problem_analysis': 3, 'validation_evidence': 1, 'design_rationale': 1}"
1851,23,de:22 & im:1 & pr:13 & pr:27 & pr:33 & th:10 & va:12,"{'problem_analysis': 3, 'validation_evidence': 1, 'theoretical_insight': 1}"
1852,23,de:4 & im:31 & pr:27 & pr:3 & pr:33 & th:30 & va:38,"{'problem_analysis': 3, 'theoretical_insight': 1, 'validation_evidence': 1}"
1853,23,de:7 & im:7 & pr:11 & pr:14 & pr:27 & pr:6 & th:12 & va:18,"{'problem_analysis': 4, 'theoretical_insight': 1, 'design_rationale': 1}"
1854,23,de:16 & im:38 & pr:27 & pr:6 & th:12 & th:26 & th:9 & va:2,"{'theoretical_insight': 3, 'problem_analysis': 2, 'implementation_mechanism': 1}"
1855,23,de:18 & im:0 & pr:19 & pr:27 & pr:7 & th:7 & va:35,"{'problem_analysis': 3, 'design_rationale': 1, 'implementation_mechanism': 1}"
1856,23,de:23 & im:27 & pr:22 & pr:27 & pr:28 & pr:31 & pr:6 & th:18 & th:33 & va:2,"{'problem_analysis': 5, 'theoretical_insight': 2, 'design_rationale': 1}"
1857,23,de:15 & im:4 & im:7 & pr:27 & pr:6 & th:12,"{'problem_analysis': 2, 'implementation_mechanism': 2, 'theoretical_insight': 1}"
1858,23,de:15 & im:4 & im:7 & pr:27 & pr:6 & th:11 & th:12 & va:10,"{'problem_analysis': 2, 'theoretical_insight': 2, 'implementation_mechanism': 2}"
1859,23,de:15 & im:4 & pr:12 & pr:37 & pr:6 & th:11 & va:10,"{'problem_analysis': 3, 'implementation_mechanism': 1, 'theoretical_insight': 1}"
1860,23,de:15 & im:4 & pr:12 & pr:20 & pr:37 & pr:6 & th:11 & th:30 & th:6 & va:10,"{'problem_analysis': 4, 'theoretical_insight': 3, 'implementation_mechanism': 1}"
1861,23,de:37 & im:3 & pr:16 & pr:19 & th:6 & va:1,"{'problem_analysis': 2, 'validation_evidence': 1, 'design_rationale': 1}"
1862,23,de:22 & im:36 & pr:13 & th:4 & va:0,"{'problem_analysis': 1, 'design_rationale': 1, 'implementation_mechanism': 1}"
1863,23,de:6 & im:7 & pr:8 & th:34 & va:0,"{'design_rationale': 1, 'validation_evidence': 1, 'theoretical_insight': 1}"
1864,23,de:14 & im:25 & pr:12 & pr:14 & th:26 & va:20,"{'problem_analysis': 2, 'implementation_mechanism': 1, 'validation_evidence': 1}"
1865,23,de:14 & im:20 & pr:12 & pr:9 & th:14 & va:19,"{'problem_analysis': 2, 'validation_evidence': 1, 'implementation_mechanism': 1}"
1866,23,pr:16 & pr:31,{'problem_analysis': 2}
1867,23,de:37 & im:1 & pr:19 & pr:31 & th:6 & va:17,"{'problem_analysis': 2, 'validation_evidence': 1, 'implementation_mechanism': 1}"
1868,23,de:9 & im:4 & pr:26 & pr:6 & th:12 & va:9,"{'problem_analysis': 2, 'theoretical_insight': 1, 'implementation_mechanism': 1}"
1869,23,im:13 & pr:12 & pr:2 & pr:39 & th:3 & va:36,"{'problem_analysis': 3, 'theoretical_insight': 1, 'implementation_mechanism': 1}"
1870,23,de:15 & im:4 & pr:12 & pr:6 & pr:7 & pr:9 & th:11 & va:9,"{'problem_analysis': 4, 'implementation_mechanism': 1, 'theoretical_insight': 1}"
1871,23,de:15 & im:19 & pr:11 & pr:27 & pr:6 & th:12 & va:32,"{'problem_analysis': 3, 'theoretical_insight': 1, 'implementation_mechanism': 1}"
1872,23,de:37 & im:1 & pr:19 & pr:28 & pr:31 & pr:6 & th:33 & th:6 & va:1,"{'problem_analysis': 4, 'theoretical_insight': 2, 'validation_evidence': 1}"
1873,23,de:37 & im:1 & pr:12 & pr:27 & th:6 & va:17,"{'problem_analysis': 2, 'validation_evidence': 1, 'implementation_mechanism': 1}"
1874,22,de:20 & im:19 & pr:11 & pr:32 & th:12 & va:9,"{'problem_analysis': 2, 'theoretical_insight': 1, 'design_rationale': 1}"
1875,22,de:14 & im:25 & pr:19 & pr:9 & th:26 & va:20,"{'problem_analysis': 2, 'implementation_mechanism': 1, 'validation_evidence': 1}"
1876,22,de:15 & im:4 & pr:12 & pr:23 & th:2 & va:10,"{'problem_analysis': 2, 'theoretical_insight': 1, 'implementation_mechanism': 1}"
1877,22,de:7 & im:10 & pr:19 & pr:23 & th:37 & va:37,"{'problem_analysis': 2, 'validation_evidence': 1, 'implementation_mechanism': 1}"
1878,22,de:11 & im:9 & pr:23 & pr:33 & th:35 & va:15,"{'problem_analysis': 2, 'implementation_mechanism': 1, 'design_rationale': 1}"
1879,22,de:20 & im:19 & pr:23 & pr:35 & th:12 & va:2,"{'problem_analysis': 2, 'theoretical_insight': 1, 'design_rationale': 1}"
1880,22,de:15 & im:4 & pr:23 & pr:27 & pr:6 & th:12 & th:2 & va:10,"{'problem_analysis': 3, 'theoretical_insight': 2, 'implementation_mechanism': 1}"
1881,22,de:15 & im:4 & im:7 & pr:23 & pr:6 & th:12 & va:10,"{'problem_analysis': 2, 'implementation_mechanism': 2, 'theoretical_insight': 1}"
1882,22,pr:7,{'problem_analysis': 1}
1883,22,de:15 & im:4 & pr:6 & pr:7 & th:11,"{'problem_analysis': 2, 'implementation_mechanism': 1, 'theoretical_insight': 1}"
1884,22,de:3 & im:16 & pr:39 & pr:5 & th:36 & va:0,"{'problem_analysis': 2, 'implementation_mechanism': 1, 'validation_evidence': 1}"
1885,22,de:15 & im:4 & pr:12 & pr:19 & th:2 & va:32,"{'problem_analysis': 2, 'theoretical_insight': 1, 'implementation_mechanism': 1}"
1886,22,pr:17 & pr:39,{'problem_analysis': 2}
1887,22,pr:12 & pr:39,{'problem_analysis': 2}
1888,22,de:20 & im:19 & pr:27 & pr:39 & th:12,"{'problem_analysis': 2, 'implementation_mechanism': 1, 'theoretical_insight': 1}"
1889,22,de:17 & im:20 & pr:27 & pr:39 & va:17,"{'problem_analysis': 2, 'design_rationale': 1, 'validation_evidence': 1}"
1890,22,de:16 & pr:12 & pr:39 & th:2 & va:2,"{'problem_analysis': 2, 'theoretical_insight': 1, 'design_rationale': 1}"
1891,22,de:20 & im:7 & pr:27 & pr:39 & va:25,"{'problem_analysis': 2, 'validation_evidence': 1, 'design_rationale': 1}"
1892,22,de:13 & im:7 & pr:26 & pr:39 & va:30,"{'problem_analysis': 2, 'design_rationale': 1, 'validation_evidence': 1}"
1893,22,de:15 & im:4 & pr:13 & pr:39 & th:4 & va:12,"{'problem_analysis': 2, 'validation_evidence': 1, 'implementation_mechanism': 1}"
1894,22,de:15 & im:4 & pr:31 & pr:39 & th:12 & va:10,"{'problem_analysis': 2, 'theoretical_insight': 1, 'implementation_mechanism': 1}"
1895,22,de:22 & im:31 & pr:32 & pr:39 & th:4 & va:23,"{'problem_analysis': 2, 'design_rationale': 1, 'implementation_mechanism': 1}"
1896,22,de:9 & im:35 & pr:11 & pr:39 & th:2 & va:9,"{'problem_analysis': 2, 'theoretical_insight': 1, 'design_rationale': 1}"
1897,22,de:9 & im:4 & pr:39 & pr:6 & th:11 & va:9,"{'problem_analysis': 2, 'design_rationale': 1, 'implementation_mechanism': 1}"
1898,22,de:16 & im:4 & pr:39 & pr:4 & th:12 & va:12,"{'problem_analysis': 2, 'validation_evidence': 1, 'design_rationale': 1}"
1899,22,de:13 & im:1 & pr:19 & pr:39 & th:0 & va:15,"{'problem_analysis': 2, 'design_rationale': 1, 'validation_evidence': 1}"
1900,22,de:20 & im:19 & pr:11 & pr:39 & th:1 & va:9,"{'problem_analysis': 2, 'implementation_mechanism': 1, 'theoretical_insight': 1}"
1901,22,de:37 & im:28 & pr:19 & pr:39 & th:29 & va:1,"{'problem_analysis': 2, 'validation_evidence': 1, 'theoretical_insight': 1}"
1902,22,de:15 & im:7 & pr:39 & pr:6 & th:11 & va:9,"{'problem_analysis': 2, 'theoretical_insight': 1, 'validation_evidence': 1}"
1903,22,de:38 & im:10 & pr:39 & pr:7 & th:12 & va:0,"{'problem_analysis': 2, 'theoretical_insight': 1, 'validation_evidence': 1}"
1904,22,de:9 & im:35 & pr:11 & pr:39 & th:12 & va:9,"{'problem_analysis': 2, 'theoretical_insight': 1, 'design_rationale': 1}"
1905,22,de:15 & pr:39 & pr:6 & th:11 & va:32,"{'problem_analysis': 2, 'design_rationale': 1, 'theoretical_insight': 1}"
1906,22,de:37 & im:1 & pr:19 & pr:23 & pr:39 & va:17,"{'problem_analysis': 3, 'validation_evidence': 1, 'implementation_mechanism': 1}"
1907,22,de:7 & im:31 & pr:13 & pr:39 & th:4 & va:7,"{'problem_analysis': 2, 'validation_evidence': 1, 'implementation_mechanism': 1}"
1908,22,de:7 & im:4 & pr:13 & pr:39 & th:4 & va:10,"{'problem_analysis': 2, 'implementation_mechanism': 1, 'design_rationale': 1}"
1909,22,de:16 & im:4 & pr:39 & pr:6 & th:19 & va:32,"{'problem_analysis': 2, 'design_rationale': 1, 'implementation_mechanism': 1}"
1910,22,de:17 & im:4 & pr:39 & pr:6 & th:12 & va:9,"{'problem_analysis': 2, 'design_rationale': 1, 'theoretical_insight': 1}"
1911,22,de:16 & im:1 & pr:39 & pr:9 & th:14 & va:37,"{'problem_analysis': 2, 'design_rationale': 1, 'validation_evidence': 1}"
1912,22,de:9 & im:4 & pr:39 & pr:6 & th:12,"{'problem_analysis': 2, 'theoretical_insight': 1, 'design_rationale': 1}"
1913,22,de:14 & im:20 & pr:39 & pr:9 & th:14 & va:19,"{'problem_analysis': 2, 'validation_evidence': 1, 'implementation_mechanism': 1}"
1914,22,de:15 & im:4 & pr:39 & pr:6 & th:11,"{'problem_analysis': 2, 'implementation_mechanism': 1, 'theoretical_insight': 1}"
1915,22,de:23 & im:26 & pr:26 & pr:39 & th:33 & va:38,"{'problem_analysis': 2, 'design_rationale': 1, 'implementation_mechanism': 1}"
1916,22,de:20 & im:7 & pr:32 & pr:39 & th:12,"{'problem_analysis': 2, 'theoretical_insight': 1, 'design_rationale': 1}"
1917,22,de:11 & im:1 & pr:19 & pr:39 & th:37 & va:20,"{'problem_analysis': 2, 'design_rationale': 1, 'theoretical_insight': 1}"
1918,22,de:14 & im:25 & pr:39 & pr:7 & th:26 & va:20,"{'problem_analysis': 2, 'implementation_mechanism': 1, 'validation_evidence': 1}"
1919,22,de:23 & im:7 & pr:22 & pr:39 & pr:4 & th:18 & va:30,"{'problem_analysis': 3, 'design_rationale': 1, 'validation_evidence': 1}"
1920,22,de:3 & im:16 & pr:13 & pr:3 & pr:39 & th:15 & va:13,"{'problem_analysis': 3, 'implementation_mechanism': 1, 'design_rationale': 1}"
1921,22,de:10 & im:24 & pr:13 & pr:28 & pr:39 & th:10 & va:36,"{'problem_analysis': 3, 'theoretical_insight': 1, 'design_rationale': 1}"
1922,22,de:11 & im:10 & pr:11 & pr:19 & pr:39 & th:2 & va:15,"{'problem_analysis': 3, 'theoretical_insight': 1, 'implementation_mechanism': 1}"
1923,22,de:9 & im:4 & pr:3 & pr:39 & pr:6 & th:11 & va:11,"{'problem_analysis': 3, 'design_rationale': 1, 'implementation_mechanism': 1}"
1924,22,de:23 & im:27 & pr:22 & pr:39 & pr:4 & pr:5 & th:18 & va:22,"{'problem_analysis': 4, 'design_rationale': 1, 'implementation_mechanism': 1}"
1925,22,de:7 & im:19 & pr:39 & pr:4 & pr:5 & th:12 & va:30,"{'problem_analysis': 3, 'implementation_mechanism': 1, 'theoretical_insight': 1}"
1926,22,de:15 & im:4 & pr:13 & pr:6 & th:12 & va:2,"{'problem_analysis': 2, 'theoretical_insight': 1, 'implementation_mechanism': 1}"
1927,22,de:5 & im:28 & pr:13 & pr:7 & th:6 & va:1,"{'problem_analysis': 2, 'validation_evidence': 1, 'implementation_mechanism': 1}"
1928,22,de:20 & im:20 & pr:12 & pr:9 & th:12 & va:9,"{'problem_analysis': 2, 'theoretical_insight': 1, 'design_rationale': 1}"
1929,22,de:14 & im:20 & pr:12 & pr:9 & th:29 & va:19,"{'problem_analysis': 2, 'validation_evidence': 1, 'theoretical_insight': 1}"
1930,22,de:16 & pr:12 & pr:19 & th:31,"{'problem_analysis': 2, 'theoretical_insight': 1, 'design_rationale': 1}"
1931,22,pr:16 & pr:23,{'problem_analysis': 2}
1932,22,de:37 & im:28 & pr:13 & pr:20 & th:38,"{'problem_analysis': 2, 'implementation_mechanism': 1, 'theoretical_insight': 1}"
1933,22,pr:11 & pr:13 & th:12 & va:9,"{'problem_analysis': 2, 'theoretical_insight': 1, 'validation_evidence': 1}"
1934,22,im:4 & pr:13 & pr:31 & th:9 & va:10,"{'problem_analysis': 2, 'implementation_mechanism': 1, 'validation_evidence': 1}"
1935,22,de:16 & im:19 & pr:13 & pr:31 & va:17,"{'problem_analysis': 2, 'design_rationale': 1, 'validation_evidence': 1}"
1936,22,de:28 & im:7 & pr:13 & pr:19 & th:1 & va:28,"{'problem_analysis': 2, 'design_rationale': 1, 'theoretical_insight': 1}"
1937,22,de:25 & im:34 & pr:13 & pr:32 & th:21 & va:17,"{'problem_analysis': 2, 'design_rationale': 1, 'validation_evidence': 1}"
1938,22,de:15 & im:4 & pr:13 & pr:31 & th:9 & va:32,"{'problem_analysis': 2, 'design_rationale': 1, 'implementation_mechanism': 1}"
1939,22,de:25 & im:34 & pr:13 & pr:32 & th:21 & va:33,"{'problem_analysis': 2, 'design_rationale': 1, 'validation_evidence': 1}"
1940,22,de:0 & de:16 & de:37 & im:1 & im:9 & pr:13 & pr:25 & pr:9 & th:1 & th:2 & th:4 & va:17 & va:39,"{'theoretical_insight': 3, 'problem_analysis': 3, 'design_rationale': 3}"
1941,22,de:29 & im:12 & pr:0 & pr:16 & th:5 & va:0,"{'problem_analysis': 2, 'theoretical_insight': 1, 'validation_evidence': 1}"
1942,22,de:37 & im:1 & pr:19 & pr:36 & th:6 & va:1,"{'problem_analysis': 2, 'validation_evidence': 1, 'implementation_mechanism': 1}"
1943,22,de:37 & im:1 & pr:19 & pr:36 & th:6 & va:17,"{'problem_analysis': 2, 'validation_evidence': 1, 'implementation_mechanism': 1}"
1944,22,im:4 & pr:31 & pr:4 & th:9 & va:10,"{'problem_analysis': 2, 'implementation_mechanism': 1, 'validation_evidence': 1}"
1945,22,de:29 & im:10 & pr:4 & pr:5 & th:8 & va:12,"{'problem_analysis': 2, 'validation_evidence': 1, 'implementation_mechanism': 1}"
1946,22,pr:2 & pr:33 & pr:4 & th:36 & va:7,"{'problem_analysis': 3, 'validation_evidence': 1, 'theoretical_insight': 1}"
1947,22,de:17 & im:4 & pr:4 & pr:6 & th:12 & va:9,"{'problem_analysis': 2, 'design_rationale': 1, 'theoretical_insight': 1}"
1948,22,de:25 & im:34 & pr:31 & pr:32 & pr:4,"{'problem_analysis': 3, 'design_rationale': 1, 'implementation_mechanism': 1}"
1949,22,de:38 & im:7 & pr:4 & pr:5 & th:12 & va:0,"{'problem_analysis': 2, 'theoretical_insight': 1, 'validation_evidence': 1}"
1950,22,de:7 & im:10 & pr:19 & pr:4 & th:37 & va:37,"{'problem_analysis': 2, 'validation_evidence': 1, 'implementation_mechanism': 1}"
1951,22,de:37 & im:8 & pr:19 & pr:4 & th:28 & va:1,"{'problem_analysis': 2, 'implementation_mechanism': 1, 'validation_evidence': 1}"
1952,22,de:14 & im:25 & pr:19 & pr:4 & th:26 & va:20,"{'problem_analysis': 2, 'implementation_mechanism': 1, 'validation_evidence': 1}"
1953,22,de:37 & im:1 & pr:4 & pr:7 & th:37 & va:1,"{'problem_analysis': 2, 'validation_evidence': 1, 'theoretical_insight': 1}"
1954,22,de:37 & im:1 & pr:4 & pr:7 & th:37 & va:39,"{'problem_analysis': 2, 'validation_evidence': 1, 'theoretical_insight': 1}"
1955,22,de:24 & im:2 & pr:13 & pr:4 & th:13 & va:7,"{'problem_analysis': 2, 'theoretical_insight': 1, 'design_rationale': 1}"
1956,22,de:24 & im:24 & pr:13 & pr:2 & pr:4 & th:10 & va:8,"{'problem_analysis': 3, 'theoretical_insight': 1, 'implementation_mechanism': 1}"
1957,22,de:29 & im:7 & pr:19 & pr:4 & th:37 & va:12,"{'problem_analysis': 2, 'validation_evidence': 1, 'design_rationale': 1}"
1958,22,de:11 & im:1 & pr:19 & pr:4 & th:37 & va:20,"{'problem_analysis': 2, 'design_rationale': 1, 'theoretical_insight': 1}"
1959,22,de:3 & im:8 & pr:39 & pr:4 & pr:7 & th:36 & va:0,"{'problem_analysis': 3, 'implementation_mechanism': 1, 'validation_evidence': 1}"
1960,22,de:16 & pr:19 & pr:27 & th:31,"{'problem_analysis': 2, 'theoretical_insight': 1, 'design_rationale': 1}"
1961,22,de:9 & im:35 & pr:27 & pr:6 & th:12 & va:2,"{'problem_analysis': 2, 'theoretical_insight': 1, 'design_rationale': 1}"
1962,22,de:16 & im:35 & pr:12 & pr:27 & th:2 & va:2,"{'problem_analysis': 2, 'theoretical_insight': 1, 'design_rationale': 1}"
1963,22,de:16 & im:4 & pr:18 & pr:27 & th:2 & va:10,"{'problem_analysis': 2, 'theoretical_insight': 1, 'design_rationale': 1}"
1964,22,de:9 & im:4 & pr:27 & pr:6 & th:11 & va:9,"{'problem_analysis': 2, 'design_rationale': 1, 'implementation_mechanism': 1}"
1965,22,de:16 & im:4 & pr:27 & pr:6 & th:19 & va:32,"{'problem_analysis': 2, 'design_rationale': 1, 'implementation_mechanism': 1}"
1966,22,de:16 & im:4 & pr:27 & pr:6 & va:9,"{'problem_analysis': 2, 'design_rationale': 1, 'implementation_mechanism': 1}"
1967,22,de:14 & im:25 & pr:19 & pr:27 & th:26 & va:20,"{'problem_analysis': 2, 'implementation_mechanism': 1, 'validation_evidence': 1}"
1968,22,de:23 & im:26 & pr:26 & pr:27 & th:33 & va:38,"{'problem_analysis': 2, 'design_rationale': 1, 'implementation_mechanism': 1}"
1969,22,de:37 & im:1 & pr:27 & pr:9 & th:6 & va:17,"{'problem_analysis': 2, 'validation_evidence': 1, 'implementation_mechanism': 1}"
1970,22,de:20 & im:7 & pr:27 & pr:4 & th:1 & va:9,"{'problem_analysis': 2, 'theoretical_insight': 1, 'design_rationale': 1}"
1971,22,de:7 & im:34 & pr:11 & pr:27 & pr:31 & pr:5 & th:12 & va:18,"{'problem_analysis': 4, 'theoretical_insight': 1, 'design_rationale': 1}"
1972,22,pr:12 & pr:13,{'problem_analysis': 2}
1973,22,de:13 & im:1 & pr:12 & pr:17 & th:0,"{'problem_analysis': 2, 'design_rationale': 1, 'implementation_mechanism': 1}"
1974,22,de:6 & im:21 & pr:12 & pr:30 & th:1 & va:18,"{'problem_analysis': 2, 'design_rationale': 1, 'theoretical_insight': 1}"
1975,22,de:6 & im:31 & pr:12 & pr:30 & th:5 & va:0,"{'problem_analysis': 2, 'design_rationale': 1, 'theoretical_insight': 1}"
1976,22,de:6 & im:21 & pr:12 & pr:4 & th:1 & va:28,"{'problem_analysis': 2, 'design_rationale': 1, 'theoretical_insight': 1}"
1977,22,de:7 & im:7 & pr:12 & pr:27 & th:12 & va:28,"{'problem_analysis': 2, 'theoretical_insight': 1, 'design_rationale': 1}"
1978,22,de:15 & im:4 & im:7 & pr:31 & pr:6 & th:11 & th:12 & va:10,"{'problem_analysis': 2, 'theoretical_insight': 2, 'implementation_mechanism': 2}"
1979,22,de:25 & im:34 & pr:33 & pr:4 & th:21 & va:27,"{'problem_analysis': 2, 'design_rationale': 1, 'validation_evidence': 1}"
1980,22,de:7 & im:4 & pr:31 & pr:6 & th:12 & va:10,"{'problem_analysis': 2, 'theoretical_insight': 1, 'implementation_mechanism': 1}"
1981,22,de:37 & im:3 & pr:16 & pr:19 & pr:31 & th:28 & va:33,"{'problem_analysis': 3, 'validation_evidence': 1, 'design_rationale': 1}"
1982,22,de:15 & im:4 & pr:26 & pr:31 & pr:6 & th:11 & va:10,"{'problem_analysis': 3, 'implementation_mechanism': 1, 'theoretical_insight': 1}"
1983,22,de:15 & im:4 & im:7 & pr:12 & pr:6 & th:12 & va:10,"{'problem_analysis': 2, 'implementation_mechanism': 2, 'theoretical_insight': 1}"
1984,22,de:20 & im:19 & pr:22 & pr:35 & th:12 & va:2,"{'problem_analysis': 2, 'theoretical_insight': 1, 'design_rationale': 1}"
1985,22,de:15 & im:4 & pr:39 & pr:6 & th:11 & th:36 & va:10,"{'problem_analysis': 2, 'theoretical_insight': 2, 'implementation_mechanism': 1}"
1986,22,de:15 & pr:11 & pr:6,"{'problem_analysis': 2, 'design_rationale': 1}"
1987,22,de:13 & im:1 & pr:11 & pr:19 & th:0 & va:15,"{'problem_analysis': 2, 'design_rationale': 1, 'validation_evidence': 1}"
1988,22,de:29 & im:10 & pr:11 & pr:5 & th:8 & va:12,"{'problem_analysis': 2, 'validation_evidence': 1, 'implementation_mechanism': 1}"
1989,22,de:22 & im:31 & pr:11 & pr:32 & th:4 & va:23,"{'problem_analysis': 2, 'design_rationale': 1, 'implementation_mechanism': 1}"
1990,22,de:3 & im:16 & pr:11 & pr:7 & th:36 & va:0,"{'problem_analysis': 2, 'implementation_mechanism': 1, 'validation_evidence': 1}"
1991,22,de:3 & im:12 & pr:10 & pr:11 & th:7 & va:0,"{'problem_analysis': 2, 'validation_evidence': 1, 'theoretical_insight': 1}"
1992,22,de:15 & im:4 & pr:11 & pr:31 & th:9 & va:31,"{'problem_analysis': 2, 'design_rationale': 1, 'validation_evidence': 1}"
1993,22,de:29 & im:10 & pr:11 & pr:14 & th:8 & va:20,"{'problem_analysis': 2, 'implementation_mechanism': 1, 'design_rationale': 1}"
1994,22,de:37 & im:20 & pr:11 & pr:16 & th:8 & va:20,"{'problem_analysis': 2, 'theoretical_insight': 1, 'implementation_mechanism': 1}"
1995,22,de:15 & im:10 & pr:11 & pr:6 & th:11 & va:10,"{'problem_analysis': 2, 'theoretical_insight': 1, 'implementation_mechanism': 1}"
1996,22,de:22 & im:31 & pr:11 & pr:3 & pr:6 & th:4 & va:18,"{'problem_analysis': 3, 'design_rationale': 1, 'implementation_mechanism': 1}"
1997,22,de:15 & de:29 & im:29 & im:4 & pr:0 & pr:39 & pr:6 & th:11 & th:34 & va:10,"{'problem_analysis': 3, 'implementation_mechanism': 2, 'theoretical_insight': 2}"
1998,22,de:30 & im:8 & pr:1 & th:13 & va:1,"{'implementation_mechanism': 1, 'theoretical_insight': 1, 'validation_evidence': 1}"
1999,21,de:0 & im:3 & pr:12 & pr:19 & th:7 & va:23,"{'problem_analysis': 2, 'theoretical_insight': 1, 'validation_evidence': 1}"
2000,21,de:15 & im:4 & pr:6 & pr:9 & th:11,"{'problem_analysis': 2, 'implementation_mechanism': 1, 'theoretical_insight': 1}"
2001,21,de:29 & im:16 & pr:23 & pr:39 & th:36 & va:26,"{'problem_analysis': 2, 'implementation_mechanism': 1, 'design_rationale': 1}"
2002,21,de:5 & im:28 & pr:12 & th:2 & va:1,"{'theoretical_insight': 1, 'validation_evidence': 1, 'implementation_mechanism': 1}"
2003,21,de:20 & im:19 & pr:11 & pr:7 & th:12 & va:9,"{'problem_analysis': 2, 'theoretical_insight': 1, 'design_rationale': 1}"
2004,21,de:23 & im:27 & pr:22 & pr:28 & pr:31 & pr:6 & pr:7 & th:18 & th:33 & va:22,"{'problem_analysis': 5, 'theoretical_insight': 2, 'design_rationale': 1}"
2005,21,de:13 & im:1 & pr:19 & pr:7 & th:37 & va:15,"{'problem_analysis': 2, 'design_rationale': 1, 'validation_evidence': 1}"
2006,21,de:34 & im:10 & pr:10 & pr:19 & pr:7 & th:3 & va:4,"{'problem_analysis': 3, 'theoretical_insight': 1, 'implementation_mechanism': 1}"
2007,21,de:34 & im:10 & pr:10 & pr:19 & pr:5 & th:3 & va:4,"{'problem_analysis': 3, 'theoretical_insight': 1, 'implementation_mechanism': 1}"
2008,21,im:1 & pr:12 & pr:7 & th:6 & va:39,"{'problem_analysis': 2, 'validation_evidence': 1, 'implementation_mechanism': 1}"
2009,21,de:1 & im:9 & pr:13 & pr:19 & pr:36 & th:6 & va:4,"{'problem_analysis': 3, 'implementation_mechanism': 1, 'design_rationale': 1}"
2010,21,de:15 & im:4 & pr:31 & pr:39 & th:9 & va:10,"{'problem_analysis': 2, 'design_rationale': 1, 'implementation_mechanism': 1}"
2011,21,de:13 & im:1 & pr:39 & pr:7 & th:37 & va:17,"{'problem_analysis': 2, 'design_rationale': 1, 'validation_evidence': 1}"
2012,21,de:34 & im:10 & pr:10 & pr:19 & pr:39 & th:3 & va:4,"{'problem_analysis': 3, 'theoretical_insight': 1, 'implementation_mechanism': 1}"
2013,21,de:23 & im:27 & pr:22 & pr:28 & pr:31 & pr:39 & pr:6 & th:18 & th:33 & va:22,"{'problem_analysis': 5, 'theoretical_insight': 2, 'design_rationale': 1}"
2014,21,pr:13 & pr:39,{'problem_analysis': 2}
2015,21,de:28 & im:19 & pr:13 & pr:4 & th:12 & va:30,"{'problem_analysis': 2, 'design_rationale': 1, 'theoretical_insight': 1}"
2016,21,de:20 & im:19 & pr:13 & pr:32 & th:12 & va:9,"{'problem_analysis': 2, 'theoretical_insight': 1, 'design_rationale': 1}"
2017,21,de:6 & im:10 & pr:13 & pr:35 & pr:4 & pr:8 & th:1 & va:12,"{'problem_analysis': 4, 'validation_evidence': 1, 'design_rationale': 1}"
2018,21,de:7 & im:14 & pr:12 & pr:4 & th:1 & va:28,"{'problem_analysis': 2, 'theoretical_insight': 1, 'implementation_mechanism': 1}"
2019,21,de:37 & im:1 & pr:12 & pr:19 & th:6 & va:15,"{'problem_analysis': 2, 'validation_evidence': 1, 'implementation_mechanism': 1}"
2020,21,de:16 & im:1 & pr:13 & pr:31 & th:2 & va:17,"{'problem_analysis': 2, 'theoretical_insight': 1, 'design_rationale': 1}"
2021,21,de:9 & im:19 & pr:13 & pr:4 & th:12 & va:30,"{'problem_analysis': 2, 'theoretical_insight': 1, 'design_rationale': 1}"
2022,21,de:16 & im:1 & pr:13 & pr:18 & th:0 & va:17,"{'problem_analysis': 2, 'design_rationale': 1, 'validation_evidence': 1}"
2023,21,de:16 & im:1 & pr:13 & pr:18 & th:0 & va:15,"{'problem_analysis': 2, 'design_rationale': 1, 'validation_evidence': 1}"
2024,21,de:15 & pr:16 & pr:6,"{'problem_analysis': 2, 'design_rationale': 1}"
2025,21,im:4 & pr:16 & pr:31 & th:9 & va:10,"{'problem_analysis': 2, 'implementation_mechanism': 1, 'validation_evidence': 1}"
2026,21,de:16 & im:19 & pr:16 & pr:31 & va:17,"{'problem_analysis': 2, 'design_rationale': 1, 'validation_evidence': 1}"
2027,21,de:3 & im:16 & pr:16 & pr:7 & va:0,"{'problem_analysis': 2, 'implementation_mechanism': 1, 'validation_evidence': 1}"
2028,21,de:13 & im:1 & pr:16 & th:0 & va:15,"{'problem_analysis': 1, 'design_rationale': 1, 'validation_evidence': 1}"
2029,21,de:15 & im:4 & pr:16 & pr:6 & th:11 & va:15,"{'problem_analysis': 2, 'implementation_mechanism': 1, 'theoretical_insight': 1}"
2030,21,de:16 & im:10 & pr:16 & pr:6 & th:12 & va:3,"{'problem_analysis': 2, 'design_rationale': 1, 'validation_evidence': 1}"
2031,21,de:16 & im:4 & pr:16 & pr:31 & th:2 & va:10,"{'problem_analysis': 2, 'theoretical_insight': 1, 'design_rationale': 1}"
2032,21,de:9 & im:35 & pr:16 & pr:6 & th:12 & va:2,"{'problem_analysis': 2, 'theoretical_insight': 1, 'design_rationale': 1}"
2033,21,de:25 & im:34 & pr:16 & pr:31 & pr:32,"{'problem_analysis': 3, 'design_rationale': 1, 'implementation_mechanism': 1}"
2034,21,de:37 & im:1 & pr:16 & pr:25 & th:37 & va:39,"{'problem_analysis': 2, 'validation_evidence': 1, 'theoretical_insight': 1}"
2035,21,de:13 & im:1 & pr:16 & pr:7 & th:37 & va:39,"{'problem_analysis': 2, 'design_rationale': 1, 'validation_evidence': 1}"
2036,21,de:25 & im:34 & pr:16 & pr:32 & th:21 & va:17,"{'problem_analysis': 2, 'design_rationale': 1, 'validation_evidence': 1}"
2037,21,de:15 & im:4 & pr:16 & pr:31 & th:9 & va:32,"{'problem_analysis': 2, 'design_rationale': 1, 'implementation_mechanism': 1}"
2038,21,de:22 & im:31 & pr:16 & pr:31 & th:2,"{'problem_analysis': 2, 'theoretical_insight': 1, 'design_rationale': 1}"
2039,21,de:37 & im:1 & pr:16 & pr:7 & th:37 & va:1,"{'problem_analysis': 2, 'validation_evidence': 1, 'theoretical_insight': 1}"
2040,21,de:37 & im:1 & pr:16 & pr:7 & th:37 & va:39,"{'problem_analysis': 2, 'validation_evidence': 1, 'theoretical_insight': 1}"
2041,21,de:11 & im:1 & pr:10 & pr:16 & pr:31 & th:27 & va:22,"{'problem_analysis': 3, 'design_rationale': 1, 'validation_evidence': 1}"
2042,21,de:25 & im:34 & pr:16 & pr:32 & th:21 & va:33,"{'problem_analysis': 2, 'design_rationale': 1, 'validation_evidence': 1}"
2043,21,de:15 & im:4 & pr:16 & pr:6 & th:2 & va:32,"{'problem_analysis': 2, 'theoretical_insight': 1, 'implementation_mechanism': 1}"
2044,21,de:14 & im:25 & pr:16 & pr:19 & th:26 & va:20,"{'problem_analysis': 2, 'implementation_mechanism': 1, 'validation_evidence': 1}"
2045,21,de:22 & im:31 & pr:16 & pr:31 & th:2 & va:4,"{'problem_analysis': 2, 'theoretical_insight': 1, 'design_rationale': 1}"
2046,21,de:24 & im:2 & pr:13 & pr:16 & th:13 & va:7,"{'problem_analysis': 2, 'theoretical_insight': 1, 'validation_evidence': 1}"
2047,21,de:22 & im:1 & pr:13 & pr:16 & pr:33 & th:10 & va:12,"{'problem_analysis': 3, 'validation_evidence': 1, 'design_rationale': 1}"
2048,21,de:4 & im:31 & pr:16 & pr:3 & pr:33 & th:30 & va:38,"{'problem_analysis': 3, 'theoretical_insight': 1, 'validation_evidence': 1}"
2049,21,de:23 & im:27 & pr:16 & pr:22 & pr:28 & pr:31 & pr:6 & th:18 & th:33 & va:2,"{'problem_analysis': 5, 'theoretical_insight': 2, 'design_rationale': 1}"
2050,21,im:9 & pr:0 & pr:13 & va:28,"{'problem_analysis': 2, 'implementation_mechanism': 1, 'validation_evidence': 1}"
2051,21,de:15 & im:4 & pr:12 & pr:13 & th:2 & va:9,"{'problem_analysis': 2, 'theoretical_insight': 1, 'implementation_mechanism': 1}"
2052,21,de:15 & im:4 & pr:31 & pr:4 & th:9 & va:31,"{'problem_analysis': 2, 'design_rationale': 1, 'validation_evidence': 1}"
2053,21,de:29 & im:10 & pr:14 & pr:4 & th:8 & va:20,"{'problem_analysis': 2, 'implementation_mechanism': 1, 'design_rationale': 1}"
2054,21,de:8 & im:39 & pr:10 & pr:4 & th:28 & va:1,"{'problem_analysis': 2, 'validation_evidence': 1, 'design_rationale': 1}"
2055,21,de:14 & im:25 & pr:14 & pr:4 & th:26,"{'problem_analysis': 2, 'implementation_mechanism': 1, 'theoretical_insight': 1}"
2056,21,de:37 & im:1 & pr:19 & pr:4 & th:6 & va:39,"{'problem_analysis': 2, 'validation_evidence': 1, 'implementation_mechanism': 1}"
2057,21,de:37 & im:20 & pr:16 & pr:4 & th:8 & va:20,"{'problem_analysis': 2, 'theoretical_insight': 1, 'implementation_mechanism': 1}"
2058,21,de:14 & im:20 & pr:19 & pr:4 & pr:9 & th:14 & th:26 & va:19,"{'problem_analysis': 3, 'theoretical_insight': 2, 'validation_evidence': 1}"
2059,21,de:29 & im:12 & pr:0 & pr:27 & th:5 & va:0,"{'problem_analysis': 2, 'theoretical_insight': 1, 'validation_evidence': 1}"
2060,21,de:3 & im:10 & pr:0 & pr:27 & th:39 & va:0,"{'problem_analysis': 2, 'validation_evidence': 1, 'implementation_mechanism': 1}"
2061,21,de:25 & im:34 & pr:27 & pr:6 & th:12,"{'problem_analysis': 2, 'theoretical_insight': 1, 'design_rationale': 1}"
2062,21,de:37 & im:1 & pr:27 & pr:7 & th:6 & va:17,"{'problem_analysis': 2, 'validation_evidence': 1, 'implementation_mechanism': 1}"
2063,21,de:9 & im:19 & pr:27 & pr:4 & th:12 & va:30,"{'problem_analysis': 2, 'theoretical_insight': 1, 'design_rationale': 1}"
2064,21,de:15 & im:4 & pr:12 & pr:27 & th:2 & va:9,"{'problem_analysis': 2, 'theoretical_insight': 1, 'implementation_mechanism': 1}"
2065,21,de:25 & im:34 & pr:27 & pr:31 & pr:32,"{'problem_analysis': 3, 'design_rationale': 1, 'implementation_mechanism': 1}"
2066,21,de:14 & im:20 & pr:27 & pr:9 & va:20,"{'problem_analysis': 2, 'implementation_mechanism': 1, 'validation_evidence': 1}"
2067,21,de:24 & im:2 & pr:13 & pr:27 & th:13 & va:7,"{'problem_analysis': 2, 'theoretical_insight': 1, 'validation_evidence': 1}"
2068,21,de:20 & im:19 & pr:27 & pr:32 & th:12 & va:9,"{'problem_analysis': 2, 'theoretical_insight': 1, 'design_rationale': 1}"
2069,21,de:15 & de:28 & im:4 & im:7 & pr:27 & pr:6 & th:9 & va:32,"{'design_rationale': 2, 'problem_analysis': 2, 'implementation_mechanism': 2}"
2070,21,de:20 & im:19 & pr:11 & pr:27 & pr:8 & th:2 & va:9,"{'problem_analysis': 3, 'theoretical_insight': 1, 'design_rationale': 1}"
2071,21,de:29 & im:10 & pr:39 & th:36 & va:26,"{'implementation_mechanism': 1, 'design_rationale': 1, 'validation_evidence': 1}"
2072,21,de:38 & im:10 & pr:13 & pr:7 & th:12 & va:0,"{'problem_analysis': 2, 'theoretical_insight': 1, 'validation_evidence': 1}"
2073,21,de:37 & im:28 & pr:12 & pr:13 & pr:14 & pr:37 & th:30 & va:1,"{'problem_analysis': 4, 'theoretical_insight': 1, 'validation_evidence': 1}"
2074,21,de:37 & im:1 & pr:12 & pr:33 & th:6 & va:37,"{'problem_analysis': 2, 'validation_evidence': 1, 'implementation_mechanism': 1}"
2075,21,de:16 & im:1 & pr:21 & pr:9 & th:14 & va:37,"{'problem_analysis': 2, 'design_rationale': 1, 'validation_evidence': 1}"
2076,21,de:15 & im:4 & pr:6 & pr:9 & th:11 & th:14 & va:32,"{'problem_analysis': 2, 'theoretical_insight': 2, 'implementation_mechanism': 1}"
2077,21,de:37 & im:1 & pr:19 & pr:26 & th:6 & va:37,"{'problem_analysis': 2, 'validation_evidence': 1, 'implementation_mechanism': 1}"
2078,21,de:16 & im:1 & pr:12 & pr:9 & th:14 & va:37,"{'problem_analysis': 2, 'design_rationale': 1, 'validation_evidence': 1}"
2079,21,de:17 & im:20 & pr:11 & pr:12 & pr:23 & pr:39 & pr:4 & th:12 & va:17 & va:38,"{'problem_analysis': 5, 'validation_evidence': 2, 'design_rationale': 1}"
2080,21,de:3 & im:16 & pr:39 & pr:7 & th:36 & th:37 & va:26,"{'problem_analysis': 2, 'theoretical_insight': 2, 'implementation_mechanism': 1}"
2081,21,de:9 & im:35 & pr:11 & pr:6 & th:12 & va:2,"{'problem_analysis': 2, 'theoretical_insight': 1, 'design_rationale': 1}"
2082,21,de:37 & im:1 & pr:11 & pr:12 & th:6 & va:37,"{'problem_analysis': 2, 'validation_evidence': 1, 'implementation_mechanism': 1}"
2083,21,de:25 & im:34 & pr:11 & pr:32 & th:21 & va:17,"{'problem_analysis': 2, 'design_rationale': 1, 'validation_evidence': 1}"
2084,21,de:37 & im:0 & pr:11 & pr:19 & th:6 & va:39,"{'problem_analysis': 2, 'validation_evidence': 1, 'design_rationale': 1}"
2085,21,de:32 & im:0 & pr:1 & pr:11 & pr:19 & th:7 & va:39,"{'problem_analysis': 3, 'design_rationale': 1, 'validation_evidence': 1}"
2086,21,de:15 & im:4 & pr:11 & pr:14 & pr:6 & th:11 & va:9,"{'problem_analysis': 3, 'implementation_mechanism': 1, 'theoretical_insight': 1}"
2087,21,de:3 & im:16 & pr:11 & pr:14 & pr:39 & pr:6 & th:36 & va:26,"{'problem_analysis': 4, 'implementation_mechanism': 1, 'validation_evidence': 1}"
2088,21,de:15 & de:20 & im:4 & pr:4 & pr:5 & pr:6 & th:11 & th:12 & th:2 & va:10,"{'theoretical_insight': 3, 'problem_analysis': 3, 'design_rationale': 2}"
2089,21,de:15 & de:20 & im:4 & pr:11 & pr:4 & pr:5 & pr:6 & th:1 & th:11 & th:2 & va:10,"{'problem_analysis': 4, 'theoretical_insight': 3, 'design_rationale': 2}"
2090,21,de:15 & de:20 & im:19 & im:4 & pr:11 & pr:6 & th:11 & th:2 & va:9,"{'theoretical_insight': 2, 'problem_analysis': 2, 'implementation_mechanism': 2}"
2091,21,de:15 & de:6 & im:4 & pr:18 & pr:35 & pr:5 & pr:6 & pr:8 & th:1 & th:11 & th:2 & va:10,"{'problem_analysis': 5, 'theoretical_insight': 3, 'design_rationale': 2}"
2092,20,de:7 & im:6 & pr:23 & pr:27 & th:1 & va:25,"{'problem_analysis': 2, 'validation_evidence': 1, 'theoretical_insight': 1}"
2093,20,im:31 & pr:13 & pr:32 & th:4,"{'problem_analysis': 2, 'theoretical_insight': 1, 'implementation_mechanism': 1}"
2094,20,de:3 & im:16 & pr:32 & pr:39 & th:36 & va:0,"{'problem_analysis': 2, 'implementation_mechanism': 1, 'validation_evidence': 1}"
2095,20,de:13 & im:1 & pr:32 & pr:7 & th:37 & va:17,"{'problem_analysis': 2, 'design_rationale': 1, 'validation_evidence': 1}"
2096,20,pr:23 & pr:4 & va:28,"{'problem_analysis': 2, 'validation_evidence': 1}"
2097,20,de:3 & im:16 & pr:23 & pr:7 & th:36 & va:0,"{'problem_analysis': 2, 'implementation_mechanism': 1, 'validation_evidence': 1}"
2098,20,de:7 & im:4 & pr:23 & pr:6 & th:12 & va:10,"{'problem_analysis': 2, 'theoretical_insight': 1, 'implementation_mechanism': 1}"
2099,20,de:1 & im:8 & pr:16 & pr:20 & pr:23 & th:6 & va:35,"{'problem_analysis': 3, 'implementation_mechanism': 1, 'validation_evidence': 1}"
2100,20,pr:19 & pr:7,{'problem_analysis': 2}
2101,20,de:37 & im:3 & pr:19 & pr:7 & th:6 & va:1,"{'problem_analysis': 2, 'validation_evidence': 1, 'design_rationale': 1}"
2102,20,de:25 & im:34 & pr:19 & pr:32 & pr:7 & th:21 & va:30,"{'problem_analysis': 3, 'design_rationale': 1, 'implementation_mechanism': 1}"
2103,20,de:16 & im:1 & pr:12 & pr:5 & th:31 & va:39,"{'problem_analysis': 2, 'design_rationale': 1, 'validation_evidence': 1}"
2104,20,de:3 & im:9 & pr:12 & pr:19 & th:37 & va:0,"{'problem_analysis': 2, 'validation_evidence': 1, 'implementation_mechanism': 1}"
2105,20,de:7 & im:31 & pr:13 & pr:19 & th:4 & va:7,"{'problem_analysis': 2, 'validation_evidence': 1, 'theoretical_insight': 1}"
2106,20,de:7 & im:4 & pr:13 & pr:19 & th:4 & va:10,"{'problem_analysis': 2, 'implementation_mechanism': 1, 'design_rationale': 1}"
2107,20,de:18 & im:6 & pr:19 & pr:38 & th:36 & va:1,"{'problem_analysis': 2, 'validation_evidence': 1, 'design_rationale': 1}"
2108,20,de:17 & im:20 & pr:11 & pr:19 & pr:23 & pr:39 & th:12 & va:17 & va:38,"{'problem_analysis': 4, 'validation_evidence': 2, 'design_rationale': 1}"
2109,20,pr:13 & pr:33,{'problem_analysis': 2}
2110,20,pr:19 & pr:3 & va:20,"{'problem_analysis': 2, 'validation_evidence': 1}"
2111,20,de:11 & pr:12 & pr:9 & th:14 & th:2 & va:2,"{'theoretical_insight': 2, 'problem_analysis': 2, 'design_rationale': 1}"
2112,20,de:15 & im:4 & pr:12 & pr:19 & pr:31 & th:2 & va:10,"{'problem_analysis': 3, 'theoretical_insight': 1, 'implementation_mechanism': 1}"
2113,20,de:20 & im:19 & pr:12 & pr:19 & pr:35 & th:12 & va:2,"{'problem_analysis': 3, 'theoretical_insight': 1, 'design_rationale': 1}"
2114,20,de:15 & im:4 & pr:12 & pr:19 & pr:31 & th:11 & va:9,"{'problem_analysis': 3, 'implementation_mechanism': 1, 'theoretical_insight': 1}"
2115,20,de:20 & im:20 & pr:12 & pr:19 & pr:24 & th:1 & va:30,"{'problem_analysis': 3, 'theoretical_insight': 1, 'design_rationale': 1}"
2116,20,de:20 & im:19 & pr:12 & pr:19 & pr:24 & th:1 & va:30,"{'problem_analysis': 3, 'validation_evidence': 1, 'theoretical_insight': 1}"
2117,20,de:15 & im:4 & pr:31 & pr:6 & pr:9 & th:11 & va:10,"{'problem_analysis': 3, 'implementation_mechanism': 1, 'theoretical_insight': 1}"
2118,20,pr:19 & pr:7 & va:20,"{'problem_analysis': 2, 'validation_evidence': 1}"
2119,20,de:29 & im:12 & pr:0 & pr:13 & th:5 & va:0,"{'problem_analysis': 2, 'theoretical_insight': 1, 'validation_evidence': 1}"
2120,20,de:37 & im:1 & pr:13 & pr:7 & th:6 & va:17,"{'problem_analysis': 2, 'validation_evidence': 1, 'implementation_mechanism': 1}"
2121,20,de:11 & im:1 & im:26 & pr:12 & pr:13 & va:17,"{'problem_analysis': 2, 'implementation_mechanism': 2, 'validation_evidence': 1}"
2122,20,de:25 & im:34 & pr:18 & pr:32 & th:21 & va:30,"{'problem_analysis': 2, 'design_rationale': 1, 'implementation_mechanism': 1}"
2123,20,de:11 & de:7 & im:7 & pr:11 & pr:19 & pr:26 & th:12 & th:31 & th:37 & va:15,"{'problem_analysis': 3, 'theoretical_insight': 3, 'design_rationale': 2}"
2124,20,de:5 & im:1 & pr:12 & pr:13 & th:6 & va:1,"{'problem_analysis': 2, 'validation_evidence': 1, 'design_rationale': 1}"
2125,20,de:16 & im:4 & pr:4 & pr:6 & va:9,"{'problem_analysis': 2, 'design_rationale': 1, 'implementation_mechanism': 1}"
2126,20,de:22 & im:31 & pr:3 & pr:4 & pr:6 & th:4 & va:18,"{'problem_analysis': 3, 'design_rationale': 1, 'implementation_mechanism': 1}"
2127,20,de:1 & im:9 & pr:13 & pr:19 & pr:33 & th:6 & va:4,"{'problem_analysis': 3, 'implementation_mechanism': 1, 'design_rationale': 1}"
2128,20,de:29 & im:10 & pr:27 & pr:5 & th:8 & va:12,"{'problem_analysis': 2, 'validation_evidence': 1, 'implementation_mechanism': 1}"
2129,20,de:29 & im:10 & pr:27 & pr:39 & th:36 & va:0,"{'problem_analysis': 2, 'validation_evidence': 1, 'implementation_mechanism': 1}"
2130,20,de:3 & im:12 & pr:10 & pr:27 & th:7 & va:0,"{'problem_analysis': 2, 'validation_evidence': 1, 'theoretical_insight': 1}"
2131,20,de:28 & im:9 & pr:27 & pr:7 & th:39 & va:0,"{'problem_analysis': 2, 'design_rationale': 1, 'validation_evidence': 1}"
2132,20,de:15 & pr:27 & pr:6 & th:11 & va:32,"{'problem_analysis': 2, 'design_rationale': 1, 'theoretical_insight': 1}"
2133,20,de:22 & im:31 & pr:27 & pr:32 & th:4 & va:23,"{'problem_analysis': 2, 'design_rationale': 1, 'implementation_mechanism': 1}"
2134,20,de:3 & im:16 & pr:27 & pr:7 & th:36 & va:0,"{'problem_analysis': 2, 'implementation_mechanism': 1, 'validation_evidence': 1}"
2135,20,de:38 & im:10 & pr:27 & pr:7 & th:12 & va:0,"{'problem_analysis': 2, 'theoretical_insight': 1, 'validation_evidence': 1}"
2136,20,de:16 & im:38 & pr:12 & pr:27 & th:12 & va:2,"{'problem_analysis': 2, 'implementation_mechanism': 1, 'design_rationale': 1}"
2137,20,de:22 & im:23 & pr:13 & pr:27 & th:4 & va:38,"{'problem_analysis': 2, 'design_rationale': 1, 'implementation_mechanism': 1}"
2138,20,de:22 & im:31 & pr:27 & pr:31 & th:2,"{'problem_analysis': 2, 'theoretical_insight': 1, 'design_rationale': 1}"
2139,20,pr:23 & pr:27 & va:23,"{'problem_analysis': 2, 'validation_evidence': 1}"
2140,20,de:5 & im:1 & pr:12 & pr:27 & th:6 & va:1,"{'problem_analysis': 2, 'validation_evidence': 1, 'design_rationale': 1}"
2141,20,de:22 & im:26 & pr:13 & pr:27 & th:4 & va:7,"{'problem_analysis': 2, 'design_rationale': 1, 'validation_evidence': 1}"
2142,20,de:22 & im:31 & pr:27 & pr:31 & th:2 & va:4,"{'problem_analysis': 2, 'theoretical_insight': 1, 'design_rationale': 1}"
2143,20,de:11 & im:1 & pr:19 & pr:27 & th:37 & va:20,"{'problem_analysis': 2, 'design_rationale': 1, 'theoretical_insight': 1}"
2144,20,de:22 & de:6 & im:21 & im:31 & pr:13 & pr:27 & pr:30 & pr:5 & th:1 & th:4 & va:15 & va:30 & va:7,"{'problem_analysis': 4, 'validation_evidence': 3, 'design_rationale': 2}"
2145,20,de:3 & im:0 & pr:39 & th:36 & va:26,"{'theoretical_insight': 1, 'validation_evidence': 1, 'design_rationale': 1}"
2146,20,pr:12 & pr:37 & va:37,"{'problem_analysis': 2, 'validation_evidence': 1}"
2147,20,de:3 & im:3 & pr:14 & pr:16 & th:34 & va:1,"{'problem_analysis': 2, 'validation_evidence': 1, 'theoretical_insight': 1}"
2148,20,de:3 & im:33 & pr:0 & pr:16 & th:34 & va:26,"{'problem_analysis': 2, 'implementation_mechanism': 1, 'theoretical_insight': 1}"
2149,20,de:32 & im:0 & pr:16 & pr:19 & th:7 & va:39,"{'problem_analysis': 2, 'design_rationale': 1, 'validation_evidence': 1}"
2150,20,de:11 & im:1 & pr:16 & pr:7 & th:25 & va:12,"{'problem_analysis': 2, 'validation_evidence': 1, 'theoretical_insight': 1}"
2151,20,de:9 & im:22 & pr:16 & pr:22 & th:33 & va:33,"{'problem_analysis': 2, 'implementation_mechanism': 1, 'design_rationale': 1}"
2152,20,de:37 & im:3 & pr:16 & pr:19 & pr:37 & va:35,"{'problem_analysis': 3, 'validation_evidence': 1, 'design_rationale': 1}"
2153,20,de:0 & im:36 & im:6 & pr:16 & pr:19 & pr:37 & th:6 & va:20,"{'problem_analysis': 3, 'implementation_mechanism': 2, 'design_rationale': 1}"
2154,20,de:6 & im:21 & pr:16 & pr:19 & th:33 & va:37,"{'problem_analysis': 2, 'design_rationale': 1, 'validation_evidence': 1}"
2155,20,de:15 & im:4 & pr:19 & pr:6 & th:12 & va:2,"{'problem_analysis': 2, 'theoretical_insight': 1, 'implementation_mechanism': 1}"
2156,20,de:7 & im:31 & pr:12 & pr:19 & th:2 & va:7,"{'problem_analysis': 2, 'theoretical_insight': 1, 'validation_evidence': 1}"
2157,20,de:7 & im:4 & pr:12 & pr:19 & th:2 & va:10,"{'problem_analysis': 2, 'theoretical_insight': 1, 'implementation_mechanism': 1}"
2158,20,de:16 & im:1 & pr:13 & pr:21 & th:31 & va:39,"{'problem_analysis': 2, 'design_rationale': 1, 'validation_evidence': 1}"
2159,20,de:37 & im:1 & pr:13 & pr:19 & pr:23 & va:17,"{'problem_analysis': 3, 'validation_evidence': 1, 'implementation_mechanism': 1}"
2160,20,de:16 & im:4 & pr:12 & pr:6 & th:19 & va:32,"{'problem_analysis': 2, 'design_rationale': 1, 'implementation_mechanism': 1}"
2161,20,de:15 & im:4 & im:7 & pr:31 & pr:6 & th:12 & th:9 & va:10,"{'problem_analysis': 2, 'theoretical_insight': 2, 'implementation_mechanism': 2}"
2162,20,de:15 & im:31 & im:7 & pr:13 & pr:6 & th:12 & th:4,"{'problem_analysis': 2, 'theoretical_insight': 2, 'implementation_mechanism': 2}"
2163,20,de:15 & de:20 & im:19 & im:7 & pr:11 & pr:6 & th:12 & va:9,"{'problem_analysis': 2, 'design_rationale': 2, 'implementation_mechanism': 2}"
2164,20,de:11 & de:15 & im:38 & im:7 & pr:6 & th:12 & th:26 & th:9 & va:2,"{'theoretical_insight': 3, 'implementation_mechanism': 2, 'design_rationale': 2}"
2165,20,de:15 & de:37 & im:1 & im:7 & pr:19 & pr:6 & th:12 & th:6 & va:1,"{'problem_analysis': 2, 'theoretical_insight': 2, 'implementation_mechanism': 2}"
2166,20,de:15 & de:37 & im:1 & im:7 & pr:12 & pr:6 & th:12 & th:6 & va:1,"{'problem_analysis': 2, 'theoretical_insight': 2, 'implementation_mechanism': 2}"
2167,20,de:15 & de:9 & im:35 & im:7 & pr:11 & pr:6 & th:12 & th:2 & va:9,"{'theoretical_insight': 2, 'problem_analysis': 2, 'design_rationale': 2}"
2168,20,de:15 & im:4 & im:7 & pr:11 & pr:6 & th:11 & th:12 & va:10,"{'problem_analysis': 2, 'theoretical_insight': 2, 'implementation_mechanism': 2}"
2169,20,de:15 & im:1 & im:7 & pr:6 & pr:7 & th:12 & th:6 & va:39,"{'problem_analysis': 2, 'theoretical_insight': 2, 'implementation_mechanism': 2}"
2170,20,de:15 & de:23 & im:27 & im:7 & pr:22 & pr:6 & th:12 & th:18 & va:22,"{'problem_analysis': 2, 'design_rationale': 2, 'implementation_mechanism': 2}"
2171,20,im:31 & pr:13 & pr:16 & th:4,"{'problem_analysis': 2, 'theoretical_insight': 1, 'implementation_mechanism': 1}"
2172,20,de:8 & im:3 & pr:19 & pr:20 & th:30 & va:1,"{'problem_analysis': 2, 'theoretical_insight': 1, 'validation_evidence': 1}"
2173,20,de:37 & im:3 & pr:19 & pr:31 & th:6 & va:1,"{'problem_analysis': 2, 'validation_evidence': 1, 'design_rationale': 1}"
2174,20,de:28 & im:7 & pr:31 & pr:6 & th:9 & va:32,"{'problem_analysis': 2, 'design_rationale': 1, 'validation_evidence': 1}"
2175,20,de:7 & im:10 & pr:19 & pr:31 & th:37 & va:37,"{'problem_analysis': 2, 'validation_evidence': 1, 'implementation_mechanism': 1}"
2176,20,de:15 & im:4 & pr:31 & pr:6 & th:1 & va:10,"{'problem_analysis': 2, 'theoretical_insight': 1, 'implementation_mechanism': 1}"
2177,20,de:15 & de:20 & im:19 & im:4 & pr:11 & pr:31 & pr:6 & th:11 & th:2 & va:10,"{'problem_analysis': 3, 'theoretical_insight': 2, 'implementation_mechanism': 2}"
2178,20,de:38 & im:9 & pr:12 & pr:23 & th:4 & va:28,"{'problem_analysis': 2, 'implementation_mechanism': 1, 'validation_evidence': 1}"
2179,20,de:3 & im:16 & pr:26 & pr:39 & th:36 & va:0,"{'problem_analysis': 2, 'implementation_mechanism': 1, 'validation_evidence': 1}"
2180,20,de:11 & im:9 & pr:26 & pr:33 & th:35 & va:15,"{'problem_analysis': 2, 'implementation_mechanism': 1, 'design_rationale': 1}"
2181,20,de:14 & im:25 & pr:14 & pr:26 & th:26 & va:20,"{'problem_analysis': 2, 'implementation_mechanism': 1, 'validation_evidence': 1}"
2182,20,pr:12 & pr:4 & va:28,"{'problem_analysis': 2, 'validation_evidence': 1}"
2183,20,de:15 & im:4 & pr:12 & pr:23 & pr:39 & pr:6 & th:11 & va:10 & va:38,"{'problem_analysis': 4, 'validation_evidence': 2, 'implementation_mechanism': 1}"
2184,20,de:37 & im:1 & pr:19 & pr:22 & th:6 & va:1,"{'problem_analysis': 2, 'validation_evidence': 1, 'implementation_mechanism': 1}"
2185,20,de:15 & im:4 & im:7 & pr:22 & pr:6 & th:12 & va:10,"{'problem_analysis': 2, 'implementation_mechanism': 2, 'theoretical_insight': 1}"
2186,20,pr:12 & pr:4,{'problem_analysis': 2}
2187,20,de:25 & im:34 & pr:12 & pr:32 & pr:7 & pr:9 & th:21 & va:30,"{'problem_analysis': 4, 'design_rationale': 1, 'implementation_mechanism': 1}"
2188,20,de:15 & im:4 & pr:11 & pr:6 & th:11 & va:15,"{'problem_analysis': 2, 'implementation_mechanism': 1, 'theoretical_insight': 1}"
2189,20,de:16 & im:10 & pr:11 & pr:6 & th:12 & va:3,"{'problem_analysis': 2, 'design_rationale': 1, 'validation_evidence': 1}"
2190,20,de:16 & im:4 & pr:11 & pr:31 & th:2 & va:10,"{'problem_analysis': 2, 'theoretical_insight': 1, 'design_rationale': 1}"
2191,20,de:22 & im:31 & pr:11 & pr:3 & th:4 & va:7,"{'problem_analysis': 2, 'design_rationale': 1, 'validation_evidence': 1}"
2192,20,de:7 & im:10 & pr:11 & pr:19 & th:37 & va:37,"{'problem_analysis': 2, 'validation_evidence': 1, 'implementation_mechanism': 1}"
2193,20,de:1 & im:9 & pr:11 & pr:13 & pr:19 & th:6 & va:4,"{'problem_analysis': 3, 'implementation_mechanism': 1, 'design_rationale': 1}"
2194,20,im:31 & pr:13 & pr:28 & pr:31 & pr:6 & th:33 & th:4,"{'problem_analysis': 4, 'theoretical_insight': 2, 'implementation_mechanism': 1}"
2195,20,de:11 & im:38 & pr:28 & pr:31 & pr:6 & th:26 & th:33 & th:9 & va:2,"{'problem_analysis': 3, 'theoretical_insight': 3, 'implementation_mechanism': 1}"
2196,20,de:17 & im:20 & pr:12 & pr:4 & th:12 & th:2 & va:3,"{'theoretical_insight': 2, 'problem_analysis': 2, 'design_rationale': 1}"
2197,20,de:37 & im:1 & pr:12 & pr:27 & th:6 & va:37,"{'problem_analysis': 2, 'validation_evidence': 1, 'implementation_mechanism': 1}"
2198,20,pr:11 & pr:4 & va:28,"{'problem_analysis': 2, 'validation_evidence': 1}"
2199,20,pr:11 & pr:16,{'problem_analysis': 2}
2200,20,de:15 & de:16 & im:38 & im:4 & pr:6 & th:11 & th:12 & th:26 & th:9 & va:0 & va:10,"{'theoretical_insight': 4, 'implementation_mechanism': 2, 'design_rationale': 2}"
2201,19,de:37 & im:1 & pr:12 & pr:32 & th:6 & va:39,"{'problem_analysis': 2, 'validation_evidence': 1, 'implementation_mechanism': 1}"
2202,19,de:37 & im:1 & pr:19 & pr:23 & th:6 & va:17,"{'problem_analysis': 2, 'validation_evidence': 1, 'implementation_mechanism': 1}"
2203,19,de:37 & im:1 & pr:12 & pr:23 & th:6 & va:17,"{'problem_analysis': 2, 'validation_evidence': 1, 'implementation_mechanism': 1}"
2204,19,de:10 & im:26 & pr:28 & th:33 & va:21,"{'problem_analysis': 1, 'design_rationale': 1, 'implementation_mechanism': 1}"
2205,19,pr:6 & pr:7,{'problem_analysis': 2}
2206,19,de:13 & im:1 & pr:19 & pr:7 & th:0 & va:15,"{'problem_analysis': 2, 'design_rationale': 1, 'validation_evidence': 1}"
2207,19,de:25 & im:34 & pr:11 & pr:19 & pr:4 & th:21 & va:27,"{'problem_analysis': 3, 'design_rationale': 1, 'validation_evidence': 1}"
2208,19,de:37 & im:1 & pr:12 & pr:3 & th:6 & va:39,"{'problem_analysis': 2, 'validation_evidence': 1, 'implementation_mechanism': 1}"
2209,19,de:5 & im:28 & pr:7 & th:29 & va:1,"{'validation_evidence': 1, 'theoretical_insight': 1, 'implementation_mechanism': 1}"
2210,19,de:3 & im:16 & pr:12 & pr:7 & va:0,"{'problem_analysis': 2, 'implementation_mechanism': 1, 'validation_evidence': 1}"
2211,19,de:5 & im:28 & pr:12 & pr:19 & th:2 & va:1,"{'problem_analysis': 2, 'theoretical_insight': 1, 'validation_evidence': 1}"
2212,19,de:11 & de:15 & de:37 & im:1 & im:4 & pr:18 & pr:6 & pr:7 & th:11 & th:2 & th:37 & va:10,"{'theoretical_insight': 3, 'problem_analysis': 3, 'design_rationale': 3}"
2213,19,de:5 & im:1 & pr:7 & th:37 & va:15,"{'design_rationale': 1, 'problem_analysis': 1, 'validation_evidence': 1}"
2214,19,de:13 & im:1 & pr:13 & th:0 & va:15,"{'problem_analysis': 1, 'design_rationale': 1, 'validation_evidence': 1}"
2215,19,de:28 & im:9 & pr:13 & pr:7 & th:39 & va:0,"{'problem_analysis': 2, 'design_rationale': 1, 'validation_evidence': 1}"
2216,19,pr:13 & pr:23 & va:23,"{'problem_analysis': 2, 'validation_evidence': 1}"
2217,19,de:15 & im:19 & pr:13 & pr:27 & pr:6 & th:12 & va:32,"{'problem_analysis': 3, 'theoretical_insight': 1, 'implementation_mechanism': 1}"
2218,19,pr:16 & pr:23 & pr:9 & va:23,"{'problem_analysis': 3, 'validation_evidence': 1}"
2219,19,de:13 & im:1 & pr:16 & pr:7 & th:37 & va:15,"{'problem_analysis': 2, 'design_rationale': 1, 'validation_evidence': 1}"
2220,19,de:37 & im:1 & pr:18 & pr:19 & th:6 & va:1,"{'problem_analysis': 2, 'validation_evidence': 1, 'implementation_mechanism': 1}"
2221,19,de:32 & de:37 & im:3 & pr:1 & pr:13 & pr:16 & pr:19 & th:19 & th:28 & va:1,"{'problem_analysis': 4, 'design_rationale': 2, 'theoretical_insight': 2}"
2222,19,de:37 & im:3 & pr:13 & pr:16 & pr:19 & th:28 & va:35,"{'problem_analysis': 3, 'validation_evidence': 1, 'design_rationale': 1}"
2223,19,pr:13 & pr:6 & th:2,"{'problem_analysis': 2, 'theoretical_insight': 1}"
2224,19,pr:13 & pr:19 & th:2 & va:15 & va:9,"{'problem_analysis': 2, 'validation_evidence': 2, 'theoretical_insight': 1}"
2225,19,pr:23 & pr:27,{'problem_analysis': 2}
2226,19,de:16 & pr:12 & pr:27,"{'problem_analysis': 2, 'design_rationale': 1}"
2227,19,de:15 & pr:27 & pr:6,"{'problem_analysis': 2, 'design_rationale': 1}"
2228,19,pr:11 & pr:27 & th:12 & va:9,"{'problem_analysis': 2, 'theoretical_insight': 1, 'validation_evidence': 1}"
2229,19,im:9 & pr:0 & pr:27 & va:28,"{'problem_analysis': 2, 'implementation_mechanism': 1, 'validation_evidence': 1}"
2230,19,de:15 & im:4 & pr:27 & pr:6 & th:0,"{'problem_analysis': 2, 'implementation_mechanism': 1, 'theoretical_insight': 1}"
2231,19,de:13 & im:1 & pr:27 & th:0 & va:15,"{'design_rationale': 1, 'validation_evidence': 1, 'implementation_mechanism': 1}"
2232,19,de:13 & im:1 & pr:17 & pr:27 & th:0,"{'problem_analysis': 2, 'design_rationale': 1, 'implementation_mechanism': 1}"
2233,19,de:16 & im:19 & pr:27 & pr:31 & va:17,"{'problem_analysis': 2, 'design_rationale': 1, 'validation_evidence': 1}"
2234,19,de:13 & im:7 & pr:26 & pr:27 & va:30,"{'problem_analysis': 2, 'design_rationale': 1, 'validation_evidence': 1}"
2235,19,de:3 & im:16 & pr:23 & pr:27 & th:36 & va:0,"{'problem_analysis': 2, 'implementation_mechanism': 1, 'validation_evidence': 1}"
2236,19,de:15 & im:4 & pr:27 & pr:31 & th:9 & va:31,"{'problem_analysis': 2, 'design_rationale': 1, 'validation_evidence': 1}"
2237,19,im:31 & pr:13 & pr:27 & th:4 & va:0,"{'problem_analysis': 2, 'validation_evidence': 1, 'implementation_mechanism': 1}"
2238,19,de:20 & im:4 & pr:11 & pr:27 & th:12,"{'problem_analysis': 2, 'theoretical_insight': 1, 'implementation_mechanism': 1}"
2239,19,de:29 & im:10 & pr:14 & pr:27 & th:8 & va:20,"{'problem_analysis': 2, 'implementation_mechanism': 1, 'design_rationale': 1}"
2240,19,de:29 & im:9 & pr:27 & pr:33 & th:9 & va:38,"{'problem_analysis': 2, 'implementation_mechanism': 1, 'validation_evidence': 1}"
2241,19,de:8 & im:39 & pr:10 & pr:27 & th:28 & va:1,"{'problem_analysis': 2, 'validation_evidence': 1, 'design_rationale': 1}"
2242,19,de:16 & im:10 & pr:27 & pr:6 & th:12 & va:3,"{'problem_analysis': 2, 'design_rationale': 1, 'validation_evidence': 1}"
2243,19,de:16 & im:1 & pr:27 & pr:31 & th:2 & va:17,"{'problem_analysis': 2, 'theoretical_insight': 1, 'design_rationale': 1}"
2244,19,de:15 & im:4 & pr:27 & pr:6 & th:11 & va:15,"{'problem_analysis': 2, 'implementation_mechanism': 1, 'theoretical_insight': 1}"
2245,19,de:22 & im:9 & pr:13 & pr:27 & th:4 & va:15,"{'problem_analysis': 2, 'design_rationale': 1, 'implementation_mechanism': 1}"
2246,19,de:16 & im:4 & pr:27 & pr:31 & th:2 & va:10,"{'problem_analysis': 2, 'theoretical_insight': 1, 'design_rationale': 1}"
2247,19,de:9 & im:35 & pr:11 & pr:27 & th:12 & va:9,"{'problem_analysis': 2, 'theoretical_insight': 1, 'design_rationale': 1}"
2248,19,de:15 & im:4 & pr:27 & pr:31 & th:2 & va:32,"{'problem_analysis': 2, 'theoretical_insight': 1, 'implementation_mechanism': 1}"
2249,19,de:37 & im:20 & pr:16 & pr:27 & th:8 & va:20,"{'problem_analysis': 2, 'theoretical_insight': 1, 'implementation_mechanism': 1}"
2250,19,de:37 & im:1 & pr:19 & pr:27 & th:37 & va:39,"{'problem_analysis': 2, 'validation_evidence': 1, 'theoretical_insight': 1}"
2251,19,de:37 & im:28 & pr:19 & pr:27 & th:29 & va:1,"{'problem_analysis': 2, 'validation_evidence': 1, 'theoretical_insight': 1}"
2252,19,de:22 & im:31 & pr:13 & pr:27 & th:4 & va:7,"{'problem_analysis': 2, 'design_rationale': 1, 'validation_evidence': 1}"
2253,19,de:8 & im:3 & pr:16 & pr:27 & th:13 & va:1,"{'problem_analysis': 2, 'theoretical_insight': 1, 'validation_evidence': 1}"
2254,19,de:25 & im:34 & pr:27 & pr:32 & th:21 & va:17,"{'problem_analysis': 2, 'design_rationale': 1, 'validation_evidence': 1}"
2255,19,de:37 & im:1 & pr:25 & pr:27 & th:37 & va:39,"{'problem_analysis': 2, 'validation_evidence': 1, 'theoretical_insight': 1}"
2256,19,de:11 & im:1 & im:26 & pr:12 & pr:27 & va:17,"{'implementation_mechanism': 2, 'problem_analysis': 2, 'validation_evidence': 1}"
2257,19,de:37 & im:0 & pr:19 & pr:27 & pr:7 & th:6 & va:1,"{'problem_analysis': 3, 'validation_evidence': 1, 'implementation_mechanism': 1}"
2258,19,de:20 & im:19 & pr:11 & pr:27 & th:2 & va:9,"{'problem_analysis': 2, 'theoretical_insight': 1, 'design_rationale': 1}"
2259,19,de:8 & im:1 & pr:10 & pr:27 & th:6 & va:10,"{'problem_analysis': 2, 'design_rationale': 1, 'implementation_mechanism': 1}"
2260,19,de:3 & im:3 & pr:16 & pr:27 & th:28 & va:1,"{'problem_analysis': 2, 'validation_evidence': 1, 'design_rationale': 1}"
2261,19,de:39 & im:0 & pr:10 & pr:16 & pr:27 & va:1,"{'problem_analysis': 3, 'validation_evidence': 1, 'design_rationale': 1}"
2262,19,de:33 & im:5 & pr:16 & pr:27 & th:8 & va:20,"{'problem_analysis': 2, 'design_rationale': 1, 'theoretical_insight': 1}"
2263,19,de:4 & im:10 & pr:19 & pr:27 & th:8 & va:33,"{'problem_analysis': 2, 'implementation_mechanism': 1, 'theoretical_insight': 1}"
2264,19,de:25 & im:34 & pr:27 & pr:32 & th:21 & va:33,"{'problem_analysis': 2, 'design_rationale': 1, 'validation_evidence': 1}"
2265,19,de:6 & im:7 & pr:19 & pr:27 & pr:8 & th:34 & va:12,"{'problem_analysis': 3, 'validation_evidence': 1, 'design_rationale': 1}"
2266,19,de:12 & im:8 & pr:16 & pr:27 & th:26 & va:1,"{'problem_analysis': 2, 'implementation_mechanism': 1, 'validation_evidence': 1}"
2267,19,de:18 & im:0 & pr:16 & pr:27 & th:19 & va:19,"{'problem_analysis': 2, 'validation_evidence': 1, 'design_rationale': 1}"
2268,19,de:29 & im:7 & pr:19 & pr:27 & th:37 & va:12,"{'problem_analysis': 2, 'validation_evidence': 1, 'design_rationale': 1}"
2269,19,de:24 & im:24 & pr:13 & pr:2 & pr:27 & th:10 & va:8,"{'problem_analysis': 3, 'theoretical_insight': 1, 'implementation_mechanism': 1}"
2270,19,de:14 & im:20 & pr:19 & pr:27 & pr:9 & th:14 & th:26 & va:19,"{'problem_analysis': 3, 'theoretical_insight': 2, 'validation_evidence': 1}"
2271,19,de:37 & im:0 & pr:19 & pr:27 & th:6 & va:39,"{'problem_analysis': 2, 'validation_evidence': 1, 'design_rationale': 1}"
2272,19,de:29 & im:29 & pr:19 & pr:2 & pr:27 & th:29 & va:8,"{'problem_analysis': 3, 'theoretical_insight': 1, 'validation_evidence': 1}"
2273,19,de:32 & im:0 & pr:1 & pr:19 & pr:27 & th:7 & va:39,"{'problem_analysis': 3, 'design_rationale': 1, 'validation_evidence': 1}"
2274,19,de:11 & im:10 & im:31 & pr:13 & pr:23 & pr:27 & th:25 & th:4 & va:1 & va:20,"{'problem_analysis': 3, 'validation_evidence': 2, 'theoretical_insight': 2}"
2275,19,pr:2,{'problem_analysis': 1}
2276,19,de:22 & im:31 & pr:13 & pr:16 & th:30 & va:7,"{'problem_analysis': 2, 'theoretical_insight': 1, 'design_rationale': 1}"
2277,19,de:37 & im:0 & pr:16 & pr:19 & pr:7 & th:6 & va:1,"{'problem_analysis': 3, 'validation_evidence': 1, 'design_rationale': 1}"
2278,19,de:24 & im:24 & pr:2 & th:10 & va:8,"{'theoretical_insight': 1, 'implementation_mechanism': 1, 'problem_analysis': 1}"
2279,19,de:23 & im:26 & pr:12 & pr:22 & th:33 & va:2,"{'problem_analysis': 2, 'design_rationale': 1, 'implementation_mechanism': 1}"
2280,19,de:23 & im:35 & pr:12 & pr:22 & va:2,"{'problem_analysis': 2, 'design_rationale': 1, 'implementation_mechanism': 1}"
2281,19,de:38 & im:7 & pr:12 & pr:22 & th:12 & va:13,"{'problem_analysis': 2, 'theoretical_insight': 1, 'design_rationale': 1}"
2282,19,pr:12 & pr:33,{'problem_analysis': 2}
2283,19,de:3 & pr:2 & pr:23 & pr:8 & th:39 & va:0,"{'problem_analysis': 3, 'validation_evidence': 1, 'design_rationale': 1}"
2284,19,de:3 & im:16 & pr:2 & pr:23 & pr:8 & th:39 & va:7,"{'problem_analysis': 3, 'implementation_mechanism': 1, 'validation_evidence': 1}"
2285,19,de:6 & im:16 & pr:2 & pr:23 & pr:8 & th:39,"{'problem_analysis': 3, 'design_rationale': 1, 'implementation_mechanism': 1}"
2286,19,de:17 & im:20 & pr:19 & pr:24 & th:21 & va:30,"{'problem_analysis': 2, 'design_rationale': 1, 'implementation_mechanism': 1}"
2287,19,de:37 & im:1 & pr:12 & pr:31 & th:6 & va:37,"{'problem_analysis': 2, 'validation_evidence': 1, 'implementation_mechanism': 1}"
2288,19,de:37 & im:1 & pr:12 & pr:4 & th:6 & va:15,"{'problem_analysis': 2, 'validation_evidence': 1, 'implementation_mechanism': 1}"
2289,19,de:22 & im:31 & pr:3 & pr:4 & th:4 & va:7,"{'problem_analysis': 2, 'design_rationale': 1, 'validation_evidence': 1}"
2290,19,de:18 & im:6 & pr:12 & pr:38 & pr:4 & th:36 & va:1,"{'problem_analysis': 3, 'validation_evidence': 1, 'design_rationale': 1}"
2291,19,de:14 & de:15 & im:25 & im:4 & pr:6 & pr:7 & pr:9 & th:11 & th:26 & va:10 & va:19 & va:20,"{'validation_evidence': 3, 'problem_analysis': 3, 'design_rationale': 2}"
2292,19,de:16 & im:10 & pr:11 & pr:27 & th:12,"{'problem_analysis': 2, 'design_rationale': 1, 'theoretical_insight': 1}"
2293,19,de:9 & im:35 & pr:11 & pr:12 & th:2 & va:9,"{'problem_analysis': 2, 'theoretical_insight': 1, 'design_rationale': 1}"
2294,19,pr:11 & pr:23,{'problem_analysis': 2}
2295,19,de:7 & im:7 & pr:11 & pr:27 & th:12 & va:28,"{'problem_analysis': 2, 'theoretical_insight': 1, 'design_rationale': 1}"
2296,19,de:29 & im:9 & pr:11 & pr:33 & th:9 & va:38,"{'problem_analysis': 2, 'implementation_mechanism': 1, 'validation_evidence': 1}"
2297,19,de:8 & im:39 & pr:10 & pr:11 & th:28 & va:1,"{'problem_analysis': 2, 'validation_evidence': 1, 'design_rationale': 1}"
2298,19,de:13 & im:1 & pr:11 & pr:7 & th:37 & va:39,"{'problem_analysis': 2, 'design_rationale': 1, 'validation_evidence': 1}"
2299,19,de:8 & im:3 & pr:11 & pr:16 & th:13 & va:1,"{'problem_analysis': 2, 'theoretical_insight': 1, 'validation_evidence': 1}"
2300,19,de:13 & im:1 & pr:11 & pr:7 & th:37 & va:15,"{'problem_analysis': 2, 'design_rationale': 1, 'validation_evidence': 1}"
2301,19,de:37 & im:0 & pr:11 & pr:19 & pr:7 & th:6 & va:1,"{'problem_analysis': 3, 'validation_evidence': 1, 'design_rationale': 1}"
2302,19,de:15 & de:37 & im:1 & im:4 & pr:19 & pr:32 & pr:6 & th:11 & th:6 & va:10,"{'problem_analysis': 3, 'implementation_mechanism': 2, 'theoretical_insight': 2}"
2303,18,de:25 & im:34 & pr:32 & th:33 & va:27,"{'design_rationale': 1, 'problem_analysis': 1, 'validation_evidence': 1}"
2304,18,de:23 & im:27 & pr:22 & pr:32 & th:18 & va:22,"{'problem_analysis': 2, 'design_rationale': 1, 'implementation_mechanism': 1}"
2305,18,de:34 & im:10 & pr:10 & pr:19 & pr:32 & th:3 & va:4,"{'problem_analysis': 3, 'theoretical_insight': 1, 'implementation_mechanism': 1}"
2306,18,pr:6 & pr:9,{'problem_analysis': 2}
2307,18,de:37 & im:1 & pr:19 & pr:9 & th:6 & va:39,"{'problem_analysis': 2, 'validation_evidence': 1, 'implementation_mechanism': 1}"
2308,18,de:15 & im:4 & pr:6 & pr:9 & th:1 & va:10,"{'problem_analysis': 2, 'theoretical_insight': 1, 'implementation_mechanism': 1}"
2309,18,de:1 & im:1 & pr:13 & pr:19 & pr:23 & th:23 & va:4,"{'problem_analysis': 3, 'theoretical_insight': 1, 'design_rationale': 1}"
2310,18,de:37 & im:1 & pr:12 & pr:20 & pr:6 & th:6 & va:1,"{'problem_analysis': 3, 'validation_evidence': 1, 'implementation_mechanism': 1}"
2311,18,pr:16 & pr:7,{'problem_analysis': 2}
2312,18,de:20 & im:19 & pr:35 & pr:7 & th:12 & va:2,"{'problem_analysis': 2, 'theoretical_insight': 1, 'design_rationale': 1}"
2313,18,de:14 & im:25 & pr:14 & pr:7 & va:20,"{'problem_analysis': 2, 'implementation_mechanism': 1, 'validation_evidence': 1}"
2314,18,de:1 & im:8 & pr:16 & pr:20 & pr:7 & th:6 & va:35,"{'problem_analysis': 3, 'implementation_mechanism': 1, 'validation_evidence': 1}"
2315,18,de:3 & de:37 & im:1 & im:16 & pr:12 & pr:30 & pr:39 & th:36 & th:6 & va:15 & va:26,"{'problem_analysis': 3, 'implementation_mechanism': 2, 'validation_evidence': 2}"
2316,18,de:14 & im:25 & pr:13 & pr:14 & th:26,"{'problem_analysis': 2, 'implementation_mechanism': 1, 'theoretical_insight': 1}"
2317,18,im:1 & pr:3 & pr:7 & th:6 & va:39,"{'problem_analysis': 2, 'validation_evidence': 1, 'implementation_mechanism': 1}"
2318,18,de:11 & im:22 & pr:13 & pr:18 & pr:31 & th:2 & va:17,"{'problem_analysis': 3, 'theoretical_insight': 1, 'implementation_mechanism': 1}"
2319,18,de:37 & im:1 & pr:19 & pr:38 & th:6 & va:39,"{'problem_analysis': 2, 'validation_evidence': 1, 'implementation_mechanism': 1}"
2320,18,de:8 & im:1 & pr:10 & pr:16 & pr:19 & th:6 & va:10,"{'problem_analysis': 3, 'design_rationale': 1, 'implementation_mechanism': 1}"
2321,18,de:3 & im:16 & im:31 & pr:13 & pr:23 & pr:39 & th:36 & th:4 & va:1 & va:26,"{'problem_analysis': 3, 'validation_evidence': 2, 'implementation_mechanism': 2}"
2322,18,de:37 & im:3 & pr:12 & pr:19 & th:6 & va:1,"{'problem_analysis': 2, 'validation_evidence': 1, 'design_rationale': 1}"
2323,18,de:3 & im:16 & pr:13 & pr:23 & th:36 & va:0,"{'problem_analysis': 2, 'implementation_mechanism': 1, 'validation_evidence': 1}"
2324,18,de:22 & im:31 & pr:13 & pr:32 & th:4 & va:23,"{'problem_analysis': 2, 'design_rationale': 1, 'theoretical_insight': 1}"
2325,18,de:7 & im:10 & pr:13 & pr:19 & th:37 & va:37,"{'problem_analysis': 2, 'validation_evidence': 1, 'implementation_mechanism': 1}"
2326,18,de:8 & im:3 & pr:13 & pr:16 & th:13 & va:1,"{'problem_analysis': 2, 'theoretical_insight': 1, 'validation_evidence': 1}"
2327,18,de:17 & im:7 & pr:11 & pr:13 & pr:27 & th:12 & va:9,"{'problem_analysis': 3, 'design_rationale': 1, 'theoretical_insight': 1}"
2328,18,de:29 & im:10 & pr:9 & th:0 & va:15,"{'problem_analysis': 1, 'implementation_mechanism': 1, 'design_rationale': 1}"
2329,18,de:29 & im:29 & pr:0 & th:34 & va:14,"{'theoretical_insight': 1, 'design_rationale': 1, 'implementation_mechanism': 1}"
2330,18,pr:11 & pr:16 & th:12 & va:9,"{'problem_analysis': 2, 'theoretical_insight': 1, 'validation_evidence': 1}"
2331,18,im:9 & pr:0 & pr:16 & va:28,"{'problem_analysis': 2, 'implementation_mechanism': 1, 'validation_evidence': 1}"
2332,18,de:16 & im:1 & pr:16 & pr:31 & th:2 & va:17,"{'problem_analysis': 2, 'theoretical_insight': 1, 'design_rationale': 1}"
2333,18,de:37 & im:1 & pr:16 & pr:7 & th:6 & va:17,"{'problem_analysis': 2, 'validation_evidence': 1, 'implementation_mechanism': 1}"
2334,18,de:15 & im:4 & pr:16 & pr:31 & th:2 & va:32,"{'problem_analysis': 2, 'theoretical_insight': 1, 'implementation_mechanism': 1}"
2335,18,de:9 & im:19 & pr:16 & pr:4 & th:12 & va:30,"{'problem_analysis': 2, 'theoretical_insight': 1, 'design_rationale': 1}"
2336,18,de:11 & im:1 & im:26 & pr:12 & pr:16 & va:17,"{'problem_analysis': 2, 'implementation_mechanism': 2, 'validation_evidence': 1}"
2337,18,de:7 & im:7 & pr:11 & pr:14 & pr:16 & pr:6 & th:12 & va:18,"{'problem_analysis': 4, 'theoretical_insight': 1, 'design_rationale': 1}"
2338,18,de:9 & im:35 & pr:11 & pr:18 & th:2 & va:9,"{'problem_analysis': 2, 'theoretical_insight': 1, 'design_rationale': 1}"
2339,18,de:23 & im:26 & pr:19 & pr:22 & th:33 & va:2,"{'problem_analysis': 2, 'design_rationale': 1, 'implementation_mechanism': 1}"
2340,18,de:23 & im:35 & pr:19 & pr:22 & va:2,"{'problem_analysis': 2, 'design_rationale': 1, 'implementation_mechanism': 1}"
2341,18,de:38 & im:7 & pr:19 & pr:22 & th:12 & va:13,"{'problem_analysis': 2, 'theoretical_insight': 1, 'design_rationale': 1}"
2342,18,de:15 & im:4 & pr:31 & pr:4,"{'problem_analysis': 2, 'implementation_mechanism': 1, 'design_rationale': 1}"
2343,18,de:9 & im:4 & pr:4 & pr:6 & th:12,"{'problem_analysis': 2, 'theoretical_insight': 1, 'implementation_mechanism': 1}"
2344,18,de:16 & im:1 & pr:4 & pr:9 & th:14 & va:37,"{'problem_analysis': 2, 'design_rationale': 1, 'validation_evidence': 1}"
2345,18,de:23 & im:26 & pr:26 & pr:4 & th:33 & va:38,"{'problem_analysis': 2, 'design_rationale': 1, 'implementation_mechanism': 1}"
2346,18,de:32 & de:37 & im:3 & pr:1 & pr:16 & pr:19 & pr:4 & th:19 & th:28 & va:1,"{'problem_analysis': 4, 'design_rationale': 2, 'theoretical_insight': 2}"
2347,18,de:37 & im:3 & pr:16 & pr:19 & pr:4 & th:28 & va:35,"{'problem_analysis': 3, 'validation_evidence': 1, 'design_rationale': 1}"
2348,18,de:13 & im:1 & pr:19 & pr:27 & th:0 & va:15,"{'problem_analysis': 2, 'design_rationale': 1, 'validation_evidence': 1}"
2349,18,de:16 & im:4 & pr:27 & pr:4 & th:12 & va:12,"{'problem_analysis': 2, 'validation_evidence': 1, 'design_rationale': 1}"
2350,18,de:14 & im:8 & pr:27 & pr:7 & th:8 & va:19,"{'problem_analysis': 2, 'implementation_mechanism': 1, 'validation_evidence': 1}"
2351,18,de:20 & im:20 & pr:27 & pr:9 & th:12 & va:9,"{'problem_analysis': 2, 'theoretical_insight': 1, 'design_rationale': 1}"
2352,18,de:5 & im:1 & pr:27 & pr:7 & th:37 & va:39,"{'problem_analysis': 2, 'validation_evidence': 1, 'design_rationale': 1}"
2353,18,de:33 & im:5 & pr:16 & pr:27 & th:26 & va:20,"{'problem_analysis': 2, 'design_rationale': 1, 'implementation_mechanism': 1}"
2354,18,de:15 & im:19 & pr:27 & pr:35 & th:12 & va:30,"{'problem_analysis': 2, 'theoretical_insight': 1, 'validation_evidence': 1}"
2355,18,de:20 & im:7 & pr:27 & pr:32 & th:12,"{'problem_analysis': 2, 'theoretical_insight': 1, 'design_rationale': 1}"
2356,18,de:18 & im:8 & pr:16 & pr:27 & th:7 & va:20,"{'problem_analysis': 2, 'implementation_mechanism': 1, 'design_rationale': 1}"
2357,18,de:7 & im:19 & pr:27 & pr:4 & pr:5 & th:12 & va:30,"{'problem_analysis': 3, 'theoretical_insight': 1, 'validation_evidence': 1}"
2358,18,de:0 & de:37 & im:1 & im:9 & pr:16 & pr:19 & pr:25 & th:1 & th:33 & th:4 & va:17 & va:39,"{'problem_analysis': 3, 'theoretical_insight': 3, 'validation_evidence': 2}"
2359,18,de:25 & im:34 & pr:32 & pr:6 & th:33 & va:27,"{'problem_analysis': 2, 'design_rationale': 1, 'validation_evidence': 1}"
2360,18,pr:12 & pr:17,{'problem_analysis': 2}
2361,18,de:23 & im:27 & pr:16 & pr:22 & th:18 & va:22,"{'problem_analysis': 2, 'design_rationale': 1, 'implementation_mechanism': 1}"
2362,18,de:37 & im:1 & pr:12 & va:1,"{'problem_analysis': 1, 'validation_evidence': 1, 'design_rationale': 1}"
2363,18,de:16 & im:1 & pr:12 & pr:26 & th:31 & va:39,"{'problem_analysis': 2, 'design_rationale': 1, 'validation_evidence': 1}"
2364,18,de:28 & im:7 & pr:26 & pr:6 & th:9 & va:32,"{'problem_analysis': 2, 'design_rationale': 1, 'validation_evidence': 1}"
2365,18,de:15 & im:4 & pr:12 & pr:26 & th:2 & va:10,"{'problem_analysis': 2, 'theoretical_insight': 1, 'implementation_mechanism': 1}"
2366,18,de:7 & im:4 & pr:26 & pr:6 & th:12 & va:10,"{'problem_analysis': 2, 'theoretical_insight': 1, 'implementation_mechanism': 1}"
2367,18,de:3 & im:16 & pr:26 & pr:39 & th:36 & va:26,"{'problem_analysis': 2, 'implementation_mechanism': 1, 'validation_evidence': 1}"
2368,18,de:17 & im:20 & pr:12 & pr:26 & th:12 & th:2 & va:3,"{'theoretical_insight': 2, 'problem_analysis': 2, 'design_rationale': 1}"
2369,18,de:15 & im:4 & pr:26 & pr:27 & pr:6 & th:12 & th:2 & va:10,"{'problem_analysis': 3, 'theoretical_insight': 2, 'implementation_mechanism': 1}"
2370,18,de:15 & im:4 & im:7 & pr:26 & pr:6 & th:12 & va:10,"{'problem_analysis': 2, 'implementation_mechanism': 2, 'theoretical_insight': 1}"
2371,18,de:15 & de:20 & de:9 & im:4 & pr:27 & pr:3 & pr:6 & th:1 & th:11 & va:32,"{'problem_analysis': 3, 'design_rationale': 3, 'theoretical_insight': 2}"
2372,18,de:34 & im:10 & pr:10 & pr:19 & pr:26 & th:3 & va:4,"{'problem_analysis': 3, 'theoretical_insight': 1, 'implementation_mechanism': 1}"
2373,18,de:23 & im:27 & pr:22 & pr:26 & pr:28 & pr:31 & pr:6 & th:18 & th:33 & va:22,"{'problem_analysis': 5, 'theoretical_insight': 2, 'design_rationale': 1}"
2374,18,de:37 & im:1 & pr:12 & pr:20 & pr:4 & th:6 & va:1,"{'problem_analysis': 3, 'validation_evidence': 1, 'implementation_mechanism': 1}"
2375,18,de:17 & im:7 & pr:11 & pr:27 & pr:4 & th:12 & va:9,"{'problem_analysis': 3, 'design_rationale': 1, 'theoretical_insight': 1}"
2376,18,de:15 & de:28 & im:4 & im:7 & pr:4 & pr:6 & th:9 & va:32,"{'design_rationale': 2, 'problem_analysis': 2, 'implementation_mechanism': 2}"
2377,18,de:20 & de:28 & im:19 & pr:12 & pr:24 & pr:4 & va:30,"{'problem_analysis': 3, 'design_rationale': 2, 'implementation_mechanism': 1}"
2378,18,de:15 & im:4 & pr:11 & pr:12 & pr:6 & th:11 & th:2 & va:9,"{'problem_analysis': 3, 'theoretical_insight': 2, 'implementation_mechanism': 1}"
2379,18,de:37 & im:1 & pr:11 & pr:12 & pr:19 & th:2 & th:6 & va:1,"{'problem_analysis': 3, 'theoretical_insight': 2, 'validation_evidence': 1}"
2380,18,de:15 & im:4 & pr:11 & pr:31,"{'problem_analysis': 2, 'implementation_mechanism': 1, 'design_rationale': 1}"
2381,18,de:16 & pr:11 & pr:12 & th:2 & va:2,"{'problem_analysis': 2, 'theoretical_insight': 1, 'design_rationale': 1}"
2382,18,de:20 & im:19 & pr:11 & pr:27 & th:12,"{'problem_analysis': 2, 'theoretical_insight': 1, 'design_rationale': 1}"
2383,18,im:4 & pr:11 & pr:31 & th:9 & va:10,"{'problem_analysis': 2, 'implementation_mechanism': 1, 'validation_evidence': 1}"
2384,18,de:16 & im:31 & pr:11 & pr:12 & th:4,"{'problem_analysis': 2, 'design_rationale': 1, 'theoretical_insight': 1}"
2385,18,de:17 & im:20 & pr:11 & pr:27 & va:17,"{'problem_analysis': 2, 'design_rationale': 1, 'validation_evidence': 1}"
2386,18,de:13 & im:1 & pr:11 & pr:17 & th:0,"{'problem_analysis': 2, 'design_rationale': 1, 'implementation_mechanism': 1}"
2387,18,de:15 & im:4 & pr:11 & pr:31 & th:12 & va:10,"{'problem_analysis': 2, 'theoretical_insight': 1, 'implementation_mechanism': 1}"
2388,18,de:15 & im:19 & pr:11 & pr:6 & th:12 & va:10,"{'problem_analysis': 2, 'theoretical_insight': 1, 'implementation_mechanism': 1}"
2389,18,de:37 & im:28 & pr:11 & pr:7 & th:6 & va:1,"{'problem_analysis': 2, 'validation_evidence': 1, 'implementation_mechanism': 1}"
2390,18,de:14 & im:25 & pr:11 & pr:14 & th:26,"{'problem_analysis': 2, 'implementation_mechanism': 1, 'theoretical_insight': 1}"
2391,18,de:15 & im:4 & pr:11 & pr:12 & th:2 & va:9,"{'problem_analysis': 2, 'theoretical_insight': 1, 'implementation_mechanism': 1}"
2392,18,pr:11 & pr:2 & pr:33 & th:36 & va:7,"{'problem_analysis': 3, 'validation_evidence': 1, 'theoretical_insight': 1}"
2393,18,de:9 & im:4 & pr:11 & pr:6 & th:12,"{'problem_analysis': 2, 'theoretical_insight': 1, 'implementation_mechanism': 1}"
2394,18,de:15 & im:4 & pr:11 & pr:31 & th:9 & va:32,"{'problem_analysis': 2, 'design_rationale': 1, 'implementation_mechanism': 1}"
2395,18,de:16 & im:1 & pr:11 & pr:9 & th:14 & va:37,"{'problem_analysis': 2, 'design_rationale': 1, 'validation_evidence': 1}"
2396,18,de:15 & im:19 & pr:11 & pr:35 & th:12 & va:30,"{'problem_analysis': 2, 'theoretical_insight': 1, 'validation_evidence': 1}"
2397,18,de:11 & pr:11 & pr:9 & th:14 & th:2 & va:2,"{'theoretical_insight': 2, 'problem_analysis': 2, 'design_rationale': 1}"
2398,18,de:25 & im:34 & pr:11 & pr:32 & th:21 & va:33,"{'problem_analysis': 2, 'design_rationale': 1, 'validation_evidence': 1}"
2399,18,de:15 & im:4 & pr:11 & pr:6 & th:2 & va:32,"{'problem_analysis': 2, 'theoretical_insight': 1, 'implementation_mechanism': 1}"
2400,18,de:11 & im:1 & pr:10 & pr:11 & pr:31 & th:27 & va:22,"{'problem_analysis': 3, 'design_rationale': 1, 'validation_evidence': 1}"
2401,18,de:9 & im:4 & pr:11 & pr:3 & pr:6 & th:11 & va:11,"{'problem_analysis': 3, 'design_rationale': 1, 'implementation_mechanism': 1}"
2402,18,de:16 & im:38 & pr:11 & pr:6 & th:12 & th:26 & th:9 & va:2,"{'theoretical_insight': 3, 'problem_analysis': 2, 'implementation_mechanism': 1}"
2403,18,de:23 & im:27 & pr:11 & pr:22 & pr:28 & pr:31 & pr:6 & th:18 & th:33 & va:2,"{'problem_analysis': 5, 'theoretical_insight': 2, 'design_rationale': 1}"
2404,18,de:15 & im:4 & pr:28 & pr:31 & pr:6 & th:33 & th:9 & va:10,"{'problem_analysis': 3, 'theoretical_insight': 2, 'design_rationale': 1}"
2405,18,de:37 & im:1 & pr:12 & pr:28 & pr:31 & pr:6 & th:33 & th:6 & va:39,"{'problem_analysis': 4, 'theoretical_insight': 2, 'validation_evidence': 1}"
2406,18,de:3 & im:16 & pr:13 & pr:3 & pr:4 & th:15 & va:13,"{'problem_analysis': 3, 'implementation_mechanism': 1, 'design_rationale': 1}"
2407,18,de:10 & im:24 & pr:13 & pr:28 & pr:4 & th:10 & va:36,"{'problem_analysis': 3, 'theoretical_insight': 1, 'design_rationale': 1}"
2408,18,de:6 & im:11 & pr:13 & pr:4 & pr:5 & th:1 & va:4,"{'problem_analysis': 3, 'design_rationale': 1, 'theoretical_insight': 1}"
2409,18,de:37 & im:3 & pr:16 & pr:19 & pr:27 & th:28 & va:33,"{'problem_analysis': 3, 'validation_evidence': 1, 'design_rationale': 1}"
2410,18,de:15 & im:4 & pr:11 & pr:4 & pr:6 & th:11 & va:10,"{'problem_analysis': 3, 'implementation_mechanism': 1, 'theoretical_insight': 1}"
2411,18,de:15 & im:4 & pr:12 & pr:6 & th:11,"{'problem_analysis': 2, 'implementation_mechanism': 1, 'theoretical_insight': 1}"
2412,18,de:15 & de:16 & de:20 & im:4 & pr:11 & pr:12 & pr:6 & th:11 & th:12 & th:2 & va:32,"{'theoretical_insight': 3, 'design_rationale': 3, 'problem_analysis': 3}"
2413,18,de:34 & im:10 & pr:10 & pr:12 & pr:19 & th:3 & va:4,"{'problem_analysis': 3, 'theoretical_insight': 1, 'implementation_mechanism': 1}"
2414,18,de:37 & im:1 & pr:11 & pr:14 & pr:19 & pr:6 & th:6 & va:1,"{'problem_analysis': 4, 'validation_evidence': 1, 'implementation_mechanism': 1}"
2415,18,de:20 & de:3 & im:16 & pr:39 & pr:4 & pr:5 & th:1 & th:2 & th:36 & va:26,"{'theoretical_insight': 3, 'problem_analysis': 3, 'design_rationale': 2}"
2416,18,de:20 & de:3 & im:16 & im:19 & pr:35 & pr:39 & pr:7 & th:12 & th:36 & va:26,"{'problem_analysis': 3, 'theoretical_insight': 2, 'implementation_mechanism': 2}"
2417,18,de:15 & de:20 & de:28 & im:4 & pr:27 & pr:6 & th:1 & th:11 & th:12 & va:32,"{'design_rationale': 3, 'theoretical_insight': 3, 'problem_analysis': 2}"
2418,18,de:15 & de:20 & im:19 & im:4 & pr:11 & pr:6 & th:11 & th:2 & va:32,"{'theoretical_insight': 2, 'problem_analysis': 2, 'implementation_mechanism': 2}"
2419,18,de:3 & im:16 & pr:35 & pr:39 & pr:5 & th:36 & va:26,"{'problem_analysis': 3, 'implementation_mechanism': 1, 'validation_evidence': 1}"
2420,17,de:9 & im:35 & pr:11 & pr:32 & th:2 & va:9,"{'problem_analysis': 2, 'theoretical_insight': 1, 'design_rationale': 1}"
2421,17,de:37 & im:1 & pr:12 & pr:9 & th:6 & va:17,"{'problem_analysis': 2, 'validation_evidence': 1, 'implementation_mechanism': 1}"
2422,17,pr:12 & pr:23,{'problem_analysis': 2}
2423,17,de:25 & im:34 & pr:23 & pr:4 & th:21 & va:27,"{'problem_analysis': 2, 'design_rationale': 1, 'validation_evidence': 1}"
2424,17,de:37 & im:3 & pr:19 & pr:23 & th:6 & va:1,"{'problem_analysis': 2, 'validation_evidence': 1, 'design_rationale': 1}"
2425,17,de:3 & im:16 & pr:0 & pr:39 & th:36 & va:26,"{'problem_analysis': 2, 'implementation_mechanism': 1, 'validation_evidence': 1}"
2426,17,de:37 & im:1 & pr:19 & pr:7 & th:6 & va:39,"{'problem_analysis': 2, 'validation_evidence': 1, 'implementation_mechanism': 1}"
2427,17,de:37 & im:1 & pr:19 & pr:7 & th:6 & va:37,"{'problem_analysis': 2, 'validation_evidence': 1, 'implementation_mechanism': 1}"
2428,17,de:20 & im:19 & pr:27 & pr:6 & th:12 & va:17,"{'problem_analysis': 2, 'theoretical_insight': 1, 'validation_evidence': 1}"
2429,17,de:37 & im:9 & pr:12 & pr:37 & th:35 & va:38,"{'problem_analysis': 2, 'implementation_mechanism': 1, 'validation_evidence': 1}"
2430,17,pr:5,{'problem_analysis': 1}
2431,17,de:18 & im:6 & pr:12 & pr:38 & pr:6 & th:36 & va:1,"{'problem_analysis': 3, 'validation_evidence': 1, 'design_rationale': 1}"
2432,17,de:17 & im:20 & pr:11 & pr:12 & pr:23 & pr:39 & pr:6 & th:12 & va:17 & va:38,"{'problem_analysis': 5, 'validation_evidence': 2, 'design_rationale': 1}"
2433,17,de:15 & im:4 & pr:27 & pr:6 & th:11 & th:12 & th:2 & va:32,"{'theoretical_insight': 3, 'problem_analysis': 2, 'implementation_mechanism': 1}"
2434,17,pr:13 & pr:23,{'problem_analysis': 2}
2435,17,de:3 & im:12 & pr:10 & pr:13 & th:7 & va:0,"{'problem_analysis': 2, 'validation_evidence': 1, 'theoretical_insight': 1}"
2436,17,de:3 & im:16 & pr:13 & pr:7 & th:36 & va:0,"{'problem_analysis': 2, 'implementation_mechanism': 1, 'validation_evidence': 1}"
2437,17,de:7 & im:14 & pr:13 & pr:4 & th:1 & va:28,"{'problem_analysis': 2, 'implementation_mechanism': 1, 'theoretical_insight': 1}"
2438,17,de:22 & im:31 & pr:13 & pr:3 & pr:6 & th:4 & va:18,"{'problem_analysis': 3, 'design_rationale': 1, 'implementation_mechanism': 1}"
2439,17,im:7 & pr:16 & pr:4 & va:28,"{'problem_analysis': 2, 'implementation_mechanism': 1, 'validation_evidence': 1}"
2440,17,de:37 & im:1 & pr:16 & pr:19 & th:37 & va:39,"{'problem_analysis': 2, 'validation_evidence': 1, 'theoretical_insight': 1}"
2441,17,de:16 & im:4 & pr:16 & pr:6 & th:4 & va:10,"{'problem_analysis': 2, 'design_rationale': 1, 'implementation_mechanism': 1}"
2442,17,de:16 & im:38 & pr:12 & pr:16 & th:12 & va:2,"{'problem_analysis': 2, 'implementation_mechanism': 1, 'design_rationale': 1}"
2443,17,de:5 & im:1 & pr:12 & pr:16 & th:6 & va:1,"{'problem_analysis': 2, 'validation_evidence': 1, 'design_rationale': 1}"
2444,17,pr:16 & pr:19 & th:2 & va:15 & va:9,"{'problem_analysis': 2, 'validation_evidence': 2, 'theoretical_insight': 1}"
2445,17,de:22 & im:26 & pr:13 & pr:16 & th:4 & va:7,"{'problem_analysis': 2, 'design_rationale': 1, 'validation_evidence': 1}"
2446,17,de:38 & de:6 & im:10 & im:3 & pr:16 & pr:31 & pr:32 & pr:4 & va:0 & va:23,"{'problem_analysis': 4, 'design_rationale': 2, 'validation_evidence': 2}"
2447,17,de:22 & de:6 & im:21 & im:31 & pr:13 & pr:16 & pr:30 & pr:5 & th:1 & th:4 & va:15 & va:30 & va:7,"{'problem_analysis': 4, 'validation_evidence': 3, 'design_rationale': 2}"
2448,17,de:15 & im:4 & pr:18 & pr:31 & pr:6 & th:11 & va:10,"{'problem_analysis': 3, 'implementation_mechanism': 1, 'theoretical_insight': 1}"
2449,17,pr:11 & pr:19 & th:12 & va:27,"{'problem_analysis': 2, 'theoretical_insight': 1, 'validation_evidence': 1}"
2450,17,de:8 & im:13 & pr:19 & pr:4 & th:30 & th:6 & va:1,"{'theoretical_insight': 2, 'problem_analysis': 2, 'validation_evidence': 1}"
2451,17,de:9 & im:4 & pr:3 & pr:4 & pr:6 & th:11 & va:11,"{'problem_analysis': 3, 'design_rationale': 1, 'implementation_mechanism': 1}"
2452,17,pr:17 & pr:27,{'problem_analysis': 2}
2453,17,de:8 & im:16 & pr:0 & pr:27 & th:7 & va:34,"{'problem_analysis': 2, 'validation_evidence': 1, 'implementation_mechanism': 1}"
2454,17,de:15 & im:7 & pr:27 & pr:6 & th:11 & va:9,"{'problem_analysis': 2, 'theoretical_insight': 1, 'validation_evidence': 1}"
2455,17,de:20 & im:19 & pr:11 & pr:27 & th:1 & va:9,"{'problem_analysis': 2, 'theoretical_insight': 1, 'design_rationale': 1}"
2456,17,im:31 & pr:13 & pr:27 & th:4 & va:7,"{'problem_analysis': 2, 'validation_evidence': 1, 'implementation_mechanism': 1}"
2457,17,de:38 & im:7 & pr:27 & pr:5 & th:12 & va:0,"{'problem_analysis': 2, 'theoretical_insight': 1, 'validation_evidence': 1}"
2458,17,de:22 & im:31 & pr:27 & pr:3 & pr:6 & th:4 & va:18,"{'problem_analysis': 3, 'design_rationale': 1, 'implementation_mechanism': 1}"
2459,17,de:3 & im:16 & pr:2 & pr:27 & pr:39 & th:36 & va:0,"{'problem_analysis': 3, 'implementation_mechanism': 1, 'validation_evidence': 1}"
2460,17,de:3 & im:16 & pr:2 & pr:27 & pr:39 & th:36 & va:26,"{'problem_analysis': 3, 'implementation_mechanism': 1, 'validation_evidence': 1}"
2461,17,de:3 & im:16 & pr:27 & pr:39 & th:13 & va:26,"{'problem_analysis': 2, 'theoretical_insight': 1, 'implementation_mechanism': 1}"
2462,17,de:3 & im:24 & pr:27 & pr:39 & th:36 & va:26,"{'problem_analysis': 2, 'implementation_mechanism': 1, 'validation_evidence': 1}"
2463,17,de:3 & im:24 & pr:27 & pr:39 & th:19 & th:39 & va:26,"{'theoretical_insight': 2, 'problem_analysis': 2, 'implementation_mechanism': 1}"
2464,17,de:15 & im:4 & pr:18 & pr:27 & pr:6 & th:11 & va:10,"{'problem_analysis': 3, 'implementation_mechanism': 1, 'theoretical_insight': 1}"
2465,17,de:37 & im:1 & pr:16 & pr:19 & th:6 & va:24,"{'problem_analysis': 2, 'validation_evidence': 1, 'implementation_mechanism': 1}"
2466,17,pr:16 & pr:19 & th:6,"{'problem_analysis': 2, 'theoretical_insight': 1}"
2467,17,de:3 & im:3 & pr:16 & pr:19 & th:28 & th:6 & va:1,"{'problem_analysis': 2, 'theoretical_insight': 2, 'validation_evidence': 1}"
2468,17,de:38 & im:21 & pr:19 & pr:27 & pr:9 & th:16 & va:0,"{'problem_analysis': 3, 'implementation_mechanism': 1, 'validation_evidence': 1}"
2469,17,de:20 & im:19 & pr:19 & pr:27 & pr:9 & th:16 & va:30,"{'problem_analysis': 3, 'validation_evidence': 1, 'design_rationale': 1}"
2470,17,de:16 & im:1 & pr:12 & pr:31 & th:2 & va:17,"{'problem_analysis': 2, 'theoretical_insight': 1, 'design_rationale': 1}"
2471,17,de:15 & im:4 & im:7 & pr:31 & pr:6 & th:12,"{'problem_analysis': 2, 'implementation_mechanism': 2, 'theoretical_insight': 1}"
2472,17,de:13 & im:1 & pr:26 & pr:7 & th:37 & va:17,"{'problem_analysis': 2, 'design_rationale': 1, 'validation_evidence': 1}"
2473,17,de:25 & im:34 & pr:12 & pr:4 & th:21 & va:27,"{'problem_analysis': 2, 'design_rationale': 1, 'validation_evidence': 1}"
2474,17,de:3 & im:16 & pr:22 & pr:39 & th:36 & va:0,"{'problem_analysis': 2, 'implementation_mechanism': 1, 'validation_evidence': 1}"
2475,17,de:13 & im:1 & pr:17 & pr:4 & th:0,"{'problem_analysis': 2, 'design_rationale': 1, 'implementation_mechanism': 1}"
2476,17,de:20 & im:7 & pr:4 & pr:6 & th:12 & va:0,"{'problem_analysis': 2, 'theoretical_insight': 1, 'validation_evidence': 1}"
2477,17,im:31 & pr:13 & pr:4 & th:4 & va:0,"{'problem_analysis': 2, 'validation_evidence': 1, 'implementation_mechanism': 1}"
2478,17,de:16 & im:19 & pr:27 & pr:4 & th:12 & va:9,"{'problem_analysis': 2, 'design_rationale': 1, 'theoretical_insight': 1}"
2479,17,im:31 & pr:13 & pr:4 & th:4 & va:7,"{'problem_analysis': 2, 'validation_evidence': 1, 'implementation_mechanism': 1}"
2480,17,de:37 & im:1 & pr:12 & pr:18 & pr:4 & th:6 & va:17,"{'problem_analysis': 3, 'validation_evidence': 1, 'implementation_mechanism': 1}"
2481,17,de:15 & de:20 & im:19 & im:4 & pr:11 & pr:4 & pr:6 & th:11 & th:2 & va:10,"{'problem_analysis': 3, 'theoretical_insight': 2, 'implementation_mechanism': 2}"
2482,17,de:11 & im:10 & im:31 & pr:13 & pr:23 & pr:4 & th:25 & th:4 & va:1 & va:20,"{'problem_analysis': 3, 'validation_evidence': 2, 'theoretical_insight': 2}"
2483,17,pr:11 & pr:19,{'problem_analysis': 2}
2484,17,pr:11 & pr:17,{'problem_analysis': 2}
2485,17,de:37 & im:1 & pr:11 & pr:12 & th:6 & va:15,"{'problem_analysis': 2, 'validation_evidence': 1, 'implementation_mechanism': 1}"
2486,17,de:3 & im:10 & pr:0 & pr:11 & th:39 & va:0,"{'problem_analysis': 2, 'validation_evidence': 1, 'implementation_mechanism': 1}"
2487,17,de:16 & im:1 & pr:11 & pr:31 & th:2 & va:17,"{'problem_analysis': 2, 'theoretical_insight': 1, 'design_rationale': 1}"
2488,17,de:16 & im:4 & pr:11 & pr:4 & th:12 & va:12,"{'problem_analysis': 2, 'validation_evidence': 1, 'design_rationale': 1}"
2489,17,de:9 & im:19 & pr:11 & pr:4 & th:12 & va:30,"{'problem_analysis': 2, 'theoretical_insight': 1, 'design_rationale': 1}"
2490,17,de:20 & im:20 & pr:11 & pr:9 & th:12 & va:9,"{'problem_analysis': 2, 'theoretical_insight': 1, 'design_rationale': 1}"
2491,17,de:37 & im:1 & pr:11 & pr:25 & th:37 & va:39,"{'problem_analysis': 2, 'validation_evidence': 1, 'theoretical_insight': 1}"
2492,17,de:38 & im:7 & pr:11 & pr:5 & th:12 & va:0,"{'problem_analysis': 2, 'theoretical_insight': 1, 'validation_evidence': 1}"
2493,17,de:16 & im:4 & pr:11 & pr:6 & va:9,"{'problem_analysis': 2, 'design_rationale': 1, 'implementation_mechanism': 1}"
2494,17,de:23 & im:26 & pr:11 & pr:26 & th:33 & va:38,"{'problem_analysis': 2, 'design_rationale': 1, 'implementation_mechanism': 1}"
2495,17,de:14 & im:25 & pr:11 & pr:7 & th:26 & va:20,"{'problem_analysis': 2, 'implementation_mechanism': 1, 'validation_evidence': 1}"
2496,17,de:20 & im:7 & pr:11 & pr:32 & th:12,"{'problem_analysis': 2, 'theoretical_insight': 1, 'design_rationale': 1}"
2497,17,de:8 & im:13 & pr:11 & pr:19 & th:30 & th:6 & va:1,"{'theoretical_insight': 2, 'problem_analysis': 2, 'validation_evidence': 1}"
2498,17,de:29 & im:7 & pr:11 & pr:19 & th:37 & va:12,"{'problem_analysis': 2, 'validation_evidence': 1, 'design_rationale': 1}"
2499,17,de:37 & im:1 & pr:12 & pr:28 & pr:31 & pr:6 & th:33 & th:6 & va:1,"{'problem_analysis': 4, 'theoretical_insight': 2, 'validation_evidence': 1}"
2500,17,pr:12 & pr:27,{'problem_analysis': 2}
2501,17,de:15 & de:37 & im:1 & im:4 & pr:12 & pr:32 & pr:6 & th:11 & th:6 & va:10,"{'problem_analysis': 3, 'implementation_mechanism': 2, 'theoretical_insight': 2}"
2502,16,de:37 & im:1 & pr:12 & pr:32 & th:6 & va:1,"{'problem_analysis': 2, 'validation_evidence': 1, 'implementation_mechanism': 1}"
2503,16,de:15 & im:4 & pr:31 & pr:32 & th:9 & va:10,"{'problem_analysis': 2, 'design_rationale': 1, 'implementation_mechanism': 1}"
2504,16,de:11 & im:9 & pr:33 & pr:9 & th:35 & va:15,"{'problem_analysis': 2, 'implementation_mechanism': 1, 'design_rationale': 1}"
2505,16,de:15 & im:4 & im:7 & pr:6 & pr:9 & th:12 & va:10,"{'problem_analysis': 2, 'implementation_mechanism': 2, 'theoretical_insight': 1}"
2506,16,de:12 & im:20 & pr:7 & pr:9 & th:1 & va:12,"{'problem_analysis': 2, 'validation_evidence': 1, 'theoretical_insight': 1}"
2507,16,de:37 & im:1 & pr:12 & pr:7 & th:6 & va:39,"{'problem_analysis': 2, 'validation_evidence': 1, 'implementation_mechanism': 1}"
2508,16,de:15 & im:4 & im:7 & pr:6 & pr:7 & th:12 & va:10,"{'problem_analysis': 2, 'implementation_mechanism': 2, 'theoretical_insight': 1}"
2509,16,im:31 & pr:13 & pr:19 & pr:7 & th:4,"{'problem_analysis': 3, 'theoretical_insight': 1, 'implementation_mechanism': 1}"
2510,16,de:37 & im:1 & pr:19 & pr:7 & th:37 & va:1,"{'problem_analysis': 2, 'validation_evidence': 1, 'theoretical_insight': 1}"
2511,16,de:23 & im:27 & pr:19 & pr:22 & pr:7 & th:18 & va:22,"{'problem_analysis': 3, 'design_rationale': 1, 'implementation_mechanism': 1}"
2512,16,de:11 & im:38 & pr:19 & pr:6 & pr:7 & th:26 & th:9 & va:2,"{'problem_analysis': 3, 'theoretical_insight': 2, 'implementation_mechanism': 1}"
2513,16,de:20 & im:19 & pr:11 & pr:5 & th:12 & va:9,"{'problem_analysis': 2, 'theoretical_insight': 1, 'design_rationale': 1}"
2514,16,de:20 & im:20 & pr:24 & pr:9 & th:1 & va:30,"{'problem_analysis': 2, 'theoretical_insight': 1, 'design_rationale': 1}"
2515,16,de:9 & im:7 & pr:6 & th:1 & va:15,"{'problem_analysis': 1, 'design_rationale': 1, 'theoretical_insight': 1}"
2516,16,de:3 & im:1 & im:16 & pr:30 & th:36 & va:1 & va:15,"{'validation_evidence': 2, 'implementation_mechanism': 2, 'problem_analysis': 1}"
2517,16,pr:19 & pr:23 & va:23,"{'problem_analysis': 2, 'validation_evidence': 1}"
2518,16,de:15 & im:4 & pr:12 & pr:39 & th:2 & va:10,"{'problem_analysis': 2, 'theoretical_insight': 1, 'implementation_mechanism': 1}"
2519,16,de:7 & im:4 & pr:39 & pr:6 & th:12 & va:10,"{'problem_analysis': 2, 'theoretical_insight': 1, 'implementation_mechanism': 1}"
2520,16,de:15 & im:4 & im:7 & pr:39 & pr:6 & th:12 & va:10,"{'problem_analysis': 2, 'implementation_mechanism': 2, 'theoretical_insight': 1}"
2521,16,de:29 & im:7 & pr:13 & pr:19 & th:37 & va:12,"{'problem_analysis': 2, 'validation_evidence': 1, 'design_rationale': 1}"
2522,16,de:18 & im:6 & pr:12 & pr:19 & pr:38 & th:36 & va:1,"{'problem_analysis': 3, 'validation_evidence': 1, 'design_rationale': 1}"
2523,16,im:13 & pr:12 & pr:19 & pr:2 & pr:39 & th:3 & va:36,"{'problem_analysis': 4, 'theoretical_insight': 1, 'implementation_mechanism': 1}"
2524,16,de:17 & im:20 & pr:11 & pr:12 & pr:19 & pr:23 & pr:39 & th:12 & va:17 & va:38,"{'problem_analysis': 5, 'validation_evidence': 2, 'design_rationale': 1}"
2525,16,de:15 & im:4 & pr:31 & pr:9 & th:2 & va:10,"{'problem_analysis': 2, 'theoretical_insight': 1, 'implementation_mechanism': 1}"
2526,16,de:37 & im:3 & pr:19 & pr:9 & th:6 & va:1,"{'problem_analysis': 2, 'validation_evidence': 1, 'design_rationale': 1}"
2527,16,de:1 & im:8 & pr:16 & pr:20 & pr:9 & th:6 & va:35,"{'problem_analysis': 3, 'implementation_mechanism': 1, 'validation_evidence': 1}"
2528,16,de:15 & im:4 & pr:12 & pr:27 & pr:6 & th:12 & th:2 & va:10,"{'problem_analysis': 3, 'theoretical_insight': 2, 'implementation_mechanism': 1}"
2529,16,de:15 & im:31 & im:4 & pr:13 & pr:23 & pr:6 & th:11 & th:4 & va:1 & va:32,"{'problem_analysis': 3, 'validation_evidence': 2, 'implementation_mechanism': 2}"
2530,16,de:10 & im:11 & pr:16 & pr:2 & th:13 & va:34,"{'problem_analysis': 2, 'theoretical_insight': 1, 'validation_evidence': 1}"
2531,16,de:20 & im:7 & pr:11 & pr:13 & th:1,"{'problem_analysis': 2, 'theoretical_insight': 1, 'design_rationale': 1}"
2532,16,pr:12 & pr:13 & th:2,"{'problem_analysis': 2, 'theoretical_insight': 1}"
2533,16,de:37 & im:1 & pr:12 & pr:13 & th:6 & va:15,"{'problem_analysis': 2, 'validation_evidence': 1, 'implementation_mechanism': 1}"
2534,16,de:3 & im:10 & pr:0 & pr:13 & th:39 & va:0,"{'problem_analysis': 2, 'validation_evidence': 1, 'implementation_mechanism': 1}"
2535,16,de:9 & im:35 & pr:11 & pr:13 & th:12 & va:9,"{'problem_analysis': 2, 'theoretical_insight': 1, 'design_rationale': 1}"
2536,16,de:15 & im:7 & pr:13 & pr:6 & th:11 & va:9,"{'problem_analysis': 2, 'theoretical_insight': 1, 'validation_evidence': 1}"
2537,16,de:14 & im:8 & pr:13 & pr:7 & th:8 & va:19,"{'problem_analysis': 2, 'implementation_mechanism': 1, 'validation_evidence': 1}"
2538,16,de:37 & im:0 & pr:13 & pr:19 & th:6 & va:39,"{'problem_analysis': 2, 'validation_evidence': 1, 'design_rationale': 1}"
2539,16,de:32 & im:0 & pr:1 & pr:13 & pr:19 & th:7 & va:39,"{'problem_analysis': 3, 'design_rationale': 1, 'validation_evidence': 1}"
2540,16,de:3 & im:21 & pr:0 & th:13 & va:8,"{'theoretical_insight': 1, 'validation_evidence': 1, 'design_rationale': 1}"
2541,16,de:3 & im:21 & pr:0 & th:19 & va:8,"{'theoretical_insight': 1, 'validation_evidence': 1, 'design_rationale': 1}"
2542,16,de:29 & de:3 & im:11 & im:29 & pr:0 & th:10 & th:34 & va:8,"{'theoretical_insight': 2, 'design_rationale': 2, 'implementation_mechanism': 2}"
2543,16,im:31 & pr:13 & pr:18 & th:4,"{'problem_analysis': 2, 'theoretical_insight': 1, 'implementation_mechanism': 1}"
2544,16,de:15 & im:4 & pr:18 & pr:31 & th:9 & va:10,"{'problem_analysis': 2, 'design_rationale': 1, 'implementation_mechanism': 1}"
2545,16,de:11 & im:38 & pr:18 & pr:6 & th:26 & th:9 & va:2,"{'problem_analysis': 2, 'theoretical_insight': 2, 'implementation_mechanism': 1}"
2546,16,im:1 & pr:23 & pr:7 & th:6 & va:39,"{'problem_analysis': 2, 'validation_evidence': 1, 'implementation_mechanism': 1}"
2547,16,de:15 & im:4 & pr:19 & pr:6 & th:12 & va:32,"{'problem_analysis': 2, 'theoretical_insight': 1, 'implementation_mechanism': 1}"
2548,16,de:9 & im:4 & pr:13 & pr:6 & th:12 & va:9,"{'problem_analysis': 2, 'theoretical_insight': 1, 'implementation_mechanism': 1}"
2549,16,de:16 & im:1 & pr:21 & pr:4 & th:31 & va:39,"{'problem_analysis': 2, 'design_rationale': 1, 'validation_evidence': 1}"
2550,16,de:0 & im:3 & pr:19 & pr:4 & th:7 & va:23,"{'problem_analysis': 2, 'design_rationale': 1, 'theoretical_insight': 1}"
2551,16,de:8 & im:1 & pr:19 & pr:4 & th:9 & va:1,"{'problem_analysis': 2, 'validation_evidence': 1, 'design_rationale': 1}"
2552,16,de:22 & im:31 & pr:13 & pr:3 & pr:4 & th:4 & va:11,"{'problem_analysis': 3, 'design_rationale': 1, 'implementation_mechanism': 1}"
2553,16,de:37 & im:1 & pr:19 & pr:4 & th:6 & va:24,"{'problem_analysis': 2, 'validation_evidence': 1, 'implementation_mechanism': 1}"
2554,16,de:14 & im:25 & pr:19 & pr:33 & th:26 & va:20,"{'problem_analysis': 2, 'implementation_mechanism': 1, 'validation_evidence': 1}"
2555,16,de:29 & im:29 & pr:19 & pr:2 & pr:33 & th:29 & va:8,"{'problem_analysis': 3, 'theoretical_insight': 1, 'validation_evidence': 1}"
2556,16,de:14 & de:15 & im:25 & im:4 & pr:14 & pr:39 & pr:6 & th:11 & th:26 & va:10 & va:20,"{'problem_analysis': 3, 'design_rationale': 2, 'implementation_mechanism': 2}"
2557,16,de:14 & de:15 & im:25 & im:37 & im:4 & pr:14 & pr:19 & pr:6 & th:11 & th:2 & th:26 & va:10 & va:15 & va:20,"{'theoretical_insight': 3, 'implementation_mechanism': 3, 'problem_analysis': 3}"
2558,16,de:11 & im:1 & pr:18 & pr:6 & th:2 & va:37,"{'problem_analysis': 2, 'theoretical_insight': 1, 'validation_evidence': 1}"
2559,16,de:11 & im:1 & pr:18 & pr:6 & th:2 & va:17,"{'problem_analysis': 2, 'theoretical_insight': 1, 'validation_evidence': 1}"
2560,16,de:20 & im:7 & pr:11 & pr:27 & th:1,"{'problem_analysis': 2, 'theoretical_insight': 1, 'design_rationale': 1}"
2561,16,de:3 & im:16 & pr:27 & pr:39 & th:36 & va:7,"{'problem_analysis': 2, 'implementation_mechanism': 1, 'validation_evidence': 1}"
2562,16,de:7 & im:7 & pr:27 & pr:39 & th:5 & va:0,"{'problem_analysis': 2, 'theoretical_insight': 1, 'validation_evidence': 1}"
2563,16,de:28 & im:9 & pr:27 & pr:30 & th:35 & va:28,"{'problem_analysis': 2, 'design_rationale': 1, 'implementation_mechanism': 1}"
2564,16,de:13 & im:1 & pr:27 & pr:33 & th:6 & va:17,"{'problem_analysis': 2, 'design_rationale': 1, 'validation_evidence': 1}"
2565,16,de:8 & im:18 & pr:16 & pr:27 & th:27 & va:20,"{'problem_analysis': 2, 'implementation_mechanism': 1, 'design_rationale': 1}"
2566,16,de:8 & im:13 & pr:19 & pr:27 & th:30 & th:6 & va:1,"{'theoretical_insight': 2, 'problem_analysis': 2, 'validation_evidence': 1}"
2567,16,de:18 & im:10 & pr:19 & pr:27 & th:37 & va:20,"{'problem_analysis': 2, 'design_rationale': 1, 'implementation_mechanism': 1}"
2568,16,de:3 & im:16 & pr:12 & pr:14 & pr:37 & pr:39 & th:30 & th:36 & va:26,"{'problem_analysis': 4, 'theoretical_insight': 2, 'implementation_mechanism': 1}"
2569,16,de:8 & im:1 & pr:16 & pr:19 & th:9 & va:1,"{'problem_analysis': 2, 'validation_evidence': 1, 'design_rationale': 1}"
2570,16,de:37 & im:1 & pr:12 & pr:13 & pr:20 & th:6 & va:1,"{'problem_analysis': 3, 'validation_evidence': 1, 'implementation_mechanism': 1}"
2571,16,de:20 & im:19 & pr:12 & pr:32 & th:12 & va:9,"{'problem_analysis': 2, 'theoretical_insight': 1, 'design_rationale': 1}"
2572,16,de:29 & pr:13 & pr:22,"{'problem_analysis': 2, 'design_rationale': 1}"
2573,16,de:15 & de:37 & im:4 & pr:19 & pr:6 & pr:7 & th:11 & th:6 & va:32,"{'problem_analysis': 3, 'theoretical_insight': 2, 'design_rationale': 2}"
2574,16,de:15 & de:22 & im:31 & im:4 & pr:13 & pr:30 & pr:6 & th:11 & th:4 & va:10 & va:15 & va:7,"{'problem_analysis': 3, 'validation_evidence': 3, 'design_rationale': 2}"
2575,16,de:15 & de:22 & im:31 & im:4 & pr:13 & pr:30 & pr:5 & pr:6 & th:11 & th:4 & va:10 & va:15 & va:7,"{'problem_analysis': 4, 'validation_evidence': 3, 'design_rationale': 2}"
2576,16,de:37 & im:3 & pr:16 & pr:19 & pr:33 & th:28 & va:33,"{'problem_analysis': 3, 'validation_evidence': 1, 'design_rationale': 1}"
2577,16,de:15 & im:4 & pr:31 & va:10,"{'implementation_mechanism': 1, 'validation_evidence': 1, 'design_rationale': 1}"
2578,16,de:14 & im:25 & pr:19 & pr:31 & th:26 & va:20,"{'problem_analysis': 2, 'implementation_mechanism': 1, 'validation_evidence': 1}"
2579,16,de:37 & im:1 & pr:12 & pr:31 & pr:7 & th:6 & va:1,"{'problem_analysis': 3, 'validation_evidence': 1, 'implementation_mechanism': 1}"
2580,16,de:20 & im:20 & pr:24 & pr:4 & th:1 & va:30,"{'problem_analysis': 2, 'theoretical_insight': 1, 'design_rationale': 1}"
2581,16,pr:26,{'problem_analysis': 1}
2582,16,de:15 & im:4 & pr:26 & pr:31 & th:2 & va:10,"{'problem_analysis': 2, 'theoretical_insight': 1, 'implementation_mechanism': 1}"
2583,16,de:7 & im:10 & pr:19 & pr:26 & th:37 & va:37,"{'problem_analysis': 2, 'validation_evidence': 1, 'implementation_mechanism': 1}"
2584,16,de:14 & im:25 & pr:26 & pr:7 & th:26 & va:20,"{'problem_analysis': 2, 'implementation_mechanism': 1, 'validation_evidence': 1}"
2585,16,de:37 & im:9 & pr:37 & th:35 & va:38,"{'implementation_mechanism': 1, 'validation_evidence': 1, 'design_rationale': 1}"
2586,16,de:37 & im:3 & pr:37 & va:35,"{'design_rationale': 1, 'implementation_mechanism': 1, 'validation_evidence': 1}"
2587,16,pr:19 & pr:23 & pr:39 & va:20 & va:38,"{'problem_analysis': 3, 'validation_evidence': 2}"
2588,16,de:37 & im:1 & pr:12 & pr:23 & pr:39 & th:6 & va:38 & va:39,"{'problem_analysis': 3, 'validation_evidence': 2, 'implementation_mechanism': 1}"
2589,16,de:37 & im:1 & pr:12 & pr:23 & pr:39 & th:6 & va:1 & va:38,"{'problem_analysis': 3, 'validation_evidence': 2, 'implementation_mechanism': 1}"
2590,16,de:3 & im:16 & pr:12 & pr:23 & pr:39 & th:36 & va:0 & va:38,"{'problem_analysis': 3, 'validation_evidence': 2, 'implementation_mechanism': 1}"
2591,16,de:15 & im:4 & pr:12 & pr:23 & pr:39 & pr:6 & th:11 & va:32 & va:38,"{'problem_analysis': 4, 'validation_evidence': 2, 'implementation_mechanism': 1}"
2592,16,de:11 & im:38 & pr:23 & pr:39 & pr:6 & th:26 & th:9 & va:2 & va:38,"{'problem_analysis': 3, 'validation_evidence': 2, 'theoretical_insight': 2}"
2593,16,de:20 & de:3 & de:9 & im:16 & im:4 & pr:27 & pr:3 & pr:39 & th:1 & th:36 & va:26,"{'design_rationale': 3, 'problem_analysis': 3, 'theoretical_insight': 2}"
2594,16,de:20 & im:19 & pr:27 & pr:4 & th:12,"{'problem_analysis': 2, 'theoretical_insight': 1, 'design_rationale': 1}"
2595,16,de:20 & im:19 & pr:32 & pr:4 & th:12 & va:9,"{'problem_analysis': 2, 'theoretical_insight': 1, 'design_rationale': 1}"
2596,16,de:15 & im:19 & pr:27 & pr:4 & pr:6 & th:12 & va:32,"{'problem_analysis': 3, 'theoretical_insight': 1, 'implementation_mechanism': 1}"
2597,16,de:14 & de:15 & im:25 & im:4 & pr:14 & pr:6 & th:11 & th:26 & va:10 & va:20,"{'problem_analysis': 2, 'design_rationale': 2, 'implementation_mechanism': 2}"
2598,16,de:16 & de:20 & pr:11 & pr:12 & pr:27 & th:12 & th:2 & va:30,"{'problem_analysis': 3, 'theoretical_insight': 2, 'design_rationale': 2}"
2599,16,de:3 & im:16 & pr:11 & pr:23 & th:36 & va:0,"{'problem_analysis': 2, 'implementation_mechanism': 1, 'validation_evidence': 1}"
2600,16,im:31 & pr:11 & pr:13 & th:4 & va:0,"{'problem_analysis': 2, 'validation_evidence': 1, 'implementation_mechanism': 1}"
2601,16,de:22 & im:31 & pr:11 & pr:13 & th:4 & va:7,"{'problem_analysis': 2, 'design_rationale': 1, 'validation_evidence': 1}"
2602,16,de:4 & im:31 & pr:11 & pr:3 & pr:33 & th:30 & va:38,"{'problem_analysis': 3, 'theoretical_insight': 1, 'validation_evidence': 1}"
2603,16,de:11 & im:10 & im:31 & pr:11 & pr:13 & pr:23 & th:25 & th:4 & va:1 & va:20,"{'problem_analysis': 3, 'validation_evidence': 2, 'theoretical_insight': 2}"
2604,16,de:15 & de:29 & im:29 & im:4 & pr:0 & pr:16 & pr:6 & th:11 & th:34 & va:10,"{'problem_analysis': 3, 'implementation_mechanism': 2, 'theoretical_insight': 2}"
2605,16,de:37 & im:1 & pr:4 & pr:9 & th:6 & va:17,"{'problem_analysis': 2, 'validation_evidence': 1, 'implementation_mechanism': 1}"
2606,16,de:16 & im:4 & pr:27 & pr:7 & th:37 & va:2,"{'problem_analysis': 2, 'design_rationale': 1, 'implementation_mechanism': 1}"
2607,16,de:28 & im:7 & pr:12 & pr:27 & th:12 & va:17 & va:28,"{'validation_evidence': 2, 'problem_analysis': 2, 'design_rationale': 1}"
2608,16,de:11 & de:7 & im:7 & pr:11 & pr:12 & pr:26 & pr:27 & th:12 & th:25 & th:31 & va:15,"{'problem_analysis': 4, 'theoretical_insight': 3, 'design_rationale': 2}"
2609,16,pr:16 & pr:4,{'problem_analysis': 2}
2610,16,de:9 & im:4 & pr:11 & pr:6 & th:12 & va:10,"{'problem_analysis': 2, 'theoretical_insight': 1, 'implementation_mechanism': 1}"
2611,16,de:9 & im:19 & pr:11 & pr:6 & th:12 & va:10,"{'problem_analysis': 2, 'theoretical_insight': 1, 'design_rationale': 1}"
2612,16,de:25 & im:34 & pr:11 & pr:26 & th:22 & va:33,"{'problem_analysis': 2, 'design_rationale': 1, 'validation_evidence': 1}"
2613,16,de:16 & de:38 & im:7 & pr:11 & pr:26 & th:2 & va:18,"{'design_rationale': 2, 'problem_analysis': 2, 'theoretical_insight': 1}"
2614,16,de:20 & im:19 & pr:11 & pr:4 & pr:5 & th:12 & th:2 & va:9,"{'problem_analysis': 3, 'theoretical_insight': 2, 'design_rationale': 1}"
2615,16,de:15 & de:20 & im:19 & im:4 & pr:35 & pr:6 & pr:7 & th:11 & th:12 & va:32,"{'problem_analysis': 3, 'theoretical_insight': 2, 'implementation_mechanism': 2}"
2616,16,de:20 & de:28 & de:3 & im:16 & im:4 & pr:27 & pr:39 & th:1 & th:12 & th:36 & va:26,"{'design_rationale': 3, 'theoretical_insight': 3, 'implementation_mechanism': 2}"
2617,16,de:20 & de:3 & im:16 & im:19 & pr:11 & pr:39 & th:2 & th:36 & va:26,"{'theoretical_insight': 2, 'implementation_mechanism': 2, 'problem_analysis': 2}"
2618,15,de:23 & im:27 & pr:22 & pr:28 & pr:31 & pr:32 & pr:6 & th:18 & th:33 & va:22,"{'problem_analysis': 5, 'theoretical_insight': 2, 'design_rationale': 1}"
2619,15,de:37 & im:1 & pr:19 & pr:23 & th:37 & va:39,"{'problem_analysis': 2, 'validation_evidence': 1, 'theoretical_insight': 1}"
2620,15,de:23 & im:26 & pr:23 & pr:26 & th:33 & va:38,"{'problem_analysis': 2, 'design_rationale': 1, 'implementation_mechanism': 1}"
2621,15,de:37 & im:1 & pr:23 & pr:9 & th:6 & va:17,"{'problem_analysis': 2, 'validation_evidence': 1, 'implementation_mechanism': 1}"
2622,15,de:22 & im:31 & pr:13 & pr:31 & th:4 & va:7,"{'problem_analysis': 2, 'design_rationale': 1, 'validation_evidence': 1}"
2623,15,de:6 & im:10 & pr:35 & pr:4 & pr:8 & th:1 & va:12,"{'problem_analysis': 3, 'validation_evidence': 1, 'design_rationale': 1}"
2624,15,de:9 & im:35 & pr:11 & pr:7 & th:2 & va:9,"{'problem_analysis': 2, 'theoretical_insight': 1, 'design_rationale': 1}"
2625,15,de:38 & im:21 & pr:27 & pr:9 & th:16 & va:0,"{'problem_analysis': 2, 'validation_evidence': 1, 'design_rationale': 1}"
2626,15,de:20 & im:19 & pr:27 & pr:9 & th:16 & va:30,"{'problem_analysis': 2, 'validation_evidence': 1, 'design_rationale': 1}"
2627,15,de:20 & im:7 & pr:27 & pr:6 & va:25,"{'problem_analysis': 2, 'validation_evidence': 1, 'design_rationale': 1}"
2628,15,de:22 & im:9 & pr:3 & th:4 & va:11,"{'design_rationale': 1, 'implementation_mechanism': 1, 'problem_analysis': 1}"
2629,15,de:25 & im:34 & pr:39 & pr:4 & th:21 & va:27,"{'problem_analysis': 2, 'design_rationale': 1, 'validation_evidence': 1}"
2630,15,de:3 & im:33 & pr:19 & pr:2 & pr:3 & th:34 & va:26,"{'problem_analysis': 3, 'theoretical_insight': 1, 'implementation_mechanism': 1}"
2631,15,de:25 & im:34 & pr:12 & pr:4 & th:21,"{'problem_analysis': 2, 'design_rationale': 1, 'implementation_mechanism': 1}"
2632,15,de:38 & im:7 & pr:12 & pr:5 & th:12 & va:0,"{'problem_analysis': 2, 'theoretical_insight': 1, 'validation_evidence': 1}"
2633,15,de:22 & im:31 & pr:13 & pr:19 & th:30 & va:7,"{'problem_analysis': 2, 'theoretical_insight': 1, 'design_rationale': 1}"
2634,15,de:3 & im:16 & pr:14 & pr:39 & th:36 & va:26,"{'problem_analysis': 2, 'implementation_mechanism': 1, 'validation_evidence': 1}"
2635,15,de:15 & im:4 & im:7 & pr:27 & pr:6 & th:12 & th:2 & va:10,"{'theoretical_insight': 2, 'problem_analysis': 2, 'implementation_mechanism': 2}"
2636,15,de:29 & pr:19 & pr:22,"{'problem_analysis': 2, 'design_rationale': 1}"
2637,15,pr:19 & pr:23 & pr:9 & va:23,"{'problem_analysis': 3, 'validation_evidence': 1}"
2638,15,de:3 & im:16 & pr:19 & pr:2 & pr:33 & pr:39 & th:36 & va:26,"{'problem_analysis': 4, 'implementation_mechanism': 1, 'validation_evidence': 1}"
2639,15,de:3 & im:0 & pr:19 & pr:2 & pr:33 & pr:39 & th:36 & va:26,"{'problem_analysis': 4, 'implementation_mechanism': 1, 'validation_evidence': 1}"
2640,15,de:16 & pr:12 & pr:13,"{'problem_analysis': 2, 'design_rationale': 1}"
2641,15,de:16 & im:10 & pr:13 & pr:27 & th:12,"{'problem_analysis': 2, 'design_rationale': 1, 'theoretical_insight': 1}"
2642,15,de:15 & im:4 & pr:13 & pr:6 & th:0,"{'problem_analysis': 2, 'implementation_mechanism': 1, 'theoretical_insight': 1}"
2643,15,de:17 & im:20 & pr:13 & pr:27 & va:17,"{'problem_analysis': 2, 'design_rationale': 1, 'validation_evidence': 1}"
2644,15,de:3 & im:16 & pr:13 & pr:39 & th:36 & va:7,"{'problem_analysis': 2, 'implementation_mechanism': 1, 'validation_evidence': 1}"
2645,15,de:8 & im:18 & pr:13 & pr:16 & th:27 & va:20,"{'problem_analysis': 2, 'implementation_mechanism': 1, 'design_rationale': 1}"
2646,15,pr:16 & pr:6 & th:2,"{'problem_analysis': 2, 'theoretical_insight': 1}"
2647,15,de:29 & pr:16 & pr:22,"{'problem_analysis': 2, 'design_rationale': 1}"
2648,15,de:16 & im:19 & pr:16 & pr:6 & th:21 & va:2,"{'problem_analysis': 2, 'design_rationale': 1, 'theoretical_insight': 1}"
2649,15,de:28 & im:10 & pr:16 & pr:17 & th:4 & va:17,"{'problem_analysis': 2, 'design_rationale': 1, 'validation_evidence': 1}"
2650,15,de:16 & im:4 & pr:16 & pr:18 & th:2 & va:10,"{'problem_analysis': 2, 'theoretical_insight': 1, 'design_rationale': 1}"
2651,15,de:16 & im:4 & pr:16 & pr:7 & th:37 & va:2,"{'problem_analysis': 2, 'design_rationale': 1, 'implementation_mechanism': 1}"
2652,15,de:16 & de:20 & pr:11 & pr:12 & pr:16 & th:12 & th:2 & va:30,"{'problem_analysis': 3, 'theoretical_insight': 2, 'design_rationale': 2}"
2653,15,de:28 & im:7 & pr:12 & pr:16 & th:12 & va:17 & va:28,"{'problem_analysis': 2, 'validation_evidence': 2, 'design_rationale': 1}"
2654,15,de:13 & im:1 & pr:18 & pr:7 & th:37 & va:17,"{'problem_analysis': 2, 'design_rationale': 1, 'validation_evidence': 1}"
2655,15,de:3 & im:33 & pr:13 & pr:19 & pr:2 & th:34 & va:26,"{'problem_analysis': 3, 'theoretical_insight': 1, 'implementation_mechanism': 1}"
2656,15,de:23 & im:27 & pr:22 & pr:36 & th:18 & va:22,"{'problem_analysis': 2, 'design_rationale': 1, 'implementation_mechanism': 1}"
2657,15,de:6 & im:19 & pr:11 & pr:19 & th:12 & va:9,"{'problem_analysis': 2, 'design_rationale': 1, 'theoretical_insight': 1}"
2658,15,de:13 & im:7 & pr:26 & pr:4 & va:30,"{'problem_analysis': 2, 'design_rationale': 1, 'validation_evidence': 1}"
2659,15,de:18 & im:10 & pr:19 & pr:4 & th:37 & va:20,"{'problem_analysis': 2, 'design_rationale': 1, 'implementation_mechanism': 1}"
2660,15,de:16 & pr:12 & pr:33,"{'problem_analysis': 2, 'design_rationale': 1}"
2661,15,pr:33 & pr:6 & th:2,"{'problem_analysis': 2, 'theoretical_insight': 1}"
2662,15,de:37 & im:28 & pr:20 & pr:33 & th:38,"{'problem_analysis': 2, 'implementation_mechanism': 1, 'theoretical_insight': 1}"
2663,15,de:20 & im:7 & pr:11 & pr:33 & th:1,"{'problem_analysis': 2, 'theoretical_insight': 1, 'design_rationale': 1}"
2664,15,de:16 & im:10 & pr:27 & pr:33 & th:12,"{'problem_analysis': 2, 'design_rationale': 1, 'theoretical_insight': 1}"
2665,15,de:15 & im:4 & pr:33 & pr:6 & th:0,"{'problem_analysis': 2, 'implementation_mechanism': 1, 'theoretical_insight': 1}"
2666,15,de:17 & im:20 & pr:27 & pr:33 & va:17,"{'problem_analysis': 2, 'design_rationale': 1, 'validation_evidence': 1}"
2667,15,de:3 & im:16 & pr:33 & pr:39 & th:36 & va:7,"{'problem_analysis': 2, 'implementation_mechanism': 1, 'validation_evidence': 1}"
2668,15,de:3 & im:16 & pr:23 & pr:33 & th:36 & va:0,"{'problem_analysis': 2, 'implementation_mechanism': 1, 'validation_evidence': 1}"
2669,15,de:15 & im:4 & pr:31 & pr:33 & th:9 & va:31,"{'problem_analysis': 2, 'design_rationale': 1, 'validation_evidence': 1}"
2670,15,de:13 & im:1 & pr:17 & pr:33 & th:0,"{'problem_analysis': 2, 'design_rationale': 1, 'implementation_mechanism': 1}"
2671,15,de:14 & im:25 & pr:14 & pr:33 & th:26,"{'problem_analysis': 2, 'implementation_mechanism': 1, 'theoretical_insight': 1}"
2672,15,de:14 & im:20 & pr:33 & pr:9 & th:8 & va:19,"{'problem_analysis': 2, 'validation_evidence': 1, 'theoretical_insight': 1}"
2673,15,de:29 & im:10 & pr:14 & pr:33 & th:8 & va:20,"{'problem_analysis': 2, 'implementation_mechanism': 1, 'design_rationale': 1}"
2674,15,de:8 & im:16 & pr:0 & pr:33 & th:7 & va:34,"{'problem_analysis': 2, 'validation_evidence': 1, 'implementation_mechanism': 1}"
2675,15,de:8 & im:39 & pr:10 & pr:33 & th:28 & va:1,"{'problem_analysis': 2, 'validation_evidence': 1, 'design_rationale': 1}"
2676,15,de:16 & im:10 & pr:33 & pr:6 & th:12 & va:3,"{'problem_analysis': 2, 'design_rationale': 1, 'validation_evidence': 1}"
2677,15,de:0 & im:30 & pr:18 & pr:33 & th:23 & va:4,"{'problem_analysis': 2, 'theoretical_insight': 1, 'implementation_mechanism': 1}"
2678,15,de:7 & im:7 & pr:33 & pr:39 & th:5 & va:0,"{'problem_analysis': 2, 'theoretical_insight': 1, 'validation_evidence': 1}"
2679,15,de:20 & im:19 & pr:27 & pr:33 & th:12 & va:9,"{'problem_analysis': 2, 'theoretical_insight': 1, 'design_rationale': 1}"
2680,15,de:28 & im:7 & pr:19 & pr:33 & th:1 & va:28,"{'problem_analysis': 2, 'design_rationale': 1, 'theoretical_insight': 1}"
2681,15,de:14 & im:8 & pr:33 & pr:7 & th:8 & va:19,"{'problem_analysis': 2, 'implementation_mechanism': 1, 'validation_evidence': 1}"
2682,15,de:37 & im:20 & pr:16 & pr:33 & th:8 & va:20,"{'problem_analysis': 2, 'implementation_mechanism': 1, 'theoretical_insight': 1}"
2683,15,de:37 & im:28 & pr:19 & pr:33 & th:29 & va:1,"{'problem_analysis': 2, 'validation_evidence': 1, 'theoretical_insight': 1}"
2684,15,de:3 & im:10 & pr:0 & pr:33 & th:39 & va:0,"{'problem_analysis': 2, 'validation_evidence': 1, 'implementation_mechanism': 1}"
2685,15,de:9 & im:35 & pr:11 & pr:33 & th:12 & va:9,"{'problem_analysis': 2, 'theoretical_insight': 1, 'design_rationale': 1}"
2686,15,de:16 & im:1 & pr:18 & pr:33 & th:0 & va:17,"{'problem_analysis': 2, 'design_rationale': 1, 'validation_evidence': 1}"
2687,15,de:8 & im:3 & pr:16 & pr:33 & th:13 & va:1,"{'problem_analysis': 2, 'theoretical_insight': 1, 'validation_evidence': 1}"
2688,15,de:15 & im:10 & pr:33 & pr:6 & th:11 & va:10,"{'problem_analysis': 2, 'theoretical_insight': 1, 'implementation_mechanism': 1}"
2689,15,de:37 & im:8 & pr:19 & pr:33 & th:28 & va:1,"{'problem_analysis': 2, 'implementation_mechanism': 1, 'validation_evidence': 1}"
2690,15,de:37 & im:0 & pr:19 & pr:33 & pr:7 & th:6 & va:1,"{'problem_analysis': 3, 'validation_evidence': 1, 'design_rationale': 1}"
2691,15,de:14 & im:25 & pr:14 & pr:33 & va:20,"{'problem_analysis': 2, 'implementation_mechanism': 1, 'validation_evidence': 1}"
2692,15,de:16 & im:1 & pr:18 & pr:33 & th:0 & va:15,"{'problem_analysis': 2, 'design_rationale': 1, 'validation_evidence': 1}"
2693,15,pr:19 & pr:33 & th:2 & va:15 & va:9,"{'problem_analysis': 2, 'validation_evidence': 2, 'theoretical_insight': 1}"
2694,15,de:8 & im:1 & pr:10 & pr:33 & th:6 & va:10,"{'problem_analysis': 2, 'design_rationale': 1, 'implementation_mechanism': 1}"
2695,15,de:3 & im:3 & pr:16 & pr:33 & th:28 & va:1,"{'problem_analysis': 2, 'validation_evidence': 1, 'design_rationale': 1}"
2696,15,de:39 & im:0 & pr:10 & pr:16 & pr:33 & va:1,"{'problem_analysis': 3, 'validation_evidence': 1, 'design_rationale': 1}"
2697,15,de:33 & im:5 & pr:16 & pr:33 & th:8 & va:20,"{'problem_analysis': 2, 'design_rationale': 1, 'implementation_mechanism': 1}"
2698,15,de:4 & im:10 & pr:19 & pr:33 & th:8 & va:33,"{'problem_analysis': 2, 'implementation_mechanism': 1, 'theoretical_insight': 1}"
2699,15,de:8 & im:18 & pr:16 & pr:33 & th:27 & va:20,"{'problem_analysis': 2, 'implementation_mechanism': 1, 'design_rationale': 1}"
2700,15,de:11 & im:1 & pr:19 & pr:33 & th:37 & va:20,"{'problem_analysis': 2, 'design_rationale': 1, 'theoretical_insight': 1}"
2701,15,de:22 & im:31 & pr:3 & pr:33 & pr:6 & th:4 & va:18,"{'problem_analysis': 3, 'design_rationale': 1, 'implementation_mechanism': 1}"
2702,15,de:17 & im:7 & pr:11 & pr:27 & pr:33 & th:12 & va:9,"{'problem_analysis': 3, 'design_rationale': 1, 'theoretical_insight': 1}"
2703,15,de:8 & im:13 & pr:19 & pr:33 & th:30 & th:6 & va:1,"{'theoretical_insight': 2, 'problem_analysis': 2, 'validation_evidence': 1}"
2704,15,de:12 & im:8 & pr:16 & pr:33 & th:26 & va:1,"{'problem_analysis': 2, 'implementation_mechanism': 1, 'validation_evidence': 1}"
2705,15,de:18 & im:0 & pr:16 & pr:33 & th:19 & va:19,"{'problem_analysis': 2, 'validation_evidence': 1, 'design_rationale': 1}"
2706,15,de:14 & im:20 & pr:19 & pr:33 & pr:9 & th:14 & th:26 & va:19,"{'problem_analysis': 3, 'theoretical_insight': 2, 'validation_evidence': 1}"
2707,15,de:15 & im:19 & pr:27 & pr:33 & pr:6 & th:12 & va:32,"{'problem_analysis': 3, 'theoretical_insight': 1, 'implementation_mechanism': 1}"
2708,15,de:11 & im:10 & pr:11 & pr:19 & pr:33 & th:2 & va:15,"{'problem_analysis': 3, 'theoretical_insight': 1, 'implementation_mechanism': 1}"
2709,15,de:25 & im:34 & pr:11 & pr:33 & pr:4 & th:21 & va:27,"{'problem_analysis': 3, 'design_rationale': 1, 'validation_evidence': 1}"
2710,15,de:15 & de:28 & im:4 & im:7 & pr:33 & pr:6 & th:9 & va:32,"{'design_rationale': 2, 'problem_analysis': 2, 'implementation_mechanism': 2}"
2711,15,de:16 & im:38 & pr:33 & pr:6 & th:12 & th:26 & th:9 & va:2,"{'theoretical_insight': 3, 'problem_analysis': 2, 'implementation_mechanism': 1}"
2712,15,de:18 & im:0 & pr:19 & pr:33 & pr:7 & th:7 & va:35,"{'problem_analysis': 3, 'design_rationale': 1, 'theoretical_insight': 1}"
2713,15,de:28 & im:7 & pr:19 & pr:27 & th:1 & va:28,"{'problem_analysis': 2, 'design_rationale': 1, 'theoretical_insight': 1}"
2714,15,de:15 & im:4 & pr:27 & pr:7 & th:2 & va:2,"{'problem_analysis': 2, 'theoretical_insight': 1, 'implementation_mechanism': 1}"
2715,15,de:15 & im:4 & pr:12 & pr:27 & th:2 & va:32,"{'problem_analysis': 2, 'theoretical_insight': 1, 'implementation_mechanism': 1}"
2716,15,de:38 & de:6 & im:10 & im:3 & pr:27 & pr:31 & pr:32 & pr:4 & va:0 & va:23,"{'problem_analysis': 4, 'design_rationale': 2, 'validation_evidence': 2}"
2717,15,de:7 & im:7 & pr:11 & pr:12 & pr:14 & pr:6 & th:12 & va:18,"{'problem_analysis': 4, 'theoretical_insight': 1, 'design_rationale': 1}"
2718,15,de:16 & im:4 & pr:18 & pr:33 & th:2 & va:10,"{'problem_analysis': 2, 'theoretical_insight': 1, 'design_rationale': 1}"
2719,15,de:15 & im:7 & pr:4 & pr:6 & th:12 & va:28,"{'problem_analysis': 2, 'theoretical_insight': 1, 'validation_evidence': 1}"
2720,15,de:15 & de:9 & im:4 & im:7 & pr:6 & th:12 & va:9,"{'design_rationale': 2, 'implementation_mechanism': 2, 'problem_analysis': 1}"
2721,15,de:13 & de:15 & im:1 & im:7 & pr:6 & pr:7 & th:12 & th:37 & va:17,"{'design_rationale': 2, 'problem_analysis': 2, 'theoretical_insight': 2}"
2722,15,de:15 & im:4 & im:7 & pr:6 & th:11 & th:12 & va:32,"{'theoretical_insight': 2, 'implementation_mechanism': 2, 'problem_analysis': 1}"
2723,15,de:15 & im:4 & im:7 & pr:31 & pr:6 & th:11 & th:12 & va:9,"{'problem_analysis': 2, 'theoretical_insight': 2, 'implementation_mechanism': 2}"
2724,15,de:15 & de:37 & im:1 & im:7 & pr:12 & pr:6 & th:12 & th:6 & va:39,"{'problem_analysis': 2, 'theoretical_insight': 2, 'implementation_mechanism': 2}"
2725,15,de:15 & im:7 & pr:19 & pr:6 & th:12 & va:20,"{'problem_analysis': 2, 'theoretical_insight': 1, 'validation_evidence': 1}"
2726,15,de:15 & de:34 & im:10 & im:7 & pr:10 & pr:19 & pr:6 & th:12 & th:3 & va:4,"{'problem_analysis': 3, 'theoretical_insight': 2, 'implementation_mechanism': 2}"
2727,15,de:15 & de:23 & im:27 & im:7 & pr:22 & pr:28 & pr:31 & pr:6 & th:12 & th:18 & th:33 & va:22,"{'problem_analysis': 4, 'theoretical_insight': 3, 'design_rationale': 2}"
2728,15,pr:17 & pr:33,{'problem_analysis': 2}
2729,15,de:24 & im:24 & pr:13 & pr:2 & pr:33 & th:10 & va:8,"{'problem_analysis': 3, 'theoretical_insight': 1, 'implementation_mechanism': 1}"
2730,15,de:37 & im:1 & pr:16 & pr:19 & th:6 & va:17,"{'problem_analysis': 2, 'validation_evidence': 1, 'implementation_mechanism': 1}"
2731,15,de:20 & im:19 & pr:27 & pr:31 & th:12,"{'problem_analysis': 2, 'theoretical_insight': 1, 'design_rationale': 1}"
2732,15,de:3 & im:16 & pr:31 & pr:7 & va:0,"{'problem_analysis': 2, 'implementation_mechanism': 1, 'validation_evidence': 1}"
2733,15,de:16 & pr:12 & pr:31 & th:2 & va:2,"{'problem_analysis': 2, 'theoretical_insight': 1, 'design_rationale': 1}"
2734,15,de:16 & im:31 & pr:12 & pr:31 & th:4,"{'problem_analysis': 2, 'design_rationale': 1, 'theoretical_insight': 1}"
2735,15,de:16 & im:4 & pr:31 & pr:4 & th:12 & va:12,"{'problem_analysis': 2, 'validation_evidence': 1, 'design_rationale': 1}"
2736,15,de:20 & im:20 & pr:31 & pr:9 & th:12 & va:9,"{'problem_analysis': 2, 'theoretical_insight': 1, 'design_rationale': 1}"
2737,15,de:20 & im:19 & pr:11 & pr:31 & th:1 & va:9,"{'problem_analysis': 2, 'theoretical_insight': 1, 'design_rationale': 1}"
2738,15,de:37 & im:1 & pr:25 & pr:31 & th:37 & va:39,"{'problem_analysis': 2, 'validation_evidence': 1, 'theoretical_insight': 1}"
2739,15,de:13 & im:1 & pr:31 & pr:7 & th:37 & va:39,"{'problem_analysis': 2, 'design_rationale': 1, 'validation_evidence': 1}"
2740,15,im:1 & pr:31 & pr:7 & th:6 & va:39,"{'problem_analysis': 2, 'validation_evidence': 1, 'implementation_mechanism': 1}"
2741,15,de:22 & im:26 & pr:13 & pr:31 & th:4 & va:7,"{'problem_analysis': 2, 'design_rationale': 1, 'validation_evidence': 1}"
2742,15,de:11 & im:1 & im:26 & pr:12 & pr:31 & va:17,"{'implementation_mechanism': 2, 'problem_analysis': 2, 'validation_evidence': 1}"
2743,15,de:37 & im:1 & pr:31 & pr:7 & th:37 & va:1,"{'problem_analysis': 2, 'validation_evidence': 1, 'theoretical_insight': 1}"
2744,15,de:37 & im:1 & pr:31 & pr:7 & th:37 & va:39,"{'problem_analysis': 2, 'validation_evidence': 1, 'theoretical_insight': 1}"
2745,15,de:37 & im:8 & pr:19 & pr:31 & th:28 & va:1,"{'problem_analysis': 2, 'implementation_mechanism': 1, 'validation_evidence': 1}"
2746,15,de:13 & im:1 & pr:31 & pr:7 & th:37 & va:15,"{'problem_analysis': 2, 'design_rationale': 1, 'validation_evidence': 1}"
2747,15,de:25 & im:34 & pr:31 & pr:32 & th:21 & va:33,"{'problem_analysis': 2, 'design_rationale': 1, 'validation_evidence': 1}"
2748,15,de:14 & im:25 & pr:31 & pr:7 & th:26 & va:20,"{'problem_analysis': 2, 'implementation_mechanism': 1, 'validation_evidence': 1}"
2749,15,de:29 & im:7 & pr:19 & pr:31 & th:37 & va:12,"{'problem_analysis': 2, 'validation_evidence': 1, 'design_rationale': 1}"
2750,15,de:14 & im:20 & pr:19 & pr:31 & pr:9 & th:14 & th:26 & va:19,"{'problem_analysis': 3, 'theoretical_insight': 2, 'validation_evidence': 1}"
2751,15,de:7 & im:7 & pr:11 & pr:14 & pr:31 & pr:6 & th:12 & va:18,"{'problem_analysis': 4, 'theoretical_insight': 1, 'design_rationale': 1}"
2752,15,de:18 & im:0 & pr:19 & pr:31 & pr:7 & th:7 & va:35,"{'problem_analysis': 3, 'design_rationale': 1, 'theoretical_insight': 1}"
2753,15,de:22 & de:6 & im:21 & im:31 & pr:13 & pr:30 & pr:31 & pr:5 & th:1 & th:4 & va:15 & va:30 & va:7,"{'problem_analysis': 4, 'validation_evidence': 3, 'design_rationale': 2}"
2754,15,de:15 & im:4 & pr:19 & pr:23 & pr:6 & th:11 & th:37 & va:10,"{'problem_analysis': 3, 'theoretical_insight': 2, 'implementation_mechanism': 1}"
2755,15,pr:19 & pr:4,{'problem_analysis': 2}
2756,15,de:37 & im:1 & pr:25 & pr:4 & th:37 & va:39,"{'problem_analysis': 2, 'validation_evidence': 1, 'theoretical_insight': 1}"
2757,15,de:25 & im:34 & pr:32 & pr:4 & th:21 & va:17,"{'problem_analysis': 2, 'design_rationale': 1, 'validation_evidence': 1}"
2758,15,de:25 & im:34 & pr:32 & pr:4 & th:21 & va:33,"{'problem_analysis': 2, 'design_rationale': 1, 'validation_evidence': 1}"
2759,15,de:14 & im:25 & pr:4 & pr:7 & th:26 & va:20,"{'problem_analysis': 2, 'implementation_mechanism': 1, 'validation_evidence': 1}"
2760,15,de:7 & im:7 & pr:11 & pr:14 & pr:4 & pr:6 & th:12 & va:18,"{'problem_analysis': 4, 'theoretical_insight': 1, 'design_rationale': 1}"
2761,15,de:22 & im:31 & pr:13 & pr:26 & th:4 & va:7,"{'problem_analysis': 2, 'design_rationale': 1, 'validation_evidence': 1}"
2762,15,de:37 & im:1 & pr:19 & pr:26 & th:6 & va:1,"{'problem_analysis': 2, 'validation_evidence': 1, 'implementation_mechanism': 1}"
2763,15,de:14 & im:25 & pr:14 & pr:22 & th:26 & va:20,"{'problem_analysis': 2, 'implementation_mechanism': 1, 'validation_evidence': 1}"
2764,15,de:11 & pr:4 & pr:9 & th:14 & th:2 & va:2,"{'theoretical_insight': 2, 'problem_analysis': 2, 'design_rationale': 1}"
2765,15,de:15 & im:4 & pr:4 & pr:6 & th:2 & va:32,"{'problem_analysis': 2, 'theoretical_insight': 1, 'implementation_mechanism': 1}"
2766,15,de:37 & im:1 & pr:25 & th:6 & va:17,"{'problem_analysis': 1, 'validation_evidence': 1, 'implementation_mechanism': 1}"
2767,15,de:23 & im:27 & pr:19 & pr:22 & pr:36 & th:18 & va:22,"{'problem_analysis': 3, 'design_rationale': 1, 'implementation_mechanism': 1}"
2768,15,de:25 & im:34 & pr:11 & pr:12 & pr:32 & th:2 & th:21 & va:30,"{'problem_analysis': 3, 'theoretical_insight': 2, 'design_rationale': 1}"
2769,15,de:16 & im:4 & pr:11,"{'implementation_mechanism': 1, 'design_rationale': 1, 'problem_analysis': 1}"
2770,15,pr:11 & pr:33,{'problem_analysis': 2}
2771,15,de:15 & pr:11 & pr:6 & th:1,"{'problem_analysis': 2, 'theoretical_insight': 1, 'design_rationale': 1}"
2772,15,pr:11 & pr:31,{'problem_analysis': 2}
2773,15,de:3 & im:16 & pr:11 & pr:7 & va:0,"{'problem_analysis': 2, 'implementation_mechanism': 1, 'validation_evidence': 1}"
2774,15,de:15 & im:4 & pr:11 & pr:13 & th:4 & va:12,"{'problem_analysis': 2, 'validation_evidence': 1, 'implementation_mechanism': 1}"
2775,15,de:20 & im:7 & pr:11 & pr:6 & th:12 & va:0,"{'problem_analysis': 2, 'theoretical_insight': 1, 'validation_evidence': 1}"
2776,15,de:6 & im:21 & pr:11 & pr:32 & th:1 & va:8,"{'problem_analysis': 2, 'design_rationale': 1, 'theoretical_insight': 1}"
2777,15,de:6 & im:21 & pr:11 & pr:30 & th:1 & va:18,"{'problem_analysis': 2, 'design_rationale': 1, 'theoretical_insight': 1}"
2778,15,de:6 & im:31 & pr:11 & pr:30 & th:5 & va:0,"{'problem_analysis': 2, 'design_rationale': 1, 'theoretical_insight': 1}"
2779,15,de:6 & im:21 & pr:11 & pr:4 & th:1 & va:28,"{'problem_analysis': 2, 'design_rationale': 1, 'theoretical_insight': 1}"
2780,15,de:4 & im:7 & pr:11 & pr:6 & th:12 & va:30,"{'problem_analysis': 2, 'theoretical_insight': 1, 'validation_evidence': 1}"
2781,15,de:25 & im:34 & pr:11 & pr:31 & pr:32,"{'problem_analysis': 3, 'design_rationale': 1, 'implementation_mechanism': 1}"
2782,15,pr:11 & pr:31 & pr:6 & th:11 & va:2,"{'problem_analysis': 3, 'theoretical_insight': 1, 'validation_evidence': 1}"
2783,15,de:29 & im:10 & pr:11 & pr:19 & th:5 & va:1,"{'problem_analysis': 2, 'validation_evidence': 1, 'theoretical_insight': 1}"
2784,15,de:23 & im:38 & pr:11 & pr:6 & th:12 & va:2,"{'problem_analysis': 2, 'implementation_mechanism': 1, 'design_rationale': 1}"
2785,15,de:17 & im:4 & pr:11 & pr:6 & th:12 & va:9,"{'problem_analysis': 2, 'design_rationale': 1, 'theoretical_insight': 1}"
2786,15,de:14 & im:20 & pr:11 & pr:9 & th:14 & va:19,"{'problem_analysis': 2, 'validation_evidence': 1, 'implementation_mechanism': 1}"
2787,15,im:31 & pr:11 & pr:13 & th:4 & va:7,"{'problem_analysis': 2, 'validation_evidence': 1, 'implementation_mechanism': 1}"
2788,15,de:14 & im:25 & pr:11 & pr:14 & va:20,"{'problem_analysis': 2, 'implementation_mechanism': 1, 'validation_evidence': 1}"
2789,15,de:37 & im:1 & pr:11 & pr:7 & th:37 & va:1,"{'problem_analysis': 2, 'validation_evidence': 1, 'theoretical_insight': 1}"
2790,15,de:37 & im:1 & pr:11 & pr:7 & th:37 & va:39,"{'problem_analysis': 2, 'validation_evidence': 1, 'theoretical_insight': 1}"
2791,15,de:37 & im:8 & pr:11 & pr:19 & th:28 & va:1,"{'problem_analysis': 2, 'implementation_mechanism': 1, 'validation_evidence': 1}"
2792,15,de:14 & im:25 & pr:11 & pr:19 & th:26 & va:20,"{'problem_analysis': 2, 'implementation_mechanism': 1, 'validation_evidence': 1}"
2793,15,de:15 & im:7 & pr:11 & pr:6 & th:12 & va:10,"{'problem_analysis': 2, 'theoretical_insight': 1, 'validation_evidence': 1}"
2794,15,de:3 & im:8 & pr:11 & pr:39 & pr:7 & th:36 & va:0,"{'problem_analysis': 3, 'implementation_mechanism': 1, 'validation_evidence': 1}"
2795,15,de:37 & im:1 & pr:11 & pr:12 & pr:7 & th:6 & va:1,"{'problem_analysis': 3, 'validation_evidence': 1, 'implementation_mechanism': 1}"
2796,15,de:14 & im:20 & pr:11 & pr:19 & pr:9 & th:14 & th:26 & va:19,"{'problem_analysis': 3, 'theoretical_insight': 2, 'validation_evidence': 1}"
2797,15,de:22 & im:1 & pr:11 & pr:13 & pr:33 & th:10 & va:12,"{'problem_analysis': 3, 'validation_evidence': 1, 'design_rationale': 1}"
2798,15,de:18 & im:0 & pr:11 & pr:19 & pr:7 & th:7 & va:35,"{'problem_analysis': 3, 'design_rationale': 1, 'theoretical_insight': 1}"
2799,15,de:15 & im:4 & im:7 & pr:11 & pr:6 & th:12,"{'problem_analysis': 2, 'implementation_mechanism': 2, 'theoretical_insight': 1}"
2800,15,de:13 & im:1 & pr:28 & pr:31 & pr:6 & pr:7 & th:33 & th:37 & va:17,"{'problem_analysis': 4, 'theoretical_insight': 2, 'design_rationale': 1}"
2801,15,de:20 & im:19 & pr:11 & pr:28 & pr:31 & pr:6 & th:12 & th:33 & va:9,"{'problem_analysis': 4, 'theoretical_insight': 2, 'design_rationale': 1}"
2802,15,de:9 & im:4 & pr:28 & pr:31 & pr:6 & th:12 & th:33 & va:9,"{'problem_analysis': 3, 'theoretical_insight': 2, 'design_rationale': 1}"
2803,15,de:15 & im:4 & pr:28 & pr:31 & pr:6 & th:11 & th:33,"{'problem_analysis': 3, 'theoretical_insight': 2, 'implementation_mechanism': 1}"
2804,15,de:34 & im:10 & pr:10 & pr:19 & pr:28 & pr:31 & pr:6 & th:3 & th:33 & va:4,"{'problem_analysis': 5, 'theoretical_insight': 2, 'implementation_mechanism': 1}"
2805,15,de:3 & im:16 & pr:13 & pr:27 & pr:3 & th:15 & va:13,"{'problem_analysis': 3, 'implementation_mechanism': 1, 'design_rationale': 1}"
2806,15,de:8 & im:1 & pr:19 & pr:27 & th:9 & va:1,"{'problem_analysis': 2, 'validation_evidence': 1, 'design_rationale': 1}"
2807,15,de:10 & im:24 & pr:13 & pr:27 & pr:28 & th:10 & va:36,"{'problem_analysis': 3, 'theoretical_insight': 1, 'design_rationale': 1}"
2808,15,de:6 & im:11 & pr:13 & pr:27 & pr:5 & th:1 & va:4,"{'problem_analysis': 3, 'design_rationale': 1, 'theoretical_insight': 1}"
2809,15,de:15 & im:4 & pr:12 & pr:13 & pr:6 & th:11 & va:10,"{'problem_analysis': 3, 'implementation_mechanism': 1, 'theoretical_insight': 1}"
2810,15,de:13 & im:1 & pr:12 & pr:7 & th:37 & va:17,"{'problem_analysis': 2, 'design_rationale': 1, 'validation_evidence': 1}"
2811,15,de:15 & de:16 & de:20 & im:4 & pr:11 & pr:12 & pr:6 & th:11 & th:12 & th:2 & va:9,"{'theoretical_insight': 3, 'design_rationale': 3, 'problem_analysis': 3}"
2812,15,de:16 & de:20 & de:25 & im:34 & pr:11 & pr:12 & pr:32 & th:12 & th:2 & th:21 & va:30,"{'theoretical_insight': 3, 'design_rationale': 3, 'problem_analysis': 3}"
2813,15,de:16 & de:20 & de:37 & im:1 & pr:11 & pr:12 & pr:9 & th:12 & th:2 & th:6 & va:17,"{'theoretical_insight': 3, 'design_rationale': 3, 'problem_analysis': 3}"
2814,15,de:15 & im:4 & pr:22 & pr:31 & th:11 & va:9,"{'problem_analysis': 2, 'implementation_mechanism': 1, 'theoretical_insight': 1}"
2815,15,de:0 & im:30 & pr:11 & pr:18 & th:23 & va:4,"{'problem_analysis': 2, 'theoretical_insight': 1, 'implementation_mechanism': 1}"
2816,15,de:15 & de:9 & im:4 & im:7 & pr:4 & pr:6 & th:11 & th:12 & va:10,"{'problem_analysis': 2, 'theoretical_insight': 2, 'design_rationale': 2}"
2817,15,de:25 & im:34 & pr:11 & pr:14 & pr:32 & pr:6 & th:21 & va:30,"{'problem_analysis': 4, 'design_rationale': 1, 'implementation_mechanism': 1}"
2818,15,de:15 & im:4 & pr:4 & pr:5 & pr:6 & th:11 & va:10,"{'problem_analysis': 3, 'implementation_mechanism': 1, 'theoretical_insight': 1}"
2819,15,de:15 & de:20 & im:4 & pr:11 & pr:4 & pr:5 & pr:6 & th:11 & th:12 & th:2 & va:32,"{'problem_analysis': 4, 'theoretical_insight': 3, 'design_rationale': 2}"
2820,14,de:16 & im:1 & pr:12 & pr:32 & th:31 & va:39,"{'problem_analysis': 2, 'design_rationale': 1, 'validation_evidence': 1}"
2821,14,de:14 & im:25 & pr:14 & pr:32 & th:26 & va:20,"{'problem_analysis': 2, 'implementation_mechanism': 1, 'validation_evidence': 1}"
2822,14,de:15 & im:4 & pr:31 & pr:32 & th:11 & va:9,"{'problem_analysis': 2, 'implementation_mechanism': 1, 'theoretical_insight': 1}"
2823,14,de:28 & im:7 & pr:6 & pr:9 & th:9 & va:32,"{'problem_analysis': 2, 'design_rationale': 1, 'validation_evidence': 1}"
2824,14,de:13 & im:1 & pr:7 & pr:9 & th:37 & va:17,"{'problem_analysis': 2, 'design_rationale': 1, 'validation_evidence': 1}"
2825,14,de:20 & im:19 & pr:35 & pr:9 & th:12 & va:2,"{'problem_analysis': 2, 'theoretical_insight': 1, 'design_rationale': 1}"
2826,14,de:15 & im:4 & pr:27 & pr:6 & pr:9 & th:12 & th:2 & va:10,"{'problem_analysis': 3, 'theoretical_insight': 2, 'implementation_mechanism': 1}"
2827,14,de:16 & pr:12 & pr:23 & th:2 & va:2,"{'problem_analysis': 2, 'theoretical_insight': 1, 'design_rationale': 1}"
2828,14,de:16 & im:31 & pr:12 & pr:23 & th:4,"{'problem_analysis': 2, 'design_rationale': 1, 'implementation_mechanism': 1}"
2829,14,de:22 & im:31 & pr:23 & pr:3 & th:4 & va:7,"{'problem_analysis': 2, 'design_rationale': 1, 'validation_evidence': 1}"
2830,14,de:16 & im:1 & pr:23 & pr:9 & th:14 & va:37,"{'problem_analysis': 2, 'design_rationale': 1, 'validation_evidence': 1}"
2831,14,de:37 & im:8 & pr:19 & pr:23 & th:28 & va:1,"{'problem_analysis': 2, 'implementation_mechanism': 1, 'validation_evidence': 1}"
2832,14,de:14 & im:25 & pr:19 & pr:23 & th:26 & va:20,"{'problem_analysis': 2, 'implementation_mechanism': 1, 'validation_evidence': 1}"
2833,14,de:14 & im:25 & pr:23 & pr:7 & th:26 & va:20,"{'problem_analysis': 2, 'implementation_mechanism': 1, 'validation_evidence': 1}"
2834,14,de:37 & im:1 & pr:12 & pr:23 & pr:7 & th:6 & va:1,"{'problem_analysis': 3, 'validation_evidence': 1, 'implementation_mechanism': 1}"
2835,14,de:6 & im:7 & pr:19 & pr:23 & pr:8 & th:34 & va:12,"{'problem_analysis': 3, 'design_rationale': 1, 'validation_evidence': 1}"
2836,14,de:7 & im:34 & pr:11 & pr:23 & pr:31 & pr:5 & th:12 & va:18,"{'problem_analysis': 4, 'theoretical_insight': 1, 'design_rationale': 1}"
2837,14,de:32 & de:37 & im:3 & pr:1 & pr:16 & pr:19 & pr:23 & th:19 & th:28 & va:1,"{'problem_analysis': 4, 'design_rationale': 2, 'theoretical_insight': 2}"
2838,14,de:37 & im:3 & pr:16 & pr:19 & pr:23 & th:28 & va:35,"{'problem_analysis': 3, 'validation_evidence': 1, 'design_rationale': 1}"
2839,14,de:23 & im:26 & pr:24 & pr:26 & th:33 & va:38,"{'problem_analysis': 2, 'design_rationale': 1, 'implementation_mechanism': 1}"
2840,14,de:15 & im:4 & pr:31 & pr:7 & th:2 & va:10,"{'problem_analysis': 2, 'theoretical_insight': 1, 'implementation_mechanism': 1}"
2841,14,de:15 & im:4 & pr:31 & pr:7 & th:11 & va:9,"{'problem_analysis': 2, 'implementation_mechanism': 1, 'theoretical_insight': 1}"
2842,14,de:7 & im:4 & pr:6 & pr:7 & th:12 & va:10,"{'problem_analysis': 2, 'theoretical_insight': 1, 'implementation_mechanism': 1}"
2843,14,de:11 & im:9 & pr:33 & pr:7 & th:35 & va:15,"{'problem_analysis': 2, 'implementation_mechanism': 1, 'design_rationale': 1}"
2844,14,de:9 & im:4 & pr:6 & pr:7 & th:12 & va:9,"{'problem_analysis': 2, 'theoretical_insight': 1, 'design_rationale': 1}"
2845,14,de:15 & im:4 & pr:31 & pr:6 & pr:7 & th:11 & va:10,"{'problem_analysis': 3, 'implementation_mechanism': 1, 'theoretical_insight': 1}"
2846,14,de:7 & im:10 & pr:19 & pr:7 & th:37 & va:37,"{'problem_analysis': 2, 'validation_evidence': 1, 'implementation_mechanism': 1}"
2847,14,de:37 & im:1 & pr:12 & pr:7 & th:6 & va:17,"{'problem_analysis': 2, 'validation_evidence': 1, 'implementation_mechanism': 1}"
2848,14,de:15 & im:4 & pr:6 & pr:7 & th:1 & va:10,"{'problem_analysis': 2, 'theoretical_insight': 1, 'implementation_mechanism': 1}"
2849,14,pr:5 & pr:6,{'problem_analysis': 2}
2850,14,pr:16 & pr:5,{'problem_analysis': 2}
2851,14,de:15 & im:4 & pr:12 & pr:5 & th:2 & va:10,"{'problem_analysis': 2, 'theoretical_insight': 1, 'implementation_mechanism': 1}"
2852,14,de:7 & im:4 & pr:5 & pr:6 & th:12 & va:10,"{'problem_analysis': 2, 'theoretical_insight': 1, 'implementation_mechanism': 1}"
2853,14,de:28 & im:7 & pr:5 & pr:6 & th:9 & va:32,"{'problem_analysis': 2, 'design_rationale': 1, 'validation_evidence': 1}"
2854,14,de:7 & im:10 & pr:5 & pr:7 & th:37 & va:37,"{'problem_analysis': 2, 'validation_evidence': 1, 'implementation_mechanism': 1}"
2855,14,de:29 & im:16 & pr:39 & pr:5 & th:36 & va:26,"{'problem_analysis': 2, 'implementation_mechanism': 1, 'design_rationale': 1}"
2856,14,de:15 & im:4 & pr:5 & pr:6 & th:11 & va:9,"{'problem_analysis': 2, 'implementation_mechanism': 1, 'theoretical_insight': 1}"
2857,14,de:20 & de:28 & im:19 & pr:12 & pr:24 & pr:5 & va:30,"{'problem_analysis': 3, 'design_rationale': 2, 'validation_evidence': 1}"
2858,14,de:15 & im:4 & pr:5 & pr:6 & th:1 & va:10,"{'problem_analysis': 2, 'theoretical_insight': 1, 'implementation_mechanism': 1}"
2859,14,de:37 & im:1 & pr:19 & pr:5 & th:6 & va:37,"{'problem_analysis': 2, 'validation_evidence': 1, 'implementation_mechanism': 1}"
2860,14,de:15 & im:4 & pr:27 & pr:5 & pr:6 & th:12 & th:2 & va:10,"{'problem_analysis': 3, 'theoretical_insight': 2, 'implementation_mechanism': 1}"
2861,14,de:1 & im:1 & pr:13 & pr:19 & pr:5 & th:23 & va:4,"{'problem_analysis': 3, 'theoretical_insight': 1, 'design_rationale': 1}"
2862,14,de:15 & im:4 & im:7 & pr:5 & pr:6 & th:12 & va:10,"{'problem_analysis': 2, 'implementation_mechanism': 2, 'theoretical_insight': 1}"
2863,14,de:25 & im:34 & pr:11 & pr:4 & pr:5 & th:21 & va:27,"{'problem_analysis': 3, 'design_rationale': 1, 'validation_evidence': 1}"
2864,14,de:3 & im:1 & im:16 & pr:30 & th:36 & va:15 & va:17,"{'implementation_mechanism': 2, 'validation_evidence': 2, 'problem_analysis': 1}"
2865,14,de:15 & de:3 & de:37 & im:1 & im:16 & im:4 & pr:12 & pr:30 & pr:6 & th:11 & th:36 & th:6 & va:15 & va:9,"{'problem_analysis': 3, 'implementation_mechanism': 3, 'theoretical_insight': 3}"
2866,14,de:15 & de:3 & de:37 & im:1 & im:16 & im:4 & pr:12 & pr:30 & pr:6 & th:11 & th:36 & th:6 & va:15 & va:32,"{'problem_analysis': 3, 'implementation_mechanism': 3, 'theoretical_insight': 3}"
2867,14,de:22 & pr:3 & th:29 & va:9,"{'validation_evidence': 1, 'design_rationale': 1, 'problem_analysis': 1}"
2868,14,de:31 & im:12 & pr:19 & th:13 & va:1,"{'theoretical_insight': 1, 'validation_evidence': 1, 'problem_analysis': 1}"
2869,14,de:37 & im:1 & pr:19 & pr:37 & th:6 & va:39,"{'problem_analysis': 2, 'validation_evidence': 1, 'implementation_mechanism': 1}"
2870,14,de:12 & im:20 & pr:39 & pr:9 & th:1 & va:12,"{'problem_analysis': 2, 'validation_evidence': 1, 'theoretical_insight': 1}"
2871,14,de:20 & im:19 & pr:35 & pr:39 & th:12 & va:2,"{'problem_analysis': 2, 'implementation_mechanism': 1, 'theoretical_insight': 1}"
2872,14,de:11 & im:9 & pr:33 & pr:39 & th:35 & va:15,"{'problem_analysis': 2, 'implementation_mechanism': 1, 'design_rationale': 1}"
2873,14,de:15 & im:4 & pr:31 & pr:39 & pr:6 & th:11 & va:10,"{'problem_analysis': 3, 'implementation_mechanism': 1, 'theoretical_insight': 1}"
2874,14,de:15 & im:4 & pr:39 & pr:6 & th:1 & va:10,"{'problem_analysis': 2, 'theoretical_insight': 1, 'implementation_mechanism': 1}"
2875,14,de:1 & im:8 & pr:16 & pr:20 & pr:39 & th:6 & va:35,"{'problem_analysis': 3, 'implementation_mechanism': 1, 'validation_evidence': 1}"
2876,14,de:15 & im:4 & pr:27 & pr:39 & pr:6 & th:12 & th:2 & va:10,"{'problem_analysis': 3, 'theoretical_insight': 2, 'implementation_mechanism': 1}"
2877,14,de:1 & im:1 & pr:13 & pr:36 & pr:39 & th:23 & va:4,"{'problem_analysis': 3, 'theoretical_insight': 1, 'design_rationale': 1}"
2878,14,de:16 & im:4 & pr:12,"{'problem_analysis': 1, 'implementation_mechanism': 1, 'design_rationale': 1}"
2879,14,de:20 & de:28 & im:7 & pr:12 & pr:19 & pr:27 & va:25,"{'problem_analysis': 3, 'design_rationale': 2, 'validation_evidence': 1}"
2880,14,de:15 & im:4 & pr:9 & va:10,"{'implementation_mechanism': 1, 'validation_evidence': 1, 'design_rationale': 1}"
2881,14,de:15 & im:4 & pr:27 & pr:6 & th:11 & th:12 & th:2 & va:9,"{'theoretical_insight': 3, 'problem_analysis': 2, 'implementation_mechanism': 1}"
2882,14,im:31 & pr:13 & pr:23 & th:4 & va:1,"{'problem_analysis': 2, 'validation_evidence': 1, 'theoretical_insight': 1}"
2883,14,de:15 & im:31 & im:4 & pr:13 & pr:23 & pr:6 & th:11 & th:4 & va:1 & va:9,"{'problem_analysis': 3, 'validation_evidence': 2, 'implementation_mechanism': 2}"
2884,14,de:8 & im:16 & pr:0 & pr:13 & th:7 & va:34,"{'problem_analysis': 2, 'validation_evidence': 1, 'implementation_mechanism': 1}"
2885,14,de:15 & im:4 & pr:12 & pr:13 & th:2 & va:32,"{'problem_analysis': 2, 'theoretical_insight': 1, 'implementation_mechanism': 1}"
2886,14,de:3 & im:3 & pr:13 & pr:16 & th:28 & va:1,"{'problem_analysis': 2, 'validation_evidence': 1, 'design_rationale': 1}"
2887,14,de:39 & im:0 & pr:10 & pr:13 & pr:16 & va:1,"{'problem_analysis': 3, 'validation_evidence': 1, 'design_rationale': 1}"
2888,14,de:33 & im:5 & pr:13 & pr:16 & th:8 & va:20,"{'problem_analysis': 2, 'design_rationale': 1, 'theoretical_insight': 1}"
2889,14,de:12 & im:8 & pr:13 & pr:16 & th:26 & va:1,"{'problem_analysis': 2, 'implementation_mechanism': 1, 'validation_evidence': 1}"
2890,14,de:18 & im:0 & pr:13 & pr:16 & th:19 & va:19,"{'problem_analysis': 2, 'validation_evidence': 1, 'design_rationale': 1}"
2891,14,de:16 & im:4 & pr:18 & pr:31 & th:2 & va:10,"{'problem_analysis': 2, 'theoretical_insight': 1, 'design_rationale': 1}"
2892,14,de:1 & de:37 & im:1 & pr:13 & pr:18 & pr:19 & pr:36 & th:23 & th:6 & va:1,"{'problem_analysis': 4, 'theoretical_insight': 2, 'design_rationale': 2}"
2893,14,im:31 & va:0,"{'validation_evidence': 1, 'implementation_mechanism': 1}"
2894,14,pr:13 & pr:4 & va:28,"{'problem_analysis': 2, 'validation_evidence': 1}"
2895,14,de:29 & im:10 & pr:39 & pr:4 & th:36 & va:0,"{'problem_analysis': 2, 'validation_evidence': 1, 'implementation_mechanism': 1}"
2896,14,de:28 & im:9 & pr:4 & pr:7 & th:39 & va:0,"{'problem_analysis': 2, 'design_rationale': 1, 'validation_evidence': 1}"
2897,14,de:7 & im:7 & pr:39 & pr:4 & th:5 & va:0,"{'problem_analysis': 2, 'theoretical_insight': 1, 'validation_evidence': 1}"
2898,14,de:20 & im:19 & pr:27 & pr:4 & th:12 & va:9,"{'problem_analysis': 2, 'theoretical_insight': 1, 'design_rationale': 1}"
2899,14,de:20 & im:19 & pr:27 & pr:4 & th:12 & va:30 & va:9,"{'validation_evidence': 2, 'problem_analysis': 2, 'theoretical_insight': 1}"
2900,14,de:6 & im:21 & pr:0 & pr:33 & th:1,"{'problem_analysis': 2, 'design_rationale': 1, 'theoretical_insight': 1}"
2901,14,de:3 & im:16 & pr:0 & pr:33 & th:1 & va:0,"{'problem_analysis': 2, 'implementation_mechanism': 1, 'theoretical_insight': 1}"
2902,14,de:22 & im:31 & pr:0 & pr:33 & th:1 & va:7,"{'problem_analysis': 2, 'design_rationale': 1, 'theoretical_insight': 1}"
2903,14,de:28 & im:9 & pr:33 & pr:7 & th:39 & va:0,"{'problem_analysis': 2, 'design_rationale': 1, 'validation_evidence': 1}"
2904,14,de:3 & im:16 & pr:33 & pr:38 & th:12 & va:26,"{'problem_analysis': 2, 'theoretical_insight': 1, 'implementation_mechanism': 1}"
2905,14,de:15 & im:7 & pr:33 & pr:6 & th:11 & va:9,"{'problem_analysis': 2, 'theoretical_insight': 1, 'validation_evidence': 1}"
2906,14,de:16 & im:19 & pr:27 & pr:33 & th:12 & va:9,"{'problem_analysis': 2, 'design_rationale': 1, 'theoretical_insight': 1}"
2907,14,de:15 & im:4 & pr:12 & pr:33 & th:2 & va:9,"{'problem_analysis': 2, 'theoretical_insight': 1, 'implementation_mechanism': 1}"
2908,14,de:20 & im:19 & pr:11 & pr:33 & pr:4 & th:2 & va:9,"{'problem_analysis': 3, 'theoretical_insight': 1, 'design_rationale': 1}"
2909,14,de:6 & im:7 & pr:19 & pr:33 & pr:8 & th:34 & va:12,"{'problem_analysis': 3, 'validation_evidence': 1, 'design_rationale': 1}"
2910,14,de:7 & im:10 & pr:19 & pr:9 & th:37 & va:37,"{'problem_analysis': 2, 'validation_evidence': 1, 'implementation_mechanism': 1}"
2911,14,de:1 & im:1 & pr:13 & pr:36 & pr:6 & th:23 & va:4,"{'problem_analysis': 3, 'theoretical_insight': 1, 'design_rationale': 1}"
2912,14,pr:27 & pr:39,{'problem_analysis': 2}
2913,14,de:15 & im:4 & pr:27 & va:32,"{'implementation_mechanism': 1, 'design_rationale': 1, 'validation_evidence': 1}"
2914,14,de:16 & im:1 & pr:18 & pr:27 & th:0 & va:17,"{'problem_analysis': 2, 'design_rationale': 1, 'validation_evidence': 1}"
2915,14,de:16 & im:1 & pr:18 & pr:27 & th:0 & va:15,"{'problem_analysis': 2, 'design_rationale': 1, 'validation_evidence': 1}"
2916,14,de:20 & im:19 & pr:11 & pr:27 & pr:4 & th:2 & va:9,"{'problem_analysis': 3, 'theoretical_insight': 1, 'design_rationale': 1}"
2917,14,de:1 & im:1 & pr:13 & pr:27 & pr:36 & th:23 & va:4,"{'problem_analysis': 3, 'theoretical_insight': 1, 'design_rationale': 1}"
2918,14,de:25 & im:34 & pr:11 & pr:27 & pr:4 & th:21 & va:27,"{'problem_analysis': 3, 'design_rationale': 1, 'validation_evidence': 1}"
2919,14,de:29 & im:10 & pr:2 & pr:39 & th:36 & va:26,"{'problem_analysis': 2, 'implementation_mechanism': 1, 'design_rationale': 1}"
2920,14,de:3 & im:0 & pr:2 & pr:39 & th:36 & va:26,"{'problem_analysis': 2, 'theoretical_insight': 1, 'validation_evidence': 1}"
2921,14,de:15 & im:4 & pr:12 & pr:14 & pr:37 & pr:6 & th:11 & th:30 & va:9,"{'problem_analysis': 4, 'theoretical_insight': 2, 'implementation_mechanism': 1}"
2922,14,de:6 & im:10 & pr:35 & pr:4 & pr:7 & pr:8 & th:1 & th:2 & va:12,"{'problem_analysis': 4, 'theoretical_insight': 2, 'design_rationale': 1}"
2923,14,pr:11 & pr:12 & th:12 & va:9,"{'problem_analysis': 2, 'validation_evidence': 1, 'theoretical_insight': 1}"
2924,14,de:29 & im:12 & pr:0 & pr:12 & th:5 & va:0,"{'problem_analysis': 2, 'theoretical_insight': 1, 'validation_evidence': 1}"
2925,14,de:37 & im:1 & pr:7 & th:6 & va:1,"{'validation_evidence': 1, 'problem_analysis': 1, 'implementation_mechanism': 1}"
2926,14,de:3 & de:37 & im:16 & pr:19 & pr:39 & pr:7 & th:36 & th:6 & va:26,"{'problem_analysis': 3, 'design_rationale': 2, 'theoretical_insight': 2}"
2927,14,de:15 & im:4 & pr:6 & th:12 & va:10,"{'problem_analysis': 1, 'theoretical_insight': 1, 'implementation_mechanism': 1}"
2928,14,de:16 & im:4 & pr:33,"{'implementation_mechanism': 1, 'problem_analysis': 1, 'design_rationale': 1}"
2929,14,de:15 & pr:33 & pr:6 & th:1,"{'problem_analysis': 2, 'theoretical_insight': 1, 'design_rationale': 1}"
2930,14,de:15 & im:4 & pr:31 & pr:33,"{'problem_analysis': 2, 'implementation_mechanism': 1, 'design_rationale': 1}"
2931,14,pr:11 & pr:33 & th:12 & va:9,"{'problem_analysis': 2, 'theoretical_insight': 1, 'validation_evidence': 1}"
2932,14,im:9 & pr:0 & pr:33 & va:28,"{'problem_analysis': 2, 'implementation_mechanism': 1, 'validation_evidence': 1}"
2933,14,de:15 & pr:33 & pr:6,"{'problem_analysis': 2, 'design_rationale': 1}"
2934,14,im:4 & pr:31 & pr:33 & th:9 & va:10,"{'problem_analysis': 2, 'implementation_mechanism': 1, 'validation_evidence': 1}"
2935,14,de:13 & im:7 & pr:26 & pr:33 & va:30,"{'problem_analysis': 2, 'design_rationale': 1, 'validation_evidence': 1}"
2936,14,de:16 & pr:19 & pr:33 & th:31,"{'problem_analysis': 2, 'theoretical_insight': 1, 'design_rationale': 1}"
2937,14,de:3 & im:16 & pr:33 & pr:7 & va:0,"{'problem_analysis': 2, 'implementation_mechanism': 1, 'validation_evidence': 1}"
2938,14,de:16 & pr:12 & pr:33 & th:2 & va:2,"{'problem_analysis': 2, 'theoretical_insight': 1, 'design_rationale': 1}"
2939,14,de:16 & im:31 & pr:12 & pr:33 & th:4,"{'problem_analysis': 2, 'design_rationale': 1, 'theoretical_insight': 1}"
2940,14,de:20 & im:19 & pr:27 & pr:33 & th:12,"{'problem_analysis': 2, 'theoretical_insight': 1, 'design_rationale': 1}"
2941,14,de:16 & im:19 & pr:31 & pr:33 & va:17,"{'problem_analysis': 2, 'design_rationale': 1, 'validation_evidence': 1}"
2942,14,im:7 & pr:33 & pr:4 & va:28,"{'problem_analysis': 2, 'implementation_mechanism': 1, 'validation_evidence': 1}"
2943,14,de:6 & im:21 & pr:32 & pr:33 & th:1 & va:8,"{'problem_analysis': 2, 'design_rationale': 1, 'theoretical_insight': 1}"
2944,14,de:38 & im:10 & pr:33 & pr:7 & th:12 & va:0,"{'problem_analysis': 2, 'theoretical_insight': 1, 'validation_evidence': 1}"
2945,14,de:15 & im:4 & pr:13 & pr:33 & th:4 & va:12,"{'problem_analysis': 2, 'validation_evidence': 1, 'implementation_mechanism': 1}"
2946,14,de:37 & im:1 & pr:12 & pr:33 & th:6 & va:15,"{'problem_analysis': 2, 'validation_evidence': 1, 'implementation_mechanism': 1}"
2947,14,de:29 & im:10 & pr:33 & pr:5 & th:8 & va:12,"{'problem_analysis': 2, 'validation_evidence': 1, 'implementation_mechanism': 1}"
2948,14,de:15 & im:4 & pr:31 & pr:33 & th:12 & va:10,"{'problem_analysis': 2, 'theoretical_insight': 1, 'implementation_mechanism': 1}"
2949,14,de:15 & im:19 & pr:33 & pr:6 & th:12 & va:10,"{'problem_analysis': 2, 'theoretical_insight': 1, 'implementation_mechanism': 1}"
2950,14,de:20 & im:7 & pr:33 & pr:6 & th:12 & va:0,"{'problem_analysis': 2, 'theoretical_insight': 1, 'validation_evidence': 1}"
2951,14,de:22 & im:31 & pr:32 & pr:33 & th:4 & va:23,"{'problem_analysis': 2, 'design_rationale': 1, 'theoretical_insight': 1}"
2952,14,de:3 & im:16 & pr:33 & pr:7 & th:36 & va:0,"{'problem_analysis': 2, 'implementation_mechanism': 1, 'validation_evidence': 1}"
2953,14,de:20 & im:4 & pr:11 & pr:33 & th:12,"{'problem_analysis': 2, 'theoretical_insight': 1, 'implementation_mechanism': 1}"
2954,14,de:16 & im:35 & pr:12 & pr:33 & th:2 & va:2,"{'problem_analysis': 2, 'theoretical_insight': 1, 'design_rationale': 1}"
2955,14,de:6 & im:21 & pr:30 & pr:33 & th:1 & va:18,"{'problem_analysis': 2, 'design_rationale': 1, 'theoretical_insight': 1}"
2956,14,de:6 & im:31 & pr:30 & pr:33 & th:5 & va:0,"{'problem_analysis': 2, 'design_rationale': 1, 'theoretical_insight': 1}"
2957,14,de:6 & im:21 & pr:33 & pr:4 & th:1 & va:28,"{'problem_analysis': 2, 'design_rationale': 1, 'theoretical_insight': 1}"
2958,14,de:3 & im:12 & pr:10 & pr:33 & th:7 & va:0,"{'problem_analysis': 2, 'validation_evidence': 1, 'theoretical_insight': 1}"
2959,14,de:7 & im:14 & pr:33 & pr:4 & th:1 & va:28,"{'problem_analysis': 2, 'implementation_mechanism': 1, 'theoretical_insight': 1}"
2960,14,de:29 & im:10 & pr:33 & pr:39 & th:36 & va:0,"{'problem_analysis': 2, 'validation_evidence': 1, 'implementation_mechanism': 1}"
2961,14,de:37 & im:28 & pr:33 & pr:7 & th:6 & va:1,"{'problem_analysis': 2, 'validation_evidence': 1, 'implementation_mechanism': 1}"
2962,14,de:15 & pr:33 & pr:6 & th:11 & va:32,"{'problem_analysis': 2, 'design_rationale': 1, 'theoretical_insight': 1}"
2963,14,de:7 & im:7 & pr:27 & pr:33 & th:12 & va:28,"{'problem_analysis': 2, 'theoretical_insight': 1, 'design_rationale': 1}"
2964,14,de:15 & im:4 & pr:33 & pr:6 & th:11 & va:15,"{'problem_analysis': 2, 'implementation_mechanism': 1, 'theoretical_insight': 1}"
2965,14,de:22 & im:9 & pr:13 & pr:33 & th:4 & va:15,"{'problem_analysis': 2, 'design_rationale': 1, 'implementation_mechanism': 1}"
2966,14,de:29 & im:12 & pr:0 & pr:33 & th:5 & va:0,"{'problem_analysis': 2, 'theoretical_insight': 1, 'validation_evidence': 1}"
2967,14,de:16 & im:1 & pr:31 & pr:33 & th:2 & va:17,"{'problem_analysis': 2, 'theoretical_insight': 1, 'design_rationale': 1}"
2968,14,de:37 & im:1 & pr:33 & pr:7 & th:6 & va:17,"{'problem_analysis': 2, 'validation_evidence': 1, 'implementation_mechanism': 1}"
2969,14,de:15 & im:4 & pr:31 & pr:33 & th:2 & va:32,"{'problem_analysis': 2, 'theoretical_insight': 1, 'implementation_mechanism': 1}"
2970,14,de:16 & im:4 & pr:31 & pr:33 & th:2 & va:10,"{'problem_analysis': 2, 'theoretical_insight': 1, 'design_rationale': 1}"
2971,14,de:16 & im:4 & pr:33 & pr:4 & th:12 & va:12,"{'problem_analysis': 2, 'validation_evidence': 1, 'design_rationale': 1}"
2972,14,de:9 & im:19 & pr:33 & pr:4 & th:12 & va:30,"{'problem_analysis': 2, 'theoretical_insight': 1, 'design_rationale': 1}"
2973,14,de:9 & im:35 & pr:33 & pr:6 & th:12 & va:2,"{'problem_analysis': 2, 'theoretical_insight': 1, 'design_rationale': 1}"
2974,14,de:16 & im:38 & pr:12 & pr:33 & th:12 & va:2,"{'problem_analysis': 2, 'implementation_mechanism': 1, 'design_rationale': 1}"
2975,14,de:20 & im:20 & pr:33 & pr:9 & th:12 & va:9,"{'problem_analysis': 2, 'theoretical_insight': 1, 'design_rationale': 1}"
2976,14,de:20 & im:19 & pr:11 & pr:33 & th:1 & va:9,"{'problem_analysis': 2, 'theoretical_insight': 1, 'design_rationale': 1}"
2977,14,de:37 & im:1 & pr:12 & pr:33 & th:2 & va:1,"{'problem_analysis': 2, 'theoretical_insight': 1, 'validation_evidence': 1}"
2978,14,de:16 & im:4 & pr:33 & pr:7 & th:37 & va:2,"{'problem_analysis': 2, 'design_rationale': 1, 'implementation_mechanism': 1}"
2979,14,de:25 & im:34 & pr:33 & pr:6 & th:12,"{'problem_analysis': 2, 'theoretical_insight': 1, 'design_rationale': 1}"
2980,14,de:13 & im:1 & pr:19 & pr:33 & th:0 & va:15,"{'problem_analysis': 2, 'design_rationale': 1, 'validation_evidence': 1}"
2981,14,de:9 & im:4 & pr:33 & pr:6 & th:11 & va:9,"{'problem_analysis': 2, 'design_rationale': 1, 'implementation_mechanism': 1}"
2982,14,pr:31 & pr:33 & pr:6 & th:11 & va:2,"{'problem_analysis': 3, 'theoretical_insight': 1, 'validation_evidence': 1}"
2983,14,de:4 & im:7 & pr:33 & pr:6 & th:12 & va:30,"{'problem_analysis': 2, 'theoretical_insight': 1, 'validation_evidence': 1}"
2984,14,de:9 & im:4 & pr:33 & pr:6 & th:12,"{'problem_analysis': 2, 'theoretical_insight': 1, 'implementation_mechanism': 1}"
2985,14,de:17 & im:4 & pr:33 & pr:6 & th:12 & va:9,"{'problem_analysis': 2, 'design_rationale': 1, 'theoretical_insight': 1}"
2986,14,de:13 & im:1 & pr:33 & pr:7 & th:37 & va:39,"{'problem_analysis': 2, 'design_rationale': 1, 'validation_evidence': 1}"
2987,14,de:7 & im:31 & pr:13 & pr:33 & th:4 & va:7,"{'problem_analysis': 2, 'validation_evidence': 1, 'theoretical_insight': 1}"
2988,14,de:7 & im:4 & pr:13 & pr:33 & th:4 & va:10,"{'problem_analysis': 2, 'implementation_mechanism': 1, 'design_rationale': 1}"
2989,14,de:25 & im:34 & pr:32 & pr:33 & th:21 & va:17,"{'problem_analysis': 2, 'design_rationale': 1, 'validation_evidence': 1}"
2990,14,de:14 & im:20 & pr:33 & pr:9 & th:14 & va:19,"{'problem_analysis': 2, 'validation_evidence': 1, 'implementation_mechanism': 1}"
2991,14,de:15 & im:4 & pr:31 & pr:33 & th:9 & va:32,"{'problem_analysis': 2, 'design_rationale': 1, 'implementation_mechanism': 1}"
2992,14,de:25 & im:34 & pr:31 & pr:32 & pr:33,"{'problem_analysis': 3, 'design_rationale': 1, 'implementation_mechanism': 1}"
2993,14,de:16 & im:4 & pr:33 & pr:6 & th:4 & va:10,"{'problem_analysis': 2, 'design_rationale': 1, 'implementation_mechanism': 1}"
2994,14,de:15 & im:4 & pr:33 & pr:7 & th:2 & va:2,"{'problem_analysis': 2, 'theoretical_insight': 1, 'implementation_mechanism': 1}"
2995,14,de:22 & im:31 & pr:31 & pr:33 & th:2,"{'problem_analysis': 2, 'theoretical_insight': 1, 'design_rationale': 1}"
2996,14,de:29 & im:10 & pr:19 & pr:33 & th:5 & va:1,"{'problem_analysis': 2, 'validation_evidence': 1, 'theoretical_insight': 1}"
2997,14,de:23 & im:38 & pr:33 & pr:6 & th:12 & va:2,"{'problem_analysis': 2, 'design_rationale': 1, 'implementation_mechanism': 1}"
2998,14,de:37 & im:1 & pr:25 & pr:33 & th:37 & va:39,"{'problem_analysis': 2, 'validation_evidence': 1, 'theoretical_insight': 1}"
2999,14,de:16 & im:4 & pr:33 & pr:6 & th:19 & va:32,"{'problem_analysis': 2, 'design_rationale': 1, 'implementation_mechanism': 1}"
3000,14,de:11 & im:1 & im:26 & pr:12 & pr:33 & va:17,"{'problem_analysis': 2, 'implementation_mechanism': 2, 'validation_evidence': 1}"
3001,14,de:5 & im:1 & pr:12 & pr:33 & th:6 & va:1,"{'problem_analysis': 2, 'validation_evidence': 1, 'design_rationale': 1}"
3002,14,de:9 & im:4 & pr:33 & pr:6 & th:12 & va:10,"{'problem_analysis': 2, 'theoretical_insight': 1, 'implementation_mechanism': 1}"
3003,14,de:9 & im:19 & pr:33 & pr:6 & th:12 & va:10,"{'problem_analysis': 2, 'theoretical_insight': 1, 'design_rationale': 1}"
3004,14,de:16 & im:1 & pr:33 & pr:9 & th:14 & va:37,"{'problem_analysis': 2, 'design_rationale': 1, 'validation_evidence': 1}"
3005,14,de:15 & im:19 & pr:33 & pr:35 & th:12 & va:30,"{'problem_analysis': 2, 'theoretical_insight': 1, 'validation_evidence': 1}"
3006,14,de:16 & im:4 & pr:33 & pr:6 & va:9,"{'problem_analysis': 2, 'design_rationale': 1, 'implementation_mechanism': 1}"
3007,14,de:37 & im:1 & pr:33 & pr:7 & th:37 & va:1,"{'problem_analysis': 2, 'validation_evidence': 1, 'theoretical_insight': 1}"
3008,14,de:37 & im:1 & pr:33 & pr:7 & th:37 & va:39,"{'problem_analysis': 2, 'validation_evidence': 1, 'theoretical_insight': 1}"
3009,14,de:14 & im:25 & pr:33 & pr:9 & th:26 & va:20,"{'problem_analysis': 2, 'implementation_mechanism': 1, 'validation_evidence': 1}"
3010,14,de:38 & im:7 & pr:33 & pr:5 & th:12 & va:0,"{'problem_analysis': 2, 'theoretical_insight': 1, 'validation_evidence': 1}"
3011,14,de:13 & im:1 & pr:33 & pr:7 & th:37 & va:15,"{'problem_analysis': 2, 'design_rationale': 1, 'validation_evidence': 1}"
3012,14,de:25 & im:34 & pr:32 & pr:33 & th:21 & va:33,"{'problem_analysis': 2, 'design_rationale': 1, 'validation_evidence': 1}"
3013,14,de:15 & im:4 & pr:33 & pr:6 & th:2 & va:32,"{'problem_analysis': 2, 'theoretical_insight': 1, 'implementation_mechanism': 1}"
3014,14,de:20 & im:19 & pr:11 & pr:33 & th:2 & va:9,"{'problem_analysis': 2, 'theoretical_insight': 1, 'design_rationale': 1}"
3015,14,de:23 & im:26 & pr:26 & pr:33 & th:33 & va:38,"{'problem_analysis': 2, 'design_rationale': 1, 'implementation_mechanism': 1}"
3016,14,de:10 & im:3 & pr:15 & pr:32 & pr:33 & th:33 & va:33,"{'problem_analysis': 3, 'design_rationale': 1, 'validation_evidence': 1}"
3017,14,de:16 & im:4 & pr:27 & pr:31 & pr:33 & pr:7 & th:12,"{'problem_analysis': 4, 'design_rationale': 1, 'theoretical_insight': 1}"
3018,14,de:11 & pr:33 & pr:9 & th:14 & th:2 & va:2,"{'theoretical_insight': 2, 'problem_analysis': 2, 'design_rationale': 1}"
3019,14,de:14 & im:25 & pr:33 & pr:7 & th:26 & va:20,"{'problem_analysis': 2, 'implementation_mechanism': 1, 'validation_evidence': 1}"
3020,14,de:11 & im:1 & pr:10 & pr:31 & pr:33 & th:27 & va:22,"{'problem_analysis': 3, 'design_rationale': 1, 'validation_evidence': 1}"
3021,14,de:22 & im:31 & pr:31 & pr:33 & th:2 & va:4,"{'problem_analysis': 2, 'theoretical_insight': 1, 'design_rationale': 1}"
3022,14,de:20 & im:7 & pr:32 & pr:33 & th:12,"{'problem_analysis': 2, 'theoretical_insight': 1, 'design_rationale': 1}"
3023,14,de:37 & im:1 & pr:12 & pr:33 & pr:7 & th:6 & va:1,"{'problem_analysis': 3, 'validation_evidence': 1, 'implementation_mechanism': 1}"
3024,14,de:15 & im:7 & pr:33 & pr:6 & th:12 & va:10,"{'problem_analysis': 2, 'theoretical_insight': 1, 'validation_evidence': 1}"
3025,14,de:3 & im:8 & pr:33 & pr:39 & pr:7 & th:36 & va:0,"{'problem_analysis': 3, 'implementation_mechanism': 1, 'validation_evidence': 1}"
3026,14,de:20 & im:7 & pr:33 & pr:4 & th:1 & va:9,"{'problem_analysis': 2, 'theoretical_insight': 1, 'design_rationale': 1}"
3027,14,de:9 & im:4 & pr:3 & pr:33 & pr:6 & th:11 & va:11,"{'problem_analysis': 3, 'design_rationale': 1, 'implementation_mechanism': 1}"
3028,14,de:25 & im:34 & pr:26 & pr:33 & th:22 & va:33,"{'problem_analysis': 2, 'design_rationale': 1, 'validation_evidence': 1}"
3029,14,de:3 & im:16 & pr:13 & pr:3 & pr:33 & th:15 & va:13,"{'problem_analysis': 3, 'implementation_mechanism': 1, 'design_rationale': 1}"
3030,14,de:37 & im:0 & pr:19 & pr:33 & th:6 & va:39,"{'problem_analysis': 2, 'validation_evidence': 1, 'design_rationale': 1}"
3031,14,de:28 & im:7 & pr:12 & pr:33 & th:12 & va:17 & va:28,"{'problem_analysis': 2, 'validation_evidence': 2, 'design_rationale': 1}"
3032,14,de:16 & de:38 & im:7 & pr:26 & pr:33 & th:2 & va:18,"{'problem_analysis': 2, 'design_rationale': 2, 'theoretical_insight': 1}"
3033,14,de:10 & im:24 & pr:13 & pr:28 & pr:33 & th:10 & va:36,"{'problem_analysis': 3, 'theoretical_insight': 1, 'design_rationale': 1}"
3034,14,de:6 & im:11 & pr:13 & pr:33 & pr:5 & th:1 & va:4,"{'problem_analysis': 3, 'design_rationale': 1, 'theoretical_insight': 1}"
3035,14,de:7 & im:7 & pr:11 & pr:14 & pr:33 & pr:6 & th:12 & va:18,"{'problem_analysis': 4, 'theoretical_insight': 1, 'design_rationale': 1}"
3036,14,de:20 & im:19 & pr:11 & pr:33 & pr:8 & th:2 & va:9,"{'problem_analysis': 3, 'theoretical_insight': 1, 'design_rationale': 1}"
3037,14,de:7 & im:34 & pr:11 & pr:31 & pr:33 & pr:5 & th:12 & va:18,"{'problem_analysis': 4, 'theoretical_insight': 1, 'design_rationale': 1}"
3038,14,de:7 & im:19 & pr:33 & pr:4 & pr:5 & th:12 & va:30,"{'problem_analysis': 3, 'theoretical_insight': 1, 'validation_evidence': 1}"
3039,14,de:32 & im:0 & pr:1 & pr:19 & pr:33 & th:7 & va:39,"{'problem_analysis': 3, 'design_rationale': 1, 'validation_evidence': 1}"
3040,14,de:38 & de:6 & im:10 & im:3 & pr:31 & pr:32 & pr:33 & pr:4 & va:0 & va:23,"{'problem_analysis': 4, 'design_rationale': 2, 'validation_evidence': 2}"
3041,14,de:15 & de:20 & im:19 & im:4 & pr:11 & pr:33 & pr:6 & th:11 & th:2 & va:10,"{'problem_analysis': 3, 'theoretical_insight': 2, 'implementation_mechanism': 2}"
3042,14,de:11 & de:7 & im:7 & pr:11 & pr:12 & pr:26 & pr:33 & th:12 & th:25 & th:31 & va:15,"{'problem_analysis': 4, 'theoretical_insight': 3, 'design_rationale': 2}"
3043,14,de:23 & im:27 & pr:22 & pr:28 & pr:31 & pr:33 & pr:6 & th:18 & th:33 & va:2,"{'problem_analysis': 5, 'theoretical_insight': 2, 'design_rationale': 1}"
3044,14,de:15 & im:4 & im:7 & pr:33 & pr:6 & th:12,"{'problem_analysis': 2, 'implementation_mechanism': 2, 'theoretical_insight': 1}"
3045,14,de:15 & im:4 & im:7 & pr:33 & pr:6 & th:11 & th:12 & va:10,"{'problem_analysis': 2, 'theoretical_insight': 2, 'implementation_mechanism': 2}"
3046,14,de:16 & im:4 & pr:31,"{'implementation_mechanism': 1, 'problem_analysis': 1, 'design_rationale': 1}"
3047,14,pr:31 & pr:6 & th:2,"{'problem_analysis': 2, 'theoretical_insight': 1}"
3048,14,de:15 & pr:31 & pr:6 & th:1,"{'problem_analysis': 2, 'theoretical_insight': 1, 'design_rationale': 1}"
3049,14,de:13 & im:1 & pr:17 & pr:31 & th:0,"{'problem_analysis': 2, 'design_rationale': 1, 'implementation_mechanism': 1}"
3050,14,de:6 & im:21 & pr:31 & pr:32 & th:1 & va:8,"{'problem_analysis': 2, 'design_rationale': 1, 'theoretical_insight': 1}"
3051,14,de:7 & im:7 & pr:27 & pr:31 & th:12 & va:28,"{'problem_analysis': 2, 'theoretical_insight': 1, 'design_rationale': 1}"
3052,14,de:15 & im:4 & pr:13 & pr:31 & th:4 & va:12,"{'problem_analysis': 2, 'validation_evidence': 1, 'implementation_mechanism': 1}"
3053,14,de:25 & im:34 & pr:31 & pr:4 & th:21 & va:27,"{'problem_analysis': 2, 'design_rationale': 1, 'validation_evidence': 1}"
3054,14,de:37 & im:1 & pr:12 & pr:31 & th:6 & va:15,"{'problem_analysis': 2, 'validation_evidence': 1, 'implementation_mechanism': 1}"
3055,14,de:15 & im:4 & pr:31 & pr:6 & th:11 & va:15,"{'problem_analysis': 2, 'implementation_mechanism': 1, 'theoretical_insight': 1}"
3056,14,de:16 & im:10 & pr:31 & pr:6 & th:12 & va:3,"{'problem_analysis': 2, 'design_rationale': 1, 'validation_evidence': 1}"
3057,14,de:22 & im:31 & pr:31 & pr:32 & th:4 & va:23,"{'problem_analysis': 2, 'design_rationale': 1, 'theoretical_insight': 1}"
3058,14,de:3 & im:16 & pr:31 & pr:7 & th:36 & va:0,"{'problem_analysis': 2, 'implementation_mechanism': 1, 'validation_evidence': 1}"
3059,14,de:20 & im:4 & pr:11 & pr:31 & th:12,"{'problem_analysis': 2, 'theoretical_insight': 1, 'implementation_mechanism': 1}"
3060,14,de:14 & im:25 & pr:14 & pr:31 & th:26,"{'problem_analysis': 2, 'implementation_mechanism': 1, 'theoretical_insight': 1}"
3061,14,de:6 & im:21 & pr:30 & pr:31 & th:1 & va:18,"{'problem_analysis': 2, 'design_rationale': 1, 'theoretical_insight': 1}"
3062,14,de:6 & im:31 & pr:30 & pr:31 & th:5 & va:0,"{'problem_analysis': 2, 'design_rationale': 1, 'theoretical_insight': 1}"
3063,14,de:6 & im:21 & pr:31 & pr:4 & th:1 & va:28,"{'problem_analysis': 2, 'design_rationale': 1, 'theoretical_insight': 1}"
3064,14,de:37 & im:28 & pr:31 & pr:7 & th:6 & va:1,"{'problem_analysis': 2, 'validation_evidence': 1, 'implementation_mechanism': 1}"
3065,14,de:29 & im:10 & pr:14 & pr:31 & th:8 & va:20,"{'problem_analysis': 2, 'implementation_mechanism': 1, 'design_rationale': 1}"
3066,14,de:7 & im:14 & pr:31 & pr:4 & th:1 & va:28,"{'problem_analysis': 2, 'implementation_mechanism': 1, 'theoretical_insight': 1}"
3067,14,de:16 & im:38 & pr:12 & pr:31 & th:12 & va:2,"{'problem_analysis': 2, 'implementation_mechanism': 1, 'design_rationale': 1}"
3068,14,de:15 & im:4 & pr:12 & pr:31 & th:2 & va:9,"{'problem_analysis': 2, 'theoretical_insight': 1, 'implementation_mechanism': 1}"
3069,14,de:29 & im:12 & pr:0 & pr:31 & th:5 & va:0,"{'problem_analysis': 2, 'theoretical_insight': 1, 'validation_evidence': 1}"
3070,14,de:9 & im:35 & pr:31 & pr:6 & th:12 & va:2,"{'problem_analysis': 2, 'theoretical_insight': 1, 'design_rationale': 1}"
3071,14,de:37 & im:1 & pr:31 & pr:7 & th:6 & va:17,"{'problem_analysis': 2, 'validation_evidence': 1, 'implementation_mechanism': 1}"
3072,14,de:3 & im:10 & pr:0 & pr:31 & th:39 & va:0,"{'problem_analysis': 2, 'validation_evidence': 1, 'implementation_mechanism': 1}"
3073,14,de:4 & im:7 & pr:31 & pr:6 & th:12 & va:30,"{'problem_analysis': 2, 'theoretical_insight': 1, 'validation_evidence': 1}"
3074,14,de:9 & im:4 & pr:31 & pr:6 & th:12,"{'problem_analysis': 2, 'theoretical_insight': 1, 'implementation_mechanism': 1}"
3075,14,de:17 & im:4 & pr:31 & pr:6 & th:12 & va:9,"{'problem_analysis': 2, 'design_rationale': 1, 'theoretical_insight': 1}"
3076,14,pr:2 & pr:31 & pr:33 & th:36 & va:7,"{'problem_analysis': 3, 'validation_evidence': 1, 'theoretical_insight': 1}"
3077,14,de:25 & im:34 & pr:31 & pr:32 & th:21 & va:17,"{'problem_analysis': 2, 'design_rationale': 1, 'validation_evidence': 1}"
3078,14,de:15 & im:4 & pr:31 & pr:7 & th:2 & va:2,"{'problem_analysis': 2, 'theoretical_insight': 1, 'implementation_mechanism': 1}"
3079,14,de:29 & im:10 & pr:19 & pr:31 & th:5 & va:1,"{'problem_analysis': 2, 'validation_evidence': 1, 'theoretical_insight': 1}"
3080,14,de:23 & im:38 & pr:31 & pr:6 & th:12 & va:2,"{'problem_analysis': 2, 'implementation_mechanism': 1, 'design_rationale': 1}"
3081,14,de:5 & im:1 & pr:12 & pr:31 & th:6 & va:1,"{'problem_analysis': 2, 'validation_evidence': 1, 'design_rationale': 1}"
3082,14,de:22 & im:23 & pr:13 & pr:31 & th:4 & va:38,"{'problem_analysis': 2, 'design_rationale': 1, 'implementation_mechanism': 1}"
3083,14,de:16 & im:4 & pr:31 & pr:6 & th:19 & va:32,"{'problem_analysis': 2, 'design_rationale': 1, 'implementation_mechanism': 1}"
3084,14,de:20 & im:19 & pr:11 & pr:31 & th:2 & va:9,"{'problem_analysis': 2, 'theoretical_insight': 1, 'design_rationale': 1}"
3085,14,de:23 & im:26 & pr:26 & pr:31 & th:33 & va:38,"{'problem_analysis': 2, 'design_rationale': 1, 'implementation_mechanism': 1}"
3086,14,de:11 & pr:31 & pr:9 & th:14 & th:2 & va:2,"{'theoretical_insight': 2, 'problem_analysis': 2, 'design_rationale': 1}"
3087,14,de:20 & im:7 & pr:31 & pr:32 & th:12,"{'problem_analysis': 2, 'theoretical_insight': 1, 'design_rationale': 1}"
3088,14,de:20 & im:7 & pr:31 & pr:4 & th:1 & va:9,"{'problem_analysis': 2, 'theoretical_insight': 1, 'design_rationale': 1}"
3089,14,de:3 & im:8 & pr:31 & pr:39 & pr:7 & th:36 & va:0,"{'problem_analysis': 3, 'implementation_mechanism': 1, 'validation_evidence': 1}"
3090,14,de:9 & im:4 & pr:3 & pr:31 & pr:6 & th:11 & va:11,"{'problem_analysis': 3, 'design_rationale': 1, 'implementation_mechanism': 1}"
3091,14,de:11 & im:10 & pr:11 & pr:19 & pr:31 & th:2 & va:15,"{'problem_analysis': 3, 'theoretical_insight': 1, 'implementation_mechanism': 1}"
3092,14,de:22 & im:1 & pr:13 & pr:31 & pr:33 & th:10 & va:12,"{'problem_analysis': 3, 'validation_evidence': 1, 'design_rationale': 1}"
3093,14,de:4 & im:31 & pr:3 & pr:31 & pr:33 & th:30 & va:38,"{'problem_analysis': 3, 'theoretical_insight': 1, 'validation_evidence': 1}"
3094,14,de:3 & im:16 & pr:39 & pr:7 & pr:9 & th:14 & th:36 & va:26,"{'problem_analysis': 3, 'theoretical_insight': 2, 'implementation_mechanism': 1}"
3095,14,de:15 & im:19 & pr:35 & pr:4 & th:12 & va:30,"{'problem_analysis': 2, 'theoretical_insight': 1, 'validation_evidence': 1}"
3096,14,de:9 & im:35 & pr:11 & pr:9 & th:14 & th:2 & va:9,"{'theoretical_insight': 2, 'problem_analysis': 2, 'design_rationale': 1}"
3097,14,de:20 & im:19 & pr:11 & pr:12 & pr:4 & th:2 & va:9,"{'problem_analysis': 3, 'theoretical_insight': 1, 'design_rationale': 1}"
3098,14,de:15 & de:20 & de:9 & im:4 & pr:27 & pr:3 & pr:6 & th:1 & th:11 & va:9,"{'problem_analysis': 3, 'design_rationale': 3, 'theoretical_insight': 2}"
3099,14,pr:23 & pr:4,{'problem_analysis': 2}
3100,14,pr:17 & pr:4,{'problem_analysis': 2}
3101,14,de:16 & im:4 & pr:4,"{'implementation_mechanism': 1, 'problem_analysis': 1, 'design_rationale': 1}"
3102,14,de:15 & pr:4 & pr:6 & th:1,"{'problem_analysis': 2, 'theoretical_insight': 1, 'design_rationale': 1}"
3103,14,de:3 & im:16 & pr:4 & pr:7 & va:0,"{'problem_analysis': 2, 'implementation_mechanism': 1, 'validation_evidence': 1}"
3104,14,de:6 & im:21 & pr:30 & pr:4 & th:1 & va:18,"{'problem_analysis': 2, 'design_rationale': 1, 'theoretical_insight': 1}"
3105,14,de:6 & im:31 & pr:30 & pr:4 & th:5 & va:0,"{'problem_analysis': 2, 'design_rationale': 1, 'theoretical_insight': 1}"
3106,14,de:7 & im:7 & pr:27 & pr:4 & th:12 & va:28,"{'problem_analysis': 2, 'theoretical_insight': 1, 'design_rationale': 1}"
3107,14,de:37 & im:28 & pr:4 & pr:7 & th:6 & va:1,"{'problem_analysis': 2, 'validation_evidence': 1, 'implementation_mechanism': 1}"
3108,14,de:6 & im:21 & pr:32 & pr:4 & th:1 & va:8,"{'problem_analysis': 2, 'design_rationale': 1, 'theoretical_insight': 1}"
3109,14,de:15 & im:4 & pr:13 & pr:4 & th:4 & va:12,"{'problem_analysis': 2, 'validation_evidence': 1, 'implementation_mechanism': 1}"
3110,14,de:37 & im:28 & pr:19 & pr:4 & th:29 & va:1,"{'problem_analysis': 2, 'validation_evidence': 1, 'theoretical_insight': 1}"
3111,14,de:15 & im:4 & pr:4 & pr:6 & th:11 & va:15,"{'problem_analysis': 2, 'implementation_mechanism': 1, 'theoretical_insight': 1}"
3112,14,pr:31 & pr:4 & pr:6 & th:11 & va:2,"{'problem_analysis': 3, 'theoretical_insight': 1, 'validation_evidence': 1}"
3113,14,de:29 & im:10 & pr:19 & pr:4 & th:5 & va:1,"{'problem_analysis': 2, 'validation_evidence': 1, 'theoretical_insight': 1}"
3114,14,de:23 & im:38 & pr:4 & pr:6 & th:12 & va:2,"{'problem_analysis': 2, 'implementation_mechanism': 1, 'design_rationale': 1}"
3115,14,de:4 & im:7 & pr:4 & pr:6 & th:12 & va:30,"{'problem_analysis': 2, 'theoretical_insight': 1, 'validation_evidence': 1}"
3116,14,de:13 & im:1 & pr:4 & pr:7 & th:37 & va:39,"{'problem_analysis': 2, 'design_rationale': 1, 'validation_evidence': 1}"
3117,14,de:16 & im:4 & pr:4 & pr:6 & th:19 & va:32,"{'problem_analysis': 2, 'design_rationale': 1, 'implementation_mechanism': 1}"
3118,14,de:11 & im:1 & pr:10 & pr:31 & pr:4 & th:27 & va:22,"{'problem_analysis': 3, 'design_rationale': 1, 'validation_evidence': 1}"
3119,14,pr:12 & pr:3 & pr:4 & th:6,"{'problem_analysis': 3, 'theoretical_insight': 1}"
3120,14,de:22 & im:36 & pr:12 & pr:13 & pr:4 & th:4 & va:0,"{'problem_analysis': 3, 'design_rationale': 1, 'implementation_mechanism': 1}"
3121,14,de:6 & im:7 & pr:12 & pr:4 & pr:8 & th:34 & va:0,"{'problem_analysis': 3, 'design_rationale': 1, 'theoretical_insight': 1}"
3122,14,de:3 & im:16 & pr:2 & pr:39 & pr:4 & th:36 & va:0,"{'problem_analysis': 3, 'implementation_mechanism': 1, 'validation_evidence': 1}"
3123,14,de:3 & im:16 & pr:2 & pr:39 & pr:4 & th:36 & va:26,"{'problem_analysis': 3, 'implementation_mechanism': 1, 'validation_evidence': 1}"
3124,14,de:3 & im:16 & pr:39 & pr:4 & th:13 & va:26,"{'problem_analysis': 2, 'theoretical_insight': 1, 'implementation_mechanism': 1}"
3125,14,de:6 & im:7 & pr:19 & pr:4 & pr:8 & th:34 & va:12,"{'problem_analysis': 3, 'validation_evidence': 1, 'design_rationale': 1}"
3126,14,de:3 & im:24 & pr:39 & pr:4 & th:36 & va:26,"{'problem_analysis': 2, 'implementation_mechanism': 1, 'validation_evidence': 1}"
3127,14,de:3 & im:24 & pr:39 & pr:4 & th:19 & th:39 & va:26,"{'theoretical_insight': 2, 'problem_analysis': 2, 'implementation_mechanism': 1}"
3128,14,de:22 & im:1 & pr:13 & pr:33 & pr:4 & th:10 & va:12,"{'problem_analysis': 3, 'validation_evidence': 1, 'design_rationale': 1}"
3129,14,de:4 & im:31 & pr:3 & pr:33 & pr:4 & th:30 & va:38,"{'problem_analysis': 3, 'theoretical_insight': 1, 'validation_evidence': 1}"
3130,14,de:23 & im:27 & pr:22 & pr:28 & pr:31 & pr:4 & pr:6 & th:18 & th:33 & va:2,"{'problem_analysis': 5, 'theoretical_insight': 2, 'design_rationale': 1}"
3131,14,de:15 & im:4 & pr:12 & pr:6 & pr:7 & pr:9 & th:11 & va:32,"{'problem_analysis': 4, 'implementation_mechanism': 1, 'theoretical_insight': 1}"
3132,14,de:15 & de:37 & im:4 & pr:16 & pr:19 & pr:6 & th:11 & th:28 & va:32,"{'problem_analysis': 3, 'design_rationale': 2, 'theoretical_insight': 2}"
3133,14,im:9 & pr:0 & pr:11 & va:28,"{'problem_analysis': 2, 'implementation_mechanism': 1, 'validation_evidence': 1}"
3134,14,de:15 & im:4 & pr:11 & pr:6 & th:0,"{'problem_analysis': 2, 'implementation_mechanism': 1, 'theoretical_insight': 1}"
3135,14,de:16 & im:19 & pr:11 & pr:31 & va:17,"{'problem_analysis': 2, 'design_rationale': 1, 'validation_evidence': 1}"
3136,14,de:13 & im:1 & pr:11 & th:0 & va:15,"{'design_rationale': 1, 'problem_analysis': 1, 'validation_evidence': 1}"
3137,14,de:16 & pr:11 & pr:19 & th:31,"{'problem_analysis': 2, 'theoretical_insight': 1, 'design_rationale': 1}"
3138,14,de:3 & im:16 & pr:11 & pr:39 & th:36 & va:7,"{'problem_analysis': 2, 'implementation_mechanism': 1, 'validation_evidence': 1}"
3139,14,de:29 & im:12 & pr:0 & pr:11 & th:5 & va:0,"{'problem_analysis': 2, 'theoretical_insight': 1, 'validation_evidence': 1}"
3140,14,de:37 & im:1 & pr:11 & pr:7 & th:6 & va:17,"{'problem_analysis': 2, 'validation_evidence': 1, 'implementation_mechanism': 1}"
3141,14,de:22 & im:9 & pr:11 & pr:13 & th:4 & va:15,"{'problem_analysis': 2, 'design_rationale': 1, 'implementation_mechanism': 1}"
3142,14,de:7 & im:14 & pr:11 & pr:4 & th:1 & va:28,"{'problem_analysis': 2, 'implementation_mechanism': 1, 'theoretical_insight': 1}"
3143,14,de:9 & im:4 & pr:11 & pr:6 & th:11 & va:9,"{'problem_analysis': 2, 'design_rationale': 1, 'implementation_mechanism': 1}"
3144,14,de:22 & im:23 & pr:11 & pr:13 & th:4 & va:38,"{'problem_analysis': 2, 'design_rationale': 1, 'implementation_mechanism': 1}"
3145,14,de:16 & im:4 & pr:11 & pr:6 & th:19 & va:32,"{'problem_analysis': 2, 'design_rationale': 1, 'implementation_mechanism': 1}"
3146,14,de:5 & im:1 & pr:11 & pr:12 & th:6 & va:1,"{'problem_analysis': 2, 'validation_evidence': 1, 'design_rationale': 1}"
3147,14,de:8 & im:18 & pr:11 & pr:16 & th:27 & va:20,"{'problem_analysis': 2, 'implementation_mechanism': 1, 'design_rationale': 1}"
3148,14,de:15 & de:28 & im:4 & im:7 & pr:11 & pr:6 & th:9 & va:32,"{'design_rationale': 2, 'problem_analysis': 2, 'implementation_mechanism': 2}"
3149,14,de:37 & im:28 & pr:11 & pr:12 & pr:14 & pr:37 & th:30 & va:1,"{'problem_analysis': 4, 'theoretical_insight': 1, 'validation_evidence': 1}"
3150,14,de:15 & im:4 & pr:12 & pr:4 & th:2 & va:9,"{'problem_analysis': 2, 'theoretical_insight': 1, 'implementation_mechanism': 1}"
3151,14,de:37 & im:1 & pr:19 & pr:27 & th:6 & va:24,"{'problem_analysis': 2, 'validation_evidence': 1, 'implementation_mechanism': 1}"
3152,14,de:37 & im:28 & pr:12 & pr:14 & pr:27 & pr:37 & th:30 & va:1,"{'problem_analysis': 4, 'theoretical_insight': 1, 'validation_evidence': 1}"
3153,14,de:3 & im:16 & pr:11 & pr:39 & pr:4 & th:36 & va:26,"{'problem_analysis': 3, 'implementation_mechanism': 1, 'validation_evidence': 1}"
3154,14,pr:27 & pr:6 & th:2,"{'problem_analysis': 2, 'theoretical_insight': 1}"
3155,14,de:37 & im:28 & pr:11 & pr:20 & th:38,"{'problem_analysis': 2, 'implementation_mechanism': 1, 'theoretical_insight': 1}"
3156,14,de:3 & im:16 & pr:11 & pr:38 & th:12 & va:26,"{'problem_analysis': 2, 'theoretical_insight': 1, 'implementation_mechanism': 1}"
3157,14,de:16 & im:38 & pr:11 & pr:12 & th:12 & va:2,"{'problem_analysis': 2, 'implementation_mechanism': 1, 'design_rationale': 1}"
3158,14,de:15 & im:4 & pr:11 & pr:12 & pr:6 & th:11 & th:12 & va:10,"{'problem_analysis': 3, 'theoretical_insight': 2, 'implementation_mechanism': 1}"
3159,14,de:15 & de:20 & de:28 & im:4 & pr:27 & pr:6 & th:1 & th:11 & th:12 & va:9,"{'design_rationale': 3, 'theoretical_insight': 3, 'problem_analysis': 2}"
3160,14,de:15 & im:4 & pr:37 & pr:6 & th:11 & va:10,"{'problem_analysis': 2, 'implementation_mechanism': 1, 'theoretical_insight': 1}"
3161,14,de:15 & im:4 & pr:17 & pr:37 & pr:6 & th:11 & va:10 & va:37,"{'problem_analysis': 3, 'validation_evidence': 2, 'design_rationale': 1}"
3162,14,de:15 & im:4 & pr:22 & pr:28 & pr:6 & th:11 & th:33 & va:10,"{'problem_analysis': 3, 'theoretical_insight': 2, 'validation_evidence': 1}"
3163,13,pr:32,{'problem_analysis': 1}
3164,13,de:37 & im:1 & pr:19 & pr:32 & th:6 & va:37,"{'problem_analysis': 2, 'validation_evidence': 1, 'implementation_mechanism': 1}"
3165,13,de:29 & im:16 & pr:39 & pr:9 & th:36 & va:26,"{'problem_analysis': 2, 'implementation_mechanism': 1, 'design_rationale': 1}"
3166,13,pr:23 & pr:6 & th:2,"{'problem_analysis': 2, 'theoretical_insight': 1}"
3167,13,de:15 & pr:23 & pr:6 & th:1,"{'problem_analysis': 2, 'theoretical_insight': 1, 'design_rationale': 1}"
3168,13,im:4 & pr:23 & pr:31 & th:9 & va:10,"{'problem_analysis': 2, 'implementation_mechanism': 1, 'validation_evidence': 1}"
3169,13,de:3 & im:16 & pr:23 & pr:7 & va:0,"{'problem_analysis': 2, 'implementation_mechanism': 1, 'validation_evidence': 1}"
3170,13,de:15 & im:4 & pr:23 & pr:31 & th:12 & va:10,"{'problem_analysis': 2, 'theoretical_insight': 1, 'implementation_mechanism': 1}"
3171,13,de:16 & im:35 & pr:12 & pr:23 & th:2 & va:2,"{'problem_analysis': 2, 'theoretical_insight': 1, 'design_rationale': 1}"
3172,13,de:15 & im:4 & pr:23 & pr:31 & th:2 & va:32,"{'problem_analysis': 2, 'theoretical_insight': 1, 'implementation_mechanism': 1}"
3173,13,de:15 & im:4 & pr:12 & pr:23 & th:2 & va:9,"{'problem_analysis': 2, 'theoretical_insight': 1, 'implementation_mechanism': 1}"
3174,13,de:16 & im:10 & pr:23 & pr:6 & th:12 & va:3,"{'problem_analysis': 2, 'design_rationale': 1, 'validation_evidence': 1}"
3175,13,de:16 & im:4 & pr:23 & pr:31 & th:2 & va:10,"{'problem_analysis': 2, 'theoretical_insight': 1, 'design_rationale': 1}"
3176,13,de:9 & im:19 & pr:23 & pr:4 & th:12 & va:30,"{'problem_analysis': 2, 'theoretical_insight': 1, 'design_rationale': 1}"
3177,13,de:9 & im:35 & pr:23 & pr:6 & th:12 & va:2,"{'problem_analysis': 2, 'theoretical_insight': 1, 'design_rationale': 1}"
3178,13,de:15 & im:4 & pr:23 & pr:6 & th:11 & va:15,"{'problem_analysis': 2, 'implementation_mechanism': 1, 'theoretical_insight': 1}"
3179,13,de:22 & im:31 & pr:23 & pr:32 & th:4 & va:23,"{'problem_analysis': 2, 'design_rationale': 1, 'implementation_mechanism': 1}"
3180,13,de:3 & im:10 & pr:0 & pr:23 & th:39 & va:0,"{'problem_analysis': 2, 'validation_evidence': 1, 'implementation_mechanism': 1}"
3181,13,de:25 & im:34 & pr:23 & pr:6 & th:12,"{'problem_analysis': 2, 'theoretical_insight': 1, 'design_rationale': 1}"
3182,13,de:25 & im:34 & pr:23 & pr:31 & pr:32,"{'problem_analysis': 3, 'design_rationale': 1, 'implementation_mechanism': 1}"
3183,13,de:4 & im:7 & pr:23 & pr:6 & th:12 & va:30,"{'problem_analysis': 2, 'theoretical_insight': 1, 'validation_evidence': 1}"
3184,13,de:37 & im:1 & pr:23 & pr:25 & th:37 & va:39,"{'problem_analysis': 2, 'validation_evidence': 1, 'theoretical_insight': 1}"
3185,13,de:13 & im:1 & pr:23 & pr:7 & th:37 & va:39,"{'problem_analysis': 2, 'design_rationale': 1, 'validation_evidence': 1}"
3186,13,de:25 & im:34 & pr:23 & pr:32 & th:21 & va:17,"{'problem_analysis': 2, 'design_rationale': 1, 'validation_evidence': 1}"
3187,13,de:14 & im:20 & pr:23 & pr:9 & th:14 & va:19,"{'problem_analysis': 2, 'validation_evidence': 1, 'implementation_mechanism': 1}"
3188,13,de:5 & im:1 & pr:12 & pr:23 & th:6 & va:1,"{'problem_analysis': 2, 'validation_evidence': 1, 'design_rationale': 1}"
3189,13,de:15 & im:4 & pr:23 & pr:31 & th:9 & va:32,"{'problem_analysis': 2, 'design_rationale': 1, 'implementation_mechanism': 1}"
3190,13,de:22 & im:31 & pr:23 & pr:31 & th:2,"{'problem_analysis': 2, 'theoretical_insight': 1, 'design_rationale': 1}"
3191,13,im:31 & pr:13 & pr:23 & th:4 & va:7,"{'problem_analysis': 2, 'validation_evidence': 1, 'implementation_mechanism': 1}"
3192,13,de:16 & im:4 & pr:23 & pr:6 & th:19 & va:32,"{'problem_analysis': 2, 'design_rationale': 1, 'implementation_mechanism': 1}"
3193,13,de:11 & im:1 & im:26 & pr:12 & pr:23 & va:17,"{'problem_analysis': 2, 'implementation_mechanism': 2, 'validation_evidence': 1}"
3194,13,de:16 & im:4 & pr:23 & pr:6 & va:9,"{'problem_analysis': 2, 'design_rationale': 1, 'implementation_mechanism': 1}"
3195,13,de:15 & im:10 & pr:23 & pr:6 & th:11 & va:10,"{'problem_analysis': 2, 'theoretical_insight': 1, 'implementation_mechanism': 1}"
3196,13,de:37 & im:1 & pr:23 & pr:7 & th:37 & va:1,"{'problem_analysis': 2, 'validation_evidence': 1, 'theoretical_insight': 1}"
3197,13,de:37 & im:1 & pr:23 & pr:7 & th:37 & va:39,"{'problem_analysis': 2, 'validation_evidence': 1, 'theoretical_insight': 1}"
3198,13,de:15 & im:19 & pr:23 & pr:35 & th:12 & va:30,"{'problem_analysis': 2, 'theoretical_insight': 1, 'validation_evidence': 1}"
3199,13,de:13 & im:1 & pr:23 & pr:7 & th:37 & va:15,"{'problem_analysis': 2, 'design_rationale': 1, 'validation_evidence': 1}"
3200,13,de:15 & im:4 & pr:23 & pr:6 & th:2 & va:32,"{'problem_analysis': 2, 'theoretical_insight': 1, 'implementation_mechanism': 1}"
3201,13,de:11 & pr:23 & pr:9 & th:14 & th:2 & va:2,"{'theoretical_insight': 2, 'problem_analysis': 2, 'design_rationale': 1}"
3202,13,de:22 & im:31 & pr:23 & pr:31 & th:2 & va:4,"{'problem_analysis': 2, 'theoretical_insight': 1, 'design_rationale': 1}"
3203,13,de:20 & im:7 & pr:23 & pr:32 & th:12,"{'problem_analysis': 2, 'theoretical_insight': 1, 'design_rationale': 1}"
3204,13,de:3 & im:8 & pr:23 & pr:39 & pr:7 & th:36 & va:0,"{'problem_analysis': 3, 'implementation_mechanism': 1, 'validation_evidence': 1}"
3205,13,de:8 & im:1 & pr:19 & pr:23 & th:9 & va:1,"{'problem_analysis': 2, 'validation_evidence': 1, 'design_rationale': 1}"
3206,13,de:29 & im:7 & pr:19 & pr:23 & th:37 & va:12,"{'problem_analysis': 2, 'validation_evidence': 1, 'design_rationale': 1}"
3207,13,de:15 & de:28 & im:4 & im:7 & pr:23 & pr:6 & th:9 & va:32,"{'problem_analysis': 2, 'design_rationale': 2, 'implementation_mechanism': 2}"
3208,13,de:7 & im:7 & pr:11 & pr:14 & pr:23 & pr:6 & th:12 & va:18,"{'problem_analysis': 4, 'theoretical_insight': 1, 'design_rationale': 1}"
3209,13,de:16 & im:38 & pr:23 & pr:6 & th:12 & th:26 & th:9 & va:2,"{'theoretical_insight': 3, 'problem_analysis': 2, 'implementation_mechanism': 1}"
3210,13,de:18 & im:0 & pr:19 & pr:23 & pr:7 & th:7 & va:35,"{'problem_analysis': 3, 'design_rationale': 1, 'theoretical_insight': 1}"
3211,13,de:29 & im:16 & pr:39 & pr:7 & th:36 & va:26,"{'problem_analysis': 2, 'implementation_mechanism': 1, 'design_rationale': 1}"
3212,13,de:9 & im:35 & pr:11 & pr:19 & pr:7 & th:2 & va:9,"{'problem_analysis': 3, 'theoretical_insight': 1, 'design_rationale': 1}"
3213,13,de:32 & de:37 & im:3 & pr:1 & pr:12 & pr:16 & pr:19 & th:19 & th:28 & va:1,"{'problem_analysis': 4, 'design_rationale': 2, 'theoretical_insight': 2}"
3214,13,de:37 & im:3 & pr:12 & pr:16 & pr:19 & th:28 & va:35,"{'problem_analysis': 3, 'validation_evidence': 1, 'design_rationale': 1}"
3215,13,de:22 & im:31 & pr:13 & th:15 & va:11,"{'problem_analysis': 1, 'design_rationale': 1, 'theoretical_insight': 1}"
3216,13,de:2 & im:36 & pr:13 & th:9 & va:8,"{'problem_analysis': 1, 'implementation_mechanism': 1, 'validation_evidence': 1}"
3217,13,de:23 & im:7 & pr:19 & pr:22 & pr:4 & th:18 & va:30,"{'problem_analysis': 3, 'design_rationale': 1, 'implementation_mechanism': 1}"
3218,13,de:23 & im:27 & pr:19 & pr:22 & pr:4 & pr:5 & th:18 & va:22,"{'problem_analysis': 4, 'design_rationale': 1, 'implementation_mechanism': 1}"
3219,13,de:11 & im:1 & pr:18 & pr:19 & th:2 & va:17,"{'problem_analysis': 2, 'theoretical_insight': 1, 'validation_evidence': 1}"
3220,13,de:22 & im:36 & pr:12 & pr:13 & pr:6 & th:4 & va:0,"{'problem_analysis': 3, 'design_rationale': 1, 'implementation_mechanism': 1}"
3221,13,de:6 & im:7 & pr:12 & pr:6 & pr:8 & th:34 & va:0,"{'problem_analysis': 3, 'design_rationale': 1, 'theoretical_insight': 1}"
3222,13,de:13 & im:1 & pr:12 & pr:7 & th:37 & va:39,"{'problem_analysis': 2, 'design_rationale': 1, 'validation_evidence': 1}"
3223,13,pr:12 & pr:19 & pr:39,{'problem_analysis': 3}
3224,13,de:16 & im:4 & pr:19 & pr:32 & th:12 & va:12,"{'problem_analysis': 2, 'validation_evidence': 1, 'design_rationale': 1}"
3225,13,de:28 & im:7 & pr:12 & pr:19 & pr:26 & th:5 & va:17,"{'problem_analysis': 3, 'design_rationale': 1, 'theoretical_insight': 1}"
3226,13,de:9 & im:4 & pr:12 & pr:19 & pr:6 & th:12 & va:10,"{'problem_analysis': 3, 'theoretical_insight': 1, 'design_rationale': 1}"
3227,13,de:9 & im:19 & pr:12 & pr:19 & pr:6 & th:12 & va:10,"{'problem_analysis': 3, 'theoretical_insight': 1, 'design_rationale': 1}"
3228,13,de:20 & im:19 & pr:12 & pr:19 & pr:27 & th:12 & va:17,"{'problem_analysis': 3, 'theoretical_insight': 1, 'validation_evidence': 1}"
3229,13,de:28 & im:19 & pr:12 & pr:19 & pr:4 & th:12 & va:30,"{'problem_analysis': 3, 'design_rationale': 1, 'theoretical_insight': 1}"
3230,13,de:20 & im:19 & pr:12 & pr:19 & pr:32 & th:12 & va:9,"{'problem_analysis': 3, 'theoretical_insight': 1, 'design_rationale': 1}"
3231,13,de:15 & de:28 & im:4 & im:7 & pr:12 & pr:19 & pr:6 & th:9 & va:32,"{'problem_analysis': 3, 'design_rationale': 2, 'implementation_mechanism': 2}"
3232,13,de:20 & im:19 & pr:11 & pr:12 & pr:19 & pr:8 & th:2 & va:9,"{'problem_analysis': 4, 'theoretical_insight': 1, 'design_rationale': 1}"
3233,13,de:6 & im:10 & pr:12 & pr:19 & pr:35 & pr:4 & pr:8 & th:1 & va:12,"{'problem_analysis': 5, 'validation_evidence': 1, 'design_rationale': 1}"
3234,13,de:7 & im:14 & pr:4 & pr:9 & th:1 & va:28,"{'problem_analysis': 2, 'implementation_mechanism': 1, 'theoretical_insight': 1}"
3235,13,de:15 & im:4 & pr:14 & pr:6 & th:11 & va:10,"{'problem_analysis': 2, 'implementation_mechanism': 1, 'theoretical_insight': 1}"
3236,13,de:37 & im:28 & pr:12 & pr:14 & pr:19 & pr:37 & th:30 & va:1,"{'problem_analysis': 4, 'theoretical_insight': 1, 'validation_evidence': 1}"
3237,13,de:23 & im:27 & pr:22 & th:12 & th:18,"{'theoretical_insight': 2, 'problem_analysis': 1, 'design_rationale': 1}"
3238,13,de:23 & im:27 & im:35 & pr:22 & th:12 & th:18 & va:2,"{'implementation_mechanism': 2, 'theoretical_insight': 2, 'problem_analysis': 1}"
3239,13,de:37 & im:1 & pr:12 & pr:19 & th:6 & va:24,"{'problem_analysis': 2, 'validation_evidence': 1, 'implementation_mechanism': 1}"
3240,13,de:8 & im:1 & pr:10 & pr:13 & th:6 & va:10,"{'problem_analysis': 2, 'design_rationale': 1, 'implementation_mechanism': 1}"
3241,13,de:4 & im:10 & pr:13 & pr:19 & th:8 & va:33,"{'problem_analysis': 2, 'implementation_mechanism': 1, 'theoretical_insight': 1}"
3242,13,pr:18,{'problem_analysis': 1}
3243,13,de:7 & im:31 & pr:13 & pr:4 & th:4 & va:7,"{'problem_analysis': 2, 'validation_evidence': 1, 'implementation_mechanism': 1}"
3244,13,de:7 & im:4 & pr:13 & pr:4 & th:4 & va:10,"{'problem_analysis': 2, 'implementation_mechanism': 1, 'design_rationale': 1}"
3245,13,de:15 & im:4 & pr:33 & va:32,"{'implementation_mechanism': 1, 'problem_analysis': 1, 'design_rationale': 1}"
3246,13,im:31 & pr:13 & pr:33 & th:4 & va:0,"{'problem_analysis': 2, 'validation_evidence': 1, 'theoretical_insight': 1}"
3247,13,de:16 & im:4 & pr:33 & pr:7 & th:6 & va:10,"{'problem_analysis': 2, 'design_rationale': 1, 'implementation_mechanism': 1}"
3248,13,de:28 & im:9 & pr:30 & pr:33 & th:35 & va:28,"{'problem_analysis': 2, 'design_rationale': 1, 'implementation_mechanism': 1}"
3249,13,de:22 & im:31 & pr:33 & pr:39 & th:4 & va:7,"{'problem_analysis': 2, 'design_rationale': 1, 'validation_evidence': 1}"
3250,13,de:21 & im:5 & pr:33 & pr:39 & th:39 & va:0,"{'problem_analysis': 2, 'validation_evidence': 1, 'implementation_mechanism': 1}"
3251,13,de:28 & im:10 & pr:17 & pr:33 & th:4 & va:17,"{'problem_analysis': 2, 'design_rationale': 1, 'validation_evidence': 1}"
3252,13,de:15 & im:4 & pr:12 & pr:33 & th:2 & va:32,"{'problem_analysis': 2, 'theoretical_insight': 1, 'implementation_mechanism': 1}"
3253,13,de:3 & im:16 & pr:33 & pr:39 & th:13 & va:26,"{'problem_analysis': 2, 'theoretical_insight': 1, 'implementation_mechanism': 1}"
3254,13,de:3 & im:24 & pr:33 & pr:39 & th:19 & th:39 & va:26,"{'problem_analysis': 2, 'theoretical_insight': 2, 'implementation_mechanism': 1}"
3255,13,pr:27 & pr:31 & th:16 & va:1,"{'problem_analysis': 2, 'validation_evidence': 1, 'theoretical_insight': 1}"
3256,13,de:15 & im:4 & pr:11 & pr:27 & th:11 & va:30,"{'problem_analysis': 2, 'implementation_mechanism': 1, 'theoretical_insight': 1}"
3257,13,de:37 & im:1 & pr:12 & pr:13 & th:6 & va:17,"{'problem_analysis': 2, 'validation_evidence': 1, 'implementation_mechanism': 1}"
3258,13,pr:12 & pr:33 & th:2,"{'problem_analysis': 2, 'theoretical_insight': 1}"
3259,13,pr:33 & pr:37 & va:37,"{'problem_analysis': 2, 'validation_evidence': 1}"
3260,13,im:28 & pr:12 & pr:33 & va:3,"{'problem_analysis': 2, 'validation_evidence': 1, 'implementation_mechanism': 1}"
3261,13,de:13 & im:1 & pr:33 & th:0 & va:15,"{'problem_analysis': 1, 'design_rationale': 1, 'validation_evidence': 1}"
3262,13,de:25 & im:34 & pr:33 & pr:4 & th:21,"{'problem_analysis': 2, 'design_rationale': 1, 'implementation_mechanism': 1}"
3263,13,de:5 & im:1 & pr:33 & pr:7 & th:37 & va:39,"{'problem_analysis': 2, 'validation_evidence': 1, 'design_rationale': 1}"
3264,13,de:38 & im:9 & pr:23 & pr:33 & th:4 & va:28,"{'problem_analysis': 2, 'implementation_mechanism': 1, 'validation_evidence': 1}"
3265,13,de:22 & im:23 & pr:13 & pr:33 & th:4 & va:38,"{'problem_analysis': 2, 'design_rationale': 1, 'implementation_mechanism': 1}"
3266,13,de:14 & im:20 & pr:33 & pr:9 & va:20,"{'problem_analysis': 2, 'implementation_mechanism': 1, 'validation_evidence': 1}"
3267,13,pr:11 & pr:33 & th:12 & va:27,"{'problem_analysis': 2, 'theoretical_insight': 1, 'validation_evidence': 1}"
3268,13,de:37 & im:1 & pr:33 & pr:9 & th:6 & va:17,"{'problem_analysis': 2, 'validation_evidence': 1, 'implementation_mechanism': 1}"
3269,13,de:16 & de:20 & pr:11 & pr:12 & pr:33 & th:12 & th:2 & va:30,"{'problem_analysis': 3, 'theoretical_insight': 2, 'design_rationale': 2}"
3270,13,de:29 & im:7 & pr:19 & pr:33 & th:37 & va:12,"{'problem_analysis': 2, 'validation_evidence': 1, 'design_rationale': 1}"
3271,13,pr:11 & pr:31 & th:12 & va:9,"{'problem_analysis': 2, 'theoretical_insight': 1, 'validation_evidence': 1}"
3272,13,im:9 & pr:0 & pr:31 & va:28,"{'problem_analysis': 2, 'implementation_mechanism': 1, 'validation_evidence': 1}"
3273,13,de:20 & im:7 & pr:11 & pr:31 & th:1,"{'problem_analysis': 2, 'theoretical_insight': 1, 'design_rationale': 1}"
3274,13,pr:12 & pr:31 & th:2,"{'problem_analysis': 2, 'theoretical_insight': 1}"
3275,13,im:7 & pr:31 & pr:4 & va:28,"{'problem_analysis': 2, 'implementation_mechanism': 1, 'validation_evidence': 1}"
3276,13,de:13 & im:1 & pr:31 & th:0 & va:15,"{'design_rationale': 1, 'validation_evidence': 1, 'problem_analysis': 1}"
3277,13,de:29 & im:10 & pr:31 & pr:5 & th:8 & va:12,"{'problem_analysis': 2, 'validation_evidence': 1, 'implementation_mechanism': 1}"
3278,13,de:15 & im:19 & pr:31 & pr:6 & th:12 & va:10,"{'problem_analysis': 2, 'theoretical_insight': 1, 'implementation_mechanism': 1}"
3279,13,de:20 & im:7 & pr:31 & pr:6 & th:12 & va:0,"{'problem_analysis': 2, 'theoretical_insight': 1, 'validation_evidence': 1}"
3280,13,de:3 & im:16 & pr:31 & pr:39 & th:36 & va:7,"{'problem_analysis': 2, 'implementation_mechanism': 1, 'validation_evidence': 1}"
3281,13,de:9 & im:35 & pr:11 & pr:31 & th:12 & va:9,"{'problem_analysis': 2, 'theoretical_insight': 1, 'design_rationale': 1}"
3282,13,de:3 & im:16 & pr:23 & pr:31 & th:36 & va:0,"{'problem_analysis': 2, 'implementation_mechanism': 1, 'validation_evidence': 1}"
3283,13,de:3 & im:12 & pr:10 & pr:31 & th:7 & va:0,"{'problem_analysis': 2, 'validation_evidence': 1, 'theoretical_insight': 1}"
3284,13,de:8 & im:39 & pr:10 & pr:31 & th:28 & va:1,"{'problem_analysis': 2, 'validation_evidence': 1, 'design_rationale': 1}"
3285,13,im:31 & pr:13 & pr:31 & th:4 & va:0,"{'problem_analysis': 2, 'validation_evidence': 1, 'theoretical_insight': 1}"
3286,13,de:29 & im:9 & pr:31 & pr:33 & th:9 & va:38,"{'problem_analysis': 2, 'implementation_mechanism': 1, 'validation_evidence': 1}"
3287,13,de:9 & im:19 & pr:31 & pr:4 & th:12 & va:30,"{'problem_analysis': 2, 'theoretical_insight': 1, 'design_rationale': 1}"
3288,13,de:28 & im:9 & pr:31 & pr:7 & th:39 & va:0,"{'problem_analysis': 2, 'design_rationale': 1, 'validation_evidence': 1}"
3289,13,de:22 & im:9 & pr:13 & pr:31 & th:4 & va:15,"{'problem_analysis': 2, 'design_rationale': 1, 'implementation_mechanism': 1}"
3290,13,de:37 & im:1 & pr:19 & pr:31 & th:37 & va:39,"{'problem_analysis': 2, 'validation_evidence': 1, 'theoretical_insight': 1}"
3291,13,de:37 & im:20 & pr:16 & pr:31 & th:8 & va:20,"{'problem_analysis': 2, 'theoretical_insight': 1, 'implementation_mechanism': 1}"
3292,13,de:14 & im:20 & pr:31 & pr:9 & th:14 & va:19,"{'problem_analysis': 2, 'validation_evidence': 1, 'implementation_mechanism': 1}"
3293,13,pr:19 & pr:31 & th:2 & va:15 & va:9,"{'validation_evidence': 2, 'problem_analysis': 2, 'theoretical_insight': 1}"
3294,13,de:14 & im:25 & pr:31 & pr:9 & th:26 & va:20,"{'problem_analysis': 2, 'implementation_mechanism': 1, 'validation_evidence': 1}"
3295,13,de:37 & im:0 & pr:19 & pr:31 & pr:7 & th:6 & va:1,"{'problem_analysis': 3, 'validation_evidence': 1, 'design_rationale': 1}"
3296,13,de:14 & im:25 & pr:14 & pr:31 & va:20,"{'problem_analysis': 2, 'implementation_mechanism': 1, 'validation_evidence': 1}"
3297,13,de:37 & im:1 & pr:31 & pr:9 & th:6 & va:17,"{'problem_analysis': 2, 'validation_evidence': 1, 'implementation_mechanism': 1}"
3298,13,de:8 & im:18 & pr:16 & pr:31 & th:27 & va:20,"{'problem_analysis': 2, 'implementation_mechanism': 1, 'design_rationale': 1}"
3299,13,de:8 & im:13 & pr:19 & pr:31 & th:30 & th:6 & va:1,"{'theoretical_insight': 2, 'problem_analysis': 2, 'validation_evidence': 1}"
3300,13,de:37 & im:0 & pr:19 & pr:31 & th:6 & va:39,"{'problem_analysis': 2, 'validation_evidence': 1, 'design_rationale': 1}"
3301,13,de:28 & im:7 & pr:12 & pr:31 & th:12 & va:17 & va:28,"{'validation_evidence': 2, 'problem_analysis': 2, 'design_rationale': 1}"
3302,13,de:32 & im:0 & pr:1 & pr:19 & pr:31 & th:7 & va:39,"{'problem_analysis': 3, 'design_rationale': 1, 'validation_evidence': 1}"
3303,13,de:11 & im:10 & im:31 & pr:13 & pr:23 & pr:31 & th:25 & th:4 & va:1 & va:20,"{'problem_analysis': 3, 'validation_evidence': 2, 'theoretical_insight': 2}"
3304,13,de:37 & im:28 & pr:12 & pr:14 & pr:31 & pr:37 & th:30 & va:1,"{'problem_analysis': 4, 'theoretical_insight': 1, 'validation_evidence': 1}"
3305,13,pr:23 & pr:4 & va:23,"{'problem_analysis': 2, 'validation_evidence': 1}"
3306,13,de:15 & im:4 & pr:6 & pr:9 & th:11 & th:14 & va:9,"{'problem_analysis': 2, 'theoretical_insight': 2, 'implementation_mechanism': 1}"
3307,13,de:3 & im:16 & pr:39 & pr:9 & th:14 & th:36 & va:0,"{'problem_analysis': 2, 'theoretical_insight': 2, 'implementation_mechanism': 1}"
3308,13,pr:26 & pr:6,{'problem_analysis': 2}
3309,13,de:37 & im:1 & pr:12 & pr:26 & th:6 & va:17,"{'problem_analysis': 2, 'validation_evidence': 1, 'implementation_mechanism': 1}"
3310,13,im:9 & pr:0 & pr:12 & va:28,"{'problem_analysis': 2, 'implementation_mechanism': 1, 'validation_evidence': 1}"
3311,13,de:23 & im:26 & pr:12 & pr:26 & th:33 & va:38,"{'problem_analysis': 2, 'design_rationale': 1, 'implementation_mechanism': 1}"
3312,13,pr:12 & pr:19 & pr:27 & pr:9 & va:37,"{'problem_analysis': 4, 'validation_evidence': 1}"
3313,13,de:38 & im:21 & pr:12 & pr:27 & pr:9 & th:16 & va:0,"{'problem_analysis': 3, 'implementation_mechanism': 1, 'validation_evidence': 1}"
3314,13,de:20 & im:19 & pr:12 & pr:27 & pr:9 & th:16 & va:30,"{'problem_analysis': 3, 'validation_evidence': 1, 'design_rationale': 1}"
3315,13,de:15 & pr:22 & pr:6 & th:1,"{'problem_analysis': 2, 'theoretical_insight': 1, 'design_rationale': 1}"
3316,13,de:3 & im:16 & pr:22 & pr:7 & va:0,"{'problem_analysis': 2, 'implementation_mechanism': 1, 'validation_evidence': 1}"
3317,13,de:13 & im:1 & pr:22 & pr:7 & th:37 & va:39,"{'problem_analysis': 2, 'design_rationale': 1, 'validation_evidence': 1}"
3318,13,de:4 & im:7 & pr:22 & pr:6 & th:12 & va:30,"{'problem_analysis': 2, 'theoretical_insight': 1, 'validation_evidence': 1}"
3319,13,de:37 & im:8 & pr:19 & pr:22 & th:28 & va:1,"{'problem_analysis': 2, 'implementation_mechanism': 1, 'validation_evidence': 1}"
3320,13,de:37 & im:1 & pr:22 & pr:7 & th:37 & va:1,"{'problem_analysis': 2, 'validation_evidence': 1, 'theoretical_insight': 1}"
3321,13,de:37 & im:1 & pr:22 & pr:7 & th:37 & va:39,"{'problem_analysis': 2, 'validation_evidence': 1, 'theoretical_insight': 1}"
3322,13,de:13 & im:1 & pr:22 & pr:7 & th:37 & va:15,"{'problem_analysis': 2, 'design_rationale': 1, 'validation_evidence': 1}"
3323,13,de:3 & im:8 & pr:22 & pr:39 & pr:7 & th:36 & va:0,"{'problem_analysis': 3, 'implementation_mechanism': 1, 'validation_evidence': 1}"
3324,13,de:11 & im:10 & pr:11 & pr:19 & pr:22 & th:2 & va:15,"{'problem_analysis': 3, 'theoretical_insight': 1, 'implementation_mechanism': 1}"
3325,13,de:7 & im:34 & pr:11 & pr:22 & pr:31 & pr:5 & th:12 & va:18,"{'problem_analysis': 4, 'theoretical_insight': 1, 'design_rationale': 1}"
3326,13,de:16 & im:31 & pr:12 & pr:4 & th:4,"{'problem_analysis': 2, 'design_rationale': 1, 'theoretical_insight': 1}"
3327,13,de:15 & im:4 & pr:31 & pr:4 & th:12 & va:10,"{'problem_analysis': 2, 'theoretical_insight': 1, 'implementation_mechanism': 1}"
3328,13,de:3 & im:12 & pr:10 & pr:4 & th:7 & va:0,"{'problem_analysis': 2, 'validation_evidence': 1, 'theoretical_insight': 1}"
3329,13,de:20 & im:19 & pr:11 & pr:4 & th:1 & va:9,"{'problem_analysis': 2, 'theoretical_insight': 1, 'design_rationale': 1}"
3330,13,de:9 & im:4 & pr:4 & pr:6 & th:11 & va:9,"{'problem_analysis': 2, 'design_rationale': 1, 'implementation_mechanism': 1}"
3331,13,de:14 & im:20 & pr:4 & pr:9 & va:20,"{'problem_analysis': 2, 'implementation_mechanism': 1, 'validation_evidence': 1}"
3332,13,pr:11 & pr:4 & th:12 & va:27,"{'problem_analysis': 2, 'theoretical_insight': 1, 'validation_evidence': 1}"
3333,13,de:37 & im:0 & pr:19 & pr:4 & pr:7 & th:6 & va:1,"{'problem_analysis': 3, 'validation_evidence': 1, 'design_rationale': 1}"
3334,13,de:1 & im:13 & im:18 & pr:0 & th:34 & va:26,"{'implementation_mechanism': 2, 'theoretical_insight': 1, 'design_rationale': 1}"
3335,13,de:31 & im:24 & pr:1 & th:13 & va:36,"{'theoretical_insight': 1, 'implementation_mechanism': 1, 'problem_analysis': 1}"
3336,13,de:20 & im:19 & pr:11 & pr:12 & th:12 & th:2 & va:9,"{'theoretical_insight': 2, 'problem_analysis': 2, 'design_rationale': 1}"
3337,13,de:16 & pr:11 & pr:12,"{'problem_analysis': 2, 'design_rationale': 1}"
3338,13,de:29 & im:10 & pr:11 & pr:39 & th:36 & va:0,"{'problem_analysis': 2, 'validation_evidence': 1, 'implementation_mechanism': 1}"
3339,13,de:14 & im:25 & pr:11 & pr:9 & th:26 & va:20,"{'problem_analysis': 2, 'implementation_mechanism': 1, 'validation_evidence': 1}"
3340,13,de:20 & im:7 & pr:11 & pr:4 & th:1 & va:9,"{'problem_analysis': 2, 'theoretical_insight': 1, 'design_rationale': 1}"
3341,13,de:32 & de:37 & im:3 & pr:1 & pr:11 & pr:16 & pr:19 & th:19 & th:28 & va:1,"{'problem_analysis': 4, 'design_rationale': 2, 'theoretical_insight': 2}"
3342,13,de:37 & im:3 & pr:11 & pr:16 & pr:19 & th:28 & va:35,"{'problem_analysis': 3, 'validation_evidence': 1, 'design_rationale': 1}"
3343,13,de:14 & im:20 & pr:27 & pr:9 & th:29 & va:19,"{'problem_analysis': 2, 'validation_evidence': 1, 'theoretical_insight': 1}"
3344,13,de:37 & im:1 & pr:23 & th:37 & va:17,"{'problem_analysis': 1, 'validation_evidence': 1, 'theoretical_insight': 1}"
3345,13,pr:12 & pr:4 & th:2,"{'problem_analysis': 2, 'theoretical_insight': 1}"
3346,13,de:15 & pr:4 & pr:6 & th:11 & va:32,"{'problem_analysis': 2, 'design_rationale': 1, 'theoretical_insight': 1}"
3347,13,de:37 & im:28 & pr:12 & pr:14 & pr:37 & pr:4 & th:30 & va:1,"{'problem_analysis': 4, 'theoretical_insight': 1, 'validation_evidence': 1}"
3348,13,de:37 & im:1 & pr:12 & pr:20 & pr:27 & th:6 & va:1,"{'problem_analysis': 3, 'validation_evidence': 1, 'implementation_mechanism': 1}"
3349,13,pr:12 & pr:27 & pr:3 & th:6,"{'problem_analysis': 3, 'theoretical_insight': 1}"
3350,13,de:22 & im:36 & pr:12 & pr:13 & pr:27 & th:4 & va:0,"{'problem_analysis': 3, 'design_rationale': 1, 'implementation_mechanism': 1}"
3351,13,de:6 & im:7 & pr:12 & pr:27 & pr:8 & th:34 & va:0,"{'problem_analysis': 3, 'design_rationale': 1, 'theoretical_insight': 1}"
3352,13,de:3 & im:16 & pr:39 & pr:4 & th:36 & va:7,"{'problem_analysis': 2, 'implementation_mechanism': 1, 'validation_evidence': 1}"
3353,13,de:8 & im:18 & pr:16 & pr:4 & th:27 & va:20,"{'problem_analysis': 2, 'implementation_mechanism': 1, 'design_rationale': 1}"
3354,13,im:28 & pr:12 & pr:27 & va:3,"{'problem_analysis': 2, 'implementation_mechanism': 1, 'validation_evidence': 1}"
3355,13,im:7 & pr:27 & pr:4 & va:28,"{'problem_analysis': 2, 'implementation_mechanism': 1, 'validation_evidence': 1}"
3356,13,de:6 & im:21 & pr:0 & pr:11 & th:1,"{'problem_analysis': 2, 'design_rationale': 1, 'theoretical_insight': 1}"
3357,13,de:28 & im:10 & pr:11 & pr:17 & th:4 & va:17,"{'problem_analysis': 2, 'design_rationale': 1, 'validation_evidence': 1}"
3358,13,de:3 & im:16 & pr:0 & pr:11 & th:1 & va:0,"{'problem_analysis': 2, 'implementation_mechanism': 1, 'theoretical_insight': 1}"
3359,13,de:22 & im:31 & pr:0 & pr:11 & th:1 & va:7,"{'problem_analysis': 2, 'design_rationale': 1, 'theoretical_insight': 1}"
3360,13,de:15 & im:4 & pr:21 & pr:6 & pr:9 & th:11 & th:14 & th:31 & va:10,"{'problem_analysis': 3, 'theoretical_insight': 3, 'validation_evidence': 1}"
3361,13,pr:11 & pr:6 & th:2,"{'problem_analysis': 2, 'theoretical_insight': 1}"
3362,13,de:16 & im:35 & pr:11 & pr:12 & th:2 & va:2,"{'problem_analysis': 2, 'theoretical_insight': 1, 'design_rationale': 1}"
3363,13,im:1 & pr:27 & pr:7 & th:6 & va:39,"{'problem_analysis': 2, 'validation_evidence': 1, 'implementation_mechanism': 1}"
3364,13,de:20 & im:19 & pr:11 & pr:6 & th:2,"{'problem_analysis': 2, 'theoretical_insight': 1, 'design_rationale': 1}"
3365,12,pr:32 & pr:6,{'problem_analysis': 2}
3366,12,de:17 & im:20 & pr:12 & pr:32 & th:12 & th:2 & va:3,"{'theoretical_insight': 2, 'problem_analysis': 2, 'design_rationale': 1}"
3367,12,de:1 & im:8 & pr:16 & pr:20 & pr:32 & th:6 & va:35,"{'problem_analysis': 3, 'implementation_mechanism': 1, 'validation_evidence': 1}"
3368,12,de:15 & im:4 & im:7 & pr:32 & pr:6 & th:12 & va:10,"{'problem_analysis': 2, 'implementation_mechanism': 2, 'theoretical_insight': 1}"
3369,12,de:3 & im:33 & pr:12 & pr:19 & pr:2 & pr:32 & th:34 & va:26,"{'problem_analysis': 4, 'theoretical_insight': 1, 'implementation_mechanism': 1}"
3370,12,de:9 & im:4 & pr:6 & pr:9 & th:12,"{'problem_analysis': 2, 'theoretical_insight': 1, 'implementation_mechanism': 1}"
3371,12,de:37 & im:1 & pr:19 & pr:9 & th:6 & va:37,"{'problem_analysis': 2, 'validation_evidence': 1, 'implementation_mechanism': 1}"
3372,12,de:9 & im:4 & pr:3 & pr:6 & pr:9 & th:11 & va:11,"{'problem_analysis': 3, 'design_rationale': 1, 'implementation_mechanism': 1}"
3373,12,de:7 & im:7 & pr:11 & pr:14 & pr:6 & pr:9 & th:12 & va:18,"{'problem_analysis': 4, 'theoretical_insight': 1, 'design_rationale': 1}"
3374,12,de:9 & im:19 & pr:6 & th:2 & va:9,"{'theoretical_insight': 1, 'problem_analysis': 1, 'design_rationale': 1}"
3375,12,pr:11 & pr:23 & th:12 & va:9,"{'problem_analysis': 2, 'theoretical_insight': 1, 'validation_evidence': 1}"
3376,12,im:9 & pr:0 & pr:23 & va:28,"{'problem_analysis': 2, 'implementation_mechanism': 1, 'validation_evidence': 1}"
3377,12,de:15 & im:4 & pr:23 & va:10,"{'problem_analysis': 1, 'validation_evidence': 1, 'design_rationale': 1}"
3378,12,de:13 & im:7 & pr:23 & pr:26 & va:30,"{'problem_analysis': 2, 'design_rationale': 1, 'validation_evidence': 1}"
3379,12,de:29 & im:12 & pr:0 & pr:23 & th:5 & va:0,"{'problem_analysis': 2, 'theoretical_insight': 1, 'validation_evidence': 1}"
3380,12,de:16 & im:1 & pr:23 & pr:31 & th:2 & va:17,"{'problem_analysis': 2, 'theoretical_insight': 1, 'design_rationale': 1}"
3381,12,de:37 & im:1 & pr:23 & pr:7 & th:6 & va:17,"{'problem_analysis': 2, 'validation_evidence': 1, 'implementation_mechanism': 1}"
3382,12,de:7 & im:14 & pr:23 & pr:4 & th:1 & va:28,"{'problem_analysis': 2, 'implementation_mechanism': 1, 'theoretical_insight': 1}"
3383,12,im:31 & pr:13 & pr:23 & th:4 & va:0,"{'problem_analysis': 2, 'validation_evidence': 1, 'implementation_mechanism': 1}"
3384,12,de:20 & im:20 & pr:23 & pr:9 & th:12 & va:9,"{'problem_analysis': 2, 'theoretical_insight': 1, 'design_rationale': 1}"
3385,12,de:37 & im:1 & pr:12 & pr:23 & th:6 & va:37,"{'problem_analysis': 2, 'validation_evidence': 1, 'implementation_mechanism': 1}"
3386,12,de:28 & im:9 & pr:23 & pr:7 & th:39 & va:0,"{'problem_analysis': 2, 'design_rationale': 1, 'validation_evidence': 1}"
3387,12,de:22 & im:31 & pr:13 & pr:23 & th:4 & va:7,"{'problem_analysis': 2, 'design_rationale': 1, 'validation_evidence': 1}"
3388,12,de:38 & im:7 & pr:23 & pr:5 & th:12 & va:0,"{'problem_analysis': 2, 'theoretical_insight': 1, 'validation_evidence': 1}"
3389,12,de:25 & im:34 & pr:23 & pr:32 & th:21 & va:33,"{'problem_analysis': 2, 'design_rationale': 1, 'validation_evidence': 1}"
3390,12,de:24 & im:2 & pr:13 & pr:23 & th:13 & va:7,"{'problem_analysis': 2, 'theoretical_insight': 1, 'validation_evidence': 1}"
3391,12,de:20 & im:7 & pr:23 & pr:4 & th:1 & va:9,"{'problem_analysis': 2, 'theoretical_insight': 1, 'design_rationale': 1}"
3392,12,de:28 & im:7 & pr:12 & pr:23 & th:12 & va:17 & va:28,"{'problem_analysis': 2, 'validation_evidence': 2, 'design_rationale': 1}"
3393,12,de:11 & im:10 & pr:11 & pr:19 & pr:23 & th:2 & va:15,"{'problem_analysis': 3, 'theoretical_insight': 1, 'implementation_mechanism': 1}"
3394,12,de:22 & im:31 & pr:13 & pr:33 & th:4 & va:7,"{'problem_analysis': 2, 'design_rationale': 1, 'validation_evidence': 1}"
3395,12,de:28 & im:7 & pr:6 & pr:7 & th:9 & va:32,"{'problem_analysis': 2, 'design_rationale': 1, 'validation_evidence': 1}"
3396,12,de:37 & im:1 & pr:7 & pr:9 & th:6 & va:17,"{'problem_analysis': 2, 'validation_evidence': 1, 'implementation_mechanism': 1}"
3397,12,de:15 & im:4 & pr:27 & pr:6 & pr:7 & th:12 & th:2 & va:10,"{'problem_analysis': 3, 'theoretical_insight': 2, 'implementation_mechanism': 1}"
3398,12,de:1 & im:1 & pr:13 & pr:19 & pr:7 & th:23 & va:4,"{'problem_analysis': 3, 'theoretical_insight': 1, 'design_rationale': 1}"
3399,12,de:37 & im:0 & pr:19 & pr:7 & th:6 & va:39,"{'problem_analysis': 2, 'validation_evidence': 1, 'design_rationale': 1}"
3400,12,de:15 & im:4 & pr:19 & pr:6 & pr:7 & th:11,"{'problem_analysis': 3, 'implementation_mechanism': 1, 'theoretical_insight': 1}"
3401,12,de:12 & im:20 & pr:5 & pr:9 & th:1 & va:12,"{'problem_analysis': 2, 'validation_evidence': 1, 'theoretical_insight': 1}"
3402,12,de:20 & im:19 & pr:24 & pr:9 & th:1 & va:30,"{'problem_analysis': 2, 'validation_evidence': 1, 'theoretical_insight': 1}"
3403,12,de:8 & im:1 & pr:10 & pr:16 & th:6 & va:10,"{'problem_analysis': 2, 'design_rationale': 1, 'implementation_mechanism': 1}"
3404,12,im:1 & pr:38 & pr:7 & th:6 & va:39,"{'problem_analysis': 2, 'validation_evidence': 1, 'implementation_mechanism': 1}"
3405,12,de:22 & im:1 & pr:12 & pr:13 & pr:33 & th:10 & va:12,"{'problem_analysis': 3, 'validation_evidence': 1, 'design_rationale': 1}"
3406,12,de:4 & im:31 & pr:12 & pr:3 & pr:33 & th:30 & va:38,"{'problem_analysis': 3, 'theoretical_insight': 1, 'validation_evidence': 1}"
3407,12,pr:12 & pr:17 & pr:19,{'problem_analysis': 3}
3408,12,pr:12 & pr:19 & pr:6,{'problem_analysis': 3}
3409,12,de:17 & im:20 & pr:9 & va:3,"{'design_rationale': 1, 'implementation_mechanism': 1, 'validation_evidence': 1}"
3410,12,de:37 & im:3 & pr:16 & pr:19 & pr:7 & th:28 & va:33,"{'problem_analysis': 3, 'validation_evidence': 1, 'design_rationale': 1}"
3411,12,de:5 & im:28 & pr:19 & pr:7 & th:6 & va:1,"{'problem_analysis': 2, 'validation_evidence': 1, 'implementation_mechanism': 1}"
3412,12,de:16 & im:1 & pr:12 & pr:23 & th:31 & va:39,"{'problem_analysis': 2, 'design_rationale': 1, 'validation_evidence': 1}"
3413,12,pr:18 & pr:6,{'problem_analysis': 2}
3414,12,de:15 & im:4 & pr:18 & pr:6 & th:11,"{'problem_analysis': 2, 'implementation_mechanism': 1, 'theoretical_insight': 1}"
3415,12,de:34 & im:10 & pr:10 & pr:18 & pr:19 & th:3 & va:4,"{'problem_analysis': 3, 'theoretical_insight': 1, 'implementation_mechanism': 1}"
3416,12,de:23 & im:27 & pr:18 & pr:22 & th:18 & va:22,"{'problem_analysis': 2, 'design_rationale': 1, 'implementation_mechanism': 1}"
3417,12,de:23 & im:27 & pr:18 & pr:22 & pr:28 & pr:31 & pr:6 & th:18 & th:33 & va:22,"{'problem_analysis': 5, 'theoretical_insight': 2, 'design_rationale': 1}"
3418,12,de:37 & im:1 & pr:18 & pr:7 & pr:9 & th:6 & va:17,"{'problem_analysis': 3, 'validation_evidence': 1, 'implementation_mechanism': 1}"
3419,12,de:1 & de:15 & im:4 & pr:13 & pr:18 & pr:19 & pr:6 & th:11 & th:23 & th:6 & va:9,"{'problem_analysis': 4, 'theoretical_insight': 3, 'design_rationale': 2}"
3420,12,de:15 & im:4 & pr:11 & pr:19 & th:11 & va:10,"{'problem_analysis': 2, 'implementation_mechanism': 1, 'theoretical_insight': 1}"
3421,12,de:28 & im:7 & pr:19 & pr:26 & th:5 & va:17,"{'problem_analysis': 2, 'design_rationale': 1, 'theoretical_insight': 1}"
3422,12,de:20 & im:4 & pr:11 & pr:4 & th:12,"{'problem_analysis': 2, 'theoretical_insight': 1, 'implementation_mechanism': 1}"
3423,12,de:15 & im:4 & pr:4 & pr:7 & th:2 & va:2,"{'problem_analysis': 2, 'theoretical_insight': 1, 'implementation_mechanism': 1}"
3424,12,de:1 & im:9 & pr:13 & pr:36 & pr:4 & th:6 & va:4,"{'problem_analysis': 3, 'implementation_mechanism': 1, 'design_rationale': 1}"
3425,12,pr:31 & pr:33 & th:16 & va:1,"{'problem_analysis': 2, 'validation_evidence': 1, 'theoretical_insight': 1}"
3426,12,de:32 & im:24 & pr:29 & pr:33 & th:24 & va:36,"{'problem_analysis': 2, 'implementation_mechanism': 1, 'design_rationale': 1}"
3427,12,de:17 & im:20 & pr:33 & pr:4 & th:12 & va:9,"{'problem_analysis': 2, 'design_rationale': 1, 'theoretical_insight': 1}"
3428,12,de:17 & im:19 & pr:33 & pr:4 & th:12 & va:9,"{'problem_analysis': 2, 'design_rationale': 1, 'theoretical_insight': 1}"
3429,12,im:31 & pr:13 & pr:33 & th:4 & va:7,"{'problem_analysis': 2, 'validation_evidence': 1, 'theoretical_insight': 1}"
3430,12,de:8 & im:13 & pr:13 & pr:33 & th:9 & va:1,"{'problem_analysis': 2, 'validation_evidence': 1, 'implementation_mechanism': 1}"
3431,12,de:0 & im:3 & pr:19 & pr:33 & th:7 & va:23,"{'problem_analysis': 2, 'theoretical_insight': 1, 'validation_evidence': 1}"
3432,12,im:13 & pr:2 & pr:33 & pr:39 & th:3 & va:36,"{'problem_analysis': 3, 'theoretical_insight': 1, 'implementation_mechanism': 1}"
3433,12,de:15 & im:7 & pr:33 & pr:4 & pr:5 & th:2 & va:9,"{'problem_analysis': 3, 'theoretical_insight': 1, 'validation_evidence': 1}"
3434,12,de:6 & im:10 & pr:33 & pr:35 & pr:5 & pr:8 & th:1 & va:12,"{'problem_analysis': 4, 'validation_evidence': 1, 'design_rationale': 1}"
3435,12,de:11 & im:10 & im:31 & pr:13 & pr:23 & pr:33 & th:25 & th:4 & va:1 & va:20,"{'problem_analysis': 3, 'validation_evidence': 2, 'theoretical_insight': 2}"
3436,12,de:14 & de:3 & im:16 & im:25 & pr:14 & pr:33 & pr:39 & th:26 & th:36 & va:20 & va:26,"{'problem_analysis': 3, 'implementation_mechanism': 2, 'theoretical_insight': 2}"
3437,12,pr:4 & pr:9 & va:28,"{'problem_analysis': 2, 'validation_evidence': 1}"
3438,12,pr:16 & pr:9,{'problem_analysis': 2}
3439,12,pr:19 & pr:9 & va:20,"{'problem_analysis': 2, 'validation_evidence': 1}"
3440,12,de:7 & im:4 & pr:6 & pr:9 & th:12 & va:10,"{'problem_analysis': 2, 'theoretical_insight': 1, 'implementation_mechanism': 1}"
3441,12,de:17 & im:20 & pr:12 & pr:9 & th:12 & th:2 & va:3,"{'theoretical_insight': 2, 'problem_analysis': 2, 'design_rationale': 1}"
3442,12,de:16 & im:4 & pr:27 & pr:31 & pr:7 & pr:9 & th:12,"{'problem_analysis': 4, 'design_rationale': 1, 'theoretical_insight': 1}"
3443,12,de:37 & im:28 & pr:27 & pr:7 & th:2 & va:1,"{'problem_analysis': 2, 'theoretical_insight': 1, 'validation_evidence': 1}"
3444,12,de:16 & im:4 & pr:27 & pr:6 & th:4 & va:10,"{'problem_analysis': 2, 'design_rationale': 1, 'implementation_mechanism': 1}"
3445,12,de:0 & im:30 & pr:18 & pr:27 & th:23 & va:4,"{'problem_analysis': 2, 'theoretical_insight': 1, 'implementation_mechanism': 1}"
3446,12,de:28 & im:19 & pr:27 & pr:4 & th:12 & va:30,"{'problem_analysis': 2, 'design_rationale': 1, 'theoretical_insight': 1}"
3447,12,de:23 & im:7 & pr:22 & pr:27 & pr:4 & th:18 & va:30,"{'problem_analysis': 3, 'design_rationale': 1, 'implementation_mechanism': 1}"
3448,12,de:23 & im:27 & pr:22 & pr:27 & pr:4 & pr:5 & th:18 & va:22,"{'problem_analysis': 4, 'design_rationale': 1, 'implementation_mechanism': 1}"
3449,12,de:15 & im:4 & pr:12 & pr:14 & pr:37 & pr:6 & th:11 & th:30 & va:32,"{'problem_analysis': 4, 'theoretical_insight': 2, 'implementation_mechanism': 1}"
3450,12,de:16 & pr:12 & pr:16,"{'problem_analysis': 2, 'design_rationale': 1}"
3451,12,de:37 & im:28 & pr:16 & pr:20 & th:38,"{'problem_analysis': 2, 'implementation_mechanism': 1, 'theoretical_insight': 1}"
3452,12,de:16 & im:10 & pr:16 & pr:27 & th:12,"{'problem_analysis': 2, 'design_rationale': 1, 'theoretical_insight': 1}"
3453,12,de:28 & im:9 & pr:16 & pr:7 & th:39 & va:0,"{'problem_analysis': 2, 'design_rationale': 1, 'validation_evidence': 1}"
3454,12,de:29 & im:10 & pr:16 & pr:5 & th:8 & va:12,"{'problem_analysis': 2, 'validation_evidence': 1, 'implementation_mechanism': 1}"
3455,12,de:7 & im:7 & pr:16 & pr:39 & th:5 & va:0,"{'problem_analysis': 2, 'theoretical_insight': 1, 'validation_evidence': 1}"
3456,12,de:20 & im:19 & pr:16 & pr:27 & th:12 & va:9,"{'problem_analysis': 2, 'theoretical_insight': 1, 'design_rationale': 1}"
3457,12,de:3 & im:16 & pr:16 & pr:38 & th:12 & va:26,"{'problem_analysis': 2, 'theoretical_insight': 1, 'implementation_mechanism': 1}"
3458,12,de:15 & im:10 & pr:16 & pr:6 & th:11 & va:10,"{'problem_analysis': 2, 'theoretical_insight': 1, 'implementation_mechanism': 1}"
3459,12,de:22 & im:31 & pr:16 & pr:3 & pr:6 & th:4 & va:18,"{'problem_analysis': 3, 'design_rationale': 1, 'implementation_mechanism': 1}"
3460,12,pr:12 & pr:13 & pr:3 & th:6,"{'problem_analysis': 3, 'theoretical_insight': 1}"
3461,12,de:16 & im:1 & pr:21 & pr:9 & th:31 & va:39,"{'problem_analysis': 2, 'design_rationale': 1, 'validation_evidence': 1}"
3462,12,de:15 & de:37 & im:4 & pr:19 & pr:6 & pr:7 & th:11 & th:6 & va:9,"{'problem_analysis': 3, 'theoretical_insight': 2, 'design_rationale': 2}"
3463,12,de:23 & pr:22 & pr:28 & pr:31 & pr:6 & th:33,"{'problem_analysis': 4, 'design_rationale': 1, 'theoretical_insight': 1}"
3464,12,de:22 & im:26 & pr:13 & pr:33 & th:4 & va:7,"{'problem_analysis': 2, 'design_rationale': 1, 'validation_evidence': 1}"
3465,12,de:37 & im:1 & pr:19 & pr:33 & th:6 & va:24,"{'problem_analysis': 2, 'validation_evidence': 1, 'implementation_mechanism': 1}"
3466,12,de:37 & im:28 & pr:12 & pr:14 & pr:33 & pr:37 & th:30 & va:1,"{'problem_analysis': 4, 'theoretical_insight': 1, 'validation_evidence': 1}"
3467,12,de:22 & de:6 & im:21 & im:31 & pr:13 & pr:30 & pr:33 & pr:5 & th:1 & th:4 & va:15 & va:30 & va:7,"{'problem_analysis': 4, 'validation_evidence': 3, 'design_rationale': 2}"
3468,12,de:16 & im:1 & pr:12 & pr:16 & th:31 & va:39,"{'problem_analysis': 2, 'design_rationale': 1, 'validation_evidence': 1}"
3469,12,de:15 & im:4 & pr:12 & pr:16 & th:2 & va:10,"{'problem_analysis': 2, 'theoretical_insight': 1, 'implementation_mechanism': 1}"
3470,12,de:7 & im:4 & pr:16 & pr:6 & th:12 & va:10,"{'problem_analysis': 2, 'theoretical_insight': 1, 'implementation_mechanism': 1}"
3471,12,de:28 & im:7 & pr:16 & pr:6 & th:9 & va:32,"{'problem_analysis': 2, 'design_rationale': 1, 'validation_evidence': 1}"
3472,12,de:37 & im:1 & pr:12 & pr:16 & th:6 & va:1,"{'problem_analysis': 2, 'validation_evidence': 1, 'implementation_mechanism': 1}"
3473,12,de:29 & im:16 & pr:16 & pr:39 & th:36 & va:26,"{'problem_analysis': 2, 'implementation_mechanism': 1, 'design_rationale': 1}"
3474,12,de:12 & im:20 & pr:16 & pr:9 & th:1 & va:12,"{'problem_analysis': 2, 'validation_evidence': 1, 'theoretical_insight': 1}"
3475,12,de:20 & im:19 & pr:16 & pr:35 & th:12 & va:2,"{'problem_analysis': 2, 'theoretical_insight': 1, 'design_rationale': 1}"
3476,12,de:15 & im:4 & pr:16 & pr:6 & th:1 & va:10,"{'problem_analysis': 2, 'theoretical_insight': 1, 'implementation_mechanism': 1}"
3477,12,de:15 & im:4 & pr:16 & pr:27 & pr:6 & th:12 & th:2 & va:10,"{'problem_analysis': 3, 'theoretical_insight': 2, 'implementation_mechanism': 1}"
3478,12,de:15 & im:4 & im:7 & pr:16 & pr:6 & th:12 & va:10,"{'problem_analysis': 2, 'implementation_mechanism': 2, 'theoretical_insight': 1}"
3479,12,de:37 & im:1 & pr:12 & pr:19 & th:6 & va:37,"{'problem_analysis': 2, 'validation_evidence': 1, 'implementation_mechanism': 1}"
3480,12,pr:19 & pr:27 & pr:9 & th:16 & va:15,"{'problem_analysis': 3, 'validation_evidence': 1, 'theoretical_insight': 1}"
3481,12,de:17 & im:20 & pr:19 & pr:27 & pr:9 & th:16 & th:37 & va:17,"{'problem_analysis': 3, 'theoretical_insight': 2, 'design_rationale': 1}"
3482,12,de:16 & pr:12 & pr:31,"{'problem_analysis': 2, 'design_rationale': 1}"
3483,12,de:16 & im:10 & pr:27 & pr:31 & th:12,"{'problem_analysis': 2, 'design_rationale': 1, 'theoretical_insight': 1}"
3484,12,de:28 & im:7 & pr:19 & pr:31 & th:1 & va:28,"{'problem_analysis': 2, 'design_rationale': 1, 'theoretical_insight': 1}"
3485,12,de:0 & im:30 & pr:18 & pr:31 & th:23 & va:4,"{'problem_analysis': 2, 'theoretical_insight': 1, 'implementation_mechanism': 1}"
3486,12,de:16 & im:35 & pr:12 & pr:31 & th:2 & va:2,"{'problem_analysis': 2, 'theoretical_insight': 1, 'design_rationale': 1}"
3487,12,de:25 & im:34 & pr:31 & pr:6 & th:12,"{'problem_analysis': 2, 'theoretical_insight': 1, 'design_rationale': 1}"
3488,12,de:9 & im:4 & pr:31 & pr:6 & th:11 & va:9,"{'problem_analysis': 2, 'design_rationale': 1, 'implementation_mechanism': 1}"
3489,12,de:22 & im:31 & pr:3 & pr:31 & th:4 & va:7,"{'problem_analysis': 2, 'design_rationale': 1, 'validation_evidence': 1}"
3490,12,de:16 & im:4 & pr:31 & pr:7 & th:37 & va:2,"{'problem_analysis': 2, 'design_rationale': 1, 'implementation_mechanism': 1}"
3491,12,de:28 & im:10 & pr:17 & pr:31 & th:4 & va:17,"{'problem_analysis': 2, 'design_rationale': 1, 'validation_evidence': 1}"
3492,12,de:8 & im:3 & pr:16 & pr:31 & th:13 & va:1,"{'problem_analysis': 2, 'theoretical_insight': 1, 'validation_evidence': 1}"
3493,12,im:31 & pr:13 & pr:31 & th:4 & va:7,"{'problem_analysis': 2, 'validation_evidence': 1, 'theoretical_insight': 1}"
3494,12,de:16 & im:1 & pr:31 & pr:9 & th:14 & va:37,"{'problem_analysis': 2, 'design_rationale': 1, 'validation_evidence': 1}"
3495,12,de:15 & im:10 & pr:31 & pr:6 & th:11 & va:10,"{'problem_analysis': 2, 'theoretical_insight': 1, 'implementation_mechanism': 1}"
3496,12,de:9 & im:4 & pr:31 & pr:6 & th:12 & va:10,"{'problem_analysis': 2, 'theoretical_insight': 1, 'implementation_mechanism': 1}"
3497,12,de:9 & im:19 & pr:31 & pr:6 & th:12 & va:10,"{'problem_analysis': 2, 'theoretical_insight': 1, 'design_rationale': 1}"
3498,12,de:17 & im:7 & pr:11 & pr:27 & pr:31 & th:12 & va:9,"{'problem_analysis': 3, 'design_rationale': 1, 'theoretical_insight': 1}"
3499,12,de:15 & im:7 & pr:31 & pr:6 & th:12 & va:10,"{'problem_analysis': 2, 'theoretical_insight': 1, 'validation_evidence': 1}"
3500,12,de:22 & im:31 & pr:3 & pr:31 & pr:6 & th:4 & va:18,"{'problem_analysis': 3, 'design_rationale': 1, 'implementation_mechanism': 1}"
3501,12,de:1 & im:9 & pr:13 & pr:19 & pr:31 & th:6 & va:4,"{'problem_analysis': 3, 'implementation_mechanism': 1, 'design_rationale': 1}"
3502,12,de:24 & im:2 & pr:13 & pr:31 & th:13 & va:7,"{'problem_analysis': 2, 'theoretical_insight': 1, 'validation_evidence': 1}"
3503,12,de:15 & im:19 & pr:27 & pr:31 & pr:6 & th:12 & va:32,"{'problem_analysis': 3, 'theoretical_insight': 1, 'implementation_mechanism': 1}"
3504,12,de:3 & im:16 & pr:13 & pr:3 & pr:31 & th:15 & va:13,"{'problem_analysis': 3, 'implementation_mechanism': 1, 'design_rationale': 1}"
3505,12,de:10 & im:24 & pr:13 & pr:28 & pr:31 & th:10 & va:36,"{'problem_analysis': 3, 'theoretical_insight': 1, 'design_rationale': 1}"
3506,12,de:6 & im:11 & pr:13 & pr:31 & pr:5 & th:1 & va:4,"{'problem_analysis': 3, 'design_rationale': 1, 'theoretical_insight': 1}"
3507,12,de:16 & im:38 & pr:31 & pr:6 & th:12 & th:26 & th:9 & va:2,"{'theoretical_insight': 3, 'problem_analysis': 2, 'implementation_mechanism': 1}"
3508,12,de:34 & im:10 & pr:10 & pr:19 & pr:3 & th:3 & va:4,"{'problem_analysis': 3, 'theoretical_insight': 1, 'implementation_mechanism': 1}"
3509,12,de:3 & im:16 & pr:19 & pr:39 & pr:7 & th:36 & va:0,"{'problem_analysis': 3, 'implementation_mechanism': 1, 'validation_evidence': 1}"
3510,12,de:15 & im:4 & pr:31 & pr:4 & th:2 & va:32,"{'problem_analysis': 2, 'theoretical_insight': 1, 'implementation_mechanism': 1}"
3511,12,de:22 & im:31 & pr:31 & pr:4 & th:2,"{'problem_analysis': 2, 'theoretical_insight': 1, 'design_rationale': 1}"
3512,12,de:22 & im:31 & pr:31 & pr:4 & th:2 & va:4,"{'problem_analysis': 2, 'theoretical_insight': 1, 'design_rationale': 1}"
3513,12,de:11 & im:38 & pr:6 & pr:9 & th:14 & th:26 & th:9 & va:2,"{'theoretical_insight': 3, 'problem_analysis': 2, 'implementation_mechanism': 1}"
3514,12,de:16 & im:4 & pr:26,"{'implementation_mechanism': 1, 'design_rationale': 1, 'problem_analysis': 1}"
3515,12,de:3 & im:16 & pr:26 & pr:7 & va:0,"{'problem_analysis': 2, 'implementation_mechanism': 1, 'validation_evidence': 1}"
3516,12,de:16 & im:31 & pr:12 & pr:26 & th:4,"{'problem_analysis': 2, 'design_rationale': 1, 'theoretical_insight': 1}"
3517,12,de:15 & im:4 & pr:13 & pr:26 & th:4 & va:12,"{'problem_analysis': 2, 'validation_evidence': 1, 'implementation_mechanism': 1}"
3518,12,de:15 & im:4 & pr:26 & pr:31 & th:12 & va:10,"{'problem_analysis': 2, 'theoretical_insight': 1, 'implementation_mechanism': 1}"
3519,12,de:20 & im:4 & pr:11 & pr:26 & th:12,"{'problem_analysis': 2, 'theoretical_insight': 1, 'implementation_mechanism': 1}"
3520,12,de:9 & im:4 & pr:26 & pr:6 & th:12,"{'problem_analysis': 2, 'theoretical_insight': 1, 'implementation_mechanism': 1}"
3521,12,de:17 & im:4 & pr:26 & pr:6 & th:12 & va:9,"{'problem_analysis': 2, 'design_rationale': 1, 'theoretical_insight': 1}"
3522,12,de:13 & im:1 & pr:26 & pr:7 & th:37 & va:39,"{'problem_analysis': 2, 'design_rationale': 1, 'validation_evidence': 1}"
3523,12,de:29 & im:10 & pr:19 & pr:26 & th:5 & va:1,"{'problem_analysis': 2, 'validation_evidence': 1, 'theoretical_insight': 1}"
3524,12,de:23 & im:38 & pr:26 & pr:6 & th:12 & va:2,"{'problem_analysis': 2, 'implementation_mechanism': 1, 'design_rationale': 1}"
3525,12,de:16 & im:1 & pr:26 & pr:9 & th:14 & va:37,"{'problem_analysis': 2, 'design_rationale': 1, 'validation_evidence': 1}"
3526,12,de:16 & im:4 & pr:26 & pr:27 & pr:31 & pr:7 & th:12,"{'problem_analysis': 4, 'design_rationale': 1, 'theoretical_insight': 1}"
3527,12,de:14 & im:25 & pr:14 & pr:26 & va:20,"{'problem_analysis': 2, 'implementation_mechanism': 1, 'validation_evidence': 1}"
3528,12,de:11 & pr:26 & pr:9 & th:14 & th:2 & va:2,"{'theoretical_insight': 2, 'problem_analysis': 2, 'design_rationale': 1}"
3529,12,de:37 & im:8 & pr:19 & pr:26 & th:28 & va:1,"{'problem_analysis': 2, 'implementation_mechanism': 1, 'validation_evidence': 1}"
3530,12,de:9 & im:4 & pr:26 & pr:3 & pr:6 & th:11 & va:11,"{'problem_analysis': 3, 'design_rationale': 1, 'implementation_mechanism': 1}"
3531,12,de:22 & im:1 & pr:13 & pr:26 & pr:33 & th:10 & va:12,"{'problem_analysis': 3, 'validation_evidence': 1, 'design_rationale': 1}"
3532,12,de:4 & im:31 & pr:26 & pr:3 & pr:33 & th:30 & va:38,"{'problem_analysis': 3, 'theoretical_insight': 1, 'validation_evidence': 1}"
3533,12,de:11 & im:10 & pr:11 & pr:19 & pr:26 & th:2 & va:15,"{'problem_analysis': 3, 'theoretical_insight': 1, 'implementation_mechanism': 1}"
3534,12,de:7 & im:7 & pr:11 & pr:14 & pr:26 & pr:6 & th:12 & va:18,"{'problem_analysis': 4, 'theoretical_insight': 1, 'design_rationale': 1}"
3535,12,de:18 & im:0 & pr:19 & pr:26 & pr:7 & th:7 & va:35,"{'problem_analysis': 3, 'design_rationale': 1, 'theoretical_insight': 1}"
3536,12,de:37 & im:28 & pr:12 & pr:14 & pr:26 & pr:37 & th:30 & va:1,"{'problem_analysis': 4, 'theoretical_insight': 1, 'validation_evidence': 1}"
3537,12,de:8 & im:0 & pr:18 & va:1,"{'validation_evidence': 1, 'design_rationale': 1, 'problem_analysis': 1}"
3538,12,de:16 & im:19 & pr:12 & pr:27 & th:12 & va:9,"{'problem_analysis': 2, 'design_rationale': 1, 'theoretical_insight': 1}"
3539,12,de:22 & im:26 & pr:12 & pr:13 & th:4 & va:7,"{'problem_analysis': 2, 'design_rationale': 1, 'validation_evidence': 1}"
3540,12,de:15 & im:19 & pr:12 & pr:35 & th:12 & va:30,"{'problem_analysis': 2, 'theoretical_insight': 1, 'validation_evidence': 1}"
3541,12,de:22 & de:6 & im:21 & im:31 & pr:12 & pr:13 & pr:30 & pr:5 & th:1 & th:4 & va:15 & va:30 & va:7,"{'problem_analysis': 4, 'validation_evidence': 3, 'design_rationale': 2}"
3542,12,de:37 & im:1 & pr:12 & pr:23 & pr:39 & th:6 & va:17 & va:38,"{'problem_analysis': 3, 'validation_evidence': 2, 'implementation_mechanism': 1}"
3543,12,de:34 & im:10 & pr:10 & pr:19 & pr:23 & pr:39 & th:3 & va:38 & va:4,"{'problem_analysis': 4, 'validation_evidence': 2, 'theoretical_insight': 1}"
3544,12,de:9 & im:4 & pr:12 & pr:23 & pr:39 & pr:6 & th:12 & va:38 & va:9,"{'problem_analysis': 4, 'validation_evidence': 2, 'theoretical_insight': 1}"
3545,12,de:23 & im:27 & pr:12 & pr:22 & pr:23 & pr:28 & pr:31 & pr:39 & pr:6 & th:18 & th:33 & va:22 & va:38,"{'problem_analysis': 7, 'validation_evidence': 2, 'theoretical_insight': 2}"
3546,12,pr:12 & pr:22,{'problem_analysis': 2}
3547,12,de:20 & im:19 & pr:22 & pr:27 & th:12,"{'problem_analysis': 2, 'theoretical_insight': 1, 'design_rationale': 1}"
3548,12,de:22 & im:31 & pr:22 & pr:3 & th:4 & va:7,"{'problem_analysis': 2, 'design_rationale': 1, 'validation_evidence': 1}"
3549,12,de:29 & im:16 & pr:22 & pr:39 & th:36 & va:26,"{'problem_analysis': 2, 'implementation_mechanism': 1, 'design_rationale': 1}"
3550,12,de:13 & im:1 & pr:19 & pr:22 & th:0 & va:15,"{'problem_analysis': 2, 'design_rationale': 1, 'validation_evidence': 1}"
3551,12,de:15 & im:4 & pr:12 & pr:22 & th:2 & va:9,"{'problem_analysis': 2, 'theoretical_insight': 1, 'implementation_mechanism': 1}"
3552,12,de:15 & im:19 & pr:22 & pr:35 & th:12 & va:30,"{'problem_analysis': 2, 'theoretical_insight': 1, 'validation_evidence': 1}"
3553,12,de:32 & de:37 & im:3 & pr:1 & pr:16 & pr:19 & pr:22 & th:19 & th:28 & va:1,"{'problem_analysis': 4, 'design_rationale': 2, 'theoretical_insight': 2}"
3554,12,de:37 & im:3 & pr:16 & pr:19 & pr:22 & th:28 & va:35,"{'problem_analysis': 3, 'validation_evidence': 1, 'design_rationale': 1}"
3555,12,de:37 & im:1 & pr:16 & pr:19 & pr:25 & th:1 & th:33 & va:17 & va:39,"{'problem_analysis': 3, 'theoretical_insight': 2, 'validation_evidence': 2}"
3556,12,de:16 & de:37 & de:9 & im:1 & im:35 & im:4 & pr:11 & pr:25 & pr:27 & th:1 & th:12 & th:2 & va:39 & va:9,"{'theoretical_insight': 3, 'design_rationale': 3, 'problem_analysis': 3}"
3557,12,de:37 & im:1 & pr:12 & pr:19 & pr:25 & th:1 & th:33 & th:6 & va:15 & va:17 & va:39,"{'problem_analysis': 3, 'theoretical_insight': 3, 'validation_evidence': 3}"
3558,12,de:11 & de:16 & de:37 & im:1 & im:38 & pr:25 & pr:6 & pr:9 & th:1 & th:2 & th:26 & th:9 & va:2 & va:39,"{'theoretical_insight': 4, 'design_rationale': 3, 'problem_analysis': 3}"
3559,12,de:22 & im:31 & pr:23 & th:4,"{'problem_analysis': 1, 'design_rationale': 1, 'theoretical_insight': 1}"
3560,12,de:13 & im:1 & pr:19 & pr:4 & th:0 & va:15,"{'problem_analysis': 2, 'design_rationale': 1, 'validation_evidence': 1}"
3561,12,de:5 & im:1 & pr:4 & pr:7 & th:37 & va:39,"{'problem_analysis': 2, 'validation_evidence': 1, 'design_rationale': 1}"
3562,12,de:37 & im:1 & pr:12 & pr:4 & th:6 & va:37,"{'problem_analysis': 2, 'validation_evidence': 1, 'implementation_mechanism': 1}"
3563,12,de:15 & im:7 & pr:4 & pr:6 & th:12 & va:10,"{'problem_analysis': 2, 'theoretical_insight': 1, 'validation_evidence': 1}"
3564,12,de:29 & im:29 & pr:19 & pr:2 & pr:4 & th:29 & va:8,"{'problem_analysis': 3, 'theoretical_insight': 1, 'validation_evidence': 1}"
3565,12,de:15 & im:4 & im:7 & pr:4 & pr:6 & th:12,"{'problem_analysis': 2, 'implementation_mechanism': 2, 'theoretical_insight': 1}"
3566,12,de:15 & im:4 & im:7 & pr:4 & pr:6 & th:11 & th:12 & va:10,"{'problem_analysis': 2, 'theoretical_insight': 2, 'implementation_mechanism': 2}"
3567,12,im:31 & pr:13 & pr:7 & th:37 & th:4,"{'problem_analysis': 2, 'theoretical_insight': 2, 'implementation_mechanism': 1}"
3568,12,de:15 & im:4 & pr:6 & pr:7 & th:11 & th:37 & va:32,"{'problem_analysis': 2, 'theoretical_insight': 2, 'implementation_mechanism': 1}"
3569,12,de:34 & im:10 & pr:10 & pr:12 & pr:19 & pr:7 & pr:9 & th:3 & va:4,"{'problem_analysis': 5, 'theoretical_insight': 1, 'implementation_mechanism': 1}"
3570,12,de:23 & im:27 & pr:12 & pr:22 & pr:28 & pr:31 & pr:6 & pr:7 & pr:9 & th:18 & th:33 & va:22,"{'problem_analysis': 7, 'theoretical_insight': 2, 'design_rationale': 1}"
3571,12,de:37 & pr:16 & pr:19 & th:28,"{'problem_analysis': 2, 'design_rationale': 1, 'theoretical_insight': 1}"
3572,12,de:37 & im:1 & pr:16 & pr:18 & pr:19 & th:28 & th:6 & va:17,"{'problem_analysis': 3, 'theoretical_insight': 2, 'validation_evidence': 1}"
3573,12,de:3 & de:37 & im:16 & pr:16 & pr:19 & pr:39 & th:28 & th:36 & va:26,"{'problem_analysis': 3, 'design_rationale': 2, 'theoretical_insight': 2}"
3574,12,de:15 & de:37 & im:4 & pr:16 & pr:19 & pr:6 & th:11 & th:28 & va:9,"{'problem_analysis': 3, 'design_rationale': 2, 'theoretical_insight': 2}"
3575,12,de:37 & im:1 & pr:12 & pr:16 & th:6 & va:39,"{'problem_analysis': 2, 'validation_evidence': 1, 'implementation_mechanism': 1}"
3576,12,de:18 & im:8 & pr:16 & pr:19 & th:8 & va:20,"{'problem_analysis': 2, 'implementation_mechanism': 1, 'design_rationale': 1}"
3577,12,de:3 & im:16 & pr:0 & pr:2 & pr:39 & th:34 & th:36 & va:26,"{'problem_analysis': 3, 'theoretical_insight': 2, 'implementation_mechanism': 1}"
3578,12,im:31 & pr:11 & pr:12 & pr:13 & th:2 & th:4,"{'problem_analysis': 3, 'theoretical_insight': 2, 'implementation_mechanism': 1}"
3579,12,de:15 & im:4 & pr:11 & pr:12 & pr:31 & th:2 & th:9 & va:10,"{'problem_analysis': 3, 'theoretical_insight': 2, 'design_rationale': 1}"
3580,12,pr:11 & pr:12 & pr:19 & th:2 & va:20,"{'problem_analysis': 3, 'theoretical_insight': 1, 'validation_evidence': 1}"
3581,12,de:3 & im:16 & pr:11 & pr:12 & pr:39 & th:2 & th:36 & va:0,"{'problem_analysis': 3, 'theoretical_insight': 2, 'implementation_mechanism': 1}"
3582,12,de:20 & de:28 & im:19 & pr:11 & pr:12 & pr:24 & th:2 & va:30,"{'problem_analysis': 3, 'design_rationale': 2, 'theoretical_insight': 1}"
3583,12,de:23 & im:27 & pr:11 & pr:12 & pr:22 & th:18 & th:2 & va:22,"{'problem_analysis': 3, 'theoretical_insight': 2, 'design_rationale': 1}"
3584,12,de:11 & im:38 & pr:11 & pr:12 & pr:6 & th:2 & th:26 & th:9 & va:2,"{'theoretical_insight': 3, 'problem_analysis': 3, 'implementation_mechanism': 1}"
3585,12,de:15 & im:7 & pr:11 & pr:6 & th:11 & va:9,"{'problem_analysis': 2, 'theoretical_insight': 1, 'validation_evidence': 1}"
3586,12,de:37 & im:1 & pr:11 & pr:12 & pr:20 & th:6 & va:1,"{'problem_analysis': 3, 'validation_evidence': 1, 'implementation_mechanism': 1}"
3587,12,de:37 & im:1 & pr:11 & pr:9 & th:6 & va:17,"{'problem_analysis': 2, 'validation_evidence': 1, 'implementation_mechanism': 1}"
3588,12,de:14 & im:25 & pr:27 & pr:9 & th:26 & va:20,"{'problem_analysis': 2, 'implementation_mechanism': 1, 'validation_evidence': 1}"
3589,12,de:14 & im:20 & pr:11 & pr:9 & va:20,"{'problem_analysis': 2, 'implementation_mechanism': 1, 'validation_evidence': 1}"
3590,12,pr:16 & pr:28 & pr:31 & pr:6 & th:33,"{'problem_analysis': 4, 'theoretical_insight': 1}"
3591,12,de:15 & im:4 & pr:28 & pr:31 & pr:6 & th:33 & va:10,"{'problem_analysis': 3, 'validation_evidence': 1, 'implementation_mechanism': 1}"
3592,12,de:16 & im:1 & pr:12 & pr:28 & pr:31 & pr:6 & th:31 & th:33 & va:39,"{'problem_analysis': 4, 'theoretical_insight': 2, 'design_rationale': 1}"
3593,12,de:11 & im:9 & pr:28 & pr:31 & pr:33 & pr:6 & th:33 & th:35 & va:15,"{'problem_analysis': 4, 'theoretical_insight': 2, 'implementation_mechanism': 1}"
3594,12,de:20 & de:28 & im:19 & pr:12 & pr:24 & pr:28 & pr:31 & pr:6 & th:33 & va:30,"{'problem_analysis': 5, 'design_rationale': 2, 'validation_evidence': 1}"
3595,12,de:17 & im:20 & pr:12 & pr:28 & pr:31 & pr:6 & th:12 & th:2 & th:33 & va:3,"{'problem_analysis': 4, 'theoretical_insight': 3, 'design_rationale': 1}"
3596,12,de:15 & im:4 & pr:27 & pr:28 & pr:31 & pr:6 & th:12 & th:2 & th:33 & va:10,"{'problem_analysis': 4, 'theoretical_insight': 3, 'validation_evidence': 1}"
3597,12,de:29 & de:3 & im:16 & im:29 & pr:0 & pr:39 & th:34 & th:36 & va:26,"{'implementation_mechanism': 2, 'theoretical_insight': 2, 'design_rationale': 2}"
3598,12,de:37 & im:1 & pr:12 & pr:27 & th:2 & va:1,"{'problem_analysis': 2, 'theoretical_insight': 1, 'validation_evidence': 1}"
3599,12,de:15 & im:4 & pr:27 & pr:6 & th:12 & va:32,"{'problem_analysis': 2, 'theoretical_insight': 1, 'implementation_mechanism': 1}"
3600,12,pr:11 & pr:27 & th:12 & va:27,"{'problem_analysis': 2, 'theoretical_insight': 1, 'validation_evidence': 1}"
3601,12,de:9 & im:4 & pr:27 & pr:6 & th:12 & va:10,"{'problem_analysis': 2, 'theoretical_insight': 1, 'implementation_mechanism': 1}"
3602,12,de:9 & im:19 & pr:27 & pr:6 & th:12 & va:10,"{'problem_analysis': 2, 'theoretical_insight': 1, 'design_rationale': 1}"
3603,12,de:9 & im:22 & pr:12 & pr:22 & pr:27 & th:33 & va:33,"{'problem_analysis': 3, 'implementation_mechanism': 1, 'design_rationale': 1}"
3604,12,de:25 & im:34 & pr:26 & pr:27 & th:22 & va:33,"{'problem_analysis': 2, 'design_rationale': 1, 'validation_evidence': 1}"
3605,12,de:1 & im:9 & pr:13 & pr:19 & pr:27 & th:6 & va:4,"{'problem_analysis': 3, 'implementation_mechanism': 1, 'design_rationale': 1}"
3606,12,de:16 & de:38 & im:7 & pr:26 & pr:27 & th:2 & va:18,"{'design_rationale': 2, 'problem_analysis': 2, 'theoretical_insight': 1}"
3607,12,im:1 & pr:13 & pr:6 & pr:7 & th:6 & va:39,"{'problem_analysis': 3, 'validation_evidence': 1, 'implementation_mechanism': 1}"
3608,12,pr:39 & pr:4,{'problem_analysis': 2}
3609,12,de:28 & im:19 & pr:11 & pr:4 & th:12 & va:30,"{'problem_analysis': 2, 'design_rationale': 1, 'theoretical_insight': 1}"
3610,12,de:16 & de:20 & pr:11 & pr:12 & th:12 & th:2,"{'theoretical_insight': 2, 'design_rationale': 2, 'problem_analysis': 2}"
3611,12,de:16 & de:20 & pr:11 & pr:12 & pr:6 & th:12 & th:2,"{'problem_analysis': 3, 'theoretical_insight': 2, 'design_rationale': 2}"
3612,12,de:11 & de:16 & de:20 & im:38 & pr:11 & pr:12 & pr:6 & th:12 & th:2 & th:26 & th:9 & va:2,"{'theoretical_insight': 4, 'design_rationale': 3, 'problem_analysis': 3}"
3613,12,pr:12 & pr:19 & pr:4 & va:20,"{'problem_analysis': 3, 'validation_evidence': 1}"
3614,12,de:3 & im:33 & pr:12 & pr:19 & pr:2 & pr:4 & th:34 & va:26,"{'problem_analysis': 4, 'theoretical_insight': 1, 'implementation_mechanism': 1}"
3615,12,de:14 & im:20 & pr:11 & pr:9 & th:8 & va:19,"{'problem_analysis': 2, 'validation_evidence': 1, 'theoretical_insight': 1}"
3616,12,de:0 & im:3 & pr:11 & pr:19 & th:7 & va:23,"{'problem_analysis': 2, 'theoretical_insight': 1, 'validation_evidence': 1}"
3617,12,de:1 & im:8 & pr:12 & pr:16 & pr:20 & th:6 & va:35,"{'problem_analysis': 3, 'implementation_mechanism': 1, 'validation_evidence': 1}"
3618,12,de:1 & im:1 & pr:13 & pr:19 & pr:4 & th:23 & va:4,"{'problem_analysis': 3, 'theoretical_insight': 1, 'design_rationale': 1}"
3619,12,pr:11 & pr:14 & pr:6,{'problem_analysis': 3}
3620,12,im:31 & pr:11 & pr:13 & pr:14 & pr:6 & th:4,"{'problem_analysis': 4, 'implementation_mechanism': 1, 'theoretical_insight': 1}"
3621,12,de:13 & im:1 & pr:11 & pr:14 & pr:6 & pr:7 & th:37 & va:17,"{'problem_analysis': 4, 'design_rationale': 1, 'validation_evidence': 1}"
3622,12,de:3 & im:16 & pr:11 & pr:14 & pr:39 & pr:6 & th:36 & va:0,"{'problem_analysis': 4, 'implementation_mechanism': 1, 'validation_evidence': 1}"
3623,12,de:9 & im:35 & pr:11 & pr:14 & pr:6 & th:2 & va:9,"{'problem_analysis': 3, 'theoretical_insight': 1, 'design_rationale': 1}"
3624,12,pr:11 & pr:14 & pr:19 & pr:6 & va:20,"{'problem_analysis': 4, 'validation_evidence': 1}"
3625,12,de:11 & im:38 & pr:11 & pr:14 & pr:6 & th:26 & th:9 & va:2,"{'problem_analysis': 3, 'theoretical_insight': 2, 'implementation_mechanism': 1}"
3626,12,de:14 & de:20 & im:25 & pr:11 & pr:14 & pr:4 & pr:5 & th:12 & th:2 & th:26 & va:20,"{'problem_analysis': 4, 'theoretical_insight': 3, 'design_rationale': 2}"
3627,12,de:11 & de:20 & im:38 & pr:11 & pr:4 & pr:5 & pr:6 & th:12 & th:2 & th:26 & th:9 & va:2,"{'theoretical_insight': 4, 'problem_analysis': 4, 'design_rationale': 2}"
3628,12,de:15 & de:20 & im:19 & im:4 & pr:35 & pr:6 & pr:7 & th:11 & th:12 & va:9,"{'problem_analysis': 3, 'theoretical_insight': 2, 'implementation_mechanism': 2}"
3629,12,de:15 & im:4 & pr:22 & pr:24 & pr:4 & pr:6 & th:11 & th:18 & va:10,"{'problem_analysis': 4, 'theoretical_insight': 2, 'implementation_mechanism': 1}"
3630,12,de:15 & im:4 & pr:22 & pr:4 & pr:5 & pr:6 & th:11 & th:18 & va:10,"{'problem_analysis': 4, 'theoretical_insight': 2, 'implementation_mechanism': 1}"
3631,12,de:20 & de:37 & im:1 & im:19 & pr:11 & pr:12 & th:2 & th:6 & va:1,"{'theoretical_insight': 2, 'problem_analysis': 2, 'design_rationale': 2}"
3632,12,de:11 & de:20 & im:19 & im:38 & pr:11 & pr:6 & th:2 & th:26 & th:9 & va:2,"{'theoretical_insight': 3, 'implementation_mechanism': 2, 'problem_analysis': 2}"
3633,12,de:11 & im:38 & pr:12 & pr:6 & pr:7 & pr:9 & th:26 & th:9 & va:2,"{'problem_analysis': 4, 'theoretical_insight': 2, 'implementation_mechanism': 1}"
3634,11,de:25 & im:34 & pr:32 & pr:4 & th:21 & va:27,"{'problem_analysis': 2, 'design_rationale': 1, 'validation_evidence': 1}"
3635,11,de:16 & pr:12 & pr:9 & th:2 & va:2,"{'problem_analysis': 2, 'theoretical_insight': 1, 'design_rationale': 1}"
3636,11,de:15 & im:4 & pr:31 & pr:9 & th:12 & va:10,"{'problem_analysis': 2, 'theoretical_insight': 1, 'implementation_mechanism': 1}"
3637,11,de:37 & im:1 & pr:12 & pr:9 & th:6 & va:37,"{'problem_analysis': 2, 'validation_evidence': 1, 'implementation_mechanism': 1}"
3638,11,de:17 & im:4 & pr:6 & pr:9 & th:12 & va:9,"{'problem_analysis': 2, 'design_rationale': 1, 'theoretical_insight': 1}"
3639,11,de:16 & im:4 & pr:23,"{'problem_analysis': 1, 'design_rationale': 1, 'implementation_mechanism': 1}"
3640,11,de:16 & pr:12 & pr:23,"{'problem_analysis': 2, 'design_rationale': 1}"
3641,11,de:15 & im:4 & pr:23 & pr:31,"{'problem_analysis': 2, 'design_rationale': 1, 'implementation_mechanism': 1}"
3642,11,de:15 & pr:23 & pr:6,"{'problem_analysis': 2, 'design_rationale': 1}"
3643,11,pr:12 & pr:23 & th:2,"{'problem_analysis': 2, 'theoretical_insight': 1}"
3644,11,de:20 & im:19 & pr:23 & pr:27 & th:12,"{'problem_analysis': 2, 'theoretical_insight': 1, 'design_rationale': 1}"
3645,11,de:13 & im:1 & pr:17 & pr:23 & th:0,"{'problem_analysis': 2, 'design_rationale': 1, 'implementation_mechanism': 1}"
3646,11,de:16 & im:19 & pr:23 & pr:31 & va:17,"{'problem_analysis': 2, 'design_rationale': 1, 'validation_evidence': 1}"
3647,11,de:15 & im:4 & pr:13 & pr:23 & th:4 & va:12,"{'problem_analysis': 2, 'validation_evidence': 1, 'implementation_mechanism': 1}"
3648,11,de:37 & im:1 & pr:12 & pr:23 & th:6 & va:15,"{'problem_analysis': 2, 'validation_evidence': 1, 'implementation_mechanism': 1}"
3649,11,de:15 & pr:23 & pr:6 & th:11 & va:32,"{'problem_analysis': 2, 'design_rationale': 1, 'theoretical_insight': 1}"
3650,11,de:20 & im:19 & pr:11 & pr:23 & th:1 & va:9,"{'problem_analysis': 2, 'theoretical_insight': 1, 'design_rationale': 1}"
3651,11,de:15 & im:19 & pr:23 & pr:6 & th:12 & va:10,"{'problem_analysis': 2, 'theoretical_insight': 1, 'implementation_mechanism': 1}"
3652,11,de:20 & im:7 & pr:23 & pr:6 & th:12 & va:0,"{'problem_analysis': 2, 'theoretical_insight': 1, 'validation_evidence': 1}"
3653,11,de:20 & im:4 & pr:11 & pr:23 & th:12,"{'problem_analysis': 2, 'theoretical_insight': 1, 'implementation_mechanism': 1}"
3654,11,de:6 & im:21 & pr:23 & pr:32 & th:1 & va:8,"{'problem_analysis': 2, 'design_rationale': 1, 'theoretical_insight': 1}"
3655,11,de:7 & im:7 & pr:23 & pr:27 & th:12 & va:28,"{'problem_analysis': 2, 'theoretical_insight': 1, 'design_rationale': 1}"
3656,11,de:6 & im:21 & pr:23 & pr:30 & th:1 & va:18,"{'problem_analysis': 2, 'design_rationale': 1, 'theoretical_insight': 1}"
3657,11,de:6 & im:31 & pr:23 & pr:30 & th:5 & va:0,"{'problem_analysis': 2, 'design_rationale': 1, 'theoretical_insight': 1}"
3658,11,de:6 & im:21 & pr:23 & pr:4 & th:1 & va:28,"{'problem_analysis': 2, 'design_rationale': 1, 'theoretical_insight': 1}"
3659,11,de:3 & im:12 & pr:10 & pr:23 & th:7 & va:0,"{'problem_analysis': 2, 'validation_evidence': 1, 'theoretical_insight': 1}"
3660,11,de:9 & im:35 & pr:11 & pr:23 & th:12 & va:9,"{'problem_analysis': 2, 'theoretical_insight': 1, 'design_rationale': 1}"
3661,11,de:38 & im:10 & pr:23 & pr:7 & th:12 & va:0,"{'problem_analysis': 2, 'theoretical_insight': 1, 'validation_evidence': 1}"
3662,11,de:7 & im:7 & pr:23 & pr:39 & th:5 & va:0,"{'problem_analysis': 2, 'theoretical_insight': 1, 'validation_evidence': 1}"
3663,11,de:20 & im:19 & pr:23 & pr:27 & th:12 & va:9,"{'problem_analysis': 2, 'theoretical_insight': 1, 'design_rationale': 1}"
3664,11,de:22 & im:9 & pr:13 & pr:23 & th:4 & va:15,"{'problem_analysis': 2, 'design_rationale': 1, 'implementation_mechanism': 1}"
3665,11,de:16 & im:4 & pr:18 & pr:23 & th:2 & va:10,"{'problem_analysis': 2, 'theoretical_insight': 1, 'design_rationale': 1}"
3666,11,de:16 & im:38 & pr:12 & pr:23 & th:12 & va:2,"{'problem_analysis': 2, 'implementation_mechanism': 1, 'design_rationale': 1}"
3667,11,de:16 & im:4 & pr:23 & pr:7 & th:37 & va:2,"{'problem_analysis': 2, 'design_rationale': 1, 'implementation_mechanism': 1}"
3668,11,de:9 & im:4 & pr:23 & pr:6 & th:11 & va:9,"{'problem_analysis': 2, 'design_rationale': 1, 'implementation_mechanism': 1}"
3669,11,de:9 & im:4 & pr:23 & pr:6 & th:12,"{'problem_analysis': 2, 'theoretical_insight': 1, 'design_rationale': 1}"
3670,11,de:17 & im:4 & pr:23 & pr:6 & th:12 & va:9,"{'problem_analysis': 2, 'design_rationale': 1, 'theoretical_insight': 1}"
3671,11,de:29 & im:10 & pr:19 & pr:23 & th:5 & va:1,"{'problem_analysis': 2, 'validation_evidence': 1, 'theoretical_insight': 1}"
3672,11,de:23 & im:38 & pr:23 & pr:6 & th:12 & va:2,"{'problem_analysis': 2, 'implementation_mechanism': 1, 'design_rationale': 1}"
3673,11,pr:19 & pr:23 & th:2 & va:15 & va:9,"{'problem_analysis': 2, 'validation_evidence': 2, 'theoretical_insight': 1}"
3674,11,pr:23 & pr:31 & pr:6 & th:11 & va:2,"{'problem_analysis': 3, 'theoretical_insight': 1, 'validation_evidence': 1}"
3675,11,de:14 & im:25 & pr:23 & pr:9 & th:26 & va:20,"{'problem_analysis': 2, 'implementation_mechanism': 1, 'validation_evidence': 1}"
3676,11,de:14 & im:20 & pr:23 & pr:9 & va:20,"{'problem_analysis': 2, 'implementation_mechanism': 1, 'validation_evidence': 1}"
3677,11,de:16 & im:4 & pr:23 & pr:27 & pr:31 & pr:7 & th:12,"{'problem_analysis': 4, 'design_rationale': 1, 'theoretical_insight': 1}"
3678,11,de:11 & im:1 & pr:10 & pr:23 & pr:31 & th:27 & va:22,"{'problem_analysis': 3, 'design_rationale': 1, 'validation_evidence': 1}"
3679,11,de:20 & im:19 & pr:11 & pr:23 & th:2 & va:9,"{'problem_analysis': 2, 'theoretical_insight': 1, 'design_rationale': 1}"
3680,11,de:15 & im:7 & pr:23 & pr:6 & th:12 & va:10,"{'problem_analysis': 2, 'theoretical_insight': 1, 'validation_evidence': 1}"
3681,11,de:22 & im:31 & pr:23 & pr:3 & pr:6 & th:4 & va:18,"{'problem_analysis': 3, 'design_rationale': 1, 'implementation_mechanism': 1}"
3682,11,de:3 & im:16 & pr:13 & pr:23 & pr:3 & th:15 & va:13,"{'problem_analysis': 3, 'implementation_mechanism': 1, 'design_rationale': 1}"
3683,11,de:25 & im:34 & pr:23 & pr:26 & th:22 & va:33,"{'problem_analysis': 2, 'design_rationale': 1, 'validation_evidence': 1}"
3684,11,de:9 & im:4 & pr:23 & pr:3 & pr:6 & th:11 & va:11,"{'problem_analysis': 3, 'design_rationale': 1, 'implementation_mechanism': 1}"
3685,11,de:14 & im:20 & pr:19 & pr:23 & pr:9 & th:14 & th:26 & va:19,"{'problem_analysis': 3, 'theoretical_insight': 2, 'validation_evidence': 1}"
3686,11,de:3 & im:16 & pr:2 & pr:23 & pr:39 & th:36 & va:0,"{'problem_analysis': 3, 'implementation_mechanism': 1, 'validation_evidence': 1}"
3687,11,de:37 & im:0 & pr:19 & pr:23 & th:6 & va:39,"{'problem_analysis': 2, 'validation_evidence': 1, 'design_rationale': 1}"
3688,11,de:10 & im:24 & pr:13 & pr:23 & pr:28 & th:10 & va:36,"{'problem_analysis': 3, 'theoretical_insight': 1, 'design_rationale': 1}"
3689,11,de:6 & im:11 & pr:13 & pr:23 & pr:5 & th:1 & va:4,"{'problem_analysis': 3, 'design_rationale': 1, 'theoretical_insight': 1}"
3690,11,de:16 & de:38 & im:7 & pr:23 & pr:26 & th:2 & va:18,"{'problem_analysis': 2, 'design_rationale': 2, 'theoretical_insight': 1}"
3691,11,de:32 & im:0 & pr:1 & pr:19 & pr:23 & th:7 & va:39,"{'problem_analysis': 3, 'design_rationale': 1, 'validation_evidence': 1}"
3692,11,de:15 & de:20 & im:19 & im:4 & pr:11 & pr:23 & pr:6 & th:11 & th:2 & va:10,"{'problem_analysis': 3, 'theoretical_insight': 2, 'implementation_mechanism': 2}"
3693,11,de:11 & de:7 & im:7 & pr:11 & pr:12 & pr:23 & pr:26 & th:12 & th:25 & th:31 & va:15,"{'problem_analysis': 4, 'theoretical_insight': 3, 'design_rationale': 2}"
3694,11,de:23 & im:27 & pr:22 & pr:23 & pr:28 & pr:31 & pr:6 & th:18 & th:33 & va:2,"{'problem_analysis': 5, 'theoretical_insight': 2, 'design_rationale': 1}"
3695,11,de:15 & im:4 & im:7 & pr:23 & pr:6 & th:12,"{'problem_analysis': 2, 'implementation_mechanism': 2, 'theoretical_insight': 1}"
3696,11,de:15 & im:4 & im:7 & pr:23 & pr:6 & th:11 & th:12 & va:10,"{'problem_analysis': 2, 'theoretical_insight': 2, 'implementation_mechanism': 2}"
3697,11,de:3 & im:16 & pr:0 & pr:39 & th:36 & va:0,"{'problem_analysis': 2, 'implementation_mechanism': 1, 'validation_evidence': 1}"
3698,11,de:15 & im:4 & pr:19 & pr:31 & pr:7 & th:11 & va:9,"{'problem_analysis': 3, 'implementation_mechanism': 1, 'theoretical_insight': 1}"
3699,11,de:3 & im:8 & pr:39 & pr:4 & pr:7 & th:2 & th:36 & va:0,"{'problem_analysis': 3, 'theoretical_insight': 2, 'implementation_mechanism': 1}"
3700,11,de:37 & im:1 & pr:38 & th:6 & va:39,"{'validation_evidence': 1, 'implementation_mechanism': 1, 'design_rationale': 1}"
3701,11,de:9 & im:22 & pr:12 & pr:22 & pr:6 & th:33 & va:33,"{'problem_analysis': 3, 'implementation_mechanism': 1, 'design_rationale': 1}"
3702,11,de:8 & im:0 & pr:12 & pr:19 & pr:6 & va:1,"{'problem_analysis': 3, 'validation_evidence': 1, 'design_rationale': 1}"
3703,11,de:28 & im:10 & pr:12 & pr:17 & th:4 & va:17,"{'problem_analysis': 2, 'design_rationale': 1, 'validation_evidence': 1}"
3704,11,de:15 & im:4 & pr:12 & pr:31 & th:9 & va:32,"{'problem_analysis': 2, 'design_rationale': 1, 'implementation_mechanism': 1}"
3705,11,de:16 & im:4 & pr:12 & pr:19 & pr:6 & th:19 & va:32,"{'problem_analysis': 3, 'design_rationale': 1, 'implementation_mechanism': 1}"
3706,11,de:38 & im:7 & pr:12 & pr:19 & pr:5 & th:12 & va:0,"{'problem_analysis': 3, 'theoretical_insight': 1, 'validation_evidence': 1}"
3707,11,de:16 & im:35 & pr:12 & pr:9 & th:2 & va:2,"{'problem_analysis': 2, 'theoretical_insight': 1, 'design_rationale': 1}"
3708,11,de:16 & de:20 & pr:11 & pr:12 & pr:9 & th:12 & th:2 & va:30,"{'problem_analysis': 3, 'theoretical_insight': 2, 'design_rationale': 2}"
3709,11,de:37 & im:28 & pr:19 & pr:23 & th:29 & va:1,"{'problem_analysis': 2, 'validation_evidence': 1, 'theoretical_insight': 1}"
3710,11,de:15 & im:4 & pr:27 & pr:31 & pr:6 & th:11 & th:12 & th:2 & va:10,"{'theoretical_insight': 3, 'problem_analysis': 3, 'implementation_mechanism': 1}"
3711,11,de:15 & im:4 & pr:27 & pr:6 & th:11 & th:12 & th:2 & va:10 & va:32,"{'theoretical_insight': 3, 'problem_analysis': 2, 'validation_evidence': 2}"
3712,11,de:15 & im:4 & pr:0 & pr:39 & pr:6 & th:11 & va:10,"{'problem_analysis': 3, 'implementation_mechanism': 1, 'theoretical_insight': 1}"
3713,11,de:20 & im:7 & pr:11 & pr:4 & th:1,"{'problem_analysis': 2, 'theoretical_insight': 1, 'design_rationale': 1}"
3714,11,de:38 & im:10 & pr:4 & pr:7 & th:12 & va:0,"{'problem_analysis': 2, 'theoretical_insight': 1, 'validation_evidence': 1}"
3715,11,de:37 & im:1 & pr:19 & pr:33 & th:37 & va:39,"{'problem_analysis': 2, 'validation_evidence': 1, 'theoretical_insight': 1}"
3716,11,de:18 & im:8 & pr:39 & pr:9 & th:36 & va:0,"{'problem_analysis': 2, 'implementation_mechanism': 1, 'design_rationale': 1}"
3717,11,de:8 & im:1 & pr:19 & pr:9 & th:9 & va:1,"{'problem_analysis': 2, 'validation_evidence': 1, 'design_rationale': 1}"
3718,11,de:37 & im:1 & pr:19 & pr:9 & th:6 & va:24,"{'problem_analysis': 2, 'validation_evidence': 1, 'implementation_mechanism': 1}"
3719,11,de:37 & im:28 & pr:20 & pr:27 & th:38,"{'problem_analysis': 2, 'implementation_mechanism': 1, 'theoretical_insight': 1}"
3720,11,de:6 & im:21 & pr:0 & pr:27 & th:1,"{'problem_analysis': 2, 'design_rationale': 1, 'theoretical_insight': 1}"
3721,11,de:3 & im:16 & pr:27 & pr:38 & th:12 & va:26,"{'problem_analysis': 2, 'theoretical_insight': 1, 'implementation_mechanism': 1}"
3722,11,de:16 & im:4 & pr:27 & pr:7 & th:6 & va:10,"{'problem_analysis': 2, 'design_rationale': 1, 'implementation_mechanism': 1}"
3723,11,de:3 & im:16 & pr:0 & pr:27 & th:1 & va:0,"{'problem_analysis': 2, 'implementation_mechanism': 1, 'theoretical_insight': 1}"
3724,11,de:22 & im:31 & pr:0 & pr:27 & th:1 & va:7,"{'problem_analysis': 2, 'design_rationale': 1, 'theoretical_insight': 1}"
3725,11,de:32 & im:24 & pr:27 & pr:29 & th:24 & va:36,"{'problem_analysis': 2, 'implementation_mechanism': 1, 'design_rationale': 1}"
3726,11,de:17 & im:20 & pr:27 & pr:4 & th:12 & va:9,"{'problem_analysis': 2, 'design_rationale': 1, 'theoretical_insight': 1}"
3727,11,de:17 & im:19 & pr:27 & pr:4 & th:12 & va:9,"{'problem_analysis': 2, 'design_rationale': 1, 'theoretical_insight': 1}"
3728,11,de:6 & im:19 & pr:11 & pr:27 & th:12 & va:9,"{'problem_analysis': 2, 'design_rationale': 1, 'theoretical_insight': 1}"
3729,11,de:22 & im:31 & pr:27 & pr:39 & th:4 & va:7,"{'problem_analysis': 2, 'design_rationale': 1, 'validation_evidence': 1}"
3730,11,de:21 & im:5 & pr:27 & pr:39 & th:39 & va:0,"{'problem_analysis': 2, 'validation_evidence': 1, 'implementation_mechanism': 1}"
3731,11,de:8 & im:13 & pr:13 & pr:27 & th:9 & va:1,"{'problem_analysis': 2, 'validation_evidence': 1, 'implementation_mechanism': 1}"
3732,11,de:15 & im:4 & pr:11 & pr:27 & th:11 & va:10,"{'problem_analysis': 2, 'implementation_mechanism': 1, 'theoretical_insight': 1}"
3733,11,de:0 & im:3 & pr:19 & pr:27 & th:7 & va:23,"{'problem_analysis': 2, 'theoretical_insight': 1, 'validation_evidence': 1}"
3734,11,de:10 & im:3 & pr:15 & pr:27 & pr:32 & th:33 & va:33,"{'problem_analysis': 3, 'design_rationale': 1, 'validation_evidence': 1}"
3735,11,de:15 & im:7 & pr:27 & pr:4 & pr:5 & th:2 & va:9,"{'problem_analysis': 3, 'theoretical_insight': 1, 'validation_evidence': 1}"
3736,11,de:6 & im:10 & pr:27 & pr:35 & pr:5 & pr:8 & th:1 & va:12,"{'problem_analysis': 4, 'validation_evidence': 1, 'design_rationale': 1}"
3737,11,de:14 & de:3 & im:16 & im:25 & pr:14 & pr:27 & pr:39 & th:26 & th:36 & va:20 & va:26,"{'problem_analysis': 3, 'implementation_mechanism': 2, 'theoretical_insight': 2}"
3738,11,de:37 & im:1 & pr:12 & pr:13 & th:6 & va:37,"{'problem_analysis': 2, 'validation_evidence': 1, 'implementation_mechanism': 1}"
3739,11,de:28 & im:19 & pr:12 & pr:4 & th:12 & va:30,"{'problem_analysis': 2, 'design_rationale': 1, 'theoretical_insight': 1}"
3740,11,de:3 & im:16 & pr:12 & pr:13 & pr:3 & th:15 & va:13,"{'problem_analysis': 3, 'implementation_mechanism': 1, 'design_rationale': 1}"
3741,11,de:10 & im:24 & pr:12 & pr:13 & pr:28 & th:10 & va:36,"{'problem_analysis': 3, 'theoretical_insight': 1, 'design_rationale': 1}"
3742,11,de:6 & im:11 & pr:12 & pr:13 & pr:5 & th:1 & va:4,"{'problem_analysis': 3, 'design_rationale': 1, 'theoretical_insight': 1}"
3743,11,de:29 & pr:22 & pr:33,"{'problem_analysis': 2, 'design_rationale': 1}"
3744,11,de:14 & im:20 & pr:33 & pr:9 & th:29 & va:19,"{'problem_analysis': 2, 'validation_evidence': 1, 'theoretical_insight': 1}"
3745,11,pr:23 & pr:33 & va:23,"{'problem_analysis': 2, 'validation_evidence': 1}"
3746,11,de:16 & im:19 & pr:33 & pr:6 & th:21 & va:2,"{'problem_analysis': 2, 'design_rationale': 1, 'theoretical_insight': 1}"
3747,11,de:24 & im:2 & pr:13 & pr:33 & th:13 & va:7,"{'problem_analysis': 2, 'theoretical_insight': 1, 'validation_evidence': 1}"
3748,11,de:8 & im:1 & pr:19 & pr:33 & th:9 & va:1,"{'problem_analysis': 2, 'validation_evidence': 1, 'design_rationale': 1}"
3749,11,de:25 & im:34 & pr:16 & pr:4 & th:21 & va:27,"{'problem_analysis': 2, 'design_rationale': 1, 'validation_evidence': 1}"
3750,11,de:5 & im:28 & pr:6 & pr:7 & th:6 & va:1,"{'problem_analysis': 2, 'validation_evidence': 1, 'implementation_mechanism': 1}"
3751,11,de:20 & im:19 & pr:32 & pr:33 & th:12 & va:9,"{'problem_analysis': 2, 'theoretical_insight': 1, 'design_rationale': 1}"
3752,11,pr:17 & pr:31,{'problem_analysis': 2}
3753,11,de:13 & im:7 & pr:26 & pr:31 & va:30,"{'problem_analysis': 2, 'design_rationale': 1, 'validation_evidence': 1}"
3754,11,de:16 & pr:19 & pr:31 & th:31,"{'problem_analysis': 2, 'theoretical_insight': 1, 'design_rationale': 1}"
3755,11,de:15 & im:4 & pr:31 & pr:6 & th:0,"{'problem_analysis': 2, 'implementation_mechanism': 1, 'theoretical_insight': 1}"
3756,11,de:17 & im:20 & pr:27 & pr:31 & va:17,"{'problem_analysis': 2, 'design_rationale': 1, 'validation_evidence': 1}"
3757,11,de:15 & pr:31 & pr:6 & th:11 & va:32,"{'problem_analysis': 2, 'design_rationale': 1, 'theoretical_insight': 1}"
3758,11,de:38 & im:10 & pr:31 & pr:7 & th:12 & va:0,"{'problem_analysis': 2, 'theoretical_insight': 1, 'validation_evidence': 1}"
3759,11,de:7 & im:7 & pr:31 & pr:39 & th:5 & va:0,"{'problem_analysis': 2, 'theoretical_insight': 1, 'validation_evidence': 1}"
3760,11,de:20 & im:19 & pr:27 & pr:31 & th:12 & va:9,"{'problem_analysis': 2, 'theoretical_insight': 1, 'design_rationale': 1}"
3761,11,de:29 & im:10 & pr:31 & pr:39 & th:36 & va:0,"{'problem_analysis': 2, 'validation_evidence': 1, 'implementation_mechanism': 1}"
3762,11,de:14 & im:8 & pr:31 & pr:7 & th:8 & va:19,"{'problem_analysis': 2, 'implementation_mechanism': 1, 'validation_evidence': 1}"
3763,11,de:13 & im:1 & pr:19 & pr:31 & th:0 & va:15,"{'problem_analysis': 2, 'design_rationale': 1, 'validation_evidence': 1}"
3764,11,de:16 & im:1 & pr:18 & pr:31 & th:0 & va:17,"{'problem_analysis': 2, 'design_rationale': 1, 'validation_evidence': 1}"
3765,11,de:16 & im:19 & pr:27 & pr:31 & th:12 & va:9,"{'problem_analysis': 2, 'design_rationale': 1, 'theoretical_insight': 1}"
3766,11,de:16 & im:4 & pr:31 & pr:6 & th:4 & va:10,"{'problem_analysis': 2, 'design_rationale': 1, 'implementation_mechanism': 1}"
3767,11,de:16 & im:4 & pr:31 & pr:6 & va:9,"{'problem_analysis': 2, 'design_rationale': 1, 'implementation_mechanism': 1}"
3768,11,de:16 & im:1 & pr:18 & pr:31 & th:0 & va:15,"{'problem_analysis': 2, 'design_rationale': 1, 'validation_evidence': 1}"
3769,11,de:20 & im:19 & pr:11 & pr:31 & pr:4 & th:2 & va:9,"{'problem_analysis': 3, 'theoretical_insight': 1, 'design_rationale': 1}"
3770,11,de:24 & im:24 & pr:13 & pr:2 & pr:31 & th:10 & va:8,"{'problem_analysis': 3, 'theoretical_insight': 1, 'implementation_mechanism': 1}"
3771,11,de:6 & im:7 & pr:19 & pr:31 & pr:8 & th:34 & va:12,"{'problem_analysis': 3, 'validation_evidence': 1, 'design_rationale': 1}"
3772,11,de:3 & im:16 & pr:2 & pr:31 & pr:39 & th:36 & va:0,"{'problem_analysis': 3, 'implementation_mechanism': 1, 'validation_evidence': 1}"
3773,11,de:3 & im:16 & pr:2 & pr:31 & pr:39 & th:36 & va:26,"{'problem_analysis': 3, 'implementation_mechanism': 1, 'validation_evidence': 1}"
3774,11,de:3 & im:16 & pr:31 & pr:39 & th:13 & va:26,"{'problem_analysis': 2, 'theoretical_insight': 1, 'implementation_mechanism': 1}"
3775,11,de:3 & im:24 & pr:31 & pr:39 & th:36 & va:26,"{'problem_analysis': 2, 'implementation_mechanism': 1, 'validation_evidence': 1}"
3776,11,de:3 & im:24 & pr:31 & pr:39 & th:19 & th:39 & va:26,"{'theoretical_insight': 2, 'problem_analysis': 2, 'implementation_mechanism': 1}"
3777,11,de:32 & de:37 & im:3 & pr:1 & pr:16 & pr:19 & pr:31 & th:19 & th:28 & va:1,"{'problem_analysis': 4, 'design_rationale': 2, 'theoretical_insight': 2}"
3778,11,de:37 & im:3 & pr:16 & pr:19 & pr:31 & th:28 & va:35,"{'problem_analysis': 3, 'validation_evidence': 1, 'design_rationale': 1}"
3779,11,de:15 & im:4 & pr:3 & pr:6 & th:11 & va:10,"{'problem_analysis': 2, 'implementation_mechanism': 1, 'theoretical_insight': 1}"
3780,11,im:31 & pr:13 & pr:3 & th:4 & va:7,"{'problem_analysis': 2, 'validation_evidence': 1, 'implementation_mechanism': 1}"
3781,11,de:29 & im:12 & pr:0 & pr:4 & th:5 & va:0,"{'problem_analysis': 2, 'theoretical_insight': 1, 'validation_evidence': 1}"
3782,11,de:16 & im:1 & pr:31 & pr:4 & th:2 & va:17,"{'problem_analysis': 2, 'theoretical_insight': 1, 'design_rationale': 1}"
3783,11,de:20 & im:20 & pr:4 & pr:9 & th:12 & va:9,"{'problem_analysis': 2, 'theoretical_insight': 1, 'design_rationale': 1}"
3784,11,de:28 & im:10 & pr:17 & pr:4 & th:4 & va:17,"{'problem_analysis': 2, 'design_rationale': 1, 'validation_evidence': 1}"
3785,11,de:9 & im:4 & pr:4 & pr:6 & th:12 & va:10,"{'problem_analysis': 2, 'theoretical_insight': 1, 'implementation_mechanism': 1}"
3786,11,de:9 & im:19 & pr:4 & pr:6 & th:12 & va:10,"{'problem_analysis': 2, 'theoretical_insight': 1, 'design_rationale': 1}"
3787,11,de:20 & im:19 & pr:11 & pr:4 & pr:8 & th:2 & va:9,"{'problem_analysis': 3, 'theoretical_insight': 1, 'design_rationale': 1}"
3788,11,de:3 & im:16 & pr:39 & pr:9 & th:14 & th:36 & va:26,"{'problem_analysis': 2, 'theoretical_insight': 2, 'implementation_mechanism': 1}"
3789,11,pr:19 & pr:26,{'problem_analysis': 2}
3790,11,de:15 & pr:26 & pr:6 & th:1,"{'problem_analysis': 2, 'theoretical_insight': 1, 'design_rationale': 1}"
3791,11,pr:26 & pr:33,{'problem_analysis': 2}
3792,11,de:15 & im:4 & pr:26 & pr:31,"{'problem_analysis': 2, 'implementation_mechanism': 1, 'design_rationale': 1}"
3793,11,im:4 & pr:26 & pr:31 & th:9 & va:10,"{'problem_analysis': 2, 'implementation_mechanism': 1, 'validation_evidence': 1}"
3794,11,de:25 & im:34 & pr:26 & pr:4 & th:21 & va:27,"{'problem_analysis': 2, 'design_rationale': 1, 'validation_evidence': 1}"
3795,11,de:37 & im:1 & pr:12 & pr:26 & th:6 & va:15,"{'problem_analysis': 2, 'validation_evidence': 1, 'implementation_mechanism': 1}"
3796,11,de:29 & im:12 & pr:0 & pr:26 & th:5 & va:0,"{'problem_analysis': 2, 'theoretical_insight': 1, 'validation_evidence': 1}"
3797,11,de:14 & im:25 & pr:14 & pr:26 & th:26,"{'problem_analysis': 2, 'implementation_mechanism': 1, 'theoretical_insight': 1}"
3798,11,de:7 & im:14 & pr:26 & pr:4 & th:1 & va:28,"{'problem_analysis': 2, 'implementation_mechanism': 1, 'theoretical_insight': 1}"
3799,11,pr:23 & pr:26 & va:23,"{'problem_analysis': 2, 'validation_evidence': 1}"
3800,11,de:16 & im:38 & pr:12 & pr:26 & th:12 & va:2,"{'problem_analysis': 2, 'implementation_mechanism': 1, 'design_rationale': 1}"
3801,11,de:28 & im:10 & pr:17 & pr:26 & th:4 & va:17,"{'problem_analysis': 2, 'design_rationale': 1, 'validation_evidence': 1}"
3802,11,de:25 & im:34 & pr:26 & pr:31 & pr:32,"{'problem_analysis': 3, 'design_rationale': 1, 'implementation_mechanism': 1}"
3803,11,de:4 & im:7 & pr:26 & pr:6 & th:12 & va:30,"{'problem_analysis': 2, 'theoretical_insight': 1, 'validation_evidence': 1}"
3804,11,pr:2 & pr:26 & pr:33 & th:36 & va:7,"{'problem_analysis': 3, 'validation_evidence': 1, 'theoretical_insight': 1}"
3805,11,de:25 & im:34 & pr:26 & pr:32 & th:21 & va:17,"{'problem_analysis': 2, 'design_rationale': 1, 'validation_evidence': 1}"
3806,11,de:14 & im:20 & pr:26 & pr:9 & th:14 & va:19,"{'problem_analysis': 2, 'validation_evidence': 1, 'implementation_mechanism': 1}"
3807,11,de:5 & im:1 & pr:12 & pr:26 & th:6 & va:1,"{'problem_analysis': 2, 'validation_evidence': 1, 'design_rationale': 1}"
3808,11,de:15 & im:4 & pr:26 & pr:31 & th:9 & va:32,"{'problem_analysis': 2, 'design_rationale': 1, 'implementation_mechanism': 1}"
3809,11,de:20 & im:19 & pr:11 & pr:26 & th:2 & va:9,"{'problem_analysis': 2, 'theoretical_insight': 1, 'design_rationale': 1}"
3810,11,de:37 & im:1 & pr:26 & pr:7 & th:37 & va:1,"{'problem_analysis': 2, 'validation_evidence': 1, 'theoretical_insight': 1}"
3811,11,de:37 & im:1 & pr:26 & pr:7 & th:37 & va:39,"{'problem_analysis': 2, 'validation_evidence': 1, 'theoretical_insight': 1}"
3812,11,de:25 & im:34 & pr:26 & pr:32 & th:21 & va:33,"{'problem_analysis': 2, 'design_rationale': 1, 'validation_evidence': 1}"
3813,11,de:16 & de:20 & pr:11 & pr:12 & pr:26 & th:12 & th:2 & va:30,"{'problem_analysis': 3, 'theoretical_insight': 2, 'design_rationale': 2}"
3814,11,de:3 & im:8 & pr:26 & pr:39 & pr:7 & th:36 & va:0,"{'problem_analysis': 3, 'implementation_mechanism': 1, 'validation_evidence': 1}"
3815,11,de:3 & im:16 & pr:13 & pr:26 & pr:3 & th:15 & va:13,"{'problem_analysis': 3, 'implementation_mechanism': 1, 'design_rationale': 1}"
3816,11,de:10 & im:24 & pr:13 & pr:26 & pr:28 & th:10 & va:36,"{'problem_analysis': 3, 'theoretical_insight': 1, 'design_rationale': 1}"
3817,11,de:6 & im:11 & pr:13 & pr:26 & pr:5 & th:1 & va:4,"{'problem_analysis': 3, 'design_rationale': 1, 'theoretical_insight': 1}"
3818,11,de:7 & im:34 & pr:11 & pr:26 & pr:31 & pr:5 & th:12 & va:18,"{'problem_analysis': 4, 'theoretical_insight': 1, 'design_rationale': 1}"
3819,11,de:38 & de:6 & im:10 & im:3 & pr:26 & pr:31 & pr:32 & pr:4 & va:0 & va:23,"{'problem_analysis': 4, 'design_rationale': 2, 'validation_evidence': 2}"
3820,11,de:16 & im:35 & pr:12 & pr:4 & th:2 & va:2,"{'problem_analysis': 2, 'theoretical_insight': 1, 'design_rationale': 1}"
3821,11,de:20 & de:28 & im:7 & pr:12 & pr:27 & va:25,"{'design_rationale': 2, 'problem_analysis': 2, 'validation_evidence': 1}"
3822,11,de:11 & im:1 & pr:10 & pr:12 & pr:31 & th:27 & va:22,"{'problem_analysis': 3, 'design_rationale': 1, 'validation_evidence': 1}"
3823,11,de:15 & im:7 & pr:12 & pr:6 & th:12 & va:10,"{'problem_analysis': 2, 'theoretical_insight': 1, 'validation_evidence': 1}"
3824,11,de:23 & im:27 & pr:12 & pr:22 & pr:28 & pr:31 & pr:6 & th:18 & th:33 & va:2,"{'problem_analysis': 5, 'theoretical_insight': 2, 'design_rationale': 1}"
3825,11,de:15 & im:4 & im:7 & pr:12 & pr:6 & th:12,"{'problem_analysis': 2, 'implementation_mechanism': 2, 'theoretical_insight': 1}"
3826,11,de:15 & im:4 & im:7 & pr:12 & pr:6 & th:11 & th:12 & va:10,"{'problem_analysis': 2, 'theoretical_insight': 2, 'implementation_mechanism': 2}"
3827,11,pr:17 & pr:22,{'problem_analysis': 2}
3828,11,de:16 & im:4 & pr:22,"{'problem_analysis': 1, 'implementation_mechanism': 1, 'design_rationale': 1}"
3829,11,de:13 & im:1 & pr:17 & pr:22 & th:0,"{'problem_analysis': 2, 'design_rationale': 1, 'implementation_mechanism': 1}"
3830,11,de:16 & im:31 & pr:12 & pr:22 & th:4,"{'problem_analysis': 2, 'design_rationale': 1, 'theoretical_insight': 1}"
3831,11,de:6 & im:21 & pr:22 & pr:32 & th:1 & va:8,"{'problem_analysis': 2, 'design_rationale': 1, 'theoretical_insight': 1}"
3832,11,de:16 & im:4 & pr:22 & pr:4 & th:12 & va:12,"{'problem_analysis': 2, 'validation_evidence': 1, 'design_rationale': 1}"
3833,11,de:20 & im:7 & pr:22 & pr:6 & th:12 & va:0,"{'problem_analysis': 2, 'theoretical_insight': 1, 'validation_evidence': 1}"
3834,11,de:6 & im:21 & pr:22 & pr:30 & th:1 & va:18,"{'problem_analysis': 2, 'design_rationale': 1, 'theoretical_insight': 1}"
3835,11,de:6 & im:31 & pr:22 & pr:30 & th:5 & va:0,"{'problem_analysis': 2, 'design_rationale': 1, 'theoretical_insight': 1}"
3836,11,de:6 & im:21 & pr:22 & pr:4 & th:1 & va:28,"{'problem_analysis': 2, 'design_rationale': 1, 'theoretical_insight': 1}"
3837,11,de:7 & im:7 & pr:22 & pr:27 & th:12 & va:28,"{'problem_analysis': 2, 'theoretical_insight': 1, 'design_rationale': 1}"
3838,11,de:15 & im:4 & pr:13 & pr:22 & th:4 & va:12,"{'problem_analysis': 2, 'validation_evidence': 1, 'implementation_mechanism': 1}"
3839,11,de:20 & im:19 & pr:11 & pr:22 & th:1 & va:9,"{'problem_analysis': 2, 'theoretical_insight': 1, 'design_rationale': 1}"
3840,11,de:3 & im:12 & pr:10 & pr:22 & th:7 & va:0,"{'problem_analysis': 2, 'validation_evidence': 1, 'theoretical_insight': 1}"
3841,11,de:9 & im:35 & pr:11 & pr:22 & th:2 & va:9,"{'problem_analysis': 2, 'theoretical_insight': 1, 'design_rationale': 1}"
3842,11,de:9 & im:4 & pr:22 & pr:6 & th:11 & va:9,"{'problem_analysis': 2, 'design_rationale': 1, 'implementation_mechanism': 1}"
3843,11,de:16 & im:1 & pr:22 & pr:9 & th:14 & va:37,"{'problem_analysis': 2, 'design_rationale': 1, 'validation_evidence': 1}"
3844,11,de:14 & im:20 & pr:22 & pr:9 & va:20,"{'problem_analysis': 2, 'implementation_mechanism': 1, 'validation_evidence': 1}"
3845,11,de:16 & im:4 & pr:22 & pr:6 & th:19 & va:32,"{'problem_analysis': 2, 'design_rationale': 1, 'implementation_mechanism': 1}"
3846,11,pr:22 & pr:23 & va:23,"{'problem_analysis': 2, 'validation_evidence': 1}"
3847,11,de:17 & im:4 & pr:22 & pr:6 & th:12 & va:9,"{'problem_analysis': 2, 'design_rationale': 1, 'theoretical_insight': 1}"
3848,11,de:38 & im:7 & pr:22 & pr:5 & th:12 & va:0,"{'problem_analysis': 2, 'theoretical_insight': 1, 'validation_evidence': 1}"
3849,11,de:23 & im:38 & pr:22 & pr:6 & th:12 & va:2,"{'problem_analysis': 2, 'implementation_mechanism': 1, 'design_rationale': 1}"
3850,11,de:37 & im:1 & pr:12 & pr:20 & pr:22 & th:6 & va:1,"{'problem_analysis': 3, 'validation_evidence': 1, 'implementation_mechanism': 1}"
3851,11,de:14 & im:25 & pr:19 & pr:22 & th:26 & va:20,"{'problem_analysis': 2, 'implementation_mechanism': 1, 'validation_evidence': 1}"
3852,11,de:20 & im:19 & pr:11 & pr:22 & th:2 & va:9,"{'problem_analysis': 2, 'theoretical_insight': 1, 'design_rationale': 1}"
3853,11,de:11 & im:1 & pr:10 & pr:22 & pr:31 & th:27 & va:22,"{'problem_analysis': 3, 'design_rationale': 1, 'validation_evidence': 1}"
3854,11,de:14 & im:25 & pr:14 & pr:22 & va:20,"{'problem_analysis': 2, 'implementation_mechanism': 1, 'validation_evidence': 1}"
3855,11,de:11 & pr:22 & pr:9 & th:14 & th:2 & va:2,"{'problem_analysis': 2, 'theoretical_insight': 2, 'design_rationale': 1}"
3856,11,de:29 & im:7 & pr:19 & pr:22 & th:37 & va:12,"{'problem_analysis': 2, 'validation_evidence': 1, 'design_rationale': 1}"
3857,11,de:22 & im:1 & pr:13 & pr:22 & pr:33 & th:10 & va:12,"{'problem_analysis': 3, 'validation_evidence': 1, 'design_rationale': 1}"
3858,11,de:4 & im:31 & pr:22 & pr:3 & pr:33 & th:30 & va:38,"{'problem_analysis': 3, 'theoretical_insight': 1, 'validation_evidence': 1}"
3859,11,de:15 & de:20 & im:19 & im:4 & pr:11 & pr:22 & pr:6 & th:11 & th:2 & va:10,"{'problem_analysis': 3, 'theoretical_insight': 2, 'implementation_mechanism': 2}"
3860,11,de:5 & im:28 & pr:4 & pr:7 & th:6 & va:1,"{'problem_analysis': 2, 'validation_evidence': 1, 'implementation_mechanism': 1}"
3861,11,de:16 & im:19 & pr:11 & pr:27 & th:12 & va:9,"{'problem_analysis': 2, 'design_rationale': 1, 'theoretical_insight': 1}"
3862,11,de:20 & im:19 & pr:11 & pr:12 & th:2 & va:9,"{'problem_analysis': 2, 'theoretical_insight': 1, 'design_rationale': 1}"
3863,11,pr:11 & pr:12,{'problem_analysis': 2}
3864,11,de:7 & im:7 & pr:11 & pr:39 & th:5 & va:0,"{'problem_analysis': 2, 'theoretical_insight': 1, 'validation_evidence': 1}"
3865,11,de:11 & im:1 & im:26 & pr:11 & pr:12 & va:17,"{'implementation_mechanism': 2, 'problem_analysis': 2, 'validation_evidence': 1}"
3866,11,de:13 & im:1 & pr:11 & pr:33 & th:6 & va:17,"{'problem_analysis': 2, 'design_rationale': 1, 'validation_evidence': 1}"
3867,11,de:24 & im:2 & pr:11 & pr:13 & th:13 & va:7,"{'problem_analysis': 2, 'theoretical_insight': 1, 'validation_evidence': 1}"
3868,11,de:6 & im:7 & pr:11 & pr:19 & pr:8 & th:34 & va:12,"{'problem_analysis': 3, 'validation_evidence': 1, 'design_rationale': 1}"
3869,11,de:37 & im:3 & pr:19 & pr:28 & pr:31 & pr:6 & th:33 & th:6 & va:1,"{'problem_analysis': 4, 'theoretical_insight': 2, 'validation_evidence': 1}"
3870,11,de:15 & im:4 & pr:28 & pr:31 & pr:6 & th:2 & th:33 & va:32,"{'problem_analysis': 3, 'theoretical_insight': 2, 'implementation_mechanism': 1}"
3871,11,de:37 & im:1 & pr:12 & pr:28 & pr:31 & pr:6 & th:33 & th:6 & va:37,"{'problem_analysis': 4, 'theoretical_insight': 2, 'validation_evidence': 1}"
3872,11,de:37 & im:1 & pr:12 & pr:28 & pr:31 & pr:6 & th:33 & th:6 & va:17,"{'problem_analysis': 4, 'theoretical_insight': 2, 'validation_evidence': 1}"
3873,11,pr:4 & pr:6 & th:2,"{'problem_analysis': 2, 'theoretical_insight': 1}"
3874,11,de:9 & im:35 & pr:4 & pr:6 & th:12 & va:2,"{'problem_analysis': 2, 'theoretical_insight': 1, 'design_rationale': 1}"
3875,11,de:16 & im:4 & pr:18 & pr:4 & th:2 & va:10,"{'problem_analysis': 2, 'theoretical_insight': 1, 'design_rationale': 1}"
3876,11,de:8 & im:12 & pr:10 & pr:12 & pr:4 & th:7 & va:4,"{'problem_analysis': 3, 'theoretical_insight': 1, 'validation_evidence': 1}"
3877,11,de:28 & im:7 & pr:12 & pr:4 & th:12 & va:17 & va:28,"{'validation_evidence': 2, 'problem_analysis': 2, 'design_rationale': 1}"
3878,11,de:5 & im:28 & pr:27 & pr:7 & th:6 & va:1,"{'problem_analysis': 2, 'validation_evidence': 1, 'implementation_mechanism': 1}"
3879,11,de:37 & im:1 & pr:12 & pr:18 & pr:27 & th:6 & va:17,"{'problem_analysis': 3, 'validation_evidence': 1, 'implementation_mechanism': 1}"
3880,11,de:6 & im:19 & pr:11 & pr:4 & th:12 & va:9,"{'problem_analysis': 2, 'design_rationale': 1, 'theoretical_insight': 1}"
3881,11,de:12 & im:28 & pr:3 & th:29 & va:1,"{'validation_evidence': 1, 'theoretical_insight': 1, 'implementation_mechanism': 1}"
3882,11,de:15 & im:4 & pr:22 & pr:31 & th:9 & va:10,"{'problem_analysis': 2, 'design_rationale': 1, 'implementation_mechanism': 1}"
3883,11,de:8 & im:13 & pr:11 & pr:13 & th:9 & va:1,"{'problem_analysis': 2, 'validation_evidence': 1, 'implementation_mechanism': 1}"
3884,11,de:16 & im:4 & pr:11 & pr:6 & th:4 & va:10,"{'problem_analysis': 2, 'design_rationale': 1, 'implementation_mechanism': 1}"
3885,11,de:28 & im:9 & pr:11 & pr:7 & th:39 & va:0,"{'problem_analysis': 2, 'design_rationale': 1, 'validation_evidence': 1}"
3886,11,de:3 & im:16 & pr:11 & pr:13 & pr:3 & th:15 & va:13,"{'problem_analysis': 3, 'implementation_mechanism': 1, 'design_rationale': 1}"
3887,11,de:28 & im:7 & pr:11 & pr:12 & th:12 & va:17 & va:28,"{'problem_analysis': 2, 'validation_evidence': 2, 'design_rationale': 1}"
3888,11,de:15 & im:4 & pr:0 & pr:22 & pr:6 & th:11 & th:18 & va:10,"{'problem_analysis': 3, 'theoretical_insight': 2, 'implementation_mechanism': 1}"
3889,11,de:35 & im:3 & pr:34 & th:7 & va:23,"{'theoretical_insight': 1, 'problem_analysis': 1, 'validation_evidence': 1}"
3890,10,de:7 & im:7 & pr:4 & th:12 & va:17 & va:28 & va:9,"{'validation_evidence': 3, 'theoretical_insight': 1, 'design_rationale': 1}"
3891,10,de:15 & im:4 & pr:12 & pr:32 & th:2 & va:10,"{'problem_analysis': 2, 'theoretical_insight': 1, 'implementation_mechanism': 1}"
3892,10,de:7 & im:4 & pr:32 & pr:6 & th:12 & va:10,"{'problem_analysis': 2, 'theoretical_insight': 1, 'implementation_mechanism': 1}"
3893,10,de:28 & im:7 & pr:32 & pr:6 & th:9 & va:32,"{'problem_analysis': 2, 'design_rationale': 1, 'validation_evidence': 1}"
3894,10,de:29 & im:16 & pr:32 & pr:39 & th:36 & va:26,"{'problem_analysis': 2, 'implementation_mechanism': 1, 'design_rationale': 1}"
3895,10,de:7 & im:10 & pr:32 & pr:7 & th:37 & va:37,"{'problem_analysis': 2, 'validation_evidence': 1, 'implementation_mechanism': 1}"
3896,10,de:12 & im:20 & pr:32 & pr:9 & th:1 & va:12,"{'problem_analysis': 2, 'validation_evidence': 1, 'theoretical_insight': 1}"
3897,10,de:20 & im:19 & pr:32 & pr:35 & th:12 & va:2,"{'problem_analysis': 2, 'theoretical_insight': 1, 'design_rationale': 1}"
3898,10,de:15 & im:4 & pr:32 & pr:6 & th:1 & va:10,"{'problem_analysis': 2, 'theoretical_insight': 1, 'implementation_mechanism': 1}"
3899,10,de:15 & im:4 & pr:27 & pr:32 & pr:6 & th:12 & th:2 & va:10,"{'problem_analysis': 3, 'theoretical_insight': 2, 'implementation_mechanism': 1}"
3900,10,pr:12 & pr:9 & th:2,"{'problem_analysis': 2, 'theoretical_insight': 1}"
3901,10,im:4 & pr:31 & pr:9 & th:9 & va:10,"{'problem_analysis': 2, 'implementation_mechanism': 1, 'validation_evidence': 1}"
3902,10,de:25 & im:34 & pr:4 & pr:9 & th:21 & va:27,"{'problem_analysis': 2, 'design_rationale': 1, 'validation_evidence': 1}"
3903,10,de:15 & im:4 & pr:6 & pr:9 & th:2 & va:32,"{'problem_analysis': 2, 'theoretical_insight': 1, 'implementation_mechanism': 1}"
3904,10,de:17 & im:7 & pr:11 & pr:27 & pr:9 & th:12 & va:9,"{'problem_analysis': 3, 'design_rationale': 1, 'theoretical_insight': 1}"
3905,10,de:15 & im:19 & pr:27 & pr:6 & pr:9 & th:12 & va:32,"{'problem_analysis': 3, 'theoretical_insight': 1, 'implementation_mechanism': 1}"
3906,10,de:1 & im:1 & pr:13 & pr:19 & pr:9 & th:23 & va:4,"{'problem_analysis': 3, 'theoretical_insight': 1, 'design_rationale': 1}"
3907,10,de:37 & im:28 & pr:12 & pr:14 & pr:37 & pr:9 & th:30 & va:1,"{'problem_analysis': 4, 'theoretical_insight': 1, 'validation_evidence': 1}"
3908,10,pr:17 & pr:23,{'problem_analysis': 2}
3909,10,im:28 & pr:12 & pr:23 & va:3,"{'problem_analysis': 2, 'implementation_mechanism': 1, 'validation_evidence': 1}"
3910,10,de:17 & im:20 & pr:23 & pr:27 & va:17,"{'problem_analysis': 2, 'design_rationale': 1, 'validation_evidence': 1}"
3911,10,de:20 & im:7 & pr:11 & pr:23 & th:1,"{'problem_analysis': 2, 'theoretical_insight': 1, 'design_rationale': 1}"
3912,10,de:16 & im:10 & pr:23 & pr:27 & th:12,"{'problem_analysis': 2, 'design_rationale': 1, 'theoretical_insight': 1}"
3913,10,im:7 & pr:23 & pr:4 & va:28,"{'problem_analysis': 2, 'implementation_mechanism': 1, 'validation_evidence': 1}"
3914,10,de:13 & im:1 & pr:23 & th:0 & va:15,"{'problem_analysis': 1, 'design_rationale': 1, 'validation_evidence': 1}"
3915,10,de:15 & im:7 & pr:23 & pr:6 & th:11 & va:9,"{'problem_analysis': 2, 'theoretical_insight': 1, 'validation_evidence': 1}"
3916,10,de:29 & im:10 & pr:23 & pr:5 & th:8 & va:12,"{'problem_analysis': 2, 'validation_evidence': 1, 'implementation_mechanism': 1}"
3917,10,de:15 & im:4 & pr:23 & pr:31 & th:9 & va:31,"{'problem_analysis': 2, 'design_rationale': 1, 'validation_evidence': 1}"
3918,10,de:37 & im:28 & pr:23 & pr:7 & th:6 & va:1,"{'problem_analysis': 2, 'validation_evidence': 1, 'implementation_mechanism': 1}"
3919,10,de:16 & im:4 & pr:23 & pr:4 & th:12 & va:12,"{'problem_analysis': 2, 'validation_evidence': 1, 'design_rationale': 1}"
3920,10,de:29 & im:9 & pr:23 & pr:33 & th:9 & va:38,"{'problem_analysis': 2, 'implementation_mechanism': 1, 'validation_evidence': 1}"
3921,10,de:8 & im:39 & pr:10 & pr:23 & th:28 & va:1,"{'problem_analysis': 2, 'validation_evidence': 1, 'design_rationale': 1}"
3922,10,de:29 & im:10 & pr:14 & pr:23 & th:8 & va:20,"{'problem_analysis': 2, 'implementation_mechanism': 1, 'design_rationale': 1}"
3923,10,de:3 & im:16 & pr:23 & pr:39 & th:36 & va:7,"{'problem_analysis': 2, 'implementation_mechanism': 1, 'validation_evidence': 1}"
3924,10,de:14 & im:8 & pr:23 & pr:7 & th:8 & va:19,"{'problem_analysis': 2, 'implementation_mechanism': 1, 'validation_evidence': 1}"
3925,10,de:13 & im:1 & pr:19 & pr:23 & th:0 & va:15,"{'problem_analysis': 2, 'design_rationale': 1, 'validation_evidence': 1}"
3926,10,de:28 & im:9 & pr:23 & pr:30 & th:35 & va:28,"{'problem_analysis': 2, 'design_rationale': 1, 'implementation_mechanism': 1}"
3927,10,de:22 & im:26 & pr:13 & pr:23 & th:4 & va:7,"{'problem_analysis': 2, 'design_rationale': 1, 'validation_evidence': 1}"
3928,10,de:37 & im:20 & pr:16 & pr:23 & th:8 & va:20,"{'problem_analysis': 2, 'theoretical_insight': 1, 'implementation_mechanism': 1}"
3929,10,de:8 & im:3 & pr:16 & pr:23 & th:13 & va:1,"{'problem_analysis': 2, 'theoretical_insight': 1, 'validation_evidence': 1}"
3930,10,de:22 & im:23 & pr:13 & pr:23 & th:4 & va:38,"{'problem_analysis': 2, 'design_rationale': 1, 'implementation_mechanism': 1}"
3931,10,de:9 & im:4 & pr:23 & pr:6 & th:12 & va:10,"{'problem_analysis': 2, 'theoretical_insight': 1, 'design_rationale': 1}"
3932,10,de:9 & im:19 & pr:23 & pr:6 & th:12 & va:10,"{'problem_analysis': 2, 'theoretical_insight': 1, 'design_rationale': 1}"
3933,10,de:14 & im:25 & pr:14 & pr:23 & va:20,"{'problem_analysis': 2, 'implementation_mechanism': 1, 'validation_evidence': 1}"
3934,10,de:17 & im:7 & pr:11 & pr:23 & pr:27 & th:12 & va:9,"{'problem_analysis': 3, 'design_rationale': 1, 'theoretical_insight': 1}"
3935,10,de:8 & im:18 & pr:16 & pr:23 & th:27 & va:20,"{'problem_analysis': 2, 'implementation_mechanism': 1, 'design_rationale': 1}"
3936,10,de:8 & im:13 & pr:19 & pr:23 & th:30 & th:6 & va:1,"{'theoretical_insight': 2, 'problem_analysis': 2, 'validation_evidence': 1}"
3937,10,de:3 & im:16 & pr:23 & pr:39 & th:13 & va:26,"{'problem_analysis': 2, 'theoretical_insight': 1, 'implementation_mechanism': 1}"
3938,10,de:15 & im:19 & pr:23 & pr:27 & pr:6 & th:12 & va:32,"{'problem_analysis': 3, 'theoretical_insight': 1, 'implementation_mechanism': 1}"
3939,10,de:15 & im:4 & pr:18 & pr:23 & pr:6 & th:11 & va:10,"{'problem_analysis': 3, 'implementation_mechanism': 1, 'theoretical_insight': 1}"
3940,10,de:3 & im:24 & pr:23 & pr:39 & th:36 & va:26,"{'problem_analysis': 2, 'implementation_mechanism': 1, 'validation_evidence': 1}"
3941,10,de:3 & im:24 & pr:23 & pr:39 & th:19 & th:39 & va:26,"{'problem_analysis': 2, 'theoretical_insight': 2, 'implementation_mechanism': 1}"
3942,10,de:25 & im:34 & pr:11 & pr:23 & pr:4 & th:21 & va:27,"{'problem_analysis': 3, 'design_rationale': 1, 'validation_evidence': 1}"
3943,10,de:20 & im:19 & pr:11 & pr:23 & pr:8 & th:2 & va:9,"{'problem_analysis': 3, 'theoretical_insight': 1, 'design_rationale': 1}"
3944,10,de:38 & de:6 & im:10 & im:3 & pr:23 & pr:31 & pr:32 & pr:4 & va:0 & va:23,"{'problem_analysis': 4, 'design_rationale': 2, 'validation_evidence': 2}"
3945,10,de:37 & im:28 & pr:12 & pr:14 & pr:23 & pr:37 & th:30 & va:1,"{'problem_analysis': 4, 'theoretical_insight': 1, 'validation_evidence': 1}"
3946,10,de:22 & de:6 & im:21 & im:31 & pr:13 & pr:23 & pr:30 & pr:5 & th:1 & th:4 & va:15 & va:30 & va:7,"{'problem_analysis': 4, 'validation_evidence': 3, 'design_rationale': 2}"
3947,10,de:6 & im:10 & pr:8 & th:1 & va:13,"{'design_rationale': 1, 'theoretical_insight': 1, 'validation_evidence': 1}"
3948,10,de:15 & im:4 & pr:12 & pr:7 & th:2 & va:10,"{'problem_analysis': 2, 'theoretical_insight': 1, 'implementation_mechanism': 1}"
3949,10,de:29 & im:10 & pr:19 & pr:7 & th:5 & va:1,"{'problem_analysis': 2, 'validation_evidence': 1, 'theoretical_insight': 1}"
3950,10,de:29 & im:7 & pr:19 & pr:7 & th:37 & va:12,"{'problem_analysis': 2, 'validation_evidence': 1, 'design_rationale': 1}"
3951,10,de:17 & im:20 & pr:12 & pr:7 & th:12 & th:2 & va:3,"{'theoretical_insight': 2, 'problem_analysis': 2, 'design_rationale': 1}"
3952,10,de:37 & im:8 & pr:19 & pr:7 & th:28 & va:1,"{'problem_analysis': 2, 'implementation_mechanism': 1, 'validation_evidence': 1}"
3953,10,de:18 & im:10 & pr:19 & pr:7 & th:37 & va:20,"{'problem_analysis': 2, 'design_rationale': 1, 'implementation_mechanism': 1}"
3954,10,de:32 & im:0 & pr:1 & pr:19 & pr:7 & th:7 & va:39,"{'problem_analysis': 3, 'design_rationale': 1, 'validation_evidence': 1}"
3955,10,de:20 & im:19 & pr:11 & pr:19 & pr:7 & th:12 & va:9,"{'problem_analysis': 3, 'theoretical_insight': 1, 'design_rationale': 1}"
3956,10,de:28 & im:9 & pr:30 & pr:9 & th:35 & va:28,"{'problem_analysis': 2, 'design_rationale': 1, 'implementation_mechanism': 1}"
3957,10,de:1 & im:8 & pr:16 & pr:19 & pr:20 & pr:7 & th:6 & va:35,"{'problem_analysis': 4, 'implementation_mechanism': 1, 'design_rationale': 1}"
3958,10,de:25 & de:3 & de:37 & im:1 & im:16 & im:34 & pr:12 & pr:30 & pr:32 & th:21 & th:36 & th:6 & va:15 & va:30,"{'problem_analysis': 3, 'implementation_mechanism': 3, 'design_rationale': 3}"
3959,10,de:0 & im:3 & pr:19 & pr:3 & th:7 & va:23,"{'problem_analysis': 2, 'theoretical_insight': 1, 'validation_evidence': 1}"
3960,10,de:37 & im:1 & pr:12 & pr:3 & th:6 & va:1,"{'problem_analysis': 2, 'validation_evidence': 1, 'implementation_mechanism': 1}"
3961,10,de:37 & im:3 & pr:16 & pr:19 & pr:3 & th:28 & va:33,"{'problem_analysis': 3, 'validation_evidence': 1, 'design_rationale': 1}"
3962,10,de:22 & im:31 & pr:12 & pr:31 & th:2,"{'problem_analysis': 2, 'theoretical_insight': 1, 'design_rationale': 1}"
3963,10,de:22 & im:31 & pr:12 & pr:31 & th:2 & va:4,"{'problem_analysis': 2, 'theoretical_insight': 1, 'design_rationale': 1}"
3964,10,de:37 & im:1 & pr:7 & th:6 & va:39,"{'validation_evidence': 1, 'problem_analysis': 1, 'implementation_mechanism': 1}"
3965,10,de:16 & im:4 & pr:12 & pr:19,"{'problem_analysis': 2, 'implementation_mechanism': 1, 'design_rationale': 1}"
3966,10,pr:11 & pr:12 & pr:19 & th:12 & va:9,"{'problem_analysis': 3, 'theoretical_insight': 1, 'validation_evidence': 1}"
3967,10,de:3 & im:16 & pr:12 & pr:19 & pr:7 & va:0,"{'problem_analysis': 3, 'implementation_mechanism': 1, 'validation_evidence': 1}"
3968,10,de:20 & im:19 & pr:12 & pr:19 & pr:27 & th:12,"{'problem_analysis': 3, 'theoretical_insight': 1, 'design_rationale': 1}"
3969,10,de:13 & im:1 & pr:12 & pr:17 & pr:19 & th:0,"{'problem_analysis': 3, 'design_rationale': 1, 'implementation_mechanism': 1}"
3970,10,de:6 & im:21 & pr:12 & pr:19 & pr:32 & th:1 & va:8,"{'problem_analysis': 3, 'design_rationale': 1, 'theoretical_insight': 1}"
3971,10,de:25 & im:34 & pr:12 & pr:19 & pr:4 & th:21,"{'problem_analysis': 3, 'design_rationale': 1, 'implementation_mechanism': 1}"
3972,10,de:6 & im:21 & pr:12 & pr:19 & pr:30 & th:1 & va:18,"{'problem_analysis': 3, 'design_rationale': 1, 'theoretical_insight': 1}"
3973,10,de:6 & im:31 & pr:12 & pr:19 & pr:30 & th:5 & va:0,"{'problem_analysis': 3, 'design_rationale': 1, 'theoretical_insight': 1}"
3974,10,de:6 & im:21 & pr:12 & pr:19 & pr:4 & th:1 & va:28,"{'problem_analysis': 3, 'design_rationale': 1, 'theoretical_insight': 1}"
3975,10,de:7 & im:7 & pr:12 & pr:19 & pr:27 & th:12 & va:28,"{'problem_analysis': 3, 'theoretical_insight': 1, 'design_rationale': 1}"
3976,10,de:15 & im:4 & pr:12 & pr:13 & pr:19 & th:4 & va:12,"{'problem_analysis': 3, 'validation_evidence': 1, 'implementation_mechanism': 1}"
3977,10,de:20 & im:19 & pr:11 & pr:12 & pr:19 & th:1 & va:9,"{'problem_analysis': 3, 'theoretical_insight': 1, 'design_rationale': 1}"
3978,10,de:15 & im:4 & pr:12 & pr:19 & pr:6 & th:11 & va:9,"{'problem_analysis': 3, 'implementation_mechanism': 1, 'theoretical_insight': 1}"
3979,10,de:15 & im:4 & pr:12 & pr:19 & pr:31 & th:12 & va:10,"{'problem_analysis': 3, 'theoretical_insight': 1, 'implementation_mechanism': 1}"
3980,10,de:29 & im:12 & pr:0 & pr:12 & pr:19 & th:5 & va:0,"{'problem_analysis': 3, 'theoretical_insight': 1, 'validation_evidence': 1}"
3981,10,de:16 & im:1 & pr:12 & pr:19 & pr:31 & th:2 & va:17,"{'problem_analysis': 3, 'theoretical_insight': 1, 'design_rationale': 1}"
3982,10,de:15 & im:4 & pr:12 & pr:19 & pr:31 & th:2 & va:32,"{'problem_analysis': 3, 'theoretical_insight': 1, 'implementation_mechanism': 1}"
3983,10,de:20 & im:20 & pr:12 & pr:19 & pr:9 & th:12 & va:9,"{'problem_analysis': 3, 'theoretical_insight': 1, 'design_rationale': 1}"
3984,10,de:3 & im:16 & pr:12 & pr:19 & pr:39 & th:36 & va:0,"{'problem_analysis': 3, 'implementation_mechanism': 1, 'validation_evidence': 1}"
3985,10,de:7 & im:14 & pr:12 & pr:19 & pr:4 & th:1 & va:28,"{'problem_analysis': 3, 'theoretical_insight': 1, 'implementation_mechanism': 1}"
3986,10,de:25 & im:34 & pr:12 & pr:19 & pr:31 & pr:32,"{'problem_analysis': 4, 'design_rationale': 1, 'implementation_mechanism': 1}"
3987,10,de:17 & im:4 & pr:12 & pr:19 & pr:6 & th:12 & va:9,"{'problem_analysis': 3, 'design_rationale': 1, 'theoretical_insight': 1}"
3988,10,de:23 & im:38 & pr:12 & pr:19 & pr:6 & th:12 & va:2,"{'problem_analysis': 3, 'implementation_mechanism': 1, 'design_rationale': 1}"
3989,10,de:15 & im:4 & pr:12 & pr:19 & pr:6 & th:12 & va:32,"{'problem_analysis': 3, 'theoretical_insight': 1, 'implementation_mechanism': 1}"
3990,10,de:9 & im:4 & pr:12 & pr:19 & pr:6 & th:12,"{'problem_analysis': 3, 'theoretical_insight': 1, 'design_rationale': 1}"
3991,10,de:29 & im:10 & pr:12 & pr:19 & pr:9 & th:0 & va:15,"{'problem_analysis': 3, 'design_rationale': 1, 'implementation_mechanism': 1}"
3992,10,pr:11 & pr:12 & pr:19 & th:12 & va:27,"{'problem_analysis': 3, 'theoretical_insight': 1, 'validation_evidence': 1}"
3993,10,de:23 & im:26 & pr:12 & pr:19 & pr:22 & th:33 & va:2,"{'problem_analysis': 3, 'design_rationale': 1, 'implementation_mechanism': 1}"
3994,10,de:20 & im:7 & pr:12 & pr:19 & pr:32 & th:12,"{'problem_analysis': 3, 'theoretical_insight': 1, 'design_rationale': 1}"
3995,10,de:16 & im:4 & pr:12 & pr:19 & pr:27 & pr:31 & pr:7 & th:12,"{'problem_analysis': 5, 'design_rationale': 1, 'theoretical_insight': 1}"
3996,10,de:25 & im:34 & pr:12 & pr:19 & pr:26 & th:22 & va:33,"{'problem_analysis': 3, 'design_rationale': 1, 'validation_evidence': 1}"
3997,10,de:20 & im:7 & pr:12 & pr:19 & pr:4 & th:1 & va:9,"{'problem_analysis': 3, 'theoretical_insight': 1, 'design_rationale': 1}"
3998,10,de:3 & im:16 & pr:12 & pr:13 & pr:19 & pr:3 & th:15 & va:13,"{'problem_analysis': 4, 'implementation_mechanism': 1, 'design_rationale': 1}"
3999,10,de:16 & de:38 & im:7 & pr:12 & pr:19 & pr:26 & th:2 & va:18,"{'problem_analysis': 3, 'design_rationale': 2, 'theoretical_insight': 1}"
4000,10,de:23 & im:35 & pr:12 & pr:19 & pr:22 & va:2,"{'problem_analysis': 3, 'design_rationale': 1, 'implementation_mechanism': 1}"
4001,10,de:10 & im:24 & pr:12 & pr:13 & pr:19 & pr:28 & th:10 & va:36,"{'problem_analysis': 4, 'theoretical_insight': 1, 'design_rationale': 1}"
4002,10,de:6 & im:11 & pr:12 & pr:13 & pr:19 & pr:5 & th:1 & va:4,"{'problem_analysis': 4, 'design_rationale': 1, 'theoretical_insight': 1}"
4003,10,de:9 & im:4 & pr:12 & pr:19 & pr:3 & pr:6 & th:11 & va:11,"{'problem_analysis': 4, 'design_rationale': 1, 'implementation_mechanism': 1}"
4004,10,de:38 & im:7 & pr:12 & pr:19 & pr:22 & th:12 & va:13,"{'problem_analysis': 3, 'theoretical_insight': 1, 'design_rationale': 1}"
4005,10,de:7 & im:7 & pr:11 & pr:12 & pr:14 & pr:19 & pr:6 & th:12 & va:18,"{'problem_analysis': 5, 'theoretical_insight': 1, 'design_rationale': 1}"
4006,10,de:23 & im:27 & pr:12 & pr:19 & pr:22 & th:18 & va:22,"{'problem_analysis': 3, 'design_rationale': 1, 'implementation_mechanism': 1}"
4007,10,de:15 & de:20 & im:19 & im:4 & pr:11 & pr:12 & pr:19 & pr:6 & th:11 & th:2 & va:10,"{'problem_analysis': 4, 'theoretical_insight': 2, 'implementation_mechanism': 2}"
4008,10,pr:31 & pr:9,{'problem_analysis': 2}
4009,10,de:0 & im:30 & pr:18 & pr:23 & th:23 & va:4,"{'problem_analysis': 2, 'theoretical_insight': 1, 'implementation_mechanism': 1}"
4010,10,de:25 & im:34 & pr:14 & pr:32 & th:21 & va:30,"{'problem_analysis': 2, 'design_rationale': 1, 'implementation_mechanism': 1}"
4011,10,de:37 & im:0 & pr:8 & th:6 & va:15,"{'validation_evidence': 1, 'design_rationale': 1, 'problem_analysis': 1}"
4012,10,de:20 & im:19 & pr:17 & th:12 & va:9,"{'theoretical_insight': 1, 'design_rationale': 1, 'validation_evidence': 1}"
4013,10,de:3 & im:16 & im:31 & pr:13 & pr:23 & pr:39 & th:36 & th:4 & va:0 & va:1,"{'problem_analysis': 3, 'validation_evidence': 2, 'implementation_mechanism': 2}"
4014,10,de:25 & im:31 & im:34 & pr:13 & pr:23 & pr:32 & th:21 & th:4 & va:1 & va:30,"{'problem_analysis': 3, 'validation_evidence': 2, 'theoretical_insight': 2}"
4015,10,im:31 & pr:13 & pr:19 & pr:23 & th:4 & va:1 & va:20,"{'problem_analysis': 3, 'validation_evidence': 2, 'theoretical_insight': 1}"
4016,10,de:16 & im:38 & pr:12 & pr:13 & th:12 & va:2,"{'problem_analysis': 2, 'implementation_mechanism': 1, 'design_rationale': 1}"
4017,10,de:16 & im:4 & pr:13 & pr:6 & th:4 & va:10,"{'problem_analysis': 2, 'design_rationale': 1, 'implementation_mechanism': 1}"
4018,10,de:15 & im:4 & pr:36 & va:10,"{'problem_analysis': 1, 'implementation_mechanism': 1, 'validation_evidence': 1}"
4019,10,de:37 & im:3 & pr:19 & pr:36 & th:6 & va:1,"{'problem_analysis': 2, 'validation_evidence': 1, 'design_rationale': 1}"
4020,10,de:28 & im:7 & pr:19 & pr:36 & th:1 & va:28,"{'problem_analysis': 2, 'design_rationale': 1, 'theoretical_insight': 1}"
4021,10,de:3 & im:16 & pr:36 & pr:39 & th:36 & va:26,"{'problem_analysis': 2, 'implementation_mechanism': 1, 'validation_evidence': 1}"
4022,10,de:37 & im:1 & pr:19 & pr:36 & th:6 & va:39,"{'problem_analysis': 2, 'validation_evidence': 1, 'implementation_mechanism': 1}"
4023,10,de:25 & im:34 & pr:32 & pr:36 & th:21 & va:30,"{'problem_analysis': 2, 'design_rationale': 1, 'implementation_mechanism': 1}"
4024,10,de:1 & de:15 & im:4 & pr:13 & pr:18 & pr:19 & pr:6 & th:11 & th:23 & th:6 & va:32,"{'problem_analysis': 4, 'theoretical_insight': 3, 'design_rationale': 2}"
4025,10,de:1 & de:3 & im:16 & pr:13 & pr:18 & pr:36 & pr:39 & th:23 & th:36 & th:6 & va:26,"{'problem_analysis': 4, 'theoretical_insight': 3, 'design_rationale': 2}"
4026,10,de:1 & de:25 & im:34 & pr:13 & pr:18 & pr:32 & pr:36 & th:21 & th:23 & th:6 & va:30,"{'problem_analysis': 4, 'theoretical_insight': 3, 'design_rationale': 2}"
4027,10,de:3 & im:24 & pr:33 & pr:39 & th:36 & va:26,"{'problem_analysis': 2, 'implementation_mechanism': 1, 'validation_evidence': 1}"
4028,10,im:28 & pr:12 & pr:9 & va:3,"{'problem_analysis': 2, 'implementation_mechanism': 1, 'validation_evidence': 1}"
4029,10,de:16 & im:4 & pr:7 & pr:9 & th:37 & va:2,"{'problem_analysis': 2, 'design_rationale': 1, 'implementation_mechanism': 1}"
4030,10,de:14 & de:3 & im:16 & im:25 & pr:12 & pr:14 & pr:39 & th:26 & th:36 & va:20 & va:26,"{'problem_analysis': 3, 'implementation_mechanism': 2, 'theoretical_insight': 2}"
4031,10,de:14 & im:20 & pr:27 & pr:9 & th:8 & va:19,"{'problem_analysis': 2, 'validation_evidence': 1, 'theoretical_insight': 1}"
4032,10,im:13 & pr:2 & pr:27 & pr:39 & th:3 & va:36,"{'problem_analysis': 3, 'theoretical_insight': 1, 'implementation_mechanism': 1}"
4033,10,de:18 & im:16 & pr:39 & th:39 & va:26,"{'implementation_mechanism': 1, 'design_rationale': 1, 'validation_evidence': 1}"
4034,10,de:37 & im:1 & pr:14 & pr:18 & pr:37 & th:30 & th:6 & va:17,"{'problem_analysis': 3, 'theoretical_insight': 2, 'validation_evidence': 1}"
4035,10,de:37 & im:1 & pr:12 & pr:14 & pr:37 & th:30 & th:6 & va:1,"{'problem_analysis': 3, 'theoretical_insight': 2, 'validation_evidence': 1}"
4036,10,de:25 & im:34 & pr:12 & pr:14 & pr:32 & pr:37 & th:21 & th:30 & va:30,"{'problem_analysis': 4, 'theoretical_insight': 2, 'design_rationale': 1}"
4037,10,de:0 & im:36 & im:6 & pr:37 & th:6 & va:20,"{'implementation_mechanism': 2, 'design_rationale': 1, 'problem_analysis': 1}"
4038,10,de:37 & im:1 & pr:13 & pr:19 & th:6 & va:15,"{'problem_analysis': 2, 'validation_evidence': 1, 'implementation_mechanism': 1}"
4039,10,de:20 & im:19 & pr:11 & pr:9 & th:12 & th:14 & va:9,"{'problem_analysis': 2, 'theoretical_insight': 2, 'design_rationale': 1}"
4040,10,de:25 & im:34 & pr:12 & pr:31 & pr:32,"{'problem_analysis': 3, 'design_rationale': 1, 'implementation_mechanism': 1}"
4041,10,de:25 & de:37 & im:34 & pr:19 & pr:32 & pr:7 & th:21 & th:6 & va:30,"{'problem_analysis': 3, 'design_rationale': 2, 'theoretical_insight': 2}"
4042,10,de:15 & im:7 & pr:31 & pr:6 & th:11 & th:12 & va:2,"{'problem_analysis': 2, 'theoretical_insight': 2, 'validation_evidence': 1}"
4043,10,de:15 & im:7 & pr:16 & pr:6 & th:12,"{'problem_analysis': 2, 'theoretical_insight': 1, 'design_rationale': 1}"
4044,10,de:15 & im:4 & im:7 & pr:6 & th:12 & va:32,"{'implementation_mechanism': 2, 'problem_analysis': 1, 'theoretical_insight': 1}"
4045,10,de:15 & de:25 & im:34 & im:7 & pr:4 & pr:6 & th:12 & th:21 & va:27,"{'problem_analysis': 2, 'theoretical_insight': 2, 'design_rationale': 2}"
4046,10,de:15 & de:16 & im:1 & im:7 & pr:12 & pr:6 & th:12 & th:31 & va:39,"{'design_rationale': 2, 'problem_analysis': 2, 'theoretical_insight': 2}"
4047,10,de:15 & im:4 & im:7 & pr:31 & pr:6 & th:12 & th:2 & va:10,"{'theoretical_insight': 2, 'problem_analysis': 2, 'implementation_mechanism': 2}"
4048,10,de:15 & de:29 & im:16 & im:7 & pr:39 & pr:6 & th:12 & th:36 & va:26,"{'problem_analysis': 2, 'theoretical_insight': 2, 'implementation_mechanism': 2}"
4049,10,de:15 & im:4 & im:7 & pr:6 & th:11 & th:12 & va:9,"{'theoretical_insight': 2, 'implementation_mechanism': 2, 'problem_analysis': 1}"
4050,10,de:15 & de:28 & im:7 & pr:6 & th:12 & th:9 & va:32,"{'design_rationale': 2, 'theoretical_insight': 2, 'problem_analysis': 1}"
4051,10,de:15 & de:37 & im:1 & im:7 & pr:19 & pr:6 & th:12 & th:6 & va:39,"{'problem_analysis': 2, 'theoretical_insight': 2, 'implementation_mechanism': 2}"
4052,10,de:15 & de:37 & im:3 & im:7 & pr:19 & pr:6 & th:12 & th:6 & va:1,"{'problem_analysis': 2, 'theoretical_insight': 2, 'design_rationale': 2}"
4053,10,de:15 & im:4 & im:7 & pr:12 & pr:6 & th:12 & th:2 & va:10,"{'theoretical_insight': 2, 'problem_analysis': 2, 'implementation_mechanism': 2}"
4054,10,de:15 & de:22 & im:31 & im:7 & pr:3 & pr:6 & th:12 & th:4 & va:7,"{'design_rationale': 2, 'problem_analysis': 2, 'theoretical_insight': 2}"
4055,10,de:12 & de:15 & im:20 & im:7 & pr:6 & pr:9 & th:1 & th:12 & va:12,"{'problem_analysis': 2, 'theoretical_insight': 2, 'implementation_mechanism': 2}"
4056,10,de:14 & de:15 & im:25 & im:7 & pr:14 & pr:6 & th:12 & th:26 & va:20,"{'problem_analysis': 2, 'theoretical_insight': 2, 'design_rationale': 2}"
4057,10,de:15 & de:20 & im:19 & im:7 & pr:35 & pr:6 & th:12 & va:2,"{'problem_analysis': 2, 'design_rationale': 2, 'implementation_mechanism': 2}"
4058,10,de:15 & de:7 & im:10 & im:7 & pr:19 & pr:6 & th:12 & th:37 & va:37,"{'problem_analysis': 2, 'theoretical_insight': 2, 'implementation_mechanism': 2}"
4059,10,de:11 & de:15 & im:7 & im:9 & pr:33 & pr:6 & th:12 & th:35 & va:15,"{'problem_analysis': 2, 'theoretical_insight': 2, 'implementation_mechanism': 2}"
4060,10,de:15 & de:37 & im:1 & im:7 & pr:19 & pr:6 & th:12 & th:6 & va:17,"{'problem_analysis': 2, 'theoretical_insight': 2, 'implementation_mechanism': 2}"
4061,10,de:15 & de:20 & de:28 & im:19 & im:7 & pr:12 & pr:24 & pr:6 & th:12 & va:30,"{'problem_analysis': 3, 'design_rationale': 3, 'implementation_mechanism': 2}"
4062,10,de:15 & de:17 & im:20 & im:7 & pr:12 & pr:6 & th:12 & th:2 & va:3,"{'design_rationale': 2, 'theoretical_insight': 2, 'problem_analysis': 2}"
4063,10,de:15 & de:37 & im:1 & im:7 & pr:19 & pr:6 & th:12 & th:6 & va:37,"{'problem_analysis': 2, 'theoretical_insight': 2, 'implementation_mechanism': 2}"
4064,10,de:1 & de:15 & im:7 & im:8 & pr:16 & pr:20 & pr:6 & th:12 & th:6 & va:35,"{'problem_analysis': 3, 'implementation_mechanism': 2, 'theoretical_insight': 2}"
4065,10,de:1 & de:15 & im:1 & im:7 & pr:13 & pr:19 & pr:6 & th:12 & th:23 & va:4,"{'problem_analysis': 3, 'theoretical_insight': 2, 'design_rationale': 2}"
4066,10,de:15 & de:37 & im:3 & im:7 & pr:16 & pr:19 & pr:6 & th:12 & th:28 & va:33,"{'problem_analysis': 3, 'theoretical_insight': 2, 'design_rationale': 2}"
4067,10,de:20 & im:7 & pr:27 & pr:33 & va:25,"{'problem_analysis': 2, 'validation_evidence': 1, 'design_rationale': 1}"
4068,10,de:15 & im:4 & pr:33 & pr:6 & th:12 & va:32,"{'problem_analysis': 2, 'theoretical_insight': 1, 'implementation_mechanism': 1}"
4069,10,de:28 & im:19 & pr:33 & pr:4 & th:12 & va:30,"{'problem_analysis': 2, 'design_rationale': 1, 'theoretical_insight': 1}"
4070,10,de:1 & im:1 & pr:13 & pr:16 & pr:36 & th:23 & va:4,"{'problem_analysis': 3, 'theoretical_insight': 1, 'design_rationale': 1}"
4071,10,de:37 & im:28 & pr:20 & pr:31 & th:38,"{'problem_analysis': 2, 'implementation_mechanism': 1, 'theoretical_insight': 1}"
4072,10,de:6 & im:21 & pr:0 & pr:31 & th:1,"{'problem_analysis': 2, 'design_rationale': 1, 'theoretical_insight': 1}"
4073,10,de:8 & im:16 & pr:0 & pr:31 & th:7 & va:34,"{'problem_analysis': 2, 'validation_evidence': 1, 'implementation_mechanism': 1}"
4074,10,de:3 & im:16 & pr:31 & pr:38 & th:12 & va:26,"{'problem_analysis': 2, 'theoretical_insight': 1, 'implementation_mechanism': 1}"
4075,10,de:3 & im:16 & pr:0 & pr:31 & th:1 & va:0,"{'problem_analysis': 2, 'implementation_mechanism': 1, 'theoretical_insight': 1}"
4076,10,de:22 & im:31 & pr:0 & pr:31 & th:1 & va:7,"{'problem_analysis': 2, 'design_rationale': 1, 'theoretical_insight': 1}"
4077,10,de:5 & im:1 & pr:31 & pr:7 & th:37 & va:39,"{'problem_analysis': 2, 'validation_evidence': 1, 'design_rationale': 1}"
4078,10,de:15 & im:19 & pr:31 & pr:35 & th:12 & va:30,"{'problem_analysis': 2, 'theoretical_insight': 1, 'validation_evidence': 1}"
4079,10,de:38 & im:7 & pr:31 & pr:5 & th:12 & va:0,"{'problem_analysis': 2, 'theoretical_insight': 1, 'validation_evidence': 1}"
4080,10,de:8 & im:1 & pr:10 & pr:31 & th:6 & va:10,"{'problem_analysis': 2, 'design_rationale': 1, 'implementation_mechanism': 1}"
4081,10,de:3 & im:3 & pr:16 & pr:31 & th:28 & va:1,"{'problem_analysis': 2, 'validation_evidence': 1, 'design_rationale': 1}"
4082,10,de:39 & im:0 & pr:10 & pr:16 & pr:31 & va:1,"{'problem_analysis': 3, 'validation_evidence': 1, 'design_rationale': 1}"
4083,10,de:33 & im:5 & pr:16 & pr:31 & th:8 & va:20,"{'problem_analysis': 2, 'design_rationale': 1, 'theoretical_insight': 1}"
4084,10,de:4 & im:10 & pr:19 & pr:31 & th:8 & va:33,"{'problem_analysis': 2, 'implementation_mechanism': 1, 'theoretical_insight': 1}"
4085,10,de:16 & de:20 & pr:11 & pr:12 & pr:31 & th:12 & th:2 & va:30,"{'problem_analysis': 3, 'theoretical_insight': 2, 'design_rationale': 2}"
4086,10,de:37 & im:1 & pr:19 & pr:31 & th:6 & va:24,"{'problem_analysis': 2, 'validation_evidence': 1, 'implementation_mechanism': 1}"
4087,10,de:12 & im:8 & pr:16 & pr:31 & th:26 & va:1,"{'problem_analysis': 2, 'implementation_mechanism': 1, 'validation_evidence': 1}"
4088,10,de:18 & im:0 & pr:16 & pr:31 & th:19 & va:19,"{'problem_analysis': 2, 'validation_evidence': 1, 'design_rationale': 1}"
4089,10,de:20 & im:19 & pr:11 & pr:31 & pr:8 & th:2 & va:9,"{'problem_analysis': 3, 'theoretical_insight': 1, 'design_rationale': 1}"
4090,10,de:15 & de:28 & im:4 & im:7 & pr:31 & pr:6 & th:9 & va:32,"{'design_rationale': 2, 'problem_analysis': 2, 'implementation_mechanism': 2}"
4091,10,de:11 & de:7 & im:7 & pr:11 & pr:12 & pr:26 & pr:31 & th:12 & th:25 & th:31 & va:15,"{'problem_analysis': 4, 'theoretical_insight': 3, 'design_rationale': 2}"
4092,10,pr:12 & pr:19 & th:2 & va:15 & va:9,"{'problem_analysis': 2, 'validation_evidence': 2, 'theoretical_insight': 1}"
4093,10,de:16 & pr:19 & pr:4 & th:31,"{'problem_analysis': 2, 'theoretical_insight': 1, 'design_rationale': 1}"
4094,10,de:25 & im:34 & pr:26 & pr:4 & th:22 & va:33,"{'problem_analysis': 2, 'design_rationale': 1, 'validation_evidence': 1}"
4095,10,de:16 & de:38 & im:7 & pr:26 & pr:4 & th:2 & va:18,"{'design_rationale': 2, 'problem_analysis': 2, 'theoretical_insight': 1}"
4096,10,de:15 & im:4 & pr:31 & pr:9 & th:14 & th:2 & va:10,"{'theoretical_insight': 2, 'problem_analysis': 2, 'validation_evidence': 1}"
4097,10,de:15 & im:4 & pr:31 & pr:6 & pr:9 & th:11 & th:14 & va:10,"{'problem_analysis': 3, 'theoretical_insight': 2, 'validation_evidence': 1}"
4098,10,de:25 & im:34 & pr:32 & pr:9 & th:14 & th:21 & va:30,"{'problem_analysis': 2, 'theoretical_insight': 2, 'design_rationale': 1}"
4099,10,pr:11 & pr:26 & th:12 & va:9,"{'problem_analysis': 2, 'validation_evidence': 1, 'theoretical_insight': 1}"
4100,10,im:9 & pr:0 & pr:26 & va:28,"{'problem_analysis': 2, 'implementation_mechanism': 1, 'validation_evidence': 1}"
4101,10,pr:12 & pr:26 & th:2,"{'problem_analysis': 2, 'theoretical_insight': 1}"
4102,10,de:16 & im:35 & pr:12 & pr:26 & th:2 & va:2,"{'problem_analysis': 2, 'theoretical_insight': 1, 'design_rationale': 1}"
4103,10,de:20 & im:19 & pr:11 & pr:26 & th:1 & va:9,"{'problem_analysis': 2, 'theoretical_insight': 1, 'design_rationale': 1}"
4104,10,de:20 & im:19 & pr:11 & pr:26 & th:12 & va:9,"{'problem_analysis': 2, 'theoretical_insight': 1, 'design_rationale': 1}"
4105,10,de:15 & im:4 & pr:12 & pr:26 & th:2 & va:9,"{'problem_analysis': 2, 'theoretical_insight': 1, 'implementation_mechanism': 1}"
4106,10,de:8 & im:0 & pr:12 & pr:19 & pr:26 & va:1,"{'problem_analysis': 3, 'validation_evidence': 1, 'design_rationale': 1}"
4107,10,de:38 & im:7 & pr:26 & pr:5 & th:12 & va:0,"{'problem_analysis': 2, 'theoretical_insight': 1, 'validation_evidence': 1}"
4108,10,de:22 & im:31 & pr:26 & pr:31 & th:2,"{'problem_analysis': 2, 'theoretical_insight': 1, 'design_rationale': 1}"
4109,10,de:37 & im:1 & pr:12 & pr:20 & pr:26 & th:6 & va:1,"{'problem_analysis': 3, 'validation_evidence': 1, 'implementation_mechanism': 1}"
4110,10,de:9 & im:22 & pr:12 & pr:22 & pr:26 & th:33 & va:33,"{'problem_analysis': 3, 'implementation_mechanism': 1, 'design_rationale': 1}"
4111,10,de:37 & im:1 & pr:12 & pr:18 & pr:26 & th:6 & va:17,"{'problem_analysis': 3, 'validation_evidence': 1, 'implementation_mechanism': 1}"
4112,10,de:22 & im:31 & pr:26 & pr:31 & th:2 & va:4,"{'problem_analysis': 2, 'theoretical_insight': 1, 'design_rationale': 1}"
4113,10,de:20 & im:7 & pr:26 & pr:4 & th:1 & va:9,"{'problem_analysis': 2, 'theoretical_insight': 1, 'design_rationale': 1}"
4114,10,de:15 & im:4 & pr:26 & pr:6 & th:1 & va:10,"{'problem_analysis': 2, 'theoretical_insight': 1, 'implementation_mechanism': 1}"
4115,10,de:37 & im:1 & pr:12 & pr:26 & pr:7 & th:6 & va:1,"{'problem_analysis': 3, 'validation_evidence': 1, 'implementation_mechanism': 1}"
4116,10,im:7 & pr:12 & pr:4 & va:28,"{'problem_analysis': 2, 'implementation_mechanism': 1, 'validation_evidence': 1}"
4117,10,de:15 & im:4 & pr:11 & pr:12 & th:11 & va:10,"{'problem_analysis': 2, 'implementation_mechanism': 1, 'theoretical_insight': 1}"
4118,10,de:15 & im:7 & pr:12 & pr:4 & pr:5 & th:2 & va:9,"{'problem_analysis': 3, 'theoretical_insight': 1, 'validation_evidence': 1}"
4119,10,pr:22 & pr:6,{'problem_analysis': 2}
4120,10,de:37 & im:28 & pr:22 & pr:7 & th:2 & va:1,"{'problem_analysis': 2, 'theoretical_insight': 1, 'validation_evidence': 1}"
4121,10,pr:11 & pr:22 & th:12 & va:27,"{'problem_analysis': 2, 'theoretical_insight': 1, 'validation_evidence': 1}"
4122,10,pr:22 & pr:31 & pr:6 & th:11 & va:2,"{'problem_analysis': 3, 'theoretical_insight': 1, 'validation_evidence': 1}"
4123,10,de:18 & im:6 & pr:12 & pr:22 & pr:38 & th:36 & va:1,"{'problem_analysis': 3, 'validation_evidence': 1, 'design_rationale': 1}"
4124,10,de:20 & im:7 & pr:22 & pr:32 & th:12,"{'problem_analysis': 2, 'theoretical_insight': 1, 'design_rationale': 1}"
4125,10,de:15 & im:4 & pr:22 & pr:6 & th:11,"{'problem_analysis': 2, 'implementation_mechanism': 1, 'theoretical_insight': 1}"
4126,10,de:15 & im:10 & pr:22 & pr:6 & th:11 & va:10,"{'problem_analysis': 2, 'theoretical_insight': 1, 'implementation_mechanism': 1}"
4127,10,de:20 & im:7 & pr:22 & pr:4 & th:1 & va:9,"{'problem_analysis': 2, 'theoretical_insight': 1, 'design_rationale': 1}"
4128,10,de:15 & im:7 & pr:22 & pr:6 & th:12 & va:10,"{'problem_analysis': 2, 'theoretical_insight': 1, 'validation_evidence': 1}"
4129,10,de:16 & im:38 & pr:22 & pr:6 & th:12 & th:26 & th:9 & va:2,"{'theoretical_insight': 3, 'problem_analysis': 2, 'implementation_mechanism': 1}"
4130,10,de:17 & im:20 & pr:11 & pr:12 & pr:22 & pr:23 & pr:39 & th:12 & va:17 & va:38,"{'problem_analysis': 5, 'validation_evidence': 2, 'design_rationale': 1}"
4131,10,de:15 & im:4 & im:7 & pr:22 & pr:6 & th:12,"{'problem_analysis': 2, 'implementation_mechanism': 2, 'theoretical_insight': 1}"
4132,10,de:15 & im:4 & im:7 & pr:22 & pr:6 & th:11 & th:12 & va:10,"{'problem_analysis': 2, 'theoretical_insight': 2, 'implementation_mechanism': 2}"
4133,10,de:5 & im:1 & pr:7 & th:37 & va:17,"{'validation_evidence': 1, 'design_rationale': 1, 'problem_analysis': 1}"
4134,10,de:20 & de:3 & de:9 & im:16 & im:4 & pr:27 & pr:3 & pr:39 & th:1 & th:36 & va:0,"{'design_rationale': 3, 'problem_analysis': 3, 'theoretical_insight': 2}"
4135,10,de:20 & de:25 & de:9 & im:34 & im:4 & pr:27 & pr:3 & pr:32 & th:1 & th:21 & va:30,"{'design_rationale': 3, 'problem_analysis': 3, 'theoretical_insight': 2}"
4136,10,de:12 & im:20 & pr:26 & pr:9 & th:1 & va:12,"{'problem_analysis': 2, 'validation_evidence': 1, 'theoretical_insight': 1}"
4137,10,de:22 & im:31 & pr:32 & pr:4 & th:4 & va:23,"{'problem_analysis': 2, 'design_rationale': 1, 'theoretical_insight': 1}"
4138,10,de:3 & im:16 & pr:4 & pr:7 & th:36 & va:0,"{'problem_analysis': 2, 'implementation_mechanism': 1, 'validation_evidence': 1}"
4139,10,de:15 & im:19 & pr:4 & pr:6 & th:12 & va:10,"{'problem_analysis': 2, 'theoretical_insight': 1, 'implementation_mechanism': 1}"
4140,10,de:37 & im:0 & pr:19 & pr:4 & th:6 & va:39,"{'problem_analysis': 2, 'validation_evidence': 1, 'design_rationale': 1}"
4141,10,de:32 & im:0 & pr:1 & pr:19 & pr:4 & th:7 & va:39,"{'problem_analysis': 3, 'design_rationale': 1, 'validation_evidence': 1}"
4142,10,de:15 & pr:31 & pr:6,"{'problem_analysis': 2, 'design_rationale': 1}"
4143,10,de:25 & de:37 & im:34 & pr:16 & pr:19 & pr:32 & th:21 & th:28 & va:30,"{'problem_analysis': 3, 'design_rationale': 2, 'theoretical_insight': 2}"
4144,10,de:10 & im:32 & pr:28 & th:33 & va:33,"{'problem_analysis': 1, 'design_rationale': 1, 'implementation_mechanism': 1}"
4145,10,de:3 & im:11 & pr:0 & va:8,"{'problem_analysis': 1, 'validation_evidence': 1, 'implementation_mechanism': 1}"
4146,10,de:17 & im:20 & pr:11 & pr:12 & pr:23 & pr:27 & pr:39 & th:12 & va:17 & va:38,"{'problem_analysis': 5, 'validation_evidence': 2, 'design_rationale': 1}"
4147,10,de:1 & im:18 & pr:0 & th:34 & va:26,"{'theoretical_insight': 1, 'implementation_mechanism': 1, 'design_rationale': 1}"
4148,10,de:37 & im:1 & pr:16 & pr:19 & th:6 & va:39,"{'problem_analysis': 2, 'validation_evidence': 1, 'implementation_mechanism': 1}"
4149,10,de:15 & im:4 & pr:19 & pr:36 & va:10,"{'problem_analysis': 2, 'implementation_mechanism': 1, 'validation_evidence': 1}"
4150,10,de:15 & im:4 & pr:11 & pr:12 & th:2 & va:32,"{'problem_analysis': 2, 'theoretical_insight': 1, 'implementation_mechanism': 1}"
4151,10,de:14 & im:8 & pr:11 & pr:7 & th:8 & va:19,"{'problem_analysis': 2, 'implementation_mechanism': 1, 'validation_evidence': 1}"
4152,10,de:7 & im:31 & pr:11 & pr:13 & th:4 & va:7,"{'problem_analysis': 2, 'validation_evidence': 1, 'implementation_mechanism': 1}"
4153,10,de:7 & im:4 & pr:11 & pr:13 & th:4 & va:10,"{'problem_analysis': 2, 'implementation_mechanism': 1, 'design_rationale': 1}"
4154,10,de:10 & im:3 & pr:11 & pr:15 & pr:32 & th:33 & va:33,"{'problem_analysis': 3, 'design_rationale': 1, 'validation_evidence': 1}"
4155,10,pr:11 & pr:12 & pr:3 & th:6,"{'problem_analysis': 3, 'theoretical_insight': 1}"
4156,10,de:3 & im:16 & pr:11 & pr:2 & pr:39 & th:36 & va:0,"{'problem_analysis': 3, 'implementation_mechanism': 1, 'validation_evidence': 1}"
4157,10,de:3 & im:16 & pr:11 & pr:2 & pr:39 & th:36 & va:26,"{'problem_analysis': 3, 'implementation_mechanism': 1, 'validation_evidence': 1}"
4158,10,de:3 & im:16 & pr:11 & pr:39 & th:13 & va:26,"{'problem_analysis': 2, 'theoretical_insight': 1, 'implementation_mechanism': 1}"
4159,10,de:15 & im:4 & pr:11 & pr:18 & pr:6 & th:11 & va:10,"{'problem_analysis': 3, 'implementation_mechanism': 1, 'theoretical_insight': 1}"
4160,10,de:3 & im:24 & pr:11 & pr:39 & th:36 & va:26,"{'problem_analysis': 2, 'implementation_mechanism': 1, 'validation_evidence': 1}"
4161,10,de:3 & im:24 & pr:11 & pr:39 & th:19 & th:39 & va:26,"{'theoretical_insight': 2, 'problem_analysis': 2, 'implementation_mechanism': 1}"
4162,10,pr:24 & pr:27 & pr:9 & th:12 & th:14 & va:15,"{'problem_analysis': 3, 'theoretical_insight': 2, 'validation_evidence': 1}"
4163,10,de:17 & im:20 & pr:24 & pr:27 & pr:9 & th:12 & th:14 & th:37 & va:17,"{'problem_analysis': 3, 'theoretical_insight': 3, 'design_rationale': 1}"
4164,10,de:13 & im:7 & pr:11 & pr:26 & va:30,"{'problem_analysis': 2, 'design_rationale': 1, 'validation_evidence': 1}"
4165,10,pr:28 & pr:31 & pr:4 & pr:6 & th:33 & va:28,"{'problem_analysis': 4, 'validation_evidence': 1, 'theoretical_insight': 1}"
4166,10,de:29 & im:16 & pr:28 & pr:31 & pr:39 & pr:6 & th:33 & th:36 & va:26,"{'problem_analysis': 4, 'theoretical_insight': 2, 'implementation_mechanism': 1}"
4167,10,de:15 & im:4 & pr:28 & pr:31 & pr:6 & th:2 & th:33 & va:10,"{'problem_analysis': 3, 'theoretical_insight': 2, 'validation_evidence': 1}"
4168,10,de:37 & im:1 & pr:19 & pr:28 & pr:31 & pr:6 & th:33 & th:6 & va:39,"{'problem_analysis': 4, 'theoretical_insight': 2, 'validation_evidence': 1}"
4169,10,de:12 & im:20 & pr:28 & pr:31 & pr:6 & pr:9 & th:1 & th:33 & va:12,"{'problem_analysis': 4, 'theoretical_insight': 2, 'validation_evidence': 1}"
4170,10,de:20 & im:19 & pr:28 & pr:31 & pr:35 & pr:6 & th:12 & th:33 & va:2,"{'problem_analysis': 4, 'theoretical_insight': 2, 'design_rationale': 1}"
4171,10,de:7 & im:10 & pr:28 & pr:31 & pr:6 & pr:7 & th:33 & th:37 & va:37,"{'problem_analysis': 4, 'theoretical_insight': 2, 'validation_evidence': 1}"
4172,10,de:37 & im:1 & pr:19 & pr:28 & pr:31 & pr:6 & th:33 & th:6 & va:17,"{'problem_analysis': 4, 'theoretical_insight': 2, 'validation_evidence': 1}"
4173,10,de:15 & im:4 & pr:28 & pr:31 & pr:6 & th:1 & th:33 & va:10,"{'problem_analysis': 3, 'theoretical_insight': 2, 'validation_evidence': 1}"
4174,10,de:1 & im:8 & pr:16 & pr:20 & pr:28 & pr:31 & pr:6 & th:33 & th:6 & va:35,"{'problem_analysis': 5, 'theoretical_insight': 2, 'implementation_mechanism': 1}"
4175,10,de:1 & im:1 & pr:13 & pr:19 & pr:28 & pr:31 & pr:6 & th:23 & th:33 & va:4,"{'problem_analysis': 5, 'theoretical_insight': 2, 'design_rationale': 1}"
4176,10,de:15 & im:4 & im:7 & pr:28 & pr:31 & pr:6 & th:12 & th:33 & va:10,"{'problem_analysis': 3, 'theoretical_insight': 2, 'implementation_mechanism': 2}"
4177,10,de:25 & de:29 & im:29 & im:34 & pr:0 & pr:16 & pr:32 & th:21 & th:34 & va:30,"{'problem_analysis': 3, 'theoretical_insight': 2, 'design_rationale': 2}"
4178,10,pr:11 & pr:4 & th:12 & va:9,"{'problem_analysis': 2, 'theoretical_insight': 1, 'validation_evidence': 1}"
4179,10,im:9 & pr:0 & pr:4 & va:28,"{'problem_analysis': 2, 'implementation_mechanism': 1, 'validation_evidence': 1}"
4180,10,de:15 & pr:4 & pr:6,"{'problem_analysis': 2, 'design_rationale': 1}"
4181,10,pr:31 & pr:4,{'problem_analysis': 2}
4182,10,de:16 & im:10 & pr:4 & pr:6 & th:12 & va:3,"{'problem_analysis': 2, 'design_rationale': 1, 'validation_evidence': 1}"
4183,10,de:15 & im:7 & pr:4 & pr:6 & th:11 & va:9,"{'problem_analysis': 2, 'theoretical_insight': 1, 'validation_evidence': 1}"
4184,10,de:22 & im:9 & pr:13 & pr:4 & th:4 & va:15,"{'problem_analysis': 2, 'design_rationale': 1, 'implementation_mechanism': 1}"
4185,10,de:16 & im:4 & pr:31 & pr:4 & th:2 & va:10,"{'problem_analysis': 2, 'theoretical_insight': 1, 'design_rationale': 1}"
4186,10,de:37 & im:1 & pr:19 & pr:4 & th:37 & va:39,"{'problem_analysis': 2, 'validation_evidence': 1, 'theoretical_insight': 1}"
4187,10,de:9 & im:35 & pr:11 & pr:4 & th:12 & va:9,"{'problem_analysis': 2, 'theoretical_insight': 1, 'design_rationale': 1}"
4188,10,de:25 & im:34 & pr:4 & pr:6 & th:12,"{'problem_analysis': 2, 'theoretical_insight': 1, 'design_rationale': 1}"
4189,10,de:16 & im:4 & pr:4 & pr:7 & th:37 & va:2,"{'problem_analysis': 2, 'design_rationale': 1, 'implementation_mechanism': 1}"
4190,10,de:16 & im:38 & pr:12 & pr:4 & th:12 & va:2,"{'problem_analysis': 2, 'implementation_mechanism': 1, 'design_rationale': 1}"
4191,10,de:16 & im:1 & pr:18 & pr:4 & th:0 & va:17,"{'problem_analysis': 2, 'design_rationale': 1, 'validation_evidence': 1}"
4192,10,de:22 & im:23 & pr:13 & pr:4 & th:4 & va:38,"{'problem_analysis': 2, 'design_rationale': 1, 'implementation_mechanism': 1}"
4193,10,de:22 & im:26 & pr:13 & pr:4 & th:4 & va:7,"{'problem_analysis': 2, 'design_rationale': 1, 'validation_evidence': 1}"
4194,10,de:5 & im:1 & pr:12 & pr:4 & th:6 & va:1,"{'problem_analysis': 2, 'validation_evidence': 1, 'design_rationale': 1}"
4195,10,pr:19 & pr:4 & th:2 & va:15 & va:9,"{'validation_evidence': 2, 'problem_analysis': 2, 'theoretical_insight': 1}"
4196,10,de:11 & im:1 & im:26 & pr:12 & pr:4 & va:17,"{'implementation_mechanism': 2, 'problem_analysis': 2, 'validation_evidence': 1}"
4197,10,de:14 & im:20 & pr:4 & pr:9 & th:14 & va:19,"{'problem_analysis': 2, 'validation_evidence': 1, 'implementation_mechanism': 1}"
4198,10,de:16 & im:1 & pr:18 & pr:4 & th:0 & va:15,"{'problem_analysis': 2, 'design_rationale': 1, 'validation_evidence': 1}"
4199,10,de:13 & im:1 & pr:4 & pr:7 & th:37 & va:15,"{'problem_analysis': 2, 'design_rationale': 1, 'validation_evidence': 1}"
4200,10,de:15 & im:4 & pr:18 & pr:4 & pr:6 & th:11 & va:10,"{'problem_analysis': 3, 'implementation_mechanism': 1, 'theoretical_insight': 1}"
4201,10,de:22 & de:6 & im:21 & im:31 & pr:13 & pr:30 & pr:4 & pr:5 & th:1 & th:4 & va:15 & va:30 & va:7,"{'problem_analysis': 4, 'validation_evidence': 3, 'design_rationale': 2}"
4202,10,de:17 & im:20 & pr:11 & pr:4 & th:12 & va:9,"{'problem_analysis': 2, 'design_rationale': 1, 'theoretical_insight': 1}"
4203,10,de:17 & im:19 & pr:11 & pr:4 & th:12 & va:9,"{'problem_analysis': 2, 'design_rationale': 1, 'theoretical_insight': 1}"
4204,10,de:15 & im:7 & pr:11 & pr:4 & pr:5 & th:2 & va:9,"{'problem_analysis': 3, 'theoretical_insight': 1, 'validation_evidence': 1}"
4205,10,de:14 & im:25 & pr:19 & pr:7 & va:37,"{'problem_analysis': 2, 'validation_evidence': 1, 'implementation_mechanism': 1}"
4206,10,im:4 & pr:12 & pr:31 & th:9 & va:10,"{'problem_analysis': 2, 'implementation_mechanism': 1, 'validation_evidence': 1}"
4207,10,de:14 & im:25 & pr:9 & th:14 & th:26 & va:20,"{'theoretical_insight': 2, 'problem_analysis': 1, 'implementation_mechanism': 1}"
4208,10,de:15 & im:4 & pr:22 & pr:31 & th:2 & va:10,"{'problem_analysis': 2, 'theoretical_insight': 1, 'implementation_mechanism': 1}"
4209,10,de:11 & im:9 & pr:22 & pr:33 & th:35 & va:15,"{'problem_analysis': 2, 'implementation_mechanism': 1, 'design_rationale': 1}"
4210,10,de:15 & im:4 & pr:22 & pr:31 & pr:6 & th:11 & va:10,"{'problem_analysis': 3, 'implementation_mechanism': 1, 'theoretical_insight': 1}"
4211,10,de:15 & im:4 & pr:22 & pr:27 & pr:6 & th:12 & th:2 & va:10,"{'problem_analysis': 3, 'theoretical_insight': 2, 'implementation_mechanism': 1}"
4212,10,de:0 & im:9 & pr:13 & th:4 & va:15,"{'problem_analysis': 1, 'implementation_mechanism': 1, 'validation_evidence': 1}"
4213,10,de:20 & im:19 & pr:11 & va:9,"{'implementation_mechanism': 1, 'validation_evidence': 1, 'problem_analysis': 1}"
4214,10,pr:11 & pr:39,{'problem_analysis': 2}
4215,10,pr:11 & pr:31 & th:16 & va:1,"{'problem_analysis': 2, 'validation_evidence': 1, 'theoretical_insight': 1}"
4216,10,de:16 & im:19 & pr:11 & pr:6 & th:21 & va:2,"{'problem_analysis': 2, 'design_rationale': 1, 'theoretical_insight': 1}"
4217,10,pr:19 & pr:27 & th:2 & va:15 & va:9,"{'validation_evidence': 2, 'problem_analysis': 2, 'theoretical_insight': 1}"
4218,10,de:8 & im:12 & pr:10 & pr:12 & pr:27 & th:7 & va:4,"{'problem_analysis': 3, 'theoretical_insight': 1, 'validation_evidence': 1}"
4219,10,de:15 & im:4 & pr:12 & pr:23 & pr:6 & th:11 & va:10,"{'problem_analysis': 3, 'implementation_mechanism': 1, 'theoretical_insight': 1}"
4220,10,de:16 & im:1 & pr:11 & pr:18 & th:0 & va:17,"{'problem_analysis': 2, 'design_rationale': 1, 'validation_evidence': 1}"
4221,10,de:16 & im:1 & pr:11 & pr:18 & th:0 & va:15,"{'problem_analysis': 2, 'design_rationale': 1, 'validation_evidence': 1}"
4222,10,de:15 & im:4 & pr:11 & va:10,"{'implementation_mechanism': 1, 'validation_evidence': 1, 'design_rationale': 1}"
4223,10,im:7 & pr:11 & pr:4 & va:28,"{'problem_analysis': 2, 'implementation_mechanism': 1, 'validation_evidence': 1}"
4224,10,de:25 & im:34 & pr:11 & pr:6 & th:12,"{'problem_analysis': 2, 'theoretical_insight': 1, 'design_rationale': 1}"
4225,10,de:8 & im:16 & pr:0 & pr:11 & th:7 & va:34,"{'problem_analysis': 2, 'validation_evidence': 1, 'implementation_mechanism': 1}"
4226,10,de:16 & im:4 & pr:11 & pr:18 & th:2 & va:10,"{'problem_analysis': 2, 'theoretical_insight': 1, 'design_rationale': 1}"
4227,10,de:16 & im:4 & pr:11 & pr:7 & th:37 & va:2,"{'problem_analysis': 2, 'design_rationale': 1, 'implementation_mechanism': 1}"
4228,10,de:37 & im:28 & pr:11 & pr:19 & th:29 & va:1,"{'problem_analysis': 2, 'validation_evidence': 1, 'theoretical_insight': 1}"
4229,10,de:37 & im:1 & pr:11 & pr:19 & th:37 & va:39,"{'problem_analysis': 2, 'validation_evidence': 1, 'theoretical_insight': 1}"
4230,10,de:22 & im:26 & pr:11 & pr:13 & th:4 & va:7,"{'problem_analysis': 2, 'design_rationale': 1, 'validation_evidence': 1}"
4231,10,pr:11 & pr:19 & th:2 & va:15 & va:9,"{'problem_analysis': 2, 'validation_evidence': 2, 'theoretical_insight': 1}"
4232,10,de:8 & im:1 & pr:10 & pr:11 & th:6 & va:10,"{'problem_analysis': 2, 'design_rationale': 1, 'implementation_mechanism': 1}"
4233,10,de:3 & im:3 & pr:11 & pr:16 & th:28 & va:1,"{'problem_analysis': 2, 'validation_evidence': 1, 'design_rationale': 1}"
4234,10,de:39 & im:0 & pr:10 & pr:11 & pr:16 & va:1,"{'problem_analysis': 3, 'validation_evidence': 1, 'design_rationale': 1}"
4235,10,de:33 & im:5 & pr:11 & pr:16 & th:8 & va:20,"{'problem_analysis': 2, 'design_rationale': 1, 'theoretical_insight': 1}"
4236,10,de:4 & im:10 & pr:11 & pr:19 & th:8 & va:33,"{'problem_analysis': 2, 'implementation_mechanism': 1, 'theoretical_insight': 1}"
4237,10,de:37 & im:1 & pr:11 & pr:19 & th:6 & va:24,"{'problem_analysis': 2, 'validation_evidence': 1, 'implementation_mechanism': 1}"
4238,10,de:12 & im:8 & pr:11 & pr:16 & th:26 & va:1,"{'problem_analysis': 2, 'implementation_mechanism': 1, 'validation_evidence': 1}"
4239,10,de:18 & im:0 & pr:11 & pr:16 & th:19 & va:19,"{'problem_analysis': 2, 'validation_evidence': 1, 'design_rationale': 1}"
4240,10,de:10 & im:24 & pr:11 & pr:13 & pr:28 & th:10 & va:36,"{'problem_analysis': 3, 'theoretical_insight': 1, 'design_rationale': 1}"
4241,10,de:6 & im:11 & pr:11 & pr:13 & pr:5 & th:1 & va:4,"{'problem_analysis': 3, 'design_rationale': 1, 'theoretical_insight': 1}"
4242,10,de:38 & de:6 & im:10 & im:3 & pr:11 & pr:31 & pr:32 & pr:4 & va:0 & va:23,"{'problem_analysis': 4, 'design_rationale': 2, 'validation_evidence': 2}"
4243,10,de:22 & de:6 & im:21 & im:31 & pr:11 & pr:13 & pr:30 & pr:5 & th:1 & th:4 & va:15 & va:30 & va:7,"{'problem_analysis': 4, 'validation_evidence': 3, 'design_rationale': 2}"
4244,10,de:7 & im:10 & pr:12 & pr:19 & th:37 & va:37,"{'problem_analysis': 2, 'validation_evidence': 1, 'implementation_mechanism': 1}"
4245,10,de:15 & im:4 & pr:12 & pr:6 & th:1 & va:10,"{'problem_analysis': 2, 'theoretical_insight': 1, 'implementation_mechanism': 1}"
4246,10,de:9 & im:1 & im:7 & pr:4 & pr:6 & pr:7 & th:12 & th:6 & va:39,"{'problem_analysis': 3, 'theoretical_insight': 2, 'implementation_mechanism': 2}"
4247,10,im:1 & pr:4 & pr:5 & pr:7 & th:6 & va:39,"{'problem_analysis': 3, 'validation_evidence': 1, 'implementation_mechanism': 1}"
4248,10,de:15 & de:16 & im:1 & im:4 & pr:6 & pr:9 & th:11 & th:2 & va:10 & va:39,"{'theoretical_insight': 2, 'design_rationale': 2, 'problem_analysis': 2}"
4249,10,de:7 & im:10 & pr:19 & pr:27 & th:37 & va:37,"{'problem_analysis': 2, 'validation_evidence': 1, 'implementation_mechanism': 1}"
4250,10,de:15 & de:20 & im:20 & im:4 & pr:12 & pr:24 & pr:6 & th:1 & th:11 & th:2 & va:9,"{'problem_analysis': 3, 'theoretical_insight': 3, 'implementation_mechanism': 2}"
4251,10,de:20 & im:19 & pr:11 & pr:4 & pr:5 & th:1 & th:12 & th:2 & va:9,"{'theoretical_insight': 3, 'problem_analysis': 3, 'design_rationale': 1}"
4252,10,de:15 & de:20 & im:4 & pr:4 & pr:5 & pr:6 & th:1 & th:11 & th:2 & va:32,"{'theoretical_insight': 3, 'problem_analysis': 3, 'design_rationale': 2}"
4253,10,de:20 & im:19 & pr:11 & pr:35 & pr:7 & th:12 & va:9,"{'problem_analysis': 3, 'theoretical_insight': 1, 'design_rationale': 1}"
4254,10,de:20 & de:37 & im:1 & im:19 & pr:19 & pr:35 & pr:7 & th:12 & th:6 & va:1,"{'problem_analysis': 3, 'theoretical_insight': 2, 'design_rationale': 2}"
4255,10,de:20 & de:25 & im:19 & im:34 & pr:32 & pr:35 & pr:7 & th:12 & th:21 & va:30,"{'problem_analysis': 3, 'theoretical_insight': 2, 'design_rationale': 2}"
4256,10,de:20 & de:28 & de:3 & im:16 & im:4 & pr:27 & pr:39 & th:1 & th:12 & th:36 & va:0,"{'design_rationale': 3, 'theoretical_insight': 3, 'implementation_mechanism': 2}"
4257,10,de:20 & de:25 & de:28 & im:34 & im:4 & pr:27 & pr:32 & th:1 & th:12 & th:21 & va:30,"{'design_rationale': 3, 'theoretical_insight': 3, 'implementation_mechanism': 2}"
4258,10,de:3 & de:37 & im:1 & im:16 & pr:19 & pr:25 & pr:39 & th:36 & th:6 & va:26,"{'problem_analysis': 3, 'implementation_mechanism': 2, 'design_rationale': 2}"
4259,10,de:25 & de:37 & im:1 & im:34 & pr:19 & pr:25 & pr:32 & th:21 & th:6 & va:30,"{'problem_analysis': 3, 'design_rationale': 2, 'implementation_mechanism': 2}"
4260,10,de:20 & de:3 & im:16 & im:19 & pr:11 & pr:39 & th:2 & th:36 & va:0,"{'theoretical_insight': 2, 'implementation_mechanism': 2, 'problem_analysis': 2}"
4261,10,de:20 & de:25 & im:19 & im:34 & pr:11 & pr:32 & th:2 & th:21 & va:30,"{'theoretical_insight': 2, 'design_rationale': 2, 'problem_analysis': 2}"
4262,10,de:15 & im:4 & pr:35 & pr:5 & pr:6 & th:11 & va:32,"{'problem_analysis': 3, 'implementation_mechanism': 1, 'theoretical_insight': 1}"
4263,9,de:22 & im:31 & pr:33 & th:4 & va:7,"{'design_rationale': 1, 'problem_analysis': 1, 'validation_evidence': 1}"
4264,9,de:22 & im:31 & pr:3 & pr:32 & th:4 & va:7,"{'problem_analysis': 2, 'design_rationale': 1, 'validation_evidence': 1}"
4265,9,de:11 & im:1 & pr:10 & pr:31 & pr:32 & th:27 & va:22,"{'problem_analysis': 3, 'design_rationale': 1, 'validation_evidence': 1}"
4266,9,de:37 & im:1 & pr:19 & pr:32 & th:6 & va:1,"{'problem_analysis': 2, 'validation_evidence': 1, 'implementation_mechanism': 1}"
4267,9,de:16 & im:31 & pr:12 & pr:9 & th:4,"{'problem_analysis': 2, 'design_rationale': 1, 'theoretical_insight': 1}"
4268,9,de:37 & im:1 & pr:12 & pr:9 & th:6 & va:15,"{'problem_analysis': 2, 'validation_evidence': 1, 'implementation_mechanism': 1}"
4269,9,de:8 & im:39 & pr:10 & pr:9 & th:28 & va:1,"{'problem_analysis': 2, 'validation_evidence': 1, 'design_rationale': 1}"
4270,9,de:29 & im:10 & pr:14 & pr:9 & th:8 & va:20,"{'problem_analysis': 2, 'implementation_mechanism': 1, 'design_rationale': 1}"
4271,9,de:14 & im:25 & pr:14 & pr:9 & th:26 & va:20,"{'problem_analysis': 2, 'implementation_mechanism': 1, 'validation_evidence': 1}"
4272,9,de:15 & im:4 & pr:31 & pr:9 & th:9 & va:32,"{'problem_analysis': 2, 'design_rationale': 1, 'implementation_mechanism': 1}"
4273,9,de:22 & im:31 & pr:31 & pr:9 & th:2,"{'problem_analysis': 2, 'theoretical_insight': 1, 'design_rationale': 1}"
4274,9,de:23 & im:38 & pr:6 & pr:9 & th:12 & va:2,"{'problem_analysis': 2, 'implementation_mechanism': 1, 'design_rationale': 1}"
4275,9,de:11 & im:1 & pr:10 & pr:31 & pr:9 & th:27 & va:22,"{'problem_analysis': 3, 'design_rationale': 1, 'validation_evidence': 1}"
4276,9,de:22 & im:31 & pr:31 & pr:9 & th:2 & va:4,"{'problem_analysis': 2, 'theoretical_insight': 1, 'design_rationale': 1}"
4277,9,de:23 & im:27 & pr:22 & pr:28 & pr:31 & pr:6 & pr:9 & th:18 & th:33 & va:2,"{'problem_analysis': 5, 'theoretical_insight': 2, 'design_rationale': 1}"
4278,9,de:11 & im:10 & im:31 & pr:13 & pr:23 & pr:9 & th:25 & th:4 & va:1 & va:20,"{'problem_analysis': 3, 'validation_evidence': 2, 'theoretical_insight': 2}"
4279,9,de:15 & im:4 & pr:23 & pr:6 & th:0,"{'problem_analysis': 2, 'implementation_mechanism': 1, 'theoretical_insight': 1}"
4280,9,de:28 & im:7 & pr:19 & pr:23 & th:1 & va:28,"{'problem_analysis': 2, 'design_rationale': 1, 'theoretical_insight': 1}"
4281,9,de:8 & im:16 & pr:0 & pr:23 & th:7 & va:34,"{'problem_analysis': 2, 'validation_evidence': 1, 'implementation_mechanism': 1}"
4282,9,de:14 & im:20 & pr:23 & pr:9 & th:29 & va:19,"{'problem_analysis': 2, 'validation_evidence': 1, 'theoretical_insight': 1}"
4283,9,de:16 & im:1 & pr:18 & pr:23 & th:0 & va:17,"{'problem_analysis': 2, 'design_rationale': 1, 'validation_evidence': 1}"
4284,9,de:16 & im:19 & pr:23 & pr:27 & th:12 & va:9,"{'problem_analysis': 2, 'design_rationale': 1, 'theoretical_insight': 1}"
4285,9,de:7 & im:31 & pr:13 & pr:23 & th:4 & va:7,"{'problem_analysis': 2, 'validation_evidence': 1, 'implementation_mechanism': 1}"
4286,9,de:7 & im:4 & pr:13 & pr:23 & th:4 & va:10,"{'problem_analysis': 2, 'implementation_mechanism': 1, 'design_rationale': 1}"
4287,9,de:16 & im:1 & pr:18 & pr:23 & th:0 & va:15,"{'problem_analysis': 2, 'design_rationale': 1, 'validation_evidence': 1}"
4288,9,de:37 & im:0 & pr:19 & pr:23 & pr:7 & th:6 & va:1,"{'problem_analysis': 3, 'validation_evidence': 1, 'design_rationale': 1}"
4289,9,de:37 & im:1 & pr:19 & pr:23 & th:6 & va:24,"{'problem_analysis': 2, 'validation_evidence': 1, 'implementation_mechanism': 1}"
4290,9,de:1 & im:9 & pr:13 & pr:19 & pr:23 & th:6 & va:4,"{'problem_analysis': 3, 'implementation_mechanism': 1, 'design_rationale': 1}"
4291,9,de:20 & im:19 & pr:11 & pr:23 & pr:4 & th:2 & va:9,"{'problem_analysis': 3, 'theoretical_insight': 1, 'design_rationale': 1}"
4292,9,de:0 & de:22 & im:31 & im:9 & pr:13 & pr:28 & th:32 & th:35 & th:4 & va:15 & va:7,"{'theoretical_insight': 3, 'problem_analysis': 2, 'design_rationale': 2}"
4293,9,de:22 & de:37 & im:1 & im:31 & pr:13 & pr:8 & th:32 & th:4 & th:6 & va:15 & va:7,"{'theoretical_insight': 3, 'problem_analysis': 2, 'design_rationale': 2}"
4294,9,de:0 & de:22 & im:31 & im:9 & pr:13 & pr:8 & th:32 & th:35 & th:4 & va:15 & va:7,"{'theoretical_insight': 3, 'problem_analysis': 2, 'design_rationale': 2}"
4295,9,de:28 & im:7 & pr:19 & pr:7 & th:1 & va:28,"{'problem_analysis': 2, 'design_rationale': 1, 'theoretical_insight': 1}"
4296,9,de:14 & im:25 & pr:7 & pr:9 & th:26 & va:20,"{'problem_analysis': 2, 'implementation_mechanism': 1, 'validation_evidence': 1}"
4297,9,de:14 & im:20 & pr:19 & pr:7 & pr:9 & th:14 & th:26 & va:19,"{'problem_analysis': 3, 'theoretical_insight': 2, 'validation_evidence': 1}"
4298,9,pr:19 & pr:6 & pr:7,{'problem_analysis': 3}
4299,9,de:22 & im:31 & pr:3 & pr:6 & pr:9 & th:4 & va:18,"{'problem_analysis': 3, 'design_rationale': 1, 'implementation_mechanism': 1}"
4300,9,de:3 & im:33 & pr:19 & pr:2 & pr:39 & th:34 & va:26,"{'problem_analysis': 3, 'theoretical_insight': 1, 'implementation_mechanism': 1}"
4301,9,de:37 & im:3 & pr:19 & pr:3 & th:6 & va:1,"{'problem_analysis': 2, 'validation_evidence': 1, 'design_rationale': 1}"
4302,9,de:29 & im:12 & pr:0 & pr:9 & th:5 & va:0,"{'problem_analysis': 2, 'theoretical_insight': 1, 'validation_evidence': 1}"
4303,9,de:15 & im:4 & pr:12 & pr:9 & th:2 & va:9,"{'problem_analysis': 2, 'theoretical_insight': 1, 'implementation_mechanism': 1}"
4304,9,de:38 & im:10 & pr:7 & pr:9 & th:12 & va:0,"{'problem_analysis': 2, 'theoretical_insight': 1, 'validation_evidence': 1}"
4305,9,de:28 & im:9 & pr:7 & pr:9 & th:39 & va:0,"{'problem_analysis': 2, 'design_rationale': 1, 'validation_evidence': 1}"
4306,9,de:15 & im:4 & pr:6 & pr:9 & th:12 & va:32,"{'problem_analysis': 2, 'theoretical_insight': 1, 'implementation_mechanism': 1}"
4307,9,de:22 & im:31 & pr:13 & pr:9 & th:4 & va:7,"{'problem_analysis': 2, 'design_rationale': 1, 'validation_evidence': 1}"
4308,9,de:11 & im:1 & pr:19 & pr:23 & th:37 & va:20,"{'problem_analysis': 2, 'design_rationale': 1, 'theoretical_insight': 1}"
4309,9,de:22 & im:1 & pr:13 & pr:23 & pr:33 & th:10 & va:12,"{'problem_analysis': 3, 'design_rationale': 1, 'theoretical_insight': 1}"
4310,9,de:4 & im:31 & pr:23 & pr:3 & pr:33 & th:30 & va:38,"{'problem_analysis': 3, 'theoretical_insight': 1, 'validation_evidence': 1}"
4311,9,de:7 & im:19 & pr:23 & pr:4 & pr:5 & th:12 & va:30,"{'problem_analysis': 3, 'theoretical_insight': 1, 'validation_evidence': 1}"
4312,9,de:13 & im:1 & pr:18 & th:0 & va:15,"{'design_rationale': 1, 'problem_analysis': 1, 'validation_evidence': 1}"
4313,9,de:15 & im:4 & pr:27 & pr:31 & pr:6 & th:12 & th:2 & th:9 & va:10,"{'theoretical_insight': 3, 'problem_analysis': 3, 'design_rationale': 1}"
4314,9,de:29 & im:29 & pr:19 & pr:2 & pr:23 & th:29 & va:8,"{'problem_analysis': 3, 'theoretical_insight': 1, 'validation_evidence': 1}"
4315,9,de:37 & im:1 & pr:13 & pr:19 & th:37 & va:39,"{'problem_analysis': 2, 'validation_evidence': 1, 'theoretical_insight': 1}"
4316,9,de:37 & im:1 & pr:13 & pr:18 & th:6 & va:17,"{'problem_analysis': 2, 'validation_evidence': 1, 'implementation_mechanism': 1}"
4317,9,de:16 & im:1 & pr:13 & pr:9 & th:14 & va:37,"{'problem_analysis': 2, 'design_rationale': 1, 'validation_evidence': 1}"
4318,9,de:20 & im:19 & pr:11 & pr:18 & th:12 & va:9,"{'problem_analysis': 2, 'theoretical_insight': 1, 'design_rationale': 1}"
4319,9,pr:12 & pr:7 & pr:9,{'problem_analysis': 3}
4320,9,im:31 & va:7,"{'validation_evidence': 1, 'implementation_mechanism': 1}"
4321,9,pr:23 & pr:33,{'problem_analysis': 2}
4322,9,de:6 & im:11 & pr:4 & pr:5 & th:1 & va:4,"{'problem_analysis': 2, 'design_rationale': 1, 'theoretical_insight': 1}"
4323,9,de:3 & im:16 & pr:2 & pr:33 & pr:39 & pr:4 & th:36 & va:26,"{'problem_analysis': 4, 'implementation_mechanism': 1, 'validation_evidence': 1}"
4324,9,de:3 & im:0 & pr:2 & pr:33 & pr:39 & pr:4 & th:36 & va:26,"{'problem_analysis': 4, 'implementation_mechanism': 1, 'validation_evidence': 1}"
4325,9,pr:37 & pr:9 & va:37,"{'problem_analysis': 2, 'validation_evidence': 1}"
4326,9,de:16 & im:4 & pr:18 & pr:9 & th:2 & va:10,"{'problem_analysis': 2, 'theoretical_insight': 1, 'design_rationale': 1}"
4327,9,de:38 & im:9 & pr:23 & pr:9 & th:4 & va:28,"{'problem_analysis': 2, 'implementation_mechanism': 1, 'validation_evidence': 1}"
4328,9,de:28 & im:7 & pr:12 & pr:9 & th:12 & va:17 & va:28,"{'problem_analysis': 2, 'validation_evidence': 2, 'design_rationale': 1}"
4329,9,de:11 & de:7 & im:7 & pr:11 & pr:12 & pr:26 & pr:9 & th:12 & th:25 & th:31 & va:15,"{'problem_analysis': 4, 'theoretical_insight': 3, 'design_rationale': 2}"
4330,9,de:9 & im:22 & pr:22 & pr:27 & th:33 & va:33,"{'problem_analysis': 2, 'implementation_mechanism': 1, 'design_rationale': 1}"
4331,9,de:3 & im:16 & pr:12 & pr:37 & pr:39 & th:36 & va:26,"{'problem_analysis': 3, 'implementation_mechanism': 1, 'validation_evidence': 1}"
4332,9,de:37 & im:1 & pr:12 & pr:19 & pr:7 & th:37 & th:6 & va:1,"{'problem_analysis': 3, 'theoretical_insight': 2, 'validation_evidence': 1}"
4333,9,de:3 & im:16 & pr:38 & pr:39 & th:12 & th:36 & va:26,"{'theoretical_insight': 2, 'problem_analysis': 2, 'implementation_mechanism': 1}"
4334,9,de:15 & de:3 & im:33 & im:4 & pr:12 & pr:19 & pr:2 & pr:6 & th:11 & th:34 & va:10,"{'problem_analysis': 4, 'theoretical_insight': 2, 'implementation_mechanism': 2}"
4335,9,de:3 & im:16 & pr:18 & pr:33 & pr:39 & th:36 & va:26,"{'problem_analysis': 3, 'implementation_mechanism': 1, 'validation_evidence': 1}"
4336,9,de:5 & im:28 & pr:33 & pr:7 & th:6 & va:1,"{'problem_analysis': 2, 'validation_evidence': 1, 'implementation_mechanism': 1}"
4337,9,de:20 & im:19 & pr:17 & pr:33 & pr:4 & th:1 & va:9,"{'problem_analysis': 3, 'theoretical_insight': 1, 'design_rationale': 1}"
4338,9,de:9 & im:7 & pr:33 & pr:4 & th:12 & va:9,"{'problem_analysis': 2, 'theoretical_insight': 1, 'design_rationale': 1}"
4339,9,de:28 & im:7 & pr:33 & pr:4 & pr:5 & th:1 & va:28,"{'problem_analysis': 3, 'design_rationale': 1, 'theoretical_insight': 1}"
4340,9,de:3 & im:16 & pr:2 & pr:33 & pr:39 & th:36 & va:0,"{'problem_analysis': 3, 'implementation_mechanism': 1, 'validation_evidence': 1}"
4341,9,de:37 & im:1 & pr:16 & pr:19 & th:6 & va:37,"{'problem_analysis': 2, 'validation_evidence': 1, 'implementation_mechanism': 1}"
4342,9,im:28 & pr:12 & pr:31 & va:3,"{'problem_analysis': 2, 'implementation_mechanism': 1, 'validation_evidence': 1}"
4343,9,de:29 & pr:22 & pr:31,"{'problem_analysis': 2, 'design_rationale': 1}"
4344,9,de:16 & im:4 & pr:31 & pr:7 & th:6 & va:10,"{'problem_analysis': 2, 'design_rationale': 1, 'implementation_mechanism': 1}"
4345,9,de:15 & im:7 & pr:31 & pr:6 & th:11 & va:9,"{'problem_analysis': 2, 'theoretical_insight': 1, 'validation_evidence': 1}"
4346,9,de:14 & im:20 & pr:31 & pr:9 & th:8 & va:19,"{'problem_analysis': 2, 'validation_evidence': 1, 'theoretical_insight': 1}"
4347,9,de:16 & im:19 & pr:31 & pr:6 & th:21 & va:2,"{'problem_analysis': 2, 'design_rationale': 1, 'theoretical_insight': 1}"
4348,9,de:14 & im:20 & pr:31 & pr:9 & th:29 & va:19,"{'problem_analysis': 2, 'validation_evidence': 1, 'theoretical_insight': 1}"
4349,9,de:13 & im:1 & pr:31 & pr:33 & th:6 & va:17,"{'problem_analysis': 2, 'design_rationale': 1, 'validation_evidence': 1}"
4350,9,de:25 & im:34 & pr:26 & pr:31 & th:22 & va:33,"{'problem_analysis': 2, 'design_rationale': 1, 'validation_evidence': 1}"
4351,9,de:25 & im:34 & pr:11 & pr:31 & pr:4 & th:21 & va:27,"{'problem_analysis': 3, 'design_rationale': 1, 'validation_evidence': 1}"
4352,9,pr:3,{'problem_analysis': 1}
4353,9,de:37 & im:1 & pr:19 & pr:3 & th:6 & va:1,"{'problem_analysis': 2, 'validation_evidence': 1, 'implementation_mechanism': 1}"
4354,9,de:37 & im:1 & pr:12 & pr:3 & th:6 & va:17,"{'problem_analysis': 2, 'validation_evidence': 1, 'implementation_mechanism': 1}"
4355,9,de:15 & im:4 & pr:19 & pr:31 & pr:7 & th:9 & va:10,"{'problem_analysis': 3, 'design_rationale': 1, 'implementation_mechanism': 1}"
4356,9,de:23 & im:27 & pr:19 & pr:22 & pr:28 & pr:31 & pr:6 & pr:7 & th:18 & th:33 & va:22,"{'problem_analysis': 6, 'theoretical_insight': 2, 'design_rationale': 1}"
4357,9,pr:18 & pr:19 & va:20,"{'problem_analysis': 2, 'validation_evidence': 1}"
4358,9,de:15 & im:4 & pr:6 & pr:7 & pr:9 & th:11 & th:14 & va:32,"{'problem_analysis': 3, 'theoretical_insight': 2, 'implementation_mechanism': 1}"
4359,9,de:37 & im:1 & pr:12 & pr:7 & pr:9 & th:14 & th:6 & va:1,"{'problem_analysis': 3, 'theoretical_insight': 2, 'validation_evidence': 1}"
4360,9,pr:17 & pr:26,{'problem_analysis': 2}
4361,9,pr:26 & pr:31,{'problem_analysis': 2}
4362,9,pr:12 & pr:26,{'problem_analysis': 2}
4363,9,de:16 & pr:19 & pr:26 & th:31,"{'problem_analysis': 2, 'theoretical_insight': 1, 'design_rationale': 1}"
4364,9,de:13 & im:1 & pr:17 & pr:26 & th:0,"{'problem_analysis': 2, 'design_rationale': 1, 'implementation_mechanism': 1}"
4365,9,de:20 & im:19 & pr:26 & pr:27 & th:12,"{'problem_analysis': 2, 'theoretical_insight': 1, 'design_rationale': 1}"
4366,9,de:6 & im:21 & pr:26 & pr:32 & th:1 & va:8,"{'problem_analysis': 2, 'design_rationale': 1, 'theoretical_insight': 1}"
4367,9,de:16 & im:10 & pr:26 & pr:6 & th:12 & va:3,"{'problem_analysis': 2, 'design_rationale': 1, 'theoretical_insight': 1}"
4368,9,de:20 & im:7 & pr:26 & pr:6 & th:12 & va:0,"{'problem_analysis': 2, 'theoretical_insight': 1, 'validation_evidence': 1}"
4369,9,de:16 & im:1 & pr:26 & pr:31 & th:2 & va:17,"{'problem_analysis': 2, 'theoretical_insight': 1, 'design_rationale': 1}"
4370,9,de:29 & im:16 & pr:26 & pr:39 & th:36 & va:26,"{'problem_analysis': 2, 'implementation_mechanism': 1, 'design_rationale': 1}"
4371,9,de:6 & im:21 & pr:26 & pr:30 & th:1 & va:18,"{'problem_analysis': 2, 'design_rationale': 1, 'theoretical_insight': 1}"
4372,9,de:6 & im:31 & pr:26 & pr:30 & th:5 & va:0,"{'problem_analysis': 2, 'design_rationale': 1, 'theoretical_insight': 1}"
4373,9,de:6 & im:21 & pr:26 & pr:4 & th:1 & va:28,"{'problem_analysis': 2, 'design_rationale': 1, 'theoretical_insight': 1}"
4374,9,de:37 & im:28 & pr:26 & pr:7 & th:6 & va:1,"{'problem_analysis': 2, 'validation_evidence': 1, 'implementation_mechanism': 1}"
4375,9,de:22 & im:31 & pr:26 & pr:3 & th:4 & va:7,"{'problem_analysis': 2, 'design_rationale': 1, 'validation_evidence': 1}"
4376,9,de:16 & im:4 & pr:26 & pr:4 & th:12 & va:12,"{'problem_analysis': 2, 'validation_evidence': 1, 'design_rationale': 1}"
4377,9,de:7 & im:7 & pr:26 & pr:27 & th:12 & va:28,"{'problem_analysis': 2, 'theoretical_insight': 1, 'design_rationale': 1}"
4378,9,de:20 & im:20 & pr:26 & pr:9 & th:12 & va:9,"{'problem_analysis': 2, 'theoretical_insight': 1, 'design_rationale': 1}"
4379,9,de:9 & im:35 & pr:11 & pr:26 & th:2 & va:9,"{'problem_analysis': 2, 'theoretical_insight': 1, 'design_rationale': 1}"
4380,9,de:9 & im:4 & pr:26 & pr:6 & th:11 & va:9,"{'problem_analysis': 2, 'design_rationale': 1, 'implementation_mechanism': 1}"
4381,9,de:37 & im:1 & pr:25 & pr:26 & th:37 & va:39,"{'problem_analysis': 2, 'validation_evidence': 1, 'theoretical_insight': 1}"
4382,9,de:16 & im:4 & pr:26 & pr:6 & th:19 & va:32,"{'problem_analysis': 2, 'design_rationale': 1, 'implementation_mechanism': 1}"
4383,9,de:18 & im:6 & pr:12 & pr:26 & pr:38 & th:36 & va:1,"{'problem_analysis': 3, 'validation_evidence': 1, 'design_rationale': 1}"
4384,9,de:3 & im:16 & pr:12 & pr:26 & pr:39 & th:36 & va:26,"{'problem_analysis': 3, 'implementation_mechanism': 1, 'validation_evidence': 1}"
4385,9,de:15 & im:19 & pr:26 & pr:35 & th:12 & va:30,"{'problem_analysis': 2, 'theoretical_insight': 1, 'validation_evidence': 1}"
4386,9,de:28 & im:9 & pr:26 & pr:7 & th:39 & va:0,"{'problem_analysis': 2, 'design_rationale': 1, 'validation_evidence': 1}"
4387,9,de:9 & im:4 & pr:26 & pr:6 & th:12 & va:10,"{'problem_analysis': 2, 'theoretical_insight': 1, 'implementation_mechanism': 1}"
4388,9,de:9 & im:19 & pr:26 & pr:6 & th:12 & va:10,"{'problem_analysis': 2, 'theoretical_insight': 1, 'design_rationale': 1}"
4389,9,de:14 & im:20 & pr:26 & pr:9 & va:20,"{'problem_analysis': 2, 'implementation_mechanism': 1, 'validation_evidence': 1}"
4390,9,de:15 & im:10 & pr:26 & pr:6 & th:11 & va:10,"{'problem_analysis': 2, 'theoretical_insight': 1, 'implementation_mechanism': 1}"
4391,9,de:13 & im:1 & pr:26 & pr:7 & th:37 & va:15,"{'problem_analysis': 2, 'design_rationale': 1, 'validation_evidence': 1}"
4392,9,de:15 & im:4 & pr:26 & pr:6 & th:2 & va:32,"{'problem_analysis': 2, 'theoretical_insight': 1, 'implementation_mechanism': 1}"
4393,9,de:20 & im:7 & pr:26 & pr:32 & th:12,"{'problem_analysis': 2, 'theoretical_insight': 1, 'design_rationale': 1}"
4394,9,im:13 & pr:12 & pr:2 & pr:26 & pr:39 & th:3 & va:36,"{'problem_analysis': 4, 'theoretical_insight': 1, 'implementation_mechanism': 1}"
4395,9,de:15 & im:7 & pr:26 & pr:6 & th:12 & va:10,"{'problem_analysis': 2, 'theoretical_insight': 1, 'validation_evidence': 1}"
4396,9,de:29 & im:7 & pr:19 & pr:26 & th:37 & va:12,"{'problem_analysis': 2, 'validation_evidence': 1, 'design_rationale': 1}"
4397,9,de:24 & im:24 & pr:13 & pr:2 & pr:26 & th:10 & va:8,"{'problem_analysis': 3, 'theoretical_insight': 1, 'implementation_mechanism': 1}"
4398,9,de:8 & im:1 & pr:1 & pr:12 & pr:26 & pr:3 & th:33 & va:39,"{'problem_analysis': 4, 'validation_evidence': 1, 'design_rationale': 1}"
4399,9,de:15 & de:28 & im:4 & im:7 & pr:26 & pr:6 & th:9 & va:32,"{'design_rationale': 2, 'problem_analysis': 2, 'implementation_mechanism': 2}"
4400,9,de:20 & im:19 & pr:11 & pr:26 & pr:8 & th:2 & va:9,"{'problem_analysis': 3, 'theoretical_insight': 1, 'design_rationale': 1}"
4401,9,de:16 & im:38 & pr:26 & pr:6 & th:12 & th:26 & th:9 & va:2,"{'theoretical_insight': 3, 'problem_analysis': 2, 'implementation_mechanism': 1}"
4402,9,de:17 & im:20 & pr:11 & pr:12 & pr:23 & pr:26 & pr:39 & th:12 & va:17 & va:38,"{'problem_analysis': 5, 'validation_evidence': 2, 'design_rationale': 1}"
4403,9,de:15 & de:20 & im:19 & im:4 & pr:11 & pr:26 & pr:6 & th:11 & th:2 & va:10,"{'problem_analysis': 3, 'theoretical_insight': 2, 'implementation_mechanism': 2}"
4404,9,de:15 & im:4 & im:7 & pr:26 & pr:6 & th:12,"{'problem_analysis': 2, 'implementation_mechanism': 2, 'theoretical_insight': 1}"
4405,9,de:15 & im:4 & im:7 & pr:26 & pr:6 & th:11 & th:12 & va:10,"{'problem_analysis': 2, 'theoretical_insight': 2, 'implementation_mechanism': 2}"
4406,9,de:6 & im:19 & pr:11 & pr:12 & th:12 & va:9,"{'problem_analysis': 2, 'design_rationale': 1, 'theoretical_insight': 1}"
4407,9,de:22 & im:31 & pr:12 & pr:39 & th:4 & va:7,"{'problem_analysis': 2, 'design_rationale': 1, 'validation_evidence': 1}"
4408,9,de:21 & im:5 & pr:12 & pr:39 & th:39 & va:0,"{'problem_analysis': 2, 'validation_evidence': 1, 'implementation_mechanism': 1}"
4409,9,de:9 & im:7 & pr:12 & pr:6 & th:1 & va:15,"{'problem_analysis': 2, 'design_rationale': 1, 'theoretical_insight': 1}"
4410,9,de:20 & im:20 & pr:11 & pr:12 & pr:15 & th:1 & va:30,"{'problem_analysis': 3, 'theoretical_insight': 1, 'design_rationale': 1}"
4411,9,de:7 & im:7 & pr:11 & pr:12 & th:12 & va:9,"{'problem_analysis': 2, 'theoretical_insight': 1, 'design_rationale': 1}"
4412,9,pr:12 & pr:22 & pr:3 & th:6,"{'problem_analysis': 3, 'theoretical_insight': 1}"
4413,9,de:37 & im:1 & pr:12 & pr:18 & pr:22 & th:6 & va:17,"{'problem_analysis': 3, 'validation_evidence': 1, 'implementation_mechanism': 1}"
4414,9,de:16 & de:37 & im:1 & im:31 & pr:13 & pr:25 & pr:9 & th:1 & th:2 & th:4 & va:39,"{'theoretical_insight': 3, 'problem_analysis': 3, 'design_rationale': 2}"
4415,9,de:16 & de:22 & de:37 & im:1 & im:31 & pr:13 & pr:25 & pr:9 & th:1 & th:2 & th:4 & va:39 & va:7,"{'theoretical_insight': 3, 'problem_analysis': 3, 'design_rationale': 3}"
4416,9,de:16 & de:37 & im:1 & pr:19 & pr:25 & pr:9 & th:1 & th:2 & th:6 & va:17 & va:39,"{'theoretical_insight': 3, 'problem_analysis': 3, 'design_rationale': 2}"
4417,9,de:3 & de:37 & im:1 & im:33 & pr:2 & pr:25 & th:1 & th:33 & th:34 & va:17 & va:26 & va:39,"{'theoretical_insight': 3, 'validation_evidence': 3, 'problem_analysis': 2}"
4418,9,de:18 & im:6 & pr:12 & pr:13 & pr:38 & th:36 & va:1,"{'problem_analysis': 3, 'validation_evidence': 1, 'design_rationale': 1}"
4419,9,de:17 & im:20 & pr:11 & pr:12 & pr:13 & pr:23 & pr:39 & th:12 & va:17 & va:38,"{'problem_analysis': 5, 'validation_evidence': 2, 'design_rationale': 1}"
4420,9,de:15 & im:4 & pr:12 & pr:19 & pr:25 & pr:6 & th:11 & th:33 & va:10,"{'problem_analysis': 4, 'theoretical_insight': 2, 'validation_evidence': 1}"
4421,9,de:15 & pr:12 & pr:6 & th:11 & va:32,"{'problem_analysis': 2, 'design_rationale': 1, 'theoretical_insight': 1}"
4422,9,de:9 & im:22 & pr:12 & pr:22 & pr:4 & th:33 & va:33,"{'problem_analysis': 3, 'implementation_mechanism': 1, 'design_rationale': 1}"
4423,9,de:37 & im:1 & pr:18 & pr:23 & th:6 & va:17,"{'problem_analysis': 2, 'validation_evidence': 1, 'implementation_mechanism': 1}"
4424,9,de:3 & im:33 & pr:19 & pr:2 & pr:23 & th:34 & va:26,"{'problem_analysis': 3, 'theoretical_insight': 1, 'implementation_mechanism': 1}"
4425,9,de:15 & im:4 & pr:31 & pr:7 & th:37 & th:9 & va:10,"{'problem_analysis': 2, 'theoretical_insight': 2, 'design_rationale': 1}"
4426,9,de:14 & im:25 & pr:14 & pr:7 & th:26 & th:37 & va:20,"{'problem_analysis': 2, 'theoretical_insight': 2, 'implementation_mechanism': 1}"
4427,9,de:15 & im:4 & pr:31 & pr:7 & th:11 & th:37 & va:9,"{'theoretical_insight': 2, 'problem_analysis': 2, 'implementation_mechanism': 1}"
4428,9,de:23 & im:27 & pr:22 & pr:7 & th:18 & th:37 & va:22,"{'problem_analysis': 2, 'theoretical_insight': 2, 'design_rationale': 1}"
4429,9,de:34 & im:10 & pr:10 & pr:19 & pr:7 & th:3 & th:37 & va:4,"{'problem_analysis': 3, 'theoretical_insight': 2, 'implementation_mechanism': 1}"
4430,9,de:23 & im:27 & pr:22 & pr:28 & pr:6 & th:18 & th:33 & va:22,"{'problem_analysis': 3, 'theoretical_insight': 2, 'design_rationale': 1}"
4431,9,de:31 & im:2 & pr:2 & th:10 & va:36,"{'theoretical_insight': 1, 'problem_analysis': 1, 'implementation_mechanism': 1}"
4432,9,de:19 & im:2 & pr:2 & th:32 & va:14,"{'theoretical_insight': 1, 'problem_analysis': 1, 'implementation_mechanism': 1}"
4433,9,pr:12 & pr:16,{'problem_analysis': 2}
4434,9,de:32 & im:0 & pr:12 & pr:13 & pr:19 & th:7 & va:39,"{'problem_analysis': 3, 'design_rationale': 1, 'validation_evidence': 1}"
4435,9,de:15 & de:37 & im:0 & im:4 & pr:10 & pr:12 & pr:19 & pr:6 & th:11 & th:7 & va:10 & va:24,"{'problem_analysis': 4, 'implementation_mechanism': 2, 'theoretical_insight': 2}"
4436,9,de:21 & im:5 & pr:5 & th:39 & va:31,"{'validation_evidence': 1, 'problem_analysis': 1, 'implementation_mechanism': 1}"
4437,9,pr:11 & pr:12 & pr:27 & th:2,"{'problem_analysis': 3, 'theoretical_insight': 1}"
4438,9,de:15 & im:4 & pr:11 & pr:12 & pr:6 & th:11 & th:2 & va:32,"{'problem_analysis': 3, 'theoretical_insight': 2, 'implementation_mechanism': 1}"
4439,9,de:13 & im:1 & pr:11 & pr:12 & pr:7 & th:2 & th:37 & va:17,"{'problem_analysis': 3, 'theoretical_insight': 2, 'design_rationale': 1}"
4440,9,de:37 & im:1 & pr:11 & pr:12 & th:2 & th:6 & va:1,"{'theoretical_insight': 2, 'problem_analysis': 2, 'validation_evidence': 1}"
4441,9,de:15 & im:4 & pr:11 & pr:12 & pr:27 & pr:6 & th:11 & th:2 & va:10,"{'problem_analysis': 4, 'theoretical_insight': 2, 'implementation_mechanism': 1}"
4442,9,de:9 & im:4 & pr:11 & pr:12 & pr:6 & th:12 & th:2 & va:9,"{'problem_analysis': 3, 'theoretical_insight': 2, 'design_rationale': 1}"
4443,9,de:37 & im:1 & pr:11 & pr:12 & th:2 & th:6 & va:39,"{'theoretical_insight': 2, 'problem_analysis': 2, 'validation_evidence': 1}"
4444,9,de:37 & im:1 & pr:11 & pr:12 & th:2 & va:1,"{'problem_analysis': 2, 'theoretical_insight': 1, 'validation_evidence': 1}"
4445,9,de:15 & im:4 & pr:11 & pr:12 & pr:6 & th:11 & th:2,"{'problem_analysis': 3, 'theoretical_insight': 2, 'implementation_mechanism': 1}"
4446,9,de:34 & im:10 & pr:10 & pr:11 & pr:12 & pr:19 & th:2 & th:3 & va:4,"{'problem_analysis': 4, 'theoretical_insight': 2, 'implementation_mechanism': 1}"
4447,9,de:11 & im:10 & pr:11 & pr:12 & pr:19 & th:2 & va:15,"{'problem_analysis': 3, 'theoretical_insight': 1, 'design_rationale': 1}"
4448,9,de:23 & im:27 & pr:11 & pr:12 & pr:22 & pr:28 & pr:31 & pr:6 & th:18 & th:2 & th:33 & va:22,"{'problem_analysis': 6, 'theoretical_insight': 3, 'design_rationale': 1}"
4449,9,de:37 & im:28 & pr:11 & pr:7 & th:2 & va:1,"{'problem_analysis': 2, 'theoretical_insight': 1, 'validation_evidence': 1}"
4450,9,de:15 & im:4 & pr:11 & pr:7 & th:2 & va:2,"{'problem_analysis': 2, 'theoretical_insight': 1, 'implementation_mechanism': 1}"
4451,9,de:8 & im:12 & pr:10 & pr:11 & pr:12 & th:7 & va:4,"{'problem_analysis': 3, 'theoretical_insight': 1, 'validation_evidence': 1}"
4452,9,de:22 & im:36 & pr:11 & pr:12 & pr:13 & th:4 & va:0,"{'problem_analysis': 3, 'design_rationale': 1, 'implementation_mechanism': 1}"
4453,9,de:6 & im:7 & pr:11 & pr:12 & pr:8 & th:34 & va:0,"{'problem_analysis': 3, 'design_rationale': 1, 'theoretical_insight': 1}"
4454,9,de:24 & im:24 & pr:11 & pr:13 & pr:2 & th:10 & va:8,"{'problem_analysis': 3, 'theoretical_insight': 1, 'implementation_mechanism': 1}"
4455,9,de:14 & im:25 & pr:14 & pr:28 & pr:31 & pr:6 & th:26 & th:33 & va:20,"{'problem_analysis': 4, 'theoretical_insight': 2, 'implementation_mechanism': 1}"
4456,9,de:37 & im:1 & pr:19 & pr:28 & pr:31 & pr:6 & th:33 & th:6 & va:37,"{'problem_analysis': 4, 'theoretical_insight': 2, 'validation_evidence': 1}"
4457,9,de:15 & im:4 & pr:4 & pr:6 & th:12 & va:32,"{'problem_analysis': 2, 'theoretical_insight': 1, 'implementation_mechanism': 1}"
4458,9,de:23 & im:26 & pr:22 & pr:4 & th:33 & va:2,"{'problem_analysis': 2, 'design_rationale': 1, 'implementation_mechanism': 1}"
4459,9,de:23 & im:35 & pr:22 & pr:4 & va:2,"{'problem_analysis': 2, 'design_rationale': 1, 'implementation_mechanism': 1}"
4460,9,de:38 & im:7 & pr:22 & pr:4 & th:12 & va:13,"{'problem_analysis': 2, 'theoretical_insight': 1, 'design_rationale': 1}"
4461,9,de:11 & de:7 & im:7 & pr:11 & pr:12 & pr:26 & pr:4 & th:12 & th:25 & th:31 & va:15,"{'problem_analysis': 4, 'theoretical_insight': 3, 'design_rationale': 2}"
4462,9,de:32 & de:37 & im:3 & pr:1 & pr:16 & pr:19 & pr:27 & th:19 & th:28 & va:1,"{'problem_analysis': 4, 'design_rationale': 2, 'theoretical_insight': 2}"
4463,9,de:37 & im:3 & pr:16 & pr:19 & pr:27 & th:28 & va:35,"{'problem_analysis': 3, 'validation_evidence': 1, 'design_rationale': 1}"
4464,9,de:16 & pr:12 & pr:4,"{'problem_analysis': 2, 'design_rationale': 1}"
4465,9,de:16 & im:10 & pr:27 & pr:4 & th:12,"{'problem_analysis': 2, 'design_rationale': 1, 'theoretical_insight': 1}"
4466,9,de:28 & im:7 & pr:26 & pr:4 & th:5 & va:17,"{'problem_analysis': 2, 'design_rationale': 1, 'theoretical_insight': 1}"
4467,9,de:22 & im:31 & pr:39 & pr:4 & th:4 & va:7,"{'problem_analysis': 2, 'design_rationale': 1, 'validation_evidence': 1}"
4468,9,de:21 & im:5 & pr:39 & pr:4 & th:39 & va:0,"{'problem_analysis': 2, 'validation_evidence': 1, 'implementation_mechanism': 1}"
4469,9,de:16 & im:4 & pr:27 & pr:31 & pr:4 & th:12,"{'problem_analysis': 3, 'design_rationale': 1, 'theoretical_insight': 1}"
4470,9,de:13 & im:1 & pr:33 & pr:4 & th:6 & va:17,"{'problem_analysis': 2, 'design_rationale': 1, 'validation_evidence': 1}"
4471,9,de:6 & im:10 & pr:35 & pr:4 & pr:5 & pr:8 & th:1 & va:12,"{'problem_analysis': 4, 'validation_evidence': 1, 'design_rationale': 1}"
4472,9,de:16 & im:4 & pr:12 & pr:4 & th:12 & va:12,"{'problem_analysis': 2, 'validation_evidence': 1, 'design_rationale': 1}"
4473,9,de:38 & de:6 & im:10 & im:3 & pr:12 & pr:31 & pr:32 & pr:4 & va:0 & va:23,"{'problem_analysis': 4, 'design_rationale': 2, 'validation_evidence': 2}"
4474,9,de:15 & de:16 & de:20 & im:4 & pr:11 & pr:12 & pr:31 & th:12 & th:2 & th:9 & va:10,"{'theoretical_insight': 3, 'design_rationale': 3, 'problem_analysis': 3}"
4475,9,de:15 & de:16 & de:20 & im:4 & pr:11 & pr:12 & pr:31 & th:11 & th:12 & th:2 & va:9,"{'theoretical_insight': 3, 'design_rationale': 3, 'problem_analysis': 3}"
4476,9,de:16 & de:20 & de:37 & im:1 & pr:11 & pr:12 & th:12 & th:2 & th:6 & va:39,"{'theoretical_insight': 3, 'design_rationale': 3, 'problem_analysis': 2}"
4477,9,de:16 & de:20 & de:34 & im:10 & pr:10 & pr:11 & pr:12 & pr:19 & th:12 & th:2 & th:3 & va:4,"{'problem_analysis': 4, 'theoretical_insight': 3, 'design_rationale': 3}"
4478,9,de:16 & de:20 & de:23 & im:27 & pr:11 & pr:12 & pr:22 & pr:28 & pr:31 & pr:6 & th:12 & th:18 & th:2 & th:33 & va:22,"{'problem_analysis': 6, 'theoretical_insight': 4, 'design_rationale': 3}"
4479,9,pr:22,{'problem_analysis': 1}
4480,9,de:37 & im:1 & pr:12 & pr:22 & th:6 & va:39,"{'problem_analysis': 2, 'validation_evidence': 1, 'implementation_mechanism': 1}"
4481,9,pr:27 & pr:37 & va:37,"{'problem_analysis': 2, 'validation_evidence': 1}"
4482,9,de:38 & im:9 & pr:23 & pr:27 & th:4 & va:28,"{'problem_analysis': 2, 'implementation_mechanism': 1, 'validation_evidence': 1}"
4483,9,de:7 & im:31 & pr:12 & pr:27 & th:2 & va:7,"{'problem_analysis': 2, 'theoretical_insight': 1, 'validation_evidence': 1}"
4484,9,de:7 & im:4 & pr:12 & pr:27 & th:2 & va:10,"{'problem_analysis': 2, 'theoretical_insight': 1, 'implementation_mechanism': 1}"
4485,9,de:18 & im:6 & pr:12 & pr:27 & pr:38 & th:36 & va:1,"{'problem_analysis': 3, 'validation_evidence': 1, 'design_rationale': 1}"
4486,9,de:11 & de:3 & de:5 & im:16 & im:28 & pr:12 & pr:23 & pr:39 & th:25 & th:36 & va:26,"{'problem_analysis': 3, 'design_rationale': 3, 'theoretical_insight': 2}"
4487,9,de:38 & im:10 & pr:11 & pr:7 & th:12 & va:0,"{'problem_analysis': 2, 'theoretical_insight': 1, 'validation_evidence': 1}"
4488,9,de:16 & de:3 & im:16 & im:38 & pr:39 & pr:6 & th:12 & th:26 & th:36 & th:9 & va:0 & va:26,"{'theoretical_insight': 4, 'implementation_mechanism': 2, 'design_rationale': 2}"
4489,9,de:3 & im:33 & pr:11 & pr:12 & pr:19 & pr:2 & th:34 & va:26,"{'problem_analysis': 4, 'theoretical_insight': 1, 'implementation_mechanism': 1}"
4490,9,de:17 & im:20 & pr:27 & pr:4 & va:17,"{'problem_analysis': 2, 'design_rationale': 1, 'validation_evidence': 1}"
4491,9,de:3 & im:16 & pr:11 & pr:32 & pr:39 & th:12 & th:36 & va:26,"{'problem_analysis': 3, 'theoretical_insight': 2, 'implementation_mechanism': 1}"
4492,9,de:3 & im:16 & pr:27 & pr:32 & pr:39 & pr:5 & th:12 & th:36 & va:26,"{'problem_analysis': 4, 'theoretical_insight': 2, 'implementation_mechanism': 1}"
4493,9,de:15 & im:4 & pr:11 & pr:14 & pr:31 & pr:6 & th:9 & va:10,"{'problem_analysis': 4, 'design_rationale': 1, 'implementation_mechanism': 1}"
4494,9,de:15 & im:4 & pr:11 & pr:14 & pr:31 & pr:6 & th:11 & va:9,"{'problem_analysis': 4, 'implementation_mechanism': 1, 'theoretical_insight': 1}"
4495,9,de:9 & im:4 & pr:11 & pr:14 & pr:6 & th:12 & va:9,"{'problem_analysis': 3, 'theoretical_insight': 1, 'design_rationale': 1}"
4496,9,de:37 & im:1 & pr:11 & pr:12 & pr:14 & pr:6 & th:6 & va:39,"{'problem_analysis': 4, 'validation_evidence': 1, 'implementation_mechanism': 1}"
4497,9,de:15 & im:4 & pr:11 & pr:14 & pr:6 & th:11,"{'problem_analysis': 3, 'implementation_mechanism': 1, 'theoretical_insight': 1}"
4498,9,de:34 & im:10 & pr:10 & pr:11 & pr:14 & pr:19 & pr:6 & th:3 & va:4,"{'problem_analysis': 5, 'theoretical_insight': 1, 'implementation_mechanism': 1}"
4499,9,de:23 & im:27 & pr:11 & pr:14 & pr:22 & pr:6 & th:18 & va:22,"{'problem_analysis': 4, 'design_rationale': 1, 'implementation_mechanism': 1}"
4500,9,de:23 & im:27 & pr:11 & pr:14 & pr:22 & pr:28 & pr:31 & pr:6 & th:18 & th:33 & va:22,"{'problem_analysis': 6, 'theoretical_insight': 2, 'design_rationale': 1}"
4501,9,de:15 & de:16 & im:38 & im:4 & pr:11 & pr:12 & pr:6 & th:11 & th:12 & th:2 & va:2 & va:32,"{'theoretical_insight': 3, 'problem_analysis': 3, 'implementation_mechanism': 2}"
4502,9,de:15 & de:20 & im:4 & pr:27 & pr:6 & th:11 & th:12 & va:32,"{'problem_analysis': 2, 'theoretical_insight': 2, 'design_rationale': 2}"
4503,9,de:15 & de:20 & im:20 & im:4 & pr:12 & pr:24 & pr:6 & th:1 & th:11 & th:2 & va:32 & va:9,"{'problem_analysis': 3, 'theoretical_insight': 3, 'implementation_mechanism': 2}"
4504,9,de:15 & de:20 & de:3 & im:16 & im:20 & im:4 & pr:12 & pr:24 & pr:39 & th:1 & th:2 & th:36 & va:26 & va:9,"{'problem_analysis': 3, 'theoretical_insight': 3, 'implementation_mechanism': 3}"
4505,9,de:20 & de:3 & im:16 & pr:39 & pr:4 & pr:5 & th:12 & th:2 & th:36 & va:26,"{'theoretical_insight': 3, 'problem_analysis': 3, 'design_rationale': 2}"
4506,9,de:16 & de:20 & im:1 & pr:11 & pr:12 & pr:4 & pr:5 & th:12 & th:2 & th:31 & va:39,"{'problem_analysis': 4, 'theoretical_insight': 3, 'design_rationale': 2}"
4507,9,de:20 & de:3 & im:16 & pr:11 & pr:39 & pr:4 & pr:5 & th:12 & th:2 & th:36 & va:0,"{'problem_analysis': 4, 'theoretical_insight': 3, 'design_rationale': 2}"
4508,9,de:20 & de:34 & im:10 & pr:10 & pr:11 & pr:19 & pr:4 & pr:5 & th:12 & th:2 & th:3 & va:4,"{'problem_analysis': 5, 'theoretical_insight': 3, 'design_rationale': 2}"
4509,9,de:20 & de:23 & im:27 & pr:11 & pr:22 & pr:4 & pr:5 & th:12 & th:18 & th:2 & va:22,"{'problem_analysis': 4, 'theoretical_insight': 3, 'design_rationale': 2}"
4510,9,de:20 & de:3 & im:16 & pr:11 & pr:39 & pr:4 & pr:5 & th:1 & th:2 & th:36 & va:26,"{'problem_analysis': 4, 'theoretical_insight': 3, 'design_rationale': 2}"
4511,9,de:20 & im:19 & pr:11 & pr:4 & pr:5 & th:1 & th:2 & va:9,"{'problem_analysis': 3, 'theoretical_insight': 2, 'design_rationale': 1}"
4512,9,de:20 & de:9 & im:19 & im:4 & pr:11 & pr:6 & th:12 & th:2 & va:9,"{'theoretical_insight': 2, 'problem_analysis': 2, 'design_rationale': 2}"
4513,9,de:20 & de:37 & im:1 & im:19 & pr:11 & pr:12 & th:2 & th:6 & va:39,"{'theoretical_insight': 2, 'problem_analysis': 2, 'design_rationale': 2}"
4514,9,de:15 & de:20 & im:19 & im:4 & pr:11 & pr:6 & th:11 & th:2,"{'theoretical_insight': 2, 'problem_analysis': 2, 'implementation_mechanism': 2}"
4515,9,de:20 & de:23 & im:19 & im:27 & pr:11 & pr:22 & pr:28 & pr:31 & pr:6 & th:18 & th:2 & th:33 & va:22,"{'problem_analysis': 5, 'theoretical_insight': 3, 'design_rationale': 2}"
4516,9,de:3 & im:16 & pr:10 & pr:18 & pr:39 & th:36 & th:6 & va:26,"{'problem_analysis': 3, 'theoretical_insight': 2, 'implementation_mechanism': 1}"
4517,9,de:15 & im:4 & pr:12 & pr:31 & pr:7 & pr:9 & th:9 & va:10,"{'problem_analysis': 4, 'design_rationale': 1, 'implementation_mechanism': 1}"
4518,9,de:37 & im:1 & pr:12 & pr:7 & pr:9 & th:6 & va:39,"{'problem_analysis': 3, 'validation_evidence': 1, 'implementation_mechanism': 1}"
4519,9,de:15 & im:4 & pr:12 & pr:31 & pr:7 & pr:9 & th:11 & va:9,"{'problem_analysis': 4, 'implementation_mechanism': 1, 'theoretical_insight': 1}"
4520,9,de:15 & im:4 & pr:12 & pr:6 & pr:7 & pr:9 & th:11,"{'problem_analysis': 4, 'implementation_mechanism': 1, 'theoretical_insight': 1}"
4521,9,de:15 & de:20 & de:9 & im:19 & im:4 & pr:11 & pr:6 & pr:8 & th:11 & th:2 & va:9,"{'problem_analysis': 3, 'design_rationale': 3, 'theoretical_insight': 2}"
4522,9,de:3 & de:6 & im:16 & pr:18 & pr:35 & pr:39 & pr:5 & pr:8 & th:1 & th:2 & th:36 & va:26,"{'problem_analysis': 5, 'theoretical_insight': 3, 'design_rationale': 2}"
4523,9,de:20 & de:3 & im:16 & pr:27 & pr:39 & th:12 & th:2 & th:36 & va:26,"{'theoretical_insight': 3, 'design_rationale': 2, 'problem_analysis': 2}"
4524,9,de:37 & im:1 & pr:7 & th:13 & va:1,"{'theoretical_insight': 1, 'validation_evidence': 1, 'problem_analysis': 1}"
4525,8,pr:16 & pr:32,{'problem_analysis': 2}
4526,8,de:37 & im:3 & pr:19 & pr:32 & th:6 & va:1,"{'problem_analysis': 2, 'validation_evidence': 1, 'design_rationale': 1}"
4527,8,de:15 & im:4 & pr:32 & pr:6 & th:11,"{'problem_analysis': 2, 'implementation_mechanism': 1, 'theoretical_insight': 1}"
4528,8,de:37 & im:1 & pr:12 & pr:32 & th:6 & va:17,"{'problem_analysis': 2, 'validation_evidence': 1, 'implementation_mechanism': 1}"
4529,8,de:1 & im:1 & pr:13 & pr:32 & pr:36 & th:23 & va:4,"{'problem_analysis': 3, 'theoretical_insight': 1, 'design_rationale': 1}"
4530,8,pr:23 & pr:9,{'problem_analysis': 2}
4531,8,de:15 & pr:6 & pr:9,"{'problem_analysis': 2, 'design_rationale': 1}"
4532,8,de:15 & im:4 & pr:31 & pr:9,"{'problem_analysis': 2, 'design_rationale': 1, 'implementation_mechanism': 1}"
4533,8,pr:12 & pr:9,{'problem_analysis': 2}
4534,8,de:13 & im:1 & pr:17 & pr:9 & th:0,"{'problem_analysis': 2, 'design_rationale': 1, 'implementation_mechanism': 1}"
4535,8,de:6 & im:21 & pr:32 & pr:9 & th:1 & va:8,"{'problem_analysis': 2, 'design_rationale': 1, 'theoretical_insight': 1}"
4536,8,de:7 & im:7 & pr:27 & pr:9 & th:12 & va:28,"{'problem_analysis': 2, 'theoretical_insight': 1, 'design_rationale': 1}"
4537,8,de:29 & im:10 & pr:5 & pr:9 & th:8 & va:12,"{'problem_analysis': 2, 'validation_evidence': 1, 'implementation_mechanism': 1}"
4538,8,de:3 & im:10 & pr:0 & pr:9 & th:39 & va:0,"{'problem_analysis': 2, 'validation_evidence': 1, 'implementation_mechanism': 1}"
4539,8,de:16 & im:10 & pr:6 & pr:9 & th:12 & va:3,"{'problem_analysis': 2, 'design_rationale': 1, 'theoretical_insight': 1}"
4540,8,de:9 & im:35 & pr:11 & pr:9 & th:12 & va:9,"{'problem_analysis': 2, 'theoretical_insight': 1, 'design_rationale': 1}"
4541,8,de:15 & im:4 & pr:31 & pr:9 & th:9 & va:31,"{'problem_analysis': 2, 'design_rationale': 1, 'validation_evidence': 1}"
4542,8,de:37 & im:28 & pr:7 & pr:9 & th:6 & va:1,"{'problem_analysis': 2, 'validation_evidence': 1, 'implementation_mechanism': 1}"
4543,8,im:31 & pr:13 & pr:9 & th:4 & va:0,"{'problem_analysis': 2, 'validation_evidence': 1, 'theoretical_insight': 1}"
4544,8,de:29 & im:9 & pr:33 & pr:9 & th:9 & va:38,"{'problem_analysis': 2, 'implementation_mechanism': 1, 'validation_evidence': 1}"
4545,8,pr:2 & pr:33 & pr:9 & th:36 & va:7,"{'problem_analysis': 3, 'validation_evidence': 1, 'theoretical_insight': 1}"
4546,8,de:25 & im:34 & pr:32 & pr:9 & th:21 & va:17,"{'problem_analysis': 2, 'design_rationale': 1, 'validation_evidence': 1}"
4547,8,de:16 & im:4 & pr:6 & pr:9 & th:19 & va:32,"{'problem_analysis': 2, 'design_rationale': 1, 'implementation_mechanism': 1}"
4548,8,de:25 & im:34 & pr:32 & pr:9 & th:21 & va:33,"{'problem_analysis': 2, 'design_rationale': 1, 'validation_evidence': 1}"
4549,8,de:15 & im:7 & pr:6 & pr:9 & th:12 & va:10,"{'problem_analysis': 2, 'theoretical_insight': 1, 'validation_evidence': 1}"
4550,8,de:3 & im:8 & pr:39 & pr:7 & pr:9 & th:36 & va:0,"{'problem_analysis': 3, 'implementation_mechanism': 1, 'validation_evidence': 1}"
4551,8,de:37 & im:0 & pr:19 & pr:9 & th:6 & va:39,"{'problem_analysis': 2, 'validation_evidence': 1, 'design_rationale': 1}"
4552,8,de:7 & im:34 & pr:11 & pr:31 & pr:5 & pr:9 & th:12 & va:18,"{'problem_analysis': 4, 'theoretical_insight': 1, 'design_rationale': 1}"
4553,8,de:32 & im:0 & pr:1 & pr:19 & pr:9 & th:7 & va:39,"{'problem_analysis': 3, 'design_rationale': 1, 'validation_evidence': 1}"
4554,8,de:15 & im:4 & im:7 & pr:6 & pr:9 & th:12,"{'problem_analysis': 2, 'implementation_mechanism': 2, 'theoretical_insight': 1}"
4555,8,de:15 & im:4 & im:7 & pr:6 & pr:9 & th:11 & th:12 & va:10,"{'problem_analysis': 2, 'theoretical_insight': 2, 'implementation_mechanism': 2}"
4556,8,pr:23 & pr:37 & va:37,"{'problem_analysis': 2, 'validation_evidence': 1}"
4557,8,de:16 & pr:19 & pr:23 & th:31,"{'problem_analysis': 2, 'theoretical_insight': 1, 'design_rationale': 1}"
4558,8,de:29 & pr:22 & pr:23,"{'problem_analysis': 2, 'design_rationale': 1}"
4559,8,de:5 & im:28 & pr:23 & pr:7 & th:6 & va:1,"{'problem_analysis': 2, 'validation_evidence': 1, 'implementation_mechanism': 1}"
4560,8,de:14 & im:25 & pr:14 & pr:23 & th:26,"{'problem_analysis': 2, 'implementation_mechanism': 1, 'theoretical_insight': 1}"
4561,8,de:13 & im:1 & pr:23 & pr:33 & th:6 & va:17,"{'problem_analysis': 2, 'design_rationale': 1, 'validation_evidence': 1}"
4562,8,de:29 & im:10 & pr:23 & pr:39 & th:36 & va:0,"{'problem_analysis': 2, 'validation_evidence': 1, 'implementation_mechanism': 1}"
4563,8,de:5 & im:1 & pr:23 & pr:7 & th:37 & va:39,"{'problem_analysis': 2, 'validation_evidence': 1, 'design_rationale': 1}"
4564,8,de:15 & im:4 & pr:23 & pr:7 & th:2 & va:2,"{'problem_analysis': 2, 'theoretical_insight': 1, 'implementation_mechanism': 1}"
4565,8,de:16 & de:20 & pr:11 & pr:12 & pr:23 & th:12 & th:2 & va:30,"{'problem_analysis': 3, 'theoretical_insight': 2, 'design_rationale': 2}"
4566,8,de:24 & im:24 & pr:13 & pr:2 & pr:23 & th:10 & va:8,"{'problem_analysis': 3, 'theoretical_insight': 1, 'implementation_mechanism': 1}"
4567,8,de:20 & im:19 & pr:23 & pr:32 & th:12 & va:9,"{'problem_analysis': 2, 'theoretical_insight': 1, 'design_rationale': 1}"
4568,8,de:18 & im:10 & pr:19 & pr:23 & th:37 & va:20,"{'problem_analysis': 2, 'design_rationale': 1, 'implementation_mechanism': 1}"
4569,8,de:15 & de:22 & im:31 & im:4 & pr:13 & pr:6 & th:11 & th:4 & va:32 & va:7,"{'problem_analysis': 2, 'design_rationale': 2, 'validation_evidence': 2}"
4570,8,pr:33 & pr:7,{'problem_analysis': 2}
4571,8,de:15 & im:4 & pr:7 & va:10,"{'problem_analysis': 1, 'validation_evidence': 1, 'design_rationale': 1}"
4572,8,de:20 & im:19 & pr:27 & pr:7 & th:12,"{'problem_analysis': 2, 'theoretical_insight': 1, 'design_rationale': 1}"
4573,8,de:13 & im:1 & pr:17 & pr:7 & th:0,"{'problem_analysis': 2, 'design_rationale': 1, 'implementation_mechanism': 1}"
4574,8,de:7 & im:7 & pr:27 & pr:7 & th:12 & va:28,"{'problem_analysis': 2, 'theoretical_insight': 1, 'design_rationale': 1}"
4575,8,de:6 & im:21 & pr:30 & pr:7 & th:1 & va:18,"{'problem_analysis': 2, 'design_rationale': 1, 'theoretical_insight': 1}"
4576,8,de:6 & im:31 & pr:30 & pr:7 & th:5 & va:0,"{'problem_analysis': 2, 'design_rationale': 1, 'theoretical_insight': 1}"
4577,8,de:6 & im:21 & pr:4 & pr:7 & th:1 & va:28,"{'problem_analysis': 2, 'design_rationale': 1, 'theoretical_insight': 1}"
4578,8,de:6 & im:21 & pr:32 & pr:7 & th:1 & va:8,"{'problem_analysis': 2, 'design_rationale': 1, 'theoretical_insight': 1}"
4579,8,de:22 & im:31 & pr:32 & pr:7 & th:4 & va:23,"{'problem_analysis': 2, 'design_rationale': 1, 'implementation_mechanism': 1}"
4580,8,de:3 & im:10 & pr:0 & pr:7 & th:39 & va:0,"{'problem_analysis': 2, 'validation_evidence': 1, 'implementation_mechanism': 1}"
4581,8,de:9 & im:35 & pr:11 & pr:7 & th:12 & va:9,"{'problem_analysis': 2, 'theoretical_insight': 1, 'design_rationale': 1}"
4582,8,de:16 & im:1 & pr:7 & pr:9 & th:14 & va:37,"{'problem_analysis': 2, 'design_rationale': 1, 'validation_evidence': 1}"
4583,8,pr:2 & pr:33 & pr:7 & th:36 & va:7,"{'problem_analysis': 3, 'validation_evidence': 1, 'theoretical_insight': 1}"
4584,8,de:22 & im:31 & pr:31 & pr:7 & th:2,"{'problem_analysis': 2, 'theoretical_insight': 1, 'design_rationale': 1}"
4585,8,de:16 & im:1 & pr:18 & pr:7 & th:0 & va:17,"{'problem_analysis': 2, 'design_rationale': 1, 'validation_evidence': 1}"
4586,8,de:37 & im:1 & pr:25 & pr:7 & th:37 & va:39,"{'problem_analysis': 2, 'validation_evidence': 1, 'theoretical_insight': 1}"
4587,8,de:22 & im:31 & pr:13 & pr:7 & th:4 & va:7,"{'problem_analysis': 2, 'design_rationale': 1, 'validation_evidence': 1}"
4588,8,de:37 & im:20 & pr:16 & pr:7 & th:8 & va:20,"{'problem_analysis': 2, 'theoretical_insight': 1, 'implementation_mechanism': 1}"
4589,8,de:11 & pr:7 & pr:9 & th:14 & th:2 & va:2,"{'theoretical_insight': 2, 'problem_analysis': 2, 'design_rationale': 1}"
4590,8,de:20 & de:28 & im:19 & pr:12 & pr:24 & pr:7 & va:30,"{'problem_analysis': 3, 'design_rationale': 2, 'validation_evidence': 1}"
4591,8,de:22 & im:31 & pr:31 & pr:7 & th:2 & va:4,"{'problem_analysis': 2, 'theoretical_insight': 1, 'design_rationale': 1}"
4592,8,de:16 & im:1 & pr:18 & pr:7 & th:0 & va:15,"{'problem_analysis': 2, 'design_rationale': 1, 'validation_evidence': 1}"
4593,8,de:15 & im:7 & pr:6 & pr:7 & th:12 & va:10,"{'problem_analysis': 2, 'theoretical_insight': 1, 'validation_evidence': 1}"
4594,8,de:3 & im:16 & pr:2 & pr:39 & pr:7 & th:36 & va:0,"{'problem_analysis': 3, 'implementation_mechanism': 1, 'validation_evidence': 1}"
4595,8,de:15 & im:4 & im:7 & pr:6 & pr:7 & th:12,"{'problem_analysis': 2, 'implementation_mechanism': 2, 'theoretical_insight': 1}"
4596,8,de:15 & im:4 & im:7 & pr:6 & pr:7 & th:11 & th:12 & va:10,"{'problem_analysis': 2, 'theoretical_insight': 2, 'implementation_mechanism': 2}"
4597,8,pr:31 & pr:9 & th:16 & va:1,"{'problem_analysis': 2, 'validation_evidence': 1, 'theoretical_insight': 1}"
4598,8,de:14 & im:25 & pr:14 & pr:19 & pr:7 & th:26,"{'problem_analysis': 3, 'implementation_mechanism': 1, 'theoretical_insight': 1}"
4599,8,de:28 & im:7 & pr:19 & pr:6 & pr:7 & th:9 & va:32,"{'problem_analysis': 3, 'design_rationale': 1, 'validation_evidence': 1}"
4600,8,de:16 & im:19 & pr:27 & pr:9 & th:12 & va:9,"{'problem_analysis': 2, 'design_rationale': 1, 'theoretical_insight': 1}"
4601,8,pr:39 & pr:5,{'problem_analysis': 2}
4602,8,de:20 & im:19 & pr:11 & pr:4 & pr:5 & th:2 & va:9,"{'problem_analysis': 3, 'theoretical_insight': 1, 'design_rationale': 1}"
4603,8,im:22 & pr:0 & pr:22 & th:18 & va:2,"{'problem_analysis': 2, 'implementation_mechanism': 1, 'validation_evidence': 1}"
4604,8,de:23 & im:27 & pr:0 & pr:22 & th:18 & va:2,"{'problem_analysis': 2, 'design_rationale': 1, 'implementation_mechanism': 1}"
4605,8,de:15 & de:3 & de:37 & im:1 & im:16 & im:4 & pr:12 & pr:30 & pr:6 & th:11 & th:36 & th:6 & va:15,"{'problem_analysis': 3, 'implementation_mechanism': 3, 'theoretical_insight': 3}"
4606,8,de:3 & de:37 & im:1 & im:16 & pr:12 & pr:30 & pr:39 & th:36 & th:6 & va:0 & va:15,"{'problem_analysis': 3, 'implementation_mechanism': 2, 'validation_evidence': 2}"
4607,8,de:3 & de:37 & de:9 & im:1 & im:16 & im:35 & pr:11 & pr:12 & pr:30 & th:2 & th:36 & th:6 & va:15 & va:9,"{'problem_analysis': 3, 'theoretical_insight': 3, 'implementation_mechanism': 3}"
4608,8,de:11 & de:3 & de:37 & im:1 & im:16 & im:38 & pr:12 & pr:30 & pr:6 & th:26 & th:36 & th:6 & th:9 & va:15 & va:2,"{'theoretical_insight': 4, 'problem_analysis': 3, 'implementation_mechanism': 3}"
4609,8,de:0 & de:16 & de:37 & im:1 & im:9 & pr:19 & pr:25 & pr:9 & th:1 & th:2 & th:4 & va:17 & va:39,"{'theoretical_insight': 3, 'problem_analysis': 3, 'design_rationale': 3}"
4610,8,de:16 & pr:12 & pr:39,"{'problem_analysis': 2, 'design_rationale': 1}"
4611,8,de:16 & im:10 & pr:27 & pr:39 & th:12,"{'problem_analysis': 2, 'design_rationale': 1, 'theoretical_insight': 1}"
4612,8,de:16 & im:19 & pr:27 & pr:39 & th:12 & va:9,"{'problem_analysis': 2, 'implementation_mechanism': 1, 'design_rationale': 1}"
4613,8,de:28 & im:7 & pr:26 & pr:39 & th:5 & va:17,"{'problem_analysis': 2, 'design_rationale': 1, 'theoretical_insight': 1}"
4614,8,de:29 & im:10 & pr:39 & pr:5 & th:8 & va:12,"{'problem_analysis': 2, 'validation_evidence': 1, 'implementation_mechanism': 1}"
4615,8,de:6 & im:19 & pr:11 & pr:39 & th:12 & va:9,"{'problem_analysis': 2, 'design_rationale': 1, 'implementation_mechanism': 1}"
4616,8,de:37 & im:1 & pr:12 & pr:39 & th:6 & va:15,"{'problem_analysis': 2, 'validation_evidence': 1, 'implementation_mechanism': 1}"
4617,8,de:33 & im:5 & pr:16 & pr:39 & th:26 & va:20,"{'problem_analysis': 2, 'design_rationale': 1, 'implementation_mechanism': 1}"
4618,8,de:16 & im:4 & pr:39 & pr:6 & va:9,"{'problem_analysis': 2, 'design_rationale': 1, 'implementation_mechanism': 1}"
4619,8,de:15 & im:10 & pr:39 & pr:6 & th:11 & va:10,"{'problem_analysis': 2, 'theoretical_insight': 1, 'implementation_mechanism': 1}"
4620,8,de:14 & im:25 & pr:14 & pr:39 & va:20,"{'problem_analysis': 2, 'implementation_mechanism': 1, 'validation_evidence': 1}"
4621,8,de:28 & im:19 & pr:39 & pr:4 & th:12 & va:30,"{'problem_analysis': 2, 'design_rationale': 1, 'implementation_mechanism': 1}"
4622,8,de:15 & im:7 & pr:39 & pr:6 & th:12 & va:10,"{'problem_analysis': 2, 'theoretical_insight': 1, 'validation_evidence': 1}"
4623,8,de:18 & im:8 & pr:16 & pr:39 & th:7 & va:20,"{'problem_analysis': 2, 'implementation_mechanism': 1, 'design_rationale': 1}"
4624,8,de:22 & im:31 & pr:3 & pr:39 & pr:6 & th:4 & va:18,"{'problem_analysis': 3, 'design_rationale': 1, 'implementation_mechanism': 1}"
4625,8,de:15 & im:7 & pr:39 & pr:4 & pr:5 & th:2 & va:9,"{'problem_analysis': 3, 'theoretical_insight': 1, 'validation_evidence': 1}"
4626,8,de:16 & im:38 & pr:39 & pr:6 & th:12 & th:26 & th:9 & va:2,"{'theoretical_insight': 3, 'problem_analysis': 2, 'implementation_mechanism': 1}"
4627,8,de:6 & im:10 & pr:35 & pr:39 & pr:5 & pr:8 & th:1 & va:12,"{'problem_analysis': 4, 'validation_evidence': 1, 'design_rationale': 1}"
4628,8,de:15 & im:4 & im:7 & pr:39 & pr:6 & th:12,"{'problem_analysis': 2, 'implementation_mechanism': 2, 'theoretical_insight': 1}"
4629,8,de:15 & im:4 & im:7 & pr:39 & pr:6 & th:11 & th:12 & va:10,"{'problem_analysis': 2, 'theoretical_insight': 2, 'implementation_mechanism': 2}"
4630,8,de:0 & de:37 & im:1 & im:9 & pr:19 & pr:25 & th:1 & th:33 & th:4 & va:17 & va:39,"{'theoretical_insight': 3, 'problem_analysis': 2, 'validation_evidence': 2}"
4631,8,de:3 & im:16 & pr:38 & pr:39 & th:36 & va:26,"{'problem_analysis': 2, 'implementation_mechanism': 1, 'validation_evidence': 1}"
4632,8,de:37 & im:1 & pr:19 & pr:38 & th:6 & va:1,"{'problem_analysis': 2, 'validation_evidence': 1, 'implementation_mechanism': 1}"
4633,8,pr:19 & pr:9,{'problem_analysis': 2}
4634,8,im:9 & pr:0 & pr:9 & va:28,"{'problem_analysis': 2, 'implementation_mechanism': 1, 'validation_evidence': 1}"
4635,8,de:20 & im:7 & pr:11 & pr:9 & th:1,"{'problem_analysis': 2, 'theoretical_insight': 1, 'design_rationale': 1}"
4636,8,de:16 & im:10 & pr:27 & pr:9 & th:12,"{'problem_analysis': 2, 'design_rationale': 1, 'theoretical_insight': 1}"
4637,8,de:15 & im:4 & pr:31 & pr:9 & th:2 & va:32,"{'problem_analysis': 2, 'theoretical_insight': 1, 'implementation_mechanism': 1}"
4638,8,de:3 & im:16 & pr:39 & pr:9 & th:36 & va:7,"{'problem_analysis': 2, 'implementation_mechanism': 1, 'validation_evidence': 1}"
4639,8,de:37 & im:20 & pr:16 & pr:9 & th:8 & va:20,"{'problem_analysis': 2, 'theoretical_insight': 1, 'implementation_mechanism': 1}"
4640,8,de:8 & im:16 & pr:0 & pr:9 & th:7 & va:34,"{'problem_analysis': 2, 'validation_evidence': 1, 'implementation_mechanism': 1}"
4641,8,de:7 & im:7 & pr:39 & pr:9 & th:5 & va:0,"{'problem_analysis': 2, 'theoretical_insight': 1, 'validation_evidence': 1}"
4642,8,de:20 & im:19 & pr:27 & pr:9 & th:12 & va:9,"{'problem_analysis': 2, 'theoretical_insight': 1, 'design_rationale': 1}"
4643,8,de:29 & im:10 & pr:39 & pr:9 & th:36 & va:0,"{'problem_analysis': 2, 'validation_evidence': 1, 'implementation_mechanism': 1}"
4644,8,de:16 & im:1 & pr:18 & pr:9 & th:0 & va:17,"{'problem_analysis': 2, 'design_rationale': 1, 'validation_evidence': 1}"
4645,8,im:1 & pr:7 & pr:9 & th:6 & va:39,"{'problem_analysis': 2, 'validation_evidence': 1, 'implementation_mechanism': 1}"
4646,8,de:16 & im:1 & pr:18 & pr:9 & th:0 & va:15,"{'problem_analysis': 2, 'design_rationale': 1, 'validation_evidence': 1}"
4647,8,de:37 & im:0 & pr:19 & pr:7 & pr:9 & th:6 & va:1,"{'problem_analysis': 3, 'validation_evidence': 1, 'design_rationale': 1}"
4648,8,de:24 & im:2 & pr:13 & pr:9 & th:13 & va:7,"{'problem_analysis': 2, 'theoretical_insight': 1, 'validation_evidence': 1}"
4649,8,de:8 & im:18 & pr:16 & pr:9 & th:27 & va:20,"{'problem_analysis': 2, 'implementation_mechanism': 1, 'design_rationale': 1}"
4650,8,de:24 & im:24 & pr:13 & pr:2 & pr:9 & th:10 & va:8,"{'problem_analysis': 3, 'theoretical_insight': 1, 'implementation_mechanism': 1}"
4651,8,de:18 & im:0 & pr:19 & pr:7 & pr:9 & th:7 & va:35,"{'problem_analysis': 3, 'design_rationale': 1, 'theoretical_insight': 1}"
4652,8,de:8 & im:1 & pr:10 & pr:23 & th:6 & va:10,"{'problem_analysis': 2, 'design_rationale': 1, 'implementation_mechanism': 1}"
4653,8,de:3 & im:3 & pr:16 & pr:23 & th:28 & va:1,"{'problem_analysis': 2, 'validation_evidence': 1, 'design_rationale': 1}"
4654,8,de:39 & im:0 & pr:10 & pr:16 & pr:23 & va:1,"{'problem_analysis': 3, 'validation_evidence': 1, 'design_rationale': 1}"
4655,8,de:33 & im:5 & pr:16 & pr:23 & th:8 & va:20,"{'problem_analysis': 2, 'design_rationale': 1, 'theoretical_insight': 1}"
4656,8,de:4 & im:10 & pr:19 & pr:23 & th:8 & va:33,"{'problem_analysis': 2, 'implementation_mechanism': 1, 'theoretical_insight': 1}"
4657,8,de:12 & im:8 & pr:16 & pr:23 & th:26 & va:1,"{'problem_analysis': 2, 'implementation_mechanism': 1, 'validation_evidence': 1}"
4658,8,de:18 & im:0 & pr:16 & pr:23 & th:19 & va:19,"{'problem_analysis': 2, 'validation_evidence': 1, 'design_rationale': 1}"
4659,8,de:37 & im:1 & pr:12 & pr:14 & th:6 & va:15,"{'problem_analysis': 2, 'validation_evidence': 1, 'implementation_mechanism': 1}"
4660,8,de:3 & im:16 & pr:27 & pr:39 & pr:6 & th:12 & th:2 & th:36 & va:26,"{'theoretical_insight': 3, 'problem_analysis': 3, 'implementation_mechanism': 1}"
4661,8,de:15 & de:3 & im:16 & im:4 & pr:27 & pr:39 & pr:6 & th:11 & th:12 & th:2 & th:36 & va:10 & va:26,"{'theoretical_insight': 4, 'problem_analysis': 3, 'implementation_mechanism': 2}"
4662,8,de:13 & im:1 & im:31 & pr:13 & pr:23 & pr:7 & th:37 & th:4 & va:1 & va:17,"{'problem_analysis': 3, 'validation_evidence': 2, 'theoretical_insight': 2}"
4663,8,de:37 & im:1 & im:31 & pr:13 & pr:19 & pr:23 & th:4 & th:6 & va:1,"{'problem_analysis': 3, 'theoretical_insight': 2, 'implementation_mechanism': 2}"
4664,8,de:15 & im:31 & im:4 & pr:13 & pr:23 & pr:31 & th:4 & th:9 & va:1 & va:10,"{'problem_analysis': 3, 'validation_evidence': 2, 'implementation_mechanism': 2}"
4665,8,de:37 & im:1 & im:31 & pr:12 & pr:13 & pr:23 & th:4 & th:6 & va:1,"{'problem_analysis': 3, 'theoretical_insight': 2, 'implementation_mechanism': 2}"
4666,8,de:9 & im:31 & im:35 & pr:11 & pr:13 & pr:23 & th:2 & th:4 & va:1 & va:9,"{'problem_analysis': 3, 'validation_evidence': 2, 'theoretical_insight': 2}"
4667,8,de:14 & im:25 & im:31 & pr:13 & pr:14 & pr:23 & th:26 & th:4 & va:1 & va:20,"{'problem_analysis': 3, 'validation_evidence': 2, 'theoretical_insight': 2}"
4668,8,de:11 & im:31 & im:38 & pr:13 & pr:23 & pr:6 & th:26 & th:4 & th:9 & va:1 & va:2,"{'problem_analysis': 3, 'theoretical_insight': 3, 'validation_evidence': 2}"
4669,8,pr:23 & pr:31 & th:16 & va:1,"{'problem_analysis': 2, 'validation_evidence': 1, 'theoretical_insight': 1}"
4670,8,de:3 & im:21 & pr:0 & pr:16 & th:19 & va:8,"{'problem_analysis': 2, 'theoretical_insight': 1, 'validation_evidence': 1}"
4671,8,de:3 & im:21 & pr:0 & pr:16 & th:13 & va:8,"{'problem_analysis': 2, 'theoretical_insight': 1, 'validation_evidence': 1}"
4672,8,de:29 & im:29 & pr:0 & pr:16 & th:34 & va:14,"{'problem_analysis': 2, 'theoretical_insight': 1, 'design_rationale': 1}"
4673,8,de:29 & de:3 & im:11 & im:29 & pr:0 & pr:16 & th:10 & th:34 & va:8,"{'problem_analysis': 2, 'theoretical_insight': 2, 'design_rationale': 2}"
4674,8,de:9 & im:22 & pr:13 & pr:22 & th:33 & va:33,"{'problem_analysis': 2, 'implementation_mechanism': 1, 'design_rationale': 1}"
4675,8,de:15 & im:4 & pr:0 & pr:16 & pr:6 & th:11 & va:10,"{'problem_analysis': 3, 'implementation_mechanism': 1, 'theoretical_insight': 1}"
4676,8,pr:18 & pr:33,{'problem_analysis': 2}
4677,8,pr:18 & pr:4 & va:28,"{'problem_analysis': 2, 'validation_evidence': 1}"
4678,8,pr:16 & pr:18,{'problem_analysis': 2}
4679,8,de:15 & im:4 & pr:18 & pr:31 & th:2 & va:10,"{'problem_analysis': 2, 'theoretical_insight': 1, 'implementation_mechanism': 1}"
4680,8,de:16 & im:1 & pr:12 & pr:18 & th:31 & va:39,"{'problem_analysis': 2, 'design_rationale': 1, 'validation_evidence': 1}"
4681,8,de:11 & im:9 & pr:18 & pr:33 & th:35 & va:15,"{'problem_analysis': 2, 'implementation_mechanism': 1, 'design_rationale': 1}"
4682,8,de:12 & im:20 & pr:18 & pr:9 & th:1 & va:12,"{'problem_analysis': 2, 'validation_evidence': 1, 'theoretical_insight': 1}"
4683,8,de:7 & im:10 & pr:18 & pr:19 & th:37 & va:37,"{'problem_analysis': 2, 'validation_evidence': 1, 'implementation_mechanism': 1}"
4684,8,de:15 & im:4 & pr:18 & pr:6 & th:1 & va:10,"{'problem_analysis': 2, 'theoretical_insight': 1, 'implementation_mechanism': 1}"
4685,8,de:37 & im:1 & pr:18 & pr:19 & th:6 & va:37,"{'problem_analysis': 2, 'validation_evidence': 1, 'implementation_mechanism': 1}"
4686,8,de:1 & im:8 & pr:16 & pr:18 & pr:20 & th:6 & va:35,"{'problem_analysis': 3, 'implementation_mechanism': 1, 'validation_evidence': 1}"
4687,8,de:15 & im:4 & pr:18 & pr:27 & pr:6 & th:12 & th:2 & va:10,"{'problem_analysis': 3, 'theoretical_insight': 2, 'implementation_mechanism': 1}"
4688,8,de:15 & im:4 & im:7 & pr:18 & pr:6 & th:12 & va:10,"{'problem_analysis': 2, 'implementation_mechanism': 2, 'theoretical_insight': 1}"
4689,8,de:23 & im:27 & pr:22 & th:12 & va:22,"{'problem_analysis': 1, 'design_rationale': 1, 'implementation_mechanism': 1}"
4690,8,de:15 & im:4 & pr:12 & pr:20 & pr:6 & th:11 & th:38 & va:32,"{'problem_analysis': 3, 'theoretical_insight': 2, 'implementation_mechanism': 1}"
4691,8,de:12 & de:14 & im:20 & pr:7 & pr:9 & th:1 & th:29 & va:12,"{'problem_analysis': 2, 'theoretical_insight': 2, 'design_rationale': 2}"
4692,8,de:1 & im:1 & pr:13 & th:23 & va:4,"{'theoretical_insight': 1, 'problem_analysis': 1, 'design_rationale': 1}"
4693,8,im:31 & pr:13 & pr:36 & th:4,"{'problem_analysis': 2, 'theoretical_insight': 1, 'implementation_mechanism': 1}"
4694,8,de:15 & im:4 & pr:31 & pr:36 & th:9 & va:10,"{'problem_analysis': 2, 'design_rationale': 1, 'implementation_mechanism': 1}"
4695,8,de:3 & im:16 & pr:36 & pr:39 & th:36 & va:0,"{'problem_analysis': 2, 'implementation_mechanism': 1, 'validation_evidence': 1}"
4696,8,de:11 & im:38 & pr:36 & pr:6 & th:26 & th:9 & va:2,"{'problem_analysis': 2, 'theoretical_insight': 2, 'implementation_mechanism': 1}"
4697,8,de:1 & im:31 & pr:13 & pr:18 & pr:36 & th:23 & th:4 & th:6,"{'theoretical_insight': 3, 'problem_analysis': 3, 'implementation_mechanism': 1}"
4698,8,de:1 & de:15 & im:4 & pr:13 & pr:18 & pr:31 & pr:36 & th:23 & th:6 & th:9 & va:10,"{'problem_analysis': 4, 'theoretical_insight': 3, 'design_rationale': 2}"
4699,8,de:1 & de:3 & im:16 & pr:13 & pr:18 & pr:36 & pr:39 & th:23 & th:36 & th:6 & va:0,"{'problem_analysis': 4, 'theoretical_insight': 3, 'design_rationale': 2}"
4700,8,de:1 & de:32 & de:37 & im:0 & im:1 & pr:13 & pr:18 & pr:19 & th:23 & th:6 & th:7 & va:17,"{'theoretical_insight': 3, 'problem_analysis': 3, 'design_rationale': 3}"
4701,8,de:1 & de:11 & im:38 & pr:13 & pr:18 & pr:36 & pr:6 & th:23 & th:26 & th:6 & th:9 & va:2,"{'theoretical_insight': 4, 'problem_analysis': 4, 'design_rationale': 2}"
4702,8,de:11 & im:10 & im:31 & pr:23 & th:25 & va:1 & va:20,"{'validation_evidence': 2, 'implementation_mechanism': 2, 'problem_analysis': 1}"
4703,8,de:3 & im:16 & pr:13 & pr:32 & pr:39 & th:36 & va:26,"{'problem_analysis': 3, 'implementation_mechanism': 1, 'validation_evidence': 1}"
4704,8,de:9 & im:4 & pr:13 & pr:6 & th:12 & va:10,"{'problem_analysis': 2, 'theoretical_insight': 1, 'implementation_mechanism': 1}"
4705,8,de:9 & im:19 & pr:13 & pr:6 & th:12 & va:10,"{'problem_analysis': 2, 'theoretical_insight': 1, 'design_rationale': 1}"
4706,8,pr:31 & pr:4 & th:16 & va:1,"{'problem_analysis': 2, 'validation_evidence': 1, 'theoretical_insight': 1}"
4707,8,de:28 & im:9 & pr:30 & pr:4 & th:35 & va:28,"{'problem_analysis': 2, 'design_rationale': 1, 'implementation_mechanism': 1}"
4708,8,de:3 & im:9 & pr:19 & pr:4 & th:37 & va:0,"{'problem_analysis': 2, 'validation_evidence': 1, 'implementation_mechanism': 1}"
4709,8,de:16 & pr:21 & pr:4 & th:31,"{'problem_analysis': 2, 'theoretical_insight': 1, 'design_rationale': 1}"
4710,8,de:28 & im:7 & pr:19 & pr:4 & th:1 & va:28,"{'problem_analysis': 2, 'design_rationale': 1, 'theoretical_insight': 1}"
4711,8,de:16 & im:4 & pr:4 & pr:7 & th:6 & va:10,"{'problem_analysis': 2, 'design_rationale': 1, 'implementation_mechanism': 1}"
4712,8,de:37 & im:28 & pr:18 & pr:4 & th:6 & va:1,"{'problem_analysis': 2, 'validation_evidence': 1, 'implementation_mechanism': 1}"
4713,8,de:0 & im:30 & pr:18 & pr:4 & th:23 & va:4,"{'problem_analysis': 2, 'theoretical_insight': 1, 'implementation_mechanism': 1}"
4714,8,de:18 & im:6 & pr:38 & pr:4 & th:36 & va:1,"{'problem_analysis': 2, 'validation_evidence': 1, 'design_rationale': 1}"
4715,8,de:37 & im:1 & pr:20 & pr:4 & th:6 & va:1,"{'problem_analysis': 2, 'validation_evidence': 1, 'implementation_mechanism': 1}"
4716,8,de:3 & im:16 & pr:38 & pr:4 & th:12 & va:26,"{'problem_analysis': 2, 'theoretical_insight': 1, 'implementation_mechanism': 1}"
4717,8,de:5 & im:28 & pr:4 & pr:7 & th:29 & va:1,"{'problem_analysis': 2, 'validation_evidence': 1, 'theoretical_insight': 1}"
4718,8,de:9 & im:22 & pr:22 & pr:4 & th:33 & va:33,"{'problem_analysis': 2, 'implementation_mechanism': 1, 'design_rationale': 1}"
4719,8,de:8 & im:12 & pr:10 & pr:4 & th:7 & va:4,"{'problem_analysis': 2, 'theoretical_insight': 1, 'validation_evidence': 1}"
4720,8,de:11 & im:1 & pr:4 & pr:7 & th:25 & va:12,"{'problem_analysis': 2, 'validation_evidence': 1, 'theoretical_insight': 1}"
4721,8,de:32 & im:0 & pr:19 & pr:4 & th:7 & va:39,"{'problem_analysis': 2, 'design_rationale': 1, 'validation_evidence': 1}"
4722,8,pr:19 & pr:4 & th:33 & va:17,"{'problem_analysis': 2, 'theoretical_insight': 1, 'validation_evidence': 1}"
4723,8,de:37 & im:0 & pr:4 & pr:7 & th:6 & va:1,"{'problem_analysis': 2, 'validation_evidence': 1, 'design_rationale': 1}"
4724,8,de:37 & im:3 & pr:19 & pr:37 & pr:4 & va:35,"{'problem_analysis': 3, 'validation_evidence': 1, 'design_rationale': 1}"
4725,8,de:8 & im:0 & pr:18 & pr:19 & pr:4 & va:1,"{'problem_analysis': 3, 'validation_evidence': 1, 'design_rationale': 1}"
4726,8,de:8 & im:1 & pr:1 & pr:3 & pr:4 & th:33 & va:39,"{'problem_analysis': 3, 'validation_evidence': 1, 'design_rationale': 1}"
4727,8,de:37 & im:0 & pr:19 & pr:4 & th:7 & va:1,"{'problem_analysis': 2, 'validation_evidence': 1, 'theoretical_insight': 1}"
4728,8,de:3 & im:16 & pr:3 & pr:4 & th:15 & va:13,"{'problem_analysis': 2, 'implementation_mechanism': 1, 'design_rationale': 1}"
4729,8,de:0 & im:36 & im:6 & pr:19 & pr:37 & pr:4 & th:6 & va:20,"{'problem_analysis': 3, 'implementation_mechanism': 2, 'design_rationale': 1}"
4730,8,de:10 & im:24 & pr:28 & pr:4 & th:10 & va:36,"{'problem_analysis': 2, 'theoretical_insight': 1, 'design_rationale': 1}"
4731,8,de:6 & im:21 & pr:19 & pr:4 & th:33 & va:37,"{'problem_analysis': 2, 'design_rationale': 1, 'validation_evidence': 1}"
4732,8,de:17 & im:20 & pr:11 & pr:23 & pr:39 & pr:4 & th:12 & va:17 & va:38,"{'problem_analysis': 4, 'validation_evidence': 2, 'design_rationale': 1}"
4733,8,de:13 & im:7 & pr:26 & pr:9 & va:30,"{'problem_analysis': 2, 'design_rationale': 1, 'validation_evidence': 1}"
4734,8,de:22 & im:31 & pr:3 & pr:9 & th:4 & va:7,"{'problem_analysis': 2, 'design_rationale': 1, 'validation_evidence': 1}"
4735,8,de:15 & im:4 & pr:12 & pr:9 & th:2 & va:10,"{'problem_analysis': 2, 'theoretical_insight': 1, 'implementation_mechanism': 1}"
4736,8,pr:19 & pr:9 & th:2 & va:15 & va:9,"{'problem_analysis': 2, 'validation_evidence': 2, 'theoretical_insight': 1}"
4737,8,de:7 & im:31 & pr:13 & pr:27 & th:4 & va:7,"{'problem_analysis': 2, 'validation_evidence': 1, 'implementation_mechanism': 1}"
4738,8,de:7 & im:4 & pr:13 & pr:27 & th:4 & va:10,"{'problem_analysis': 2, 'implementation_mechanism': 1, 'design_rationale': 1}"
4739,8,de:37 & im:1 & pr:12 & pr:37 & th:6 & va:1,"{'problem_analysis': 2, 'validation_evidence': 1, 'implementation_mechanism': 1}"
4740,8,pr:14 & pr:19 & pr:37 & th:30 & va:20,"{'problem_analysis': 3, 'theoretical_insight': 1, 'validation_evidence': 1}"
4741,8,de:37 & im:1 & pr:12 & pr:14 & pr:37 & th:30 & th:6 & va:39,"{'problem_analysis': 3, 'theoretical_insight': 2, 'validation_evidence': 1}"
4742,8,de:11 & im:38 & pr:12 & pr:14 & pr:37 & pr:6 & th:26 & th:30 & th:9 & va:2,"{'problem_analysis': 4, 'theoretical_insight': 3, 'implementation_mechanism': 1}"
4743,8,de:3 & im:16 & pr:12 & pr:20 & pr:37 & pr:39 & th:30 & th:36 & th:6 & va:26,"{'problem_analysis': 4, 'theoretical_insight': 3, 'implementation_mechanism': 1}"
4744,8,de:37 & pr:19 & pr:7 & th:6,"{'problem_analysis': 2, 'design_rationale': 1, 'theoretical_insight': 1}"
4745,8,de:37 & im:31 & pr:13 & pr:19 & pr:7 & th:4 & th:6,"{'problem_analysis': 3, 'theoretical_insight': 2, 'implementation_mechanism': 1}"
4746,8,de:3 & de:37 & im:16 & pr:19 & pr:39 & pr:7 & th:36 & th:6 & va:0,"{'problem_analysis': 3, 'design_rationale': 2, 'theoretical_insight': 2}"
4747,8,de:11 & de:37 & im:38 & pr:19 & pr:6 & pr:7 & th:26 & th:6 & th:9 & va:2,"{'problem_analysis': 3, 'theoretical_insight': 3, 'design_rationale': 2}"
4748,8,de:15 & im:4 & pr:18 & pr:33 & pr:6 & th:11 & va:32,"{'problem_analysis': 3, 'implementation_mechanism': 1, 'theoretical_insight': 1}"
4749,8,de:15 & de:20 & im:19 & im:4 & im:7 & pr:11 & pr:6 & th:11 & th:12 & th:2 & va:10,"{'theoretical_insight': 3, 'implementation_mechanism': 3, 'problem_analysis': 2}"
4750,8,de:32 & de:37 & im:3 & pr:1 & pr:16 & pr:19 & pr:33 & th:19 & th:28 & va:1,"{'problem_analysis': 4, 'design_rationale': 2, 'theoretical_insight': 2}"
4751,8,de:37 & im:3 & pr:16 & pr:19 & pr:33 & th:28 & va:35,"{'problem_analysis': 3, 'validation_evidence': 1, 'design_rationale': 1}"
4752,8,de:15 & im:4 & pr:2 & pr:33 & pr:6 & th:11 & va:32,"{'problem_analysis': 3, 'implementation_mechanism': 1, 'theoretical_insight': 1}"
4753,8,pr:16 & pr:31 & th:16 & va:1,"{'problem_analysis': 2, 'validation_evidence': 1, 'theoretical_insight': 1}"
4754,8,de:6 & im:19 & pr:11 & pr:33 & th:12 & va:9,"{'problem_analysis': 2, 'design_rationale': 1, 'theoretical_insight': 1}"
4755,8,de:15 & im:4 & pr:31 & va:32,"{'implementation_mechanism': 1, 'design_rationale': 1, 'problem_analysis': 1}"
4756,8,de:28 & im:9 & pr:30 & pr:31 & th:35 & va:28,"{'problem_analysis': 2, 'design_rationale': 1, 'implementation_mechanism': 1}"
4757,8,pr:23 & pr:31 & va:23,"{'problem_analysis': 2, 'validation_evidence': 1}"
4758,8,de:37 & im:1 & pr:12 & pr:31 & th:2 & va:1,"{'problem_analysis': 2, 'theoretical_insight': 1, 'validation_evidence': 1}"
4759,8,de:7 & im:31 & pr:13 & pr:31 & th:4 & va:7,"{'problem_analysis': 2, 'validation_evidence': 1, 'theoretical_insight': 1}"
4760,8,de:7 & im:4 & pr:13 & pr:31 & th:4 & va:10,"{'problem_analysis': 2, 'implementation_mechanism': 1, 'design_rationale': 1}"
4761,8,de:14 & im:20 & pr:31 & pr:9 & va:20,"{'problem_analysis': 2, 'implementation_mechanism': 1, 'validation_evidence': 1}"
4762,8,pr:11 & pr:31 & th:12 & va:27,"{'problem_analysis': 2, 'theoretical_insight': 1, 'validation_evidence': 1}"
4763,8,de:8 & im:1 & pr:19 & pr:31 & th:9 & va:1,"{'problem_analysis': 2, 'validation_evidence': 1, 'design_rationale': 1}"
4764,8,de:16 & de:38 & im:7 & pr:26 & pr:31 & th:2 & va:18,"{'design_rationale': 2, 'problem_analysis': 2, 'theoretical_insight': 1}"
4765,8,de:7 & im:19 & pr:31 & pr:4 & pr:5 & th:12 & va:30,"{'problem_analysis': 3, 'theoretical_insight': 1, 'validation_evidence': 1}"
4766,8,de:16 & im:1 & pr:21 & pr:3 & th:31 & va:39,"{'problem_analysis': 2, 'design_rationale': 1, 'validation_evidence': 1}"
4767,8,de:1 & im:8 & pr:16 & pr:20 & pr:3 & th:6 & va:35,"{'problem_analysis': 3, 'implementation_mechanism': 1, 'validation_evidence': 1}"
4768,8,de:14 & im:25 & pr:14 & pr:19 & pr:7 & th:26 & va:20,"{'problem_analysis': 3, 'implementation_mechanism': 1, 'validation_evidence': 1}"
4769,8,de:15 & im:4 & pr:19 & pr:6 & pr:7 & th:1 & va:10,"{'problem_analysis': 3, 'theoretical_insight': 1, 'implementation_mechanism': 1}"
4770,8,de:15 & im:4 & pr:19 & pr:27 & pr:6 & pr:7 & th:12 & th:2 & va:10,"{'problem_analysis': 4, 'theoretical_insight': 2, 'implementation_mechanism': 1}"
4771,8,im:31 & pr:13 & pr:7 & pr:9 & th:14 & th:4,"{'problem_analysis': 3, 'theoretical_insight': 2, 'implementation_mechanism': 1}"
4772,8,de:3 & im:16 & pr:39 & pr:7 & pr:9 & th:14 & th:36 & va:0,"{'problem_analysis': 3, 'theoretical_insight': 2, 'implementation_mechanism': 1}"
4773,8,de:37 & im:1 & pr:19 & pr:7 & pr:9 & th:14 & th:6 & va:1,"{'problem_analysis': 3, 'theoretical_insight': 2, 'validation_evidence': 1}"
4774,8,de:11 & im:38 & pr:6 & pr:7 & pr:9 & th:14 & th:26 & th:9 & va:2,"{'problem_analysis': 3, 'theoretical_insight': 3, 'implementation_mechanism': 1}"
4775,8,de:15 & im:4 & pr:4 & pr:6 & th:12 & va:2,"{'problem_analysis': 2, 'theoretical_insight': 1, 'implementation_mechanism': 1}"
4776,8,de:14 & im:20 & pr:4 & pr:9 & th:29 & va:19,"{'problem_analysis': 2, 'validation_evidence': 1, 'theoretical_insight': 1}"
4777,8,de:16 & de:20 & pr:11 & pr:12 & pr:4 & th:12 & th:2 & va:30,"{'problem_analysis': 3, 'theoretical_insight': 2, 'design_rationale': 2}"
4778,8,pr:9 & th:14,"{'theoretical_insight': 1, 'problem_analysis': 1}"
4779,8,de:15 & im:4 & pr:26 & pr:31 & th:2 & va:32,"{'problem_analysis': 2, 'theoretical_insight': 1, 'implementation_mechanism': 1}"
4780,8,de:15 & im:4 & pr:26 & pr:6 & th:11 & va:15,"{'problem_analysis': 2, 'implementation_mechanism': 1, 'theoretical_insight': 1}"
4781,8,de:3 & im:16 & pr:12 & pr:26 & pr:38 & th:12 & va:26,"{'problem_analysis': 3, 'theoretical_insight': 1, 'implementation_mechanism': 1}"
4782,8,de:16 & im:4 & pr:26 & pr:6 & va:9,"{'problem_analysis': 2, 'design_rationale': 1, 'implementation_mechanism': 1}"
4783,8,de:8 & im:12 & pr:10 & pr:12 & pr:26 & th:7 & va:4,"{'problem_analysis': 3, 'theoretical_insight': 1, 'validation_evidence': 1}"
4784,8,de:14 & im:25 & pr:19 & pr:26 & th:26 & va:20,"{'problem_analysis': 2, 'implementation_mechanism': 1, 'validation_evidence': 1}"
4785,8,de:24 & im:2 & pr:13 & pr:26 & th:13 & va:7,"{'problem_analysis': 2, 'theoretical_insight': 1, 'validation_evidence': 1}"
4786,8,de:8 & im:8 & pr:16 & th:28 & va:1,"{'implementation_mechanism': 1, 'problem_analysis': 1, 'validation_evidence': 1}"
4787,8,de:15 & de:16 & im:4 & pr:12 & pr:4 & pr:6 & th:11 & th:2 & va:32,"{'problem_analysis': 3, 'theoretical_insight': 2, 'design_rationale': 2}"
4788,8,de:17 & im:20 & pr:12 & pr:4 & th:12 & va:9,"{'problem_analysis': 2, 'design_rationale': 1, 'theoretical_insight': 1}"
4789,8,de:17 & im:19 & pr:12 & pr:4 & th:12 & va:9,"{'problem_analysis': 2, 'design_rationale': 1, 'theoretical_insight': 1}"
4790,8,de:13 & im:1 & pr:12 & pr:33 & th:6 & va:17,"{'problem_analysis': 2, 'design_rationale': 1, 'validation_evidence': 1}"
4791,8,de:29 & im:10 & pr:12 & pr:9 & th:0 & va:15,"{'problem_analysis': 2, 'design_rationale': 1, 'implementation_mechanism': 1}"
4792,8,de:7 & im:19 & pr:12 & pr:4 & pr:5 & th:12 & va:30,"{'problem_analysis': 3, 'theoretical_insight': 1, 'validation_evidence': 1}"
4793,8,pr:12 & pr:23 & pr:39 & va:38,"{'problem_analysis': 3, 'validation_evidence': 1}"
4794,8,pr:23 & pr:39 & pr:6 & va:38,"{'problem_analysis': 3, 'validation_evidence': 1}"
4795,8,de:15 & im:4 & pr:12 & pr:23 & pr:39 & th:2 & va:10 & va:38,"{'problem_analysis': 3, 'validation_evidence': 2, 'theoretical_insight': 1}"
4796,8,de:20 & de:28 & im:19 & pr:12 & pr:23 & pr:24 & pr:39 & va:30 & va:38,"{'problem_analysis': 4, 'design_rationale': 2, 'validation_evidence': 2}"
4797,8,pr:12 & pr:23 & pr:39 & pr:4 & va:28 & va:38,"{'problem_analysis': 4, 'validation_evidence': 2}"
4798,8,de:7 & im:4 & pr:12 & pr:23 & pr:39 & pr:6 & th:12 & va:10 & va:38,"{'problem_analysis': 4, 'validation_evidence': 2, 'theoretical_insight': 1}"
4799,8,de:37 & im:1 & pr:19 & pr:23 & pr:39 & th:6 & va:1 & va:38,"{'problem_analysis': 3, 'validation_evidence': 2, 'implementation_mechanism': 1}"
4800,8,de:12 & im:20 & pr:12 & pr:23 & pr:39 & pr:9 & th:1 & va:12 & va:38,"{'problem_analysis': 4, 'validation_evidence': 2, 'theoretical_insight': 1}"
4801,8,de:0 & im:3 & pr:19 & pr:23 & pr:39 & th:7 & va:23 & va:38,"{'problem_analysis': 3, 'validation_evidence': 2, 'theoretical_insight': 1}"
4802,8,de:28 & im:7 & pr:12 & pr:23 & pr:39 & pr:6 & th:9 & va:32 & va:38,"{'problem_analysis': 4, 'validation_evidence': 2, 'design_rationale': 1}"
4803,8,de:22 & im:31 & pr:12 & pr:23 & pr:3 & pr:39 & th:4 & va:38 & va:7,"{'problem_analysis': 4, 'validation_evidence': 2, 'design_rationale': 1}"
4804,8,de:7 & im:10 & pr:12 & pr:23 & pr:39 & pr:7 & th:37 & va:37 & va:38,"{'problem_analysis': 4, 'validation_evidence': 2, 'implementation_mechanism': 1}"
4805,8,de:29 & im:16 & pr:12 & pr:23 & pr:39 & th:36 & va:26 & va:38,"{'problem_analysis': 3, 'validation_evidence': 2, 'implementation_mechanism': 1}"
4806,8,de:20 & im:19 & pr:11 & pr:12 & pr:23 & pr:39 & th:12 & va:38 & va:9,"{'problem_analysis': 4, 'validation_evidence': 2, 'implementation_mechanism': 1}"
4807,8,de:15 & im:4 & pr:12 & pr:23 & pr:31 & pr:39 & th:2 & va:10 & va:38,"{'problem_analysis': 4, 'validation_evidence': 2, 'theoretical_insight': 1}"
4808,8,de:20 & im:19 & pr:12 & pr:23 & pr:35 & pr:39 & th:12 & va:2 & va:38,"{'problem_analysis': 4, 'validation_evidence': 2, 'implementation_mechanism': 1}"
4809,8,de:15 & im:4 & pr:23 & pr:39 & pr:6 & th:1 & va:10 & va:38,"{'problem_analysis': 3, 'validation_evidence': 2, 'theoretical_insight': 1}"
4810,8,de:11 & im:9 & pr:12 & pr:23 & pr:33 & pr:39 & th:35 & va:15 & va:38,"{'problem_analysis': 4, 'validation_evidence': 2, 'implementation_mechanism': 1}"
4811,8,de:15 & im:4 & pr:12 & pr:23 & pr:31 & pr:39 & th:11 & va:38 & va:9,"{'problem_analysis': 4, 'validation_evidence': 2, 'implementation_mechanism': 1}"
4812,8,de:37 & im:1 & pr:12 & pr:19 & pr:23 & pr:39 & th:6 & va:38 & va:39,"{'problem_analysis': 4, 'validation_evidence': 2, 'implementation_mechanism': 1}"
4813,8,de:22 & im:31 & pr:13 & pr:23 & pr:3 & pr:39 & th:4 & va:11 & va:38,"{'problem_analysis': 4, 'validation_evidence': 2, 'design_rationale': 1}"
4814,8,de:1 & im:8 & pr:16 & pr:20 & pr:23 & pr:39 & th:6 & va:35 & va:38,"{'problem_analysis': 4, 'validation_evidence': 2, 'implementation_mechanism': 1}"
4815,8,de:20 & im:20 & pr:12 & pr:23 & pr:24 & pr:39 & th:1 & va:30 & va:38,"{'problem_analysis': 4, 'validation_evidence': 2, 'theoretical_insight': 1}"
4816,8,de:17 & im:20 & pr:12 & pr:23 & pr:39 & th:12 & th:2 & va:3 & va:38,"{'problem_analysis': 3, 'theoretical_insight': 2, 'validation_evidence': 2}"
4817,8,de:15 & im:4 & im:7 & pr:12 & pr:23 & pr:39 & pr:6 & th:12 & va:10 & va:38,"{'problem_analysis': 4, 'implementation_mechanism': 2, 'validation_evidence': 2}"
4818,8,de:20 & im:19 & pr:12 & pr:23 & pr:24 & pr:39 & th:1 & va:30 & va:38,"{'problem_analysis': 4, 'validation_evidence': 2, 'implementation_mechanism': 1}"
4819,8,de:37 & im:3 & pr:16 & pr:19 & pr:23 & pr:39 & th:28 & va:33 & va:38,"{'problem_analysis': 4, 'validation_evidence': 2, 'design_rationale': 1}"
4820,8,de:15 & de:25 & im:34 & im:4 & pr:32 & pr:6 & th:11 & th:21 & th:33 & va:32,"{'theoretical_insight': 3, 'problem_analysis': 2, 'implementation_mechanism': 2}"
4821,8,de:16 & im:4 & pr:22 & pr:6 & va:9,"{'problem_analysis': 2, 'design_rationale': 1, 'implementation_mechanism': 1}"
4822,8,de:15 & im:4 & pr:22 & pr:6 & th:1 & va:10,"{'problem_analysis': 2, 'theoretical_insight': 1, 'implementation_mechanism': 1}"
4823,8,de:14 & im:20 & pr:22 & pr:9 & th:14 & th:26 & va:19,"{'problem_analysis': 2, 'theoretical_insight': 2, 'validation_evidence': 1}"
4824,8,de:20 & de:9 & im:31 & im:4 & pr:13 & pr:27 & pr:3 & th:1 & th:4,"{'problem_analysis': 3, 'design_rationale': 2, 'theoretical_insight': 2}"
4825,8,de:20 & de:9 & im:4 & pr:19 & pr:27 & pr:3 & pr:5 & th:1 & th:12 & va:20,"{'problem_analysis': 4, 'design_rationale': 2, 'theoretical_insight': 2}"
4826,8,de:11 & de:20 & de:9 & im:38 & im:4 & pr:27 & pr:3 & pr:6 & th:1 & th:26 & th:9 & va:2,"{'problem_analysis': 3, 'design_rationale': 3, 'theoretical_insight': 3}"
4827,8,pr:26 & pr:4 & va:28,"{'problem_analysis': 2, 'validation_evidence': 1}"
4828,8,de:15 & im:4 & pr:26 & va:10,"{'implementation_mechanism': 1, 'validation_evidence': 1, 'design_rationale': 1}"
4829,8,de:5 & im:1 & pr:4 & pr:7 & th:37 & va:17,"{'problem_analysis': 2, 'validation_evidence': 1, 'design_rationale': 1}"
4830,8,de:22 & im:31 & pr:13 & th:4 & va:0,"{'problem_analysis': 1, 'design_rationale': 1, 'validation_evidence': 1}"
4831,8,de:14 & de:15 & im:25 & im:4 & pr:6 & pr:7 & pr:9 & th:11 & th:26 & va:19 & va:20 & va:32,"{'validation_evidence': 3, 'problem_analysis': 3, 'design_rationale': 2}"
4832,8,de:37 & im:1 & pr:19 & th:6 & va:15,"{'validation_evidence': 1, 'problem_analysis': 1, 'implementation_mechanism': 1}"
4833,8,de:15 & im:4 & pr:19 & pr:5 & pr:6 & th:1 & th:11 & va:32,"{'problem_analysis': 3, 'theoretical_insight': 2, 'implementation_mechanism': 1}"
4834,8,de:15 & im:4 & pr:12 & pr:7 & pr:9 & va:10,"{'problem_analysis': 3, 'implementation_mechanism': 1, 'validation_evidence': 1}"
4835,8,de:15 & im:4 & pr:12 & pr:31 & pr:7 & pr:9 & th:2 & va:10,"{'problem_analysis': 4, 'theoretical_insight': 1, 'implementation_mechanism': 1}"
4836,8,de:3 & im:16 & pr:12 & pr:39 & pr:7 & pr:9 & th:36 & va:0,"{'problem_analysis': 4, 'implementation_mechanism': 1, 'validation_evidence': 1}"
4837,8,de:11 & im:9 & pr:12 & pr:33 & pr:7 & pr:9 & th:35 & va:15,"{'problem_analysis': 4, 'implementation_mechanism': 1, 'design_rationale': 1}"
4838,8,de:3 & im:16 & pr:12 & pr:39 & pr:7 & pr:9 & th:36 & va:26,"{'problem_analysis': 4, 'implementation_mechanism': 1, 'validation_evidence': 1}"
4839,8,de:20 & im:19 & pr:12 & pr:35 & pr:7 & pr:9 & th:12 & va:2,"{'problem_analysis': 4, 'theoretical_insight': 1, 'design_rationale': 1}"
4840,8,de:15 & im:4 & im:7 & pr:12 & pr:6 & pr:7 & pr:9 & th:12 & va:10,"{'problem_analysis': 4, 'implementation_mechanism': 2, 'theoretical_insight': 1}"
4841,8,de:37 & pr:16 & pr:19 & th:28 & va:20,"{'problem_analysis': 2, 'theoretical_insight': 1, 'design_rationale': 1}"
4842,8,de:3 & de:37 & im:16 & pr:16 & pr:19 & pr:39 & th:28 & th:36 & va:0,"{'problem_analysis': 3, 'design_rationale': 2, 'theoretical_insight': 2}"
4843,8,de:37 & im:1 & pr:12 & pr:16 & pr:19 & th:28 & th:6 & va:39,"{'problem_analysis': 3, 'theoretical_insight': 2, 'validation_evidence': 1}"
4844,8,de:37 & de:9 & im:35 & pr:11 & pr:16 & pr:19 & th:2 & th:28 & va:9,"{'problem_analysis': 3, 'theoretical_insight': 2, 'design_rationale': 2}"
4845,8,de:23 & de:37 & im:27 & pr:16 & pr:19 & pr:22 & th:18 & th:28 & va:22,"{'problem_analysis': 3, 'design_rationale': 2, 'theoretical_insight': 2}"
4846,8,de:11 & de:37 & im:38 & pr:16 & pr:19 & pr:6 & th:26 & th:28 & th:9 & va:2,"{'problem_analysis': 3, 'theoretical_insight': 3, 'design_rationale': 2}"
4847,8,de:37 & im:1 & pr:12 & pr:25 & th:37 & va:39,"{'problem_analysis': 2, 'validation_evidence': 1, 'theoretical_insight': 1}"
4848,8,de:14 & de:3 & im:16 & im:25 & pr:14 & pr:19 & pr:39 & th:14 & th:26 & th:36 & va:20 & va:26,"{'problem_analysis': 3, 'theoretical_insight': 3, 'implementation_mechanism': 2}"
4849,8,de:19 & im:0 & pr:2 & th:10 & va:36,"{'theoretical_insight': 1, 'problem_analysis': 1, 'design_rationale': 1}"
4850,8,de:15 & im:4 & pr:13 & pr:3 & pr:6 & pr:8 & th:11 & th:15 & va:32,"{'problem_analysis': 4, 'theoretical_insight': 2, 'implementation_mechanism': 1}"
4851,8,de:15 & im:4 & pr:11 & pr:27 & pr:6 & th:11 & va:10,"{'problem_analysis': 3, 'implementation_mechanism': 1, 'theoretical_insight': 1}"
4852,8,de:20 & de:28 & de:3 & im:16 & im:19 & pr:12 & pr:24 & pr:39 & th:36 & va:26 & va:30,"{'problem_analysis': 3, 'design_rationale': 3, 'implementation_mechanism': 2}"
4853,8,de:15 & de:20 & de:28 & im:19 & im:4 & pr:12 & pr:24 & pr:6 & th:11 & va:30 & va:32,"{'problem_analysis': 3, 'design_rationale': 3, 'implementation_mechanism': 2}"
4854,8,de:20 & de:28 & de:3 & im:16 & im:19 & pr:12 & pr:24 & pr:39 & pr:4 & th:36 & va:26 & va:30,"{'problem_analysis': 4, 'design_rationale': 3, 'implementation_mechanism': 2}"
4855,8,de:15 & de:20 & de:28 & im:19 & im:4 & pr:12 & pr:24 & pr:4 & pr:6 & th:11 & va:30 & va:32,"{'problem_analysis': 4, 'design_rationale': 3, 'implementation_mechanism': 2}"
4856,8,de:3 & im:16 & pr:0 & pr:2 & th:34 & th:36 & va:26,"{'problem_analysis': 2, 'theoretical_insight': 2, 'implementation_mechanism': 1}"
4857,8,de:3 & im:16 & pr:0 & pr:2 & th:34 & va:26,"{'problem_analysis': 2, 'implementation_mechanism': 1, 'theoretical_insight': 1}"
4858,8,de:11 & im:1 & pr:12 & pr:13 & pr:7 & th:25 & va:12,"{'problem_analysis': 3, 'validation_evidence': 1, 'theoretical_insight': 1}"
4859,8,im:1 & pr:12 & pr:13 & pr:7 & th:6 & va:39,"{'problem_analysis': 3, 'validation_evidence': 1, 'implementation_mechanism': 1}"
4860,8,de:20 & im:19 & pr:11 & pr:12 & pr:35 & th:12 & th:2 & va:2,"{'problem_analysis': 3, 'theoretical_insight': 2, 'design_rationale': 1}"
4861,8,de:15 & im:4 & pr:10 & pr:19 & pr:6 & th:11 & th:6 & va:32,"{'problem_analysis': 3, 'theoretical_insight': 2, 'implementation_mechanism': 1}"
4862,8,pr:11 & pr:23 & va:23,"{'problem_analysis': 2, 'validation_evidence': 1}"
4863,8,de:9 & im:22 & pr:11 & pr:12 & pr:22 & th:33 & va:33,"{'problem_analysis': 3, 'implementation_mechanism': 1, 'design_rationale': 1}"
4864,8,de:15 & im:4 & pr:2 & pr:39 & pr:6 & th:11 & va:32,"{'problem_analysis': 3, 'implementation_mechanism': 1, 'theoretical_insight': 1}"
4865,8,de:7 & im:19 & pr:11 & pr:4 & pr:5 & th:12 & va:30,"{'problem_analysis': 3, 'theoretical_insight': 1, 'validation_evidence': 1}"
4866,8,de:37 & im:28 & pr:31 & pr:7 & th:2 & va:1,"{'problem_analysis': 2, 'theoretical_insight': 1, 'validation_evidence': 1}"
4867,8,de:28 & im:7 & pr:28 & pr:31 & pr:6 & th:33 & th:9 & va:32,"{'problem_analysis': 3, 'theoretical_insight': 2, 'design_rationale': 1}"
4868,8,de:7 & im:4 & pr:28 & pr:31 & pr:6 & th:12 & th:33 & va:10,"{'problem_analysis': 3, 'theoretical_insight': 2, 'implementation_mechanism': 1}"
4869,8,de:29 & im:29 & im:31 & pr:0 & pr:13 & pr:39 & th:34 & th:4,"{'problem_analysis': 3, 'theoretical_insight': 2, 'implementation_mechanism': 2}"
4870,8,de:13 & de:29 & im:1 & im:29 & pr:0 & pr:16 & pr:7 & th:34 & th:37 & va:17,"{'problem_analysis': 3, 'design_rationale': 2, 'theoretical_insight': 2}"
4871,8,de:15 & de:29 & im:29 & im:4 & pr:0 & pr:16 & pr:6 & th:11 & th:34 & va:9,"{'problem_analysis': 3, 'implementation_mechanism': 2, 'theoretical_insight': 2}"
4872,8,de:15 & de:29 & im:29 & im:4 & pr:0 & pr:16 & pr:31 & th:34 & th:9 & va:10,"{'problem_analysis': 3, 'design_rationale': 2, 'implementation_mechanism': 2}"
4873,8,de:29 & de:37 & im:1 & im:29 & pr:0 & pr:19 & pr:39 & th:34 & th:6 & va:1,"{'problem_analysis': 3, 'theoretical_insight': 2, 'design_rationale': 2}"
4874,8,im:28 & pr:12 & pr:4 & va:3,"{'problem_analysis': 2, 'implementation_mechanism': 1, 'validation_evidence': 1}"
4875,8,de:37 & im:1 & pr:4 & pr:7 & th:6 & va:17,"{'problem_analysis': 2, 'validation_evidence': 1, 'implementation_mechanism': 1}"
4876,8,de:37 & im:1 & pr:12 & pr:4 & th:2 & va:1,"{'problem_analysis': 2, 'theoretical_insight': 1, 'validation_evidence': 1}"
4877,8,de:7 & im:31 & pr:12 & pr:4 & th:2 & va:7,"{'problem_analysis': 2, 'theoretical_insight': 1, 'validation_evidence': 1}"
4878,8,de:7 & im:4 & pr:12 & pr:4 & th:2 & va:10,"{'problem_analysis': 2, 'theoretical_insight': 1, 'implementation_mechanism': 1}"
4879,8,de:11 & im:22 & pr:18 & pr:27 & pr:31 & th:2 & va:17,"{'problem_analysis': 3, 'theoretical_insight': 1, 'implementation_mechanism': 1}"
4880,8,im:27 & pr:22 & th:18 & va:22,"{'problem_analysis': 1, 'validation_evidence': 1, 'implementation_mechanism': 1}"
4881,8,de:1 & im:1 & pr:12 & pr:13 & pr:36 & th:23 & va:4,"{'problem_analysis': 3, 'theoretical_insight': 1, 'design_rationale': 1}"
4882,8,de:15 & im:4 & pr:11 & pr:4 & th:11 & va:30,"{'problem_analysis': 2, 'implementation_mechanism': 1, 'theoretical_insight': 1}"
4883,8,de:15 & im:4 & pr:11 & pr:4 & th:11 & va:10,"{'problem_analysis': 2, 'implementation_mechanism': 1, 'theoretical_insight': 1}"
4884,8,de:33 & im:5 & pr:16 & pr:4 & th:26 & va:20,"{'problem_analysis': 2, 'design_rationale': 1, 'implementation_mechanism': 1}"
4885,8,de:8 & im:1 & pr:10 & pr:4 & th:6 & va:10,"{'problem_analysis': 2, 'design_rationale': 1, 'implementation_mechanism': 1}"
4886,8,de:3 & im:3 & pr:16 & pr:4 & th:28 & va:1,"{'problem_analysis': 2, 'validation_evidence': 1, 'design_rationale': 1}"
4887,8,de:39 & im:0 & pr:10 & pr:16 & pr:4 & va:1,"{'problem_analysis': 3, 'validation_evidence': 1, 'design_rationale': 1}"
4888,8,de:33 & im:5 & pr:16 & pr:4 & th:8 & va:20,"{'problem_analysis': 2, 'design_rationale': 1, 'theoretical_insight': 1}"
4889,8,de:4 & im:10 & pr:19 & pr:4 & th:8 & va:33,"{'problem_analysis': 2, 'implementation_mechanism': 1, 'theoretical_insight': 1}"
4890,8,de:18 & im:8 & pr:16 & pr:4 & th:7 & va:20,"{'problem_analysis': 2, 'implementation_mechanism': 1, 'design_rationale': 1}"
4891,8,de:12 & im:8 & pr:16 & pr:4 & th:26 & va:1,"{'problem_analysis': 2, 'implementation_mechanism': 1, 'validation_evidence': 1}"
4892,8,de:18 & im:0 & pr:16 & pr:4 & th:19 & va:19,"{'problem_analysis': 2, 'validation_evidence': 1, 'design_rationale': 1}"
4893,8,im:31 & pr:11 & pr:13 & pr:4 & th:4,"{'problem_analysis': 3, 'implementation_mechanism': 1, 'theoretical_insight': 1}"
4894,8,de:15 & im:4 & pr:12 & pr:31,"{'problem_analysis': 2, 'implementation_mechanism': 1, 'design_rationale': 1}"
4895,8,de:37 & im:1 & pr:12 & pr:7 & th:37 & va:1,"{'problem_analysis': 2, 'validation_evidence': 1, 'theoretical_insight': 1}"
4896,8,de:37 & im:1 & pr:12 & pr:7 & th:37 & va:39,"{'problem_analysis': 2, 'validation_evidence': 1, 'theoretical_insight': 1}"
4897,8,de:7 & im:34 & pr:11 & pr:12 & pr:31 & pr:5 & th:12 & va:18,"{'problem_analysis': 4, 'theoretical_insight': 1, 'design_rationale': 1}"
4898,8,de:22 & im:23 & pr:12 & pr:13 & th:4 & va:38,"{'problem_analysis': 2, 'design_rationale': 1, 'implementation_mechanism': 1}"
4899,8,pr:19 & pr:26 & va:20,"{'problem_analysis': 2, 'validation_evidence': 1}"
4900,8,im:31 & pr:13 & pr:22 & th:4,"{'problem_analysis': 2, 'theoretical_insight': 1, 'implementation_mechanism': 1}"
4901,8,de:20 & im:19 & pr:11 & pr:22 & th:12 & va:9,"{'problem_analysis': 2, 'theoretical_insight': 1, 'design_rationale': 1}"
4902,8,de:20 & de:28 & im:19 & pr:12 & pr:22 & pr:24 & va:30,"{'problem_analysis': 3, 'design_rationale': 2, 'validation_evidence': 1}"
4903,8,de:15 & de:22 & im:31 & im:4 & pr:13 & pr:6 & th:11 & th:32 & th:4 & va:24 & va:32,"{'theoretical_insight': 3, 'problem_analysis': 2, 'design_rationale': 2}"
4904,8,de:15 & de:17 & im:4 & pr:4 & pr:6 & th:11 & th:12 & th:4 & va:32,"{'theoretical_insight': 3, 'design_rationale': 2, 'problem_analysis': 2}"
4905,8,de:7 & im:10 & pr:11 & pr:7 & th:37 & va:37,"{'problem_analysis': 2, 'validation_evidence': 1, 'implementation_mechanism': 1}"
4906,8,de:16 & im:4 & pr:11 & pr:7 & th:6 & va:10,"{'problem_analysis': 2, 'design_rationale': 1, 'implementation_mechanism': 1}"
4907,8,de:32 & im:24 & pr:11 & pr:29 & th:24 & va:36,"{'problem_analysis': 2, 'implementation_mechanism': 1, 'design_rationale': 1}"
4908,8,de:22 & im:31 & pr:11 & pr:39 & th:4 & va:7,"{'problem_analysis': 2, 'design_rationale': 1, 'validation_evidence': 1}"
4909,8,de:21 & im:5 & pr:11 & pr:39 & th:39 & va:0,"{'problem_analysis': 2, 'validation_evidence': 1, 'implementation_mechanism': 1}"
4910,8,de:8 & im:0 & pr:11 & pr:12 & pr:19 & va:1,"{'problem_analysis': 3, 'validation_evidence': 1, 'design_rationale': 1}"
4911,8,de:20 & im:20 & pr:11 & pr:24 & th:1 & va:30,"{'problem_analysis': 2, 'theoretical_insight': 1, 'design_rationale': 1}"
4912,8,de:20 & im:19 & pr:11 & pr:24 & th:1 & va:30,"{'problem_analysis': 2, 'validation_evidence': 1, 'theoretical_insight': 1}"
4913,8,de:6 & im:10 & pr:11 & pr:35 & pr:5 & pr:8 & th:1 & va:12,"{'problem_analysis': 4, 'validation_evidence': 1, 'design_rationale': 1}"
4914,8,de:14 & de:3 & im:16 & im:25 & pr:11 & pr:14 & pr:39 & th:26 & th:36 & va:20 & va:26,"{'problem_analysis': 3, 'implementation_mechanism': 2, 'theoretical_insight': 2}"
4915,8,de:11 & de:15 & de:5 & im:28 & im:4 & pr:12 & pr:23 & pr:6 & th:11 & th:25 & va:32,"{'problem_analysis': 3, 'design_rationale': 3, 'theoretical_insight': 2}"
4916,8,de:5 & im:1 & pr:11 & pr:7 & th:37 & va:39,"{'problem_analysis': 2, 'validation_evidence': 1, 'design_rationale': 1}"
4917,8,de:16 & im:4 & pr:11 & pr:27 & pr:31 & pr:7 & th:12,"{'problem_analysis': 4, 'design_rationale': 1, 'theoretical_insight': 1}"
4918,8,de:1 & im:1 & pr:12 & pr:13 & pr:19 & th:23 & va:4,"{'problem_analysis': 3, 'theoretical_insight': 1, 'design_rationale': 1}"
4919,8,de:20 & im:4 & pr:4 & th:12,"{'theoretical_insight': 1, 'implementation_mechanism': 1, 'problem_analysis': 1}"
4920,8,de:15 & de:25 & im:34 & im:4 & pr:32 & pr:4 & pr:6 & th:11 & th:21 & th:33 & va:32,"{'problem_analysis': 3, 'theoretical_insight': 3, 'implementation_mechanism': 2}"
4921,8,de:13 & de:15 & im:1 & im:4 & pr:18 & pr:19 & pr:6 & th:0 & th:11 & th:2 & va:15 & va:32,"{'theoretical_insight': 3, 'problem_analysis': 3, 'design_rationale': 2}"
4922,8,de:16 & im:1 & pr:9 & th:2 & va:39,"{'theoretical_insight': 1, 'problem_analysis': 1, 'design_rationale': 1}"
4923,8,de:15 & im:4 & pr:12 & pr:31 & pr:6 & th:11 & va:32,"{'problem_analysis': 3, 'implementation_mechanism': 1, 'theoretical_insight': 1}"
4924,8,de:15 & de:25 & im:34 & im:4 & pr:27 & pr:32 & pr:6 & th:11 & th:21 & va:32,"{'problem_analysis': 3, 'implementation_mechanism': 2, 'design_rationale': 2}"
4925,8,de:15 & de:16 & im:38 & im:4 & pr:12 & pr:22 & pr:6 & th:11 & th:12 & th:29 & va:32,"{'problem_analysis': 3, 'theoretical_insight': 3, 'implementation_mechanism': 2}"
4926,8,de:28 & de:3 & im:16 & pr:12 & pr:39 & pr:4 & th:36 & va:26,"{'problem_analysis': 3, 'design_rationale': 2, 'implementation_mechanism': 1}"
4927,8,de:15 & de:28 & im:4 & pr:12 & pr:4 & pr:6 & th:11 & va:32,"{'problem_analysis': 3, 'design_rationale': 2, 'implementation_mechanism': 1}"
4928,8,de:28 & de:3 & im:16 & pr:12 & pr:24 & pr:39 & th:36 & va:26,"{'problem_analysis': 3, 'design_rationale': 2, 'implementation_mechanism': 1}"
4929,8,de:15 & de:28 & im:4 & pr:12 & pr:24 & pr:6 & th:11 & va:32,"{'problem_analysis': 3, 'design_rationale': 2, 'implementation_mechanism': 1}"
4930,8,de:15 & de:25 & im:34 & im:4 & pr:32 & pr:4 & pr:6 & th:11 & th:21 & va:32,"{'problem_analysis': 3, 'implementation_mechanism': 2, 'design_rationale': 2}"
4931,8,de:20 & im:20 & pr:24 & pr:27 & th:1 & va:30,"{'problem_analysis': 2, 'theoretical_insight': 1, 'design_rationale': 1}"
4932,8,de:20 & im:19 & pr:24 & pr:27 & th:1 & va:30,"{'problem_analysis': 2, 'validation_evidence': 1, 'theoretical_insight': 1}"
4933,8,de:15 & im:4 & pr:25 & pr:6 & th:11 & va:32,"{'problem_analysis': 2, 'implementation_mechanism': 1, 'theoretical_insight': 1}"
4934,8,de:37 & im:1 & pr:19 & pr:25 & th:6 & va:1,"{'problem_analysis': 2, 'validation_evidence': 1, 'implementation_mechanism': 1}"
4935,8,de:15 & im:4 & pr:11 & pr:31 & pr:5 & pr:6 & th:11 & va:32,"{'problem_analysis': 4, 'implementation_mechanism': 1, 'theoretical_insight': 1}"
4936,8,pr:19 & pr:32 & va:20,"{'problem_analysis': 2, 'validation_evidence': 1}"
4937,8,de:15 & im:4 & pr:27 & pr:6 & th:12 & th:2,"{'theoretical_insight': 2, 'problem_analysis': 2, 'implementation_mechanism': 1}"
4938,8,de:15 & de:3 & im:16 & im:4 & pr:27 & pr:39 & pr:6 & th:12 & th:2 & th:36 & va:26,"{'theoretical_insight': 3, 'problem_analysis': 3, 'implementation_mechanism': 2}"
4939,8,de:9 & im:4 & pr:6 & th:11 & va:10,"{'problem_analysis': 1, 'design_rationale': 1, 'implementation_mechanism': 1}"
4940,8,de:14 & de:20 & im:25 & pr:14 & pr:4 & pr:5 & th:1 & th:2 & th:26 & va:20,"{'theoretical_insight': 3, 'problem_analysis': 3, 'design_rationale': 2}"
4941,8,de:11 & de:20 & im:38 & pr:4 & pr:5 & pr:6 & th:1 & th:2 & th:26 & th:9 & va:2,"{'theoretical_insight': 4, 'problem_analysis': 3, 'design_rationale': 2}"
4942,8,de:20 & im:19 & im:31 & pr:13 & pr:35 & pr:7 & th:12 & th:4,"{'problem_analysis': 3, 'theoretical_insight': 2, 'implementation_mechanism': 2}"
4943,8,de:15 & de:20 & im:19 & im:4 & pr:31 & pr:35 & pr:7 & th:12 & th:9 & va:10,"{'problem_analysis': 3, 'design_rationale': 2, 'theoretical_insight': 2}"
4944,8,de:11 & de:20 & im:19 & im:38 & pr:35 & pr:6 & pr:7 & th:12 & th:26 & th:9 & va:2,"{'problem_analysis': 3, 'theoretical_insight': 3, 'implementation_mechanism': 2}"
4945,8,de:15 & de:5 & im:4 & pr:12 & pr:19 & pr:6 & pr:9 & th:11 & th:29 & va:32,"{'problem_analysis': 4, 'theoretical_insight': 2, 'design_rationale': 2}"
4946,8,de:15 & de:32 & im:0 & im:4 & pr:19 & pr:6 & th:11 & th:7 & va:32,"{'problem_analysis': 2, 'design_rationale': 2, 'implementation_mechanism': 2}"
4947,8,de:3 & de:32 & im:0 & im:16 & pr:19 & pr:39 & th:36 & th:7 & va:26,"{'design_rationale': 2, 'implementation_mechanism': 2, 'theoretical_insight': 2}"
4948,8,de:20 & de:28 & im:31 & im:4 & pr:13 & pr:27 & th:1 & th:12 & th:4,"{'theoretical_insight': 3, 'design_rationale': 2, 'problem_analysis': 2}"
4949,8,de:20 & de:28 & im:19 & im:4 & pr:11 & pr:27 & th:1 & th:12 & va:9,"{'design_rationale': 2, 'theoretical_insight': 2, 'implementation_mechanism': 2}"
4950,8,de:20 & de:28 & im:4 & pr:19 & pr:27 & pr:5 & th:12 & va:20,"{'problem_analysis': 3, 'design_rationale': 2, 'theoretical_insight': 1}"
4951,8,de:11 & de:20 & de:28 & im:38 & im:4 & pr:27 & pr:6 & th:1 & th:12 & th:26 & th:9 & va:2,"{'theoretical_insight': 4, 'design_rationale': 3, 'implementation_mechanism': 2}"
4952,8,de:15 & im:4 & pr:6 & pr:7 & pr:8 & th:11 & th:37 & va:32,"{'problem_analysis': 3, 'theoretical_insight': 2, 'implementation_mechanism': 1}"
4953,8,de:3 & im:16 & pr:39 & pr:7 & pr:8 & th:36 & th:37 & va:26,"{'problem_analysis': 3, 'theoretical_insight': 2, 'implementation_mechanism': 1}"
4954,8,de:15 & im:4 & pr:38 & pr:6 & th:11 & va:32,"{'problem_analysis': 2, 'design_rationale': 1, 'implementation_mechanism': 1}"
4955,8,de:15 & de:24 & im:13 & im:4 & pr:13 & pr:33 & pr:6 & th:11 & th:4 & va:15 & va:32,"{'problem_analysis': 3, 'implementation_mechanism': 2, 'theoretical_insight': 2}"
4956,8,de:15 & de:22 & im:4 & pr:15 & pr:31 & pr:6 & th:10 & th:11 & th:2 & va:32,"{'theoretical_insight': 3, 'problem_analysis': 3, 'design_rationale': 2}"
4957,8,de:15 & im:4 & pr:21 & pr:6 & th:11 & th:31 & va:32,"{'problem_analysis': 2, 'theoretical_insight': 2, 'implementation_mechanism': 1}"
4958,8,de:15 & im:4 & pr:11 & pr:3 & pr:6 & th:11 & va:32,"{'problem_analysis': 3, 'implementation_mechanism': 1, 'theoretical_insight': 1}"
4959,8,de:15 & de:17 & im:20 & im:4 & pr:12 & pr:6 & th:11 & th:12 & th:2 & va:3 & va:32,"{'theoretical_insight': 3, 'design_rationale': 2, 'validation_evidence': 2}"
4960,8,de:11 & de:13 & de:15 & im:1 & im:4 & pr:12 & pr:6 & pr:7 & th:11 & th:14 & th:37 & va:32,"{'design_rationale': 3, 'problem_analysis': 3, 'theoretical_insight': 3}"
4961,8,de:11 & de:15 & de:16 & im:1 & im:4 & pr:12 & pr:6 & th:11 & th:14 & th:31 & va:10,"{'design_rationale': 3, 'theoretical_insight': 3, 'problem_analysis': 2}"
4962,8,de:15 & de:32 & de:37 & im:0 & im:4 & pr:1 & pr:19 & pr:25 & pr:6 & th:11 & th:6 & th:7 & va:32 & va:39,"{'problem_analysis': 4, 'design_rationale': 3, 'theoretical_insight': 3}"
4963,8,de:3 & de:32 & de:37 & im:0 & im:16 & pr:1 & pr:19 & pr:25 & pr:39 & th:36 & th:6 & th:7 & va:26 & va:39,"{'problem_analysis': 4, 'design_rationale': 3, 'theoretical_insight': 3}"
4964,8,de:15 & im:4 & pr:31 & pr:6 & pr:7 & th:11 & th:2 & va:32,"{'problem_analysis': 3, 'theoretical_insight': 2, 'implementation_mechanism': 1}"
4965,8,de:37 & im:1 & im:31 & pr:13 & pr:19 & pr:25 & th:4 & th:6,"{'problem_analysis': 3, 'implementation_mechanism': 2, 'theoretical_insight': 2}"
4966,8,de:11 & de:37 & im:1 & im:38 & pr:19 & pr:25 & pr:6 & th:26 & th:6 & th:9 & va:2,"{'problem_analysis': 3, 'theoretical_insight': 3, 'implementation_mechanism': 2}"
4967,8,de:20 & im:19 & pr:11 & th:12 & th:2 & va:9,"{'theoretical_insight': 2, 'problem_analysis': 1, 'design_rationale': 1}"
4968,8,de:20 & im:19 & im:31 & pr:11 & pr:13 & th:2 & th:4,"{'theoretical_insight': 2, 'problem_analysis': 2, 'implementation_mechanism': 2}"
4969,8,de:13 & de:20 & im:1 & im:19 & pr:11 & pr:7 & th:2 & th:37 & va:17,"{'theoretical_insight': 2, 'design_rationale': 2, 'problem_analysis': 2}"
4970,8,de:20 & im:19 & pr:11 & pr:19 & th:2 & va:20,"{'problem_analysis': 2, 'theoretical_insight': 1, 'design_rationale': 1}"
4971,8,de:20 & de:23 & im:19 & im:27 & pr:11 & pr:22 & th:18 & th:2 & va:22,"{'problem_analysis': 2, 'theoretical_insight': 2, 'design_rationale': 2}"
4972,8,de:20 & de:3 & im:16 & im:19 & pr:11 & pr:39 & pr:6 & th:2 & th:36 & va:26,"{'problem_analysis': 3, 'theoretical_insight': 2, 'implementation_mechanism': 2}"
4973,8,de:20 & de:3 & im:16 & im:19 & pr:11 & pr:12 & pr:39 & th:2 & th:36 & va:26,"{'problem_analysis': 3, 'theoretical_insight': 2, 'implementation_mechanism': 2}"
4974,8,de:14 & im:25 & pr:14 & pr:35 & pr:5 & th:26 & va:20,"{'problem_analysis': 3, 'implementation_mechanism': 1, 'validation_evidence': 1}"
4975,8,de:11 & im:38 & pr:35 & pr:5 & pr:6 & th:26 & th:9 & va:2,"{'problem_analysis': 3, 'theoretical_insight': 2, 'implementation_mechanism': 1}"
4976,8,de:15 & im:4 & pr:0 & pr:39 & pr:6 & th:11 & th:36 & va:32,"{'problem_analysis': 3, 'theoretical_insight': 2, 'implementation_mechanism': 1}"
4977,8,de:15 & im:4 & pr:11 & pr:3 & pr:6 & th:11 & th:12 & va:32,"{'problem_analysis': 3, 'theoretical_insight': 2, 'implementation_mechanism': 1}"
4978,8,de:15 & im:4 & pr:11 & pr:6 & th:11 & th:12 & th:2 & va:32,"{'theoretical_insight': 3, 'problem_analysis': 2, 'implementation_mechanism': 1}"
4979,8,de:15 & de:19 & de:24 & im:2 & im:4 & pr:13 & pr:2 & pr:6 & th:10 & th:11 & th:13 & va:32,"{'theoretical_insight': 3, 'problem_analysis': 3, 'design_rationale': 3}"
4980,8,de:15 & de:24 & im:2 & im:4 & pr:13 & pr:2 & pr:6 & th:11 & th:13 & th:32 & va:32,"{'theoretical_insight': 3, 'problem_analysis': 3, 'implementation_mechanism': 2}"
4981,8,de:15 & de:24 & de:27 & im:2 & im:4 & pr:13 & pr:2 & pr:6 & th:10 & th:11 & th:13 & va:32,"{'theoretical_insight': 3, 'design_rationale': 3, 'problem_analysis': 3}"
4982,8,de:15 & de:20 & im:4 & pr:27 & pr:6 & th:11 & th:12 & th:2 & va:32,"{'theoretical_insight': 3, 'problem_analysis': 2, 'design_rationale': 2}"
4983,8,de:15 & im:4 & pr:13 & pr:31 & pr:33 & pr:6 & th:11 & th:4 & va:32,"{'problem_analysis': 4, 'theoretical_insight': 2, 'implementation_mechanism': 1}"
4984,7,de:15 & de:25 & im:4 & pr:32 & pr:4 & pr:6 & th:11 & th:21 & th:33 & va:10,"{'problem_analysis': 3, 'theoretical_insight': 3, 'design_rationale': 2}"
4985,7,pr:31 & pr:32,{'problem_analysis': 2}
4986,7,de:16 & im:31 & pr:12 & pr:32 & th:4,"{'problem_analysis': 2, 'design_rationale': 1, 'theoretical_insight': 1}"
4987,7,de:15 & im:4 & pr:13 & pr:32 & th:4 & va:12,"{'problem_analysis': 2, 'validation_evidence': 1, 'implementation_mechanism': 1}"
4988,7,de:20 & im:4 & pr:11 & pr:32 & th:12,"{'problem_analysis': 2, 'theoretical_insight': 1, 'implementation_mechanism': 1}"
4989,7,de:3 & im:16 & pr:32 & pr:7 & th:36 & va:0,"{'problem_analysis': 2, 'implementation_mechanism': 1, 'validation_evidence': 1}"
4990,7,de:37 & im:8 & pr:19 & pr:32 & th:28 & va:1,"{'problem_analysis': 2, 'implementation_mechanism': 1, 'validation_evidence': 1}"
4991,7,de:14 & im:25 & pr:19 & pr:32 & th:26 & va:20,"{'problem_analysis': 2, 'implementation_mechanism': 1, 'validation_evidence': 1}"
4992,7,de:16 & im:4 & pr:9,"{'implementation_mechanism': 1, 'problem_analysis': 1, 'design_rationale': 1}"
4993,7,de:15 & pr:6 & pr:9 & th:1,"{'problem_analysis': 2, 'theoretical_insight': 1, 'design_rationale': 1}"
4994,7,pr:33 & pr:9,{'problem_analysis': 2}
4995,7,de:20 & im:19 & pr:27 & pr:9 & th:12,"{'problem_analysis': 2, 'theoretical_insight': 1, 'design_rationale': 1}"
4996,7,de:3 & im:16 & pr:7 & pr:9 & va:0,"{'problem_analysis': 2, 'implementation_mechanism': 1, 'validation_evidence': 1}"
4997,7,de:15 & im:4 & pr:13 & pr:9 & th:4 & va:12,"{'problem_analysis': 2, 'validation_evidence': 1, 'implementation_mechanism': 1}"
4998,7,de:15 & im:19 & pr:6 & pr:9 & th:12 & va:10,"{'problem_analysis': 2, 'theoretical_insight': 1, 'implementation_mechanism': 1}"
4999,7,de:20 & im:7 & pr:6 & pr:9 & th:12 & va:0,"{'problem_analysis': 2, 'theoretical_insight': 1, 'validation_evidence': 1}"
5000,7,de:5 & im:28 & pr:7 & pr:9 & th:6 & va:1,"{'problem_analysis': 2, 'validation_evidence': 1, 'implementation_mechanism': 1}"
5001,7,de:22 & im:31 & pr:32 & pr:9 & th:4 & va:23,"{'problem_analysis': 2, 'design_rationale': 1, 'theoretical_insight': 1}"
5002,7,de:3 & im:16 & pr:7 & pr:9 & th:36 & va:0,"{'problem_analysis': 2, 'implementation_mechanism': 1, 'validation_evidence': 1}"
5003,7,de:20 & im:4 & pr:11 & pr:9 & th:12,"{'problem_analysis': 2, 'theoretical_insight': 1, 'implementation_mechanism': 1}"
5004,7,de:6 & im:21 & pr:30 & pr:9 & th:1 & va:18,"{'problem_analysis': 2, 'design_rationale': 1, 'theoretical_insight': 1}"
5005,7,de:6 & im:31 & pr:30 & pr:9 & th:5 & va:0,"{'problem_analysis': 2, 'design_rationale': 1, 'theoretical_insight': 1}"
5006,7,de:6 & im:21 & pr:4 & pr:9 & th:1 & va:28,"{'problem_analysis': 2, 'design_rationale': 1, 'theoretical_insight': 1}"
5007,7,de:3 & im:12 & pr:10 & pr:9 & th:7 & va:0,"{'problem_analysis': 2, 'validation_evidence': 1, 'theoretical_insight': 1}"
5008,7,de:16 & im:4 & pr:4 & pr:9 & th:12 & va:12,"{'problem_analysis': 2, 'validation_evidence': 1, 'design_rationale': 1}"
5009,7,de:9 & im:4 & pr:6 & pr:9 & th:11 & va:9,"{'problem_analysis': 2, 'design_rationale': 1, 'implementation_mechanism': 1}"
5010,7,de:14 & im:20 & pr:9 & th:14 & va:20,"{'problem_analysis': 1, 'implementation_mechanism': 1, 'theoretical_insight': 1}"
5011,7,de:25 & im:34 & pr:31 & pr:32 & pr:9,"{'problem_analysis': 3, 'design_rationale': 1, 'implementation_mechanism': 1}"
5012,7,pr:31 & pr:6 & pr:9 & th:11 & va:2,"{'problem_analysis': 3, 'theoretical_insight': 1, 'validation_evidence': 1}"
5013,7,de:4 & im:7 & pr:6 & pr:9 & th:12 & va:30,"{'problem_analysis': 2, 'theoretical_insight': 1, 'validation_evidence': 1}"
5014,7,de:37 & im:1 & pr:25 & pr:9 & th:37 & va:39,"{'problem_analysis': 2, 'validation_evidence': 1, 'theoretical_insight': 1}"
5015,7,de:8 & im:3 & pr:16 & pr:9 & th:13 & va:1,"{'problem_analysis': 2, 'theoretical_insight': 1, 'validation_evidence': 1}"
5016,7,de:15 & im:4 & pr:7 & pr:9 & th:2 & va:2,"{'problem_analysis': 2, 'theoretical_insight': 1, 'implementation_mechanism': 1}"
5017,7,de:29 & im:10 & pr:19 & pr:9 & th:5 & va:1,"{'problem_analysis': 2, 'validation_evidence': 1, 'theoretical_insight': 1}"
5018,7,de:15 & im:10 & pr:6 & pr:9 & th:11 & va:10,"{'problem_analysis': 2, 'theoretical_insight': 1, 'implementation_mechanism': 1}"
5019,7,de:37 & im:1 & pr:7 & pr:9 & th:37 & va:1,"{'problem_analysis': 2, 'validation_evidence': 1, 'theoretical_insight': 1}"
5020,7,de:37 & im:1 & pr:7 & pr:9 & th:37 & va:39,"{'problem_analysis': 2, 'validation_evidence': 1, 'theoretical_insight': 1}"
5021,7,de:20 & im:7 & pr:32 & pr:9 & th:12,"{'problem_analysis': 2, 'theoretical_insight': 1, 'design_rationale': 1}"
5022,7,de:14 & im:25 & pr:14 & pr:9 & va:20,"{'problem_analysis': 2, 'implementation_mechanism': 1, 'validation_evidence': 1}"
5023,7,de:20 & im:19 & pr:11 & pr:9 & th:2 & va:9,"{'problem_analysis': 2, 'theoretical_insight': 1, 'design_rationale': 1}"
5024,7,de:23 & im:26 & pr:26 & pr:9 & th:33 & va:38,"{'problem_analysis': 2, 'design_rationale': 1, 'implementation_mechanism': 1}"
5025,7,de:37 & im:8 & pr:19 & pr:9 & th:28 & va:1,"{'problem_analysis': 2, 'implementation_mechanism': 1, 'validation_evidence': 1}"
5026,7,de:20 & im:7 & pr:4 & pr:9 & th:1 & va:9,"{'problem_analysis': 2, 'theoretical_insight': 1, 'design_rationale': 1}"
5027,7,de:15 & de:28 & im:4 & im:7 & pr:6 & pr:9 & th:9 & va:32,"{'design_rationale': 2, 'problem_analysis': 2, 'implementation_mechanism': 2}"
5028,7,de:22 & im:1 & pr:13 & pr:33 & pr:9 & th:10 & va:12,"{'problem_analysis': 3, 'validation_evidence': 1, 'design_rationale': 1}"
5029,7,de:4 & im:31 & pr:3 & pr:33 & pr:9 & th:30 & va:38,"{'problem_analysis': 3, 'theoretical_insight': 1, 'validation_evidence': 1}"
5030,7,de:11 & im:10 & pr:11 & pr:19 & pr:9 & th:2 & va:15,"{'problem_analysis': 3, 'theoretical_insight': 1, 'implementation_mechanism': 1}"
5031,7,pr:2 & pr:23 & th:36 & va:7,"{'problem_analysis': 2, 'validation_evidence': 1, 'theoretical_insight': 1}"
5032,7,de:28 & im:10 & pr:17 & pr:23 & th:4 & va:17,"{'problem_analysis': 2, 'design_rationale': 1, 'validation_evidence': 1}"
5033,7,de:16 & im:4 & pr:23 & pr:6 & th:4 & va:10,"{'problem_analysis': 2, 'design_rationale': 1, 'implementation_mechanism': 1}"
5034,7,pr:12 & pr:23 & pr:3 & th:6,"{'problem_analysis': 3, 'theoretical_insight': 1}"
5035,7,de:22 & im:31 & pr:13 & pr:16 & th:4 & va:7,"{'problem_analysis': 2, 'design_rationale': 1, 'validation_evidence': 1}"
5036,7,de:15 & de:22 & im:31 & im:4 & pr:13 & pr:6 & th:11 & th:4 & va:7 & va:9,"{'problem_analysis': 2, 'design_rationale': 2, 'validation_evidence': 2}"
5037,7,de:22 & de:3 & im:16 & im:31 & pr:13 & pr:39 & th:36 & th:4 & va:26 & va:7,"{'problem_analysis': 2, 'design_rationale': 2, 'implementation_mechanism': 2}"
5038,7,de:16 & im:4 & pr:7,"{'problem_analysis': 1, 'design_rationale': 1, 'implementation_mechanism': 1}"
5039,7,pr:23 & pr:7,{'problem_analysis': 2}
5040,7,de:15 & pr:6 & pr:7 & th:1,"{'problem_analysis': 2, 'theoretical_insight': 1, 'design_rationale': 1}"
5041,7,de:15 & im:4 & pr:31 & pr:7,"{'problem_analysis': 2, 'design_rationale': 1, 'implementation_mechanism': 1}"
5042,7,im:4 & pr:31 & pr:7 & th:9 & va:10,"{'problem_analysis': 2, 'implementation_mechanism': 1, 'validation_evidence': 1}"
5043,7,de:16 & pr:19 & pr:7 & th:31,"{'problem_analysis': 2, 'theoretical_insight': 1, 'design_rationale': 1}"
5044,7,de:16 & im:31 & pr:12 & pr:7 & th:4,"{'problem_analysis': 2, 'design_rationale': 1, 'implementation_mechanism': 1}"
5045,7,de:15 & im:4 & pr:6 & pr:7 & th:11 & va:15,"{'problem_analysis': 2, 'implementation_mechanism': 1, 'theoretical_insight': 1}"
5046,7,de:13 & im:1 & pr:7 & th:0 & va:15,"{'design_rationale': 1, 'problem_analysis': 1, 'validation_evidence': 1}"
5047,7,de:13 & im:7 & pr:26 & pr:7 & va:30,"{'problem_analysis': 2, 'design_rationale': 1, 'validation_evidence': 1}"
5048,7,de:17 & im:20 & pr:27 & pr:7 & va:17,"{'problem_analysis': 2, 'design_rationale': 1, 'validation_evidence': 1}"
5049,7,de:20 & im:7 & pr:11 & pr:7 & th:1,"{'problem_analysis': 2, 'theoretical_insight': 1, 'design_rationale': 1}"
5050,7,de:16 & im:10 & pr:27 & pr:7 & th:12,"{'problem_analysis': 2, 'design_rationale': 1, 'theoretical_insight': 1}"
5051,7,de:25 & im:34 & pr:4 & pr:7 & th:21 & va:27,"{'problem_analysis': 2, 'design_rationale': 1, 'validation_evidence': 1}"
5052,7,de:15 & im:4 & pr:31 & pr:7 & th:12 & va:10,"{'problem_analysis': 2, 'theoretical_insight': 1, 'implementation_mechanism': 1}"
5053,7,de:14 & im:25 & pr:14 & pr:7 & th:26,"{'problem_analysis': 2, 'implementation_mechanism': 1, 'theoretical_insight': 1}"
5054,7,de:3 & im:12 & pr:10 & pr:7 & th:7 & va:0,"{'problem_analysis': 2, 'validation_evidence': 1, 'theoretical_insight': 1}"
5055,7,de:16 & im:1 & pr:31 & pr:7 & th:2 & va:17,"{'problem_analysis': 2, 'theoretical_insight': 1, 'design_rationale': 1}"
5056,7,de:15 & im:4 & pr:31 & pr:7 & th:2 & va:32,"{'problem_analysis': 2, 'theoretical_insight': 1, 'implementation_mechanism': 1}"
5057,7,de:16 & im:4 & pr:31 & pr:7 & th:2 & va:10,"{'problem_analysis': 2, 'theoretical_insight': 1, 'design_rationale': 1}"
5058,7,im:31 & pr:13 & pr:7 & th:4 & va:0,"{'problem_analysis': 2, 'validation_evidence': 1, 'implementation_mechanism': 1}"
5059,7,de:15 & im:4 & pr:31 & pr:7 & th:9 & va:31,"{'problem_analysis': 2, 'design_rationale': 1, 'validation_evidence': 1}"
5060,7,de:8 & im:39 & pr:10 & pr:7 & th:28 & va:1,"{'problem_analysis': 2, 'validation_evidence': 1, 'design_rationale': 1}"
5061,7,de:29 & im:9 & pr:33 & pr:7 & th:9 & va:38,"{'problem_analysis': 2, 'implementation_mechanism': 1, 'validation_evidence': 1}"
5062,7,de:29 & im:10 & pr:14 & pr:7 & th:8 & va:20,"{'problem_analysis': 2, 'implementation_mechanism': 1, 'theoretical_insight': 1}"
5063,7,de:3 & im:16 & pr:39 & pr:7 & th:36 & va:7,"{'problem_analysis': 2, 'implementation_mechanism': 1, 'validation_evidence': 1}"
5064,7,de:29 & im:10 & pr:39 & pr:7 & th:36 & va:0,"{'problem_analysis': 2, 'validation_evidence': 1, 'implementation_mechanism': 1}"
5065,7,de:25 & im:34 & pr:31 & pr:32 & pr:7,"{'problem_analysis': 3, 'design_rationale': 1, 'implementation_mechanism': 1}"
5066,7,de:0 & im:30 & pr:18 & pr:7 & th:23 & va:4,"{'problem_analysis': 2, 'theoretical_insight': 1, 'implementation_mechanism': 1}"
5067,7,de:4 & im:7 & pr:6 & pr:7 & th:12 & va:30,"{'problem_analysis': 2, 'theoretical_insight': 1, 'validation_evidence': 1}"
5068,7,de:37 & im:28 & pr:19 & pr:7 & th:29 & va:1,"{'problem_analysis': 2, 'validation_evidence': 1, 'theoretical_insight': 1}"
5069,7,de:17 & im:4 & pr:6 & pr:7 & th:12 & va:9,"{'problem_analysis': 2, 'design_rationale': 1, 'theoretical_insight': 1}"
5070,7,de:25 & im:34 & pr:32 & pr:7 & th:21 & va:17,"{'problem_analysis': 2, 'design_rationale': 1, 'validation_evidence': 1}"
5071,7,de:15 & im:4 & pr:31 & pr:7 & th:9 & va:32,"{'problem_analysis': 2, 'design_rationale': 1, 'implementation_mechanism': 1}"
5072,7,de:23 & im:38 & pr:6 & pr:7 & th:12 & va:2,"{'problem_analysis': 2, 'implementation_mechanism': 1, 'design_rationale': 1}"
5073,7,pr:19 & pr:7 & th:2 & va:15 & va:9,"{'problem_analysis': 2, 'validation_evidence': 2, 'theoretical_insight': 1}"
5074,7,pr:31 & pr:6 & pr:7 & th:11 & va:2,"{'problem_analysis': 3, 'theoretical_insight': 1, 'validation_evidence': 1}"
5075,7,de:8 & im:3 & pr:16 & pr:7 & th:13 & va:1,"{'problem_analysis': 2, 'theoretical_insight': 1, 'validation_evidence': 1}"
5076,7,de:15 & im:10 & pr:6 & pr:7 & th:11 & va:10,"{'problem_analysis': 2, 'theoretical_insight': 1, 'implementation_mechanism': 1}"
5077,7,de:25 & im:34 & pr:32 & pr:7 & th:21 & va:33,"{'problem_analysis': 2, 'design_rationale': 1, 'validation_evidence': 1}"
5078,7,de:15 & im:4 & pr:6 & pr:7 & th:2 & va:32,"{'problem_analysis': 2, 'theoretical_insight': 1, 'implementation_mechanism': 1}"
5079,7,de:11 & im:1 & pr:10 & pr:31 & pr:7 & th:27 & va:22,"{'problem_analysis': 3, 'design_rationale': 1, 'validation_evidence': 1}"
5080,7,de:24 & im:2 & pr:13 & pr:7 & th:13 & va:7,"{'problem_analysis': 2, 'theoretical_insight': 1, 'validation_evidence': 1}"
5081,7,de:8 & im:1 & pr:10 & pr:7 & th:6 & va:10,"{'problem_analysis': 2, 'design_rationale': 1, 'implementation_mechanism': 1}"
5082,7,de:3 & im:3 & pr:16 & pr:7 & th:28 & va:1,"{'problem_analysis': 2, 'validation_evidence': 1, 'design_rationale': 1}"
5083,7,de:39 & im:0 & pr:10 & pr:16 & pr:7 & va:1,"{'problem_analysis': 3, 'validation_evidence': 1, 'design_rationale': 1}"
5084,7,de:33 & im:5 & pr:16 & pr:7 & th:8 & va:20,"{'problem_analysis': 2, 'design_rationale': 1, 'theoretical_insight': 1}"
5085,7,de:4 & im:10 & pr:19 & pr:7 & th:8 & va:33,"{'problem_analysis': 2, 'implementation_mechanism': 1, 'theoretical_insight': 1}"
5086,7,de:17 & im:7 & pr:11 & pr:27 & pr:7 & th:12 & va:9,"{'problem_analysis': 3, 'design_rationale': 1, 'theoretical_insight': 1}"
5087,7,de:8 & im:18 & pr:16 & pr:7 & th:27 & va:20,"{'problem_analysis': 2, 'implementation_mechanism': 1, 'design_rationale': 1}"
5088,7,de:22 & im:31 & pr:3 & pr:6 & pr:7 & th:4 & va:18,"{'problem_analysis': 3, 'design_rationale': 1, 'implementation_mechanism': 1}"
5089,7,de:3 & im:16 & pr:13 & pr:3 & pr:7 & th:15 & va:13,"{'problem_analysis': 3, 'implementation_mechanism': 1, 'design_rationale': 1}"
5090,7,de:3 & im:16 & pr:2 & pr:39 & pr:7 & th:36 & va:26,"{'problem_analysis': 3, 'implementation_mechanism': 1, 'validation_evidence': 1}"
5091,7,de:3 & im:16 & pr:39 & pr:7 & th:13 & va:26,"{'problem_analysis': 2, 'theoretical_insight': 1, 'implementation_mechanism': 1}"
5092,7,de:12 & im:8 & pr:16 & pr:7 & th:26 & va:1,"{'problem_analysis': 2, 'implementation_mechanism': 1, 'validation_evidence': 1}"
5093,7,de:18 & im:0 & pr:16 & pr:7 & th:19 & va:19,"{'problem_analysis': 2, 'validation_evidence': 1, 'design_rationale': 1}"
5094,7,de:15 & im:19 & pr:27 & pr:6 & pr:7 & th:12 & va:32,"{'problem_analysis': 3, 'theoretical_insight': 1, 'implementation_mechanism': 1}"
5095,7,de:10 & im:24 & pr:13 & pr:28 & pr:7 & th:10 & va:36,"{'problem_analysis': 3, 'theoretical_insight': 1, 'design_rationale': 1}"
5096,7,de:6 & im:11 & pr:13 & pr:5 & pr:7 & th:1 & va:4,"{'problem_analysis': 3, 'design_rationale': 1, 'theoretical_insight': 1}"
5097,7,de:3 & im:24 & pr:39 & pr:7 & th:36 & va:26,"{'problem_analysis': 2, 'implementation_mechanism': 1, 'validation_evidence': 1}"
5098,7,de:3 & im:24 & pr:39 & pr:7 & th:19 & th:39 & va:26,"{'theoretical_insight': 2, 'problem_analysis': 2, 'implementation_mechanism': 1}"
5099,7,de:11 & im:10 & pr:11 & pr:19 & pr:7 & th:2 & va:15,"{'problem_analysis': 3, 'theoretical_insight': 1, 'implementation_mechanism': 1}"
5100,7,de:7 & im:7 & pr:11 & pr:14 & pr:6 & pr:7 & th:12 & va:18,"{'problem_analysis': 4, 'theoretical_insight': 1, 'design_rationale': 1}"
5101,7,de:16 & im:38 & pr:6 & pr:7 & th:12 & th:26 & th:9 & va:2,"{'theoretical_insight': 3, 'problem_analysis': 2, 'implementation_mechanism': 1}"
5102,7,de:25 & im:34 & pr:11 & pr:4 & pr:7 & th:21 & va:27,"{'problem_analysis': 3, 'design_rationale': 1, 'validation_evidence': 1}"
5103,7,de:7 & im:34 & pr:11 & pr:31 & pr:5 & pr:7 & th:12 & va:18,"{'problem_analysis': 4, 'theoretical_insight': 1, 'design_rationale': 1}"
5104,7,de:23 & im:27 & pr:22 & pr:28 & pr:31 & pr:6 & pr:7 & th:18 & th:33 & va:2,"{'problem_analysis': 5, 'theoretical_insight': 2, 'design_rationale': 1}"
5105,7,de:22 & im:31 & pr:13 & pr:19 & pr:7 & th:4 & va:7,"{'problem_analysis': 3, 'design_rationale': 1, 'validation_evidence': 1}"
5106,7,de:20 & im:19 & pr:32 & pr:9 & th:12 & va:9,"{'problem_analysis': 2, 'theoretical_insight': 1, 'design_rationale': 1}"
5107,7,de:15 & im:4 & pr:18 & pr:6 & pr:9 & th:11 & va:10,"{'problem_analysis': 3, 'implementation_mechanism': 1, 'theoretical_insight': 1}"
5108,7,de:15 & de:20 & im:19 & im:4 & pr:11 & pr:35 & pr:6 & th:11 & th:12 & va:32,"{'problem_analysis': 3, 'theoretical_insight': 2, 'implementation_mechanism': 2}"
5109,7,de:20 & im:19 & pr:27 & th:12 & va:17,"{'theoretical_insight': 1, 'validation_evidence': 1, 'design_rationale': 1}"
5110,7,de:15 & im:7 & pr:4 & th:2 & va:9,"{'theoretical_insight': 1, 'validation_evidence': 1, 'problem_analysis': 1}"
5111,7,pr:33 & pr:5,{'problem_analysis': 2}
5112,7,pr:23 & pr:5,{'problem_analysis': 2}
5113,7,de:16 & pr:12 & pr:5,"{'problem_analysis': 2, 'design_rationale': 1}"
5114,7,de:16 & im:4 & pr:5,"{'implementation_mechanism': 1, 'problem_analysis': 1, 'design_rationale': 1}"
5115,7,de:15 & pr:5 & pr:6 & th:1,"{'problem_analysis': 2, 'theoretical_insight': 1, 'design_rationale': 1}"
5116,7,de:16 & im:10 & pr:27 & pr:5 & th:12,"{'problem_analysis': 2, 'design_rationale': 1, 'theoretical_insight': 1}"
5117,7,de:20 & im:19 & pr:27 & pr:5 & th:12,"{'problem_analysis': 2, 'theoretical_insight': 1, 'design_rationale': 1}"
5118,7,de:22 & im:31 & pr:3 & pr:5 & th:4 & va:7,"{'problem_analysis': 2, 'design_rationale': 1, 'validation_evidence': 1}"
5119,7,de:15 & im:4 & pr:11 & pr:5 & th:11 & va:30,"{'problem_analysis': 2, 'implementation_mechanism': 1, 'theoretical_insight': 1}"
5120,7,de:17 & im:20 & pr:4 & pr:5 & th:12 & va:9,"{'problem_analysis': 2, 'design_rationale': 1, 'theoretical_insight': 1}"
5121,7,de:17 & im:19 & pr:4 & pr:5 & th:12 & va:9,"{'problem_analysis': 2, 'design_rationale': 1, 'theoretical_insight': 1}"
5122,7,de:28 & im:7 & pr:26 & pr:5 & th:5 & va:17,"{'problem_analysis': 2, 'design_rationale': 1, 'theoretical_insight': 1}"
5123,7,de:6 & im:19 & pr:11 & pr:5 & th:12 & va:9,"{'problem_analysis': 2, 'design_rationale': 1, 'theoretical_insight': 1}"
5124,7,de:25 & im:34 & pr:4 & pr:5 & th:21 & va:27,"{'problem_analysis': 2, 'design_rationale': 1, 'validation_evidence': 1}"
5125,7,de:37 & im:28 & pr:5 & pr:7 & th:2 & va:1,"{'problem_analysis': 2, 'theoretical_insight': 1, 'validation_evidence': 1}"
5126,7,de:20 & im:7 & pr:5 & pr:6 & th:12 & va:0,"{'problem_analysis': 2, 'theoretical_insight': 1, 'validation_evidence': 1}"
5127,7,de:3 & im:16 & pr:39 & pr:5 & th:36 & va:7,"{'problem_analysis': 2, 'implementation_mechanism': 1, 'validation_evidence': 1}"
5128,7,de:3 & im:16 & pr:23 & pr:5 & th:36 & va:0,"{'problem_analysis': 2, 'implementation_mechanism': 1, 'validation_evidence': 1}"
5129,7,im:31 & pr:13 & pr:5 & th:4 & va:0,"{'problem_analysis': 2, 'validation_evidence': 1, 'implementation_mechanism': 1}"
5130,7,de:29 & im:9 & pr:33 & pr:5 & th:9 & va:38,"{'problem_analysis': 2, 'implementation_mechanism': 1, 'validation_evidence': 1}"
5131,7,de:37 & im:1 & pr:12 & pr:5 & th:6 & va:1,"{'problem_analysis': 2, 'validation_evidence': 1, 'implementation_mechanism': 1}"
5132,7,de:22 & im:31 & pr:39 & pr:5 & th:4 & va:7,"{'problem_analysis': 2, 'design_rationale': 1, 'validation_evidence': 1}"
5133,7,de:21 & im:5 & pr:39 & pr:5 & th:39 & va:0,"{'problem_analysis': 2, 'validation_evidence': 1, 'implementation_mechanism': 1}"
5134,7,de:32 & im:24 & pr:29 & pr:5 & th:24 & va:36,"{'problem_analysis': 2, 'implementation_mechanism': 1, 'design_rationale': 1}"
5135,7,de:15 & im:4 & pr:11 & pr:5 & th:11 & va:10,"{'problem_analysis': 2, 'implementation_mechanism': 1, 'theoretical_insight': 1}"
5136,7,de:6 & im:21 & pr:32 & pr:5 & th:1 & va:8,"{'problem_analysis': 2, 'design_rationale': 1, 'theoretical_insight': 1}"
5137,7,de:6 & im:21 & pr:30 & pr:5 & th:1 & va:18,"{'problem_analysis': 2, 'design_rationale': 1, 'theoretical_insight': 1}"
5138,7,de:6 & im:31 & pr:30 & pr:5 & th:5 & va:0,"{'problem_analysis': 2, 'design_rationale': 1, 'theoretical_insight': 1}"
5139,7,de:6 & im:21 & pr:4 & pr:5 & th:1 & va:28,"{'problem_analysis': 2, 'design_rationale': 1, 'theoretical_insight': 1}"
5140,7,de:20 & im:19 & pr:11 & pr:5 & th:1 & va:9,"{'problem_analysis': 2, 'theoretical_insight': 1, 'design_rationale': 1}"
5141,7,de:9 & im:35 & pr:11 & pr:5 & th:2 & va:9,"{'problem_analysis': 2, 'theoretical_insight': 1, 'design_rationale': 1}"
5142,7,de:9 & im:4 & pr:5 & pr:6 & th:11 & va:9,"{'problem_analysis': 2, 'design_rationale': 1, 'implementation_mechanism': 1}"
5143,7,im:13 & pr:2 & pr:39 & pr:5 & th:3 & va:36,"{'problem_analysis': 3, 'theoretical_insight': 1, 'implementation_mechanism': 1}"
5144,7,de:15 & im:19 & pr:5 & pr:6 & th:12 & va:10,"{'problem_analysis': 2, 'theoretical_insight': 1, 'implementation_mechanism': 1}"
5145,7,de:20 & im:4 & pr:11 & pr:5 & th:12,"{'problem_analysis': 2, 'theoretical_insight': 1, 'implementation_mechanism': 1}"
5146,7,de:37 & im:1 & pr:19 & pr:5 & th:6 & va:39,"{'problem_analysis': 2, 'validation_evidence': 1, 'implementation_mechanism': 1}"
5147,7,de:37 & im:28 & pr:5 & pr:7 & th:6 & va:1,"{'problem_analysis': 2, 'validation_evidence': 1, 'implementation_mechanism': 1}"
5148,7,de:8 & im:39 & pr:10 & pr:5 & th:28 & va:1,"{'problem_analysis': 2, 'validation_evidence': 1, 'design_rationale': 1}"
5149,7,de:15 & im:4 & pr:22 & pr:5 & th:12 & va:30,"{'problem_analysis': 2, 'theoretical_insight': 1, 'implementation_mechanism': 1}"
5150,7,de:33 & im:5 & pr:16 & pr:5 & th:26 & va:20,"{'problem_analysis': 2, 'design_rationale': 1, 'implementation_mechanism': 1}"
5151,7,de:22 & im:31 & pr:13 & pr:5 & th:4 & va:7,"{'problem_analysis': 2, 'design_rationale': 1, 'validation_evidence': 1}"
5152,7,im:31 & pr:13 & pr:5 & th:4 & va:7,"{'problem_analysis': 2, 'validation_evidence': 1, 'implementation_mechanism': 1}"
5153,7,de:8 & im:3 & pr:16 & pr:5 & th:13 & va:1,"{'problem_analysis': 2, 'theoretical_insight': 1, 'validation_evidence': 1}"
5154,7,de:18 & im:6 & pr:12 & pr:38 & pr:5 & th:36 & va:1,"{'problem_analysis': 3, 'validation_evidence': 1, 'design_rationale': 1}"
5155,7,de:16 & im:4 & pr:5 & pr:6 & th:19 & va:32,"{'problem_analysis': 2, 'design_rationale': 1, 'implementation_mechanism': 1}"
5156,7,de:17 & im:4 & pr:5 & pr:6 & th:12 & va:9,"{'problem_analysis': 2, 'design_rationale': 1, 'theoretical_insight': 1}"
5157,7,de:23 & im:38 & pr:5 & pr:6 & th:12 & va:2,"{'problem_analysis': 2, 'implementation_mechanism': 1, 'design_rationale': 1}"
5158,7,de:28 & im:19 & pr:4 & pr:5 & th:12 & va:30,"{'problem_analysis': 2, 'design_rationale': 1, 'theoretical_insight': 1}"
5159,7,de:14 & im:25 & pr:14 & pr:5 & va:20,"{'problem_analysis': 2, 'implementation_mechanism': 1, 'validation_evidence': 1}"
5160,7,de:29 & im:10 & pr:19 & pr:5 & th:5 & va:1,"{'problem_analysis': 2, 'validation_evidence': 1, 'theoretical_insight': 1}"
5161,7,de:16 & im:4 & pr:27 & pr:31 & pr:5 & th:12,"{'problem_analysis': 3, 'design_rationale': 1, 'theoretical_insight': 1}"
5162,7,de:4 & im:7 & pr:5 & pr:6 & th:12 & va:30,"{'problem_analysis': 2, 'theoretical_insight': 1, 'validation_evidence': 1}"
5163,7,de:13 & im:1 & pr:33 & pr:5 & th:6 & va:17,"{'problem_analysis': 2, 'design_rationale': 1, 'validation_evidence': 1}"
5164,7,de:8 & im:1 & pr:10 & pr:5 & th:6 & va:10,"{'problem_analysis': 2, 'design_rationale': 1, 'implementation_mechanism': 1}"
5165,7,de:3 & im:3 & pr:16 & pr:5 & th:28 & va:1,"{'problem_analysis': 2, 'validation_evidence': 1, 'design_rationale': 1}"
5166,7,de:39 & im:0 & pr:10 & pr:16 & pr:5 & va:1,"{'problem_analysis': 3, 'validation_evidence': 1, 'design_rationale': 1}"
5167,7,de:33 & im:5 & pr:16 & pr:5 & th:8 & va:20,"{'problem_analysis': 2, 'design_rationale': 1, 'theoretical_insight': 1}"
5168,7,de:4 & im:10 & pr:19 & pr:5 & th:8 & va:33,"{'problem_analysis': 2, 'implementation_mechanism': 1, 'theoretical_insight': 1}"
5169,7,de:20 & im:19 & pr:32 & pr:5 & th:12 & va:9,"{'problem_analysis': 2, 'theoretical_insight': 1, 'design_rationale': 1}"
5170,7,de:15 & im:10 & pr:5 & pr:6 & th:11 & va:10,"{'problem_analysis': 2, 'theoretical_insight': 1, 'implementation_mechanism': 1}"
5171,7,de:15 & im:4 & pr:5 & pr:6 & th:11,"{'problem_analysis': 2, 'implementation_mechanism': 1, 'theoretical_insight': 1}"
5172,7,de:6 & im:7 & pr:19 & pr:5 & pr:8 & th:34 & va:12,"{'problem_analysis': 3, 'validation_evidence': 1, 'design_rationale': 1}"
5173,7,de:20 & im:7 & pr:32 & pr:5 & th:12,"{'problem_analysis': 2, 'theoretical_insight': 1, 'design_rationale': 1}"
5174,7,de:14 & im:25 & pr:14 & pr:19 & pr:5 & th:26 & va:20,"{'problem_analysis': 3, 'implementation_mechanism': 1, 'validation_evidence': 1}"
5175,7,de:37 & im:1 & pr:5 & pr:7 & th:37 & va:1,"{'problem_analysis': 2, 'validation_evidence': 1, 'theoretical_insight': 1}"
5176,7,de:37 & im:1 & pr:5 & pr:7 & th:37 & va:39,"{'problem_analysis': 2, 'validation_evidence': 1, 'theoretical_insight': 1}"
5177,7,de:20 & im:19 & pr:11 & pr:5 & th:2 & va:9,"{'problem_analysis': 2, 'theoretical_insight': 1, 'design_rationale': 1}"
5178,7,de:3 & im:16 & pr:2 & pr:39 & pr:5 & th:36 & va:0,"{'problem_analysis': 3, 'implementation_mechanism': 1, 'validation_evidence': 1}"
5179,7,de:3 & im:16 & pr:2 & pr:39 & pr:5 & th:36 & va:26,"{'problem_analysis': 3, 'implementation_mechanism': 1, 'validation_evidence': 1}"
5180,7,de:3 & im:16 & pr:39 & pr:5 & th:13 & va:26,"{'problem_analysis': 2, 'theoretical_insight': 1, 'implementation_mechanism': 1}"
5181,7,de:18 & im:8 & pr:16 & pr:5 & th:7 & va:20,"{'problem_analysis': 2, 'implementation_mechanism': 1, 'design_rationale': 1}"
5182,7,de:12 & im:8 & pr:16 & pr:5 & th:26 & va:1,"{'problem_analysis': 2, 'implementation_mechanism': 1, 'validation_evidence': 1}"
5183,7,de:18 & im:0 & pr:16 & pr:5 & th:19 & va:19,"{'problem_analysis': 2, 'validation_evidence': 1, 'design_rationale': 1}"
5184,7,de:15 & im:7 & pr:5 & pr:6 & th:12 & va:10,"{'problem_analysis': 2, 'theoretical_insight': 1, 'validation_evidence': 1}"
5185,7,de:8 & im:18 & pr:16 & pr:5 & th:27 & va:20,"{'problem_analysis': 2, 'implementation_mechanism': 1, 'design_rationale': 1}"
5186,7,de:22 & im:31 & pr:3 & pr:5 & pr:6 & th:4 & va:18,"{'problem_analysis': 3, 'design_rationale': 1, 'implementation_mechanism': 1}"
5187,7,de:29 & im:7 & pr:19 & pr:5 & th:37 & va:12,"{'problem_analysis': 2, 'validation_evidence': 1, 'design_rationale': 1}"
5188,7,de:17 & im:7 & pr:11 & pr:27 & pr:5 & th:12 & va:9,"{'problem_analysis': 3, 'design_rationale': 1, 'theoretical_insight': 1}"
5189,7,de:37 & im:1 & pr:19 & pr:5 & th:6 & va:1,"{'problem_analysis': 2, 'validation_evidence': 1, 'implementation_mechanism': 1}"
5190,7,de:1 & im:9 & pr:13 & pr:19 & pr:5 & th:6 & va:4,"{'problem_analysis': 3, 'implementation_mechanism': 1, 'design_rationale': 1}"
5191,7,de:15 & de:28 & im:4 & im:7 & pr:5 & pr:6 & th:9 & va:32,"{'design_rationale': 2, 'problem_analysis': 2, 'implementation_mechanism': 2}"
5192,7,de:3 & im:24 & pr:39 & pr:5 & th:36 & va:26,"{'problem_analysis': 2, 'implementation_mechanism': 1, 'validation_evidence': 1}"
5193,7,de:3 & im:24 & pr:39 & pr:5 & th:19 & th:39 & va:26,"{'theoretical_insight': 2, 'problem_analysis': 2, 'implementation_mechanism': 1}"
5194,7,de:15 & im:19 & pr:27 & pr:5 & pr:6 & th:12 & va:32,"{'problem_analysis': 3, 'theoretical_insight': 1, 'implementation_mechanism': 1}"
5195,7,de:14 & im:20 & pr:19 & pr:5 & pr:9 & th:14 & th:26 & va:19,"{'problem_analysis': 3, 'theoretical_insight': 2, 'validation_evidence': 1}"
5196,7,de:37 & im:0 & pr:19 & pr:5 & th:6 & va:39,"{'problem_analysis': 2, 'validation_evidence': 1, 'design_rationale': 1}"
5197,7,de:11 & im:10 & pr:11 & pr:19 & pr:5 & th:2 & va:15,"{'problem_analysis': 3, 'theoretical_insight': 1, 'implementation_mechanism': 1}"
5198,7,de:14 & im:25 & pr:14 & pr:19 & pr:5 & th:26 & va:19 & va:20,"{'problem_analysis': 3, 'validation_evidence': 2, 'implementation_mechanism': 1}"
5199,7,de:16 & im:38 & pr:5 & pr:6 & th:12 & th:26 & th:9 & va:2,"{'theoretical_insight': 3, 'problem_analysis': 2, 'implementation_mechanism': 1}"
5200,7,de:18 & im:10 & pr:19 & pr:5 & th:37 & va:20,"{'problem_analysis': 2, 'design_rationale': 1, 'implementation_mechanism': 1}"
5201,7,de:17 & im:20 & pr:11 & pr:12 & pr:23 & pr:39 & pr:5 & th:12 & va:17 & va:38,"{'problem_analysis': 5, 'validation_evidence': 2, 'design_rationale': 1}"
5202,7,de:32 & im:0 & pr:1 & pr:19 & pr:5 & th:7 & va:39,"{'problem_analysis': 3, 'design_rationale': 1, 'validation_evidence': 1}"
5203,7,de:11 & im:10 & im:31 & pr:13 & pr:23 & pr:5 & th:25 & th:4 & va:1 & va:20,"{'problem_analysis': 3, 'validation_evidence': 2, 'theoretical_insight': 2}"
5204,7,de:15 & im:4 & im:7 & pr:5 & pr:6 & th:12,"{'problem_analysis': 2, 'implementation_mechanism': 2, 'theoretical_insight': 1}"
5205,7,de:15 & im:4 & im:7 & pr:5 & pr:6 & th:11 & th:12 & va:10,"{'problem_analysis': 2, 'theoretical_insight': 2, 'implementation_mechanism': 2}"
5206,7,de:14 & de:3 & im:16 & im:25 & pr:14 & pr:39 & pr:5 & th:26 & th:36 & va:20 & va:26,"{'problem_analysis': 3, 'implementation_mechanism': 2, 'theoretical_insight': 2}"
5207,7,de:16 & im:4 & pr:27 & pr:31 & pr:6 & th:12,"{'problem_analysis': 3, 'design_rationale': 1, 'theoretical_insight': 1}"
5208,7,de:37 & im:1 & pr:37 & th:6 & va:39,"{'validation_evidence': 1, 'implementation_mechanism': 1, 'design_rationale': 1}"
5209,7,de:37 & im:1 & pr:37 & th:6 & va:1,"{'validation_evidence': 1, 'implementation_mechanism': 1, 'design_rationale': 1}"
5210,7,de:5 & im:1 & pr:19 & pr:7 & th:37 & va:39,"{'problem_analysis': 2, 'validation_evidence': 1, 'design_rationale': 1}"
5211,7,de:16 & im:4 & pr:39,"{'problem_analysis': 1, 'design_rationale': 1, 'implementation_mechanism': 1}"
5212,7,de:21 & im:16 & pr:29 & th:39 & va:21,"{'implementation_mechanism': 1, 'problem_analysis': 1, 'validation_evidence': 1}"
5213,7,de:15 & pr:39 & pr:6 & th:1,"{'problem_analysis': 2, 'theoretical_insight': 1, 'design_rationale': 1}"
5214,7,de:15 & im:4 & pr:31 & pr:39,"{'problem_analysis': 2, 'design_rationale': 1, 'implementation_mechanism': 1}"
5215,7,de:20 & im:7 & pr:11 & pr:39 & th:1,"{'problem_analysis': 2, 'theoretical_insight': 1, 'design_rationale': 1}"
5216,7,de:15 & im:4 & pr:39 & pr:6 & th:0,"{'problem_analysis': 2, 'implementation_mechanism': 1, 'theoretical_insight': 1}"
5217,7,im:4 & pr:31 & pr:39 & th:9 & va:10,"{'problem_analysis': 2, 'implementation_mechanism': 1, 'validation_evidence': 1}"
5218,7,de:3 & im:16 & pr:39 & pr:7 & va:0,"{'problem_analysis': 2, 'implementation_mechanism': 1, 'validation_evidence': 1}"
5219,7,de:16 & im:31 & pr:12 & pr:39 & th:4,"{'problem_analysis': 2, 'design_rationale': 1, 'implementation_mechanism': 1}"
5220,7,de:37 & im:28 & pr:20 & pr:39 & th:38,"{'problem_analysis': 2, 'implementation_mechanism': 1, 'theoretical_insight': 1}"
5221,7,de:13 & im:1 & pr:17 & pr:39 & th:0,"{'problem_analysis': 2, 'design_rationale': 1, 'implementation_mechanism': 1}"
5222,7,de:13 & im:1 & pr:39 & th:0 & va:15,"{'design_rationale': 1, 'validation_evidence': 1, 'implementation_mechanism': 1}"
5223,7,de:16 & im:19 & pr:31 & pr:39 & va:17,"{'problem_analysis': 2, 'implementation_mechanism': 1, 'design_rationale': 1}"
5224,7,de:32 & im:24 & pr:29 & pr:39 & th:24 & va:36,"{'problem_analysis': 2, 'implementation_mechanism': 1, 'design_rationale': 1}"
5225,7,de:15 & im:4 & pr:11 & pr:39 & th:11 & va:10,"{'problem_analysis': 2, 'implementation_mechanism': 1, 'theoretical_insight': 1}"
5226,7,de:8 & im:13 & pr:13 & pr:39 & th:9 & va:1,"{'problem_analysis': 2, 'validation_evidence': 1, 'implementation_mechanism': 1}"
5227,7,de:37 & im:3 & pr:19 & pr:39 & th:6 & va:1,"{'problem_analysis': 2, 'validation_evidence': 1, 'design_rationale': 1}"
5228,7,de:15 & im:4 & pr:31 & pr:39 & th:9 & va:31,"{'problem_analysis': 2, 'design_rationale': 1, 'validation_evidence': 1}"
5229,7,de:28 & im:9 & pr:39 & pr:7 & th:39 & va:0,"{'problem_analysis': 2, 'design_rationale': 1, 'validation_evidence': 1}"
5230,7,de:3 & im:12 & pr:10 & pr:39 & th:7 & va:0,"{'problem_analysis': 2, 'validation_evidence': 1, 'theoretical_insight': 1}"
5231,7,de:15 & im:19 & pr:39 & pr:6 & th:12 & va:10,"{'problem_analysis': 2, 'implementation_mechanism': 1, 'theoretical_insight': 1}"
5232,7,de:20 & im:4 & pr:11 & pr:39 & th:12,"{'problem_analysis': 2, 'theoretical_insight': 1, 'implementation_mechanism': 1}"
5233,7,de:14 & im:25 & pr:14 & pr:39 & th:26,"{'problem_analysis': 2, 'implementation_mechanism': 1, 'theoretical_insight': 1}"
5234,7,de:29 & im:10 & pr:14 & pr:39 & th:8 & va:20,"{'problem_analysis': 2, 'implementation_mechanism': 1, 'design_rationale': 1}"
5235,7,de:8 & im:16 & pr:0 & pr:39 & th:7 & va:34,"{'problem_analysis': 2, 'validation_evidence': 1, 'implementation_mechanism': 1}"
5236,7,de:20 & im:19 & pr:27 & pr:39 & th:12 & va:9,"{'problem_analysis': 2, 'implementation_mechanism': 1, 'theoretical_insight': 1}"
5237,7,de:8 & im:39 & pr:10 & pr:39 & th:28 & va:1,"{'problem_analysis': 2, 'validation_evidence': 1, 'design_rationale': 1}"
5238,7,de:37 & im:28 & pr:39 & pr:7 & th:2 & va:1,"{'problem_analysis': 2, 'theoretical_insight': 1, 'validation_evidence': 1}"
5239,7,de:6 & im:21 & pr:32 & pr:39 & th:1 & va:8,"{'problem_analysis': 2, 'design_rationale': 1, 'theoretical_insight': 1}"
5240,7,de:7 & im:7 & pr:27 & pr:39 & th:12 & va:28,"{'problem_analysis': 2, 'theoretical_insight': 1, 'design_rationale': 1}"
5241,7,de:6 & im:21 & pr:30 & pr:39 & th:1 & va:18,"{'problem_analysis': 2, 'design_rationale': 1, 'theoretical_insight': 1}"
5242,7,de:6 & im:31 & pr:30 & pr:39 & th:5 & va:0,"{'problem_analysis': 2, 'design_rationale': 1, 'theoretical_insight': 1}"
5243,7,de:6 & im:21 & pr:39 & pr:4 & th:1 & va:28,"{'problem_analysis': 2, 'design_rationale': 1, 'theoretical_insight': 1}"
5244,7,de:37 & im:28 & pr:39 & pr:7 & th:6 & va:1,"{'problem_analysis': 2, 'validation_evidence': 1, 'implementation_mechanism': 1}"
5245,7,de:14 & im:8 & pr:39 & pr:7 & th:8 & va:19,"{'problem_analysis': 2, 'implementation_mechanism': 1, 'validation_evidence': 1}"
5246,7,de:14 & im:20 & pr:39 & pr:9 & th:8 & va:19,"{'problem_analysis': 2, 'validation_evidence': 1, 'theoretical_insight': 1}"
5247,7,de:16 & im:10 & pr:39 & pr:6 & th:12 & va:3,"{'problem_analysis': 2, 'design_rationale': 1, 'validation_evidence': 1}"
5248,7,de:0 & im:30 & pr:18 & pr:39 & th:23 & va:4,"{'problem_analysis': 2, 'theoretical_insight': 1, 'implementation_mechanism': 1}"
5249,7,de:15 & im:4 & pr:39 & pr:6 & th:11 & va:15,"{'problem_analysis': 2, 'implementation_mechanism': 1, 'theoretical_insight': 1}"
5250,7,de:3 & im:16 & pr:38 & pr:39 & th:12 & va:26,"{'problem_analysis': 2, 'theoretical_insight': 1, 'implementation_mechanism': 1}"
5251,7,de:37 & im:1 & pr:39 & pr:7 & th:6 & va:17,"{'problem_analysis': 2, 'validation_evidence': 1, 'implementation_mechanism': 1}"
5252,7,de:16 & im:4 & pr:31 & pr:39 & th:2 & va:10,"{'problem_analysis': 2, 'theoretical_insight': 1, 'design_rationale': 1}"
5253,7,de:37 & im:20 & pr:16 & pr:39 & th:8 & va:20,"{'problem_analysis': 2, 'theoretical_insight': 1, 'implementation_mechanism': 1}"
5254,7,de:11 & im:1 & pr:18 & pr:39 & th:2 & va:37,"{'problem_analysis': 2, 'theoretical_insight': 1, 'validation_evidence': 1}"
5255,7,pr:31 & pr:39 & pr:6 & th:11 & va:2,"{'problem_analysis': 3, 'theoretical_insight': 1, 'validation_evidence': 1}"
5256,7,de:29 & im:10 & pr:19 & pr:39 & th:5 & va:1,"{'problem_analysis': 2, 'validation_evidence': 1, 'theoretical_insight': 1}"
5257,7,de:25 & im:34 & pr:31 & pr:32 & pr:39,"{'problem_analysis': 3, 'design_rationale': 1, 'implementation_mechanism': 1}"
5258,7,de:15 & im:4 & pr:31 & pr:39 & th:9 & va:32,"{'problem_analysis': 2, 'design_rationale': 1, 'implementation_mechanism': 1}"
5259,7,de:4 & im:7 & pr:39 & pr:6 & th:12 & va:30,"{'problem_analysis': 2, 'theoretical_insight': 1, 'validation_evidence': 1}"
5260,7,de:13 & im:1 & pr:39 & pr:7 & th:37 & va:39,"{'problem_analysis': 2, 'design_rationale': 1, 'validation_evidence': 1}"
5261,7,de:25 & im:34 & pr:32 & pr:39 & th:21 & va:17,"{'problem_analysis': 2, 'design_rationale': 1, 'validation_evidence': 1}"
5262,7,de:22 & im:31 & pr:31 & pr:39 & th:2,"{'problem_analysis': 2, 'theoretical_insight': 1, 'design_rationale': 1}"
5263,7,de:23 & im:38 & pr:39 & pr:6 & th:12 & va:2,"{'problem_analysis': 2, 'implementation_mechanism': 1, 'design_rationale': 1}"
5264,7,de:13 & im:1 & pr:33 & pr:39 & th:6 & va:17,"{'problem_analysis': 2, 'design_rationale': 1, 'validation_evidence': 1}"
5265,7,de:38 & im:7 & pr:39 & pr:5 & th:12 & va:0,"{'problem_analysis': 2, 'theoretical_insight': 1, 'validation_evidence': 1}"
5266,7,de:22 & im:23 & pr:13 & pr:39 & th:4 & va:38,"{'problem_analysis': 2, 'design_rationale': 1, 'implementation_mechanism': 1}"
5267,7,de:37 & im:1 & pr:25 & pr:39 & th:37 & va:39,"{'problem_analysis': 2, 'validation_evidence': 1, 'theoretical_insight': 1}"
5268,7,pr:23 & pr:39 & va:23,"{'problem_analysis': 2, 'validation_evidence': 1}"
5269,7,de:37 & im:8 & pr:19 & pr:39 & th:28 & va:1,"{'problem_analysis': 2, 'implementation_mechanism': 1, 'validation_evidence': 1}"
5270,7,de:37 & im:0 & pr:19 & pr:39 & pr:7 & th:6 & va:1,"{'problem_analysis': 3, 'validation_evidence': 1, 'design_rationale': 1}"
5271,7,de:14 & im:25 & pr:19 & pr:39 & th:26 & va:20,"{'problem_analysis': 2, 'implementation_mechanism': 1, 'validation_evidence': 1}"
5272,7,de:11 & im:1 & pr:18 & pr:39 & th:2 & va:17,"{'problem_analysis': 2, 'theoretical_insight': 1, 'validation_evidence': 1}"
5273,7,de:20 & im:19 & pr:11 & pr:39 & th:2 & va:9,"{'problem_analysis': 2, 'theoretical_insight': 1, 'implementation_mechanism': 1}"
5274,7,de:37 & im:1 & pr:39 & pr:7 & th:37 & va:1,"{'problem_analysis': 2, 'validation_evidence': 1, 'theoretical_insight': 1}"
5275,7,de:37 & im:1 & pr:39 & pr:7 & th:37 & va:39,"{'problem_analysis': 2, 'validation_evidence': 1, 'theoretical_insight': 1}"
5276,7,de:13 & im:1 & pr:39 & pr:7 & th:37 & va:15,"{'problem_analysis': 2, 'design_rationale': 1, 'validation_evidence': 1}"
5277,7,de:25 & im:34 & pr:32 & pr:39 & th:21 & va:33,"{'problem_analysis': 2, 'design_rationale': 1, 'validation_evidence': 1}"
5278,7,de:15 & im:4 & pr:39 & pr:6 & th:2 & va:32,"{'problem_analysis': 2, 'theoretical_insight': 1, 'implementation_mechanism': 1}"
5279,7,de:11 & pr:39 & pr:9 & th:14 & th:2 & va:2,"{'theoretical_insight': 2, 'problem_analysis': 2, 'design_rationale': 1}"
5280,7,de:11 & im:1 & pr:10 & pr:31 & pr:39 & th:27 & va:22,"{'problem_analysis': 3, 'design_rationale': 1, 'validation_evidence': 1}"
5281,7,de:22 & im:31 & pr:31 & pr:39 & th:2 & va:4,"{'problem_analysis': 2, 'theoretical_insight': 1, 'design_rationale': 1}"
5282,7,de:8 & im:18 & pr:16 & pr:39 & th:27 & va:20,"{'problem_analysis': 2, 'implementation_mechanism': 1, 'design_rationale': 1}"
5283,7,de:8 & im:13 & pr:19 & pr:39 & th:30 & th:6 & va:1,"{'theoretical_insight': 2, 'problem_analysis': 2, 'validation_evidence': 1}"
5284,7,de:24 & im:2 & pr:13 & pr:39 & th:13 & va:7,"{'problem_analysis': 2, 'theoretical_insight': 1, 'validation_evidence': 1}"
5285,7,de:1 & im:9 & pr:13 & pr:36 & pr:39 & th:6 & va:4,"{'problem_analysis': 3, 'implementation_mechanism': 1, 'design_rationale': 1}"
5286,7,de:37 & im:1 & pr:12 & pr:39 & pr:7 & th:6 & va:1,"{'problem_analysis': 3, 'validation_evidence': 1, 'implementation_mechanism': 1}"
5287,7,de:29 & im:7 & pr:19 & pr:39 & th:37 & va:12,"{'problem_analysis': 2, 'validation_evidence': 1, 'design_rationale': 1}"
5288,7,de:14 & im:20 & pr:19 & pr:39 & pr:9 & th:14 & th:26 & va:19,"{'problem_analysis': 3, 'theoretical_insight': 2, 'validation_evidence': 1}"
5289,7,de:37 & im:0 & pr:19 & pr:39 & th:6 & va:39,"{'problem_analysis': 2, 'validation_evidence': 1, 'design_rationale': 1}"
5290,7,de:22 & im:1 & pr:13 & pr:33 & pr:39 & th:10 & va:12,"{'problem_analysis': 3, 'validation_evidence': 1, 'design_rationale': 1}"
5291,7,de:4 & im:31 & pr:3 & pr:33 & pr:39 & th:30 & va:38,"{'problem_analysis': 3, 'theoretical_insight': 1, 'validation_evidence': 1}"
5292,7,de:7 & im:7 & pr:11 & pr:14 & pr:39 & pr:6 & th:12 & va:18,"{'problem_analysis': 4, 'theoretical_insight': 1, 'design_rationale': 1}"
5293,7,de:18 & im:0 & pr:19 & pr:39 & pr:7 & th:7 & va:35,"{'problem_analysis': 3, 'design_rationale': 1, 'theoretical_insight': 1}"
5294,7,de:32 & im:0 & pr:1 & pr:19 & pr:39 & th:7 & va:39,"{'problem_analysis': 3, 'design_rationale': 1, 'validation_evidence': 1}"
5295,7,de:15 & de:20 & im:19 & im:4 & pr:11 & pr:39 & pr:6 & th:11 & th:2 & va:10,"{'problem_analysis': 3, 'theoretical_insight': 2, 'implementation_mechanism': 2}"
5296,7,de:23 & im:27 & pr:22 & pr:39 & th:12 & th:18,"{'problem_analysis': 2, 'theoretical_insight': 2, 'design_rationale': 1}"
5297,7,de:23 & im:27 & pr:22 & pr:28 & pr:31 & pr:39 & pr:6 & th:18 & th:33 & va:2,"{'problem_analysis': 5, 'theoretical_insight': 2, 'design_rationale': 1}"
5298,7,de:0 & de:22 & im:31 & im:9 & pr:13 & pr:28 & pr:39 & th:32 & th:35 & th:4 & va:15 & va:7,"{'problem_analysis': 3, 'theoretical_insight': 3, 'design_rationale': 2}"
5299,7,de:22 & de:37 & im:1 & im:31 & pr:13 & pr:39 & pr:8 & th:32 & th:4 & th:6 & va:15 & va:7,"{'problem_analysis': 3, 'theoretical_insight': 3, 'design_rationale': 2}"
5300,7,de:0 & de:22 & im:31 & im:9 & pr:13 & pr:39 & pr:8 & th:32 & th:35 & th:4 & va:15 & va:7,"{'problem_analysis': 3, 'theoretical_insight': 3, 'design_rationale': 2}"
5301,7,de:23 & im:27 & im:35 & pr:22 & pr:39 & th:12 & th:18 & va:2,"{'problem_analysis': 2, 'implementation_mechanism': 2, 'theoretical_insight': 2}"
5302,7,de:22 & im:31 & pr:13 & th:30 & va:7,"{'theoretical_insight': 1, 'problem_analysis': 1, 'design_rationale': 1}"
5303,7,de:14 & im:25 & pr:14 & th:26 & va:19 & va:20,"{'validation_evidence': 2, 'problem_analysis': 1, 'implementation_mechanism': 1}"
5304,7,pr:11 & pr:9 & th:12 & va:9,"{'problem_analysis': 2, 'theoretical_insight': 1, 'validation_evidence': 1}"
5305,7,de:15 & im:4 & pr:9 & va:32,"{'implementation_mechanism': 1, 'design_rationale': 1, 'problem_analysis': 1}"
5306,7,de:37 & im:28 & pr:20 & pr:9 & th:38,"{'problem_analysis': 2, 'implementation_mechanism': 1, 'theoretical_insight': 1}"
5307,7,de:13 & im:1 & pr:9 & th:0 & va:15,"{'design_rationale': 1, 'problem_analysis': 1, 'validation_evidence': 1}"
5308,7,de:29 & pr:22 & pr:9,"{'problem_analysis': 2, 'design_rationale': 1}"
5309,7,de:15 & im:4 & pr:6 & pr:9 & th:11 & va:15,"{'problem_analysis': 2, 'implementation_mechanism': 1, 'theoretical_insight': 1}"
5310,7,de:16 & im:1 & pr:31 & pr:9 & th:2 & va:17,"{'problem_analysis': 2, 'theoretical_insight': 1, 'design_rationale': 1}"
5311,7,de:15 & pr:6 & pr:9 & th:11 & va:32,"{'problem_analysis': 2, 'design_rationale': 1, 'theoretical_insight': 1}"
5312,7,de:20 & im:19 & pr:11 & pr:9 & th:1 & va:9,"{'problem_analysis': 2, 'theoretical_insight': 1, 'design_rationale': 1}"
5313,7,de:6 & im:21 & pr:0 & pr:9 & th:1,"{'problem_analysis': 2, 'design_rationale': 1, 'theoretical_insight': 1}"
5314,7,de:3 & im:16 & pr:23 & pr:9 & th:36 & va:0,"{'problem_analysis': 2, 'implementation_mechanism': 1, 'validation_evidence': 1}"
5315,7,de:3 & im:16 & pr:38 & pr:9 & th:12 & va:26,"{'problem_analysis': 2, 'theoretical_insight': 1, 'implementation_mechanism': 1}"
5316,7,de:28 & im:10 & pr:17 & pr:9 & th:4 & va:17,"{'problem_analysis': 2, 'design_rationale': 1, 'validation_evidence': 1}"
5317,7,de:3 & im:16 & pr:0 & pr:9 & th:1 & va:0,"{'problem_analysis': 2, 'implementation_mechanism': 1, 'theoretical_insight': 1}"
5318,7,de:22 & im:31 & pr:0 & pr:9 & th:1 & va:7,"{'problem_analysis': 2, 'design_rationale': 1, 'theoretical_insight': 1}"
5319,7,de:13 & im:1 & pr:33 & pr:9 & th:6 & va:17,"{'problem_analysis': 2, 'design_rationale': 1, 'validation_evidence': 1}"
5320,7,de:22 & im:23 & pr:13 & pr:9 & th:4 & va:38,"{'problem_analysis': 2, 'design_rationale': 1, 'implementation_mechanism': 1}"
5321,7,pr:27 & pr:9 & th:16 & va:15,"{'problem_analysis': 2, 'theoretical_insight': 1, 'validation_evidence': 1}"
5322,7,de:20 & im:19 & pr:17 & pr:4 & pr:9 & th:1 & va:9,"{'problem_analysis': 3, 'theoretical_insight': 1, 'design_rationale': 1}"
5323,7,de:9 & im:7 & pr:4 & pr:9 & th:12 & va:9,"{'problem_analysis': 2, 'theoretical_insight': 1, 'design_rationale': 1}"
5324,7,de:28 & im:7 & pr:4 & pr:5 & pr:9 & th:1 & va:28,"{'problem_analysis': 3, 'design_rationale': 1, 'theoretical_insight': 1}"
5325,7,de:17 & im:20 & pr:27 & pr:9 & th:16 & th:37 & va:17,"{'problem_analysis': 2, 'theoretical_insight': 2, 'design_rationale': 1}"
5326,7,de:15 & im:4 & pr:35 & pr:6 & th:11 & va:32,"{'problem_analysis': 2, 'implementation_mechanism': 1, 'theoretical_insight': 1}"
5327,7,de:37 & im:1 & pr:19 & pr:7 & th:6 & va:24,"{'problem_analysis': 2, 'validation_evidence': 1, 'implementation_mechanism': 1}"
5328,7,de:15 & im:4 & pr:6 & th:2 & va:10,"{'theoretical_insight': 1, 'problem_analysis': 1, 'implementation_mechanism': 1}"
5329,7,pr:27 & pr:6 & th:12 & th:2,"{'theoretical_insight': 2, 'problem_analysis': 2}"
5330,7,de:15 & im:4 & im:7 & pr:27 & pr:6 & th:11 & th:12 & th:2 & va:10,"{'theoretical_insight': 3, 'problem_analysis': 2, 'implementation_mechanism': 2}"
5331,7,de:15 & im:4 & pr:27 & pr:6 & th:11 & th:12 & th:2 & va:10 & va:9,"{'theoretical_insight': 3, 'problem_analysis': 2, 'validation_evidence': 2}"
5332,7,pr:16 & th:30,"{'theoretical_insight': 1, 'problem_analysis': 1}"
5333,7,de:3 & im:16 & pr:23 & pr:38 & th:12 & va:26,"{'problem_analysis': 2, 'theoretical_insight': 1, 'implementation_mechanism': 1}"
5334,7,de:0 & im:3 & pr:19 & pr:23 & th:7 & va:23,"{'problem_analysis': 2, 'theoretical_insight': 1, 'validation_evidence': 1}"
5335,7,de:15 & de:29 & im:4 & pr:37 & pr:6 & pr:9 & th:11 & th:14 & va:9,"{'problem_analysis': 3, 'theoretical_insight': 2, 'design_rationale': 2}"
5336,7,de:29 & de:3 & im:16 & pr:37 & pr:39 & pr:9 & th:14 & th:36 & va:26,"{'problem_analysis': 3, 'design_rationale': 2, 'theoretical_insight': 2}"
5337,7,de:14 & im:25 & pr:12 & pr:9 & th:26 & va:20,"{'problem_analysis': 2, 'implementation_mechanism': 1, 'validation_evidence': 1}"
5338,7,de:37 & im:28 & pr:13 & pr:19 & th:29 & va:1,"{'problem_analysis': 2, 'validation_evidence': 1, 'theoretical_insight': 1}"
5339,7,de:25 & im:34 & pr:13 & pr:6 & th:12,"{'problem_analysis': 2, 'theoretical_insight': 1, 'design_rationale': 1}"
5340,7,de:18 & im:6 & pr:13 & pr:38 & th:36 & va:1,"{'problem_analysis': 2, 'validation_evidence': 1, 'design_rationale': 1}"
5341,7,de:37 & im:1 & pr:13 & pr:20 & th:6 & va:1,"{'problem_analysis': 2, 'validation_evidence': 1, 'implementation_mechanism': 1}"
5342,7,de:11 & im:1 & pr:13 & pr:19 & th:37 & va:20,"{'problem_analysis': 2, 'design_rationale': 1, 'theoretical_insight': 1}"
5343,7,de:37 & im:3 & pr:13 & pr:19 & pr:37 & va:35,"{'problem_analysis': 3, 'validation_evidence': 1, 'design_rationale': 1}"
5344,7,de:8 & im:0 & pr:13 & pr:18 & pr:19 & va:1,"{'problem_analysis': 3, 'validation_evidence': 1, 'design_rationale': 1}"
5345,7,de:37 & im:0 & pr:13 & pr:19 & th:7 & va:1,"{'problem_analysis': 2, 'validation_evidence': 1, 'theoretical_insight': 1}"
5346,7,de:25 & im:34 & pr:11 & pr:13 & pr:4 & th:21 & va:27,"{'problem_analysis': 3, 'design_rationale': 1, 'validation_evidence': 1}"
5347,7,de:29 & im:29 & pr:13 & pr:19 & pr:2 & th:29 & va:8,"{'problem_analysis': 3, 'theoretical_insight': 1, 'validation_evidence': 1}"
5348,7,de:17 & im:20 & pr:11 & pr:13 & pr:23 & pr:39 & th:12 & va:17 & va:38,"{'problem_analysis': 4, 'validation_evidence': 2, 'design_rationale': 1}"
5349,7,de:22 & im:23 & pr:13 & th:10 & va:38,"{'problem_analysis': 1, 'design_rationale': 1, 'theoretical_insight': 1}"
5350,7,de:23 & pr:22,"{'problem_analysis': 1, 'design_rationale': 1}"
5351,7,im:35 & pr:22 & th:12 & va:2,"{'problem_analysis': 1, 'validation_evidence': 1, 'theoretical_insight': 1}"
5352,7,de:15 & im:4 & pr:12 & pr:20 & pr:6 & th:11 & th:38 & va:9,"{'problem_analysis': 3, 'theoretical_insight': 2, 'implementation_mechanism': 1}"
5353,7,de:3 & im:16 & pr:12 & pr:20 & pr:39 & th:36 & th:38 & va:26,"{'problem_analysis': 3, 'theoretical_insight': 2, 'implementation_mechanism': 1}"
5354,7,de:15 & im:4 & pr:13 & pr:32 & pr:6 & th:11 & va:32,"{'problem_analysis': 3, 'implementation_mechanism': 1, 'theoretical_insight': 1}"
5355,7,im:7 & pr:13 & pr:4 & va:28,"{'problem_analysis': 2, 'implementation_mechanism': 1, 'validation_evidence': 1}"
5356,7,de:16 & pr:12 & pr:9,"{'problem_analysis': 2, 'design_rationale': 1}"
5357,7,de:16 & im:19 & pr:31 & pr:9 & va:17,"{'problem_analysis': 2, 'design_rationale': 1, 'validation_evidence': 1}"
5358,7,de:15 & im:19 & pr:35 & pr:9 & th:12 & va:30,"{'problem_analysis': 2, 'theoretical_insight': 1, 'validation_evidence': 1}"
5359,7,de:9 & im:4 & pr:6 & pr:9 & th:12 & va:10,"{'problem_analysis': 2, 'theoretical_insight': 1, 'implementation_mechanism': 1}"
5360,7,de:9 & im:19 & pr:6 & pr:9 & th:12 & va:10,"{'problem_analysis': 2, 'theoretical_insight': 1, 'design_rationale': 1}"
5361,7,de:20 & im:19 & pr:11 & pr:4 & pr:9 & th:2 & va:9,"{'problem_analysis': 3, 'theoretical_insight': 1, 'design_rationale': 1}"
5362,7,de:8 & im:13 & pr:19 & pr:9 & th:30 & th:6 & va:1,"{'theoretical_insight': 2, 'problem_analysis': 2, 'validation_evidence': 1}"
5363,7,de:6 & im:7 & pr:19 & pr:8 & pr:9 & th:34 & va:12,"{'problem_analysis': 3, 'validation_evidence': 1, 'design_rationale': 1}"
5364,7,de:7 & im:19 & pr:4 & pr:5 & pr:9 & th:12 & va:30,"{'problem_analysis': 3, 'theoretical_insight': 1, 'validation_evidence': 1}"
5365,7,de:38 & de:6 & im:10 & im:3 & pr:31 & pr:32 & pr:4 & pr:9 & va:0 & va:23,"{'problem_analysis': 4, 'design_rationale': 2, 'validation_evidence': 2}"
5366,7,de:1 & im:9 & pr:13 & pr:36 & pr:6 & th:6 & va:4,"{'problem_analysis': 3, 'implementation_mechanism': 1, 'design_rationale': 1}"
5367,7,de:11 & im:1 & pr:18 & pr:27 & th:2 & va:37,"{'problem_analysis': 2, 'theoretical_insight': 1, 'validation_evidence': 1}"
5368,7,de:11 & im:1 & pr:18 & pr:27 & th:2 & va:17,"{'problem_analysis': 2, 'theoretical_insight': 1, 'validation_evidence': 1}"
5369,7,de:1 & im:9 & pr:13 & pr:27 & pr:36 & th:6 & va:4,"{'problem_analysis': 3, 'implementation_mechanism': 1, 'design_rationale': 1}"
5370,7,de:37 & im:1 & pr:12 & pr:37 & th:6 & va:39,"{'problem_analysis': 2, 'validation_evidence': 1, 'implementation_mechanism': 1}"
5371,7,de:15 & im:4 & pr:12 & pr:37 & pr:6 & th:11 & va:9,"{'problem_analysis': 3, 'implementation_mechanism': 1, 'theoretical_insight': 1}"
5372,7,de:15 & im:4 & pr:12 & pr:20 & pr:37 & pr:6 & th:11 & th:30 & th:6 & va:9,"{'problem_analysis': 4, 'theoretical_insight': 3, 'implementation_mechanism': 1}"
5373,7,pr:11 & pr:9 & th:12 & th:14 & va:9,"{'problem_analysis': 2, 'theoretical_insight': 2, 'validation_evidence': 1}"
5374,7,de:3 & de:37 & im:1 & pr:19 & pr:38 & pr:39 & th:12 & th:36 & th:6 & va:1,"{'theoretical_insight': 3, 'problem_analysis': 3, 'design_rationale': 2}"
5375,7,de:15 & de:3 & im:4 & pr:38 & pr:39 & pr:6 & th:11 & th:12 & th:36 & va:32,"{'problem_analysis': 3, 'theoretical_insight': 3, 'design_rationale': 2}"
5376,7,de:6 & im:10 & pr:12 & pr:35 & pr:4 & pr:8 & th:1 & va:12,"{'problem_analysis': 4, 'validation_evidence': 1, 'design_rationale': 1}"
5377,7,im:28 & pr:12 & pr:13 & va:3,"{'problem_analysis': 2, 'implementation_mechanism': 1, 'validation_evidence': 1}"
5378,7,de:38 & im:9 & pr:13 & pr:23 & th:4 & va:28,"{'problem_analysis': 2, 'implementation_mechanism': 1, 'validation_evidence': 1}"
5379,7,de:16 & de:20 & pr:11 & pr:12 & pr:13 & th:12 & th:2 & va:30,"{'problem_analysis': 3, 'theoretical_insight': 2, 'design_rationale': 2}"
5380,7,de:15 & im:4 & pr:18 & pr:33 & pr:6 & th:11 & va:9,"{'problem_analysis': 3, 'implementation_mechanism': 1, 'theoretical_insight': 1}"
5381,7,de:15 & de:22 & im:31 & im:4 & pr:13 & pr:30 & pr:6 & th:11 & th:4 & va:15 & va:32 & va:7,"{'problem_analysis': 3, 'validation_evidence': 3, 'design_rationale': 2}"
5382,7,de:15 & de:22 & im:31 & im:4 & pr:13 & pr:30 & pr:5 & pr:6 & th:11 & th:4 & va:15 & va:32 & va:7,"{'problem_analysis': 4, 'validation_evidence': 3, 'design_rationale': 2}"
5383,7,de:15 & im:4 & pr:2 & pr:33 & pr:6 & th:11 & va:9,"{'problem_analysis': 3, 'implementation_mechanism': 1, 'theoretical_insight': 1}"
5384,7,de:9 & im:4 & pr:2 & pr:33 & pr:6 & th:12 & va:9,"{'problem_analysis': 3, 'theoretical_insight': 1, 'design_rationale': 1}"
5385,7,de:22 & im:31 & pr:16 & pr:3 & th:4 & va:7,"{'problem_analysis': 2, 'design_rationale': 1, 'validation_evidence': 1}"
5386,7,de:8 & im:39 & pr:10 & pr:16 & th:28 & va:1,"{'problem_analysis': 2, 'validation_evidence': 1, 'design_rationale': 1}"
5387,7,de:37 & im:28 & pr:16 & pr:7 & th:6 & va:1,"{'problem_analysis': 2, 'validation_evidence': 1, 'implementation_mechanism': 1}"
5388,7,pr:31 & pr:37 & va:37,"{'problem_analysis': 2, 'validation_evidence': 1}"
5389,7,de:5 & im:28 & pr:31 & pr:7 & th:6 & va:1,"{'problem_analysis': 2, 'validation_evidence': 1, 'implementation_mechanism': 1}"
5390,7,de:37 & im:28 & pr:19 & pr:31 & th:29 & va:1,"{'problem_analysis': 2, 'validation_evidence': 1, 'theoretical_insight': 1}"
5391,7,de:38 & im:9 & pr:23 & pr:31 & th:4 & va:28,"{'problem_analysis': 2, 'implementation_mechanism': 1, 'validation_evidence': 1}"
5392,7,de:0 & im:3 & pr:19 & pr:31 & th:7 & va:23,"{'problem_analysis': 2, 'theoretical_insight': 1, 'validation_evidence': 1}"
5393,7,de:10 & im:3 & pr:15 & pr:31 & pr:32 & th:33 & va:33,"{'problem_analysis': 3, 'design_rationale': 1, 'validation_evidence': 1}"
5394,7,de:20 & im:19 & pr:17 & pr:31 & pr:4 & th:1 & va:9,"{'problem_analysis': 3, 'theoretical_insight': 1, 'design_rationale': 1}"
5395,7,de:9 & im:7 & pr:31 & pr:4 & th:12 & va:9,"{'problem_analysis': 2, 'theoretical_insight': 1, 'design_rationale': 1}"
5396,7,de:11 & im:1 & pr:19 & pr:31 & th:37 & va:20,"{'problem_analysis': 2, 'design_rationale': 1, 'theoretical_insight': 1}"
5397,7,de:28 & im:7 & pr:31 & pr:4 & pr:5 & th:1 & va:28,"{'problem_analysis': 3, 'design_rationale': 1, 'theoretical_insight': 1}"
5398,7,de:29 & im:29 & pr:19 & pr:2 & pr:31 & th:29 & va:8,"{'problem_analysis': 3, 'theoretical_insight': 1, 'validation_evidence': 1}"
5399,7,de:18 & im:0 & pr:16 & pr:19 & pr:7 & th:7 & va:35,"{'problem_analysis': 3, 'design_rationale': 1, 'theoretical_insight': 1}"
5400,7,de:16 & im:1 & pr:12 & pr:19 & pr:7 & th:31 & va:39,"{'problem_analysis': 3, 'design_rationale': 1, 'validation_evidence': 1}"
5401,7,de:15 & im:4 & pr:6 & pr:7 & pr:9 & th:11 & th:14 & va:9,"{'problem_analysis': 3, 'theoretical_insight': 2, 'implementation_mechanism': 1}"
5402,7,de:14 & im:25 & pr:7 & pr:9 & th:14 & th:26 & va:20,"{'problem_analysis': 2, 'theoretical_insight': 2, 'implementation_mechanism': 1}"
5403,7,de:23 & im:27 & pr:22 & pr:7 & pr:9 & th:14 & th:18 & va:22,"{'problem_analysis': 3, 'theoretical_insight': 2, 'design_rationale': 1}"
5404,7,de:18 & im:0 & pr:19 & pr:7 & pr:9 & th:14 & th:7 & va:35,"{'problem_analysis': 3, 'theoretical_insight': 2, 'design_rationale': 1}"
5405,7,de:15 & pr:26 & pr:6 & th:11 & va:32,"{'problem_analysis': 2, 'design_rationale': 1, 'theoretical_insight': 1}"
5406,7,de:15 & im:4 & pr:26 & pr:6 & th:11,"{'problem_analysis': 2, 'implementation_mechanism': 1, 'theoretical_insight': 1}"
5407,7,de:8 & im:1 & pr:16 & th:28 & va:37,"{'problem_analysis': 1, 'validation_evidence': 1, 'design_rationale': 1}"
5408,7,de:15 & de:16 & im:4 & pr:12 & pr:4 & pr:6 & th:11 & th:2 & va:9,"{'problem_analysis': 3, 'theoretical_insight': 2, 'design_rationale': 2}"
5409,7,de:16 & de:3 & im:16 & pr:12 & pr:39 & pr:4 & th:2 & th:36 & va:26,"{'problem_analysis': 3, 'theoretical_insight': 2, 'design_rationale': 2}"
5410,7,de:32 & im:24 & pr:12 & pr:29 & th:24 & va:36,"{'problem_analysis': 2, 'implementation_mechanism': 1, 'design_rationale': 1}"
5411,7,de:8 & im:13 & pr:12 & pr:19 & th:30 & th:6 & va:1,"{'theoretical_insight': 2, 'problem_analysis': 2, 'validation_evidence': 1}"
5412,7,de:6 & im:10 & pr:12 & pr:35 & pr:5 & pr:8 & th:1 & va:12,"{'problem_analysis': 4, 'validation_evidence': 1, 'design_rationale': 1}"
5413,7,de:15 & de:25 & im:34 & im:4 & pr:32 & pr:6 & th:11 & th:21 & th:33 & va:9,"{'theoretical_insight': 3, 'problem_analysis': 2, 'implementation_mechanism': 2}"
5414,7,de:25 & de:3 & im:16 & im:34 & pr:32 & pr:39 & th:21 & th:33 & th:36 & va:26,"{'theoretical_insight': 3, 'implementation_mechanism': 2, 'design_rationale': 2}"
5415,7,de:22 & im:36 & pr:12 & pr:13 & pr:22 & th:4 & va:0,"{'problem_analysis': 3, 'design_rationale': 1, 'implementation_mechanism': 1}"
5416,7,de:6 & im:7 & pr:12 & pr:22 & pr:8 & th:34 & va:0,"{'problem_analysis': 3, 'design_rationale': 1, 'theoretical_insight': 1}"
5417,7,de:15 & pr:12 & pr:6,"{'problem_analysis': 2, 'design_rationale': 1}"
5418,7,de:9 & im:35 & pr:12 & pr:6 & th:12 & va:2,"{'problem_analysis': 2, 'theoretical_insight': 1, 'design_rationale': 1}"
5419,7,de:25 & im:34 & pr:12 & pr:32 & th:21 & va:17,"{'problem_analysis': 2, 'design_rationale': 1, 'validation_evidence': 1}"
5420,7,de:25 & im:34 & pr:12 & pr:32 & th:21 & va:33,"{'problem_analysis': 2, 'design_rationale': 1, 'validation_evidence': 1}"
5421,7,de:14 & im:25 & pr:19 & pr:7 & pr:9 & th:26 & va:19 & va:20,"{'problem_analysis': 3, 'validation_evidence': 2, 'implementation_mechanism': 1}"
5422,7,de:37 & im:1 & pr:33 & th:37 & va:1,"{'validation_evidence': 1, 'problem_analysis': 1, 'theoretical_insight': 1}"
5423,7,de:15 & de:37 & im:1 & im:4 & pr:12 & pr:33 & pr:6 & th:11 & th:37 & th:6 & va:9,"{'problem_analysis': 3, 'theoretical_insight': 3, 'implementation_mechanism': 2}"
5424,7,de:15 & de:37 & im:1 & im:4 & pr:12 & pr:33 & pr:6 & th:11 & th:37 & th:6 & va:32,"{'problem_analysis': 3, 'theoretical_insight': 3, 'implementation_mechanism': 2}"
5425,7,de:33 & im:5 & pr:16 & pr:31 & th:26 & va:20,"{'problem_analysis': 2, 'design_rationale': 1, 'implementation_mechanism': 1}"
5426,7,de:18 & im:8 & pr:16 & pr:31 & th:7 & va:20,"{'problem_analysis': 2, 'implementation_mechanism': 1, 'design_rationale': 1}"
5427,7,de:20 & im:19 & pr:11 & pr:12 & pr:7 & pr:9 & th:12 & va:9,"{'problem_analysis': 4, 'theoretical_insight': 1, 'design_rationale': 1}"
5428,7,de:11 & im:22 & pr:12 & pr:31 & pr:7 & pr:9 & th:2 & va:17,"{'problem_analysis': 4, 'theoretical_insight': 1, 'implementation_mechanism': 1}"
5429,7,de:37 & im:3 & pr:12 & pr:19 & pr:7 & pr:9 & th:6 & va:1,"{'problem_analysis': 4, 'validation_evidence': 1, 'design_rationale': 1}"
5430,7,de:22 & im:31 & pr:3 & th:4 & va:11,"{'design_rationale': 1, 'implementation_mechanism': 1, 'problem_analysis': 1}"
5431,7,de:37 & im:39 & pr:19 & th:28 & va:0,"{'validation_evidence': 1, 'problem_analysis': 1, 'design_rationale': 1}"
5432,7,de:30 & im:8 & pr:1 & th:7 & va:6,"{'implementation_mechanism': 1, 'design_rationale': 1, 'theoretical_insight': 1}"
5433,7,de:15 & im:4 & pr:13 & pr:3 & pr:6 & pr:8 & th:11 & th:15 & va:9,"{'problem_analysis': 4, 'theoretical_insight': 2, 'implementation_mechanism': 1}"
5434,7,pr:12 & pr:19 & pr:31,{'problem_analysis': 3}
5435,7,de:15 & de:20 & de:28 & im:19 & im:4 & pr:12 & pr:24 & pr:6 & th:11 & va:30 & va:9,"{'problem_analysis': 3, 'design_rationale': 3, 'implementation_mechanism': 2}"
5436,7,de:16 & de:20 & de:28 & im:19 & pr:11 & pr:12 & pr:24 & th:12 & th:2 & va:30,"{'problem_analysis': 3, 'design_rationale': 3, 'theoretical_insight': 2}"
5437,7,de:15 & de:20 & de:28 & im:19 & im:4 & pr:12 & pr:24 & pr:4 & pr:6 & th:11 & va:30 & va:9,"{'problem_analysis': 4, 'design_rationale': 3, 'implementation_mechanism': 2}"
5438,7,de:20 & de:25 & de:28 & im:19 & im:34 & pr:12 & pr:24 & pr:32 & pr:4 & th:21 & va:30,"{'problem_analysis': 4, 'design_rationale': 3, 'implementation_mechanism': 2}"
5439,7,de:15 & de:16 & de:37 & im:1 & im:4 & pr:18 & pr:25 & pr:6 & th:0 & th:11 & th:6 & va:32,"{'design_rationale': 3, 'problem_analysis': 3, 'theoretical_insight': 3}"
5440,7,de:18 & im:10 & pr:19 & pr:9 & th:37 & va:20,"{'problem_analysis': 2, 'design_rationale': 1, 'implementation_mechanism': 1}"
5441,7,de:15 & im:4 & pr:10 & pr:19 & pr:6 & th:11 & th:6 & va:9,"{'problem_analysis': 3, 'theoretical_insight': 2, 'implementation_mechanism': 1}"
5442,7,de:37 & im:1 & pr:10 & pr:18 & pr:19 & th:6 & va:17,"{'problem_analysis': 3, 'validation_evidence': 1, 'implementation_mechanism': 1}"
5443,7,de:3 & im:16 & pr:10 & pr:19 & pr:39 & th:36 & th:6 & va:26,"{'problem_analysis': 3, 'theoretical_insight': 2, 'implementation_mechanism': 1}"
5444,7,de:37 & im:1 & pr:11 & pr:12 & pr:18 & th:6 & va:17,"{'problem_analysis': 3, 'validation_evidence': 1, 'implementation_mechanism': 1}"
5445,7,de:15 & im:4 & pr:2 & pr:39 & pr:6 & th:11 & va:9,"{'problem_analysis': 3, 'implementation_mechanism': 1, 'theoretical_insight': 1}"
5446,7,de:3 & im:16 & pr:2 & pr:31 & pr:33 & pr:39 & th:36 & va:26,"{'problem_analysis': 4, 'implementation_mechanism': 1, 'validation_evidence': 1}"
5447,7,de:3 & im:0 & pr:2 & pr:31 & pr:33 & pr:39 & th:36 & va:26,"{'problem_analysis': 4, 'implementation_mechanism': 1, 'validation_evidence': 1}"
5448,7,de:16 & im:4 & pr:4 & pr:6 & th:4 & va:10,"{'problem_analysis': 2, 'design_rationale': 1, 'implementation_mechanism': 1}"
5449,7,de:8 & im:0 & pr:12 & pr:19 & pr:4 & va:1,"{'problem_analysis': 3, 'validation_evidence': 1, 'design_rationale': 1}"
5450,7,de:14 & im:25 & pr:4 & pr:9 & th:26 & va:20,"{'problem_analysis': 2, 'implementation_mechanism': 1, 'validation_evidence': 1}"
5451,7,de:15 & de:18 & de:29 & im:10 & im:4 & pr:19 & pr:5 & pr:6 & th:11 & th:37 & va:32,"{'problem_analysis': 3, 'design_rationale': 3, 'implementation_mechanism': 2}"
5452,7,im:31 & pr:12 & pr:13 & th:4 & va:0,"{'problem_analysis': 2, 'validation_evidence': 1, 'implementation_mechanism': 1}"
5453,7,im:31 & pr:12 & pr:13 & th:4 & va:7,"{'problem_analysis': 2, 'validation_evidence': 1, 'implementation_mechanism': 1}"
5454,7,de:22 & im:31 & pr:12 & pr:13 & th:4 & va:7,"{'problem_analysis': 2, 'design_rationale': 1, 'validation_evidence': 1}"
5455,7,de:11 & im:10 & im:31 & pr:12 & pr:13 & pr:23 & th:25 & th:4 & va:1 & va:20,"{'problem_analysis': 3, 'validation_evidence': 2, 'theoretical_insight': 2}"
5456,7,de:13 & pr:24 & th:1,"{'problem_analysis': 1, 'theoretical_insight': 1, 'design_rationale': 1}"
5457,7,de:23 & de:3 & im:16 & im:27 & pr:22 & pr:39 & th:18 & th:36 & va:26,"{'problem_analysis': 2, 'design_rationale': 2, 'implementation_mechanism': 2}"
5458,7,de:15 & pr:12 & pr:6 & th:1,"{'problem_analysis': 2, 'theoretical_insight': 1, 'design_rationale': 1}"
5459,7,de:14 & im:25 & pr:12 & pr:14 & th:26,"{'problem_analysis': 2, 'implementation_mechanism': 1, 'theoretical_insight': 1}"
5460,7,de:20 & im:7 & pr:12 & pr:6 & th:12 & va:0,"{'problem_analysis': 2, 'theoretical_insight': 1, 'validation_evidence': 1}"
5461,7,de:20 & im:4 & pr:11 & pr:12 & th:12,"{'problem_analysis': 2, 'theoretical_insight': 1, 'implementation_mechanism': 1}"
5462,7,de:15 & im:19 & pr:12 & pr:6 & th:12 & va:10,"{'problem_analysis': 2, 'theoretical_insight': 1, 'implementation_mechanism': 1}"
5463,7,de:3 & im:12 & pr:10 & pr:12 & th:7 & va:0,"{'problem_analysis': 2, 'validation_evidence': 1, 'theoretical_insight': 1}"
5464,7,de:9 & im:4 & pr:12 & pr:6 & th:11 & va:9,"{'problem_analysis': 2, 'design_rationale': 1, 'implementation_mechanism': 1}"
5465,7,pr:12 & pr:2 & pr:33 & th:36 & va:7,"{'problem_analysis': 3, 'validation_evidence': 1, 'theoretical_insight': 1}"
5466,7,de:3 & im:10 & pr:0 & pr:12 & th:39 & va:0,"{'problem_analysis': 2, 'validation_evidence': 1, 'implementation_mechanism': 1}"
5467,7,de:4 & im:7 & pr:12 & pr:6 & th:12 & va:30,"{'problem_analysis': 2, 'theoretical_insight': 1, 'validation_evidence': 1}"
5468,7,de:29 & im:10 & pr:12 & pr:19 & th:5 & va:1,"{'problem_analysis': 2, 'validation_evidence': 1, 'theoretical_insight': 1}"
5469,7,de:14 & im:20 & pr:12 & pr:19 & pr:9 & th:14 & th:26 & va:19,"{'problem_analysis': 3, 'theoretical_insight': 2, 'validation_evidence': 1}"
5470,7,de:37 & im:1 & pr:12 & pr:22 & th:6 & va:1,"{'problem_analysis': 2, 'validation_evidence': 1, 'implementation_mechanism': 1}"
5471,7,de:14 & im:25 & pr:22 & pr:7 & th:26 & va:20,"{'problem_analysis': 2, 'implementation_mechanism': 1, 'validation_evidence': 1}"
5472,7,de:15 & de:22 & im:31 & im:4 & pr:13 & pr:6 & th:11 & th:32 & th:4 & va:24 & va:9,"{'theoretical_insight': 3, 'problem_analysis': 2, 'design_rationale': 2}"
5473,7,de:22 & de:3 & im:16 & im:31 & pr:13 & pr:39 & th:32 & th:36 & th:4 & va:24 & va:26,"{'theoretical_insight': 3, 'problem_analysis': 2, 'design_rationale': 2}"
5474,7,de:6 & im:10 & pr:35 & pr:8 & th:1 & va:12,"{'problem_analysis': 2, 'validation_evidence': 1, 'design_rationale': 1}"
5475,7,de:15 & de:17 & im:4 & pr:4 & pr:6 & th:11 & th:12 & th:4 & va:9,"{'theoretical_insight': 3, 'design_rationale': 2, 'problem_analysis': 2}"
5476,7,de:17 & de:3 & im:16 & pr:39 & pr:4 & th:12 & th:36 & th:4 & va:26,"{'theoretical_insight': 3, 'design_rationale': 2, 'problem_analysis': 2}"
5477,7,de:25 & im:34 & pr:11 & pr:4 & th:21,"{'problem_analysis': 2, 'design_rationale': 1, 'implementation_mechanism': 1}"
5478,7,de:15 & im:4 & pr:11 & pr:22 & th:12 & va:30,"{'problem_analysis': 2, 'theoretical_insight': 1, 'implementation_mechanism': 1}"
5479,7,de:20 & im:19 & pr:17 & pr:27 & pr:4 & th:1 & va:9,"{'problem_analysis': 3, 'theoretical_insight': 1, 'design_rationale': 1}"
5480,7,de:9 & im:7 & pr:27 & pr:4 & th:12 & va:9,"{'problem_analysis': 2, 'theoretical_insight': 1, 'design_rationale': 1}"
5481,7,de:28 & im:7 & pr:27 & pr:4 & pr:5 & th:1 & va:28,"{'problem_analysis': 3, 'design_rationale': 1, 'theoretical_insight': 1}"
5482,7,de:15 & im:4 & pr:21 & pr:6 & pr:9 & th:11 & th:14 & th:31 & va:32,"{'problem_analysis': 3, 'theoretical_insight': 3, 'implementation_mechanism': 1}"
5483,7,de:15 & im:4 & pr:21 & pr:6 & pr:9 & th:11 & th:14 & th:31 & va:9,"{'problem_analysis': 3, 'theoretical_insight': 3, 'implementation_mechanism': 1}"
5484,7,de:11 & de:15 & de:5 & im:28 & im:4 & pr:12 & pr:23 & pr:6 & th:11 & th:25 & va:9,"{'problem_analysis': 3, 'design_rationale': 3, 'theoretical_insight': 2}"
5485,7,de:28 & im:7 & pr:11 & pr:19 & th:1 & va:28,"{'problem_analysis': 2, 'design_rationale': 1, 'theoretical_insight': 1}"
5486,7,de:14 & im:20 & pr:11 & pr:9 & th:29 & va:19,"{'problem_analysis': 2, 'validation_evidence': 1, 'theoretical_insight': 1}"
5487,7,de:11 & im:1 & pr:11 & pr:19 & th:37 & va:20,"{'problem_analysis': 2, 'design_rationale': 1, 'theoretical_insight': 1}"
5488,7,de:29 & im:29 & pr:11 & pr:19 & pr:2 & th:29 & va:8,"{'problem_analysis': 3, 'theoretical_insight': 1, 'validation_evidence': 1}"
5489,7,pr:23 & pr:31 & pr:9 & va:23,"{'problem_analysis': 3, 'validation_evidence': 1}"
5490,7,de:13 & im:1 & pr:12 & th:0 & va:15,"{'design_rationale': 1, 'problem_analysis': 1, 'validation_evidence': 1}"
5491,7,de:8 & im:3 & pr:12 & pr:16 & th:13 & va:1,"{'problem_analysis': 2, 'theoretical_insight': 1, 'validation_evidence': 1}"
5492,7,de:25 & im:34 & pr:32 & pr:6 & th:33 & va:33,"{'problem_analysis': 2, 'design_rationale': 1, 'validation_evidence': 1}"
5493,7,de:13 & de:15 & im:1 & im:4 & pr:19 & pr:37 & pr:6 & th:0 & th:11 & va:32,"{'problem_analysis': 3, 'design_rationale': 2, 'implementation_mechanism': 2}"
5494,7,de:37 & im:1 & pr:32 & th:6 & va:17,"{'problem_analysis': 1, 'validation_evidence': 1, 'implementation_mechanism': 1}"
5495,7,de:15 & de:37 & im:1 & im:4 & pr:12 & pr:32 & pr:6 & th:11 & th:6 & va:9,"{'problem_analysis': 3, 'implementation_mechanism': 2, 'theoretical_insight': 2}"
5496,7,de:15 & de:25 & im:34 & im:4 & pr:32 & pr:4 & pr:6 & th:11 & th:21 & th:33 & va:9,"{'problem_analysis': 3, 'theoretical_insight': 3, 'implementation_mechanism': 2}"
5497,7,de:25 & de:3 & im:16 & im:34 & pr:32 & pr:39 & pr:4 & th:21 & th:33 & th:36 & va:26,"{'problem_analysis': 3, 'theoretical_insight': 3, 'implementation_mechanism': 2}"
5498,7,de:15 & im:4 & pr:11 & pr:32 & pr:6 & th:11 & th:12 & va:9,"{'problem_analysis': 3, 'theoretical_insight': 2, 'implementation_mechanism': 1}"
5499,7,de:15 & im:4 & pr:27 & pr:32 & pr:5 & pr:6 & th:11 & th:12 & va:9,"{'problem_analysis': 4, 'theoretical_insight': 2, 'implementation_mechanism': 1}"
5500,7,de:13 & de:15 & im:1 & im:4 & pr:18 & pr:19 & pr:6 & th:0 & th:11 & th:2 & va:15 & va:9,"{'theoretical_insight': 3, 'problem_analysis': 3, 'design_rationale': 2}"
5501,7,de:15 & im:4 & pr:12 & pr:31 & pr:6 & th:11 & va:9,"{'problem_analysis': 3, 'implementation_mechanism': 1, 'theoretical_insight': 1}"
5502,7,de:3 & im:16 & pr:12 & pr:31 & pr:39 & th:36 & va:26,"{'problem_analysis': 3, 'implementation_mechanism': 1, 'validation_evidence': 1}"
5503,7,de:15 & de:25 & im:34 & im:4 & pr:27 & pr:32 & pr:6 & th:11 & th:21 & va:9,"{'problem_analysis': 3, 'implementation_mechanism': 2, 'design_rationale': 2}"
5504,7,de:25 & de:3 & im:16 & im:34 & pr:27 & pr:32 & pr:39 & th:21 & th:36 & va:26,"{'problem_analysis': 3, 'implementation_mechanism': 2, 'design_rationale': 2}"
5505,7,de:15 & de:16 & im:38 & im:4 & pr:11 & pr:12 & pr:6 & th:11 & th:12 & th:2 & va:2 & va:9,"{'theoretical_insight': 3, 'problem_analysis': 3, 'implementation_mechanism': 2}"
5506,7,de:15 & de:16 & im:38 & im:4 & pr:12 & pr:22 & pr:6 & th:11 & th:12 & th:29 & va:9,"{'problem_analysis': 3, 'theoretical_insight': 3, 'implementation_mechanism': 2}"
5507,7,de:15 & de:28 & im:4 & pr:12 & pr:4 & pr:6 & th:11 & va:9,"{'problem_analysis': 3, 'design_rationale': 2, 'implementation_mechanism': 1}"
5508,7,de:15 & de:28 & im:4 & pr:12 & pr:24 & pr:6 & th:11 & va:9,"{'problem_analysis': 3, 'design_rationale': 2, 'implementation_mechanism': 1}"
5509,7,de:15 & de:25 & im:34 & im:4 & pr:32 & pr:4 & pr:6 & th:11 & th:21 & va:9,"{'problem_analysis': 3, 'implementation_mechanism': 2, 'design_rationale': 2}"
5510,7,de:25 & de:3 & im:16 & im:34 & pr:32 & pr:39 & pr:4 & th:21 & th:36 & va:26,"{'problem_analysis': 3, 'implementation_mechanism': 2, 'design_rationale': 2}"
5511,7,de:15 & de:20 & im:4 & pr:27 & pr:6 & th:11 & th:12 & va:9,"{'problem_analysis': 2, 'theoretical_insight': 2, 'design_rationale': 2}"
5512,7,de:20 & de:3 & im:16 & im:4 & pr:27 & pr:39 & th:12 & th:36 & va:26,"{'theoretical_insight': 2, 'implementation_mechanism': 2, 'design_rationale': 2}"
5513,7,de:15 & im:4 & pr:25 & pr:6 & th:11 & va:9,"{'problem_analysis': 2, 'implementation_mechanism': 1, 'theoretical_insight': 1}"
5514,7,de:3 & im:16 & pr:25 & pr:39 & th:36 & va:26,"{'problem_analysis': 2, 'implementation_mechanism': 1, 'validation_evidence': 1}"
5515,7,de:15 & im:4 & pr:11 & pr:31 & pr:5 & pr:6 & th:11 & va:9,"{'problem_analysis': 4, 'implementation_mechanism': 1, 'theoretical_insight': 1}"
5516,7,de:3 & im:16 & pr:11 & pr:31 & pr:39 & pr:5 & th:36 & va:26,"{'problem_analysis': 4, 'implementation_mechanism': 1, 'validation_evidence': 1}"
5517,7,de:15 & de:5 & im:4 & pr:12 & pr:19 & pr:6 & pr:9 & th:11 & th:29 & va:9,"{'problem_analysis': 4, 'theoretical_insight': 2, 'design_rationale': 2}"
5518,7,de:15 & de:32 & im:0 & im:4 & pr:19 & pr:6 & th:11 & th:7 & va:9,"{'problem_analysis': 2, 'design_rationale': 2, 'implementation_mechanism': 2}"
5519,7,de:15 & im:4 & pr:6 & pr:7 & pr:8 & th:11 & th:37 & va:9,"{'problem_analysis': 3, 'theoretical_insight': 2, 'implementation_mechanism': 1}"
5520,7,de:37 & im:1 & pr:19 & pr:7 & pr:8 & th:37 & th:6 & va:1,"{'problem_analysis': 3, 'theoretical_insight': 2, 'validation_evidence': 1}"
5521,7,de:15 & im:4 & pr:17 & pr:6 & th:11 & va:32,"{'problem_analysis': 2, 'design_rationale': 1, 'implementation_mechanism': 1}"
5522,7,de:15 & im:4 & pr:38 & pr:6 & th:11 & va:9,"{'problem_analysis': 2, 'design_rationale': 1, 'implementation_mechanism': 1}"
5523,7,de:15 & de:24 & im:13 & im:4 & pr:13 & pr:33 & pr:6 & th:11 & th:4 & va:15 & va:9,"{'problem_analysis': 3, 'implementation_mechanism': 2, 'theoretical_insight': 2}"
5524,7,de:24 & de:3 & im:13 & im:16 & pr:13 & pr:33 & pr:39 & th:36 & th:4 & va:15 & va:26,"{'problem_analysis': 3, 'implementation_mechanism': 2, 'validation_evidence': 2}"
5525,7,de:15 & de:22 & im:4 & pr:15 & pr:31 & pr:6 & th:10 & th:11 & th:2 & va:9,"{'theoretical_insight': 3, 'problem_analysis': 3, 'design_rationale': 2}"
5526,7,de:37 & im:1 & pr:11 & pr:19 & pr:3 & th:6 & va:1,"{'problem_analysis': 3, 'validation_evidence': 1, 'implementation_mechanism': 1}"
5527,7,de:3 & im:16 & pr:11 & pr:3 & pr:39 & th:36 & va:26,"{'problem_analysis': 3, 'implementation_mechanism': 1, 'validation_evidence': 1}"
5528,7,de:11 & de:13 & de:15 & im:1 & im:4 & pr:12 & pr:6 & pr:7 & th:11 & th:14 & th:37 & va:9,"{'design_rationale': 3, 'problem_analysis': 3, 'theoretical_insight': 3}"
5529,7,de:15 & de:32 & de:37 & im:0 & im:4 & pr:1 & pr:19 & pr:25 & pr:6 & th:11 & th:6 & th:7 & va:39 & va:9,"{'problem_analysis': 4, 'design_rationale': 3, 'theoretical_insight': 3}"
5530,7,de:20 & im:19 & pr:11 & pr:12 & th:2,"{'problem_analysis': 2, 'theoretical_insight': 1, 'design_rationale': 1}"
5531,7,de:15 & de:20 & im:19 & im:4 & pr:11 & pr:12 & pr:6 & th:11 & th:2 & va:9,"{'problem_analysis': 3, 'theoretical_insight': 2, 'implementation_mechanism': 2}"
5532,7,de:15 & de:6 & im:3 & im:4 & pr:31 & pr:32 & pr:4 & pr:6 & th:11 & va:23 & va:9,"{'problem_analysis': 4, 'design_rationale': 2, 'implementation_mechanism': 2}"
5533,7,de:15 & de:6 & im:3 & im:4 & pr:31 & pr:32 & pr:4 & pr:6 & th:11 & va:23 & va:32,"{'problem_analysis': 4, 'design_rationale': 2, 'implementation_mechanism': 2}"
5534,7,de:15 & im:4 & pr:0 & pr:39 & pr:6 & th:11 & th:36 & va:9,"{'problem_analysis': 3, 'theoretical_insight': 2, 'implementation_mechanism': 1}"
5535,7,de:15 & im:4 & pr:10 & pr:18 & pr:6 & th:11 & th:6 & va:32,"{'problem_analysis': 3, 'theoretical_insight': 2, 'implementation_mechanism': 1}"
5536,7,de:15 & im:4 & pr:10 & pr:18 & pr:6 & th:11 & th:6 & va:9,"{'problem_analysis': 3, 'theoretical_insight': 2, 'implementation_mechanism': 1}"
5537,7,de:15 & de:20 & de:9 & im:19 & im:4 & pr:11 & pr:6 & pr:8 & th:11 & th:2 & va:32 & va:9,"{'problem_analysis': 3, 'design_rationale': 3, 'theoretical_insight': 2}"
5538,7,de:15 & de:19 & de:24 & im:2 & im:4 & pr:13 & pr:2 & pr:6 & th:10 & th:11 & th:13 & va:9,"{'theoretical_insight': 3, 'problem_analysis': 3, 'design_rationale': 3}"
5539,7,de:15 & de:24 & im:2 & im:4 & pr:13 & pr:2 & pr:6 & th:11 & th:13 & th:32 & va:9,"{'theoretical_insight': 3, 'problem_analysis': 3, 'implementation_mechanism': 2}"
5540,7,de:15 & de:24 & de:27 & im:2 & im:4 & pr:13 & pr:2 & pr:6 & th:10 & th:11 & th:13 & va:9,"{'theoretical_insight': 3, 'design_rationale': 3, 'problem_analysis': 3}"
5541,7,de:15 & de:20 & im:4 & pr:27 & pr:6 & th:11 & th:12 & th:2 & va:9,"{'theoretical_insight': 3, 'problem_analysis': 2, 'design_rationale': 2}"
5542,7,de:15 & im:4 & pr:13 & pr:31 & pr:33 & pr:6 & th:11 & th:4 & va:9,"{'problem_analysis': 4, 'theoretical_insight': 2, 'implementation_mechanism': 1}"
5543,6,de:25 & im:34 & pr:4 & th:21 & va:33,"{'design_rationale': 1, 'validation_evidence': 1, 'implementation_mechanism': 1}"
5544,6,pr:32 & pr:33,{'problem_analysis': 2}
5545,6,pr:23 & pr:32,{'problem_analysis': 2}
5546,6,de:16 & im:4 & pr:32,"{'implementation_mechanism': 1, 'problem_analysis': 1, 'design_rationale': 1}"
5547,6,pr:12 & pr:32,{'problem_analysis': 2}
5548,6,de:15 & pr:32 & pr:6 & th:1,"{'problem_analysis': 2, 'theoretical_insight': 1, 'design_rationale': 1}"
5549,6,de:15 & im:4 & pr:31 & pr:32,"{'problem_analysis': 2, 'implementation_mechanism': 1, 'design_rationale': 1}"
5550,6,im:4 & pr:31 & pr:32 & th:9 & va:10,"{'problem_analysis': 2, 'implementation_mechanism': 1, 'validation_evidence': 1}"
5551,6,de:16 & pr:12 & pr:32 & th:2 & va:2,"{'problem_analysis': 2, 'theoretical_insight': 1, 'design_rationale': 1}"
5552,6,de:37 & im:28 & pr:32 & pr:7 & th:2 & va:1,"{'problem_analysis': 2, 'theoretical_insight': 1, 'validation_evidence': 1}"
5553,6,de:20 & im:7 & pr:32 & pr:6 & th:12 & va:0,"{'problem_analysis': 2, 'theoretical_insight': 1, 'validation_evidence': 1}"
5554,6,de:3 & im:16 & pr:23 & pr:32 & th:36 & va:0,"{'problem_analysis': 2, 'implementation_mechanism': 1, 'validation_evidence': 1}"
5555,6,de:29 & im:9 & pr:32 & pr:33 & th:9 & va:38,"{'problem_analysis': 2, 'implementation_mechanism': 1, 'validation_evidence': 1}"
5556,6,de:15 & im:4 & pr:31 & pr:32 & th:12 & va:10,"{'problem_analysis': 2, 'theoretical_insight': 1, 'implementation_mechanism': 1}"
5557,6,de:37 & im:1 & pr:12 & pr:32 & th:6 & va:15,"{'problem_analysis': 2, 'validation_evidence': 1, 'implementation_mechanism': 1}"
5558,6,de:15 & im:4 & pr:31 & pr:32 & th:9 & va:31,"{'problem_analysis': 2, 'design_rationale': 1, 'validation_evidence': 1}"
5559,6,de:29 & im:10 & pr:32 & pr:5 & th:8 & va:12,"{'problem_analysis': 2, 'validation_evidence': 1, 'implementation_mechanism': 1}"
5560,6,de:15 & im:19 & pr:32 & pr:6 & th:12 & va:10,"{'problem_analysis': 2, 'theoretical_insight': 1, 'implementation_mechanism': 1}"
5561,6,de:29 & im:10 & pr:14 & pr:32 & th:8 & va:20,"{'problem_analysis': 2, 'implementation_mechanism': 1, 'design_rationale': 1}"
5562,6,de:22 & im:31 & pr:13 & pr:32 & th:4 & va:7,"{'problem_analysis': 2, 'design_rationale': 1, 'validation_evidence': 1}"
5563,6,de:16 & im:1 & pr:32 & pr:9 & th:14 & va:37,"{'problem_analysis': 2, 'design_rationale': 1, 'validation_evidence': 1}"
5564,6,de:4 & im:7 & pr:32 & pr:6 & th:12 & va:30,"{'problem_analysis': 2, 'theoretical_insight': 1, 'validation_evidence': 1}"
5565,6,de:37 & im:1 & pr:12 & pr:20 & pr:32 & th:6 & va:1,"{'problem_analysis': 3, 'validation_evidence': 1, 'implementation_mechanism': 1}"
5566,6,de:37 & im:20 & pr:16 & pr:32 & th:8 & va:20,"{'problem_analysis': 2, 'theoretical_insight': 1, 'implementation_mechanism': 1}"
5567,6,de:16 & im:4 & pr:27 & pr:31 & pr:32 & th:12,"{'problem_analysis': 3, 'design_rationale': 1, 'theoretical_insight': 1}"
5568,6,de:20 & im:19 & pr:11 & pr:32 & pr:4 & th:2 & va:9,"{'problem_analysis': 3, 'theoretical_insight': 1, 'design_rationale': 1}"
5569,6,de:15 & im:10 & pr:32 & pr:6 & th:11 & va:10,"{'problem_analysis': 2, 'theoretical_insight': 1, 'implementation_mechanism': 1}"
5570,6,de:6 & im:7 & pr:19 & pr:32 & pr:8 & th:34 & va:12,"{'problem_analysis': 3, 'validation_evidence': 1, 'design_rationale': 1}"
5571,6,de:20 & im:19 & pr:11 & pr:32 & th:2 & va:9,"{'problem_analysis': 2, 'theoretical_insight': 1, 'design_rationale': 1}"
5572,6,de:37 & im:1 & pr:32 & pr:7 & th:37 & va:1,"{'problem_analysis': 2, 'validation_evidence': 1, 'theoretical_insight': 1}"
5573,6,de:37 & im:1 & pr:32 & pr:7 & th:37 & va:39,"{'problem_analysis': 2, 'validation_evidence': 1, 'theoretical_insight': 1}"
5574,6,de:15 & im:4 & pr:32 & pr:6 & th:2 & va:32,"{'problem_analysis': 2, 'theoretical_insight': 1, 'implementation_mechanism': 1}"
5575,6,de:37 & im:0 & pr:19 & pr:32 & pr:7 & th:6 & va:1,"{'problem_analysis': 3, 'validation_evidence': 1, 'design_rationale': 1}"
5576,6,de:17 & im:7 & pr:11 & pr:27 & pr:32 & th:12 & va:9,"{'problem_analysis': 3, 'design_rationale': 1, 'theoretical_insight': 1}"
5577,6,de:15 & im:7 & pr:32 & pr:6 & th:12 & va:10,"{'problem_analysis': 2, 'theoretical_insight': 1, 'validation_evidence': 1}"
5578,6,de:29 & im:7 & pr:19 & pr:32 & th:37 & va:12,"{'problem_analysis': 2, 'validation_evidence': 1, 'design_rationale': 1}"
5579,6,de:3 & im:8 & pr:32 & pr:39 & pr:7 & th:36 & va:0,"{'problem_analysis': 3, 'implementation_mechanism': 1, 'validation_evidence': 1}"
5580,6,de:11 & im:10 & pr:11 & pr:19 & pr:32 & th:2 & va:15,"{'problem_analysis': 3, 'theoretical_insight': 1, 'implementation_mechanism': 1}"
5581,6,de:22 & im:1 & pr:13 & pr:32 & pr:33 & th:10 & va:12,"{'problem_analysis': 3, 'validation_evidence': 1, 'design_rationale': 1}"
5582,6,de:4 & im:31 & pr:3 & pr:32 & pr:33 & th:30 & va:38,"{'problem_analysis': 3, 'theoretical_insight': 1, 'validation_evidence': 1}"
5583,6,de:7 & im:7 & pr:11 & pr:14 & pr:32 & pr:6 & th:12 & va:18,"{'problem_analysis': 4, 'theoretical_insight': 1, 'design_rationale': 1}"
5584,6,de:16 & im:38 & pr:32 & pr:6 & th:12 & th:26 & th:9 & va:2,"{'theoretical_insight': 3, 'problem_analysis': 2, 'implementation_mechanism': 1}"
5585,6,de:17 & im:20 & pr:11 & pr:12 & pr:23 & pr:32 & pr:39 & th:12 & va:17 & va:38,"{'problem_analysis': 5, 'validation_evidence': 2, 'design_rationale': 1}"
5586,6,de:18 & im:0 & pr:19 & pr:32 & pr:7 & th:7 & va:35,"{'problem_analysis': 3, 'design_rationale': 1, 'theoretical_insight': 1}"
5587,6,de:15 & im:4 & im:7 & pr:32 & pr:6 & th:12,"{'problem_analysis': 2, 'implementation_mechanism': 2, 'theoretical_insight': 1}"
5588,6,de:15 & im:4 & im:7 & pr:32 & pr:6 & th:11 & th:12 & va:10,"{'problem_analysis': 2, 'theoretical_insight': 2, 'implementation_mechanism': 2}"
5589,6,de:13 & im:1 & pr:19 & pr:9 & th:0 & va:15,"{'problem_analysis': 2, 'design_rationale': 1, 'validation_evidence': 1}"
5590,6,de:13 & im:1 & pr:7 & pr:9 & th:37 & va:39,"{'problem_analysis': 2, 'design_rationale': 1, 'validation_evidence': 1}"
5591,6,de:16 & im:4 & pr:6 & pr:9 & va:9,"{'problem_analysis': 2, 'design_rationale': 1, 'implementation_mechanism': 1}"
5592,6,de:29 & im:7 & pr:19 & pr:9 & th:37 & va:12,"{'problem_analysis': 2, 'validation_evidence': 1, 'design_rationale': 1}"
5593,6,de:16 & im:38 & pr:6 & pr:9 & th:12 & th:26 & th:9 & va:2,"{'theoretical_insight': 3, 'problem_analysis': 2, 'implementation_mechanism': 1}"
5594,6,de:15 & de:20 & im:19 & im:4 & pr:11 & pr:6 & pr:9 & th:11 & th:2 & va:10,"{'problem_analysis': 3, 'theoretical_insight': 2, 'implementation_mechanism': 2}"
5595,6,de:15 & im:4 & pr:23 & va:32,"{'problem_analysis': 1, 'design_rationale': 1, 'validation_evidence': 1}"
5596,6,de:3 & im:0 & pr:2 & pr:23 & pr:39 & th:36 & va:26,"{'problem_analysis': 3, 'implementation_mechanism': 1, 'validation_evidence': 1}"
5597,6,de:3 & im:16 & pr:2 & pr:23 & th:36 & va:0,"{'problem_analysis': 2, 'implementation_mechanism': 1, 'validation_evidence': 1}"
5598,6,de:3 & im:11 & pr:0 & pr:2 & pr:23 & va:8,"{'problem_analysis': 3, 'validation_evidence': 1, 'implementation_mechanism': 1}"
5599,6,de:3 & im:11 & pr:0 & pr:2 & pr:23 & th:10 & va:36,"{'problem_analysis': 3, 'theoretical_insight': 1, 'validation_evidence': 1}"
5600,6,de:15 & im:4 & pr:0 & pr:6 & th:11 & va:9,"{'problem_analysis': 2, 'implementation_mechanism': 1, 'theoretical_insight': 1}"
5601,6,de:15 & im:4 & pr:0 & pr:6 & th:11 & va:32,"{'problem_analysis': 2, 'implementation_mechanism': 1, 'theoretical_insight': 1}"
5602,6,de:23 & im:27 & pr:0 & pr:22 & th:18 & va:22,"{'problem_analysis': 2, 'design_rationale': 1, 'implementation_mechanism': 1}"
5603,6,de:22 & de:37 & im:1 & im:31 & pr:13 & pr:19 & th:4 & th:6 & va:1 & va:7,"{'problem_analysis': 2, 'design_rationale': 2, 'validation_evidence': 2}"
5604,6,pr:11 & pr:7 & th:12 & va:9,"{'problem_analysis': 2, 'theoretical_insight': 1, 'validation_evidence': 1}"
5605,6,de:16 & pr:12 & pr:7,"{'problem_analysis': 2, 'design_rationale': 1}"
5606,6,de:15 & pr:6 & pr:7,"{'problem_analysis': 2, 'design_rationale': 1}"
5607,6,pr:4 & pr:7 & va:28,"{'problem_analysis': 2, 'validation_evidence': 1}"
5608,6,pr:12 & pr:7 & th:2,"{'problem_analysis': 2, 'theoretical_insight': 1}"
5609,6,de:16 & im:19 & pr:31 & pr:7 & va:17,"{'problem_analysis': 2, 'design_rationale': 1, 'validation_evidence': 1}"
5610,6,de:15 & im:4 & pr:6 & pr:7 & th:0,"{'problem_analysis': 2, 'implementation_mechanism': 1, 'theoretical_insight': 1}"
5611,6,de:15 & im:4 & pr:13 & pr:7 & th:4 & va:12,"{'problem_analysis': 2, 'validation_evidence': 1, 'implementation_mechanism': 1}"
5612,6,de:29 & im:10 & pr:5 & pr:7 & th:8 & va:12,"{'problem_analysis': 2, 'validation_evidence': 1, 'implementation_mechanism': 1}"
5613,6,de:15 & im:19 & pr:6 & pr:7 & th:12 & va:10,"{'problem_analysis': 2, 'theoretical_insight': 1, 'implementation_mechanism': 1}"
5614,6,de:20 & im:7 & pr:6 & pr:7 & th:12 & va:0,"{'problem_analysis': 2, 'theoretical_insight': 1, 'validation_evidence': 1}"
5615,6,de:20 & im:4 & pr:11 & pr:7 & th:12,"{'problem_analysis': 2, 'theoretical_insight': 1, 'implementation_mechanism': 1}"
5616,6,de:7 & im:14 & pr:4 & pr:7 & th:1 & va:28,"{'problem_analysis': 2, 'implementation_mechanism': 1, 'theoretical_insight': 1}"
5617,6,de:6 & im:21 & pr:0 & pr:7 & th:1,"{'problem_analysis': 2, 'design_rationale': 1, 'theoretical_insight': 1}"
5618,6,de:22 & im:9 & pr:13 & pr:7 & th:4 & va:15,"{'problem_analysis': 2, 'design_rationale': 1, 'implementation_mechanism': 1}"
5619,6,de:16 & im:38 & pr:12 & pr:7 & th:12 & va:2,"{'problem_analysis': 2, 'implementation_mechanism': 1, 'design_rationale': 1}"
5620,6,de:16 & im:10 & pr:6 & pr:7 & th:12 & va:3,"{'problem_analysis': 2, 'design_rationale': 1, 'validation_evidence': 1}"
5621,6,de:37 & im:28 & pr:20 & pr:7 & th:38,"{'problem_analysis': 2, 'implementation_mechanism': 1, 'theoretical_insight': 1}"
5622,6,de:16 & im:1 & pr:12 & pr:7 & th:31 & va:39,"{'problem_analysis': 2, 'design_rationale': 1, 'validation_evidence': 1}"
5623,6,de:25 & im:34 & pr:6 & pr:7 & th:12,"{'problem_analysis': 2, 'theoretical_insight': 1, 'design_rationale': 1}"
5624,6,de:8 & im:16 & pr:0 & pr:7 & th:7 & va:34,"{'problem_analysis': 2, 'validation_evidence': 1, 'implementation_mechanism': 1}"
5625,6,de:7 & im:7 & pr:39 & pr:7 & th:5 & va:0,"{'problem_analysis': 2, 'theoretical_insight': 1, 'validation_evidence': 1}"
5626,6,de:20 & im:19 & pr:27 & pr:7 & th:12 & va:9,"{'problem_analysis': 2, 'theoretical_insight': 1, 'design_rationale': 1}"
5627,6,de:9 & im:4 & pr:6 & pr:7 & th:11 & va:9,"{'problem_analysis': 2, 'design_rationale': 1, 'implementation_mechanism': 1}"
5628,6,de:22 & im:31 & pr:3 & pr:7 & th:4 & va:7,"{'problem_analysis': 2, 'design_rationale': 1, 'validation_evidence': 1}"
5629,6,de:28 & im:9 & pr:30 & pr:7 & th:35 & va:28,"{'problem_analysis': 2, 'design_rationale': 1, 'implementation_mechanism': 1}"
5630,6,de:14 & im:20 & pr:7 & pr:9 & th:14 & va:19,"{'problem_analysis': 2, 'validation_evidence': 1, 'implementation_mechanism': 1}"
5631,6,de:16 & im:19 & pr:27 & pr:7 & th:12 & va:9,"{'problem_analysis': 2, 'design_rationale': 1, 'theoretical_insight': 1}"
5632,6,de:16 & im:4 & pr:6 & pr:7 & th:4 & va:10,"{'problem_analysis': 2, 'design_rationale': 1, 'implementation_mechanism': 1}"
5633,6,de:3 & im:16 & pr:0 & pr:7 & th:1 & va:0,"{'problem_analysis': 2, 'implementation_mechanism': 1, 'theoretical_insight': 1}"
5634,6,de:22 & im:31 & pr:0 & pr:7 & th:1 & va:7,"{'problem_analysis': 2, 'design_rationale': 1, 'theoretical_insight': 1}"
5635,6,de:22 & im:23 & pr:13 & pr:7 & th:4 & va:38,"{'problem_analysis': 2, 'design_rationale': 1, 'implementation_mechanism': 1}"
5636,6,im:31 & pr:13 & pr:7 & th:4 & va:7,"{'problem_analysis': 2, 'validation_evidence': 1, 'implementation_mechanism': 1}"
5637,6,de:14 & im:20 & pr:7 & pr:9 & th:8 & va:19,"{'problem_analysis': 2, 'validation_evidence': 1, 'theoretical_insight': 1}"
5638,6,de:7 & im:31 & pr:13 & pr:7 & th:4 & va:7,"{'problem_analysis': 2, 'validation_evidence': 1, 'implementation_mechanism': 1}"
5639,6,de:7 & im:4 & pr:13 & pr:7 & th:4 & va:10,"{'problem_analysis': 2, 'implementation_mechanism': 1, 'design_rationale': 1}"
5640,6,de:16 & im:4 & pr:6 & pr:7 & th:19 & va:32,"{'problem_analysis': 2, 'design_rationale': 1, 'implementation_mechanism': 1}"
5641,6,de:16 & im:4 & pr:6 & pr:7 & va:9,"{'problem_analysis': 2, 'design_rationale': 1, 'implementation_mechanism': 1}"
5642,6,de:38 & im:7 & pr:5 & pr:7 & th:12 & va:0,"{'problem_analysis': 2, 'theoretical_insight': 1, 'validation_evidence': 1}"
5643,6,de:20 & im:19 & pr:11 & pr:7 & th:2 & va:9,"{'problem_analysis': 2, 'theoretical_insight': 1, 'design_rationale': 1}"
5644,6,de:11 & im:1 & pr:19 & pr:7 & th:37 & va:20,"{'problem_analysis': 2, 'design_rationale': 1, 'theoretical_insight': 1}"
5645,6,de:0 & im:3 & pr:19 & pr:7 & th:7 & va:23,"{'problem_analysis': 2, 'theoretical_insight': 1, 'validation_evidence': 1}"
5646,6,de:15 & im:4 & pr:12 & pr:7 & th:2 & va:32,"{'problem_analysis': 2, 'theoretical_insight': 1, 'implementation_mechanism': 1}"
5647,6,de:20 & im:7 & pr:32 & pr:7 & th:12,"{'problem_analysis': 2, 'theoretical_insight': 1, 'design_rationale': 1}"
5648,6,de:1 & im:9 & pr:13 & pr:19 & pr:7 & th:6 & va:4,"{'problem_analysis': 3, 'implementation_mechanism': 1, 'design_rationale': 1}"
5649,6,de:20 & im:7 & pr:4 & pr:7 & th:1 & va:9,"{'problem_analysis': 2, 'theoretical_insight': 1, 'design_rationale': 1}"
5650,6,de:24 & im:24 & pr:13 & pr:2 & pr:7 & th:10 & va:8,"{'problem_analysis': 3, 'theoretical_insight': 1, 'implementation_mechanism': 1}"
5651,6,de:15 & im:4 & pr:18 & pr:6 & pr:7 & th:11 & va:10,"{'problem_analysis': 3, 'implementation_mechanism': 1, 'theoretical_insight': 1}"
5652,6,de:15 & de:28 & im:4 & im:7 & pr:6 & pr:7 & th:9 & va:32,"{'design_rationale': 2, 'problem_analysis': 2, 'implementation_mechanism': 2}"
5653,6,de:22 & im:1 & pr:13 & pr:33 & pr:7 & th:10 & va:12,"{'problem_analysis': 3, 'validation_evidence': 1, 'design_rationale': 1}"
5654,6,de:4 & im:31 & pr:3 & pr:33 & pr:7 & th:30 & va:38,"{'problem_analysis': 3, 'theoretical_insight': 1, 'validation_evidence': 1}"
5655,6,de:15 & de:20 & im:19 & im:4 & pr:11 & pr:6 & pr:7 & th:11 & th:2 & va:10,"{'problem_analysis': 3, 'theoretical_insight': 2, 'implementation_mechanism': 2}"
5656,6,de:11 & im:10 & im:31 & pr:13 & pr:23 & pr:7 & th:25 & th:4 & va:1 & va:20,"{'problem_analysis': 3, 'validation_evidence': 2, 'theoretical_insight': 2}"
5657,6,pr:19 & pr:4 & pr:7 & va:28,"{'problem_analysis': 3, 'validation_evidence': 1}"
5658,6,de:15 & im:4 & pr:19 & pr:31 & pr:7 & th:2 & va:10,"{'problem_analysis': 3, 'theoretical_insight': 1, 'implementation_mechanism': 1}"
5659,6,de:14 & im:25 & pr:14 & pr:19 & pr:7 & va:20,"{'problem_analysis': 3, 'implementation_mechanism': 1, 'validation_evidence': 1}"
5660,6,de:32 & im:24 & pr:29 & pr:9 & th:24 & va:36,"{'problem_analysis': 2, 'implementation_mechanism': 1, 'design_rationale': 1}"
5661,6,de:17 & im:20 & pr:4 & pr:9 & th:12 & va:9,"{'problem_analysis': 2, 'design_rationale': 1, 'theoretical_insight': 1}"
5662,6,de:17 & im:19 & pr:4 & pr:9 & th:12 & va:9,"{'problem_analysis': 2, 'design_rationale': 1, 'theoretical_insight': 1}"
5663,6,de:15 & im:4 & pr:19 & pr:31 & pr:6 & pr:7 & th:11 & va:10,"{'problem_analysis': 4, 'implementation_mechanism': 1, 'theoretical_insight': 1}"
5664,6,de:15 & de:20 & im:19 & im:4 & pr:11 & pr:35 & pr:6 & th:11 & th:12 & va:9,"{'problem_analysis': 3, 'theoretical_insight': 2, 'implementation_mechanism': 2}"
5665,6,de:15 & de:20 & de:3 & im:16 & im:19 & pr:11 & pr:35 & pr:39 & th:12 & th:36 & va:26,"{'problem_analysis': 3, 'design_rationale': 3, 'theoretical_insight': 2}"
5666,6,pr:12 & pr:5,{'problem_analysis': 2}
5667,6,de:13 & im:1 & pr:17 & pr:5 & th:0,"{'problem_analysis': 2, 'design_rationale': 1, 'implementation_mechanism': 1}"
5668,6,pr:12 & pr:5 & th:2,"{'problem_analysis': 2, 'theoretical_insight': 1}"
5669,6,de:16 & im:19 & pr:27 & pr:5 & th:12 & va:9,"{'problem_analysis': 2, 'design_rationale': 1, 'theoretical_insight': 1}"
5670,6,de:15 & im:4 & pr:12 & pr:5 & th:2 & va:9,"{'problem_analysis': 2, 'theoretical_insight': 1, 'implementation_mechanism': 1}"
5671,6,de:15 & de:20 & im:19 & im:4 & pr:11 & pr:5 & pr:6 & th:11 & th:2 & va:10,"{'problem_analysis': 3, 'theoretical_insight': 2, 'implementation_mechanism': 2}"
5672,6,de:37 & im:28 & pr:12 & pr:14 & pr:37 & pr:5 & th:30 & va:1,"{'problem_analysis': 4, 'theoretical_insight': 1, 'validation_evidence': 1}"
5673,6,de:3 & im:1 & im:16 & pr:30 & th:36 & va:15 & va:39,"{'implementation_mechanism': 2, 'validation_evidence': 2, 'problem_analysis': 1}"
5674,6,de:3 & de:37 & im:1 & im:16 & pr:12 & pr:30 & pr:6 & th:36 & th:6 & va:15,"{'problem_analysis': 3, 'implementation_mechanism': 2, 'design_rationale': 2}"
5675,6,de:15 & de:3 & de:37 & im:1 & im:16 & im:4 & pr:12 & pr:30 & pr:31 & th:36 & th:6 & th:9 & va:10 & va:15,"{'problem_analysis': 3, 'design_rationale': 3, 'implementation_mechanism': 3}"
5676,6,de:20 & de:3 & de:37 & im:1 & im:16 & im:19 & pr:11 & pr:12 & pr:30 & th:12 & th:36 & th:6 & va:15 & va:9,"{'problem_analysis': 3, 'implementation_mechanism': 3, 'theoretical_insight': 3}"
5677,6,de:15 & de:3 & de:37 & im:1 & im:16 & im:4 & pr:12 & pr:30 & pr:31 & th:11 & th:36 & th:6 & va:15 & va:9,"{'problem_analysis': 3, 'implementation_mechanism': 3, 'theoretical_insight': 3}"
5678,6,de:3 & de:37 & de:9 & im:1 & im:16 & im:4 & pr:12 & pr:30 & pr:6 & th:12 & th:36 & th:6 & va:15 & va:9,"{'problem_analysis': 3, 'implementation_mechanism': 3, 'theoretical_insight': 3}"
5679,6,de:3 & de:34 & de:37 & im:1 & im:10 & im:16 & pr:10 & pr:19 & pr:30 & pr:7 & th:13 & th:3 & th:36 & va:15 & va:4,"{'problem_analysis': 4, 'theoretical_insight': 3, 'implementation_mechanism': 3}"
5680,6,de:3 & de:37 & im:1 & im:16 & im:33 & pr:12 & pr:19 & pr:2 & pr:30 & th:34 & th:36 & th:6 & va:15 & va:26,"{'problem_analysis': 4, 'implementation_mechanism': 3, 'theoretical_insight': 3}"
5681,6,de:23 & de:3 & de:37 & im:1 & im:16 & im:27 & pr:12 & pr:22 & pr:28 & pr:30 & pr:31 & pr:6 & th:18 & th:33 & th:36 & th:6 & va:15 & va:22,"{'problem_analysis': 6, 'theoretical_insight': 4, 'design_rationale': 3}"
5682,6,de:16 & pr:19 & pr:21 & th:31,"{'problem_analysis': 2, 'theoretical_insight': 1, 'design_rationale': 1}"
5683,6,de:10 & im:11 & pr:2 & pr:39 & th:13 & va:34,"{'problem_analysis': 2, 'theoretical_insight': 1, 'validation_evidence': 1}"
5684,6,pr:16 & pr:38,{'problem_analysis': 2}
5685,6,de:34 & im:10 & pr:10 & pr:19 & pr:38 & th:3 & va:4,"{'problem_analysis': 3, 'theoretical_insight': 1, 'implementation_mechanism': 1}"
5686,6,de:20 & im:19 & pr:3 & pr:8 & th:2 & va:9,"{'problem_analysis': 2, 'theoretical_insight': 1, 'design_rationale': 1}"
5687,6,de:16 & im:4 & pr:6 & pr:9 & th:4 & va:10,"{'problem_analysis': 2, 'design_rationale': 1, 'implementation_mechanism': 1}"
5688,6,de:0 & im:3 & pr:19 & pr:9 & th:7 & va:23,"{'problem_analysis': 2, 'theoretical_insight': 1, 'validation_evidence': 1}"
5689,6,de:23 & im:7 & pr:22 & pr:4 & pr:9 & th:18 & va:30,"{'problem_analysis': 3, 'design_rationale': 1, 'implementation_mechanism': 1}"
5690,6,de:23 & im:27 & pr:22 & pr:4 & pr:5 & pr:9 & th:18 & va:22,"{'problem_analysis': 4, 'design_rationale': 1, 'implementation_mechanism': 1}"
5691,6,de:37 & im:1 & pr:19 & pr:35 & th:6 & va:1,"{'problem_analysis': 2, 'validation_evidence': 1, 'implementation_mechanism': 1}"
5692,6,de:15 & im:4 & pr:35 & pr:6 & th:11 & va:9,"{'problem_analysis': 2, 'implementation_mechanism': 1, 'theoretical_insight': 1}"
5693,6,de:28 & im:7 & pr:14 & pr:6 & th:9 & va:32,"{'problem_analysis': 2, 'design_rationale': 1, 'validation_evidence': 1}"
5694,6,de:15 & im:4 & pr:12 & pr:14 & th:2 & va:10,"{'problem_analysis': 2, 'theoretical_insight': 1, 'implementation_mechanism': 1}"
5695,6,de:7 & im:4 & pr:14 & pr:6 & th:12 & va:10,"{'problem_analysis': 2, 'theoretical_insight': 1, 'implementation_mechanism': 1}"
5696,6,de:15 & im:4 & pr:14 & pr:31 & th:9 & va:10,"{'problem_analysis': 2, 'design_rationale': 1, 'implementation_mechanism': 1}"
5697,6,de:7 & im:10 & pr:14 & pr:7 & th:37 & va:37,"{'problem_analysis': 2, 'validation_evidence': 1, 'implementation_mechanism': 1}"
5698,6,de:15 & im:4 & pr:14 & pr:31 & th:11 & va:9,"{'problem_analysis': 2, 'implementation_mechanism': 1, 'theoretical_insight': 1}"
5699,6,de:9 & im:4 & pr:14 & pr:6 & th:12 & va:9,"{'problem_analysis': 2, 'theoretical_insight': 1, 'implementation_mechanism': 1}"
5700,6,de:8 & im:13 & pr:19 & pr:7 & th:30 & th:6 & va:1,"{'theoretical_insight': 2, 'problem_analysis': 2, 'validation_evidence': 1}"
5701,6,de:15 & de:20 & im:19 & im:4 & pr:11 & pr:14 & pr:6 & th:11 & th:2 & va:10,"{'problem_analysis': 3, 'theoretical_insight': 2, 'implementation_mechanism': 2}"
5702,6,de:23 & im:27 & pr:14 & pr:22 & pr:28 & pr:31 & pr:6 & th:18 & th:33 & va:22,"{'problem_analysis': 5, 'theoretical_insight': 2, 'design_rationale': 1}"
5703,6,de:32 & de:37 & im:3 & pr:1 & pr:16 & pr:19 & pr:7 & th:19 & th:28 & va:1,"{'problem_analysis': 4, 'design_rationale': 2, 'theoretical_insight': 2}"
5704,6,de:37 & im:3 & pr:16 & pr:19 & pr:7 & th:28 & va:35,"{'problem_analysis': 3, 'validation_evidence': 1, 'design_rationale': 1}"
5705,6,de:37 & im:1 & pr:19 & pr:27 & pr:6 & th:12 & th:2 & th:6 & va:1,"{'theoretical_insight': 3, 'problem_analysis': 3, 'validation_evidence': 1}"
5706,6,de:15 & im:4 & pr:27 & pr:6 & th:11 & th:12 & th:2,"{'theoretical_insight': 3, 'problem_analysis': 2, 'implementation_mechanism': 1}"
5707,6,de:15 & de:37 & im:1 & im:4 & pr:19 & pr:27 & pr:6 & th:11 & th:12 & th:2 & th:6 & va:1 & va:10,"{'theoretical_insight': 4, 'problem_analysis': 3, 'validation_evidence': 2}"
5708,6,im:31 & pr:13 & pr:23 & pr:6 & th:4 & va:1,"{'problem_analysis': 3, 'validation_evidence': 1, 'theoretical_insight': 1}"
5709,6,de:20 & im:19 & im:31 & pr:11 & pr:13 & pr:23 & th:12 & th:4 & va:1 & va:9,"{'problem_analysis': 3, 'validation_evidence': 2, 'theoretical_insight': 2}"
5710,6,de:37 & im:1 & im:31 & pr:12 & pr:13 & pr:23 & th:4 & th:6 & va:1 & va:39,"{'problem_analysis': 3, 'validation_evidence': 2, 'theoretical_insight': 2}"
5711,6,de:15 & im:31 & im:4 & pr:13 & pr:23 & pr:6 & th:11 & th:4 & va:1,"{'problem_analysis': 3, 'implementation_mechanism': 2, 'theoretical_insight': 2}"
5712,6,de:34 & im:10 & im:31 & pr:10 & pr:13 & pr:19 & pr:23 & th:3 & th:4 & va:1 & va:4,"{'problem_analysis': 4, 'validation_evidence': 2, 'theoretical_insight': 2}"
5713,6,de:23 & im:27 & im:31 & pr:13 & pr:22 & pr:23 & th:18 & th:4 & va:1 & va:22,"{'problem_analysis': 3, 'validation_evidence': 2, 'implementation_mechanism': 2}"
5714,6,de:23 & im:27 & im:31 & pr:13 & pr:22 & pr:23 & pr:28 & pr:31 & pr:6 & th:18 & th:33 & th:4 & va:1 & va:22,"{'problem_analysis': 6, 'theoretical_insight': 3, 'validation_evidence': 2}"
5715,6,de:37 & im:28 & pr:20 & pr:23 & th:38,"{'problem_analysis': 2, 'implementation_mechanism': 1, 'theoretical_insight': 1}"
5716,6,de:6 & im:21 & pr:0 & pr:23 & th:1,"{'problem_analysis': 2, 'design_rationale': 1, 'theoretical_insight': 1}"
5717,6,de:16 & im:4 & pr:23 & pr:7 & th:6 & va:10,"{'problem_analysis': 2, 'design_rationale': 1, 'implementation_mechanism': 1}"
5718,6,de:14 & im:20 & pr:23 & pr:9 & th:8 & va:19,"{'problem_analysis': 2, 'validation_evidence': 1, 'theoretical_insight': 1}"
5719,6,de:3 & im:16 & pr:0 & pr:23 & th:1 & va:0,"{'problem_analysis': 2, 'implementation_mechanism': 1, 'theoretical_insight': 1}"
5720,6,de:22 & im:31 & pr:0 & pr:23 & th:1 & va:7,"{'problem_analysis': 2, 'design_rationale': 1, 'theoretical_insight': 1}"
5721,6,de:17 & im:20 & pr:23 & pr:4 & th:12 & va:9,"{'problem_analysis': 2, 'design_rationale': 1, 'theoretical_insight': 1}"
5722,6,de:17 & im:19 & pr:23 & pr:4 & th:12 & va:9,"{'problem_analysis': 2, 'design_rationale': 1, 'theoretical_insight': 1}"
5723,6,de:22 & im:31 & pr:23 & pr:39 & th:4 & va:7,"{'problem_analysis': 2, 'design_rationale': 1, 'validation_evidence': 1}"
5724,6,de:21 & im:5 & pr:23 & pr:39 & th:39 & va:0,"{'problem_analysis': 2, 'validation_evidence': 1, 'implementation_mechanism': 1}"
5725,6,de:32 & im:24 & pr:23 & pr:29 & th:24 & va:36,"{'problem_analysis': 2, 'implementation_mechanism': 1, 'design_rationale': 1}"
5726,6,pr:11 & pr:23 & th:12 & va:27,"{'problem_analysis': 2, 'theoretical_insight': 1, 'validation_evidence': 1}"
5727,6,de:28 & im:19 & pr:23 & pr:4 & th:12 & va:30,"{'problem_analysis': 2, 'design_rationale': 1, 'theoretical_insight': 1}"
5728,6,de:14 & de:3 & im:16 & im:25 & pr:14 & pr:23 & pr:39 & th:26 & th:36 & va:20 & va:26,"{'problem_analysis': 3, 'implementation_mechanism': 2, 'theoretical_insight': 2}"
5729,6,de:15 & de:29 & im:4 & pr:37 & pr:6 & pr:9 & th:11 & th:14 & va:32,"{'problem_analysis': 3, 'theoretical_insight': 2, 'design_rationale': 2}"
5730,6,de:29 & de:37 & im:1 & pr:37 & pr:9 & th:14 & th:6 & va:17,"{'problem_analysis': 2, 'design_rationale': 2, 'theoretical_insight': 2}"
5731,6,de:13 & im:1 & pr:13 & pr:7 & th:37 & va:15,"{'problem_analysis': 2, 'design_rationale': 1, 'validation_evidence': 1}"
5732,6,de:15 & im:4 & pr:13 & pr:6 & th:2 & va:32,"{'problem_analysis': 2, 'theoretical_insight': 1, 'implementation_mechanism': 1}"
5733,6,de:15 & im:7 & pr:18 & pr:6 & th:11 & va:9,"{'problem_analysis': 2, 'theoretical_insight': 1, 'validation_evidence': 1}"
5734,6,de:37 & im:1 & pr:18 & pr:7 & th:6 & va:17,"{'problem_analysis': 2, 'validation_evidence': 1, 'implementation_mechanism': 1}"
5735,6,de:37 & im:28 & pr:12 & pr:20 & th:38,"{'problem_analysis': 2, 'implementation_mechanism': 1, 'theoretical_insight': 1}"
5736,6,im:28 & pr:12 & pr:7 & pr:9 & va:3,"{'problem_analysis': 3, 'validation_evidence': 1, 'implementation_mechanism': 1}"
5737,6,de:14 & im:20 & pr:7 & pr:9 & th:29 & va:20,"{'problem_analysis': 2, 'theoretical_insight': 1, 'implementation_mechanism': 1}"
5738,6,de:16 & im:4 & pr:12 & pr:18 & pr:7 & pr:9 & th:2 & va:10,"{'problem_analysis': 4, 'theoretical_insight': 1, 'design_rationale': 1}"
5739,6,de:16 & im:4 & pr:12 & pr:7 & pr:9 & th:37 & va:2,"{'problem_analysis': 3, 'design_rationale': 1, 'implementation_mechanism': 1}"
5740,6,de:28 & im:7 & pr:12 & pr:7 & pr:9 & th:12 & va:17 & va:28,"{'problem_analysis': 3, 'validation_evidence': 2, 'design_rationale': 1}"
5741,6,de:15 & im:4 & pr:36 & pr:6 & th:11 & va:32,"{'problem_analysis': 2, 'implementation_mechanism': 1, 'theoretical_insight': 1}"
5742,6,de:23 & im:27 & pr:22 & pr:28 & pr:31 & pr:36 & pr:6 & th:18 & th:33 & va:22,"{'problem_analysis': 5, 'theoretical_insight': 2, 'design_rationale': 1}"
5743,6,de:1 & de:15 & im:4 & pr:13 & pr:18 & pr:36 & pr:6 & th:11 & th:23 & th:6 & va:32,"{'problem_analysis': 4, 'theoretical_insight': 3, 'design_rationale': 2}"
5744,6,de:1 & de:37 & im:1 & pr:13 & pr:18 & pr:19 & pr:36 & th:23 & th:6 & va:17,"{'problem_analysis': 4, 'theoretical_insight': 2, 'design_rationale': 2}"
5745,6,de:1 & de:3 & im:16 & pr:13 & pr:18 & pr:19 & pr:39 & th:23 & th:36 & th:6 & va:26,"{'problem_analysis': 4, 'theoretical_insight': 3, 'design_rationale': 2}"
5746,6,de:1 & de:37 & im:1 & pr:12 & pr:13 & pr:18 & pr:19 & th:23 & th:6 & va:39,"{'problem_analysis': 4, 'theoretical_insight': 2, 'design_rationale': 2}"
5747,6,de:1 & de:34 & im:10 & pr:10 & pr:13 & pr:18 & pr:19 & pr:36 & th:23 & th:3 & th:6 & va:4,"{'problem_analysis': 5, 'theoretical_insight': 3, 'design_rationale': 2}"
5748,6,de:1 & de:23 & im:27 & pr:13 & pr:18 & pr:22 & pr:36 & th:18 & th:23 & th:6 & va:22,"{'problem_analysis': 4, 'theoretical_insight': 3, 'design_rationale': 2}"
5749,6,de:1 & de:23 & im:27 & pr:13 & pr:18 & pr:22 & pr:28 & pr:31 & pr:36 & pr:6 & th:18 & th:23 & th:33 & th:6 & va:22,"{'problem_analysis': 7, 'theoretical_insight': 4, 'design_rationale': 2}"
5750,6,de:15 & im:4 & pr:13 & pr:32 & pr:6 & th:11 & va:9,"{'problem_analysis': 3, 'implementation_mechanism': 1, 'theoretical_insight': 1}"
5751,6,pr:37,{'problem_analysis': 1}
5752,6,de:14 & de:3 & im:16 & im:25 & pr:14 & pr:39 & th:26 & th:36 & va:0 & va:20,"{'problem_analysis': 2, 'implementation_mechanism': 2, 'validation_evidence': 2}"
5753,6,de:14 & im:25 & im:37 & pr:14 & pr:19 & th:2 & th:26 & va:15 & va:20,"{'theoretical_insight': 2, 'implementation_mechanism': 2, 'problem_analysis': 2}"
5754,6,de:14 & de:3 & im:16 & im:25 & im:37 & pr:14 & pr:19 & pr:39 & th:2 & th:26 & th:36 & va:15 & va:20 & va:26,"{'theoretical_insight': 3, 'implementation_mechanism': 3, 'problem_analysis': 3}"
5755,6,pr:6 & pr:9 & th:2,"{'problem_analysis': 2, 'theoretical_insight': 1}"
5756,6,pr:17 & pr:9,{'problem_analysis': 2}
5757,6,de:14 & im:25 & pr:12 & th:26 & va:20,"{'problem_analysis': 1, 'implementation_mechanism': 1, 'validation_evidence': 1}"
5758,6,im:7 & pr:4 & pr:9 & va:28,"{'problem_analysis': 2, 'implementation_mechanism': 1, 'validation_evidence': 1}"
5759,6,de:9 & im:19 & pr:4 & pr:9 & th:12 & va:30,"{'problem_analysis': 2, 'theoretical_insight': 1, 'design_rationale': 1}"
5760,6,de:9 & im:35 & pr:6 & pr:9 & th:12 & va:2,"{'problem_analysis': 2, 'theoretical_insight': 1, 'design_rationale': 1}"
5761,6,de:17 & im:20 & pr:27 & pr:9 & va:17,"{'problem_analysis': 2, 'design_rationale': 1, 'validation_evidence': 1}"
5762,6,de:5 & im:1 & pr:7 & pr:9 & th:37 & va:39,"{'problem_analysis': 2, 'validation_evidence': 1, 'design_rationale': 1}"
5763,6,de:15 & im:7 & pr:6 & pr:9 & th:11 & va:9,"{'problem_analysis': 2, 'theoretical_insight': 1, 'validation_evidence': 1}"
5764,6,de:16 & im:38 & pr:12 & pr:9 & th:12 & va:2,"{'problem_analysis': 2, 'implementation_mechanism': 1, 'design_rationale': 1}"
5765,6,de:37 & im:1 & pr:19 & pr:9 & th:37 & va:39,"{'problem_analysis': 2, 'validation_evidence': 1, 'theoretical_insight': 1}"
5766,6,de:0 & im:30 & pr:18 & pr:9 & th:23 & va:4,"{'problem_analysis': 2, 'theoretical_insight': 1, 'implementation_mechanism': 1}"
5767,6,de:25 & im:34 & pr:6 & pr:9 & th:12,"{'problem_analysis': 2, 'theoretical_insight': 1, 'design_rationale': 1}"
5768,6,de:37 & im:28 & pr:19 & pr:9 & th:29 & va:1,"{'problem_analysis': 2, 'validation_evidence': 1, 'theoretical_insight': 1}"
5769,6,de:5 & im:1 & pr:12 & pr:9 & th:6 & va:1,"{'problem_analysis': 2, 'validation_evidence': 1, 'design_rationale': 1}"
5770,6,de:3 & im:16 & pr:13 & pr:3 & pr:9 & th:15 & va:13,"{'problem_analysis': 3, 'implementation_mechanism': 1, 'design_rationale': 1}"
5771,6,de:8 & im:1 & pr:10 & pr:9 & th:6 & va:10,"{'problem_analysis': 2, 'design_rationale': 1, 'implementation_mechanism': 1}"
5772,6,de:3 & im:3 & pr:16 & pr:9 & th:28 & va:1,"{'problem_analysis': 2, 'validation_evidence': 1, 'design_rationale': 1}"
5773,6,de:39 & im:0 & pr:10 & pr:16 & pr:9 & va:1,"{'problem_analysis': 3, 'validation_evidence': 1, 'design_rationale': 1}"
5774,6,de:33 & im:5 & pr:16 & pr:9 & th:8 & va:20,"{'problem_analysis': 2, 'design_rationale': 1, 'theoretical_insight': 1}"
5775,6,de:4 & im:10 & pr:19 & pr:9 & th:8 & va:33,"{'problem_analysis': 2, 'implementation_mechanism': 1, 'theoretical_insight': 1}"
5776,6,de:10 & im:24 & pr:13 & pr:28 & pr:9 & th:10 & va:36,"{'problem_analysis': 3, 'theoretical_insight': 1, 'design_rationale': 1}"
5777,6,de:6 & im:11 & pr:13 & pr:5 & pr:9 & th:1 & va:4,"{'problem_analysis': 3, 'design_rationale': 1, 'theoretical_insight': 1}"
5778,6,de:3 & im:16 & pr:2 & pr:39 & pr:9 & th:36 & va:0,"{'problem_analysis': 3, 'implementation_mechanism': 1, 'validation_evidence': 1}"
5779,6,de:3 & im:16 & pr:2 & pr:39 & pr:9 & th:36 & va:26,"{'problem_analysis': 3, 'implementation_mechanism': 1, 'validation_evidence': 1}"
5780,6,de:3 & im:16 & pr:39 & pr:9 & th:13 & va:26,"{'problem_analysis': 2, 'theoretical_insight': 1, 'implementation_mechanism': 1}"
5781,6,de:12 & im:8 & pr:16 & pr:9 & th:26 & va:1,"{'problem_analysis': 2, 'implementation_mechanism': 1, 'validation_evidence': 1}"
5782,6,de:18 & im:0 & pr:16 & pr:9 & th:19 & va:19,"{'problem_analysis': 2, 'validation_evidence': 1, 'design_rationale': 1}"
5783,6,de:1 & im:1 & pr:13 & pr:36 & pr:9 & th:23 & va:4,"{'problem_analysis': 3, 'theoretical_insight': 1, 'design_rationale': 1}"
5784,6,de:3 & im:24 & pr:39 & pr:9 & th:36 & va:26,"{'problem_analysis': 2, 'implementation_mechanism': 1, 'validation_evidence': 1}"
5785,6,de:3 & im:24 & pr:39 & pr:9 & th:19 & th:39 & va:26,"{'problem_analysis': 2, 'theoretical_insight': 2, 'implementation_mechanism': 1}"
5786,6,de:20 & im:19 & pr:11 & pr:8 & pr:9 & th:2 & va:9,"{'problem_analysis': 3, 'theoretical_insight': 1, 'design_rationale': 1}"
5787,6,de:25 & im:34 & pr:11 & pr:4 & pr:9 & th:21 & va:27,"{'problem_analysis': 3, 'design_rationale': 1, 'validation_evidence': 1}"
5788,6,de:37 & im:3 & pr:16 & pr:19 & pr:9 & th:28 & va:33,"{'problem_analysis': 3, 'validation_evidence': 1, 'design_rationale': 1}"
5789,6,de:16 & im:1 & pr:21 & pr:6 & th:31 & va:39,"{'problem_analysis': 2, 'design_rationale': 1, 'validation_evidence': 1}"
5790,6,de:15 & im:4 & pr:12 & pr:37 & pr:6 & th:11 & va:32,"{'problem_analysis': 3, 'implementation_mechanism': 1, 'theoretical_insight': 1}"
5791,6,de:34 & im:10 & pr:10 & pr:19 & pr:37 & th:3 & va:4,"{'problem_analysis': 3, 'theoretical_insight': 1, 'implementation_mechanism': 1}"
5792,6,pr:12 & pr:14 & pr:37 & pr:6 & th:30,"{'problem_analysis': 4, 'theoretical_insight': 1}"
5793,6,de:20 & im:19 & pr:11 & pr:12 & pr:14 & pr:37 & th:12 & th:30 & va:9,"{'problem_analysis': 4, 'theoretical_insight': 2, 'design_rationale': 1}"
5794,6,de:15 & im:4 & pr:12 & pr:14 & pr:31 & pr:37 & th:30 & th:9 & va:10,"{'problem_analysis': 4, 'theoretical_insight': 2, 'design_rationale': 1}"
5795,6,de:3 & im:16 & pr:12 & pr:14 & pr:37 & pr:39 & th:30 & th:36 & va:0,"{'problem_analysis': 4, 'theoretical_insight': 2, 'implementation_mechanism': 1}"
5796,6,de:37 & im:1 & pr:12 & pr:14 & pr:37 & th:30 & th:6 & va:17,"{'problem_analysis': 3, 'theoretical_insight': 2, 'validation_evidence': 1}"
5797,6,de:15 & im:4 & pr:12 & pr:14 & pr:31 & pr:37 & th:11 & th:30 & va:9,"{'problem_analysis': 4, 'theoretical_insight': 2, 'implementation_mechanism': 1}"
5798,6,de:9 & im:4 & pr:12 & pr:14 & pr:37 & pr:6 & th:12 & th:30 & va:9,"{'problem_analysis': 4, 'theoretical_insight': 2, 'design_rationale': 1}"
5799,6,de:34 & im:10 & pr:10 & pr:14 & pr:19 & pr:37 & th:3 & th:30 & va:4,"{'problem_analysis': 4, 'theoretical_insight': 2, 'implementation_mechanism': 1}"
5800,6,de:3 & im:33 & pr:14 & pr:19 & pr:2 & pr:37 & th:30 & th:34 & va:26,"{'problem_analysis': 4, 'theoretical_insight': 2, 'implementation_mechanism': 1}"
5801,6,de:23 & im:27 & pr:12 & pr:14 & pr:22 & pr:28 & pr:31 & pr:37 & pr:6 & th:18 & th:30 & th:33 & va:22,"{'problem_analysis': 7, 'theoretical_insight': 3, 'design_rationale': 1}"
5802,6,de:15 & im:4 & pr:12 & pr:20 & pr:37 & pr:6 & th:11 & th:30 & th:6 & va:32,"{'problem_analysis': 4, 'theoretical_insight': 3, 'implementation_mechanism': 1}"
5803,6,de:29 & pr:22 & pr:9 & th:14,"{'problem_analysis': 2, 'design_rationale': 1, 'theoretical_insight': 1}"
5804,6,de:6 & im:7 & pr:19 & pr:7 & pr:8 & th:34 & va:12,"{'problem_analysis': 3, 'validation_evidence': 1, 'design_rationale': 1}"
5805,6,pr:13 & pr:37 & va:37,"{'problem_analysis': 2, 'validation_evidence': 1}"
5806,6,de:28 & im:10 & pr:13 & pr:17 & th:4 & va:17,"{'problem_analysis': 2, 'design_rationale': 1, 'validation_evidence': 1}"
5807,6,de:14 & im:20 & pr:13 & pr:9 & th:29 & va:19,"{'problem_analysis': 2, 'validation_evidence': 1, 'theoretical_insight': 1}"
5808,6,pr:13 & pr:23 & pr:9 & va:23,"{'problem_analysis': 3, 'validation_evidence': 1}"
5809,6,de:11 & de:7 & im:7 & pr:11 & pr:12 & pr:13 & pr:26 & th:12 & th:25 & th:31 & va:15,"{'problem_analysis': 4, 'theoretical_insight': 3, 'design_rationale': 2}"
5810,6,de:15 & de:37 & im:4 & pr:19 & pr:31 & pr:7 & th:6 & th:9 & va:10,"{'problem_analysis': 3, 'design_rationale': 2, 'theoretical_insight': 2}"
5811,6,de:20 & de:37 & im:19 & pr:11 & pr:19 & pr:7 & th:12 & th:6 & va:9,"{'problem_analysis': 3, 'theoretical_insight': 2, 'design_rationale': 2}"
5812,6,de:15 & de:37 & im:4 & pr:19 & pr:31 & pr:6 & pr:7 & th:11 & th:6 & va:10,"{'problem_analysis': 4, 'theoretical_insight': 2, 'design_rationale': 2}"
5813,6,de:15 & de:37 & im:4 & pr:19 & pr:31 & pr:7 & th:11 & th:6 & va:9,"{'problem_analysis': 3, 'theoretical_insight': 2, 'design_rationale': 2}"
5814,6,de:15 & de:37 & im:4 & pr:19 & pr:6 & pr:7 & th:11 & th:6,"{'problem_analysis': 3, 'theoretical_insight': 2, 'design_rationale': 2}"
5815,6,de:14 & de:37 & im:25 & pr:19 & pr:7 & th:26 & th:6 & va:20,"{'design_rationale': 2, 'problem_analysis': 2, 'theoretical_insight': 2}"
5816,6,de:34 & de:37 & im:10 & pr:10 & pr:19 & pr:7 & th:3 & th:6 & va:4,"{'problem_analysis': 3, 'theoretical_insight': 2, 'design_rationale': 2}"
5817,6,de:23 & de:37 & im:27 & pr:19 & pr:22 & pr:7 & th:18 & th:6 & va:22,"{'problem_analysis': 3, 'design_rationale': 2, 'theoretical_insight': 2}"
5818,6,de:3 & de:37 & im:1 & im:33 & pr:12 & pr:19 & pr:2 & pr:7 & th:34 & th:6 & va:26,"{'problem_analysis': 4, 'theoretical_insight': 2, 'implementation_mechanism': 2}"
5819,6,de:23 & de:37 & im:27 & pr:19 & pr:22 & pr:28 & pr:31 & pr:6 & pr:7 & th:18 & th:33 & th:6 & va:22,"{'problem_analysis': 6, 'theoretical_insight': 3, 'design_rationale': 2}"
5820,6,de:37 & im:3 & pr:16 & pr:19 & pr:7 & th:28 & th:6 & va:33,"{'problem_analysis': 3, 'theoretical_insight': 2, 'validation_evidence': 1}"
5821,6,de:3 & de:37 & im:1 & im:33 & pr:18 & pr:19 & pr:2 & th:34 & th:6 & va:17,"{'problem_analysis': 3, 'theoretical_insight': 2, 'implementation_mechanism': 2}"
5822,6,de:3 & de:37 & im:1 & im:33 & pr:12 & pr:19 & pr:2 & th:34 & th:6 & va:39,"{'problem_analysis': 3, 'theoretical_insight': 2, 'implementation_mechanism': 2}"
5823,6,pr:2 & pr:33,{'problem_analysis': 2}
5824,6,pr:2 & pr:33 & pr:4 & va:28,"{'problem_analysis': 3, 'validation_evidence': 1}"
5825,6,de:15 & im:4 & pr:2 & pr:31 & pr:33 & th:2 & va:10,"{'problem_analysis': 3, 'theoretical_insight': 1, 'implementation_mechanism': 1}"
5826,6,de:16 & im:4 & pr:16,"{'implementation_mechanism': 1, 'problem_analysis': 1, 'design_rationale': 1}"
5827,6,de:15 & pr:16 & pr:6 & th:1,"{'problem_analysis': 2, 'theoretical_insight': 1, 'design_rationale': 1}"
5828,6,de:15 & im:4 & pr:16 & pr:31,"{'problem_analysis': 2, 'implementation_mechanism': 1, 'design_rationale': 1}"
5829,6,de:20 & im:7 & pr:11 & pr:16 & th:1,"{'problem_analysis': 2, 'theoretical_insight': 1, 'design_rationale': 1}"
5830,6,de:13 & im:1 & pr:16 & pr:17 & th:0,"{'problem_analysis': 2, 'design_rationale': 1, 'implementation_mechanism': 1}"
5831,6,de:16 & pr:12 & pr:16 & th:2 & va:2,"{'problem_analysis': 2, 'theoretical_insight': 1, 'design_rationale': 1}"
5832,6,de:20 & im:19 & pr:16 & pr:27 & th:12,"{'problem_analysis': 2, 'theoretical_insight': 1, 'design_rationale': 1}"
5833,6,de:16 & im:19 & pr:16 & pr:27 & th:12 & va:9,"{'problem_analysis': 2, 'design_rationale': 1, 'theoretical_insight': 1}"
5834,6,de:17 & im:20 & pr:16 & pr:4 & th:12 & va:9,"{'problem_analysis': 2, 'design_rationale': 1, 'theoretical_insight': 1}"
5835,6,de:17 & im:19 & pr:16 & pr:4 & th:12 & va:9,"{'problem_analysis': 2, 'design_rationale': 1, 'theoretical_insight': 1}"
5836,6,de:37 & im:28 & pr:16 & pr:7 & th:2 & va:1,"{'problem_analysis': 2, 'theoretical_insight': 1, 'validation_evidence': 1}"
5837,6,de:20 & im:7 & pr:16 & pr:6 & th:12 & va:0,"{'problem_analysis': 2, 'theoretical_insight': 1, 'validation_evidence': 1}"
5838,6,de:3 & im:16 & pr:16 & pr:39 & th:36 & va:7,"{'problem_analysis': 2, 'implementation_mechanism': 1, 'validation_evidence': 1}"
5839,6,de:3 & im:16 & pr:16 & pr:23 & th:36 & va:0,"{'problem_analysis': 2, 'implementation_mechanism': 1, 'validation_evidence': 1}"
5840,6,de:15 & im:4 & pr:16 & pr:31 & th:9 & va:31,"{'problem_analysis': 2, 'design_rationale': 1, 'validation_evidence': 1}"
5841,6,im:31 & pr:13 & pr:16 & th:4 & va:0,"{'problem_analysis': 2, 'validation_evidence': 1, 'implementation_mechanism': 1}"
5842,6,de:15 & im:7 & pr:16 & pr:6 & th:11 & va:9,"{'problem_analysis': 2, 'theoretical_insight': 1, 'validation_evidence': 1}"
5843,6,de:20 & im:4 & pr:11 & pr:16 & th:12,"{'problem_analysis': 2, 'theoretical_insight': 1, 'implementation_mechanism': 1}"
5844,6,de:14 & im:25 & pr:14 & pr:16 & th:26,"{'problem_analysis': 2, 'implementation_mechanism': 1, 'theoretical_insight': 1}"
5845,6,de:22 & im:9 & pr:13 & pr:16 & th:4 & va:15,"{'problem_analysis': 2, 'design_rationale': 1, 'implementation_mechanism': 1}"
5846,6,de:29 & im:10 & pr:14 & pr:16 & th:8 & va:20,"{'problem_analysis': 2, 'implementation_mechanism': 1, 'design_rationale': 1}"
5847,6,de:29 & im:9 & pr:16 & pr:33 & th:9 & va:38,"{'problem_analysis': 2, 'implementation_mechanism': 1, 'validation_evidence': 1}"
5848,6,de:38 & im:10 & pr:16 & pr:7 & th:12 & va:0,"{'problem_analysis': 2, 'theoretical_insight': 1, 'validation_evidence': 1}"
5849,6,de:0 & im:30 & pr:16 & pr:18 & th:23 & va:4,"{'problem_analysis': 2, 'theoretical_insight': 1, 'implementation_mechanism': 1}"
5850,6,de:15 & im:19 & pr:16 & pr:6 & th:12 & va:10,"{'problem_analysis': 2, 'theoretical_insight': 1, 'implementation_mechanism': 1}"
5851,6,de:14 & im:20 & pr:16 & pr:9 & th:8 & va:19,"{'problem_analysis': 2, 'validation_evidence': 1, 'theoretical_insight': 1}"
5852,6,de:8 & im:16 & pr:0 & pr:16 & th:7 & va:34,"{'problem_analysis': 2, 'validation_evidence': 1, 'implementation_mechanism': 1}"
5853,6,de:29 & im:10 & pr:16 & pr:39 & th:36 & va:0,"{'problem_analysis': 2, 'validation_evidence': 1, 'implementation_mechanism': 1}"
5854,6,de:22 & im:31 & pr:16 & pr:39 & th:4 & va:7,"{'problem_analysis': 2, 'design_rationale': 1, 'validation_evidence': 1}"
5855,6,de:21 & im:5 & pr:16 & pr:39 & th:39 & va:0,"{'problem_analysis': 2, 'validation_evidence': 1, 'implementation_mechanism': 1}"
5856,6,de:6 & im:21 & pr:16 & pr:32 & th:1 & va:8,"{'problem_analysis': 2, 'design_rationale': 1, 'theoretical_insight': 1}"
5857,6,de:7 & im:7 & pr:16 & pr:27 & th:12 & va:28,"{'problem_analysis': 2, 'theoretical_insight': 1, 'design_rationale': 1}"
5858,6,de:15 & im:4 & pr:13 & pr:16 & th:4 & va:12,"{'problem_analysis': 2, 'validation_evidence': 1, 'implementation_mechanism': 1}"
5859,6,de:15 & im:4 & pr:16 & pr:31 & th:12 & va:10,"{'problem_analysis': 2, 'theoretical_insight': 1, 'implementation_mechanism': 1}"
5860,6,de:6 & im:21 & pr:16 & pr:30 & th:1 & va:18,"{'problem_analysis': 2, 'design_rationale': 1, 'theoretical_insight': 1}"
5861,6,de:6 & im:31 & pr:16 & pr:30 & th:5 & va:0,"{'problem_analysis': 2, 'design_rationale': 1, 'theoretical_insight': 1}"
5862,6,de:6 & im:21 & pr:16 & pr:4 & th:1 & va:28,"{'problem_analysis': 2, 'design_rationale': 1, 'theoretical_insight': 1}"
5863,6,de:3 & im:12 & pr:10 & pr:16 & th:7 & va:0,"{'problem_analysis': 2, 'validation_evidence': 1, 'theoretical_insight': 1}"
5864,6,de:15 & pr:16 & pr:6 & th:11 & va:32,"{'problem_analysis': 2, 'design_rationale': 1, 'theoretical_insight': 1}"
5865,6,de:14 & im:8 & pr:16 & pr:7 & th:8 & va:19,"{'problem_analysis': 2, 'implementation_mechanism': 1, 'validation_evidence': 1}"
5866,6,de:3 & im:10 & pr:0 & pr:16 & th:39 & va:0,"{'problem_analysis': 2, 'validation_evidence': 1, 'implementation_mechanism': 1}"
5867,6,de:37 & im:28 & pr:16 & pr:19 & th:29 & va:1,"{'problem_analysis': 2, 'validation_evidence': 1, 'theoretical_insight': 1}"
5868,6,de:16 & im:1 & pr:16 & pr:18 & th:0 & va:17,"{'problem_analysis': 2, 'design_rationale': 1, 'validation_evidence': 1}"
5869,6,pr:16 & pr:2 & pr:33 & th:36 & va:7,"{'problem_analysis': 3, 'validation_evidence': 1, 'theoretical_insight': 1}"
5870,6,de:13 & im:1 & pr:16 & pr:33 & th:6 & va:17,"{'problem_analysis': 2, 'design_rationale': 1, 'validation_evidence': 1}"
5871,6,pr:16 & pr:31 & pr:6 & th:11 & va:2,"{'problem_analysis': 3, 'theoretical_insight': 1, 'validation_evidence': 1}"
5872,6,im:31 & pr:13 & pr:16 & th:4 & va:7,"{'problem_analysis': 2, 'validation_evidence': 1, 'implementation_mechanism': 1}"
5873,6,de:4 & im:7 & pr:16 & pr:6 & th:12 & va:30,"{'problem_analysis': 2, 'theoretical_insight': 1, 'validation_evidence': 1}"
5874,6,de:7 & im:31 & pr:13 & pr:16 & th:4 & va:7,"{'problem_analysis': 2, 'validation_evidence': 1, 'implementation_mechanism': 1}"
5875,6,de:7 & im:4 & pr:13 & pr:16 & th:4 & va:10,"{'problem_analysis': 2, 'implementation_mechanism': 1, 'design_rationale': 1}"
5876,6,de:29 & im:10 & pr:16 & pr:19 & th:5 & va:1,"{'problem_analysis': 2, 'validation_evidence': 1, 'theoretical_insight': 1}"
5877,6,de:23 & im:38 & pr:16 & pr:6 & th:12 & va:2,"{'problem_analysis': 2, 'implementation_mechanism': 1, 'design_rationale': 1}"
5878,6,de:16 & im:4 & pr:16 & pr:6 & th:19 & va:32,"{'problem_analysis': 2, 'design_rationale': 1, 'implementation_mechanism': 1}"
5879,6,de:17 & im:4 & pr:16 & pr:6 & th:12 & va:9,"{'problem_analysis': 2, 'design_rationale': 1, 'theoretical_insight': 1}"
5880,6,de:16 & im:1 & pr:16 & pr:18 & th:0 & va:15,"{'problem_analysis': 2, 'design_rationale': 1, 'validation_evidence': 1}"
5881,6,de:37 & im:8 & pr:16 & pr:19 & th:28 & va:1,"{'problem_analysis': 2, 'implementation_mechanism': 1, 'validation_evidence': 1}"
5882,6,de:14 & im:25 & pr:14 & pr:16 & va:20,"{'problem_analysis': 2, 'implementation_mechanism': 1, 'validation_evidence': 1}"
5883,6,de:20 & im:19 & pr:11 & pr:16 & pr:4 & th:2 & va:9,"{'problem_analysis': 3, 'theoretical_insight': 1, 'design_rationale': 1}"
5884,6,de:16 & im:4 & pr:16 & pr:6 & va:9,"{'problem_analysis': 2, 'design_rationale': 1, 'implementation_mechanism': 1}"
5885,6,de:20 & im:19 & pr:11 & pr:16 & th:2 & va:9,"{'problem_analysis': 2, 'theoretical_insight': 1, 'design_rationale': 1}"
5886,6,de:11 & im:1 & pr:16 & pr:18 & th:2 & va:17,"{'problem_analysis': 2, 'theoretical_insight': 1, 'validation_evidence': 1}"
5887,6,de:6 & im:7 & pr:16 & pr:19 & pr:8 & th:34 & va:12,"{'problem_analysis': 3, 'validation_evidence': 1, 'design_rationale': 1}"
5888,6,de:11 & pr:16 & pr:9 & th:14 & th:2 & va:2,"{'theoretical_insight': 2, 'problem_analysis': 2, 'design_rationale': 1}"
5889,6,de:17 & im:7 & pr:11 & pr:16 & pr:27 & th:12 & va:9,"{'problem_analysis': 3, 'design_rationale': 1, 'theoretical_insight': 1}"
5890,6,de:29 & im:7 & pr:16 & pr:19 & th:37 & va:12,"{'problem_analysis': 2, 'validation_evidence': 1, 'design_rationale': 1}"
5891,6,de:20 & im:19 & pr:16 & pr:32 & th:12 & va:9,"{'problem_analysis': 2, 'theoretical_insight': 1, 'design_rationale': 1}"
5892,6,de:3 & im:16 & pr:16 & pr:2 & pr:39 & th:36 & va:0,"{'problem_analysis': 3, 'implementation_mechanism': 1, 'validation_evidence': 1}"
5893,6,de:3 & im:16 & pr:16 & pr:2 & pr:39 & th:36 & va:26,"{'problem_analysis': 3, 'implementation_mechanism': 1, 'validation_evidence': 1}"
5894,6,de:3 & im:16 & pr:16 & pr:39 & th:13 & va:26,"{'problem_analysis': 2, 'theoretical_insight': 1, 'implementation_mechanism': 1}"
5895,6,de:15 & im:7 & pr:16 & pr:6 & th:12 & va:10,"{'problem_analysis': 2, 'theoretical_insight': 1, 'validation_evidence': 1}"
5896,6,de:24 & im:24 & pr:13 & pr:16 & pr:2 & th:10 & va:8,"{'problem_analysis': 3, 'theoretical_insight': 1, 'implementation_mechanism': 1}"
5897,6,de:3 & im:8 & pr:16 & pr:39 & pr:7 & th:36 & va:0,"{'problem_analysis': 3, 'implementation_mechanism': 1, 'validation_evidence': 1}"
5898,6,de:15 & im:19 & pr:16 & pr:27 & pr:6 & th:12 & va:32,"{'problem_analysis': 3, 'theoretical_insight': 1, 'implementation_mechanism': 1}"
5899,6,de:15 & de:28 & im:4 & im:7 & pr:16 & pr:6 & th:9 & va:32,"{'design_rationale': 2, 'problem_analysis': 2, 'implementation_mechanism': 2}"
5900,6,de:3 & im:24 & pr:16 & pr:39 & th:36 & va:26,"{'problem_analysis': 2, 'implementation_mechanism': 1, 'validation_evidence': 1}"
5901,6,de:3 & im:24 & pr:16 & pr:39 & th:19 & th:39 & va:26,"{'problem_analysis': 2, 'theoretical_insight': 2, 'implementation_mechanism': 1}"
5902,6,de:14 & im:20 & pr:16 & pr:19 & pr:9 & th:14 & th:26 & va:19,"{'problem_analysis': 3, 'theoretical_insight': 2, 'validation_evidence': 1}"
5903,6,de:37 & im:0 & pr:16 & pr:19 & th:6 & va:39,"{'problem_analysis': 2, 'validation_evidence': 1, 'design_rationale': 1}"
5904,6,de:25 & im:34 & pr:11 & pr:16 & pr:4 & th:21 & va:27,"{'problem_analysis': 3, 'design_rationale': 1, 'validation_evidence': 1}"
5905,6,de:16 & im:38 & pr:16 & pr:6 & th:12 & th:26 & th:9 & va:2,"{'theoretical_insight': 3, 'problem_analysis': 2, 'implementation_mechanism': 1}"
5906,6,de:18 & im:10 & pr:16 & pr:19 & th:37 & va:20,"{'problem_analysis': 2, 'design_rationale': 1, 'implementation_mechanism': 1}"
5907,6,de:7 & im:34 & pr:11 & pr:16 & pr:31 & pr:5 & th:12 & va:18,"{'problem_analysis': 4, 'theoretical_insight': 1, 'design_rationale': 1}"
5908,6,de:32 & im:0 & pr:1 & pr:16 & pr:19 & th:7 & va:39,"{'problem_analysis': 3, 'design_rationale': 1, 'validation_evidence': 1}"
5909,6,de:11 & im:10 & im:31 & pr:13 & pr:16 & pr:23 & th:25 & th:4 & va:1 & va:20,"{'problem_analysis': 3, 'validation_evidence': 2, 'theoretical_insight': 2}"
5910,6,de:15 & im:4 & im:7 & pr:16 & pr:6 & th:12,"{'problem_analysis': 2, 'implementation_mechanism': 2, 'theoretical_insight': 1}"
5911,6,de:15 & im:4 & im:7 & pr:16 & pr:6 & th:11 & th:12 & va:10,"{'problem_analysis': 2, 'theoretical_insight': 2, 'implementation_mechanism': 2}"
5912,6,de:6 & im:37 & pr:31 & pr:7 & th:12 & va:13,"{'problem_analysis': 2, 'design_rationale': 1, 'implementation_mechanism': 1}"
5913,6,de:15 & im:4 & pr:31 & pr:6 & th:12 & va:32,"{'problem_analysis': 2, 'theoretical_insight': 1, 'implementation_mechanism': 1}"
5914,6,de:23 & im:26 & pr:22 & pr:31 & th:33 & va:2,"{'problem_analysis': 2, 'design_rationale': 1, 'implementation_mechanism': 1}"
5915,6,de:20 & im:19 & pr:31 & pr:32 & th:12 & va:9,"{'problem_analysis': 2, 'theoretical_insight': 1, 'design_rationale': 1}"
5916,6,de:23 & im:35 & pr:22 & pr:31 & va:2,"{'problem_analysis': 2, 'design_rationale': 1, 'implementation_mechanism': 1}"
5917,6,de:38 & im:7 & pr:22 & pr:31 & th:12 & va:13,"{'problem_analysis': 2, 'theoretical_insight': 1, 'design_rationale': 1}"
5918,6,de:11 & im:10 & im:31 & pr:13 & pr:23 & pr:3 & th:25 & th:4 & va:1 & va:20,"{'problem_analysis': 3, 'validation_evidence': 2, 'theoretical_insight': 2}"
5919,6,de:29 & im:16 & pr:19 & pr:39 & pr:7 & th:36 & va:26,"{'problem_analysis': 3, 'implementation_mechanism': 1, 'design_rationale': 1}"
5920,6,de:7 & im:4 & pr:19 & pr:6 & pr:7 & th:12 & va:10,"{'problem_analysis': 3, 'theoretical_insight': 1, 'implementation_mechanism': 1}"
5921,6,de:20 & im:19 & pr:19 & pr:35 & pr:7 & th:12 & va:2,"{'problem_analysis': 3, 'theoretical_insight': 1, 'design_rationale': 1}"
5922,6,de:12 & im:20 & pr:19 & pr:7 & pr:9 & th:1 & va:12,"{'problem_analysis': 3, 'validation_evidence': 1, 'theoretical_insight': 1}"
5923,6,de:11 & im:9 & pr:19 & pr:33 & pr:7 & th:35 & va:15,"{'problem_analysis': 3, 'implementation_mechanism': 1, 'design_rationale': 1}"
5924,6,de:15 & im:4 & im:7 & pr:19 & pr:6 & pr:7 & th:12 & va:10,"{'problem_analysis': 3, 'implementation_mechanism': 2, 'theoretical_insight': 1}"
5925,6,pr:7 & pr:9 & th:14,"{'problem_analysis': 2, 'theoretical_insight': 1}"
5926,6,de:37 & im:1 & pr:7 & pr:9 & th:14 & th:6 & va:17,"{'problem_analysis': 2, 'theoretical_insight': 2, 'validation_evidence': 1}"
5927,6,im:1 & pr:7 & pr:9 & th:14 & th:6 & va:39,"{'problem_analysis': 2, 'theoretical_insight': 2, 'validation_evidence': 1}"
5928,6,de:15 & im:4 & pr:6 & pr:7 & pr:9 & th:11 & th:14,"{'problem_analysis': 3, 'theoretical_insight': 2, 'implementation_mechanism': 1}"
5929,6,de:16 & im:1 & pr:9 & th:14 & th:31 & va:39,"{'theoretical_insight': 2, 'problem_analysis': 1, 'design_rationale': 1}"
5930,6,de:15 & im:4 & pr:12 & pr:9 & th:14 & th:2 & va:9,"{'theoretical_insight': 2, 'problem_analysis': 2, 'implementation_mechanism': 1}"
5931,6,de:37 & im:1 & pr:12 & pr:9 & th:14 & th:6 & va:39,"{'problem_analysis': 2, 'theoretical_insight': 2, 'validation_evidence': 1}"
5932,6,de:23 & im:27 & pr:22 & pr:28 & pr:31 & pr:6 & pr:9 & th:14 & th:18 & th:33 & va:22,"{'problem_analysis': 5, 'theoretical_insight': 3, 'design_rationale': 1}"
5933,6,pr:26 & pr:31 & pr:6 & th:11 & va:2,"{'problem_analysis': 3, 'theoretical_insight': 1, 'validation_evidence': 1}"
5934,6,de:8 & im:6 & pr:37 & th:27 & va:20,"{'implementation_mechanism': 1, 'design_rationale': 1, 'problem_analysis': 1}"
5935,6,de:16 & pr:12 & pr:4 & th:2,"{'problem_analysis': 2, 'theoretical_insight': 1, 'design_rationale': 1}"
5936,6,de:7 & im:10 & pr:12 & pr:7 & th:37 & va:37,"{'problem_analysis': 2, 'validation_evidence': 1, 'implementation_mechanism': 1}"
5937,6,de:15 & im:4 & pr:11 & pr:12 & th:11 & va:30,"{'problem_analysis': 2, 'implementation_mechanism': 1, 'theoretical_insight': 1}"
5938,6,de:20 & im:19 & pr:12 & pr:27 & th:12 & va:17,"{'problem_analysis': 2, 'theoretical_insight': 1, 'validation_evidence': 1}"
5939,6,de:3 & im:16 & pr:12 & pr:2 & pr:39 & th:36 & va:0,"{'problem_analysis': 3, 'implementation_mechanism': 1, 'validation_evidence': 1}"
5940,6,de:3 & im:16 & pr:12 & pr:2 & pr:39 & th:36 & va:26,"{'problem_analysis': 3, 'implementation_mechanism': 1, 'validation_evidence': 1}"
5941,6,de:3 & im:16 & pr:12 & pr:39 & th:13 & va:26,"{'problem_analysis': 2, 'theoretical_insight': 1, 'implementation_mechanism': 1}"
5942,6,de:3 & im:24 & pr:12 & pr:39 & th:36 & va:26,"{'problem_analysis': 2, 'implementation_mechanism': 1, 'validation_evidence': 1}"
5943,6,de:3 & im:24 & pr:12 & pr:39 & th:19 & th:39 & va:26,"{'theoretical_insight': 2, 'problem_analysis': 2, 'implementation_mechanism': 1}"
5944,6,de:11 & im:22 & pr:19 & pr:31 & th:2 & va:17,"{'problem_analysis': 2, 'theoretical_insight': 1, 'implementation_mechanism': 1}"
5945,6,de:37 & im:1 & pr:25 & th:1 & va:39,"{'problem_analysis': 1, 'theoretical_insight': 1, 'validation_evidence': 1}"
5946,6,de:16 & de:37 & im:1 & pr:25 & pr:6 & pr:9 & th:1 & th:2 & va:39,"{'problem_analysis': 3, 'theoretical_insight': 2, 'design_rationale': 2}"
5947,6,de:16 & de:37 & im:1 & pr:19 & pr:25 & pr:9 & th:1 & th:2 & th:6 & va:1 & va:39,"{'theoretical_insight': 3, 'problem_analysis': 3, 'validation_evidence': 2}"
5948,6,de:15 & de:16 & de:37 & im:1 & im:4 & pr:25 & pr:6 & pr:9 & th:1 & th:11 & th:2 & va:39 & va:9,"{'theoretical_insight': 3, 'design_rationale': 3, 'problem_analysis': 3}"
5949,6,de:12 & de:16 & de:37 & im:1 & im:20 & pr:25 & pr:9 & th:1 & th:2 & va:12 & va:39,"{'design_rationale': 3, 'theoretical_insight': 2, 'validation_evidence': 2}"
5950,6,de:16 & de:20 & de:37 & im:1 & im:19 & pr:25 & pr:35 & pr:9 & th:1 & th:12 & th:2 & va:2 & va:39,"{'theoretical_insight': 3, 'problem_analysis': 3, 'design_rationale': 3}"
5951,6,de:37 & im:1 & pr:12 & pr:19 & pr:25 & th:1 & th:33 & th:6 & va:17 & va:39,"{'problem_analysis': 3, 'theoretical_insight': 3, 'validation_evidence': 2}"
5952,6,de:15 & de:16 & de:37 & im:1 & im:4 & pr:25 & pr:6 & pr:9 & th:1 & th:2 & va:10 & va:39,"{'design_rationale': 3, 'problem_analysis': 3, 'theoretical_insight': 2}"
5953,6,de:16 & de:37 & im:1 & im:4 & pr:19 & pr:25 & pr:27 & th:1 & th:12 & th:6 & va:39,"{'problem_analysis': 3, 'theoretical_insight': 3, 'design_rationale': 2}"
5954,6,de:20 & de:28 & de:37 & im:1 & im:19 & pr:12 & pr:19 & pr:24 & pr:25 & th:1 & th:33 & va:17 & va:30 & va:39,"{'problem_analysis': 4, 'design_rationale': 3, 'validation_evidence': 3}"
5955,6,de:16 & de:37 & im:1 & pr:25 & pr:9 & th:1 & th:2 & th:6 & va:17 & va:39,"{'theoretical_insight': 3, 'design_rationale': 2, 'problem_analysis': 2}"
5956,6,de:1 & de:16 & de:37 & im:1 & im:8 & pr:16 & pr:20 & pr:25 & pr:9 & th:1 & th:2 & th:6 & va:35 & va:39,"{'problem_analysis': 4, 'theoretical_insight': 3, 'design_rationale': 3}"
5957,6,de:16 & de:37 & im:1 & im:4 & pr:12 & pr:25 & pr:27 & th:1 & th:12 & va:15 & va:39,"{'problem_analysis': 3, 'design_rationale': 2, 'theoretical_insight': 2}"
5958,6,de:1 & de:16 & de:37 & im:1 & pr:13 & pr:25 & pr:36 & pr:9 & th:1 & th:2 & th:23 & va:39 & va:4,"{'problem_analysis': 4, 'theoretical_insight': 3, 'design_rationale': 3}"
5959,6,de:22 & de:37 & im:1 & im:31 & pr:13 & pr:19 & pr:25 & pr:3 & th:1 & th:33 & th:4 & va:11 & va:17 & va:39,"{'problem_analysis': 4, 'theoretical_insight': 3, 'validation_evidence': 3}"
5960,6,de:20 & de:9 & im:4 & pr:27 & pr:3 & th:1,"{'design_rationale': 2, 'problem_analysis': 2, 'theoretical_insight': 1}"
5961,6,de:20 & de:9 & im:4 & pr:27 & pr:3 & pr:6 & th:1,"{'problem_analysis': 3, 'design_rationale': 2, 'theoretical_insight': 1}"
5962,6,de:20 & de:9 & im:19 & im:4 & pr:11 & pr:27 & pr:3 & th:1 & th:12 & va:9,"{'problem_analysis': 3, 'design_rationale': 2, 'theoretical_insight': 2}"
5963,6,de:15 & de:20 & de:9 & im:4 & pr:27 & pr:3 & pr:31 & th:1 & th:9 & va:10,"{'design_rationale': 3, 'problem_analysis': 3, 'theoretical_insight': 2}"
5964,6,de:13 & de:20 & de:9 & im:1 & im:4 & pr:27 & pr:3 & pr:7 & th:1 & th:37 & va:17,"{'design_rationale': 3, 'problem_analysis': 3, 'theoretical_insight': 2}"
5965,6,de:20 & de:37 & de:9 & im:1 & im:4 & pr:19 & pr:27 & pr:3 & th:1 & th:6 & va:1,"{'design_rationale': 3, 'problem_analysis': 3, 'theoretical_insight': 2}"
5966,6,de:15 & de:20 & de:9 & im:4 & pr:27 & pr:3 & pr:31 & th:1 & th:11 & va:9,"{'design_rationale': 3, 'problem_analysis': 3, 'theoretical_insight': 2}"
5967,6,de:20 & de:37 & de:9 & im:1 & im:4 & pr:12 & pr:27 & pr:3 & th:1 & th:6 & va:39,"{'design_rationale': 3, 'problem_analysis': 3, 'theoretical_insight': 2}"
5968,6,de:14 & de:20 & de:9 & im:25 & im:4 & pr:14 & pr:27 & pr:3 & th:1 & th:26 & va:20,"{'problem_analysis': 3, 'design_rationale': 3, 'theoretical_insight': 2}"
5969,6,de:15 & de:20 & de:9 & im:4 & pr:27 & pr:3 & pr:6 & th:1 & th:11,"{'problem_analysis': 3, 'design_rationale': 3, 'theoretical_insight': 2}"
5970,6,de:20 & de:23 & de:9 & im:27 & im:4 & pr:22 & pr:27 & pr:3 & th:1 & th:18 & va:22,"{'problem_analysis': 3, 'design_rationale': 3, 'implementation_mechanism': 2}"
5971,6,de:15 & de:20 & de:9 & im:4 & im:7 & pr:27 & pr:3 & pr:6 & th:1 & th:12 & va:10,"{'problem_analysis': 3, 'design_rationale': 3, 'theoretical_insight': 2}"
5972,6,de:20 & de:34 & de:9 & im:10 & im:4 & pr:10 & pr:19 & pr:27 & pr:3 & th:1 & th:3 & va:4,"{'problem_analysis': 4, 'design_rationale': 3, 'theoretical_insight': 2}"
5973,6,de:20 & de:23 & de:9 & im:27 & im:4 & pr:22 & pr:27 & pr:28 & pr:3 & pr:31 & pr:6 & th:1 & th:18 & th:33 & va:22,"{'problem_analysis': 6, 'design_rationale': 3, 'theoretical_insight': 3}"
5974,6,de:5 & im:28 & pr:26 & pr:7 & th:6 & va:1,"{'problem_analysis': 2, 'validation_evidence': 1, 'implementation_mechanism': 1}"
5975,6,de:15 & im:4 & pr:24 & pr:26 & pr:6 & th:11 & va:32,"{'problem_analysis': 3, 'implementation_mechanism': 1, 'theoretical_insight': 1}"
5976,6,de:11 & im:22 & pr:18 & pr:26 & pr:31 & th:2 & va:17,"{'problem_analysis': 3, 'theoretical_insight': 1, 'implementation_mechanism': 1}"
5977,6,de:11 & im:1 & pr:10 & pr:26 & pr:31 & th:27 & va:22,"{'problem_analysis': 3, 'design_rationale': 1, 'validation_evidence': 1}"
5978,6,de:1 & im:8 & pr:16 & pr:20 & pr:26 & th:6 & va:35,"{'problem_analysis': 3, 'implementation_mechanism': 1, 'validation_evidence': 1}"
5979,6,de:1 & im:1 & pr:13 & pr:26 & pr:36 & th:23 & va:4,"{'problem_analysis': 3, 'theoretical_insight': 1, 'design_rationale': 1}"
5980,6,de:23 & im:27 & pr:22 & pr:26 & pr:28 & pr:31 & pr:6 & th:18 & th:33 & va:2,"{'problem_analysis': 5, 'theoretical_insight': 2, 'design_rationale': 1}"
5981,6,de:37 & im:1 & pr:18 & pr:19 & pr:25 & th:33 & th:6 & va:17,"{'problem_analysis': 3, 'theoretical_insight': 2, 'validation_evidence': 1}"
5982,6,de:37 & im:1 & pr:12 & pr:19 & pr:25 & th:33 & th:6 & va:39,"{'problem_analysis': 3, 'theoretical_insight': 2, 'validation_evidence': 1}"
5983,6,de:29 & im:10 & pr:29 & th:36 & va:26,"{'problem_analysis': 1, 'implementation_mechanism': 1, 'design_rationale': 1}"
5984,6,de:20 & im:7 & pr:32 & pr:4 & th:12,"{'problem_analysis': 2, 'theoretical_insight': 1, 'design_rationale': 1}"
5985,6,de:17 & im:20 & pr:24 & pr:7 & th:21 & va:30,"{'problem_analysis': 2, 'design_rationale': 1, 'implementation_mechanism': 1}"
5986,6,de:29 & im:10 & pr:10 & th:5 & va:1,"{'validation_evidence': 1, 'theoretical_insight': 1, 'problem_analysis': 1}"
5987,6,de:9 & im:19 & pr:12 & pr:4 & th:12 & va:30,"{'problem_analysis': 2, 'theoretical_insight': 1, 'design_rationale': 1}"
5988,6,de:14 & de:15 & im:25 & im:4 & pr:19 & pr:6 & pr:9 & th:11 & th:26 & va:10 & va:19 & va:20,"{'validation_evidence': 3, 'problem_analysis': 3, 'design_rationale': 2}"
5989,6,de:14 & de:3 & im:16 & im:25 & pr:14 & pr:19 & pr:39 & pr:9 & th:26 & th:36 & va:19 & va:20 & va:26,"{'problem_analysis': 4, 'validation_evidence': 3, 'implementation_mechanism': 2}"
5990,6,de:37 & im:1 & pr:33 & th:37 & va:39,"{'problem_analysis': 1, 'validation_evidence': 1, 'theoretical_insight': 1}"
5991,6,pr:6 & pr:7 & th:37,"{'problem_analysis': 2, 'theoretical_insight': 1}"
5992,6,pr:7 & th:37,"{'problem_analysis': 1, 'theoretical_insight': 1}"
5993,6,pr:16 & pr:7 & th:37,"{'problem_analysis': 2, 'theoretical_insight': 1}"
5994,6,de:15 & im:4 & pr:12 & pr:7 & th:2 & th:37 & va:10,"{'theoretical_insight': 2, 'problem_analysis': 2, 'implementation_mechanism': 1}"
5995,6,de:7 & im:4 & pr:6 & pr:7 & th:12 & th:37 & va:10,"{'problem_analysis': 2, 'theoretical_insight': 2, 'implementation_mechanism': 1}"
5996,6,de:3 & im:16 & pr:39 & pr:7 & th:36 & th:37 & va:0,"{'problem_analysis': 2, 'theoretical_insight': 2, 'implementation_mechanism': 1}"
5997,6,de:16 & im:1 & pr:12 & pr:7 & th:31 & th:37 & va:39,"{'theoretical_insight': 2, 'problem_analysis': 2, 'design_rationale': 1}"
5998,6,de:28 & im:7 & pr:6 & pr:7 & th:37 & th:9 & va:32,"{'problem_analysis': 2, 'theoretical_insight': 2, 'design_rationale': 1}"
5999,6,de:15 & im:4 & pr:6 & pr:7 & th:1 & th:37 & va:10,"{'problem_analysis': 2, 'theoretical_insight': 2, 'implementation_mechanism': 1}"
6000,6,de:15 & im:4 & pr:27 & pr:6 & pr:7 & th:12 & th:2 & th:37 & va:10,"{'theoretical_insight': 3, 'problem_analysis': 3, 'implementation_mechanism': 1}"
6001,6,de:15 & im:4 & im:7 & pr:6 & pr:7 & th:12 & th:37 & va:10,"{'problem_analysis': 2, 'theoretical_insight': 2, 'implementation_mechanism': 2}"
6002,6,de:8 & im:12 & pr:10 & pr:12 & pr:31 & th:7 & va:4,"{'problem_analysis': 3, 'theoretical_insight': 1, 'validation_evidence': 1}"
6003,6,pr:12 & pr:3 & pr:31 & th:6,"{'problem_analysis': 3, 'theoretical_insight': 1}"
6004,6,de:37 & im:1 & pr:12 & pr:20 & pr:31 & th:6 & va:1,"{'problem_analysis': 3, 'validation_evidence': 1, 'implementation_mechanism': 1}"
6005,6,de:22 & im:36 & pr:12 & pr:13 & pr:31 & th:4 & va:0,"{'problem_analysis': 3, 'design_rationale': 1, 'implementation_mechanism': 1}"
6006,6,de:6 & im:7 & pr:12 & pr:31 & pr:8 & th:34 & va:0,"{'problem_analysis': 3, 'design_rationale': 1, 'theoretical_insight': 1}"
6007,6,de:37 & im:1 & pr:19 & pr:5 & th:1 & th:6 & va:1,"{'theoretical_insight': 2, 'problem_analysis': 2, 'validation_evidence': 1}"
6008,6,de:15 & im:4 & pr:19 & pr:5 & pr:6 & th:1 & th:11 & va:9,"{'problem_analysis': 3, 'theoretical_insight': 2, 'implementation_mechanism': 1}"
6009,6,de:37 & im:3 & pr:16 & th:28 & va:33,"{'problem_analysis': 1, 'validation_evidence': 1, 'design_rationale': 1}"
6010,6,de:37 & im:31 & pr:13 & pr:16 & pr:19 & th:28 & th:4,"{'problem_analysis': 3, 'theoretical_insight': 2, 'implementation_mechanism': 1}"
6011,6,de:37 & im:1 & pr:12 & pr:16 & pr:19 & th:28 & th:6 & va:17,"{'problem_analysis': 3, 'theoretical_insight': 2, 'validation_evidence': 1}"
6012,6,de:15 & de:37 & im:4 & pr:16 & pr:19 & pr:31 & th:28 & th:9 & va:10,"{'problem_analysis': 3, 'design_rationale': 2, 'theoretical_insight': 2}"
6013,6,de:15 & de:37 & im:4 & pr:16 & pr:19 & pr:31 & th:11 & th:28 & va:9,"{'problem_analysis': 3, 'design_rationale': 2, 'theoretical_insight': 2}"
6014,6,de:15 & de:37 & im:4 & pr:16 & pr:19 & pr:6 & th:11 & th:28,"{'problem_analysis': 3, 'design_rationale': 2, 'theoretical_insight': 2}"
6015,6,de:18 & im:0 & pr:16 & th:7 & va:1,"{'problem_analysis': 1, 'validation_evidence': 1, 'design_rationale': 1}"
6016,6,de:36 & im:2 & pr:18 & th:10 & va:33,"{'theoretical_insight': 1, 'design_rationale': 1, 'problem_analysis': 1}"
6017,6,de:0 & im:36 & pr:20 & th:29 & va:4,"{'implementation_mechanism': 1, 'theoretical_insight': 1, 'problem_analysis': 1}"
6018,6,de:37 & im:1 & pr:13 & pr:19 & pr:3 & pr:8 & th:15 & th:6 & va:1,"{'problem_analysis': 4, 'theoretical_insight': 2, 'validation_evidence': 1}"
6019,6,de:3 & im:16 & pr:11 & pr:27 & pr:39 & th:36 & va:26,"{'problem_analysis': 3, 'implementation_mechanism': 1, 'validation_evidence': 1}"
6020,6,de:1 & de:3 & im:13 & im:16 & im:18 & pr:2 & pr:39 & th:34 & th:36 & va:26,"{'implementation_mechanism': 3, 'problem_analysis': 2, 'theoretical_insight': 2}"
6021,6,de:20 & de:28 & im:19 & pr:12 & pr:24 & th:1 & va:30,"{'problem_analysis': 2, 'design_rationale': 2, 'implementation_mechanism': 1}"
6022,6,de:15 & de:16 & de:37 & im:1 & im:4 & pr:18 & pr:25 & pr:6 & th:0 & th:11 & th:6 & va:9,"{'design_rationale': 3, 'problem_analysis': 3, 'theoretical_insight': 3}"
6023,6,de:15 & im:4 & pr:16 & va:10,"{'implementation_mechanism': 1, 'problem_analysis': 1, 'validation_evidence': 1}"
6024,6,de:7 & im:10 & pr:16 & pr:19 & th:37 & va:37,"{'problem_analysis': 2, 'validation_evidence': 1, 'implementation_mechanism': 1}"
6025,6,de:15 & im:4 & pr:16 & pr:31 & pr:6 & th:11 & va:10,"{'problem_analysis': 3, 'implementation_mechanism': 1, 'theoretical_insight': 1}"
6026,6,de:15 & im:4 & pr:16 & pr:31 & th:11 & va:9,"{'problem_analysis': 2, 'implementation_mechanism': 1, 'theoretical_insight': 1}"
6027,6,de:17 & im:20 & pr:12 & pr:16 & th:12 & th:2 & va:3,"{'theoretical_insight': 2, 'problem_analysis': 2, 'design_rationale': 1}"
6028,6,de:1 & im:1 & pr:13 & pr:36 & pr:7 & th:23 & va:4,"{'problem_analysis': 3, 'theoretical_insight': 1, 'design_rationale': 1}"
6029,6,de:37 & im:1 & pr:13 & pr:19 & pr:2 & th:10 & th:6 & va:1,"{'problem_analysis': 3, 'theoretical_insight': 2, 'validation_evidence': 1}"
6030,6,de:15 & im:4 & pr:13 & pr:2 & pr:6 & th:10 & th:11 & va:9,"{'problem_analysis': 3, 'theoretical_insight': 2, 'implementation_mechanism': 1}"
6031,6,de:6 & im:16 & pr:5 & th:1 & va:26,"{'design_rationale': 1, 'implementation_mechanism': 1, 'theoretical_insight': 1}"
6032,6,pr:16 & pr:7 & th:6,"{'problem_analysis': 2, 'theoretical_insight': 1}"
6033,6,de:15 & im:4 & pr:16 & pr:6 & pr:7 & th:11 & th:6 & va:9,"{'problem_analysis': 3, 'theoretical_insight': 2, 'implementation_mechanism': 1}"
6034,6,de:37 & im:0 & im:1 & pr:10 & pr:18 & pr:19 & th:6 & th:7 & va:17 & va:24,"{'problem_analysis': 3, 'validation_evidence': 2, 'theoretical_insight': 2}"
6035,6,de:37 & im:0 & im:1 & pr:10 & pr:12 & pr:19 & th:6 & th:7 & va:24 & va:39,"{'problem_analysis': 3, 'validation_evidence': 2, 'theoretical_insight': 2}"
6036,6,de:20 & im:19 & pr:12 & th:2 & va:9,"{'theoretical_insight': 1, 'design_rationale': 1, 'problem_analysis': 1}"
6037,6,pr:11 & pr:12 & pr:16 & th:2,"{'problem_analysis': 3, 'theoretical_insight': 1}"
6038,6,de:16 & im:1 & pr:11 & pr:12 & th:2 & th:31 & va:39,"{'theoretical_insight': 2, 'problem_analysis': 2, 'design_rationale': 1}"
6039,6,de:29 & im:16 & pr:11 & pr:12 & pr:39 & th:2 & th:36 & va:26,"{'problem_analysis': 3, 'theoretical_insight': 2, 'implementation_mechanism': 1}"
6040,6,de:37 & im:1 & pr:11 & pr:12 & pr:19 & th:2 & th:6 & va:39,"{'problem_analysis': 3, 'theoretical_insight': 2, 'validation_evidence': 1}"
6041,6,de:15 & im:4 & pr:11 & pr:12 & pr:31 & th:2 & va:10,"{'problem_analysis': 3, 'theoretical_insight': 1, 'implementation_mechanism': 1}"
6042,6,de:28 & im:7 & pr:11 & pr:12 & pr:6 & th:2 & th:9 & va:32,"{'problem_analysis': 3, 'theoretical_insight': 2, 'design_rationale': 1}"
6043,6,de:7 & im:4 & pr:11 & pr:12 & pr:6 & th:12 & th:2 & va:10,"{'problem_analysis': 3, 'theoretical_insight': 2, 'implementation_mechanism': 1}"
6044,6,de:12 & im:20 & pr:11 & pr:12 & pr:9 & th:1 & th:2 & va:12,"{'problem_analysis': 3, 'theoretical_insight': 2, 'validation_evidence': 1}"
6045,6,de:11 & im:9 & pr:11 & pr:12 & pr:33 & th:2 & th:35 & va:15,"{'problem_analysis': 3, 'theoretical_insight': 2, 'implementation_mechanism': 1}"
6046,6,de:15 & im:4 & pr:11 & pr:12 & pr:31 & pr:6 & th:11 & th:2 & va:10,"{'problem_analysis': 4, 'theoretical_insight': 2, 'implementation_mechanism': 1}"
6047,6,de:15 & im:4 & pr:11 & pr:12 & pr:27 & pr:31 & th:11 & th:2 & va:9,"{'problem_analysis': 4, 'theoretical_insight': 2, 'implementation_mechanism': 1}"
6048,6,de:7 & im:10 & pr:11 & pr:12 & pr:7 & th:2 & th:37 & va:37,"{'problem_analysis': 3, 'theoretical_insight': 2, 'validation_evidence': 1}"
6049,6,de:37 & im:1 & pr:11 & pr:12 & pr:19 & th:2 & th:6 & va:17,"{'problem_analysis': 3, 'theoretical_insight': 2, 'validation_evidence': 1}"
6050,6,de:37 & im:1 & pr:11 & pr:12 & th:2 & th:6 & va:17,"{'theoretical_insight': 2, 'problem_analysis': 2, 'validation_evidence': 1}"
6051,6,de:15 & im:4 & pr:11 & pr:12 & pr:6 & th:1 & th:2 & va:10,"{'problem_analysis': 3, 'theoretical_insight': 2, 'implementation_mechanism': 1}"
6052,6,de:17 & im:20 & pr:11 & pr:12 & pr:27 & th:12 & th:2 & va:3,"{'problem_analysis': 3, 'theoretical_insight': 2, 'design_rationale': 1}"
6053,6,de:20 & im:20 & pr:11 & pr:12 & pr:24 & th:1 & th:2 & va:30,"{'problem_analysis': 3, 'theoretical_insight': 2, 'design_rationale': 1}"
6054,6,de:37 & im:1 & pr:11 & pr:12 & pr:19 & th:2 & th:6 & va:37,"{'problem_analysis': 3, 'theoretical_insight': 2, 'validation_evidence': 1}"
6055,6,de:1 & im:8 & pr:11 & pr:12 & pr:16 & pr:20 & th:2 & th:6 & va:35,"{'problem_analysis': 4, 'theoretical_insight': 2, 'implementation_mechanism': 1}"
6056,6,de:15 & im:4 & pr:11 & pr:12 & pr:27 & pr:6 & th:12 & th:2 & va:10,"{'problem_analysis': 4, 'theoretical_insight': 2, 'implementation_mechanism': 1}"
6057,6,de:1 & im:1 & pr:11 & pr:12 & pr:13 & pr:19 & th:2 & th:23 & va:4,"{'problem_analysis': 4, 'theoretical_insight': 2, 'design_rationale': 1}"
6058,6,de:15 & im:4 & im:7 & pr:11 & pr:12 & pr:6 & th:12 & th:2 & va:10,"{'problem_analysis': 3, 'theoretical_insight': 2, 'implementation_mechanism': 2}"
6059,6,de:20 & im:19 & pr:11 & pr:12 & pr:24 & th:1 & th:2 & va:30,"{'problem_analysis': 3, 'theoretical_insight': 2, 'validation_evidence': 1}"
6060,6,de:37 & im:3 & pr:11 & pr:12 & pr:16 & pr:19 & th:2 & th:28 & va:33,"{'problem_analysis': 4, 'theoretical_insight': 2, 'validation_evidence': 1}"
6061,6,de:37 & im:1 & pr:19 & pr:2 & pr:39 & th:6 & va:1,"{'problem_analysis': 3, 'validation_evidence': 1, 'implementation_mechanism': 1}"
6062,6,de:23 & im:27 & pr:22 & th:18 & va:2,"{'problem_analysis': 1, 'design_rationale': 1, 'implementation_mechanism': 1}"
6063,6,pr:28 & pr:31 & pr:33 & pr:6 & th:33,"{'problem_analysis': 4, 'theoretical_insight': 1}"
6064,6,de:15 & pr:28 & pr:31 & pr:6 & th:33,"{'problem_analysis': 3, 'theoretical_insight': 1, 'design_rationale': 1}"
6065,6,de:15 & im:4 & pr:28 & pr:31 & pr:6 & th:33,"{'problem_analysis': 3, 'implementation_mechanism': 1, 'theoretical_insight': 1}"
6066,6,de:22 & im:31 & pr:28 & pr:31 & pr:6 & th:2 & th:33,"{'problem_analysis': 3, 'theoretical_insight': 2, 'design_rationale': 1}"
6067,6,de:11 & im:1 & pr:10 & pr:28 & pr:6 & th:27 & th:33 & va:22,"{'problem_analysis': 3, 'theoretical_insight': 2, 'design_rationale': 1}"
6068,6,pr:28 & pr:31 & pr:6 & th:16 & th:33 & va:1,"{'problem_analysis': 3, 'theoretical_insight': 2, 'validation_evidence': 1}"
6069,6,im:28 & pr:12 & pr:28 & pr:31 & pr:6 & th:33 & va:3,"{'problem_analysis': 4, 'validation_evidence': 1, 'implementation_mechanism': 1}"
6070,6,pr:28 & pr:31 & pr:37 & pr:6 & th:33 & va:37,"{'problem_analysis': 4, 'validation_evidence': 1, 'theoretical_insight': 1}"
6071,6,pr:12 & pr:28 & pr:31 & pr:6 & th:2 & th:33,"{'problem_analysis': 4, 'theoretical_insight': 2}"
6072,6,im:4 & pr:28 & pr:31 & pr:6 & th:33 & th:9 & va:10,"{'problem_analysis': 3, 'theoretical_insight': 2, 'validation_evidence': 1}"
6073,6,de:16 & pr:19 & pr:28 & pr:31 & pr:6 & th:31 & th:33,"{'problem_analysis': 4, 'theoretical_insight': 2, 'design_rationale': 1}"
6074,6,de:15 & im:4 & pr:28 & pr:31 & pr:6 & th:33 & va:32,"{'problem_analysis': 3, 'implementation_mechanism': 1, 'theoretical_insight': 1}"
6075,6,de:16 & pr:12 & pr:28 & pr:31 & pr:6 & th:2 & th:33 & va:2,"{'problem_analysis': 4, 'theoretical_insight': 2, 'design_rationale': 1}"
6076,6,de:22 & im:31 & pr:28 & pr:31 & pr:6 & th:2 & th:33 & va:4,"{'problem_analysis': 3, 'theoretical_insight': 2, 'design_rationale': 1}"
6077,6,de:16 & im:10 & pr:28 & pr:31 & pr:6 & th:12 & th:33 & va:3,"{'problem_analysis': 3, 'theoretical_insight': 2, 'design_rationale': 1}"
6078,6,de:16 & im:4 & pr:28 & pr:31 & pr:6 & th:2 & th:33 & va:10,"{'problem_analysis': 3, 'theoretical_insight': 2, 'design_rationale': 1}"
6079,6,de:16 & im:19 & pr:28 & pr:31 & pr:6 & th:21 & th:33 & va:2,"{'problem_analysis': 3, 'theoretical_insight': 2, 'design_rationale': 1}"
6080,6,de:37 & im:28 & pr:20 & pr:28 & pr:31 & pr:6 & th:33 & th:38,"{'problem_analysis': 4, 'theoretical_insight': 2, 'implementation_mechanism': 1}"
6081,6,de:15 & im:4 & pr:28 & pr:31 & pr:6 & th:33 & th:9 & va:31,"{'problem_analysis': 3, 'theoretical_insight': 2, 'design_rationale': 1}"
6082,6,de:25 & im:34 & pr:28 & pr:31 & pr:4 & pr:6 & th:21 & th:33 & va:27,"{'problem_analysis': 4, 'theoretical_insight': 2, 'design_rationale': 1}"
6083,6,de:9 & im:35 & pr:28 & pr:31 & pr:6 & th:12 & th:33 & va:2,"{'problem_analysis': 3, 'theoretical_insight': 2, 'design_rationale': 1}"
6084,6,de:15 & im:4 & pr:28 & pr:31 & pr:6 & th:11 & th:33 & va:15,"{'problem_analysis': 3, 'theoretical_insight': 2, 'implementation_mechanism': 1}"
6085,6,de:6 & im:21 & pr:0 & pr:28 & pr:31 & pr:6 & th:1 & th:33,"{'problem_analysis': 4, 'theoretical_insight': 2, 'design_rationale': 1}"
6086,6,de:20 & im:4 & pr:11 & pr:28 & pr:31 & pr:6 & th:12 & th:33,"{'problem_analysis': 4, 'theoretical_insight': 2, 'implementation_mechanism': 1}"
6087,6,de:22 & im:9 & pr:13 & pr:28 & pr:31 & pr:6 & th:33 & th:4 & va:15,"{'problem_analysis': 4, 'theoretical_insight': 2, 'design_rationale': 1}"
6088,6,im:31 & pr:13 & pr:28 & pr:31 & pr:6 & th:33 & th:4 & va:0,"{'problem_analysis': 4, 'theoretical_insight': 2, 'validation_evidence': 1}"
6089,6,de:37 & im:28 & pr:28 & pr:31 & pr:6 & pr:7 & th:33 & th:6 & va:1,"{'problem_analysis': 4, 'theoretical_insight': 2, 'validation_evidence': 1}"
6090,6,de:13 & im:7 & pr:26 & pr:28 & pr:31 & pr:6 & th:33 & va:30,"{'problem_analysis': 4, 'design_rationale': 1, 'validation_evidence': 1}"
6091,6,de:37 & im:1 & pr:12 & pr:28 & pr:31 & pr:6 & th:33 & th:6 & va:15,"{'problem_analysis': 4, 'theoretical_insight': 2, 'validation_evidence': 1}"
6092,6,de:15 & im:4 & pr:28 & pr:31 & pr:6 & th:12 & th:33 & va:10,"{'problem_analysis': 3, 'theoretical_insight': 2, 'validation_evidence': 1}"
6093,6,de:16 & im:4 & pr:28 & pr:31 & pr:6 & pr:7 & th:33 & th:37 & va:2,"{'problem_analysis': 4, 'theoretical_insight': 2, 'design_rationale': 1}"
6094,6,de:22 & im:31 & pr:28 & pr:31 & pr:32 & pr:6 & th:33 & th:4 & va:23,"{'problem_analysis': 4, 'theoretical_insight': 2, 'design_rationale': 1}"
6095,6,de:3 & im:16 & pr:28 & pr:31 & pr:6 & pr:7 & th:33 & th:36 & va:0,"{'problem_analysis': 4, 'theoretical_insight': 2, 'implementation_mechanism': 1}"
6096,6,de:14 & im:25 & pr:14 & pr:28 & pr:31 & pr:6 & th:26 & th:33,"{'problem_analysis': 4, 'theoretical_insight': 2, 'implementation_mechanism': 1}"
6097,6,de:16 & im:35 & pr:12 & pr:28 & pr:31 & pr:6 & th:2 & th:33 & va:2,"{'problem_analysis': 4, 'theoretical_insight': 2, 'design_rationale': 1}"
6098,6,de:7 & im:14 & pr:28 & pr:31 & pr:4 & pr:6 & th:1 & th:33 & va:28,"{'problem_analysis': 4, 'theoretical_insight': 2, 'implementation_mechanism': 1}"
6099,6,de:37 & im:1 & pr:19 & pr:28 & pr:31 & pr:6 & th:33 & th:37 & va:39,"{'problem_analysis': 4, 'theoretical_insight': 2, 'validation_evidence': 1}"
6100,6,pr:2 & pr:28 & pr:31 & pr:33 & pr:6 & th:33 & th:36 & va:7,"{'problem_analysis': 5, 'theoretical_insight': 2, 'validation_evidence': 1}"
6101,6,de:16 & im:1 & pr:18 & pr:28 & pr:31 & pr:6 & th:0 & th:33 & va:17,"{'problem_analysis': 4, 'theoretical_insight': 2, 'design_rationale': 1}"
6102,6,de:25 & im:34 & pr:28 & pr:31 & pr:32 & pr:6 & th:33,"{'problem_analysis': 4, 'design_rationale': 1, 'implementation_mechanism': 1}"
6103,6,de:16 & im:4 & pr:28 & pr:31 & pr:6 & pr:7 & th:33 & th:6 & va:10,"{'problem_analysis': 4, 'theoretical_insight': 2, 'design_rationale': 1}"
6104,6,de:0 & im:30 & pr:18 & pr:28 & pr:31 & pr:6 & th:23 & th:33 & va:4,"{'problem_analysis': 4, 'theoretical_insight': 2, 'implementation_mechanism': 1}"
6105,6,de:37 & im:1 & pr:25 & pr:28 & pr:31 & pr:6 & th:33 & th:37 & va:39,"{'problem_analysis': 4, 'theoretical_insight': 2, 'validation_evidence': 1}"
6106,6,de:28 & im:10 & pr:17 & pr:28 & pr:31 & pr:6 & th:33 & th:4 & va:17,"{'problem_analysis': 4, 'theoretical_insight': 2, 'design_rationale': 1}"
6107,6,de:38 & im:10 & pr:28 & pr:31 & pr:6 & pr:7 & th:12 & th:33 & va:0,"{'problem_analysis': 4, 'theoretical_insight': 2, 'validation_evidence': 1}"
6108,6,de:8 & im:16 & pr:0 & pr:28 & pr:31 & pr:6 & th:33 & th:7 & va:34,"{'problem_analysis': 4, 'theoretical_insight': 2, 'validation_evidence': 1}"
6109,6,de:28 & im:9 & pr:28 & pr:31 & pr:6 & pr:7 & th:33 & th:39 & va:0,"{'problem_analysis': 4, 'theoretical_insight': 2, 'design_rationale': 1}"
6110,6,de:3 & im:16 & pr:28 & pr:31 & pr:38 & pr:6 & th:12 & th:33 & va:26,"{'problem_analysis': 4, 'theoretical_insight': 2, 'implementation_mechanism': 1}"
6111,6,de:14 & im:20 & pr:28 & pr:31 & pr:6 & pr:9 & th:33 & th:8 & va:19,"{'problem_analysis': 4, 'theoretical_insight': 2, 'validation_evidence': 1}"
6112,6,de:3 & im:16 & pr:0 & pr:28 & pr:31 & pr:6 & th:1 & th:33 & va:0,"{'problem_analysis': 4, 'theoretical_insight': 2, 'implementation_mechanism': 1}"
6113,6,de:22 & im:31 & pr:0 & pr:28 & pr:31 & pr:6 & th:1 & th:33 & va:7,"{'problem_analysis': 4, 'theoretical_insight': 2, 'design_rationale': 1}"
6114,6,de:25 & im:34 & pr:28 & pr:31 & pr:32 & pr:6 & th:21 & th:33 & va:17,"{'problem_analysis': 4, 'theoretical_insight': 2, 'design_rationale': 1}"
6115,6,de:11 & im:1 & im:26 & pr:12 & pr:28 & pr:31 & pr:6 & th:33 & va:17,"{'problem_analysis': 4, 'implementation_mechanism': 2, 'validation_evidence': 1}"
6116,6,im:31 & pr:13 & pr:28 & pr:31 & pr:6 & th:33 & th:4 & va:7,"{'problem_analysis': 4, 'theoretical_insight': 2, 'validation_evidence': 1}"
6117,6,de:22 & im:23 & pr:13 & pr:28 & pr:31 & pr:6 & th:33 & th:4 & va:38,"{'problem_analysis': 4, 'theoretical_insight': 2, 'design_rationale': 1}"
6118,6,de:28 & im:7 & pr:19 & pr:28 & pr:31 & pr:6 & th:1 & th:33 & va:28,"{'problem_analysis': 4, 'theoretical_insight': 2, 'design_rationale': 1}"
6119,6,de:14 & im:8 & pr:28 & pr:31 & pr:6 & pr:7 & th:33 & th:8 & va:19,"{'problem_analysis': 4, 'theoretical_insight': 2, 'implementation_mechanism': 1}"
6120,6,de:37 & im:1 & pr:12 & pr:28 & pr:31 & pr:6 & th:2 & th:33 & va:1,"{'problem_analysis': 4, 'theoretical_insight': 2, 'validation_evidence': 1}"
6121,6,de:38 & im:9 & pr:23 & pr:28 & pr:31 & pr:6 & th:33 & th:4 & va:28,"{'problem_analysis': 4, 'theoretical_insight': 2, 'implementation_mechanism': 1}"
6122,6,de:5 & im:1 & pr:28 & pr:31 & pr:6 & pr:7 & th:33 & th:37 & va:39,"{'problem_analysis': 4, 'theoretical_insight': 2, 'validation_evidence': 1}"
6123,6,de:14 & im:20 & pr:28 & pr:31 & pr:6 & pr:9 & th:29 & th:33 & va:19,"{'problem_analysis': 4, 'theoretical_insight': 2, 'validation_evidence': 1}"
6124,6,de:9 & im:4 & pr:28 & pr:31 & pr:6 & th:12 & th:33,"{'problem_analysis': 3, 'theoretical_insight': 2, 'design_rationale': 1}"
6125,6,de:13 & im:1 & pr:28 & pr:31 & pr:33 & pr:6 & th:33 & th:6 & va:17,"{'problem_analysis': 4, 'theoretical_insight': 2, 'design_rationale': 1}"
6126,6,de:28 & im:9 & pr:28 & pr:30 & pr:31 & pr:6 & th:33 & th:35 & va:28,"{'problem_analysis': 4, 'theoretical_insight': 2, 'design_rationale': 1}"
6127,6,de:14 & im:20 & pr:28 & pr:31 & pr:6 & pr:9 & th:14 & th:33 & va:19,"{'problem_analysis': 4, 'theoretical_insight': 2, 'validation_evidence': 1}"
6128,6,de:15 & im:4 & pr:28 & pr:31 & pr:6 & th:33 & th:9 & va:32,"{'problem_analysis': 3, 'theoretical_insight': 2, 'design_rationale': 1}"
6129,6,de:16 & im:4 & pr:28 & pr:31 & pr:6 & th:33 & th:4 & va:10,"{'problem_analysis': 3, 'theoretical_insight': 2, 'design_rationale': 1}"
6130,6,de:29 & im:10 & pr:19 & pr:28 & pr:31 & pr:6 & th:33 & th:5 & va:1,"{'problem_analysis': 4, 'theoretical_insight': 2, 'validation_evidence': 1}"
6131,6,de:7 & im:31 & pr:12 & pr:28 & pr:31 & pr:6 & th:2 & th:33 & va:7,"{'problem_analysis': 4, 'theoretical_insight': 2, 'validation_evidence': 1}"
6132,6,de:7 & im:4 & pr:12 & pr:28 & pr:31 & pr:6 & th:2 & th:33 & va:10,"{'problem_analysis': 4, 'theoretical_insight': 2, 'implementation_mechanism': 1}"
6133,6,de:17 & im:20 & pr:24 & pr:28 & pr:31 & pr:6 & th:21 & th:33 & va:30,"{'problem_analysis': 4, 'theoretical_insight': 2, 'design_rationale': 1}"
6134,6,pr:19 & pr:28 & pr:31 & pr:6 & th:2 & th:33 & va:15 & va:9,"{'problem_analysis': 4, 'theoretical_insight': 2, 'validation_evidence': 2}"
6135,6,de:33 & im:5 & pr:16 & pr:28 & pr:31 & pr:6 & th:26 & th:33 & va:20,"{'problem_analysis': 4, 'theoretical_insight': 2, 'design_rationale': 1}"
6136,6,de:16 & im:1 & pr:18 & pr:28 & pr:31 & pr:6 & th:0 & th:33 & va:15,"{'problem_analysis': 4, 'theoretical_insight': 2, 'design_rationale': 1}"
6137,6,de:23 & im:26 & pr:26 & pr:28 & pr:31 & pr:6 & th:33 & va:38,"{'problem_analysis': 4, 'design_rationale': 1, 'implementation_mechanism': 1}"
6138,6,de:16 & im:4 & pr:27 & pr:28 & pr:31 & pr:6 & pr:7 & th:12 & th:33,"{'problem_analysis': 5, 'theoretical_insight': 2, 'design_rationale': 1}"
6139,6,de:14 & im:25 & pr:28 & pr:31 & pr:6 & pr:7 & th:26 & th:33 & va:20,"{'problem_analysis': 4, 'theoretical_insight': 2, 'implementation_mechanism': 1}"
6140,6,de:8 & im:1 & pr:10 & pr:28 & pr:31 & pr:6 & th:33 & th:6 & va:10,"{'problem_analysis': 4, 'theoretical_insight': 2, 'design_rationale': 1}"
6141,6,de:3 & im:3 & pr:16 & pr:28 & pr:31 & pr:6 & th:28 & th:33 & va:1,"{'problem_analysis': 4, 'theoretical_insight': 2, 'validation_evidence': 1}"
6142,6,de:39 & im:0 & pr:10 & pr:16 & pr:28 & pr:31 & pr:6 & th:33 & va:1,"{'problem_analysis': 5, 'validation_evidence': 1, 'theoretical_insight': 1}"
6143,6,de:33 & im:5 & pr:16 & pr:28 & pr:31 & pr:6 & th:33 & th:8 & va:20,"{'problem_analysis': 4, 'theoretical_insight': 2, 'design_rationale': 1}"
6144,6,de:4 & im:10 & pr:19 & pr:28 & pr:31 & pr:6 & th:33 & th:8 & va:33,"{'problem_analysis': 4, 'theoretical_insight': 2, 'implementation_mechanism': 1}"
6145,6,de:37 & im:1 & pr:12 & pr:28 & pr:31 & pr:6 & pr:7 & th:33 & th:6 & va:1,"{'problem_analysis': 5, 'theoretical_insight': 2, 'validation_evidence': 1}"
6146,6,de:16 & de:20 & pr:11 & pr:12 & pr:28 & pr:31 & pr:6 & th:12 & th:2 & th:33 & va:30,"{'problem_analysis': 5, 'theoretical_insight': 3, 'design_rationale': 2}"
6147,6,de:8 & im:1 & pr:19 & pr:28 & pr:31 & pr:6 & th:33 & th:9 & va:1,"{'problem_analysis': 4, 'theoretical_insight': 2, 'validation_evidence': 1}"
6148,6,de:37 & im:1 & pr:19 & pr:28 & pr:31 & pr:6 & th:33 & th:6 & va:24,"{'problem_analysis': 4, 'theoretical_insight': 2, 'validation_evidence': 1}"
6149,6,de:18 & im:8 & pr:16 & pr:28 & pr:31 & pr:6 & th:33 & th:7 & va:20,"{'problem_analysis': 4, 'theoretical_insight': 2, 'implementation_mechanism': 1}"
6150,6,de:12 & im:8 & pr:16 & pr:28 & pr:31 & pr:6 & th:26 & th:33 & va:1,"{'problem_analysis': 4, 'theoretical_insight': 2, 'implementation_mechanism': 1}"
6151,6,de:18 & im:0 & pr:16 & pr:28 & pr:31 & pr:6 & th:19 & th:33 & va:19,"{'problem_analysis': 4, 'theoretical_insight': 2, 'validation_evidence': 1}"
6152,6,de:9 & im:4 & pr:28 & pr:3 & pr:31 & pr:6 & th:11 & th:33 & va:11,"{'problem_analysis': 4, 'theoretical_insight': 2, 'design_rationale': 1}"
6153,6,de:28 & im:7 & pr:12 & pr:28 & pr:31 & pr:6 & th:12 & th:33 & va:17 & va:28,"{'problem_analysis': 4, 'theoretical_insight': 2, 'validation_evidence': 2}"
6154,6,de:7 & im:7 & pr:11 & pr:14 & pr:28 & pr:31 & pr:6 & th:12 & th:33 & va:18,"{'problem_analysis': 5, 'theoretical_insight': 2, 'design_rationale': 1}"
6155,6,de:18 & im:0 & pr:19 & pr:28 & pr:31 & pr:6 & pr:7 & th:33 & th:7 & va:35,"{'problem_analysis': 5, 'theoretical_insight': 2, 'design_rationale': 1}"
6156,6,de:11 & im:10 & im:31 & pr:13 & pr:23 & pr:28 & pr:31 & pr:6 & th:25 & th:33 & th:4 & va:1 & va:20,"{'problem_analysis': 5, 'theoretical_insight': 3, 'validation_evidence': 2}"
6157,6,de:37 & im:28 & pr:12 & pr:14 & pr:28 & pr:31 & pr:37 & pr:6 & th:30 & th:33 & va:1,"{'problem_analysis': 6, 'theoretical_insight': 2, 'validation_evidence': 1}"
6158,6,de:29 & de:3 & im:16 & im:29 & pr:0 & pr:39 & th:34 & th:36 & va:0,"{'implementation_mechanism': 2, 'theoretical_insight': 2, 'design_rationale': 2}"
6159,6,de:23 & de:29 & im:27 & im:29 & pr:0 & pr:22 & pr:39 & th:18 & th:34 & va:22,"{'problem_analysis': 3, 'design_rationale': 2, 'implementation_mechanism': 2}"
6160,6,de:23 & de:29 & im:27 & im:29 & pr:0 & pr:16 & pr:22 & pr:28 & pr:31 & pr:6 & th:18 & th:33 & th:34 & va:22,"{'problem_analysis': 6, 'theoretical_insight': 3, 'design_rationale': 2}"
6161,6,de:3 & im:33 & pr:13 & pr:19 & pr:2 & pr:33 & th:34 & th:4 & va:26,"{'problem_analysis': 4, 'theoretical_insight': 2, 'implementation_mechanism': 1}"
6162,6,de:18 & im:8 & pr:27 & pr:39 & th:36 & va:0,"{'problem_analysis': 2, 'implementation_mechanism': 1, 'design_rationale': 1}"
6163,6,de:15 & im:4 & pr:27 & pr:6 & th:12 & va:2,"{'problem_analysis': 2, 'theoretical_insight': 1, 'implementation_mechanism': 1}"
6164,6,de:23 & im:26 & pr:22 & pr:27 & th:33 & va:2,"{'problem_analysis': 2, 'design_rationale': 1, 'implementation_mechanism': 1}"
6165,6,de:23 & im:35 & pr:22 & pr:27 & va:2,"{'problem_analysis': 2, 'design_rationale': 1, 'implementation_mechanism': 1}"
6166,6,de:38 & im:7 & pr:22 & pr:27 & th:12 & va:13,"{'problem_analysis': 2, 'theoretical_insight': 1, 'design_rationale': 1}"
6167,6,de:4 & im:10 & pr:22 & pr:32 & th:30 & va:1,"{'problem_analysis': 2, 'theoretical_insight': 1, 'validation_evidence': 1}"
6168,6,de:18 & de:29 & de:3 & im:10 & im:16 & pr:19 & pr:39 & pr:5 & th:36 & th:37 & va:26,"{'design_rationale': 3, 'problem_analysis': 3, 'implementation_mechanism': 2}"
6169,6,de:24 & im:2 & pr:12 & pr:13 & th:13 & va:7,"{'problem_analysis': 2, 'theoretical_insight': 1, 'validation_evidence': 1}"
6170,6,de:32 & im:24 & pr:29 & pr:4 & th:24 & va:36,"{'problem_analysis': 2, 'implementation_mechanism': 1, 'design_rationale': 1}"
6171,6,de:14 & de:3 & im:16 & im:25 & pr:14 & pr:39 & pr:4 & th:26 & th:36 & va:20 & va:26,"{'problem_analysis': 3, 'implementation_mechanism': 2, 'theoretical_insight': 2}"
6172,6,de:23 & im:27 & pr:11 & pr:22 & pr:4 & th:18 & va:22,"{'problem_analysis': 3, 'design_rationale': 1, 'implementation_mechanism': 1}"
6173,6,de:15 & de:23 & im:27 & im:4 & pr:22 & pr:6 & th:11 & th:18 & va:32,"{'problem_analysis': 2, 'design_rationale': 2, 'implementation_mechanism': 2}"
6174,6,de:23 & de:37 & im:1 & im:27 & pr:19 & pr:22 & th:18 & th:6 & va:1,"{'problem_analysis': 2, 'design_rationale': 2, 'implementation_mechanism': 2}"
6175,6,de:22 & im:31 & pr:12 & pr:32 & th:4 & va:23,"{'problem_analysis': 2, 'design_rationale': 1, 'implementation_mechanism': 1}"
6176,6,de:3 & im:16 & pr:12 & pr:7 & th:36 & va:0,"{'problem_analysis': 2, 'implementation_mechanism': 1, 'validation_evidence': 1}"
6177,6,de:9 & im:35 & pr:11 & pr:12 & th:12 & va:9,"{'problem_analysis': 2, 'theoretical_insight': 1, 'design_rationale': 1}"
6178,6,de:22 & im:9 & pr:12 & pr:13 & th:4 & va:15,"{'problem_analysis': 2, 'design_rationale': 1, 'implementation_mechanism': 1}"
6179,6,de:16 & im:4 & pr:12 & pr:6 & va:9,"{'problem_analysis': 2, 'design_rationale': 1, 'implementation_mechanism': 1}"
6180,6,de:15 & im:10 & pr:12 & pr:6 & th:11 & va:10,"{'problem_analysis': 2, 'theoretical_insight': 1, 'implementation_mechanism': 1}"
6181,6,de:37 & im:0 & pr:12 & pr:19 & th:6 & va:39,"{'problem_analysis': 2, 'validation_evidence': 1, 'design_rationale': 1}"
6182,6,de:16 & im:38 & pr:12 & pr:6 & th:12 & th:26 & th:9 & va:2,"{'theoretical_insight': 3, 'problem_analysis': 2, 'implementation_mechanism': 1}"
6183,6,de:32 & im:0 & pr:1 & pr:12 & pr:19 & th:7 & va:39,"{'problem_analysis': 3, 'design_rationale': 1, 'validation_evidence': 1}"
6184,6,de:16 & de:20 & pr:11 & pr:12 & pr:4 & th:12 & th:2 & va:28,"{'problem_analysis': 3, 'theoretical_insight': 2, 'design_rationale': 2}"
6185,6,de:13 & de:16 & de:20 & im:1 & pr:11 & pr:12 & pr:7 & th:12 & th:2 & th:37 & va:17,"{'theoretical_insight': 3, 'design_rationale': 3, 'problem_analysis': 3}"
6186,6,de:15 & de:16 & de:20 & im:4 & pr:11 & pr:12 & pr:31 & th:12 & th:2 & va:10,"{'design_rationale': 3, 'problem_analysis': 3, 'theoretical_insight': 2}"
6187,6,de:16 & de:20 & im:1 & pr:11 & pr:12 & pr:21 & th:12 & th:2 & th:31 & va:39,"{'theoretical_insight': 3, 'problem_analysis': 3, 'design_rationale': 2}"
6188,6,de:12 & de:16 & de:20 & im:20 & pr:11 & pr:12 & pr:9 & th:1 & th:12 & th:2 & va:12,"{'theoretical_insight': 3, 'design_rationale': 3, 'problem_analysis': 3}"
6189,6,de:16 & de:20 & de:37 & im:3 & pr:11 & pr:12 & pr:19 & th:12 & th:2 & th:6 & va:1,"{'theoretical_insight': 3, 'design_rationale': 3, 'problem_analysis': 3}"
6190,6,de:16 & de:20 & im:31 & pr:11 & pr:12 & pr:13 & th:12 & th:2 & th:4 & va:7,"{'theoretical_insight': 3, 'problem_analysis': 3, 'design_rationale': 2}"
6191,6,de:16 & de:20 & de:7 & im:10 & pr:11 & pr:12 & pr:19 & th:12 & th:2 & th:37 & va:37,"{'theoretical_insight': 3, 'design_rationale': 3, 'problem_analysis': 3}"
6192,6,de:11 & de:16 & de:20 & im:9 & pr:11 & pr:12 & pr:33 & th:12 & th:2 & th:35 & va:15,"{'theoretical_insight': 3, 'problem_analysis': 3, 'design_rationale': 3}"
6193,6,de:15 & de:16 & de:20 & im:4 & pr:11 & pr:12 & pr:31 & pr:6 & th:11 & th:12 & th:2 & va:10,"{'problem_analysis': 4, 'theoretical_insight': 3, 'design_rationale': 3}"
6194,6,de:16 & de:17 & de:20 & im:20 & pr:11 & pr:12 & th:12 & th:2 & va:3,"{'design_rationale': 3, 'theoretical_insight': 2, 'problem_analysis': 2}"
6195,6,de:15 & de:22 & im:31 & im:4 & pr:13 & pr:6 & th:11 & th:32 & th:4 & va:10 & va:7,"{'theoretical_insight': 3, 'problem_analysis': 2, 'design_rationale': 2}"
6196,6,de:22 & im:1 & im:31 & pr:13 & pr:7 & th:32 & th:4 & th:6 & va:39 & va:7,"{'theoretical_insight': 3, 'problem_analysis': 2, 'validation_evidence': 2}"
6197,6,de:22 & de:23 & im:27 & im:31 & pr:13 & pr:22 & th:18 & th:32 & th:4 & va:22 & va:7,"{'theoretical_insight': 3, 'problem_analysis': 2, 'design_rationale': 2}"
6198,6,de:25 & im:34 & pr:22 & pr:4 & th:21 & va:27,"{'problem_analysis': 2, 'design_rationale': 1, 'validation_evidence': 1}"
6199,6,de:16 & im:1 & pr:12 & pr:22 & th:31 & va:39,"{'problem_analysis': 2, 'design_rationale': 1, 'validation_evidence': 1}"
6200,6,de:15 & im:4 & pr:12 & pr:22 & th:2 & va:10,"{'problem_analysis': 2, 'theoretical_insight': 1, 'implementation_mechanism': 1}"
6201,6,de:7 & im:4 & pr:22 & pr:6 & th:12 & va:10,"{'problem_analysis': 2, 'theoretical_insight': 1, 'implementation_mechanism': 1}"
6202,6,de:28 & im:7 & pr:22 & pr:6 & th:9 & va:32,"{'problem_analysis': 2, 'design_rationale': 1, 'validation_evidence': 1}"
6203,6,de:37 & im:1 & pr:22 & pr:9 & th:6 & va:17,"{'problem_analysis': 2, 'validation_evidence': 1, 'implementation_mechanism': 1}"
6204,6,de:17 & im:20 & pr:12 & pr:22 & th:12 & th:2 & va:3,"{'problem_analysis': 2, 'theoretical_insight': 2, 'design_rationale': 1}"
6205,6,de:22 & de:37 & im:1 & im:31 & pr:13 & pr:19 & th:32 & th:4 & th:6 & va:1 & va:24,"{'theoretical_insight': 3, 'problem_analysis': 2, 'design_rationale': 2}"
6206,6,de:37 & im:3 & pr:12 & pr:16 & pr:19 & pr:4 & th:28 & va:33,"{'problem_analysis': 4, 'validation_evidence': 1, 'design_rationale': 1}"
6207,6,de:29 & pr:22 & pr:27,"{'problem_analysis': 2, 'design_rationale': 1}"
6208,6,de:9 & im:4 & pr:22 & pr:6 & th:12 & va:9,"{'problem_analysis': 2, 'theoretical_insight': 1, 'implementation_mechanism': 1}"
6209,6,de:37 & de:5 & im:1 & pr:18 & pr:23 & pr:7 & th:25 & th:31 & th:6 & va:17,"{'problem_analysis': 3, 'theoretical_insight': 3, 'design_rationale': 2}"
6210,6,de:5 & im:1 & pr:23 & pr:7 & th:25 & th:31 & th:6 & va:39,"{'theoretical_insight': 3, 'problem_analysis': 2, 'validation_evidence': 1}"
6211,6,im:28 & pr:11 & pr:12 & va:3,"{'problem_analysis': 2, 'implementation_mechanism': 1, 'validation_evidence': 1}"
6212,6,de:5 & im:28 & pr:11 & pr:7 & th:6 & va:1,"{'problem_analysis': 2, 'validation_evidence': 1, 'implementation_mechanism': 1}"
6213,6,de:28 & im:9 & pr:11 & pr:30 & th:35 & va:28,"{'problem_analysis': 2, 'design_rationale': 1, 'implementation_mechanism': 1}"
6214,6,de:8 & im:1 & pr:11 & pr:19 & th:9 & va:1,"{'problem_analysis': 2, 'validation_evidence': 1, 'design_rationale': 1}"
6215,6,de:15 & de:16 & im:38 & im:4 & pr:6 & th:11 & th:12 & th:26 & th:9 & va:0 & va:32,"{'theoretical_insight': 4, 'implementation_mechanism': 2, 'design_rationale': 2}"
6216,6,de:16 & im:10 & pr:12 & pr:6 & th:12 & va:3,"{'problem_analysis': 2, 'design_rationale': 1, 'validation_evidence': 1}"
6217,6,de:15 & im:4 & pr:12 & pr:31 & th:9 & va:31,"{'problem_analysis': 2, 'design_rationale': 1, 'validation_evidence': 1}"
6218,6,de:29 & im:9 & pr:12 & pr:33 & th:9 & va:38,"{'problem_analysis': 2, 'implementation_mechanism': 1, 'validation_evidence': 1}"
6219,6,de:15 & im:4 & pr:12 & pr:6 & th:11 & va:15,"{'problem_analysis': 2, 'implementation_mechanism': 1, 'theoretical_insight': 1}"
6220,6,de:16 & im:4 & pr:12 & pr:31 & th:2 & va:10,"{'problem_analysis': 2, 'theoretical_insight': 1, 'design_rationale': 1}"
6221,6,de:3 & im:16 & pr:12 & pr:23 & th:36 & va:0,"{'problem_analysis': 2, 'implementation_mechanism': 1, 'validation_evidence': 1}"
6222,6,de:29 & im:10 & pr:12 & pr:14 & th:8 & va:20,"{'problem_analysis': 2, 'design_rationale': 1, 'theoretical_insight': 1}"
6223,6,de:38 & im:10 & pr:12 & pr:7 & th:12 & va:0,"{'problem_analysis': 2, 'theoretical_insight': 1, 'validation_evidence': 1}"
6224,6,de:29 & im:10 & pr:12 & pr:39 & th:36 & va:0,"{'problem_analysis': 2, 'validation_evidence': 1, 'design_rationale': 1}"
6225,6,de:37 & im:20 & pr:12 & pr:16 & th:8 & va:20,"{'problem_analysis': 2, 'theoretical_insight': 1, 'implementation_mechanism': 1}"
6226,6,pr:12 & pr:31 & pr:6 & th:11 & va:2,"{'problem_analysis': 3, 'theoretical_insight': 1, 'validation_evidence': 1}"
6227,6,de:37 & im:8 & pr:12 & pr:19 & th:28 & va:1,"{'problem_analysis': 2, 'implementation_mechanism': 1, 'validation_evidence': 1}"
6228,6,de:14 & im:25 & pr:12 & pr:14 & va:20,"{'problem_analysis': 2, 'implementation_mechanism': 1, 'validation_evidence': 1}"
6229,6,de:29 & im:7 & pr:12 & pr:19 & th:37 & va:12,"{'problem_analysis': 2, 'validation_evidence': 1, 'design_rationale': 1}"
6230,6,de:17 & im:7 & pr:11 & pr:12 & pr:27 & th:12 & va:9,"{'problem_analysis': 3, 'design_rationale': 1, 'theoretical_insight': 1}"
6231,6,de:6 & im:7 & pr:12 & pr:19 & pr:8 & th:34 & va:12,"{'problem_analysis': 3, 'validation_evidence': 1, 'design_rationale': 1}"
6232,6,de:15 & im:19 & pr:12 & pr:27 & pr:6 & th:12 & va:32,"{'problem_analysis': 3, 'theoretical_insight': 1, 'implementation_mechanism': 1}"
6233,6,de:18 & im:0 & pr:12 & pr:19 & pr:7 & th:7 & va:35,"{'problem_analysis': 3, 'design_rationale': 1, 'theoretical_insight': 1}"
6234,6,de:13 & de:15 & im:1 & im:4 & pr:19 & pr:37 & pr:6 & th:0 & th:11 & va:9,"{'problem_analysis': 3, 'design_rationale': 2, 'implementation_mechanism': 2}"
6235,6,de:13 & de:3 & im:1 & im:16 & pr:19 & pr:37 & pr:39 & th:0 & th:36 & va:26,"{'problem_analysis': 3, 'design_rationale': 2, 'implementation_mechanism': 2}"
6236,6,de:20 & de:3 & im:16 & im:19 & pr:11 & pr:3 & pr:39 & th:12 & th:2 & th:36 & va:26,"{'theoretical_insight': 3, 'problem_analysis': 3, 'implementation_mechanism': 2}"
6237,6,de:12 & im:28 & pr:7 & th:29 & va:1,"{'validation_evidence': 1, 'theoretical_insight': 1, 'implementation_mechanism': 1}"
6238,6,de:23 & de:25 & im:27 & im:34 & pr:22 & pr:28 & pr:31 & pr:32 & pr:4 & pr:6 & th:18 & th:21 & th:33 & va:22,"{'problem_analysis': 6, 'theoretical_insight': 3, 'design_rationale': 2}"
6239,6,de:13 & im:1 & pr:4 & th:0 & va:15,"{'design_rationale': 1, 'validation_evidence': 1, 'implementation_mechanism': 1}"
6240,6,de:16 & im:19 & pr:31 & pr:4 & va:17,"{'problem_analysis': 2, 'design_rationale': 1, 'validation_evidence': 1}"
6241,6,de:15 & im:4 & pr:4 & pr:6 & th:0,"{'problem_analysis': 2, 'implementation_mechanism': 1, 'theoretical_insight': 1}"
6242,6,de:3 & im:10 & pr:0 & pr:4 & th:39 & va:0,"{'problem_analysis': 2, 'validation_evidence': 1, 'implementation_mechanism': 1}"
6243,6,de:14 & im:8 & pr:4 & pr:7 & th:8 & va:19,"{'problem_analysis': 2, 'implementation_mechanism': 1, 'validation_evidence': 1}"
6244,6,de:1 & im:9 & pr:13 & pr:19 & pr:4 & th:6 & va:4,"{'problem_analysis': 3, 'implementation_mechanism': 1, 'design_rationale': 1}"
6245,6,de:13 & im:1 & pr:18 & pr:19 & th:0 & th:2 & va:15 & va:20,"{'theoretical_insight': 2, 'problem_analysis': 2, 'validation_evidence': 2}"
6246,6,pr:11 & pr:14 & pr:4 & pr:6 & va:28,"{'problem_analysis': 4, 'validation_evidence': 1}"
6247,6,de:25 & im:34 & pr:11 & pr:14 & pr:4 & pr:6 & th:21 & va:27,"{'problem_analysis': 4, 'design_rationale': 1, 'validation_evidence': 1}"
6248,6,de:15 & im:4 & pr:11 & pr:14 & pr:31 & pr:6 & th:2 & va:10,"{'problem_analysis': 4, 'theoretical_insight': 1, 'implementation_mechanism': 1}"
6249,6,de:37 & im:1 & pr:11 & pr:12 & pr:14 & pr:6 & th:6 & va:1,"{'problem_analysis': 4, 'validation_evidence': 1, 'implementation_mechanism': 1}"
6250,6,de:16 & im:1 & pr:11 & pr:12 & pr:14 & pr:6 & th:31 & va:39,"{'problem_analysis': 4, 'design_rationale': 1, 'validation_evidence': 1}"
6251,6,de:29 & im:16 & pr:11 & pr:14 & pr:39 & pr:6 & th:36 & va:26,"{'problem_analysis': 4, 'implementation_mechanism': 1, 'design_rationale': 1}"
6252,6,de:37 & im:1 & pr:11 & pr:14 & pr:19 & pr:6 & th:6 & va:39,"{'problem_analysis': 4, 'validation_evidence': 1, 'implementation_mechanism': 1}"
6253,6,de:20 & im:19 & pr:11 & pr:14 & pr:6 & th:12 & va:9,"{'problem_analysis': 3, 'theoretical_insight': 1, 'design_rationale': 1}"
6254,6,de:28 & im:7 & pr:11 & pr:14 & pr:6 & th:9 & va:32,"{'problem_analysis': 3, 'design_rationale': 1, 'validation_evidence': 1}"
6255,6,de:12 & im:20 & pr:11 & pr:14 & pr:6 & pr:9 & th:1 & va:12,"{'problem_analysis': 4, 'validation_evidence': 1, 'theoretical_insight': 1}"
6256,6,de:15 & im:4 & pr:11 & pr:12 & pr:14 & pr:6 & th:2 & va:10,"{'problem_analysis': 4, 'theoretical_insight': 1, 'implementation_mechanism': 1}"
6257,6,de:7 & im:4 & pr:11 & pr:14 & pr:6 & th:12 & va:10,"{'problem_analysis': 3, 'theoretical_insight': 1, 'implementation_mechanism': 1}"
6258,6,de:7 & im:10 & pr:11 & pr:14 & pr:19 & pr:6 & th:37 & va:37,"{'problem_analysis': 4, 'validation_evidence': 1, 'implementation_mechanism': 1}"
6259,6,de:11 & im:9 & pr:11 & pr:14 & pr:33 & pr:6 & th:35 & va:15,"{'problem_analysis': 4, 'implementation_mechanism': 1, 'design_rationale': 1}"
6260,6,de:15 & im:4 & pr:11 & pr:14 & pr:31 & pr:6 & th:11 & va:10,"{'problem_analysis': 4, 'implementation_mechanism': 1, 'theoretical_insight': 1}"
6261,6,de:37 & im:1 & pr:11 & pr:14 & pr:19 & pr:6 & th:6 & va:17,"{'problem_analysis': 4, 'validation_evidence': 1, 'implementation_mechanism': 1}"
6262,6,de:20 & im:19 & pr:11 & pr:14 & pr:35 & pr:6 & th:12 & va:2,"{'problem_analysis': 4, 'theoretical_insight': 1, 'design_rationale': 1}"
6263,6,de:14 & im:25 & pr:11 & pr:14 & pr:6 & th:26 & va:20,"{'problem_analysis': 3, 'implementation_mechanism': 1, 'validation_evidence': 1}"
6264,6,de:20 & de:28 & im:19 & pr:11 & pr:12 & pr:14 & pr:24 & pr:6 & va:30,"{'problem_analysis': 5, 'design_rationale': 2, 'validation_evidence': 1}"
6265,6,de:37 & im:1 & pr:11 & pr:14 & pr:6 & pr:9 & th:6 & va:17,"{'problem_analysis': 4, 'validation_evidence': 1, 'implementation_mechanism': 1}"
6266,6,de:17 & im:20 & pr:11 & pr:12 & pr:14 & pr:6 & th:12 & th:2 & va:3,"{'problem_analysis': 4, 'theoretical_insight': 2, 'design_rationale': 1}"
6267,6,de:15 & im:4 & pr:11 & pr:14 & pr:6 & th:1 & va:10,"{'problem_analysis': 3, 'theoretical_insight': 1, 'implementation_mechanism': 1}"
6268,6,de:37 & im:1 & pr:11 & pr:14 & pr:19 & pr:6 & th:6 & va:37,"{'problem_analysis': 4, 'validation_evidence': 1, 'implementation_mechanism': 1}"
6269,6,de:1 & im:8 & pr:11 & pr:14 & pr:16 & pr:20 & pr:6 & th:6 & va:35,"{'problem_analysis': 5, 'implementation_mechanism': 1, 'validation_evidence': 1}"
6270,6,de:15 & im:4 & pr:11 & pr:14 & pr:27 & pr:6 & th:12 & th:2 & va:10,"{'problem_analysis': 4, 'theoretical_insight': 2, 'implementation_mechanism': 1}"
6271,6,de:1 & im:1 & pr:11 & pr:13 & pr:14 & pr:19 & pr:6 & th:23 & va:4,"{'problem_analysis': 5, 'theoretical_insight': 1, 'design_rationale': 1}"
6272,6,de:15 & im:4 & im:7 & pr:11 & pr:14 & pr:6 & th:12 & va:10,"{'problem_analysis': 3, 'implementation_mechanism': 2, 'theoretical_insight': 1}"
6273,6,de:37 & im:3 & pr:11 & pr:14 & pr:16 & pr:19 & pr:6 & th:28 & va:33,"{'problem_analysis': 5, 'validation_evidence': 1, 'design_rationale': 1}"
6274,6,de:16 & im:38 & im:4 & pr:11 & pr:12 & th:12 & th:2 & va:2,"{'theoretical_insight': 2, 'implementation_mechanism': 2, 'problem_analysis': 2}"
6275,6,de:20 & im:19 & pr:5 & th:12 & va:9,"{'theoretical_insight': 1, 'problem_analysis': 1, 'design_rationale': 1}"
6276,6,de:7 & im:10 & pr:4 & pr:7 & th:37 & va:37,"{'problem_analysis': 2, 'validation_evidence': 1, 'implementation_mechanism': 1}"
6277,6,de:37 & im:1 & pr:19 & pr:25 & th:6 & va:37,"{'problem_analysis': 2, 'validation_evidence': 1, 'implementation_mechanism': 1}"
6278,6,pr:11 & th:12,"{'theoretical_insight': 1, 'problem_analysis': 1}"
6279,6,de:37 & im:1 & pr:11 & pr:19 & pr:31 & pr:5 & th:6 & va:1,"{'problem_analysis': 4, 'validation_evidence': 1, 'implementation_mechanism': 1}"
6280,6,de:37 & im:1 & pr:18 & pr:19 & th:33 & th:6 & va:17,"{'problem_analysis': 2, 'theoretical_insight': 2, 'validation_evidence': 1}"
6281,6,de:15 & de:37 & im:1 & im:4 & pr:19 & pr:27 & pr:6 & th:12 & th:2 & th:6 & va:1,"{'theoretical_insight': 3, 'problem_analysis': 3, 'implementation_mechanism': 2}"
6282,6,de:15 & de:20 & im:20 & im:4 & pr:12 & pr:24 & pr:6 & th:1 & th:2 & va:9,"{'problem_analysis': 3, 'theoretical_insight': 2, 'implementation_mechanism': 2}"
6283,6,de:20 & pr:11 & pr:4 & pr:5 & pr:6 & th:12 & th:2,"{'problem_analysis': 4, 'theoretical_insight': 2, 'design_rationale': 1}"
6284,6,de:20 & pr:11 & pr:12 & pr:4 & pr:5 & th:12 & th:2,"{'problem_analysis': 4, 'theoretical_insight': 2, 'design_rationale': 1}"
6285,6,de:20 & pr:11 & pr:4 & pr:5 & th:12 & th:2,"{'problem_analysis': 3, 'theoretical_insight': 2, 'design_rationale': 1}"
6286,6,de:20 & pr:11 & pr:16 & pr:4 & pr:5 & th:12 & th:2,"{'problem_analysis': 4, 'theoretical_insight': 2, 'design_rationale': 1}"
6287,6,de:15 & de:20 & im:4 & pr:11 & pr:12 & pr:4 & pr:5 & th:12 & th:2 & va:10,"{'problem_analysis': 4, 'theoretical_insight': 2, 'design_rationale': 2}"
6288,6,de:20 & de:7 & im:4 & pr:11 & pr:4 & pr:5 & pr:6 & th:12 & th:2 & va:10,"{'problem_analysis': 4, 'theoretical_insight': 2, 'design_rationale': 2}"
6289,6,de:20 & de:28 & im:7 & pr:11 & pr:4 & pr:5 & pr:6 & th:12 & th:2 & th:9 & va:32,"{'problem_analysis': 4, 'theoretical_insight': 3, 'design_rationale': 2}"
6290,6,de:20 & de:7 & im:10 & pr:11 & pr:4 & pr:5 & pr:7 & th:12 & th:2 & th:37 & va:37,"{'problem_analysis': 4, 'theoretical_insight': 3, 'design_rationale': 2}"
6291,6,de:20 & de:29 & im:16 & pr:11 & pr:39 & pr:4 & pr:5 & th:12 & th:2 & th:36 & va:26,"{'problem_analysis': 4, 'theoretical_insight': 3, 'design_rationale': 2}"
6292,6,de:15 & de:20 & im:4 & pr:11 & pr:4 & pr:5 & pr:6 & th:11 & th:12 & th:2 & va:9,"{'problem_analysis': 4, 'theoretical_insight': 3, 'design_rationale': 2}"
6293,6,de:12 & de:20 & im:20 & pr:11 & pr:4 & pr:5 & pr:9 & th:1 & th:12 & th:2 & va:12,"{'problem_analysis': 4, 'theoretical_insight': 3, 'design_rationale': 2}"
6294,6,de:20 & de:28 & im:19 & pr:11 & pr:12 & pr:24 & pr:4 & pr:5 & th:12 & th:2 & va:30,"{'problem_analysis': 5, 'theoretical_insight': 2, 'design_rationale': 2}"
6295,6,de:15 & de:20 & im:4 & pr:11 & pr:4 & pr:5 & pr:6 & th:1 & th:12 & th:2 & va:10,"{'problem_analysis': 4, 'theoretical_insight': 3, 'design_rationale': 2}"
6296,6,de:20 & de:37 & im:1 & pr:11 & pr:19 & pr:4 & pr:5 & th:12 & th:2 & th:6 & va:37,"{'problem_analysis': 4, 'theoretical_insight': 3, 'design_rationale': 2}"
6297,6,de:15 & de:20 & im:4 & pr:11 & pr:27 & pr:4 & pr:5 & pr:6 & th:12 & th:2 & va:10,"{'problem_analysis': 5, 'theoretical_insight': 2, 'design_rationale': 2}"
6298,6,de:1 & de:20 & im:1 & pr:11 & pr:13 & pr:19 & pr:4 & pr:5 & th:12 & th:2 & th:23 & va:4,"{'problem_analysis': 5, 'theoretical_insight': 3, 'design_rationale': 2}"
6299,6,de:15 & de:20 & im:4 & im:7 & pr:11 & pr:4 & pr:5 & pr:6 & th:12 & th:2 & va:10,"{'problem_analysis': 4, 'theoretical_insight': 2, 'implementation_mechanism': 2}"
6300,6,de:16 & de:20 & im:1 & pr:12 & pr:4 & pr:5 & th:1 & th:2 & th:31 & va:39,"{'theoretical_insight': 3, 'problem_analysis': 3, 'design_rationale': 2}"
6301,6,de:20 & de:3 & im:16 & pr:39 & pr:4 & pr:5 & th:1 & th:2 & th:36 & va:0,"{'theoretical_insight': 3, 'problem_analysis': 3, 'design_rationale': 2}"
6302,6,de:20 & de:34 & im:10 & pr:10 & pr:19 & pr:4 & pr:5 & th:1 & th:2 & th:3 & va:4,"{'problem_analysis': 4, 'theoretical_insight': 3, 'design_rationale': 2}"
6303,6,de:20 & de:23 & im:27 & pr:22 & pr:4 & pr:5 & th:1 & th:18 & th:2 & va:22,"{'problem_analysis': 3, 'theoretical_insight': 3, 'design_rationale': 2}"
6304,6,de:20 & im:19 & pr:35 & pr:7 & th:12,"{'problem_analysis': 2, 'theoretical_insight': 1, 'design_rationale': 1}"
6305,6,de:13 & de:20 & im:1 & im:19 & pr:35 & pr:7 & th:12 & th:37 & va:17,"{'problem_analysis': 2, 'design_rationale': 2, 'theoretical_insight': 2}"
6306,6,de:20 & de:37 & im:1 & im:19 & pr:12 & pr:35 & pr:7 & th:12 & th:6 & va:1,"{'problem_analysis': 3, 'theoretical_insight': 2, 'design_rationale': 2}"
6307,6,de:20 & de:3 & im:16 & im:19 & pr:35 & pr:39 & pr:7 & th:12 & th:36 & va:0,"{'problem_analysis': 3, 'theoretical_insight': 2, 'implementation_mechanism': 2}"
6308,6,de:20 & de:37 & im:1 & im:19 & pr:12 & pr:35 & pr:7 & th:12 & th:6 & va:39,"{'problem_analysis': 3, 'theoretical_insight': 2, 'design_rationale': 2}"
6309,6,de:20 & de:34 & im:10 & im:19 & pr:10 & pr:19 & pr:35 & pr:7 & th:12 & th:3 & va:4,"{'problem_analysis': 4, 'theoretical_insight': 2, 'design_rationale': 2}"
6310,6,de:20 & de:23 & im:19 & im:27 & pr:22 & pr:35 & pr:7 & th:12 & th:18 & va:22,"{'problem_analysis': 3, 'design_rationale': 2, 'implementation_mechanism': 2}"
6311,6,de:20 & de:23 & im:19 & im:27 & pr:22 & pr:28 & pr:31 & pr:35 & pr:6 & pr:7 & th:12 & th:18 & th:33 & va:22,"{'problem_analysis': 6, 'theoretical_insight': 3, 'design_rationale': 2}"
6312,6,de:16 & im:1 & pr:32 & th:2 & va:17,"{'theoretical_insight': 1, 'design_rationale': 1, 'problem_analysis': 1}"
6313,6,de:20 & de:28 & im:4 & pr:27 & th:1 & th:12,"{'design_rationale': 2, 'theoretical_insight': 2, 'implementation_mechanism': 1}"
6314,6,de:20 & de:28 & im:4 & pr:27 & pr:6 & th:1 & th:12,"{'design_rationale': 2, 'problem_analysis': 2, 'theoretical_insight': 2}"
6315,6,de:15 & de:20 & de:28 & im:4 & pr:27 & pr:31 & th:1 & th:12 & th:9 & va:10,"{'design_rationale': 3, 'theoretical_insight': 3, 'problem_analysis': 2}"
6316,6,de:13 & de:20 & de:28 & im:1 & im:4 & pr:27 & pr:7 & th:1 & th:12 & th:37 & va:17,"{'design_rationale': 3, 'theoretical_insight': 3, 'implementation_mechanism': 2}"
6317,6,de:20 & de:28 & de:37 & im:1 & im:4 & pr:19 & pr:27 & th:1 & th:12 & th:6 & va:1,"{'design_rationale': 3, 'theoretical_insight': 3, 'implementation_mechanism': 2}"
6318,6,de:15 & de:20 & de:28 & im:4 & pr:27 & pr:31 & th:1 & th:11 & th:12 & va:9,"{'design_rationale': 3, 'theoretical_insight': 3, 'problem_analysis': 2}"
6319,6,de:20 & de:28 & de:37 & im:1 & im:4 & pr:12 & pr:27 & th:1 & th:12 & th:6 & va:39,"{'design_rationale': 3, 'theoretical_insight': 3, 'implementation_mechanism': 2}"
6320,6,de:14 & de:20 & de:28 & im:25 & im:4 & pr:14 & pr:27 & th:1 & th:12 & th:26 & va:20,"{'design_rationale': 3, 'theoretical_insight': 3, 'problem_analysis': 2}"
6321,6,de:15 & de:20 & de:28 & im:4 & pr:27 & pr:6 & th:1 & th:11 & th:12,"{'design_rationale': 3, 'theoretical_insight': 3, 'problem_analysis': 2}"
6322,6,de:20 & de:23 & de:28 & im:27 & im:4 & pr:22 & pr:27 & th:1 & th:12 & th:18 & va:22,"{'design_rationale': 3, 'theoretical_insight': 3, 'problem_analysis': 2}"
6323,6,de:15 & de:20 & de:28 & im:4 & im:7 & pr:27 & pr:6 & th:1 & th:12 & va:10,"{'design_rationale': 3, 'problem_analysis': 2, 'theoretical_insight': 2}"
6324,6,de:20 & de:28 & de:34 & im:10 & im:4 & pr:10 & pr:19 & pr:27 & th:1 & th:12 & th:3 & va:4,"{'design_rationale': 3, 'theoretical_insight': 3, 'problem_analysis': 3}"
6325,6,de:20 & de:23 & de:28 & im:27 & im:4 & pr:22 & pr:27 & pr:28 & pr:31 & pr:6 & th:1 & th:12 & th:18 & th:33 & va:22,"{'problem_analysis': 5, 'theoretical_insight': 4, 'design_rationale': 3}"
6326,6,de:15 & de:16 & im:19 & im:4 & pr:31 & pr:32 & pr:6 & th:11 & th:12 & th:2 & va:9,"{'theoretical_insight': 3, 'problem_analysis': 3, 'design_rationale': 2}"
6327,6,de:15 & im:4 & pr:17 & pr:6 & th:11 & va:9,"{'problem_analysis': 2, 'design_rationale': 1, 'implementation_mechanism': 1}"
6328,6,de:3 & im:16 & pr:17 & pr:39 & th:36 & va:26,"{'problem_analysis': 2, 'implementation_mechanism': 1, 'validation_evidence': 1}"
6329,6,de:30 & im:8 & pr:1 & th:13 & th:7 & va:1 & va:24,"{'theoretical_insight': 2, 'validation_evidence': 2, 'implementation_mechanism': 1}"
6330,6,de:22 & de:3 & im:16 & pr:15 & pr:31 & pr:39 & th:10 & th:2 & th:36 & va:26,"{'theoretical_insight': 3, 'problem_analysis': 3, 'design_rationale': 2}"
6331,6,de:28 & im:10 & pr:17 & pr:27 & th:4 & va:17,"{'problem_analysis': 2, 'design_rationale': 1, 'validation_evidence': 1}"
6332,6,de:20 & im:19 & pr:11 & pr:3 & th:12 & va:9,"{'problem_analysis': 2, 'theoretical_insight': 1, 'design_rationale': 1}"
6333,6,de:15 & im:4 & pr:11 & pr:3 & pr:6 & th:11 & va:9,"{'problem_analysis': 3, 'implementation_mechanism': 1, 'theoretical_insight': 1}"
6334,6,de:15 & de:17 & im:20 & im:4 & pr:12 & pr:6 & th:11 & th:12 & th:2 & va:3 & va:9,"{'theoretical_insight': 3, 'design_rationale': 2, 'validation_evidence': 2}"
6335,6,de:17 & de:3 & im:16 & im:20 & pr:12 & pr:39 & th:12 & th:2 & th:36 & va:26 & va:3,"{'theoretical_insight': 3, 'design_rationale': 2, 'validation_evidence': 2}"
6336,6,de:11 & im:1 & pr:12 & th:14 & va:17,"{'validation_evidence': 1, 'problem_analysis': 1, 'design_rationale': 1}"
6337,6,de:11 & de:16 & de:3 & im:1 & im:16 & pr:12 & pr:39 & th:14 & th:31 & th:36 & va:26,"{'design_rationale': 3, 'theoretical_insight': 3, 'implementation_mechanism': 2}"
6338,6,de:37 & im:1 & pr:18 & pr:32 & th:6 & va:17,"{'problem_analysis': 2, 'validation_evidence': 1, 'implementation_mechanism': 1}"
6339,6,de:15 & im:4 & pr:31 & pr:6 & pr:7 & th:11 & th:2 & va:9,"{'problem_analysis': 3, 'theoretical_insight': 2, 'implementation_mechanism': 1}"
6340,6,de:3 & de:37 & im:1 & im:16 & pr:19 & pr:25 & pr:39 & th:36 & th:6 & va:0,"{'problem_analysis': 3, 'implementation_mechanism': 2, 'design_rationale': 2}"
6341,6,de:15 & de:37 & im:1 & im:4 & pr:19 & pr:25 & pr:6 & th:11 & th:6 & va:32,"{'problem_analysis': 3, 'implementation_mechanism': 2, 'theoretical_insight': 2}"
6342,6,de:20 & de:37 & im:1 & im:19 & pr:11 & pr:19 & pr:25 & th:12 & th:6 & va:9,"{'problem_analysis': 3, 'theoretical_insight': 2, 'design_rationale': 2}"
6343,6,de:15 & de:37 & im:1 & im:4 & pr:19 & pr:25 & pr:31 & pr:6 & th:11 & th:6 & va:10,"{'problem_analysis': 4, 'implementation_mechanism': 2, 'theoretical_insight': 2}"
6344,6,de:15 & de:37 & im:1 & im:4 & pr:19 & pr:25 & pr:6 & th:11 & th:6,"{'problem_analysis': 3, 'implementation_mechanism': 2, 'theoretical_insight': 2}"
6345,6,de:34 & de:37 & im:1 & im:10 & pr:10 & pr:19 & pr:25 & th:3 & th:6 & va:4,"{'problem_analysis': 3, 'theoretical_insight': 2, 'implementation_mechanism': 2}"
6346,6,de:23 & de:37 & im:1 & im:27 & pr:19 & pr:22 & pr:25 & th:18 & th:6 & va:22,"{'problem_analysis': 3, 'design_rationale': 2, 'implementation_mechanism': 2}"
6347,6,de:1 & im:18 & pr:10 & th:27 & va:4,"{'problem_analysis': 1, 'implementation_mechanism': 1, 'validation_evidence': 1}"
6348,6,de:15 & de:20 & im:19 & im:4 & pr:11 & pr:12 & th:2 & va:10,"{'implementation_mechanism': 2, 'problem_analysis': 2, 'design_rationale': 2}"
6349,6,de:20 & de:7 & im:19 & im:4 & pr:11 & pr:6 & th:12 & th:2 & va:10,"{'theoretical_insight': 2, 'problem_analysis': 2, 'implementation_mechanism': 2}"
6350,6,de:20 & de:28 & im:19 & im:7 & pr:11 & pr:6 & th:2 & th:9 & va:32,"{'theoretical_insight': 2, 'design_rationale': 2, 'problem_analysis': 2}"
6351,6,de:15 & de:20 & im:19 & im:4 & pr:11 & pr:31 & th:2 & th:9 & va:10,"{'theoretical_insight': 2, 'design_rationale': 2, 'implementation_mechanism': 2}"
6352,6,de:16 & de:20 & im:1 & im:19 & pr:11 & pr:12 & th:2 & th:31 & va:39,"{'theoretical_insight': 2, 'design_rationale': 2, 'problem_analysis': 2}"
6353,6,de:20 & de:37 & im:1 & im:19 & pr:11 & pr:19 & th:2 & th:6 & va:1,"{'theoretical_insight': 2, 'problem_analysis': 2, 'design_rationale': 2}"
6354,6,de:15 & de:20 & im:19 & im:4 & pr:11 & pr:31 & th:11 & th:2 & va:9,"{'theoretical_insight': 2, 'implementation_mechanism': 2, 'problem_analysis': 2}"
6355,6,de:17 & de:20 & im:19 & im:20 & pr:11 & pr:12 & th:12 & th:2 & va:3,"{'design_rationale': 2, 'theoretical_insight': 2, 'problem_analysis': 2}"
6356,6,de:15 & de:20 & im:19 & im:4 & pr:11 & pr:6 & th:1 & th:2 & va:10,"{'theoretical_insight': 2, 'problem_analysis': 2, 'implementation_mechanism': 2}"
6357,6,de:20 & de:34 & im:10 & im:19 & pr:10 & pr:11 & pr:19 & th:2 & th:3 & va:4,"{'problem_analysis': 3, 'theoretical_insight': 2, 'design_rationale': 2}"
6358,6,de:15 & de:20 & im:19 & im:4 & pr:11 & pr:27 & pr:6 & th:12 & th:2 & va:10,"{'problem_analysis': 3, 'theoretical_insight': 2, 'implementation_mechanism': 2}"
6359,6,de:15 & de:20 & im:19 & im:4 & im:7 & pr:11 & pr:6 & th:12 & th:2 & va:10,"{'implementation_mechanism': 3, 'theoretical_insight': 2, 'problem_analysis': 2}"
6360,6,de:20 & im:19 & pr:11 & pr:12 & pr:6 & th:2,"{'problem_analysis': 3, 'theoretical_insight': 1, 'design_rationale': 1}"
6361,6,de:15 & de:20 & im:19 & im:4 & pr:11 & pr:12 & pr:6 & th:11 & th:2 & va:32,"{'problem_analysis': 3, 'theoretical_insight': 2, 'implementation_mechanism': 2}"
6362,6,de:37 & de:6 & im:1 & im:3 & pr:19 & pr:21 & pr:32 & pr:4 & th:31 & th:6 & va:1 & va:23,"{'problem_analysis': 4, 'design_rationale': 2, 'validation_evidence': 2}"
6363,6,de:16 & im:1 & pr:12 & pr:35 & pr:5 & th:31 & va:39,"{'problem_analysis': 3, 'design_rationale': 1, 'validation_evidence': 1}"
6364,6,de:3 & im:16 & pr:35 & pr:39 & pr:5 & th:36 & va:0,"{'problem_analysis': 3, 'implementation_mechanism': 1, 'validation_evidence': 1}"
6365,6,de:37 & im:1 & pr:12 & pr:35 & pr:4 & th:6 & va:39,"{'problem_analysis': 3, 'validation_evidence': 1, 'implementation_mechanism': 1}"
6366,6,de:34 & im:10 & pr:10 & pr:19 & pr:35 & pr:5 & th:3 & va:4,"{'problem_analysis': 4, 'theoretical_insight': 1, 'implementation_mechanism': 1}"
6367,6,de:23 & im:27 & pr:22 & pr:35 & pr:5 & th:18 & va:22,"{'problem_analysis': 3, 'design_rationale': 1, 'implementation_mechanism': 1}"
6368,6,de:3 & im:33 & pr:12 & pr:19 & pr:2 & pr:35 & pr:4 & th:34 & va:26,"{'problem_analysis': 5, 'theoretical_insight': 1, 'implementation_mechanism': 1}"
6369,6,de:37 & im:1 & pr:0 & pr:19 & pr:39 & th:36 & th:6 & va:1,"{'problem_analysis': 3, 'theoretical_insight': 2, 'validation_evidence': 1}"
6370,6,de:3 & im:16 & pr:28 & th:10 & va:26,"{'theoretical_insight': 1, 'problem_analysis': 1, 'implementation_mechanism': 1}"
6371,6,de:2 & im:18 & pr:24 & th:10 & va:18,"{'problem_analysis': 1, 'theoretical_insight': 1, 'implementation_mechanism': 1}"
6372,6,de:15 & de:3 & im:4 & pr:39 & pr:6 & th:11 & th:36 & va:9,"{'problem_analysis': 2, 'theoretical_insight': 2, 'design_rationale': 2}"
6373,6,de:15 & de:3 & im:4 & pr:39 & pr:6 & th:11 & th:36 & va:32,"{'problem_analysis': 2, 'theoretical_insight': 2, 'design_rationale': 2}"
6374,6,de:15 & im:4 & pr:11 & pr:3 & pr:6 & th:11 & th:12 & va:9,"{'problem_analysis': 3, 'theoretical_insight': 2, 'implementation_mechanism': 1}"
6375,6,de:3 & im:16 & pr:11 & pr:3 & pr:39 & th:12 & th:36 & va:26,"{'problem_analysis': 3, 'theoretical_insight': 2, 'implementation_mechanism': 1}"
6376,6,de:15 & im:4 & pr:11 & pr:6 & th:11 & th:12 & th:2 & va:9,"{'theoretical_insight': 3, 'problem_analysis': 2, 'implementation_mechanism': 1}"
6377,6,de:15 & de:3 & im:16 & pr:11 & pr:39 & pr:6 & th:12 & th:2 & th:36 & va:26,"{'theoretical_insight': 3, 'problem_analysis': 3, 'design_rationale': 2}"
6378,6,de:37 & im:1 & pr:12 & pr:19 & pr:7 & pr:9 & th:6 & va:39,"{'problem_analysis': 4, 'validation_evidence': 1, 'implementation_mechanism': 1}"
6379,6,de:15 & im:4 & pr:12 & pr:31 & pr:6 & pr:7 & pr:9 & th:11 & va:10,"{'problem_analysis': 5, 'implementation_mechanism': 1, 'theoretical_insight': 1}"
6380,6,de:37 & im:1 & pr:12 & pr:19 & pr:7 & pr:9 & th:6 & va:17,"{'problem_analysis': 4, 'validation_evidence': 1, 'implementation_mechanism': 1}"
6381,6,de:17 & im:20 & pr:12 & pr:7 & pr:9 & th:12 & th:2 & va:3,"{'problem_analysis': 3, 'theoretical_insight': 2, 'design_rationale': 1}"
6382,6,de:15 & im:4 & pr:12 & pr:27 & pr:6 & pr:7 & pr:9 & th:12 & th:2 & va:10,"{'problem_analysis': 5, 'theoretical_insight': 2, 'implementation_mechanism': 1}"
6383,6,de:1 & im:1 & pr:12 & pr:13 & pr:19 & pr:7 & pr:9 & th:23 & va:4,"{'problem_analysis': 5, 'theoretical_insight': 1, 'design_rationale': 1}"
6384,6,de:11 & de:15 & im:4 & pr:12 & pr:26 & pr:6 & th:11 & th:25 & th:31 & va:9,"{'problem_analysis': 3, 'theoretical_insight': 3, 'design_rationale': 2}"
6385,6,de:11 & de:15 & im:4 & pr:12 & pr:26 & pr:6 & th:11 & th:25 & th:31 & va:32,"{'problem_analysis': 3, 'theoretical_insight': 3, 'design_rationale': 2}"
6386,6,de:19 & de:24 & de:37 & im:1 & im:2 & pr:13 & pr:19 & pr:2 & th:10 & th:13 & th:6 & va:1,"{'theoretical_insight': 3, 'problem_analysis': 3, 'design_rationale': 3}"
6387,6,de:19 & de:24 & de:3 & im:16 & im:2 & pr:13 & pr:2 & pr:39 & th:10 & th:13 & th:36 & va:26,"{'theoretical_insight': 3, 'problem_analysis': 3, 'design_rationale': 3}"
6388,6,de:24 & de:37 & im:1 & im:2 & pr:13 & pr:19 & pr:2 & th:13 & th:32 & th:6 & va:1,"{'theoretical_insight': 3, 'problem_analysis': 3, 'implementation_mechanism': 2}"
6389,6,de:24 & de:3 & im:16 & im:2 & pr:13 & pr:2 & pr:39 & th:13 & th:32 & th:36 & va:26,"{'theoretical_insight': 3, 'problem_analysis': 3, 'implementation_mechanism': 2}"
6390,6,de:24 & de:27 & de:37 & im:1 & im:2 & pr:13 & pr:19 & pr:2 & th:10 & th:13 & th:6 & va:1,"{'theoretical_insight': 3, 'design_rationale': 3, 'problem_analysis': 3}"
6391,6,de:24 & de:27 & de:3 & im:16 & im:2 & pr:13 & pr:2 & pr:39 & th:10 & th:13 & th:36 & va:26,"{'theoretical_insight': 3, 'design_rationale': 3, 'problem_analysis': 3}"
6392,6,de:8 & im:8 & pr:16 & th:29 & va:19,"{'implementation_mechanism': 1, 'problem_analysis': 1, 'validation_evidence': 1}"
6393,6,de:20 & de:37 & im:1 & pr:19 & pr:27 & th:12 & th:2 & th:6 & va:1,"{'theoretical_insight': 3, 'design_rationale': 2, 'problem_analysis': 2}"
6394,6,de:3 & im:16 & pr:13 & pr:31 & pr:33 & pr:39 & th:36 & th:4 & va:26,"{'problem_analysis': 4, 'theoretical_insight': 2, 'implementation_mechanism': 1}"
6395,6,de:0 & de:37 & im:1 & im:3 & pr:18 & pr:19 & th:20 & th:6 & th:7 & va:17,"{'theoretical_insight': 3, 'problem_analysis': 2, 'implementation_mechanism': 2}"
6396,6,de:0 & de:15 & im:3 & im:4 & pr:18 & pr:19 & pr:6 & th:11 & th:20 & th:7 & va:32,"{'theoretical_insight': 3, 'problem_analysis': 3, 'implementation_mechanism': 2}"
6397,6,de:0 & de:15 & im:3 & im:4 & pr:18 & pr:23 & pr:6 & th:11 & th:20 & va:10 & va:23,"{'problem_analysis': 3, 'theoretical_insight': 2, 'implementation_mechanism': 2}"
6398,5,pr:32 & pr:39,{'problem_analysis': 2}
6399,5,pr:17 & pr:32,{'problem_analysis': 2}
6400,5,de:16 & pr:12 & pr:32,"{'problem_analysis': 2, 'design_rationale': 1}"
6401,5,de:16 & im:10 & pr:27 & pr:32 & th:12,"{'problem_analysis': 2, 'design_rationale': 1, 'theoretical_insight': 1}"
6402,5,de:13 & im:1 & pr:17 & pr:32 & th:0,"{'problem_analysis': 2, 'design_rationale': 1, 'implementation_mechanism': 1}"
6403,5,de:20 & im:19 & pr:27 & pr:32 & th:12,"{'problem_analysis': 2, 'theoretical_insight': 1, 'design_rationale': 1}"
6404,5,pr:12 & pr:32 & th:2,"{'problem_analysis': 2, 'theoretical_insight': 1}"
6405,5,de:16 & im:19 & pr:27 & pr:32 & th:12 & va:9,"{'problem_analysis': 2, 'design_rationale': 1, 'theoretical_insight': 1}"
6406,5,de:17 & im:20 & pr:32 & pr:4 & th:12 & va:9,"{'problem_analysis': 2, 'design_rationale': 1, 'theoretical_insight': 1}"
6407,5,de:17 & im:19 & pr:32 & pr:4 & th:12 & va:9,"{'problem_analysis': 2, 'design_rationale': 1, 'theoretical_insight': 1}"
6408,5,de:6 & im:19 & pr:11 & pr:32 & th:12 & va:9,"{'problem_analysis': 2, 'design_rationale': 1, 'theoretical_insight': 1}"
6409,5,de:28 & im:7 & pr:26 & pr:32 & th:5 & va:17,"{'problem_analysis': 2, 'design_rationale': 1, 'theoretical_insight': 1}"
6410,5,im:31 & pr:13 & pr:32 & th:4 & va:0,"{'problem_analysis': 2, 'validation_evidence': 1, 'implementation_mechanism': 1}"
6411,5,de:9 & im:4 & pr:32 & pr:6 & th:11 & va:9,"{'problem_analysis': 2, 'design_rationale': 1, 'implementation_mechanism': 1}"
6412,5,de:3 & im:16 & pr:32 & pr:39 & th:36 & va:7,"{'problem_analysis': 2, 'implementation_mechanism': 1, 'validation_evidence': 1}"
6413,5,de:16 & im:4 & pr:32 & pr:4 & th:12 & va:12,"{'problem_analysis': 2, 'validation_evidence': 1, 'design_rationale': 1}"
6414,5,de:6 & im:21 & pr:30 & pr:32 & th:1 & va:18,"{'problem_analysis': 2, 'design_rationale': 1, 'theoretical_insight': 1}"
6415,5,de:6 & im:31 & pr:30 & pr:32 & th:5 & va:0,"{'problem_analysis': 2, 'design_rationale': 1, 'theoretical_insight': 1}"
6416,5,de:6 & im:21 & pr:32 & pr:4 & th:1 & va:28,"{'problem_analysis': 2, 'design_rationale': 1, 'theoretical_insight': 1}"
6417,5,de:13 & im:1 & pr:19 & pr:32 & th:0 & va:15,"{'problem_analysis': 2, 'design_rationale': 1, 'validation_evidence': 1}"
6418,5,de:7 & im:7 & pr:27 & pr:32 & th:12 & va:28,"{'problem_analysis': 2, 'theoretical_insight': 1, 'design_rationale': 1}"
6419,5,de:20 & im:19 & pr:11 & pr:32 & th:1 & va:9,"{'problem_analysis': 2, 'theoretical_insight': 1, 'design_rationale': 1}"
6420,5,de:37 & im:28 & pr:32 & pr:7 & th:6 & va:1,"{'problem_analysis': 2, 'validation_evidence': 1, 'implementation_mechanism': 1}"
6421,5,de:16 & im:35 & pr:12 & pr:32 & th:2 & va:2,"{'problem_analysis': 2, 'theoretical_insight': 1, 'design_rationale': 1}"
6422,5,de:7 & im:14 & pr:32 & pr:4 & th:1 & va:28,"{'problem_analysis': 2, 'implementation_mechanism': 1, 'theoretical_insight': 1}"
6423,5,de:15 & pr:32 & pr:6 & th:11 & va:32,"{'problem_analysis': 2, 'design_rationale': 1, 'theoretical_insight': 1}"
6424,5,im:31 & pr:13 & pr:32 & th:4 & va:7,"{'problem_analysis': 2, 'validation_evidence': 1, 'implementation_mechanism': 1}"
6425,5,de:8 & im:3 & pr:16 & pr:32 & th:13 & va:1,"{'problem_analysis': 2, 'theoretical_insight': 1, 'validation_evidence': 1}"
6426,5,de:13 & im:1 & pr:32 & pr:7 & th:37 & va:39,"{'problem_analysis': 2, 'design_rationale': 1, 'validation_evidence': 1}"
6427,5,de:17 & im:4 & pr:32 & pr:6 & th:12 & va:9,"{'problem_analysis': 2, 'design_rationale': 1, 'theoretical_insight': 1}"
6428,5,pr:31 & pr:32 & pr:6 & th:11 & va:2,"{'problem_analysis': 3, 'theoretical_insight': 1, 'validation_evidence': 1}"
6429,5,de:29 & im:10 & pr:19 & pr:32 & th:5 & va:1,"{'problem_analysis': 2, 'validation_evidence': 1, 'theoretical_insight': 1}"
6430,5,de:38 & im:7 & pr:32 & pr:5 & th:12 & va:0,"{'problem_analysis': 2, 'theoretical_insight': 1, 'validation_evidence': 1}"
6431,5,de:23 & im:38 & pr:32 & pr:6 & th:12 & va:2,"{'problem_analysis': 2, 'implementation_mechanism': 1, 'design_rationale': 1}"
6432,5,de:18 & im:6 & pr:12 & pr:32 & pr:38 & th:36 & va:1,"{'problem_analysis': 3, 'validation_evidence': 1, 'design_rationale': 1}"
6433,5,pr:12 & pr:3 & pr:32 & th:6,"{'problem_analysis': 3, 'theoretical_insight': 1}"
6434,5,de:16 & im:4 & pr:32 & pr:6 & th:19 & va:32,"{'problem_analysis': 2, 'design_rationale': 1, 'implementation_mechanism': 1}"
6435,5,pr:23 & pr:32 & va:23,"{'problem_analysis': 2, 'validation_evidence': 1}"
6436,5,de:9 & im:4 & pr:32 & pr:6 & th:12,"{'problem_analysis': 2, 'theoretical_insight': 1, 'implementation_mechanism': 1}"
6437,5,de:15 & im:4 & pr:31 & pr:32 & th:9 & va:32,"{'problem_analysis': 2, 'design_rationale': 1, 'implementation_mechanism': 1}"
6438,5,de:37 & im:1 & pr:12 & pr:32 & th:6 & va:37,"{'problem_analysis': 2, 'validation_evidence': 1, 'implementation_mechanism': 1}"
6439,5,de:28 & im:19 & pr:32 & pr:4 & th:12 & va:30,"{'problem_analysis': 2, 'design_rationale': 1, 'theoretical_insight': 1}"
6440,5,de:14 & im:25 & pr:14 & pr:32 & va:20,"{'problem_analysis': 2, 'implementation_mechanism': 1, 'validation_evidence': 1}"
6441,5,de:13 & im:1 & pr:32 & pr:7 & th:37 & va:15,"{'problem_analysis': 2, 'design_rationale': 1, 'validation_evidence': 1}"
6442,5,de:23 & im:26 & pr:26 & pr:32 & th:33 & va:38,"{'problem_analysis': 2, 'design_rationale': 1, 'implementation_mechanism': 1}"
6443,5,de:11 & pr:32 & pr:9 & th:14 & th:2 & va:2,"{'theoretical_insight': 2, 'problem_analysis': 2, 'design_rationale': 1}"
6444,5,de:14 & im:25 & pr:32 & pr:7 & th:26 & va:20,"{'problem_analysis': 2, 'implementation_mechanism': 1, 'validation_evidence': 1}"
6445,5,de:3 & im:16 & pr:2 & pr:32 & pr:39 & th:36 & va:0,"{'problem_analysis': 3, 'implementation_mechanism': 1, 'validation_evidence': 1}"
6446,5,de:3 & im:16 & pr:2 & pr:32 & pr:39 & th:36 & va:26,"{'problem_analysis': 3, 'implementation_mechanism': 1, 'validation_evidence': 1}"
6447,5,de:3 & im:16 & pr:32 & pr:39 & th:13 & va:26,"{'problem_analysis': 2, 'theoretical_insight': 1, 'implementation_mechanism': 1}"
6448,5,de:22 & im:31 & pr:3 & pr:32 & pr:6 & th:4 & va:18,"{'problem_analysis': 3, 'design_rationale': 1, 'implementation_mechanism': 1}"
6449,5,de:8 & im:18 & pr:16 & pr:32 & th:27 & va:20,"{'problem_analysis': 2, 'implementation_mechanism': 1, 'design_rationale': 1}"
6450,5,de:15 & im:7 & pr:32 & pr:4 & pr:5 & th:2 & va:9,"{'problem_analysis': 3, 'theoretical_insight': 1, 'validation_evidence': 1}"
6451,5,de:24 & im:2 & pr:13 & pr:32 & th:13 & va:7,"{'problem_analysis': 2, 'theoretical_insight': 1, 'validation_evidence': 1}"
6452,5,de:24 & im:24 & pr:13 & pr:2 & pr:32 & th:10 & va:8,"{'problem_analysis': 3, 'theoretical_insight': 1, 'implementation_mechanism': 1}"
6453,5,de:3 & im:16 & pr:13 & pr:3 & pr:32 & th:15 & va:13,"{'problem_analysis': 3, 'implementation_mechanism': 1, 'design_rationale': 1}"
6454,5,de:3 & im:24 & pr:32 & pr:39 & th:36 & va:26,"{'problem_analysis': 2, 'implementation_mechanism': 1, 'validation_evidence': 1}"
6455,5,de:3 & im:24 & pr:32 & pr:39 & th:19 & th:39 & va:26,"{'theoretical_insight': 2, 'problem_analysis': 2, 'implementation_mechanism': 1}"
6456,5,de:15 & de:28 & im:4 & im:7 & pr:32 & pr:6 & th:9 & va:32,"{'design_rationale': 2, 'problem_analysis': 2, 'implementation_mechanism': 2}"
6457,5,de:15 & im:19 & pr:27 & pr:32 & pr:6 & th:12 & va:32,"{'problem_analysis': 3, 'theoretical_insight': 1, 'implementation_mechanism': 1}"
6458,5,de:14 & im:20 & pr:19 & pr:32 & pr:9 & th:14 & th:26 & va:19,"{'problem_analysis': 3, 'theoretical_insight': 2, 'validation_evidence': 1}"
6459,5,de:10 & im:24 & pr:13 & pr:28 & pr:32 & th:10 & va:36,"{'problem_analysis': 3, 'theoretical_insight': 1, 'design_rationale': 1}"
6460,5,de:6 & im:11 & pr:13 & pr:32 & pr:5 & th:1 & va:4,"{'problem_analysis': 3, 'design_rationale': 1, 'theoretical_insight': 1}"
6461,5,de:9 & im:4 & pr:3 & pr:32 & pr:6 & th:11 & va:11,"{'problem_analysis': 3, 'design_rationale': 1, 'implementation_mechanism': 1}"
6462,5,de:18 & im:10 & pr:19 & pr:32 & th:37 & va:20,"{'problem_analysis': 2, 'design_rationale': 1, 'implementation_mechanism': 1}"
6463,5,de:6 & im:10 & pr:32 & pr:35 & pr:5 & pr:8 & th:1 & va:12,"{'problem_analysis': 4, 'validation_evidence': 1, 'design_rationale': 1}"
6464,5,de:7 & im:19 & pr:32 & pr:4 & pr:5 & th:12 & va:30,"{'problem_analysis': 3, 'theoretical_insight': 1, 'validation_evidence': 1}"
6465,5,de:15 & de:20 & im:19 & im:4 & pr:11 & pr:32 & pr:6 & th:11 & th:2 & va:10,"{'problem_analysis': 3, 'theoretical_insight': 2, 'implementation_mechanism': 2}"
6466,5,de:11 & im:10 & im:31 & pr:13 & pr:23 & pr:32 & th:25 & th:4 & va:1 & va:20,"{'problem_analysis': 3, 'validation_evidence': 2, 'theoretical_insight': 2}"
6467,5,de:23 & im:27 & pr:22 & pr:28 & pr:31 & pr:32 & pr:6 & th:18 & th:33 & va:2,"{'problem_analysis': 5, 'theoretical_insight': 2, 'design_rationale': 1}"
6468,5,de:37 & im:28 & pr:12 & pr:14 & pr:32 & pr:37 & th:30 & va:1,"{'problem_analysis': 4, 'theoretical_insight': 1, 'validation_evidence': 1}"
6469,5,de:25 & im:34 & pr:4 & th:33 & va:33,"{'design_rationale': 1, 'validation_evidence': 1, 'implementation_mechanism': 1}"
6470,5,de:1 & im:9 & pr:13 & pr:19 & pr:9 & th:6 & va:4,"{'problem_analysis': 3, 'implementation_mechanism': 1, 'design_rationale': 1}"
6471,5,de:22 & im:36 & pr:12 & pr:13 & pr:23 & th:4 & va:0,"{'problem_analysis': 3, 'design_rationale': 1, 'implementation_mechanism': 1}"
6472,5,de:6 & im:7 & pr:12 & pr:23 & pr:8 & th:34 & va:0,"{'problem_analysis': 3, 'design_rationale': 1, 'theoretical_insight': 1}"
6473,5,de:29 & im:16 & pr:0 & pr:39 & th:36 & va:26,"{'problem_analysis': 2, 'implementation_mechanism': 1, 'design_rationale': 1}"
6474,5,de:25 & im:34 & pr:0 & pr:32 & th:21 & va:30,"{'problem_analysis': 2, 'validation_evidence': 1, 'design_rationale': 1}"
6475,5,de:22 & de:3 & im:16 & im:31 & pr:13 & pr:39 & th:36 & th:4 & va:0 & va:7,"{'problem_analysis': 2, 'design_rationale': 2, 'implementation_mechanism': 2}"
6476,5,de:22 & de:25 & im:31 & im:34 & pr:13 & pr:32 & th:21 & th:4 & va:30 & va:7,"{'problem_analysis': 2, 'design_rationale': 2, 'validation_evidence': 2}"
6477,5,pr:31 & pr:7,{'problem_analysis': 2}
6478,5,im:9 & pr:0 & pr:7 & va:28,"{'problem_analysis': 2, 'implementation_mechanism': 1, 'validation_evidence': 1}"
6479,5,im:28 & pr:12 & pr:7 & va:3,"{'problem_analysis': 2, 'implementation_mechanism': 1, 'validation_evidence': 1}"
6480,5,de:16 & pr:12 & pr:7 & th:2 & va:2,"{'problem_analysis': 2, 'theoretical_insight': 1, 'design_rationale': 1}"
6481,5,pr:31 & pr:7 & th:16 & va:1,"{'problem_analysis': 2, 'validation_evidence': 1, 'theoretical_insight': 1}"
6482,5,de:29 & pr:22 & pr:7,"{'problem_analysis': 2, 'design_rationale': 1}"
6483,5,de:29 & im:12 & pr:0 & pr:7 & th:5 & va:0,"{'problem_analysis': 2, 'theoretical_insight': 1, 'validation_evidence': 1}"
6484,5,de:15 & im:7 & pr:6 & pr:7 & th:11 & va:9,"{'problem_analysis': 2, 'theoretical_insight': 1, 'validation_evidence': 1}"
6485,5,de:16 & im:4 & pr:4 & pr:7 & th:12 & va:12,"{'problem_analysis': 2, 'validation_evidence': 1, 'design_rationale': 1}"
6486,5,de:15 & pr:6 & pr:7 & th:11 & va:32,"{'problem_analysis': 2, 'design_rationale': 1, 'theoretical_insight': 1}"
6487,5,de:9 & im:35 & pr:6 & pr:7 & th:12 & va:2,"{'problem_analysis': 2, 'theoretical_insight': 1, 'design_rationale': 1}"
6488,5,de:20 & im:19 & pr:11 & pr:7 & th:1 & va:9,"{'problem_analysis': 2, 'theoretical_insight': 1, 'design_rationale': 1}"
6489,5,de:16 & im:35 & pr:12 & pr:7 & th:2 & va:2,"{'problem_analysis': 2, 'theoretical_insight': 1, 'design_rationale': 1}"
6490,5,de:14 & im:20 & pr:7 & pr:9 & th:29 & va:19,"{'problem_analysis': 2, 'validation_evidence': 1, 'theoretical_insight': 1}"
6491,5,de:3 & im:16 & pr:38 & pr:7 & th:12 & va:26,"{'problem_analysis': 2, 'theoretical_insight': 1, 'implementation_mechanism': 1}"
6492,5,de:9 & im:4 & pr:6 & pr:7 & th:12,"{'problem_analysis': 2, 'theoretical_insight': 1, 'design_rationale': 1}"
6493,5,de:28 & im:10 & pr:17 & pr:7 & th:4 & va:17,"{'problem_analysis': 2, 'design_rationale': 1, 'validation_evidence': 1}"
6494,5,de:22 & im:26 & pr:13 & pr:7 & th:4 & va:7,"{'problem_analysis': 2, 'design_rationale': 1, 'validation_evidence': 1}"
6495,5,de:11 & im:1 & im:26 & pr:12 & pr:7 & va:17,"{'implementation_mechanism': 2, 'problem_analysis': 2, 'validation_evidence': 1}"
6496,5,de:15 & im:19 & pr:35 & pr:7 & th:12 & va:30,"{'problem_analysis': 2, 'theoretical_insight': 1, 'validation_evidence': 1}"
6497,5,de:9 & im:4 & pr:6 & pr:7 & th:12 & va:10,"{'problem_analysis': 2, 'theoretical_insight': 1, 'design_rationale': 1}"
6498,5,de:9 & im:19 & pr:6 & pr:7 & th:12 & va:10,"{'problem_analysis': 2, 'theoretical_insight': 1, 'design_rationale': 1}"
6499,5,de:23 & im:26 & pr:26 & pr:7 & th:33 & va:38,"{'problem_analysis': 2, 'design_rationale': 1, 'implementation_mechanism': 1}"
6500,5,de:6 & im:7 & pr:19 & pr:7 & pr:8 & th:34 & th:37 & va:12,"{'problem_analysis': 3, 'theoretical_insight': 2, 'validation_evidence': 1}"
6501,5,de:16 & de:20 & pr:11 & pr:12 & pr:7 & th:12 & th:2 & va:30,"{'problem_analysis': 3, 'theoretical_insight': 2, 'design_rationale': 2}"
6502,5,de:9 & im:4 & pr:3 & pr:6 & pr:7 & th:11 & va:11,"{'problem_analysis': 3, 'design_rationale': 1, 'implementation_mechanism': 1}"
6503,5,de:25 & im:34 & pr:26 & pr:7 & th:22 & va:33,"{'problem_analysis': 2, 'design_rationale': 1, 'validation_evidence': 1}"
6504,5,de:28 & im:7 & pr:12 & pr:7 & th:12 & va:17 & va:28,"{'validation_evidence': 2, 'problem_analysis': 2, 'design_rationale': 1}"
6505,5,de:16 & de:38 & im:7 & pr:26 & pr:7 & th:2 & va:18,"{'design_rationale': 2, 'problem_analysis': 2, 'theoretical_insight': 1}"
6506,5,de:20 & im:19 & pr:11 & pr:7 & pr:8 & th:2 & va:9,"{'problem_analysis': 3, 'theoretical_insight': 1, 'design_rationale': 1}"
6507,5,de:22 & de:6 & im:21 & im:31 & pr:13 & pr:30 & pr:5 & pr:7 & th:1 & th:4 & va:15 & va:30 & va:7,"{'problem_analysis': 4, 'validation_evidence': 3, 'design_rationale': 2}"
6508,5,pr:19 & pr:23 & pr:7,{'problem_analysis': 3}
6509,5,de:16 & pr:12 & pr:19 & pr:7,"{'problem_analysis': 3, 'design_rationale': 1}"
6510,5,de:16 & im:10 & pr:19 & pr:6 & pr:7 & th:12 & va:3,"{'problem_analysis': 3, 'design_rationale': 1, 'validation_evidence': 1}"
6511,5,de:20 & im:7 & pr:11 & pr:19 & pr:7 & th:1,"{'problem_analysis': 3, 'theoretical_insight': 1, 'design_rationale': 1}"
6512,5,de:16 & im:10 & pr:19 & pr:27 & pr:7 & th:12,"{'problem_analysis': 3, 'design_rationale': 1, 'theoretical_insight': 1}"
6513,5,im:31 & pr:13 & pr:19 & pr:7 & th:4 & va:0,"{'problem_analysis': 3, 'validation_evidence': 1, 'theoretical_insight': 1}"
6514,5,de:29 & im:10 & pr:19 & pr:5 & pr:7 & th:8 & va:12,"{'problem_analysis': 3, 'validation_evidence': 1, 'implementation_mechanism': 1}"
6515,5,de:3 & im:16 & pr:19 & pr:23 & pr:7 & th:36 & va:0,"{'problem_analysis': 3, 'implementation_mechanism': 1, 'validation_evidence': 1}"
6516,5,im:31 & pr:13 & pr:19 & pr:7 & th:4 & va:7,"{'problem_analysis': 3, 'validation_evidence': 1, 'theoretical_insight': 1}"
6517,5,de:3 & im:16 & pr:19 & pr:39 & pr:7 & th:36 & va:7,"{'problem_analysis': 3, 'implementation_mechanism': 1, 'validation_evidence': 1}"
6518,5,de:7 & im:7 & pr:19 & pr:39 & pr:7 & th:5 & va:0,"{'problem_analysis': 3, 'theoretical_insight': 1, 'validation_evidence': 1}"
6519,5,de:20 & im:19 & pr:19 & pr:27 & pr:7 & th:12 & va:9,"{'problem_analysis': 3, 'theoretical_insight': 1, 'design_rationale': 1}"
6520,5,de:37 & im:20 & pr:16 & pr:19 & pr:7 & th:8 & va:20,"{'problem_analysis': 3, 'theoretical_insight': 1, 'implementation_mechanism': 1}"
6521,5,de:9 & im:4 & pr:19 & pr:6 & pr:7 & th:12 & va:9,"{'problem_analysis': 3, 'theoretical_insight': 1, 'design_rationale': 1}"
6522,5,de:14 & im:25 & pr:19 & pr:7 & th:26 & va:19 & va:20,"{'validation_evidence': 2, 'problem_analysis': 2, 'implementation_mechanism': 1}"
6523,5,de:10 & im:3 & pr:15 & pr:32 & pr:9 & th:33 & va:33,"{'problem_analysis': 3, 'design_rationale': 1, 'validation_evidence': 1}"
6524,5,de:8 & im:18 & pr:16 & pr:19 & pr:7 & th:27 & va:20,"{'problem_analysis': 3, 'implementation_mechanism': 1, 'design_rationale': 1}"
6525,5,de:22 & im:1 & pr:13 & pr:19 & pr:33 & pr:7 & th:10 & va:12,"{'problem_analysis': 4, 'validation_evidence': 1, 'theoretical_insight': 1}"
6526,5,de:4 & im:31 & pr:19 & pr:3 & pr:33 & pr:7 & th:30 & va:38,"{'problem_analysis': 4, 'theoretical_insight': 1, 'validation_evidence': 1}"
6527,5,de:15 & im:7 & pr:4 & pr:5 & pr:9 & th:2 & va:9,"{'problem_analysis': 3, 'theoretical_insight': 1, 'validation_evidence': 1}"
6528,5,de:11 & im:10 & im:31 & pr:13 & pr:19 & pr:23 & pr:7 & th:25 & th:4 & va:1 & va:20,"{'problem_analysis': 4, 'validation_evidence': 2, 'theoretical_insight': 2}"
6529,5,de:15 & de:20 & de:25 & im:19 & im:34 & pr:11 & pr:32 & pr:35 & th:12 & th:21 & va:30,"{'problem_analysis': 3, 'design_rationale': 3, 'theoretical_insight': 2}"
6530,5,de:14 & im:25 & pr:14 & pr:19 & th:26 & va:19 & va:20,"{'problem_analysis': 2, 'validation_evidence': 2, 'implementation_mechanism': 1}"
6531,5,de:16 & pr:12 & pr:5 & th:31,"{'problem_analysis': 2, 'theoretical_insight': 1, 'design_rationale': 1}"
6532,5,pr:12 & pr:3 & pr:5 & th:6,"{'problem_analysis': 3, 'theoretical_insight': 1}"
6533,5,de:37 & im:1 & pr:12 & pr:20 & pr:5 & th:6 & va:1,"{'problem_analysis': 3, 'validation_evidence': 1, 'implementation_mechanism': 1}"
6534,5,de:37 & im:3 & pr:12 & pr:19 & pr:37 & pr:5 & va:35,"{'problem_analysis': 4, 'validation_evidence': 1, 'design_rationale': 1}"
6535,5,de:8 & im:0 & pr:12 & pr:18 & pr:19 & pr:5 & va:1,"{'problem_analysis': 4, 'validation_evidence': 1, 'design_rationale': 1}"
6536,5,de:8 & im:1 & pr:12 & pr:19 & pr:5 & th:9 & va:1,"{'problem_analysis': 3, 'validation_evidence': 1, 'design_rationale': 1}"
6537,5,de:37 & im:0 & pr:12 & pr:19 & pr:5 & th:7 & va:1,"{'problem_analysis': 3, 'validation_evidence': 1, 'theoretical_insight': 1}"
6538,5,de:37 & im:3 & pr:12 & pr:19 & pr:37 & pr:6 & va:35,"{'problem_analysis': 4, 'validation_evidence': 1, 'design_rationale': 1}"
6539,5,de:8 & im:0 & pr:12 & pr:18 & pr:19 & pr:6 & va:1,"{'problem_analysis': 4, 'validation_evidence': 1, 'design_rationale': 1}"
6540,5,de:8 & im:1 & pr:12 & pr:19 & pr:6 & th:9 & va:1,"{'problem_analysis': 3, 'validation_evidence': 1, 'design_rationale': 1}"
6541,5,de:37 & im:0 & pr:12 & pr:19 & pr:6 & th:7 & va:1,"{'problem_analysis': 3, 'validation_evidence': 1, 'theoretical_insight': 1}"
6542,5,de:14 & im:25 & pr:14 & pr:38 & th:26 & va:20,"{'problem_analysis': 2, 'implementation_mechanism': 1, 'validation_evidence': 1}"
6543,5,pr:3 & pr:31 & th:16 & va:1,"{'problem_analysis': 2, 'validation_evidence': 1, 'theoretical_insight': 1}"
6544,5,de:8 & im:12 & pr:10 & pr:3 & th:7 & va:4,"{'problem_analysis': 2, 'theoretical_insight': 1, 'validation_evidence': 1}"
6545,5,de:37 & im:1 & pr:12 & pr:3 & th:6 & va:15,"{'problem_analysis': 2, 'validation_evidence': 1, 'implementation_mechanism': 1}"
6546,5,de:9 & im:22 & pr:22 & pr:3 & th:33 & va:33,"{'problem_analysis': 2, 'implementation_mechanism': 1, 'design_rationale': 1}"
6547,5,de:37 & im:28 & pr:18 & pr:3 & th:6 & va:1,"{'problem_analysis': 2, 'validation_evidence': 1, 'implementation_mechanism': 1}"
6548,5,de:37 & im:1 & pr:20 & pr:3 & th:6 & va:1,"{'problem_analysis': 2, 'validation_evidence': 1, 'implementation_mechanism': 1}"
6549,5,de:3 & im:9 & pr:19 & pr:3 & th:37 & va:0,"{'problem_analysis': 2, 'validation_evidence': 1, 'implementation_mechanism': 1}"
6550,5,de:3 & im:16 & pr:3 & pr:38 & th:12 & va:26,"{'problem_analysis': 2, 'theoretical_insight': 1, 'implementation_mechanism': 1}"
6551,5,de:11 & im:1 & pr:3 & pr:7 & th:25 & va:12,"{'problem_analysis': 2, 'validation_evidence': 1, 'theoretical_insight': 1}"
6552,5,de:16 & im:4 & pr:3 & pr:7 & th:6 & va:10,"{'problem_analysis': 2, 'design_rationale': 1, 'implementation_mechanism': 1}"
6553,5,de:32 & im:0 & pr:19 & pr:3 & th:7 & va:39,"{'problem_analysis': 2, 'design_rationale': 1, 'validation_evidence': 1}"
6554,5,de:18 & im:6 & pr:3 & pr:38 & th:36 & va:1,"{'problem_analysis': 2, 'validation_evidence': 1, 'design_rationale': 1}"
6555,5,de:28 & im:9 & pr:3 & pr:7 & th:39 & va:0,"{'problem_analysis': 2, 'design_rationale': 1, 'validation_evidence': 1}"
6556,5,pr:19 & pr:3 & th:33 & va:17,"{'problem_analysis': 2, 'theoretical_insight': 1, 'validation_evidence': 1}"
6557,5,de:22 & im:36 & pr:13 & pr:3 & th:4 & va:0,"{'problem_analysis': 2, 'design_rationale': 1, 'implementation_mechanism': 1}"
6558,5,de:6 & im:7 & pr:3 & pr:8 & th:34 & va:0,"{'problem_analysis': 2, 'design_rationale': 1, 'theoretical_insight': 1}"
6559,5,de:22 & im:23 & pr:13 & pr:3 & th:4 & va:38,"{'problem_analysis': 2, 'design_rationale': 1, 'implementation_mechanism': 1}"
6560,5,de:37 & im:1 & pr:19 & pr:3 & th:28 & va:19,"{'problem_analysis': 2, 'validation_evidence': 1, 'implementation_mechanism': 1}"
6561,5,de:37 & im:3 & pr:19 & pr:3 & pr:37 & va:35,"{'problem_analysis': 3, 'validation_evidence': 1, 'design_rationale': 1}"
6562,5,de:8 & im:0 & pr:18 & pr:19 & pr:3 & va:1,"{'problem_analysis': 3, 'validation_evidence': 1, 'design_rationale': 1}"
6563,5,de:8 & im:1 & pr:19 & pr:3 & th:9 & va:1,"{'problem_analysis': 2, 'validation_evidence': 1, 'design_rationale': 1}"
6564,5,de:20 & im:19 & pr:17 & pr:3 & pr:4 & th:1 & va:9,"{'problem_analysis': 3, 'theoretical_insight': 1, 'design_rationale': 1}"
6565,5,de:9 & im:7 & pr:3 & pr:4 & th:12 & va:9,"{'problem_analysis': 2, 'theoretical_insight': 1, 'design_rationale': 1}"
6566,5,de:37 & im:1 & pr:19 & pr:3 & th:6 & va:24,"{'problem_analysis': 2, 'validation_evidence': 1, 'implementation_mechanism': 1}"
6567,5,de:37 & im:0 & pr:19 & pr:3 & th:7 & va:1,"{'problem_analysis': 2, 'validation_evidence': 1, 'theoretical_insight': 1}"
6568,5,de:8 & im:13 & pr:19 & pr:3 & th:30 & th:6 & va:1,"{'theoretical_insight': 2, 'problem_analysis': 2, 'validation_evidence': 1}"
6569,5,de:28 & im:7 & pr:3 & pr:4 & pr:5 & th:1 & va:28,"{'problem_analysis': 3, 'design_rationale': 1, 'theoretical_insight': 1}"
6570,5,de:0 & im:36 & im:6 & pr:19 & pr:3 & pr:37 & th:6 & va:20,"{'problem_analysis': 3, 'implementation_mechanism': 2, 'design_rationale': 1}"
6571,5,de:6 & im:21 & pr:19 & pr:3 & th:33 & va:37,"{'problem_analysis': 2, 'design_rationale': 1, 'validation_evidence': 1}"
6572,5,de:17 & im:20 & pr:11 & pr:23 & pr:3 & pr:39 & th:12 & va:17 & va:38,"{'problem_analysis': 4, 'validation_evidence': 2, 'design_rationale': 1}"
6573,5,de:18 & im:10 & pr:19 & pr:3 & th:37 & va:20,"{'problem_analysis': 2, 'design_rationale': 1, 'implementation_mechanism': 1}"
6574,5,de:37 & im:28 & pr:14 & pr:3 & pr:37 & th:30 & va:1,"{'problem_analysis': 3, 'theoretical_insight': 1, 'validation_evidence': 1}"
6575,5,de:32 & de:37 & im:3 & pr:1 & pr:16 & pr:19 & pr:3 & th:19 & th:28 & va:1,"{'problem_analysis': 4, 'design_rationale': 2, 'theoretical_insight': 2}"
6576,5,de:37 & im:3 & pr:16 & pr:19 & pr:3 & th:28 & va:35,"{'problem_analysis': 3, 'validation_evidence': 1, 'design_rationale': 1}"
6577,5,de:29 & im:16 & pr:12 & pr:19 & pr:39 & th:36 & va:26,"{'problem_analysis': 3, 'implementation_mechanism': 1, 'design_rationale': 1}"
6578,5,de:14 & im:25 & pr:12 & pr:14 & pr:19 & th:26 & va:20,"{'problem_analysis': 3, 'implementation_mechanism': 1, 'validation_evidence': 1}"
6579,5,de:14 & im:20 & pr:12 & pr:19 & pr:9 & th:14 & va:19,"{'problem_analysis': 3, 'validation_evidence': 1, 'implementation_mechanism': 1}"
6580,5,de:37 & im:1 & pr:9 & th:37 & va:39,"{'problem_analysis': 1, 'validation_evidence': 1, 'theoretical_insight': 1}"
6581,5,de:15 & im:4 & pr:12 & pr:9 & th:2 & va:32,"{'problem_analysis': 2, 'theoretical_insight': 1, 'implementation_mechanism': 1}"
6582,5,de:11 & de:3 & de:37 & im:1 & im:16 & pr:18 & pr:39 & pr:7 & th:2 & th:36 & th:37 & va:26,"{'theoretical_insight': 3, 'problem_analysis': 3, 'design_rationale': 3}"
6583,5,de:11 & de:25 & de:37 & im:1 & im:34 & pr:18 & pr:32 & pr:7 & th:2 & th:21 & th:37 & va:30,"{'theoretical_insight': 3, 'problem_analysis': 3, 'design_rationale': 3}"
6584,5,de:37 & im:1 & pr:19 & pr:23 & th:28 & va:19,"{'problem_analysis': 2, 'validation_evidence': 1, 'implementation_mechanism': 1}"
6585,5,de:20 & im:19 & pr:27 & pr:39 & th:12 & va:17,"{'problem_analysis': 2, 'implementation_mechanism': 1, 'theoretical_insight': 1}"
6586,5,de:25 & im:34 & pr:32 & pr:35 & th:21 & va:30,"{'problem_analysis': 2, 'design_rationale': 1, 'implementation_mechanism': 1}"
6587,5,de:20 & im:19 & pr:11 & pr:14 & th:12 & va:9,"{'problem_analysis': 2, 'theoretical_insight': 1, 'design_rationale': 1}"
6588,5,de:8 & im:1 & pr:19 & pr:7 & th:9 & va:1,"{'problem_analysis': 2, 'validation_evidence': 1, 'design_rationale': 1}"
6589,5,de:37 & im:0 & pr:19 & pr:7 & th:7 & va:1,"{'problem_analysis': 2, 'validation_evidence': 1, 'theoretical_insight': 1}"
6590,5,de:9 & im:35 & pr:11 & pr:27 & pr:6 & th:12 & th:2 & va:9,"{'problem_analysis': 3, 'theoretical_insight': 2, 'design_rationale': 1}"
6591,5,de:3 & im:16 & pr:27 & pr:39 & pr:6 & th:12 & th:2 & th:36 & va:0,"{'theoretical_insight': 3, 'problem_analysis': 3, 'implementation_mechanism': 1}"
6592,5,de:25 & im:34 & pr:27 & pr:32 & pr:6 & th:12 & th:2 & th:21 & va:30,"{'theoretical_insight': 3, 'problem_analysis': 3, 'design_rationale': 1}"
6593,5,de:15 & de:20 & im:19 & im:4 & pr:11 & pr:27 & pr:6 & th:11 & th:12 & th:2 & va:10,"{'theoretical_insight': 3, 'problem_analysis': 3, 'implementation_mechanism': 2}"
6594,5,de:15 & im:4 & pr:27 & pr:31 & pr:6 & th:11 & th:12 & th:2 & th:9 & va:10,"{'theoretical_insight': 4, 'problem_analysis': 3, 'implementation_mechanism': 1}"
6595,5,de:15 & de:9 & im:35 & im:4 & pr:11 & pr:27 & pr:6 & th:11 & th:12 & th:2 & va:10 & va:9,"{'theoretical_insight': 3, 'problem_analysis': 3, 'implementation_mechanism': 2}"
6596,5,de:15 & de:3 & im:16 & im:4 & pr:27 & pr:39 & pr:6 & th:11 & th:12 & th:2 & th:36 & va:0 & va:10,"{'theoretical_insight': 4, 'problem_analysis': 3, 'implementation_mechanism': 2}"
6597,5,de:15 & de:25 & im:34 & im:4 & pr:27 & pr:32 & pr:6 & th:11 & th:12 & th:2 & th:21 & va:10 & va:30,"{'theoretical_insight': 4, 'problem_analysis': 3, 'implementation_mechanism': 2}"
6598,5,de:37 & im:28 & pr:23 & pr:7 & th:2 & va:1,"{'problem_analysis': 2, 'theoretical_insight': 1, 'validation_evidence': 1}"
6599,5,de:37 & im:1 & pr:12 & pr:23 & th:2 & va:1,"{'problem_analysis': 2, 'theoretical_insight': 1, 'validation_evidence': 1}"
6600,5,de:10 & im:3 & pr:15 & pr:23 & pr:32 & th:33 & va:33,"{'problem_analysis': 3, 'design_rationale': 1, 'validation_evidence': 1}"
6601,5,de:15 & im:7 & pr:23 & pr:4 & pr:5 & th:2 & va:9,"{'problem_analysis': 3, 'theoretical_insight': 1, 'validation_evidence': 1}"
6602,5,de:6 & im:10 & pr:23 & pr:35 & pr:5 & pr:8 & th:1 & va:12,"{'problem_analysis': 4, 'design_rationale': 1, 'validation_evidence': 1}"
6603,5,de:29 & de:3 & im:16 & pr:37 & pr:39 & pr:9 & th:14 & th:36 & va:0,"{'problem_analysis': 3, 'design_rationale': 2, 'theoretical_insight': 2}"
6604,5,de:25 & de:29 & im:34 & pr:32 & pr:37 & pr:9 & th:14 & th:21 & va:30,"{'problem_analysis': 3, 'design_rationale': 2, 'theoretical_insight': 2}"
6605,5,de:20 & im:7 & pr:4 & th:1,"{'theoretical_insight': 1, 'problem_analysis': 1, 'implementation_mechanism': 1}"
6606,5,de:37 & im:28 & pr:13 & pr:7 & th:2 & va:1,"{'problem_analysis': 2, 'theoretical_insight': 1, 'validation_evidence': 1}"
6607,5,de:13 & im:1 & pr:13 & pr:33 & th:6 & va:17,"{'problem_analysis': 2, 'design_rationale': 1, 'validation_evidence': 1}"
6608,5,de:25 & im:34 & pr:0 & pr:16 & pr:32 & th:21 & va:30,"{'problem_analysis': 3, 'validation_evidence': 1, 'design_rationale': 1}"
6609,5,pr:18 & pr:23,{'problem_analysis': 2}
6610,5,de:37 & im:3 & pr:18 & pr:19 & th:6 & va:1,"{'problem_analysis': 2, 'validation_evidence': 1, 'design_rationale': 1}"
6611,5,de:29 & im:9 & pr:18 & pr:33 & th:9 & va:38,"{'problem_analysis': 2, 'implementation_mechanism': 1, 'validation_evidence': 1}"
6612,5,de:3 & im:9 & pr:13 & pr:19 & th:37 & va:0,"{'problem_analysis': 2, 'validation_evidence': 1, 'implementation_mechanism': 1}"
6613,5,de:22 & im:31 & pr:13 & pr:18 & th:4 & va:7,"{'problem_analysis': 2, 'design_rationale': 1, 'validation_evidence': 1}"
6614,5,de:22 & im:26 & pr:13 & pr:18 & th:4 & va:7,"{'problem_analysis': 2, 'design_rationale': 1, 'validation_evidence': 1}"
6615,5,pr:13 & pr:19 & th:33 & va:17,"{'problem_analysis': 2, 'theoretical_insight': 1, 'validation_evidence': 1}"
6616,5,de:14 & im:25 & pr:14 & pr:18 & th:26 & va:20,"{'problem_analysis': 2, 'implementation_mechanism': 1, 'validation_evidence': 1}"
6617,5,de:8 & im:1 & pr:1 & pr:13 & pr:3 & th:33 & va:39,"{'problem_analysis': 3, 'validation_evidence': 1, 'design_rationale': 1}"
6618,5,de:0 & im:36 & im:6 & pr:13 & pr:19 & pr:37 & th:6 & va:20,"{'problem_analysis': 3, 'implementation_mechanism': 2, 'design_rationale': 1}"
6619,5,de:6 & im:21 & pr:13 & pr:19 & th:33 & va:37,"{'problem_analysis': 2, 'design_rationale': 1, 'validation_evidence': 1}"
6620,5,de:22 & de:6 & im:21 & im:31 & pr:13 & pr:18 & pr:30 & pr:5 & th:1 & th:4 & va:15 & va:30 & va:7,"{'problem_analysis': 4, 'validation_evidence': 3, 'design_rationale': 2}"
6621,5,de:3 & im:16 & pr:12 & pr:20 & pr:39 & th:36 & th:38 & va:0,"{'problem_analysis': 3, 'theoretical_insight': 2, 'implementation_mechanism': 1}"
6622,5,im:1 & pr:12 & pr:20 & pr:7 & th:38 & th:6 & va:39,"{'problem_analysis': 3, 'theoretical_insight': 2, 'validation_evidence': 1}"
6623,5,de:25 & im:34 & pr:12 & pr:20 & pr:32 & th:21 & th:38 & va:30,"{'problem_analysis': 3, 'theoretical_insight': 2, 'design_rationale': 1}"
6624,5,pr:12 & pr:37 & pr:7 & pr:9 & va:37,"{'problem_analysis': 4, 'validation_evidence': 1}"
6625,5,de:7 & im:31 & pr:12 & pr:7 & pr:9 & th:2 & va:7,"{'problem_analysis': 3, 'theoretical_insight': 1, 'validation_evidence': 1}"
6626,5,de:7 & im:4 & pr:12 & pr:7 & pr:9 & th:2 & va:10,"{'problem_analysis': 3, 'theoretical_insight': 1, 'implementation_mechanism': 1}"
6627,5,de:37 & im:1 & pr:12 & pr:7 & pr:9 & th:2 & va:1,"{'problem_analysis': 3, 'theoretical_insight': 1, 'validation_evidence': 1}"
6628,5,de:38 & im:9 & pr:12 & pr:23 & pr:7 & pr:9 & th:4 & va:28,"{'problem_analysis': 4, 'implementation_mechanism': 1, 'validation_evidence': 1}"
6629,5,de:12 & de:37 & de:5 & im:1 & pr:12 & pr:9 & th:29 & th:6 & va:1,"{'design_rationale': 3, 'problem_analysis': 2, 'theoretical_insight': 2}"
6630,5,de:28 & im:10 & pr:12 & pr:17 & pr:7 & pr:9 & th:4 & va:17,"{'problem_analysis': 4, 'design_rationale': 1, 'validation_evidence': 1}"
6631,5,de:14 & de:37 & im:1 & pr:19 & pr:7 & pr:9 & th:29 & th:6 & va:39,"{'problem_analysis': 3, 'theoretical_insight': 2, 'design_rationale': 2}"
6632,5,de:16 & de:20 & pr:11 & pr:12 & pr:7 & pr:9 & th:12 & th:2 & va:30,"{'problem_analysis': 4, 'theoretical_insight': 2, 'design_rationale': 2}"
6633,5,pr:23 & pr:36,{'problem_analysis': 2}
6634,5,de:16 & im:10 & pr:27 & pr:36 & th:12,"{'problem_analysis': 2, 'design_rationale': 1, 'theoretical_insight': 1}"
6635,5,de:15 & im:4 & pr:36 & va:32,"{'problem_analysis': 1, 'implementation_mechanism': 1, 'design_rationale': 1}"
6636,5,de:13 & im:7 & pr:26 & pr:36 & va:30,"{'problem_analysis': 2, 'design_rationale': 1, 'validation_evidence': 1}"
6637,5,de:38 & im:10 & pr:36 & pr:7 & th:12 & va:0,"{'problem_analysis': 2, 'theoretical_insight': 1, 'validation_evidence': 1}"
6638,5,de:28 & im:9 & pr:30 & pr:36 & th:35 & va:28,"{'problem_analysis': 2, 'design_rationale': 1, 'implementation_mechanism': 1}"
6639,5,de:3 & im:16 & pr:23 & pr:36 & th:36 & va:0,"{'problem_analysis': 2, 'implementation_mechanism': 1, 'validation_evidence': 1}"
6640,5,de:7 & im:7 & pr:36 & pr:39 & th:5 & va:0,"{'problem_analysis': 2, 'theoretical_insight': 1, 'validation_evidence': 1}"
6641,5,de:20 & im:19 & pr:27 & pr:36 & th:12 & va:9,"{'problem_analysis': 2, 'theoretical_insight': 1, 'design_rationale': 1}"
6642,5,de:29 & im:10 & pr:36 & pr:39 & th:36 & va:0,"{'problem_analysis': 2, 'validation_evidence': 1, 'implementation_mechanism': 1}"
6643,5,de:37 & im:1 & pr:19 & pr:23 & pr:36 & va:17,"{'problem_analysis': 3, 'validation_evidence': 1, 'implementation_mechanism': 1}"
6644,5,de:25 & im:34 & pr:31 & pr:32 & pr:36,"{'problem_analysis': 3, 'design_rationale': 1, 'implementation_mechanism': 1}"
6645,5,de:11 & im:1 & pr:18 & pr:36 & th:2 & va:37,"{'problem_analysis': 2, 'theoretical_insight': 1, 'validation_evidence': 1}"
6646,5,de:16 & im:38 & pr:12 & pr:36 & th:12 & va:2,"{'problem_analysis': 2, 'implementation_mechanism': 1, 'design_rationale': 1}"
6647,5,de:16 & im:4 & pr:36 & pr:6 & th:4 & va:10,"{'problem_analysis': 2, 'design_rationale': 1, 'implementation_mechanism': 1}"
6648,5,de:5 & im:1 & pr:36 & pr:7 & th:37 & va:39,"{'problem_analysis': 2, 'validation_evidence': 1, 'design_rationale': 1}"
6649,5,de:7 & im:31 & pr:13 & pr:36 & th:4 & va:7,"{'problem_analysis': 2, 'validation_evidence': 1, 'implementation_mechanism': 1}"
6650,5,de:7 & im:4 & pr:13 & pr:36 & th:4 & va:10,"{'problem_analysis': 2, 'implementation_mechanism': 1, 'design_rationale': 1}"
6651,5,de:11 & im:1 & pr:18 & pr:36 & th:2 & va:17,"{'problem_analysis': 2, 'theoretical_insight': 1, 'validation_evidence': 1}"
6652,5,de:23 & im:26 & pr:26 & pr:36 & th:33 & va:38,"{'problem_analysis': 2, 'design_rationale': 1, 'implementation_mechanism': 1}"
6653,5,de:24 & im:2 & pr:13 & pr:36 & th:13 & va:7,"{'problem_analysis': 2, 'theoretical_insight': 1, 'validation_evidence': 1}"
6654,5,de:15 & im:4 & pr:12 & pr:36 & th:2 & va:32,"{'problem_analysis': 2, 'theoretical_insight': 1, 'implementation_mechanism': 1}"
6655,5,de:20 & im:19 & pr:17 & pr:36 & pr:4 & th:1 & va:9,"{'problem_analysis': 3, 'theoretical_insight': 1, 'design_rationale': 1}"
6656,5,de:9 & im:7 & pr:36 & pr:4 & th:12 & va:9,"{'problem_analysis': 2, 'theoretical_insight': 1, 'design_rationale': 1}"
6657,5,de:24 & im:24 & pr:13 & pr:2 & pr:36 & th:10 & va:8,"{'problem_analysis': 3, 'theoretical_insight': 1, 'implementation_mechanism': 1}"
6658,5,de:3 & im:16 & pr:3 & pr:36 & th:15 & va:13,"{'problem_analysis': 2, 'implementation_mechanism': 1, 'design_rationale': 1}"
6659,5,de:20 & im:19 & pr:32 & pr:36 & th:12 & va:9,"{'problem_analysis': 2, 'theoretical_insight': 1, 'design_rationale': 1}"
6660,5,de:10 & im:24 & pr:28 & pr:36 & th:10 & va:36,"{'problem_analysis': 2, 'theoretical_insight': 1, 'design_rationale': 1}"
6661,5,de:6 & im:11 & pr:36 & pr:5 & th:1 & va:4,"{'problem_analysis': 2, 'design_rationale': 1, 'theoretical_insight': 1}"
6662,5,de:28 & im:7 & pr:36 & pr:4 & pr:5 & th:1 & va:28,"{'problem_analysis': 3, 'design_rationale': 1, 'theoretical_insight': 1}"
6663,5,de:38 & de:6 & im:10 & im:3 & pr:31 & pr:32 & pr:36 & pr:4 & va:0 & va:23,"{'problem_analysis': 4, 'design_rationale': 2, 'validation_evidence': 2}"
6664,5,de:0 & de:16 & de:37 & im:1 & im:9 & pr:25 & pr:36 & pr:9 & th:1 & th:2 & th:4 & va:17 & va:39,"{'problem_analysis': 3, 'theoretical_insight': 3, 'design_rationale': 3}"
6665,5,de:3 & im:16 & pr:13 & pr:2 & pr:33 & pr:39 & th:36 & va:26,"{'problem_analysis': 4, 'implementation_mechanism': 1, 'validation_evidence': 1}"
6666,5,de:3 & im:0 & pr:13 & pr:2 & pr:33 & pr:39 & th:36 & va:26,"{'problem_analysis': 4, 'implementation_mechanism': 1, 'validation_evidence': 1}"
6667,5,de:37 & im:1 & pr:0 & pr:23 & th:30 & va:1,"{'problem_analysis': 2, 'theoretical_insight': 1, 'validation_evidence': 1}"
6668,5,de:14 & de:15 & im:25 & im:4 & pr:14 & pr:39 & pr:6 & th:11 & th:26 & va:20 & va:32,"{'problem_analysis': 3, 'design_rationale': 2, 'implementation_mechanism': 2}"
6669,5,de:14 & de:15 & im:25 & im:37 & im:4 & pr:14 & pr:19 & pr:6 & th:11 & th:2 & th:26 & va:15 & va:20 & va:32,"{'theoretical_insight': 3, 'implementation_mechanism': 3, 'problem_analysis': 3}"
6670,5,de:16 & im:4 & pr:31 & pr:9 & th:2 & va:10,"{'problem_analysis': 2, 'theoretical_insight': 1, 'design_rationale': 1}"
6671,5,de:22 & im:9 & pr:13 & pr:9 & th:4 & va:15,"{'problem_analysis': 2, 'design_rationale': 1, 'implementation_mechanism': 1}"
6672,5,de:28 & im:7 & pr:19 & pr:9 & th:1 & va:28,"{'problem_analysis': 2, 'design_rationale': 1, 'theoretical_insight': 1}"
6673,5,de:14 & im:8 & pr:7 & pr:9 & th:8 & va:19,"{'problem_analysis': 2, 'implementation_mechanism': 1, 'validation_evidence': 1}"
6674,5,de:22 & im:31 & pr:39 & pr:9 & th:4 & va:7,"{'problem_analysis': 2, 'design_rationale': 1, 'validation_evidence': 1}"
6675,5,de:21 & im:5 & pr:39 & pr:9 & th:39 & va:0,"{'problem_analysis': 2, 'validation_evidence': 1, 'implementation_mechanism': 1}"
6676,5,de:8 & im:13 & pr:13 & pr:9 & th:9 & va:1,"{'problem_analysis': 2, 'validation_evidence': 1, 'implementation_mechanism': 1}"
6677,5,de:22 & im:26 & pr:13 & pr:9 & th:4 & va:7,"{'problem_analysis': 2, 'design_rationale': 1, 'validation_evidence': 1}"
6678,5,de:11 & im:1 & im:26 & pr:12 & pr:9 & va:17,"{'problem_analysis': 2, 'implementation_mechanism': 2, 'validation_evidence': 1}"
6679,5,de:38 & im:7 & pr:5 & pr:9 & th:12 & va:0,"{'problem_analysis': 2, 'theoretical_insight': 1, 'validation_evidence': 1}"
6680,5,de:8 & im:3 & pr:20 & pr:9 & th:30 & va:1,"{'problem_analysis': 2, 'theoretical_insight': 1, 'validation_evidence': 1}"
6681,5,de:3 & im:16 & pr:2 & pr:33 & pr:39 & pr:9 & th:36 & va:26,"{'problem_analysis': 4, 'implementation_mechanism': 1, 'validation_evidence': 1}"
6682,5,de:3 & im:0 & pr:2 & pr:33 & pr:39 & pr:9 & th:36 & va:26,"{'problem_analysis': 4, 'implementation_mechanism': 1, 'validation_evidence': 1}"
6683,5,de:22 & de:6 & im:21 & im:31 & pr:13 & pr:30 & pr:5 & pr:9 & th:1 & th:4 & va:15 & va:30 & va:7,"{'problem_analysis': 4, 'validation_evidence': 3, 'design_rationale': 2}"
6684,5,de:37 & im:1 & pr:18 & pr:37 & th:6 & va:17,"{'problem_analysis': 2, 'validation_evidence': 1, 'implementation_mechanism': 1}"
6685,5,de:25 & im:34 & pr:12 & pr:32 & pr:37 & th:21 & va:30,"{'problem_analysis': 3, 'design_rationale': 1, 'implementation_mechanism': 1}"
6686,5,de:37 & im:1 & pr:18 & pr:20 & pr:37 & th:30 & th:6 & va:17,"{'problem_analysis': 3, 'theoretical_insight': 2, 'validation_evidence': 1}"
6687,5,de:37 & im:1 & pr:12 & pr:20 & pr:37 & th:30 & th:6 & va:1,"{'problem_analysis': 3, 'theoretical_insight': 2, 'validation_evidence': 1}"
6688,5,de:25 & im:34 & pr:12 & pr:20 & pr:32 & pr:37 & th:21 & th:30 & th:6 & va:30,"{'problem_analysis': 4, 'theoretical_insight': 3, 'design_rationale': 1}"
6689,5,de:37 & im:1 & pr:17 & pr:9 & th:6 & va:17,"{'problem_analysis': 2, 'validation_evidence': 1, 'implementation_mechanism': 1}"
6690,5,de:32 & im:24 & pr:29 & pr:7 & th:24 & va:36,"{'problem_analysis': 2, 'implementation_mechanism': 1, 'design_rationale': 1}"
6691,5,de:17 & im:20 & pr:4 & pr:7 & th:12 & va:9,"{'problem_analysis': 2, 'design_rationale': 1, 'theoretical_insight': 1}"
6692,5,de:17 & im:19 & pr:4 & pr:7 & th:12 & va:9,"{'problem_analysis': 2, 'design_rationale': 1, 'theoretical_insight': 1}"
6693,5,de:13 & im:1 & pr:33 & pr:7 & th:6 & va:17,"{'problem_analysis': 2, 'design_rationale': 1, 'validation_evidence': 1}"
6694,5,de:15 & de:3 & im:4 & pr:38 & pr:39 & pr:6 & th:11 & th:12 & th:36 & va:9,"{'problem_analysis': 3, 'theoretical_insight': 3, 'design_rationale': 2}"
6695,5,de:3 & de:37 & im:1 & pr:18 & pr:38 & pr:39 & th:12 & th:36 & th:6 & va:17,"{'problem_analysis': 3, 'theoretical_insight': 3, 'design_rationale': 2}"
6696,5,de:3 & im:1 & pr:38 & pr:39 & pr:7 & th:12 & th:36 & th:6 & va:39,"{'theoretical_insight': 3, 'problem_analysis': 3, 'validation_evidence': 1}"
6697,5,de:25 & de:3 & im:34 & pr:32 & pr:38 & pr:39 & th:12 & th:21 & th:36 & va:30,"{'theoretical_insight': 3, 'problem_analysis': 3, 'design_rationale': 2}"
6698,5,de:6 & im:21 & pr:30 & th:5 & va:0,"{'problem_analysis': 1, 'design_rationale': 1, 'theoretical_insight': 1}"
6699,5,de:22 & im:31 & pr:23 & pr:30 & pr:39 & th:37 & th:5 & va:7,"{'problem_analysis': 3, 'theoretical_insight': 2, 'design_rationale': 1}"
6700,5,de:37 & im:1 & pr:18 & pr:19 & pr:33 & th:6 & va:1,"{'problem_analysis': 3, 'validation_evidence': 1, 'implementation_mechanism': 1}"
6701,5,de:3 & im:16 & pr:18 & pr:33 & pr:39 & th:36 & va:0,"{'problem_analysis': 3, 'implementation_mechanism': 1, 'validation_evidence': 1}"
6702,5,de:25 & im:34 & pr:18 & pr:32 & pr:33 & th:21 & va:30,"{'problem_analysis': 3, 'design_rationale': 1, 'implementation_mechanism': 1}"
6703,5,de:22 & de:25 & im:31 & im:34 & pr:13 & pr:30 & pr:32 & th:21 & th:4 & va:15 & va:30 & va:7,"{'problem_analysis': 3, 'validation_evidence': 3, 'design_rationale': 2}"
6704,5,de:22 & im:31 & pr:13 & pr:19 & pr:30 & th:4 & va:15 & va:20 & va:7,"{'problem_analysis': 3, 'validation_evidence': 3, 'design_rationale': 1}"
6705,5,de:22 & de:25 & im:31 & im:34 & pr:13 & pr:30 & pr:32 & pr:5 & th:21 & th:4 & va:15 & va:30 & va:7,"{'problem_analysis': 4, 'validation_evidence': 3, 'design_rationale': 2}"
6706,5,de:22 & im:31 & pr:13 & pr:19 & pr:30 & pr:5 & th:4 & va:15 & va:20 & va:7,"{'problem_analysis': 4, 'validation_evidence': 3, 'design_rationale': 1}"
6707,5,de:15 & im:4 & pr:6 & th:12,"{'theoretical_insight': 1, 'implementation_mechanism': 1, 'design_rationale': 1}"
6708,5,de:15 & im:7 & pr:19 & pr:6 & th:12,"{'problem_analysis': 2, 'theoretical_insight': 1, 'design_rationale': 1}"
6709,5,de:15 & im:7 & pr:39 & pr:6 & th:12,"{'problem_analysis': 2, 'theoretical_insight': 1, 'design_rationale': 1}"
6710,5,de:15 & im:7 & pr:17 & pr:6 & th:12,"{'problem_analysis': 2, 'theoretical_insight': 1, 'design_rationale': 1}"
6711,5,de:15 & de:16 & im:4 & im:7 & pr:6 & th:12,"{'design_rationale': 2, 'implementation_mechanism': 2, 'problem_analysis': 1}"
6712,5,de:15 & im:7 & pr:23 & pr:6 & th:12,"{'problem_analysis': 2, 'theoretical_insight': 1, 'design_rationale': 1}"
6713,5,de:15 & de:16 & im:7 & pr:12 & pr:6 & th:12,"{'design_rationale': 2, 'problem_analysis': 2, 'theoretical_insight': 1}"
6714,5,de:15 & im:7 & pr:6 & th:12 & th:2,"{'theoretical_insight': 2, 'problem_analysis': 1, 'design_rationale': 1}"
6715,5,de:15 & im:7 & pr:6 & th:1 & th:12,"{'theoretical_insight': 2, 'problem_analysis': 1, 'design_rationale': 1}"
6716,5,de:15 & im:7 & pr:33 & pr:6 & th:12,"{'problem_analysis': 2, 'theoretical_insight': 1, 'design_rationale': 1}"
6717,5,de:15 & im:7 & pr:12 & pr:6 & th:12,"{'problem_analysis': 2, 'theoretical_insight': 1, 'design_rationale': 1}"
6718,5,de:15 & im:7 & pr:31 & pr:6 & th:12,"{'problem_analysis': 2, 'theoretical_insight': 1, 'design_rationale': 1}"
6719,5,de:15 & im:7 & im:9 & pr:0 & pr:6 & th:12 & va:28,"{'problem_analysis': 2, 'implementation_mechanism': 2, 'theoretical_insight': 1}"
6720,5,de:15 & im:7 & pr:11 & pr:6 & th:12 & va:9,"{'problem_analysis': 2, 'theoretical_insight': 1, 'validation_evidence': 1}"
6721,5,de:15 & de:16 & im:4 & im:7 & pr:6 & th:12 & va:9,"{'design_rationale': 2, 'implementation_mechanism': 2, 'problem_analysis': 1}"
6722,5,de:15 & im:10 & im:7 & pr:6 & th:11 & th:12 & va:10,"{'theoretical_insight': 2, 'implementation_mechanism': 2, 'problem_analysis': 1}"
6723,5,de:15 & de:16 & im:10 & im:7 & pr:27 & pr:6 & th:12,"{'design_rationale': 2, 'problem_analysis': 2, 'implementation_mechanism': 2}"
6724,5,de:15 & im:4 & im:7 & pr:6 & th:12 & th:2 & va:32,"{'theoretical_insight': 2, 'implementation_mechanism': 2, 'problem_analysis': 1}"
6725,5,de:15 & im:7 & pr:12 & pr:6 & th:12 & th:2,"{'theoretical_insight': 2, 'problem_analysis': 2, 'design_rationale': 1}"
6726,5,de:15 & im:7 & pr:37 & pr:6 & th:12 & va:37,"{'problem_analysis': 2, 'theoretical_insight': 1, 'validation_evidence': 1}"
6727,5,de:15 & de:20 & im:19 & im:7 & pr:27 & pr:6 & th:12,"{'problem_analysis': 2, 'design_rationale': 2, 'implementation_mechanism': 2}"
6728,5,de:13 & de:15 & im:1 & im:7 & pr:17 & pr:6 & th:0 & th:12,"{'design_rationale': 2, 'problem_analysis': 2, 'theoretical_insight': 2}"
6729,5,de:15 & de:3 & im:16 & im:7 & pr:6 & pr:7 & th:12 & va:0,"{'problem_analysis': 2, 'implementation_mechanism': 2, 'design_rationale': 2}"
6730,5,de:15 & de:16 & im:7 & pr:12 & pr:6 & th:12 & th:2 & va:2,"{'theoretical_insight': 2, 'design_rationale': 2, 'problem_analysis': 2}"
6731,5,de:15 & de:16 & im:31 & im:7 & pr:12 & pr:6 & th:12 & th:4,"{'design_rationale': 2, 'problem_analysis': 2, 'theoretical_insight': 2}"
6732,5,de:15 & im:7 & pr:31 & pr:6 & th:12 & th:16 & va:1,"{'problem_analysis': 2, 'theoretical_insight': 2, 'validation_evidence': 1}"
6733,5,de:15 & de:20 & im:7 & pr:11 & pr:6 & th:1 & th:12,"{'problem_analysis': 2, 'theoretical_insight': 2, 'design_rationale': 2}"
6734,5,de:15 & im:4 & im:7 & pr:6 & th:0 & th:12,"{'theoretical_insight': 2, 'implementation_mechanism': 2, 'problem_analysis': 1}"
6735,5,de:15 & im:28 & im:7 & pr:12 & pr:6 & th:12 & va:3,"{'problem_analysis': 2, 'implementation_mechanism': 2, 'validation_evidence': 1}"
6736,5,de:15 & de:16 & im:7 & pr:19 & pr:6 & th:12 & th:31,"{'design_rationale': 2, 'problem_analysis': 2, 'theoretical_insight': 2}"
6737,5,de:15 & de:16 & im:19 & im:7 & pr:31 & pr:6 & th:12 & va:17,"{'design_rationale': 2, 'problem_analysis': 2, 'implementation_mechanism': 2}"
6738,5,de:13 & de:15 & im:1 & im:7 & pr:6 & th:0 & th:12 & va:15,"{'design_rationale': 2, 'theoretical_insight': 2, 'implementation_mechanism': 2}"
6739,5,de:15 & de:37 & im:28 & im:7 & pr:20 & pr:6 & th:12 & th:38,"{'problem_analysis': 2, 'theoretical_insight': 2, 'implementation_mechanism': 2}"
6740,5,de:15 & de:17 & im:20 & im:7 & pr:27 & pr:6 & th:12 & va:17,"{'design_rationale': 2, 'problem_analysis': 2, 'implementation_mechanism': 2}"
6741,5,de:15 & im:4 & im:7 & pr:31 & pr:6 & th:12 & th:9 & va:31,"{'problem_analysis': 2, 'theoretical_insight': 2, 'implementation_mechanism': 2}"
6742,5,de:15 & de:8 & im:39 & im:7 & pr:10 & pr:6 & th:12 & th:28 & va:1,"{'problem_analysis': 2, 'theoretical_insight': 2, 'design_rationale': 2}"
6743,5,de:15 & de:6 & im:21 & im:7 & pr:32 & pr:6 & th:1 & th:12 & va:8,"{'design_rationale': 2, 'problem_analysis': 2, 'theoretical_insight': 2}"
6744,5,de:13 & de:15 & im:1 & im:7 & pr:19 & pr:6 & th:0 & th:12 & va:15,"{'design_rationale': 2, 'problem_analysis': 2, 'theoretical_insight': 2}"
6745,5,de:15 & de:7 & im:7 & pr:27 & pr:6 & th:12 & va:28,"{'problem_analysis': 2, 'design_rationale': 2, 'theoretical_insight': 1}"
6746,5,de:15 & im:4 & im:7 & pr:13 & pr:6 & th:12 & th:4 & va:12,"{'problem_analysis': 2, 'theoretical_insight': 2, 'implementation_mechanism': 2}"
6747,5,de:13 & de:15 & im:7 & pr:26 & pr:6 & th:12 & va:30,"{'design_rationale': 2, 'problem_analysis': 2, 'theoretical_insight': 1}"
6748,5,de:15 & de:37 & im:1 & im:7 & pr:12 & pr:6 & th:12 & th:6 & va:15,"{'problem_analysis': 2, 'theoretical_insight': 2, 'implementation_mechanism': 2}"
6749,5,de:15 & de:29 & im:10 & im:7 & pr:5 & pr:6 & th:12 & th:8 & va:12,"{'problem_analysis': 2, 'theoretical_insight': 2, 'implementation_mechanism': 2}"
6750,5,de:15 & im:19 & im:7 & pr:6 & th:12 & va:10,"{'implementation_mechanism': 2, 'problem_analysis': 1, 'theoretical_insight': 1}"
6751,5,de:15 & de:20 & im:7 & pr:6 & th:12 & va:0,"{'design_rationale': 2, 'problem_analysis': 1, 'theoretical_insight': 1}"
6752,5,de:15 & de:9 & im:35 & im:7 & pr:11 & pr:6 & th:12 & va:9,"{'problem_analysis': 2, 'design_rationale': 2, 'implementation_mechanism': 2}"
6753,5,de:15 & de:5 & im:28 & im:7 & pr:6 & pr:7 & th:12 & th:6 & va:1,"{'problem_analysis': 2, 'theoretical_insight': 2, 'implementation_mechanism': 2}"
6754,5,de:15 & de:22 & im:31 & im:7 & pr:32 & pr:6 & th:12 & th:4 & va:23,"{'design_rationale': 2, 'problem_analysis': 2, 'theoretical_insight': 2}"
6755,5,de:15 & de:3 & im:16 & im:7 & pr:6 & pr:7 & th:12 & th:36 & va:0,"{'problem_analysis': 2, 'theoretical_insight': 2, 'implementation_mechanism': 2}"
6756,5,de:15 & de:20 & im:4 & im:7 & pr:11 & pr:6 & th:12,"{'problem_analysis': 2, 'implementation_mechanism': 2, 'design_rationale': 2}"
6757,5,de:14 & de:15 & im:25 & im:7 & pr:14 & pr:6 & th:12 & th:26,"{'problem_analysis': 2, 'theoretical_insight': 2, 'design_rationale': 2}"
6758,5,de:15 & im:4 & im:7 & pr:31 & pr:6 & th:12 & th:2 & va:32,"{'theoretical_insight': 2, 'problem_analysis': 2, 'implementation_mechanism': 2}"
6759,5,de:15 & de:6 & im:21 & im:7 & pr:30 & pr:6 & th:1 & th:12 & va:18,"{'problem_analysis': 2, 'design_rationale': 2, 'theoretical_insight': 2}"
6760,5,de:15 & de:6 & im:31 & im:7 & pr:30 & pr:6 & th:12 & th:5 & va:0,"{'problem_analysis': 2, 'design_rationale': 2, 'theoretical_insight': 2}"
6761,5,de:15 & de:6 & im:21 & im:7 & pr:4 & pr:6 & th:1 & th:12 & va:28,"{'design_rationale': 2, 'problem_analysis': 2, 'theoretical_insight': 2}"
6762,5,de:15 & de:3 & im:12 & im:7 & pr:10 & pr:6 & th:12 & th:7 & va:0,"{'problem_analysis': 2, 'theoretical_insight': 2, 'implementation_mechanism': 2}"
6763,5,de:15 & de:37 & im:28 & im:7 & pr:6 & pr:7 & th:12 & th:6 & va:1,"{'problem_analysis': 2, 'theoretical_insight': 2, 'implementation_mechanism': 2}"
6764,5,de:15 & de:16 & im:4 & im:7 & pr:4 & pr:6 & th:12 & va:12,"{'design_rationale': 2, 'problem_analysis': 2, 'implementation_mechanism': 2}"
6765,5,de:15 & de:20 & im:19 & im:7 & pr:11 & pr:6 & th:1 & th:12 & va:9,"{'problem_analysis': 2, 'theoretical_insight': 2, 'design_rationale': 2}"
6766,5,de:15 & de:25 & im:34 & im:7 & pr:4 & pr:6 & th:12 & th:21,"{'problem_analysis': 2, 'theoretical_insight': 2, 'design_rationale': 2}"
6767,5,de:15 & de:29 & im:7 & im:9 & pr:33 & pr:6 & th:12 & th:9 & va:38,"{'problem_analysis': 2, 'theoretical_insight': 2, 'implementation_mechanism': 2}"
6768,5,de:15 & de:6 & im:21 & im:7 & pr:0 & pr:6 & th:1 & th:12,"{'design_rationale': 2, 'problem_analysis': 2, 'theoretical_insight': 2}"
6769,5,de:15 & im:31 & im:7 & pr:13 & pr:6 & th:12 & th:4 & va:0,"{'problem_analysis': 2, 'theoretical_insight': 2, 'implementation_mechanism': 2}"
6770,5,de:15 & de:29 & im:10 & im:7 & pr:14 & pr:6 & th:12 & th:8 & va:20,"{'problem_analysis': 2, 'theoretical_insight': 2, 'implementation_mechanism': 2}"
6771,5,de:15 & de:3 & im:16 & im:7 & pr:39 & pr:6 & th:12 & th:36 & va:7,"{'problem_analysis': 2, 'theoretical_insight': 2, 'implementation_mechanism': 2}"
6772,5,de:15 & de:3 & im:16 & im:7 & pr:23 & pr:6 & th:12 & th:36 & va:0,"{'problem_analysis': 2, 'theoretical_insight': 2, 'implementation_mechanism': 2}"
6773,5,de:15 & de:8 & im:16 & im:7 & pr:0 & pr:6 & th:12 & th:7 & va:34,"{'problem_analysis': 2, 'theoretical_insight': 2, 'implementation_mechanism': 2}"
6774,5,de:15 & de:20 & im:7 & pr:27 & pr:6 & th:12 & va:25,"{'problem_analysis': 2, 'design_rationale': 2, 'validation_evidence': 1}"
6775,5,de:15 & de:7 & im:7 & pr:39 & pr:6 & th:12 & th:5 & va:0,"{'theoretical_insight': 2, 'problem_analysis': 2, 'design_rationale': 2}"
6776,5,de:15 & de:20 & im:19 & im:7 & pr:27 & pr:6 & th:12 & va:9,"{'problem_analysis': 2, 'design_rationale': 2, 'implementation_mechanism': 2}"
6777,5,de:15 & de:16 & im:19 & im:7 & pr:27 & pr:6 & th:12 & va:9,"{'design_rationale': 2, 'problem_analysis': 2, 'implementation_mechanism': 2}"
6778,5,de:15 & de:29 & im:10 & im:7 & pr:39 & pr:6 & th:12 & th:36 & va:0,"{'problem_analysis': 2, 'theoretical_insight': 2, 'implementation_mechanism': 2}"
6779,5,de:15 & im:4 & im:7 & pr:12 & pr:6 & th:12 & th:2 & va:9,"{'theoretical_insight': 2, 'problem_analysis': 2, 'implementation_mechanism': 2}"
6780,5,de:15 & de:29 & im:7 & pr:22 & pr:6 & th:12,"{'problem_analysis': 2, 'design_rationale': 2, 'theoretical_insight': 1}"
6781,5,de:15 & de:7 & im:14 & im:7 & pr:4 & pr:6 & th:1 & th:12 & va:28,"{'problem_analysis': 2, 'theoretical_insight': 2, 'implementation_mechanism': 2}"
6782,5,de:15 & de:16 & im:35 & im:7 & pr:12 & pr:6 & th:12 & th:2 & va:2,"{'theoretical_insight': 2, 'design_rationale': 2, 'problem_analysis': 2}"
6783,5,de:15 & de:22 & im:7 & im:9 & pr:13 & pr:6 & th:12 & th:4 & va:15,"{'problem_analysis': 2, 'design_rationale': 2, 'theoretical_insight': 2}"
6784,5,de:15 & de:16 & im:10 & im:7 & pr:6 & th:12 & va:3,"{'design_rationale': 2, 'implementation_mechanism': 2, 'problem_analysis': 1}"
6785,5,de:15 & de:29 & im:12 & im:7 & pr:0 & pr:6 & th:12 & th:5 & va:0,"{'theoretical_insight': 2, 'problem_analysis': 2, 'design_rationale': 2}"
6786,5,de:15 & de:16 & im:1 & im:7 & pr:31 & pr:6 & th:12 & th:2 & va:17,"{'theoretical_insight': 2, 'design_rationale': 2, 'problem_analysis': 2}"
6787,5,de:15 & de:16 & im:4 & im:7 & pr:31 & pr:6 & th:12 & th:2 & va:10,"{'theoretical_insight': 2, 'design_rationale': 2, 'problem_analysis': 2}"
6788,5,de:15 & de:9 & im:19 & im:7 & pr:4 & pr:6 & th:12 & va:30,"{'problem_analysis': 2, 'design_rationale': 2, 'implementation_mechanism': 2}"
6789,5,de:15 & de:9 & im:35 & im:7 & pr:6 & th:12 & va:2,"{'design_rationale': 2, 'implementation_mechanism': 2, 'problem_analysis': 1}"
6790,5,de:15 & de:38 & im:10 & im:7 & pr:6 & pr:7 & th:12 & va:0,"{'problem_analysis': 2, 'implementation_mechanism': 2, 'design_rationale': 2}"
6791,5,de:0 & de:15 & im:30 & im:7 & pr:18 & pr:6 & th:12 & th:23 & va:4,"{'theoretical_insight': 2, 'problem_analysis': 2, 'implementation_mechanism': 2}"
6792,5,de:15 & de:28 & im:7 & pr:19 & pr:6 & th:1 & th:12 & va:28,"{'design_rationale': 2, 'problem_analysis': 2, 'theoretical_insight': 2}"
6793,5,de:15 & de:28 & im:7 & im:9 & pr:6 & pr:7 & th:12 & th:39 & va:0,"{'design_rationale': 2, 'problem_analysis': 2, 'theoretical_insight': 2}"
6794,5,de:15 & de:3 & im:16 & im:7 & pr:38 & pr:6 & th:12 & va:26,"{'design_rationale': 2, 'problem_analysis': 2, 'implementation_mechanism': 2}"
6795,5,de:15 & de:16 & im:1 & im:7 & pr:18 & pr:6 & th:0 & th:12 & va:17,"{'design_rationale': 2, 'problem_analysis': 2, 'theoretical_insight': 2}"
6796,5,de:14 & de:15 & im:20 & im:7 & pr:6 & pr:9 & th:12 & th:8 & va:19,"{'problem_analysis': 2, 'theoretical_insight': 2, 'implementation_mechanism': 2}"
6797,5,de:15 & de:32 & im:24 & im:7 & pr:29 & pr:6 & th:12 & th:24 & va:36,"{'problem_analysis': 2, 'implementation_mechanism': 2, 'theoretical_insight': 2}"
6798,5,de:15 & de:20 & im:19 & im:7 & pr:27 & pr:6 & th:12 & va:17,"{'problem_analysis': 2, 'design_rationale': 2, 'implementation_mechanism': 2}"
6799,5,de:15 & de:37 & im:1 & im:7 & pr:6 & pr:7 & th:12 & th:6 & va:17,"{'problem_analysis': 2, 'theoretical_insight': 2, 'implementation_mechanism': 2}"
6800,5,de:15 & de:3 & im:10 & im:7 & pr:0 & pr:6 & th:12 & th:39 & va:0,"{'problem_analysis': 2, 'theoretical_insight': 2, 'implementation_mechanism': 2}"
6801,5,de:15 & de:25 & im:34 & im:7 & pr:6 & th:12,"{'design_rationale': 2, 'implementation_mechanism': 2, 'problem_analysis': 1}"
6802,5,de:15 & de:16 & im:4 & im:7 & pr:18 & pr:6 & th:12 & th:2 & va:10,"{'theoretical_insight': 2, 'design_rationale': 2, 'problem_analysis': 2}"
6803,5,de:15 & de:25 & im:34 & im:7 & pr:31 & pr:32 & pr:6 & th:12,"{'problem_analysis': 3, 'design_rationale': 2, 'implementation_mechanism': 2}"
6804,5,de:15 & de:20 & im:20 & im:7 & pr:6 & pr:9 & th:12 & va:9,"{'problem_analysis': 2, 'design_rationale': 2, 'implementation_mechanism': 2}"
6805,5,de:15 & de:17 & im:20 & im:7 & pr:4 & pr:6 & th:12 & va:9,"{'design_rationale': 2, 'problem_analysis': 2, 'implementation_mechanism': 2}"
6806,5,de:15 & de:17 & im:19 & im:7 & pr:4 & pr:6 & th:12 & va:9,"{'design_rationale': 2, 'problem_analysis': 2, 'implementation_mechanism': 2}"
6807,5,de:15 & de:9 & im:4 & im:7 & pr:6 & th:11 & th:12 & va:9,"{'theoretical_insight': 2, 'design_rationale': 2, 'implementation_mechanism': 2}"
6808,5,de:15 & de:16 & im:4 & im:7 & pr:6 & pr:7 & th:12 & th:37 & va:2,"{'design_rationale': 2, 'problem_analysis': 2, 'theoretical_insight': 2}"
6809,5,de:15 & de:37 & im:1 & im:7 & pr:12 & pr:6 & th:12 & th:6 & va:37,"{'problem_analysis': 2, 'theoretical_insight': 2, 'implementation_mechanism': 2}"
6810,5,de:15 & de:16 & im:38 & im:7 & pr:12 & pr:6 & th:12 & va:2,"{'implementation_mechanism': 2, 'design_rationale': 2, 'problem_analysis': 2}"
6811,5,de:14 & de:15 & im:7 & im:8 & pr:6 & pr:7 & th:12 & th:8 & va:19,"{'implementation_mechanism': 2, 'problem_analysis': 2, 'theoretical_insight': 2}"
6812,5,de:15 & de:4 & im:7 & pr:6 & th:12 & va:30,"{'design_rationale': 2, 'problem_analysis': 1, 'theoretical_insight': 1}"
6813,5,de:15 & de:37 & im:28 & im:7 & pr:19 & pr:6 & th:12 & th:29 & va:1,"{'problem_analysis': 2, 'theoretical_insight': 2, 'implementation_mechanism': 2}"
6814,5,de:15 & de:9 & im:4 & im:7 & pr:6 & th:12,"{'design_rationale': 2, 'implementation_mechanism': 2, 'problem_analysis': 1}"
6815,5,de:15 & de:17 & im:4 & im:7 & pr:6 & th:12 & va:9,"{'design_rationale': 2, 'implementation_mechanism': 2, 'problem_analysis': 1}"
6816,5,de:15 & de:38 & im:7 & im:9 & pr:23 & pr:6 & th:12 & th:4 & va:28,"{'problem_analysis': 2, 'theoretical_insight': 2, 'implementation_mechanism': 2}"
6817,5,de:15 & de:16 & im:1 & im:7 & pr:6 & pr:9 & th:12 & th:14 & va:37,"{'problem_analysis': 2, 'design_rationale': 2, 'theoretical_insight': 2}"
6818,5,de:15 & de:37 & im:1 & im:7 & pr:25 & pr:6 & th:12 & th:37 & va:39,"{'problem_analysis': 2, 'theoretical_insight': 2, 'implementation_mechanism': 2}"
6819,5,de:13 & de:15 & im:1 & im:7 & pr:6 & pr:7 & th:12 & th:37 & va:39,"{'design_rationale': 2, 'problem_analysis': 2, 'theoretical_insight': 2}"
6820,5,de:15 & im:7 & pr:2 & pr:33 & pr:6 & th:12 & th:36 & va:7,"{'problem_analysis': 3, 'theoretical_insight': 2, 'validation_evidence': 1}"
6821,5,de:15 & de:37 & im:1 & im:7 & pr:19 & pr:6 & th:12 & th:37 & va:39,"{'problem_analysis': 2, 'theoretical_insight': 2, 'implementation_mechanism': 2}"
6822,5,de:15 & de:25 & im:34 & im:7 & pr:32 & pr:6 & th:12 & th:21 & va:17,"{'problem_analysis': 2, 'theoretical_insight': 2, 'design_rationale': 2}"
6823,5,de:14 & de:15 & im:20 & im:7 & pr:6 & pr:9 & th:12 & th:14 & va:19,"{'problem_analysis': 2, 'theoretical_insight': 2, 'implementation_mechanism': 2}"
6824,5,de:15 & im:7 & pr:23 & pr:6 & th:12 & va:23,"{'problem_analysis': 2, 'theoretical_insight': 1, 'validation_evidence': 1}"
6825,5,de:15 & im:4 & im:7 & pr:31 & pr:6 & th:12 & th:9 & va:32,"{'problem_analysis': 2, 'theoretical_insight': 2, 'implementation_mechanism': 2}"
6826,5,de:14 & de:15 & im:20 & im:7 & pr:6 & pr:9 & th:12 & th:29 & va:19,"{'problem_analysis': 2, 'theoretical_insight': 2, 'implementation_mechanism': 2}"
6827,5,de:15 & de:29 & im:10 & im:7 & pr:19 & pr:6 & th:12 & th:5 & va:1,"{'theoretical_insight': 2, 'problem_analysis': 2, 'implementation_mechanism': 2}"
6828,5,de:15 & de:23 & im:38 & im:7 & pr:6 & th:12 & va:2,"{'implementation_mechanism': 2, 'design_rationale': 2, 'problem_analysis': 1}"
6829,5,de:15 & de:28 & im:7 & im:9 & pr:30 & pr:6 & th:12 & th:35 & va:28,"{'problem_analysis': 2, 'design_rationale': 2, 'theoretical_insight': 2}"
6830,5,de:15 & im:19 & im:7 & pr:35 & pr:6 & th:12 & va:30,"{'problem_analysis': 2, 'implementation_mechanism': 2, 'theoretical_insight': 1}"
6831,5,de:15 & de:28 & im:10 & im:7 & pr:17 & pr:6 & th:12 & th:4 & va:17,"{'design_rationale': 2, 'problem_analysis': 2, 'theoretical_insight': 2}"
6832,5,de:15 & de:6 & im:19 & im:7 & pr:11 & pr:6 & th:12 & va:9,"{'design_rationale': 2, 'problem_analysis': 2, 'implementation_mechanism': 2}"
6833,5,de:15 & de:22 & im:31 & im:7 & pr:39 & pr:6 & th:12 & th:4 & va:7,"{'design_rationale': 2, 'problem_analysis': 2, 'theoretical_insight': 2}"
6834,5,de:15 & de:21 & im:5 & im:7 & pr:39 & pr:6 & th:12 & th:39 & va:0,"{'problem_analysis': 2, 'theoretical_insight': 2, 'implementation_mechanism': 2}"
6835,5,de:15 & de:28 & im:7 & pr:26 & pr:6 & th:12 & th:5 & va:17,"{'design_rationale': 2, 'theoretical_insight': 2, 'problem_analysis': 2}"
6836,5,de:15 & de:3 & im:16 & im:7 & pr:0 & pr:6 & th:1 & th:12 & va:0,"{'problem_analysis': 2, 'theoretical_insight': 2, 'implementation_mechanism': 2}"
6837,5,de:15 & de:22 & im:31 & im:7 & pr:0 & pr:6 & th:1 & th:12 & va:7,"{'design_rationale': 2, 'problem_analysis': 2, 'theoretical_insight': 2}"
6838,5,de:15 & de:16 & im:4 & im:7 & pr:6 & th:12 & th:19 & va:32,"{'design_rationale': 2, 'theoretical_insight': 2, 'implementation_mechanism': 2}"
6839,5,de:15 & de:16 & im:4 & im:7 & pr:6 & pr:7 & th:12 & th:6 & va:10,"{'design_rationale': 2, 'problem_analysis': 2, 'theoretical_insight': 2}"
6840,5,de:15 & im:4 & im:7 & pr:11 & pr:6 & th:11 & th:12 & va:30,"{'problem_analysis': 2, 'theoretical_insight': 2, 'implementation_mechanism': 2}"
6841,5,de:15 & im:31 & im:7 & pr:13 & pr:6 & th:12 & th:4 & va:7,"{'problem_analysis': 2, 'theoretical_insight': 2, 'implementation_mechanism': 2}"
6842,5,de:15 & de:8 & im:13 & im:7 & pr:13 & pr:6 & th:12 & th:9 & va:1,"{'problem_analysis': 2, 'theoretical_insight': 2, 'implementation_mechanism': 2}"
6843,5,de:15 & de:8 & im:3 & im:7 & pr:16 & pr:6 & th:12 & th:13 & va:1,"{'theoretical_insight': 2, 'problem_analysis': 2, 'design_rationale': 2}"
6844,5,de:15 & de:25 & im:34 & im:7 & pr:32 & pr:6 & th:12 & th:33 & va:27,"{'problem_analysis': 2, 'theoretical_insight': 2, 'design_rationale': 2}"
6845,5,de:15 & im:4 & im:7 & pr:22 & pr:6 & th:12 & va:30,"{'problem_analysis': 2, 'implementation_mechanism': 2, 'theoretical_insight': 1}"
6846,5,de:15 & de:16 & im:4 & im:7 & pr:6 & th:12 & th:4 & va:10,"{'design_rationale': 2, 'theoretical_insight': 2, 'implementation_mechanism': 2}"
6847,5,de:15 & de:37 & im:20 & im:7 & pr:16 & pr:6 & th:12 & th:8 & va:20,"{'problem_analysis': 2, 'theoretical_insight': 2, 'implementation_mechanism': 2}"
6848,5,de:15 & de:9 & im:22 & im:7 & pr:22 & pr:6 & th:12 & th:33 & va:33,"{'problem_analysis': 2, 'implementation_mechanism': 2, 'theoretical_insight': 2}"
6849,5,de:15 & de:22 & im:31 & im:7 & pr:13 & pr:6 & th:12 & th:4 & va:7,"{'problem_analysis': 2, 'design_rationale': 2, 'theoretical_insight': 2}"
6850,5,de:11 & de:15 & im:1 & im:7 & pr:18 & pr:6 & th:12 & th:2 & va:37,"{'theoretical_insight': 2, 'problem_analysis': 2, 'design_rationale': 2}"
6851,5,de:13 & de:15 & im:1 & im:7 & pr:33 & pr:6 & th:12 & th:6 & va:17,"{'problem_analysis': 2, 'design_rationale': 2, 'theoretical_insight': 2}"
6852,5,de:15 & de:5 & im:1 & im:7 & pr:6 & pr:7 & th:12 & th:37 & va:39,"{'problem_analysis': 2, 'theoretical_insight': 2, 'design_rationale': 2}"
6853,5,de:15 & im:4 & im:7 & pr:6 & pr:7 & th:12 & th:2 & va:2,"{'theoretical_insight': 2, 'problem_analysis': 2, 'implementation_mechanism': 2}"
6854,5,de:15 & de:22 & im:23 & im:7 & pr:13 & pr:6 & th:12 & th:4 & va:38,"{'problem_analysis': 2, 'design_rationale': 2, 'implementation_mechanism': 2}"
6855,5,de:15 & de:16 & im:19 & im:7 & pr:6 & th:12 & th:21 & va:2,"{'design_rationale': 2, 'theoretical_insight': 2, 'implementation_mechanism': 2}"
6856,5,de:15 & de:22 & im:31 & im:7 & pr:31 & pr:6 & th:12 & th:2,"{'theoretical_insight': 2, 'design_rationale': 2, 'problem_analysis': 2}"
6857,5,de:15 & de:37 & im:1 & im:7 & pr:19 & pr:23 & pr:6 & th:12 & va:17,"{'problem_analysis': 3, 'implementation_mechanism': 2, 'design_rationale': 2}"
6858,5,de:15 & de:7 & im:31 & im:7 & pr:13 & pr:6 & th:12 & th:4 & va:7,"{'problem_analysis': 2, 'theoretical_insight': 2, 'implementation_mechanism': 2}"
6859,5,de:15 & de:7 & im:4 & im:7 & pr:13 & pr:6 & th:12 & th:4 & va:10,"{'problem_analysis': 2, 'theoretical_insight': 2, 'implementation_mechanism': 2}"
6860,5,de:15 & de:16 & im:1 & im:7 & pr:31 & pr:6 & th:12 & th:2 & va:39,"{'theoretical_insight': 2, 'design_rationale': 2, 'problem_analysis': 2}"
6861,5,de:15 & de:18 & im:6 & im:7 & pr:38 & pr:6 & th:12 & th:36 & va:1,"{'design_rationale': 2, 'problem_analysis': 2, 'theoretical_insight': 2}"
6862,5,de:15 & de:37 & im:1 & im:7 & pr:20 & pr:6 & th:12 & th:6 & va:1,"{'problem_analysis': 2, 'theoretical_insight': 2, 'implementation_mechanism': 2}"
6863,5,de:15 & de:33 & im:5 & im:7 & pr:16 & pr:6 & th:12 & th:26 & va:20,"{'problem_analysis': 2, 'design_rationale': 2, 'theoretical_insight': 2}"
6864,5,de:15 & de:16 & im:1 & im:7 & pr:18 & pr:6 & th:0 & th:12 & va:15,"{'design_rationale': 2, 'problem_analysis': 2, 'theoretical_insight': 2}"
6865,5,de:15 & de:5 & im:1 & im:7 & pr:12 & pr:6 & th:12 & th:6 & va:1,"{'problem_analysis': 2, 'theoretical_insight': 2, 'design_rationale': 2}"
6866,5,de:15 & im:13 & im:7 & pr:2 & pr:39 & pr:6 & th:12 & th:3 & va:36,"{'problem_analysis': 3, 'theoretical_insight': 2, 'implementation_mechanism': 2}"
6867,5,de:15 & im:7 & pr:19 & pr:6 & th:12 & th:2 & va:15 & va:9,"{'theoretical_insight': 2, 'problem_analysis': 2, 'validation_evidence': 2}"
6868,5,de:11 & de:15 & im:1 & im:26 & im:7 & pr:12 & pr:6 & th:12 & va:17,"{'implementation_mechanism': 3, 'problem_analysis': 2, 'design_rationale': 2}"
6869,5,de:15 & de:37 & im:1 & im:7 & pr:6 & pr:7 & th:12 & th:37 & va:1,"{'problem_analysis': 2, 'theoretical_insight': 2, 'implementation_mechanism': 2}"
6870,5,de:15 & de:37 & im:1 & im:7 & pr:6 & pr:7 & th:12 & th:37 & va:39,"{'problem_analysis': 2, 'theoretical_insight': 2, 'implementation_mechanism': 2}"
6871,5,de:14 & de:15 & im:25 & im:7 & pr:6 & pr:9 & th:12 & th:26 & va:20,"{'problem_analysis': 2, 'theoretical_insight': 2, 'design_rationale': 2}"
6872,5,de:15 & de:37 & im:1 & im:7 & pr:12 & pr:6 & th:12 & th:6 & va:17,"{'problem_analysis': 2, 'theoretical_insight': 2, 'implementation_mechanism': 2}"
6873,5,de:15 & de:38 & im:7 & pr:5 & pr:6 & th:12 & va:0,"{'problem_analysis': 2, 'design_rationale': 2, 'theoretical_insight': 1}"
6874,5,de:15 & de:22 & im:26 & im:7 & pr:13 & pr:6 & th:12 & th:4 & va:7,"{'problem_analysis': 2, 'design_rationale': 2, 'theoretical_insight': 2}"
6875,5,de:14 & de:15 & im:20 & im:7 & pr:6 & pr:9 & th:12 & va:20,"{'problem_analysis': 2, 'implementation_mechanism': 2, 'design_rationale': 2}"
6876,5,de:15 & de:9 & im:4 & im:7 & pr:6 & th:12 & va:10,"{'design_rationale': 2, 'implementation_mechanism': 2, 'problem_analysis': 1}"
6877,5,de:15 & de:9 & im:19 & im:7 & pr:6 & th:12 & va:10,"{'design_rationale': 2, 'implementation_mechanism': 2, 'problem_analysis': 1}"
6878,5,de:14 & de:15 & im:25 & im:7 & pr:14 & pr:6 & th:12 & va:20,"{'problem_analysis': 2, 'implementation_mechanism': 2, 'design_rationale': 2}"
6879,5,de:13 & de:15 & im:1 & im:7 & pr:6 & pr:7 & th:12 & th:37 & va:15,"{'design_rationale': 2, 'problem_analysis': 2, 'theoretical_insight': 2}"
6880,5,de:15 & im:7 & pr:11 & pr:6 & th:12 & va:27,"{'problem_analysis': 2, 'theoretical_insight': 1, 'validation_evidence': 1}"
6881,5,de:15 & de:25 & im:34 & im:7 & pr:32 & pr:6 & th:12 & th:21 & va:33,"{'problem_analysis': 2, 'theoretical_insight': 2, 'design_rationale': 2}"
6882,5,de:15 & de:20 & im:19 & im:7 & pr:11 & pr:6 & th:12 & th:2 & va:9,"{'theoretical_insight': 2, 'problem_analysis': 2, 'design_rationale': 2}"
6883,5,de:15 & de:23 & im:26 & im:7 & pr:26 & pr:6 & th:12 & th:33 & va:38,"{'design_rationale': 2, 'problem_analysis': 2, 'theoretical_insight': 2}"
6884,5,de:15 & de:23 & im:26 & im:7 & pr:22 & pr:6 & th:12 & th:33 & va:2,"{'problem_analysis': 2, 'design_rationale': 2, 'theoretical_insight': 2}"
6885,5,de:10 & de:15 & im:3 & im:7 & pr:15 & pr:32 & pr:6 & th:12 & th:33 & va:33,"{'problem_analysis': 3, 'design_rationale': 2, 'theoretical_insight': 2}"
6886,5,de:11 & de:15 & im:7 & pr:6 & pr:9 & th:12 & th:14 & th:2 & va:2,"{'theoretical_insight': 3, 'problem_analysis': 2, 'design_rationale': 2}"
6887,5,de:15 & de:37 & im:7 & im:8 & pr:19 & pr:6 & th:12 & th:28 & va:1,"{'implementation_mechanism': 2, 'problem_analysis': 2, 'theoretical_insight': 2}"
6888,5,de:14 & de:15 & im:25 & im:7 & pr:19 & pr:6 & th:12 & th:26 & va:20,"{'problem_analysis': 2, 'theoretical_insight': 2, 'design_rationale': 2}"
6889,5,de:14 & de:15 & im:25 & im:7 & pr:6 & pr:7 & th:12 & th:26 & va:20,"{'problem_analysis': 2, 'theoretical_insight': 2, 'design_rationale': 2}"
6890,5,de:11 & de:15 & im:1 & im:7 & pr:10 & pr:31 & pr:6 & th:12 & th:27 & va:22,"{'problem_analysis': 3, 'theoretical_insight': 2, 'design_rationale': 2}"
6891,5,de:15 & de:20 & im:7 & pr:32 & pr:6 & th:12,"{'problem_analysis': 2, 'design_rationale': 2, 'theoretical_insight': 1}"
6892,5,de:15 & de:16 & im:38 & im:7 & pr:6 & th:12 & th:26 & th:9 & va:2,"{'theoretical_insight': 3, 'implementation_mechanism': 2, 'design_rationale': 2}"
6893,5,de:0 & de:15 & im:3 & im:7 & pr:19 & pr:6 & th:12 & th:7 & va:23,"{'problem_analysis': 2, 'theoretical_insight': 2, 'implementation_mechanism': 2}"
6894,5,de:15 & de:37 & im:0 & im:7 & pr:19 & pr:6 & pr:7 & th:12 & th:6 & va:1,"{'problem_analysis': 3, 'theoretical_insight': 2, 'design_rationale': 2}"
6895,5,de:11 & de:15 & im:1 & im:7 & pr:18 & pr:6 & th:12 & th:2 & va:17,"{'theoretical_insight': 2, 'problem_analysis': 2, 'design_rationale': 2}"
6896,5,de:15 & de:16 & im:4 & im:7 & pr:27 & pr:31 & pr:6 & pr:7 & th:12,"{'problem_analysis': 4, 'design_rationale': 2, 'implementation_mechanism': 2}"
6897,5,de:15 & de:22 & im:31 & im:7 & pr:31 & pr:6 & th:12 & th:2 & va:4,"{'theoretical_insight': 2, 'design_rationale': 2, 'problem_analysis': 2}"
6898,5,de:15 & im:4 & im:7 & pr:12 & pr:6 & th:12 & th:2 & va:32,"{'theoretical_insight': 2, 'problem_analysis': 2, 'implementation_mechanism': 2}"
6899,5,de:15 & de:17 & im:7 & pr:11 & pr:27 & pr:6 & th:12 & va:9,"{'problem_analysis': 3, 'design_rationale': 2, 'theoretical_insight': 1}"
6900,5,de:15 & de:8 & im:1 & im:7 & pr:10 & pr:6 & th:12 & th:6 & va:10,"{'problem_analysis': 2, 'theoretical_insight': 2, 'design_rationale': 2}"
6901,5,de:15 & de:3 & im:3 & im:7 & pr:16 & pr:6 & th:12 & th:28 & va:1,"{'problem_analysis': 2, 'theoretical_insight': 2, 'design_rationale': 2}"
6902,5,de:15 & de:39 & im:0 & im:7 & pr:10 & pr:16 & pr:6 & th:12 & va:1,"{'problem_analysis': 3, 'design_rationale': 2, 'implementation_mechanism': 2}"
6903,5,de:15 & de:33 & im:5 & im:7 & pr:16 & pr:6 & th:12 & th:8 & va:20,"{'problem_analysis': 2, 'design_rationale': 2, 'theoretical_insight': 2}"
6904,5,de:15 & de:4 & im:10 & im:7 & pr:19 & pr:6 & th:12 & th:8 & va:33,"{'problem_analysis': 2, 'theoretical_insight': 2, 'implementation_mechanism': 2}"
6905,5,de:15 & de:37 & im:1 & im:7 & pr:12 & pr:6 & pr:7 & th:12 & th:6 & va:1,"{'problem_analysis': 3, 'theoretical_insight': 2, 'implementation_mechanism': 2}"
6906,5,de:15 & de:37 & im:1 & im:7 & pr:6 & pr:9 & th:12 & th:6 & va:17,"{'problem_analysis': 2, 'theoretical_insight': 2, 'implementation_mechanism': 2}"
6907,5,de:15 & de:28 & im:19 & im:7 & pr:4 & pr:6 & th:12 & va:30,"{'design_rationale': 2, 'problem_analysis': 2, 'implementation_mechanism': 2}"
6908,5,de:11 & de:15 & im:1 & im:7 & pr:19 & pr:6 & th:12 & th:37 & va:20,"{'problem_analysis': 2, 'theoretical_insight': 2, 'design_rationale': 2}"
6909,5,de:15 & de:20 & im:7 & pr:4 & pr:6 & th:1 & th:12 & va:9,"{'problem_analysis': 2, 'theoretical_insight': 2, 'design_rationale': 2}"
6910,5,de:15 & de:3 & im:7 & im:8 & pr:39 & pr:6 & pr:7 & th:12 & th:36 & va:0,"{'problem_analysis': 3, 'implementation_mechanism': 2, 'theoretical_insight': 2}"
6911,5,de:15 & de:20 & im:19 & im:7 & pr:11 & pr:4 & pr:6 & th:12 & th:2 & va:9,"{'problem_analysis': 3, 'theoretical_insight': 2, 'design_rationale': 2}"
6912,5,de:15 & de:29 & im:7 & pr:19 & pr:6 & th:12 & th:37 & va:12,"{'problem_analysis': 2, 'theoretical_insight': 2, 'design_rationale': 2}"
6913,5,de:15 & de:6 & im:7 & pr:19 & pr:6 & pr:8 & th:12 & th:34 & va:12,"{'problem_analysis': 3, 'design_rationale': 2, 'theoretical_insight': 2}"
6914,5,de:1 & de:15 & im:7 & im:9 & pr:13 & pr:19 & pr:6 & th:12 & th:6 & va:4,"{'problem_analysis': 3, 'theoretical_insight': 2, 'implementation_mechanism': 2}"
6915,5,de:15 & de:8 & im:18 & im:7 & pr:16 & pr:6 & th:12 & th:27 & va:20,"{'problem_analysis': 2, 'theoretical_insight': 2, 'implementation_mechanism': 2}"
6916,5,de:15 & de:8 & im:13 & im:7 & pr:19 & pr:6 & th:12 & th:30 & th:6 & va:1,"{'theoretical_insight': 3, 'problem_analysis': 2, 'implementation_mechanism': 2}"
6917,5,de:15 & de:3 & im:16 & im:7 & pr:2 & pr:39 & pr:6 & th:12 & th:36 & va:0,"{'problem_analysis': 3, 'theoretical_insight': 2, 'implementation_mechanism': 2}"
6918,5,de:15 & de:3 & im:16 & im:7 & pr:2 & pr:39 & pr:6 & th:12 & th:36 & va:26,"{'problem_analysis': 3, 'theoretical_insight': 2, 'implementation_mechanism': 2}"
6919,5,de:15 & de:3 & im:16 & im:7 & pr:39 & pr:6 & th:12 & th:13 & va:26,"{'theoretical_insight': 2, 'problem_analysis': 2, 'implementation_mechanism': 2}"
6920,5,de:15 & de:16 & de:20 & im:7 & pr:11 & pr:12 & pr:6 & th:12 & th:2 & va:30,"{'design_rationale': 3, 'problem_analysis': 3, 'theoretical_insight': 2}"
6921,5,de:15 & de:20 & im:19 & im:7 & pr:17 & pr:4 & pr:6 & th:1 & th:12 & va:9,"{'problem_analysis': 3, 'theoretical_insight': 2, 'design_rationale': 2}"
6922,5,de:15 & de:9 & im:7 & pr:4 & pr:6 & th:12 & va:9,"{'problem_analysis': 2, 'design_rationale': 2, 'theoretical_insight': 1}"
6923,5,de:15 & de:24 & im:2 & im:7 & pr:13 & pr:6 & th:12 & th:13 & va:7,"{'theoretical_insight': 2, 'problem_analysis': 2, 'implementation_mechanism': 2}"
6924,5,de:15 & de:24 & im:24 & im:7 & pr:13 & pr:2 & pr:6 & th:10 & th:12 & va:8,"{'problem_analysis': 3, 'theoretical_insight': 2, 'implementation_mechanism': 2}"
6925,5,de:15 & de:18 & im:7 & im:8 & pr:16 & pr:6 & th:12 & th:7 & va:20,"{'implementation_mechanism': 2, 'problem_analysis': 2, 'theoretical_insight': 2}"
6926,5,de:15 & im:19 & im:7 & pr:27 & pr:6 & th:12 & va:32,"{'problem_analysis': 2, 'implementation_mechanism': 2, 'theoretical_insight': 1}"
6927,5,de:12 & de:15 & im:7 & im:8 & pr:16 & pr:6 & th:12 & th:26 & va:1,"{'implementation_mechanism': 2, 'problem_analysis': 2, 'theoretical_insight': 2}"
6928,5,de:15 & de:18 & im:0 & im:7 & pr:16 & pr:6 & th:12 & th:19 & va:19,"{'problem_analysis': 2, 'theoretical_insight': 2, 'design_rationale': 2}"
6929,5,de:15 & de:37 & im:1 & im:7 & pr:19 & pr:6 & th:12 & th:6 & va:24,"{'problem_analysis': 2, 'theoretical_insight': 2, 'implementation_mechanism': 2}"
6930,5,de:15 & de:20 & im:19 & im:7 & pr:32 & pr:6 & th:12 & va:9,"{'problem_analysis': 2, 'design_rationale': 2, 'implementation_mechanism': 2}"
6931,5,de:15 & de:9 & im:4 & im:7 & pr:3 & pr:6 & th:11 & th:12 & va:11,"{'problem_analysis': 2, 'theoretical_insight': 2, 'design_rationale': 2}"
6932,5,de:15 & de:3 & im:16 & im:7 & pr:13 & pr:3 & pr:6 & th:12 & th:15 & va:13,"{'problem_analysis': 3, 'theoretical_insight': 2, 'implementation_mechanism': 2}"
6933,5,de:14 & de:15 & im:20 & im:7 & pr:19 & pr:6 & pr:9 & th:12 & th:14 & th:26 & va:19,"{'problem_analysis': 3, 'theoretical_insight': 3, 'design_rationale': 2}"
6934,5,de:15 & de:23 & im:35 & im:7 & pr:22 & pr:6 & th:12 & va:2,"{'problem_analysis': 2, 'design_rationale': 2, 'implementation_mechanism': 2}"
6935,5,de:15 & de:28 & im:4 & im:7 & pr:6 & th:12 & th:9 & va:32,"{'design_rationale': 2, 'theoretical_insight': 2, 'implementation_mechanism': 2}"
6936,5,de:15 & de:37 & im:0 & im:7 & pr:19 & pr:6 & th:12 & th:6 & va:39,"{'problem_analysis': 2, 'theoretical_insight': 2, 'design_rationale': 2}"
6937,5,de:15 & de:23 & im:7 & pr:22 & pr:4 & pr:6 & th:12 & th:18 & va:30,"{'problem_analysis': 3, 'design_rationale': 2, 'theoretical_insight': 2}"
6938,5,de:15 & de:3 & im:24 & im:7 & pr:39 & pr:6 & th:12 & th:36 & va:26,"{'problem_analysis': 2, 'implementation_mechanism': 2, 'theoretical_insight': 2}"
6939,5,de:15 & de:3 & im:24 & im:7 & pr:39 & pr:6 & th:12 & th:19 & th:39 & va:26,"{'theoretical_insight': 3, 'problem_analysis': 2, 'implementation_mechanism': 2}"
6940,5,de:15 & de:28 & im:7 & pr:12 & pr:6 & th:12 & va:17 & va:28,"{'design_rationale': 2, 'problem_analysis': 2, 'validation_evidence': 2}"
6941,5,de:15 & de:16 & de:38 & im:7 & pr:26 & pr:6 & th:12 & th:2 & va:18,"{'design_rationale': 3, 'theoretical_insight': 2, 'problem_analysis': 2}"
6942,5,de:10 & de:15 & im:24 & im:7 & pr:13 & pr:28 & pr:6 & th:10 & th:12 & va:36,"{'problem_analysis': 3, 'theoretical_insight': 2, 'design_rationale': 2}"
6943,5,de:15 & de:6 & im:11 & im:7 & pr:13 & pr:5 & pr:6 & th:1 & th:12 & va:4,"{'problem_analysis': 3, 'design_rationale': 2, 'theoretical_insight': 2}"
6944,5,de:15 & de:22 & im:1 & im:7 & pr:13 & pr:33 & pr:6 & th:10 & th:12 & va:12,"{'problem_analysis': 3, 'theoretical_insight': 2, 'design_rationale': 2}"
6945,5,de:15 & de:4 & im:31 & im:7 & pr:3 & pr:33 & pr:6 & th:12 & th:30 & va:38,"{'problem_analysis': 3, 'theoretical_insight': 2, 'implementation_mechanism': 2}"
6946,5,de:15 & de:38 & im:7 & pr:22 & pr:6 & th:12 & va:13,"{'problem_analysis': 2, 'design_rationale': 2, 'theoretical_insight': 1}"
6947,5,de:15 & im:7 & pr:4 & pr:5 & pr:6 & th:12 & th:2 & va:9,"{'problem_analysis': 3, 'theoretical_insight': 2, 'validation_evidence': 1}"
6948,5,de:11 & de:15 & im:10 & im:7 & pr:11 & pr:19 & pr:6 & th:12 & th:2 & va:15,"{'problem_analysis': 3, 'theoretical_insight': 2, 'implementation_mechanism': 2}"
6949,5,de:15 & de:7 & im:7 & pr:11 & pr:14 & pr:6 & th:12 & va:18,"{'problem_analysis': 3, 'design_rationale': 2, 'theoretical_insight': 1}"
6950,5,de:15 & de:28 & im:7 & pr:4 & pr:5 & pr:6 & th:1 & th:12 & va:28,"{'problem_analysis': 3, 'design_rationale': 2, 'theoretical_insight': 2}"
6951,5,de:15 & de:25 & im:34 & im:7 & pr:11 & pr:4 & pr:6 & th:12 & th:21 & va:27,"{'problem_analysis': 3, 'theoretical_insight': 2, 'design_rationale': 2}"
6952,5,de:15 & de:20 & im:19 & im:7 & pr:11 & pr:6 & pr:8 & th:12 & th:2 & va:9,"{'problem_analysis': 3, 'theoretical_insight': 2, 'design_rationale': 2}"
6953,5,de:15 & de:23 & im:27 & im:7 & pr:22 & pr:4 & pr:5 & pr:6 & th:12 & th:18 & va:22,"{'problem_analysis': 4, 'design_rationale': 2, 'implementation_mechanism': 2}"
6954,5,de:15 & de:7 & im:34 & im:7 & pr:11 & pr:31 & pr:5 & pr:6 & th:12 & va:18,"{'problem_analysis': 4, 'design_rationale': 2, 'implementation_mechanism': 2}"
6955,5,de:15 & de:7 & im:19 & im:7 & pr:4 & pr:5 & pr:6 & th:12 & va:30,"{'problem_analysis': 3, 'design_rationale': 2, 'implementation_mechanism': 2}"
6956,5,de:15 & de:29 & im:29 & im:7 & pr:19 & pr:2 & pr:6 & th:12 & th:29 & va:8,"{'problem_analysis': 3, 'theoretical_insight': 2, 'design_rationale': 2}"
6957,5,de:15 & de:18 & im:0 & im:7 & pr:19 & pr:6 & pr:7 & th:12 & th:7 & va:35,"{'problem_analysis': 3, 'theoretical_insight': 2, 'design_rationale': 2}"
6958,5,de:15 & de:32 & im:0 & im:7 & pr:1 & pr:19 & pr:6 & th:12 & th:7 & va:39,"{'problem_analysis': 3, 'theoretical_insight': 2, 'design_rationale': 2}"
6959,5,de:15 & de:17 & im:20 & im:7 & pr:11 & pr:23 & pr:39 & pr:6 & th:12 & va:17 & va:38,"{'problem_analysis': 4, 'design_rationale': 2, 'validation_evidence': 2}"
6960,5,de:15 & de:38 & de:6 & im:10 & im:3 & im:7 & pr:31 & pr:32 & pr:4 & pr:6 & th:12 & va:0 & va:23,"{'problem_analysis': 4, 'design_rationale': 3, 'implementation_mechanism': 3}"
6961,5,de:15 & de:6 & im:10 & im:7 & pr:35 & pr:5 & pr:6 & pr:8 & th:1 & th:12 & va:12,"{'problem_analysis': 4, 'design_rationale': 2, 'theoretical_insight': 2}"
6962,5,de:11 & de:15 & de:7 & im:7 & pr:11 & pr:12 & pr:26 & pr:6 & th:12 & th:25 & th:31 & va:15,"{'problem_analysis': 4, 'theoretical_insight': 3, 'design_rationale': 3}"
6963,5,de:15 & de:23 & im:27 & im:7 & pr:22 & pr:28 & pr:31 & pr:6 & th:12 & th:18 & th:33 & va:2,"{'problem_analysis': 4, 'theoretical_insight': 3, 'design_rationale': 2}"
6964,5,de:11 & de:15 & im:10 & im:31 & im:7 & pr:13 & pr:23 & pr:6 & th:12 & th:25 & th:4 & va:1 & va:20,"{'problem_analysis': 3, 'theoretical_insight': 3, 'implementation_mechanism': 3}"
6965,5,de:15 & de:37 & im:28 & im:7 & pr:12 & pr:14 & pr:37 & pr:6 & th:12 & th:30 & va:1,"{'problem_analysis': 4, 'theoretical_insight': 2, 'implementation_mechanism': 2}"
6966,5,de:0 & de:15 & de:16 & de:37 & im:1 & im:7 & im:9 & pr:25 & pr:6 & pr:9 & th:1 & th:12 & th:2 & th:4 & va:17 & va:39,"{'theoretical_insight': 4, 'design_rationale': 4, 'problem_analysis': 3}"
6967,5,de:15 & de:32 & de:37 & im:3 & im:7 & pr:1 & pr:16 & pr:19 & pr:6 & th:12 & th:19 & th:28 & va:1,"{'problem_analysis': 4, 'theoretical_insight': 3, 'design_rationale': 3}"
6968,5,de:15 & de:37 & im:3 & im:7 & pr:16 & pr:19 & pr:6 & th:12 & th:28 & va:35,"{'problem_analysis': 3, 'theoretical_insight': 2, 'design_rationale': 2}"
6969,5,de:14 & de:15 & de:3 & im:16 & im:25 & im:7 & pr:14 & pr:39 & pr:6 & th:12 & th:26 & th:36 & va:20 & va:26,"{'problem_analysis': 3, 'theoretical_insight': 3, 'design_rationale': 3}"
6970,5,de:15 & de:22 & de:6 & im:21 & im:31 & im:7 & pr:13 & pr:30 & pr:5 & pr:6 & th:1 & th:12 & th:4 & va:15 & va:30 & va:7,"{'problem_analysis': 4, 'design_rationale': 3, 'theoretical_insight': 3}"
6971,5,de:37 & im:1 & pr:19 & pr:2 & pr:33 & th:6 & va:1,"{'problem_analysis': 3, 'validation_evidence': 1, 'implementation_mechanism': 1}"
6972,5,de:20 & im:19 & pr:11 & pr:2 & pr:33 & th:12 & va:9,"{'problem_analysis': 3, 'theoretical_insight': 1, 'design_rationale': 1}"
6973,5,de:25 & im:34 & pr:2 & pr:32 & pr:33 & th:21 & va:30,"{'problem_analysis': 3, 'design_rationale': 1, 'implementation_mechanism': 1}"
6974,5,de:28 & im:7 & pr:16 & pr:26 & th:5 & va:17,"{'problem_analysis': 2, 'design_rationale': 1, 'theoretical_insight': 1}"
6975,5,de:6 & im:19 & pr:11 & pr:16 & th:12 & va:9,"{'problem_analysis': 2, 'design_rationale': 1, 'theoretical_insight': 1}"
6976,5,de:28 & im:19 & pr:16 & pr:4 & th:12 & va:30,"{'problem_analysis': 2, 'design_rationale': 1, 'theoretical_insight': 1}"
6977,5,de:16 & im:4 & pr:16 & pr:27 & pr:31 & th:12,"{'problem_analysis': 3, 'design_rationale': 1, 'theoretical_insight': 1}"
6978,5,de:11 & im:1 & pr:16 & pr:19 & th:37 & va:20,"{'problem_analysis': 2, 'design_rationale': 1, 'theoretical_insight': 1}"
6979,5,de:1 & im:9 & pr:13 & pr:16 & pr:36 & th:6 & va:4,"{'problem_analysis': 3, 'implementation_mechanism': 1, 'design_rationale': 1}"
6980,5,de:15 & im:7 & pr:16 & pr:4 & pr:5 & th:2 & va:9,"{'problem_analysis': 3, 'theoretical_insight': 1, 'validation_evidence': 1}"
6981,5,de:3 & im:16 & pr:13 & pr:16 & pr:3 & th:15 & va:13,"{'problem_analysis': 3, 'implementation_mechanism': 1, 'design_rationale': 1}"
6982,5,de:10 & im:24 & pr:13 & pr:16 & pr:28 & th:10 & va:36,"{'problem_analysis': 3, 'theoretical_insight': 1, 'design_rationale': 1}"
6983,5,de:6 & im:11 & pr:13 & pr:16 & pr:5 & th:1 & va:4,"{'problem_analysis': 3, 'design_rationale': 1, 'theoretical_insight': 1}"
6984,5,de:29 & im:29 & pr:16 & pr:19 & pr:2 & th:29 & va:8,"{'problem_analysis': 3, 'theoretical_insight': 1, 'validation_evidence': 1}"
6985,5,de:6 & im:10 & pr:16 & pr:35 & pr:5 & pr:8 & th:1 & va:12,"{'problem_analysis': 4, 'validation_evidence': 1, 'design_rationale': 1}"
6986,5,de:17 & im:20 & pr:31 & pr:4 & th:12 & va:9,"{'problem_analysis': 2, 'design_rationale': 1, 'theoretical_insight': 1}"
6987,5,de:17 & im:19 & pr:31 & pr:4 & th:12 & va:9,"{'problem_analysis': 2, 'design_rationale': 1, 'theoretical_insight': 1}"
6988,5,de:32 & im:0 & pr:19 & pr:31 & th:7 & va:39,"{'problem_analysis': 2, 'design_rationale': 1, 'validation_evidence': 1}"
6989,5,de:11 & im:1 & pr:31 & pr:7 & th:25 & va:12,"{'problem_analysis': 2, 'validation_evidence': 1, 'theoretical_insight': 1}"
6990,5,de:9 & im:22 & pr:22 & pr:31 & th:33 & va:33,"{'problem_analysis': 2, 'implementation_mechanism': 1, 'design_rationale': 1}"
6991,5,de:37 & im:1 & pr:18 & pr:31 & th:6 & va:17,"{'problem_analysis': 2, 'validation_evidence': 1, 'implementation_mechanism': 1}"
6992,5,de:8 & im:12 & pr:10 & pr:31 & th:7 & va:4,"{'problem_analysis': 2, 'theoretical_insight': 1, 'validation_evidence': 1}"
6993,5,de:37 & im:1 & pr:19 & pr:23 & pr:31 & va:17,"{'problem_analysis': 3, 'validation_evidence': 1, 'implementation_mechanism': 1}"
6994,5,de:0 & im:36 & im:6 & pr:19 & pr:31 & pr:37 & th:6 & va:20,"{'problem_analysis': 3, 'implementation_mechanism': 2, 'design_rationale': 1}"
6995,5,de:22 & im:31 & pr:19 & th:37 & va:7,"{'design_rationale': 1, 'validation_evidence': 1, 'problem_analysis': 1}"
6996,5,de:15 & im:4 & pr:19 & pr:23 & pr:6 & th:11 & th:37 & va:9,"{'problem_analysis': 3, 'theoretical_insight': 2, 'implementation_mechanism': 1}"
6997,5,de:25 & im:34 & pr:19 & pr:23 & pr:32 & th:21 & th:37 & va:30,"{'problem_analysis': 3, 'theoretical_insight': 2, 'design_rationale': 1}"
6998,5,de:3 & im:16 & pr:19 & pr:23 & pr:39 & th:36 & th:37 & va:26,"{'problem_analysis': 3, 'theoretical_insight': 2, 'implementation_mechanism': 1}"
6999,5,de:9 & im:4 & pr:12 & pr:3 & pr:6 & th:12 & va:9,"{'problem_analysis': 3, 'theoretical_insight': 1, 'design_rationale': 1}"
7000,5,de:11 & im:10 & pr:11 & pr:19 & pr:3 & th:2 & va:15,"{'problem_analysis': 3, 'theoretical_insight': 1, 'implementation_mechanism': 1}"
7001,5,de:15 & im:4 & pr:19 & pr:6 & pr:7 & th:0,"{'problem_analysis': 3, 'implementation_mechanism': 1, 'theoretical_insight': 1}"
7002,5,de:37 & im:1 & pr:12 & pr:19 & pr:7 & th:6 & va:39,"{'problem_analysis': 3, 'validation_evidence': 1, 'implementation_mechanism': 1}"
7003,5,de:37 & im:1 & pr:12 & pr:19 & pr:7 & th:6 & va:17,"{'problem_analysis': 3, 'validation_evidence': 1, 'implementation_mechanism': 1}"
7004,5,de:3 & im:16 & pr:18 & pr:39 & th:36 & va:26,"{'problem_analysis': 2, 'implementation_mechanism': 1, 'validation_evidence': 1}"
7005,5,de:37 & im:1 & pr:19 & pr:23 & pr:33 & va:17,"{'problem_analysis': 3, 'validation_evidence': 1, 'implementation_mechanism': 1}"
7006,5,pr:6 & pr:7 & pr:9 & th:14,"{'problem_analysis': 3, 'theoretical_insight': 1}"
7007,5,de:25 & im:34 & pr:32 & pr:7 & pr:9 & th:14 & th:21 & va:30,"{'problem_analysis': 3, 'theoretical_insight': 2, 'design_rationale': 1}"
7008,5,pr:19 & pr:9 & th:14,"{'problem_analysis': 2, 'theoretical_insight': 1}"
7009,5,pr:6 & pr:9 & th:14,"{'problem_analysis': 2, 'theoretical_insight': 1}"
7010,5,im:9 & pr:0 & pr:9 & th:14 & va:28,"{'problem_analysis': 2, 'implementation_mechanism': 1, 'validation_evidence': 1}"
7011,5,de:15 & pr:6 & pr:9 & th:14,"{'problem_analysis': 2, 'theoretical_insight': 1, 'design_rationale': 1}"
7012,5,de:37 & im:1 & pr:12 & pr:9 & th:14 & th:6 & va:1,"{'problem_analysis': 2, 'theoretical_insight': 2, 'validation_evidence': 1}"
7013,5,de:7 & im:14 & pr:4 & pr:9 & th:1 & th:14 & va:28,"{'problem_analysis': 2, 'theoretical_insight': 2, 'implementation_mechanism': 1}"
7014,5,de:37 & im:1 & pr:19 & pr:9 & th:14 & th:6 & va:1,"{'problem_analysis': 2, 'theoretical_insight': 2, 'validation_evidence': 1}"
7015,5,de:16 & im:1 & pr:31 & pr:9 & th:14 & th:2 & va:17,"{'theoretical_insight': 2, 'problem_analysis': 2, 'design_rationale': 1}"
7016,5,de:29 & im:12 & pr:0 & pr:9 & th:14 & th:5 & va:0,"{'theoretical_insight': 2, 'problem_analysis': 2, 'validation_evidence': 1}"
7017,5,de:15 & im:4 & pr:31 & pr:9 & th:14 & th:2 & va:32,"{'theoretical_insight': 2, 'problem_analysis': 2, 'implementation_mechanism': 1}"
7018,5,de:15 & im:4 & pr:6 & pr:9 & th:11 & th:14 & va:15,"{'problem_analysis': 2, 'theoretical_insight': 2, 'implementation_mechanism': 1}"
7019,5,de:9 & im:19 & pr:4 & pr:9 & th:12 & th:14 & va:30,"{'problem_analysis': 2, 'theoretical_insight': 2, 'design_rationale': 1}"
7020,5,de:9 & im:4 & pr:6 & pr:9 & th:12 & th:14 & va:9,"{'problem_analysis': 2, 'theoretical_insight': 2, 'design_rationale': 1}"
7021,5,de:22 & im:31 & pr:31 & pr:9 & th:14 & th:2,"{'theoretical_insight': 2, 'problem_analysis': 2, 'design_rationale': 1}"
7022,5,de:16 & im:1 & pr:18 & pr:9 & th:0 & th:14 & va:17,"{'problem_analysis': 2, 'theoretical_insight': 2, 'design_rationale': 1}"
7023,5,de:5 & im:1 & pr:12 & pr:9 & th:14 & th:6 & va:1,"{'problem_analysis': 2, 'theoretical_insight': 2, 'validation_evidence': 1}"
7024,5,de:22 & im:31 & pr:31 & pr:9 & th:14 & th:2 & va:4,"{'theoretical_insight': 2, 'problem_analysis': 2, 'design_rationale': 1}"
7025,5,de:16 & im:1 & pr:18 & pr:9 & th:0 & th:14 & va:15,"{'problem_analysis': 2, 'theoretical_insight': 2, 'design_rationale': 1}"
7026,5,de:23 & im:27 & pr:22 & pr:9 & th:14 & th:18 & va:22,"{'problem_analysis': 2, 'theoretical_insight': 2, 'design_rationale': 1}"
7027,5,de:24 & im:2 & pr:13 & pr:9 & th:13 & th:14 & va:7,"{'theoretical_insight': 2, 'problem_analysis': 2, 'validation_evidence': 1}"
7028,5,de:15 & im:4 & pr:26 & pr:6 & th:12 & va:32,"{'problem_analysis': 2, 'theoretical_insight': 1, 'implementation_mechanism': 1}"
7029,5,de:16 & de:37 & im:1 & pr:12 & pr:19 & pr:4 & th:2 & th:6 & va:1,"{'problem_analysis': 3, 'theoretical_insight': 2, 'design_rationale': 2}"
7030,5,de:16 & de:3 & im:16 & pr:12 & pr:39 & pr:4 & th:2 & th:36 & va:0,"{'problem_analysis': 3, 'theoretical_insight': 2, 'design_rationale': 2}"
7031,5,de:16 & de:25 & im:34 & pr:12 & pr:32 & pr:4 & th:2 & th:21 & va:30,"{'problem_analysis': 3, 'theoretical_insight': 2, 'design_rationale': 2}"
7032,5,de:37 & im:1 & pr:12 & pr:19 & th:37 & va:39,"{'problem_analysis': 2, 'validation_evidence': 1, 'theoretical_insight': 1}"
7033,5,de:16 & im:4 & pr:12 & pr:27 & pr:31 & th:12,"{'problem_analysis': 3, 'design_rationale': 1, 'theoretical_insight': 1}"
7034,5,de:25 & im:34 & pr:19 & pr:32 & th:21 & th:33 & va:20,"{'problem_analysis': 2, 'theoretical_insight': 2, 'design_rationale': 1}"
7035,5,pr:26 & pr:37 & va:37,"{'problem_analysis': 2, 'validation_evidence': 1}"
7036,5,im:28 & pr:12 & pr:26 & va:3,"{'problem_analysis': 2, 'implementation_mechanism': 1, 'validation_evidence': 1}"
7037,5,de:38 & im:9 & pr:23 & pr:26 & th:4 & va:28,"{'problem_analysis': 2, 'implementation_mechanism': 1, 'validation_evidence': 1}"
7038,5,de:16 & im:4 & pr:18 & pr:26 & th:2 & va:10,"{'problem_analysis': 2, 'theoretical_insight': 1, 'design_rationale': 1}"
7039,5,de:16 & im:4 & pr:26 & pr:7 & th:37 & va:2,"{'problem_analysis': 2, 'design_rationale': 1, 'implementation_mechanism': 1}"
7040,5,de:7 & im:31 & pr:12 & pr:26 & th:2 & va:7,"{'problem_analysis': 2, 'theoretical_insight': 1, 'validation_evidence': 1}"
7041,5,de:7 & im:4 & pr:12 & pr:26 & th:2 & va:10,"{'problem_analysis': 2, 'theoretical_insight': 1, 'implementation_mechanism': 1}"
7042,5,de:14 & im:20 & pr:26 & pr:9 & th:29 & va:19,"{'problem_analysis': 2, 'validation_evidence': 1, 'theoretical_insight': 1}"
7043,5,de:14 & im:25 & pr:26 & pr:9 & th:26 & va:20,"{'problem_analysis': 2, 'implementation_mechanism': 1, 'validation_evidence': 1}"
7044,5,de:37 & im:1 & pr:23 & pr:26 & th:37 & va:17,"{'problem_analysis': 2, 'validation_evidence': 1, 'theoretical_insight': 1}"
7045,5,de:8 & im:1 & pr:19 & pr:26 & th:9 & va:1,"{'problem_analysis': 2, 'validation_evidence': 1, 'design_rationale': 1}"
7046,5,de:37 & im:3 & pr:19 & pr:26 & th:6 & va:1,"{'problem_analysis': 2, 'validation_evidence': 1, 'design_rationale': 1}"
7047,5,de:37 & im:1 & pr:19 & pr:26 & th:6 & va:24,"{'problem_analysis': 2, 'validation_evidence': 1, 'implementation_mechanism': 1}"
7048,5,de:28 & im:7 & pr:12 & pr:26 & th:12 & va:17 & va:28,"{'problem_analysis': 2, 'validation_evidence': 2, 'design_rationale': 1}"
7049,5,de:18 & im:10 & pr:19 & pr:26 & th:37 & va:20,"{'problem_analysis': 2, 'design_rationale': 1, 'implementation_mechanism': 1}"
7050,5,de:15 & im:4 & pr:12 & pr:7 & th:2 & va:2,"{'problem_analysis': 2, 'theoretical_insight': 1, 'implementation_mechanism': 1}"
7051,5,de:37 & im:28 & pr:33 & pr:7 & th:2 & va:1,"{'problem_analysis': 2, 'theoretical_insight': 1, 'validation_evidence': 1}"
7052,5,de:14 & de:15 & im:25 & im:4 & pr:6 & pr:7 & pr:9 & th:11 & th:26 & va:19 & va:20 & va:9,"{'validation_evidence': 3, 'problem_analysis': 3, 'design_rationale': 2}"
7053,5,de:14 & de:25 & im:25 & im:34 & pr:32 & pr:7 & pr:9 & th:21 & th:26 & va:19 & va:20 & va:30,"{'validation_evidence': 3, 'problem_analysis': 3, 'design_rationale': 2}"
7054,5,de:16 & pr:21 & pr:9 & th:31,"{'problem_analysis': 2, 'theoretical_insight': 1, 'design_rationale': 1}"
7055,5,de:3 & de:37 & im:1 & im:16 & pr:12 & pr:33 & pr:39 & th:36 & th:37 & th:6 & va:26,"{'problem_analysis': 3, 'theoretical_insight': 3, 'implementation_mechanism': 2}"
7056,5,de:25 & de:37 & im:1 & im:34 & pr:12 & pr:32 & pr:33 & th:21 & th:37 & th:6 & va:30,"{'problem_analysis': 3, 'theoretical_insight': 3, 'design_rationale': 2}"
7057,5,de:14 & de:15 & im:25 & im:4 & pr:14 & pr:6 & th:11 & th:26 & va:20 & va:32,"{'problem_analysis': 2, 'design_rationale': 2, 'implementation_mechanism': 2}"
7058,5,de:22 & im:31 & pr:13 & th:32 & va:24,"{'problem_analysis': 1, 'design_rationale': 1, 'theoretical_insight': 1}"
7059,5,de:17 & im:20 & pr:12 & pr:24 & th:21 & va:30,"{'problem_analysis': 2, 'design_rationale': 1, 'implementation_mechanism': 1}"
7060,5,de:8 & im:3 & pr:12 & pr:20 & th:30 & va:1,"{'problem_analysis': 2, 'theoretical_insight': 1, 'validation_evidence': 1}"
7061,5,de:27 & im:31 & pr:15 & th:38 & va:11,"{'problem_analysis': 1, 'design_rationale': 1, 'theoretical_insight': 1}"
7062,5,de:25 & im:34 & pr:19 & pr:32 & pr:5 & th:1 & th:21 & va:30,"{'problem_analysis': 3, 'theoretical_insight': 2, 'design_rationale': 1}"
7063,5,de:8 & im:28 & pr:19 & th:6 & va:37,"{'implementation_mechanism': 1, 'validation_evidence': 1, 'problem_analysis': 1}"
7064,5,de:37 & im:28 & pr:19 & th:8,"{'design_rationale': 1, 'theoretical_insight': 1, 'problem_analysis': 1}"
7065,5,de:37 & im:28 & pr:19 & th:8 & va:20,"{'implementation_mechanism': 1, 'theoretical_insight': 1, 'problem_analysis': 1}"
7066,5,de:3 & im:33 & pr:10 & th:34 & va:36,"{'implementation_mechanism': 1, 'problem_analysis': 1, 'theoretical_insight': 1}"
7067,5,de:8 & im:8 & pr:1 & th:7 & va:1,"{'implementation_mechanism': 1, 'validation_evidence': 1, 'theoretical_insight': 1}"
7068,5,de:19 & im:2 & pr:2 & th:10 & va:26,"{'theoretical_insight': 1, 'problem_analysis': 1, 'implementation_mechanism': 1}"
7069,5,de:22 & im:26 & pr:13 & pr:3 & th:4 & va:7,"{'problem_analysis': 2, 'design_rationale': 1, 'validation_evidence': 1}"
7070,5,de:37 & im:1 & pr:13 & pr:3 & pr:8 & pr:9 & th:15 & th:6 & va:17,"{'problem_analysis': 4, 'theoretical_insight': 2, 'validation_evidence': 1}"
7071,5,de:25 & im:34 & pr:13 & pr:3 & pr:32 & pr:8 & th:15 & th:21 & va:30,"{'problem_analysis': 4, 'theoretical_insight': 2, 'validation_evidence': 1}"
7072,5,pr:19 & pr:27 & va:37,"{'problem_analysis': 2, 'validation_evidence': 1}"
7073,5,de:38 & im:21 & pr:27 & th:16 & va:0,"{'validation_evidence': 1, 'design_rationale': 1, 'theoretical_insight': 1}"
7074,5,de:20 & im:19 & pr:27 & th:16 & va:30,"{'implementation_mechanism': 1, 'design_rationale': 1, 'validation_evidence': 1}"
7075,5,de:20 & de:28 & im:19 & pr:11 & pr:12 & pr:24 & th:12 & va:30 & va:9,"{'problem_analysis': 3, 'design_rationale': 2, 'validation_evidence': 2}"
7076,5,de:20 & de:28 & de:37 & im:1 & im:19 & pr:12 & pr:18 & pr:24 & th:6 & va:17 & va:30,"{'problem_analysis': 3, 'design_rationale': 3, 'implementation_mechanism': 2}"
7077,5,de:20 & de:25 & de:28 & im:19 & im:34 & pr:12 & pr:24 & pr:32 & th:21 & va:30,"{'problem_analysis': 3, 'design_rationale': 3, 'implementation_mechanism': 2}"
7078,5,de:20 & de:28 & im:19 & pr:11 & pr:12 & pr:24 & pr:4 & th:12 & va:30 & va:9,"{'problem_analysis': 4, 'design_rationale': 2, 'validation_evidence': 2}"
7079,5,de:20 & de:28 & de:37 & im:1 & im:19 & pr:12 & pr:18 & pr:24 & pr:4 & th:6 & va:17 & va:30,"{'problem_analysis': 4, 'design_rationale': 3, 'implementation_mechanism': 2}"
7080,5,de:22 & im:31 & pr:3 & th:4 & va:18,"{'design_rationale': 1, 'implementation_mechanism': 1, 'problem_analysis': 1}"
7081,5,de:16 & de:25 & de:37 & im:1 & im:34 & pr:18 & pr:25 & pr:32 & th:0 & th:21 & th:6 & va:30,"{'design_rationale': 3, 'problem_analysis': 3, 'theoretical_insight': 3}"
7082,5,de:16 & de:37 & im:1 & pr:18 & pr:19 & pr:25 & th:0 & th:6 & va:20,"{'problem_analysis': 3, 'design_rationale': 2, 'theoretical_insight': 2}"
7083,5,de:11 & im:1 & pr:16 & pr:18 & th:2 & va:37,"{'problem_analysis': 2, 'theoretical_insight': 1, 'validation_evidence': 1}"
7084,5,de:14 & im:25 & pr:16 & pr:7 & th:26 & va:20,"{'problem_analysis': 2, 'implementation_mechanism': 1, 'validation_evidence': 1}"
7085,5,pr:19 & pr:23 & pr:36,{'problem_analysis': 3}
7086,5,de:16 & im:10 & pr:19 & pr:27 & pr:36 & th:12,"{'problem_analysis': 3, 'design_rationale': 1, 'theoretical_insight': 1}"
7087,5,de:15 & im:4 & pr:19 & pr:36 & va:32,"{'problem_analysis': 2, 'implementation_mechanism': 1, 'design_rationale': 1}"
7088,5,de:13 & im:7 & pr:19 & pr:26 & pr:36 & va:30,"{'problem_analysis': 3, 'design_rationale': 1, 'validation_evidence': 1}"
7089,5,de:38 & im:10 & pr:19 & pr:36 & pr:7 & th:12 & va:0,"{'problem_analysis': 3, 'theoretical_insight': 1, 'validation_evidence': 1}"
7090,5,de:28 & im:9 & pr:19 & pr:30 & pr:36 & th:35 & va:28,"{'problem_analysis': 3, 'design_rationale': 1, 'implementation_mechanism': 1}"
7091,5,de:3 & im:16 & pr:19 & pr:23 & pr:36 & th:36 & va:0,"{'problem_analysis': 3, 'implementation_mechanism': 1, 'validation_evidence': 1}"
7092,5,de:7 & im:7 & pr:19 & pr:36 & pr:39 & th:5 & va:0,"{'problem_analysis': 3, 'theoretical_insight': 1, 'validation_evidence': 1}"
7093,5,de:20 & im:19 & pr:19 & pr:27 & pr:36 & th:12 & va:9,"{'problem_analysis': 3, 'theoretical_insight': 1, 'design_rationale': 1}"
7094,5,de:29 & im:10 & pr:19 & pr:36 & pr:39 & th:36 & va:0,"{'problem_analysis': 3, 'validation_evidence': 1, 'implementation_mechanism': 1}"
7095,5,de:25 & im:34 & pr:19 & pr:31 & pr:32 & pr:36,"{'problem_analysis': 4, 'design_rationale': 1, 'implementation_mechanism': 1}"
7096,5,de:11 & im:1 & pr:18 & pr:19 & pr:36 & th:2 & va:37,"{'problem_analysis': 3, 'theoretical_insight': 1, 'validation_evidence': 1}"
7097,5,de:16 & im:38 & pr:12 & pr:19 & pr:36 & th:12 & va:2,"{'problem_analysis': 3, 'implementation_mechanism': 1, 'design_rationale': 1}"
7098,5,de:16 & im:4 & pr:19 & pr:36 & pr:6 & th:4 & va:10,"{'problem_analysis': 3, 'design_rationale': 1, 'implementation_mechanism': 1}"
7099,5,de:5 & im:1 & pr:19 & pr:36 & pr:7 & th:37 & va:39,"{'problem_analysis': 3, 'validation_evidence': 1, 'design_rationale': 1}"
7100,5,de:7 & im:31 & pr:13 & pr:19 & pr:36 & th:4 & va:7,"{'problem_analysis': 3, 'validation_evidence': 1, 'implementation_mechanism': 1}"
7101,5,de:7 & im:4 & pr:13 & pr:19 & pr:36 & th:4 & va:10,"{'problem_analysis': 3, 'implementation_mechanism': 1, 'design_rationale': 1}"
7102,5,de:11 & im:1 & pr:18 & pr:19 & pr:36 & th:2 & va:17,"{'problem_analysis': 3, 'theoretical_insight': 1, 'validation_evidence': 1}"
7103,5,de:23 & im:26 & pr:19 & pr:26 & pr:36 & th:33 & va:38,"{'problem_analysis': 3, 'design_rationale': 1, 'implementation_mechanism': 1}"
7104,5,de:24 & im:2 & pr:13 & pr:19 & pr:36 & th:13 & va:7,"{'problem_analysis': 3, 'theoretical_insight': 1, 'validation_evidence': 1}"
7105,5,de:15 & im:4 & pr:12 & pr:19 & pr:36 & th:2 & va:32,"{'problem_analysis': 3, 'theoretical_insight': 1, 'implementation_mechanism': 1}"
7106,5,de:20 & im:19 & pr:17 & pr:19 & pr:36 & pr:4 & th:1 & va:9,"{'problem_analysis': 4, 'theoretical_insight': 1, 'design_rationale': 1}"
7107,5,de:9 & im:7 & pr:19 & pr:36 & pr:4 & th:12 & va:9,"{'problem_analysis': 3, 'theoretical_insight': 1, 'design_rationale': 1}"
7108,5,de:24 & im:24 & pr:13 & pr:19 & pr:2 & pr:36 & th:10 & va:8,"{'problem_analysis': 4, 'theoretical_insight': 1, 'implementation_mechanism': 1}"
7109,5,de:3 & im:16 & pr:19 & pr:3 & pr:36 & th:15 & va:13,"{'problem_analysis': 3, 'implementation_mechanism': 1, 'design_rationale': 1}"
7110,5,de:20 & im:19 & pr:19 & pr:32 & pr:36 & th:12 & va:9,"{'problem_analysis': 3, 'theoretical_insight': 1, 'design_rationale': 1}"
7111,5,de:10 & im:24 & pr:19 & pr:28 & pr:36 & th:10 & va:36,"{'problem_analysis': 3, 'theoretical_insight': 1, 'design_rationale': 1}"
7112,5,de:6 & im:11 & pr:19 & pr:36 & pr:5 & th:1 & va:4,"{'problem_analysis': 3, 'design_rationale': 1, 'theoretical_insight': 1}"
7113,5,de:28 & im:7 & pr:19 & pr:36 & pr:4 & pr:5 & th:1 & va:28,"{'problem_analysis': 4, 'design_rationale': 1, 'theoretical_insight': 1}"
7114,5,de:38 & de:6 & im:10 & im:3 & pr:19 & pr:31 & pr:32 & pr:36 & pr:4 & va:0 & va:23,"{'problem_analysis': 5, 'design_rationale': 2, 'validation_evidence': 2}"
7115,5,de:0 & de:16 & de:37 & im:1 & im:9 & pr:19 & pr:25 & pr:36 & pr:9 & th:1 & th:2 & th:4 & va:17 & va:39,"{'problem_analysis': 4, 'theoretical_insight': 3, 'design_rationale': 3}"
7116,5,de:16 & im:1 & pr:21 & pr:7 & th:31 & va:39,"{'problem_analysis': 2, 'design_rationale': 1, 'validation_evidence': 1}"
7117,5,de:15 & im:9 & pr:5 & th:2 & va:18,"{'theoretical_insight': 1, 'implementation_mechanism': 1, 'problem_analysis': 1}"
7118,5,de:15 & im:4 & pr:16 & pr:6 & pr:7 & th:11 & th:6 & va:32,"{'problem_analysis': 3, 'theoretical_insight': 2, 'implementation_mechanism': 1}"
7119,5,de:25 & im:34 & pr:16 & pr:32 & pr:7 & th:21 & th:6 & va:30,"{'problem_analysis': 3, 'theoretical_insight': 2, 'design_rationale': 1}"
7120,5,de:3 & im:16 & pr:10 & pr:19 & pr:39 & th:36 & th:6 & va:0,"{'problem_analysis': 3, 'theoretical_insight': 2, 'implementation_mechanism': 1}"
7121,5,de:25 & im:34 & pr:10 & pr:19 & pr:32 & th:21 & th:6 & va:30,"{'problem_analysis': 3, 'theoretical_insight': 2, 'design_rationale': 1}"
7122,5,de:15 & im:4 & pr:27 & pr:6 & pr:9 & th:11 & va:10,"{'problem_analysis': 3, 'implementation_mechanism': 1, 'theoretical_insight': 1}"
7123,5,de:14 & im:20 & pr:27 & pr:9 & th:14 & th:26 & va:19,"{'problem_analysis': 2, 'theoretical_insight': 2, 'validation_evidence': 1}"
7124,5,de:25 & im:34 & pr:2 & pr:32 & pr:39 & th:21 & va:30,"{'problem_analysis': 3, 'validation_evidence': 1, 'design_rationale': 1}"
7125,5,de:0 & de:16 & de:37 & im:1 & im:9 & pr:11 & pr:25 & pr:9 & th:1 & th:2 & th:4 & va:17 & va:39,"{'theoretical_insight': 3, 'problem_analysis': 3, 'design_rationale': 3}"
7126,5,pr:19 & pr:28 & pr:31 & pr:6 & th:33,"{'problem_analysis': 4, 'theoretical_insight': 1}"
7127,5,de:16 & im:4 & pr:28 & pr:31 & pr:6 & th:33,"{'problem_analysis': 3, 'design_rationale': 1, 'implementation_mechanism': 1}"
7128,5,pr:23 & pr:28 & pr:31 & pr:6 & th:33,"{'problem_analysis': 4, 'theoretical_insight': 1}"
7129,5,pr:28 & pr:31 & pr:6 & th:2 & th:33,"{'problem_analysis': 3, 'theoretical_insight': 2}"
7130,5,de:16 & pr:12 & pr:28 & pr:31 & pr:6 & th:33,"{'problem_analysis': 4, 'design_rationale': 1, 'theoretical_insight': 1}"
7131,5,de:15 & pr:28 & pr:31 & pr:6 & th:1 & th:33,"{'problem_analysis': 3, 'theoretical_insight': 2, 'design_rationale': 1}"
7132,5,pr:12 & pr:28 & pr:31 & pr:6 & th:33,"{'problem_analysis': 4, 'theoretical_insight': 1}"
7133,5,pr:11 & pr:28 & pr:31 & pr:6 & th:12 & th:33 & va:9,"{'problem_analysis': 4, 'theoretical_insight': 2, 'validation_evidence': 1}"
7134,5,im:9 & pr:0 & pr:28 & pr:31 & pr:6 & th:33 & va:28,"{'problem_analysis': 4, 'implementation_mechanism': 1, 'validation_evidence': 1}"
7135,5,de:20 & im:19 & pr:27 & pr:28 & pr:31 & pr:6 & th:12 & th:33,"{'problem_analysis': 4, 'theoretical_insight': 2, 'design_rationale': 1}"
7136,5,de:13 & im:1 & pr:17 & pr:28 & pr:31 & pr:6 & th:0 & th:33,"{'problem_analysis': 4, 'theoretical_insight': 2, 'design_rationale': 1}"
7137,5,de:3 & im:16 & pr:28 & pr:31 & pr:6 & pr:7 & th:33 & va:0,"{'problem_analysis': 4, 'implementation_mechanism': 1, 'validation_evidence': 1}"
7138,5,de:16 & im:31 & pr:12 & pr:28 & pr:31 & pr:6 & th:33 & th:4,"{'problem_analysis': 4, 'theoretical_insight': 2, 'design_rationale': 1}"
7139,5,de:13 & im:1 & pr:28 & pr:31 & pr:6 & th:0 & th:33 & va:15,"{'problem_analysis': 3, 'theoretical_insight': 2, 'design_rationale': 1}"
7140,5,de:16 & im:19 & pr:28 & pr:31 & pr:6 & th:33 & va:17,"{'problem_analysis': 3, 'design_rationale': 1, 'validation_evidence': 1}"
7141,5,de:16 & im:10 & pr:27 & pr:28 & pr:31 & pr:6 & th:12 & th:33,"{'problem_analysis': 4, 'theoretical_insight': 2, 'design_rationale': 1}"
7142,5,de:20 & im:7 & pr:11 & pr:28 & pr:31 & pr:6 & th:1 & th:33,"{'problem_analysis': 4, 'theoretical_insight': 2, 'design_rationale': 1}"
7143,5,de:17 & im:20 & pr:27 & pr:28 & pr:31 & pr:6 & th:33 & va:17,"{'problem_analysis': 4, 'design_rationale': 1, 'validation_evidence': 1}"
7144,5,im:7 & pr:28 & pr:31 & pr:4 & pr:6 & th:33 & va:28,"{'problem_analysis': 4, 'validation_evidence': 1, 'theoretical_insight': 1}"
7145,5,de:37 & im:28 & pr:28 & pr:31 & pr:6 & pr:7 & th:2 & th:33 & va:1,"{'problem_analysis': 4, 'theoretical_insight': 2, 'validation_evidence': 1}"
7146,5,de:15 & im:4 & pr:28 & pr:31 & pr:6 & th:0 & th:33,"{'problem_analysis': 3, 'theoretical_insight': 2, 'implementation_mechanism': 1}"
7147,5,de:15 & im:4 & pr:13 & pr:28 & pr:31 & pr:6 & th:33 & th:4 & va:12,"{'problem_analysis': 4, 'theoretical_insight': 2, 'validation_evidence': 1}"
7148,5,de:20 & im:7 & pr:28 & pr:31 & pr:6 & th:12 & th:33 & va:0,"{'problem_analysis': 3, 'theoretical_insight': 2, 'validation_evidence': 1}"
7149,5,de:6 & im:21 & pr:28 & pr:30 & pr:31 & pr:6 & th:1 & th:33 & va:18,"{'problem_analysis': 4, 'theoretical_insight': 2, 'design_rationale': 1}"
7150,5,de:6 & im:31 & pr:28 & pr:30 & pr:31 & pr:6 & th:33 & th:5 & va:0,"{'problem_analysis': 4, 'theoretical_insight': 2, 'design_rationale': 1}"
7151,5,de:6 & im:21 & pr:28 & pr:31 & pr:4 & pr:6 & th:1 & th:33 & va:28,"{'problem_analysis': 4, 'theoretical_insight': 2, 'design_rationale': 1}"
7152,5,de:20 & im:19 & pr:11 & pr:28 & pr:31 & pr:6 & th:1 & th:33 & va:9,"{'problem_analysis': 4, 'theoretical_insight': 2, 'design_rationale': 1}"
7153,5,de:9 & im:35 & pr:11 & pr:28 & pr:31 & pr:6 & th:2 & th:33 & va:9,"{'problem_analysis': 4, 'theoretical_insight': 2, 'design_rationale': 1}"
7154,5,de:9 & im:4 & pr:28 & pr:31 & pr:6 & th:11 & th:33 & va:9,"{'problem_analysis': 3, 'theoretical_insight': 2, 'design_rationale': 1}"
7155,5,de:29 & pr:22 & pr:28 & pr:31 & pr:6 & th:33,"{'problem_analysis': 4, 'design_rationale': 1, 'theoretical_insight': 1}"
7156,5,de:29 & im:12 & pr:0 & pr:28 & pr:31 & pr:6 & th:33 & th:5 & va:0,"{'problem_analysis': 4, 'theoretical_insight': 2, 'validation_evidence': 1}"
7157,5,de:16 & im:1 & pr:28 & pr:31 & pr:6 & th:2 & th:33 & va:17,"{'problem_analysis': 3, 'theoretical_insight': 2, 'design_rationale': 1}"
7158,5,de:37 & im:1 & pr:28 & pr:31 & pr:6 & pr:7 & th:33 & th:6 & va:17,"{'problem_analysis': 4, 'theoretical_insight': 2, 'validation_evidence': 1}"
7159,5,de:15 & im:7 & pr:28 & pr:31 & pr:6 & th:11 & th:33 & va:9,"{'problem_analysis': 3, 'theoretical_insight': 2, 'validation_evidence': 1}"
7160,5,de:15 & pr:28 & pr:31 & pr:6 & th:11 & th:33 & va:32,"{'problem_analysis': 3, 'theoretical_insight': 2, 'design_rationale': 1}"
7161,5,de:9 & im:19 & pr:28 & pr:31 & pr:4 & pr:6 & th:12 & th:33 & va:30,"{'problem_analysis': 4, 'theoretical_insight': 2, 'design_rationale': 1}"
7162,5,de:29 & im:10 & pr:28 & pr:31 & pr:5 & pr:6 & th:33 & th:8 & va:12,"{'problem_analysis': 4, 'theoretical_insight': 2, 'validation_evidence': 1}"
7163,5,de:15 & im:4 & pr:12 & pr:28 & pr:31 & pr:6 & th:2 & th:33 & va:9,"{'problem_analysis': 4, 'theoretical_insight': 2, 'implementation_mechanism': 1}"
7164,5,de:3 & im:16 & pr:28 & pr:31 & pr:39 & pr:6 & th:33 & th:36 & va:7,"{'problem_analysis': 4, 'theoretical_insight': 2, 'implementation_mechanism': 1}"
7165,5,de:3 & im:16 & pr:23 & pr:28 & pr:31 & pr:6 & th:33 & th:36 & va:0,"{'problem_analysis': 4, 'theoretical_insight': 2, 'implementation_mechanism': 1}"
7166,5,de:3 & im:12 & pr:10 & pr:28 & pr:31 & pr:6 & th:33 & th:7 & va:0,"{'problem_analysis': 4, 'theoretical_insight': 2, 'validation_evidence': 1}"
7167,5,de:8 & im:39 & pr:10 & pr:28 & pr:31 & pr:6 & th:28 & th:33 & va:1,"{'problem_analysis': 4, 'theoretical_insight': 2, 'validation_evidence': 1}"
7168,5,de:29 & im:10 & pr:14 & pr:28 & pr:31 & pr:6 & th:33 & th:8 & va:20,"{'problem_analysis': 4, 'theoretical_insight': 2, 'implementation_mechanism': 1}"
7169,5,de:29 & im:9 & pr:28 & pr:31 & pr:33 & pr:6 & th:33 & th:9 & va:38,"{'problem_analysis': 4, 'theoretical_insight': 2, 'implementation_mechanism': 1}"
7170,5,de:3 & im:10 & pr:0 & pr:28 & pr:31 & pr:6 & th:33 & th:39 & va:0,"{'problem_analysis': 4, 'theoretical_insight': 2, 'validation_evidence': 1}"
7171,5,de:9 & im:35 & pr:11 & pr:28 & pr:31 & pr:6 & th:12 & th:33 & va:9,"{'problem_analysis': 4, 'theoretical_insight': 2, 'design_rationale': 1}"
7172,5,de:16 & im:38 & pr:12 & pr:28 & pr:31 & pr:6 & th:12 & th:33 & va:2,"{'problem_analysis': 4, 'theoretical_insight': 2, 'implementation_mechanism': 1}"
7173,5,de:25 & im:34 & pr:28 & pr:31 & pr:6 & th:12 & th:33,"{'problem_analysis': 3, 'theoretical_insight': 2, 'design_rationale': 1}"
7174,5,de:29 & im:10 & pr:28 & pr:31 & pr:39 & pr:6 & th:33 & th:36 & va:0,"{'problem_analysis': 4, 'theoretical_insight': 2, 'validation_evidence': 1}"
7175,5,de:7 & im:7 & pr:28 & pr:31 & pr:39 & pr:6 & th:33 & th:5 & va:0,"{'problem_analysis': 4, 'theoretical_insight': 2, 'validation_evidence': 1}"
7176,5,de:20 & im:19 & pr:27 & pr:28 & pr:31 & pr:6 & th:12 & th:33 & va:9,"{'problem_analysis': 4, 'theoretical_insight': 2, 'design_rationale': 1}"
7177,5,de:4 & im:7 & pr:28 & pr:31 & pr:6 & th:12 & th:33 & va:30,"{'problem_analysis': 3, 'theoretical_insight': 2, 'validation_evidence': 1}"
7178,5,de:16 & im:4 & pr:18 & pr:28 & pr:31 & pr:6 & th:2 & th:33 & va:10,"{'problem_analysis': 4, 'theoretical_insight': 2, 'design_rationale': 1}"
7179,5,pr:28 & pr:31 & pr:6 & th:11 & th:33 & va:2,"{'problem_analysis': 3, 'theoretical_insight': 2, 'validation_evidence': 1}"
7180,5,de:37 & im:28 & pr:19 & pr:28 & pr:31 & pr:6 & th:29 & th:33 & va:1,"{'problem_analysis': 4, 'theoretical_insight': 2, 'validation_evidence': 1}"
7181,5,de:17 & im:4 & pr:28 & pr:31 & pr:6 & th:12 & th:33 & va:9,"{'problem_analysis': 3, 'theoretical_insight': 2, 'design_rationale': 1}"
7182,5,de:15 & im:4 & pr:28 & pr:31 & pr:6 & th:12 & th:33 & va:32,"{'problem_analysis': 3, 'theoretical_insight': 2, 'implementation_mechanism': 1}"
7183,5,de:16 & im:1 & pr:28 & pr:31 & pr:6 & pr:9 & th:14 & th:33 & va:37,"{'problem_analysis': 4, 'theoretical_insight': 2, 'design_rationale': 1}"
7184,5,de:13 & im:1 & pr:28 & pr:31 & pr:6 & pr:7 & th:33 & th:37 & va:39,"{'problem_analysis': 4, 'theoretical_insight': 2, 'design_rationale': 1}"
7185,5,pr:23 & pr:28 & pr:31 & pr:6 & th:33 & va:23,"{'problem_analysis': 4, 'validation_evidence': 1, 'theoretical_insight': 1}"
7186,5,de:15 & im:4 & pr:28 & pr:31 & pr:6 & pr:7 & th:2 & th:33 & va:2,"{'problem_analysis': 4, 'theoretical_insight': 2, 'implementation_mechanism': 1}"
7187,5,de:23 & im:38 & pr:28 & pr:31 & pr:6 & th:12 & th:33 & va:2,"{'problem_analysis': 3, 'theoretical_insight': 2, 'implementation_mechanism': 1}"
7188,5,de:37 & im:1 & pr:19 & pr:23 & pr:28 & pr:31 & pr:6 & th:33 & va:17,"{'problem_analysis': 5, 'validation_evidence': 1, 'implementation_mechanism': 1}"
7189,5,de:37 & im:20 & pr:16 & pr:28 & pr:31 & pr:6 & th:33 & th:8 & va:20,"{'problem_analysis': 4, 'theoretical_insight': 2, 'implementation_mechanism': 1}"
7190,5,de:5 & im:1 & pr:12 & pr:28 & pr:31 & pr:6 & th:33 & th:6 & va:1,"{'problem_analysis': 4, 'theoretical_insight': 2, 'validation_evidence': 1}"
7191,5,de:22 & im:31 & pr:13 & pr:28 & pr:31 & pr:6 & th:33 & th:4 & va:7,"{'problem_analysis': 4, 'theoretical_insight': 2, 'design_rationale': 1}"
7192,5,de:8 & im:3 & pr:16 & pr:28 & pr:31 & pr:6 & th:13 & th:33 & va:1,"{'problem_analysis': 4, 'theoretical_insight': 2, 'validation_evidence': 1}"
7193,5,de:22 & im:26 & pr:13 & pr:28 & pr:31 & pr:6 & th:33 & th:4 & va:7,"{'problem_analysis': 4, 'theoretical_insight': 2, 'design_rationale': 1}"
7194,5,de:14 & im:25 & pr:14 & pr:28 & pr:31 & pr:6 & th:33 & va:20,"{'problem_analysis': 4, 'implementation_mechanism': 1, 'theoretical_insight': 1}"
7195,5,de:16 & im:4 & pr:28 & pr:31 & pr:6 & th:33 & va:9,"{'problem_analysis': 3, 'design_rationale': 1, 'implementation_mechanism': 1}"
7196,5,de:15 & im:10 & pr:28 & pr:31 & pr:6 & th:11 & th:33 & va:10,"{'problem_analysis': 3, 'theoretical_insight': 2, 'validation_evidence': 1}"
7197,5,de:9 & im:4 & pr:28 & pr:31 & pr:6 & th:12 & th:33 & va:10,"{'problem_analysis': 3, 'theoretical_insight': 2, 'design_rationale': 1}"
7198,5,de:9 & im:19 & pr:28 & pr:31 & pr:6 & th:12 & th:33 & va:10,"{'problem_analysis': 3, 'theoretical_insight': 2, 'design_rationale': 1}"
7199,5,de:10 & im:3 & pr:15 & pr:28 & pr:31 & pr:32 & pr:6 & th:33 & va:33,"{'problem_analysis': 5, 'design_rationale': 1, 'validation_evidence': 1}"
7200,5,de:37 & im:1 & pr:28 & pr:31 & pr:6 & pr:7 & th:33 & th:37 & va:1,"{'problem_analysis': 4, 'theoretical_insight': 2, 'validation_evidence': 1}"
7201,5,de:37 & im:1 & pr:28 & pr:31 & pr:6 & pr:7 & th:33 & th:37 & va:39,"{'problem_analysis': 4, 'theoretical_insight': 2, 'validation_evidence': 1}"
7202,5,de:25 & im:34 & pr:28 & pr:31 & pr:32 & pr:6 & th:21 & th:33 & va:33,"{'problem_analysis': 4, 'theoretical_insight': 2, 'design_rationale': 1}"
7203,5,de:20 & im:19 & pr:11 & pr:28 & pr:31 & pr:6 & th:2 & th:33 & va:9,"{'problem_analysis': 4, 'theoretical_insight': 2, 'design_rationale': 1}"
7204,5,de:14 & im:25 & pr:28 & pr:31 & pr:6 & pr:9 & th:26 & th:33 & va:20,"{'problem_analysis': 4, 'theoretical_insight': 2, 'implementation_mechanism': 1}"
7205,5,de:14 & im:20 & pr:28 & pr:31 & pr:6 & pr:9 & th:33 & va:20,"{'problem_analysis': 4, 'implementation_mechanism': 1, 'theoretical_insight': 1}"
7206,5,de:13 & im:1 & pr:28 & pr:31 & pr:6 & pr:7 & th:33 & th:37 & va:15,"{'problem_analysis': 4, 'theoretical_insight': 2, 'design_rationale': 1}"
7207,5,pr:11 & pr:28 & pr:31 & pr:6 & th:12 & th:33 & va:27,"{'problem_analysis': 4, 'theoretical_insight': 2, 'validation_evidence': 1}"
7208,5,de:11 & pr:28 & pr:31 & pr:6 & pr:9 & th:14 & th:2 & th:33 & va:2,"{'problem_analysis': 4, 'theoretical_insight': 3, 'design_rationale': 1}"
7209,5,de:37 & im:8 & pr:19 & pr:28 & pr:31 & pr:6 & th:28 & th:33 & va:1,"{'problem_analysis': 4, 'theoretical_insight': 2, 'implementation_mechanism': 1}"
7210,5,de:14 & im:25 & pr:19 & pr:28 & pr:31 & pr:6 & th:26 & th:33 & va:20,"{'problem_analysis': 4, 'theoretical_insight': 2, 'implementation_mechanism': 1}"
7211,5,de:37 & im:0 & pr:19 & pr:28 & pr:31 & pr:6 & pr:7 & th:33 & th:6 & va:1,"{'problem_analysis': 5, 'theoretical_insight': 2, 'validation_evidence': 1}"
7212,5,de:37 & im:1 & pr:28 & pr:31 & pr:6 & pr:9 & th:33 & th:6 & va:17,"{'problem_analysis': 4, 'theoretical_insight': 2, 'validation_evidence': 1}"
7213,5,de:3 & im:8 & pr:28 & pr:31 & pr:39 & pr:6 & pr:7 & th:33 & th:36 & va:0,"{'problem_analysis': 5, 'theoretical_insight': 2, 'implementation_mechanism': 1}"
7214,5,de:15 & im:7 & pr:28 & pr:31 & pr:6 & th:12 & th:33 & va:10,"{'problem_analysis': 3, 'theoretical_insight': 2, 'validation_evidence': 1}"
7215,5,de:11 & im:1 & pr:19 & pr:28 & pr:31 & pr:6 & th:33 & th:37 & va:20,"{'problem_analysis': 4, 'theoretical_insight': 2, 'design_rationale': 1}"
7216,5,de:20 & im:7 & pr:28 & pr:31 & pr:4 & pr:6 & th:1 & th:33 & va:9,"{'problem_analysis': 4, 'theoretical_insight': 2, 'design_rationale': 1}"
7217,5,de:1 & im:9 & pr:13 & pr:19 & pr:28 & pr:31 & pr:6 & th:33 & th:6 & va:4,"{'problem_analysis': 5, 'theoretical_insight': 2, 'implementation_mechanism': 1}"
7218,5,de:17 & im:7 & pr:11 & pr:27 & pr:28 & pr:31 & pr:6 & th:12 & th:33 & va:9,"{'problem_analysis': 5, 'theoretical_insight': 2, 'design_rationale': 1}"
7219,5,de:8 & im:18 & pr:16 & pr:28 & pr:31 & pr:6 & th:27 & th:33 & va:20,"{'problem_analysis': 4, 'theoretical_insight': 2, 'implementation_mechanism': 1}"
7220,5,de:6 & im:7 & pr:19 & pr:28 & pr:31 & pr:6 & pr:8 & th:33 & th:34 & va:12,"{'problem_analysis': 5, 'theoretical_insight': 2, 'validation_evidence': 1}"
7221,5,de:22 & im:31 & pr:28 & pr:3 & pr:31 & pr:6 & th:33 & th:4 & va:18,"{'problem_analysis': 4, 'theoretical_insight': 2, 'design_rationale': 1}"
7222,5,de:8 & im:13 & pr:19 & pr:28 & pr:31 & pr:6 & th:30 & th:33 & th:6 & va:1,"{'problem_analysis': 4, 'theoretical_insight': 3, 'validation_evidence': 1}"
7223,5,de:25 & im:34 & pr:26 & pr:28 & pr:31 & pr:6 & th:22 & th:33 & va:33,"{'problem_analysis': 4, 'theoretical_insight': 2, 'design_rationale': 1}"
7224,5,de:3 & im:16 & pr:2 & pr:28 & pr:31 & pr:39 & pr:6 & th:33 & th:36 & va:0,"{'problem_analysis': 5, 'theoretical_insight': 2, 'implementation_mechanism': 1}"
7225,5,de:3 & im:16 & pr:2 & pr:28 & pr:31 & pr:39 & pr:6 & th:33 & th:36 & va:26,"{'problem_analysis': 5, 'theoretical_insight': 2, 'implementation_mechanism': 1}"
7226,5,de:3 & im:16 & pr:28 & pr:31 & pr:39 & pr:6 & th:13 & th:33 & va:26,"{'problem_analysis': 4, 'theoretical_insight': 2, 'implementation_mechanism': 1}"
7227,5,de:14 & im:20 & pr:19 & pr:28 & pr:31 & pr:6 & pr:9 & th:14 & th:26 & th:33 & va:19,"{'problem_analysis': 5, 'theoretical_insight': 3, 'validation_evidence': 1}"
7228,5,de:20 & im:19 & pr:28 & pr:31 & pr:32 & pr:6 & th:12 & th:33 & va:9,"{'problem_analysis': 4, 'theoretical_insight': 2, 'design_rationale': 1}"
7229,5,de:37 & im:0 & pr:19 & pr:28 & pr:31 & pr:6 & th:33 & th:6 & va:39,"{'problem_analysis': 4, 'theoretical_insight': 2, 'validation_evidence': 1}"
7230,5,de:15 & im:19 & pr:27 & pr:28 & pr:31 & pr:6 & th:12 & th:33 & va:32,"{'problem_analysis': 4, 'theoretical_insight': 2, 'implementation_mechanism': 1}"
7231,5,de:15 & im:4 & pr:18 & pr:28 & pr:31 & pr:6 & th:11 & th:33 & va:10,"{'problem_analysis': 4, 'theoretical_insight': 2, 'validation_evidence': 1}"
7232,5,de:16 & de:38 & im:7 & pr:26 & pr:28 & pr:31 & pr:6 & th:2 & th:33 & va:18,"{'problem_analysis': 4, 'theoretical_insight': 2, 'design_rationale': 2}"
7233,5,de:3 & im:24 & pr:28 & pr:31 & pr:39 & pr:6 & th:33 & th:36 & va:26,"{'problem_analysis': 4, 'theoretical_insight': 2, 'implementation_mechanism': 1}"
7234,5,de:3 & im:24 & pr:28 & pr:31 & pr:39 & pr:6 & th:19 & th:33 & th:39 & va:26,"{'problem_analysis': 4, 'theoretical_insight': 3, 'implementation_mechanism': 1}"
7235,5,de:22 & im:1 & pr:13 & pr:28 & pr:31 & pr:33 & pr:6 & th:10 & th:33 & va:12,"{'problem_analysis': 5, 'theoretical_insight': 2, 'validation_evidence': 1}"
7236,5,de:4 & im:31 & pr:28 & pr:3 & pr:31 & pr:33 & pr:6 & th:30 & th:33 & va:38,"{'problem_analysis': 5, 'theoretical_insight': 2, 'implementation_mechanism': 1}"
7237,5,de:11 & im:10 & pr:11 & pr:19 & pr:28 & pr:31 & pr:6 & th:2 & th:33 & va:15,"{'problem_analysis': 5, 'theoretical_insight': 2, 'implementation_mechanism': 1}"
7238,5,de:3 & im:16 & pr:2 & pr:28 & pr:31 & pr:33 & pr:39 & pr:6 & th:33 & th:36 & va:26,"{'problem_analysis': 6, 'theoretical_insight': 2, 'implementation_mechanism': 1}"
7239,5,de:3 & im:0 & pr:2 & pr:28 & pr:31 & pr:33 & pr:39 & pr:6 & th:33 & th:36 & va:26,"{'problem_analysis': 6, 'theoretical_insight': 2, 'implementation_mechanism': 1}"
7240,5,de:16 & im:38 & pr:28 & pr:31 & pr:6 & th:12 & th:26 & th:33 & th:9 & va:2,"{'theoretical_insight': 4, 'problem_analysis': 3, 'implementation_mechanism': 1}"
7241,5,de:25 & im:34 & pr:11 & pr:28 & pr:31 & pr:4 & pr:6 & th:21 & th:33 & va:27,"{'problem_analysis': 5, 'theoretical_insight': 2, 'design_rationale': 1}"
7242,5,de:7 & im:19 & pr:28 & pr:31 & pr:4 & pr:5 & pr:6 & th:12 & th:33 & va:30,"{'problem_analysis': 5, 'theoretical_insight': 2, 'validation_evidence': 1}"
7243,5,de:29 & im:29 & pr:19 & pr:2 & pr:28 & pr:31 & pr:6 & th:29 & th:33 & va:8,"{'problem_analysis': 5, 'theoretical_insight': 2, 'validation_evidence': 1}"
7244,5,de:18 & im:10 & pr:19 & pr:28 & pr:31 & pr:6 & th:33 & th:37 & va:20,"{'problem_analysis': 4, 'theoretical_insight': 2, 'design_rationale': 1}"
7245,5,de:32 & im:0 & pr:1 & pr:19 & pr:28 & pr:31 & pr:6 & th:33 & th:7 & va:39,"{'problem_analysis': 5, 'theoretical_insight': 2, 'design_rationale': 1}"
7246,5,de:38 & de:6 & im:10 & im:3 & pr:28 & pr:31 & pr:32 & pr:4 & pr:6 & th:33 & va:0 & va:23,"{'problem_analysis': 5, 'design_rationale': 2, 'validation_evidence': 2}"
7247,5,de:11 & de:7 & im:7 & pr:11 & pr:12 & pr:26 & pr:28 & pr:31 & pr:6 & th:12 & th:25 & th:31 & th:33 & va:15,"{'problem_analysis': 6, 'theoretical_insight': 4, 'design_rationale': 2}"
7248,5,de:15 & im:4 & im:7 & pr:28 & pr:31 & pr:6 & th:12 & th:33,"{'problem_analysis': 3, 'theoretical_insight': 2, 'implementation_mechanism': 2}"
7249,5,de:15 & im:4 & im:7 & pr:28 & pr:31 & pr:6 & th:11 & th:12 & th:33 & va:10,"{'problem_analysis': 3, 'theoretical_insight': 3, 'implementation_mechanism': 2}"
7250,5,de:22 & de:6 & im:21 & im:31 & pr:13 & pr:28 & pr:30 & pr:31 & pr:5 & pr:6 & th:1 & th:33 & th:4 & va:15 & va:30 & va:7,"{'problem_analysis': 6, 'validation_evidence': 3, 'theoretical_insight': 3}"
7251,5,de:23 & im:27 & pr:22 & va:22,"{'problem_analysis': 1, 'validation_evidence': 1, 'design_rationale': 1}"
7252,5,de:18 & de:29 & de:37 & im:1 & im:10 & pr:18 & pr:19 & pr:5 & th:37 & th:6 & va:17,"{'problem_analysis': 3, 'design_rationale': 3, 'implementation_mechanism': 2}"
7253,5,de:18 & de:25 & de:29 & im:10 & im:34 & pr:19 & pr:32 & pr:5 & th:21 & th:37 & va:30,"{'design_rationale': 3, 'problem_analysis': 3, 'implementation_mechanism': 2}"
7254,5,de:37 & im:1 & pr:13 & pr:18 & pr:6 & th:6 & va:17,"{'problem_analysis': 3, 'validation_evidence': 1, 'implementation_mechanism': 1}"
7255,5,de:24 & im:24 & pr:12 & pr:13 & pr:2 & th:10 & va:8,"{'problem_analysis': 3, 'theoretical_insight': 1, 'implementation_mechanism': 1}"
7256,5,im:13 & pr:2 & pr:39 & pr:4 & th:3 & va:36,"{'problem_analysis': 3, 'theoretical_insight': 1, 'implementation_mechanism': 1}"
7257,5,de:13 & im:1 & pr:12 & pr:19 & th:0 & va:15,"{'problem_analysis': 2, 'design_rationale': 1, 'validation_evidence': 1}"
7258,5,de:14 & im:8 & pr:12 & pr:7 & th:8 & va:19,"{'problem_analysis': 2, 'implementation_mechanism': 1, 'validation_evidence': 1}"
7259,5,de:3 & im:8 & pr:12 & pr:39 & pr:7 & th:36 & va:0,"{'problem_analysis': 3, 'implementation_mechanism': 1, 'validation_evidence': 1}"
7260,5,de:15 & im:4 & pr:6 & pr:9 & th:0,"{'problem_analysis': 2, 'implementation_mechanism': 1, 'theoretical_insight': 1}"
7261,5,pr:19 & pr:22,{'problem_analysis': 2}
7262,5,pr:22 & pr:33,{'problem_analysis': 2}
7263,5,de:15 & im:4 & pr:22 & pr:31,"{'problem_analysis': 2, 'implementation_mechanism': 1, 'design_rationale': 1}"
7264,5,pr:11 & pr:22 & th:12 & va:9,"{'problem_analysis': 2, 'validation_evidence': 1, 'theoretical_insight': 1}"
7265,5,pr:22 & pr:31,{'problem_analysis': 2}
7266,5,im:4 & pr:22 & pr:31 & th:9 & va:10,"{'problem_analysis': 2, 'implementation_mechanism': 1, 'validation_evidence': 1}"
7267,5,de:16 & im:1 & pr:22 & pr:31 & th:2 & va:17,"{'problem_analysis': 2, 'theoretical_insight': 1, 'design_rationale': 1}"
7268,5,de:29 & im:12 & pr:0 & pr:22 & th:5 & va:0,"{'problem_analysis': 2, 'theoretical_insight': 1, 'validation_evidence': 1}"
7269,5,de:15 & pr:22 & pr:6 & th:11 & va:32,"{'problem_analysis': 2, 'design_rationale': 1, 'theoretical_insight': 1}"
7270,5,de:15 & im:4 & pr:22 & pr:31 & th:2 & va:32,"{'problem_analysis': 2, 'theoretical_insight': 1, 'implementation_mechanism': 1}"
7271,5,pr:2 & pr:22 & pr:33 & th:36 & va:7,"{'problem_analysis': 3, 'validation_evidence': 1, 'theoretical_insight': 1}"
7272,5,de:25 & im:34 & pr:22 & pr:31 & pr:32,"{'problem_analysis': 3, 'design_rationale': 1, 'implementation_mechanism': 1}"
7273,5,de:15 & im:4 & pr:22 & pr:31 & th:9 & va:32,"{'problem_analysis': 2, 'design_rationale': 1, 'implementation_mechanism': 1}"
7274,5,de:22 & im:31 & pr:22 & pr:31 & th:2,"{'problem_analysis': 2, 'theoretical_insight': 1, 'design_rationale': 1}"
7275,5,de:25 & im:34 & pr:22 & pr:32 & th:21 & va:17,"{'problem_analysis': 2, 'design_rationale': 1, 'validation_evidence': 1}"
7276,5,de:37 & im:1 & pr:22 & pr:25 & th:37 & va:39,"{'problem_analysis': 2, 'validation_evidence': 1, 'theoretical_insight': 1}"
7277,5,de:22 & im:31 & pr:22 & pr:31 & th:2 & va:4,"{'problem_analysis': 2, 'theoretical_insight': 1, 'design_rationale': 1}"
7278,5,de:15 & im:4 & pr:22 & pr:6 & th:2 & va:32,"{'problem_analysis': 2, 'theoretical_insight': 1, 'implementation_mechanism': 1}"
7279,5,de:24 & im:2 & pr:13 & pr:22 & th:13 & va:7,"{'problem_analysis': 2, 'theoretical_insight': 1, 'validation_evidence': 1}"
7280,5,de:37 & im:1 & pr:12 & pr:22 & pr:7 & th:6 & va:1,"{'problem_analysis': 3, 'validation_evidence': 1, 'implementation_mechanism': 1}"
7281,5,de:3 & im:16 & pr:13 & pr:22 & pr:3 & th:15 & va:13,"{'problem_analysis': 3, 'implementation_mechanism': 1, 'design_rationale': 1}"
7282,5,de:14 & im:20 & pr:19 & pr:22 & pr:9 & th:14 & th:26 & va:19,"{'problem_analysis': 3, 'theoretical_insight': 2, 'validation_evidence': 1}"
7283,5,de:10 & im:24 & pr:13 & pr:22 & pr:28 & th:10 & va:36,"{'problem_analysis': 3, 'theoretical_insight': 1, 'design_rationale': 1}"
7284,5,de:6 & im:11 & pr:13 & pr:22 & pr:5 & th:1 & va:4,"{'problem_analysis': 3, 'design_rationale': 1, 'theoretical_insight': 1}"
7285,5,de:7 & im:7 & pr:11 & pr:14 & pr:22 & pr:6 & th:12 & va:18,"{'problem_analysis': 4, 'theoretical_insight': 1, 'design_rationale': 1}"
7286,5,de:18 & im:0 & pr:19 & pr:22 & pr:7 & th:7 & va:35,"{'problem_analysis': 3, 'design_rationale': 1, 'theoretical_insight': 1}"
7287,5,de:22 & de:3 & im:16 & im:31 & pr:13 & pr:39 & th:32 & th:36 & th:4 & va:0 & va:24,"{'theoretical_insight': 3, 'problem_analysis': 2, 'design_rationale': 2}"
7288,5,de:22 & de:25 & im:31 & im:34 & pr:13 & pr:32 & th:21 & th:32 & th:4 & va:24 & va:30,"{'theoretical_insight': 3, 'problem_analysis': 2, 'design_rationale': 2}"
7289,5,de:0 & im:9 & pr:25 & th:35 & va:17,"{'problem_analysis': 1, 'implementation_mechanism': 1, 'validation_evidence': 1}"
7290,5,de:17 & de:25 & im:34 & pr:32 & pr:4 & th:12 & th:21 & th:4 & va:30,"{'theoretical_insight': 3, 'design_rationale': 2, 'problem_analysis': 2}"
7291,5,de:23 & im:26 & pr:11 & pr:22 & th:33 & va:2,"{'problem_analysis': 2, 'design_rationale': 1, 'implementation_mechanism': 1}"
7292,5,de:23 & im:35 & pr:11 & pr:22 & va:2,"{'problem_analysis': 2, 'design_rationale': 1, 'implementation_mechanism': 1}"
7293,5,de:38 & im:7 & pr:11 & pr:22 & th:12 & va:13,"{'problem_analysis': 2, 'theoretical_insight': 1, 'design_rationale': 1}"
7294,5,de:38 & de:6 & im:10 & im:3 & pr:21 & pr:27 & pr:32 & pr:4 & th:31 & va:0 & va:23,"{'problem_analysis': 4, 'design_rationale': 2, 'validation_evidence': 2}"
7295,5,de:0 & de:16 & de:37 & im:1 & im:4 & im:9 & pr:11 & pr:25 & pr:27 & th:1 & th:12 & th:4 & va:17 & va:39,"{'design_rationale': 3, 'theoretical_insight': 3, 'implementation_mechanism': 3}"
7296,5,de:4 & im:10 & pr:11 & th:30 & va:15,"{'theoretical_insight': 1, 'problem_analysis': 1, 'implementation_mechanism': 1}"
7297,5,de:7 & im:7 & pr:4 & th:12 & va:12,"{'validation_evidence': 1, 'theoretical_insight': 1, 'design_rationale': 1}"
7298,5,de:25 & im:20 & pr:11 & th:12 & va:30 & va:9,"{'validation_evidence': 2, 'theoretical_insight': 1, 'design_rationale': 1}"
7299,5,de:15 & im:4 & pr:39 & pr:5 & pr:6 & th:11 & va:9,"{'problem_analysis': 3, 'implementation_mechanism': 1, 'theoretical_insight': 1}"
7300,5,de:25 & im:34 & pr:32 & pr:39 & pr:5 & th:21 & va:30,"{'problem_analysis': 3, 'validation_evidence': 1, 'design_rationale': 1}"
7301,5,de:25 & im:34 & pr:21 & pr:32 & pr:9 & th:14 & th:21 & th:31 & va:30,"{'problem_analysis': 3, 'theoretical_insight': 3, 'validation_evidence': 1}"
7302,5,de:11 & de:3 & de:5 & im:16 & im:28 & pr:12 & pr:23 & pr:39 & th:25 & th:36 & va:0,"{'problem_analysis': 3, 'design_rationale': 3, 'theoretical_insight': 2}"
7303,5,de:11 & de:25 & de:5 & im:28 & im:34 & pr:12 & pr:23 & pr:32 & th:21 & th:25 & va:30,"{'problem_analysis': 3, 'design_rationale': 3, 'theoretical_insight': 2}"
7304,5,de:3 & im:16 & pr:12 & pr:23 & pr:39 & th:36 & va:26,"{'problem_analysis': 3, 'implementation_mechanism': 1, 'validation_evidence': 1}"
7305,5,de:15 & im:4 & pr:11 & va:32,"{'implementation_mechanism': 1, 'validation_evidence': 1, 'design_rationale': 1}"
7306,5,de:15 & im:4 & pr:11 & pr:6 & th:12 & va:32,"{'problem_analysis': 2, 'theoretical_insight': 1, 'implementation_mechanism': 1}"
7307,5,de:30 & im:8 & pr:16 & th:8 & va:1,"{'implementation_mechanism': 1, 'problem_analysis': 1, 'validation_evidence': 1}"
7308,5,de:16 & im:38 & pr:6 & th:12 & th:26 & th:9 & va:0,"{'theoretical_insight': 3, 'implementation_mechanism': 1, 'design_rationale': 1}"
7309,5,de:16 & im:31 & im:38 & pr:13 & pr:6 & th:12 & th:26 & th:4 & th:9 & va:0,"{'theoretical_insight': 4, 'problem_analysis': 2, 'implementation_mechanism': 2}"
7310,5,de:16 & de:3 & im:16 & im:38 & pr:39 & pr:6 & th:12 & th:26 & th:36 & th:9 & va:0,"{'theoretical_insight': 4, 'implementation_mechanism': 2, 'design_rationale': 2}"
7311,5,de:16 & de:25 & im:34 & im:38 & pr:32 & pr:6 & th:12 & th:21 & th:26 & th:9 & va:0 & va:30,"{'theoretical_insight': 4, 'implementation_mechanism': 2, 'design_rationale': 2}"
7312,5,de:20 & im:7 & pr:11 & pr:12 & th:1,"{'problem_analysis': 2, 'theoretical_insight': 1, 'design_rationale': 1}"
7313,5,de:16 & im:19 & pr:12 & pr:31 & va:17,"{'problem_analysis': 2, 'design_rationale': 1, 'validation_evidence': 1}"
7314,5,de:15 & im:7 & pr:12 & pr:6 & th:11 & va:9,"{'problem_analysis': 2, 'theoretical_insight': 1, 'validation_evidence': 1}"
7315,5,de:29 & im:10 & pr:12 & pr:5 & th:8 & va:12,"{'problem_analysis': 2, 'validation_evidence': 1, 'design_rationale': 1}"
7316,5,de:3 & im:16 & pr:12 & pr:39 & th:36 & va:7,"{'problem_analysis': 2, 'implementation_mechanism': 1, 'validation_evidence': 1}"
7317,5,de:8 & im:39 & pr:10 & pr:12 & th:28 & va:1,"{'problem_analysis': 2, 'validation_evidence': 1, 'design_rationale': 1}"
7318,5,de:0 & im:30 & pr:12 & pr:18 & th:23 & va:4,"{'problem_analysis': 2, 'theoretical_insight': 1, 'implementation_mechanism': 1}"
7319,5,de:8 & im:16 & pr:0 & pr:12 & th:7 & va:34,"{'problem_analysis': 2, 'validation_evidence': 1, 'implementation_mechanism': 1}"
7320,5,de:28 & im:9 & pr:12 & pr:7 & th:39 & va:0,"{'problem_analysis': 2, 'design_rationale': 1, 'validation_evidence': 1}"
7321,5,de:7 & im:7 & pr:12 & pr:39 & th:5 & va:0,"{'problem_analysis': 2, 'theoretical_insight': 1, 'validation_evidence': 1}"
7322,5,de:20 & im:19 & pr:12 & pr:27 & th:12 & va:9,"{'problem_analysis': 2, 'theoretical_insight': 1, 'design_rationale': 1}"
7323,5,de:3 & im:16 & pr:12 & pr:38 & th:12 & va:26,"{'problem_analysis': 2, 'theoretical_insight': 1, 'implementation_mechanism': 1}"
7324,5,de:37 & im:28 & pr:12 & pr:19 & th:29 & va:1,"{'problem_analysis': 2, 'validation_evidence': 1, 'theoretical_insight': 1}"
7325,5,de:37 & im:0 & pr:12 & pr:19 & pr:7 & th:6 & va:1,"{'problem_analysis': 3, 'validation_evidence': 1, 'design_rationale': 1}"
7326,5,de:14 & im:25 & pr:12 & pr:19 & th:26 & va:20,"{'problem_analysis': 2, 'implementation_mechanism': 1, 'validation_evidence': 1}"
7327,5,de:11 & im:1 & pr:12 & pr:19 & th:37 & va:20,"{'problem_analysis': 2, 'design_rationale': 1, 'theoretical_insight': 1}"
7328,5,de:8 & im:18 & pr:12 & pr:16 & th:27 & va:20,"{'problem_analysis': 2, 'implementation_mechanism': 1, 'design_rationale': 1}"
7329,5,de:22 & im:31 & pr:12 & pr:3 & pr:6 & th:4 & va:18,"{'problem_analysis': 3, 'design_rationale': 1, 'implementation_mechanism': 1}"
7330,5,de:29 & im:29 & pr:12 & pr:19 & pr:2 & th:29 & va:8,"{'problem_analysis': 3, 'theoretical_insight': 1, 'validation_evidence': 1}"
7331,5,de:13 & de:25 & im:1 & im:34 & pr:19 & pr:32 & pr:37 & th:0 & th:21 & va:30,"{'problem_analysis': 3, 'design_rationale': 2, 'implementation_mechanism': 2}"
7332,5,de:25 & im:34 & pr:4 & pr:9 & th:14 & th:21,"{'problem_analysis': 2, 'theoretical_insight': 2, 'design_rationale': 1}"
7333,5,de:18 & im:6 & pr:11 & pr:12 & pr:38 & th:36 & va:1,"{'problem_analysis': 3, 'validation_evidence': 1, 'design_rationale': 1}"
7334,5,de:33 & im:5 & pr:11 & pr:16 & th:26 & va:20,"{'problem_analysis': 2, 'design_rationale': 1, 'implementation_mechanism': 1}"
7335,5,de:18 & im:8 & pr:11 & pr:16 & th:7 & va:20,"{'problem_analysis': 2, 'implementation_mechanism': 1, 'design_rationale': 1}"
7336,5,de:15 & de:37 & im:1 & im:4 & pr:12 & pr:32 & pr:6 & th:11 & th:6 & va:32,"{'problem_analysis': 3, 'implementation_mechanism': 2, 'theoretical_insight': 2}"
7337,5,de:3 & de:37 & im:1 & im:16 & pr:19 & pr:32 & pr:39 & th:36 & th:6 & va:26,"{'problem_analysis': 3, 'implementation_mechanism': 2, 'design_rationale': 2}"
7338,5,de:25 & de:37 & im:1 & im:34 & pr:19 & pr:32 & th:21 & th:6 & va:30,"{'design_rationale': 2, 'problem_analysis': 2, 'implementation_mechanism': 2}"
7339,5,de:25 & im:34 & pr:19 & pr:32 & pr:4 & th:21 & th:33 & va:20,"{'problem_analysis': 3, 'theoretical_insight': 2, 'design_rationale': 1}"
7340,5,de:25 & im:34 & pr:27 & pr:4 & th:21,"{'problem_analysis': 2, 'design_rationale': 1, 'implementation_mechanism': 1}"
7341,5,de:3 & im:16 & pr:2 & pr:27 & pr:33 & pr:39 & th:36 & va:26,"{'problem_analysis': 4, 'implementation_mechanism': 1, 'validation_evidence': 1}"
7342,5,de:3 & im:0 & pr:2 & pr:27 & pr:33 & pr:39 & th:36 & va:26,"{'problem_analysis': 4, 'implementation_mechanism': 1, 'validation_evidence': 1}"
7343,5,de:8 & im:3 & pr:20 & pr:7 & th:30 & va:1,"{'problem_analysis': 2, 'theoretical_insight': 1, 'validation_evidence': 1}"
7344,5,de:15 & im:4 & pr:4 & th:12 & va:9,"{'theoretical_insight': 1, 'implementation_mechanism': 1, 'validation_evidence': 1}"
7345,5,de:13 & de:25 & im:1 & im:34 & pr:18 & pr:19 & pr:32 & th:0 & th:2 & th:21 & va:15 & va:30,"{'theoretical_insight': 3, 'problem_analysis': 3, 'design_rationale': 2}"
7346,5,de:37 & de:9 & im:1 & im:7 & pr:18 & pr:4 & pr:6 & th:12 & th:6 & va:17,"{'problem_analysis': 3, 'theoretical_insight': 2, 'design_rationale': 2}"
7347,5,de:37 & im:1 & pr:18 & pr:4 & pr:5 & th:6 & va:17,"{'problem_analysis': 3, 'validation_evidence': 1, 'implementation_mechanism': 1}"
7348,5,de:3 & im:16 & pr:12 & pr:31 & pr:39 & th:36 & va:0,"{'problem_analysis': 3, 'implementation_mechanism': 1, 'validation_evidence': 1}"
7349,5,de:25 & im:34 & pr:12 & pr:31 & pr:32 & th:21 & va:30,"{'problem_analysis': 3, 'design_rationale': 1, 'implementation_mechanism': 1}"
7350,5,de:25 & im:34 & pr:19 & pr:27 & pr:32 & th:21 & va:20,"{'problem_analysis': 3, 'design_rationale': 1, 'implementation_mechanism': 1}"
7351,5,de:16 & de:25 & im:34 & im:38 & im:4 & pr:11 & pr:12 & pr:32 & th:12 & th:2 & th:21 & va:2 & va:30,"{'theoretical_insight': 3, 'implementation_mechanism': 3, 'problem_analysis': 3}"
7352,5,de:16 & de:25 & im:34 & im:38 & pr:12 & pr:22 & pr:32 & th:12 & th:21 & th:29 & va:30,"{'problem_analysis': 3, 'theoretical_insight': 3, 'implementation_mechanism': 2}"
7353,5,de:28 & de:37 & im:1 & pr:12 & pr:18 & pr:4 & th:6 & va:17,"{'problem_analysis': 3, 'design_rationale': 2, 'validation_evidence': 1}"
7354,5,de:28 & de:37 & im:1 & pr:12 & pr:4 & th:6 & va:1,"{'design_rationale': 2, 'problem_analysis': 2, 'validation_evidence': 1}"
7355,5,de:25 & de:28 & im:34 & pr:12 & pr:32 & pr:4 & th:21 & va:30,"{'problem_analysis': 3, 'design_rationale': 2, 'implementation_mechanism': 1}"
7356,5,de:28 & de:37 & im:1 & pr:12 & pr:18 & pr:24 & th:6 & va:17,"{'problem_analysis': 3, 'design_rationale': 2, 'validation_evidence': 1}"
7357,5,de:28 & de:37 & im:1 & pr:12 & pr:24 & th:6 & va:1,"{'problem_analysis': 2, 'design_rationale': 2, 'validation_evidence': 1}"
7358,5,de:25 & de:28 & im:34 & pr:12 & pr:24 & pr:32 & th:21 & va:30,"{'problem_analysis': 3, 'design_rationale': 2, 'implementation_mechanism': 1}"
7359,5,de:25 & im:34 & pr:4 & va:33,"{'implementation_mechanism': 1, 'design_rationale': 1, 'problem_analysis': 1}"
7360,5,de:25 & im:34 & pr:19 & pr:32 & pr:4 & th:21 & va:20,"{'problem_analysis': 3, 'design_rationale': 1, 'implementation_mechanism': 1}"
7361,5,de:20 & de:37 & im:1 & im:4 & pr:19 & pr:27 & th:12 & th:6 & va:1,"{'theoretical_insight': 2, 'implementation_mechanism': 2, 'design_rationale': 2}"
7362,5,de:20 & de:3 & im:16 & im:4 & pr:27 & pr:39 & th:12 & th:36 & va:0,"{'theoretical_insight': 2, 'implementation_mechanism': 2, 'design_rationale': 2}"
7363,5,de:15 & de:20 & im:4 & pr:27 & pr:31 & th:12 & th:2 & va:10,"{'theoretical_insight': 2, 'design_rationale': 2, 'problem_analysis': 2}"
7364,5,de:20 & de:25 & im:34 & im:4 & pr:27 & pr:32 & th:12 & th:21 & va:30,"{'theoretical_insight': 2, 'implementation_mechanism': 2, 'design_rationale': 2}"
7365,5,de:25 & im:34 & pr:25 & pr:32 & th:21 & va:30,"{'problem_analysis': 2, 'design_rationale': 1, 'implementation_mechanism': 1}"
7366,5,pr:11 & pr:31 & pr:5,{'problem_analysis': 3}
7367,5,de:25 & im:34 & pr:11 & pr:31 & pr:32 & pr:5 & th:21 & va:30,"{'problem_analysis': 4, 'design_rationale': 1, 'implementation_mechanism': 1}"
7368,5,de:15 & de:9 & im:35 & im:4 & pr:11 & pr:27 & pr:6 & th:12 & th:2 & va:9,"{'problem_analysis': 3, 'theoretical_insight': 2, 'implementation_mechanism': 2}"
7369,5,de:15 & de:3 & im:16 & im:4 & pr:27 & pr:39 & pr:6 & th:12 & th:2 & th:36 & va:0,"{'theoretical_insight': 3, 'problem_analysis': 3, 'implementation_mechanism': 2}"
7370,5,de:15 & de:25 & im:34 & im:4 & pr:27 & pr:32 & pr:6 & th:12 & th:2 & th:21 & va:30,"{'theoretical_insight': 3, 'problem_analysis': 3, 'implementation_mechanism': 2}"
7371,5,de:15 & im:4 & pr:11 & pr:19 & th:11 & va:30,"{'problem_analysis': 2, 'implementation_mechanism': 1, 'theoretical_insight': 1}"
7372,5,im:13 & pr:19 & pr:2 & pr:39 & th:3 & va:36,"{'problem_analysis': 3, 'theoretical_insight': 1, 'implementation_mechanism': 1}"
7373,5,de:15 & de:20 & de:37 & im:1 & im:20 & im:4 & pr:12 & pr:18 & pr:24 & th:1 & th:2 & th:6 & va:17 & va:9,"{'problem_analysis': 3, 'theoretical_insight': 3, 'implementation_mechanism': 3}"
7374,5,de:15 & de:20 & de:3 & im:16 & im:20 & im:4 & pr:12 & pr:24 & pr:39 & th:1 & th:2 & th:36 & va:0 & va:9,"{'problem_analysis': 3, 'theoretical_insight': 3, 'implementation_mechanism': 3}"
7375,5,de:15 & de:20 & de:25 & im:20 & im:34 & im:4 & pr:12 & pr:24 & pr:32 & th:1 & th:2 & th:21 & va:30 & va:9,"{'problem_analysis': 3, 'theoretical_insight': 3, 'implementation_mechanism': 3}"
7376,5,de:13 & im:1 & pr:0 & pr:22 & pr:7 & th:18 & th:37 & va:17,"{'problem_analysis': 3, 'theoretical_insight': 2, 'design_rationale': 1}"
7377,5,de:16 & im:19 & pr:11 & th:12 & va:9,"{'design_rationale': 1, 'theoretical_insight': 1, 'problem_analysis': 1}"
7378,5,de:25 & im:34 & pr:32 & pr:4 & th:2 & th:21 & va:30,"{'theoretical_insight': 2, 'problem_analysis': 2, 'design_rationale': 1}"
7379,5,de:15 & de:20 & im:4 & pr:4 & pr:5 & pr:6 & th:11 & th:12 & th:2 & va:32,"{'theoretical_insight': 3, 'problem_analysis': 3, 'design_rationale': 2}"
7380,5,de:15 & de:20 & im:4 & pr:11 & pr:4 & pr:5 & pr:6 & th:1 & th:11 & th:2 & va:32,"{'problem_analysis': 4, 'theoretical_insight': 3, 'design_rationale': 2}"
7381,5,de:3 & im:16 & pr:22 & pr:24 & pr:39 & pr:4 & th:18 & th:36 & va:26,"{'problem_analysis': 4, 'theoretical_insight': 2, 'implementation_mechanism': 1}"
7382,5,de:3 & im:16 & pr:22 & pr:39 & pr:4 & pr:5 & th:18 & th:36 & va:26,"{'problem_analysis': 4, 'theoretical_insight': 2, 'implementation_mechanism': 1}"
7383,5,de:3 & de:5 & im:16 & pr:12 & pr:19 & pr:39 & pr:9 & th:29 & th:36 & va:26,"{'problem_analysis': 4, 'theoretical_insight': 2, 'design_rationale': 2}"
7384,5,de:25 & de:5 & im:34 & pr:12 & pr:19 & pr:32 & pr:9 & th:21 & th:29 & va:30,"{'problem_analysis': 4, 'theoretical_insight': 2, 'design_rationale': 2}"
7385,5,de:32 & de:37 & im:0 & im:1 & pr:19 & th:6 & th:7 & va:1,"{'design_rationale': 2, 'theoretical_insight': 2, 'implementation_mechanism': 2}"
7386,5,de:3 & de:32 & im:0 & im:16 & pr:19 & pr:39 & th:36 & th:7 & va:0,"{'design_rationale': 2, 'implementation_mechanism': 2, 'theoretical_insight': 2}"
7387,5,de:25 & de:32 & de:37 & im:0 & im:1 & im:34 & pr:19 & pr:32 & pr:9 & th:21 & th:6 & th:7 & va:30,"{'problem_analysis': 3, 'design_rationale': 3, 'theoretical_insight': 3}"
7388,5,de:3 & im:16 & pr:39 & pr:7 & pr:8 & th:36 & th:37 & va:0,"{'problem_analysis': 3, 'theoretical_insight': 2, 'implementation_mechanism': 1}"
7389,5,de:25 & im:34 & pr:32 & pr:7 & pr:8 & th:21 & th:37 & va:30,"{'problem_analysis': 3, 'theoretical_insight': 2, 'design_rationale': 1}"
7390,5,de:16 & de:25 & im:19 & im:34 & pr:31 & pr:32 & th:12 & th:2 & th:21 & va:30,"{'theoretical_insight': 3, 'design_rationale': 2, 'problem_analysis': 2}"
7391,5,de:25 & im:34 & pr:17 & pr:32 & th:21 & va:30,"{'problem_analysis': 2, 'design_rationale': 1, 'implementation_mechanism': 1}"
7392,5,de:13 & im:1 & pr:22 & pr:28 & pr:7 & th:33 & th:37 & va:17,"{'problem_analysis': 3, 'theoretical_insight': 2, 'design_rationale': 1}"
7393,5,de:3 & im:16 & pr:38 & pr:39 & th:36 & va:0,"{'problem_analysis': 2, 'implementation_mechanism': 1, 'validation_evidence': 1}"
7394,5,de:25 & im:34 & pr:32 & pr:38 & th:21 & va:30,"{'problem_analysis': 2, 'design_rationale': 1, 'implementation_mechanism': 1}"
7395,5,de:24 & de:37 & im:1 & im:13 & pr:13 & pr:19 & pr:33 & th:4 & th:6 & va:1 & va:15,"{'problem_analysis': 3, 'validation_evidence': 2, 'implementation_mechanism': 2}"
7396,5,de:24 & de:3 & im:13 & im:16 & pr:13 & pr:33 & pr:39 & th:36 & th:4 & va:0 & va:15,"{'problem_analysis': 3, 'implementation_mechanism': 2, 'validation_evidence': 2}"
7397,5,de:24 & de:25 & im:13 & im:34 & pr:13 & pr:32 & pr:33 & th:21 & th:4 & va:15 & va:30,"{'problem_analysis': 3, 'design_rationale': 2, 'implementation_mechanism': 2}"
7398,5,de:22 & de:25 & im:34 & pr:15 & pr:31 & pr:32 & th:10 & th:2 & th:21 & va:30,"{'theoretical_insight': 3, 'problem_analysis': 3, 'design_rationale': 2}"
7399,5,de:25 & im:34 & pr:21 & pr:32 & th:21 & th:31 & va:30,"{'problem_analysis': 2, 'theoretical_insight': 2, 'validation_evidence': 1}"
7400,5,de:25 & im:34 & pr:11 & pr:3 & pr:32 & th:21 & va:30,"{'problem_analysis': 3, 'design_rationale': 1, 'implementation_mechanism': 1}"
7401,5,de:17 & de:25 & im:20 & im:34 & pr:12 & pr:32 & th:12 & th:2 & th:21 & va:3 & va:30,"{'theoretical_insight': 3, 'design_rationale': 2, 'validation_evidence': 2}"
7402,5,de:11 & de:13 & de:25 & im:1 & im:34 & pr:12 & pr:32 & pr:7 & th:14 & th:21 & th:37 & va:30,"{'design_rationale': 3, 'problem_analysis': 3, 'theoretical_insight': 3}"
7403,5,de:32 & de:37 & im:0 & pr:1 & pr:19 & pr:25 & th:6 & th:7 & va:39,"{'problem_analysis': 3, 'design_rationale': 2, 'theoretical_insight': 2}"
7404,5,de:32 & de:37 & im:0 & im:1 & pr:1 & pr:19 & pr:25 & th:6 & th:7 & va:1 & va:39,"{'problem_analysis': 3, 'validation_evidence': 2, 'design_rationale': 2}"
7405,5,de:3 & de:32 & de:37 & im:0 & im:16 & pr:1 & pr:19 & pr:25 & pr:39 & th:36 & th:6 & th:7 & va:0 & va:39,"{'problem_analysis': 4, 'design_rationale': 3, 'theoretical_insight': 3}"
7406,5,de:25 & de:32 & de:37 & im:0 & im:34 & pr:1 & pr:19 & pr:25 & pr:32 & th:21 & th:6 & th:7 & va:30 & va:39,"{'problem_analysis': 4, 'design_rationale': 3, 'theoretical_insight': 3}"
7407,5,de:25 & im:34 & pr:31 & pr:32 & pr:7 & th:2 & th:21 & va:30,"{'problem_analysis': 3, 'theoretical_insight': 2, 'design_rationale': 1}"
7408,5,de:20 & de:3 & im:16 & im:19 & pr:11 & pr:39 & pr:6 & th:2 & th:36 & va:0,"{'problem_analysis': 3, 'theoretical_insight': 2, 'implementation_mechanism': 2}"
7409,5,de:20 & de:25 & im:19 & im:34 & pr:11 & pr:32 & pr:6 & th:2 & th:21 & va:30,"{'problem_analysis': 3, 'theoretical_insight': 2, 'design_rationale': 2}"
7410,5,de:20 & de:3 & im:16 & im:19 & pr:11 & pr:12 & pr:39 & th:2 & th:36 & va:0,"{'problem_analysis': 3, 'theoretical_insight': 2, 'implementation_mechanism': 2}"
7411,5,de:20 & de:25 & im:19 & im:34 & pr:11 & pr:12 & pr:32 & th:2 & th:21 & va:30,"{'problem_analysis': 3, 'theoretical_insight': 2, 'design_rationale': 2}"
7412,5,de:25 & de:6 & im:3 & im:34 & pr:31 & pr:32 & pr:4 & th:21 & va:23 & va:30,"{'problem_analysis': 3, 'design_rationale': 2, 'validation_evidence': 2}"
7413,5,de:3 & im:16 & pr:0 & th:36 & va:26,"{'implementation_mechanism': 1, 'validation_evidence': 1, 'design_rationale': 1}"
7414,5,de:25 & im:34 & pr:0 & pr:32 & pr:39 & th:21 & th:36 & va:30,"{'problem_analysis': 3, 'theoretical_insight': 2, 'validation_evidence': 1}"
7415,5,de:25 & im:34 & pr:10 & pr:18 & pr:32 & th:21 & th:6 & va:30,"{'problem_analysis': 3, 'theoretical_insight': 2, 'design_rationale': 1}"
7416,5,de:25 & de:3 & im:34 & pr:32 & pr:39 & th:21 & th:36 & va:30,"{'design_rationale': 2, 'problem_analysis': 2, 'theoretical_insight': 2}"
7417,5,de:25 & im:34 & pr:11 & pr:3 & pr:32 & th:12 & th:21 & va:30,"{'problem_analysis': 3, 'theoretical_insight': 2, 'design_rationale': 1}"
7418,5,de:15 & de:25 & im:34 & pr:11 & pr:32 & pr:6 & th:12 & th:2 & th:21 & va:30,"{'theoretical_insight': 3, 'problem_analysis': 3, 'design_rationale': 2}"
7419,5,de:37 & im:1 & pr:12 & pr:19 & pr:7 & pr:9 & th:6 & va:1,"{'problem_analysis': 4, 'validation_evidence': 1, 'implementation_mechanism': 1}"
7420,5,de:14 & im:25 & pr:12 & pr:7 & pr:9 & th:26 & va:20,"{'problem_analysis': 3, 'implementation_mechanism': 1, 'validation_evidence': 1}"
7421,5,de:37 & im:1 & pr:12 & pr:7 & pr:9 & th:6 & va:17,"{'problem_analysis': 3, 'validation_evidence': 1, 'implementation_mechanism': 1}"
7422,5,de:37 & im:1 & pr:12 & pr:19 & pr:7 & pr:9 & th:6 & va:37,"{'problem_analysis': 4, 'validation_evidence': 1, 'implementation_mechanism': 1}"
7423,5,de:13 & de:20 & de:9 & im:1 & im:19 & pr:11 & pr:7 & pr:8 & th:2 & th:37 & va:17 & va:9,"{'design_rationale': 3, 'problem_analysis': 3, 'theoretical_insight': 2}"
7424,5,de:20 & de:25 & de:9 & im:19 & im:34 & pr:11 & pr:32 & pr:8 & th:2 & th:21 & va:30 & va:9,"{'design_rationale': 3, 'problem_analysis': 3, 'theoretical_insight': 2}"
7425,5,de:11 & de:25 & im:34 & pr:12 & pr:26 & pr:32 & th:21 & th:25 & th:31 & va:30,"{'problem_analysis': 3, 'theoretical_insight': 3, 'design_rationale': 2}"
7426,5,de:19 & de:24 & de:25 & im:2 & im:34 & pr:13 & pr:2 & pr:32 & th:10 & th:13 & th:21 & va:30,"{'theoretical_insight': 3, 'problem_analysis': 3, 'design_rationale': 3}"
7427,5,de:24 & de:25 & im:2 & im:34 & pr:13 & pr:2 & pr:32 & th:13 & th:21 & th:32 & va:30,"{'theoretical_insight': 3, 'problem_analysis': 3, 'design_rationale': 2}"
7428,5,de:24 & de:25 & de:27 & im:2 & im:34 & pr:13 & pr:2 & pr:32 & th:10 & th:13 & th:21 & va:30,"{'theoretical_insight': 3, 'design_rationale': 3, 'problem_analysis': 3}"
7429,5,de:15 & de:6 & im:4 & pr:18 & pr:35 & pr:5 & pr:6 & pr:8 & th:1 & th:11 & th:2 & va:32,"{'problem_analysis': 5, 'theoretical_insight': 3, 'design_rationale': 2}"
7430,5,de:20 & de:3 & im:16 & pr:27 & pr:39 & th:12 & th:2 & th:36 & va:0,"{'theoretical_insight': 3, 'design_rationale': 2, 'problem_analysis': 2}"
7431,5,de:20 & im:19 & pr:11 & pr:27 & th:12 & th:2 & va:9,"{'theoretical_insight': 2, 'problem_analysis': 2, 'design_rationale': 1}"
7432,5,de:20 & de:9 & im:35 & pr:11 & pr:27 & th:12 & th:2 & va:9,"{'theoretical_insight': 2, 'design_rationale': 2, 'problem_analysis': 2}"
7433,5,de:20 & de:25 & im:34 & pr:27 & pr:32 & th:12 & th:2 & th:21 & va:30,"{'theoretical_insight': 3, 'design_rationale': 2, 'problem_analysis': 2}"
7434,5,de:25 & im:34 & pr:13 & pr:31 & pr:32 & pr:33 & th:21 & th:4 & va:30,"{'problem_analysis': 4, 'theoretical_insight': 2, 'design_rationale': 1}"
7435,5,de:37 & im:1 & pr:7 & th:13 & va:39,"{'theoretical_insight': 1, 'validation_evidence': 1, 'problem_analysis': 1}"
7436,5,de:0 & de:15 & im:3 & im:4 & pr:18 & pr:23 & pr:6 & th:11 & th:20 & va:23 & va:9,"{'problem_analysis': 3, 'theoretical_insight': 2, 'implementation_mechanism': 2}"
7437,5,de:0 & de:25 & im:3 & im:34 & pr:18 & pr:23 & pr:32 & pr:9 & th:20 & th:21 & va:23 & va:30,"{'problem_analysis': 4, 'theoretical_insight': 2, 'design_rationale': 2}"
