cluster_a,cluster_b,n_paths
0,8,31605
1,8,11036
2,6,8553
4,35,6047
3,8,5521
5,6,4414
6,10,4323
8,39,4108
9,8,3776
11,38,3569
7,35,3423
16,35,3059
15,8,2971
18,8,2829
10,26,2799
19,38,2776
21,11,2705
22,6,2672
25,36,2604
27,34,2580
14,15,2513
28,24,2483
23,8,2455
29,8,2396
31,35,2310
32,35,2284
33,39,2213
34,32,2130
0,11,2108
35,8,1991
37,8,1942
38,8,1925
20,19,1844
41,11,1832
42,35,1827
43,8,1822
24,5,1780
12,5,1778
45,24,1777
48,6,1765
26,35,1748
12,4,1747
50,26,1738
51,4,1722
55,35,1703
30,10,1699
56,0,1682
57,4,1678
60,25,1659
61,8,1656
62,8,1639
13,35,1626
63,8,1536
17,11,1508
65,35,1412
17,8,1356
68,8,1117
73,8,1108
70,8,1093
74,2,1083
78,8,1029
79,8,1021
77,8,984
85,10,974
82,15,973
87,25,956
88,8,951
89,8,950
90,26,949
92,8,945
93,18,944
94,8,944
39,8,943
95,11,943
39,11,943
96,11,942
97,32,940
98,26,940
100,26,939
101,27,938
102,8,938
104,8,936
103,11,936
105,8,936
106,39,935
108,27,934
107,8,934
10,32,933
109,5,933
110,11,932
111,10,931
112,8,931
113,11,931
114,8,930
115,24,928
116,35,928
118,11,927
117,35,926
119,4,926
128,38,925
40,35,925
129,12,925
123,20,925
122,26,925
120,5,925
131,38,925
127,38,925
121,26,925
130,38,925
125,5,925
40,26,925
132,8,924
126,4,924
133,35,923
20,5,922
135,8,920
137,32,920
136,8,920
80,35,919
138,5,919
139,38,919
3,11,919
140,8,918
141,11,917
142,1,916
143,35,912
145,38,910
134,11,910
144,10,909
83,24,909
146,24,908
147,8,906
148,8,906
149,8,905
7,19,904
151,8,904
152,4,904
150,17,904
153,38,902
155,8,902
154,8,902
157,11,901
158,19,901
156,35,901
159,11,900
161,38,899
13,18,899
162,5,899
160,26,898
166,10,897
165,15,897
167,4,897
168,4,895
169,5,895
164,35,895
163,6,895
2,5,894
170,11,894
171,35,894
174,4,890
2,22,890
173,0,890
175,5,889
172,10,889
176,6,888
46,6,888
177,21,888
46,5,888
179,9,887
178,6,887
180,4,886
47,8,885
47,11,885
182,8,885
181,38,885
183,8,884
124,8,884
185,38,883
191,15,882
186,26,882
189,27,882
192,9,882
193,15,882
187,5,882
188,35,882
67,35,882
190,23,881
195,1,881
194,23,881
196,8,880
197,23,880
198,26,880
199,5,878
200,8,878
184,8,878
201,5,878
202,15,878
205,21,877
203,29,877
204,15,877
206,4,876
209,1,875
13,24,875
208,8,875
207,26,875
212,18,874
214,37,874
211,28,874
213,15,874
215,8,873
210,39,873
218,39,872
217,4,872
216,10,872
220,8,871
219,10,871
86,5,871
222,37,870
224,23,870
223,8,870
225,10,870
49,26,870
49,27,870
221,13,870
226,19,869
231,4,869
229,23,869
230,4,869
227,4,869
228,8,868
232,34,868
233,1,867
234,4,867
237,5,867
236,4,867
240,4,866
241,4,866
235,5,866
238,5,866
239,39,866
242,5,866
249,4,865
246,5,865
244,19,865
247,4,865
251,8,865
248,8,865
245,33,865
253,4,864
76,5,864
252,10,864
250,23,864
255,11,864
243,24,864
254,4,864
258,23,864
257,26,864
261,35,863
259,5,863
262,23,863
260,24,863
14,8,863
264,19,863
263,28,863
265,22,863
266,22,863
256,5,863
271,15,862
269,15,862
268,35,862
273,9,862
36,35,862
5,5,862
272,15,862
278,5,861
276,6,861
267,5,861
274,5,861
275,38,861
277,32,861
270,35,861
283,34,860
36,19,860
280,1,860
281,5,860
52,8,860
282,0,860
53,34,860
52,11,860
279,8,860
53,22,860
287,33,859
284,38,859
285,33,859
286,24,859
289,8,858
288,15,858
291,15,858
290,15,858
292,6,857
293,4,856
296,1,856
299,15,856
294,4,856
298,6,856
297,35,856
295,5,856
300,5,855
54,4,855
54,5,854
302,8,854
301,8,854
305,31,852
304,24,852
303,8,852
26,24,851
306,5,851
307,4,851
310,4,850
311,11,849
308,39,849
312,0,849
309,6,849
313,19,849
316,29,848
317,11,848
315,29,848
318,11,848
323,5,847
81,8,847
319,38,847
321,24,847
320,35,847
325,6,847
322,6,847
324,6,847
314,1,847
330,18,846
326,22,846
328,15,846
327,21,846
44,35,846
329,8,846
6,4,846
334,22,845
335,22,845
333,22,845
331,27,845
342,5,844
340,0,844
337,4,844
341,25,844
336,6,844
332,35,844
345,4,843
339,25,843
343,8,843
344,8,843
338,4,843
346,12,842
348,4,842
347,5,842
350,10,841
349,4,840
351,8,840
91,1,840
355,18,840
356,28,840
354,31,840
353,8,840
352,10,840
357,36,839
58,27,838
58,33,838
360,24,837
358,8,837
359,35,837
362,24,836
59,11,836
361,8,836
59,8,836
364,24,835
363,10,835
365,35,835
367,35,834
368,1,834
24,6,834
369,31,834
372,38,833
366,5,833
371,5,833
370,5,833
373,1,832
374,15,832
375,24,832
376,24,831
378,25,831
377,11,830
380,8,830
75,15,830
386,10,829
387,38,829
379,4,829
384,38,829
385,1,829
389,39,828
383,17,828
388,5,828
390,1,827
392,39,827
394,1,826
393,11,826
395,39,826
397,32,823
396,17,823
400,38,822
398,8,822
399,5,822
401,5,821
403,35,820
402,35,820
404,5,820
382,1,819
405,10,819
406,4,818
407,5,817
409,9,816
410,34,816
411,24,814
412,8,814
413,17,812
408,24,812
391,24,811
415,11,810
414,39,810
416,13,808
418,5,807
417,35,807
419,8,806
423,5,804
421,35,804
420,35,804
422,35,804
425,12,798
426,6,797
427,4,796
431,2,794
430,9,794
429,4,793
432,35,792
433,0,792
434,15,791
437,15,791
435,17,791
436,9,791
438,8,788
64,4,785
64,28,785
439,26,781
99,6,780
440,35,778
424,35,777
442,26,771
441,17,771
443,2,763
444,38,758
445,35,752
428,8,750
446,35,747
449,25,708
448,25,708
451,35,694
66,25,685
453,39,684
66,15,683
454,8,681
381,6,680
455,24,679
447,8,675
456,4,673
457,4,659
458,8,648
30,28,644
460,32,633
461,23,619
462,6,611
459,8,598
463,35,594
464,11,591
69,35,582
69,5,582
71,11,571
71,4,571
467,8,570
72,35,563
72,13,563
468,35,563
471,8,556
470,15,556
472,26,552
473,5,543
466,8,541
475,8,541
474,35,541
477,25,526
478,26,525
479,32,521
84,24,511
481,36,511
44,24,487
84,35,475
44,5,472
480,8,465
486,35,464
476,8,456
483,8,456
488,35,444
493,2,424
489,8,422
492,8,421
494,35,417
495,35,416
490,8,415
482,10,409
484,6,407
496,39,405
497,39,390
485,6,384
487,6,381
501,8,367
502,8,366
503,5,362
499,8,354
507,35,351
450,35,351
450,13,351
508,25,350
509,36,348
452,35,346
452,5,346
510,35,343
514,8,335
515,26,335
513,15,335
506,8,334
498,10,333
520,38,323
516,8,315
524,35,314
504,8,312
526,6,306
527,35,305
529,8,300
505,6,297
500,35,296
530,24,292
531,2,291
532,26,291
465,5,289
465,24,289
534,6,284
535,8,280
469,4,280
469,11,280
511,6,280
518,8,279
537,8,275
538,11,273
539,4,272
541,35,270
542,38,268
545,4,262
544,24,262
546,23,260
523,8,260
547,35,258
549,8,254
512,15,252
517,26,246
555,35,245
552,34,243
558,6,243
559,36,243
560,35,243
562,39,237
563,35,234
565,8,233
564,6,232
540,10,227
543,6,226
571,8,225
568,34,225
572,38,225
573,8,224
576,35,222
575,35,222
491,25,219
491,15,219
557,28,216
582,24,214
548,8,212
585,35,211
533,8,210
587,35,210
574,8,210
551,6,209
525,35,208
588,32,204
536,15,202
567,35,200
592,8,198
561,35,196
593,8,196
595,25,195
596,25,194
67,8,191
586,8,191
583,6,188
598,35,188
602,35,186
603,8,186
580,8,186
605,8,184
604,39,184
584,8,183
597,8,182
609,8,180
590,8,180
607,11,179
601,8,177
615,38,176
617,35,175
618,32,174
622,38,172
625,35,171
627,35,170
626,39,170
628,35,169
589,10,168
594,10,168
610,8,168
635,8,166
639,0,164
633,8,164
553,35,164
641,24,164
554,19,164
591,6,163
646,6,162
643,8,162
629,8,162
556,5,162
645,26,162
519,35,161
650,25,161
606,24,161
651,24,161
570,10,160
652,4,160
653,35,160
522,4,159
614,6,159
521,4,158
528,11,158
521,5,158
655,11,158
522,5,158
657,4,158
661,35,156
658,4,156
665,6,155
611,10,155
23,11,154
669,6,153
674,8,151
81,11,150
679,8,150
676,8,150
678,35,150
680,26,150
599,6,149
683,8,149
612,6,149
673,6,149
684,35,148
685,8,148
613,6,148
688,0,148
687,4,148
578,5,148
691,36,147
692,24,147
689,34,144
550,11,142
624,6,142
699,8,140
528,8,140
579,8,140
701,39,140
704,11,139
712,35,136
695,8,136
696,8,136
569,35,136
710,8,136
708,34,135
706,35,133
718,39,132
670,8,132
703,8,132
616,26,132
671,8,131
719,25,130
621,15,129
722,8,129
724,24,129
727,39,129
726,38,129
623,26,129
728,39,128
667,6,128
664,6,128
730,8,127
732,35,126
666,35,125
636,6,125
736,8,124
619,10,124
738,8,124
735,5,124
740,8,123
659,35,122
742,32,121
743,35,121
748,8,120
747,8,120
750,35,119
749,2,119
746,32,118
734,8,117
715,6,117
705,10,116
752,25,116
700,6,116
761,39,115
744,32,115
755,32,115
759,35,115
763,38,115
762,39,115
682,6,114
620,8,114
737,8,114
769,24,113
766,11,113
768,8,113
714,6,113
758,24,112
776,8,112
779,24,111
723,6,110
550,8,109
777,35,109
767,8,108
754,8,108
789,38,107
788,11,107
792,35,106
790,8,106
753,8,105
798,35,105
785,38,105
80,24,105
793,24,105
783,35,105
794,39,105
75,8,103
757,25,103
36,26,103
36,32,103
804,8,103
805,8,103
786,8,102
811,35,102
795,24,102
806,36,102
702,15,102
808,35,102
780,8,102
787,8,102
809,36,102
697,8,102
810,27,101
813,6,101
812,8,101
816,38,101
814,35,101
781,8,100
525,24,99
823,35,99
824,24,99
800,8,99
799,8,99
831,8,98
756,8,98
745,8,98
829,39,98
832,8,97
833,35,97
838,8,96
690,10,96
836,15,96
840,17,95
841,11,95
842,11,95
847,4,94
760,6,94
782,8,94
600,5,94
709,10,94
850,8,94
851,26,93
852,35,93
853,35,93
600,4,93
855,6,93
857,38,93
856,34,93
822,8,93
826,8,93
739,26,93
770,6,92
771,35,92
863,8,92
858,4,92
860,35,92
608,11,92
864,8,92
877,8,90
707,5,90
875,35,90
892,36,90
887,8,90
879,26,90
872,35,90
873,35,90
871,26,90
878,8,90
876,35,90
891,35,90
881,6,90
874,35,90
886,39,90
884,8,90
866,15,90
717,35,89
63,11,89
608,8,89
796,10,88
897,8,88
900,8,88
896,8,88
902,35,88
908,35,87
825,8,87
725,19,86
828,8,86
721,10,86
4,24,86
867,35,85
918,8,85
924,39,85
916,11,85
921,38,85
663,35,85
915,8,85
917,39,85
939,38,84
929,31,84
512,8,84
926,5,84
925,15,84
630,8,84
937,8,84
928,5,84
631,8,84
935,24,84
931,15,84
930,4,84
932,0,84
941,35,84
943,34,84
942,6,84
904,15,84
927,26,84
964,10,83
982,8,83
968,27,83
961,8,83
945,8,83
959,38,83
966,38,83
713,5,83
946,8,83
870,8,83
634,5,83
947,5,83
962,5,83
963,5,83
969,38,83
957,35,83
952,8,83
955,15,83
971,27,83
556,6,83
965,4,83
981,35,83
951,5,83
953,8,83
956,1,83
948,1,83
954,1,83
970,11,83
949,4,83
519,18,83
944,8,83
634,24,83
960,5,83
958,19,83
630,11,83
967,8,83
950,8,83
581,35,82
1032,6,82
1039,33,82
577,35,82
1031,6,82
1041,22,82
1002,23,82
1040,6,82
988,5,82
987,6,82
1006,1,82
1038,15,82
637,8,82
637,11,82
1036,33,82
1035,15,82
1030,38,82
1037,24,82
554,5,82
1033,5,82
974,15,82
991,15,82
1010,26,82
993,5,82
972,24,82
1043,26,82
1044,25,82
994,35,82
1015,4,82
577,19,82
989,5,82
999,0,82
1026,5,82
1000,8,82
998,5,82
638,27,82
638,33,82
1027,22,82
990,6,82
1054,24,82
1001,35,82
1034,37,82
1029,22,82
1028,6,82
1025,25,82
1024,15,82
517,32,82
986,1,82
992,6,82
984,29,82
985,4,82
983,8,82
553,24,82
640,27,82
1018,23,82
1019,23,82
631,5,82
995,8,82
996,26,82
1011,23,82
1012,5,82
1020,26,82
1014,26,82
1013,1,82
1045,23,82
656,5,82
1042,6,82
1055,8,82
1022,23,82
1021,23,82
1009,35,82
1008,35,82
1023,38,82
640,26,82
980,33,82
1016,10,82
1017,4,82
997,35,82
976,15,82
977,33,82
978,24,82
979,15,82
975,37,82
1005,18,82
1004,8,82
1003,17,82
1094,35,81
482,4,81
1089,39,81
1090,35,81
1091,32,81
1073,23,81
1074,24,81
1106,35,81
1068,6,81
1069,15,81
1070,24,81
1071,39,81
1064,8,81
1065,10,81
644,4,81
1047,35,81
1103,15,81
632,4,81
1102,35,81
647,5,81
632,5,81
1048,38,81
1107,39,81
644,28,81
647,6,81
784,26,81
1118,5,81
1119,6,81
1108,4,81
1109,4,81
1110,9,81
1111,2,81
1049,4,81
1112,11,81
1113,9,81
642,8,81
1057,5,81
903,1,81
1066,13,81
1067,6,81
15,26,81
15,32,81
1098,5,81
1099,4,81
1100,24,81
1104,28,81
1105,4,81
648,22,81
648,34,81
1115,5,81
1116,0,81
1117,5,81
1126,5,81
1075,5,81
1076,39,81
1077,10,81
1078,35,81
1079,8,81
1080,29,81
1081,4,81
1082,4,81
1088,24,81
1072,37,81
1114,34,81
1122,8,81
1062,5,81
1063,32,81
1060,1,81
1129,39,81
1123,25,81
1050,35,81
1120,1,81
1121,10,81
1124,0,81
99,22,81
1125,21,81
1127,1,81
1128,38,81
1097,38,81
1083,8,81
1084,10,81
1085,5,81
1056,11,81
1058,38,81
1059,4,81
1061,24,81
1135,22,81
1136,34,81
1130,4,81
1131,4,81
1007,24,81
1093,36,81
1095,38,81
1096,18,81
1132,34,81
1133,17,81
1134,22,81
1051,25,81
1086,24,81
1087,2,81
1092,29,81
1046,8,81
1101,5,81
519,24,81
1137,5,81
1187,24,80
1184,24,80
1162,35,80
1185,31,80
1183,24,80
1159,5,80
1155,5,80
1161,5,80
1156,4,80
1157,24,80
1195,10,80
1163,39,80
1164,4,80
1158,35,80
1218,26,80
1160,4,80
1165,24,80
1192,24,80
1140,8,80
15,4,80
533,35,80
1166,5,80
1167,10,80
1168,5,80
1220,13,80
1221,36,80
845,10,80
1150,1,80
1149,10,80
1224,9,80
1214,1,80
1141,8,80
1210,5,80
1212,12,80
1146,8,80
1213,39,80
1194,4,80
1193,19,80
698,1,80
1199,17,80
1191,28,80
1142,5,80
1169,10,80
1170,11,80
1172,8,80
1171,8,80
1143,15,80
1201,31,80
1242,32,80
1139,8,80
1240,24,80
1174,24,80
99,5,80
1173,35,80
1197,26,80
1196,4,80
1154,4,80
1153,10,80
1175,6,80
1217,8,80
1202,5,80
1198,39,80
1177,17,80
1181,27,80
1180,13,80
1223,6,80
1148,5,80
1147,4,80
1189,25,80
1209,8,80
1190,32,80
1243,35,80
1138,17,80
1211,4,80
1203,19,80
1145,8,80
649,5,80
649,24,80
1178,35,80
1206,5,80
1205,35,80
1204,33,80
1208,17,80
1144,8,80
1207,11,80
1186,27,80
1176,4,80
1179,24,80
1182,8,80
1200,1,80
1188,32,80
1249,5,79
1252,28,79
1246,8,79
1247,17,79
1260,26,79
1299,8,79
1248,8,79
1261,9,79
1273,8,79
654,33,79
1264,15,79
1227,8,79
476,11,79
1228,4,79
1216,24,79
1244,4,79
1245,22,79
1219,8,79
654,27,79
1053,8,79
1277,35,79
1251,5,79
1250,18,79
1262,11,79
837,10,79
1254,10,79
1263,15,79
1278,10,79
1300,11,79
1256,8,79
1253,4,79
1265,0,79
1266,6,79
484,5,79
1255,8,79
1229,39,79
1226,11,79
1276,8,79
1275,1,79
1257,15,79
1258,21,79
1259,19,79
1222,5,79
1268,19,79
1269,35,79
1230,8,79
1267,18,79
1271,12,79
1279,0,79
1274,11,79
500,19,79
1270,5,79
1232,8,79
1233,28,79
1272,5,79
1225,8,79
1234,28,79
1235,4,79
67,4,79
1237,6,79
1238,6,79
1236,6,79
846,8,79
1343,35,78
1303,35,78
1307,4,78
1328,8,78
1280,11,78
1308,4,78
1305,4,78
1306,23,78
1344,36,78
1302,21,78
579,15,78
1309,4,78
869,10,78
1281,5,78
1301,8,78
1304,35,78
1342,36,78
1334,5,78
1329,8,78
1282,8,78
1311,35,78
1283,10,78
1286,29,78
1315,15,78
1310,0,78
1312,15,78
1313,25,78
1314,9,78
1231,24,78
1316,35,78
1287,10,78
1284,39,78
1295,39,78
1297,4,78
1321,15,78
1320,9,78
1292,38,78
1324,26,78
1325,20,78
1326,5,78
662,35,78
1323,26,78
1322,35,78
843,6,78
1293,9,78
1327,4,78
1294,34,78
819,35,78
1290,29,78
1288,38,78
1296,5,78
1291,10,78
662,26,78
1317,15,78
1318,9,78
1319,26,78
1289,8,78
1285,5,78
1348,11,77
1347,10,77
1335,8,77
1332,5,77
1333,4,77
1352,6,77
1353,8,77
668,11,77
668,8,77
1331,5,77
894,8,77
1355,11,77
1337,4,77
1350,8,77
1336,5,77
865,6,77
1349,8,77
1340,4,76
381,5,76
1366,15,76
1371,35,76
536,8,76
83,22,76
1369,15,76
1363,4,76
1367,25,76
1362,5,76
1357,4,76
1368,8,76
1360,18,76
1361,8,76
1351,8,76
1359,37,76
1365,38,76
1384,0,75
1393,22,75
1387,38,75
1418,15,75
1410,19,75
1412,8,75
1424,36,75
1407,4,75
1405,21,75
1382,8,75
1408,4,75
656,4,75
1415,23,75
1416,4,75
1390,34,75
1392,22,75
1400,15,75
1409,24,75
1383,31,75
1406,23,75
675,35,75
1374,35,75
675,13,75
1403,6,75
1377,1,75
820,15,75
1379,5,75
1404,5,75
1373,15,75
1401,8,75
1402,18,75
1358,8,75
1380,6,75
1381,15,75
1376,4,75
1378,8,75
1397,38,75
1396,11,75
1215,6,75
1422,8,75
1423,8,75
1394,38,75
1399,10,75
1419,8,75
1385,4,75
1391,38,75
1421,31,75
1386,38,75
681,27,75
1395,11,75
1420,1,75
681,26,75
1389,12,75
1417,4,75
677,22,75
677,34,75
1413,35,75
1425,39,75
1411,23,75
1388,11,75
1414,4,75
1437,0,74
686,6,74
1436,5,74
1439,5,74
686,5,74
1438,5,74
672,5,74
1444,4,74
1442,35,74
1443,1,74
1455,24,74
1451,35,74
1452,35,74
1450,26,74
1426,26,74
1448,13,74
1434,8,74
1428,35,74
1427,26,74
1446,5,74
1447,5,74
1449,19,74
1445,8,74
1435,11,74
1453,8,74
1429,35,74
1441,21,74
672,4,74
1430,35,74
1431,35,74
1440,6,74
1433,35,74
1432,35,74
381,22,74
1468,10,73
694,4,73
1460,35,73
693,25,73
1470,21,73
1463,11,73
1467,0,73
693,15,73
1475,5,73
910,6,73
1465,38,73
1464,38,73
1481,35,73
1474,22,73
1472,2,73
1479,35,73
901,10,73
1476,22,73
1466,15,73
827,15,73
1473,22,73
1469,15,73
1471,4,73
1454,17,73
694,11,73
1456,8,72
1489,8,72
1492,35,72
839,26,72
1498,8,72
1496,35,72
1497,8,72
1372,8,72
1499,8,72
1508,38,72
1482,2,72
1495,35,72
1483,35,72
1503,35,72
716,11,72
830,6,71
1523,39,71
1484,8,71
1487,25,71
1513,39,71
731,4,71
1515,29,71
1521,35,71
1520,11,71
1519,26,71
1516,11,71
578,6,71
1526,39,70
905,10,70
797,19,70
1531,35,70
1524,8,70
1514,15,70
1518,17,70
1517,8,70
1539,35,69
1543,38,69
1541,35,69
1544,8,69
1540,35,69
1536,25,69
1527,28,69
861,26,69
1545,8,69
1555,8,68
1548,35,68
1512,8,68
1502,8,68
1505,8,68
1510,8,68
1504,8,68
711,11,68
1558,8,68
1488,8,68
1556,6,68
1547,35,68
922,35,68
923,6,68
1486,8,68
1511,8,68
1562,24,68
835,5,68
1509,8,68
711,8,68
1549,38,68
1491,8,68
1500,8,68
1550,4,68
1552,1,68
1557,5,68
1485,8,68
566,19,67
581,24,67
1574,8,67
581,5,67
1569,23,67
1553,12,67
1567,35,67
1575,38,67
741,35,67
1570,23,67
1572,25,67
1573,36,67
1480,8,67
1564,11,67
1566,35,67
1565,36,67
1571,24,67
1568,5,66
1599,35,66
1585,38,66
1594,38,66
1595,19,66
1584,23,66
1604,11,66
1590,5,66
1458,8,66
1605,8,66
1535,8,66
1578,38,66
1597,10,66
1534,8,66
1582,31,66
1593,4,66
1592,4,66
1606,38,66
1598,4,66
1587,5,66
1583,26,66
1546,8,66
1596,8,66
1601,6,66
1579,11,66
1600,0,66
1586,6,66
1577,17,66
1589,5,66
1588,10,66
1581,5,66
1610,8,65
1609,15,65
1576,32,65
1619,4,65
1611,8,65
1621,39,65
1591,5,65
1603,6,65
919,1,65
1632,33,64
1631,19,64
1617,38,64
1624,39,64
1633,24,64
1635,8,64
1615,11,64
1613,11,64
1625,35,64
1630,26,64
1608,8,64
895,6,64
720,8,64
1612,8,64
1622,1,64
720,11,64
1618,8,64
1616,11,64
660,8,64
1628,23,64
1614,38,64
1623,8,64
1626,4,63
1658,6,63
487,5,63
729,28,63
1651,35,63
1654,32,63
1638,32,63
1629,5,63
1639,4,63
729,4,63
1640,4,63
698,8,63
1627,4,63
1652,11,63
1648,9,63
1637,23,63
1659,34,63
1649,2,63
1646,18,63
1647,4,63
1345,35,63
1672,8,62
1673,8,62
1678,24,62
1669,8,62
854,5,62
1660,35,62
1653,25,62
1645,4,62
1642,24,62
1668,8,62
1643,10,62
1644,8,62
570,28,62
1677,8,62
1675,4,62
1679,6,62
1667,11,61
1664,4,61
1663,8,61
1459,6,61
1694,11,61
1692,25,61
566,35,61
1346,38,61
1666,38,61
1298,35,61
1665,39,61
1697,35,61
1662,11,61
1052,15,61
1687,8,61
1688,39,61
1686,4,61
1684,8,61
1689,25,61
1723,8,60
1702,35,60
1709,1,60
1699,35,60
778,35,60
1477,10,60
1528,8,60
1462,35,60
1715,17,60
1690,1,60
1720,36,60
1241,26,60
1700,35,60
890,19,60
1727,8,60
1726,8,60
1730,38,60
888,35,60
889,10,60
1722,4,60
1714,4,60
1705,8,60
1685,35,60
1710,4,60
1707,4,60
1712,11,59
1740,11,59
1354,15,59
1711,11,59
1733,15,59
1736,39,59
1735,4,59
1713,10,59
1739,38,59
1738,38,59
1756,8,58
815,11,58
1364,8,58
1737,8,58
1747,8,58
1755,8,58
1748,1,58
1749,15,58
1745,5,58
1718,8,58
1758,8,58
1757,8,58
1754,8,58
716,8,58
1753,5,58
1750,1,58
1762,26,58
1752,24,58
1775,36,57
1772,26,57
1773,6,57
1734,1,57
1770,6,57
1776,24,57
1779,35,57
1764,5,57
1771,12,57
1767,24,57
1780,35,57
1744,17,57
1743,15,57
1501,35,57
1768,4,57
973,5,57
1777,11,57
1782,38,57
1765,10,57
1784,36,57
741,24,56
765,4,56
764,8,56
765,11,56
498,4,56
764,11,56
1787,35,56
774,13,56
1704,8,56
1799,24,56
906,10,56
775,15,56
1769,8,56
1798,8,56
774,35,56
803,4,56
1792,8,56
1801,8,56
1800,24,56
751,35,56
1793,26,56
1791,8,56
68,11,56
775,25,56
1788,8,56
868,5,56
1803,0,56
1802,26,56
1804,6,56
731,5,56
773,27,56
76,8,56
773,33,56
920,11,56
1795,8,56
1790,8,56
936,35,56
772,4,56
938,19,56
772,28,56
77,11,56
1826,8,55
1825,25,55
1554,6,55
1821,35,55
577,8,55
1814,6,55
1706,39,55
1811,38,55
1696,8,55
1816,6,55
1786,9,55
1813,4,55
1815,6,55
1655,6,55
733,8,54
1493,15,54
1835,10,54
1830,24,54
1834,11,54
1847,6,54
1831,5,54
1849,25,54
1848,34,54
1819,15,54
1820,9,54
1850,35,54
1833,32,54
1832,35,54
1818,15,54
1817,39,54
1844,35,54
1828,36,54
1841,4,54
1854,32,53
1858,6,53
1861,35,53
1537,35,53
1853,24,53
1856,15,53
1857,9,53
70,11,53
1837,0,53
1838,6,53
1839,9,53
1855,35,53
1840,15,53
1641,6,53
1836,15,53
1860,35,53
818,34,52
1884,0,52
1878,38,52
1871,8,52
1875,0,52
1869,4,52
1874,26,52
1882,32,52
1872,35,52
1879,8,52
801,5,52
1873,8,52
1883,8,52
1812,38,52
1880,8,52
1865,5,52
1866,4,52
1868,25,52
690,4,52
1867,0,52
801,35,52
1894,22,51
1889,24,51
1892,38,51
1561,26,51
1901,8,51
1896,15,51
1888,6,51
1895,9,51
1897,35,51
802,35,51
1891,32,51
1899,24,51
1890,12,51
713,8,51
1893,22,51
566,26,50
566,32,50
1911,35,50
1728,6,50
1914,35,50
1908,25,50
1522,10,50
1457,10,50
1886,8,50
1910,39,50
1922,5,49
1921,17,49
1923,35,49
1934,28,49
1933,24,49
1932,35,49
1915,24,49
1926,35,49
1931,39,49
1936,5,49
1924,27,49
1862,32,49
1937,24,49
1935,35,49
1930,8,49
1939,35,49
1917,34,49
1928,11,49
1916,1,49
1929,8,49
1507,35,48
1985,8,48
1987,24,48
1961,33,48
1974,8,48
1960,19,48
1851,6,48
1898,36,48
1490,35,48
1551,26,48
1946,1,48
1950,5,48
1970,34,48
1963,5,48
1964,12,48
1959,34,48
1942,8,48
1947,35,48
1927,24,48
1989,35,48
1957,35,48
1956,5,48
818,22,48
1966,4,48
1978,8,48
1913,8,48
1986,8,48
1976,8,48
1975,0,48
1949,10,48
803,5,48
1948,6,48
569,24,48
1971,9,48
1972,34,48
1766,8,48
1967,9,48
1968,2,48
1962,17,48
1979,8,48
1980,8,48
817,35,48
1732,6,48
1955,18,48
1952,24,48
1969,0,48
1953,39,48
1954,24,48
1965,18,48
1958,17,48
1951,35,48
1945,15,48
1563,10,48
91,8,48
1977,8,48
2008,5,47
2015,11,47
2014,10,47
848,4,47
2059,38,47
1993,13,47
2009,39,47
707,6,47
2013,8,47
2016,8,47
2068,4,47
2066,39,47
2021,8,47
2027,8,47
2028,4,47
2029,38,47
2030,10,47
2072,5,47
2024,35,47
2025,8,47
518,11,47
2018,8,47
849,11,47
2007,4,47
2017,8,47
2019,8,47
849,8,47
2020,4,47
2071,0,47
1997,24,47
1998,5,47
1999,8,47
2006,4,47
2064,4,47
2060,4,47
2039,8,47
2032,8,47
2031,17,47
2026,28,47
2036,5,47
2012,1,47
2011,15,47
2010,1,47
2034,24,47
2033,8,47
2067,5,47
2022,5,47
2004,5,47
2005,8,47
2023,24,47
2001,5,47
2003,4,47
2002,10,47
2055,11,47
2054,8,47
2053,28,47
2052,9,47
2051,38,47
2035,10,47
2050,39,47
1996,8,47
1994,4,47
1995,8,47
1661,8,47
2000,29,47
1925,1,47
75,4,47
2078,39,47
2043,11,47
2042,11,47
2044,8,47
848,28,47
2038,38,47
2037,8,47
2049,11,47
2041,29,47
2040,24,47
2065,8,47
2076,38,47
2062,39,47
2061,5,47
2056,5,47
2063,4,47
2058,11,47
2057,4,47
817,15,47
2069,32,47
2046,38,47
2073,8,47
2077,35,47
2047,32,47
2048,29,47
2045,38,47
2108,26,46
1542,19,46
893,5,46
2118,8,46
2109,0,46
2106,8,46
1845,10,46
2074,32,46
2095,4,46
2102,39,46
2101,39,46
2092,10,46
2091,4,46
2088,27,46
2090,4,46
2093,4,46
2089,38,46
561,19,46
2084,8,46
2099,22,46
2083,21,46
2087,26,46
2085,8,46
2086,24,46
2100,10,46
1532,8,46
2119,4,46
2080,11,46
2096,8,46
2081,32,46
859,8,46
2094,26,46
2082,11,46
859,11,46
2116,11,46
619,28,46
36,8,46
2111,4,46
862,11,46
862,8,46
2098,26,46
2097,18,46
2207,11,45
2122,11,45
885,35,45
880,11,45
2148,8,45
2158,15,45
880,4,45
2154,10,45
2149,4,45
2179,5,45
2121,26,45
2178,10,45
2153,24,45
2152,24,45
2205,6,45
2196,6,45
2127,35,45
2201,38,45
2200,34,45
2199,36,45
2198,38,45
2197,35,45
885,13,45
2186,35,45
2135,6,45
2141,11,45
2142,4,45
2160,4,45
2143,11,45
2147,17,45
1580,24,45
2138,38,45
2140,5,45
2139,8,45
1829,6,45
2146,4,45
2155,8,45
2156,10,45
2157,4,45
2145,1,45
2151,39,45
2144,5,45
2150,4,45
2177,22,45
2128,8,45
2132,5,45
2130,1,45
2137,23,45
2133,19,45
1940,8,45
2181,38,45
2134,10,45
2176,34,45
1703,26,45
2131,8,45
2136,15,45
2206,34,45
2169,19,45
2165,6,45
2164,5,45
882,6,45
2163,5,45
2162,0,45
882,5,45
2159,35,45
2161,5,45
883,34,45
883,22,45
2174,4,45
2170,35,45
2104,35,45
2124,38,45
2173,8,45
2172,21,45
2168,38,45
2191,35,45
2184,8,45
1973,8,45
2182,8,45
2203,11,45
2183,15,45
428,11,45
2166,8,45
1981,8,45
2171,0,45
485,22,45
2167,5,45
1822,6,45
2126,8,44
2272,8,44
2261,35,44
2254,4,44
2209,8,44
2252,25,44
2187,10,44
2265,32,44
2232,11,44
1877,8,44
2253,25,44
2234,10,44
616,32,44
2233,1,44
2208,35,44
1751,35,44
1943,38,44
2251,8,44
2215,8,44
2231,39,44
2236,11,44
2237,11,44
2267,35,44
2268,24,44
540,4,44
898,35,44
898,5,44
2250,4,44
2229,8,44
2241,21,44
2239,4,44
2238,4,44
899,11,44
899,8,44
2240,8,44
2227,23,44
2230,10,44
2226,8,44
2247,8,44
2246,38,44
2217,5,44
2219,35,44
2218,10,44
2263,8,44
2273,35,44
2255,39,44
2257,25,44
2258,4,44
2259,24,44
2223,6,44
2245,4,44
2225,21,44
2249,5,44
2222,18,44
2224,35,44
2228,5,44
2244,10,44
2242,35,44
2243,1,44
2211,2,44
2212,8,44
2220,11,44
2248,6,44
2216,35,44
2221,8,44
2260,8,44
2235,8,44
909,5,44
2416,19,43
2417,35,43
2328,38,43
2431,8,43
2423,4,43
2308,11,43
623,32,43
2336,5,43
2337,35,43
2302,19,43
821,19,43
2301,24,43
725,5,43
2338,5,43
2299,25,43
2298,31,43
2180,1,43
2309,1,43
2303,35,43
2306,5,43
2330,39,43
2304,26,43
2305,23,43
821,35,43
2296,32,43
721,28,43
2415,25,43
1701,5,43
2279,8,43
1824,6,43
2175,11,43
2329,38,43
2323,38,43
2320,4,43
2310,4,43
2307,26,43
2325,8,43
2326,38,43
2327,8,43
2426,15,43
2424,5,43
907,5,43
2319,8,43
912,8,43
2313,1,43
2314,31,43
2322,38,43
2427,5,43
912,11,43
2324,12,43
2321,27,43
2312,23,43
2432,8,43
2266,4,43
815,8,43
2343,11,43
2341,1,43
2339,10,43
2340,5,43
2294,35,43
2293,2,43
2295,8,43
621,8,43
791,19,43
911,8,43
2420,15,43
2425,17,43
2421,9,43
2422,4,43
2278,10,43
2280,8,43
2333,8,43
76,26,43
2335,8,43
2334,5,43
2332,4,43
893,15,43
2418,35,43
76,32,43
2331,4,43
2297,8,43
2300,18,43
907,4,43
2347,10,43
2346,24,43
2356,8,43
2355,15,43
2289,39,43
2288,15,43
2353,38,43
2342,8,43
2365,8,43
2129,22,43
2359,4,43
2358,8,43
2411,39,43
2412,11,43
2413,38,43
914,4,43
2352,35,43
2345,8,43
2354,8,43
2344,15,43
2292,4,43
2291,4,43
2290,4,43
2360,4,43
2369,35,43
2362,24,43
2361,8,43
2368,35,43
2363,11,43
663,24,43
2348,35,43
2357,5,43
2364,17,43
2349,15,43
2350,8,43
2351,5,43
2366,26,43
2393,4,43
2383,25,43
2382,35,43
2391,23,43
2376,5,43
2287,5,43
913,4,43
2377,38,43
2381,4,43
2380,4,43
2379,5,43
2378,38,43
2281,5,43
2371,23,43
2372,5,43
2419,5,43
2410,10,43
2409,1,43
914,11,43
2375,39,43
2367,13,43
2374,4,43
2373,8,43
2283,5,43
791,35,43
2400,11,43
2401,19,43
2402,33,43
2370,26,43
911,11,43
2282,5,43
2385,31,43
2384,32,43
909,4,43
2286,35,43
2285,1,43
2399,5,43
2397,25,43
2398,9,43
2407,18,43
2406,0,43
2392,10,43
2408,38,43
2405,15,43
2403,35,43
2404,5,43
2414,25,43
2396,15,43
2390,23,43
913,28,43
2395,15,43
2394,8,43
2388,9,43
2387,4,43
2284,5,43
2386,15,43
2389,2,43
2428,35,43
2315,27,43
2316,4,43
2311,23,43
2318,2,43
2317,9,43
1807,15,42
834,35,42
2125,38,42
2459,15,42
2492,8,42
2458,38,42
933,27,42
2460,22,42
2477,35,42
2476,26,42
1559,11,42
2505,8,42
2448,6,42
2447,6,42
2449,5,42
2450,26,42
2475,26,42
2443,8,42
2472,24,42
2474,35,42
569,18,42
543,5,42
2444,4,42
2439,4,42
2441,8,42
2442,4,42
2478,35,42
2445,6,42
2451,26,42
2440,38,42
2452,0,42
2454,35,42
2479,35,42
2480,35,42
2501,36,42
1808,26,42
2464,17,42
2210,34,42
2512,35,42
2453,31,42
2438,5,42
2473,35,42
2471,35,42
2446,13,42
2079,35,42
2462,38,42
2461,22,42
1656,5,42
1783,15,42
933,26,42
2503,35,42
2489,8,42
1809,15,42
2506,4,42
2456,23,42
2481,35,42
2457,4,42
2507,6,42
1657,19,42
1902,15,42
2470,20,42
1650,35,42
934,26,42
934,35,42
2466,26,42
2482,35,42
2485,26,42
2463,5,42
2483,35,42
2484,26,42
940,26,42
940,35,42
2486,20,42
2467,26,42
2468,6,42
2469,22,42
2455,23,42
2465,35,42
2525,35,41
2531,35,41
2495,17,41
485,5,41
2523,8,41
2524,8,41
2494,11,41
2270,35,41
2533,8,41
642,4,41
2436,5,41
2522,35,41
2515,8,41
2528,8,41
1691,35,41
76,4,41
2527,11,41
2532,17,41
2519,35,41
2520,8,41
2526,32,41
1330,24,41
2518,0,41
2521,1,41
2513,26,41
709,28,41
2529,6,41
2496,35,41
2500,8,41
2534,35,41
2561,35,40
1746,15,40
2594,8,40
2608,8,40
2548,11,40
2593,11,40
2568,8,40
2605,8,40
2549,35,40
2560,2,40
2550,26,40
2551,11,40
2557,6,40
1827,8,40
2559,6,40
2530,19,40
2554,8,40
2556,12,40
2555,5,40
2590,37,40
2566,11,40
2277,8,40
2558,6,40
2552,25,40
2535,26,40
2564,38,40
2611,39,40
2563,38,40
2610,35,40
2553,36,40
717,24,40
1151,28,40
2538,24,40
2536,5,40
2570,4,40
2537,10,40
844,35,40
1719,11,40
2214,8,40
1992,8,40
2213,32,40
2539,39,40
2571,8,40
2609,39,40
2540,11,40
1356,8,39
2517,8,39
1907,8,39
2629,24,39
2577,8,39
1239,11,39
2615,8,39
2602,15,39
2578,35,39
2542,34,39
2655,36,39
2435,34,39
2626,35,39
2616,2,39
2651,6,39
2434,6,39
548,11,39
2603,9,39
2619,35,39
2654,35,39
2634,35,39
1881,26,39
2635,8,39
2582,15,39
2583,25,39
2597,8,39
2638,15,39
2581,34,39
2514,6,39
2625,8,39
2595,28,39
2620,26,39
2627,35,39
2653,8,39
2572,35,39
2575,4,39
1338,11,39
2601,10,39
2622,35,39
2658,35,39
2656,35,39
2617,26,39
1338,8,39
2596,8,39
2429,34,39
2624,8,39
1887,10,39
2598,15,39
2650,6,39
2618,23,39
2600,1,39
2579,24,39
2599,5,39
2623,10,39
1151,4,39
2576,8,39
2584,37,39
2589,33,39
2580,9,39
2588,15,39
2587,24,39
2586,33,39
1239,8,39
2573,5,39
2574,8,39
2585,15,39
459,4,38
2678,5,38
2647,26,38
2648,38,38
2686,35,38
2670,8,38
2685,35,38
2679,24,38
2699,18,38
2676,35,38
2499,8,38
2666,5,38
2630,32,38
2636,8,38
2669,4,38
1339,33,38
1778,10,38
2667,8,38
2687,8,38
1560,24,38
2668,35,38
2684,4,38
599,5,38
2665,35,38
2649,1,38
1461,8,38
2680,11,38
2637,24,38
2671,10,38
2681,11,38
2631,6,38
2642,17,38
2633,6,38
2640,8,38
2639,8,38
2646,15,38
2641,39,38
2683,28,38
2632,6,38
2643,26,38
2644,31,38
2672,25,38
2565,35,38
1341,4,38
1356,11,38
1370,5,38
1339,27,38
1341,5,38
2645,38,38
2673,35,38
1370,4,38
2107,10,38
2664,35,38
2663,8,37
2271,35,37
2697,8,37
1330,35,37
1478,4,37
2736,28,37
2744,8,37
2717,4,37
2696,8,37
2695,8,37
2723,5,37
807,1,37
2739,35,37
2693,5,37
2692,5,37
2682,11,37
2721,10,37
2737,4,37
2075,35,37
447,11,37
2698,39,37
2719,10,37
2718,1,37
2694,5,37
86,8,36
2810,4,36
1941,15,36
2765,35,36
1823,5,36
2716,32,36
2793,8,36
2728,4,36
2807,24,36
2727,4,36
2784,29,36
2720,11,36
2710,8,36
2614,8,36
2735,9,36
2275,6,36
2734,25,36
2733,15,36
2732,4,36
2786,11,36
2795,6,36
2731,0,36
2730,9,36
2856,8,36
2809,8,36
2794,26,36
2850,8,36
2767,35,36
2766,36,36
2778,8,36
2787,39,36
2711,8,36
2771,11,36
2792,24,36
2773,35,36
2274,6,36
2791,32,36
1846,19,36
2729,4,36
2724,8,36
2873,8,36
1990,8,36
2830,8,36
2783,24,36
2782,24,36
2785,17,36
2772,11,36
2834,8,36
2887,8,36
1478,5,36
2781,29,36
2738,35,36
2862,8,36
2789,4,36
2725,1,36
2726,15,36
2770,8,36
2769,1,36
1494,35,36
2606,6,36
2760,8,36
2690,8,36
2691,8,36
75,32,36
75,26,36
2768,5,36
2713,8,36
2707,8,36
2722,8,36
1525,4,36
2827,24,36
2913,26,35
2919,4,35
2948,24,35
2958,32,35
2740,8,35
2816,38,35
2944,35,35
2943,8,35
2753,8,35
2941,5,35
2945,32,35
797,5,35
2748,8,35
2544,39,35
2662,35,35
2808,31,35
751,24,35
2950,35,35
2949,11,35
659,19,35
2502,35,35
2915,35,35
2960,28,35
2927,8,35
2812,38,35
2811,38,35
2967,39,35
2817,11,35
2779,15,35
2942,1,35
2940,8,35
2939,8,35
1530,11,35
1530,8,35
2966,11,35
2951,8,35
2930,8,35
2543,8,35
2936,15,35
2937,24,35
2938,4,35
2750,8,35
2929,35,35
2780,11,35
2918,23,35
2751,8,35
2917,34,35
2935,1,35
868,6,35
2934,1,35
2806,8,35
2933,1,35
2926,35,35
2819,38,35
2818,11,35
2928,38,35
2959,24,35
2969,8,35
2923,5,35
2777,26,35
2971,32,35
2925,4,35
2953,8,35
2931,8,35
2932,5,35
2815,38,35
2814,12,35
2813,11,35
2974,8,35
2922,11,35
2924,8,35
2921,5,35
2912,11,35
2954,5,35
2947,8,35
2946,35,35
2920,4,35
2613,8,35
2914,35,35
2659,8,35
2749,8,35
2908,8,34
2857,8,34
2855,8,34
2894,8,34
2895,8,34
2875,8,34
3044,8,34
2802,8,34
2991,5,34
2805,8,34
2983,4,34
2804,8,34
3040,8,34
2117,10,34
2888,8,34
3037,8,34
2874,8,34
2892,8,34
2891,8,34
2890,8,34
1905,10,34
2905,8,34
2859,8,34
2902,8,34
2901,8,34
3029,38,34
3028,11,34
2863,8,34
2858,8,34
2758,8,34
2904,8,34
2870,8,34
3020,4,34
2844,8,34
2849,8,34
2841,8,34
2880,8,34
2879,8,34
2878,8,34
2996,35,34
2837,8,34
2984,8,34
3041,32,34
3039,0,34
2997,35,34
2900,8,34
2899,8,34
2886,8,34
2712,8,34
2885,8,34
2821,8,34
2715,8,34
2829,8,34
2826,8,34
2843,8,34
2871,8,34
2877,8,34
2883,8,34
2882,8,34
3003,5,34
3021,4,34
2992,24,34
2831,8,34
2761,8,34
2709,8,34
2955,15,34
2842,8,34
2907,8,34
2906,8,34
3010,38,34
3006,8,34
2851,8,34
2755,8,34
1900,10,34
2832,8,34
3027,11,34
2869,8,34
2865,8,34
2864,8,34
3013,25,34
3014,8,34
2861,8,34
2860,8,34
3023,38,34
3032,4,34
2702,8,34
2677,8,34
2836,8,34
2847,8,34
2775,8,34
3008,38,34
2708,8,34
2881,8,34
2803,8,34
2825,8,34
2705,8,34
2704,8,34
2866,8,34
2884,8,34
2990,34,34
2952,38,34
3017,0,34
2852,8,34
2706,8,34
2835,8,34
2714,8,34
3046,8,34
2987,8,34
1525,5,34
2754,8,34
2868,8,34
2867,8,34
2822,8,34
3005,8,34
3022,2,34
3015,38,34
2848,8,34
2893,8,34
3002,1,34
3001,35,34
2999,35,34
2998,35,34
2903,8,34
702,8,34
3011,11,34
2854,8,34
2703,8,34
2853,8,34
2889,8,34
2876,8,34
3026,26,34
3025,38,34
2995,26,34
2994,26,34
2993,35,34
3000,35,34
2839,8,34
2838,8,34
3036,8,34
2840,8,34
3038,8,34
2820,8,34
2823,8,34
2897,8,34
2896,8,34
2898,8,34
2985,32,33
3078,26,33
3079,26,33
2747,8,33
3080,35,33
2746,8,33
1602,11,33
3098,35,33
1602,4,33
3084,35,33
3090,5,33
1944,26,33
2978,8,33
3081,35,33
1538,35,33
1919,35,33
2976,8,33
2964,6,33
3100,6,33
3103,8,33
3088,35,33
3076,8,33
3091,4,33
3063,17,33
3099,35,33
3059,2,33
3060,4,33
3087,35,33
3074,38,33
2956,8,33
1607,11,33
3095,32,33
2752,8,33
3070,38,33
3083,11,33
3077,38,33
3086,19,33
3085,35,33
3068,35,33
3042,8,33
2972,8,33
3065,25,33
3089,35,33
3073,12,33
3051,39,33
3067,15,33
3082,35,33
3092,8,33
2957,8,33
1698,10,33
3062,8,33
2979,8,33
2968,34,33
2961,8,33
2973,8,33
466,11,33
2962,8,33
3093,8,33
3064,0,33
2764,34,33
3066,9,33
2977,8,33
3058,35,33
3071,11,33
1607,8,33
589,4,33
3072,38,33
2757,36,33
2763,6,33
3183,39,32
3121,8,32
3171,11,32
3188,32,32
3187,25,32
3149,8,32
3167,5,32
3069,35,32
3075,5,32
3173,8,32
3203,14,32
3109,35,32
1683,35,32
3049,35,32
3155,39,32
3134,9,32
3122,35,32
3123,36,32
3166,13,32
1636,8,32
1636,11,32
3146,11,32
3152,35,32
3151,6,32
3150,17,32
3165,10,32
3147,4,32
3145,37,32
3180,8,32
3174,28,32
2689,6,32
3172,18,32
3153,25,32
2745,8,32
3198,8,32
3135,35,32
3127,15,32
3175,1,32
3184,4,32
3097,32,32
3159,8,32
3178,4,32
3141,8,32
2776,8,32
3133,15,32
807,15,32
1938,15,32
3130,4,32
3118,8,32
3176,31,32
1152,8,32
2911,8,32
2988,8,32
3047,8,32
3113,4,32
3115,8,32
3199,2,32
3169,4,32
3126,35,32
3163,8,32
3164,4,32
3061,1,32
3110,2,32
3132,4,32
3189,0,32
3117,35,32
3179,10,32
3177,18,32
3181,8,32
2607,10,32
3204,38,31
3287,17,31
3383,35,31
3346,25,31
3345,15,31
3255,11,31
3248,22,31
1671,35,31
3350,5,31
3382,38,31
3372,8,31
3373,15,31
3374,33,31
1676,33,31
1695,4,31
3385,11,31
3160,38,31
1676,27,31
3206,35,31
3375,38,31
3376,8,31
3377,38,31
3381,1,31
3283,24,31
3289,24,31
3290,35,31
3291,8,31
3286,8,31
3158,8,31
3237,5,31
3343,0,31
505,22,31
3344,21,31
3278,8,31
3279,5,31
3280,28,31
3281,37,31
3282,23,31
3284,17,31
3269,5,31
3285,8,31
3299,32,31
3161,5,31
3393,8,31
3156,4,31
3349,8,31
3392,4,31
3276,35,31
3277,8,31
3274,4,31
3216,19,31
3217,37,31
3218,15,31
3219,15,31
3354,26,31
3355,5,31
3352,38,31
3154,10,31
3319,26,31
1680,5,31
3323,4,31
3324,10,31
483,11,31
3387,24,31
3211,24,31
3301,11,31
3302,8,31
3292,5,31
3296,26,31
3297,4,31
1674,8,31
1674,11,31
3168,35,31
3275,35,31
505,5,31
3358,6,31
3359,6,31
3238,23,31
3239,23,31
3240,17,31
3157,18,31
3236,35,31
3234,35,31
3114,6,31
3246,5,31
3247,8,31
660,4,31
3242,35,31
3249,5,31
3367,22,31
3368,22,31
739,32,31
3378,11,31
3379,11,31
3380,10,31
3361,34,31
3362,15,31
3353,6,31
3369,33,31
3262,15,31
3263,1,31
3250,11,31
3251,15,31
3298,4,31
3303,35,31
3260,8,31
854,6,31
3261,1,31
3360,37,31
3304,35,31
3293,8,31
3294,8,31
3295,24,31
3288,5,31
3273,35,31
3264,4,31
3309,38,31
3394,8,31
3270,5,31
2989,6,31
3364,38,31
3365,38,31
3363,4,31
3318,4,31
1681,22,31
3325,4,31
3259,1,31
3271,26,31
3272,39,31
1680,6,31
3390,8,31
3386,8,31
3212,2,31
3243,8,31
2604,10,31
3328,2,31
3329,8,31
2660,39,31
3330,38,31
3148,5,31
3231,6,31
3341,33,31
3342,35,31
3347,5,31
3340,19,31
1681,34,31
3331,5,31
3332,0,31
3333,5,31
3244,8,31
3245,8,31
660,26,31
3209,35,31
1670,27,31
3230,5,31
3322,23,31
3313,24,31
3314,19,31
3315,8,31
3316,10,31
3317,11,31
3232,6,31
3233,5,31
3312,25,31
3305,26,31
3306,23,31
3307,5,31
3308,8,31
3254,1,31
3190,15,31
3191,0,31
3192,6,31
3144,32,31
3223,15,31
3224,9,31
3389,39,31
3265,17,31
3266,5,31
3267,38,31
3228,1,31
3268,21,31
3327,9,31
3256,5,31
3257,5,31
3258,35,31
580,11,31
1670,26,31
3241,5,31
3227,5,31
3138,29,31
3139,8,31
3311,31,31
3310,4,31
3300,18,31
3356,39,31
3229,5,31
3140,8,31
1634,8,31
3193,25,31
3194,25,31
3195,9,31
3214,8,31
3196,15,31
3370,24,31
3371,12,31
3220,15,31
3336,8,31
3337,9,31
3338,34,31
3326,4,31
3213,11,31
3221,0,31
3222,6,31
3210,35,31
3357,4,31
3366,11,31
3320,26,31
3321,23,31
3142,8,31
3143,5,31
1634,11,31
1682,8,31
3252,4,31
3253,8,31
660,32,31
1671,19,31
3334,5,31
3335,6,31
3348,4,31
3207,35,31
3351,38,31
3339,8,31
1682,11,31
3403,0,30
3557,8,30
1731,4,30
3578,8,30
1729,4,30
3554,11,30
3555,4,30
3459,11,30
3414,35,30
3533,35,30
3534,26,30
3484,23,30
2192,5,30
3560,35,30
1904,11,30
3558,24,30
3050,35,30
3436,25,30
3437,25,30
3526,5,30
3494,38,30
3456,5,30
3469,8,30
3470,5,30
3471,15,30
3461,8,30
3504,35,30
3506,15,30
3388,24,30
3427,4,30
3428,15,30
3429,38,30
3579,4,30
3419,24,30
3507,38,30
3576,25,30
3583,6,30
3439,24,30
1729,5,30
2195,19,30
1724,4,30
1991,6,30
3438,8,30
3457,8,30
3458,11,30
3588,4,30
3589,4,30
3590,8,30
888,24,30
3483,4,30
3482,10,30
3485,11,30
3475,11,30
1742,35,30
3474,5,30
3124,39,30
3527,15,30
3528,9,30
3524,35,30
3593,25,30
3580,8,30
3420,1,30
3401,8,30
3056,8,30
3587,38,30
2189,35,30
3519,35,30
3448,4,30
3563,6,30
3447,38,30
2569,26,30
3446,35,30
3455,36,30
1695,5,30
3399,25,30
3462,5,30
3481,8,30
3477,6,30
3120,26,30
3433,8,30
1717,25,30
1717,15,30
3478,8,30
612,5,30
3479,4,30
3480,8,30
3119,8,30
3053,8,30
3472,5,30
3107,8,30
2833,6,30
3045,10,30
3430,15,30
3431,9,30
2872,6,30
3493,24,30
3575,4,30
3525,35,30
3552,4,30
3498,35,30
2845,8,30
2846,6,30
2963,8,30
3460,4,30
666,19,30
890,5,30
2190,19,30
3547,26,30
3540,5,30
3541,39,30
3495,4,30
3496,31,30
3492,24,30
3591,8,30
3452,38,30
3539,39,30
3546,8,30
3521,25,30
3522,25,30
3574,39,30
3466,8,30
3467,8,30
1721,8,30
3463,12,30
1725,26,30
3215,36,30
1731,5,30
1724,5,30
3513,15,30
3514,0,30
3515,6,30
3508,35,30
3592,5,30
3464,1,30
3561,26,30
3573,8,30
2204,19,30
3434,15,30
3435,8,30
2202,5,30
3422,35,30
3582,35,30
3535,26,30
3505,15,30
511,5,30
3235,24,30
3432,35,30
889,28,30
3523,35,30
3538,24,30
3473,32,30
3488,8,30
3489,35,30
3490,24,30
3108,8,30
2188,8,30
3497,4,30
3200,8,30
3499,26,30
3500,26,30
3501,35,30
3502,0,30
3503,9,30
3476,5,30
2965,6,30
3550,24,30
3551,39,30
3491,24,30
2194,35,30
2981,38,30
3529,9,30
3530,15,30
1708,35,30
1708,5,30
2123,19,30
3402,26,30
3487,35,30
3441,11,30
3468,35,30
2828,8,30
3568,35,30
3536,20,30
3532,34,30
3094,8,30
3512,5,30
3423,26,30
1725,35,30
1903,6,30
3465,8,30
3520,1,30
3509,15,30
3510,25,30
3511,9,30
3531,39,30
1721,11,30
2115,35,30
3048,24,30
3516,35,30
3517,35,30
3518,19,30
3486,5,30
3570,35,30
3442,8,30
3638,8,29
3395,8,29
3643,35,29
3620,22,29
3677,19,29
3691,11,29
3690,26,29
3673,15,29
3672,6,29
3685,5,29
3684,13,29
1620,35,29
3699,12,29
3624,8,29
3407,38,29
3644,8,29
3686,38,29
1774,5,29
3043,6,29
3602,10,29
3601,1,29
3662,1,29
3661,5,29
1533,8,29
3667,24,29
3666,5,29
3665,8,29
3664,19,29
3668,11,29
802,24,29
1761,4,29
3653,5,29
3652,1,29
3625,10,29
3445,6,29
3621,10,29
3619,12,29
3636,26,29
3648,38,29
3647,11,29
3418,24,29
3670,6,29
3669,18,29
3637,20,29
3629,15,29
3696,11,29
3695,11,29
1375,35,29
3615,10,29
3628,24,29
3627,35,29
3632,4,29
3631,10,29
3614,1,29
3680,1,29
3683,11,29
3682,11,29
3655,24,29
3641,32,29
1759,26,29
1759,35,29
3635,26,29
3598,24,29
1859,5,29
3689,35,29
3600,17,29
3663,8,29
3660,6,29
3659,15,29
3658,5,29
3656,1,29
834,18,29
3617,8,29
3640,4,29
3674,26,29
3649,25,29
3612,5,29
1763,11,29
1763,4,29
3630,8,29
3610,22,29
3609,11,29
3608,10,29
3607,0,29
3654,29,29
3679,8,29
3678,5,29
3622,35,29
29,11,29
3687,27,29
3688,36,29
3639,39,29
3650,24,29
3651,38,29
3611,5,29
920,8,29
3616,5,29
3642,35,29
3681,8,29
3692,39,29
1761,28,29
3698,27,29
3645,38,29
3634,35,29
3633,17,29
3694,11,29
3693,27,29
3450,8,29
3623,11,29
3613,22,29
3697,38,29
3657,24,29
3671,8,29
3676,23,29
3675,8,29
3618,8,29
2909,6,29
3646,11,29
3939,2,28
3847,27,28
3793,24,28
3794,5,28
3795,39,28
3796,29,28
3797,8,28
3805,32,28
3703,35,28
3704,35,28
3705,35,28
3413,8,28
3715,26,28
3716,20,28
3974,4,28
3971,39,28
3718,6,28
3931,22,28
3930,6,28
2437,19,28
3929,22,28
3928,22,28
3927,34,28
3701,8,28
3737,29,28
3736,5,28
3941,15,28
3940,1,28
1912,6,28
3742,5,28
3858,38,28
3857,10,28
3792,8,28
3801,11,28
3800,23,28
3799,24,28
3798,37,28
3806,4,28
3856,8,28
3855,4,28
3854,5,28
3853,4,28
3802,2,28
3783,23,28
3782,5,28
3781,39,28
3980,35,28
3864,38,28
3863,38,28
3862,4,28
3833,26,28
3843,5,28
3791,8,28
3790,39,28
3778,23,28
3861,8,28
3870,11,28
3869,11,28
3860,27,28
3859,26,28
3865,12,28
1906,11,28
3787,8,28
3786,35,28
3785,8,28
3784,24,28
3774,6,28
3866,8,28
3842,11,28
3841,35,28
3840,9,28
1794,24,28
1794,5,28
3838,25,28
3837,23,28
3836,23,28
3835,8,28
3834,19,28
663,18,28
3767,35,28
3935,35,28
3946,35,28
3773,8,28
3780,5,28
3779,8,28
3867,8,28
2562,35,28
3951,8,28
3958,26,28
3871,38,28
3868,38,28
3777,8,28
3789,28,28
3788,5,28
584,11,28
3766,1,28
3765,15,28
3776,8,28
3775,35,28
3760,35,28
3759,4,28
3804,8,28
3803,8,28
3727,27,28
3884,10,28
3873,17,28
3872,10,28
3888,5,28
3769,39,28
3768,26,28
3874,4,28
3887,5,28
3886,22,28
3885,38,28
3892,6,28
3891,5,28
1785,26,28
1785,35,28
3714,26,28
3809,26,28
3758,19,28
3757,10,28
3756,13,28
3772,18,28
3771,11,28
3889,4,28
3893,5,28
751,18,28
3877,6,28
3713,35,28
938,5,28
567,19,28
3825,38,28
3824,24,28
3895,1,28
3875,6,28
3894,19,28
557,10,28
1760,15,28
1760,25,28
3876,6,28
3890,4,28
3883,38,28
3897,26,28
3770,26,28
3763,35,28
3762,4,28
3761,1,28
3832,11,28
3831,4,28
3818,35,28
3817,8,28
3816,18,28
3815,35,28
3814,39,28
3830,29,28
3829,31,28
3896,11,28
3752,11,28
3751,5,28
3977,35,28
3750,5,28
3749,8,28
1789,11,28
3764,1,28
1398,24,28
3904,4,28
3903,8,28
3901,15,28
3900,6,28
3902,0,28
3898,23,28
3899,21,28
3102,10,28
3747,4,28
3111,35,28
3882,4,28
3828,4,28
3827,38,28
594,4,28
2661,35,28
3906,8,28
3905,23,28
3952,24,28
3953,35,28
1781,35,28
3743,15,28
3748,19,28
3754,32,28
3753,8,28
1806,22,28
3881,37,28
1805,5,28
3909,25,28
3734,8,28
3733,8,28
3732,8,28
3746,22,28
3745,24,28
3744,1,28
3908,31,28
2120,10,28
3907,19,28
3755,5,28
1789,8,28
3739,8,28
3707,8,28
3706,8,28
3945,4,28
3944,17,28
3919,22,28
3942,1,28
3937,4,28
3911,39,28
3910,8,28
3916,5,28
3978,8,28
3912,15,28
3913,27,28
3915,0,28
3914,5,28
1806,34,28
3924,39,28
3970,8,28
3410,4,28
3826,8,28
3808,27,28
3807,2,28
3922,5,28
3921,21,28
511,22,28
3920,0,28
3969,11,28
3968,8,28
3918,6,28
3917,5,28
1805,6,28
3923,22,28
3741,11,28
3740,8,28
3738,4,28
3717,6,28
3823,24,28
3822,24,28
3821,24,28
3820,10,28
3819,10,28
3813,32,28
3812,4,28
3811,4,28
3810,27,28
3878,35,28
3926,27,28
3925,5,28
3848,1,28
2276,5,28
3936,17,28
3932,4,28
2193,11,28
3731,5,28
1774,8,28
3096,10,28
3729,8,28
3975,4,28
3735,38,28
3730,10,28
3973,29,28
3955,8,28
3954,11,28
3948,35,28
936,24,28
3408,8,28
1797,8,28
3839,26,28
3846,28,28
3845,17,28
3844,8,28
1796,27,28
1796,26,28
3934,35,28
3976,29,28
3852,17,28
3851,2,28
3850,8,28
1797,11,28
3849,31,28
3105,6,27
4031,1,27
4052,8,27
4034,11,27
1852,35,27
1852,13,27
3104,6,27
4053,35,27
3985,11,27
3998,24,27
2986,24,27
3988,4,27
4012,8,27
4065,35,27
784,32,27
3943,32,27
4049,4,27
4013,39,27
3879,24,27
3700,8,27
3603,35,27
4064,4,27
4027,4,27
3996,25,27
3997,36,27
3999,35,27
4048,29,27
3986,13,27
3987,23,27
3106,6,27
3880,26,27
4035,8,27
4036,8,27
3604,35,27
4028,23,27
4029,23,27
4026,4,27
4020,35,27
4021,23,27
4022,26,27
4023,26,27
480,11,27
4046,35,27
4047,24,27
1843,25,27
4000,35,27
3989,4,27
3993,35,27
3994,8,27
4024,1,27
4025,35,27
4014,35,27
4062,1,27
4063,10,27
1842,13,27
4001,39,27
4043,29,27
4044,24,27
4045,2,27
1843,15,27
1842,35,27
3605,11,27
4060,1,27
4061,15,27
4059,4,27
4019,35,27
4017,23,27
4018,35,27
4010,18,27
3128,18,27
4009,35,27
4008,32,27
1529,35,27
4004,26,27
4042,15,27
3933,8,27
4002,11,27
4066,35,27
4056,19,27
4057,33,27
4058,35,27
2980,35,27
1529,19,27
830,5,27
4007,4,27
3101,6,27
4016,5,27
3992,11,27
4037,6,27
4051,8,27
4006,1,27
4003,11,27
4041,24,27
4038,8,27
4040,38,27
4039,8,27
4015,15,27
4005,38,27
4032,29,27
4033,4,27
4011,28,27
3719,39,27
3995,5,27
4191,35,26
4193,26,26
4146,6,26
4199,1,26
4198,35,26
4197,35,26
4195,31,26
4201,35,26
4200,35,26
4069,38,26
4098,8,26
4101,8,26
4100,35,26
4183,22,26
4202,34,26
4209,6,26
3031,5,26
4253,39,26
973,35,26
4256,4,26
4255,10,26
4234,8,26
3208,10,26
3417,8,26
4030,5,26
4144,8,26
3537,24,26
4263,15,26
4091,4,26
4090,11,26
4111,17,26
4110,4,26
4109,5,26
4163,24,26
4162,15,26
4161,6,26
4160,8,26
4220,6,26
4219,0,26
2541,5,26
4088,15,26
4087,6,26
4086,8,26
1870,8,26
1870,11,26
4085,24,26
4084,38,26
4083,8,26
4157,8,26
1864,5,26
1864,35,26
4218,8,26
4159,6,26
4158,15,26
4165,0,26
4095,8,26
4094,10,26
4093,8,26
4092,8,26
4082,5,26
4081,17,26
4080,4,26
4265,22,26
4264,6,26
4112,39,26
4127,8,26
4236,35,26
4235,8,26
4055,10,26
4054,35,26
4126,5,26
4167,4,26
4166,4,26
4254,27,26
4164,23,26
4089,4,26
4096,8,26
4186,5,26
4107,12,26
4169,21,26
4168,15,26
4108,39,26
4129,27,26
4128,13,26
4130,8,26
1885,27,26
1885,26,26
4133,36,26
4132,35,26
4131,24,26
4115,2,26
4114,9,26
4113,4,26
3226,24,26
3596,6,26
4135,21,26
4134,15,26
4078,1,26
4079,5,26
3009,6,26
4136,8,26
1560,35,26
4097,35,26
2547,5,26
4172,39,26
4171,35,26
4189,6,26
4207,8,26
4206,8,26
4205,35,26
4170,19,26
4224,35,26
4137,2,26
2701,10,26
2621,8,26
4077,5,26
4076,4,26
2652,35,26
4266,8,26
844,24,26
844,5,26
4232,8,26
4176,39,26
4175,8,26
4174,8,26
4185,22,26
4106,28,26
4105,38,26
4173,8,26
4190,22,26
4138,26,26
4140,1,26
4139,5,26
4073,24,26
834,24,26
3720,8,26
4259,5,26
4099,24,26
4181,25,26
4180,23,26
4179,23,26
778,24,26
4178,38,26
4177,10,26
4141,1,26
4243,5,26
4258,23,26
4257,23,26
4187,27,26
1559,8,26
827,8,26
4244,5,26
4116,5,26
4246,6,26
4245,6,26
4247,4,26
4117,35,26
4075,8,26
4151,26,26
4156,18,26
4155,5,26
4142,34,26
4143,5,26
4216,8,26
4229,35,26
1876,27,26
1876,26,26
4182,27,26
4188,5,26
4261,22,26
4184,6,26
4260,22,26
1398,5,26
4103,11,26
4102,11,26
4104,24,26
3728,35,26
4249,0,26
4248,35,26
4252,10,26
4251,21,26
4250,15,26
4154,19,26
4153,5,26
778,18,26
4152,5,26
4262,5,26
4145,1,26
4196,19,26
4150,5,26
4149,5,26
4148,8,26
4147,6,26
3991,25,26
3990,25,26
4192,36,26
4194,1,26
4305,35,25
4278,8,25
4315,18,25
4316,35,25
1909,33,25
1909,27,25
3543,6,25
4303,39,25
4238,8,25
4239,35,25
4307,4,25
4290,27,25
4291,36,25
4292,35,25
4288,2,25
4289,27,25
4273,15,25
4270,35,25
2975,6,25
4322,6,25
4313,8,25
4314,24,25
4286,35,25
4293,5,25
4123,38,25
4309,5,25
4310,4,25
1920,4,25
4070,25,25
4295,17,25
4296,15,25
4294,26,25
4311,39,25
4312,24,25
4120,8,25
4277,5,25
4304,35,25
4269,12,25
4285,34,25
490,11,25
4280,26,25
4281,35,25
4282,35,25
4283,35,25
4284,1,25
4279,24,25
4274,6,25
4302,8,25
4275,35,25
4276,15,25
4272,8,25
4319,8,25
4320,39,25
4321,35,25
4271,38,25
4317,38,25
4121,2,25
3542,10,25
4306,11,25
820,8,25
4300,25,25
4297,27,25
4301,5,25
4298,13,25
4299,11,25
3983,38,24
4522,6,24
4523,6,24
4268,32,24
4344,8,24
4376,24,24
4375,35,24
2824,19,24
4489,8,24
839,32,24
4552,8,24
4491,23,24
4392,33,24
4369,27,24
4368,4,24
4495,8,24
4405,39,24
4404,8,24
3572,6,24
4374,35,24
3569,35,24
3571,24,24
4428,8,24
4412,35,24
1984,33,24
1984,27,24
4333,8,24
4477,6,24
4478,26,24
2070,1,24
4508,26,24
4509,23,24
4510,23,24
1988,5,24
4367,8,24
4497,4,24
1988,4,24
4496,31,24
3391,35,24
4415,8,24
3938,8,24
4409,35,24
4338,24,24
4434,8,24
4347,11,24
4237,8,24
4435,35,24
4393,1,24
4407,1,24
4408,15,24
4559,8,24
4474,38,24
4475,4,24
4366,18,24
4394,18,24
4395,13,24
4548,8,24
1920,5,24
2487,35,24
4398,26,24
4439,24,24
4397,6,24
3964,8,24
4396,15,24
4379,22,24
4380,22,24
4381,5,24
4382,22,24
4487,37,24
4488,4,24
4377,8,24
4413,35,24
3965,8,24
4445,8,24
4476,17,24
4472,5,24
1983,11,24
4406,10,24
4341,35,24
611,4,24
4521,6,24
4371,38,24
4506,24,24
4507,19,24
1506,5,24
1506,24,24
4372,27,24
4365,8,24
4446,8,24
4432,8,24
4504,23,24
4328,4,24
4329,35,24
4498,32,24
4499,25,24
4500,18,24
4520,8,24
4501,35,24
4502,35,24
4503,26,24
4362,5,24
4363,38,24
4538,8,24
4473,5,24
4471,32,24
1490,24,24
4364,8,24
4370,38,24
3982,11,24
3599,6,24
4447,8,24
4558,8,24
4399,18,24
4241,8,24
4355,6,24
4356,15,24
1859,6,24
4511,8,24
4513,4,24
4514,9,24
4515,2,24
4357,1,24
4358,15,24
4359,1,24
4360,39,24
4361,4,24
802,18,24
4483,8,24
4484,23,24
4479,5,24
4480,35,24
1507,24,24
4481,5,24
4482,13,24
4554,8,24
4486,8,24
4373,17,24
4485,11,24
4351,4,24
4352,1,24
4353,8,24
1506,35,24
4467,11,24
4468,11,24
4469,35,24
4470,21,24
4354,35,24
4350,4,24
4342,15,24
4343,8,24
1716,35,24
4349,1,24
3966,8,24
4388,5,24
4242,8,24
4526,11,24
4527,12,24
4524,38,24
4505,5,24
4387,5,24
4454,28,24
1982,19,24
4460,8,24
4348,10,24
4464,8,24
4465,4,24
4466,22,24
1982,35,24
4529,38,24
1532,11,24
4383,26,24
4384,35,24
4385,35,24
4386,35,24
4492,4,24
4493,4,24
4494,38,24
4456,35,24
4518,1,24
4519,31,24
4516,15,24
4525,38,24
4455,35,24
4402,9,24
4403,2,24
4401,4,24
4457,10,24
4530,11,24
4528,38,24
4531,11,24
4532,10,24
4533,38,24
4517,5,24
4461,11,24
4462,15,24
4463,8,24
1983,8,24
4458,8,24
4459,8,24
733,26,24
733,32,24
4411,24,24
3453,6,24
4072,0,24
4203,8,24
4339,8,24
4390,33,24
4391,24,24
4331,8,24
4346,8,24
4433,0,24
4050,6,24
4490,35,24
4417,11,24
4422,4,24
4543,35,24
4430,8,24
4423,10,24
4731,5,23
4732,1,23
4652,1,23
4570,15,23
4736,8,23
4555,8,23
4763,34,23
4571,35,23
4727,15,23
4766,15,23
4765,35,23
4737,11,23
4568,25,23
4567,15,23
4728,39,23
4782,12,23
4761,24,23
4577,1,23
91,4,23
2105,8,23
4578,8,23
1741,19,23
4783,39,23
4660,22,23
4659,5,23
4658,4,23
4657,11,23
4656,8,23
4655,4,23
4654,8,23
4667,8,23
2112,8,23
2112,11,23
4666,8,23
4753,38,23
2103,27,23
2103,33,23
4665,24,23
4664,11,23
4663,8,23
4662,4,23
4661,5,23
4677,24,23
4676,24,23
4675,8,23
4674,8,23
2105,11,23
1741,35,23
4586,32,23
4583,38,23
4582,4,23
4581,1,23
4580,15,23
4579,8,23
4585,11,23
4584,24,23
2070,5,23
4590,26,23
4589,8,23
4588,6,23
4587,6,23
4593,19,23
4774,5,23
4773,1,23
4673,39,23
4672,8,23
4671,10,23
4670,35,23
4648,12,23
4778,38,23
4592,13,23
4591,5,23
4669,38,23
4561,35,23
745,11,23
4668,8,23
4689,24,23
4688,18,23
4687,8,23
4686,24,23
4685,35,23
4684,8,23
4683,24,23
4682,29,23
4681,8,23
2113,27,23
2113,33,23
4680,8,23
4679,39,23
4678,5,23
4698,38,23
4697,28,23
4696,9,23
4695,29,23
4694,32,23
4693,8,23
4692,38,23
4691,31,23
4603,15,23
4602,4,23
4597,10,23
4785,5,23
4784,8,23
4596,8,23
4595,6,23
4594,15,23
4690,24,23
4711,15,23
4710,11,23
4754,8,23
4751,11,23
4779,2,23
4752,11,23
4709,38,23
4708,38,23
4707,37,23
4706,12,23
4705,4,23
4704,17,23
4703,5,23
4702,25,23
4701,15,23
4700,4,23
4699,28,23
4725,4,23
4724,5,23
4647,39,23
4646,5,23
861,32,23
4642,39,23
4641,8,23
4640,22,23
4645,5,23
4644,8,23
4643,22,23
4747,11,23
4746,4,23
4749,11,23
4748,39,23
4750,8,23
4780,38,23
2916,35,23
4723,38,23
4722,1,23
4721,11,23
4720,11,23
4719,38,23
4718,33,23
4717,15,23
4716,38,23
4715,24,23
4744,5,23
4745,10,23
4742,11,23
4741,11,23
4743,38,23
4714,33,23
4713,12,23
4712,39,23
4576,4,23
2910,15,23
4575,4,23
4726,8,23
4614,27,23
4613,32,23
4775,4,23
4612,4,23
4608,32,23
4607,11,23
4605,35,23
4604,21,23
4606,4,23
4601,4,23
4600,0,23
4599,23,23
4598,8,23
4762,9,23
4786,8,23
4730,19,23
4757,8,23
4758,8,23
4650,22,23
4649,6,23
4574,23,23
4739,1,23
4740,13,23
4772,4,23
4573,15,23
4620,5,23
4619,23,23
4618,26,23
4617,35,23
4616,35,23
4760,21,23
4759,15,23
4615,8,23
4755,12,23
4611,39,23
4610,23,23
4609,38,23
705,4,23
4438,36,23
4437,25,23
4771,27,23
4436,24,23
4769,23,23
4756,8,23
4560,15,23
4767,15,23
4729,8,23
4738,5,23
4572,5,23
4734,24,23
4735,8,23
2114,8,23
2114,11,23
4566,35,23
2110,27,23
2110,26,23
4626,4,23
4625,10,23
4624,4,23
4623,25,23
4632,23,23
4631,23,23
4630,26,23
4629,4,23
4628,26,23
4627,4,23
4622,23,23
4621,23,23
1542,5,23
4637,39,23
4636,8,23
4635,2,23
4634,9,23
4776,10,23
4633,4,23
4569,37,23
4733,24,23
4639,34,23
4638,9,23
4777,38,23
4764,8,23
4781,4,23
4651,8,23
4919,5,22
2433,24,22
4330,8,22
4879,12,22
4821,11,22
4822,1,22
4928,5,22
4878,5,22
4818,4,22
4550,8,22
4877,26,22
2264,8,22
2264,11,22
4335,6,22
4887,8,22
4888,38,22
4889,8,22
4890,11,22
4891,11,22
4905,35,22
4886,38,22
4933,8,22
819,19,22
4825,8,22
4852,18,22
4845,8,22
4846,11,22
4912,4,22
4871,5,22
2262,6,22
1375,18,22
4932,8,22
1906,8,22
4847,11,22
4904,39,22
4913,15,22
4122,8,22
4848,8,22
4892,38,22
4875,38,22
2762,5,22
4854,8,22
2756,19,22
4897,24,22
4815,8,22
4921,4,22
4863,11,22
4817,8,22
4898,4,22
4927,25,22
4809,38,22
4864,8,22
4926,35,22
4925,8,22
4820,5,22
4565,24,22
4876,5,22
4866,17,22
2262,5,22
4874,8,22
4844,5,22
4810,5,22
2970,11,22
4895,38,22
4865,38,22
4903,8,22
4858,26,22
4857,8,22
4880,8,22
4881,38,22
4882,38,22
4883,11,22
4884,39,22
4885,12,22
2185,4,22
4920,10,22
4824,8,22
4768,35,22
4849,8,22
4841,5,22
499,11,22
4842,17,22
4843,8,22
4819,5,22
4901,10,22
4902,15,22
4823,8,22
4869,33,22
2256,11,22
2256,8,22
4868,19,22
4837,10,22
606,35,22
4836,5,22
4816,8,22
4326,8,22
4929,39,22
2269,28,22
2269,4,22
4812,10,22
4808,33,22
4861,31,22
4835,26,22
4830,8,22
4826,35,22
4834,5,22
4833,5,22
4867,8,22
4827,8,22
4832,8,22
4831,10,22
4807,24,22
4806,33,22
4870,5,22
4828,5,22
4829,10,22
4916,8,22
4860,38,22
2185,5,22
4862,10,22
4851,8,22
4872,6,22
4840,4,22
4839,11,22
4811,1,22
3412,10,22
4240,8,22
4850,8,22
4770,35,22
4911,8,22
4930,17,22
3626,25,22
1912,5,22
4564,27,22
4873,18,22
4838,17,22
4853,5,22
4914,6,22
4859,31,22
4653,2,22
4855,10,22
4856,8,22
5063,8,21
4970,4,21
4971,10,21
4984,11,21
5140,8,21
5067,11,21
4972,4,21
5065,29,21
5069,29,21
4965,8,21
5141,1,21
5236,33,21
5235,15,21
4958,8,21
5143,8,21
3726,15,21
5142,8,21
5060,35,21
5022,11,21
5042,39,21
2498,5,21
5094,35,21
5017,24,21
5093,35,21
5018,35,21
5092,26,21
5024,24,21
5091,26,21
5019,4,21
4967,5,21
733,4,21
5161,8,21
5160,8,21
1375,24,21
5165,39,21
5214,19,21
4969,11,21
4968,11,21
2488,11,21
2488,8,21
1522,4,21
4813,15,21
4814,8,21
5239,26,21
5227,15,21
5136,38,21
5226,37,21
5064,8,21
4973,39,21
5159,8,21
4949,35,21
5122,35,21
4947,35,21
5101,4,21
5100,35,21
5099,19,21
5061,24,21
5104,6,21
5103,35,21
5219,21,21
551,22,21
4953,2,21
5198,10,21
5197,26,21
5031,2,21
5023,32,21
5027,32,21
5231,24,21
5230,33,21
4453,36,21
4452,35,21
1810,20,21
2741,4,21
5218,0,21
5115,15,21
5097,35,21
5204,35,21
1657,5,21
5095,5,21
5241,35,21
5114,12,21
4540,35,21
2497,27,21
2497,33,21
5157,5,21
5217,17,21
5035,19,21
5033,35,21
5032,27,21
5186,24,21
4999,5,21
4998,24,21
4997,38,21
4996,4,21
5003,10,21
5002,5,21
5034,24,21
5036,28,21
714,5,21
5158,35,21
5020,10,21
5191,24,21
5190,24,21
1398,35,21
5130,32,21
4975,5,21
4974,8,21
2657,4,21
5234,22,21
5040,26,21
5232,8,21
5200,35,21
5199,31,21
2510,34,21
2510,22,21
5208,8,21
2509,8,21
5216,15,21
5215,33,21
5164,5,21
2493,28,21
5233,22,21
5039,38,21
5030,5,21
5029,13,21
5028,29,21
5196,11,21
5195,24,21
5113,2,21
4976,10,21
5106,6,21
5105,6,21
5102,35,21
2504,8,21
5037,35,21
5041,28,21
5038,4,21
5244,35,21
2493,4,21
5222,38,21
5221,35,21
5220,19,21
4977,39,21
5156,5,21
2504,11,21
5138,10,21
5175,5,21
5174,35,21
5088,32,21
760,5,21
671,11,21
4992,8,21
2490,8,21
4990,24,21
5155,15,21
5154,1,21
1656,6,21
5098,35,21
5225,5,21
5224,26,21
5119,26,21
5118,35,21
4906,19,21
4954,5,21
5084,37,21
4939,35,21
5086,39,21
583,5,21
5010,35,21
5153,1,21
4960,4,21
5077,8,21
1693,35,21
5076,17,21
5080,4,21
4985,5,21
4989,5,21
4988,8,21
4983,5,21
4982,35,21
4981,35,21
5176,15,21
4993,4,21
5087,8,21
2498,4,21
770,5,21
807,8,21
5058,4,21
5057,5,21
5056,10,21
5129,24,21
5179,8,21
5178,17,21
5177,8,21
5096,35,21
5127,38,21
4325,32,21
5248,35,21
3112,26,21
5185,35,21
5182,35,21
5181,5,21
5223,5,21
5187,24,21
5108,4,21
5107,5,21
5009,8,21
5189,11,21
5188,32,21
424,24,21
5059,8,21
5116,27,21
1650,24,21
5026,8,21
5025,38,21
5090,38,21
5117,35,21
5089,35,21
4938,39,21
5008,35,21
5007,5,21
670,11,21
5006,24,21
5005,39,21
5004,8,21
4995,11,21
2509,11,21
5180,24,21
5184,24,21
5183,32,21
5083,24,21
5081,39,21
5207,34,21
5206,9,21
5212,5,21
2508,6,21
5211,5,21
5210,0,21
5209,5,21
4994,8,21
5001,39,21
1052,8,21
5000,21,21
5082,24,21
5145,5,21
5144,8,21
5148,35,21
5147,5,21
5146,5,21
5213,6,21
5240,20,21
2511,26,21
2511,35,21
5121,39,21
5120,25,21
5071,8,21
5111,26,21
5110,35,21
5049,10,21
5048,1,21
771,19,21
5201,4,21
2508,5,21
5203,4,21
5085,8,21
4963,15,21
4962,9,21
4964,5,21
4790,5,21
5202,8,21
1698,39,21
5205,17,21
4946,23,21
5050,17,21
5045,35,21
5044,5,21
5193,26,21
5192,38,21
5163,39,21
4979,5,21
4899,15,21
5066,31,21
5047,11,21
5046,5,21
5162,8,21
5068,8,21
5075,8,21
5074,8,21
4900,8,21
5151,1,21
5150,8,21
5149,8,21
5043,4,21
5109,34,21
5070,11,21
5079,8,21
5078,6,21
5131,11,21
5194,32,21
5172,24,21
5171,5,21
5170,4,21
5055,4,21
5015,8,21
5073,38,21
2491,5,21
2491,35,21
5013,39,21
5012,24,21
5011,24,21
2490,11,21
4991,8,21
22,22,21
5112,5,21
5173,17,21
5072,8,21
5014,35,21
5052,2,21
5051,4,21
4959,38,21
5238,26,21
5237,35,21
4204,8,21
5229,34,21
5228,5,21
4987,4,21
4986,11,21
4978,4,21
4961,1,21
4791,4,21
5021,8,21
2774,8,21
4980,8,21
5016,29,21
5053,10,21
5166,35,21
551,5,21
5169,8,21
5168,5,21
5167,8,21
5054,4,21
5152,5,21
5428,26,20
3225,35,20
3606,24,20
5395,28,20
5414,10,20
5272,35,20
5271,35,20
5425,35,20
2628,11,20
3444,19,20
5333,35,20
2567,4,20
4551,6,20
5338,5,20
5370,17,20
5371,11,20
5363,26,20
5364,6,20
5365,15,20
586,11,20
5415,24,20
5355,24,20
5356,8,20
5357,18,20
5460,24,20
5431,35,20
5269,35,20
5270,35,20
67,26,20
5372,35,20
5373,5,20
5374,17,20
5375,8,20
5376,8,20
4449,6,20
4450,10,20
4451,35,20
5463,35,20
5258,26,20
3055,10,20
4950,5,20
5410,26,20
4563,8,20
5290,8,20
5341,39,20
5302,23,20
1810,30,20
5464,39,20
4924,8,20
67,32,20
2674,24,20
5407,1,20
5408,5,20
5261,5,20
5275,15,20
5406,4,20
5433,0,20
5434,15,20
5435,9,20
5427,39,20
4799,8,20
4444,6,20
5301,4,20
5291,12,20
1563,28,20
5381,24,20
5382,35,20
5397,26,20
5473,24,20
504,11,20
5449,8,20
5447,4,20
620,4,20
4797,8,20
5305,11,20
5306,10,20
5307,4,20
5304,35,20
4796,11,20
3967,10,20
5409,39,20
4951,5,20
4952,35,20
1904,8,20
5412,5,20
1241,32,20
4798,0,20
5432,9,20
4800,35,20
5472,10,20
5398,23,20
5399,23,20
5396,35,20
5385,13,20
5380,23,20
5343,35,20
5344,5,20
5403,39,20
5455,10,20
5456,39,20
4442,10,20
4443,35,20
5457,35,20
5458,39,20
5452,39,20
620,26,20
620,32,20
2591,19,20
5342,29,20
5347,8,20
2591,35,20
5294,8,20
75,1,20
5292,15,20
4534,6,20
4802,8,20
4801,26,20
5345,8,20
5384,26,20
3057,19,20
1693,24,20
5383,27,20
5308,1,20
5417,8,20
5288,1,20
5289,8,20
4793,8,20
4792,8,20
4556,6,20
4549,6,20
5350,1,20
5346,8,20
2592,8,20
5310,5,20
5250,24,20
4955,35,20
5468,15,20
5469,8,20
5297,6,20
4537,6,20
5400,38,20
919,35,20
5267,1,20
5268,10,20
5295,22,20
5467,26,20
5309,31,20
1457,28,20
3947,15,20
5287,11,20
5349,8,20
1693,5,20
4943,10,20
5416,10,20
5339,8,20
4553,6,20
5286,39,20
5413,34,20
5411,12,20
5439,8,20
5441,35,20
5443,35,20
5386,35,20
5387,18,20
4416,6,20
5300,4,20
5293,29,20
5379,24,20
5351,5,20
5352,35,20
5353,11,20
5448,35,20
5418,21,20
5311,4,20
5312,4,20
5313,4,20
5298,24,20
5299,24,20
5348,1,20
4340,6,20
3454,19,20
4896,35,20
5283,38,20
4942,1,20
5466,15,20
4378,6,20
4562,8,20
590,11,20
1719,8,20
5315,4,20
5477,8,20
5478,6,20
5479,8,20
5480,38,20
5404,1,20
5405,31,20
5401,9,20
5402,34,20
5285,35,20
2592,11,20
5366,15,20
5367,5,20
5368,35,20
5273,9,20
5274,15,20
5444,35,20
5445,38,20
4956,27,20
5430,17,20
5266,35,20
4414,6,20
5377,4,20
5378,4,20
2688,35,20
4327,8,20
5281,39,20
5358,5,20
5359,5,20
5360,13,20
5388,38,20
5389,24,20
489,11,20
1538,24,20
5317,39,20
5390,35,20
5391,35,20
5392,26,20
5393,23,20
5394,5,20
5361,5,20
5362,6,20
5354,35,20
5424,24,20
3443,10,20
4410,35,20
5328,32,20
5331,8,20
506,11,20
5265,35,20
5429,35,20
2612,25,20
2612,15,20
5296,18,20
5284,35,20
4345,6,20
5369,5,20
5319,35,20
5334,8,20
4557,6,20
5461,8,20
5329,24,20
5326,8,20
5327,8,20
5262,15,20
5263,26,20
5264,26,20
5323,8,20
5324,8,20
5280,5,20
2567,5,20
5321,11,20
5322,4,20
3440,35,20
5423,35,20
5593,24,19
5503,17,19
5600,2,19
5579,8,19
5525,8,19
5599,38,19
5578,8,19
5577,15,19
5576,5,19
5623,5,19
5631,32,19
5630,8,19
5569,35,19
5610,24,19
5571,8,19
5570,4,19
2628,8,19
5526,5,19
5598,15,19
5601,11,19
5568,26,19
5489,8,19
5585,8,19
5584,8,19
5583,24,19
5590,5,19
5622,32,19
5494,4,19
5615,35,19
5611,15,19
5633,24,19
5567,6,19
523,11,19
5588,5,19
5506,27,19
5505,13,19
5504,5,19
5523,8,19
5617,10,19
5492,21,19
91,32,19
5595,39,19
5638,35,19
5123,10,19
3950,15,19
5587,32,19
5586,4,19
5591,25,19
4787,39,19
5509,35,19
5634,35,19
5527,24,19
5636,34,19
5637,26,19
91,26,19
5524,8,19
5508,36,19
5563,1,19
5562,15,19
5561,1,19
5566,1,19
5507,23,19
5620,8,19
5548,1,19
5495,1,19
5511,4,19
5559,5,19
5565,4,19
5564,10,19
5510,35,19
5547,34,19
1823,6,19
5560,32,19
5618,4,19
5612,33,19
5529,24,19
5533,11,19
5528,23,19
5521,6,19
5498,35,19
5619,24,19
5632,5,19
5496,5,19
5621,8,19
5546,4,19
4934,10,19
5513,5,19
5575,8,19
5531,1,19
5530,24,19
5512,8,19
5589,15,19
5259,35,19
2675,11,19
2675,4,19
5501,32,19
5605,37,19
5604,17,19
5603,25,19
5574,2,19
5573,24,19
5572,4,19
5488,8,19
5626,6,19
642,32,19
642,26,19
5581,11,19
5580,11,19
5514,15,19
5625,5,19
5627,8,19
4124,35,19
5497,4,19
1691,8,19
5520,33,19
5519,15,19
5518,24,19
5517,33,19
5516,15,19
5515,37,19
5545,38,19
5544,11,19
5602,15,19
5549,2,19
5624,35,19
5491,8,19
5534,5,19
5540,35,19
5616,4,19
5539,25,19
5538,9,19
5550,8,19
2433,35,19
5537,5,19
5536,38,19
5535,24,19
5499,9,19
1778,28,19
5555,5,19
5558,8,19
5541,11,19
5543,35,19
5542,19,19
5557,5,19
5556,15,19
5278,35,19
5277,27,19
5614,35,19
5582,11,19
5607,15,19
5606,4,19
5635,1,19
5493,24,19
5554,24,19
5553,4,19
5594,1,19
5552,1,19
5551,8,19
5629,35,19
5134,35,19
5303,26,19
5597,10,19
5596,1,19
4267,15,19
5279,4,19
5609,33,19
5608,26,19
5592,31,19
5789,11,18
1620,24,18
5906,38,18
5708,35,18
5907,6,18
5900,11,18
5864,8,18
5849,15,18
5850,1,18
5870,8,18
5869,25,18
5695,28,18
5757,23,18
5756,35,18
5871,35,18
2790,5,18
5664,28,18
5904,36,18
5891,4,18
5890,4,18
1580,35,18
5663,15,18
5662,24,18
4332,15,18
5885,34,18
5715,5,18
5714,8,18
5713,35,18
5718,8,18
5717,8,18
5915,34,18
5914,6,18
5702,35,18
5700,35,18
5699,26,18
5872,24,18
5887,8,18
5672,38,18
5671,11,18
5840,4,18
5839,39,18
5801,25,18
5800,4,18
5799,23,18
5798,23,18
5765,32,18
5764,8,18
5763,8,18
5762,23,18
5678,17,18
5694,1,18
5761,19,18
5760,35,18
1298,19,18
1846,5,18
5693,8,18
5716,10,18
5721,22,18
4936,6,18
5720,5,18
5719,4,18
4389,10,18
5935,8,18
3202,10,18
3979,8,18
5642,6,18
5770,35,18
5769,24,18
5260,15,18
5679,24,18
5835,5,18
5834,5,18
5833,4,18
5832,21,18
591,22,18
4922,6,18
1716,24,18
1716,5,18
5687,8,18
5831,0,18
5485,8,18
5133,8,18
5249,8,18
5704,35,18
5726,35,18
5725,4,18
5724,4,18
5723,38,18
5722,4,18
5707,1,18
5727,8,18
5910,24,18
5613,11,18
5703,35,18
5859,25,18
5657,35,18
5830,39,18
5829,8,18
5863,4,18
2674,35,18
5669,34,18
5668,9,18
4923,6,18
4894,6,18
5836,27,18
5665,38,18
5825,18,18
2796,5,18
5797,4,18
5796,35,18
5795,28,18
5794,8,18
5807,17,18
5242,8,18
5926,8,18
5862,4,18
5838,4,18
5861,23,18
4918,6,18
5793,19,18
5768,35,18
5775,11,18
5774,10,18
5773,24,18
5772,24,18
5771,23,18
5705,35,18
5692,24,18
3384,11,18
5837,4,18
2801,26,18
2801,35,18
5848,26,18
5847,35,18
5846,8,18
5684,8,18
5487,8,18
2799,8,18
5828,6,18
5827,6,18
5826,5,18
2790,35,18
5698,35,18
5697,36,18
2742,4,18
5858,15,18
5873,32,18
5673,4,18
5766,8,18
1494,24,18
5777,32,18
2688,24,18
5776,32,18
5821,0,18
5674,4,18
5675,34,18
2742,5,18
5857,5,18
1354,8,18
5874,35,18
5706,35,18
5767,8,18
5132,8,18
5246,8,18
5654,35,18
5918,35,18
5818,35,18
5817,33,18
5816,19,18
5658,24,18
5728,8,18
5729,1,18
5876,5,18
5875,10,18
5855,8,18
5919,35,18
4935,6,18
2800,34,18
2800,22,18
5819,5,18
5256,0,18
5532,24,18
5139,8,18
5666,5,18
5822,5,18
2657,5,18
5465,35,18
5696,32,18
5502,25,18
5923,36,18
5922,25,18
5815,2,18
5814,9,18
5813,4,18
5737,5,18
1494,18,18
5736,10,18
5735,4,18
5734,8,18
5733,8,18
3396,35,18
5803,4,18
5802,10,18
2798,26,18
5811,8,18
5810,27,18
5925,35,18
5688,1,18
5880,6,18
5879,0,18
5878,1,18
5877,39,18
5778,26,18
4541,15,18
5868,10,18
5867,28,18
5820,5,18
5866,8,18
5845,22,18
5844,22,18
5843,8,18
5747,8,18
5746,38,18
5745,21,18
2788,8,18
2788,11,18
5732,35,18
5731,24,18
5730,5,18
5670,11,18
5806,8,18
5805,4,18
5804,26,18
5742,19,18
5741,5,18
5690,28,18
5740,6,18
5739,6,18
1493,8,18
5738,28,18
5751,10,18
5750,5,18
5785,18,18
5784,35,18
5783,36,18
5660,24,18
5659,24,18
4944,34,18
4941,6,18
5243,10,18
5824,6,18
5823,5,18
2796,6,18
5645,38,18
5921,35,18
4324,26,18
5759,15,18
5758,35,18
5812,8,18
2798,27,18
2799,11,18
4931,6,18
5753,8,18
5744,5,18
5743,5,18
4418,26,18
5884,6,18
5656,4,18
5655,28,18
5886,38,18
5842,17,18
5689,31,18
5752,8,18
591,5,18
5755,35,18
5754,8,18
5710,35,18
5661,38,18
5247,8,18
5749,5,18
5748,39,18
5851,26,18
4427,10,18
4425,15,18
5786,25,18
5787,36,18
5781,5,18
5780,24,18
5779,27,18
5792,4,18
5245,8,18
4542,26,18
5791,4,18
5790,35,18
5898,8,18
4431,26,18
5644,34,18
1620,5,18
3201,35,18
2797,13,18
2797,35,18
5809,4,18
5808,5,18
5667,0,18
1918,8,18
5903,6,18
5782,2,18
5788,26,18
5905,34,18
5902,38,18
5901,35,18
5841,34,18
5852,20,18
6051,38,17
6217,6,17
6216,15,17
6215,5,17
6214,8,17
6055,8,17
6124,8,17
6054,15,17
6053,9,17
6052,38,17
6213,1,17
3035,11,17
3035,8,17
6212,35,17
6211,2,17
6210,4,17
3034,35,17
6208,8,17
6209,35,17
6050,38,17
6049,11,17
6048,38,17
6162,37,17
5686,35,17
6047,6,17
6046,0,17
6045,11,17
6044,11,17
5989,5,17
2193,8,17
6143,4,17
6142,5,17
6141,8,17
6140,4,17
923,5,17
6032,5,17
6031,4,17
6043,25,17
6287,6,17
906,4,17
3024,5,17
3024,35,17
6042,15,17
3007,28,17
6041,4,17
6040,39,17
6207,24,17
6206,5,17
6205,1,17
6204,11,17
6198,15,17
6203,1,17
6299,35,17
5683,17,17
3125,4,17
6284,24,17
6290,4,17
6289,5,17
6288,22,17
6202,17,17
6201,8,17
6027,4,17
3007,4,17
6038,5,17
6037,38,17
6036,8,17
6035,39,17
6039,0,17
6280,12,17
6279,37,17
5958,39,17
6296,8,17
6286,33,17
6285,15,17
6200,15,17
6199,5,17
6025,11,17
6024,8,17
3004,8,17
3004,11,17
6023,24,17
6030,11,17
6029,8,17
6028,8,17
6020,8,17
6197,5,17
3034,19,17
1152,32,17
6277,15,17
6276,9,17
6275,5,17
1561,32,17
6298,8,17
1863,8,17
6312,35,17
6283,33,17
6282,26,17
6281,15,17
6274,9,17
6273,15,17
5681,15,17
6272,35,17
6278,12,17
1152,26,17
6018,1,17
6017,15,17
6016,1,17
6015,39,17
6014,1,17
6026,4,17
6022,11,17
6021,10,17
6034,38,17
6033,24,17
6066,5,17
6065,1,17
4966,5,17
5997,24,17
6269,25,17
6268,25,17
6013,24,17
6012,4,17
6019,4,17
6011,8,17
6010,25,17
6139,8,17
6067,15,17
6136,4,17
5991,10,17
5990,1,17
5993,4,17
5992,5,17
6069,11,17
6068,4,17
6056,8,17
6218,8,17
6137,8,17
6164,24,17
6271,22,17
6270,8,17
5962,17,17
6161,24,17
5680,26,17
6295,22,17
6294,22,17
6127,8,17
6163,24,17
6005,23,17
6171,32,17
6170,38,17
6169,38,17
6168,24,17
6167,4,17
6166,4,17
6165,26,17
6009,32,17
6071,8,17
6070,11,17
6073,24,17
6147,10,17
6146,35,17
6145,38,17
6144,11,17
6150,8,17
6072,39,17
6160,13,17
6159,27,17
6267,22,17
1900,28,17
6266,8,17
5961,39,17
5960,10,17
5959,5,17
6004,39,17
6006,4,17
4948,10,17
3012,11,17
6064,35,17
6259,25,17
6265,25,17
6264,15,17
6256,5,17
6255,23,17
6007,4,17
922,19,17
6174,28,17
6172,38,17
5971,15,17
5522,8,17
3012,8,17
6074,10,17
6304,25,17
6293,5,17
5988,9,17
5987,15,17
5963,8,17
5972,8,17
6179,31,17
6178,1,17
6177,11,17
6176,17,17
6173,11,17
6175,38,17
6263,6,17
6262,0,17
6261,15,17
6260,9,17
6149,39,17
6148,8,17
3030,24,17
6075,8,17
6303,5,17
6076,10,17
6079,4,17
6078,4,17
6077,0,17
6180,4,17
6291,5,17
6258,15,17
6257,8,17
6246,35,17
6254,23,17
6253,26,17
6058,35,17
5968,8,17
5967,5,17
6250,1,17
5966,17,17
5965,39,17
5964,24,17
4287,8,17
6184,35,17
6183,19,17
6182,4,17
6181,17,17
6185,6,17
6301,35,17
6302,15,17
6057,2,17
6083,8,17
6082,21,17
6081,15,17
6135,22,17
6134,5,17
6245,35,17
5970,18,17
5969,29,17
6121,5,17
6186,26,17
6188,6,17
6187,6,17
6252,15,17
6251,0,17
6138,11,17
6080,4,17
5639,8,17
6310,8,17
6084,5,17
6087,11,17
5984,26,17
5983,38,17
5986,15,17
1364,35,17
6189,15,17
5979,29,17
5978,32,17
6249,5,17
6248,23,17
6247,26,17
6128,4,17
6086,1,17
6085,10,17
6088,4,17
3030,5,17
6123,35,17
6122,35,17
6191,4,17
6190,5,17
6292,21,17
796,4,17
5982,25,17
3016,4,17
6089,10,17
6090,9,17
5980,2,17
6222,24,17
6219,13,17
6093,4,17
6092,10,17
6091,11,17
6309,10,17
2516,35,17
5977,32,17
6308,24,17
6095,15,17
3016,28,17
6094,0,17
5973,35,17
6242,5,17
6241,4,17
6158,35,17
5975,8,17
5974,4,17
6220,5,17
6157,17,17
6156,5,17
6155,24,17
6154,24,17
6153,35,17
5254,8,17
6307,35,17
6306,35,17
3018,15,17
3018,25,17
6192,8,17
5124,6,17
6152,5,17
6151,11,17
5677,15,17
3033,27,17
3033,33,17
5939,11,17
6244,4,17
6243,10,17
5957,15,17
6196,8,17
6239,4,17
6238,23,17
6237,32,17
6236,24,17
6194,1,17
5995,8,17
6193,11,17
837,4,17
6008,2,17
6224,35,17
6223,35,17
6221,10,17
6099,8,17
6098,9,17
6097,25,17
6096,15,17
6133,5,17
6132,4,17
6131,5,17
6130,8,17
6129,5,17
5952,8,17
2982,8,17
2982,11,17
5950,8,17
5949,24,17
6195,5,17
5954,8,17
5953,11,17
5955,38,17
5946,15,17
6235,32,17
6234,4,17
6233,11,17
5945,8,17
5944,5,17
5948,5,17
6112,9,17
6119,22,17
6118,6,17
6240,28,17
6305,11,17
6102,6,17
6101,0,17
6100,15,17
835,35,17
6103,8,17
5942,8,17
5941,5,17
6226,39,17
6225,5,17
6232,4,17
6231,0,17
6107,25,17
6106,25,17
6117,8,17
6116,12,17
6115,15,17
6114,9,17
6113,5,17
5956,8,17
5943,5,17
6104,22,17
6111,15,17
6110,35,17
6109,22,17
6108,8,17
756,11,17
5940,4,17
6062,6,17
6300,4,17
3019,11,17
3019,4,17
6105,10,17
5947,4,17
6063,6,17
6230,5,17
6229,21,17
6228,15,17
6227,10,17
5985,11,17
5981,9,17
3052,5,17
6527,5,16
6391,24,16
1346,39,16
6392,19,16
6528,15,16
6529,6,16
6543,10,16
6544,4,16
6545,25,16
6395,28,16
6394,4,16
6393,15,16
6664,35,16
6663,32,16
6505,35,16
6622,5,16
6398,25,16
6397,15,16
6526,6,16
6525,10,16
3131,4,16
6517,38,16
6659,35,16
6657,8,16
6587,23,16
6326,5,16
1701,15,16
6335,4,16
715,5,16
6322,10,16
6413,5,16
6373,8,16
6372,24,16
6321,33,16
6320,24,16
6414,19,16
6319,33,16
6540,36,16
6539,25,16
6538,24,16
6537,8,16
6337,5,16
6336,10,16
6332,22,16
6404,4,16
6693,1,16
6323,8,16
3397,8,16
6412,4,16
6411,31,16
6410,1,16
6553,5,16
5653,1,16
6327,24,16
6333,11,16
2546,35,16
6324,8,16
6614,8,16
6483,35,16
6060,1,16
6487,8,16
86,1,16
6694,32,16
6405,11,16
6489,35,16
6626,24,16
6331,5,16
6330,4,16
6329,4,16
6328,29,16
6615,8,16
6334,8,16
6325,11,16
5976,24,16
6376,5,16
6375,8,16
6419,10,16
6554,15,16
6362,8,16
6579,39,16
6578,6,16
6488,8,16
5125,35,16
6611,32,16
6577,4,16
6582,8,16
6581,19,16
6704,35,16
6634,22,16
6387,18,16
6431,38,16
6378,26,16
6377,4,16
6386,35,16
6491,38,16
6490,11,16
6385,36,16
6484,26,16
6604,15,16
6367,37,16
6366,8,16
6365,4,16
6562,35,16
6689,15,16
3052,4,16
6486,20,16
6485,26,16
6061,34,16
3136,26,16
3136,35,16
6580,35,16
6669,8,16
6608,20,16
6607,26,16
3186,26,16
3186,35,16
6606,26,16
6363,8,16
6633,9,16
6409,17,16
6408,18,16
6603,5,16
6379,39,16
6399,9,16
6407,35,16
6406,19,16
6475,26,16
6493,8,16
6492,15,16
6556,6,16
6555,0,16
6560,8,16
6690,9,16
6369,10,16
6364,8,16
6374,38,16
6482,35,16
6616,38,16
6670,35,16
6360,5,16
6635,22,16
6602,5,16
6567,35,16
6566,15,16
6565,8,16
6474,25,16
6384,8,16
6383,31,16
6382,10,16
6381,4,16
6605,35,16
6513,8,16
6400,27,16
6358,5,16
6357,24,16
6356,24,16
6506,26,16
6359,8,16
6601,38,16
6671,9,16
6627,8,16
6675,35,16
6674,26,16
6673,26,16
6388,4,16
3116,4,16
6672,0,16
6059,24,16
6481,35,16
6361,6,16
6636,5,16
3185,25,16
6575,24,16
6574,17,16
6573,21,16
2741,5,16
6561,8,16
6508,17,16
6429,8,16
6625,4,16
6599,34,16
6598,9,16
3185,15,16
6600,18,16
1919,24,16
6617,2,16
6597,35,16
6596,9,16
6595,28,16
6594,4,16
6583,35,16
3137,5,16
3137,35,16
391,35,16
6628,8,16
6418,8,16
6677,9,16
6676,15,16
6681,6,16
6422,26,16
6355,35,16
5996,35,16
6593,5,16
6592,24,16
6416,35,16
6415,33,16
6630,39,16
6629,10,16
6688,35,16
6687,35,16
6680,0,16
6679,15,16
6678,35,16
6682,35,16
6685,25,16
6684,25,16
6683,35,16
6637,22,16
6692,15,16
6691,9,16
6591,38,16
6590,11,16
6589,11,16
6588,35,16
6460,35,16
6572,5,16
6571,18,16
6576,24,16
6428,35,16
6417,5,16
6352,11,16
6351,17,16
6350,5,16
6568,39,16
3426,8,16
6426,39,16
3129,24,16
5647,11,16
5650,26,16
3129,5,16
6686,35,16
6461,35,16
6345,39,16
6564,8,16
6368,11,16
6344,5,16
6349,26,16
6348,5,16
6354,8,16
6638,35,16
6642,32,16
5453,6,16
5999,4,16
5998,4,16
6353,5,16
6668,15,16
6346,38,16
1538,18,16
6371,35,16
6703,35,16
6632,32,16
6702,35,16
6457,35,16
6456,19,16
6569,5,16
6000,11,16
3116,28,16
6403,5,16
6646,8,16
6645,38,16
6002,19,16
6450,35,16
5451,6,16
6643,24,16
5454,35,16
6370,24,16
6463,5,16
6462,4,16
6503,35,16
5450,6,16
6445,11,16
6339,5,16
6338,8,16
6347,5,16
6649,11,16
6552,35,16
6478,0,16
6477,26,16
6559,8,16
6464,5,16
5649,8,16
6380,18,16
6458,4,16
3170,5,16
3170,35,16
6648,8,16
6504,8,16
6341,1,16
6340,11,16
6455,8,16
3162,13,16
6516,1,16
6618,0,16
4119,5,16
6465,39,16
6466,8,16
6467,9,16
6425,4,16
6424,12,16
5426,10,16
5648,35,16
6343,4,16
6001,31,16
6621,22,16
6620,22,16
6551,6,16
6550,26,16
6549,4,16
6548,4,16
6619,10,16
6547,5,16
6468,15,16
6497,8,16
6496,38,16
6499,38,16
6421,35,16
6420,1,16
6656,38,16
6342,8,16
6586,4,16
6585,8,16
6584,35,16
6666,8,16
6665,38,16
3162,35,16
6003,5,16
1551,32,16
6523,4,16
6522,1,16
6570,5,16
6423,27,16
6402,6,16
6401,0,16
6655,35,16
6654,32,16
3182,25,16
6541,8,16
6531,15,16
6530,6,16
6473,9,16
6472,15,16
6471,4,16
3131,11,16
6470,15,16
6631,36,16
5340,35,16
6469,9,16
6521,5,16
6520,5,16
6515,10,16
6396,39,16
6519,5,16
6518,8,16
2115,24,16
6536,23,16
6542,31,16
6390,4,16
6389,10,16
6624,22,16
6535,0,16
6534,26,16
6533,35,16
6532,35,16
6524,5,16
1537,19,16
6546,2,16
3182,15,16
6768,4,15
6766,26,15
6765,35,15
6773,38,15
6764,35,15
7279,11,15
7278,38,15
6769,4,15
7275,38,15
6623,11,15
7276,12,15
7277,38,15
7446,39,15
7447,24,15
7448,8,15
865,5,15
7073,4,15
6792,8,15
6793,38,15
6794,8,15
7074,28,15
3553,11,15
7075,39,15
7076,8,15
7069,32,15
7077,10,15
7078,11,15
7083,10,15
7084,21,15
7349,8,15
5446,26,15
6931,34,15
6932,38,15
6933,36,15
7063,4,15
7064,8,15
7065,38,15
7066,22,15
7067,8,15
5128,35,15
2192,6,15
7070,1,15
7071,15,15
7072,1,15
782,11,15
7087,5,15
7088,5,15
7089,5,15
7090,39,15
7091,5,15
7092,5,15
7093,8,15
5436,11,15
5437,15,15
6922,11,15
6923,24,15
5440,35,15
6925,8,15
6790,12,15
6791,17,15
3581,4,15
7056,8,15
7068,11,15
1703,32,15
6929,6,15
6930,35,15
7355,4,15
6950,15,15
6951,6,15
6952,8,15
6953,32,15
2541,6,15
6954,1,15
6955,15,15
7343,35,15
7344,26,15
6784,38,15
7346,10,15
7061,29,15
7062,4,15
7051,15,15
7052,24,15
7053,4,15
7054,8,15
7055,10,15
6770,23,15
6771,23,15
6772,25,15
7445,4,15
5920,35,15
7340,5,15
6920,8,15
6786,8,15
7341,11,15
7048,8,15
7049,11,15
7059,5,15
7060,4,15
6956,1,15
901,4,15
7351,32,15
7352,24,15
7353,24,15
7354,4,15
6975,5,15
6976,2,15
7272,1,15
7273,31,15
6707,5,15
6957,5,15
6958,35,15
6749,5,15
6750,11,15
7050,8,15
3553,8,15
7057,8,15
7058,35,15
7347,18,15
7348,5,15
3451,25,15
3451,15,15
7339,11,15
1742,24,15
7358,15,15
7356,27,15
6898,5,15
7342,11,15
6911,6,15
7345,8,15
6708,4,15
5137,10,15
7266,11,15
7267,15,15
7268,1,15
7269,26,15
7270,20,15
7271,38,15
7455,6,15
7456,39,15
6862,35,15
7258,34,15
7259,17,15
7260,22,15
7261,22,15
7262,38,15
7263,11,15
7264,35,15
6746,23,15
6747,35,15
6910,6,15
7338,23,15
7357,10,15
7265,26,15
3567,35,15
3567,26,15
7247,27,15
6736,6,15
6727,1,15
7249,8,15
7250,38,15
7251,38,15
7252,11,15
6896,4,15
6890,35,15
6962,6,15
6959,19,15
3545,11,15
6960,5,15
1781,18,15
6899,4,15
1345,19,15
6948,6,15
6949,38,15
6942,24,15
6943,1,15
6944,4,15
6945,8,15
3425,35,15
3425,26,15
6893,26,15
6709,32,15
6894,20,15
6897,19,15
6895,4,15
7253,5,15
7254,39,15
7255,12,15
7256,34,15
7238,4,15
7257,38,15
6728,8,15
6735,5,15
6755,23,15
7454,35,15
6756,13,15
7240,39,15
7241,38,15
1683,18,15
7102,38,15
6787,38,15
6788,38,15
6789,11,15
6891,35,15
6892,26,15
7336,11,15
7337,4,15
6965,5,15
2189,24,15
6743,15,15
6961,8,15
6917,0,15
2430,35,15
6946,5,15
6947,11,15
7097,4,15
7098,8,15
7099,35,15
7100,17,15
7101,1,15
7332,5,15
7333,10,15
7334,8,15
7335,5,15
7103,6,15
7095,24,15
7096,11,15
6797,11,15
2204,5,15
3581,28,15
7368,9,15
7242,4,15
7243,5,15
7244,26,15
7245,6,15
7246,6,15
7282,1,15
7248,4,15
6757,23,15
6751,11,15
6752,32,15
6847,26,15
6782,25,15
6783,25,15
7329,8,15
6908,35,15
6909,36,15
7359,4,15
7360,18,15
6798,38,15
6795,38,15
6796,11,15
7330,1,15
7331,5,15
7328,35,15
613,5,15
7315,28,15
7316,35,15
6964,10,15
7371,19,15
7372,8,15
7361,4,15
7362,24,15
7363,35,15
7369,0,15
7370,15,15
7366,26,15
7367,11,15
7373,26,15
7374,4,15
7375,4,15
6889,35,15
3544,35,15
6963,15,15
7322,8,15
6900,35,15
7323,39,15
7326,10,15
7327,4,15
6849,29,15
6451,5,15
6452,24,15
7498,35,15
5911,6,15
5912,10,15
6449,8,15
7378,28,15
7379,8,15
5932,35,15
7493,39,15
7494,35,15
5931,6,15
4547,8,15
6801,39,15
6802,6,15
7364,4,15
7365,10,15
7283,35,15
7284,5,15
7285,8,15
7286,8,15
7287,8,15
7288,10,15
7239,5,15
6916,26,15
6753,32,15
6454,15,15
7318,11,15
7319,4,15
7320,8,15
7104,19,15
6907,11,15
7321,8,15
6901,35,15
5482,35,15
5484,39,15
7325,24,15
6940,5,15
1661,15,15
6941,1,15
7376,39,15
6761,11,15
6762,10,15
7317,10,15
7458,26,15
6733,5,15
6734,19,15
6448,4,15
6447,23,15
6934,35,15
6774,8,15
6775,26,15
6776,23,15
6777,23,15
7229,5,15
7230,38,15
7231,35,15
7232,35,15
7233,1,15
7234,5,15
7235,0,15
6880,35,15
2774,1,15
6785,38,15
5701,6,15
7314,4,15
7313,8,15
5933,6,15
7459,25,15
7460,36,15
7389,8,15
7324,8,15
7390,1,15
4546,35,15
4545,6,15
7380,8,15
3584,5,15
7377,39,15
3585,34,15
7393,5,15
7381,15,15
7382,25,15
7383,9,15
7384,15,15
7385,0,15
7398,4,15
7399,2,15
664,5,15
6966,8,15
7386,6,15
7387,9,15
7388,34,15
7403,33,15
7404,35,15
7405,5,15
6881,36,15
6446,8,15
4907,35,15
7444,39,15
7436,35,15
7437,26,15
3586,35,15
3586,26,15
7438,26,15
1783,8,15
7395,5,15
3584,6,15
7396,5,15
7397,6,15
7440,20,15
5908,10,15
7441,6,15
7442,39,15
6979,36,15
6980,35,15
6981,18,15
7434,15,15
7435,33,15
7400,11,15
7401,4,15
7402,19,15
5930,6,15
7406,15,15
7391,10,15
7392,18,15
3585,22,15
6887,35,15
7490,39,15
7394,0,15
6832,29,15
7439,1,15
6977,4,15
6978,8,15
6740,4,15
3400,8,15
3400,11,15
6737,13,15
6738,10,15
6732,35,15
7105,5,15
7111,35,15
624,5,15
7112,24,15
6906,4,15
7488,34,15
7489,36,15
7473,8,15
5471,15,15
7474,39,15
6759,8,15
7481,32,15
7482,35,15
7485,6,15
7472,8,15
5470,8,15
7478,35,15
5475,35,15
7469,39,15
7486,35,15
5481,26,15
7487,38,15
6760,38,15
7106,6,15
7107,5,15
6780,8,15
6781,8,15
1905,28,15
3406,4,15
3406,11,15
7108,26,15
7471,24,15
5927,6,15
6758,27,15
624,22,15
7236,21,15
7237,6,15
7219,8,15
7220,1,15
7221,10,15
7222,18,15
7223,1,15
7224,31,15
7225,4,15
7226,11,15
7227,38,15
6982,27,15
7464,36,15
7465,24,15
7466,35,15
7467,35,15
6967,8,15
6968,23,15
6744,8,15
7113,24,15
2194,24,15
7110,8,15
7123,4,15
7114,6,15
7115,5,15
7116,39,15
7117,17,15
7118,10,15
3556,33,15
3556,27,15
7119,8,15
7120,29,15
3595,13,15
7463,35,15
86,4,15
6990,4,15
6983,8,15
6984,10,15
6985,38,15
6986,4,15
6987,5,15
7429,15,15
6882,35,15
3566,22,15
3566,34,15
7214,5,15
6939,8,15
3545,8,15
3594,35,15
3594,5,15
7462,35,15
6432,8,15
7468,8,15
7461,26,15
3595,35,15
7109,39,15
7311,5,15
3577,8,15
3577,11,15
7312,10,15
7121,8,15
7122,8,15
6718,8,15
3405,11,15
3405,8,15
6938,4,15
7215,0,15
7216,5,15
3564,6,15
7217,5,15
6935,8,15
6936,10,15
6937,8,15
6748,8,15
7430,34,15
7431,39,15
7432,33,15
7433,24,15
6988,4,15
6989,10,15
7128,11,15
7129,11,15
2545,19,15
6433,5,15
6435,4,15
6437,11,15
7307,4,15
7308,5,15
7309,8,15
7310,10,15
7131,23,15
7132,38,15
7133,18,15
7134,31,15
7135,32,15
7136,24,15
1683,24,15
6720,4,15
7124,4,15
7125,35,15
7126,11,15
7127,24,15
7139,23,15
7140,26,15
7141,37,15
7142,24,15
7143,24,15
7144,8,15
7145,6,15
7146,15,15
7147,8,15
7148,35,15
7299,8,15
7300,8,15
6717,8,15
7130,8,15
7304,1,15
7305,15,15
7306,1,15
7149,19,15
7150,4,15
7151,4,15
7137,10,15
7152,8,15
6724,8,15
6729,1,15
6730,15,15
6731,1,15
6719,8,15
3398,8,15
7138,8,15
636,5,15
6444,4,15
7424,12,15
7425,4,15
7426,37,15
7427,8,15
7428,4,15
6974,8,15
7202,35,15
6914,35,15
5951,35,15
7040,8,15
7041,4,15
7042,10,15
7043,5,15
7044,8,15
7045,1,15
7046,8,15
6721,4,15
6722,8,15
6723,38,15
7301,1,15
7302,4,15
7303,22,15
2202,6,15
7039,35,15
7047,8,15
2276,6,15
3398,11,15
6725,8,15
6726,10,15
2545,35,15
7033,35,15
7034,36,15
7035,35,15
7153,24,15
7154,24,15
7156,35,15
7157,8,15
7158,38,15
7159,8,15
7160,26,15
7297,1,15
7298,39,15
7169,26,15
7170,26,15
7036,8,15
7037,5,15
7038,5,15
6823,8,15
6439,5,15
723,5,15
7408,8,15
7409,25,15
7410,25,15
7411,10,15
1152,4,15
7203,35,15
7204,19,15
7205,35,15
7206,8,15
7207,27,15
7208,38,15
7228,10,15
7209,4,15
7210,19,15
7211,33,15
7212,35,15
7213,5,15
3559,4,15
7163,5,15
7164,25,15
7165,36,15
6904,35,15
7031,8,15
7407,25,15
6434,4,15
3411,11,15
3411,8,15
6992,19,15
6993,23,15
6994,23,15
6995,26,15
6996,26,15
6969,15,15
6970,21,15
6971,17,15
6438,32,15
7171,35,15
7172,35,15
7173,35,15
7161,29,15
7162,38,15
6997,10,15
6998,26,15
6999,26,15
7000,35,15
7001,0,15
7423,15,15
2190,5,15
6991,24,15
6883,35,15
6884,26,15
3421,35,15
3421,26,15
6885,26,15
6886,20,15
7166,18,15
7167,24,15
7168,8,15
7295,38,15
7296,4,15
7496,39,15
6441,15,15
6442,39,15
7412,5,15
7413,0,15
613,22,15
7414,21,15
7027,6,15
7028,34,15
7497,38,15
7029,38,15
6443,38,15
6440,1,15
2195,5,15
5934,35,15
7201,11,15
7218,6,15
3548,26,15
3548,27,15
6778,8,15
3404,26,15
3404,27,15
6779,38,15
6919,12,15
7294,4,15
7174,2,15
7175,36,15
7176,35,15
7177,9,15
7026,33,15
7002,27,15
7003,35,15
6739,11,15
7291,24,15
7292,15,15
7293,15,15
7195,4,15
7196,23,15
7197,23,15
3565,26,15
3565,27,15
1501,19,15
6903,35,15
7180,15,15
7181,4,15
6754,31,15
7021,37,15
7022,4,15
7023,26,15
7024,33,15
7025,24,15
124,4,15
7016,35,15
7017,35,15
6742,8,15
7178,35,15
7179,26,15
3562,15,15
7198,4,15
7199,28,15
3564,5,15
7200,8,15
7004,15,15
7005,15,15
7006,25,15
7007,9,15
7013,35,15
6902,6,15
3562,25,15
7186,34,15
7187,10,15
7188,4,15
7018,15,15
7019,9,15
7020,27,15
7415,35,15
7416,15,15
7417,9,15
7418,39,15
7189,35,15
7190,26,15
7191,4,15
7192,5,15
7193,39,15
7194,38,15
7289,4,15
7290,5,15
7014,35,15
7008,5,15
6915,38,15
7422,9,15
7015,35,15
6745,8,15
6741,8,15
6972,8,15
6973,5,15
3559,28,15
7182,4,15
7183,10,15
7184,11,15
7185,9,15
7009,15,15
7010,15,15
7011,25,15
7012,11,15
7419,5,15
7420,4,15
7421,5,15
2123,5,15
6918,5,15
6706,8,15
6763,35,15
5462,26,15
7450,38,15
6297,24,15
7451,38,15
7274,38,15
7350,35,15
6912,24,15
7085,35,15
7086,1,15
7079,8,15
7080,35,15
7081,35,15
7094,38,15
7082,11,15
6767,23,15
7280,11,15
7281,38,15
7871,35,14
7757,4,14
3205,5,14
7799,37,14
7800,24,14
7555,0,14
7556,5,14
7737,4,14
6870,11,14
7543,26,14
3710,25,14
3710,15,14
7544,4,14
6867,4,14
3416,11,14
3416,8,14
6863,8,14
3415,26,14
7860,35,14
7744,19,14
7745,8,14
7655,25,14
7639,24,14
7762,8,14
7763,8,14
7714,19,14
7715,33,14
7723,1,14
5854,6,14
7724,25,14
7653,35,14
7654,35,14
7716,35,14
7717,5,14
7577,4,14
6715,32,14
1808,32,14
7726,4,14
7727,5,14
7656,36,14
7526,10,14
2437,5,14
7841,35,14
7842,11,14
3709,27,14
7525,8,14
7527,6,14
7528,15,14
7529,26,14
7713,2,14
7764,8,14
7732,15,14
7728,4,14
7729,9,14
3972,35,14
3949,13,14
7822,27,14
7619,26,14
3708,5,14
3709,33,14
7730,15,14
7731,34,14
6828,5,14
1746,8,14
6829,6,14
6830,5,14
6822,1,14
7569,8,14
6827,21,14
7743,27,14
7746,4,14
7747,9,14
7748,2,14
7749,15,14
7708,8,14
7709,23,14
7710,23,14
2430,24,14
7706,35,14
7711,15,14
7712,39,14
3949,35,14
7507,35,14
7572,11,14
6817,1,14
6818,8,14
6824,8,14
6825,19,14
7707,26,14
5856,6,14
7742,31,14
7820,8,14
3972,5,14
7640,26,14
7670,35,14
6713,23,14
7647,38,14
6714,8,14
7568,4,14
6812,4,14
6813,8,14
7570,24,14
7701,23,14
7702,5,14
7578,17,14
6826,5,14
6835,6,14
7703,25,14
7704,15,14
7705,35,14
2430,5,14
7697,4,14
7649,8,14
7689,15,14
7736,8,14
7765,35,14
7571,8,14
6821,1,14
3961,8,14
3962,4,14
3962,11,14
7819,5,14
6501,8,14
6502,6,14
3708,35,14
7698,35,14
7699,35,14
7700,26,14
7741,18,14
3961,11,14
7520,6,14
7642,26,14
3449,25,14
7580,11,14
6831,6,14
6459,24,14
7823,26,14
7824,12,14
7522,8,14
7524,8,14
6809,8,14
3409,8,14
6810,15,14
3409,11,14
6819,1,14
6820,15,14
7845,23,14
7846,4,14
2700,19,14
7672,38,14
3397,5,14
6710,4,14
7740,6,14
86,26,14
86,32,14
6811,4,14
6814,38,14
6815,5,14
3449,15,14
7548,9,14
7549,2,14
7739,23,14
1742,18,14
7766,1,14
7847,6,14
7582,5,14
3721,33,14
3721,27,14
1781,24,14
4217,35,14
7537,32,14
3984,24,14
6808,1,14
7565,8,14
5924,10,14
7848,32,14
6816,11,14
7844,4,14
1809,8,14
7767,5,14
6705,6,14
3712,22,14
7850,35,14
6803,1,14
7564,11,14
7695,32,14
7696,32,14
7581,39,14
6806,5,14
6807,10,14
6695,8,14
3201,24,14
6313,4,14
7688,35,14
6805,5,14
6430,15,14
3956,11,14
7584,8,14
6833,24,14
6834,8,14
7692,10,14
7693,39,14
7690,8,14
7769,6,14
7770,38,14
7771,24,14
7772,15,14
7773,6,14
7539,8,14
7509,35,14
3712,34,14
7550,0,14
7551,5,14
3711,6,14
7552,5,14
7553,6,14
7768,11,14
3963,35,14
7694,24,14
7825,8,14
7826,8,14
6838,23,14
6839,24,14
7583,8,14
7491,10,14
7818,5,14
7686,26,14
7687,35,14
667,5,14
7817,8,14
3960,26,14
6836,15,14
3722,35,14
3722,5,14
6837,15,14
7827,15,14
7831,35,14
7828,6,14
3956,8,14
7774,8,14
7775,8,14
7776,6,14
6841,35,14
7587,38,14
7588,8,14
3963,5,14
3711,5,14
7546,39,14
7664,8,14
7777,19,14
7778,5,14
7779,5,14
6804,8,14
7816,27,14
3960,27,14
3959,25,14
3959,15,14
7538,11,14
1903,5,14
7840,8,14
7673,8,14
7674,1,14
3957,5,14
7813,5,14
7814,28,14
7815,35,14
6877,11,14
6878,38,14
7523,1,14
4957,11,14
6640,8,14
7833,35,14
6844,23,14
6840,35,14
7811,23,14
7812,23,14
7806,11,14
7760,5,14
7761,8,14
7547,4,14
7545,17,14
6842,39,14
6843,8,14
910,5,14
7780,4,14
5253,35,14
7508,8,14
7856,35,14
7858,35,14
7562,36,14
7808,24,14
7809,10,14
7807,4,14
7685,26,14
7557,8,14
3723,5,14
6850,35,14
5936,6,14
6311,8,14
7867,35,14
6845,10,14
6846,38,14
3723,4,14
1533,4,14
7853,35,14
7810,4,14
3702,11,14
7784,0,14
7635,35,14
7636,25,14
7637,36,14
7750,4,14
6848,31,14
7506,4,14
6854,35,14
6855,23,14
7554,8,14
7665,12,14
7783,8,14
7644,24,14
7782,8,14
7781,17,14
7788,21,14
7675,1,14
1807,8,14
7751,4,14
6872,8,14
7870,35,14
7561,6,14
7559,12,14
7560,34,14
7793,23,14
7785,4,14
7786,4,14
7787,15,14
7536,4,14
7679,5,14
2700,35,14
2120,28,14
7792,8,14
3957,4,14
6856,4,14
6853,11,14
7596,8,14
6851,8,14
6852,38,14
7521,1,14
7680,13,14
7681,5,14
7682,10,14
7683,5,14
7684,6,14
7677,8,14
7678,5,14
3415,27,14
6868,38,14
7616,5,14
7617,4,14
2516,8,14
6871,12,14
6857,23,14
7593,38,14
7855,35,14
7532,0,14
7533,19,14
7534,15,14
7535,21,14
7789,13,14
7790,6,14
7791,15,14
7803,35,14
7804,4,14
7805,4,14
3426,11,14
7794,35,14
7795,15,14
7796,19,14
7797,17,14
516,11,14
7676,6,14
7754,15,14
7835,35,14
7627,24,14
6860,17,14
6861,26,14
7660,11,14
7659,35,14
7668,35,14
7798,35,14
6873,38,14
6874,8,14
6875,38,14
6876,11,14
6864,8,14
3125,5,14
7691,23,14
6858,25,14
6859,4,14
7752,19,14
7753,8,14
7530,4,14
7531,4,14
7738,4,14
845,4,14
7541,4,14
6865,8,14
7624,4,14
7869,35,14
7608,18,14
7609,4,14
7843,23,14
6866,38,14
7452,26,14
6869,38,14
7558,39,14
7661,8,14
6913,6,14
7802,2,14
7725,25,14
7718,0,14
7719,6,14
7720,11,14
7721,1,14
7722,10,14
7821,4,14
7540,5,14
7542,10,14
7838,35,14
7755,15,14
7756,9,14
7758,9,14
7759,15,14
7801,31,14
5712,10,14
7881,35,13
5916,35,13
7606,5,13
7977,9,13
7963,11,13
7964,38,13
7965,10,13
7610,0,13
636,22,13
7611,21,13
7625,10,13
8153,6,13
4212,22,13
8054,8,13
8053,8,13
8052,38,13
4211,4,13
8051,11,13
4210,5,13
8050,38,13
8049,4,13
8069,34,13
8068,9,13
8067,8,13
8066,21,13
700,22,13
4225,11,13
7950,11,13
7949,6,13
7981,8,13
7980,37,13
7978,15,13
7988,33,13
7987,15,13
7614,22,13
7945,34,13
7944,9,13
3724,6,13
7605,5,13
7604,0,13
7603,5,13
3725,34,13
3725,22,13
7601,9,13
7600,25,13
7599,15,13
7598,23,13
8034,8,13
4071,28,13
7942,39,13
7986,24,13
7985,33,13
7612,34,13
7982,15,13
7948,0,13
7947,15,13
7940,15,13
7597,23,13
3724,5,13
7933,5,13
7932,38,13
7931,28,13
7930,9,13
7499,6,13
7613,22,13
8033,15,13
7501,6,13
7500,6,13
7590,4,13
4440,35,13
7941,28,13
4071,4,13
7594,0,13
7938,4,13
7595,4,13
7585,8,13
8260,35,13
7615,6,13
7989,10,13
8005,24,13
7589,8,13
7502,6,13
7926,11,13
7925,11,13
7923,10,13
7922,1,13
1462,19,13
7937,5,13
7592,26,13
7591,35,13
8269,35,13
869,4,13
7878,24,13
7621,8,13
8103,8,13
8102,8,13
7912,8,13
8253,34,13
8252,17,13
8107,5,13
8106,11,13
8105,8,13
8104,11,13
7586,18,13
7913,15,13
8254,11,13
7914,8,13
7902,8,13
7910,8,13
7907,5,13
8115,35,13
8114,11,13
8101,24,13
8100,11,13
8250,6,13
8249,6,13
1881,32,13
8110,18,13
8112,4,13
8111,10,13
8251,5,13
8109,32,13
8108,1,13
4222,34,13
4222,22,13
8122,2,13
8121,9,13
8120,4,13
8130,22,13
8124,0,13
8119,39,13
4221,5,13
8118,4,13
8117,4,13
8113,4,13
8116,1,13
7579,5,13
8007,36,13
8006,25,13
8138,5,13
8136,22,13
8135,5,13
8134,8,13
8133,21,13
667,22,13
8132,0,13
8131,8,13
3384,8,13
8129,8,13
8128,8,13
8127,6,13
8126,5,13
4221,6,13
8125,5,13
8123,5,13
7903,8,13
8142,22,13
8141,22,13
8140,34,13
3984,35,13
8137,39,13
7900,8,13
7905,39,13
7576,10,13
7575,5,13
7574,13,13
7904,39,13
8248,35,13
8247,35,13
8246,6,13
8245,1,13
8031,38,13
8030,24,13
8029,8,13
1477,4,13
7898,4,13
8239,4,13
6609,24,13
8039,10,13
8038,32,13
8037,4,13
8036,11,13
8035,1,13
8139,12,13
8145,22,13
8144,6,13
8143,10,13
7573,1,13
2759,35,13
7515,26,13
8148,35,13
8147,8,13
7899,5,13
8099,4,13
8098,4,13
8268,8,13
8244,6,13
8243,35,13
8242,35,13
8241,19,13
8240,35,13
7901,10,13
8032,11,13
7893,5,13
8097,0,13
7891,8,13
7890,8,13
7889,4,13
8261,8,13
7892,8,13
7567,8,13
7566,15,13
7877,32,13
8266,35,13
7895,4,13
2759,19,13
8238,15,13
846,11,13
6315,24,13
8235,23,13
8234,23,13
8233,26,13
4233,35,13
8232,38,13
8040,8,13
8096,10,13
8237,17,13
8236,35,13
8262,8,13
7880,27,13
7879,35,13
8028,11,13
8027,19,13
1461,4,13
7563,8,13
5994,35,13
8044,4,13
8043,1,13
8042,10,13
8041,4,13
8222,35,13
8221,35,13
8220,35,13
8219,1,13
8228,35,13
8227,38,13
8223,35,13
8231,35,13
8230,26,13
8229,26,13
4233,13,13
8025,15,13
8024,4,13
700,5,13
7994,15,13
8023,5,13
8022,5,13
8021,6,13
4215,11,13
4215,8,13
1938,8,13
7995,8,13
8263,8,13
8218,31,13
8226,5,13
8225,23,13
8224,26,13
8016,4,13
8015,10,13
8014,10,13
4208,11,13
8008,35,13
4208,8,13
8013,24,13
1741,1,13
6125,1,13
821,5,13
6712,25,13
8018,35,13
8020,6,13
8019,1,13
7887,22,13
8026,21,13
8207,32,13
3205,4,13
8214,24,13
8213,24,13
8212,23,13
8211,24,13
7885,22,13
8210,35,13
8150,8,13
4223,8,13
4223,11,13
7886,5,13
8002,11,13
8215,35,13
8217,29,13
8017,4,13
8193,5,13
8192,5,13
8191,18,13
8204,35,13
8203,15,13
8202,8,13
4231,27,13
4231,33,13
8209,8,13
8201,8,13
8200,17,13
8199,39,13
8198,24,13
8197,24,13
8205,29,13
8208,15,13
8180,35,13
8179,39,13
8190,8,13
8189,5,13
8188,26,13
6716,35,13
8095,4,13
8196,5,13
8195,26,13
8185,6,13
8184,35,13
8183,5,13
8182,11,13
8206,35,13
2652,24,13
8194,6,13
4228,11,13
2970,8,13
8094,8,13
8264,8,13
8265,8,13
7998,0,13
4230,35,13
8178,2,13
7996,35,13
8001,26,13
4230,5,13
7884,22,13
7883,2,13
8187,5,13
8186,35,13
8181,5,13
8169,11,13
8168,5,13
124,32,13
124,26,13
7504,6,13
2743,35,13
8171,1,13
8170,35,13
8000,24,13
8175,32,13
8174,8,13
8173,8,13
4227,35,13
8172,11,13
8177,5,13
8176,38,13
4068,13,13
4068,35,13
8093,10,13
8092,8,13
8048,4,13
8047,5,13
8046,38,13
8045,39,13
4228,8,13
8167,8,13
8166,11,13
4227,19,13
8163,5,13
8152,27,13
7503,6,13
8151,35,13
8085,15,13
8084,9,13
8083,9,13
8082,15,13
8081,4,13
7671,1,13
2621,5,13
8162,8,13
8161,35,13
8160,8,13
7999,8,13
8012,4,13
1533,32,13
1533,26,13
8165,29,13
8164,8,13
8075,11,13
8074,38,13
4214,11,13
4214,4,13
8073,39,13
8072,6,13
8071,0,13
8070,15,13
4213,8,13
4213,11,13
8091,8,13
8090,22,13
8089,22,13
8088,5,13
8087,34,13
8086,8,13
4225,4,13
8065,0,13
8064,6,13
8063,11,13
8062,8,13
8061,5,13
4211,28,13
8060,15,13
8059,6,13
8058,5,13
4210,6,13
8080,12,13
8079,38,13
8078,5,13
8077,8,13
8076,38,13
8267,8,13
8010,24,13
8057,5,13
8056,0,13
8055,5,13
4212,34,13
8158,8,13
8157,8,13
8156,12,13
4226,8,13
4226,11,13
7882,8,13
8155,11,13
8011,35,13
8154,35,13
8159,1,13
7955,11,13
7652,24,13
7974,6,13
7973,6,13
7972,4,13
7971,9,13
7970,15,13
7983,5,13
7839,35,13
7966,6,13
7954,4,13
7602,15,13
7951,5,13
7958,25,13
7957,15,13
7607,6,13
8361,32,12
8942,8,12
2546,5,12
8586,32,12
2546,24,12
4940,5,12
8580,2,12
8579,4,12
8578,6,12
8575,8,12
8574,4,12
5895,10,12
8573,8,12
8572,8,12
5892,8,12
7516,6,12
5896,5,12
8597,0,12
4429,5,12
8594,8,12
5899,19,12
8610,8,12
8276,25,12
8519,8,12
8518,26,12
8317,8,12
8477,28,12
8479,8,12
8316,35,12
8366,8,12
7990,22,12
8360,1,12
8746,8,12
682,5,12
8481,8,12
8914,8,12
8913,8,12
8912,8,12
8911,8,12
8909,8,12
8923,8,12
8922,8,12
8920,8,12
8918,8,12
7992,18,12
8738,8,12
8476,26,12
8521,26,12
8365,5,12
4429,4,12
8571,8,12
4426,11,12
8603,8,12
8569,8,12
7662,8,12
8270,8,12
8939,8,12
8504,25,12
8503,25,12
8502,28,12
825,11,12
8601,6,12
8598,26,12
7859,8,12
8859,8,12
8441,8,12
8567,17,12
8568,35,12
4421,13,12
8916,8,12
7979,4,12
8730,36,12
6667,26,12
8729,35,12
8727,8,12
8725,11,12
8744,8,12
8743,8,12
7991,12,12
7968,22,12
7984,4,12
8359,39,12
8723,24,12
8722,8,12
8721,24,12
8719,39,12
8718,35,12
6660,15,12
8717,8,12
8742,38,12
7457,10,12
7976,5,12
7975,39,12
8358,36,12
7837,8,12
8277,11,12
4323,4,12
8716,6,12
8255,34,12
8737,8,12
8735,8,12
8734,8,12
8733,8,12
7969,38,12
7961,2,12
7960,10,12
7959,1,12
7836,8,12
8905,8,12
7868,8,12
8901,8,12
8475,8,12
8731,38,12
7967,5,12
4421,35,12
8506,35,12
8501,38,12
8500,34,12
6514,26,12
8499,36,12
8564,24,12
7155,24,12
8566,5,12
8565,13,12
4400,15,12
4400,25,12
8710,8,12
8709,8,12
8707,8,12
8257,0,12
8715,8,12
7953,31,12
7952,1,12
7962,22,12
6905,8,12
4420,24,12
4420,5,12
7641,8,12
8854,24,12
8855,8,12
8448,35,12
4419,5,12
4419,35,12
8562,6,12
8700,8,12
7946,38,12
8691,11,12
8689,24,12
8688,8,12
5917,10,12
8713,8,12
7943,39,12
7956,5,12
8352,38,12
8671,8,12
7993,26,12
6651,15,12
8705,8,12
8704,8,12
6658,26,12
8695,35,12
8522,35,12
8935,8,12
6511,6,12
8497,38,12
8496,35,12
7663,6,12
8507,8,12
8498,6,12
8563,35,12
7643,8,12
8447,35,12
8850,8,12
8848,8,12
4323,5,12
7863,8,12
8871,8,12
8870,8,12
8677,6,12
5913,5,12
8675,8,12
8674,32,12
7934,10,12
7939,4,12
8928,8,12
1941,8,12
8687,24,12
8685,39,12
8684,35,12
7834,8,12
8696,38,12
8927,8,12
5937,8,12
8924,8,12
8274,8,12
7936,4,12
7935,10,12
8273,8,12
8683,8,12
8682,8,12
8693,8,12
8474,36,12
8473,25,12
6647,26,12
8662,6,12
8661,36,12
8660,8,12
8659,8,12
8657,39,12
8668,4,12
8667,8,12
8664,38,12
8663,34,12
8869,8,12
8867,8,12
8864,8,12
8613,8,12
8612,8,12
894,11,12
8449,8,12
8938,8,12
8936,8,12
8439,1,12
8839,8,12
8844,8,12
7857,8,12
8841,8,12
7924,11,12
8647,8,12
8646,34,12
7865,8,12
905,4,12
8651,35,12
7920,8,12
7919,4,12
8638,8,12
8899,8,12
8897,8,12
3197,8,12
8650,38,12
7929,35,12
7928,36,12
7927,8,12
3981,8,12
8482,35,12
8440,34,12
8493,11,12
8492,8,12
6512,24,12
8319,5,12
8846,8,12
7862,8,12
8853,32,12
8851,8,12
8614,23,12
7874,23,12
8873,8,12
7864,10,12
8876,8,12
8636,8,12
8472,35,12
8644,8,12
8643,38,12
8642,35,12
8641,32,12
8653,32,12
7918,19,12
7917,0,12
7829,8,12
8631,8,12
8629,8,12
8634,35,12
7916,4,12
7915,4,12
7921,23,12
8875,8,12
8874,8,12
7876,4,12
7875,38,12
8320,39,12
8450,32,12
8615,8,12
6510,15,12
6509,35,12
8622,5,12
7830,8,12
5909,15,12
8621,26,12
8628,38,12
8523,8,12
7911,10,12
7906,10,12
4217,24,12
8343,35,12
8342,8,12
8619,4,12
7909,6,12
7908,18,12
4125,32,12
4125,26,12
8468,35,12
8469,9,12
8637,8,12
753,11,12
8624,8,12
8623,4,12
8515,8,12
8514,8,12
8513,8,12
8512,8,12
134,38,12
8510,8,12
7667,8,12
7873,11,12
4893,5,12
8560,8,12
6494,15,12
8561,35,12
2701,28,12
8466,35,12
8528,38,12
8529,17,12
8471,8,12
7651,35,12
8620,4,12
8524,25,12
8525,36,12
8470,8,12
8931,8,12
8333,17,12
597,11,12
8540,1,12
8539,5,12
8538,38,12
6610,26,12
8537,38,12
8535,8,12
8534,8,12
7631,8,12
7648,35,12
8526,38,12
8527,38,12
8451,8,12
8486,8,12
8321,21,12
664,22,12
7872,8,12
8617,38,12
8616,8,12
8836,8,12
8835,8,12
8280,24,12
574,11,12
8618,8,12
8340,35,12
8339,10,12
8338,38,12
8929,8,12
8337,8,12
8546,4,12
8545,4,12
8531,5,12
8530,8,12
8934,8,12
8933,8,12
8932,8,12
8335,5,12
8334,11,12
7897,24,12
5881,5,12
8551,8,12
5883,10,12
5882,35,12
8549,8,12
8533,15,12
757,15,12
8464,8,12
7733,8,12
8542,0,12
8541,8,12
2547,6,12
8332,5,12
7894,8,12
8460,8,12
6500,15,12
5853,35,12
8461,10,12
8556,8,12
3549,8,12
8336,8,12
5641,10,12
5938,5,12
8216,35,12
8457,38,12
8456,34,12
8452,11,12
6498,26,12
8517,8,12
8453,8,12
8879,8,12
8878,8,12
8315,35,12
8888,8,12
8458,8,12
4945,8,12
7896,22,12
8329,5,12
8749,8,12
8548,8,12
8554,6,12
8553,26,12
7646,10,12
4535,11,12
7851,35,12
8330,35,12
8757,38,12
8754,8,12
4539,8,12
8753,12,12
8894,8,12
8893,8,12
8892,8,12
8891,8,12
8278,35,12
8889,8,12
8758,8,12
5928,19,12
8769,8,12
8768,8,12
8766,8,12
8764,8,12
5643,19,12
8288,26,12
4535,4,12
8294,36,12
8293,35,12
4536,35,12
8751,35,12
8833,8,12
8887,8,12
8886,8,12
8884,8,12
8882,8,12
8880,8,12
8438,8,12
8435,37,12
2562,24,12
7633,8,12
8775,35,12
6696,8,12
8785,8,12
8286,6,12
8429,35,12
8327,8,12
8285,31,12
8784,8,12
5251,11,12
7849,8,12
4536,13,12
8290,8,12
8762,8,12
8760,8,12
6700,8,12
6699,38,12
8283,8,12
8282,0,12
82,8,12
5676,34,12
4512,15,12
4512,25,12
8430,18,12
8281,8,12
8763,8,12
8781,8,12
8779,8,12
8778,38,12
8426,28,12
8771,26,12
2743,24,12
2743,5,12
8483,26,12
8830,8,12
8828,8,12
8826,8,12
8825,35,12
8823,8,12
8814,24,12
8810,8,12
8809,8,12
8808,8,12
8806,8,12
8434,8,12
8433,11,12
8484,8,12
8436,10,12
8812,8,12
8818,38,12
8817,8,12
7492,10,12
7634,8,12
8322,26,12
8437,5,12
8821,8,12
8820,8,12
5691,35,12
8362,32,12
7513,8,12
7512,8,12
8364,11,12
8363,8,12
8318,35,12
4426,8,12
8585,39,12
8583,25,12
8581,10,12
8592,35,12
8591,8,12
5897,6,12
8590,8,12
610,11,12
8589,8,12
8588,11,12
8940,8,12
2824,5,12
8520,35,12
7518,8,12
8312,35,11
8308,35,11
835,1,11
9220,22,11
9215,0,11
9218,34,11
9219,22,11
9242,15,11
9243,8,11
9185,8,11
8302,4,11
3424,26,11
3424,32,11
8946,24,11
9141,35,11
9142,26,11
9143,5,11
9144,26,11
9145,1,11
9146,31,11
9147,19,11
9148,35,11
9225,25,11
9137,23,11
9138,4,11
8968,8,11
8969,39,11
9131,2,11
9132,29,11
9130,35,11
8970,11,11
8971,32,11
8972,8,11
9133,35,11
9134,6,11
9135,8,11
9136,5,11
9151,29,11
9183,36,11
9184,35,11
9129,35,11
9248,8,11
8427,35,11
9245,8,11
9246,38,11
9244,8,11
9227,31,11
9198,25,11
8966,35,11
9200,8,11
9170,8,11
9149,5,11
9150,29,11
9139,25,11
9140,8,11
9169,32,11
9192,35,11
9193,15,11
9194,1,11
9195,10,11
8331,29,11
9226,1,11
5126,4,11
9199,11,11
8272,15,11
6612,15,11
9197,39,11
9223,5,11
9224,35,11
8296,8,11
8297,35,11
9167,8,11
4909,28,11
9188,5,11
8973,4,11
4789,11,11
2916,24,11
9189,39,11
4910,4,11
4910,11,11
3702,8,11
9168,35,11
8301,5,11
8303,8,11
8422,6,11
1944,32,11
9172,15,11
4909,4,11
8423,4,11
8344,15,11
8341,37,11
8974,24,11
682,22,11
4789,8,11
9221,24,11
9222,38,11
8298,8,11
7638,35,11
9201,8,11
8306,28,11
9166,5,11
8346,5,11
8347,11,11
9230,11,11
8419,34,11
8418,5,11
8420,22,11
8421,22,11
9177,15,11
9178,8,11
8411,4,11
4337,22,11
4337,34,11
8415,21,11
8416,39,11
9228,5,11
9229,4,11
8300,5,11
9258,35,11
4336,6,11
9267,2,11
8414,0,11
8345,21,11
8409,5,11
8410,10,11
8348,18,11
5276,35,11
8404,5,11
8405,0,11
8406,5,11
2117,28,11
8412,1,11
8413,31,11
9165,35,11
9164,35,11
8665,8,11
5628,8,11
8407,5,11
8408,6,11
9174,24,11
4336,5,11
8680,26,11
9176,35,11
8401,26,11
8402,23,11
8395,4,11
8350,1,11
9231,11,11
8396,5,11
8397,4,11
8398,9,11
8399,2,11
8400,5,11
8403,23,11
5135,4,11
8392,5,11
8384,4,11
8353,4,11
8354,9,11
8355,2,11
8975,8,11
8394,39,11
9153,15,11
9163,11,11
9205,25,11
8967,5,11
9182,12,11
9204,32,11
8356,8,11
8387,23,11
8388,35,11
8389,35,11
8390,26,11
8391,23,11
9202,26,11
9203,8,11
9155,15,11
8505,5,11
9207,8,11
9206,17,11
8380,5,11
8381,5,11
8382,23,11
8385,8,11
8386,35,11
8393,39,11
8259,6,11
8383,4,11
8357,39,11
8376,1,11
2762,6,11
8377,1,11
9241,10,11
8371,4,11
8368,8,11
8372,6,11
8379,15,11
8374,21,11
8375,11,11
9157,5,11
9156,8,11
9158,35,11
9154,5,11
4917,34,11
9210,5,11
9211,0,11
9212,5,11
4915,6,11
9213,5,11
9214,6,11
8009,8,11
5685,5,11
9186,35,11
9187,35,11
8378,8,11
1863,26,11
8369,4,11
8370,4,11
8373,15,11
1863,32,11
4334,19,11
4334,35,11
614,22,11
9216,21,11
9217,38,11
4915,5,11
9209,38,11
4917,22,11
9175,6,11
8979,8,11
4908,35,11
4908,5,11
8305,24,11
8313,1,11
8314,34,11
2756,5,11
8307,26,11
8309,35,11
9091,19,10
9835,8,10
9277,5,10
4318,8,10
8941,6,10
9090,35,10
9628,25,10
9629,36,10
9085,23,10
9086,25,10
9832,37,10
9670,8,10
9836,4,10
9283,8,10
9347,35,10
8957,26,10
8951,8,10
8299,8,10
9233,25,10
9232,35,10
8428,10,10
8271,6,10
8868,6,10
8444,6,10
9631,35,10
9756,5,10
8445,10,10
8446,6,10
9348,39,10
8849,6,10
8425,6,10
9766,2,10
8948,8,10
9765,17,10
8431,10,10
9350,35,10
9764,25,10
8866,6,10
9093,8,10
9068,11,10
3054,35,10
3054,24,10
9069,11,10
8958,35,10
8956,10,10
9345,39,10
9282,4,10
9858,0,10
9857,26,10
7484,19,10
9665,35,10
8480,6,10
8906,6,10
8424,10,10
9784,24,10
9783,35,10
8865,6,10
8443,6,10
4893,4,10
8847,6,10
9725,35,10
9008,10,10
9007,15,10
9006,1,10
4795,5,10
4795,35,10
9005,0,10
9351,39,10
8432,6,10
2487,24,10
4803,26,10
9095,38,10
1810,9,10
9785,39,10
9161,4,10
9160,35,10
8877,6,10
9092,8,10
8697,6,10
8459,6,10
8862,35,10
9623,38,10
9622,4,10
9621,5,10
9620,20,10
8442,6,10
9625,39,10
9757,8,10
1918,4,10
9763,36,10
8478,6,10
9664,35,10
9902,39,10
9762,25,10
9760,13,10
9759,8,10
4788,28,10
4788,4,10
8845,6,10
4074,22,10
8930,6,10
9676,39,10
8508,6,10
8509,10,10
9610,38,10
9609,4,10
9624,24,10
9887,39,10
9886,35,10
8863,6,10
9635,32,10
9634,35,10
9094,15,10
9596,27,10
9595,39,10
9619,26,10
9618,10,10
9617,11,10
9616,11,10
5337,26,10
5337,35,10
9615,26,10
9614,35,10
9613,8,10
9612,38,10
9611,8,10
9675,39,10
9606,39,10
9605,11,10
9604,38,10
9603,38,10
9602,4,10
9601,8,10
9600,12,10
9599,4,10
9598,4,10
9597,12,10
8786,6,10
8805,6,10
9779,38,10
8907,6,10
9081,4,10
9080,35,10
9761,8,10
9352,35,10
9726,23,10
8903,10,10
9589,38,10
9588,5,10
9587,8,10
9586,35,10
9585,35,10
5336,11,10
5336,4,10
9608,12,10
9097,22,10
9096,8,10
5474,8,10
8807,6,10
9607,26,10
4804,13,10
4804,35,10
9101,28,10
9100,8,10
9099,11,10
9098,17,10
8511,6,10
8925,6,10
8926,10,10
9591,4,10
7861,10,10
9590,4,10
8902,6,10
8904,35,10
9662,35,10
9126,8,10
9257,6,10
9767,10,10
9013,21,10
8961,35,10
8960,19,10
8959,35,10
9012,19,10
9566,11,10
9580,11,10
5335,8,10
5335,11,10
9579,39,10
9578,8,10
9577,4,10
9576,31,10
9575,1,10
9594,5,10
2569,32,10
9593,26,10
9592,5,10
8648,6,10
9103,19,10
9102,27,10
7476,10,10
9559,34,10
9558,9,10
9557,11,10
9556,27,10
9555,4,10
9554,39,10
9570,35,10
9569,35,10
9568,10,10
9567,1,10
8921,6,10
4803,27,10
8666,6,10
9875,35,10
8811,6,10
9011,35,10
3054,18,10
9010,8,10
9009,11,10
9656,35,10
9660,34,10
9659,1,10
9829,8,10
9831,39,10
9830,4,10
9067,24,10
3443,28,10
9583,8,10
9582,5,10
9581,38,10
9561,8,10
9560,8,10
9658,36,10
9657,24,10
9127,22,10
8963,35,10
8962,35,10
7477,5,10
8947,5,10
8953,5,10
9354,35,10
8950,5,10
9550,17,10
9549,35,10
9548,23,10
9547,23,10
9546,26,10
5332,28,10
9565,5,10
9584,10,10
9066,8,10
8900,6,10
9720,24,10
9719,38,10
8843,8,10
9128,5,10
8467,8,10
9900,39,10
8898,6,10
9655,39,10
8516,6,10
9107,6,10
9106,5,10
9105,35,10
9104,33,10
9650,10,10
9649,1,10
9723,17,10
8896,6,10
9654,6,10
9653,35,10
7866,10,10
9018,35,10
9651,35,10
8917,6,10
9680,8,10
73,11,10
9679,8,10
9063,8,10
9062,1,10
9061,8,10
8699,6,10
9574,17,10
9573,18,10
9572,35,10
9571,19,10
9562,5,10
9542,4,10
9541,4,10
9540,10,10
9539,11,10
9538,4,10
9537,11,10
9536,28,10
9553,2,10
9552,9,10
9065,37,10
9064,29,10
9777,35,10
9646,35,10
8964,5,10
9722,8,10
9721,19,10
9079,27,10
9017,13,10
9016,19,10
9015,26,10
9014,6,10
9644,35,10
9863,39,10
9861,6,10
5474,11,10
9860,8,10
9543,8,10
9564,33,10
9563,19,10
9827,11,10
9683,8,10
9828,10,10
8822,6,10
6921,4,10
9877,35,10
9551,4,10
8635,6,10
9841,8,10
9840,35,10
9682,8,10
9684,39,10
9825,8,10
9114,4,10
9533,1,10
5330,5,10
3444,5,10
9532,35,10
9545,39,10
9544,38,10
9111,11,10
9110,18,10
9109,22,10
9108,8,10
4805,8,10
8824,6,10
9516,36,10
8570,6,10
9884,38,10
9535,10,10
8701,6,10
7032,19,10
9751,0,10
9750,35,10
9534,4,10
9685,35,10
9688,35,10
9078,10,10
9077,24,10
9076,24,10
5126,5,10
9749,8,10
9873,8,10
9531,35,10
9530,35,10
9529,26,10
9528,26,10
3055,28,10
9113,17,10
9112,38,10
9082,29,10
9689,8,10
8915,6,10
2075,19,10
9521,26,10
9520,38,10
9519,4,10
5332,4,10
8703,35,10
9518,35,10
9517,10,10
8752,6,10
8750,6,10
9843,25,10
9842,11,10
5476,4,10
9787,35,10
9747,24,10
9845,4,10
4805,11,10
8702,10,10
9788,39,10
8861,35,10
9883,39,10
9527,15,10
9526,5,10
9525,23,10
9524,26,10
9523,35,10
9522,35,10
9084,23,10
9083,11,10
9818,8,10
9817,32,10
9821,39,10
9849,8,10
9848,35,10
9512,19,10
9511,24,10
9510,31,10
9509,5,10
9508,38,10
9507,8,10
9506,38,10
9505,24,10
9504,18,10
8736,6,10
3454,5,10
9641,5,10
9645,39,10
9809,35,10
9717,4,10
9716,4,10
8955,8,10
9643,6,10
9642,35,10
9692,4,10
9691,11,10
5442,4,10
9502,23,10
9501,29,10
9500,5,10
9499,31,10
9498,32,10
9497,32,10
9496,26,10
9495,4,10
9513,28,10
9819,8,10
9816,24,10
9815,35,10
9690,25,10
9694,8,10
9693,32,10
9486,38,10
9485,24,10
9484,32,10
9483,32,10
9746,8,10
9503,13,10
6926,35,10
9813,4,10
9118,4,10
9472,4,10
9471,8,10
9494,8,10
5330,4,10
9493,11,10
9515,35,10
9514,25,10
9491,8,10
9490,23,10
9489,38,10
9488,10,10
9487,8,10
9820,35,10
9482,1,10
5709,24,10
9481,35,10
9479,26,10
9478,32,10
9477,24,10
9476,24,10
9475,5,10
9474,18,10
9473,11,10
9850,8,10
7480,35,10
8748,6,10
9812,4,10
9811,5,10
9814,11,10
9463,24,10
9461,24,10
9460,8,10
9459,35,10
9123,4,10
9122,4,10
9121,5,10
9697,24,10
9117,5,10
9116,5,10
9115,8,10
9480,35,10
9492,39,10
8842,6,10
9718,11,10
9727,4,10
9234,36,10
8783,6,10
9728,4,10
9897,39,10
9332,8,10
5438,35,10
9120,4,10
9119,27,10
9776,8,10
9468,23,10
9467,4,10
9466,8,10
9465,4,10
8881,6,10
9464,4,10
9455,24,10
6927,10,10
9454,8,10
9453,6,10
9452,8,10
9462,35,10
9470,8,10
9469,10,10
8965,26,10
9666,35,10
9022,6,10
9021,4,10
9024,8,10
9023,4,10
9896,10,10
9190,10,10
9447,8,10
9446,8,10
9445,35,10
9851,11,10
6924,5,10
6799,5,10
9444,2,10
5325,35,10
9443,17,10
8706,6,10
8770,6,10
9458,24,10
9457,11,10
9456,11,10
9730,8,10
5420,13,10
8895,6,10
9334,6,10
9699,0,10
5442,5,10
8827,6,10
9434,17,10
9433,35,10
8767,6,10
8708,6,10
8765,6,10
9744,35,10
5325,5,10
9451,5,10
9450,29,10
9449,8,10
9448,10,10
781,11,10
9436,35,10
9442,39,10
9441,24,10
9440,24,10
9439,35,10
9438,4,10
9437,11,10
843,5,10
9435,8,10
9333,8,10
9667,35,10
5419,24,10
5419,5,10
9638,39,10
9020,10,10
9019,5,10
9036,8,10
9035,38,10
9034,6,10
9033,26,10
9032,18,10
9031,5,10
9030,38,10
9732,8,10
9426,21,10
3225,18,10
8611,6,10
8860,6,10
9636,39,10
3440,24,10
5320,11,10
5320,8,10
9432,10,10
9431,24,10
9430,39,10
5476,5,10
9852,24,10
9701,35,10
8977,8,10
8978,12,10
9338,8,10
9774,39,10
9339,10,10
1461,26,10
1461,32,10
9702,26,10
6928,19,10
9409,1,10
9408,15,10
9407,1,10
8256,6,10
9060,24,10
4119,6,10
9429,26,10
9428,5,10
9427,39,10
8328,6,10
7483,10,10
8976,6,10
5420,35,10
5421,15,10
5421,25,10
5422,11,10
5422,4,10
9715,35,10
9714,28,10
9004,5,10
9003,5,10
9002,6,10
9772,24,10
8949,11,10
6879,35,10
9059,35,10
9403,8,10
9402,28,10
9420,8,10
9419,18,10
9418,10,10
9417,4,10
8857,6,10
9410,11,10
9704,6,10
9340,4,10
9396,8,10
9395,24,10
9406,8,10
9405,35,10
9425,8,10
9424,8,10
9423,38,10
9422,10,10
9421,6,10
9058,23,10
8711,10,10
8829,6,10
9125,8,10
9124,17,10
8954,5,10
8712,6,10
9742,35,10
8883,6,10
5316,35,10
9398,8,10
9397,8,10
9342,15,10
9341,25,10
9810,2,10
9001,1,10
9000,1,10
8999,35,10
8998,4,10
8997,22,10
9731,39,10
8782,6,10
4118,35,10
9389,1,10
9388,5,10
9387,4,10
5500,5,10
9416,24,10
9415,38,10
9414,4,10
9413,8,10
9412,39,10
9411,8,10
5318,11,10
8885,6,10
9790,39,10
9052,8,10
9384,11,10
5282,4,10
9383,22,10
9382,5,10
9381,4,10
9380,1,10
9404,26,10
9393,1,10
9392,11,10
9791,4,10
9794,35,10
5459,8,10
9050,8,10
9391,11,10
9390,8,10
9797,8,10
601,11,10
5135,5,10
7449,19,10
5282,5,10
9800,35,10
8890,6,10
9057,8,10
9056,5,10
9055,5,10
9054,32,10
9053,39,10
9856,35,10
8995,4,10
8994,1,10
9039,24,10
9038,15,10
9037,6,10
9029,8,10
9028,8,10
9027,5,10
9026,11,10
9025,17,10
9853,8,10
9879,39,10
9370,8,10
9401,35,10
9400,4,10
1822,5,10
1528,11,10
9399,8,10
5318,8,10
9386,24,10
9385,4,10
9051,4,10
9796,8,10
8831,6,10
8633,6,10
9737,6,10
9799,0,10
9801,26,10
5459,11,10
9802,8,10
9376,11,10
9375,8,10
9374,5,10
9373,35,10
9372,35,10
9371,8,10
9771,39,10
8834,6,10
8632,10,10
8988,38,10
8987,8,10
9179,6,10
8986,8,10
8985,8,10
8832,35,10
8367,6,10
8984,8,10
8983,10,10
8982,35,10
9669,8,10
9355,35,10
9361,8,10
9360,1,10
9713,29,10
8910,6,10
8840,6,10
8838,6,10
8996,5,10
4794,11,10
9364,5,10
9363,5,10
9362,8,10
9379,8,10
9378,5,10
5316,19,10
9394,5,10
9359,20,10
9377,8,10
9040,15,10
8146,5,10
9049,5,10
9048,24,10
9047,11,10
9046,8,10
9045,23,10
5314,26,10
5314,35,10
9357,26,10
9356,35,10
9365,4,10
8837,6,10
9668,35,10
8908,6,10
8747,6,10
8993,4,10
8992,8,10
8991,4,10
9735,8,10
9734,8,10
9733,8,10
9736,4,10
9152,35,10
807,4,10
9758,8,10
9369,8,10
9368,8,10
9367,5,10
9366,10,10
9358,26,10
9044,10,10
9043,35,10
9042,35,10
4794,8,10
8981,5,10
8980,1,10
8990,5,10
8989,4,10
9041,15,10
8937,8,10
1751,19,10
9089,4,10
3057,5,10
9088,11,10
9087,25,10
8761,6,10
9674,39,10
8943,6,10
9908,35,10
9833,24,10
9834,17,10
8944,24,10
9627,39,10
8872,6,10
9890,39,10
9075,35,10
9074,32,10
9073,38,10
9072,24,10
9071,8,10
9070,35,10
8788,35,9
9260,6,9
8852,15,9
3396,24,9
10003,15,9
10231,35,9
10230,39,9
10229,35,9
10073,8,9
10074,35,9
9263,6,9
10181,35,9
9274,6,9
9262,6,9
10196,24,9
10185,34,9
9329,22,9
10014,33,9
10013,15,9
10012,37,9
10011,25,9
10010,15,9
10009,26,9
7997,5,9
10017,33,9
10246,38,9
10245,36,9
10100,34,9
8630,26,9
10263,35,9
10137,8,9
9255,6,9
9315,25,9
9312,19,9
9316,8,9
10099,6,9
10157,36,9
9331,4,9
10058,19,9
10057,5,9
9322,22,9
9319,8,9
9320,22,9
10135,15,9
10134,9,9
9238,6,9
9270,6,9
9326,5,9
9301,4,9
9305,0,9
9741,6,9
5500,4,9
10158,38,9
10068,32,9
9265,6,9
10243,35,9
8856,26,9
9323,38,9
9321,6,9
10086,8,9
10007,8,9
1907,15,9
10250,35,9
9311,4,9
10031,8,9
10159,24,9
5682,11,9
5682,4,9
10098,35,9
10096,11,9
10059,35,9
8745,26,9
10155,35,9
10154,18,9
10247,10,9
9293,29,9
10249,35,9
10103,17,9
10000,39,9
9302,4,9
10108,9,9
10107,25,9
10106,15,9
10105,0,9
9995,35,9
9266,6,9
10069,19,9
9996,38,9
8326,26,9
9999,4,9
9336,15,9
5276,24,9
10104,4,9
9997,8,9
9998,28,9
9337,8,9
9992,8,9
9249,6,9
3950,8,9
10138,27,9
5257,15,9
5257,25,9
10051,35,9
10060,10,9
9330,5,9
9328,26,9
9325,6,9
9324,6,9
10244,34,9
10032,6,9
10095,8,9
10109,35,9
9254,6,9
10112,4,9
10111,4,9
10110,23,9
9993,24,9
10189,29,9
9909,1,9
8323,15,9
3597,5,9
9314,38,9
9313,9,9
10087,8,9
9317,38,9
9235,6,9
10227,8,9
10066,26,9
10160,8,9
9253,6,9
9240,6,9
10094,36,9
10092,24,9
10035,34,9
10034,36,9
8465,26,9
9808,4,9
9309,35,9
10033,35,9
9989,35,9
10114,8,9
9237,6,9
10030,8,9
9310,25,9
10083,4,9
10241,6,9
10240,8,9
9308,29,9
5490,35,9
9307,8,9
9239,6,9
10085,8,9
10084,26,9
2604,8,9
10163,25,9
10162,35,9
10161,26,9
9236,6,9
10164,36,9
9990,6,9
10079,8,9
10222,35,9
9327,4,9
8739,15,9
10167,8,9
10166,8,9
9252,6,9
10225,36,9
10224,38,9
10223,34,9
8819,26,9
9296,26,9
10190,4,9
10019,25,9
10080,8,9
9822,8,9
10119,11,9
10215,11,9
10214,8,9
8639,15,9
9299,8,9
10140,8,9
10256,11,9
9295,28,9
9303,24,9
9306,13,9
3597,24,9
10221,6,9
10169,8,9
10168,24,9
10116,8,9
10115,35,9
10121,24,9
10120,8,9
10036,15,9
10040,6,9
10259,8,9
10260,38,9
9304,15,9
9300,29,9
8952,35,9
10264,8,9
10219,8,9
780,11,9
10217,35,9
10170,18,9
10266,8,9
9271,35,9
10176,8,9
10268,6,9
10267,8,9
10172,39,9
9251,6,9
10042,6,9
9291,8,9
9290,5,9
9294,8,9
5255,8,9
5255,11,9
10020,6,9
10072,11,9
10211,35,9
10209,39,9
8813,15,9
9272,6,9
9906,8,9
10271,34,9
10270,36,9
8919,26,9
10269,35,9
10147,8,9
10146,35,9
10041,35,9
10046,1,9
10045,22,9
10044,22,9
10038,25,9
10037,24,9
10043,6,9
10001,10,9
9907,6,9
10048,6,9
9173,6,9
10091,15,9
9292,11,9
10156,34,9
9250,6,9
9782,22,9
10125,8,9
10124,6,9
10128,38,9
10208,35,9
10127,38,9
8645,26,9
10126,34,9
8755,8,9
4308,20,9
10062,35,9
10061,35,9
10002,8,9
10005,5,9
10006,34,9
10065,8,9
10064,15,9
10050,6,9
10049,6,9
5889,8,9
5889,11,9
8802,34,9
10054,8,9
10205,8,9
10177,11,9
8801,35,9
8800,6,9
10078,11,9
5888,5,9
10028,8,9
10150,8,9
10153,6,9
10239,8,9
10088,27,9
10021,17,9
10022,38,9
10029,8,9
8804,38,9
8803,36,9
10191,8,9
5929,8,9
10200,6,9
9162,8,9
9259,6,9
9881,8,9
10144,24,9
9289,35,9
10151,35,9
10179,8,9
10182,6,9
10131,11,9
10077,35,9
10204,34,9
8774,15,9
10027,6,9
9273,6,9
6701,26,9
10184,38,9
8759,26,9
9281,15,9
10238,11,9
9318,5,9
10148,11,9
10063,2,9
9264,6,9
9893,8,9
10195,11,9
8776,35,9
10192,39,9
10203,38,9
8780,26,9
10202,36,9
10201,35,9
9671,6,9
9181,10,9
9247,6,9
6697,15,9
9298,32,9
9297,8,9
5860,5,9
5860,35,9
10183,36,9
9275,6,9
8798,8,9
9261,6,9
5888,4,9
10076,8,9
10025,8,9
10075,15,9
10101,38,9
10016,15,9
10015,24,9
10018,6,9
9269,6,9
10262,35,9
9673,6,9
9276,6,9
10187,12,9
10186,39,9
8796,24,9
10052,19,9
8795,8,9
8793,35,9
8792,11,9
10198,8,9
10516,35,8
10879,1,8
11044,35,8
8694,19,8
10904,26,8
9889,35,8
10510,35,8
10866,8,8
10867,26,8
10870,0,8
10871,6,8
10129,35,8
9954,24,8
9947,8,8
10770,35,8
9945,8,8
9949,15,8
9950,21,8
9953,19,8
9955,23,8
10424,8,8
5486,4,8
9923,38,8
3597,35,8
10624,8,8
8489,11,8
10797,8,8
9630,6,8
10277,17,8
5062,8,8
10520,4,8
10518,39,8
10506,32,8
8690,35,8
695,11,8
8692,10,8
10898,8,8
10899,8,8
10859,35,8
10861,8,8
10280,32,8
10625,6,8
6644,5,8
8652,5,8
5486,5,8
10431,38,8
10432,8,8
9915,15,8
10423,38,8
9961,31,8
9948,4,8
9969,26,8
9917,5,8
9911,8,8
10900,36,8
10906,5,8
10907,8,8
8686,11,8
11141,35,8
6653,5,8
10902,35,8
10410,39,8
10414,38,8
10619,8,8
8495,19,8
8494,5,8
10620,8,8
10854,25,8
9874,8,8
6644,4,8
10855,11,8
10856,8,8
11134,38,8
10523,39,8
9180,6,8
10535,35,8
9633,5,8
10421,8,8
10998,8,8
9970,5,8
9946,39,8
9958,31,8
8455,19,8
10529,4,8
10531,8,8
79,11,8
6495,8,8
10525,35,8
10526,25,8
10527,11,8
11142,35,8
10913,22,8
9891,6,8
10405,39,8
11160,38,8
11161,8,8
10766,6,8
10767,4,8
10768,15,8
8004,32,8
10587,9,8
10436,38,8
10437,8,8
10417,35,8
10411,8,8
10536,26,8
10538,0,8
10622,26,8
10623,0,8
10613,8,8
10614,8,8
10615,6,8
8654,19,8
8655,15,8
10281,8,8
8656,10,8
10852,4,8
10582,25,8
10583,19,8
10584,33,8
10585,35,8
10580,0,8
10578,5,8
10577,5,8
10576,27,8
10439,35,8
10412,4,8
10769,35,8
10539,8,8
6495,11,8
10532,8,8
8454,35,8
10533,8,8
11052,15,8
11053,8,8
10892,25,8
10893,35,8
6653,4,8
10894,11,8
10896,4,8
10897,8,8
10261,6,8
9661,6,8
10575,10,8
10574,35,8
10572,23,8
10573,35,8
10570,8,8
10571,35,8
1529,26,8
11158,32,8
10588,15,8
10589,4,8
10586,4,8
10764,4,8
10765,6,8
11114,24,8
2487,5,8
10440,32,8
10441,17,8
9353,6,8
1529,32,8
10581,25,8
10579,15,8
9914,8,8
5646,8,8
9920,1,8
9918,4,8
9919,38,8
9951,23,8
9916,15,8
5652,4,8
5652,11,8
11117,8,8
6652,35,8
4308,30,8
10848,4,8
10849,8,8
4937,30,8
4937,20,8
8490,5,8
1458,11,8
10918,35,8
9894,6,8
10276,5,8
9159,10,8
10503,26,8
10745,8,8
10746,27,8
10758,10,8
10759,35,8
10760,5,8
10761,6,8
10762,4,8
10763,27,8
10756,1,8
10757,10,8
10415,11,8
10416,11,8
11131,8,8
11132,38,8
11128,35,8
10547,2,8
10606,8,8
10608,11,8
10609,25,8
10610,8,8
10842,2,8
10843,8,8
10846,35,8
10545,35,8
10546,4,8
9913,5,8
6126,35,8
10640,24,8
10753,18,8
10754,38,8
9980,11,8
9921,5,8
9922,11,8
9932,24,8
9912,4,8
10755,11,8
10616,32,8
1877,11,8
10501,6,8
10502,22,8
10500,5,8
10837,8,8
6641,5,8
8649,19,8
10641,38,8
10642,8,8
10922,38,8
9930,4,8
9931,8,8
10564,24,8
10565,8,8
10567,5,8
10568,38,8
10747,39,8
10748,19,8
10749,33,8
10750,35,8
10751,5,8
10752,39,8
10742,15,8
10743,25,8
10744,9,8
5646,11,8
9929,8,8
9933,10,8
9926,1,8
9935,6,8
2910,8,8
9944,8,8
10442,32,8
10923,8,8
10834,4,8
6641,4,8
11172,35,8
11173,35,8
11174,8,8
10601,24,8
10498,22,8
10499,38,8
10257,10,8
11153,24,8
10997,8,8
11155,38,8
9899,35,8
9978,38,8
9979,38,8
9982,12,8
10737,0,8
10738,26,8
10739,15,8
10740,8,8
10741,15,8
5865,5,8
5865,4,8
10733,26,8
9936,13,8
9937,5,8
9938,10,8
9939,5,8
9940,6,8
9959,24,8
10207,6,8
10603,35,8
10604,2,8
10053,6,8
11168,35,8
10644,8,8
10559,8,8
10406,5,8
3967,4,8
10734,4,8
10735,9,8
10736,2,8
10722,8,8
10723,35,8
6563,5,8
6563,24,8
10496,2,8
10497,22,8
10492,0,8
10056,6,8
10493,5,8
6479,6,8
10721,10,8
10709,8,8
10710,5,8
10724,4,8
9943,15,8
9952,35,8
9268,8,8
10994,35,8
10494,5,8
10495,6,8
10490,8,8
10491,38,8
10830,35,8
10829,35,8
10646,35,8
9677,6,8
11040,23,8
10732,4,8
9256,8,8
9880,6,8
10993,35,8
9942,6,8
10720,17,8
9985,11,8
9983,38,8
9984,38,8
11041,8,8
11034,5,8
6479,5,8
6480,26,8
6480,27,8
10648,35,8
9678,6,8
8488,10,8
10594,35,8
10595,4,8
10598,8,8
10599,4,8
10600,39,8
10883,34,8
10725,39,8
10726,11,8
10727,11,8
3544,24,8
10728,4,8
10729,5,8
10730,8,8
10731,35,8
9972,15,8
9973,25,8
9974,9,8
9962,27,8
9960,4,8
11147,38,8
11148,8,8
9895,6,8
10130,26,8
10925,8,8
11035,6,8
11036,21,8
11037,35,8
10699,8,8
9987,11,8
9988,38,8
6507,4,8
10274,8,8
10771,35,8
5651,26,8
5651,27,8
10488,4,8
10489,26,8
11038,24,8
11039,24,8
4945,5,8
4287,1,8
10282,6,8
4118,5,8
4118,24,8
10485,23,8
10826,8,8
10822,8,8
9826,6,8
11031,38,8
11032,8,8
9729,6,8
1554,5,8
10408,4,8
10407,8,8
10717,8,8
10718,11,8
10719,5,8
10698,18,8
11028,24,8
10279,37,8
10486,23,8
10487,4,8
11124,8,8
10082,10,8
11026,2,8
10695,35,8
10711,8,8
10712,23,8
10713,8,8
10714,35,8
10715,4,8
6507,11,8
10716,35,8
9965,4,8
10980,35,8
10773,35,8
8532,35,8
10976,15,8
10977,9,8
10979,13,8
10704,35,8
10705,8,8
10774,17,8
8720,11,8
696,11,8
9981,5,8
9986,15,8
9968,23,8
9967,4,8
9966,0,8
9964,10,8
1655,5,8
10706,4,8
10707,8,8
10708,15,8
10694,21,8
8728,19,8
10968,26,8
10970,8,8
10553,26,8
10554,0,8
10697,10,8
3031,6,8
10687,1,8
10688,15,8
10689,1,8
10690,5,8
10700,4,8
10701,6,8
10702,5,8
10703,39,8
10696,24,8
10776,8,8
870,11,8
10253,6,8
10777,35,8
8536,19,8
10778,26,8
10779,0,8
8726,10,8
10963,8,8
10964,8,8
6662,5,8
10966,35,8
10780,8,8
10275,6,8
10782,8,8
10067,6,8
10691,39,8
10679,26,8
10692,8,8
10693,26,8
11048,8,8
11049,35,8
10887,35,8
11025,35,8
11024,24,8
11021,0,8
10888,8,8
10889,8,8
8149,24,8
11165,8,8
8485,8,8
10413,38,8
10670,8,8
10671,8,8
10960,4,8
10961,8,8
6661,35,8
8724,35,8
5251,8,8
4441,8,8
10886,4,8
9975,5,8
9976,35,8
10678,11,8
6662,4,8
10958,11,8
10949,4,8
10950,35,8
10680,8,8
11164,35,8
10681,13,8
10682,5,8
10683,1,8
10684,4,8
10685,8,8
10686,11,8
10930,35,8
11097,15,8
10283,5,8
11015,25,8
10660,8,8
10951,8,8
10952,8,8
1902,8,8
10667,8,8
10668,5,8
10669,35,8
6558,11,8
3947,8,8
10672,8,8
10673,32,8
10674,17,8
10675,5,8
10676,5,8
10677,18,8
10957,35,8
4448,8,8
10943,6,8
10944,6,8
10946,5,8
11017,8,8
11018,8,8
9823,6,8
11019,39,8
11012,8,8
10932,8,8
7657,32,8
10483,27,8
1845,4,8
11010,35,8
11011,38,8
11006,24,8
10823,39,8
10824,38,8
6558,8,8
791,15,8
10664,8,8
10665,4,8
10666,15,8
10651,15,8
10652,25,8
10955,0,8
10956,25,8
10825,38,8
10484,8,8
10931,38,8
5709,35,8
10820,24,8
11098,35,8
10942,8,8
10653,37,8
10654,15,8
10655,33,8
10656,24,8
10657,15,8
10658,33,8
36,4,8
2545,5,8
10659,8,8
10661,8,8
10662,4,8
2700,8,8
10663,8,8
6557,33,8
6557,27,8
9770,35,8
10784,26,8
10446,8,8
6476,8,8
9768,6,8
11109,35,8
11122,32,8
11123,24,8
10481,27,8
10482,35,8
10799,6,8
10477,11,8
10478,8,8
11001,35,8
11002,6,8
11003,6,8
11009,35,8
10445,29,8
10476,8,8
10284,15,8
10479,5,8
10480,2,8
11000,35,8
10285,15,8
9924,6,8
10549,24,8
10819,8,8
10374,35,8
10468,5,8
10469,8,8
10470,23,8
10471,0,8
10473,4,8
10474,21,8
10475,35,8
10375,6,8
10377,8,8
10378,8,8
9971,27,8
10785,8,8
11105,11,8
11106,38,8
10804,38,8
11107,8,8
9977,27,8
10382,8,8
11099,35,8
10472,4,8
5490,24,8
9870,8,8
10188,6,8
11046,2,8
10818,24,8
10379,35,8
10380,4,8
10381,8,8
10383,8,8
10805,8,8
9956,24,8
8304,24,8
10649,8,8
9963,4,8
10458,6,8
10459,15,8
10460,19,8
10447,4,8
10448,38,8
10449,1,8
10401,19,8
10402,33,8
10403,35,8
6800,5,8
8325,19,8
10384,0,8
8324,35,8
10817,5,8
6639,25,8
6639,15,8
10385,26,8
10387,8,8
10450,4,8
10451,8,8
10940,8,8
10251,6,8
10252,6,8
10939,38,8
10456,5,8
10457,13,8
10467,5,8
10465,10,8
10466,5,8
9773,6,8
10813,9,8
10814,38,8
10815,8,8
10800,24,8
9928,5,8
10938,24,8
10787,32,8
6476,11,8
11102,24,8
10398,24,8
11120,8,8
10464,5,8
10392,35,8
6436,35,8
10393,35,8
8349,19,8
10812,15,8
3412,28,8
6453,35,8
6453,13,8
10463,5,8
10791,5,8
10792,26,8
9934,10,8
9941,8,8
10551,8,8
10811,15,8
9910,5,8
10461,5,8
10453,6,8
10409,39,8
9927,5,8
4067,18,8
10808,5,8
10810,10,8
10454,6,8
10455,8,8
10462,5,8
9925,19,8
10452,32,8
10794,8,8
10793,25,8
10512,32,8
11138,38,8
10513,38,8
10514,8,8
10507,24,8
11139,8,8
10873,8,8
8658,11,8
10862,8,8
703,11,8
10634,38,8
10635,8,8
11043,19,8
9957,4,8
11119,14,8
11042,8,8
11180,8,8
10864,11,8
11182,39,7
11508,15,7
11507,31,7
11506,24,7
11903,35,7
11603,35,7
11751,35,7
10426,24,7
4067,24,7
10322,35,7
10321,5,7
11228,1,7
11229,8,7
11555,25,7
11807,35,7
11809,35,7
10306,10,7
10308,35,7
10318,10,7
10299,35,7
6314,35,7
11661,8,7
11571,35,7
11217,23,7
11252,15,7
11402,5,7
7618,11,7
11396,6,7
11397,11,7
11398,13,7
11393,5,7
11388,8,7
11394,6,7
11395,18,7
10293,1,7
10301,39,7
11253,11,7
11462,24,7
11463,35,7
11464,35,7
10395,5,7
11387,10,7
10303,35,7
11390,4,7
11391,38,7
11392,1,7
10292,24,7
2986,22,7
11658,26,7
11580,11,7
10296,4,7
11667,35,7
11541,39,7
11542,33,7
11543,24,7
11544,12,7
11645,24,7
11646,8,7
11647,35,7
11648,8,7
11649,35,7
11232,10,7
11233,35,7
10316,35,7
11403,23,7
11399,5,7
11400,10,7
11581,32,7
10796,35,7
7618,8,7
11389,15,7
3391,24,7
11401,6,7
11411,4,7
11640,5,7
11642,6,7
11643,5,7
11540,26,7
11545,15,7
11410,26,7
11404,35,7
11405,4,7
11461,8,7
11386,35,7
6711,24,7
11459,10,7
11460,8,7
11644,35,7
11406,4,7
11407,19,7
11408,15,7
11409,21,7
11412,8,7
11413,0,7
11546,33,7
11143,24,7
11692,35,7
2980,19,7
11254,31,7
11255,26,7
11256,8,7
11792,35,7
11790,35,7
11811,35,7
11421,2,7
11422,1,7
11415,10,7
10335,24,7
10326,38,7
10328,8,7
11416,4,7
11417,23,7
10340,39,7
11257,9,7
11258,0,7
11709,35,7
11756,35,7
11259,15,7
734,11,7
11384,35,7
7620,26,7
7620,27,7
10362,12,7
6800,4,7
10113,6,7
11758,35,7
11693,24,7
11536,15,7
11537,38,7
11538,38,7
11539,11,7
11457,8,7
11458,8,7
11582,35,7
11639,38,7
10311,24,7
11530,26,7
11379,36,7
11296,15,7
6427,8,7
11297,5,7
11705,35,7
11760,22,7
11726,6,7
11727,6,7
11383,25,7
11423,31,7
10346,8,7
11418,15,7
11419,25,7
11420,9,7
11414,4,7
11728,35,7
11691,8,7
11501,38,7
7628,4,7
11298,4,7
11290,39,7
11291,33,7
11292,24,7
11380,35,7
11378,25,7
11532,6,7
11533,8,7
11534,12,7
11535,37,7
11526,35,7
6711,35,7
11213,13,7
11214,5,7
11502,32,7
11529,6,7
11729,8,7
11730,23,7
11287,37,7
11288,5,7
11289,4,7
11761,8,7
11211,5,7
11527,38,7
11528,10,7
11293,8,7
11294,33,7
11295,8,7
10356,38,7
10352,5,7
11637,19,7
11425,24,7
10353,8,7
10357,39,7
1863,4,7
11426,15,7
11436,8,7
7622,8,7
11796,35,7
11429,8,7
11430,8,7
9905,8,7
11285,4,7
11212,19,7
11456,28,7
11431,24,7
11638,38,7
7623,11,7
7623,8,7
11454,8,7
11438,10,7
11439,10,7
10592,6,7
11110,6,7
11525,19,7
7832,5,7
11762,6,7
11763,39,7
11284,35,7
11424,5,7
11441,8,7
10650,10,7
11621,11,7
11455,11,7
1992,11,7
2107,28,7
614,5,7
11764,8,7
11286,4,7
11519,5,7
11520,1,7
11521,10,7
11522,15,7
11523,25,7
11531,6,7
11524,4,7
11865,39,7
11231,5,7
11630,24,7
11631,15,7
11632,33,7
11633,15,7
11694,28,7
11432,8,7
11433,29,7
11434,11,7
11435,5,7
11725,24,7
11437,15,7
7832,24,7
11671,4,7
11440,5,7
10008,6,7
11625,35,7
11635,35,7
3626,15,7
11629,33,7
11689,8,7
9208,38,7
11466,11,7
11467,8,7
11468,35,7
11469,4,7
11514,38,7
11515,2,7
11516,9,7
11517,34,7
11283,8,7
7510,8,7
11487,2,7
11488,36,7
11489,35,7
11490,18,7
11491,5,7
11280,15,7
11281,25,7
11600,38,7
11282,4,7
11503,35,7
11504,25,7
11505,36,7
11112,6,7
11634,8,7
10443,24,7
11145,8,7
7734,35,7
7734,13,7
11626,15,7
11627,39,7
11628,37,7
11442,35,7
11199,22,7
11200,5,7
11765,8,7
11486,5,7
11690,15,7
11272,9,7
11273,34,7
11274,38,7
7510,11,7
10984,26,7
10985,35,7
11451,24,7
11235,24,7
11236,8,7
11766,31,7
11275,8,7
11276,17,7
11277,4,7
11278,11,7
11279,38,7
11518,11,7
11715,35,7
11624,8,7
11201,35,7
11594,5,7
11271,31,7
7852,11,7
11234,13,7
11734,1,7
11735,15,7
11736,6,7
11732,8,7
7852,8,7
11733,32,7
11767,4,7
10798,20,7
11207,8,7
11208,5,7
11453,8,7
10982,24,7
10983,26,7
11738,26,7
11739,5,7
10372,26,7
10371,10,7
10373,20,7
11593,35,7
7658,35,7
7658,13,7
11452,8,7
4957,8,7
11740,8,7
7626,27,7
10827,24,7
11096,10,7
11500,35,7
11270,1,7
10880,35,7
10881,35,7
6650,35,7
6650,13,7
11696,25,7
11697,25,7
7669,8,7
11869,35,7
9786,8,7
11470,2,7
11471,11,7
11472,5,7
11473,8,7
11474,17,7
7626,33,7
525,18,7
11737,11,7
11481,24,7
11482,8,7
11193,11,7
11194,4,7
11195,4,7
11196,4,7
7669,11,7
10325,38,7
10988,35,7
10989,35,7
10990,35,7
10991,1,7
10992,34,7
10981,8,7
11054,10,7
10987,35,7
10327,38,7
10329,2,7
10367,8,7
10368,8,7
11769,8,7
11476,8,7
11477,27,7
11478,26,7
11479,35,7
11480,13,7
11741,17,7
11742,27,7
11743,8,7
11744,27,7
11745,10,7
10370,26,7
6318,35,7
6318,26,7
11446,5,7
11719,35,7
10995,6,7
10139,6,7
11871,35,7
11237,24,7
11238,26,7
11688,35,7
11055,24,7
11483,35,7
11768,15,7
7630,26,7
10986,35,7
1766,11,7
11447,32,7
7622,11,7
11448,5,7
11449,4,7
11243,4,7
11244,4,7
11245,5,7
11246,18,7
11512,35,7
11190,4,7
11191,5,7
11192,15,7
11187,8,7
11746,10,7
10369,35,7
11450,11,7
10317,8,7
10319,37,7
10315,5,7
10314,39,7
7854,35,7
7854,5,7
10206,6,7
11685,17,7
11686,32,7
2271,19,7
11263,28,7
11264,8,7
11613,6,7
11189,8,7
11622,6,7
11492,4,7
11493,26,7
10298,21,7
10295,22,7
11475,15,7
6120,8,7
11678,24,7
11610,35,7
11679,11,7
11513,39,7
11659,8,7
11152,8,7
10141,21,7
3112,32,7
10363,12,7
11583,25,7
10312,35,7
10287,5,7
10364,9,7
10365,15,7
10359,4,7
10358,4,7
11680,35,7
11183,1,7
11879,35,7
11176,6,7
11882,35,7
78,11,7
11848,35,7
11553,20,7
11554,38,7
11695,5,7
11887,35,7
11609,2,7
11184,5,7
7628,5,7
11511,35,7
9171,35,7
11559,11,7
3544,18,7
11683,35,7
11684,35,7
11241,4,7
11242,8,7
11185,8,7
11177,6,7
10366,39,7
11850,35,7
11443,5,7
3726,8,7
7630,35,7
11551,15,7
11552,26,7
11584,5,7
7650,22,7
7650,34,7
11585,5,7
11586,0,7
843,22,7
11587,21,7
10039,8,7
11588,34,7
11562,26,7
11210,5,7
11269,0,7
11885,35,7
11178,6,7
11223,38,7
11220,4,7
11221,15,7
11222,5,7
11578,1,7
11577,8,7
11209,11,7
11202,6,7
11203,1,7
11549,35,7
11550,26,7
10360,15,7
10361,9,7
11204,6,7
11444,8,7
11445,8,7
10307,6,7
10300,8,7
10305,5,7
11118,10,7
11563,19,7
11248,26,7
11249,25,7
11250,25,7
11251,4,7
11265,11,7
11266,15,7
11267,25,7
11268,9,7
10351,18,7
10341,23,7
10342,23,7
9904,8,7
11664,26,7
11510,26,7
11831,35,7
11770,2,7
11205,5,7
11206,5,7
11852,35,7
11197,1,7
11198,4,7
10228,35,7
11547,38,7
11548,38,7
10333,23,7
11805,35,7
11854,35,7
11494,4,7
11495,24,7
11496,24,7
10354,25,7
10355,25,7
10347,4,7
10339,26,7
10348,15,7
11497,8,7
9892,8,7
11239,38,7
11240,10,7
5252,24,7
10337,11,7
10345,15,7
10349,0,7
11817,39,7
737,11,7
9626,8,7
10505,10,7
11829,38,7
11498,4,7
11499,31,7
11224,28,7
11723,8,7
10336,11,7
10330,35,7
10331,35,7
10332,26,7
11484,38,7
7629,5,7
7629,24,7
11262,35,7
11814,39,7
11825,35,7
11576,8,7
10519,8,7
11803,35,7
1918,26,7
1918,32,7
10302,5,7
9903,8,7
11225,8,7
11226,10,7
10334,5,7
10320,11,7
10350,6,7
10343,28,7
10344,8,7
6317,11,7
6317,8,7
10278,35,7
10004,35,7
10313,6,7
10310,24,7
10288,8,7
10290,8,7
10289,10,7
10291,8,7
11556,15,7
11485,17,7
11218,18,7
11219,6,7
11575,26,7
11574,8,7
11660,11,7
11573,24,7
11260,10,7
11261,4,7
5252,35,7
1827,11,7
6314,19,7
10297,5,7
10294,4,7
10309,8,7
10323,11,7
10338,4,7
11227,8,7
11509,24,7
11569,22,7
11897,8,7
11179,6,7
2660,10,7
11216,5,7
11604,4,7
11605,4,7
11606,6,7
11230,11,7
10324,11,7
6316,33,7
6316,27,7
10304,8,7
4067,35,7
11465,35,7
10248,6,7
11657,38,7
11650,24,7
11651,24,7
11652,24,7
11653,13,7
11654,27,7
11655,26,7
11656,23,7
11570,22,7
11215,5,7
11747,24,7
3606,35,7
7632,4,7
7632,11,7
11904,24,6
14037,35,6
12372,6,6
11895,8,6
11893,6,6
13525,36,6
13524,34,6
13523,6,6
13522,38,6
13521,35,6
11072,11,6
5483,4,6
11071,4,6
11068,8,6
11067,8,6
11066,35,6
11065,39,6
11064,35,6
13610,8,6
7453,5,6
10199,19,6
13608,32,6
13841,24,6
11135,15,6
13838,8,6
13853,35,6
13852,6,6
10508,35,6
12258,35,6
12257,6,6
13848,8,6
13847,11,6
12265,24,6
12255,35,6
11948,8,6
11947,8,6
11946,11,6
11945,8,6
11944,26,6
11572,8,6
11821,8,6
13846,32,6
12250,8,6
5711,8,6
12253,11,6
13844,8,6
13843,35,6
10193,5,6
13612,35,6
787,11,6
8777,35,6
13606,24,6
13605,8,6
13613,26,6
13834,35,6
11819,8,6
11818,8,6
791,32,6
791,26,6
13856,38,6
13855,36,6
11823,8,6
12266,12,6
13854,34,6
11140,26,6
11949,8,6
11827,8,6
12267,8,6
10023,22,6
11824,10,6
11828,8,6
11567,8,6
11566,10,6
11816,38,6
11815,8,6
13615,6,6
13614,0,6
8773,11,6
13859,35,6
11822,8,6
10197,10,6
13607,32,6
13294,8,6
10915,8,6
13597,11,6
7453,4,6
13595,35,6
12243,8,6
11564,8,6
12246,8,6
11813,8,6
12268,15,6
12269,15,6
11830,8,6
13603,8,6
13602,8,6
13601,8,6
13600,25,6
11952,24,6
12241,8,6
13868,30,6
12017,25,6
12016,29,6
12015,36,6
12014,23,6
12013,23,6
12012,4,6
13300,8,6
12239,11,6
13594,4,6
12270,8,6
13599,8,6
10194,35,6
5137,4,6
13296,8,6
10920,24,6
10919,15,6
10917,35,6
8698,28,6
13302,8,6
11951,35,6
11950,38,6
8279,11,6
11959,24,6
11958,15,6
11957,6,6
11956,5,6
11955,4,6
11954,35,6
11953,11,6
13821,38,6
13820,36,6
13819,34,6
13818,35,6
11133,26,6
12233,8,6
12232,8,6
13817,6,6
13814,8,6
13813,11,6
13812,35,6
12237,8,6
12235,39,6
12242,38,6
11579,8,6
11832,8,6
12641,15,6
12640,8,6
13301,8,6
12011,35,6
12010,35,6
8773,8,6
13593,35,6
13592,24,6
13590,4,6
12648,38,6
6120,4,6
12280,23,6
12279,15,6
4267,8,6
13809,24,6
11561,8,6
8462,8,6
12627,38,6
12626,8,6
12625,4,6
12624,37,6
12623,15,6
12622,9,6
12281,28,6
11560,35,6
5853,24,6
12278,8,6
12277,35,6
12276,35,6
12275,10,6
12274,8,6
12642,33,6
13587,17,6
10924,26,6
13308,36,6
13306,8,6
13305,6,6
13304,35,6
13586,26,6
13585,5,6
12639,38,6
12638,22,6
12637,22,6
12636,24,6
12635,33,6
12647,10,6
12646,11,6
12645,11,6
12616,6,6
12615,39,6
12614,4,6
12613,35,6
12612,38,6
12634,17,6
12633,26,6
12632,12,6
12631,34,6
12630,15,6
12629,11,6
12628,38,6
12609,6,6
12644,8,6
12643,38,6
13588,15,6
12607,0,6
12606,10,6
12605,6,6
12604,6,6
12603,5,6
4418,32,6
12621,9,6
12620,15,6
12619,5,6
12618,4,6
12598,11,6
5883,28,6
8558,8,6
8558,11,6
4542,32,6
12617,6,6
12590,6,6
12589,5,6
8555,6,6
12588,5,6
12587,0,6
12586,5,6
8557,34,6
8557,22,6
12602,25,6
12601,15,6
13806,38,6
13805,36,6
13804,34,6
13803,35,6
12608,21,6
1824,22,6
13583,35,6
13582,33,6
13581,19,6
8772,27,6
8772,26,6
13580,8,6
13310,38,6
13309,34,6
11126,15,6
13807,8,6
12597,6,6
12611,25,6
12610,25,6
8559,11,6
8559,4,6
12591,8,6
12584,8,6
12583,34,6
12582,9,6
12581,9,6
12570,5,6
12569,23,6
12580,25,6
12579,15,6
12596,0,6
12595,15,6
12594,35,6
12593,33,6
12592,19,6
12600,2,6
12599,38,6
13584,5,6
12571,4,6
13578,23,6
13577,23,6
13576,23,6
13575,11,6
12568,26,6
12578,23,6
12577,23,6
13313,6,6
12167,5,6
11700,8,6
12576,11,6
12575,15,6
8552,28,6
12574,8,6
12585,17,6
13573,5,6
13572,23,6
12564,11,6
12567,35,6
12566,1,6
12563,10,6
12649,26,6
12225,6,6
13579,23,6
12288,8,6
12287,8,6
12286,8,6
12285,8,6
8555,5,6
12573,39,6
12572,0,6
12282,39,6
12565,8,6
13571,26,6
13570,35,6
13569,35,6
13568,32,6
13567,26,6
11662,8,6
11125,26,6
13801,6,6
13800,8,6
5928,5,6
598,19,6
13574,35,6
10927,15,6
552,8,6
12558,11,6
12557,11,6
12556,24,6
12555,38,6
12554,8,6
12553,39,6
8552,4,6
12549,8,6
12548,10,6
12547,31,6
12546,26,6
11771,8,6
12168,8,6
12562,4,6
12561,38,6
12284,15,6
10933,26,6
13324,35,6
12545,18,6
12544,8,6
12543,8,6
12542,32,6
13315,39,6
13314,35,6
13321,11,6
13319,24,6
13318,8,6
13798,11,6
13799,8,6
13317,24,6
12560,38,6
12559,38,6
12540,32,6
12527,8,6
12526,15,6
12525,35,6
12524,4,6
12652,8,6
12539,1,6
12538,11,6
12537,11,6
12536,5,6
12535,8,6
12534,2,6
12533,39,6
12552,31,6
12551,10,6
12550,8,6
13561,10,6
13560,5,6
11702,8,6
13325,38,6
10055,36,6
13559,13,6
13558,18,6
13792,35,6
13322,8,6
13566,23,6
13565,15,6
13564,6,6
13563,35,6
12530,23,6
12529,26,6
12541,24,6
5882,24,6
12519,8,6
12518,39,6
8550,27,6
8550,33,6
12517,17,6
12516,6,6
12528,8,6
11833,8,6
11942,35,6
5252,18,6
12523,8,6
1824,5,6
12532,35,6
12531,8,6
13562,5,6
4424,32,6
5892,5,6
12662,8,6
12661,10,6
12660,23,6
12659,29,6
12658,8,6
12657,1,6
12656,35,6
12655,4,6
5893,5,6
5893,4,6
12654,4,6
12653,5,6
13557,5,6
12520,8,6
12676,6,6
12675,8,6
12673,4,6
12672,1,6
12671,35,6
12670,35,6
4424,19,6
12669,28,6
12668,8,6
12667,8,6
12666,1,6
5894,35,6
12665,8,6
5893,8,6
12664,8,6
12663,8,6
12678,4,6
12677,10,6
11941,19,6
11940,32,6
11939,26,6
11938,21,6
12522,35,6
12521,5,6
13556,5,6
13555,6,6
13554,6,6
4541,8,6
13553,8,6
13552,5,6
13551,1,6
13550,5,6
12508,39,6
12507,4,6
12515,17,6
12514,39,6
12513,5,6
12290,8,6
11703,8,6
4424,26,6
12685,4,6
12684,22,6
12683,18,6
3569,24,6
12682,35,6
12681,11,6
12680,8,6
12679,5,6
12699,5,6
12698,24,6
12697,8,6
12696,4,6
12695,35,6
12694,13,6
12674,38,6
12692,37,6
12691,35,6
12690,5,6
12689,35,6
12688,5,6
12687,15,6
12686,5,6
9789,34,6
12509,5,6
12713,32,6
8577,35,6
4424,35,6
12712,11,6
12711,35,6
12710,1,6
12709,8,6
12707,15,6
12706,8,6
12705,4,6
12704,36,6
12703,25,6
12702,10,6
8576,8,6
12701,8,6
12700,10,6
12729,5,6
12728,5,6
12727,5,6
12726,5,6
12725,35,6
12724,36,6
12723,24,6
12693,26,6
12721,5,6
12720,13,6
12719,5,6
12718,5,6
12717,5,6
12716,5,6
12715,8,6
12714,19,6
8584,5,6
8584,35,6
12740,11,6
12739,0,6
8582,11,6
8582,8,6
12738,35,6
12708,27,6
12736,4,6
12735,8,6
12734,5,6
12733,5,6
12732,8,6
4425,8,6
12731,6,6
12730,11,6
12754,15,6
12753,1,6
5896,6,6
12752,18,6
12751,8,6
12750,11,6
12749,21,6
12722,35,6
12748,1,6
12747,8,6
12746,21,6
12745,15,6
12744,4,6
12743,5,6
12742,4,6
12741,4,6
5897,5,6
12768,6,6
12767,15,6
12766,23,6
12765,15,6
12764,5,6
12763,26,6
12737,8,6
12761,26,6
12760,23,6
12759,15,6
12758,6,6
12757,39,6
12756,8,6
2828,11,6
12755,1,6
13549,8,6
13548,8,6
13547,4,6
8258,35,6
13546,4,6
13545,4,6
8258,19,6
8547,11,6
8547,8,6
12512,5,6
12511,24,6
12510,21,6
11704,8,6
8576,11,6
12770,8,6
12769,8,6
12784,8,6
8587,8,6
8587,11,6
12783,24,6
12782,5,6
12781,4,6
12780,11,6
12779,1,6
12762,17,6
12777,25,6
12776,27,6
12775,35,6
12774,5,6
12773,24,6
12772,38,6
12771,8,6
12799,8,6
12798,18,6
4427,4,6
12797,35,6
12796,35,6
12795,26,6
12794,26,6
12793,8,6
12792,8,6
12790,4,6
3572,5,6
12789,4,6
12788,39,6
12787,10,6
12786,8,6
12785,11,6
12815,8,6
12814,10,6
12813,4,6
12812,10,6
12811,8,6
12810,15,6
12809,39,6
12808,24,6
12807,35,6
12778,26,6
12805,38,6
12804,6,6
12803,39,6
12802,15,6
12801,24,6
12800,35,6
12504,35,6
12503,15,6
12502,1,6
12506,28,6
11757,8,6
11682,26,6
13540,35,6
12824,8,6
12823,23,6
12791,4,6
12821,11,6
12820,32,6
12819,8,6
12818,19,6
12817,8,6
12816,5,6
12838,32,6
12837,29,6
12836,8,6
12806,8,6
12835,8,6
12834,39,6
12833,24,6
12832,8,6
12831,4,6
12830,4,6
12829,8,6
12828,24,6
12827,17,6
12826,8,6
12825,5,6
11759,8,6
12850,1,6
12849,24,6
12848,35,6
8593,27,6
8593,33,6
12847,8,6
12846,5,6
12845,8,6
12844,24,6
12843,32,6
5899,5,6
12822,35,6
12841,35,6
12840,11,6
8577,19,6
12839,35,6
12865,11,6
12864,11,6
12863,4,6
8595,24,6
12862,5,6
8595,35,6
12861,26,6
12860,24,6
12859,24,6
12858,35,6
12857,35,6
12856,35,6
12854,17,6
12853,11,6
12852,4,6
12851,8,6
12878,10,6
12877,8,6
12876,38,6
12875,10,6
12874,10,6
12873,1,6
12872,32,6
12871,18,6
12870,2,6
8596,15,6
8596,25,6
12869,38,6
12842,8,6
12867,8,6
12866,8,6
3571,35,6
12894,26,6
12893,29,6
12892,38,6
12891,5,6
12890,23,6
12889,26,6
12888,35,6
12887,35,6
12886,8,6
12885,19,6
12884,24,6
12883,31,6
12855,4,6
12881,39,6
12880,8,6
12879,10,6
12907,35,6
12906,35,6
12905,4,6
8600,4,6
12904,5,6
12903,39,6
12902,32,6
12901,15,6
8599,4,6
5895,28,6
12900,31,6
12899,1,6
12868,4,6
12897,26,6
12896,31,6
12895,25,6
11708,8,6
11755,8,6
13537,39,6
13535,35,6
12495,5,6
12494,11,6
6613,35,6
12505,18,6
3549,32,6
3549,26,6
12911,23,6
5894,24,6
12882,38,6
12910,2,6
12909,9,6
12908,4,6
12925,23,6
12924,23,6
12923,11,6
12922,28,6
8602,5,6
12898,4,6
12921,39,6
12920,4,6
12919,35,6
12918,5,6
12917,35,6
12916,0,6
12915,9,6
12914,4,6
12913,4,6
12912,23,6
12939,35,6
12938,35,6
12937,15,6
8600,5,6
12936,11,6
12935,28,6
8599,28,6
12934,1,6
12933,35,6
12932,33,6
12931,19,6
12930,18,6
12929,35,6
5894,5,6
12927,38,6
12926,17,6
8606,34,6
8606,22,6
12950,8,6
12949,22,6
12948,8,6
12947,38,6
12946,25,6
12945,25,6
8605,13,6
8605,35,6
12944,9,6
12943,25,6
12942,15,6
12941,8,6
8604,27,6
8604,26,6
12965,4,6
12964,10,6
12963,1,6
12962,17,6
12961,5,6
12960,11,6
12959,34,6
12958,9,6
12957,27,6
12956,8,6
12955,6,6
12954,5,6
8602,6,6
12953,5,6
12928,19,6
12951,5,6
8607,11,6
12979,38,6
12978,11,6
12977,21,6
1851,22,6
12976,0,6
12975,6,6
12974,8,6
12973,22,6
12972,5,6
12971,8,6
12970,5,6
12969,6,6
12968,0,6
12940,15,6
12966,38,6
12992,38,6
12991,5,6
12990,38,6
12989,39,6
12988,38,6
12987,35,6
12986,10,6
12985,5,6
8608,11,6
8608,4,6
12984,5,6
12983,4,6
12982,8,6
12981,25,6
12952,0,6
8607,8,6
13007,4,6
13006,15,6
13005,9,6
13004,6,6
13003,6,6
13002,4,6
13001,27,6
13000,12,6
12999,4,6
12998,26,6
12997,9,6
12996,15,6
12995,6,6
12994,4,6
12967,15,6
12993,26,6
13023,33,6
13022,12,6
13021,22,6
13020,22,6
13019,17,6
13018,39,6
13017,15,6
13016,11,6
13015,38,6
13014,38,6
13013,34,6
13012,5,6
13011,34,6
13010,37,6
12980,15,6
13008,12,6
13037,6,6
13036,20,6
13035,11,6
13034,15,6
13033,26,6
13032,8,6
13031,38,6
13030,33,6
13029,15,6
13028,8,6
13027,38,6
8609,26,6
8609,35,6
13026,26,6
4431,32,6
13024,24,6
13040,1,6
13039,11,6
12501,15,6
12500,1,6
5881,6,6
12499,1,6
12498,8,6
12497,8,6
12496,11,6
11754,8,6
13533,24,6
12023,24,6
5643,5,6
12022,11,6
13009,8,6
13038,22,6
12294,8,6
2543,11,6
12493,22,6
12492,1,6
12491,5,6
12490,4,6
12489,24,6
12488,15,6
9196,19,6
12480,8,6
8858,5,6
13025,35,6
13044,4,6
13043,5,6
13042,38,6
13041,10,6
12487,4,6
12486,8,6
12485,15,6
12484,5,6
12483,11,6
822,11,6
11710,8,6
13047,35,6
11663,8,6
13791,39,6
13790,35,6
11121,15,6
12021,23,6
12020,23,6
12166,8,6
12295,5,6
13344,39,6
13340,8,6
12292,25,6
12291,8,6
12482,8,6
12481,5,6
12478,5,6
12477,8,6
12476,1,6
3549,4,6
12475,36,6
12474,34,6
10795,26,6
11810,8,6
8858,4,6
12479,8,6
13351,8,6
8543,24,6
8544,5,6
8544,35,6
8543,35,6
10790,35,6
12019,38,6
12018,35,6
11753,8,6
11834,8,6
1696,11,6
12471,8,6
12470,8,6
12473,6,6
13347,24,6
13346,35,6
12468,36,6
12467,35,6
11838,8,6
11837,8,6
11836,24,6
13358,38,6
10941,26,6
13357,34,6
13356,36,6
13355,35,6
10789,10,6
12469,8,6
11641,8,6
10788,15,6
11835,8,6
13352,8,6
12298,18,6
4389,4,6
13885,11,6
13354,6,6
13360,35,6
13359,10,6
13361,35,6
13363,8,6
13362,28,6
11840,8,6
11839,35,6
12464,22,6
12463,6,6
12462,17,6
13349,11,6
11752,8,6
8714,4,6
13366,4,6
8714,5,6
13365,8,6
13364,35,6
5917,28,6
13367,4,6
10070,11,6
13371,35,6
8463,4,6
12297,24,6
12296,35,6
12459,22,6
12461,5,6
12460,22,6
10548,5,6
11932,0,6
12453,4,6
12452,36,6
12451,25,6
12450,4,6
13373,24,6
13375,6,6
11712,8,6
10071,10,6
12458,8,6
12457,8,6
12456,25,6
12455,1,6
12454,24,6
5640,35,6
11933,11,6
12433,26,6
12432,4,6
12431,4,6
12220,35,6
12221,6,6
12222,6,6
12224,6,6
12448,35,6
12447,36,6
12446,35,6
12445,11,6
12444,35,6
12443,37,6
12442,8,6
12441,18,6
12440,10,6
12425,1,6
12424,8,6
12423,11,6
12223,6,6
12422,8,6
12421,1,6
12420,29,6
12430,8,6
12429,5,6
12428,5,6
12427,19,6
12439,0,6
12437,35,6
12436,5,6
12435,15,6
12434,6,6
12419,4,6
11842,8,6
11841,10,6
11844,8,6
12418,4,6
10235,11,6
13781,8,6
13778,26,6
11937,8,6
8275,11,6
1698,4,6
11936,8,6
11935,4,6
2909,5,6
11934,8,6
12426,8,6
10136,9,6
13376,5,6
12414,8,6
12413,39,6
8945,39,6
11698,8,6
13777,35,6
12302,6,6
12301,4,6
8463,5,6
12300,8,6
11846,8,6
9191,5,6
11843,8,6
12416,4,6
11144,24,6
13901,8,6
13899,11,6
13898,8,6
13903,35,6
11341,35,6
10242,19,6
867,24,6
12309,2,6
11146,15,6
11931,11,6
11930,24,6
11929,8,6
11623,8,6
13897,6,6
13896,8,6
13895,8,6
13905,36,6
13904,6,6
12314,4,6
12313,4,6
12312,8,6
12311,4,6
10557,15,6
8681,15,6
8681,25,6
11772,8,6
12308,9,6
12307,4,6
12306,8,6
12305,5,6
8462,11,6
12315,38,6
12317,8,6
12319,35,6
11150,15,6
13405,6,6
13773,6,6
13772,8,6
13771,0,6
13770,8,6
13769,24,6
11716,2,6
11717,8,6
13398,39,6
13908,19,6
13907,38,6
13906,34,6
11149,26,6
13911,8,6
13910,11,6
10560,26,6
13916,8,6
10258,35,6
11334,27,6
11346,8,6
12322,35,6
13411,4,6
13410,10,6
11721,8,6
12321,6,6
12410,28,6
13408,24,6
11718,8,6
11720,8,6
13924,34,6
12335,6,6
12334,38,6
12331,35,6
10561,15,6
12325,38,6
12324,36,6
12323,34,6
13920,6,6
12329,6,6
10563,10,6
12328,24,6
12326,8,6
13413,39,6
13915,35,6
13913,39,6
11589,8,6
12343,38,6
11924,15,6
11325,35,6
11156,26,6
13923,35,6
13921,8,6
11849,8,6
12339,38,6
12338,36,6
12337,34,6
10566,26,6
12336,35,6
13918,8,6
13926,8,6
13925,36,6
13941,11,6
13937,24,6
11157,15,6
13931,8,6
11851,8,6
11590,8,6
12217,17,6
10142,11,6
13417,11,6
13415,25,6
8740,8,6
1459,5,6
11928,1,6
11927,6,6
11926,35,6
11925,21,6
11853,8,6
13949,38,6
7657,34,6
11591,8,6
13948,36,6
13947,34,6
11162,26,6
13946,35,6
800,11,6
10232,5,6
13767,8,6
12216,8,6
12215,24,6
13934,35,6
13933,39,6
13932,35,6
11592,8,6
11855,8,6
13944,6,6
13414,35,6
10149,35,6
13420,4,6
13419,8,6
12208,11,6
12207,8,6
12213,34,6
10438,26,6
12212,36,6
12211,6,6
12210,35,6
13943,8,6
13942,8,6
11300,8,6
11301,1,6
10286,1,6
11299,8,6
11305,8,6
11303,4,6
11314,38,6
11313,4,6
11961,11,6
11960,8,6
8279,8,6
10237,35,6
11964,24,6
11963,39,6
11962,4,6
10145,5,6
13756,8,6
13754,8,6
7495,8,6
13766,8,6
10236,10,6
13765,4,6
10234,11,6
13764,35,6
12202,4,6
12201,4,6
12204,8,6
9349,8,6
13763,11,6
13759,4,6
12214,38,6
12205,24,6
13758,25,6
11312,1,6
11311,15,6
11310,1,6
4940,6,6
11302,4,6
11324,8,6
11308,15,6
7511,11,6
7511,8,6
12195,11,6
12194,8,6
12200,38,6
10433,26,6
12199,35,6
13757,8,6
13279,4,6
13278,39,6
11309,8,6
11307,1,6
11306,11,6
11304,24,6
11322,18,6
11315,5,6
11321,8,6
13277,6,6
13276,8,6
12190,24,6
10427,15,6
12188,5,6
12197,8,6
11808,8,6
11317,17,6
895,5,6
11323,35,6
11320,8,6
11318,39,6
11316,39,6
11968,23,6
13288,22,6
13287,22,6
13286,34,6
13285,39,6
13284,8,6
13283,12,6
13282,12,6
13281,6,6
13280,6,6
11330,8,6
11328,11,6
7517,5,6
11340,10,6
11806,8,6
12186,8,6
12187,8,6
10428,35,6
5253,24,6
11969,35,6
11329,24,6
11333,8,6
11337,10,6
11326,5,6
11327,8,6
11319,8,6
11353,15,6
11343,1,6
7514,5,6
11804,8,6
12179,11,6
12178,8,6
12185,38,6
12184,34,6
11967,10,6
11966,5,6
10425,26,6
12183,36,6
12182,6,6
11335,32,6
11332,1,6
11331,18,6
13425,24,6
8741,35,6
826,11,6
13423,8,6
13422,8,6
8740,11,6
10420,15,6
12181,35,6
13745,8,6
13744,11,6
11965,8,6
11342,4,6
11338,38,6
11336,8,6
11339,26,6
7514,4,6
13430,26,6
10152,19,6
13429,35,6
11856,8,6
11347,11,6
11345,8,6
12173,8,6
10418,8,6
13275,5,6
13274,21,6
1732,22,6
13273,0,6
13272,6,6
13271,38,6
11344,35,6
13427,8,6
7517,6,6
11350,5,6
11349,0,6
11348,5,6
7519,34,6
7519,22,6
12351,39,6
13741,34,6
13740,6,6
10089,8,6
12172,4,6
12171,5,6
12170,8,6
4074,5,6
13432,6,6
13431,0,6
11366,5,6
11362,38,6
11361,11,6
8311,17,6
13053,4,6
13052,35,6
10090,15,6
13050,8,6
13737,11,6
11802,8,6
13742,39,6
11360,25,6
11355,31,6
11354,1,6
11352,6,6
11351,5,6
11373,22,6
11369,15,6
11364,21,6
895,22,6
11363,0,6
11365,10,6
11113,15,6
13735,8,6
13058,35,6
13056,35,6
13055,39,6
13054,35,6
11359,15,6
11358,35,6
11357,33,6
11356,19,6
11371,33,6
11368,8,6
11367,37,6
13270,38,6
13269,11,6
13268,4,6
13267,6,6
13266,5,6
8678,6,6
13265,5,6
13264,0,6
13263,5,6
8679,34,6
8679,22,6
13262,11,6
11370,34,6
13066,32,6
12352,35,6
11377,1,6
13729,24,6
8627,24,6
8627,35,6
8626,4,6
13063,8,6
13061,8,6
13060,8,6
13059,4,6
11801,10,6
11376,33,6
11375,15,6
11374,22,6
11372,24,6
11595,8,6
12354,5,6
11923,4,6
11922,8,6
10093,5,6
10097,19,6
13074,10,6
13726,35,6
11976,32,6
13732,36,6
13731,35,6
8626,5,6
13072,8,6
13070,8,6
13069,8,6
13068,25,6
13254,4,6
13253,10,6
11597,8,6
13252,10,6
11975,4,6
11974,35,6
11973,35,6
11972,23,6
11971,5,6
11970,8,6
13087,8,6
11800,8,6
13080,6,6
13079,0,6
13076,26,6
13075,24,6
11858,8,6
11857,35,6
11724,8,6
11797,8,6
13240,1,6
13239,8,6
13261,8,6
13260,34,6
13259,9,6
13258,5,6
13257,17,6
13256,39,6
8678,5,6
8676,11,6
8676,4,6
13255,4,6
12406,4,6
11864,10,6
11863,8,6
13093,8,6
11795,8,6
13718,39,6
11666,8,6
11798,8,6
11598,10,6
11861,8,6
11859,8,6
12164,17,6
11862,8,6
12357,36,6
12408,8,6
10591,15,6
4440,24,6
8672,28,6
13242,38,6
13241,8,6
11794,8,6
13101,32,6
13099,8,6
13098,35,6
13096,24,6
13715,35,6
11793,8,6
13712,36,6
13711,38,6
10801,15,6
12359,35,6
11620,8,6
13703,32,6
12165,8,6
12162,4,6
11428,8,6
13230,24,6
13229,5,6
13228,5,6
13251,4,6
13250,4,6
13249,38,6
13248,5,6
13247,8,6
13246,8,6
13245,38,6
13244,32,6
13243,17,6
12154,10,6
12156,15,6
12160,8,6
12161,4,6
12159,2,6
12158,9,6
12157,4,6
11986,15,6
13710,34,6
11108,26,6
13709,35,6
13107,6,6
13103,8,6
13102,11,6
13708,6,6
13705,8,6
12146,8,6
12145,24,6
12150,23,6
12149,23,6
12153,18,6
13702,35,6
13699,39,6
13111,38,6
13110,36,6
13109,34,6
10806,26,6
13108,35,6
11101,15,6
12155,26,6
12151,38,6
1887,4,6
12141,21,6
12152,8,6
12144,4,6
12143,35,6
11977,8,6
13697,8,6
11985,5,6
11984,23,6
11983,26,6
11982,35,6
11981,35,6
11980,24,6
11979,23,6
11978,8,6
13112,8,6
5909,8,6
11385,8,6
8351,25,6
12134,8,6
11791,8,6
11668,24,6
13113,35,6
4332,8,6
12140,5,6
12139,15,6
12138,38,6
12136,4,6
12135,15,6
12148,5,6
12147,8,6
12137,24,6
12142,10,6
11789,8,6
12129,38,6
12029,5,6
8289,34,6
8289,22,6
12028,35,6
12027,8,6
12026,19,6
12025,24,6
5640,24,6
5640,5,6
13121,6,6
13120,35,6
13696,10,6
13118,11,6
8351,15,6
8673,27,6
12128,38,6
12126,38,6
12120,8,6
9991,11,6
8284,5,6
12024,15,6
8673,33,6
13128,35,6
13127,8,6
13126,35,6
13125,35,6
13124,38,6
13123,34,6
10816,26,6
13122,36,6
12110,22,6
12109,22,6
12115,35,6
9994,10,6
13217,1,6
5913,6,6
13216,39,6
13215,11,6
13238,11,6
13237,10,6
13236,4,6
13235,11,6
13234,5,6
13233,8,6
13232,17,6
13231,24,6
12111,4,6
12085,6,6
8295,26,6
8295,35,6
12084,26,6
12107,35,6
12106,26,6
12108,11,6
13134,8,6
11788,8,6
11670,24,6
13132,24,6
12119,24,6
7888,35,6
12114,11,6
12113,24,6
12086,22,6
12071,4,6
12070,27,6
12069,26,6
12083,35,6
12082,38,6
12081,38,6
12080,17,6
13218,15,6
13130,24,6
12079,12,6
12078,22,6
12077,22,6
12076,11,6
12089,38,6
12088,20,6
12074,38,6
12073,4,6
12072,34,6
12062,12,6
12061,10,6
13227,24,6
13226,21,6
13225,15,6
13224,10,6
13223,8,6
13222,8,6
8672,4,6
13221,10,6
13220,8,6
13219,1,6
12087,26,6
13453,38,6
13452,36,6
11013,26,6
706,24,6
13135,35,6
8417,11,6
8417,4,6
12068,15,6
12067,9,6
12066,5,6
12065,9,6
12064,15,6
12063,5,6
11007,8,6
12060,5,6
12075,38,6
12056,1,6
12055,25,6
13451,35,6
13456,32,6
13455,35,6
12059,35,6
12058,19,6
4324,32,6
11786,10,6
11785,8,6
9878,8,6
13688,35,6
13136,4,6
13443,6,6
11005,15,6
13450,34,6
12054,25,6
12053,22,6
13457,35,6
1732,5,6
13203,4,6
13214,4,6
8670,11,6
8670,8,6
13213,1,6
13212,8,6
5641,28,6
12364,26,6
12363,36,6
12362,35,6
11866,8,6
12057,10,6
13475,36,6
13474,38,6
13473,34,6
11033,26,6
13472,35,6
11672,8,6
13138,6,6
11784,8,6
11731,8,6
11027,15,6
13460,8,6
12052,5,6
12051,18,6
13465,11,6
13463,32,6
13462,35,6
11674,8,6
11673,35,6
8292,13,6
8292,35,6
13142,35,6
11988,26,6
11987,8,6
13685,35,6
11994,1,6
11993,35,6
11992,35,6
11991,27,6
11990,29,6
11989,8,6
13471,6,6
13468,8,6
13192,1,6
13191,35,6
5628,4,6
13211,10,6
13210,8,6
13209,11,6
13208,8,6
8669,8,6
8669,11,6
13207,35,6
13206,24,6
13205,5,6
13204,4,6
11783,8,6
11782,8,6
10828,6,6
13967,39,6
9278,15,6
12050,5,6
12049,35,6
12048,33,6
12047,19,6
12046,27,6
12045,21,6
1459,22,6
12044,0,6
12043,6,6
13478,8,6
10220,19,6
10213,5,6
13669,35,6
13193,5,6
13667,8,6
11166,15,6
11919,29,6
8275,8,6
11918,8,6
13665,24,6
10218,10,6
8816,5,6
7443,8,6
11675,8,6
13675,8,6
13673,6,6
10210,11,6
13672,0,6
13671,26,6
11868,8,6
13658,8,6
13657,8,6
13656,25,6
13655,4,6
13654,11,6
13664,32,6
13663,8,6
8815,35,6
13662,24,6
10216,35,6
13154,39,6
13153,25,6
13151,35,6
13150,4,6
13148,8,6
13147,8,6
13480,8,6
11917,10,6
11618,8,6
11916,8,6
13976,24,6
13974,8,6
13973,8,6
13972,25,6
11616,8,6
13970,39,6
13158,8,6
13157,4,6
10118,5,6
13155,11,6
8640,4,6
13661,8,6
11998,35,6
11997,10,6
11996,4,6
8816,4,6
8640,5,6
13164,8,6
13162,6,6
13161,8,6
13160,0,6
10123,10,6
799,11,6
10122,35,6
13652,35,6
11921,4,6
11920,8,6
13481,4,6
13201,5,6
13200,5,6
13199,24,6
13198,8,6
13197,8,6
13196,5,6
13195,8,6
13194,4,6
10117,11,6
13170,8,6
13168,26,6
13648,4,6
12002,8,6
12001,24,6
12000,11,6
11999,11,6
13493,25,6
10265,11,6
13977,6,6
11615,8,6
9778,5,6
767,11,6
13479,8,6
13486,35,6
10173,11,6
13485,24,6
10171,15,6
11995,5,6
9876,8,6
11781,8,6
8284,4,6
13202,10,6
8287,5,6
12006,27,6
9286,35,6
11687,8,6
11780,8,6
13182,5,6
13181,36,6
13180,25,6
13178,35,6
13177,35,6
13176,26,6
13484,8,6
13482,8,6
11872,8,6
13979,8,6
13494,8,6
10178,35,6
13492,11,6
7470,4,6
13490,15,6
13489,35,6
12397,24,6
11614,8,6
11875,6,6
13988,35,6
11874,8,6
11915,8,6
11778,8,6
12169,28,6
11677,8,6
11777,8,6
12007,5,6
11171,35,6
13992,24,6
11167,15,6
11876,8,6
14003,36,6
12009,36,6
12008,2,6
13641,24,6
11779,35,6
11914,38,6
11913,8,6
7505,35,6
13488,35,6
13487,4,6
12038,39,6
12037,35,6
12392,38,6
12391,36,6
14001,35,6
14000,6,6
13997,8,6
7470,5,6
13501,32,6
11776,8,6
13188,35,6
9780,9,6
11774,8,6
13631,35,6
11773,8,6
13498,8,6
13497,8,6
13996,11,6
13634,35,6
8756,35,6
13500,24,6
11881,8,6
12390,34,6
10643,26,6
12389,35,6
12388,6,6
11878,8,6
11908,5,6
12386,32,6
11775,8,6
11681,25,6
14002,34,6
11175,26,6
11611,8,6
12383,8,6
12382,8,6
11912,8,6
7505,19,6
11186,8,6
11911,10,6
11910,35,6
11083,26,6
11082,35,6
12005,38,6
11059,4,6
3202,4,6
11058,8,6
4544,8,6
4544,4,6
13635,38,6
12041,22,6
12040,8,6
12039,28,6
13505,35,6
13504,8,6
786,11,6
8790,11,6
11086,8,6
11084,6,6
10638,15,6
12379,8,6
7666,8,6
11909,1,6
11886,8,6
12385,8,6
12384,11,6
10175,5,6
11889,8,6
8291,27,6
8291,26,6
12036,38,6
12035,8,6
12004,24,6
12003,24,6
10180,19,6
11888,8,6
8698,10,6
13511,6,6
13510,8,6
11884,8,6
13499,8,6
12042,15,6
13519,8,6
12033,6,6
11608,8,6
11607,35,6
11890,8,6
12032,5,6
8799,19,6
8791,5,6
11080,0,6
697,11,6
11079,8,6
8797,10,6
5483,5,6
10174,11,6
13509,0,6
13508,26,6
8287,6,6
12031,5,6
12030,0,6
14030,35,6
12375,26,6
12374,38,6
10637,34,6
11892,8,6
11896,6,6
11077,8,6
6698,35,6
11075,24,6
8794,35,6
11074,32,6
11073,8,6
12034,26,6
14038,34,6
903,8,6
12365,35,6
8787,11,6
11062,25,6
11749,8,6
12371,35,6
1480,11,6
12369,11,6
12368,8,6
11899,8,6
14033,24,6
11750,8,6
14032,35,6
10636,26,6
12373,36,6
12254,8,6
12261,36,6
12260,38,6
12259,34,6
10515,26,6
11943,8,6
11181,8,6
11901,8,6
14046,8,6
11601,8,6
14045,24,6
11902,8,6
11063,24,6
14040,35,6
11900,8,6
9672,35,6
14044,6,5
16025,39,5
382,8,5
14357,39,5
16023,35,5
14041,6,5
14042,35,5
11906,10,5
11905,39,5
15367,35,5
5470,4,5
16033,39,5
14043,10,5
16026,35,5
16030,35,5
11602,15,5
12366,35,5
14358,39,5
14360,24,5
14039,10,5
16020,35,5
16021,39,5
13530,6,5
15363,5,5
15364,4,5
15365,38,5
15366,15,5
15359,9,5
15360,33,5
13529,10,5
14034,8,5
13644,10,5
13185,6,5
15059,39,5
15827,39,5
15816,10,5
15817,39,5
13632,10,5
15062,17,5
15823,35,5
15824,39,5
13638,10,5
13639,6,5
13640,35,5
15826,35,5
15819,6,5
15820,6,5
15829,39,5
13645,6,5
15830,24,5
15831,35,5
14084,4,5
14085,32,5
13189,6,5
13190,10,5
15065,39,5
13372,5,5
13642,10,5
13643,6,5
15828,39,5
15058,25,5
13183,35,5
13184,10,5
14080,17,5
14081,38,5
4907,19,5
13629,35,5
15813,35,5
15814,39,5
13630,35,5
13646,10,5
13647,6,5
15832,39,5
9284,33,5
9284,27,5
15055,10,5
14079,8,5
15056,24,5
15057,11,5
13682,6,5
15835,39,5
15836,28,5
13683,10,5
9343,4,5
13144,10,5
15053,39,5
13145,15,5
14177,35,5
9344,25,5
9344,15,5
14178,15,5
14179,25,5
14180,9,5
14181,15,5
14182,0,5
14189,35,5
13687,6,5
15046,39,5
13140,6,5
13141,10,5
15047,39,5
14078,4,5
13686,10,5
15837,39,5
15838,35,5
13684,6,5
15048,8,5
13143,10,5
15833,24,5
15834,35,5
15052,39,5
15038,5,5
14187,1,5
15840,39,5
14170,4,5
14190,35,5
14191,15,5
14192,9,5
14183,35,5
14194,15,5
14184,35,5
14185,25,5
14186,25,5
15041,19,5
15042,33,5
15043,35,5
14188,35,5
9775,13,5
15036,6,5
15035,35,5
11669,35,5
13690,10,5
15842,39,5
13691,6,5
15843,35,5
15844,24,5
15845,35,5
13689,6,5
15039,6,5
13133,8,5
15040,39,5
14193,9,5
15037,13,5
13713,10,5
13714,6,5
10226,10,5
14195,34,5
15032,15,5
15033,8,5
13694,10,5
15850,39,5
13695,6,5
9775,35,5
13692,10,5
15846,39,5
13693,6,5
15847,35,5
15848,24,5
15849,35,5
14075,5,5
14076,17,5
14077,35,5
13722,6,5
15859,39,5
13723,10,5
13091,10,5
11111,35,5
15861,39,5
13716,6,5
15854,35,5
13720,10,5
13719,6,5
13092,6,5
15031,39,5
13721,10,5
15870,39,5
15869,39,5
13733,35,5
15868,35,5
13734,6,5
15864,39,5
13730,8,5
15866,39,5
11100,10,5
13728,35,5
15863,35,5
15862,35,5
13725,6,5
14072,8,5
14073,2,5
14074,11,5
15875,24,5
13746,10,5
15876,39,5
13747,6,5
15878,24,5
15872,35,5
14196,26,5
14197,26,5
14198,35,5
14199,35,5
14200,35,5
14201,35,5
14202,35,5
14203,35,5
4074,18,5
4074,6,5
15884,39,5
13751,6,5
13752,6,5
13753,35,5
14071,35,5
15879,39,5
15882,35,5
9346,35,5
9346,24,5
14070,8,5
13748,10,5
13749,35,5
13750,6,5
14068,8,5
14069,8,5
13743,6,5
15809,4,5
12099,36,5
15810,4,5
13628,6,5
12097,5,5
12095,23,5
14208,35,5
14206,24,5
14066,4,5
14067,8,5
14065,35,5
14205,32,5
11557,15,5
11558,35,5
15886,39,5
15887,38,5
14210,39,5
12104,4,5
12105,4,5
15800,8,5
15801,5,5
15802,25,5
15803,36,5
15804,18,5
15805,5,5
15806,4,5
13289,35,5
13290,10,5
15067,35,5
13292,6,5
15807,9,5
15808,2,5
15888,4,5
12219,15,5
15790,35,5
13627,6,5
15791,39,5
15068,24,5
15069,39,5
15792,8,5
15793,8,5
15794,35,5
15795,23,5
15796,11,5
15797,35,5
15798,35,5
15799,6,5
12218,8,5
12650,6,5
15028,39,5
14169,24,5
13626,10,5
15890,39,5
15891,38,5
13045,10,5
13046,6,5
13788,6,5
13789,35,5
14215,22,5
14216,22,5
14214,36,5
14211,26,5
14212,35,5
14213,35,5
13822,35,5
13823,10,5
12245,6,5
14224,39,5
15892,35,5
13824,6,5
15893,39,5
12244,35,5
14220,8,5
14221,11,5
15026,25,5
12228,10,5
14218,35,5
12229,6,5
14219,39,5
12227,35,5
13831,24,5
13832,10,5
13833,35,5
15899,35,5
14229,11,5
12248,6,5
14230,39,5
10024,11,5
14225,8,5
13825,6,5
13826,10,5
13827,35,5
15895,35,5
11565,8,5
14223,35,5
13828,6,5
14234,39,5
14233,35,5
14064,4,5
14231,35,5
14063,18,5
15905,39,5
13835,6,5
13836,6,5
15900,39,5
12247,35,5
14228,35,5
15904,35,5
13837,6,5
13829,10,5
13830,35,5
15897,35,5
15913,35,5
15908,35,5
13862,6,5
15911,39,5
14238,8,5
14239,35,5
13858,10,5
15906,39,5
13860,6,5
14240,39,5
14241,5,5
14236,28,5
14237,8,5
14235,35,5
12263,10,5
12264,6,5
14247,15,5
14248,0,5
14246,9,5
1810,26,5
13864,10,5
15914,39,5
13863,6,5
14244,35,5
14245,8,5
15916,24,5
13865,10,5
15912,39,5
14242,35,5
14243,5,5
9632,33,5
9632,27,5
13872,6,5
15921,39,5
11247,4,5
14086,9,5
14087,2,5
14250,6,5
14251,15,5
14252,9,5
14253,6,5
14254,6,5
13870,10,5
15919,39,5
13869,6,5
13866,35,5
13867,6,5
15917,39,5
14264,35,5
12272,10,5
14259,35,5
12273,6,5
14260,35,5
14261,39,5
14262,35,5
15022,20,5
15023,5,5
15024,4,5
13871,10,5
14255,9,5
14256,15,5
14258,1,5
15025,8,5
14249,6,5
15008,22,5
15009,8,5
15010,38,5
15789,39,5
15017,35,5
15018,26,5
9755,35,5
9755,26,5
15013,27,5
15014,12,5
15015,12,5
15019,15,5
15020,26,5
15021,22,5
15016,34,5
14263,5,5
9754,25,5
9754,15,5
14993,5,5
15788,17,5
15002,22,5
15003,8,5
15004,39,5
15005,35,5
15006,35,5
15007,1,5
14998,35,5
14999,35,5
15000,19,5
15001,35,5
15011,5,5
15012,5,5
14994,5,5
14995,18,5
14984,28,5
14985,38,5
14986,35,5
9752,26,5
9752,27,5
13311,6,5
13312,35,5
15071,35,5
15072,39,5
14996,4,5
14997,4,5
9753,35,5
9753,13,5
14992,27,5
14266,5,5
14267,35,5
14972,10,5
15786,10,5
15787,4,5
14987,8,5
14988,1,5
14989,31,5
14990,38,5
14991,15,5
14975,35,5
14976,4,5
14977,26,5
14978,4,5
14979,26,5
14980,4,5
14973,23,5
14974,25,5
9748,5,5
14964,26,5
14965,26,5
14966,35,5
14967,35,5
14968,35,5
7032,5,5
14969,4,5
14970,4,5
15785,25,5
14981,35,5
14982,9,5
14983,38,5
14265,35,5
14951,24,5
14952,1,5
14953,10,5
14954,28,5
15780,24,5
15781,8,5
15782,35,5
15783,27,5
15784,32,5
14971,11,5
14959,35,5
3096,4,5
14960,5,5
14961,10,5
14962,4,5
5125,19,5
14943,35,5
14944,32,5
14945,8,5
14946,37,5
14167,35,5
14168,35,5
14955,24,5
14956,19,5
14957,2,5
14958,27,5
14949,5,5
8149,35,5
9748,4,5
6613,5,5
6613,24,5
14963,35,5
14931,0,5
14932,4,5
14933,4,5
14934,24,5
14935,35,5
14936,23,5
14937,4,5
14938,15,5
14939,21,5
14940,8,5
15777,24,5
15778,26,5
15779,10,5
9872,35,5
9872,5,5
14950,29,5
14919,8,5
14920,10,5
14921,35,5
15776,5,5
13327,6,5
13328,10,5
13329,35,5
14941,19,5
14942,24,5
14924,11,5
14925,4,5
14926,23,5
14927,4,5
7030,24,5
14947,24,5
14948,26,5
15073,35,5
15923,35,5
14268,11,5
14910,8,5
15074,39,5
13330,6,5
15773,8,5
15774,5,5
15775,19,5
14922,29,5
14923,8,5
13874,10,5
14928,5,5
14929,6,5
14930,15,5
14918,11,5
14911,8,5
14912,8,5
14913,4,5
14914,8,5
14915,38,5
14916,38,5
14917,35,5
14898,10,5
14899,6,5
14900,19,5
14901,10,5
15772,38,5
13331,10,5
13332,35,5
15075,35,5
15076,39,5
14907,5,5
9745,11,5
9745,8,5
14908,8,5
14909,10,5
14889,1,5
15769,39,5
9871,25,5
9871,15,5
11047,8,5
13543,10,5
15077,35,5
15078,24,5
15079,39,5
13544,6,5
15771,39,5
10934,39,5
13334,6,5
15764,35,5
13539,10,5
13538,6,5
12094,8,5
13333,6,5
15082,35,5
13541,10,5
13542,6,5
7030,18,5
14902,5,5
14903,8,5
14904,24,5
14905,8,5
14906,11,5
14890,6,5
6612,8,5
14891,6,5
14892,8,5
9196,35,5
14893,5,5
14894,5,5
14895,5,5
14896,13,5
14897,5,5
14885,8,5
13534,10,5
13536,6,5
15762,39,5
15083,24,5
11707,10,5
14875,5,5
14882,1,5
14883,8,5
14884,4,5
9743,11,5
14269,5,5
9285,28,5
15760,39,5
15761,35,5
2965,5,5
14886,4,5
14887,8,5
14888,15,5
7030,35,5
14880,4,5
14881,38,5
13875,6,5
11713,35,5
15927,24,5
15928,10,5
15929,35,5
6879,24,5
15086,39,5
15087,4,5
13336,6,5
15084,6,5
13337,10,5
13338,35,5
15085,35,5
14879,29,5
14873,1,5
14874,8,5
14867,8,5
13876,6,5
15930,39,5
13878,6,5
13879,10,5
15759,35,5
14870,35,5
14871,5,5
14872,10,5
14869,39,5
14876,8,5
14877,8,5
9743,8,5
14878,35,5
15924,39,5
15925,35,5
14866,35,5
14852,38,5
14853,38,5
14854,11,5
15752,6,5
15753,22,5
15754,20,5
15755,38,5
13532,35,5
11045,10,5
15756,35,5
15757,39,5
15758,24,5
15931,39,5
13881,6,5
13882,10,5
15742,38,5
15743,10,5
15744,8,5
15745,11,5
15746,35,5
15747,26,5
9869,35,5
9869,26,5
15748,15,5
15749,11,5
15750,1,5
15751,26,5
15932,39,5
15935,39,5
15938,39,5
14865,38,5
15090,1,5
15091,8,5
15092,8,5
15093,8,5
9792,19,5
15094,8,5
9793,8,5
15095,5,5
15096,11,5
15097,4,5
15098,4,5
15737,33,5
15738,22,5
15739,22,5
15740,34,5
15741,8,5
15100,4,5
15101,8,5
15102,1,5
15103,24,5
15104,35,5
15105,22,5
15106,5,5
2745,11,5
15107,11,5
15108,8,5
15109,35,5
9792,35,5
15110,32,5
15111,1,5
15088,8,5
15089,5,5
15112,1,5
15113,5,5
9793,11,5
15114,5,5
15115,8,5
15116,5,5
15117,5,5
15118,5,5
15119,5,5
15120,10,5
15121,5,5
15122,19,5
15123,8,5
15124,11,5
15125,8,5
15099,38,5
15148,4,5
15149,4,5
15150,4,5
15126,8,5
15127,4,5
15128,38,5
15129,15,5
15130,6,5
15131,24,5
15132,35,5
15133,21,5
15134,38,5
15135,5,5
4440,18,5
15136,39,5
15137,6,5
15143,8,5
14855,34,5
14856,12,5
14857,22,5
14858,22,5
14859,8,5
14860,38,5
14861,8,5
14862,38,5
14863,11,5
14864,11,5
15939,35,5
15144,8,5
15145,35,5
15146,35,5
15147,0,5
15158,18,5
15159,6,5
15160,15,5
15161,26,5
15162,23,5
15163,35,5
15164,24,5
15165,24,5
15138,35,5
3043,5,5
15139,4,5
15140,6,5
9795,35,5
9795,5,5
15141,6,5
15142,39,5
14851,12,5
14842,10,5
15166,39,5
15167,8,5
15168,29,5
15169,39,5
15170,11,5
15171,11,5
15172,23,5
15151,8,5
15152,26,5
15153,5,5
15154,13,5
15155,8,5
15156,32,5
15157,4,5
15178,8,5
15179,11,5
15180,32,5
3102,4,5
15181,8,5
15182,24,5
15183,24,5
15184,26,5
15185,32,5
15186,31,5
13884,6,5
15940,39,5
8003,24,5
14848,39,5
14849,4,5
14850,4,5
15189,24,5
15190,27,5
15191,4,5
15192,4,5
15193,31,5
15194,35,5
15195,38,5
15196,29,5
15197,24,5
15198,15,5
9798,5,5
15173,35,5
15174,5,5
15175,35,5
15176,8,5
15177,8,5
15203,26,5
14843,5,5
14844,0,5
1641,22,5
14845,21,5
14846,38,5
14847,8,5
14833,23,5
5916,19,5
15204,11,5
7449,5,5
15205,39,5
15206,35,5
15207,35,5
15187,8,5
15188,10,5
15228,9,5
15229,2,5
15208,26,5
15209,23,5
15210,5,5
15211,4,5
15212,19,5
15213,38,5
15214,4,5
15215,23,5
15216,23,5
9798,24,5
15199,35,5
15200,18,5
15201,11,5
15202,1,5
15237,18,5
15238,17,5
15239,8,5
15240,22,5
15241,4,5
15217,28,5
15218,8,5
15219,11,5
15220,23,5
15221,23,5
15222,8,5
15223,27,5
15224,15,5
15225,1,5
15226,10,5
15227,4,5
15251,12,5
15252,17,5
15253,8,5
15254,38,5
15255,8,5
9803,26,5
9803,27,5
15230,38,5
9804,11,5
9804,8,5
15231,19,5
15232,33,5
15233,4,5
15234,8,5
15235,22,5
15236,8,5
15260,22,5
15261,10,5
15262,38,5
15263,5,5
15264,4,5
13369,10,5
15242,38,5
15243,4,5
15244,5,5
15245,5,5
5462,32,5
15246,26,5
15247,27,5
15248,38,5
15249,38,5
15250,11,5
9739,22,5
9739,34,5
14834,5,5
14835,0,5
14836,5,5
9738,6,5
14837,5,5
14838,6,5
9740,11,5
9740,8,5
14839,5,5
14840,8,5
14841,1,5
14828,35,5
14829,26,5
15259,6,5
15731,33,5
15732,24,5
15733,34,5
15734,17,5
15735,38,5
15736,15,5
15265,39,5
13370,6,5
15266,5,5
15267,38,5
15268,8,5
9805,8,5
15269,15,5
15256,38,5
15257,11,5
15258,11,5
15279,8,5
15280,8,5
15281,35,5
15282,15,5
15283,8,5
15284,4,5
15721,38,5
15722,38,5
15723,11,5
15724,5,5
15725,4,5
15726,15,5
15727,39,5
15728,4,5
15729,12,5
15730,26,5
15295,4,5
9806,5,5
9806,24,5
15296,0,5
9807,25,5
9807,15,5
15270,5,5
15271,5,5
15272,5,5
9805,11,5
15273,6,5
15274,5,5
15275,10,5
15276,5,5
15277,39,5
15278,35,5
15307,25,5
15308,28,5
15309,5,5
15310,15,5
15311,9,5
15312,39,5
15285,4,5
15286,35,5
15287,4,5
15288,31,5
15289,38,5
15290,9,5
15291,24,5
15292,19,5
15293,8,5
15294,10,5
14830,23,5
14831,39,5
9738,5,5
14832,23,5
3208,4,5
14821,5,5
15297,15,5
15298,15,5
15299,25,5
15300,9,5
15301,39,5
15302,15,5
15303,0,5
15304,6,5
15305,5,5
15306,25,5
14818,15,5
14819,8,5
15313,9,5
15314,15,5
15315,12,5
15316,17,5
11714,35,5
13374,8,5
14822,4,5
14823,31,5
14824,4,5
14825,11,5
14826,31,5
14827,35,5
9280,35,5
9280,5,5
14811,23,5
14812,4,5
14813,8,5
14805,1,5
14806,15,5
14807,1,5
15716,4,5
15717,37,5
15718,12,5
15719,4,5
15720,8,5
15319,39,5
14814,11,5
14815,11,5
14816,8,5
14817,38,5
14810,39,5
1641,5,5
14799,8,5
14800,4,5
5481,32,5
15706,6,5
15707,6,5
15708,5,5
15709,4,5
15710,5,5
15711,27,5
15712,12,5
15713,5,5
15714,9,5
15715,15,5
11636,35,5
7735,19,5
14798,24,5
15699,15,5
15700,9,5
15701,4,5
15702,35,5
15703,35,5
15704,38,5
15705,26,5
14801,39,5
14802,5,5
14803,1,5
7735,35,5
14804,11,5
14808,10,5
14809,8,5
15944,39,5
14792,18,5
15691,0,5
2975,22,5
15692,21,5
15693,1,5
15694,8,5
15695,5,5
15696,38,5
15697,22,5
15698,35,5
14793,1,5
14794,5,5
14795,8,5
14796,8,5
14797,4,5
15688,6,5
15689,6,5
7483,28,5
15690,6,5
13888,10,5
15947,35,5
9191,4,5
14788,6,5
14789,8,5
13889,6,5
13887,35,5
15945,39,5
14790,11,5
14791,10,5
15941,35,5
13886,6,5
13890,10,5
9637,4,5
14271,28,5
15950,35,5
15678,11,5
15679,38,5
15680,25,5
15681,25,5
15682,5,5
15683,35,5
15684,35,5
15685,19,5
15686,35,5
15687,10,5
9868,4,5
9868,11,5
15951,35,5
15952,39,5
9335,12,5
14783,8,5
14784,4,5
14785,8,5
14786,35,5
15672,33,5
15673,35,5
15674,5,5
15675,1,5
15676,10,5
9867,11,5
9867,8,5
15677,22,5
15949,39,5
12412,6,5
14782,6,5
5938,6,5
14057,1,5
14058,15,5
14059,1,5
14060,4,5
15665,5,5
15666,0,5
15667,5,5
9862,6,5
15668,5,5
15669,6,5
15670,8,5
15671,19,5
13891,6,5
9639,35,5
9639,13,5
13380,35,5
13381,5,5
13382,2,5
13383,35,5
13384,36,5
13385,35,5
14061,10,5
14062,35,5
14272,9,5
14273,34,5
9637,28,5
12411,10,5
14780,35,5
14781,39,5
13399,6,5
13386,38,5
13387,35,5
13388,35,5
13389,26,5
13390,28,5
13391,19,5
13392,35,5
13377,13,5
13378,8,5
13379,27,5
14280,5,5
14281,5,5
14282,5,5
9640,11,5
14274,12,5
15321,39,5
14287,35,5
14288,39,5
14275,35,5
14276,5,5
14277,38,5
14278,8,5
9640,8,5
14279,15,5
13393,35,5
13394,26,5
8732,35,5
8732,26,5
13395,26,5
13396,20,5
13397,10,5
15654,8,5
15655,11,5
15656,2,5
15657,15,5
15658,25,5
15659,8,5
15660,5,5
15661,18,5
15662,17,5
15663,4,5
15664,8,5
9866,22,5
9866,34,5
15320,39,5
13400,10,5
13401,6,5
15641,25,5
15642,9,5
15643,15,5
15644,0,5
15645,6,5
15646,4,5
15647,9,5
15648,2,5
15649,15,5
15650,35,5
13402,35,5
13403,10,5
15323,39,5
15651,38,5
15652,1,5
15653,31,5
14294,8,5
14295,4,5
14296,4,5
14297,35,5
14283,6,5
14284,5,5
14285,10,5
14286,5,5
13406,10,5
13407,6,5
15637,34,5
15638,5,5
9865,35,5
9865,13,5
15639,27,5
15640,15,5
14306,4,5
14289,35,5
14290,8,5
14291,8,5
14292,35,5
9648,15,5
14309,15,5
15633,8,5
15634,38,5
9864,26,5
9864,27,5
15635,11,5
15636,9,5
15325,39,5
15326,6,5
14293,15,5
14300,38,5
14301,9,5
14318,25,5
14319,28,5
11722,35,5
13409,8,5
15628,17,5
15629,26,5
15630,23,5
15631,23,5
15632,4,5
9862,5,5
14302,24,5
14303,19,5
14304,8,5
14305,10,5
15623,26,5
15624,35,5
15625,35,5
15626,8,5
15627,39,5
9855,28,5
15328,39,5
14166,35,5
14310,15,5
14311,25,5
14312,9,5
14313,39,5
14314,15,5
14315,0,5
14298,4,5
14299,31,5
14322,9,5
9647,5,5
9647,24,5
14307,0,5
14308,27,5
9648,25,5
15615,10,5
9859,25,5
9859,15,5
15616,0,5
15617,15,5
15618,26,5
15619,10,5
15620,4,5
15621,4,5
15622,26,5
14330,39,5
14331,8,5
13927,6,5
15955,39,5
13928,6,5
15953,35,5
11847,10,5
14323,39,5
14324,9,5
14325,15,5
14326,12,5
14327,17,5
14316,6,5
14317,5,5
14320,5,5
14321,15,5
7475,5,5
7475,24,5
15613,35,5
9854,5,5
15614,11,5
14334,39,5
13950,10,5
13951,35,5
12345,6,5
14333,10,5
12344,10,5
15957,39,5
13930,35,5
15960,39,5
12341,10,5
12342,6,5
13952,10,5
13953,35,5
15964,35,5
13954,6,5
15965,39,5
12348,6,5
12349,10,5
12346,10,5
15606,11,5
7484,5,5
15607,8,5
15608,23,5
15609,23,5
15610,1,5
15611,25,5
15612,35,5
12103,8,5
14778,38,5
12101,9,5
12102,34,5
13955,10,5
13956,35,5
14054,5,5
15605,19,5
12098,4,5
2661,19,5
12096,4,5
12093,5,5
12091,8,5
14335,39,5
12092,10,5
15963,39,5
14336,6,5
14337,6,5
15591,35,5
15592,35,5
15593,26,5
15594,23,5
15595,5,5
15596,28,5
15597,31,5
15598,4,5
15599,4,5
15600,4,5
15601,4,5
15602,35,5
15603,15,5
15604,24,5
15588,10,5
15589,4,5
9855,4,5
15590,26,5
5475,19,5
9279,8,5
9279,11,5
14055,10,5
14056,5,5
15966,35,5
13957,6,5
14339,8,5
14338,4,5
14777,35,5
9724,35,5
9724,13,5
22,5,5
14342,35,5
48,5,5
14343,23,5
14344,39,5
14345,23,5
15578,4,5
15579,9,5
15580,28,5
15581,2,5
15582,25,5
15583,18,5
15584,35,5
15585,25,5
15586,36,5
15587,5,5
13960,10,5
14346,26,5
14347,6,5
14775,39,5
13440,10,5
13441,6,5
15330,39,5
13959,6,5
14348,24,5
11596,35,5
12355,10,5
14340,6,5
12356,35,5
13958,10,5
15967,39,5
14341,5,5
9712,6,5
14773,6,5
14760,26,5
9711,35,5
14163,1,5
14164,8,5
14165,15,5
13961,6,5
15970,39,5
13962,10,5
15971,39,5
14351,39,5
13963,6,5
15974,39,5
14776,35,5
15968,39,5
14766,1,5
14767,26,5
14768,20,5
14769,38,5
14770,5,5
14771,4,5
9712,5,5
14772,5,5
14744,4,5
14745,39,5
11427,10,5
12163,6,5
14160,35,5
14162,39,5
13964,6,5
15977,39,5
15572,38,5
15573,32,5
15574,38,5
15575,38,5
15576,35,5
9854,4,5
15577,8,5
14156,33,5
14157,15,5
14158,33,5
9711,26,5
14761,11,5
14762,15,5
14763,11,5
14764,6,5
14765,22,5
14755,38,5
14756,34,5
14757,10,5
14758,38,5
14759,35,5
14729,27,5
14730,4,5
14152,39,5
15567,11,5
15568,18,5
7476,4,5
7479,35,5
7479,24,5
15569,5,5
15570,27,5
15571,8,5
8310,35,5
8310,13,5
14150,15,5
14151,25,5
14153,37,5
14154,5,5
14155,15,5
14746,26,5
14747,33,5
14748,24,5
14749,12,5
14750,22,5
14751,22,5
14752,17,5
14753,15,5
14754,33,5
14149,10,5
14731,12,5
14732,4,5
14733,9,5
14734,15,5
14735,37,5
14736,12,5
14737,4,5
14738,15,5
14739,38,5
14740,38,5
14741,11,5
14742,5,5
14743,34,5
14714,38,5
14715,35,5
14716,35,5
14717,35,5
14718,5,5
5446,32,5
14719,39,5
14720,4,5
14721,4,5
14722,5,5
14723,15,5
14724,9,5
14725,26,5
14726,6,5
14727,6,5
14728,5,5
14701,35,5
14702,35,5
14704,35,5
14705,22,5
14706,5,5
9710,4,5
9710,11,5
14707,10,5
14708,25,5
14709,25,5
6927,28,5
14710,38,5
14711,8,5
14712,6,5
14713,1,5
14686,0,5
14687,6,5
12100,35,5
14689,25,5
14690,11,5
14691,38,5
14692,8,5
14693,18,5
14694,17,5
14695,4,5
14696,6,5
14697,0,5
1728,22,5
14698,21,5
14699,5,5
14700,39,5
14670,1,5
14671,31,5
14703,19,5
14674,22,5
14675,9,5
14676,34,5
14677,5,5
14678,19,5
14679,33,5
14680,35,5
14681,5,5
14682,11,5
14683,1,5
14684,10,5
14685,15,5
9707,26,5
9707,27,5
14148,15,5
14688,15,5
14662,5,5
14663,0,5
14664,5,5
9705,6,5
14665,5,5
14666,6,5
9709,25,5
9709,15,5
14667,15,5
14668,25,5
14669,9,5
14648,23,5
14649,39,5
14147,6,5
14672,35,5
14673,2,5
14656,5,5
14657,8,5
9706,35,5
9706,13,5
14658,27,5
14659,4,5
14660,38,5
14635,26,5
14142,11,5
14143,38,5
14144,8,5
14145,5,5
14146,5,5
14661,15,5
9708,22,5
9708,34,5
15562,11,5
15563,24,5
15564,36,5
15565,35,5
15566,35,5
14140,11,5
14141,8,5
14138,8,5
14139,5,5
14650,35,5
14651,39,5
9700,28,5
14652,38,5
14653,15,5
14654,17,5
14655,11,5
14625,11,5
14134,35,5
14135,35,5
14136,25,5
14137,25,5
14133,35,5
15552,38,5
15553,8,5
15554,10,5
15555,24,5
15556,23,5
15557,26,5
15558,32,5
15559,32,5
15560,29,5
15561,8,5
14130,26,5
9705,5,5
14636,8,5
14637,28,5
14638,10,5
14639,4,5
9698,5,5
14640,9,5
14641,0,5
14642,26,5
14643,26,5
14644,26,5
14645,35,5
14646,8,5
14647,23,5
5440,19,5
14627,4,5
14628,35,5
14629,38,5
14630,28,5
14631,24,5
14632,19,5
14633,23,5
14634,23,5
9703,5,5
9703,24,5
14611,5,5
14612,4,5
14125,39,5
14131,35,5
14132,26,5
14129,4,5
15544,26,5
15545,13,5
15546,5,5
15547,1,5
15548,31,5
15549,32,5
15550,24,5
15551,27,5
10391,15,5
12131,10,5
12132,35,5
12133,6,5
14127,2,5
14128,35,5
6928,5,5
14626,35,5
14620,35,5
14621,15,5
14622,4,5
14623,26,5
14624,10,5
9698,4,5
14598,8,5
15536,24,5
15537,24,5
14123,6,5
15538,35,5
15539,15,5
15540,8,5
15541,23,5
15542,24,5
15543,35,5
14120,0,5
14121,5,5
14122,6,5
1829,22,5
14088,5,5
15533,4,5
15534,4,5
15535,11,5
14613,9,5
14614,2,5
14615,4,5
14616,31,5
14617,35,5
14618,24,5
14619,4,5
9700,4,5
15532,8,5
14599,25,5
14600,29,5
14601,4,5
14602,25,5
14603,36,5
14604,8,5
14605,1,5
14606,4,5
14607,35,5
14608,35,5
14609,26,5
14610,23,5
14583,32,5
14584,32,5
14119,5,5
14593,8,5
14594,5,5
14595,2,5
14596,27,5
14597,35,5
14569,32,5
5438,24,5
15523,11,5
15524,11,5
15525,35,5
15526,4,5
15527,4,5
15528,24,5
15529,35,5
15530,5,5
15531,35,5
15521,24,5
15522,8,5
14116,5,5
3599,5,5
14117,23,5
14114,6,5
14115,4,5
14118,26,5
14585,4,5
14586,4,5
14587,31,5
14588,5,5
14589,5,5
14590,24,5
14591,36,5
14592,35,5
14571,11,5
14572,32,5
14573,24,5
14574,8,5
14575,38,5
14576,38,5
14577,10,5
14578,38,5
14579,38,5
14580,8,5
14581,4,5
14582,26,5
14553,13,5
14554,10,5
15519,8,5
15520,8,5
14540,35,5
14113,24,5
6799,6,5
15507,0,5
15508,19,5
15509,15,5
15510,21,5
15511,8,5
15512,35,5
15513,8,5
15514,39,5
15515,11,5
15516,8,5
15517,35,5
15518,10,5
14570,11,5
14526,35,5
14555,35,5
14556,18,5
14557,35,5
14558,23,5
14559,24,5
14560,24,5
14561,11,5
14562,18,5
14563,24,5
14564,24,5
14565,32,5
14566,24,5
14567,1,5
14568,8,5
14539,29,5
14097,6,5
14098,6,5
14100,26,5
14541,15,5
14542,8,5
14543,24,5
14544,23,5
14545,35,5
14546,23,5
14547,35,5
14548,24,5
14549,35,5
14550,35,5
14551,27,5
14552,26,5
14525,19,5
14528,8,5
14529,8,5
14530,23,5
14531,11,5
14532,15,5
14533,35,5
14534,35,5
14535,35,5
9696,33,5
9696,27,5
14536,8,5
14537,37,5
14538,8,5
9695,5,5
14511,8,5
15331,8,5
15334,5,5
15335,24,5
15336,26,5
15337,26,5
15338,35,5
15339,35,5
15340,35,5
15341,35,5
15342,35,5
15343,35,5
15344,1,5
15345,34,5
14099,8,5
15332,17,5
15333,8,5
14527,39,5
14512,5,5
14513,10,5
14514,5,5
14515,4,5
14516,15,5
14517,21,5
14518,5,5
14519,6,5
14520,15,5
14521,8,5
14522,8,5
14523,8,5
14524,15,5
4204,11,5
14498,4,5
14499,5,5
14501,24,5
14502,24,5
14503,6,5
14504,35,5
14505,39,5
14506,17,5
14507,2,5
14508,8,5
14509,17,5
14510,5,5
9695,35,5
14489,4,5
15506,35,5
15346,15,5
15347,8,5
14094,38,5
14474,5,5
14475,5,5
7480,24,5
15495,10,5
15496,26,5
15497,35,5
2975,5,5
15498,23,5
15499,11,5
15500,4,5
15501,5,5
15502,35,5
15503,23,5
15504,5,5
15505,17,5
14500,4,5
15491,8,5
15492,4,5
15493,4,5
15494,8,5
14095,6,5
14096,4,5
14490,4,5
14491,8,5
6926,24,5
14492,35,5
14493,8,5
14494,26,5
14495,8,5
14496,35,5
1728,5,5
14497,11,5
14478,24,5
14479,26,5
14480,0,5
14481,4,5
3542,4,5
14482,35,5
14483,10,5
14484,21,5
14485,39,5
14486,8,5
14487,39,5
14488,11,5
14459,10,5
14460,5,5
15489,2,5
15490,26,5
9847,33,5
9847,27,5
15348,39,5
13454,6,5
11014,8,5
10165,8,5
15481,35,5
15482,8,5
15483,5,5
15484,17,5
15485,29,5
15486,15,5
15487,5,5
15488,24,5
14476,6,5
14477,25,5
14463,4,5
14464,8,5
14465,17,5
14466,11,5
14467,5,5
14468,24,5
14469,8,5
14470,4,5
14471,38,5
14472,5,5
14473,18,5
15978,6,5
15479,8,5
15480,39,5
9846,35,5
9846,5,5
14455,13,5
14456,10,5
14457,5,5
14458,10,5
9844,11,5
15471,8,5
15472,15,5
15473,8,5
15474,24,5
15475,24,5
15476,13,5
15477,6,5
15478,8,5
14461,28,5
14462,4,5
3543,5,5
15461,35,5
15462,18,5
15463,6,5
15464,15,5
15465,5,5
15466,5,5
15467,6,5
15468,8,5
15469,10,5
15470,37,5
9844,8,5
13458,6,5
15350,24,5
13965,35,5
15980,35,5
14352,8,5
14449,5,5
9687,8,5
9687,11,5
14450,1,5
5437,8,5
14451,5,5
14452,5,5
5438,18,5
14453,6,5
14454,6,5
14437,6,5
14438,8,5
14439,32,5
9288,11,5
15459,39,5
15460,5,5
14443,1,5
14444,5,5
5436,8,5
14445,35,5
14446,8,5
14447,10,5
14424,19,5
9681,35,5
14425,1,5
14426,24,5
14093,11,5
13459,10,5
15352,39,5
14092,2,5
9288,4,5
14448,39,5
15449,8,5
15450,8,5
15451,35,5
15452,8,5
15453,39,5
15454,5,5
15455,4,5
15456,5,5
15457,24,5
15458,5,5
9686,11,5
9686,8,5
14440,8,5
6924,6,5
14441,1,5
14442,15,5
7477,6,5
15436,1,5
15437,15,5
15438,1,5
15439,6,5
15440,5,5
15441,35,5
15442,19,5
9838,11,5
15443,5,5
7479,18,5
15444,5,5
15445,8,5
15446,39,5
15447,8,5
15448,10,5
14431,5,5
14432,11,5
14433,1,5
14434,38,5
14435,35,5
6921,5,5
14436,15,5
14410,5,5
14411,8,5
14412,15,5
13477,35,5
15353,35,5
15432,35,5
15433,15,5
15434,6,5
15435,32,5
14418,4,5
14419,22,5
14420,15,5
14421,1,5
14422,4,5
14423,8,5
14398,4,5
14399,8,5
14400,8,5
14401,8,5
14091,38,5
13476,10,5
14427,4,5
14428,8,5
14429,5,5
14430,35,5
9681,19,5
14404,8,5
14405,8,5
14406,8,5
14407,5,5
14408,4,5
14409,24,5
14386,35,5
14387,5,5
14388,1,5
14389,8,5
14413,29,5
14414,4,5
14415,8,5
14416,35,5
14417,8,5
11867,6,5
14390,5,5
14391,10,5
14392,8,5
14393,8,5
14394,1,5
14395,8,5
2963,11,5
14396,8,5
14397,5,5
15981,35,5
15354,32,5
14402,8,5
14403,38,5
2188,26,5
2188,32,5
14379,10,5
14380,39,5
12400,6,5
15355,26,5
14382,10,5
14383,39,5
12401,6,5
12402,15,5
14053,5,5
12403,10,5
12404,35,5
12405,6,5
14384,39,5
13968,10,5
14385,8,5
2188,4,5
13984,6,5
15989,39,5
14377,39,5
13985,6,5
13986,10,5
15425,11,5
15426,21,5
15427,11,5
15428,35,5
15429,1,5
15430,6,5
15431,38,5
8003,35,5
15983,32,5
15984,32,5
15985,35,5
15992,35,5
15993,39,5
11188,8,5
14374,39,5
12399,10,5
12396,6,5
15419,5,5
15420,1,5
5471,8,5
15421,24,5
15422,4,5
15423,8,5
7475,35,5
15424,5,5
15987,24,5
11870,10,5
14004,35,5
14052,8,5
13990,10,5
15995,39,5
14372,39,5
15415,8,5
15416,4,5
15417,38,5
15418,10,5
14090,17,5
11612,35,5
12398,8,5
14050,24,5
14051,4,5
15991,39,5
13987,10,5
15996,39,5
6126,24,5
14007,35,5
14008,10,5
15408,35,5
15409,8,5
9837,35,5
9839,11,5
9839,8,5
15410,8,5
15411,8,5
2613,11,5
15412,11,5
15413,5,5
15414,28,5
12395,10,5
14018,10,5
16003,35,5
14020,6,5
9287,25,5
9287,15,5
15998,39,5
14013,6,5
14014,10,5
14015,35,5
3981,4,5
3981,26,5
3981,32,5
15997,39,5
14010,35,5
14011,10,5
14005,10,5
16006,35,5
14024,6,5
16007,39,5
14366,24,5
14367,35,5
12377,6,5
14368,39,5
15402,17,5
15403,8,5
15404,11,5
15405,5,5
15406,8,5
15407,24,5
16000,39,5
16001,35,5
14017,35,5
15400,8,5
14025,35,5
14026,10,5
16009,35,5
14028,6,5
16010,39,5
14029,10,5
12376,10,5
14365,35,5
14049,35,5
11907,6,5
14089,8,5
15401,8,5
16004,39,5
14021,35,5
14022,10,5
16015,39,5
16012,35,5
14362,17,5
14363,8,5
16013,39,5
15357,17,5
15391,24,5
15392,8,5
9838,8,5
15393,8,5
15394,4,5
15395,4,5
15396,15,5
15397,38,5
15398,1,5
15399,1,5
15386,5,5
15387,4,5
15388,8,5
15389,5,5
15390,4,5
13526,10,5
13527,35,5
13528,6,5
15358,39,5
12090,8,5
15356,35,5
14031,10,5
14353,35,5
14354,24,5
14355,35,5
16014,35,5
16016,8,5
16017,39,5
14035,10,5
14361,24,5
13531,35,5
15378,8,5
15379,8,5
15380,35,5
15381,11,5
15382,4,5
4318,26,5
4318,32,5
9837,19,5
15383,5,5
15384,22,5
15385,29,5
14176,15,5
16028,39,5
15368,4,5
15369,8,5
15370,5,5
15371,1,5
15372,5,5
4318,4,5
15373,10,5
15374,5,5
15375,8,5
15376,8,5
15377,1,5
15362,39,5
16018,35,5
16019,39,5
15821,38,5
13636,6,5
13637,35,5
13633,6,5
4308,9,5
9781,35,5
9781,5,5
14172,26,5
14173,35,5
14083,24,5
9285,4,5
14082,32,5
14171,26,5
9343,28,5
14174,9,5
14175,0,5
2499,11,4
15902,10,4
14048,35,4
12249,15,4
10809,11,4
8311,32,4
4124,24,4
10821,35,4
10821,13,4
13520,10,4
10509,11,4
9898,8,4
7866,4,4
13116,5,4
2704,11,4
10558,11,4
11151,4,4
12318,5,4
15044,8,4
12320,5,4
2714,11,4
15034,25,4
14036,5,4
2705,11,4
906,8,4
10809,8,4
10102,35,4
13117,5,4
13119,19,4
13698,5,4
13114,35,4
13115,10,4
13094,11,4
11104,4,4
13704,35,4
1510,11,4
11103,35,4
13469,10,4
15045,6,4
11104,5,4
13706,10,4
13707,19,4
1502,11,4
10803,5,4
13104,10,4
13097,5,4
11154,35,4
11151,5,4
13909,5,4
10562,8,4
15051,6,4
13919,19,4
13914,11,4
13105,11,4
13106,19,4
13893,10,4
13470,19,4
1509,11,4
11029,11,4
2677,11,4
13851,19,4
10511,5,4
12251,5,4
12256,19,4
13461,5,4
13467,35,4
14779,15,4
13701,11,4
12330,35,4
12332,5,4
10024,8,4
12234,11,4
11127,11,4
10509,8,4
13839,11,4
1491,11,4
2776,11,4
11023,4,4
11023,11,4
6126,18,4
11095,5,4
11095,24,4
15851,39,4
3424,19,4
3424,35,4
12415,18,4
10803,4,4
10562,11,4
11008,11,4
11029,8,4
12367,5,4
12370,19,4
10633,5,4
10631,4,4
10631,11,4
11030,35,4
9824,8,4
5062,4,4
10026,1,4
5062,26,4
10517,5,4
10504,35,4
10504,24,4
11022,25,4
11022,15,4
13445,5,4
13444,10,4
15351,35,4
11020,28,4
11016,8,4
11016,11,4
11020,4,4
5924,4,4
10832,34,4
12327,5,4
12333,19,4
13100,35,4
10802,35,4
11845,8,4
10555,26,4
10831,35,4
15954,35,4
7997,1,4
10569,35,4
10569,5,4
15956,35,4
11129,35,4
5062,32,4
10517,24,4
13815,10,4
13810,5,4
13816,19,4
10633,4,4
15063,10,4
13446,35,4
1829,5,4
10521,19,4
10522,8,4
15910,35,4
2614,11,4
11127,8,4
11130,4,4
13447,35,4
13448,10,4
13449,19,4
11008,8,4
13442,5,4
13811,35,4
10832,22,4
13892,8,4
15946,35,4
10775,8,4
15855,35,4
2706,11,4
9769,8,4
9876,24,4
10047,8,4
15958,10,4
15959,6,4
9901,8,4
1511,11,4
11130,5,4
10081,8,4
9885,8,4
7861,4,4
10388,26,4
14101,39,4
11381,5,4
10376,8,4
10376,11,4
7888,18,4
8325,5,4
8324,24,4
15027,35,4
14329,35,4
10781,27,4
10775,11,4
10783,11,4
10783,8,4
6610,32,4
9286,24,4
12417,4,4
8532,19,4
8536,5,4
15857,35,4
13939,10,4
13940,35,4
10831,5,4
10388,27,4
4948,4,4
10386,6,4
10390,11,4
10390,8,4
5994,19,4
11159,4,4
10836,33,4
13945,19,4
583,22,4
10836,27,4
2712,11,4
8349,5,4
6436,5,4
10396,11,4
10394,26,4
10621,28,4
2606,22,4
6514,32,4
10632,35,4
10632,26,4
14356,10,4
10386,5,4
11665,15,4
15030,35,4
10841,26,4
13935,5,4
1535,11,4
11159,5,4
9663,35,4
10833,8,4
10833,11,4
9778,6,4
4240,11,4
10835,11,4
10835,8,4
5451,5,4
10524,11,4
10524,8,4
13802,19,4
13795,11,4
10389,22,4
10389,34,4
10628,35,4
10628,13,4
10629,11,4
10629,8,4
10630,22,4
10630,34,4
10626,6,4
6436,24,4
3417,11,4
10397,8,4
10397,11,4
10400,25,4
10400,15,4
10399,4,4
10399,28,4
10404,4,4
10404,11,4
13793,5,4
1534,11,4
10521,35,4
3226,35,4
6494,8,4
10522,11,4
13796,10,4
13797,35,4
10626,5,4
10627,26,4
10627,27,4
10605,19,4
8495,5,4
8488,28,4
10621,4,4
14027,35,4
14161,35,4
10396,8,4
2516,4,4
10394,35,4
10999,4,4
10999,11,4
4122,11,4
10839,11,4
10839,8,4
10840,4,4
13938,11,4
12347,5,4
10590,5,4
10841,35,4
10845,5,4
10845,1,4
8652,6,4
10838,5,4
10838,24,4
8649,5,4
10840,11,4
3197,4,4
3197,26,4
3197,32,4
3197,35,4
3197,19,4
10844,35,4
10844,5,4
10851,22,4
2274,5,4
10850,11,4
10847,24,4
10853,24,4
3964,11,4
5454,24,4
10850,8,4
8654,5,4
15327,24,4
14023,35,4
15818,8,4
10857,8,4
10857,11,4
10858,11,4
10858,8,4
8658,8,4
5453,5,4
10860,33,4
10860,27,4
10528,11,4
10530,35,4
10530,5,4
9882,8,4
10617,5,4
8487,5,4
8487,24,4
10612,33,4
10612,27,4
5426,4,4
8494,4,4
10847,35,4
10851,24,4
10875,27,4
10876,35,4
10876,13,4
10853,5,4
10877,11,4
10863,25,4
10863,15,4
10865,35,4
10865,24,4
10868,4,4
8491,35,4
8490,6,4
10607,8,4
10607,11,4
8491,18,4
4966,6,4
14016,32,4
4937,9,4
4894,5,4
10534,4,4
5340,19,4
8455,5,4
10528,8,4
3009,5,4
10540,5,4
10537,28,4
10541,26,4
10541,27,4
14104,24,4
5712,4,4
10444,22,4
10444,34,4
14019,35,4
14012,35,4
13404,35,4
8491,24,4
10617,4,4
6512,35,4
10975,11,4
8726,28,4
10618,25,4
10618,15,4
6510,8,4
10965,4,4
10639,4,4
1500,11,4
10611,35,4
10611,5,4
10978,35,4
10978,26,4
10965,28,4
526,22,4
15918,38,4
10540,6,4
408,35,4
4449,5,4
10967,5,4
10971,26,4
10971,27,4
10972,35,4
10972,13,4
10973,25,4
10973,15,4
10974,11,4
10974,8,4
10975,4,4
10969,24,4
8724,24,4
10962,33,4
10948,11,4
8720,8,4
3966,11,4
6661,18,4
2275,5,4
10869,4,4
10872,5,4
8655,8,4
8656,28,4
10868,28,4
10869,5,4
10874,22,4
10874,34,4
10872,6,4
10875,26,4
10877,8,4
2274,22,4
6647,32,4
10878,4,4
10878,11,4
2275,22,4
10947,35,4
10948,8,4
6660,8,4
10953,35,4
10953,5,4
10954,8,4
10954,11,4
6667,32,4
10962,27,4
6661,24,4
4448,4,4
10967,4,4
4451,19,4
8728,5,4
10969,5,4
13353,19,4
10937,11,4
9789,22,4
4448,5,4
12387,19,4
12381,5,4
12380,11,4
10945,5,4
4448,26,4
4448,32,4
10947,19,4
15318,24,4
4450,4,4
10959,11,4
10959,8,4
10945,6,4
3009,22,4
10544,4,4
10544,11,4
6498,32,4
14009,35,4
1505,11,4
13345,5,4
10639,5,4
14370,35,4
14006,35,4
13348,35,4
13350,10,4
14106,25,4
10543,11,4
10543,8,4
10781,26,4
14108,39,4
10590,24,4
15961,6,4
2607,28,4
14105,18,4
15942,35,4
11799,8,4
14109,4,4
14110,9,4
14111,2,4
14112,11,4
4410,24,4
15815,6,4
10882,11,4
10935,5,4
13994,11,4
14369,15,4
2702,11,4
13339,8,4
13342,15,4
13343,35,4
12206,5,4
14102,11,4
14103,35,4
10435,4,4
14207,10,4
1488,11,4
12209,19,4
10435,5,4
13341,25,4
11170,35,4
1372,11,4
13998,10,4
11169,5,4
10935,4,4
10936,35,4
10937,8,4
13993,5,4
12358,10,4
14349,10,4
10552,25,4
10552,15,4
10550,5,4
12299,19,4
13999,19,4
8489,8,4
6511,5,4
10605,35,4
2747,11,4
14371,6,4
11169,4,4
10434,8,4
14107,36,4
54,8,4
632,8,4
6651,8,4
13291,35,4
1940,11,4
15973,35,4
10882,4,4
4441,5,4
4441,4,4
13995,35,4
15765,35,4
2703,11,4
15766,6,4
10596,35,4
10597,11,4
12198,19,4
10434,11,4
12192,5,4
14375,35,4
10602,11,4
10602,8,4
3938,11,4
14373,24,4
15994,6,4
15767,30,4
2746,11,4
15080,10,4
10537,4,4
10534,5,4
15976,35,4
14774,35,4
12360,35,4
14350,24,4
4441,26,4
4441,32,4
10884,19,4
10884,35,4
10885,8,4
10429,35,4
12196,10,4
1486,11,4
10430,5,4
5486,38,4
12191,11,4
10430,4,4
12193,35,4
14378,15,4
15865,35,4
10890,35,4
10890,5,4
10903,4,4
15979,10,4
8485,4,4
10593,26,4
13466,28,4
15986,8,4
15988,35,4
2659,11,4
6500,8,4
15920,35,4
14257,11,4
3045,4,4
10593,32,4
12361,19,4
6658,32,4
10891,8,4
10891,11,4
10885,11,4
8686,8,4
3965,11,4
6652,18,4
4442,4,4
15883,35,4
2709,11,4
7645,26,4
7645,32,4
14376,6,4
14381,15,4
459,26,4
459,32,4
10895,11,4
10895,8,4
6652,24,4
10901,4,4
10133,10,4
10929,5,4
13323,19,4
10929,4,4
8487,35,4
6888,8,4
10542,22,4
10542,34,4
15922,34,4
10912,11,4
8692,28,4
4443,19,4
8694,5,4
10905,5,4
10905,24,4
10901,28,4
10422,4,4
12180,19,4
1485,11,4
12175,5,4
10422,5,4
12176,11,4
1504,11,4
8690,24,4
10903,5,4
10908,26,4
10908,27,4
10909,35,4
10909,13,4
10910,25,4
10910,15,4
10911,11,4
10911,8,4
10912,4,4
9171,19,4
11050,25,4
11050,15,4
15874,8,4
2752,11,4
12174,10,4
10550,4,4
14270,35,4
13316,11,4
10928,35,4
13320,35,4
27,8,4
15926,35,4
11116,35,4
14868,5,4
12472,19,4
15873,35,4
2708,11,4
2715,11,4
12465,35,4
12466,10,4
10914,35,4
10914,26,4
13293,10,4
15933,8,4
15934,10,4
15936,8,4
15937,10,4
11115,4,4
10921,5,4
13299,4,4
10921,4,4
13739,19,4
10926,5,4
11599,5,4
15982,35,4
10596,19,4
10597,8,4
6509,24,4
10926,4,4
11051,35,4
11051,13,4
13303,19,4
13297,5,4
13738,10,4
11115,5,4
13736,5,4
11820,35,4
16029,35,4
16027,35,4
16031,8,4
16032,6,4
15903,35,4
9888,8,4
13900,5,4
13902,19,4
13894,11,4
10558,8,4
10555,27,4
13845,35,4
11136,35,4
1512,11,4
11137,5,4
13849,10,4
13842,5,4
13850,11,4
11137,4,4
10511,4,4
12252,35,4
14124,15,4
15901,8,3
5128,5,3
7155,35,3
6905,11,3
15898,8,3
14217,35,3
8465,32,3
11787,8,3
5249,11,3
13515,11,3
13516,22,3
8759,32,3
13518,35,3
13518,26,3
13507,25,3
13507,15,3
13512,5,3
13513,35,3
13513,13,3
13514,26,3
13514,27,3
13515,4,3
10102,24,3
10258,24,3
13139,8,3
10142,8,3
10193,6,3
13596,27,3
8777,18,3
8774,8,3
13598,8,3
13598,11,3
10194,24,3
13062,11,3
13062,8,3
13064,24,3
3107,11,3
13057,18,3
5132,11,3
10132,5,3
8625,19,3
6888,5,3
14204,24,3
13048,8,3
13048,24,3
13880,8,3
10089,4,3
8625,26,3
8625,32,3
13049,10,3
13877,8,3
13307,11,3
13307,8,3
10786,8,3
13057,35,3
10093,6,3
3101,5,3
13609,28,3
12283,18,3
3453,5,3
12289,8,3
12289,11,3
13971,11,3
2689,5,3
13975,35,3
13969,19,3
11617,8,3
13604,35,3
13604,5,3
3105,5,3
13883,8,3
12293,35,3
12293,5,3
13622,34,3
13980,13,3
13981,22,3
13981,34,3
10265,8,3
13969,35,3
8003,18,3
13971,8,3
13616,6,3
13596,33,3
8777,24,3
10199,5,3
13609,4,3
13611,5,3
13611,24,3
8776,19,3
13975,5,3
30,8,3
570,8,3
13978,5,3
13980,35,3
13616,5,3
13617,39,3
13618,25,3
13618,15,3
13619,35,3
13619,13,3
13620,26,3
13620,27,3
13621,11,3
13621,8,3
13622,22,3
2689,22,3
8919,32,3
13982,35,3
13982,26,3
7645,35,3
12283,35,3
12271,8,3
13623,4,3
13623,11,3
3105,22,3
8780,32,3
13624,35,3
13624,26,3
13873,8,3
7645,19,3
15770,15,3
7495,32,3
13755,19,3
13755,35,3
1215,22,3
15081,10,3
1457,8,3
13051,11,3
13065,35,3
13065,5,3
13067,8,3
13067,11,3
13071,33,3
13071,27,3
13073,35,3
13073,24,3
13978,6,3
10233,18,3
8852,8,3
7495,4,3
13989,8,3
10055,34,3
10133,34,3
13761,8,3
13761,11,3
10197,28,3
2754,11,3
11619,4,3
13078,24,3
13081,5,3
13082,4,3
13064,35,3
7495,26,3
10235,8,3
5933,5,3
10234,8,3
13760,8,3
5934,19,3
14820,24,3
12438,33,3
11599,4,3
5701,5,3
12407,11,3
12407,8,3
8304,35,3
2872,5,3
13762,35,3
13762,5,3
10232,6,3
7638,24,3
13768,33,3
10237,24,3
3128,35,3
5691,5,3
5691,24,3
9663,8,3
11860,8,3
6609,35,3
14787,24,3
13724,24,3
10071,28,3
12449,5,3
12449,4,3
5247,11,3
13760,11,3
3101,22,3
13088,11,3
13088,8,3
13089,4,3
11111,19,3
10097,5,3
5908,4,3
13077,4,3
13078,5,3
15064,8,3
12409,35,3
12409,5,3
12393,35,3
12393,26,3
13783,13,3
2872,22,3
11070,8,3
11056,8,3
11057,10,3
11057,8,3
15060,0,3
9780,2,3
4308,26,3
11163,8,3
13186,35,3
13186,13,3
13187,22,3
13187,17,3
2516,26,3
2516,32,3
13081,6,3
13082,28,3
15880,10,3
13077,5,3
13083,35,3
13083,13,3
13084,25,3
13084,15,3
13085,26,3
13085,27,3
13086,22,3
13086,34,3
12438,27,3
10070,8,3
4050,5,3
8146,6,3
12350,35,3
12350,13,3
13776,5,3
11711,35,3
13368,8,3
13768,27,3
10233,35,3
10233,24,3
13774,5,3
13775,4,3
5685,8,3
13776,4,3
10242,5,3
3979,11,3
4545,5,3
11060,35,3
11061,11,3
6697,8,3
11070,11,3
8789,35,3
8790,8,3
8791,6,3
5483,38,3
4544,26,3
4544,32,3
11060,19,3
11061,8,3
8787,8,3
13779,22,3
13779,34,3
13774,6,3
13780,5,3
13780,24,3
13775,28,3
13787,35,3
13782,26,3
13782,27,3
13783,35,3
13784,25,3
13784,15,3
13785,11,3
13785,8,3
10236,28,3
1991,5,3
8794,24,3
11076,33,3
11076,27,3
6698,18,3
11069,35,3
11069,5,3
8739,8,3
10143,35,3
13412,35,3
9786,4,3
2845,26,3
11078,4,3
6698,24,3
11081,4,3
8799,5,3
10996,8,3
4934,4,3
12651,5,3
13787,26,3
13786,4,3
13786,11,3
8856,32,3
7453,38,3
10145,6,3
5139,11,3
1981,11,3
8741,18,3
13416,11,3
13416,8,3
13418,8,3
13418,11,3
11078,28,3
11085,5,3
11081,5,3
8789,5,3
8789,24,3
11056,38,3
11088,13,3
11093,35,3
11093,26,3
11087,26,3
11087,27,3
11088,35,3
11089,22,3
11089,34,3
11085,6,3
11090,25,3
11090,15,3
4546,19,3
2845,32,3
15324,35,3
13428,4,3
10149,24,3
2846,5,3
5920,19,3
10152,5,3
10143,5,3
10143,24,3
13428,28,3
13433,5,3
13434,26,3
13434,27,3
13435,35,3
13421,27,3
13424,35,3
13424,5,3
13426,24,3
8741,24,3
13426,35,3
6701,32,3
13436,25,3
13436,15,3
13437,22,3
13437,34,3
13433,6,3
13438,11,3
13438,8,3
2846,22,3
8745,32,3
11091,4,3
11091,11,3
11092,11,3
11092,8,3
1991,22,3
8797,28,3
13412,19,3
9994,28,3
8326,32,3
12130,35,3
14364,8,3
904,8,3
11665,8,3
11701,34,3
12125,13,3
9335,4,3
15329,8,3
16011,15,3
12651,35,3
13439,35,3
13439,26,3
13421,33,3
13435,13,3
12121,4,3
12122,4,3
12127,4,3
12127,11,3
12122,5,3
12112,11,3
13179,38,3
11676,8,3
2759,26,3
2759,32,3
2270,24,3
15858,11,3
13089,11,3
8630,32,3
13090,35,3
13090,26,3
12130,26,3
7888,24,3
12116,11,3
12116,8,3
12123,5,3
12123,24,3
12121,28,3
12117,5,3
12118,33,3
12118,27,3
14332,35,3
14328,8,3
12124,25,3
12124,15,3
14126,34,3
12125,35,3
12236,35,3
12117,35,3
15907,11,3
9991,8,3
10254,8,3
9278,8,3
10391,8,3
13929,8,3
8323,8,3
6427,4,3
6427,26,3
6427,32,3
11382,19,3
4563,11,3
12112,8,3
11382,35,3
13175,11,3
10123,28,3
8645,32,3
4547,26,3
12303,5,3
13717,5,3
13717,24,3
12340,35,3
12340,13,3
13179,11,3
13861,8,3
12230,4,3
12230,11,3
12231,8,3
12231,11,3
11812,8,3
10272,5,3
12262,15,3
13857,8,3
12236,5,3
9159,4,3
12238,35,3
15349,8,3
13172,35,3
13650,8,3
13651,11,3
13172,13,3
13173,25,3
13173,15,3
13174,11,3
13174,8,3
13175,4,3
13159,33,3
13159,27,3
13163,5,3
13165,4,3
13166,4,3
13653,8,3
13167,34,3
13163,6,3
13169,5,3
13169,24,3
13165,28,3
13166,5,3
2833,22,3
3094,38,3
13171,26,3
13171,27,3
5133,11,3
5912,4,3
5911,5,3
13156,11,3
13156,8,3
10122,24,3
13152,8,3
13152,11,3
4547,4,3
5931,5,3
13649,35,3
10212,35,3
13650,11,3
10213,6,3
8815,18,3
8813,8,3
7443,4,3
7443,26,3
7443,32,3
13146,19,3
13146,35,3
13149,8,3
8639,8,3
13668,4,3
5932,19,3
4547,32,3
13649,19,3
13167,22,3
13659,5,3
13660,33,3
13660,27,3
10118,6,3
13674,5,3
13676,35,3
13676,13,3
13677,26,3
13677,27,3
13678,11,3
13678,8,3
13679,22,3
13679,34,3
13651,8,3
5246,11,3
10210,8,3
10216,24,3
13666,4,3
8815,24,3
7492,4,3
3106,22,3
8819,32,3
12238,24,3
12240,4,3
12240,28,3
12226,8,3
10175,6,3
13491,35,3
13491,5,3
13653,11,3
3106,5,3
13659,35,3
10220,5,3
13670,25,3
13670,15,3
13668,28,3
12262,25,3
14226,11,3
10180,5,3
13503,4,3
8756,24,3
4539,10,3
12310,22,3
12310,34,3
12303,6,3
2833,5,3
13149,11,3
10117,8,3
13674,6,3
10218,28,3
13680,4,3
13680,11,3
5927,5,3
8755,11,3
15049,8,3
10226,39,3
7457,28,3
13917,4,3
588,8,3
13666,5,3
10212,5,3
10212,24,3
13681,26,3
13917,5,3
10255,5,3
10255,24,3
13922,11,3
13922,8,3
13512,6,3
13681,35,3
10255,35,3
13483,35,3
13517,11,3
13517,8,3
3104,22,3
8756,18,3
10171,8,3
7470,38,3
4539,26,3
4539,32,3
13483,19,3
10173,8,3
5242,11,3
10174,8,3
12316,35,3
12316,26,3
4539,4,3
13502,4,3
4540,19,3
5243,4,3
13502,5,3
13506,5,3
13506,24,3
13503,28,3
13495,8,3
13495,11,3
13496,33,3
13496,27,3
10178,24,3
3104,5,3
5128,24,3
13516,34,3
14359,8,3
10273,39,3
12304,35,3
12304,13,3
4124,17,3
3453,22,3
13129,35,3
13129,5,3
13131,35,3
13131,13,3
13912,8,3
13912,11,3
13727,5,3
11748,8,3
8625,35,3
13051,8,3
13049,8,3
10090,8,3
5930,5,3
5245,11,3
13591,35,3
5929,4,3
13589,8,3
5929,26,3
5929,32,3
13591,19,3
13589,11,3
10132,4,3
3108,11,3
1546,11,3
7863,11,2
13839,8,2
2180,5,2
12367,6,2
4414,5,2
2907,11,2
16022,8,2
14047,8,2
2852,11,2
15361,8,2
8009,11,2
13520,4,2
2851,11,2
7662,11,2
9672,18,2
11602,8,2
6125,35,2
6125,19,2
10272,8,2
3596,22,2
382,26,2
5653,5,2
1734,35,2
12252,24,2
4378,5,2
8446,5,2
4935,5,2
5450,22,2
9898,26,2
9898,4,2
2864,11,2
733,5,2
10556,32,2
10556,26,2
10560,32,2
13115,28,2
2866,11,2
11669,24,2
10556,8,2
10556,4,2
5854,5,2
15948,27,2
11149,32,2
10557,8,2
2690,11,2
12320,4,2
4556,5,2
13900,4,2
5936,5,2
11146,8,2
9895,5,2
13894,8,2
7865,11,2
5450,5,2
10102,18,2
13116,6,2
7830,11,2
15841,5,2
15841,4,2
9773,5,2
13114,24,2
13119,5,2
10816,32,2
10807,35,2
10807,19,2
11100,8,2
11045,5,2
1913,11,2
13117,4,2
13104,28,2
5854,22,2
12318,6,2
4896,19,2
2832,11,2
6640,11,2
4549,5,2
13701,8,2
13700,35,2
11103,18,2
10806,32,2
13106,5,2
4918,22,2
13105,8,2
5485,11,2
13698,6,2
906,32,2
906,26,2
10039,1,2
10807,32,2
10807,26,2
1907,4,2
11103,24,2
9652,15,2
15839,8,2
9652,32,2
9652,26,2
9652,8,2
9652,4,2
11154,18,2
11150,8,2
8896,5,2
13914,8,2
1886,11,2
2863,11,2
13704,24,2
11101,8,2
8831,5,2
12330,24,2
12327,6,2
5856,5,2
10561,8,2
8467,11,2
9899,19,2
11154,24,2
11156,32,2
4556,22,2
10802,24,2
8632,4,2
13700,24,2
13700,5,2
13707,5,2
8832,19,2
2867,11,2
2972,11,2
10563,4,2
2691,11,2
12332,4,2
13706,28,2
4549,22,2
13095,24,2
13095,5,2
10772,8,2
13892,4,2
2825,11,2
9770,19,2
13919,5,2
34,8,2
15050,24,2
15050,35,2
2751,11,2
2750,11,2
11847,4,2
12333,5,2
4918,5,2
8633,5,2
13097,6,2
13095,35,2
10801,8,2
15852,8,2
10934,10,2
11711,24,2
11711,5,2
8945,8,2
11108,32,2
15054,10,2
14328,11,2
10566,32,2
5856,22,2
2803,11,2
11188,4,2
11094,8,2
2713,11,2
15853,8,2
32,24,2
2868,11,2
7733,11,2
14787,35,2
12299,5,2
2886,11,2
13100,24,2
7648,19,2
10802,18,2
13094,8,2
2804,11,2
3047,11,2
1608,11,2
2861,11,2
2175,38,2
7829,11,2
9769,32,2
9769,26,2
9769,4,2
2831,11,2
10254,27,2
13617,10,2
6297,35,2
7651,24,2
13945,5,2
3728,24,2
2805,11,2
14332,24,2
13936,18,2
13935,6,2
8903,4,2
4557,5,2
9901,32,2
9901,26,2
9901,4,2
13940,24,2
15856,8,2
12417,10,2
11144,35,2
15948,35,2
13936,35,2
2859,11,2
15822,8,2
15860,8,2
15943,5,2
10132,10,2
15943,4,2
2869,11,2
15858,8,2
8902,5,2
13938,8,2
7868,11,2
11157,8,2
817,8,2
2860,11,2
2835,11,2
15962,8,2
744,5,2
744,8,2
0,38,2
15061,26,2
15825,8,2
163,22,2
2956,11,2
8478,5,2
163,5,2
12347,6,2
11162,32,2
13939,28,2
4557,22,2
8904,19,2
13936,24,2
2820,11,2
12353,8,2
2890,11,2
10591,8,2
2892,11,2
2707,11,2
2858,11,2
13137,26,2
13137,20,2
2565,24,2
2957,11,2
8004,8,2
2889,11,2
10273,8,2
5639,11,2
2888,11,2
15972,8,2
9180,5,2
15066,8,2
11636,24,2
14820,35,2
2870,11,2
13724,35,2
15812,5,2
2749,11,2
2753,11,2
15969,8,2
2891,11,2
2823,11,2
11596,24,2
2836,11,2
5134,24,2
10917,24,2
2837,11,2
2857,11,2
13625,8,2
12360,19,2
12358,28,2
11706,10,2
11867,5,2
15975,5,2
4550,11,2
7857,11,2
11619,8,2
15975,4,2
15812,4,2
15811,8,2
2893,11,2
10916,32,2
10916,26,2
10915,4,2
13293,28,2
4444,22,2
15867,4,2
12466,28,2
8454,24,2
12465,24,2
8454,18,2
9633,6,2
5123,4,2
2885,11,2
13295,24,2
10916,19,2
13295,35,2
11699,4,2
13303,5,2
13299,10,2
10919,8,2
13298,18,2
13297,6,2
10916,35,2
8697,5,2
7834,11,2
12361,5,2
13295,5,2
11113,8,2
8843,11,2
13736,6,2
10165,4,2
15867,5,2
2973,11,2
13966,8,2
2979,11,2
4922,5,2
689,22,2
13739,5,2
10228,19,2
11116,24,2
4534,5,2
11116,18,2
13298,24,2
13298,35,2
10920,35,2
4444,5,2
10924,32,2
11699,11,2
10790,19,2
10789,4,2
10795,32,2
5124,22,2
11699,10,2
10418,4,2
6459,35,2
15871,8,2
13738,28,2
4534,22,2
2884,11,2
10788,8,2
10786,32,2
10786,26,2
2129,18,2
15070,8,2
15877,8,2
2429,35,2
4922,22,2
2429,19,2
27,32,2
27,26,2
2968,8,2
568,35,2
2210,5,2
27,4,2
10637,1,2
27,5,2
2883,11,2
5124,5,2
2882,11,2
12472,5,2
2542,8,2
13320,24,2
8701,5,2
8702,4,2
14126,15,2
10928,18,2
10133,28,2
6502,5,2
8425,5,2
10420,8,2
12177,18,2
12176,8,2
7631,11,2
12175,6,2
10419,35,2
10419,19,2
6501,11,2
10419,32,2
10419,26,2
12177,24,2
12174,28,2
2871,11,2
12180,5,2
12177,35,2
8424,4,2
4340,5,2
2711,11,2
689,1,2
7836,11,2
13316,8,2
708,15,2
10927,8,2
11166,8,2
2740,11,2
11701,5,2
13323,5,2
8703,19,2
11701,4,2
10928,24,2
6120,32,2
6120,26,2
12192,6,2
2514,5,2
12191,8,2
15880,8,2
10425,32,2
4340,22,2
10548,6,2
10647,15,2
2839,11,2
10647,8,2
2961,11,2
1718,11,2
15885,8,2
15881,8,2
2802,11,2
2881,11,2
6888,4,2
6888,1,2
2962,11,2
13326,8,2
10933,32,2
5676,8,2
2838,11,2
12196,28,2
2976,11,2
7633,11,2
12189,35,2
6888,32,2
6888,26,2
10429,24,2
1215,5,2
15990,8,2
11870,4,2
13983,8,2
13727,10,2
7646,28,2
2822,11,2
2855,11,2
9271,19,2
2896,11,2
11612,24,2
2854,11,2
11707,4,2
10026,8,2
4203,11,2
2895,11,2
11873,8,2
2894,11,2
10645,15,2
10645,8,2
15081,28,2
12193,24,2
10427,8,2
10429,18,2
10433,32,2
5937,4,2
3408,11,2
9870,11,2
13995,24,2
11167,8,2
10428,19,2
8428,4,2
12203,35,2
9349,4,2
12203,19,2
2710,11,2
11706,11,2
11706,4,2
15054,32,2
15768,8,2
75,9,2
15763,8,2
2853,11,2
11171,19,2
13999,5,2
7634,11,2
11558,24,2
11557,8,2
8431,4,2
12189,24,2
12189,5,2
12198,5,2
5487,11,2
13993,6,2
13991,35,2
5937,32,2
5937,26,2
13339,4,2
2840,11,2
11170,24,2
4936,5,2
7837,11,2
13345,6,2
12209,5,2
10004,19,2
8432,5,2
12206,6,2
4345,5,2
11170,18,2
8925,5,2
13994,8,2
8256,5,2
13335,8,2
4936,22,2
13998,28,2
4907,24,2
11880,8,2
1918,1,2
4345,22,2
10438,32,2
3128,24,2
13342,8,2
13341,15,2
12394,8,2
13991,24,2
13991,5,2
8711,4,2
10936,24,2
8926,4,2
4241,11,2
2897,11,2
10941,32,2
4923,22,2
13350,28,2
13353,5,2
13343,19,2
10136,34,2
10643,32,2
4416,22,2
4923,5,2
8712,5,2
10936,18,2
13348,24,2
11877,8,2
11175,32,2
2898,11,2
12378,24,2
12378,5,2
7666,35,2
14209,24,2
5522,11,2
14209,35,2
4416,5,2
12381,6,2
10638,8,2
8508,5,2
2748,11,2
11714,24,2
15317,1,2
12387,5,2
8509,4,2
2842,11,2
2841,11,2
2899,11,2
12380,8,2
7667,11,2
7666,32,2
7666,26,2
16002,8,2
15322,8,2
2880,11,2
2829,11,2
15029,8,2
7666,4,2
4924,11,2
12378,35,2
11883,8,2
16005,8,2
2901,11,2
11722,24,2
9882,4,2
15915,8,2
2879,11,2
2977,11,2
15889,8,2
2843,11,2
4937,26,2
14016,30,2
9353,5,2
2900,11,2
2844,11,2
15324,24,2
15999,8,2
16008,8,2
2821,11,2
2902,11,2
13797,24,2
8860,5,2
13795,8,2
7859,11,2
11121,8,2
13794,18,2
13793,6,2
11826,8,2
4551,5,2
9882,32,2
9882,26,2
2847,11,2
4242,11,2
10636,32,2
2755,11,2
2758,11,2
11125,32,2
13796,28,2
4551,22,2
8861,19,2
13802,5,2
13794,24,2
13794,35,2
11427,4,2
14159,8,2
5465,24,2
2761,11,2
11891,8,2
2903,11,2
7735,32,2
10141,5,2
11004,5,2
11004,32,2
7735,26,2
14217,24,2
13808,35,2
11126,8,2
9885,32,2
9885,26,2
9885,4,2
2826,11,2
14359,11,2
10081,10,2
11894,8,2
2904,11,2
13444,4,2
8748,5,2
4931,5,2
11007,11,2
13442,6,2
11005,8,2
13449,5,2
13447,24,2
8863,5,2
4553,5,2
11129,18,2
7862,11,2
13810,6,2
15909,5,2
15909,4,2
15907,8,2
11898,8,2
8937,11,2
2905,11,2
11247,5,2
4414,22,2
9181,4,2
9672,24,2
2775,11,2
13808,24,2
13808,5,2
13816,5,2
8862,19,2
11129,24,2
13811,24,2
11004,26,2
11004,4,2
13464,35,2
6695,11,2
2848,11,2
2849,11,2
2878,11,2
7641,11,2
11812,4,2
13815,28,2
11133,32,2
4553,22,2
4931,22,2
13446,24,2
3200,11,2
13445,4,2
11013,32,2
13448,28,2
13840,24,2
13840,5,2
13851,5,2
12234,8,2
14222,5,2
10023,18,2
37,11,2
11140,32,2
14232,8,2
9824,32,2
9824,26,2
9824,4,2
11030,24,2
6705,5,2
12370,5,2
11030,18,2
8445,4,2
15894,8,2
11027,8,2
4537,5,2
7849,11,2
13461,6,2
4537,22,2
13464,24,2
13464,5,2
13470,5,2
2874,11,2
5951,24,2
10515,32,2
13849,28,2
4935,22,2
13850,8,2
3596,5,2
7851,19,2
13467,24,2
9208,8,2
11033,32,2
13469,28,2
3700,11,2
13466,10,2
8752,5,2
12256,5,2
14222,4,2
14226,8,2
9162,11,2
15896,8,2
2875,11,2
10508,19,2
8872,5,2
13842,6,2
13840,35,2
11568,26,2
11565,11,2
9889,19,2
11136,24,2
7864,4,2
2876,11,2
13845,24,2
5711,5,2
5711,4,2
12251,6,2
4378,22,2
14036,6,2
2906,11,2
9335,36,2
9888,32,2
9888,26,2
11820,24,2
11568,35,2
11568,32,2
7643,11,2
5711,32,2
5711,26,2
5711,1,2
2877,11,2
11135,8,2
11136,18,2
382,32,2
5711,15,2
12249,8,2
5936,22,2
13893,28,2
13902,5,2
4237,11,2
2865,11,2
13909,6,2
9898,32,2
9888,4,2
2978,11,2
3395,11,2
2908,11,2
16024,5,2
16024,4,2
1925,15,2
14227,5,2
14227,4,2
10286,4,1
14043,4,1
16027,19,1
9276,22,1
11904,35,1
16029,24,1
11601,11,1
11902,11,1
14044,5,1
9276,5,1
16031,11,1
8943,5,1
16024,38,1
9247,22,1
13531,19,1
13529,4,1
9247,5,1
16032,5,1
14047,26,1
14047,4,1
11905,38,1
16022,32,1
16022,26,1
16022,4,1
14039,4,1
11900,11,1
10272,32,1
13145,8,1
13527,19,1
11820,18,1
8443,22,1
8444,22,1
12247,19,1
11566,4,1
8444,5,1
12248,5,1
11819,11,1
15898,35,1
11821,11,1
15901,32,1
15901,26,1
13836,22,1
13833,19,1
13835,5,1
13832,4,1
11816,12,1
8866,22,1
13827,19,1
15898,4,1
13831,35,1
33,8,1
4123,12,1
8868,22,1
13830,19,1
13828,5,1
13829,4,1
8868,5,1
11818,11,1
15896,32,1
15896,26,1
15896,4,1
15894,26,1
15894,4,1
8865,22,1
13823,4,1
13822,19,1
13824,5,1
8865,5,1
9626,32,1
12264,5,1
8443,5,1
12245,5,1
14222,38,1
11567,11,1
737,32,1
737,26,1
737,4,1
11812,26,1
60,15,1
13857,26,1
13857,4,1
11572,11,1
14232,32,1
14232,26,1
14232,4,1
9630,22,1
12263,4,1
9630,5,1
13825,5,1
13826,4,1
8866,5,1
11815,11,1
15894,32,1
11381,4,1
11382,8,1
10519,11,1
9262,22,1
13858,4,1
9262,5,1
13860,5,1
11822,11,1
13857,32,1
12226,4,1
9626,26,1
9626,4,1
12244,19,1
10505,4,1
11813,11,1
11812,32,1
8442,5,1
11561,11,1
12226,32,1
9263,22,1
15910,19,1
11824,4,1
9263,5,1
15909,38,1
13862,5,1
11823,11,1
13861,32,1
13861,26,1
13861,4,1
8442,22,1
12228,4,1
12227,19,1
10081,4,1
11381,32,1
11381,26,1
12366,19,1
9673,5,1
7671,8,1
11826,5,1
3061,8,1
382,4,1
12226,26,1
3445,22,1
2700,32,1
2700,26,1
10082,4,1
8570,5,1
12229,5,1
11560,24,1
11826,26,1
11826,1,1
11826,4,1
9180,22,1
11598,4,1
3606,18,1
11827,11,1
10592,5,1
9663,32,1
9663,26,1
9663,4,1
12650,5,1
11662,11,1
10081,32,1
10081,26,1
8611,22,1
13045,4,1
8611,5,1
13046,5,1
11663,11,1
15029,32,1
15029,26,1
15029,4,1
9891,22,1
13864,4,1
9891,5,1
11828,11,1
13863,5,1
11826,32,1
8570,22,1
15027,19,1
11810,11,1
8857,5,1
15889,32,1
15889,26,1
15889,4,1
807,32,1
807,26,1
13866,19,1
13865,4,1
8877,5,1
13867,5,1
11830,11,1
15915,32,1
15915,26,1
15915,4,1
3225,24,1
14209,18,1
12218,11,1
10443,35,1
9893,11,1
9892,32,1
9892,26,1
9892,4,1
15918,12,1
9349,32,1
9349,26,1
8877,22,1
10008,22,1
2104,24,1
8857,22,1
13789,19,1
13788,5,1
12271,32,1
12271,26,1
12271,4,1
9894,5,1
13872,5,1
11832,11,1
9264,22,1
13870,4,1
9264,5,1
13869,5,1
8849,22,1
13753,19,1
12203,32,1
12203,26,1
14207,28,1
10008,5,1
15881,32,1
15881,26,1
15881,4,1
12273,5,1
8459,5,1
11579,11,1
13873,32,1
13873,26,1
13873,4,1
9894,22,1
15922,22,1
15920,19,1
13871,4,1
13752,5,1
11808,11,1
8849,5,1
8847,22,1
13749,19,1
13748,4,1
13875,5,1
11833,11,1
8459,22,1
12272,4,1
15885,32,1
15885,26,1
15885,4,1
9260,22,1
15883,19,1
7491,4,1
9260,5,1
11806,11,1
13751,5,1
10248,5,1
13876,5,1
15926,24,1
8881,22,1
13874,4,1
8881,5,1
15877,32,1
15877,26,1
15877,4,1
14204,35,1
10426,35,1
8847,5,1
13750,5,1
11804,11,1
3407,12,1
14204,5,1
13747,5,1
9881,11,1
15874,4,1
8845,22,1
11699,28,1
15873,19,1
11118,4,1
8845,5,1
13879,4,1
13878,5,1
11834,11,1
8883,5,1
13877,32,1
13877,26,1
13877,4,1
10248,22,1
15871,4,1
11564,14,1
13881,5,1
14868,6,1
9741,5,1
11641,11,1
11835,11,1
8885,5,1
13880,32,1
13880,26,1
13880,4,1
15080,28,1
8883,22,1
9259,22,1
9259,5,1
13746,4,1
13733,19,1
11801,4,1
15936,11,1
11838,11,1
11143,35,1
10251,22,1
15934,4,1
15933,11,1
11837,11,1
11836,35,1
8885,22,1
13882,4,1
13743,5,1
11802,11,1
15871,32,1
15871,26,1
13734,5,1
15867,38,1
9256,32,1
9256,26,1
9256,4,1
9880,22,1
14257,38,1
530,35,1
439,35,1
13883,4,1
10252,22,1
15937,4,1
9257,5,1
10165,32,1
10165,26,1
8842,22,1
672,35,1
10395,1,1
8890,22,1
11839,19,1
13884,5,1
8890,5,1
11840,11,1
13883,32,1
13883,26,1
10786,4,1
9880,5,1
13730,11,1
15865,24,1
5532,1,1
1007,8,1
8842,5,1
3537,19,1
243,8,1
3537,32,1
3537,26,1
243,4,1
13728,19,1
11100,4,1
11112,5,1
11800,11,1
11799,32,1
907,15,1
5865,19,1
54,32,1
54,26,1
2185,1,1
2742,8,1
15860,4,1
9265,5,1
15943,38,1
5865,35,1
11842,11,1
13886,5,1
13723,4,1
8840,5,1
13725,5,1
13724,18,1
11799,26,1
11799,4,1
13727,8,1
8840,22,1
3537,35,1
5976,5,1
11145,11,1
11843,11,1
13887,24,1
2964,22,1
9190,28,1
9265,22,1
10132,28,1
15942,19,1
11841,4,1
9768,5,1
13092,5,1
11666,11,1
1231,35,1
11798,11,1
15860,32,1
15860,26,1
13721,4,1
8838,5,1
13722,5,1
11797,11,1
15856,32,1
15856,26,1
15856,4,1
8837,22,1
13617,4,1
12415,24,1
12415,35,1
7505,32,1
7505,26,1
11186,4,1
10253,22,1
4555,11,1
13720,4,1
8837,5,1
9266,5,1
1487,15,1
2964,5,1
10067,5,1
13889,5,1
11844,11,1
10254,32,1
10254,26,1
10254,4,1
10254,35,1
10278,24,1
11110,22,1
8838,22,1
15857,19,1
9255,5,1
13716,5,1
11794,11,1
15852,32,1
11846,11,1
11845,32,1
11845,26,1
11845,4,1
9266,22,1
15946,19,1
13888,4,1
15948,24,1
15855,19,1
9768,22,1
15030,19,1
13091,4,1
8834,22,1
13713,4,1
10772,26,1
10772,5,1
4813,35,1
8895,22,1
13890,4,1
8895,5,1
13891,5,1
13719,5,1
11795,11,1
15853,32,1
15853,26,1
15853,4,1
9255,22,1
10226,4,1
11793,11,1
8945,32,1
8945,26,1
8945,4,1
15851,38,1
14779,8,1
10772,35,1
9729,22,1
12411,4,1
9729,5,1
12412,5,1
11623,11,1
10772,32,1
15852,26,1
15852,4,1
10934,28,1
11788,11,1
10113,22,1
10772,4,1
10772,1,1
8827,22,1
8827,5,1
13692,4,1
13693,5,1
11789,11,1
8829,22,1
8829,5,1
13694,4,1
13695,5,1
11791,11,1
8834,5,1
13714,5,1
11670,35,1
10113,5,1
13133,11,1
11787,32,1
11787,26,1
11787,10,1
11787,4,1
9253,22,1
11786,4,1
9253,5,1
15841,38,1
1533,11,1
9254,22,1
13690,4,1
9254,5,1
13691,5,1
13139,26,1
13139,4,1
3168,24,1
4030,1,1
8257,9,1
14270,24,1
13689,5,1
11785,11,1
9878,32,1
9878,26,1
9878,10,1
9878,4,1
8824,22,1
13686,4,1
8311,8,1
8505,15,1
13141,4,1
15839,32,1
15839,26,1
15839,4,1
8822,22,1
6623,38,1
13137,4,1
15045,5,1
15044,11,1
8824,5,1
13687,5,1
11784,11,1
13140,5,1
11672,11,1
8635,5,1
13139,32,1
1973,32,1
1973,26,1
1973,4,1
8665,35,1
9252,22,1
11096,4,1
2074,1,1
3943,8,1
742,35,1
15050,18,1
11674,11,1
15049,1,1
15049,4,1
11673,24,1
10827,35,1
8635,22,1
1576,19,1
34,26,1
2985,5,1
34,4,1
10828,22,1
3042,11,1
13143,4,1
10828,5,1
15051,5,1
9252,5,1
13682,5,1
11782,11,1
13683,4,1
8822,5,1
13684,5,1
11783,11,1
8898,22,1
15954,19,1
8898,5,1
13927,5,1
6311,32,1
6311,26,1
6311,4,1
577,32,1
577,26,1
308,10,1
15054,28,1
13144,4,1
11675,11,1
755,15,1
1576,35,1
3097,8,1
9251,5,1
13647,5,1
11781,11,1
11780,4,1
8811,22,1
13644,4,1
11779,19,1
8811,5,1
9661,22,1
8900,5,1
13928,5,1
11152,11,1
11849,11,1
9268,32,1
9268,26,1
9268,4,1
11590,11,1
10261,22,1
15958,4,1
13930,19,1
15959,5,1
11851,11,1
13929,32,1
13929,26,1
13929,4,1
8900,22,1
15956,19,1
11589,11,1
4125,35,1
4125,19,1
9251,22,1
13646,4,1
13645,5,1
11778,11,1
11094,22,1
11094,32,1
11094,26,1
11094,4,1
11094,35,1
10023,24,1
9250,22,1
8648,5,1
14329,19,1
12341,4,1
9661,5,1
12342,5,1
12345,5,1
9173,5,1
11677,11,1
11676,32,1
11676,26,1
11676,35,1
11676,4,1
13642,4,1
11668,35,1
9250,5,1
13643,5,1
11777,11,1
1927,22,1
817,32,1
9278,4,1
9173,22,1
12344,4,1
11094,24,1
8807,5,1
15825,32,1
15825,26,1
744,26,1
744,4,1
9281,8,1
817,26,1
9152,1,1
817,4,1
67,15,1
10207,22,1
3933,11,1
8807,22,1
13640,19,1
13183,19,1
13185,5,1
13637,19,1
13636,5,1
11775,11,1
8805,5,1
15822,32,1
15822,26,1
15822,4,1
6,39,1
11,25,1
12346,4,1
11591,11,1
8648,22,1
13184,4,1
13638,4,1
13639,5,1
11776,11,1
15060,36,1
15060,34,1
12219,8,1
8786,22,1
9903,26,1
11855,11,1
9903,4,1
13951,19,1
13950,4,1
11853,11,1
15962,15,1
15962,4,1
15961,5,1
15962,5,1
15825,4,1
8805,22,1
10273,32,1
8480,22,1
12349,4,1
12348,5,1
8480,5,1
11592,11,1
8004,26,1
8004,35,1
8004,4,1
8906,5,1
13952,4,1
13954,5,1
9903,32,1
11682,20,1
15061,20,1
15061,9,1
12353,4,1
12353,5,1
13957,5,1
9904,32,1
9904,26,1
11856,11,1
9904,4,1
8906,22,1
13953,19,1
13632,4,1
10798,26,1
144,6,1
15063,6,1
8786,5,1
13633,5,1
11774,11,1
10206,5,1
15815,5,1
11773,11,1
13189,5,1
8666,5,1
11687,11,1
15064,35,1
12355,4,1
11595,11,1
8907,22,1
13956,19,1
8907,5,1
13955,4,1
2989,5,1
12353,32,1
12353,26,1
14774,19,1
10650,4,1
12356,19,1
13959,5,1
11857,19,1
11858,11,1
8908,5,1
11163,4,1
11163,35,1
11163,32,1
11163,26,1
11163,19,1
10273,26,1
10273,4,1
14101,38,1
10206,22,1
8783,22,1
13629,19,1
15812,38,1
13628,5,1
8666,22,1
13190,4,1
8910,22,1
13961,5,1
13960,4,1
8910,5,1
11859,11,1
15969,4,1
15969,32,1
15969,26,1
8908,22,1
13958,4,1
15972,4,1
526,5,1
11620,11,1
14350,35,1
14349,4,1
13962,4,1
11861,11,1
11860,32,1
11860,26,1
11860,5,1
11860,4,1
15064,4,1
13137,5,1
4,26,1
11055,35,1
13630,24,1
8783,5,1
11054,4,1
15811,32,1
15811,26,1
15811,4,1
13291,24,1
9905,26,1
15975,38,1
9905,4,1
9269,22,1
15973,19,1
9269,5,1
13963,5,1
11862,11,1
15972,32,1
15972,26,1
9235,5,1
15066,32,1
15066,26,1
15066,4,1
8782,22,1
11597,11,1
11619,32,1
11619,26,1
11864,4,1
9270,5,1
13964,5,1
11863,11,1
9905,32,1
4906,26,1
11568,19,1
11772,11,1
8782,5,1
13627,5,1
11771,11,1
13625,32,1
13625,26,1
13625,35,1
13625,4,1
9179,22,1
15979,4,1
8915,5,1
11866,11,1
9270,22,1
15976,19,1
13291,18,1
13292,5,1
11698,11,1
15070,4,1
13312,19,1
13311,5,1
8699,5,1
11868,11,1
13966,32,1
13966,26,1
13966,5,1
13966,4,1
11706,28,1
8915,22,1
13965,19,1
9235,22,1
13289,19,1
13290,4,1
13626,4,1
9236,22,1
11617,15,1
11617,32,1
11617,26,1
11617,4,1
8917,22,1
15982,19,1
13968,4,1
8917,5,1
8516,22,1
12404,19,1
12403,4,1
11700,11,1
15070,32,1
8699,22,1
15070,26,1
5676,4,1
5676,5,1
8255,22,1
13329,19,1
13327,5,1
9678,5,1
12401,5,1
11616,11,1
10647,32,1
10647,26,1
10647,1,1
8516,5,1
12405,5,1
11618,11,1
9236,5,1
11702,11,1
13543,4,1
14381,8,1
10647,4,1
9677,22,1
9677,5,1
12400,5,1
11615,11,1
12402,8,1
9678,22,1
13326,32,1
13326,26,1
13326,4,1
13326,5,1
9237,22,1
5676,32,1
5676,26,1
9272,5,1
13984,5,1
9906,11,1
13983,32,1
13983,26,1
13983,4,1
13328,4,1
721,5,1
30,4,1
619,35,1
13332,19,1
13330,5,1
13331,4,1
9237,5,1
11703,11,1
8770,22,1
2607,32,1
2607,26,1
2117,8,1
2107,1,1
1905,5,1
8770,5,1
15770,5,1
15770,8,1
13544,5,1
11047,32,1
15990,26,1
15990,4,1
9272,22,1
15988,19,1
15986,10,1
13983,10,1
10645,26,1
10645,1,1
14378,8,1
10645,4,1
6913,22,1
14375,19,1
5303,35,1
12399,4,1
10056,5,1
8921,5,1
15990,32,1
2607,35,1
13333,5,1
11704,11,1
2607,19,1
709,15,1
13989,4,1
7499,22,1
13987,4,1
7499,5,1
11875,5,1
11874,11,1
11873,32,1
11873,26,1
11873,5,1
11873,4,1
11873,1,1
8921,22,1
13986,4,1
13985,5,1
11872,11,1
10645,32,1
9249,22,1
13541,4,1
13542,5,1
11757,11,1
9249,5,1
15768,32,1
15768,26,1
1457,4,1
14376,5,1
11614,11,1
10026,32,1
10026,26,1
10026,4,1
5062,1,1
8511,22,1
14373,35,1
15768,4,1
9907,22,1
13990,4,1
15994,5,1
11876,11,1
13989,32,1
13989,26,1
8511,5,1
12398,11,1
12396,22,1
14370,19,1
12395,4,1
11047,26,1
11759,11,1
11047,4,1
379,10,1
11611,11,1
733,10,1
10188,22,1
5259,24,1
15766,5,1
2545,32,1
2545,26,1
4945,4,1
8767,22,1
15765,19,1
13539,4,1
8767,5,1
13538,5,1
642,10,1
8706,22,1
8706,5,1
13335,26,1
13338,19,1
13336,5,1
10053,5,1
14371,5,1
13335,4,1
13335,5,1
8708,22,1
8708,5,1
13334,5,1
11708,11,1
11755,11,1
15763,32,1
15763,26,1
15763,4,1
8765,22,1
8216,24,1
9780,3,1
13532,19,1
11045,4,1
12394,32,1
12394,26,1
12394,5,1
12394,4,1
13534,4,1
13536,5,1
8765,5,1
11754,11,1
13337,4,1
11710,11,1
8256,22,1
13335,32,1
5685,26,1
5685,4,1
1863,1,1
11878,11,1
7500,5,1
11877,32,1
11877,26,1
11877,1,1
11877,4,1
11877,15,1
172,28,1
82,25,1
14369,8,1
10796,24,1
11753,11,1
1938,18,1
15317,8,1
13374,11,1
11880,15,1
7500,22,1
14004,19,1
14005,4,1
14006,24,1
14006,18,1
11176,5,1
1863,21,1
13368,32,1
13368,26,1
13368,4,1
9238,22,1
11752,11,1
5685,32,1
564,5,1
14009,24,1
14009,18,1
11177,5,1
11881,11,1
7501,5,1
11880,32,1
11880,26,1
11880,1,1
11880,4,1
13369,4,1
9238,5,1
13370,5,1
11712,11,1
15317,4,1
15317,11,1
3215,9,1
9782,6,1
1863,22,1
9239,5,1
13399,5,1
7502,5,1
11883,32,1
11883,26,1
11883,1,1
11883,4,1
11883,15,1
7501,22,1
14007,19,1
14008,4,1
564,22,1
15318,35,1
13404,18,1
10995,5,1
11720,11,1
14010,19,1
14011,4,1
14012,24,1
14012,18,1
11178,5,1
11884,11,1
75,2,1
8258,8,1
250,26,1
1938,6,1
1938,35,1
1938,4,1
10136,2,1
14014,4,1
8930,5,1
15999,32,1
15999,26,1
15999,4,1
7502,22,1
11717,11,1
15034,15,1
9240,22,1
13400,4,1
9240,5,1
13401,5,1
11718,11,1
9239,22,1
13397,4,1
13404,24,1
10996,35,1
10996,19,1
10996,32,1
10996,26,1
673,16,1
8259,22,1
13402,19,1
13403,4,1
1603,22,1
4814,11,1
1691,4,1
673,0,1
8930,22,1
14015,19,1
14013,5,1
11886,11,1
8736,5,1
10139,5,1
15061,35,1
10139,22,1
7663,22,1
11607,19,1
16002,32,1
16002,26,1
16002,4,1
5628,32,1
5628,26,1
8259,5,1
15322,32,1
15322,26,1
15322,4,1
10996,4,1
11889,11,1
16005,32,1
16005,26,1
16005,4,1
9273,22,1
14017,19,1
14018,4,1
14019,24,1
9273,5,1
14019,18,1
14020,5,1
11888,11,1
8736,22,1
13406,4,1
13407,5,1
11721,11,1
16008,32,1
16008,26,1
16008,4,1
9274,22,1
14021,19,1
12376,4,1
12377,5,1
7663,5,1
14022,4,1
14023,24,1
9274,5,1
14023,18,1
14024,5,1
15329,35,1
15327,35,1
13409,11,1
13440,4,1
13441,5,1
8747,5,1
11724,11,1
8367,22,1
14161,19,1
8367,5,1
15767,18,1
9275,22,1
14025,19,1
14026,4,1
14027,24,1
9275,5,1
14027,18,1
14028,5,1
11890,11,1
8328,5,1
12133,5,1
11385,11,1
6430,35,1
11891,32,1
11891,26,1
11891,5,1
11891,4,1
11891,1,1
12163,5,1
11428,11,1
14159,32,1
14159,26,1
14159,4,1
15329,4,1
8747,22,1
7503,5,1
16011,8,1
14364,5,1
14364,4,1
16011,5,1
11893,5,1
11892,11,1
8272,8,1
8271,22,1
14048,19,1
11906,4,1
8271,5,1
11907,5,1
11608,11,1
12132,19,1
12131,4,1
82,32,1
82,26,1
165,1,1
5260,5,1
8328,22,1
14124,1,1
866,5,1
1514,35,1
82,4,1
11894,32,1
11894,26,1
11894,5,1
11894,4,1
11894,1,1
7503,22,1
14029,4,1
11014,32,1
11014,26,1
11014,4,1
11898,1,1
8944,35,1
5260,8,1
1701,4,1
11179,22,1
14034,11,1
7504,22,1
14031,4,1
7504,5,1
11896,5,1
11895,11,1
5677,8,1
6430,19,1
8750,22,1
13459,4,1
13458,5,1
11731,11,1
11899,11,1
11898,32,1
11898,26,1
11898,5,1
11898,4,1
9823,5,1
13454,5,1
15351,24,1
8750,5,1
15349,35,1
15349,4,1
9822,11,1
13526,4,1
8761,5,1
13528,5,1
11749,11,1
11748,15,1
10272,26,1
10272,4,1
10272,1,1
14035,4,1
9826,5,1
9208,32,1
9208,26,1
9826,22,1
13477,19,1
13476,4,1
9823,22,1
8941,5,1
9671,22,1
14356,4,1
14041,5,1
11901,11,1
11181,11,1
14047,32,1
11748,32,1
11748,26,1
11748,4,1
13530,5,1
11750,11,1
15361,32,1
15361,26,1
15361,4,1
8761,22,1
9261,22,1
15903,19,1
15902,4,1
9261,5,1
13837,5,1
14227,38,1
11681,33,1
8943,22,1
10047,15,1
10047,32,1
10047,26,1
10047,1,1
10047,4,1
8941,22,1
14042,19,1
10257,4,1
