risk_cid,risk_name,group_id,group_name,interv_cid,interv_name,n_triplet_paths
10,Existential catastrophe from misaligned AI,12,Scaling AI Safety Research Capacity and Awareness,8,Expand AI Safety Research Funding and Capacity,6539
25,Misaligned Superintelligent AI Existential Risk,12,Scaling AI Safety Research Capacity and Awareness,8,Expand AI Safety Research Funding and Capacity,3266
26,Misaligned AGI existential catastrophe,12,Scaling AI Safety Research Capacity and Awareness,8,Expand AI Safety Research Funding and Capacity,2790
21,Catastrophic AI misalignment and loss of control,12,Scaling AI Safety Research Capacity and Awareness,8,Expand AI Safety Research Funding and Capacity,2502
16,Insufficient AI safety research capacity,12,Scaling AI Safety Research Capacity and Awareness,8,Expand AI Safety Research Funding and Capacity,2271
10,Existential catastrophe from misaligned AI,12,Scaling AI Safety Research Capacity and Awareness,11,Public AI risk outreach and educational dissemination,1338
10,Existential catastrophe from misaligned AI,14,Alignment via human preference propagation,35,Human-preference reward model fine-tuning,1146
10,Existential catastrophe from misaligned AI,14,Alignment via human preference propagation,24,RLHF fine-tuning for aligned language models,1117
26,Misaligned AGI existential catastrophe,12,Scaling AI Safety Research Capacity and Awareness,11,Public AI risk outreach and educational dissemination,1112
25,Misaligned Superintelligent AI Existential Risk,12,Scaling AI Safety Research Capacity and Awareness,11,Public AI risk outreach and educational dissemination,933
25,Misaligned Superintelligent AI Existential Risk,14,Alignment via human preference propagation,35,Human-preference reward model fine-tuning,807
6,Reward Misspecification and Reward Hacking,12,Scaling AI Safety Research Capacity and Awareness,8,Expand AI Safety Research Funding and Capacity,756
26,Misaligned AGI existential catastrophe,14,Alignment via human preference propagation,24,RLHF fine-tuning for aligned language models,721
16,Insufficient AI safety research capacity,12,Scaling AI Safety Research Capacity and Awareness,11,Public AI risk outreach and educational dissemination,681
20,Deceptive alignment and hidden objectives,12,Scaling AI Safety Research Capacity and Awareness,8,Expand AI Safety Research Funding and Capacity,663
10,Existential catastrophe from misaligned AI,2,Robust feature alignment through adversarial optimization,6,PGD Adversarial Training for Robust Fine-Tuning,642
10,Existential catastrophe from misaligned AI,15,Detection and mitigation of reward mis-specification effects,5,Pre-deployment adversarial red-teaming and robustness testing,635
21,Catastrophic AI misalignment and loss of control,12,Scaling AI Safety Research Capacity and Awareness,11,Public AI risk outreach and educational dissemination,628
9,Deployed AI Misalignment Causes Societal Harm,12,Scaling AI Safety Research Capacity and Awareness,8,Expand AI Safety Research Funding and Capacity,591
2,AI arms race causing unsafe deployment,12,Scaling AI Safety Research Capacity and Awareness,8,Expand AI Safety Research Funding and Capacity,541
25,Misaligned Superintelligent AI Existential Risk,14,Alignment via human preference propagation,24,RLHF fine-tuning for aligned language models,514
16,Insufficient AI safety research capacity,14,Alignment via human preference propagation,35,Human-preference reward model fine-tuning,501
38,Catastrophic AGI Misalignment Risk,12,Scaling AI Safety Research Capacity and Awareness,8,Expand AI Safety Research Funding and Capacity,492
10,Existential catastrophe from misaligned AI,12,Scaling AI Safety Research Capacity and Awareness,4,Pre-deployment safety gates and controlled release,492
21,Catastrophic AI misalignment and loss of control,14,Alignment via human preference propagation,35,Human-preference reward model fine-tuning,455
10,Existential catastrophe from misaligned AI,3,Centralized control of advanced AI compute resources,39,Export controls on advanced AI hardware,437
21,Catastrophic AI misalignment and loss of control,15,Detection and mitigation of reward mis-specification effects,5,Pre-deployment adversarial red-teaming and robustness testing,424
26,Misaligned AGI existential catastrophe,14,Alignment via human preference propagation,35,Human-preference reward model fine-tuning,402
35,Advanced AI value misalignment risk,12,Scaling AI Safety Research Capacity and Awareness,8,Expand AI Safety Research Funding and Capacity,400
16,Insufficient AI safety research capacity,14,Alignment via human preference propagation,24,RLHF fine-tuning for aligned language models,341
10,Existential catastrophe from misaligned AI,5,Enhanced model transparency enabling proactive vulnerability detection,1,Continuous anomaly monitoring and safety tripwires,339
1,Malicious misuse of frontier AI for large-scale harm,12,Scaling AI Safety Research Capacity and Awareness,8,Expand AI Safety Research Funding and Capacity,338
26,Misaligned AGI existential catastrophe,3,Centralized control of advanced AI compute resources,39,Export controls on advanced AI hardware,338
18,Catastrophic Superintelligent AI Misalignment,12,Scaling AI Safety Research Capacity and Awareness,8,Expand AI Safety Research Funding and Capacity,328
12,Catastrophic risks from misaligned advanced AI,12,Scaling AI Safety Research Capacity and Awareness,8,Expand AI Safety Research Funding and Capacity,321
10,Existential catastrophe from misaligned AI,15,Detection and mitigation of reward mis-specification effects,19,Demonstration-Based Policy Pretraining,315
10,Existential catastrophe from misaligned AI,2,Robust feature alignment through adversarial optimization,5,Pre-deployment adversarial red-teaming and robustness testing,297
16,Insufficient AI safety research capacity,2,Robust feature alignment through adversarial optimization,6,PGD Adversarial Training for Robust Fine-Tuning,280
10,Existential catastrophe from misaligned AI,10,Preservation of Attainable Utility to Limit Unsafe Agent Influence,4,Pre-deployment safety gates and controlled release,276
25,Misaligned Superintelligent AI Existential Risk,12,Scaling AI Safety Research Capacity and Awareness,4,Pre-deployment safety gates and controlled release,275
21,Catastrophic AI misalignment and loss of control,2,Robust feature alignment through adversarial optimization,6,PGD Adversarial Training for Robust Fine-Tuning,267
10,Existential catastrophe from misaligned AI,12,Scaling AI Safety Research Capacity and Awareness,10,Governed AI oversight and compliance regimes,267
25,Misaligned Superintelligent AI Existential Risk,14,Alignment via human preference propagation,8,Expand AI Safety Research Funding and Capacity,260
26,Misaligned AGI existential catastrophe,15,Detection and mitigation of reward mis-specification effects,5,Pre-deployment adversarial red-teaming and robustness testing,259
34,Instrumental power-seeking by advanced AI agents,12,Scaling AI Safety Research Capacity and Awareness,8,Expand AI Safety Research Funding and Capacity,256
38,Catastrophic AGI Misalignment Risk,12,Scaling AI Safety Research Capacity and Awareness,11,Public AI risk outreach and educational dissemination,254
16,Insufficient AI safety research capacity,12,Scaling AI Safety Research Capacity and Awareness,4,Pre-deployment safety gates and controlled release,233
26,Misaligned AGI existential catastrophe,15,Detection and mitigation of reward mis-specification effects,35,Human-preference reward model fine-tuning,229
26,Misaligned AGI existential catastrophe,12,Scaling AI Safety Research Capacity and Awareness,4,Pre-deployment safety gates and controlled release,229
21,Catastrophic AI misalignment and loss of control,8,exposing hidden model cognition through mechanistic analysis,15,Pre-deployment mechanistic interpretability audits,204
21,Catastrophic AI misalignment and loss of control,15,Detection and mitigation of reward mis-specification effects,19,Demonstration-Based Policy Pretraining,201
20,Deceptive alignment and hidden objectives,12,Scaling AI Safety Research Capacity and Awareness,11,Public AI risk outreach and educational dissemination,200
10,Existential catastrophe from misaligned AI,8,exposing hidden model cognition through mechanistic analysis,15,Pre-deployment mechanistic interpretability audits,200
10,Existential catastrophe from misaligned AI,10,Preservation of Attainable Utility to Limit Unsafe Agent Influence,32,Attainable Utility Preservation reward penalty,199
25,Misaligned Superintelligent AI Existential Risk,12,Scaling AI Safety Research Capacity and Awareness,10,Governed AI oversight and compliance regimes,195
6,Reward Misspecification and Reward Hacking,12,Scaling AI Safety Research Capacity and Awareness,11,Public AI risk outreach and educational dissemination,190
16,Insufficient AI safety research capacity,15,Detection and mitigation of reward mis-specification effects,5,Pre-deployment adversarial red-teaming and robustness testing,184
10,Existential catastrophe from misaligned AI,14,Alignment via human preference propagation,8,Expand AI Safety Research Funding and Capacity,181
18,Catastrophic Superintelligent AI Misalignment,12,Scaling AI Safety Research Capacity and Awareness,11,Public AI risk outreach and educational dissemination,176
16,Insufficient AI safety research capacity,12,Scaling AI Safety Research Capacity and Awareness,10,Governed AI oversight and compliance regimes,176
17,Adversarial Image Classification Misclassification,2,Robust feature alignment through adversarial optimization,6,PGD Adversarial Training for Robust Fine-Tuning,175
12,Catastrophic risks from misaligned advanced AI,2,Robust feature alignment through adversarial optimization,6,PGD Adversarial Training for Robust Fine-Tuning,168
22,Deceptive and Harmful Language Model Outputs,12,Scaling AI Safety Research Capacity and Awareness,8,Expand AI Safety Research Funding and Capacity,165
16,Insufficient AI safety research capacity,3,Centralized control of advanced AI compute resources,39,Export controls on advanced AI hardware,163
25,Misaligned Superintelligent AI Existential Risk,3,Centralized control of advanced AI compute resources,39,Export controls on advanced AI hardware,163
25,Misaligned Superintelligent AI Existential Risk,15,Detection and mitigation of reward mis-specification effects,5,Pre-deployment adversarial red-teaming and robustness testing,163
25,Misaligned Superintelligent AI Existential Risk,10,Preservation of Attainable Utility to Limit Unsafe Agent Influence,32,Attainable Utility Preservation reward penalty,162
25,Misaligned Superintelligent AI Existential Risk,10,Preservation of Attainable Utility to Limit Unsafe Agent Influence,4,Pre-deployment safety gates and controlled release,160
10,Existential catastrophe from misaligned AI,10,Preservation of Attainable Utility to Limit Unsafe Agent Influence,17,Runtime control and coordination modules,158
25,Misaligned Superintelligent AI Existential Risk,2,Robust feature alignment through adversarial optimization,5,Pre-deployment adversarial red-teaming and robustness testing,155
6,Reward Misspecification and Reward Hacking,14,Alignment via human preference propagation,35,Human-preference reward model fine-tuning,153
10,Existential catastrophe from misaligned AI,4,Aligned internal reasoning and goal representation,27,KL-Regularized RLHF Fine-Tuning,150
10,Existential catastrophe from misaligned AI,4,Aligned internal reasoning and goal representation,33,Deployment-time prompt engineering for aligned behavior,150
26,Misaligned AGI existential catastrophe,8,exposing hidden model cognition through mechanistic analysis,29,"Neuroscience validation platforms for cognition, emulation, and alignment research",150
25,Misaligned Superintelligent AI Existential Risk,4,Aligned internal reasoning and goal representation,33,Deployment-time prompt engineering for aligned behavior,146
25,Misaligned Superintelligent AI Existential Risk,4,Aligned internal reasoning and goal representation,27,KL-Regularized RLHF Fine-Tuning,146
21,Catastrophic AI misalignment and loss of control,12,Scaling AI Safety Research Capacity and Awareness,10,Governed AI oversight and compliance regimes,143
26,Misaligned AGI existential catastrophe,12,Scaling AI Safety Research Capacity and Awareness,10,Governed AI oversight and compliance regimes,139
12,Catastrophic risks from misaligned advanced AI,12,Scaling AI Safety Research Capacity and Awareness,11,Public AI risk outreach and educational dissemination,138
12,Catastrophic risks from misaligned advanced AI,2,Robust feature alignment through adversarial optimization,5,Pre-deployment adversarial red-teaming and robustness testing,138
10,Existential catastrophe from misaligned AI,14,Alignment via human preference propagation,4,Pre-deployment safety gates and controlled release,138
26,Misaligned AGI existential catastrophe,1,Systematic Identification of Hidden Model Vulnerabilities,5,Pre-deployment adversarial red-teaming and robustness testing,136
26,Misaligned AGI existential catastrophe,10,Preservation of Attainable Utility to Limit Unsafe Agent Influence,4,Pre-deployment safety gates and controlled release,136
21,Catastrophic AI misalignment and loss of control,12,Scaling AI Safety Research Capacity and Awareness,4,Pre-deployment safety gates and controlled release,134
19,Misaligned AI takeover and human disempowerment,12,Scaling AI Safety Research Capacity and Awareness,8,Expand AI Safety Research Funding and Capacity,133
25,Misaligned Superintelligent AI Existential Risk,2,Robust feature alignment through adversarial optimization,6,PGD Adversarial Training for Robust Fine-Tuning,132
10,Existential catastrophe from misaligned AI,15,Detection and mitigation of reward mis-specification effects,35,Human-preference reward model fine-tuning,131
21,Catastrophic AI misalignment and loss of control,1,Systematic Identification of Hidden Model Vulnerabilities,5,Pre-deployment adversarial red-teaming and robustness testing,130
7,Human extinction from misaligned superintelligent AI,14,Alignment via human preference propagation,24,RLHF fine-tuning for aligned language models,129
25,Misaligned Superintelligent AI Existential Risk,10,Preservation of Attainable Utility to Limit Unsafe Agent Influence,17,Runtime control and coordination modules,129
21,Catastrophic AI misalignment and loss of control,10,Preservation of Attainable Utility to Limit Unsafe Agent Influence,4,Pre-deployment safety gates and controlled release,122
10,Existential catastrophe from misaligned AI,12,Scaling AI Safety Research Capacity and Awareness,1,Continuous anomaly monitoring and safety tripwires,120
9,Deployed AI Misalignment Causes Societal Harm,12,Scaling AI Safety Research Capacity and Awareness,11,Public AI risk outreach and educational dissemination,119
18,Catastrophic Superintelligent AI Misalignment,14,Alignment via human preference propagation,35,Human-preference reward model fine-tuning,118
21,Catastrophic AI misalignment and loss of control,10,Preservation of Attainable Utility to Limit Unsafe Agent Influence,32,Attainable Utility Preservation reward penalty,117
21,Catastrophic AI misalignment and loss of control,14,Alignment via human preference propagation,24,RLHF fine-tuning for aligned language models,116
10,Existential catastrophe from misaligned AI,1,Systematic Identification of Hidden Model Vulnerabilities,15,Pre-deployment mechanistic interpretability audits,115
7,Human extinction from misaligned superintelligent AI,14,Alignment via human preference propagation,35,Human-preference reward model fine-tuning,114
10,Existential catastrophe from misaligned AI,12,Scaling AI Safety Research Capacity and Awareness,5,Pre-deployment adversarial red-teaming and robustness testing,114
7,Human extinction from misaligned superintelligent AI,12,Scaling AI Safety Research Capacity and Awareness,8,Expand AI Safety Research Funding and Capacity,113
35,Advanced AI value misalignment risk,12,Scaling AI Safety Research Capacity and Awareness,11,Public AI risk outreach and educational dissemination,113
17,Adversarial Image Classification Misclassification,2,Robust feature alignment through adversarial optimization,5,Pre-deployment adversarial red-teaming and robustness testing,113
4,Unsafe and Sample-Inefficient RL Exploration,12,Scaling AI Safety Research Capacity and Awareness,8,Expand AI Safety Research Funding and Capacity,111
6,Reward Misspecification and Reward Hacking,2,Robust feature alignment through adversarial optimization,6,PGD Adversarial Training for Robust Fine-Tuning,110
2,AI arms race causing unsafe deployment,12,Scaling AI Safety Research Capacity and Awareness,11,Public AI risk outreach and educational dissemination,110
10,Existential catastrophe from misaligned AI,2,Robust feature alignment through adversarial optimization,26,Reward-guided RL fine-tuning with safety constraints,110
35,Advanced AI value misalignment risk,14,Alignment via human preference propagation,24,RLHF fine-tuning for aligned language models,108
21,Catastrophic AI misalignment and loss of control,8,exposing hidden model cognition through mechanistic analysis,8,Expand AI Safety Research Funding and Capacity,108
21,Catastrophic AI misalignment and loss of control,2,Robust feature alignment through adversarial optimization,5,Pre-deployment adversarial red-teaming and robustness testing,103
26,Misaligned AGI existential catastrophe,2,Robust feature alignment through adversarial optimization,5,Pre-deployment adversarial red-teaming and robustness testing,103
10,Existential catastrophe from misaligned AI,14,Alignment via human preference propagation,15,Pre-deployment mechanistic interpretability audits,102
10,Existential catastrophe from misaligned AI,17,alignment of learned reward signals with human intent,26,Reward-guided RL fine-tuning with safety constraints,101
16,Insufficient AI safety research capacity,8,exposing hidden model cognition through mechanistic analysis,15,Pre-deployment mechanistic interpretability audits,101
21,Catastrophic AI misalignment and loss of control,7,Aggregated human-aligned iterative model refinement,35,Human-preference reward model fine-tuning,100
26,Misaligned AGI existential catastrophe,4,Aligned internal reasoning and goal representation,33,Deployment-time prompt engineering for aligned behavior,100
26,Misaligned AGI existential catastrophe,4,Aligned internal reasoning and goal representation,27,KL-Regularized RLHF Fine-Tuning,100
16,Insufficient AI safety research capacity,10,Preservation of Attainable Utility to Limit Unsafe Agent Influence,32,Attainable Utility Preservation reward penalty,99
35,Advanced AI value misalignment risk,14,Alignment via human preference propagation,35,Human-preference reward model fine-tuning,98
9,Deployed AI Misalignment Causes Societal Harm,14,Alignment via human preference propagation,8,Expand AI Safety Research Funding and Capacity,96
16,Insufficient AI safety research capacity,14,Alignment via human preference propagation,8,Expand AI Safety Research Funding and Capacity,93
10,Existential catastrophe from misaligned AI,8,exposing hidden model cognition through mechanistic analysis,29,"Neuroscience validation platforms for cognition, emulation, and alignment research",90
26,Misaligned AGI existential catastrophe,5,Enhanced model transparency enabling proactive vulnerability detection,5,Pre-deployment adversarial red-teaming and robustness testing,89
34,Instrumental power-seeking by advanced AI agents,12,Scaling AI Safety Research Capacity and Awareness,11,Public AI risk outreach and educational dissemination,86
10,Existential catastrophe from misaligned AI,8,exposing hidden model cognition through mechanistic analysis,8,Expand AI Safety Research Funding and Capacity,86
16,Insufficient AI safety research capacity,10,Preservation of Attainable Utility to Limit Unsafe Agent Influence,4,Pre-deployment safety gates and controlled release,84
1,Malicious misuse of frontier AI for large-scale harm,12,Scaling AI Safety Research Capacity and Awareness,11,Public AI risk outreach and educational dissemination,84
10,Existential catastrophe from misaligned AI,14,Alignment via human preference propagation,18,Critique-guided fine-tuning and human feedback,82
6,Reward Misspecification and Reward Hacking,14,Alignment via human preference propagation,24,RLHF fine-tuning for aligned language models,81
24,Objective Misspecification and Misaligned Optimization,12,Scaling AI Safety Research Capacity and Awareness,8,Expand AI Safety Research Funding and Capacity,81
0,Out-of-distribution generalization failure,12,Scaling AI Safety Research Capacity and Awareness,8,Expand AI Safety Research Funding and Capacity,81
10,Existential catastrophe from misaligned AI,14,Alignment via human preference propagation,31,Human-AI collaboration tools for skill building,80
20,Deceptive alignment and hidden objectives,14,Alignment via human preference propagation,35,Human-preference reward model fine-tuning,79
20,Deceptive alignment and hidden objectives,14,Alignment via human preference propagation,24,RLHF fine-tuning for aligned language models,79
26,Misaligned AGI existential catastrophe,15,Detection and mitigation of reward mis-specification effects,19,Demonstration-Based Policy Pretraining,78
16,Insufficient AI safety research capacity,5,Enhanced model transparency enabling proactive vulnerability detection,1,Continuous anomaly monitoring and safety tripwires,78
10,Existential catastrophe from misaligned AI,16,Robust policy optimization under reward uncertainty,5,Pre-deployment adversarial red-teaming and robustness testing,77
16,Insufficient AI safety research capacity,15,Detection and mitigation of reward mis-specification effects,19,Demonstration-Based Policy Pretraining,77
16,Insufficient AI safety research capacity,1,Systematic Identification of Hidden Model Vulnerabilities,5,Pre-deployment adversarial red-teaming and robustness testing,77
7,Human extinction from misaligned superintelligent AI,15,Detection and mitigation of reward mis-specification effects,5,Pre-deployment adversarial red-teaming and robustness testing,74
26,Misaligned AGI existential catastrophe,8,exposing hidden model cognition through mechanistic analysis,15,Pre-deployment mechanistic interpretability audits,74
16,Insufficient AI safety research capacity,12,Scaling AI Safety Research Capacity and Awareness,38,Incentivized AI forecasting and prediction systems,73
25,Misaligned Superintelligent AI Existential Risk,15,Detection and mitigation of reward mis-specification effects,35,Human-preference reward model fine-tuning,73
10,Existential catastrophe from misaligned AI,4,Aligned internal reasoning and goal representation,5,Pre-deployment adversarial red-teaming and robustness testing,73
21,Catastrophic AI misalignment and loss of control,17,alignment of learned reward signals with human intent,19,Demonstration-Based Policy Pretraining,72
18,Catastrophic Superintelligent AI Misalignment,15,Detection and mitigation of reward mis-specification effects,5,Pre-deployment adversarial red-teaming and robustness testing,71
21,Catastrophic AI misalignment and loss of control,3,Centralized control of advanced AI compute resources,39,Export controls on advanced AI hardware,71
10,Existential catastrophe from misaligned AI,17,alignment of learned reward signals with human intent,35,Human-preference reward model fine-tuning,71
21,Catastrophic AI misalignment and loss of control,14,Alignment via human preference propagation,27,KL-Regularized RLHF Fine-Tuning,70
12,Catastrophic risks from misaligned advanced AI,14,Alignment via human preference propagation,35,Human-preference reward model fine-tuning,70
21,Catastrophic AI misalignment and loss of control,10,Preservation of Attainable Utility to Limit Unsafe Agent Influence,23,Human-aware predictive robot control and safety planning,70
25,Misaligned Superintelligent AI Existential Risk,14,Alignment via human preference propagation,31,Human-AI collaboration tools for skill building,69
9,Deployed AI Misalignment Causes Societal Harm,2,Robust feature alignment through adversarial optimization,6,PGD Adversarial Training for Robust Fine-Tuning,68
15,Opaque AI decision-making undermines oversight and safety,12,Scaling AI Safety Research Capacity and Awareness,8,Expand AI Safety Research Funding and Capacity,68
25,Misaligned Superintelligent AI Existential Risk,2,Robust feature alignment through adversarial optimization,26,Reward-guided RL fine-tuning with safety constraints,67
21,Catastrophic AI misalignment and loss of control,17,alignment of learned reward signals with human intent,26,Reward-guided RL fine-tuning with safety constraints,67
10,Existential catastrophe from misaligned AI,8,exposing hidden model cognition through mechanistic analysis,25,Explainable decision support with uncertainty and counterfactuals,67
7,Human extinction from misaligned superintelligent AI,15,Detection and mitigation of reward mis-specification effects,19,Demonstration-Based Policy Pretraining,66
26,Misaligned AGI existential catastrophe,10,Preservation of Attainable Utility to Limit Unsafe Agent Influence,17,Runtime control and coordination modules,66
25,Misaligned Superintelligent AI Existential Risk,14,Alignment via human preference propagation,15,Pre-deployment mechanistic interpretability audits,66
21,Catastrophic AI misalignment and loss of control,12,Scaling AI Safety Research Capacity and Awareness,38,Incentivized AI forecasting and prediction systems,66
6,Reward Misspecification and Reward Hacking,15,Detection and mitigation of reward mis-specification effects,5,Pre-deployment adversarial red-teaming and robustness testing,66
10,Existential catastrophe from misaligned AI,12,Scaling AI Safety Research Capacity and Awareness,38,Incentivized AI forecasting and prediction systems,65
21,Catastrophic AI misalignment and loss of control,4,Aligned internal reasoning and goal representation,5,Pre-deployment adversarial red-teaming and robustness testing,64
20,Deceptive alignment and hidden objectives,2,Robust feature alignment through adversarial optimization,6,PGD Adversarial Training for Robust Fine-Tuning,64
21,Catastrophic AI misalignment and loss of control,17,alignment of learned reward signals with human intent,35,Human-preference reward model fine-tuning,63
26,Misaligned AGI existential catastrophe,5,Enhanced model transparency enabling proactive vulnerability detection,4,Pre-deployment safety gates and controlled release,63
26,Misaligned AGI existential catastrophe,12,Scaling AI Safety Research Capacity and Awareness,38,Incentivized AI forecasting and prediction systems,63
21,Catastrophic AI misalignment and loss of control,8,exposing hidden model cognition through mechanistic analysis,25,Explainable decision support with uncertainty and counterfactuals,63
21,Catastrophic AI misalignment and loss of control,7,Aggregated human-aligned iterative model refinement,13,Multi-objective recommender ranking with safety penalties,62
15,Opaque AI decision-making undermines oversight and safety,14,Alignment via human preference propagation,24,RLHF fine-tuning for aligned language models,62
25,Misaligned Superintelligent AI Existential Risk,8,exposing hidden model cognition through mechanistic analysis,29,"Neuroscience validation platforms for cognition, emulation, and alignment research",62
38,Catastrophic AGI Misalignment Risk,14,Alignment via human preference propagation,35,Human-preference reward model fine-tuning,61
21,Catastrophic AI misalignment and loss of control,10,Preservation of Attainable Utility to Limit Unsafe Agent Influence,17,Runtime control and coordination modules,61
12,Catastrophic risks from misaligned advanced AI,12,Scaling AI Safety Research Capacity and Awareness,4,Pre-deployment safety gates and controlled release,60
35,Advanced AI value misalignment risk,2,Robust feature alignment through adversarial optimization,6,PGD Adversarial Training for Robust Fine-Tuning,58
6,Reward Misspecification and Reward Hacking,15,Detection and mitigation of reward mis-specification effects,35,Human-preference reward model fine-tuning,58
16,Insufficient AI safety research capacity,10,Preservation of Attainable Utility to Limit Unsafe Agent Influence,17,Runtime control and coordination modules,58
7,Human extinction from misaligned superintelligent AI,10,Preservation of Attainable Utility to Limit Unsafe Agent Influence,4,Pre-deployment safety gates and controlled release,58
10,Existential catastrophe from misaligned AI,18,Improved calibration of AI progress forecasts,11,Public AI risk outreach and educational dissemination,58
25,Misaligned Superintelligent AI Existential Risk,17,alignment of learned reward signals with human intent,26,Reward-guided RL fine-tuning with safety constraints,58
25,Misaligned Superintelligent AI Existential Risk,15,Detection and mitigation of reward mis-specification effects,19,Demonstration-Based Policy Pretraining,57
26,Misaligned AGI existential catastrophe,10,Preservation of Attainable Utility to Limit Unsafe Agent Influence,32,Attainable Utility Preservation reward penalty,57
1,Malicious misuse of frontier AI for large-scale harm,2,Robust feature alignment through adversarial optimization,6,PGD Adversarial Training for Robust Fine-Tuning,57
16,Insufficient AI safety research capacity,8,exposing hidden model cognition through mechanistic analysis,29,"Neuroscience validation platforms for cognition, emulation, and alignment research",56
38,Catastrophic AGI Misalignment Risk,12,Scaling AI Safety Research Capacity and Awareness,4,Pre-deployment safety gates and controlled release,56
16,Insufficient AI safety research capacity,14,Alignment via human preference propagation,4,Pre-deployment safety gates and controlled release,54
7,Human extinction from misaligned superintelligent AI,14,Alignment via human preference propagation,8,Expand AI Safety Research Funding and Capacity,54
17,Adversarial Image Classification Misclassification,12,Scaling AI Safety Research Capacity and Awareness,8,Expand AI Safety Research Funding and Capacity,54
16,Insufficient AI safety research capacity,12,Scaling AI Safety Research Capacity and Awareness,5,Pre-deployment adversarial red-teaming and robustness testing,53
8,Human-AI Coordination Failure in Shared Environments,12,Scaling AI Safety Research Capacity and Awareness,8,Expand AI Safety Research Funding and Capacity,53
26,Misaligned AGI existential catastrophe,17,alignment of learned reward signals with human intent,26,Reward-guided RL fine-tuning with safety constraints,53
9,Deployed AI Misalignment Causes Societal Harm,15,Detection and mitigation of reward mis-specification effects,5,Pre-deployment adversarial red-teaming and robustness testing,51
21,Catastrophic AI misalignment and loss of control,14,Alignment via human preference propagation,18,Critique-guided fine-tuning and human feedback,50
25,Misaligned Superintelligent AI Existential Risk,5,Enhanced model transparency enabling proactive vulnerability detection,1,Continuous anomaly monitoring and safety tripwires,50
25,Misaligned Superintelligent AI Existential Risk,5,Enhanced model transparency enabling proactive vulnerability detection,4,Pre-deployment safety gates and controlled release,50
20,Deceptive alignment and hidden objectives,15,Detection and mitigation of reward mis-specification effects,5,Pre-deployment adversarial red-teaming and robustness testing,50
25,Misaligned Superintelligent AI Existential Risk,16,Robust policy optimization under reward uncertainty,26,Reward-guided RL fine-tuning with safety constraints,49
10,Existential catastrophe from misaligned AI,17,alignment of learned reward signals with human intent,19,Demonstration-Based Policy Pretraining,49
9,Deployed AI Misalignment Causes Societal Harm,15,Detection and mitigation of reward mis-specification effects,19,Demonstration-Based Policy Pretraining,48
6,Reward Misspecification and Reward Hacking,2,Robust feature alignment through adversarial optimization,5,Pre-deployment adversarial red-teaming and robustness testing,48
4,Unsafe and Sample-Inefficient RL Exploration,2,Robust feature alignment through adversarial optimization,36,Robustness-Oriented Training Data Augmentation,48
6,Reward Misspecification and Reward Hacking,8,exposing hidden model cognition through mechanistic analysis,15,Pre-deployment mechanistic interpretability audits,47
16,Insufficient AI safety research capacity,2,Robust feature alignment through adversarial optimization,5,Pre-deployment adversarial red-teaming and robustness testing,47
21,Catastrophic AI misalignment and loss of control,7,Aggregated human-aligned iterative model refinement,18,Critique-guided fine-tuning and human feedback,47
26,Misaligned AGI existential catastrophe,14,Alignment via human preference propagation,4,Pre-deployment safety gates and controlled release,46
21,Catastrophic AI misalignment and loss of control,12,Scaling AI Safety Research Capacity and Awareness,1,Continuous anomaly monitoring and safety tripwires,46
26,Misaligned AGI existential catastrophe,8,exposing hidden model cognition through mechanistic analysis,17,Runtime control and coordination modules,46
12,Catastrophic risks from misaligned advanced AI,12,Scaling AI Safety Research Capacity and Awareness,10,Governed AI oversight and compliance regimes,46
21,Catastrophic AI misalignment and loss of control,16,Robust policy optimization under reward uncertainty,13,Multi-objective recommender ranking with safety penalties,46
9,Deployed AI Misalignment Causes Societal Harm,2,Robust feature alignment through adversarial optimization,5,Pre-deployment adversarial red-teaming and robustness testing,46
6,Reward Misspecification and Reward Hacking,17,alignment of learned reward signals with human intent,35,Human-preference reward model fine-tuning,46
21,Catastrophic AI misalignment and loss of control,14,Alignment via human preference propagation,1,Continuous anomaly monitoring and safety tripwires,46
35,Advanced AI value misalignment risk,15,Detection and mitigation of reward mis-specification effects,19,Demonstration-Based Policy Pretraining,45
18,Catastrophic Superintelligent AI Misalignment,14,Alignment via human preference propagation,24,RLHF fine-tuning for aligned language models,45
21,Catastrophic AI misalignment and loss of control,12,Scaling AI Safety Research Capacity and Awareness,5,Pre-deployment adversarial red-teaming and robustness testing,45
35,Advanced AI value misalignment risk,15,Detection and mitigation of reward mis-specification effects,5,Pre-deployment adversarial red-teaming and robustness testing,45
2,AI arms race causing unsafe deployment,14,Alignment via human preference propagation,24,RLHF fine-tuning for aligned language models,45
4,Unsafe and Sample-Inefficient RL Exploration,2,Robust feature alignment through adversarial optimization,6,PGD Adversarial Training for Robust Fine-Tuning,44
4,Unsafe and Sample-Inefficient RL Exploration,12,Scaling AI Safety Research Capacity and Awareness,11,Public AI risk outreach and educational dissemination,44
14,Unsafe AI Decisions in High-Stakes Settings,12,Scaling AI Safety Research Capacity and Awareness,8,Expand AI Safety Research Funding and Capacity,44
21,Catastrophic AI misalignment and loss of control,2,Robust feature alignment through adversarial optimization,26,Reward-guided RL fine-tuning with safety constraints,43
18,Catastrophic Superintelligent AI Misalignment,8,exposing hidden model cognition through mechanistic analysis,15,Pre-deployment mechanistic interpretability audits,43
26,Misaligned AGI existential catastrophe,12,Scaling AI Safety Research Capacity and Awareness,28,International treaty banning autonomous weapons,43
25,Misaligned Superintelligent AI Existential Risk,8,exposing hidden model cognition through mechanistic analysis,15,Pre-deployment mechanistic interpretability audits,42
16,Insufficient AI safety research capacity,4,Aligned internal reasoning and goal representation,27,KL-Regularized RLHF Fine-Tuning,41
20,Deceptive alignment and hidden objectives,3,Centralized control of advanced AI compute resources,39,Export controls on advanced AI hardware,41
9,Deployed AI Misalignment Causes Societal Harm,14,Alignment via human preference propagation,24,RLHF fine-tuning for aligned language models,41
16,Insufficient AI safety research capacity,4,Aligned internal reasoning and goal representation,33,Deployment-time prompt engineering for aligned behavior,41
6,Reward Misspecification and Reward Hacking,17,alignment of learned reward signals with human intent,26,Reward-guided RL fine-tuning with safety constraints,41
7,Human extinction from misaligned superintelligent AI,12,Scaling AI Safety Research Capacity and Awareness,11,Public AI risk outreach and educational dissemination,41
16,Insufficient AI safety research capacity,17,alignment of learned reward signals with human intent,26,Reward-guided RL fine-tuning with safety constraints,41
1,Malicious misuse of frontier AI for large-scale harm,14,Alignment via human preference propagation,24,RLHF fine-tuning for aligned language models,39
18,Catastrophic Superintelligent AI Misalignment,7,Aggregated human-aligned iterative model refinement,35,Human-preference reward model fine-tuning,39
35,Advanced AI value misalignment risk,12,Scaling AI Safety Research Capacity and Awareness,4,Pre-deployment safety gates and controlled release,39
16,Insufficient AI safety research capacity,2,Robust feature alignment through adversarial optimization,26,Reward-guided RL fine-tuning with safety constraints,39
4,Unsafe and Sample-Inefficient RL Exploration,2,Robust feature alignment through adversarial optimization,5,Pre-deployment adversarial red-teaming and robustness testing,38
10,Existential catastrophe from misaligned AI,16,Robust policy optimization under reward uncertainty,26,Reward-guided RL fine-tuning with safety constraints,38
6,Reward Misspecification and Reward Hacking,15,Detection and mitigation of reward mis-specification effects,19,Demonstration-Based Policy Pretraining,37
6,Reward Misspecification and Reward Hacking,10,Preservation of Attainable Utility to Limit Unsafe Agent Influence,32,Attainable Utility Preservation reward penalty,36
17,Adversarial Image Classification Misclassification,12,Scaling AI Safety Research Capacity and Awareness,11,Public AI risk outreach and educational dissemination,36
10,Existential catastrophe from misaligned AI,10,Preservation of Attainable Utility to Limit Unsafe Agent Influence,23,Human-aware predictive robot control and safety planning,36
6,Reward Misspecification and Reward Hacking,3,Centralized control of advanced AI compute resources,39,Export controls on advanced AI hardware,36
10,Existential catastrophe from misaligned AI,1,Systematic Identification of Hidden Model Vulnerabilities,1,Continuous anomaly monitoring and safety tripwires,36
11,Misforecasted AI Timelines Undermining Safety Preparedness,18,Improved calibration of AI progress forecasts,38,Incentivized AI forecasting and prediction systems,36
25,Misaligned Superintelligent AI Existential Risk,14,Alignment via human preference propagation,4,Pre-deployment safety gates and controlled release,35
16,Insufficient AI safety research capacity,14,Alignment via human preference propagation,18,Critique-guided fine-tuning and human feedback,35
38,Catastrophic AGI Misalignment Risk,10,Preservation of Attainable Utility to Limit Unsafe Agent Influence,4,Pre-deployment safety gates and controlled release,34
16,Insufficient AI safety research capacity,14,Alignment via human preference propagation,15,Pre-deployment mechanistic interpretability audits,34
26,Misaligned AGI existential catastrophe,18,Improved calibration of AI progress forecasts,11,Public AI risk outreach and educational dissemination,34
0,Out-of-distribution generalization failure,12,Scaling AI Safety Research Capacity and Awareness,11,Public AI risk outreach and educational dissemination,34
20,Deceptive alignment and hidden objectives,2,Robust feature alignment through adversarial optimization,5,Pre-deployment adversarial red-teaming and robustness testing,34
21,Catastrophic AI misalignment and loss of control,14,Alignment via human preference propagation,22,Deployment-time confidence filtering and rejection sampling,34
9,Deployed AI Misalignment Causes Societal Harm,14,Alignment via human preference propagation,35,Human-preference reward model fine-tuning,34
16,Insufficient AI safety research capacity,4,Aligned internal reasoning and goal representation,5,Pre-deployment adversarial red-teaming and robustness testing,33
7,Human extinction from misaligned superintelligent AI,10,Preservation of Attainable Utility to Limit Unsafe Agent Influence,32,Attainable Utility Preservation reward penalty,33
26,Misaligned AGI existential catastrophe,2,Robust feature alignment through adversarial optimization,26,Reward-guided RL fine-tuning with safety constraints,33
16,Insufficient AI safety research capacity,17,alignment of learned reward signals with human intent,35,Human-preference reward model fine-tuning,33
10,Existential catastrophe from misaligned AI,17,alignment of learned reward signals with human intent,23,Human-aware predictive robot control and safety planning,32
16,Insufficient AI safety research capacity,17,alignment of learned reward signals with human intent,19,Demonstration-Based Policy Pretraining,32
20,Deceptive alignment and hidden objectives,10,Preservation of Attainable Utility to Limit Unsafe Agent Influence,4,Pre-deployment safety gates and controlled release,32
25,Misaligned Superintelligent AI Existential Risk,12,Scaling AI Safety Research Capacity and Awareness,1,Continuous anomaly monitoring and safety tripwires,32
16,Insufficient AI safety research capacity,12,Scaling AI Safety Research Capacity and Awareness,1,Continuous anomaly monitoring and safety tripwires,32
10,Existential catastrophe from misaligned AI,14,Alignment via human preference propagation,27,KL-Regularized RLHF Fine-Tuning,32
21,Catastrophic AI misalignment and loss of control,8,exposing hidden model cognition through mechanistic analysis,37,ROME-based factual knowledge editing,32
6,Reward Misspecification and Reward Hacking,10,Preservation of Attainable Utility to Limit Unsafe Agent Influence,4,Pre-deployment safety gates and controlled release,32
2,AI arms race causing unsafe deployment,2,Robust feature alignment through adversarial optimization,6,PGD Adversarial Training for Robust Fine-Tuning,32
20,Deceptive alignment and hidden objectives,15,Detection and mitigation of reward mis-specification effects,19,Demonstration-Based Policy Pretraining,32
9,Deployed AI Misalignment Causes Societal Harm,12,Scaling AI Safety Research Capacity and Awareness,10,Governed AI oversight and compliance regimes,32
16,Insufficient AI safety research capacity,14,Alignment via human preference propagation,31,Human-AI collaboration tools for skill building,32
16,Insufficient AI safety research capacity,12,Scaling AI Safety Research Capacity and Awareness,14,Beginner-Friendly AGI Safety Knowledge Infrastructure,31
6,Reward Misspecification and Reward Hacking,12,Scaling AI Safety Research Capacity and Awareness,4,Pre-deployment safety gates and controlled release,31
38,Catastrophic AGI Misalignment Risk,15,Detection and mitigation of reward mis-specification effects,5,Pre-deployment adversarial red-teaming and robustness testing,31
26,Misaligned AGI existential catastrophe,14,Alignment via human preference propagation,31,Human-AI collaboration tools for skill building,31
35,Advanced AI value misalignment risk,14,Alignment via human preference propagation,8,Expand AI Safety Research Funding and Capacity,30
2,AI arms race causing unsafe deployment,15,Detection and mitigation of reward mis-specification effects,19,Demonstration-Based Policy Pretraining,30
35,Advanced AI value misalignment risk,16,Robust policy optimization under reward uncertainty,2,MCTS-Guided RL Planning and Training,30
20,Deceptive alignment and hidden objectives,12,Scaling AI Safety Research Capacity and Awareness,4,Pre-deployment safety gates and controlled release,30
35,Advanced AI value misalignment risk,17,alignment of learned reward signals with human intent,26,Reward-guided RL fine-tuning with safety constraints,30
16,Insufficient AI safety research capacity,15,Detection and mitigation of reward mis-specification effects,35,Human-preference reward model fine-tuning,30
32,AI shutdown resistance and control loss,12,Scaling AI Safety Research Capacity and Awareness,8,Expand AI Safety Research Funding and Capacity,30
17,Adversarial Image Classification Misclassification,2,Robust feature alignment through adversarial optimization,34,Large-scale pretraining before task fine-tuning,30
18,Catastrophic Superintelligent AI Misalignment,15,Detection and mitigation of reward mis-specification effects,19,Demonstration-Based Policy Pretraining,30
16,Insufficient AI safety research capacity,8,exposing hidden model cognition through mechanistic analysis,8,Expand AI Safety Research Funding and Capacity,30
12,Catastrophic risks from misaligned advanced AI,14,Alignment via human preference propagation,8,Expand AI Safety Research Funding and Capacity,29
12,Catastrophic risks from misaligned advanced AI,17,alignment of learned reward signals with human intent,23,Human-aware predictive robot control and safety planning,29
26,Misaligned AGI existential catastrophe,2,Robust feature alignment through adversarial optimization,6,PGD Adversarial Training for Robust Fine-Tuning,29
38,Catastrophic AGI Misalignment Risk,14,Alignment via human preference propagation,24,RLHF fine-tuning for aligned language models,29
0,Out-of-distribution generalization failure,2,Robust feature alignment through adversarial optimization,34,Large-scale pretraining before task fine-tuning,29
1,Malicious misuse of frontier AI for large-scale harm,15,Detection and mitigation of reward mis-specification effects,19,Demonstration-Based Policy Pretraining,29
7,Human extinction from misaligned superintelligent AI,10,Preservation of Attainable Utility to Limit Unsafe Agent Influence,17,Runtime control and coordination modules,29
1,Malicious misuse of frontier AI for large-scale harm,3,Centralized control of advanced AI compute resources,39,Export controls on advanced AI hardware,29
4,Unsafe and Sample-Inefficient RL Exploration,10,Preservation of Attainable Utility to Limit Unsafe Agent Influence,23,Human-aware predictive robot control and safety planning,29
4,Unsafe and Sample-Inefficient RL Exploration,9,Capability race incentives suppressing safety investments,35,Human-preference reward model fine-tuning,28
35,Advanced AI value misalignment risk,5,Enhanced model transparency enabling proactive vulnerability detection,1,Continuous anomaly monitoring and safety tripwires,28
16,Insufficient AI safety research capacity,16,Robust policy optimization under reward uncertainty,5,Pre-deployment adversarial red-teaming and robustness testing,28
4,Unsafe and Sample-Inefficient RL Exploration,17,alignment of learned reward signals with human intent,35,Human-preference reward model fine-tuning,28
26,Misaligned AGI existential catastrophe,8,exposing hidden model cognition through mechanistic analysis,37,ROME-based factual knowledge editing,28
25,Misaligned Superintelligent AI Existential Risk,12,Scaling AI Safety Research Capacity and Awareness,5,Pre-deployment adversarial red-teaming and robustness testing,28
38,Catastrophic AGI Misalignment Risk,14,Alignment via human preference propagation,4,Pre-deployment safety gates and controlled release,28
1,Malicious misuse of frontier AI for large-scale harm,2,Robust feature alignment through adversarial optimization,5,Pre-deployment adversarial red-teaming and robustness testing,26
16,Insufficient AI safety research capacity,14,Alignment via human preference propagation,27,KL-Regularized RLHF Fine-Tuning,26
25,Misaligned Superintelligent AI Existential Risk,1,Systematic Identification of Hidden Model Vulnerabilities,5,Pre-deployment adversarial red-teaming and robustness testing,26
1,Malicious misuse of frontier AI for large-scale harm,12,Scaling AI Safety Research Capacity and Awareness,4,Pre-deployment safety gates and controlled release,26
30,Existential catastrophe and human extinction risks,12,Scaling AI Safety Research Capacity and Awareness,11,Public AI risk outreach and educational dissemination,26
25,Misaligned Superintelligent AI Existential Risk,12,Scaling AI Safety Research Capacity and Awareness,28,International treaty banning autonomous weapons,26
18,Catastrophic Superintelligent AI Misalignment,7,Aggregated human-aligned iterative model refinement,13,Multi-objective recommender ranking with safety penalties,26
9,Deployed AI Misalignment Causes Societal Harm,2,Robust feature alignment through adversarial optimization,36,Robustness-Oriented Training Data Augmentation,26
16,Insufficient AI safety research capacity,10,Preservation of Attainable Utility to Limit Unsafe Agent Influence,23,Human-aware predictive robot control and safety planning,26
26,Misaligned AGI existential catastrophe,8,exposing hidden model cognition through mechanistic analysis,8,Expand AI Safety Research Funding and Capacity,26
19,Misaligned AI takeover and human disempowerment,12,Scaling AI Safety Research Capacity and Awareness,11,Public AI risk outreach and educational dissemination,25
30,Existential catastrophe and human extinction risks,12,Scaling AI Safety Research Capacity and Awareness,8,Expand AI Safety Research Funding and Capacity,25
21,Catastrophic AI misalignment and loss of control,14,Alignment via human preference propagation,10,Governed AI oversight and compliance regimes,25
25,Misaligned Superintelligent AI Existential Risk,5,Enhanced model transparency enabling proactive vulnerability detection,5,Pre-deployment adversarial red-teaming and robustness testing,25
18,Catastrophic Superintelligent AI Misalignment,12,Scaling AI Safety Research Capacity and Awareness,5,Pre-deployment adversarial red-teaming and robustness testing,25
16,Insufficient AI safety research capacity,1,Systematic Identification of Hidden Model Vulnerabilities,15,Pre-deployment mechanistic interpretability audits,25
22,Deceptive and Harmful Language Model Outputs,14,Alignment via human preference propagation,24,RLHF fine-tuning for aligned language models,24
16,Insufficient AI safety research capacity,8,exposing hidden model cognition through mechanistic analysis,37,ROME-based factual knowledge editing,24
16,Insufficient AI safety research capacity,14,Alignment via human preference propagation,22,Deployment-time confidence filtering and rejection sampling,24
38,Catastrophic AGI Misalignment Risk,3,Centralized control of advanced AI compute resources,39,Export controls on advanced AI hardware,24
12,Catastrophic risks from misaligned advanced AI,15,Detection and mitigation of reward mis-specification effects,4,Pre-deployment safety gates and controlled release,24
2,AI arms race causing unsafe deployment,14,Alignment via human preference propagation,35,Human-preference reward model fine-tuning,24
6,Reward Misspecification and Reward Hacking,12,Scaling AI Safety Research Capacity and Awareness,10,Governed AI oversight and compliance regimes,24
2,AI arms race causing unsafe deployment,15,Detection and mitigation of reward mis-specification effects,5,Pre-deployment adversarial red-teaming and robustness testing,24
4,Unsafe and Sample-Inefficient RL Exploration,12,Scaling AI Safety Research Capacity and Awareness,4,Pre-deployment safety gates and controlled release,23
4,Unsafe and Sample-Inefficient RL Exploration,9,Capability race incentives suppressing safety investments,19,Demonstration-Based Policy Pretraining,23
21,Catastrophic AI misalignment and loss of control,14,Alignment via human preference propagation,4,Pre-deployment safety gates and controlled release,23
9,Deployed AI Misalignment Causes Societal Harm,15,Detection and mitigation of reward mis-specification effects,35,Human-preference reward model fine-tuning,23
18,Catastrophic Superintelligent AI Misalignment,10,Preservation of Attainable Utility to Limit Unsafe Agent Influence,32,Attainable Utility Preservation reward penalty,23
28,Algorithmic discrimination in high-stakes decisions,12,Scaling AI Safety Research Capacity and Awareness,8,Expand AI Safety Research Funding and Capacity,23
6,Reward Misspecification and Reward Hacking,1,Systematic Identification of Hidden Model Vulnerabilities,5,Pre-deployment adversarial red-teaming and robustness testing,23
26,Misaligned AGI existential catastrophe,15,Detection and mitigation of reward mis-specification effects,24,RLHF fine-tuning for aligned language models,23
0,Out-of-distribution generalization failure,2,Robust feature alignment through adversarial optimization,22,Deployment-time confidence filtering and rejection sampling,23
16,Insufficient AI safety research capacity,15,Detection and mitigation of reward mis-specification effects,4,Pre-deployment safety gates and controlled release,23
9,Deployed AI Misalignment Causes Societal Harm,9,Capability race incentives suppressing safety investments,19,Demonstration-Based Policy Pretraining,23
9,Deployed AI Misalignment Causes Societal Harm,9,Capability race incentives suppressing safety investments,35,Human-preference reward model fine-tuning,23
2,AI arms race causing unsafe deployment,10,Preservation of Attainable Utility to Limit Unsafe Agent Influence,4,Pre-deployment safety gates and controlled release,22
5,Compute and data inefficiency in AI training,18,Improved calibration of AI progress forecasts,9,Choose robust model architectures at design time,22
20,Deceptive alignment and hidden objectives,12,Scaling AI Safety Research Capacity and Awareness,10,Governed AI oversight and compliance regimes,22
12,Catastrophic risks from misaligned advanced AI,14,Alignment via human preference propagation,24,RLHF fine-tuning for aligned language models,22
6,Reward Misspecification and Reward Hacking,8,exposing hidden model cognition through mechanistic analysis,8,Expand AI Safety Research Funding and Capacity,22
6,Reward Misspecification and Reward Hacking,14,Alignment via human preference propagation,18,Critique-guided fine-tuning and human feedback,22
1,Malicious misuse of frontier AI for large-scale harm,10,Preservation of Attainable Utility to Limit Unsafe Agent Influence,4,Pre-deployment safety gates and controlled release,22
38,Catastrophic AGI Misalignment Risk,8,exposing hidden model cognition through mechanistic analysis,37,ROME-based factual knowledge editing,22
22,Deceptive and Harmful Language Model Outputs,2,Robust feature alignment through adversarial optimization,6,PGD Adversarial Training for Robust Fine-Tuning,21
7,Human extinction from misaligned superintelligent AI,14,Alignment via human preference propagation,4,Pre-deployment safety gates and controlled release,21
35,Advanced AI value misalignment risk,12,Scaling AI Safety Research Capacity and Awareness,10,Governed AI oversight and compliance regimes,21
10,Existential catastrophe from misaligned AI,9,Capability race incentives suppressing safety investments,4,Pre-deployment safety gates and controlled release,21
2,AI arms race causing unsafe deployment,12,Scaling AI Safety Research Capacity and Awareness,10,Governed AI oversight and compliance regimes,21
35,Advanced AI value misalignment risk,14,Alignment via human preference propagation,27,KL-Regularized RLHF Fine-Tuning,21
18,Catastrophic Superintelligent AI Misalignment,1,Systematic Identification of Hidden Model Vulnerabilities,5,Pre-deployment adversarial red-teaming and robustness testing,21
38,Catastrophic AGI Misalignment Risk,14,Alignment via human preference propagation,22,Deployment-time confidence filtering and rejection sampling,21
38,Catastrophic AGI Misalignment Risk,15,Detection and mitigation of reward mis-specification effects,19,Demonstration-Based Policy Pretraining,21
14,Unsafe AI Decisions in High-Stakes Settings,12,Scaling AI Safety Research Capacity and Awareness,11,Public AI risk outreach and educational dissemination,21
7,Human extinction from misaligned superintelligent AI,1,Systematic Identification of Hidden Model Vulnerabilities,12,Pre-deployment bias auditing and fairness mitigation,20
6,Reward Misspecification and Reward Hacking,7,Aggregated human-aligned iterative model refinement,35,Human-preference reward model fine-tuning,20
20,Deceptive alignment and hidden objectives,5,Enhanced model transparency enabling proactive vulnerability detection,1,Continuous anomaly monitoring and safety tripwires,20
10,Existential catastrophe from misaligned AI,1,Systematic Identification of Hidden Model Vulnerabilities,5,Pre-deployment adversarial red-teaming and robustness testing,20
21,Catastrophic AI misalignment and loss of control,15,Detection and mitigation of reward mis-specification effects,4,Pre-deployment safety gates and controlled release,20
15,Opaque AI decision-making undermines oversight and safety,12,Scaling AI Safety Research Capacity and Awareness,4,Pre-deployment safety gates and controlled release,20
25,Misaligned Superintelligent AI Existential Risk,18,Improved calibration of AI progress forecasts,11,Public AI risk outreach and educational dissemination,20
16,Insufficient AI safety research capacity,16,Robust policy optimization under reward uncertainty,13,Multi-objective recommender ranking with safety penalties,20
1,Malicious misuse of frontier AI for large-scale harm,14,Alignment via human preference propagation,35,Human-preference reward model fine-tuning,20
18,Catastrophic Superintelligent AI Misalignment,10,Preservation of Attainable Utility to Limit Unsafe Agent Influence,4,Pre-deployment safety gates and controlled release,20
17,Adversarial Image Classification Misclassification,15,Detection and mitigation of reward mis-specification effects,5,Pre-deployment adversarial red-teaming and robustness testing,20
2,AI arms race causing unsafe deployment,3,Centralized control of advanced AI compute resources,39,Export controls on advanced AI hardware,20
7,Human extinction from misaligned superintelligent AI,12,Scaling AI Safety Research Capacity and Awareness,10,Governed AI oversight and compliance regimes,19
6,Reward Misspecification and Reward Hacking,16,Robust policy optimization under reward uncertainty,2,MCTS-Guided RL Planning and Training,19
0,Out-of-distribution generalization failure,2,Robust feature alignment through adversarial optimization,6,PGD Adversarial Training for Robust Fine-Tuning,19
16,Insufficient AI safety research capacity,14,Alignment via human preference propagation,1,Continuous anomaly monitoring and safety tripwires,19
0,Out-of-distribution generalization failure,2,Robust feature alignment through adversarial optimization,5,Pre-deployment adversarial red-teaming and robustness testing,19
16,Insufficient AI safety research capacity,14,Alignment via human preference propagation,10,Governed AI oversight and compliance regimes,19
16,Insufficient AI safety research capacity,7,Aggregated human-aligned iterative model refinement,18,Critique-guided fine-tuning and human feedback,19
15,Opaque AI decision-making undermines oversight and safety,12,Scaling AI Safety Research Capacity and Awareness,11,Public AI risk outreach and educational dissemination,19
2,AI arms race causing unsafe deployment,9,Capability race incentives suppressing safety investments,8,Expand AI Safety Research Funding and Capacity,19
7,Human extinction from misaligned superintelligent AI,12,Scaling AI Safety Research Capacity and Awareness,5,Pre-deployment adversarial red-teaming and robustness testing,18
35,Advanced AI value misalignment risk,12,Scaling AI Safety Research Capacity and Awareness,5,Pre-deployment adversarial red-teaming and robustness testing,18
18,Catastrophic Superintelligent AI Misalignment,14,Alignment via human preference propagation,18,Critique-guided fine-tuning and human feedback,18
6,Reward Misspecification and Reward Hacking,16,Robust policy optimization under reward uncertainty,24,RLHF fine-tuning for aligned language models,18
18,Catastrophic Superintelligent AI Misalignment,12,Scaling AI Safety Research Capacity and Awareness,10,Governed AI oversight and compliance regimes,18
18,Catastrophic Superintelligent AI Misalignment,3,Centralized control of advanced AI compute resources,39,Export controls on advanced AI hardware,18
12,Catastrophic risks from misaligned advanced AI,10,Preservation of Attainable Utility to Limit Unsafe Agent Influence,32,Attainable Utility Preservation reward penalty,18
16,Insufficient AI safety research capacity,12,Scaling AI Safety Research Capacity and Awareness,35,Human-preference reward model fine-tuning,18
4,Unsafe and Sample-Inefficient RL Exploration,17,alignment of learned reward signals with human intent,26,Reward-guided RL fine-tuning with safety constraints,18
25,Misaligned Superintelligent AI Existential Risk,14,Alignment via human preference propagation,18,Critique-guided fine-tuning and human feedback,18
10,Existential catastrophe from misaligned AI,15,Detection and mitigation of reward mis-specification effects,4,Pre-deployment safety gates and controlled release,18
10,Existential catastrophe from misaligned AI,6,Detection and mitigation of emergent harmful capabilities,1,Continuous anomaly monitoring and safety tripwires,18
12,Catastrophic risks from misaligned advanced AI,3,Centralized control of advanced AI compute resources,39,Export controls on advanced AI hardware,17
22,Deceptive and Harmful Language Model Outputs,14,Alignment via human preference propagation,35,Human-preference reward model fine-tuning,17
20,Deceptive alignment and hidden objectives,8,exposing hidden model cognition through mechanistic analysis,15,Pre-deployment mechanistic interpretability audits,17
17,Adversarial Image Classification Misclassification,2,Robust feature alignment through adversarial optimization,22,Deployment-time confidence filtering and rejection sampling,17
4,Unsafe and Sample-Inefficient RL Exploration,17,alignment of learned reward signals with human intent,30,Periodic target networks for stable Q-learning,17
20,Deceptive alignment and hidden objectives,14,Alignment via human preference propagation,4,Pre-deployment safety gates and controlled release,17
34,Instrumental power-seeking by advanced AI agents,14,Alignment via human preference propagation,24,RLHF fine-tuning for aligned language models,17
6,Reward Misspecification and Reward Hacking,12,Scaling AI Safety Research Capacity and Awareness,35,Human-preference reward model fine-tuning,17
3,Opaque Transformer Reasoning Undermines Safety Oversight,12,Scaling AI Safety Research Capacity and Awareness,8,Expand AI Safety Research Funding and Capacity,16
19,Misaligned AI takeover and human disempowerment,10,Preservation of Attainable Utility to Limit Unsafe Agent Influence,4,Pre-deployment safety gates and controlled release,16
38,Catastrophic AGI Misalignment Risk,8,exposing hidden model cognition through mechanistic analysis,29,"Neuroscience validation platforms for cognition, emulation, and alignment research",16
25,Misaligned Superintelligent AI Existential Risk,1,Systematic Identification of Hidden Model Vulnerabilities,15,Pre-deployment mechanistic interpretability audits,16
20,Deceptive alignment and hidden objectives,10,Preservation of Attainable Utility to Limit Unsafe Agent Influence,32,Attainable Utility Preservation reward penalty,16
2,AI arms race causing unsafe deployment,2,Robust feature alignment through adversarial optimization,5,Pre-deployment adversarial red-teaming and robustness testing,16
38,Catastrophic AGI Misalignment Risk,12,Scaling AI Safety Research Capacity and Awareness,5,Pre-deployment adversarial red-teaming and robustness testing,16
4,Unsafe and Sample-Inefficient RL Exploration,14,Alignment via human preference propagation,26,Reward-guided RL fine-tuning with safety constraints,16
12,Catastrophic risks from misaligned advanced AI,17,alignment of learned reward signals with human intent,35,Human-preference reward model fine-tuning,16
16,Insufficient AI safety research capacity,12,Scaling AI Safety Research Capacity and Awareness,28,International treaty banning autonomous weapons,16
15,Opaque AI decision-making undermines oversight and safety,14,Alignment via human preference propagation,35,Human-preference reward model fine-tuning,16
9,Deployed AI Misalignment Causes Societal Harm,12,Scaling AI Safety Research Capacity and Awareness,4,Pre-deployment safety gates and controlled release,16
16,Insufficient AI safety research capacity,8,exposing hidden model cognition through mechanistic analysis,17,Runtime control and coordination modules,16
7,Human extinction from misaligned superintelligent AI,5,Enhanced model transparency enabling proactive vulnerability detection,5,Pre-deployment adversarial red-teaming and robustness testing,15
11,Misforecasted AI Timelines Undermining Safety Preparedness,12,Scaling AI Safety Research Capacity and Awareness,11,Public AI risk outreach and educational dissemination,15
19,Misaligned AI takeover and human disempowerment,8,exposing hidden model cognition through mechanistic analysis,15,Pre-deployment mechanistic interpretability audits,15
19,Misaligned AI takeover and human disempowerment,14,Alignment via human preference propagation,4,Pre-deployment safety gates and controlled release,15
28,Algorithmic discrimination in high-stakes decisions,14,Alignment via human preference propagation,24,RLHF fine-tuning for aligned language models,15
16,Insufficient AI safety research capacity,5,Enhanced model transparency enabling proactive vulnerability detection,4,Pre-deployment safety gates and controlled release,15
1,Malicious misuse of frontier AI for large-scale harm,15,Detection and mitigation of reward mis-specification effects,5,Pre-deployment adversarial red-teaming and robustness testing,15
4,Unsafe and Sample-Inefficient RL Exploration,12,Scaling AI Safety Research Capacity and Awareness,10,Governed AI oversight and compliance regimes,15
7,Human extinction from misaligned superintelligent AI,13,Mitigation of reward mis-specification through robust feedback alignment,5,Pre-deployment adversarial red-teaming and robustness testing,15
35,Advanced AI value misalignment risk,17,alignment of learned reward signals with human intent,35,Human-preference reward model fine-tuning,15
17,Adversarial Image Classification Misclassification,12,Scaling AI Safety Research Capacity and Awareness,4,Pre-deployment safety gates and controlled release,15
38,Catastrophic AGI Misalignment Risk,8,exposing hidden model cognition through mechanistic analysis,15,Pre-deployment mechanistic interpretability audits,15
16,Insufficient AI safety research capacity,16,Robust policy optimization under reward uncertainty,26,Reward-guided RL fine-tuning with safety constraints,14
25,Misaligned Superintelligent AI Existential Risk,16,Robust policy optimization under reward uncertainty,5,Pre-deployment adversarial red-teaming and robustness testing,14
10,Existential catastrophe from misaligned AI,14,Alignment via human preference propagation,22,Deployment-time confidence filtering and rejection sampling,14
26,Misaligned AGI existential catastrophe,12,Scaling AI Safety Research Capacity and Awareness,1,Continuous anomaly monitoring and safety tripwires,14
7,Human extinction from misaligned superintelligent AI,12,Scaling AI Safety Research Capacity and Awareness,28,International treaty banning autonomous weapons,14
4,Unsafe and Sample-Inefficient RL Exploration,10,Preservation of Attainable Utility to Limit Unsafe Agent Influence,32,Attainable Utility Preservation reward penalty,14
28,Algorithmic discrimination in high-stakes decisions,12,Scaling AI Safety Research Capacity and Awareness,11,Public AI risk outreach and educational dissemination,14
19,Misaligned AI takeover and human disempowerment,14,Alignment via human preference propagation,35,Human-preference reward model fine-tuning,14
15,Opaque AI decision-making undermines oversight and safety,10,Preservation of Attainable Utility to Limit Unsafe Agent Influence,4,Pre-deployment safety gates and controlled release,14
26,Misaligned AGI existential catastrophe,14,Alignment via human preference propagation,22,Deployment-time confidence filtering and rejection sampling,14
6,Reward Misspecification and Reward Hacking,2,Robust feature alignment through adversarial optimization,26,Reward-guided RL fine-tuning with safety constraints,14
6,Reward Misspecification and Reward Hacking,7,Aggregated human-aligned iterative model refinement,13,Multi-objective recommender ranking with safety penalties,14
7,Human extinction from misaligned superintelligent AI,6,Detection and mitigation of emergent harmful capabilities,5,Pre-deployment adversarial red-teaming and robustness testing,14
6,Reward Misspecification and Reward Hacking,10,Preservation of Attainable Utility to Limit Unsafe Agent Influence,23,Human-aware predictive robot control and safety planning,13
20,Deceptive alignment and hidden objectives,4,Aligned internal reasoning and goal representation,8,Expand AI Safety Research Funding and Capacity,13
20,Deceptive alignment and hidden objectives,4,Aligned internal reasoning and goal representation,27,KL-Regularized RLHF Fine-Tuning,13
20,Deceptive alignment and hidden objectives,4,Aligned internal reasoning and goal representation,33,Deployment-time prompt engineering for aligned behavior,13
6,Reward Misspecification and Reward Hacking,14,Alignment via human preference propagation,27,KL-Regularized RLHF Fine-Tuning,13
20,Deceptive alignment and hidden objectives,15,Detection and mitigation of reward mis-specification effects,35,Human-preference reward model fine-tuning,13
9,Deployed AI Misalignment Causes Societal Harm,10,Preservation of Attainable Utility to Limit Unsafe Agent Influence,32,Attainable Utility Preservation reward penalty,13
38,Catastrophic AGI Misalignment Risk,12,Scaling AI Safety Research Capacity and Awareness,10,Governed AI oversight and compliance regimes,13
17,Adversarial Image Classification Misclassification,2,Robust feature alignment through adversarial optimization,0,Training-time regularization for robust generalization,13
18,Catastrophic Superintelligent AI Misalignment,12,Scaling AI Safety Research Capacity and Awareness,4,Pre-deployment safety gates and controlled release,13
1,Malicious misuse of frontier AI for large-scale harm,5,Enhanced model transparency enabling proactive vulnerability detection,1,Continuous anomaly monitoring and safety tripwires,13
22,Deceptive and Harmful Language Model Outputs,12,Scaling AI Safety Research Capacity and Awareness,11,Public AI risk outreach and educational dissemination,13
9,Deployed AI Misalignment Causes Societal Harm,8,exposing hidden model cognition through mechanistic analysis,15,Pre-deployment mechanistic interpretability audits,13
0,Out-of-distribution generalization failure,2,Robust feature alignment through adversarial optimization,36,Robustness-Oriented Training Data Augmentation,13
19,Misaligned AI takeover and human disempowerment,15,Detection and mitigation of reward mis-specification effects,19,Demonstration-Based Policy Pretraining,12
37,AI-driven labor displacement and socioeconomic instability,14,Alignment via human preference propagation,35,Human-preference reward model fine-tuning,12
1,Malicious misuse of frontier AI for large-scale harm,10,Preservation of Attainable Utility to Limit Unsafe Agent Influence,32,Attainable Utility Preservation reward penalty,12
25,Misaligned Superintelligent AI Existential Risk,18,Improved calibration of AI progress forecasts,38,Incentivized AI forecasting and prediction systems,12
10,Existential catastrophe from misaligned AI,2,Robust feature alignment through adversarial optimization,21,Formal Verification for Pre-Deployment AI Safety,12
0,Out-of-distribution generalization failure,20,Improved generalization via robust feature learning,0,Training-time regularization for robust generalization,12
8,Human-AI Coordination Failure in Shared Environments,12,Scaling AI Safety Research Capacity and Awareness,11,Public AI risk outreach and educational dissemination,12
9,Deployed AI Misalignment Causes Societal Harm,17,alignment of learned reward signals with human intent,35,Human-preference reward model fine-tuning,12
20,Deceptive alignment and hidden objectives,12,Scaling AI Safety Research Capacity and Awareness,5,Pre-deployment adversarial red-teaming and robustness testing,12
26,Misaligned AGI existential catastrophe,19,Mitigation of Spurious Feature Reliance,0,Training-time regularization for robust generalization,12
35,Advanced AI value misalignment risk,16,Robust policy optimization under reward uncertainty,24,RLHF fine-tuning for aligned language models,12
12,Catastrophic risks from misaligned advanced AI,15,Detection and mitigation of reward mis-specification effects,11,Public AI risk outreach and educational dissemination,12
7,Human extinction from misaligned superintelligent AI,8,exposing hidden model cognition through mechanistic analysis,8,Expand AI Safety Research Funding and Capacity,12
26,Misaligned AGI existential catastrophe,5,Enhanced model transparency enabling proactive vulnerability detection,1,Continuous anomaly monitoring and safety tripwires,12
4,Unsafe and Sample-Inefficient RL Exploration,15,Detection and mitigation of reward mis-specification effects,1,Continuous anomaly monitoring and safety tripwires,12
19,Misaligned AI takeover and human disempowerment,14,Alignment via human preference propagation,8,Expand AI Safety Research Funding and Capacity,12
18,Catastrophic Superintelligent AI Misalignment,5,Enhanced model transparency enabling proactive vulnerability detection,5,Pre-deployment adversarial red-teaming and robustness testing,12
18,Catastrophic Superintelligent AI Misalignment,14,Alignment via human preference propagation,27,KL-Regularized RLHF Fine-Tuning,12
4,Unsafe and Sample-Inefficient RL Exploration,15,Detection and mitigation of reward mis-specification effects,24,RLHF fine-tuning for aligned language models,12
4,Unsafe and Sample-Inefficient RL Exploration,8,exposing hidden model cognition through mechanistic analysis,37,ROME-based factual knowledge editing,12
4,Unsafe and Sample-Inefficient RL Exploration,15,Detection and mitigation of reward mis-specification effects,11,Public AI risk outreach and educational dissemination,12
4,Unsafe and Sample-Inefficient RL Exploration,15,Detection and mitigation of reward mis-specification effects,4,Pre-deployment safety gates and controlled release,12
4,Unsafe and Sample-Inefficient RL Exploration,16,Robust policy optimization under reward uncertainty,26,Reward-guided RL fine-tuning with safety constraints,12
2,AI arms race causing unsafe deployment,12,Scaling AI Safety Research Capacity and Awareness,4,Pre-deployment safety gates and controlled release,11
35,Advanced AI value misalignment risk,1,Systematic Identification of Hidden Model Vulnerabilities,5,Pre-deployment adversarial red-teaming and robustness testing,11
4,Unsafe and Sample-Inefficient RL Exploration,10,Preservation of Attainable Utility to Limit Unsafe Agent Influence,17,Runtime control and coordination modules,11
6,Reward Misspecification and Reward Hacking,14,Alignment via human preference propagation,22,Deployment-time confidence filtering and rejection sampling,11
4,Unsafe and Sample-Inefficient RL Exploration,8,exposing hidden model cognition through mechanistic analysis,15,Pre-deployment mechanistic interpretability audits,11
22,Deceptive and Harmful Language Model Outputs,8,exposing hidden model cognition through mechanistic analysis,15,Pre-deployment mechanistic interpretability audits,11
2,AI arms race causing unsafe deployment,8,exposing hidden model cognition through mechanistic analysis,15,Pre-deployment mechanistic interpretability audits,11
38,Catastrophic AGI Misalignment Risk,8,exposing hidden model cognition through mechanistic analysis,17,Runtime control and coordination modules,11
4,Unsafe and Sample-Inefficient RL Exploration,14,Alignment via human preference propagation,27,KL-Regularized RLHF Fine-Tuning,11
35,Advanced AI value misalignment risk,18,Improved calibration of AI progress forecasts,11,Public AI risk outreach and educational dissemination,11
6,Reward Misspecification and Reward Hacking,8,exposing hidden model cognition through mechanistic analysis,37,ROME-based factual knowledge editing,11
10,Existential catastrophe from misaligned AI,8,exposing hidden model cognition through mechanistic analysis,17,Runtime control and coordination modules,11
4,Unsafe and Sample-Inefficient RL Exploration,16,Robust policy optimization under reward uncertainty,2,MCTS-Guided RL Planning and Training,11
10,Existential catastrophe from misaligned AI,12,Scaling AI Safety Research Capacity and Awareness,28,International treaty banning autonomous weapons,11
21,Catastrophic AI misalignment and loss of control,9,Capability race incentives suppressing safety investments,4,Pre-deployment safety gates and controlled release,11
19,Misaligned AI takeover and human disempowerment,15,Detection and mitigation of reward mis-specification effects,5,Pre-deployment adversarial red-teaming and robustness testing,11
18,Catastrophic Superintelligent AI Misalignment,4,Aligned internal reasoning and goal representation,5,Pre-deployment adversarial red-teaming and robustness testing,11
6,Reward Misspecification and Reward Hacking,15,Detection and mitigation of reward mis-specification effects,26,Reward-guided RL fine-tuning with safety constraints,11
35,Advanced AI value misalignment risk,14,Alignment via human preference propagation,13,Multi-objective recommender ranking with safety penalties,11
6,Reward Misspecification and Reward Hacking,15,Detection and mitigation of reward mis-specification effects,32,Attainable Utility Preservation reward penalty,11
7,Human extinction from misaligned superintelligent AI,15,Detection and mitigation of reward mis-specification effects,11,Public AI risk outreach and educational dissemination,11
30,Existential catastrophe and human extinction risks,12,Scaling AI Safety Research Capacity and Awareness,24,RLHF fine-tuning for aligned language models,10
30,Existential catastrophe and human extinction risks,14,Alignment via human preference propagation,24,RLHF fine-tuning for aligned language models,10
35,Advanced AI value misalignment risk,14,Alignment via human preference propagation,15,Pre-deployment mechanistic interpretability audits,10
18,Catastrophic Superintelligent AI Misalignment,17,alignment of learned reward signals with human intent,19,Demonstration-Based Policy Pretraining,10
16,Insufficient AI safety research capacity,5,Enhanced model transparency enabling proactive vulnerability detection,5,Pre-deployment adversarial red-teaming and robustness testing,10
35,Advanced AI value misalignment risk,16,Robust policy optimization under reward uncertainty,26,Reward-guided RL fine-tuning with safety constraints,10
38,Catastrophic AGI Misalignment Risk,4,Aligned internal reasoning and goal representation,33,Deployment-time prompt engineering for aligned behavior,10
38,Catastrophic AGI Misalignment Risk,4,Aligned internal reasoning and goal representation,27,KL-Regularized RLHF Fine-Tuning,10
7,Human extinction from misaligned superintelligent AI,3,Centralized control of advanced AI compute resources,39,Export controls on advanced AI hardware,10
35,Advanced AI value misalignment risk,4,Aligned internal reasoning and goal representation,33,Deployment-time prompt engineering for aligned behavior,10
33,AI-driven personal data privacy breaches,5,Enhanced model transparency enabling proactive vulnerability detection,6,PGD Adversarial Training for Robust Fine-Tuning,10
35,Advanced AI value misalignment risk,4,Aligned internal reasoning and goal representation,27,KL-Regularized RLHF Fine-Tuning,10
19,Misaligned AI takeover and human disempowerment,17,alignment of learned reward signals with human intent,19,Demonstration-Based Policy Pretraining,10
4,Unsafe and Sample-Inefficient RL Exploration,2,Robust feature alignment through adversarial optimization,22,Deployment-time confidence filtering and rejection sampling,10
22,Deceptive and Harmful Language Model Outputs,5,Enhanced model transparency enabling proactive vulnerability detection,22,Deployment-time confidence filtering and rejection sampling,10
18,Catastrophic Superintelligent AI Misalignment,10,Preservation of Attainable Utility to Limit Unsafe Agent Influence,23,Human-aware predictive robot control and safety planning,10
30,Existential catastrophe and human extinction risks,10,Preservation of Attainable Utility to Limit Unsafe Agent Influence,4,Pre-deployment safety gates and controlled release,10
16,Insufficient AI safety research capacity,9,Capability race incentives suppressing safety investments,4,Pre-deployment safety gates and controlled release,10
18,Catastrophic Superintelligent AI Misalignment,10,Preservation of Attainable Utility to Limit Unsafe Agent Influence,17,Runtime control and coordination modules,10
18,Catastrophic Superintelligent AI Misalignment,8,exposing hidden model cognition through mechanistic analysis,8,Expand AI Safety Research Funding and Capacity,10
12,Catastrophic risks from misaligned advanced AI,2,Robust feature alignment through adversarial optimization,22,Deployment-time confidence filtering and rejection sampling,10
24,Objective Misspecification and Misaligned Optimization,12,Scaling AI Safety Research Capacity and Awareness,11,Public AI risk outreach and educational dissemination,10
25,Misaligned Superintelligent AI Existential Risk,2,Robust feature alignment through adversarial optimization,22,Deployment-time confidence filtering and rejection sampling,10
15,Opaque AI decision-making undermines oversight and safety,8,exposing hidden model cognition through mechanistic analysis,9,Choose robust model architectures at design time,10
1,Malicious misuse of frontier AI for large-scale harm,12,Scaling AI Safety Research Capacity and Awareness,10,Governed AI oversight and compliance regimes,10
1,Malicious misuse of frontier AI for large-scale harm,2,Robust feature alignment through adversarial optimization,22,Deployment-time confidence filtering and rejection sampling,10
17,Adversarial Image Classification Misclassification,14,Alignment via human preference propagation,24,RLHF fine-tuning for aligned language models,10
9,Deployed AI Misalignment Causes Societal Harm,2,Robust feature alignment through adversarial optimization,22,Deployment-time confidence filtering and rejection sampling,10
6,Reward Misspecification and Reward Hacking,18,Improved calibration of AI progress forecasts,11,Public AI risk outreach and educational dissemination,10
18,Catastrophic Superintelligent AI Misalignment,17,alignment of learned reward signals with human intent,26,Reward-guided RL fine-tuning with safety constraints,10
6,Reward Misspecification and Reward Hacking,2,Robust feature alignment through adversarial optimization,22,Deployment-time confidence filtering and rejection sampling,10
21,Catastrophic AI misalignment and loss of control,2,Robust feature alignment through adversarial optimization,22,Deployment-time confidence filtering and rejection sampling,10
20,Deceptive alignment and hidden objectives,8,exposing hidden model cognition through mechanistic analysis,29,"Neuroscience validation platforms for cognition, emulation, and alignment research",10
35,Advanced AI value misalignment risk,17,alignment of learned reward signals with human intent,23,Human-aware predictive robot control and safety planning,10
20,Deceptive alignment and hidden objectives,14,Alignment via human preference propagation,15,Pre-deployment mechanistic interpretability audits,10
10,Existential catastrophe from misaligned AI,2,Robust feature alignment through adversarial optimization,22,Deployment-time confidence filtering and rejection sampling,10
20,Deceptive alignment and hidden objectives,14,Alignment via human preference propagation,31,Human-AI collaboration tools for skill building,10
20,Deceptive alignment and hidden objectives,1,Systematic Identification of Hidden Model Vulnerabilities,15,Pre-deployment mechanistic interpretability audits,10
20,Deceptive alignment and hidden objectives,17,alignment of learned reward signals with human intent,26,Reward-guided RL fine-tuning with safety constraints,10
6,Reward Misspecification and Reward Hacking,10,Preservation of Attainable Utility to Limit Unsafe Agent Influence,17,Runtime control and coordination modules,10
15,Opaque AI decision-making undermines oversight and safety,5,Enhanced model transparency enabling proactive vulnerability detection,6,PGD Adversarial Training for Robust Fine-Tuning,9
15,Opaque AI decision-making undermines oversight and safety,2,Robust feature alignment through adversarial optimization,22,Deployment-time confidence filtering and rejection sampling,9
9,Deployed AI Misalignment Causes Societal Harm,17,alignment of learned reward signals with human intent,8,Expand AI Safety Research Funding and Capacity,9
18,Catastrophic Superintelligent AI Misalignment,2,Robust feature alignment through adversarial optimization,6,PGD Adversarial Training for Robust Fine-Tuning,9
21,Catastrophic AI misalignment and loss of control,16,Robust policy optimization under reward uncertainty,5,Pre-deployment adversarial red-teaming and robustness testing,9
18,Catastrophic Superintelligent AI Misalignment,1,Systematic Identification of Hidden Model Vulnerabilities,1,Continuous anomaly monitoring and safety tripwires,9
9,Deployed AI Misalignment Causes Societal Harm,15,Detection and mitigation of reward mis-specification effects,32,Attainable Utility Preservation reward penalty,9
6,Reward Misspecification and Reward Hacking,16,Robust policy optimization under reward uncertainty,27,KL-Regularized RLHF Fine-Tuning,9
10,Existential catastrophe from misaligned AI,8,exposing hidden model cognition through mechanistic analysis,37,ROME-based factual knowledge editing,9
10,Existential catastrophe from misaligned AI,16,Robust policy optimization under reward uncertainty,2,MCTS-Guided RL Planning and Training,9
35,Advanced AI value misalignment risk,1,Systematic Identification of Hidden Model Vulnerabilities,15,Pre-deployment mechanistic interpretability audits,9
9,Deployed AI Misalignment Causes Societal Harm,15,Detection and mitigation of reward mis-specification effects,26,Reward-guided RL fine-tuning with safety constraints,9
6,Reward Misspecification and Reward Hacking,12,Scaling AI Safety Research Capacity and Awareness,1,Continuous anomaly monitoring and safety tripwires,9
15,Opaque AI decision-making undermines oversight and safety,2,Robust feature alignment through adversarial optimization,6,PGD Adversarial Training for Robust Fine-Tuning,9
15,Opaque AI decision-making undermines oversight and safety,20,Improved generalization via robust feature learning,0,Training-time regularization for robust generalization,9
38,Catastrophic AGI Misalignment Risk,12,Scaling AI Safety Research Capacity and Awareness,38,Incentivized AI forecasting and prediction systems,9
7,Human extinction from misaligned superintelligent AI,14,Alignment via human preference propagation,31,Human-AI collaboration tools for skill building,9
15,Opaque AI decision-making undermines oversight and safety,2,Robust feature alignment through adversarial optimization,5,Pre-deployment adversarial red-teaming and robustness testing,9
6,Reward Misspecification and Reward Hacking,14,Alignment via human preference propagation,13,Multi-objective recommender ranking with safety penalties,9
19,Misaligned AI takeover and human disempowerment,14,Alignment via human preference propagation,18,Critique-guided fine-tuning and human feedback,9
6,Reward Misspecification and Reward Hacking,2,Robust feature alignment through adversarial optimization,36,Robustness-Oriented Training Data Augmentation,9
11,Misforecasted AI Timelines Undermining Safety Preparedness,12,Scaling AI Safety Research Capacity and Awareness,8,Expand AI Safety Research Funding and Capacity,9
25,Misaligned Superintelligent AI Existential Risk,1,Systematic Identification of Hidden Model Vulnerabilities,1,Continuous anomaly monitoring and safety tripwires,8
18,Catastrophic Superintelligent AI Misalignment,4,Aligned internal reasoning and goal representation,33,Deployment-time prompt engineering for aligned behavior,8
12,Catastrophic risks from misaligned advanced AI,8,exposing hidden model cognition through mechanistic analysis,15,Pre-deployment mechanistic interpretability audits,8
7,Human extinction from misaligned superintelligent AI,15,Detection and mitigation of reward mis-specification effects,35,Human-preference reward model fine-tuning,8
18,Catastrophic Superintelligent AI Misalignment,4,Aligned internal reasoning and goal representation,27,KL-Regularized RLHF Fine-Tuning,8
9,Deployed AI Misalignment Causes Societal Harm,19,Mitigation of Spurious Feature Reliance,0,Training-time regularization for robust generalization,8
10,Existential catastrophe from misaligned AI,14,Alignment via human preference propagation,10,Governed AI oversight and compliance regimes,8
18,Catastrophic Superintelligent AI Misalignment,2,Robust feature alignment through adversarial optimization,26,Reward-guided RL fine-tuning with safety constraints,8
20,Deceptive alignment and hidden objectives,5,Enhanced model transparency enabling proactive vulnerability detection,4,Pre-deployment safety gates and controlled release,8
15,Opaque AI decision-making undermines oversight and safety,8,exposing hidden model cognition through mechanistic analysis,8,Expand AI Safety Research Funding and Capacity,8
26,Misaligned AGI existential catastrophe,2,Robust feature alignment through adversarial optimization,22,Deployment-time confidence filtering and rejection sampling,8
6,Reward Misspecification and Reward Hacking,4,Aligned internal reasoning and goal representation,5,Pre-deployment adversarial red-teaming and robustness testing,8
35,Advanced AI value misalignment risk,15,Detection and mitigation of reward mis-specification effects,35,Human-preference reward model fine-tuning,8
17,Adversarial Image Classification Misclassification,15,Detection and mitigation of reward mis-specification effects,35,Human-preference reward model fine-tuning,8
35,Advanced AI value misalignment risk,16,Robust policy optimization under reward uncertainty,27,KL-Regularized RLHF Fine-Tuning,8
9,Deployed AI Misalignment Causes Societal Harm,8,exposing hidden model cognition through mechanistic analysis,8,Expand AI Safety Research Funding and Capacity,8
17,Adversarial Image Classification Misclassification,14,Alignment via human preference propagation,35,Human-preference reward model fine-tuning,8
27,Uncontrolled Recursive Self-Improvement Explosion,10,Preservation of Attainable Utility to Limit Unsafe Agent Influence,4,Pre-deployment safety gates and controlled release,8
21,Catastrophic AI misalignment and loss of control,9,Capability race incentives suppressing safety investments,19,Demonstration-Based Policy Pretraining,8
9,Deployed AI Misalignment Causes Societal Harm,9,Capability race incentives suppressing safety investments,26,Reward-guided RL fine-tuning with safety constraints,8
23,Engagement-Driven Recommendation Manipulates and Polarizes Users,12,Scaling AI Safety Research Capacity and Awareness,8,Expand AI Safety Research Funding and Capacity,8
21,Catastrophic AI misalignment and loss of control,9,Capability race incentives suppressing safety investments,26,Reward-guided RL fine-tuning with safety constraints,8
4,Unsafe and Sample-Inefficient RL Exploration,17,alignment of learned reward signals with human intent,20,Uniform Experience Replay for RL Training,8
9,Deployed AI Misalignment Causes Societal Harm,14,Alignment via human preference propagation,27,KL-Regularized RLHF Fine-Tuning,8
6,Reward Misspecification and Reward Hacking,4,Aligned internal reasoning and goal representation,27,KL-Regularized RLHF Fine-Tuning,8
6,Reward Misspecification and Reward Hacking,4,Aligned internal reasoning and goal representation,33,Deployment-time prompt engineering for aligned behavior,8
6,Reward Misspecification and Reward Hacking,17,alignment of learned reward signals with human intent,29,"Neuroscience validation platforms for cognition, emulation, and alignment research",8
7,Human extinction from misaligned superintelligent AI,4,Aligned internal reasoning and goal representation,27,KL-Regularized RLHF Fine-Tuning,8
9,Deployed AI Misalignment Causes Societal Harm,12,Scaling AI Safety Research Capacity and Awareness,35,Human-preference reward model fine-tuning,8
6,Reward Misspecification and Reward Hacking,19,Mitigation of Spurious Feature Reliance,0,Training-time regularization for robust generalization,8
37,AI-driven labor displacement and socioeconomic instability,2,Robust feature alignment through adversarial optimization,6,PGD Adversarial Training for Robust Fine-Tuning,8
19,Misaligned AI takeover and human disempowerment,9,Capability race incentives suppressing safety investments,4,Pre-deployment safety gates and controlled release,8
19,Misaligned AI takeover and human disempowerment,2,Robust feature alignment through adversarial optimization,23,Human-aware predictive robot control and safety planning,8
7,Human extinction from misaligned superintelligent AI,4,Aligned internal reasoning and goal representation,33,Deployment-time prompt engineering for aligned behavior,8
20,Deceptive alignment and hidden objectives,2,Robust feature alignment through adversarial optimization,22,Deployment-time confidence filtering and rejection sampling,8
4,Unsafe and Sample-Inefficient RL Exploration,9,Capability race incentives suppressing safety investments,32,Attainable Utility Preservation reward penalty,8
4,Unsafe and Sample-Inefficient RL Exploration,9,Capability race incentives suppressing safety investments,26,Reward-guided RL fine-tuning with safety constraints,8
17,Adversarial Image Classification Misclassification,8,exposing hidden model cognition through mechanistic analysis,15,Pre-deployment mechanistic interpretability audits,8
21,Catastrophic AI misalignment and loss of control,9,Capability race incentives suppressing safety investments,32,Attainable Utility Preservation reward penalty,8
21,Catastrophic AI misalignment and loss of control,10,Preservation of Attainable Utility to Limit Unsafe Agent Influence,26,Reward-guided RL fine-tuning with safety constraints,8
12,Catastrophic risks from misaligned advanced AI,1,Systematic Identification of Hidden Model Vulnerabilities,21,Formal Verification for Pre-Deployment AI Safety,8
22,Deceptive and Harmful Language Model Outputs,8,exposing hidden model cognition through mechanistic analysis,24,RLHF fine-tuning for aligned language models,8
21,Catastrophic AI misalignment and loss of control,9,Capability race incentives suppressing safety investments,35,Human-preference reward model fine-tuning,8
2,AI arms race causing unsafe deployment,17,alignment of learned reward signals with human intent,26,Reward-guided RL fine-tuning with safety constraints,8
16,Insufficient AI safety research capacity,17,alignment of learned reward signals with human intent,8,Expand AI Safety Research Funding and Capacity,8
6,Reward Misspecification and Reward Hacking,8,exposing hidden model cognition through mechanistic analysis,25,Explainable decision support with uncertainty and counterfactuals,8
9,Deployed AI Misalignment Causes Societal Harm,9,Capability race incentives suppressing safety investments,32,Attainable Utility Preservation reward penalty,8
35,Advanced AI value misalignment risk,8,exposing hidden model cognition through mechanistic analysis,25,Explainable decision support with uncertainty and counterfactuals,8
17,Adversarial Image Classification Misclassification,8,exposing hidden model cognition through mechanistic analysis,8,Expand AI Safety Research Funding and Capacity,8
38,Catastrophic AGI Misalignment Risk,1,Systematic Identification of Hidden Model Vulnerabilities,5,Pre-deployment adversarial red-teaming and robustness testing,7
38,Catastrophic AGI Misalignment Risk,14,Alignment via human preference propagation,27,KL-Regularized RLHF Fine-Tuning,7
38,Catastrophic AGI Misalignment Risk,10,Preservation of Attainable Utility to Limit Unsafe Agent Influence,23,Human-aware predictive robot control and safety planning,7
35,Advanced AI value misalignment risk,14,Alignment via human preference propagation,2,MCTS-Guided RL Planning and Training,7
38,Catastrophic AGI Misalignment Risk,17,alignment of learned reward signals with human intent,26,Reward-guided RL fine-tuning with safety constraints,7
6,Reward Misspecification and Reward Hacking,12,Scaling AI Safety Research Capacity and Awareness,38,Incentivized AI forecasting and prediction systems,7
22,Deceptive and Harmful Language Model Outputs,2,Robust feature alignment through adversarial optimization,5,Pre-deployment adversarial red-teaming and robustness testing,7
2,AI arms race causing unsafe deployment,4,Aligned internal reasoning and goal representation,27,KL-Regularized RLHF Fine-Tuning,7
2,AI arms race causing unsafe deployment,2,Robust feature alignment through adversarial optimization,26,Reward-guided RL fine-tuning with safety constraints,7
9,Deployed AI Misalignment Causes Societal Harm,15,Detection and mitigation of reward mis-specification effects,1,Continuous anomaly monitoring and safety tripwires,7
12,Catastrophic risks from misaligned advanced AI,12,Scaling AI Safety Research Capacity and Awareness,5,Pre-deployment adversarial red-teaming and robustness testing,7
6,Reward Misspecification and Reward Hacking,15,Detection and mitigation of reward mis-specification effects,11,Public AI risk outreach and educational dissemination,7
6,Reward Misspecification and Reward Hacking,17,alignment of learned reward signals with human intent,19,Demonstration-Based Policy Pretraining,7
6,Reward Misspecification and Reward Hacking,17,alignment of learned reward signals with human intent,23,Human-aware predictive robot control and safety planning,7
10,Existential catastrophe from misaligned AI,2,Robust feature alignment through adversarial optimization,15,Pre-deployment mechanistic interpretability audits,7
20,Deceptive alignment and hidden objectives,4,Aligned internal reasoning and goal representation,5,Pre-deployment adversarial red-teaming and robustness testing,7
10,Existential catastrophe from misaligned AI,20,Improved generalization via robust feature learning,0,Training-time regularization for robust generalization,7
2,AI arms race causing unsafe deployment,4,Aligned internal reasoning and goal representation,33,Deployment-time prompt engineering for aligned behavior,7
22,Deceptive and Harmful Language Model Outputs,2,Robust feature alignment through adversarial optimization,22,Deployment-time confidence filtering and rejection sampling,7
18,Catastrophic Superintelligent AI Misalignment,17,alignment of learned reward signals with human intent,35,Human-preference reward model fine-tuning,7
10,Existential catastrophe from misaligned AI,5,Enhanced model transparency enabling proactive vulnerability detection,6,PGD Adversarial Training for Robust Fine-Tuning,7
10,Existential catastrophe from misaligned AI,18,Improved calibration of AI progress forecasts,8,Expand AI Safety Research Funding and Capacity,7
12,Catastrophic risks from misaligned advanced AI,20,Improved generalization via robust feature learning,0,Training-time regularization for robust generalization,6
15,Opaque AI decision-making undermines oversight and safety,2,Robust feature alignment through adversarial optimization,15,Pre-deployment mechanistic interpretability audits,6
6,Reward Misspecification and Reward Hacking,12,Scaling AI Safety Research Capacity and Awareness,5,Pre-deployment adversarial red-teaming and robustness testing,6
26,Misaligned AGI existential catastrophe,17,alignment of learned reward signals with human intent,35,Human-preference reward model fine-tuning,6
9,Deployed AI Misalignment Causes Societal Harm,10,Preservation of Attainable Utility to Limit Unsafe Agent Influence,4,Pre-deployment safety gates and controlled release,6
6,Reward Misspecification and Reward Hacking,15,Detection and mitigation of reward mis-specification effects,4,Pre-deployment safety gates and controlled release,6
9,Deployed AI Misalignment Causes Societal Harm,4,Aligned internal reasoning and goal representation,27,KL-Regularized RLHF Fine-Tuning,6
6,Reward Misspecification and Reward Hacking,14,Alignment via human preference propagation,19,Demonstration-Based Policy Pretraining,6
9,Deployed AI Misalignment Causes Societal Harm,3,Centralized control of advanced AI compute resources,39,Export controls on advanced AI hardware,6
26,Misaligned AGI existential catastrophe,15,Detection and mitigation of reward mis-specification effects,4,Pre-deployment safety gates and controlled release,6
6,Reward Misspecification and Reward Hacking,13,Mitigation of reward mis-specification through robust feedback alignment,26,Reward-guided RL fine-tuning with safety constraints,6
26,Misaligned AGI existential catastrophe,15,Detection and mitigation of reward mis-specification effects,8,Expand AI Safety Research Funding and Capacity,6
6,Reward Misspecification and Reward Hacking,14,Alignment via human preference propagation,1,Continuous anomaly monitoring and safety tripwires,6
6,Reward Misspecification and Reward Hacking,15,Detection and mitigation of reward mis-specification effects,8,Expand AI Safety Research Funding and Capacity,6
12,Catastrophic risks from misaligned advanced AI,15,Detection and mitigation of reward mis-specification effects,35,Human-preference reward model fine-tuning,6
12,Catastrophic risks from misaligned advanced AI,15,Detection and mitigation of reward mis-specification effects,5,Pre-deployment adversarial red-teaming and robustness testing,6
26,Misaligned AGI existential catastrophe,14,Alignment via human preference propagation,19,Demonstration-Based Policy Pretraining,6
12,Catastrophic risks from misaligned advanced AI,10,Preservation of Attainable Utility to Limit Unsafe Agent Influence,4,Pre-deployment safety gates and controlled release,6
12,Catastrophic risks from misaligned advanced AI,8,exposing hidden model cognition through mechanistic analysis,25,Explainable decision support with uncertainty and counterfactuals,6
6,Reward Misspecification and Reward Hacking,16,Robust policy optimization under reward uncertainty,13,Multi-objective recommender ranking with safety penalties,6
11,Misforecasted AI Timelines Undermining Safety Preparedness,1,Systematic Identification of Hidden Model Vulnerabilities,11,Public AI risk outreach and educational dissemination,6
10,Existential catastrophe from misaligned AI,5,Enhanced model transparency enabling proactive vulnerability detection,4,Pre-deployment safety gates and controlled release,6
10,Existential catastrophe from misaligned AI,15,Detection and mitigation of reward mis-specification effects,8,Expand AI Safety Research Funding and Capacity,6
32,AI shutdown resistance and control loss,12,Scaling AI Safety Research Capacity and Awareness,11,Public AI risk outreach and educational dissemination,6
7,Human extinction from misaligned superintelligent AI,5,Enhanced model transparency enabling proactive vulnerability detection,12,Pre-deployment bias auditing and fairness mitigation,6
9,Deployed AI Misalignment Causes Societal Harm,1,Systematic Identification of Hidden Model Vulnerabilities,21,Formal Verification for Pre-Deployment AI Safety,6
10,Existential catastrophe from misaligned AI,14,Alignment via human preference propagation,19,Demonstration-Based Policy Pretraining,6
8,Human-AI Coordination Failure in Shared Environments,14,Alignment via human preference propagation,24,RLHF fine-tuning for aligned language models,6
33,AI-driven personal data privacy breaches,12,Scaling AI Safety Research Capacity and Awareness,10,Governed AI oversight and compliance regimes,6
6,Reward Misspecification and Reward Hacking,7,Aggregated human-aligned iterative model refinement,18,Critique-guided fine-tuning and human feedback,6
34,Instrumental power-seeking by advanced AI agents,15,Detection and mitigation of reward mis-specification effects,19,Demonstration-Based Policy Pretraining,6
37,AI-driven labor displacement and socioeconomic instability,14,Alignment via human preference propagation,24,RLHF fine-tuning for aligned language models,6
9,Deployed AI Misalignment Causes Societal Harm,10,Preservation of Attainable Utility to Limit Unsafe Agent Influence,23,Human-aware predictive robot control and safety planning,6
0,Out-of-distribution generalization failure,15,Detection and mitigation of reward mis-specification effects,35,Human-preference reward model fine-tuning,6
20,Deceptive alignment and hidden objectives,16,Robust policy optimization under reward uncertainty,24,RLHF fine-tuning for aligned language models,6
26,Misaligned AGI existential catastrophe,1,Systematic Identification of Hidden Model Vulnerabilities,15,Pre-deployment mechanistic interpretability audits,6
0,Out-of-distribution generalization failure,15,Detection and mitigation of reward mis-specification effects,5,Pre-deployment adversarial red-teaming and robustness testing,6
0,Out-of-distribution generalization failure,14,Alignment via human preference propagation,35,Human-preference reward model fine-tuning,6
21,Catastrophic AI misalignment and loss of control,14,Alignment via human preference propagation,19,Demonstration-Based Policy Pretraining,6
22,Deceptive and Harmful Language Model Outputs,5,Enhanced model transparency enabling proactive vulnerability detection,5,Pre-deployment adversarial red-teaming and robustness testing,6
0,Out-of-distribution generalization failure,8,exposing hidden model cognition through mechanistic analysis,15,Pre-deployment mechanistic interpretability audits,6
26,Misaligned AGI existential catastrophe,14,Alignment via human preference propagation,8,Expand AI Safety Research Funding and Capacity,6
25,Misaligned Superintelligent AI Existential Risk,15,Detection and mitigation of reward mis-specification effects,8,Expand AI Safety Research Funding and Capacity,6
22,Deceptive and Harmful Language Model Outputs,12,Scaling AI Safety Research Capacity and Awareness,4,Pre-deployment safety gates and controlled release,6
25,Misaligned Superintelligent AI Existential Risk,15,Detection and mitigation of reward mis-specification effects,4,Pre-deployment safety gates and controlled release,6
0,Out-of-distribution generalization failure,8,exposing hidden model cognition through mechanistic analysis,8,Expand AI Safety Research Funding and Capacity,6
24,Objective Misspecification and Misaligned Optimization,15,Detection and mitigation of reward mis-specification effects,5,Pre-deployment adversarial red-teaming and robustness testing,6
24,Objective Misspecification and Misaligned Optimization,15,Detection and mitigation of reward mis-specification effects,19,Demonstration-Based Policy Pretraining,6
25,Misaligned Superintelligent AI Existential Risk,14,Alignment via human preference propagation,19,Demonstration-Based Policy Pretraining,6
38,Catastrophic AGI Misalignment Risk,14,Alignment via human preference propagation,19,Demonstration-Based Policy Pretraining,6
0,Out-of-distribution generalization failure,19,Mitigation of Spurious Feature Reliance,0,Training-time regularization for robust generalization,6
0,Out-of-distribution generalization failure,20,Improved generalization via robust feature learning,9,Choose robust model architectures at design time,6
0,Out-of-distribution generalization failure,20,Improved generalization via robust feature learning,34,Large-scale pretraining before task fine-tuning,6
15,Opaque AI decision-making undermines oversight and safety,14,Alignment via human preference propagation,8,Expand AI Safety Research Funding and Capacity,6
34,Instrumental power-seeking by advanced AI agents,2,Robust feature alignment through adversarial optimization,6,PGD Adversarial Training for Robust Fine-Tuning,6
5,Compute and data inefficiency in AI training,7,Aggregated human-aligned iterative model refinement,19,Demonstration-Based Policy Pretraining,6
17,Adversarial Image Classification Misclassification,19,Mitigation of Spurious Feature Reliance,0,Training-time regularization for robust generalization,6
9,Deployed AI Misalignment Causes Societal Harm,17,alignment of learned reward signals with human intent,26,Reward-guided RL fine-tuning with safety constraints,6
18,Catastrophic Superintelligent AI Misalignment,14,Alignment via human preference propagation,19,Demonstration-Based Policy Pretraining,6
4,Unsafe and Sample-Inefficient RL Exploration,14,Alignment via human preference propagation,35,Human-preference reward model fine-tuning,6
9,Deployed AI Misalignment Causes Societal Harm,4,Aligned internal reasoning and goal representation,33,Deployment-time prompt engineering for aligned behavior,6
19,Misaligned AI takeover and human disempowerment,12,Scaling AI Safety Research Capacity and Awareness,10,Governed AI oversight and compliance regimes,6
2,AI arms race causing unsafe deployment,12,Scaling AI Safety Research Capacity and Awareness,1,Continuous anomaly monitoring and safety tripwires,6
2,AI arms race causing unsafe deployment,10,Preservation of Attainable Utility to Limit Unsafe Agent Influence,17,Runtime control and coordination modules,6
9,Deployed AI Misalignment Causes Societal Harm,5,Enhanced model transparency enabling proactive vulnerability detection,4,Pre-deployment safety gates and controlled release,6
2,AI arms race causing unsafe deployment,8,exposing hidden model cognition through mechanistic analysis,8,Expand AI Safety Research Funding and Capacity,6
35,Advanced AI value misalignment risk,10,Preservation of Attainable Utility to Limit Unsafe Agent Influence,32,Attainable Utility Preservation reward penalty,6
9,Deployed AI Misalignment Causes Societal Harm,14,Alignment via human preference propagation,18,Critique-guided fine-tuning and human feedback,6
35,Advanced AI value misalignment risk,12,Scaling AI Safety Research Capacity and Awareness,35,Human-preference reward model fine-tuning,6
25,Misaligned Superintelligent AI Existential Risk,12,Scaling AI Safety Research Capacity and Awareness,38,Incentivized AI forecasting and prediction systems,5
7,Human extinction from misaligned superintelligent AI,20,Improved generalization via robust feature learning,0,Training-time regularization for robust generalization,5
7,Human extinction from misaligned superintelligent AI,17,alignment of learned reward signals with human intent,23,Human-aware predictive robot control and safety planning,5
7,Human extinction from misaligned superintelligent AI,5,Enhanced model transparency enabling proactive vulnerability detection,6,PGD Adversarial Training for Robust Fine-Tuning,5
7,Human extinction from misaligned superintelligent AI,2,Robust feature alignment through adversarial optimization,15,Pre-deployment mechanistic interpretability audits,5
6,Reward Misspecification and Reward Hacking,14,Alignment via human preference propagation,10,Governed AI oversight and compliance regimes,5
35,Advanced AI value misalignment risk,17,alignment of learned reward signals with human intent,29,"Neuroscience validation platforms for cognition, emulation, and alignment research",5
5,Compute and data inefficiency in AI training,14,Alignment via human preference propagation,24,RLHF fine-tuning for aligned language models,5
4,Unsafe and Sample-Inefficient RL Exploration,15,Detection and mitigation of reward mis-specification effects,35,Human-preference reward model fine-tuning,5
2,AI arms race causing unsafe deployment,18,Improved calibration of AI progress forecasts,11,Public AI risk outreach and educational dissemination,5
2,AI arms race causing unsafe deployment,9,Capability race incentives suppressing safety investments,4,Pre-deployment safety gates and controlled release,5
1,Malicious misuse of frontier AI for large-scale harm,10,Preservation of Attainable Utility to Limit Unsafe Agent Influence,17,Runtime control and coordination modules,5
1,Malicious misuse of frontier AI for large-scale harm,8,exposing hidden model cognition through mechanistic analysis,25,Explainable decision support with uncertainty and counterfactuals,5
1,Malicious misuse of frontier AI for large-scale harm,1,Systematic Identification of Hidden Model Vulnerabilities,15,Pre-deployment mechanistic interpretability audits,5
0,Out-of-distribution generalization failure,14,Alignment via human preference propagation,24,RLHF fine-tuning for aligned language models,5
35,Advanced AI value misalignment risk,10,Preservation of Attainable Utility to Limit Unsafe Agent Influence,17,Runtime control and coordination modules,5
33,AI-driven personal data privacy breaches,2,Robust feature alignment through adversarial optimization,6,PGD Adversarial Training for Robust Fine-Tuning,5
35,Advanced AI value misalignment risk,5,Enhanced model transparency enabling proactive vulnerability detection,4,Pre-deployment safety gates and controlled release,5
20,Deceptive alignment and hidden objectives,8,exposing hidden model cognition through mechanistic analysis,25,Explainable decision support with uncertainty and counterfactuals,5
17,Adversarial Image Classification Misclassification,12,Scaling AI Safety Research Capacity and Awareness,10,Governed AI oversight and compliance regimes,5
18,Catastrophic Superintelligent AI Misalignment,12,Scaling AI Safety Research Capacity and Awareness,1,Continuous anomaly monitoring and safety tripwires,5
19,Misaligned AI takeover and human disempowerment,2,Robust feature alignment through adversarial optimization,21,Formal Verification for Pre-Deployment AI Safety,5
19,Misaligned AI takeover and human disempowerment,10,Preservation of Attainable Utility to Limit Unsafe Agent Influence,32,Attainable Utility Preservation reward penalty,5
19,Misaligned AI takeover and human disempowerment,14,Alignment via human preference propagation,24,RLHF fine-tuning for aligned language models,5
20,Deceptive alignment and hidden objectives,1,Systematic Identification of Hidden Model Vulnerabilities,5,Pre-deployment adversarial red-teaming and robustness testing,5
20,Deceptive alignment and hidden objectives,2,Robust feature alignment through adversarial optimization,26,Reward-guided RL fine-tuning with safety constraints,5
20,Deceptive alignment and hidden objectives,4,Aligned internal reasoning and goal representation,35,Human-preference reward model fine-tuning,5
20,Deceptive alignment and hidden objectives,5,Enhanced model transparency enabling proactive vulnerability detection,5,Pre-deployment adversarial red-teaming and robustness testing,5
26,Misaligned AGI existential catastrophe,6,Detection and mitigation of emergent harmful capabilities,5,Pre-deployment adversarial red-teaming and robustness testing,5
20,Deceptive alignment and hidden objectives,8,exposing hidden model cognition through mechanistic analysis,17,Runtime control and coordination modules,5
20,Deceptive alignment and hidden objectives,8,exposing hidden model cognition through mechanistic analysis,37,ROME-based factual knowledge editing,5
26,Misaligned AGI existential catastrophe,14,Alignment via human preference propagation,18,Critique-guided fine-tuning and human feedback,5
20,Deceptive alignment and hidden objectives,10,Preservation of Attainable Utility to Limit Unsafe Agent Influence,17,Runtime control and coordination modules,5
20,Deceptive alignment and hidden objectives,10,Preservation of Attainable Utility to Limit Unsafe Agent Influence,23,Human-aware predictive robot control and safety planning,5
20,Deceptive alignment and hidden objectives,12,Scaling AI Safety Research Capacity and Awareness,1,Continuous anomaly monitoring and safety tripwires,5
20,Deceptive alignment and hidden objectives,12,Scaling AI Safety Research Capacity and Awareness,38,Incentivized AI forecasting and prediction systems,5
20,Deceptive alignment and hidden objectives,14,Alignment via human preference propagation,18,Critique-guided fine-tuning and human feedback,5
20,Deceptive alignment and hidden objectives,14,Alignment via human preference propagation,27,KL-Regularized RLHF Fine-Tuning,5
20,Deceptive alignment and hidden objectives,17,alignment of learned reward signals with human intent,19,Demonstration-Based Policy Pretraining,5
20,Deceptive alignment and hidden objectives,17,alignment of learned reward signals with human intent,35,Human-preference reward model fine-tuning,5
22,Deceptive and Harmful Language Model Outputs,5,Enhanced model transparency enabling proactive vulnerability detection,6,PGD Adversarial Training for Robust Fine-Tuning,5
22,Deceptive and Harmful Language Model Outputs,5,Enhanced model transparency enabling proactive vulnerability detection,18,Critique-guided fine-tuning and human feedback,5
24,Objective Misspecification and Misaligned Optimization,14,Alignment via human preference propagation,24,RLHF fine-tuning for aligned language models,5
16,Insufficient AI safety research capacity,2,Robust feature alignment through adversarial optimization,22,Deployment-time confidence filtering and rejection sampling,5
15,Opaque AI decision-making undermines oversight and safety,8,exposing hidden model cognition through mechanistic analysis,25,Explainable decision support with uncertainty and counterfactuals,5
9,Deployed AI Misalignment Causes Societal Harm,15,Detection and mitigation of reward mis-specification effects,24,RLHF fine-tuning for aligned language models,5
11,Misforecasted AI Timelines Undermining Safety Preparedness,12,Scaling AI Safety Research Capacity and Awareness,38,Incentivized AI forecasting and prediction systems,5
35,Advanced AI value misalignment risk,2,Robust feature alignment through adversarial optimization,5,Pre-deployment adversarial red-teaming and robustness testing,5
9,Deployed AI Misalignment Causes Societal Harm,17,alignment of learned reward signals with human intent,23,Human-aware predictive robot control and safety planning,5
34,Instrumental power-seeking by advanced AI agents,15,Detection and mitigation of reward mis-specification effects,5,Pre-deployment adversarial red-teaming and robustness testing,5
34,Instrumental power-seeking by advanced AI agents,14,Alignment via human preference propagation,35,Human-preference reward model fine-tuning,5
34,Instrumental power-seeking by advanced AI agents,12,Scaling AI Safety Research Capacity and Awareness,10,Governed AI oversight and compliance regimes,5
33,AI-driven personal data privacy breaches,14,Alignment via human preference propagation,24,RLHF fine-tuning for aligned language models,5
33,AI-driven personal data privacy breaches,5,Enhanced model transparency enabling proactive vulnerability detection,22,Deployment-time confidence filtering and rejection sampling,5
33,AI-driven personal data privacy breaches,5,Enhanced model transparency enabling proactive vulnerability detection,18,Critique-guided fine-tuning and human feedback,5
33,AI-driven personal data privacy breaches,5,Enhanced model transparency enabling proactive vulnerability detection,5,Pre-deployment adversarial red-teaming and robustness testing,5
25,Misaligned Superintelligent AI Existential Risk,4,Aligned internal reasoning and goal representation,5,Pre-deployment adversarial red-teaming and robustness testing,5
31,Undetected unsafe behavior in deployed AI systems,12,Scaling AI Safety Research Capacity and Awareness,8,Expand AI Safety Research Funding and Capacity,5
30,Existential catastrophe and human extinction risks,12,Scaling AI Safety Research Capacity and Awareness,4,Pre-deployment safety gates and controlled release,5
26,Misaligned AGI existential catastrophe,14,Alignment via human preference propagation,27,KL-Regularized RLHF Fine-Tuning,5
11,Misforecasted AI Timelines Undermining Safety Preparedness,18,Improved calibration of AI progress forecasts,11,Public AI risk outreach and educational dissemination,5
12,Catastrophic risks from misaligned advanced AI,2,Robust feature alignment through adversarial optimization,18,Critique-guided fine-tuning and human feedback,5
28,Algorithmic discrimination in high-stakes decisions,5,Enhanced model transparency enabling proactive vulnerability detection,12,Pre-deployment bias auditing and fairness mitigation,5
28,Algorithmic discrimination in high-stakes decisions,2,Robust feature alignment through adversarial optimization,6,PGD Adversarial Training for Robust Fine-Tuning,5
26,Misaligned AGI existential catastrophe,16,Robust policy optimization under reward uncertainty,26,Reward-guided RL fine-tuning with safety constraints,5
14,Unsafe AI Decisions in High-Stakes Settings,2,Robust feature alignment through adversarial optimization,5,Pre-deployment adversarial red-teaming and robustness testing,5
14,Unsafe AI Decisions in High-Stakes Settings,2,Robust feature alignment through adversarial optimization,6,PGD Adversarial Training for Robust Fine-Tuning,5
14,Unsafe AI Decisions in High-Stakes Settings,2,Robust feature alignment through adversarial optimization,22,Deployment-time confidence filtering and rejection sampling,5
14,Unsafe AI Decisions in High-Stakes Settings,8,exposing hidden model cognition through mechanistic analysis,25,Explainable decision support with uncertainty and counterfactuals,5
14,Unsafe AI Decisions in High-Stakes Settings,14,Alignment via human preference propagation,24,RLHF fine-tuning for aligned language models,5
14,Unsafe AI Decisions in High-Stakes Settings,16,Robust policy optimization under reward uncertainty,2,MCTS-Guided RL Planning and Training,5
0,Out-of-distribution generalization failure,1,Systematic Identification of Hidden Model Vulnerabilities,5,Pre-deployment adversarial red-teaming and robustness testing,5
