risk_cid,bfamily_id,n_paths_r2c,interv_cid,n_paths_c2i,n_triplet_paths,risk_name,chain_name,interv_name
10,0,2487,8,6678,2487,Existential catastrophe from misaligned AI,Funding and training to build AI safety capacity,Expand AI Safety Research Funding and Capacity
25,0,1153,8,6678,1153,Misaligned Superintelligent AI Existential Risk,Funding and training to build AI safety capacity,Expand AI Safety Research Funding and Capacity
21,0,1027,8,6678,1027,Catastrophic AI misalignment and loss of control,Funding and training to build AI safety capacity,Expand AI Safety Research Funding and Capacity
26,0,810,8,6678,810,Misaligned AGI existential catastrophe,Funding and training to build AI safety capacity,Expand AI Safety Research Funding and Capacity
10,1,644,8,1372,644,Existential catastrophe from misaligned AI,Funding and consensus-building for AI safety capacity,Expand AI Safety Research Funding and Capacity
16,0,598,8,6678,598,Insufficient AI safety research capacity,Funding and training to build AI safety capacity,Expand AI Safety Research Funding and Capacity
10,2,358,8,1210,358,Existential catastrophe from misaligned AI,AI safety research funding and capacity building,Expand AI Safety Research Funding and Capacity
10,5,333,24,855,333,Existential catastrophe from misaligned AI,Human feedback loops for objective alignment,RLHF fine-tuning for aligned language models
10,3,315,19,600,315,Existential catastrophe from misaligned AI,Robust reward learning and specification gaming,Demonstration-Based Policy Pretraining
26,1,302,8,1372,302,Misaligned AGI existential catastrophe,Funding and consensus-building for AI safety capacity,Expand AI Safety Research Funding and Capacity
10,3,315,5,300,300,Existential catastrophe from misaligned AI,Robust reward learning and specification gaming,Pre-deployment adversarial red-teaming and robustness testing
26,5,286,24,855,286,Misaligned AGI existential catastrophe,Human feedback loops for objective alignment,RLHF fine-tuning for aligned language models
10,1,644,11,277,277,Existential catastrophe from misaligned AI,Funding and consensus-building for AI safety capacity,Public AI risk outreach and educational dissemination
26,1,302,11,277,277,Misaligned AGI existential catastrophe,Funding and consensus-building for AI safety capacity,Public AI risk outreach and educational dissemination
10,4,276,4,894,276,Existential catastrophe from misaligned AI,Corrigible transparency and secure oversight mechanisms,Pre-deployment safety gates and controlled release
10,6,265,6,662,265,Existential catastrophe from misaligned AI,Adversarial robustness through PGD training,PGD Adversarial Training for Robust Fine-Tuning
16,0,598,11,264,264,Insufficient AI safety research capacity,Funding and training to build AI safety capacity,Public AI risk outreach and educational dissemination
10,0,2487,11,264,264,Existential catastrophe from misaligned AI,Funding and training to build AI safety capacity,Public AI risk outreach and educational dissemination
26,0,810,11,264,264,Misaligned AGI existential catastrophe,Funding and training to build AI safety capacity,Public AI risk outreach and educational dissemination
21,0,1027,11,264,264,Catastrophic AI misalignment and loss of control,Funding and training to build AI safety capacity,Public AI risk outreach and educational dissemination
25,0,1153,11,264,264,Misaligned Superintelligent AI Existential Risk,Funding and training to build AI safety capacity,Public AI risk outreach and educational dissemination
25,1,240,8,1372,240,Misaligned Superintelligent AI Existential Risk,Funding and consensus-building for AI safety capacity,Expand AI Safety Research Funding and Capacity
25,1,240,11,277,240,Misaligned Superintelligent AI Existential Risk,Funding and consensus-building for AI safety capacity,Public AI risk outreach and educational dissemination
10,29,224,8,320,224,Existential catastrophe from misaligned AI,Elite-triggered global AI governance coordination,Expand AI Safety Research Funding and Capacity
25,13,223,8,403,223,Misaligned Superintelligent AI Existential Risk,Grant-driven expansion of AI safety research,Expand AI Safety Research Funding and Capacity
10,8,221,11,362,221,Existential catastrophe from misaligned AI,Grant-funded AI safety talent pipeline,Public AI risk outreach and educational dissemination
10,8,221,8,316,221,Existential catastrophe from misaligned AI,Grant-funded AI safety talent pipeline,Expand AI Safety Research Funding and Capacity
26,2,221,8,1210,221,Misaligned AGI existential catastrophe,AI safety research funding and capacity building,Expand AI Safety Research Funding and Capacity
25,2,218,8,1210,218,Misaligned Superintelligent AI Existential Risk,AI safety research funding and capacity building,Expand AI Safety Research Funding and Capacity
21,1,213,8,1372,213,Catastrophic AI misalignment and loss of control,Funding and consensus-building for AI safety capacity,Expand AI Safety Research Funding and Capacity
21,1,213,11,277,213,Catastrophic AI misalignment and loss of control,Funding and consensus-building for AI safety capacity,Public AI risk outreach and educational dissemination
38,0,209,8,6678,209,Catastrophic AGI Misalignment Risk,Funding and training to build AI safety capacity,Expand AI Safety Research Funding and Capacity
38,0,209,11,264,209,Catastrophic AGI Misalignment Risk,Funding and training to build AI safety capacity,Public AI risk outreach and educational dissemination
21,3,201,5,300,201,Catastrophic AI misalignment and loss of control,Robust reward learning and specification gaming,Pre-deployment adversarial red-teaming and robustness testing
21,3,201,19,600,201,Catastrophic AI misalignment and loss of control,Robust reward learning and specification gaming,Demonstration-Based Policy Pretraining
26,8,194,11,362,194,Misaligned AGI existential catastrophe,Grant-funded AI safety talent pipeline,Public AI risk outreach and educational dissemination
26,8,194,8,316,194,Misaligned AGI existential catastrophe,Grant-funded AI safety talent pipeline,Expand AI Safety Research Funding and Capacity
10,20,190,35,360,190,Existential catastrophe from misaligned AI,Human-feedback alignment and goal specification,Human-preference reward model fine-tuning
10,9,182,8,538,182,Existential catastrophe from misaligned AI,AI safety capacity building via funding and fellowships,Expand AI Safety Research Funding and Capacity
25,19,181,35,377,181,Misaligned Superintelligent AI Existential Risk,Human feedback reward-model alignment,Human-preference reward model fine-tuning
10,7,179,8,729,179,Existential catastrophe from misaligned AI,Expanding AI safety research and implementation capacity,Expand AI Safety Research Funding and Capacity
26,21,164,5,175,164,Misaligned AGI existential catastrophe,Preventing reward hacking through robust evaluation,Pre-deployment adversarial red-teaming and robustness testing
26,21,164,35,175,164,Misaligned AGI existential catastrophe,Preventing reward hacking through robust evaluation,Human-preference reward model fine-tuning
6,36,163,8,265,163,Reward Misspecification and Reward Hacking,Funding and capacity-building for AI safety research,Expand AI Safety Research Funding and Capacity
10,18,162,35,190,162,Existential catastrophe from misaligned AI,Human feedback reward-model alignment learning,Human-preference reward model fine-tuning
10,18,162,24,189,162,Existential catastrophe from misaligned AI,Human feedback reward-model alignment learning,RLHF fine-tuning for aligned language models
25,4,160,4,894,160,Misaligned Superintelligent AI Existential Risk,Corrigible transparency and secure oversight mechanisms,Pre-deployment safety gates and controlled release
25,5,158,24,855,158,Misaligned Superintelligent AI Existential Risk,Human feedback loops for objective alignment,RLHF fine-tuning for aligned language models
26,15,156,39,394,156,Misaligned AGI existential catastrophe,Compute chokepoints enabling scalable governance,Export controls on advanced AI hardware
25,8,154,11,362,154,Misaligned Superintelligent AI Existential Risk,Grant-funded AI safety talent pipeline,Public AI risk outreach and educational dissemination
25,8,154,8,316,154,Misaligned Superintelligent AI Existential Risk,Grant-funded AI safety talent pipeline,Expand AI Safety Research Funding and Capacity
10,11,150,33,222,150,Existential catastrophe from misaligned AI,Behavior shaping via reflective alignment prompting,Deployment-time prompt engineering for aligned behavior
10,11,150,27,222,150,Existential catastrophe from misaligned AI,Behavior shaping via reflective alignment prompting,KL-Regularized RLHF Fine-Tuning
16,10,147,8,517,147,Insufficient AI safety research capacity,Funding-driven growth of AI safety research capacity,Expand AI Safety Research Funding and Capacity
25,11,146,33,222,146,Misaligned Superintelligent AI Existential Risk,Behavior shaping via reflective alignment prompting,Deployment-time prompt engineering for aligned behavior
21,7,146,8,729,146,Catastrophic AI misalignment and loss of control,Expanding AI safety research and implementation capacity,Expand AI Safety Research Funding and Capacity
25,11,146,27,222,146,Misaligned Superintelligent AI Existential Risk,Behavior shaping via reflective alignment prompting,KL-Regularized RLHF Fine-Tuning
26,30,144,8,149,144,Misaligned AGI existential catastrophe,Expanding alignment research capacity and skill,Expand AI Safety Research Funding and Capacity
2,52,144,8,215,144,AI arms race causing unsafe deployment,,Expand AI Safety Research Funding and Capacity
26,30,144,11,149,144,Misaligned AGI existential catastrophe,Expanding alignment research capacity and skill,Public AI risk outreach and educational dissemination
21,14,142,8,399,142,Catastrophic AI misalignment and loss of control,Capacity-building through funded safety talent and oversight,Expand AI Safety Research Funding and Capacity
21,2,138,8,1210,138,Catastrophic AI misalignment and loss of control,AI safety research funding and capacity building,Expand AI Safety Research Funding and Capacity
10,15,138,39,394,138,Existential catastrophe from misaligned AI,Compute chokepoints enabling scalable governance,Export controls on advanced AI hardware
26,4,136,4,894,136,Misaligned AGI existential catastrophe,Corrigible transparency and secure oversight mechanisms,Pre-deployment safety gates and controlled release
10,39,133,8,263,133,Existential catastrophe from misaligned AI,Risk forecasting drives elite cost-benefit action,Expand AI Safety Research Funding and Capacity
26,7,131,8,729,131,Misaligned AGI existential catastrophe,Expanding AI safety research and implementation capacity,Expand AI Safety Research Funding and Capacity
25,18,130,24,189,130,Misaligned Superintelligent AI Existential Risk,Human feedback reward-model alignment learning,RLHF fine-tuning for aligned language models
25,18,130,35,190,130,Misaligned Superintelligent AI Existential Risk,Human feedback reward-model alignment learning,Human-preference reward model fine-tuning
25,10,129,8,517,129,Misaligned Superintelligent AI Existential Risk,Funding-driven growth of AI safety research capacity,Expand AI Safety Research Funding and Capacity
10,12,128,8,429,128,Existential catastrophe from misaligned AI,Building AI safety capacity through funded training,Expand AI Safety Research Funding and Capacity
10,53,128,8,220,128,Existential catastrophe from misaligned AI,,Expand AI Safety Research Funding and Capacity
16,2,127,8,1210,127,Insufficient AI safety research capacity,AI safety research funding and capacity building,Expand AI Safety Research Funding and Capacity
10,24,127,6,255,127,Existential catastrophe from misaligned AI,Adversarial robustness training via optimized perturbations,PGD Adversarial Training for Robust Fine-Tuning
10,40,126,11,260,126,Existential catastrophe from misaligned AI,,Public AI risk outreach and educational dissemination
10,16,125,17,391,125,Existential catastrophe from misaligned AI,Utility-shaping and power-seeking mitigation mechanisms,Runtime control and coordination modules
18,0,125,8,6678,125,Catastrophic Superintelligent AI Misalignment,Funding and training to build AI safety capacity,Expand AI Safety Research Funding and Capacity
18,0,125,11,264,125,Catastrophic Superintelligent AI Misalignment,Funding and training to build AI safety capacity,Public AI risk outreach and educational dissemination
20,76,125,8,168,125,Deceptive alignment and hidden objectives,,Expand AI Safety Research Funding and Capacity
25,48,124,35,229,124,Misaligned Superintelligent AI Existential Risk,,Human-preference reward model fine-tuning
21,4,122,4,894,122,Catastrophic AI misalignment and loss of control,Corrigible transparency and secure oversight mechanisms,Pre-deployment safety gates and controlled release
10,26,120,8,323,120,Existential catastrophe from misaligned AI,Funding-driven expansion of AI safety capacity,Expand AI Safety Research Funding and Capacity
10,37,120,1,265,120,Existential catastrophe from misaligned AI,Governance-enabled safety capacity escalation,Continuous anomaly monitoring and safety tripwires
10,46,119,6,163,119,Existential catastrophe from misaligned AI,,PGD Adversarial Training for Robust Fine-Tuning
6,0,117,8,6678,117,Reward Misspecification and Reward Hacking,Funding and training to build AI safety capacity,Expand AI Safety Research Funding and Capacity
6,0,117,11,264,117,Reward Misspecification and Reward Hacking,Funding and training to build AI safety capacity,Public AI risk outreach and educational dissemination
10,28,116,8,320,116,Existential catastrophe from misaligned AI,Governance capacity building via safety infrastructure,Expand AI Safety Research Funding and Capacity
10,27,116,8,320,116,Existential catastrophe from misaligned AI,Scaling safety capacity through transparent expert oversight,Expand AI Safety Research Funding and Capacity
16,117,116,6,120,116,Insufficient AI safety research capacity,,PGD Adversarial Training for Robust Fine-Tuning
10,83,115,15,162,115,Existential catastrophe from misaligned AI,,Pre-deployment mechanistic interpretability audits
10,79,115,1,166,115,Existential catastrophe from misaligned AI,,Continuous anomaly monitoring and safety tripwires
10,17,115,10,371,115,Existential catastrophe from misaligned AI,Global governance enables coordinated AI safety controls,Governed AI oversight and compliance regimes
10,82,115,1,162,115,Existential catastrophe from misaligned AI,,Continuous anomaly monitoring and safety tripwires
10,21,114,35,175,114,Existential catastrophe from misaligned AI,Preventing reward hacking through robust evaluation,Human-preference reward model fine-tuning
10,21,114,5,175,114,Existential catastrophe from misaligned AI,Preventing reward hacking through robust evaluation,Pre-deployment adversarial red-teaming and robustness testing
10,25,113,39,325,113,Existential catastrophe from misaligned AI,Compute supply chain controls for AI governance,Export controls on advanced AI hardware
10,14,112,8,399,112,Existential catastrophe from misaligned AI,Capacity-building through funded safety talent and oversight,Expand AI Safety Research Funding and Capacity
10,32,110,26,281,110,Existential catastrophe from misaligned AI,Adversarial robustness training and optimization,Reward-guided RL fine-tuning with safety constraints
10,42,110,5,248,110,Existential catastrophe from misaligned AI,,Pre-deployment adversarial red-teaming and robustness testing
10,81,110,8,164,110,Existential catastrophe from misaligned AI,,Expand AI Safety Research Funding and Capacity
10,97,109,1,146,109,Existential catastrophe from misaligned AI,,Continuous anomaly monitoring and safety tripwires
10,38,108,4,264,108,Existential catastrophe from misaligned AI,Elite risk salience enabling safety capacity building,Pre-deployment safety gates and controlled release
26,35,108,24,271,108,Misaligned AGI existential catastrophe,Human-feedback reward modeling for alignment,RLHF fine-tuning for aligned language models
21,51,108,15,113,108,Catastrophic AI misalignment and loss of control,,Pre-deployment mechanistic interpretability audits
21,51,108,8,113,108,Catastrophic AI misalignment and loss of control,,Expand AI Safety Research Funding and Capacity
10,23,106,8,337,106,Existential catastrophe from misaligned AI,Funding and expert consensus for AI safety capacity,Expand AI Safety Research Funding and Capacity
12,6,103,6,662,103,Catastrophic risks from misaligned advanced AI,Adversarial robustness through PGD training,PGD Adversarial Training for Robust Fine-Tuning
10,60,102,15,201,102,Existential catastrophe from misaligned AI,,Pre-deployment mechanistic interpretability audits
25,7,101,8,729,101,Misaligned Superintelligent AI Existential Risk,Expanding AI safety research and implementation capacity,Expand AI Safety Research Funding and Capacity
10,22,101,26,342,101,Existential catastrophe from misaligned AI,Preference learning and reward alignment mechanisms,Reward-guided RL fine-tuning with safety constraints
10,49,101,8,228,101,Existential catastrophe from misaligned AI,,Expand AI Safety Research Funding and Capacity
26,11,100,27,222,100,Misaligned AGI existential catastrophe,Behavior shaping via reflective alignment prompting,KL-Regularized RLHF Fine-Tuning
26,11,100,33,222,100,Misaligned AGI existential catastrophe,Behavior shaping via reflective alignment prompting,Deployment-time prompt engineering for aligned behavior
10,71,100,35,178,100,Existential catastrophe from misaligned AI,,Human-preference reward model fine-tuning
10,98,96,35,146,96,Existential catastrophe from misaligned AI,,Human-preference reward model fine-tuning
10,104,96,4,135,96,Existential catastrophe from misaligned AI,,Pre-deployment safety gates and controlled release
16,1,96,11,277,96,Insufficient AI safety research capacity,Funding and consensus-building for AI safety capacity,Public AI risk outreach and educational dissemination
16,1,96,8,1372,96,Insufficient AI safety research capacity,Funding and consensus-building for AI safety capacity,Expand AI Safety Research Funding and Capacity
10,44,95,24,239,95,Existential catastrophe from misaligned AI,,RLHF fine-tuning for aligned language models
21,41,95,35,245,95,Catastrophic AI misalignment and loss of control,,Human-preference reward model fine-tuning
10,59,95,11,208,95,Existential catastrophe from misaligned AI,,Public AI risk outreach and educational dissemination
10,112,94,4,126,94,Existential catastrophe from misaligned AI,,Pre-deployment safety gates and controlled release
10,13,93,8,403,93,Existential catastrophe from misaligned AI,Grant-driven expansion of AI safety research,Expand AI Safety Research Funding and Capacity
9,10,93,8,517,93,Deployed AI Misalignment Causes Societal Harm,Funding-driven growth of AI safety research capacity,Expand AI Safety Research Funding and Capacity
10,67,92,4,184,92,Existential catastrophe from misaligned AI,,Pre-deployment safety gates and controlled release
10,19,92,35,377,92,Existential catastrophe from misaligned AI,Human feedback reward-model alignment,Human-preference reward model fine-tuning
10,43,91,39,246,91,Existential catastrophe from misaligned AI,,Export controls on advanced AI hardware
10,47,89,32,228,89,Existential catastrophe from misaligned AI,,Attainable Utility Preservation reward penalty
16,137,89,24,95,89,Insufficient AI safety research capacity,,RLHF fine-tuning for aligned language models
26,106,86,5,135,86,Misaligned AGI existential catastrophe,,Pre-deployment adversarial red-teaming and robustness testing
21,20,86,35,360,86,Catastrophic AI misalignment and loss of control,Human-feedback alignment and goal specification,Human-preference reward model fine-tuning
10,110,86,24,126,86,Existential catastrophe from misaligned AI,,RLHF fine-tuning for aligned language models
10,51,86,15,113,86,Existential catastrophe from misaligned AI,,Pre-deployment mechanistic interpretability audits
10,51,86,8,113,86,Existential catastrophe from misaligned AI,,Expand AI Safety Research Funding and Capacity
20,102,85,8,134,85,Deceptive alignment and hidden objectives,,Expand AI Safety Research Funding and Capacity
10,50,84,8,227,84,Existential catastrophe from misaligned AI,,Expand AI Safety Research Funding and Capacity
10,57,83,5,211,83,Existential catastrophe from misaligned AI,,Pre-deployment adversarial red-teaming and robustness testing
10,33,83,35,274,83,Existential catastrophe from misaligned AI,Human feedback reward modeling for alignment,Human-preference reward model fine-tuning
10,31,82,35,288,82,Existential catastrophe from misaligned AI,Human-feedback reward modeling for objective alignment,Human-preference reward model fine-tuning
26,9,82,8,538,82,Misaligned AGI existential catastrophe,AI safety capacity building via funding and fellowships,Expand AI Safety Research Funding and Capacity
10,55,82,18,141,82,Existential catastrophe from misaligned AI,,Critique-guided fine-tuning and human feedback
10,66,81,35,189,81,Existential catastrophe from misaligned AI,,Human-preference reward model fine-tuning
25,38,81,4,264,81,Misaligned Superintelligent AI Existential Risk,Elite risk salience enabling safety capacity building,Pre-deployment safety gates and controlled release
26,88,81,24,157,81,Misaligned AGI existential catastrophe,,RLHF fine-tuning for aligned language models
10,56,80,31,213,80,Existential catastrophe from misaligned AI,,Human-AI collaboration tools for skill building
25,65,79,32,191,79,Misaligned Superintelligent AI Existential Risk,,Attainable Utility Preservation reward penalty
26,31,79,35,288,79,Misaligned AGI existential catastrophe,Human-feedback reward modeling for objective alignment,Human-preference reward model fine-tuning
26,17,79,10,371,79,Misaligned AGI existential catastrophe,Global governance enables coordinated AI safety controls,Governed AI oversight and compliance regimes
26,95,79,4,148,79,Misaligned AGI existential catastrophe,,Pre-deployment safety gates and controlled release
10,69,79,24,180,79,Existential catastrophe from misaligned AI,,RLHF fine-tuning for aligned language models
25,64,79,8,193,79,Misaligned Superintelligent AI Existential Risk,,Expand AI Safety Research Funding and Capacity
10,48,79,35,229,79,Existential catastrophe from misaligned AI,,Human-preference reward model fine-tuning
35,160,78,24,78,78,Advanced AI value misalignment risk,,RLHF fine-tuning for aligned language models
25,91,78,8,150,78,Misaligned Superintelligent AI Existential Risk,,Expand AI Safety Research Funding and Capacity
10,75,78,8,174,78,Existential catastrophe from misaligned AI,,Expand AI Safety Research Funding and Capacity
26,3,78,5,300,78,Misaligned AGI existential catastrophe,Robust reward learning and specification gaming,Pre-deployment adversarial red-teaming and robustness testing
26,3,78,19,600,78,Misaligned AGI existential catastrophe,Robust reward learning and specification gaming,Demonstration-Based Policy Pretraining
21,9,78,8,538,78,Catastrophic AI misalignment and loss of control,AI safety capacity building via funding and fellowships,Expand AI Safety Research Funding and Capacity
26,62,78,39,197,78,Misaligned AGI existential catastrophe,,Export controls on advanced AI hardware
10,126,77,5,110,77,Existential catastrophe from misaligned AI,,Pre-deployment adversarial red-teaming and robustness testing
25,47,77,32,228,77,Misaligned Superintelligent AI Existential Risk,,Attainable Utility Preservation reward penalty
17,6,77,6,662,77,Adversarial Image Classification Misclassification,Adversarial robustness through PGD training,PGD Adversarial Training for Robust Fine-Tuning
25,58,77,10,211,77,Misaligned Superintelligent AI Existential Risk,,Governed AI oversight and compliance regimes
10,10,76,8,517,76,Existential catastrophe from misaligned AI,Funding-driven growth of AI safety research capacity,Expand AI Safety Research Funding and Capacity
26,74,75,29,175,75,Misaligned AGI existential catastrophe,,"Neuroscience validation platforms for cognition, emulation, and alignment research"
21,12,75,8,429,75,Catastrophic AI misalignment and loss of control,Building AI safety capacity through funded training,Expand AI Safety Research Funding and Capacity
25,33,75,35,274,75,Misaligned Superintelligent AI Existential Risk,Human feedback reward modeling for alignment,Human-preference reward model fine-tuning
26,73,75,29,175,75,Misaligned AGI existential catastrophe,,"Neuroscience validation platforms for cognition, emulation, and alignment research"
10,45,75,11,232,75,Existential catastrophe from misaligned AI,,Public AI risk outreach and educational dissemination
25,23,75,8,337,75,Misaligned Superintelligent AI Existential Risk,Funding and expert consensus for AI safety capacity,Expand AI Safety Research Funding and Capacity
25,12,75,8,429,75,Misaligned Superintelligent AI Existential Risk,Building AI safety capacity through funded training,Expand AI Safety Research Funding and Capacity
16,154,74,4,82,74,Insufficient AI safety research capacity,,Pre-deployment safety gates and controlled release
10,6,265,5,74,74,Existential catastrophe from misaligned AI,Adversarial robustness through PGD training,Pre-deployment adversarial red-teaming and robustness testing
17,6,77,5,74,74,Adversarial Image Classification Misclassification,Adversarial robustness through PGD training,Pre-deployment adversarial red-teaming and robustness testing
12,6,103,5,74,74,Catastrophic risks from misaligned advanced AI,Adversarial robustness through PGD training,Pre-deployment adversarial red-teaming and robustness testing
26,57,74,5,211,74,Misaligned AGI existential catastrophe,,Pre-deployment adversarial red-teaming and robustness testing
10,64,74,8,193,74,Existential catastrophe from misaligned AI,,Expand AI Safety Research Funding and Capacity
26,34,74,15,270,74,Misaligned AGI existential catastrophe,Mechanistic interpretability for hidden model cognition,Pre-deployment mechanistic interpretability audits
26,44,73,24,239,73,Misaligned AGI existential catastrophe,,RLHF fine-tuning for aligned language models
10,68,73,5,182,73,Existential catastrophe from misaligned AI,,Pre-deployment adversarial red-teaming and robustness testing
10,24,127,5,73,73,Existential catastrophe from misaligned AI,Adversarial robustness training via optimized perturbations,Pre-deployment adversarial red-teaming and robustness testing
26,127,73,4,107,73,Misaligned AGI existential catastrophe,,Pre-deployment safety gates and controlled release
26,93,72,8,149,72,Misaligned AGI existential catastrophe,,Expand AI Safety Research Funding and Capacity
21,63,72,8,194,72,Catastrophic AI misalignment and loss of control,,Expand AI Safety Research Funding and Capacity
21,94,72,19,148,72,Catastrophic AI misalignment and loss of control,,Demonstration-Based Policy Pretraining
26,99,72,8,145,72,Misaligned AGI existential catastrophe,,Expand AI Safety Research Funding and Capacity
25,139,72,4,93,72,Misaligned Superintelligent AI Existential Risk,,Pre-deployment safety gates and controlled release
21,17,71,10,371,71,Catastrophic AI misalignment and loss of control,Global governance enables coordinated AI safety controls,Governed AI oversight and compliance regimes
10,90,71,24,153,71,Existential catastrophe from misaligned AI,,RLHF fine-tuning for aligned language models
16,161,71,10,75,71,Insufficient AI safety research capacity,,Governed AI oversight and compliance regimes
25,16,71,17,391,71,Misaligned Superintelligent AI Existential Risk,Utility-shaping and power-seeking mitigation mechanisms,Runtime control and coordination modules
21,87,70,27,157,70,Catastrophic AI misalignment and loss of control,,KL-Regularized RLHF Fine-Tuning
25,54,70,8,217,70,Misaligned Superintelligent AI Existential Risk,,Expand AI Safety Research Funding and Capacity
21,96,70,23,147,70,Catastrophic AI misalignment and loss of control,,Human-aware predictive robot control and safety planning
10,55,82,35,70,70,Existential catastrophe from misaligned AI,,Human-preference reward model fine-tuning
21,85,70,4,159,70,Catastrophic AI misalignment and loss of control,,Pre-deployment safety gates and controlled release
20,0,70,11,264,70,Deceptive alignment and hidden objectives,Funding and training to build AI safety capacity,Public AI risk outreach and educational dissemination
20,0,70,8,6678,70,Deceptive alignment and hidden objectives,Funding and training to build AI safety capacity,Expand AI Safety Research Funding and Capacity
25,56,69,31,213,69,Misaligned Superintelligent AI Existential Risk,,Human-AI collaboration tools for skill building
26,77,69,8,172,69,Misaligned AGI existential catastrophe,,Expand AI Safety Research Funding and Capacity
25,45,69,11,232,69,Misaligned Superintelligent AI Existential Risk,,Public AI risk outreach and educational dissemination
10,62,69,39,197,69,Existential catastrophe from misaligned AI,,Export controls on advanced AI hardware
25,31,68,35,288,68,Misaligned Superintelligent AI Existential Risk,Human-feedback reward modeling for objective alignment,Human-preference reward model fine-tuning
26,105,68,8,135,68,Misaligned AGI existential catastrophe,,Expand AI Safety Research Funding and Capacity
16,130,90,19,68,68,Insufficient AI safety research capacity,,Demonstration-Based Policy Pretraining
25,24,67,6,255,67,Misaligned Superintelligent AI Existential Risk,Adversarial robustness training via optimized perturbations,PGD Adversarial Training for Robust Fine-Tuning
21,6,67,5,74,67,Catastrophic AI misalignment and loss of control,Adversarial robustness through PGD training,Pre-deployment adversarial red-teaming and robustness testing
21,6,67,6,662,67,Catastrophic AI misalignment and loss of control,Adversarial robustness through PGD training,PGD Adversarial Training for Robust Fine-Tuning
25,24,67,5,73,67,Misaligned Superintelligent AI Existential Risk,Adversarial robustness training via optimized perturbations,Pre-deployment adversarial red-teaming and robustness testing
25,32,67,26,281,67,Misaligned Superintelligent AI Existential Risk,Adversarial robustness training and optimization,Reward-guided RL fine-tuning with safety constraints
26,149,67,35,69,67,Misaligned AGI existential catastrophe,,Human-preference reward model fine-tuning
21,34,67,15,270,67,Catastrophic AI misalignment and loss of control,Mechanistic interpretability for hidden model cognition,Pre-deployment mechanistic interpretability audits
21,22,67,26,342,67,Catastrophic AI misalignment and loss of control,Preference learning and reward alignment mechanisms,Reward-guided RL fine-tuning with safety constraints
10,46,119,5,67,67,Existential catastrophe from misaligned AI,,Pre-deployment adversarial red-teaming and robustness testing
21,80,67,35,165,67,Catastrophic AI misalignment and loss of control,,Human-preference reward model fine-tuning
25,89,67,11,155,67,Misaligned Superintelligent AI Existential Risk,,Public AI risk outreach and educational dissemination
26,33,67,35,274,67,Misaligned AGI existential catastrophe,Human feedback reward modeling for alignment,Human-preference reward model fine-tuning
25,50,66,8,227,66,Misaligned Superintelligent AI Existential Risk,,Expand AI Safety Research Funding and Capacity
25,60,66,15,201,66,Misaligned Superintelligent AI Existential Risk,,Pre-deployment mechanistic interpretability audits
7,3,66,19,600,66,Human extinction from misaligned superintelligent AI,Robust reward learning and specification gaming,Demonstration-Based Policy Pretraining
16,9,66,8,538,66,Insufficient AI safety research capacity,AI safety capacity building via funding and fellowships,Expand AI Safety Research Funding and Capacity
26,69,66,24,180,66,Misaligned AGI existential catastrophe,,RLHF fine-tuning for aligned language models
21,135,66,38,98,66,Catastrophic AI misalignment and loss of control,,Incentivized AI forecasting and prediction systems
21,100,66,5,144,66,Catastrophic AI misalignment and loss of control,,Pre-deployment adversarial red-teaming and robustness testing
26,16,66,17,391,66,Misaligned AGI existential catastrophe,Utility-shaping and power-seeking mitigation mechanisms,Runtime control and coordination modules
7,3,66,5,300,66,Human extinction from misaligned superintelligent AI,Robust reward learning and specification gaming,Pre-deployment adversarial red-teaming and robustness testing
25,103,66,8,138,66,Misaligned Superintelligent AI Existential Risk,,Expand AI Safety Research Funding and Capacity
16,128,65,8,97,65,Insufficient AI safety research capacity,,Expand AI Safety Research Funding and Capacity
10,89,65,11,155,65,Existential catastrophe from misaligned AI,,Public AI risk outreach and educational dissemination
10,86,65,24,157,65,Existential catastrophe from misaligned AI,,RLHF fine-tuning for aligned language models
25,66,65,35,189,65,Misaligned Superintelligent AI Existential Risk,,Human-preference reward model fine-tuning
26,101,65,35,129,65,Misaligned AGI existential catastrophe,,Human-preference reward model fine-tuning
21,26,64,8,323,64,Catastrophic AI misalignment and loss of control,Funding-driven expansion of AI safety capacity,Expand AI Safety Research Funding and Capacity
21,68,64,5,182,64,Catastrophic AI misalignment and loss of control,,Pre-deployment adversarial red-teaming and robustness testing
21,72,64,5,177,64,Catastrophic AI misalignment and loss of control,,Pre-deployment adversarial red-teaming and robustness testing
10,54,63,8,217,63,Existential catastrophe from misaligned AI,,Expand AI Safety Research Funding and Capacity
21,121,63,25,115,63,Catastrophic AI misalignment and loss of control,,Explainable decision support with uncertainty and counterfactuals
26,116,63,38,122,63,Misaligned AGI existential catastrophe,,Incentivized AI forecasting and prediction systems
21,92,63,35,150,63,Catastrophic AI misalignment and loss of control,,Human-preference reward model fine-tuning
10,30,62,11,149,62,Existential catastrophe from misaligned AI,Expanding alignment research capacity and skill,Public AI risk outreach and educational dissemination
16,178,62,35,64,62,Insufficient AI safety research capacity,,Human-preference reward model fine-tuning
21,107,62,6,128,62,Catastrophic AI misalignment and loss of control,,PGD Adversarial Training for Robust Fine-Tuning
10,58,62,10,211,62,Existential catastrophe from misaligned AI,,Governed AI oversight and compliance regimes
26,133,62,5,100,62,Misaligned AGI existential catastrophe,,Pre-deployment adversarial red-teaming and robustness testing
10,30,62,8,149,62,Existential catastrophe from misaligned AI,Expanding alignment research capacity and skill,Expand AI Safety Research Funding and Capacity
21,114,76,35,62,62,Catastrophic AI misalignment and loss of control,,Human-preference reward model fine-tuning
21,114,76,13,62,62,Catastrophic AI misalignment and loss of control,,Multi-objective recommender ranking with safety penalties
9,70,61,8,172,61,Deployed AI Misalignment Causes Societal Harm,,Expand AI Safety Research Funding and Capacity
26,78,61,11,169,61,Misaligned AGI existential catastrophe,,Public AI risk outreach and educational dissemination
21,129,61,32,104,61,Catastrophic AI misalignment and loss of control,,Attainable Utility Preservation reward penalty
12,0,61,8,6678,61,Catastrophic risks from misaligned advanced AI,Funding and training to build AI safety capacity,Expand AI Safety Research Funding and Capacity
12,0,61,11,264,61,Catastrophic risks from misaligned advanced AI,Funding and training to build AI safety capacity,Public AI risk outreach and educational dissemination
10,72,61,5,177,61,Existential catastrophe from misaligned AI,,Pre-deployment adversarial red-teaming and robustness testing
21,16,61,17,391,61,Catastrophic AI misalignment and loss of control,Utility-shaping and power-seeking mitigation mechanisms,Runtime control and coordination modules
10,143,60,6,90,60,Existential catastrophe from misaligned AI,,PGD Adversarial Training for Robust Fine-Tuning
16,184,60,35,62,60,Insufficient AI safety research capacity,,Human-preference reward model fine-tuning
10,138,60,15,93,60,Existential catastrophe from misaligned AI,,Pre-deployment mechanistic interpretability audits
26,12,60,8,429,60,Misaligned AGI existential catastrophe,Building AI safety capacity through funded training,Expand AI Safety Research Funding and Capacity
12,108,60,8,128,60,Catastrophic risks from misaligned advanced AI,,Expand AI Safety Research Funding and Capacity
12,120,60,8,116,60,Catastrophic risks from misaligned advanced AI,,Expand AI Safety Research Funding and Capacity
16,177,59,35,66,59,Insufficient AI safety research capacity,,Human-preference reward model fine-tuning
38,2,59,8,1210,59,Catastrophic AGI Misalignment Risk,AI safety research funding and capacity building,Expand AI Safety Research Funding and Capacity
25,61,58,4,199,58,Misaligned Superintelligent AI Existential Risk,,Pre-deployment safety gates and controlled release
10,113,58,11,125,58,Existential catastrophe from misaligned AI,,Public AI risk outreach and educational dissemination
25,134,58,17,98,58,Misaligned Superintelligent AI Existential Risk,,Runtime control and coordination modules
26,43,58,39,246,58,Misaligned AGI existential catastrophe,,Export controls on advanced AI hardware
21,151,58,10,83,58,Catastrophic AI misalignment and loss of control,,Governed AI oversight and compliance regimes
25,22,58,26,342,58,Misaligned Superintelligent AI Existential Risk,Preference learning and reward alignment mechanisms,Reward-guided RL fine-tuning with safety constraints
26,26,58,8,323,58,Misaligned AGI existential catastrophe,Funding-driven expansion of AI safety capacity,Expand AI Safety Research Funding and Capacity
7,4,58,4,894,58,Human extinction from misaligned superintelligent AI,Corrigible transparency and secure oversight mechanisms,Pre-deployment safety gates and controlled release
21,163,57,5,76,57,Catastrophic AI misalignment and loss of control,,Pre-deployment adversarial red-teaming and robustness testing
25,3,57,19,600,57,Misaligned Superintelligent AI Existential Risk,Robust reward learning and specification gaming,Demonstration-Based Policy Pretraining
16,153,57,8,80,57,Insufficient AI safety research capacity,,Expand AI Safety Research Funding and Capacity
25,3,57,5,300,57,Misaligned Superintelligent AI Existential Risk,Robust reward learning and specification gaming,Pre-deployment adversarial red-teaming and robustness testing
16,190,56,39,58,56,Insufficient AI safety research capacity,,Export controls on advanced AI hardware
16,185,56,8,62,56,Insufficient AI safety research capacity,,Expand AI Safety Research Funding and Capacity
10,84,56,32,160,56,Existential catastrophe from misaligned AI,,Attainable Utility Preservation reward penalty
26,27,56,8,320,56,Misaligned AGI existential catastrophe,Scaling safety capacity through transparent expert oversight,Expand AI Safety Research Funding and Capacity
26,28,56,8,320,56,Misaligned AGI existential catastrophe,Governance capacity building via safety infrastructure,Expand AI Safety Research Funding and Capacity
25,90,55,24,153,55,Misaligned Superintelligent AI Existential Risk,,RLHF fine-tuning for aligned language models
26,45,55,11,232,55,Misaligned AGI existential catastrophe,,Public AI risk outreach and educational dissemination
25,28,55,8,320,55,Misaligned Superintelligent AI Existential Risk,Governance capacity building via safety infrastructure,Expand AI Safety Research Funding and Capacity
25,125,55,35,110,55,Misaligned Superintelligent AI Existential Risk,,Human-preference reward model fine-tuning
25,152,55,8,83,55,Misaligned Superintelligent AI Existential Risk,,Expand AI Safety Research Funding and Capacity
25,27,55,8,320,55,Misaligned Superintelligent AI Existential Risk,Scaling safety capacity through transparent expert oversight,Expand AI Safety Research Funding and Capacity
16,7,55,8,729,55,Insufficient AI safety research capacity,Expanding AI safety research and implementation capacity,Expand AI Safety Research Funding and Capacity
10,144,54,8,90,54,Existential catastrophe from misaligned AI,,Expand AI Safety Research Funding and Capacity
10,159,54,5,78,54,Existential catastrophe from misaligned AI,,Pre-deployment adversarial red-teaming and robustness testing
10,34,54,15,270,54,Existential catastrophe from misaligned AI,Mechanistic interpretability for hidden model cognition,Pre-deployment mechanistic interpretability audits
26,23,54,8,337,54,Misaligned AGI existential catastrophe,Funding and expert consensus for AI safety capacity,Expand AI Safety Research Funding and Capacity
26,202,54,4,54,54,Misaligned AGI existential catastrophe,,Pre-deployment safety gates and controlled release
16,131,94,11,54,54,Insufficient AI safety research capacity,,Public AI risk outreach and educational dissemination
21,142,53,4,92,53,Catastrophic AI misalignment and loss of control,,Pre-deployment safety gates and controlled release
26,22,53,26,342,53,Misaligned AGI existential catastrophe,Preference learning and reward alignment mechanisms,Reward-guided RL fine-tuning with safety constraints
25,118,53,10,118,53,Misaligned Superintelligent AI Existential Risk,,Governed AI oversight and compliance regimes
10,92,53,35,150,53,Existential catastrophe from misaligned AI,,Human-preference reward model fine-tuning
26,165,53,35,74,53,Misaligned AGI existential catastrophe,,Human-preference reward model fine-tuning
35,36,52,8,265,52,Advanced AI value misalignment risk,Funding and capacity-building for AI safety research,Expand AI Safety Research Funding and Capacity
25,15,52,39,394,52,Misaligned Superintelligent AI Existential Risk,Compute chokepoints enabling scalable governance,Export controls on advanced AI hardware
25,29,52,8,320,52,Misaligned Superintelligent AI Existential Risk,Elite-triggered global AI governance coordination,Expand AI Safety Research Funding and Capacity
9,207,52,8,52,52,Deployed AI Misalignment Causes Societal Harm,,Expand AI Safety Research Funding and Capacity
26,54,51,8,217,51,Misaligned AGI existential catastrophe,,Expand AI Safety Research Funding and Capacity
10,164,51,8,75,51,Existential catastrophe from misaligned AI,,Expand AI Safety Research Funding and Capacity
21,23,51,8,337,51,Catastrophic AI misalignment and loss of control,Funding and expert consensus for AI safety capacity,Expand AI Safety Research Funding and Capacity
21,141,51,6,92,51,Catastrophic AI misalignment and loss of control,,PGD Adversarial Training for Robust Fine-Tuning
10,103,51,8,138,51,Existential catastrophe from misaligned AI,,Expand AI Safety Research Funding and Capacity
34,109,51,8,122,51,Instrumental power-seeking by advanced AI agents,,Expand AI Safety Research Funding and Capacity
10,77,51,8,172,51,Existential catastrophe from misaligned AI,,Expand AI Safety Research Funding and Capacity
25,168,50,4,73,50,Misaligned Superintelligent AI Existential Risk,,Pre-deployment safety gates and controlled release
25,176,50,8,67,50,Misaligned Superintelligent AI Existential Risk,,Expand AI Safety Research Funding and Capacity
10,63,50,8,194,50,Existential catastrophe from misaligned AI,,Expand AI Safety Research Funding and Capacity
10,156,50,24,80,50,Existential catastrophe from misaligned AI,,RLHF fine-tuning for aligned language models
10,155,50,24,80,50,Existential catastrophe from misaligned AI,,RLHF fine-tuning for aligned language models
25,9,50,8,538,50,Misaligned Superintelligent AI Existential Risk,AI safety capacity building via funding and fellowships,Expand AI Safety Research Funding and Capacity
21,145,50,5,89,50,Catastrophic AI misalignment and loss of control,,Pre-deployment adversarial red-teaming and robustness testing
25,30,50,11,149,50,Misaligned Superintelligent AI Existential Risk,Expanding alignment research capacity and skill,Public AI risk outreach and educational dissemination
21,55,50,35,70,50,Catastrophic AI misalignment and loss of control,,Human-preference reward model fine-tuning
21,55,50,18,141,50,Catastrophic AI misalignment and loss of control,,Critique-guided fine-tuning and human feedback
26,111,50,5,126,50,Misaligned AGI existential catastrophe,,Pre-deployment adversarial red-teaming and robustness testing
26,181,50,11,63,50,Misaligned AGI existential catastrophe,,Public AI risk outreach and educational dissemination
21,111,50,5,126,50,Catastrophic AI misalignment and loss of control,,Pre-deployment adversarial red-teaming and robustness testing
10,100,50,5,144,50,Existential catastrophe from misaligned AI,,Pre-deployment adversarial red-teaming and robustness testing
25,30,50,8,149,50,Misaligned Superintelligent AI Existential Risk,Expanding alignment research capacity and skill,Expand AI Safety Research Funding and Capacity
25,136,49,26,98,49,Misaligned Superintelligent AI Existential Risk,,Reward-guided RL fine-tuning with safety constraints
10,94,49,19,148,49,Existential catastrophe from misaligned AI,,Demonstration-Based Policy Pretraining
1,214,48,8,48,48,Malicious misuse of frontier AI for large-scale harm,,Expand AI Safety Research Funding and Capacity
10,146,48,8,87,48,Existential catastrophe from misaligned AI,,Expand AI Safety Research Funding and Capacity
25,44,48,24,239,48,Misaligned Superintelligent AI Existential Risk,,RLHF fine-tuning for aligned language models
26,61,47,4,199,47,Misaligned AGI existential catastrophe,,Pre-deployment safety gates and controlled release
25,53,47,8,220,47,Misaligned Superintelligent AI Existential Risk,,Expand AI Safety Research Funding and Capacity
21,188,47,18,60,47,Catastrophic AI misalignment and loss of control,,Critique-guided fine-tuning and human feedback
10,85,47,4,159,47,Existential catastrophe from misaligned AI,,Pre-deployment safety gates and controlled release
16,131,94,8,47,47,Insufficient AI safety research capacity,,Expand AI Safety Research Funding and Capacity
10,61,47,4,199,47,Existential catastrophe from misaligned AI,,Pre-deployment safety gates and controlled release
21,201,46,13,54,46,Catastrophic AI misalignment and loss of control,,Multi-objective recommender ranking with safety penalties
10,78,46,11,169,46,Existential catastrophe from misaligned AI,,Public AI risk outreach and educational dissemination
25,25,46,39,325,46,Misaligned Superintelligent AI Existential Risk,Compute supply chain controls for AI governance,Export controls on advanced AI hardware
25,86,46,24,157,46,Misaligned Superintelligent AI Existential Risk,,RLHF fine-tuning for aligned language models
21,203,46,1,53,46,Catastrophic AI misalignment and loss of control,,Continuous anomaly monitoring and safety tripwires
21,37,46,1,265,46,Catastrophic AI misalignment and loss of control,Governance-enabled safety capacity escalation,Continuous anomaly monitoring and safety tripwires
26,25,46,39,325,46,Misaligned AGI existential catastrophe,Compute supply chain controls for AI governance,Export controls on advanced AI hardware
21,169,46,35,71,46,Catastrophic AI misalignment and loss of control,,Human-preference reward model fine-tuning
26,162,46,17,77,46,Misaligned AGI existential catastrophe,,Runtime control and coordination modules
35,3,45,5,300,45,Advanced AI value misalignment risk,Robust reward learning and specification gaming,Pre-deployment adversarial red-teaming and robustness testing
25,39,45,8,263,45,Misaligned Superintelligent AI Existential Risk,Risk forecasting drives elite cost-benefit action,Expand AI Safety Research Funding and Capacity
10,73,45,29,175,45,Existential catastrophe from misaligned AI,,"Neuroscience validation platforms for cognition, emulation, and alignment research"
10,74,45,29,175,45,Existential catastrophe from misaligned AI,,"Neuroscience validation platforms for cognition, emulation, and alignment research"
10,119,45,10,117,45,Existential catastrophe from misaligned AI,,Governed AI oversight and compliance regimes
35,3,45,19,600,45,Advanced AI value misalignment risk,Robust reward learning and specification gaming,Demonstration-Based Policy Pretraining
26,58,45,10,211,45,Misaligned AGI existential catastrophe,,Governed AI oversight and compliance regimes
21,35,45,24,271,45,Catastrophic AI misalignment and loss of control,Human-feedback reward modeling for alignment,RLHF fine-tuning for aligned language models
10,132,44,5,92,44,Existential catastrophe from misaligned AI,,Pre-deployment adversarial red-teaming and robustness testing
10,35,44,24,271,44,Existential catastrophe from misaligned AI,Human-feedback reward modeling for alignment,RLHF fine-tuning for aligned language models
10,91,44,8,150,44,Existential catastrophe from misaligned AI,,Expand AI Safety Research Funding and Capacity
21,209,44,35,50,44,Catastrophic AI misalignment and loss of control,,Human-preference reward model fine-tuning
34,0,44,11,264,44,Instrumental power-seeking by advanced AI agents,Funding and training to build AI safety capacity,Public AI risk outreach and educational dissemination
34,0,44,8,6678,44,Instrumental power-seeking by advanced AI agents,Funding and training to build AI safety capacity,Expand AI Safety Research Funding and Capacity
21,42,43,5,248,43,Catastrophic AI misalignment and loss of control,,Pre-deployment adversarial red-teaming and robustness testing
26,150,43,28,84,43,Misaligned AGI existential catastrophe,,International treaty banning autonomous weapons
1,172,43,8,69,43,Malicious misuse of frontier AI for large-scale harm,,Expand AI Safety Research Funding and Capacity
21,32,43,26,281,43,Catastrophic AI misalignment and loss of control,Adversarial robustness training and optimization,Reward-guided RL fine-tuning with safety constraints
6,171,42,8,59,42,Reward Misspecification and Reward Hacking,,Expand AI Safety Research Funding and Capacity
10,123,42,8,56,42,Existential catastrophe from misaligned AI,,Expand AI Safety Research Funding and Capacity
35,140,42,8,84,42,Advanced AI value misalignment risk,,Expand AI Safety Research Funding and Capacity
25,200,42,8,55,42,Misaligned Superintelligent AI Existential Risk,,Expand AI Safety Research Funding and Capacity
21,122,42,24,114,42,Catastrophic AI misalignment and loss of control,,RLHF fine-tuning for aligned language models
10,123,42,11,56,42,Existential catastrophe from misaligned AI,,Public AI risk outreach and educational dissemination
10,107,42,6,128,42,Existential catastrophe from misaligned AI,,PGD Adversarial Training for Robust Fine-Tuning
25,49,42,8,228,42,Misaligned Superintelligent AI Existential Risk,,Expand AI Safety Research Funding and Capacity
26,217,41,24,45,41,Misaligned AGI existential catastrophe,,RLHF fine-tuning for aligned language models
26,65,41,32,191,41,Misaligned AGI existential catastrophe,,Attainable Utility Preservation reward penalty
21,49,41,8,228,41,Catastrophic AI misalignment and loss of control,,Expand AI Safety Research Funding and Capacity
25,40,40,11,260,40,Misaligned Superintelligent AI Existential Risk,,Public AI risk outreach and educational dissemination
9,175,40,8,68,40,Deployed AI Misalignment Causes Societal Harm,,Expand AI Safety Research Funding and Capacity
10,121,40,25,115,40,Existential catastrophe from misaligned AI,,Explainable decision support with uncertainty and counterfactuals
38,7,40,8,729,40,Catastrophic AGI Misalignment Risk,Expanding AI safety research and implementation capacity,Expand AI Safety Research Funding and Capacity
21,197,39,6,56,39,Catastrophic AI misalignment and loss of control,,PGD Adversarial Training for Robust Fine-Tuning
25,43,39,39,246,39,Misaligned Superintelligent AI Existential Risk,,Export controls on advanced AI hardware
16,70,39,8,172,39,Insufficient AI safety research capacity,,Expand AI Safety Research Funding and Capacity
16,220,39,26,43,39,Insufficient AI safety research capacity,,Reward-guided RL fine-tuning with safety constraints
25,42,39,5,248,39,Misaligned Superintelligent AI Existential Risk,,Pre-deployment adversarial red-teaming and robustness testing
10,206,39,24,44,39,Existential catastrophe from misaligned AI,,RLHF fine-tuning for aligned language models
16,223,38,8,42,38,Insufficient AI safety research capacity,,Expand AI Safety Research Funding and Capacity
4,6,38,5,74,38,Unsafe and Sample-Inefficient RL Exploration,Adversarial robustness through PGD training,Pre-deployment adversarial red-teaming and robustness testing
16,27,38,8,320,38,Insufficient AI safety research capacity,Scaling safety capacity through transparent expert oversight,Expand AI Safety Research Funding and Capacity
21,186,38,35,62,38,Catastrophic AI misalignment and loss of control,,Human-preference reward model fine-tuning
2,199,38,8,47,38,AI arms race causing unsafe deployment,,Expand AI Safety Research Funding and Capacity
25,21,38,5,175,38,Misaligned Superintelligent AI Existential Risk,Preventing reward hacking through robust evaluation,Pre-deployment adversarial red-teaming and robustness testing
25,21,38,35,175,38,Misaligned Superintelligent AI Existential Risk,Preventing reward hacking through robust evaluation,Human-preference reward model fine-tuning
4,6,38,6,662,38,Unsafe and Sample-Inefficient RL Exploration,Adversarial robustness through PGD training,PGD Adversarial Training for Robust Fine-Tuning
4,0,38,8,6678,38,Unsafe and Sample-Inefficient RL Exploration,Funding and training to build AI safety capacity,Expand AI Safety Research Funding and Capacity
4,0,38,11,264,38,Unsafe and Sample-Inefficient RL Exploration,Funding and training to build AI safety capacity,Public AI risk outreach and educational dissemination
10,136,38,26,98,38,Existential catastrophe from misaligned AI,,Reward-guided RL fine-tuning with safety constraints
16,28,38,8,320,38,Insufficient AI safety research capacity,Governance capacity building via safety infrastructure,Expand AI Safety Research Funding and Capacity
10,173,37,4,68,37,Existential catastrophe from misaligned AI,,Pre-deployment safety gates and controlled release
16,227,37,8,40,37,Insufficient AI safety research capacity,,Expand AI Safety Research Funding and Capacity
10,174,36,1,69,36,Existential catastrophe from misaligned AI,,Continuous anomaly monitoring and safety tripwires
16,233,36,26,39,36,Insufficient AI safety research capacity,,Reward-guided RL fine-tuning with safety constraints
26,236,36,8,38,36,Misaligned AGI existential catastrophe,,Expand AI Safety Research Funding and Capacity
16,39,36,8,263,36,Insufficient AI safety research capacity,Risk forecasting drives elite cost-benefit action,Expand AI Safety Research Funding and Capacity
22,36,36,8,265,36,Deceptive and Harmful Language Model Outputs,Funding and capacity-building for AI safety research,Expand AI Safety Research Funding and Capacity
26,115,36,8,123,36,Misaligned AGI existential catastrophe,,Expand AI Safety Research Funding and Capacity
10,96,36,23,147,36,Existential catastrophe from misaligned AI,,Human-aware predictive robot control and safety planning
10,125,36,35,110,36,Existential catastrophe from misaligned AI,,Human-preference reward model fine-tuning
4,247,36,36,36,36,Unsafe and Sample-Inefficient RL Exploration,,Robustness-Oriented Training Data Augmentation
25,6,36,6,662,36,Misaligned Superintelligent AI Existential Risk,Adversarial robustness through PGD training,PGD Adversarial Training for Robust Fine-Tuning
25,6,36,5,74,36,Misaligned Superintelligent AI Existential Risk,Adversarial robustness through PGD training,Pre-deployment adversarial red-teaming and robustness testing
25,115,36,8,123,36,Misaligned Superintelligent AI Existential Risk,,Expand AI Safety Research Funding and Capacity
16,226,36,17,41,36,Insufficient AI safety research capacity,,Runtime control and coordination modules
21,132,35,5,92,35,Catastrophic AI misalignment and loss of control,,Pre-deployment adversarial red-teaming and robustness testing
25,101,35,35,129,35,Misaligned Superintelligent AI Existential Risk,,Human-preference reward model fine-tuning
10,65,35,32,191,35,Existential catastrophe from misaligned AI,,Attainable Utility Preservation reward penalty
25,81,35,8,164,35,Misaligned Superintelligent AI Existential Risk,,Expand AI Safety Research Funding and Capacity
25,57,35,5,211,35,Misaligned Superintelligent AI Existential Risk,,Pre-deployment adversarial red-teaming and robustness testing
25,67,35,4,184,35,Misaligned Superintelligent AI Existential Risk,,Pre-deployment safety gates and controlled release
25,119,35,10,117,35,Misaligned Superintelligent AI Existential Risk,,Governed AI oversight and compliance regimes
9,6,35,6,662,35,Deployed AI Misalignment Causes Societal Harm,Adversarial robustness through PGD training,PGD Adversarial Training for Robust Fine-Tuning
9,6,35,5,74,35,Deployed AI Misalignment Causes Societal Harm,Adversarial robustness through PGD training,Pre-deployment adversarial red-teaming and robustness testing
16,231,35,8,39,35,Insufficient AI safety research capacity,,Expand AI Safety Research Funding and Capacity
16,75,35,8,174,35,Insufficient AI safety research capacity,,Expand AI Safety Research Funding and Capacity
16,204,49,18,35,35,Insufficient AI safety research capacity,,Critique-guided fine-tuning and human feedback
16,205,46,6,35,35,Insufficient AI safety research capacity,,PGD Adversarial Training for Robust Fine-Tuning
16,170,66,24,35,35,Insufficient AI safety research capacity,,RLHF fine-tuning for aligned language models
16,170,66,35,35,35,Insufficient AI safety research capacity,,Human-preference reward model fine-tuning
26,113,34,11,125,34,Misaligned AGI existential catastrophe,,Public AI risk outreach and educational dissemination
16,130,90,5,34,34,Insufficient AI safety research capacity,,Pre-deployment adversarial red-teaming and robustness testing
38,4,34,4,894,34,Catastrophic AGI Misalignment Risk,Corrigible transparency and secure oversight mechanisms,Pre-deployment safety gates and controlled release
20,216,34,8,40,34,Deceptive alignment and hidden objectives,,Expand AI Safety Research Funding and Capacity
21,148,34,22,85,34,Catastrophic AI misalignment and loss of control,,Deployment-time confidence filtering and rejection sampling
21,25,34,39,325,34,Catastrophic AI misalignment and loss of control,Compute supply chain controls for AI governance,Export controls on advanced AI hardware
9,52,34,8,215,34,Deployed AI Misalignment Causes Societal Harm,,Expand AI Safety Research Funding and Capacity
16,232,34,15,39,34,Insufficient AI safety research capacity,,Pre-deployment mechanistic interpretability audits
9,266,34,8,34,34,Deployed AI Misalignment Causes Societal Harm,,Expand AI Safety Research Funding and Capacity
16,238,33,39,37,33,Insufficient AI safety research capacity,,Export controls on advanced AI hardware
21,40,33,11,260,33,Catastrophic AI misalignment and loss of control,,Public AI risk outreach and educational dissemination
16,239,33,8,36,33,Insufficient AI safety research capacity,,Expand AI Safety Research Funding and Capacity
26,32,33,26,281,33,Misaligned AGI existential catastrophe,Adversarial robustness training and optimization,Reward-guided RL fine-tuning with safety constraints
16,240,33,35,36,33,Insufficient AI safety research capacity,,Human-preference reward model fine-tuning
16,259,33,5,34,33,Insufficient AI safety research capacity,,Pre-deployment adversarial red-teaming and robustness testing
16,243,33,4,36,33,Insufficient AI safety research capacity,,Pre-deployment safety gates and controlled release
16,250,33,35,35,33,Insufficient AI safety research capacity,,Human-preference reward model fine-tuning
26,158,33,4,78,33,Misaligned AGI existential catastrophe,,Pre-deployment safety gates and controlled release
16,241,33,8,36,33,Insufficient AI safety research capacity,,Expand AI Safety Research Funding and Capacity
15,183,33,24,63,33,Opaque AI decision-making undermines oversight and safety,,RLHF fine-tuning for aligned language models
21,147,33,8,86,33,Catastrophic AI misalignment and loss of control,,Expand AI Safety Research Funding and Capacity
16,260,33,35,34,33,Insufficient AI safety research capacity,,Human-preference reward model fine-tuning
16,123,32,8,56,32,Insufficient AI safety research capacity,,Expand AI Safety Research Funding and Capacity
10,222,32,38,43,32,Existential catastrophe from misaligned AI,,Incentivized AI forecasting and prediction systems
16,123,32,11,56,32,Insufficient AI safety research capacity,,Public AI risk outreach and educational dissemination
1,0,32,8,6678,32,Malicious misuse of frontier AI for large-scale harm,Funding and training to build AI safety capacity,Expand AI Safety Research Funding and Capacity
21,124,32,37,111,32,Catastrophic AI misalignment and loss of control,,ROME-based factual knowledge editing
1,0,32,11,264,32,Malicious misuse of frontier AI for large-scale harm,Funding and training to build AI safety capacity,Public AI risk outreach and educational dissemination
10,108,32,8,128,32,Existential catastrophe from misaligned AI,,Expand AI Safety Research Funding and Capacity
21,59,32,11,208,32,Catastrophic AI misalignment and loss of control,,Public AI risk outreach and educational dissemination
16,242,32,5,36,32,Insufficient AI safety research capacity,,Pre-deployment adversarial red-teaming and robustness testing
16,180,56,33,32,32,Insufficient AI safety research capacity,,Deployment-time prompt engineering for aligned behavior
16,38,32,4,264,32,Insufficient AI safety research capacity,Elite risk salience enabling safety capacity building,Pre-deployment safety gates and controlled release
26,14,32,8,399,32,Misaligned AGI existential catastrophe,Capacity-building through funded safety talent and oversight,Expand AI Safety Research Funding and Capacity
21,84,32,32,160,32,Catastrophic AI misalignment and loss of control,,Attainable Utility Preservation reward penalty
16,252,32,19,35,32,Insufficient AI safety research capacity,,Demonstration-Based Policy Pretraining
38,14,32,8,399,32,Catastrophic AGI Misalignment Risk,Capacity-building through funded safety talent and oversight,Expand AI Safety Research Funding and Capacity
16,254,32,35,35,32,Insufficient AI safety research capacity,,Human-preference reward model fine-tuning
16,180,56,27,32,32,Insufficient AI safety research capacity,,KL-Regularized RLHF Fine-Tuning
25,37,32,1,265,32,Misaligned Superintelligent AI Existential Risk,Governance-enabled safety capacity escalation,Continuous anomaly monitoring and safety tripwires
16,37,32,1,265,32,Insufficient AI safety research capacity,Governance-enabled safety capacity escalation,Continuous anomaly monitoring and safety tripwires
6,210,32,8,50,32,Reward Misspecification and Reward Hacking,,Expand AI Safety Research Funding and Capacity
16,179,60,11,32,32,Insufficient AI safety research capacity,,Public AI risk outreach and educational dissemination
16,179,60,8,32,32,Insufficient AI safety research capacity,,Expand AI Safety Research Funding and Capacity
10,87,32,27,157,32,Existential catastrophe from misaligned AI,,KL-Regularized RLHF Fine-Tuning
16,253,32,31,35,32,Insufficient AI safety research capacity,,Human-AI collaboration tools for skill building
10,166,32,23,74,32,Existential catastrophe from misaligned AI,,Human-aware predictive robot control and safety planning
18,122,31,24,114,31,Catastrophic Superintelligent AI Misalignment,,RLHF fine-tuning for aligned language models
11,275,31,38,32,31,Misforecasted AI Timelines Undermining Safety Preparedness,,Incentivized AI forecasting and prediction systems
21,27,31,8,320,31,Catastrophic AI misalignment and loss of control,Scaling safety capacity through transparent expert oversight,Expand AI Safety Research Funding and Capacity
10,80,31,35,165,31,Existential catastrophe from misaligned AI,,Human-preference reward model fine-tuning
26,56,31,31,213,31,Misaligned AGI existential catastrophe,,Human-AI collaboration tools for skill building
16,258,31,8,34,31,Insufficient AI safety research capacity,,Expand AI Safety Research Funding and Capacity
21,28,31,8,320,31,Catastrophic AI misalignment and loss of control,Governance capacity building via safety infrastructure,Expand AI Safety Research Funding and Capacity
1,70,31,8,172,31,Malicious misuse of frontier AI for large-scale harm,,Expand AI Safety Research Funding and Capacity
25,73,31,29,175,31,Misaligned Superintelligent AI Existential Risk,,"Neuroscience validation platforms for cognition, emulation, and alignment research"
10,88,31,24,157,31,Existential catastrophe from misaligned AI,,RLHF fine-tuning for aligned language models
16,61,31,4,199,31,Insufficient AI safety research capacity,,Pre-deployment safety gates and controlled release
25,74,31,29,175,31,Misaligned Superintelligent AI Existential Risk,,"Neuroscience validation platforms for cognition, emulation, and alignment research"
10,93,31,8,149,31,Existential catastrophe from misaligned AI,,Expand AI Safety Research Funding and Capacity
10,255,30,10,35,30,Existential catastrophe from misaligned AI,,Governed AI oversight and compliance regimes
25,17,30,10,371,30,Misaligned Superintelligent AI Existential Risk,Global governance enables coordinated AI safety controls,Governed AI oversight and compliance regimes
10,120,30,8,116,30,Existential catastrophe from misaligned AI,,Expand AI Safety Research Funding and Capacity
16,249,30,8,35,30,Insufficient AI safety research capacity,,Expand AI Safety Research Funding and Capacity
18,3,30,5,300,30,Catastrophic Superintelligent AI Misalignment,Robust reward learning and specification gaming,Pre-deployment adversarial red-teaming and robustness testing
16,280,30,5,32,30,Insufficient AI safety research capacity,,Pre-deployment adversarial red-teaming and robustness testing
21,13,30,8,403,30,Catastrophic AI misalignment and loss of control,Grant-driven expansion of AI safety research,Expand AI Safety Research Funding and Capacity
16,269,30,35,33,30,Insufficient AI safety research capacity,,Human-preference reward model fine-tuning
16,279,30,8,32,30,Insufficient AI safety research capacity,,Expand AI Safety Research Funding and Capacity
16,267,30,5,33,30,Insufficient AI safety research capacity,,Pre-deployment adversarial red-teaming and robustness testing
34,76,30,8,168,30,Instrumental power-seeking by advanced AI agents,,Expand AI Safety Research Funding and Capacity
21,102,30,8,134,30,Catastrophic AI misalignment and loss of control,,Expand AI Safety Research Funding and Capacity
35,198,30,2,56,30,Advanced AI value misalignment risk,,MCTS-Guided RL Planning and Training
16,277,30,38,32,30,Insufficient AI safety research capacity,,Incentivized AI forecasting and prediction systems
18,3,30,19,600,30,Catastrophic Superintelligent AI Misalignment,Robust reward learning and specification gaming,Demonstration-Based Policy Pretraining
16,251,30,11,35,30,Insufficient AI safety research capacity,,Public AI risk outreach and educational dissemination
16,187,56,8,30,30,Insufficient AI safety research capacity,,Expand AI Safety Research Funding and Capacity
16,187,56,15,30,30,Insufficient AI safety research capacity,,Pre-deployment mechanistic interpretability audits
16,270,29,35,33,29,Insufficient AI safety research capacity,,Human-preference reward model fine-tuning
12,166,29,23,74,29,Catastrophic risks from misaligned advanced AI,,Human-aware predictive robot control and safety planning
16,59,29,11,208,29,Insufficient AI safety research capacity,,Public AI risk outreach and educational dissemination
16,268,29,6,29,29,Insufficient AI safety research capacity,,PGD Adversarial Training for Robust Fine-Tuning
16,281,29,39,32,29,Insufficient AI safety research capacity,,Export controls on advanced AI hardware
21,8,29,11,362,29,Catastrophic AI misalignment and loss of control,Grant-funded AI safety talent pipeline,Public AI risk outreach and educational dissemination
21,8,29,8,316,29,Catastrophic AI misalignment and loss of control,Grant-funded AI safety talent pipeline,Expand AI Safety Research Funding and Capacity
10,141,29,6,92,29,Existential catastrophe from misaligned AI,,PGD Adversarial Training for Robust Fine-Tuning
10,105,29,8,135,29,Existential catastrophe from misaligned AI,,Expand AI Safety Research Funding and Capacity
16,288,29,10,31,29,Insufficient AI safety research capacity,,Governed AI oversight and compliance regimes
21,291,29,8,31,29,Catastrophic AI misalignment and loss of control,,Expand AI Safety Research Funding and Capacity
10,99,29,8,145,29,Existential catastrophe from misaligned AI,,Expand AI Safety Research Funding and Capacity
12,24,29,6,255,29,Catastrophic risks from misaligned advanced AI,Adversarial robustness training via optimized perturbations,PGD Adversarial Training for Robust Fine-Tuning
12,24,29,5,73,29,Catastrophic risks from misaligned advanced AI,Adversarial robustness training via optimized perturbations,Pre-deployment adversarial red-teaming and robustness testing
21,71,29,35,178,29,Catastrophic AI misalignment and loss of control,,Human-preference reward model fine-tuning
6,211,28,35,48,28,Reward Misspecification and Reward Hacking,,Human-preference reward model fine-tuning
10,261,28,11,34,28,Existential catastrophe from misaligned AI,,Public AI risk outreach and educational dissemination
26,124,28,37,111,28,Misaligned AGI existential catastrophe,,ROME-based factual knowledge editing
16,294,28,5,30,28,Insufficient AI safety research capacity,,Pre-deployment adversarial red-teaming and robustness testing
16,306,28,39,29,28,Insufficient AI safety research capacity,,Export controls on advanced AI hardware
16,319,28,8,28,28,Insufficient AI safety research capacity,,Expand AI Safety Research Funding and Capacity
16,295,28,32,30,28,Insufficient AI safety research capacity,,Attainable Utility Preservation reward penalty
16,282,28,15,30,28,Insufficient AI safety research capacity,,Pre-deployment mechanistic interpretability audits
16,278,28,1,32,28,Insufficient AI safety research capacity,,Continuous anomaly monitoring and safety tripwires
0,315,29,8,28,28,Out-of-distribution generalization failure,,Expand AI Safety Research Funding and Capacity
2,314,29,8,28,28,AI arms race causing unsafe deployment,,Expand AI Safety Research Funding and Capacity
16,293,28,4,30,28,Insufficient AI safety research capacity,,Pre-deployment safety gates and controlled release
4,167,28,35,34,28,Unsafe and Sample-Inefficient RL Exploration,,Human-preference reward model fine-tuning
7,237,28,24,38,28,Human extinction from misaligned superintelligent AI,,RLHF fine-tuning for aligned language models
6,215,27,6,45,27,Reward Misspecification and Reward Hacking,,PGD Adversarial Training for Robust Fine-Tuning
26,326,27,5,27,27,Misaligned AGI existential catastrophe,,Pre-deployment adversarial red-teaming and robustness testing
16,305,27,24,29,27,Insufficient AI safety research capacity,,RLHF fine-tuning for aligned language models
16,318,27,24,28,27,Insufficient AI safety research capacity,,RLHF fine-tuning for aligned language models
16,308,27,24,29,27,Insufficient AI safety research capacity,,RLHF fine-tuning for aligned language models
16,292,27,11,30,27,Insufficient AI safety research capacity,,Public AI risk outreach and educational dissemination
9,0,27,11,264,27,Deployed AI Misalignment Causes Societal Harm,Funding and training to build AI safety capacity,Public AI risk outreach and educational dissemination
26,41,27,35,245,27,Misaligned AGI existential catastrophe,,Human-preference reward model fine-tuning
10,196,27,4,40,27,Existential catastrophe from misaligned AI,,Pre-deployment safety gates and controlled release
9,172,27,8,69,27,Deployed AI Misalignment Causes Societal Harm,,Expand AI Safety Research Funding and Capacity
10,221,27,25,43,27,Existential catastrophe from misaligned AI,,Explainable decision support with uncertainty and counterfactuals
18,41,27,35,245,27,Catastrophic Superintelligent AI Misalignment,,Human-preference reward model fine-tuning
16,304,27,6,29,27,Insufficient AI safety research capacity,,PGD Adversarial Training for Robust Fine-Tuning
9,0,27,8,6678,27,Deployed AI Misalignment Causes Societal Harm,Funding and training to build AI safety capacity,Expand AI Safety Research Funding and Capacity
2,0,27,8,6678,27,AI arms race causing unsafe deployment,Funding and training to build AI safety capacity,Expand AI Safety Research Funding and Capacity
21,52,27,8,215,27,Catastrophic AI misalignment and loss of control,,Expand AI Safety Research Funding and Capacity
2,0,27,11,264,27,AI arms race causing unsafe deployment,Funding and training to build AI safety capacity,Public AI risk outreach and educational dissemination
18,114,26,13,62,26,Catastrophic Superintelligent AI Misalignment,,Multi-objective recommender ranking with safety penalties
16,324,26,23,27,26,Insufficient AI safety research capacity,,Human-aware predictive robot control and safety planning
9,153,26,8,80,26,Deployed AI Misalignment Causes Societal Harm,,Expand AI Safety Research Funding and Capacity
16,323,26,35,27,26,Insufficient AI safety research capacity,,Human-preference reward model fine-tuning
25,62,26,39,197,26,Misaligned Superintelligent AI Existential Risk,,Export controls on advanced AI hardware
25,150,26,28,84,26,Misaligned Superintelligent AI Existential Risk,,International treaty banning autonomous weapons
21,50,26,8,227,26,Catastrophic AI misalignment and loss of control,,Expand AI Safety Research Funding and Capacity
20,1,26,11,277,26,Deceptive alignment and hidden objectives,Funding and consensus-building for AI safety capacity,Public AI risk outreach and educational dissemination
20,1,26,8,1372,26,Deceptive alignment and hidden objectives,Funding and consensus-building for AI safety capacity,Expand AI Safety Research Funding and Capacity
16,325,26,27,27,26,Insufficient AI safety research capacity,,KL-Regularized RLHF Fine-Tuning
18,114,26,35,62,26,Catastrophic Superintelligent AI Misalignment,,Human-preference reward model fine-tuning
26,10,26,8,517,26,Misaligned AGI existential catastrophe,Funding-driven growth of AI safety research capacity,Expand AI Safety Research Funding and Capacity
26,194,26,8,57,26,Misaligned AGI existential catastrophe,,Expand AI Safety Research Funding and Capacity
2,75,26,8,174,26,AI arms race causing unsafe deployment,,Expand AI Safety Research Funding and Capacity
16,307,26,8,29,26,Insufficient AI safety research capacity,,Expand AI Safety Research Funding and Capacity
18,14,26,8,399,26,Catastrophic Superintelligent AI Misalignment,Capacity-building through funded safety talent and oversight,Expand AI Safety Research Funding and Capacity
16,310,26,32,29,26,Insufficient AI safety research capacity,,Attainable Utility Preservation reward penalty
16,309,26,4,29,26,Insufficient AI safety research capacity,,Pre-deployment safety gates and controlled release
19,328,27,8,26,26,Misaligned AI takeover and human disempowerment,,Expand AI Safety Research Funding and Capacity
18,7,26,8,729,26,Catastrophic Superintelligent AI Misalignment,Expanding AI safety research and implementation capacity,Expand AI Safety Research Funding and Capacity
25,59,26,11,208,26,Misaligned Superintelligent AI Existential Risk,,Public AI risk outreach and educational dissemination
16,317,25,8,28,25,Insufficient AI safety research capacity,,Expand AI Safety Research Funding and Capacity
25,218,25,8,44,25,Misaligned Superintelligent AI Existential Risk,,Expand AI Safety Research Funding and Capacity
25,133,25,5,100,25,Misaligned Superintelligent AI Existential Risk,,Pre-deployment adversarial red-teaming and robustness testing
25,95,25,4,148,25,Misaligned Superintelligent AI Existential Risk,,Pre-deployment safety gates and controlled release
16,331,25,4,26,25,Insufficient AI safety research capacity,,Pre-deployment safety gates and controlled release
21,263,25,10,34,25,Catastrophic AI misalignment and loss of control,,Governed AI oversight and compliance regimes
6,6,25,6,662,25,Reward Misspecification and Reward Hacking,Adversarial robustness through PGD training,PGD Adversarial Training for Robust Fine-Tuning
6,6,25,5,74,25,Reward Misspecification and Reward Hacking,Adversarial robustness through PGD training,Pre-deployment adversarial red-teaming and robustness testing
10,134,25,17,98,25,Existential catastrophe from misaligned AI,,Runtime control and coordination modules
38,41,25,35,245,25,Catastrophic AGI Misalignment Risk,,Human-preference reward model fine-tuning
16,302,25,15,29,25,Insufficient AI safety research capacity,,Pre-deployment mechanistic interpretability audits
25,93,25,8,149,25,Misaligned Superintelligent AI Existential Risk,,Expand AI Safety Research Funding and Capacity
16,301,25,1,29,25,Insufficient AI safety research capacity,,Continuous anomaly monitoring and safety tripwires
16,303,25,1,29,25,Insufficient AI safety research capacity,,Continuous anomaly monitoring and safety tripwires
16,343,25,8,25,25,Insufficient AI safety research capacity,,Expand AI Safety Research Funding and Capacity
16,316,25,5,28,25,Insufficient AI safety research capacity,,Pre-deployment adversarial red-teaming and robustness testing
26,18,24,24,189,24,Misaligned AGI existential catastrophe,Human feedback reward-model alignment learning,RLHF fine-tuning for aligned language models
25,72,24,5,177,24,Misaligned Superintelligent AI Existential Risk,,Pre-deployment adversarial red-teaming and robustness testing
12,157,24,4,79,24,Catastrophic risks from misaligned advanced AI,,Pre-deployment safety gates and controlled release
24,102,24,8,134,24,Objective Misspecification and Misaligned Optimization,,Expand AI Safety Research Funding and Capacity
16,213,48,35,24,24,Insufficient AI safety research capacity,,Human-preference reward model fine-tuning
16,213,48,5,24,24,Insufficient AI safety research capacity,,Pre-deployment adversarial red-teaming and robustness testing
16,230,24,5,27,24,Insufficient AI safety research capacity,,Pre-deployment adversarial red-teaming and robustness testing
9,128,24,8,97,24,Deployed AI Misalignment Causes Societal Harm,,Expand AI Safety Research Funding and Capacity
16,332,24,37,26,24,Insufficient AI safety research capacity,,ROME-based factual knowledge editing
25,98,24,35,146,24,Misaligned Superintelligent AI Existential Risk,,Human-preference reward model fine-tuning
16,362,24,14,24,24,Insufficient AI safety research capacity,,Beginner-Friendly AGI Safety Knowledge Infrastructure
26,18,24,35,190,24,Misaligned AGI existential catastrophe,Human feedback reward-model alignment learning,Human-preference reward model fine-tuning
10,115,24,8,123,24,Existential catastrophe from misaligned AI,,Expand AI Safety Research Funding and Capacity
16,12,24,8,429,24,Insufficient AI safety research capacity,Building AI safety capacity through funded training,Expand AI Safety Research Funding and Capacity
2,246,24,19,24,24,AI arms race causing unsafe deployment,,Demonstration-Based Policy Pretraining
25,20,24,35,360,24,Misaligned Superintelligent AI Existential Risk,Human-feedback alignment and goal specification,Human-preference reward model fine-tuning
21,228,24,32,40,24,Catastrophic AI misalignment and loss of control,,Attainable Utility Preservation reward penalty
10,41,24,35,245,24,Existential catastrophe from misaligned AI,,Human-preference reward model fine-tuning
12,123,24,8,56,24,Catastrophic risks from misaligned advanced AI,,Expand AI Safety Research Funding and Capacity
12,123,24,11,56,24,Catastrophic risks from misaligned advanced AI,,Public AI risk outreach and educational dissemination
16,341,24,22,25,24,Insufficient AI safety research capacity,,Deployment-time confidence filtering and rejection sampling
4,9,24,8,538,24,Unsafe and Sample-Inefficient RL Exploration,AI safety capacity building via funding and fellowships,Expand AI Safety Research Funding and Capacity
9,167,23,35,34,23,Deployed AI Misalignment Causes Societal Harm,,Human-preference reward model fine-tuning
9,167,23,19,23,23,Deployed AI Misalignment Causes Societal Harm,,Demonstration-Based Policy Pretraining
21,192,23,15,58,23,Catastrophic AI misalignment and loss of control,,Pre-deployment mechanistic interpretability audits
16,345,23,29,25,23,Insufficient AI safety research capacity,,"Neuroscience validation platforms for cognition, emulation, and alignment research"
16,344,23,29,25,23,Insufficient AI safety research capacity,,"Neuroscience validation platforms for cognition, emulation, and alignment research"
7,35,23,24,271,23,Human extinction from misaligned superintelligent AI,Human-feedback reward modeling for alignment,RLHF fine-tuning for aligned language models
16,40,23,11,260,23,Insufficient AI safety research capacity,,Public AI risk outreach and educational dissemination
16,355,23,4,24,23,Insufficient AI safety research capacity,,Pre-deployment safety gates and controlled release
17,24,23,5,73,23,Adversarial Image Classification Misclassification,Adversarial robustness training via optimized perturbations,Pre-deployment adversarial red-teaming and robustness testing
16,354,23,32,24,23,Insufficient AI safety research capacity,,Attainable Utility Preservation reward penalty
2,70,23,8,172,23,AI arms race causing unsafe deployment,,Expand AI Safety Research Funding and Capacity
26,359,23,24,24,23,Misaligned AGI existential catastrophe,,RLHF fine-tuning for aligned language models
17,24,23,6,255,23,Adversarial Image Classification Misclassification,Adversarial robustness training via optimized perturbations,PGD Adversarial Training for Robust Fine-Tuning
25,26,23,8,323,23,Misaligned Superintelligent AI Existential Risk,Funding-driven expansion of AI safety capacity,Expand AI Safety Research Funding and Capacity
7,47,23,32,228,23,Human extinction from misaligned superintelligent AI,,Attainable Utility Preservation reward penalty
7,0,23,11,264,23,Human extinction from misaligned superintelligent AI,Funding and training to build AI safety capacity,Public AI risk outreach and educational dissemination
7,0,23,8,6678,23,Human extinction from misaligned superintelligent AI,Funding and training to build AI safety capacity,Expand AI Safety Research Funding and Capacity
21,193,23,8,58,23,Catastrophic AI misalignment and loss of control,,Expand AI Safety Research Funding and Capacity
21,191,23,5,58,23,Catastrophic AI misalignment and loss of control,,Pre-deployment adversarial red-teaming and robustness testing
4,167,28,19,23,23,Unsafe and Sample-Inefficient RL Exploration,,Demonstration-Based Policy Pretraining
10,142,22,4,92,22,Existential catastrophe from misaligned AI,,Pre-deployment safety gates and controlled release
16,78,22,11,169,22,Insufficient AI safety research capacity,,Public AI risk outreach and educational dissemination
6,371,23,8,22,22,Reward Misspecification and Reward Hacking,,Expand AI Safety Research Funding and Capacity
16,364,22,5,23,22,Insufficient AI safety research capacity,,Pre-deployment adversarial red-teaming and robustness testing
16,353,22,6,24,22,Insufficient AI safety research capacity,,PGD Adversarial Training for Robust Fine-Tuning
38,124,22,37,111,22,Catastrophic AGI Misalignment Risk,,ROME-based factual knowledge editing
20,298,22,8,30,22,Deceptive alignment and hidden objectives,,Expand AI Safety Research Funding and Capacity
7,5,22,24,855,22,Human extinction from misaligned superintelligent AI,Human feedback loops for objective alignment,RLHF fine-tuning for aligned language models
26,272,22,11,33,22,Misaligned AGI existential catastrophe,,Public AI risk outreach and educational dissemination
0,0,22,8,6678,22,Out-of-distribution generalization failure,Funding and training to build AI safety capacity,Expand AI Safety Research Funding and Capacity
0,0,22,11,264,22,Out-of-distribution generalization failure,Funding and training to build AI safety capacity,Public AI risk outreach and educational dissemination
17,0,22,8,6678,22,Adversarial Image Classification Misclassification,Funding and training to build AI safety capacity,Expand AI Safety Research Funding and Capacity
35,287,22,8,32,22,Advanced AI value misalignment risk,,Expand AI Safety Research Funding and Capacity
16,366,22,5,23,22,Insufficient AI safety research capacity,,Pre-deployment adversarial red-teaming and robustness testing
6,41,22,35,245,22,Reward Misspecification and Reward Hacking,,Human-preference reward model fine-tuning
16,379,22,32,22,22,Insufficient AI safety research capacity,,Attainable Utility Preservation reward penalty
16,342,22,4,25,22,Insufficient AI safety research capacity,,Pre-deployment safety gates and controlled release
35,387,22,8,22,22,Advanced AI value misalignment risk,,Expand AI Safety Research Funding and Capacity
17,0,22,11,264,22,Adversarial Image Classification Misclassification,Funding and training to build AI safety capacity,Public AI risk outreach and educational dissemination
16,365,22,10,23,22,Insufficient AI safety research capacity,,Governed AI oversight and compliance regimes
16,373,22,4,22,22,Insufficient AI safety research capacity,,Pre-deployment safety gates and controlled release
18,8,22,8,316,22,Catastrophic Superintelligent AI Misalignment,Grant-funded AI safety talent pipeline,Expand AI Safety Research Funding and Capacity
18,8,22,11,362,22,Catastrophic Superintelligent AI Misalignment,Grant-funded AI safety talent pipeline,Public AI risk outreach and educational dissemination
12,20,22,35,360,22,Catastrophic risks from misaligned advanced AI,Human-feedback alignment and goal specification,Human-preference reward model fine-tuning
12,70,22,8,172,22,Catastrophic risks from misaligned advanced AI,,Expand AI Safety Research Funding and Capacity
20,271,22,8,27,22,Deceptive alignment and hidden objectives,,Expand AI Safety Research Funding and Capacity
17,337,21,6,24,21,Adversarial Image Classification Misclassification,,PGD Adversarial Training for Robust Fine-Tuning
10,195,21,8,56,21,Existential catastrophe from misaligned AI,,Expand AI Safety Research Funding and Capacity
38,148,21,22,85,21,Catastrophic AGI Misalignment Risk,,Deployment-time confidence filtering and rejection sampling
22,389,22,8,21,21,Deceptive and Harmful Language Model Outputs,,Expand AI Safety Research Funding and Capacity
2,256,21,8,35,21,AI arms race causing unsafe deployment,,Expand AI Safety Research Funding and Capacity
38,3,21,19,600,21,Catastrophic AGI Misalignment Risk,Robust reward learning and specification gaming,Demonstration-Based Policy Pretraining
38,182,21,8,63,21,Catastrophic AGI Misalignment Risk,,Expand AI Safety Research Funding and Capacity
16,116,21,38,122,21,Insufficient AI safety research capacity,,Incentivized AI forecasting and prediction systems
38,196,21,4,40,21,Catastrophic AGI Misalignment Risk,,Pre-deployment safety gates and controlled release
16,377,21,6,22,21,Insufficient AI safety research capacity,,PGD Adversarial Training for Robust Fine-Tuning
38,3,21,5,300,21,Catastrophic AGI Misalignment Risk,Robust reward learning and specification gaming,Pre-deployment adversarial red-teaming and robustness testing
10,262,21,4,34,21,Existential catastrophe from misaligned AI,,Pre-deployment safety gates and controlled release
14,0,21,8,6678,21,Unsafe AI Decisions in High-Stakes Settings,Funding and training to build AI safety capacity,Expand AI Safety Research Funding and Capacity
18,19,21,35,377,21,Catastrophic Superintelligent AI Misalignment,Human feedback reward-model alignment,Human-preference reward model fine-tuning
4,322,21,8,28,21,Unsafe and Sample-Inefficient RL Exploration,,Expand AI Safety Research Funding and Capacity
16,376,21,15,22,21,Insufficient AI safety research capacity,,Pre-deployment mechanistic interpretability audits
16,147,21,8,86,21,Insufficient AI safety research capacity,,Expand AI Safety Research Funding and Capacity
10,140,21,8,84,21,Existential catastrophe from misaligned AI,,Expand AI Safety Research Funding and Capacity
12,118,21,10,118,21,Catastrophic risks from misaligned advanced AI,,Governed AI oversight and compliance regimes
16,375,21,24,22,21,Insufficient AI safety research capacity,,RLHF fine-tuning for aligned language models
14,0,21,11,264,21,Unsafe AI Decisions in High-Stakes Settings,Funding and training to build AI safety capacity,Public AI risk outreach and educational dissemination
7,350,20,12,25,20,Human extinction from misaligned superintelligent AI,,Pre-deployment bias auditing and fairness mitigation
7,245,20,24,36,20,Human extinction from misaligned superintelligent AI,,RLHF fine-tuning for aligned language models
26,49,20,8,228,20,Misaligned AGI existential catastrophe,,Expand AI Safety Research Funding and Capacity
16,378,20,8,22,20,Insufficient AI safety research capacity,,Expand AI Safety Research Funding and Capacity
26,63,20,8,194,20,Misaligned AGI existential catastrophe,,Expand AI Safety Research Funding and Capacity
16,374,20,24,22,20,Insufficient AI safety research capacity,,RLHF fine-tuning for aligned language models
26,86,20,24,157,20,Misaligned AGI existential catastrophe,,RLHF fine-tuning for aligned language models
16,392,20,5,21,20,Insufficient AI safety research capacity,,Pre-deployment adversarial red-teaming and robustness testing
21,157,20,4,79,20,Catastrophic AI misalignment and loss of control,,Pre-deployment safety gates and controlled release
24,175,20,8,68,20,Objective Misspecification and Misaligned Optimization,,Expand AI Safety Research Funding and Capacity
12,146,20,8,87,20,Catastrophic risks from misaligned advanced AI,,Expand AI Safety Research Funding and Capacity
25,113,20,11,125,20,Misaligned Superintelligent AI Existential Risk,,Public AI risk outreach and educational dissemination
10,95,20,4,148,20,Existential catastrophe from misaligned AI,,Pre-deployment safety gates and controlled release
6,1,20,8,1372,20,Reward Misspecification and Reward Hacking,Funding and consensus-building for AI safety capacity,Expand AI Safety Research Funding and Capacity
7,16,20,17,391,20,Human extinction from misaligned superintelligent AI,Utility-shaping and power-seeking mitigation mechanisms,Runtime control and coordination modules
16,391,20,13,21,20,Insufficient AI safety research capacity,,Multi-objective recommender ranking with safety penalties
16,393,20,35,21,20,Insufficient AI safety research capacity,,Human-preference reward model fine-tuning
10,106,20,5,135,20,Existential catastrophe from misaligned AI,,Pre-deployment adversarial red-teaming and robustness testing
10,116,20,38,122,20,Existential catastrophe from misaligned AI,,Incentivized AI forecasting and prediction systems
6,264,20,4,34,20,Reward Misspecification and Reward Hacking,,Pre-deployment safety gates and controlled release
6,1,20,11,277,20,Reward Misspecification and Reward Hacking,Funding and consensus-building for AI safety capacity,Public AI risk outreach and educational dissemination
18,4,20,4,894,20,Catastrophic Superintelligent AI Misalignment,Corrigible transparency and secure oversight mechanisms,Pre-deployment safety gates and controlled release
35,19,20,35,377,20,Advanced AI value misalignment risk,Human feedback reward-model alignment,Human-preference reward model fine-tuning
9,109,20,8,122,20,Deployed AI Misalignment Causes Societal Harm,,Expand AI Safety Research Funding and Capacity
16,372,20,4,22,20,Insufficient AI safety research capacity,,Pre-deployment safety gates and controlled release
16,404,19,10,20,19,Insufficient AI safety research capacity,,Governed AI oversight and compliance regimes
20,109,19,8,122,19,Deceptive alignment and hidden objectives,,Expand AI Safety Research Funding and Capacity
35,427,19,8,19,19,Advanced AI value misalignment risk,,Expand AI Safety Research Funding and Capacity
16,407,19,18,20,19,Insufficient AI safety research capacity,,Critique-guided fine-tuning and human feedback
18,2,19,8,1210,19,Catastrophic Superintelligent AI Misalignment,AI safety research funding and capacity building,Expand AI Safety Research Funding and Capacity
16,363,19,10,23,19,Insufficient AI safety research capacity,,Governed AI oversight and compliance regimes
21,24,19,5,73,19,Catastrophic AI misalignment and loss of control,Adversarial robustness training via optimized perturbations,Pre-deployment adversarial red-teaming and robustness testing
21,24,19,6,255,19,Catastrophic AI misalignment and loss of control,Adversarial robustness training via optimized perturbations,PGD Adversarial Training for Robust Fine-Tuning
6,2,19,8,1210,19,Reward Misspecification and Reward Hacking,AI safety research funding and capacity building,Expand AI Safety Research Funding and Capacity
26,182,19,8,63,19,Misaligned AGI existential catastrophe,,Expand AI Safety Research Funding and Capacity
16,405,19,5,20,19,Insufficient AI safety research capacity,,Pre-deployment adversarial red-teaming and robustness testing
21,43,19,39,246,19,Catastrophic AI misalignment and loss of control,,Export controls on advanced AI hardware
16,408,19,6,20,19,Insufficient AI safety research capacity,,PGD Adversarial Training for Robust Fine-Tuning
7,224,19,8,42,19,Human extinction from misaligned superintelligent AI,,Expand AI Safety Research Funding and Capacity
7,386,19,35,22,19,Human extinction from misaligned superintelligent AI,,Human-preference reward model fine-tuning
6,198,19,2,56,19,Reward Misspecification and Reward Hacking,,MCTS-Guided RL Planning and Training
0,6,19,6,662,19,Out-of-distribution generalization failure,Adversarial robustness through PGD training,PGD Adversarial Training for Robust Fine-Tuning
16,406,19,24,20,19,Insufficient AI safety research capacity,,RLHF fine-tuning for aligned language models
10,129,19,32,104,19,Existential catastrophe from misaligned AI,,Attainable Utility Preservation reward penalty
35,257,19,8,30,19,Advanced AI value misalignment risk,,Expand AI Safety Research Funding and Capacity
16,390,19,1,21,19,Insufficient AI safety research capacity,,Continuous anomaly monitoring and safety tripwires
35,361,20,6,19,19,Advanced AI value misalignment risk,,PGD Adversarial Training for Robust Fine-Tuning
0,6,19,5,74,19,Out-of-distribution generalization failure,Adversarial robustness through PGD training,Pre-deployment adversarial red-teaming and robustness testing
38,158,19,4,78,19,Catastrophic AGI Misalignment Risk,,Pre-deployment safety gates and controlled release
18,1,18,8,1372,18,Catastrophic Superintelligent AI Misalignment,Funding and consensus-building for AI safety capacity,Expand AI Safety Research Funding and Capacity
34,456,18,8,18,18,Instrumental power-seeking by advanced AI agents,,Expand AI Safety Research Funding and Capacity
6,3,18,5,300,18,Reward Misspecification and Reward Hacking,Robust reward learning and specification gaming,Pre-deployment adversarial red-teaming and robustness testing
6,3,18,19,600,18,Reward Misspecification and Reward Hacking,Robust reward learning and specification gaming,Demonstration-Based Policy Pretraining
16,105,18,8,135,18,Insufficient AI safety research capacity,,Expand AI Safety Research Funding and Capacity
7,33,18,35,274,18,Human extinction from misaligned superintelligent AI,Human feedback reward modeling for alignment,Human-preference reward model fine-tuning
16,248,18,8,36,18,Insufficient AI safety research capacity,,Expand AI Safety Research Funding and Capacity
6,299,18,24,30,18,Reward Misspecification and Reward Hacking,,RLHF fine-tuning for aligned language models
12,84,18,32,160,18,Catastrophic risks from misaligned advanced AI,,Attainable Utility Preservation reward penalty
16,422,18,4,19,18,Insufficient AI safety research capacity,,Pre-deployment safety gates and controlled release
38,12,18,8,429,18,Catastrophic AGI Misalignment Risk,Building AI safety capacity through funded training,Expand AI Safety Research Funding and Capacity
7,234,18,5,39,18,Human extinction from misaligned superintelligent AI,,Pre-deployment adversarial red-teaming and robustness testing
25,14,18,8,399,18,Misaligned Superintelligent AI Existential Risk,Capacity-building through funded safety talent and oversight,Expand AI Safety Research Funding and Capacity
18,10,18,8,517,18,Catastrophic Superintelligent AI Misalignment,Funding-driven growth of AI safety research capacity,Expand AI Safety Research Funding and Capacity
2,330,18,24,27,18,AI arms race causing unsafe deployment,,RLHF fine-tuning for aligned language models
16,212,18,35,21,18,Insufficient AI safety research capacity,,Human-preference reward model fine-tuning
10,76,18,8,168,18,Existential catastrophe from misaligned AI,,Expand AI Safety Research Funding and Capacity
18,55,18,35,70,18,Catastrophic Superintelligent AI Misalignment,,Human-preference reward model fine-tuning
18,55,18,18,141,18,Catastrophic Superintelligent AI Misalignment,,Critique-guided fine-tuning and human feedback
10,334,18,1,26,18,Existential catastrophe from misaligned AI,,Continuous anomaly monitoring and safety tripwires
35,385,18,8,22,18,Advanced AI value misalignment risk,,Expand AI Safety Research Funding and Capacity
18,244,18,35,36,18,Catastrophic Superintelligent AI Misalignment,,Human-preference reward model fine-tuning
1,25,18,39,325,18,Malicious misuse of frontier AI for large-scale harm,Compute supply chain controls for AI governance,Export controls on advanced AI hardware
7,327,18,8,27,18,Human extinction from misaligned superintelligent AI,,Expand AI Safety Research Funding and Capacity
12,46,18,5,67,18,Catastrophic risks from misaligned advanced AI,,Pre-deployment adversarial red-teaming and robustness testing
12,46,18,6,163,18,Catastrophic risks from misaligned advanced AI,,PGD Adversarial Training for Robust Fine-Tuning
18,1,18,11,277,18,Catastrophic Superintelligent AI Misalignment,Funding and consensus-building for AI safety capacity,Public AI risk outreach and educational dissemination
14,455,18,8,18,18,Unsafe AI Decisions in High-Stakes Settings,,Expand AI Safety Research Funding and Capacity
16,212,18,8,27,18,Insufficient AI safety research capacity,,Expand AI Safety Research Funding and Capacity
10,229,18,35,39,18,Existential catastrophe from misaligned AI,,Human-preference reward model fine-tuning
25,55,18,18,141,18,Misaligned Superintelligent AI Existential Risk,,Critique-guided fine-tuning and human feedback
25,55,18,35,70,18,Misaligned Superintelligent AI Existential Risk,,Human-preference reward model fine-tuning
25,97,18,1,146,18,Misaligned Superintelligent AI Existential Risk,,Continuous anomaly monitoring and safety tripwires
16,204,49,35,17,17,Insufficient AI safety research capacity,,Human-preference reward model fine-tuning
28,140,17,8,84,17,Algorithmic discrimination in high-stakes decisions,,Expand AI Safety Research Funding and Capacity
16,434,17,24,18,17,Insufficient AI safety research capacity,,RLHF fine-tuning for aligned language models
6,273,17,35,33,17,Reward Misspecification and Reward Hacking,,Human-preference reward model fine-tuning
25,46,17,5,67,17,Misaligned Superintelligent AI Existential Risk,,Pre-deployment adversarial red-teaming and robustness testing
25,46,17,6,163,17,Misaligned Superintelligent AI Existential Risk,,PGD Adversarial Training for Robust Fine-Tuning
18,192,17,15,58,17,Catastrophic Superintelligent AI Misalignment,,Pre-deployment mechanistic interpretability audits
10,147,17,8,86,17,Existential catastrophe from misaligned AI,,Expand AI Safety Research Funding and Capacity
2,474,17,8,17,17,AI arms race causing unsafe deployment,,Expand AI Safety Research Funding and Capacity
18,193,17,8,58,17,Catastrophic Superintelligent AI Misalignment,,Expand AI Safety Research Funding and Capacity
21,395,17,8,21,17,Catastrophic AI misalignment and loss of control,,Expand AI Safety Research Funding and Capacity
21,46,17,5,67,17,Catastrophic AI misalignment and loss of control,,Pre-deployment adversarial red-teaming and robustness testing
21,46,17,6,163,17,Catastrophic AI misalignment and loss of control,,PGD Adversarial Training for Robust Fine-Tuning
7,218,17,8,44,17,Human extinction from misaligned superintelligent AI,,Expand AI Safety Research Funding and Capacity
7,80,17,35,165,17,Human extinction from misaligned superintelligent AI,,Human-preference reward model fine-tuning
6,449,17,24,18,17,Reward Misspecification and Reward Hacking,,RLHF fine-tuning for aligned language models
19,109,17,8,122,17,Misaligned AI takeover and human disempowerment,,Expand AI Safety Research Funding and Capacity
25,88,17,24,157,17,Misaligned Superintelligent AI Existential Risk,,RLHF fine-tuning for aligned language models
16,433,17,38,18,17,Insufficient AI safety research capacity,,Incentivized AI forecasting and prediction systems
26,42,17,5,248,17,Misaligned AGI existential catastrophe,,Pre-deployment adversarial red-teaming and robustness testing
12,25,17,39,325,17,Catastrophic risks from misaligned advanced AI,Compute supply chain controls for AI governance,Export controls on advanced AI hardware
12,394,17,5,21,17,Catastrophic risks from misaligned advanced AI,,Pre-deployment adversarial red-teaming and robustness testing
10,101,17,35,129,17,Existential catastrophe from misaligned AI,,Human-preference reward model fine-tuning
6,212,17,35,21,17,Reward Misspecification and Reward Hacking,,Human-preference reward model fine-tuning
6,212,17,8,27,17,Reward Misspecification and Reward Hacking,,Expand AI Safety Research Funding and Capacity
26,39,17,8,263,17,Misaligned AGI existential catastrophe,Risk forecasting drives elite cost-benefit action,Expand AI Safety Research Funding and Capacity
16,205,46,5,17,17,Insufficient AI safety research capacity,,Pre-deployment adversarial red-teaming and robustness testing
16,409,17,17,20,17,Insufficient AI safety research capacity,,Runtime control and coordination modules
19,300,16,8,28,16,Misaligned AI takeover and human disempowerment,,Expand AI Safety Research Funding and Capacity
1,453,16,6,16,16,Malicious misuse of frontier AI for large-scale harm,,PGD Adversarial Training for Robust Fine-Tuning
6,517,16,8,16,16,Reward Misspecification and Reward Hacking,,Expand AI Safety Research Funding and Capacity
10,196,27,5,16,16,Existential catastrophe from misaligned AI,,Pre-deployment adversarial red-teaming and robustness testing
6,55,16,18,141,16,Reward Misspecification and Reward Hacking,,Critique-guided fine-tuning and human feedback
16,195,16,8,56,16,Insufficient AI safety research capacity,,Expand AI Safety Research Funding and Capacity
1,6,16,5,74,16,Malicious misuse of frontier AI for large-scale harm,Adversarial robustness through PGD training,Pre-deployment adversarial red-teaming and robustness testing
1,6,16,6,662,16,Malicious misuse of frontier AI for large-scale harm,Adversarial robustness through PGD training,PGD Adversarial Training for Robust Fine-Tuning
38,196,21,5,16,16,Catastrophic AGI Misalignment Risk,,Pre-deployment adversarial red-teaming and robustness testing
18,191,16,5,58,16,Catastrophic Superintelligent AI Misalignment,,Pre-deployment adversarial red-teaming and robustness testing
22,519,16,8,16,16,Deceptive and Harmful Language Model Outputs,,Expand AI Safety Research Funding and Capacity
22,524,16,8,16,16,Deceptive and Harmful Language Model Outputs,,Expand AI Safety Research Funding and Capacity
25,224,16,8,42,16,Misaligned Superintelligent AI Existential Risk,,Expand AI Safety Research Funding and Capacity
2,321,16,4,28,16,AI arms race causing unsafe deployment,,Pre-deployment safety gates and controlled release
16,476,16,17,16,16,Insufficient AI safety research capacity,,Runtime control and coordination modules
26,47,16,32,228,16,Misaligned AGI existential catastrophe,,Attainable Utility Preservation reward penalty
16,144,16,8,90,16,Insufficient AI safety research capacity,,Expand AI Safety Research Funding and Capacity
16,478,16,10,16,16,Insufficient AI safety research capacity,,Governed AI oversight and compliance regimes
35,370,16,35,23,16,Advanced AI value misalignment risk,,Human-preference reward model fine-tuning
16,460,16,8,17,16,Insufficient AI safety research capacity,,Expand AI Safety Research Funding and Capacity
16,459,16,15,17,16,Insufficient AI safety research capacity,,Pre-deployment mechanistic interpretability audits
20,382,16,24,22,16,Deceptive alignment and hidden objectives,,RLHF fine-tuning for aligned language models
38,15,16,39,394,16,Catastrophic AGI Misalignment Risk,Compute chokepoints enabling scalable governance,Export controls on advanced AI hardware
4,415,16,26,20,16,Unsafe and Sample-Inefficient RL Exploration,,Reward-guided RL fine-tuning with safety constraints
25,35,16,24,271,16,Misaligned Superintelligent AI Existential Risk,Human-feedback reward modeling for alignment,RLHF fine-tuning for aligned language models
6,55,16,35,70,16,Reward Misspecification and Reward Hacking,,Human-preference reward model fine-tuning
25,83,16,15,162,16,Misaligned Superintelligent AI Existential Risk,,Pre-deployment mechanistic interpretability audits
16,477,16,5,16,16,Insufficient AI safety research capacity,,Pre-deployment adversarial red-teaming and robustness testing
18,145,16,5,89,16,Catastrophic Superintelligent AI Misalignment,,Pre-deployment adversarial red-teaming and robustness testing
17,46,16,5,67,16,Adversarial Image Classification Misclassification,,Pre-deployment adversarial red-teaming and robustness testing
3,507,16,8,16,16,Opaque Transformer Reasoning Undermines Safety Oversight,,Expand AI Safety Research Funding and Capacity
38,63,16,8,194,16,Catastrophic AGI Misalignment Risk,,Expand AI Safety Research Funding and Capacity
17,46,16,6,163,16,Adversarial Image Classification Misclassification,,PGD Adversarial Training for Robust Fine-Tuning
7,368,16,8,21,16,Human extinction from misaligned superintelligent AI,,Expand AI Safety Research Funding and Capacity
16,458,16,5,17,16,Insufficient AI safety research capacity,,Pre-deployment adversarial red-teaming and robustness testing
5,482,16,9,16,16,Compute and data inefficiency in AI training,,Choose robust model architectures at design time
16,481,16,28,16,16,Insufficient AI safety research capacity,,International treaty banning autonomous weapons
25,82,16,1,162,16,Misaligned Superintelligent AI Existential Risk,,Continuous anomaly monitoring and safety tripwires
16,14,16,8,399,16,Insufficient AI safety research capacity,Capacity-building through funded safety talent and oversight,Expand AI Safety Research Funding and Capacity
26,149,67,24,16,16,Misaligned AGI existential catastrophe,,RLHF fine-tuning for aligned language models
19,4,16,4,894,16,Misaligned AI takeover and human disempowerment,Corrigible transparency and secure oversight mechanisms,Pre-deployment safety gates and controlled release
25,79,16,1,166,16,Misaligned Superintelligent AI Existential Risk,,Continuous anomaly monitoring and safety tripwires
12,19,16,35,377,16,Catastrophic risks from misaligned advanced AI,Human feedback reward-model alignment,Human-preference reward model fine-tuning
18,34,16,15,270,16,Catastrophic Superintelligent AI Misalignment,Mechanistic interpretability for hidden model cognition,Pre-deployment mechanistic interpretability audits
16,424,16,4,19,16,Insufficient AI safety research capacity,,Pre-deployment safety gates and controlled release
4,265,16,35,34,16,Unsafe and Sample-Inefficient RL Exploration,,Human-preference reward model fine-tuning
35,273,15,35,33,15,Advanced AI value misalignment risk,,Human-preference reward model fine-tuning
9,535,15,36,15,15,Deployed AI Misalignment Causes Societal Harm,,Robustness-Oriented Training Data Augmentation
38,99,15,8,145,15,Catastrophic AGI Misalignment Risk,,Expand AI Safety Research Funding and Capacity
8,52,15,8,215,15,Human-AI Coordination Failure in Shared Environments,,Expand AI Safety Research Funding and Capacity
16,463,15,4,17,15,Insufficient AI safety research capacity,,Pre-deployment safety gates and controlled release
7,454,15,5,18,15,Human extinction from misaligned superintelligent AI,,Pre-deployment adversarial red-teaming and robustness testing
2,349,15,6,25,15,AI arms race causing unsafe deployment,,PGD Adversarial Training for Robust Fine-Tuning
2,516,16,8,15,15,AI arms race causing unsafe deployment,,Expand AI Safety Research Funding and Capacity
35,22,15,26,342,15,Advanced AI value misalignment risk,Preference learning and reward alignment mechanisms,Reward-guided RL fine-tuning with safety constraints
10,521,16,8,15,15,Existential catastrophe from misaligned AI,,Expand AI Safety Research Funding and Capacity
25,77,15,8,172,15,Misaligned Superintelligent AI Existential Risk,,Expand AI Safety Research Funding and Capacity
9,17,15,10,371,15,Deployed AI Misalignment Causes Societal Harm,Global governance enables coordinated AI safety controls,Governed AI oversight and compliance regimes
7,472,15,5,17,15,Human extinction from misaligned superintelligent AI,,Pre-deployment adversarial red-teaming and robustness testing
2,473,17,8,15,15,AI arms race causing unsafe deployment,,Expand AI Safety Research Funding and Capacity
2,10,15,8,517,15,AI arms race causing unsafe deployment,Funding-driven growth of AI safety research capacity,Expand AI Safety Research Funding and Capacity
38,127,15,4,107,15,Catastrophic AGI Misalignment Risk,,Pre-deployment safety gates and controlled release
35,416,15,35,20,15,Advanced AI value misalignment risk,,Human-preference reward model fine-tuning
26,19,15,35,377,15,Misaligned AGI existential catastrophe,Human feedback reward-model alignment,Human-preference reward model fine-tuning
35,397,15,26,21,15,Advanced AI value misalignment risk,,Reward-guided RL fine-tuning with safety constraints
17,369,15,34,21,15,Adversarial Image Classification Misclassification,,Large-scale pretraining before task fine-tuning
25,106,15,5,135,15,Misaligned Superintelligent AI Existential Risk,,Pre-deployment adversarial red-teaming and robustness testing
26,24,15,6,255,15,Misaligned AGI existential catastrophe,Adversarial robustness training via optimized perturbations,PGD Adversarial Training for Robust Fine-Tuning
26,71,15,35,178,15,Misaligned AGI existential catastrophe,,Human-preference reward model fine-tuning
26,24,15,5,73,15,Misaligned AGI existential catastrophe,Adversarial robustness training via optimized perturbations,Pre-deployment adversarial red-teaming and robustness testing
12,1,15,8,1372,15,Catastrophic risks from misaligned advanced AI,Funding and consensus-building for AI safety capacity,Expand AI Safety Research Funding and Capacity
12,1,15,11,277,15,Catastrophic risks from misaligned advanced AI,Funding and consensus-building for AI safety capacity,Public AI risk outreach and educational dissemination
25,71,15,35,178,15,Misaligned Superintelligent AI Existential Risk,,Human-preference reward model fine-tuning
1,518,15,8,16,15,Malicious misuse of frontier AI for large-scale harm,,Expand AI Safety Research Funding and Capacity
6,396,15,35,21,15,Reward Misspecification and Reward Hacking,,Human-preference reward model fine-tuning
17,414,15,6,20,15,Adversarial Image Classification Misclassification,,PGD Adversarial Training for Robust Fine-Tuning
1,421,15,8,16,15,Malicious misuse of frontier AI for large-scale harm,,Expand AI Safety Research Funding and Capacity
26,119,15,10,117,15,Misaligned AGI existential catastrophe,,Governed AI oversight and compliance regimes
6,122,15,24,114,15,Reward Misspecification and Reward Hacking,,RLHF fine-tuning for aligned language models
20,333,15,8,26,15,Deceptive alignment and hidden objectives,,Expand AI Safety Research Funding and Capacity
4,17,15,10,371,15,Unsafe and Sample-Inefficient RL Exploration,Global governance enables coordinated AI safety controls,Governed AI oversight and compliance regimes
35,548,15,8,15,15,Advanced AI value misalignment risk,,Expand AI Safety Research Funding and Capacity
1,3,15,5,300,15,Malicious misuse of frontier AI for large-scale harm,Robust reward learning and specification gaming,Pre-deployment adversarial red-teaming and robustness testing
1,3,15,19,600,15,Malicious misuse of frontier AI for large-scale harm,Robust reward learning and specification gaming,Demonstration-Based Policy Pretraining
2,9,14,8,538,14,AI arms race causing unsafe deployment,AI safety capacity building via funding and fellowships,Expand AI Safety Research Funding and Capacity
20,402,15,19,14,14,Deceptive alignment and hidden objectives,,Demonstration-Based Policy Pretraining
7,540,14,8,15,14,Human extinction from misaligned superintelligent AI,,Expand AI Safety Research Funding and Capacity
6,356,14,8,24,14,Reward Misspecification and Reward Hacking,,Expand AI Safety Research Funding and Capacity
10,523,16,8,14,14,Existential catastrophe from misaligned AI,,Expand AI Safety Research Funding and Capacity
2,412,14,8,20,14,AI arms race causing unsafe deployment,,Expand AI Safety Research Funding and Capacity
1,522,16,8,14,14,Malicious misuse of frontier AI for large-scale harm,,Expand AI Safety Research Funding and Capacity
7,543,14,28,15,14,Human extinction from misaligned superintelligent AI,,International treaty banning autonomous weapons
25,126,14,5,110,14,Misaligned Superintelligent AI Existential Risk,,Pre-deployment adversarial red-teaming and robustness testing
6,565,14,8,14,14,Reward Misspecification and Reward Hacking,,Expand AI Safety Research Funding and Capacity
8,563,14,8,14,14,Human-AI Coordination Failure in Shared Environments,,Expand AI Safety Research Funding and Capacity
8,564,14,8,14,14,Human-AI Coordination Failure in Shared Environments,,Expand AI Safety Research Funding and Capacity
15,338,14,4,26,14,Opaque AI decision-making undermines oversight and safety,,Pre-deployment safety gates and controlled release
7,545,14,4,15,14,Human extinction from misaligned superintelligent AI,,Pre-deployment safety gates and controlled release
25,34,14,15,270,14,Misaligned Superintelligent AI Existential Risk,Mechanistic interpretability for hidden model cognition,Pre-deployment mechanistic interpretability audits
21,31,14,35,288,14,Catastrophic AI misalignment and loss of control,Human-feedback reward modeling for objective alignment,Human-preference reward model fine-tuning
35,109,14,8,122,14,Advanced AI value misalignment risk,,Expand AI Safety Research Funding and Capacity
12,18,14,24,189,14,Catastrophic risks from misaligned advanced AI,Human feedback reward-model alignment learning,RLHF fine-tuning for aligned language models
35,582,14,11,14,14,Advanced AI value misalignment risk,,Public AI risk outreach and educational dissemination
26,50,14,8,227,14,Misaligned AGI existential catastrophe,,Expand AI Safety Research Funding and Capacity
6,358,14,8,24,14,Reward Misspecification and Reward Hacking,,Expand AI Safety Research Funding and Capacity
4,65,14,32,191,14,Unsafe and Sample-Inefficient RL Exploration,,Attainable Utility Preservation reward penalty
6,357,14,8,24,14,Reward Misspecification and Reward Hacking,,Expand AI Safety Research Funding and Capacity
34,300,14,8,28,14,Instrumental power-seeking by advanced AI agents,,Expand AI Safety Research Funding and Capacity
21,118,14,10,118,14,Catastrophic AI misalignment and loss of control,,Governed AI oversight and compliance regimes
15,313,14,8,29,14,Opaque AI decision-making undermines oversight and safety,,Expand AI Safety Research Funding and Capacity
12,381,14,4,22,14,Catastrophic risks from misaligned advanced AI,,Pre-deployment safety gates and controlled release
25,69,14,24,180,14,Misaligned Superintelligent AI Existential Risk,,RLHF fine-tuning for aligned language models
12,400,14,4,21,14,Catastrophic risks from misaligned advanced AI,,Pre-deployment safety gates and controlled release
26,148,14,22,85,14,Misaligned AGI existential catastrophe,,Deployment-time confidence filtering and rejection sampling
26,37,14,1,265,14,Misaligned AGI existential catastrophe,Governance-enabled safety capacity escalation,Continuous anomaly monitoring and safety tripwires
16,528,14,26,15,14,Insufficient AI safety research capacity,,Reward-guided RL fine-tuning with safety constraints
9,557,14,8,14,14,Deployed AI Misalignment Causes Societal Harm,,Expand AI Safety Research Funding and Capacity
7,432,14,5,19,14,Human extinction from misaligned superintelligent AI,,Pre-deployment adversarial red-teaming and robustness testing
12,18,14,35,190,14,Catastrophic risks from misaligned advanced AI,Human feedback reward-model alignment learning,Human-preference reward model fine-tuning
9,555,14,35,14,14,Deployed AI Misalignment Causes Societal Harm,,Human-preference reward model fine-tuning
20,383,16,11,14,14,Deceptive alignment and hidden objectives,,Public AI risk outreach and educational dissemination
6,42,14,5,248,14,Reward Misspecification and Reward Hacking,,Pre-deployment adversarial red-teaming and robustness testing
16,26,14,8,323,14,Insufficient AI safety research capacity,Funding-driven expansion of AI safety capacity,Expand AI Safety Research Funding and Capacity
18,72,14,5,177,14,Catastrophic Superintelligent AI Misalignment,,Pre-deployment adversarial red-teaming and robustness testing
20,4,14,4,894,14,Deceptive alignment and hidden objectives,Corrigible transparency and secure oversight mechanisms,Pre-deployment safety gates and controlled release
16,483,13,8,16,13,Insufficient AI safety research capacity,,Expand AI Safety Research Funding and Capacity
16,529,13,8,15,13,Insufficient AI safety research capacity,,Expand AI Safety Research Funding and Capacity
35,398,13,35,21,13,Advanced AI value misalignment risk,,Human-preference reward model fine-tuning
12,466,13,10,17,13,Catastrophic risks from misaligned advanced AI,,Governed AI oversight and compliance regimes
16,530,13,8,15,13,Insufficient AI safety research capacity,,Expand AI Safety Research Funding and Capacity
6,101,13,35,129,13,Reward Misspecification and Reward Hacking,,Human-preference reward model fine-tuning
15,587,13,8,13,13,Opaque AI decision-making undermines oversight and safety,,Expand AI Safety Research Funding and Capacity
9,84,13,32,160,13,Deployed AI Misalignment Causes Societal Harm,,Attainable Utility Preservation reward penalty
21,36,13,8,265,13,Catastrophic AI misalignment and loss of control,Funding and capacity-building for AI safety research,Expand AI Safety Research Funding and Capacity
18,12,13,8,429,13,Catastrophic Superintelligent AI Misalignment,Building AI safety capacity through funded training,Expand AI Safety Research Funding and Capacity
30,140,13,8,84,13,Existential catastrophe and human extinction risks,,Expand AI Safety Research Funding and Capacity
18,43,13,39,246,13,Catastrophic Superintelligent AI Misalignment,,Export controls on advanced AI hardware
38,17,13,10,371,13,Catastrophic AGI Misalignment Risk,Global governance enables coordinated AI safety controls,Governed AI oversight and compliance regimes
18,235,13,5,38,13,Catastrophic Superintelligent AI Misalignment,,Pre-deployment adversarial red-teaming and robustness testing
10,135,13,38,98,13,Existential catastrophe from misaligned AI,,Incentivized AI forecasting and prediction systems
18,186,13,35,62,13,Catastrophic Superintelligent AI Misalignment,,Human-preference reward model fine-tuning
26,411,13,35,17,13,Misaligned AGI existential catastrophe,,Human-preference reward model fine-tuning
15,340,14,4,13,13,Opaque AI decision-making undermines oversight and safety,,Pre-deployment safety gates and controlled release
0,320,13,36,27,13,Out-of-distribution generalization failure,,Robustness-Oriented Training Data Augmentation
15,340,14,11,13,13,Opaque AI decision-making undermines oversight and safety,,Public AI risk outreach and educational dissemination
21,77,13,8,172,13,Catastrophic AI misalignment and loss of control,,Expand AI Safety Research Funding and Capacity
6,80,13,35,165,13,Reward Misspecification and Reward Hacking,,Human-preference reward model fine-tuning
18,50,13,8,227,13,Catastrophic Superintelligent AI Misalignment,,Expand AI Safety Research Funding and Capacity
35,336,13,27,26,13,Advanced AI value misalignment risk,,KL-Regularized RLHF Fine-Tuning
35,607,13,35,13,13,Advanced AI value misalignment risk,,Human-preference reward model fine-tuning
25,41,13,35,245,13,Misaligned Superintelligent AI Existential Risk,,Human-preference reward model fine-tuning
6,219,21,19,13,13,Reward Misspecification and Reward Hacking,,Demonstration-Based Policy Pretraining
12,515,13,4,16,13,Catastrophic risks from misaligned advanced AI,,Pre-deployment safety gates and controlled release
16,384,13,24,22,13,Insufficient AI safety research capacity,,RLHF fine-tuning for aligned language models
16,479,13,5,16,13,Insufficient AI safety research capacity,,Pre-deployment adversarial red-teaming and robustness testing
38,78,13,11,169,13,Catastrophic AGI Misalignment Risk,,Public AI risk outreach and educational dissemination
38,31,13,35,288,13,Catastrophic AGI Misalignment Risk,Human-feedback reward modeling for objective alignment,Human-preference reward model fine-tuning
4,296,13,23,30,13,Unsafe and Sample-Inefficient RL Exploration,,Human-aware predictive robot control and safety planning
6,438,13,6,16,13,Reward Misspecification and Reward Hacking,,PGD Adversarial Training for Robust Fine-Tuning
6,336,13,27,26,13,Reward Misspecification and Reward Hacking,,KL-Regularized RLHF Fine-Tuning
21,67,13,4,184,13,Catastrophic AI misalignment and loss of control,,Pre-deployment safety gates and controlled release
21,15,12,39,394,12,Catastrophic AI misalignment and loss of control,Compute chokepoints enabling scalable governance,Export controls on advanced AI hardware
30,189,12,8,48,12,Existential catastrophe and human extinction risks,,Expand AI Safety Research Funding and Capacity
18,87,12,27,157,12,Catastrophic Superintelligent AI Misalignment,,KL-Regularized RLHF Fine-Tuning
6,4,12,4,894,12,Reward Misspecification and Reward Hacking,Corrigible transparency and secure oversight mechanisms,Pre-deployment safety gates and controlled release
18,63,12,8,194,12,Catastrophic Superintelligent AI Misalignment,,Expand AI Safety Research Funding and Capacity
26,628,12,0,12,12,Misaligned AGI existential catastrophe,,Training-time regularization for robust generalization
20,512,12,10,16,12,Deceptive alignment and hidden objectives,,Governed AI oversight and compliance regimes
35,470,12,8,17,12,Advanced AI value misalignment risk,,Expand AI Safety Research Funding and Capacity
6,360,14,35,12,12,Reward Misspecification and Reward Hacking,,Human-preference reward model fine-tuning
30,189,12,11,12,12,Existential catastrophe and human extinction risks,,Public AI risk outreach and educational dissemination
21,78,12,11,169,12,Catastrophic AI misalignment and loss of control,,Public AI risk outreach and educational dissemination
20,444,12,8,18,12,Deceptive alignment and hidden objectives,,Expand AI Safety Research Funding and Capacity
6,360,14,26,12,12,Reward Misspecification and Reward Hacking,,Reward-guided RL fine-tuning with safety constraints
22,659,12,24,12,12,Deceptive and Harmful Language Model Outputs,,RLHF fine-tuning for aligned language models
4,311,12,26,29,12,Unsafe and Sample-Inefficient RL Exploration,,Reward-guided RL fine-tuning with safety constraints
2,388,14,11,12,12,AI arms race causing unsafe deployment,,Public AI risk outreach and educational dissemination
21,120,12,8,116,12,Catastrophic AI misalignment and loss of control,,Expand AI Safety Research Funding and Capacity
38,8,12,11,362,12,Catastrophic AGI Misalignment Risk,Grant-funded AI safety talent pipeline,Public AI risk outreach and educational dissemination
7,31,12,35,288,12,Human extinction from misaligned superintelligent AI,Human-feedback reward modeling for objective alignment,Human-preference reward model fine-tuning
9,556,14,8,12,12,Deployed AI Misalignment Causes Societal Harm,,Expand AI Safety Research Funding and Capacity
0,609,13,34,12,12,Out-of-distribution generalization failure,,Large-scale pretraining before task fine-tuning
38,1,12,8,1372,12,Catastrophic AGI Misalignment Risk,Funding and consensus-building for AI safety capacity,Expand AI Safety Research Funding and Capacity
38,1,12,11,277,12,Catastrophic AGI Misalignment Risk,Funding and consensus-building for AI safety capacity,Public AI risk outreach and educational dissemination
9,3,12,19,600,12,Deployed AI Misalignment Causes Societal Harm,Robust reward learning and specification gaming,Demonstration-Based Policy Pretraining
25,138,12,15,93,12,Misaligned Superintelligent AI Existential Risk,,Pre-deployment mechanistic interpretability audits
0,610,12,0,12,12,Out-of-distribution generalization failure,,Training-time regularization for robust generalization
9,3,12,5,300,12,Deployed AI Misalignment Causes Societal Harm,Robust reward learning and specification gaming,Pre-deployment adversarial red-teaming and robustness testing
9,189,12,8,48,12,Deployed AI Misalignment Causes Societal Harm,,Expand AI Safety Research Funding and Capacity
9,189,12,11,12,12,Deployed AI Misalignment Causes Societal Harm,,Public AI risk outreach and educational dissemination
25,245,12,24,36,12,Misaligned Superintelligent AI Existential Risk,,RLHF fine-tuning for aligned language models
15,448,12,24,18,12,Opaque AI decision-making undermines oversight and safety,,RLHF fine-tuning for aligned language models
10,127,12,4,107,12,Existential catastrophe from misaligned AI,,Pre-deployment safety gates and controlled release
1,670,12,24,12,12,Malicious misuse of frontier AI for large-scale harm,,RLHF fine-tuning for aligned language models
7,194,12,8,57,12,Human extinction from misaligned superintelligent AI,,Expand AI Safety Research Funding and Capacity
38,8,12,8,316,12,Catastrophic AGI Misalignment Risk,Grant-funded AI safety talent pipeline,Expand AI Safety Research Funding and Capacity
4,600,12,37,13,12,Unsafe and Sample-Inefficient RL Exploration,,ROME-based factual knowledge editing
35,0,12,8,6678,12,Advanced AI value misalignment risk,Funding and training to build AI safety capacity,Expand AI Safety Research Funding and Capacity
7,169,12,35,71,12,Human extinction from misaligned superintelligent AI,,Human-preference reward model fine-tuning
4,85,12,4,159,12,Unsafe and Sample-Inefficient RL Exploration,,Pre-deployment safety gates and controlled release
25,234,12,5,39,12,Misaligned Superintelligent AI Existential Risk,,Pre-deployment adversarial red-teaming and robustness testing
12,13,12,8,403,12,Catastrophic risks from misaligned advanced AI,Grant-driven expansion of AI safety research,Expand AI Safety Research Funding and Capacity
12,208,12,11,51,12,Catastrophic risks from misaligned advanced AI,,Public AI risk outreach and educational dissemination
18,289,12,5,31,12,Catastrophic Superintelligent AI Misalignment,,Pre-deployment adversarial red-teaming and robustness testing
10,426,12,21,19,12,Existential catastrophe from misaligned AI,,Formal Verification for Pre-Deployment AI Safety
21,108,12,8,128,12,Catastrophic AI misalignment and loss of control,,Expand AI Safety Research Funding and Capacity
12,8,12,11,362,12,Catastrophic risks from misaligned advanced AI,Grant-funded AI safety talent pipeline,Public AI risk outreach and educational dissemination
12,8,12,8,316,12,Catastrophic risks from misaligned advanced AI,Grant-funded AI safety talent pipeline,Expand AI Safety Research Funding and Capacity
4,157,12,4,79,12,Unsafe and Sample-Inefficient RL Exploration,,Pre-deployment safety gates and controlled release
10,149,12,35,69,12,Existential catastrophe from misaligned AI,,Human-preference reward model fine-tuning
38,77,12,8,172,12,Catastrophic AGI Misalignment Risk,,Expand AI Safety Research Funding and Capacity
10,149,12,24,16,12,Existential catastrophe from misaligned AI,,RLHF fine-tuning for aligned language models
16,230,24,8,12,12,Insufficient AI safety research capacity,,Expand AI Safety Research Funding and Capacity
12,462,12,4,17,12,Catastrophic risks from misaligned advanced AI,,Pre-deployment safety gates and controlled release
2,246,24,5,12,12,AI arms race causing unsafe deployment,,Pre-deployment adversarial red-teaming and robustness testing
26,38,12,4,264,12,Misaligned AGI existential catastrophe,Elite risk salience enabling safety capacity building,Pre-deployment safety gates and controlled release
12,550,12,6,12,12,Catastrophic risks from misaligned advanced AI,,PGD Adversarial Training for Robust Fine-Tuning
35,579,12,8,14,12,Advanced AI value misalignment risk,,Expand AI Safety Research Funding and Capacity
12,195,12,8,56,12,Catastrophic risks from misaligned advanced AI,,Expand AI Safety Research Funding and Capacity
35,0,12,11,264,12,Advanced AI value misalignment risk,Funding and training to build AI safety capacity,Public AI risk outreach and educational dissemination
9,248,12,8,36,12,Deployed AI Misalignment Causes Societal Harm,,Expand AI Safety Research Funding and Capacity
18,367,12,5,23,12,Catastrophic Superintelligent AI Misalignment,,Pre-deployment adversarial red-teaming and robustness testing
4,601,12,26,13,12,Unsafe and Sample-Inefficient RL Exploration,,Reward-guided RL fine-tuning with safety constraints
25,613,12,38,12,12,Misaligned Superintelligent AI Existential Risk,,Incentivized AI forecasting and prediction systems
25,143,12,6,90,12,Misaligned Superintelligent AI Existential Risk,,PGD Adversarial Training for Robust Fine-Tuning
4,643,12,1,12,12,Unsafe and Sample-Inefficient RL Exploration,,Continuous anomaly monitoring and safety tripwires
26,66,12,35,189,12,Misaligned AGI existential catastrophe,,Human-preference reward model fine-tuning
16,418,12,39,20,12,Insufficient AI safety research capacity,,Export controls on advanced AI hardware
16,403,12,8,21,12,Insufficient AI safety research capacity,,Expand AI Safety Research Funding and Capacity
10,157,12,4,79,12,Existential catastrophe from misaligned AI,,Pre-deployment safety gates and controlled release
35,580,12,8,14,12,Advanced AI value misalignment risk,,Expand AI Safety Research Funding and Capacity
4,639,12,35,12,12,Unsafe and Sample-Inefficient RL Exploration,,Human-preference reward model fine-tuning
16,352,12,8,24,12,Insufficient AI safety research capacity,,Expand AI Safety Research Funding and Capacity
4,640,12,24,12,12,Unsafe and Sample-Inefficient RL Exploration,,RLHF fine-tuning for aligned language models
35,171,12,8,59,12,Advanced AI value misalignment risk,,Expand AI Safety Research Funding and Capacity
34,1,12,8,1372,12,Instrumental power-seeking by advanced AI agents,Funding and consensus-building for AI safety capacity,Expand AI Safety Research Funding and Capacity
34,290,12,8,25,12,Instrumental power-seeking by advanced AI agents,,Expand AI Safety Research Funding and Capacity
4,208,12,11,51,12,Unsafe and Sample-Inefficient RL Exploration,,Public AI risk outreach and educational dissemination
34,1,12,11,277,12,Instrumental power-seeking by advanced AI agents,Funding and consensus-building for AI safety capacity,Public AI risk outreach and educational dissemination
4,641,12,36,12,12,Unsafe and Sample-Inefficient RL Exploration,,Robustness-Oriented Training Data Augmentation
17,638,12,5,12,12,Adversarial Image Classification Misclassification,,Pre-deployment adversarial red-teaming and robustness testing
25,193,11,8,58,11,Misaligned Superintelligent AI Existential Risk,,Expand AI Safety Research Funding and Capacity
25,104,11,4,135,11,Misaligned Superintelligent AI Existential Risk,,Pre-deployment safety gates and controlled release
35,660,11,11,12,11,Advanced AI value misalignment risk,,Public AI risk outreach and educational dissemination
6,489,11,10,16,11,Reward Misspecification and Reward Hacking,,Governed AI oversight and compliance regimes
35,537,11,13,15,11,Advanced AI value misalignment risk,,Multi-objective recommender ranking with safety penalties
35,608,11,6,11,11,Advanced AI value misalignment risk,,PGD Adversarial Training for Robust Fine-Tuning
16,8,11,8,316,11,Insufficient AI safety research capacity,Grant-funded AI safety talent pipeline,Expand AI Safety Research Funding and Capacity
16,8,11,11,362,11,Insufficient AI safety research capacity,Grant-funded AI safety talent pipeline,Public AI risk outreach and educational dissemination
35,658,11,4,12,11,Advanced AI value misalignment risk,,Pre-deployment safety gates and controlled release
4,642,11,27,12,11,Unsafe and Sample-Inefficient RL Exploration,,KL-Regularized RLHF Fine-Tuning
4,312,11,17,29,11,Unsafe and Sample-Inefficient RL Exploration,,Runtime control and coordination modules
25,191,11,5,58,11,Misaligned Superintelligent AI Existential Risk,,Pre-deployment adversarial red-teaming and robustness testing
7,64,11,8,193,11,Human extinction from misaligned superintelligent AI,,Expand AI Safety Research Funding and Capacity
4,689,11,2,11,11,Unsafe and Sample-Inefficient RL Exploration,,MCTS-Guided RL Planning and Training
4,688,11,15,11,11,Unsafe and Sample-Inefficient RL Exploration,,Pre-deployment mechanistic interpretability audits
32,702,11,8,11,11,AI shutdown resistance and control loss,,Expand AI Safety Research Funding and Capacity
20,5,11,24,855,11,Deceptive alignment and hidden objectives,Human feedback loops for objective alignment,RLHF fine-tuning for aligned language models
10,526,11,39,12,11,Existential catastrophe from misaligned AI,,Export controls on advanced AI hardware
16,410,11,8,18,11,Insufficient AI safety research capacity,,Expand AI Safety Research Funding and Capacity
7,208,11,11,51,11,Human extinction from misaligned superintelligent AI,,Public AI risk outreach and educational dissemination
18,100,11,5,144,11,Catastrophic Superintelligent AI Misalignment,,Pre-deployment adversarial red-teaming and robustness testing
6,7,11,8,729,11,Reward Misspecification and Reward Hacking,Expanding AI safety research and implementation capacity,Expand AI Safety Research Funding and Capacity
18,68,11,5,182,11,Catastrophic Superintelligent AI Misalignment,,Pre-deployment adversarial red-teaming and robustness testing
38,23,11,8,337,11,Catastrophic AGI Misalignment Risk,Funding and expert consensus for AI safety capacity,Expand AI Safety Research Funding and Capacity
26,533,11,11,15,11,Misaligned AGI existential catastrophe,,Public AI risk outreach and educational dissemination
16,189,11,8,48,11,Insufficient AI safety research capacity,,Expand AI Safety Research Funding and Capacity
10,150,11,28,84,11,Existential catastrophe from misaligned AI,,International treaty banning autonomous weapons
35,171,12,11,11,11,Advanced AI value misalignment risk,,Public AI risk outreach and educational dissemination
25,289,11,5,31,11,Misaligned Superintelligent AI Existential Risk,,Pre-deployment adversarial red-teaming and robustness testing
19,506,11,8,16,11,Misaligned AI takeover and human disempowerment,,Expand AI Safety Research Funding and Capacity
26,554,11,11,14,11,Misaligned AGI existential catastrophe,,Public AI risk outreach and educational dissemination
12,33,11,35,274,11,Catastrophic risks from misaligned advanced AI,Human feedback reward modeling for alignment,Human-preference reward model fine-tuning
2,1,11,8,1372,11,AI arms race causing unsafe deployment,Funding and consensus-building for AI safety capacity,Expand AI Safety Research Funding and Capacity
2,1,11,11,277,11,AI arms race causing unsafe deployment,Funding and consensus-building for AI safety capacity,Public AI risk outreach and educational dissemination
6,437,11,39,18,11,Reward Misspecification and Reward Hacking,,Export controls on advanced AI hardware
16,675,11,35,11,11,Insufficient AI safety research capacity,,Human-preference reward model fine-tuning
21,262,11,4,34,11,Catastrophic AI misalignment and loss of control,,Pre-deployment safety gates and controlled release
25,78,11,11,169,11,Misaligned Superintelligent AI Existential Risk,,Public AI risk outreach and educational dissemination
10,162,11,17,77,11,Existential catastrophe from misaligned AI,,Runtime control and coordination modules
26,59,11,11,208,11,Misaligned AGI existential catastrophe,,Public AI risk outreach and educational dissemination
9,225,11,24,42,11,Deployed AI Misalignment Causes Societal Harm,,RLHF fine-tuning for aligned language models
25,122,11,24,114,11,Misaligned Superintelligent AI Existential Risk,,RLHF fine-tuning for aligned language models
38,162,11,17,77,11,Catastrophic AGI Misalignment Risk,,Runtime control and coordination modules
16,622,11,10,12,11,Insufficient AI safety research capacity,,Governed AI oversight and compliance regimes
25,192,11,15,58,11,Misaligned Superintelligent AI Existential Risk,,Pre-deployment mechanistic interpretability audits
7,86,11,24,157,11,Human extinction from misaligned superintelligent AI,,RLHF fine-tuning for aligned language models
7,91,11,8,150,11,Human extinction from misaligned superintelligent AI,,Expand AI Safety Research Funding and Capacity
16,189,11,11,12,11,Insufficient AI safety research capacity,,Public AI risk outreach and educational dissemination
35,64,11,8,193,11,Advanced AI value misalignment risk,,Expand AI Safety Research Funding and Capacity
25,112,11,4,126,11,Misaligned Superintelligent AI Existential Risk,,Pre-deployment safety gates and controlled release
4,351,25,30,11,11,Unsafe and Sample-Inefficient RL Exploration,,Periodic target networks for stable Q-learning
6,219,21,26,11,11,Reward Misspecification and Reward Hacking,,Reward-guided RL fine-tuning with safety constraints
6,171,42,11,11,11,Reward Misspecification and Reward Hacking,,Public AI risk outreach and educational dissemination
38,17,13,4,11,11,Catastrophic AGI Misalignment Risk,Global governance enables coordinated AI safety controls,Pre-deployment safety gates and controlled release
22,596,13,8,11,11,Deceptive and Harmful Language Model Outputs,,Expand AI Safety Research Funding and Capacity
4,17,15,4,11,11,Unsafe and Sample-Inefficient RL Exploration,Global governance enables coordinated AI safety controls,Pre-deployment safety gates and controlled release
6,219,21,32,11,11,Reward Misspecification and Reward Hacking,,Attainable Utility Preservation reward penalty
10,17,115,4,11,11,Existential catastrophe from misaligned AI,Global governance enables coordinated AI safety controls,Pre-deployment safety gates and controlled release
26,17,79,4,11,11,Misaligned AGI existential catastrophe,Global governance enables coordinated AI safety controls,Pre-deployment safety gates and controlled release
21,17,71,4,11,11,Catastrophic AI misalignment and loss of control,Global governance enables coordinated AI safety controls,Pre-deployment safety gates and controlled release
25,17,30,4,11,11,Misaligned Superintelligent AI Existential Risk,Global governance enables coordinated AI safety controls,Pre-deployment safety gates and controlled release
9,17,15,4,11,11,Deployed AI Misalignment Causes Societal Harm,Global governance enables coordinated AI safety controls,Pre-deployment safety gates and controlled release
18,94,10,19,148,10,Catastrophic Superintelligent AI Misalignment,,Demonstration-Based Policy Pretraining
10,257,10,8,30,10,Existential catastrophe from misaligned AI,,Expand AI Safety Research Funding and Capacity
7,25,10,39,325,10,Human extinction from misaligned superintelligent AI,Compute supply chain controls for AI governance,Export controls on advanced AI hardware
20,570,10,39,14,10,Deceptive alignment and hidden objectives,,Export controls on advanced AI hardware
20,571,10,8,14,10,Deceptive alignment and hidden objectives,,Expand AI Safety Research Funding and Capacity
18,96,10,23,147,10,Catastrophic Superintelligent AI Misalignment,,Human-aware predictive robot control and safety planning
2,25,10,39,325,10,AI arms race causing unsafe deployment,Compute supply chain controls for AI governance,Export controls on advanced AI hardware
25,165,10,35,74,10,Misaligned Superintelligent AI Existential Risk,,Human-preference reward model fine-tuning
38,11,10,33,222,10,Catastrophic AGI Misalignment Risk,Behavior shaping via reflective alignment prompting,Deployment-time prompt engineering for aligned behavior
38,11,10,27,222,10,Catastrophic AGI Misalignment Risk,Behavior shaping via reflective alignment prompting,KL-Regularized RLHF Fine-Tuning
20,647,10,35,12,10,Deceptive alignment and hidden objectives,,Human-preference reward model fine-tuning
30,4,10,4,894,10,Existential catastrophe and human extinction risks,Corrigible transparency and secure oversight mechanisms,Pre-deployment safety gates and controlled release
30,35,10,24,271,10,Existential catastrophe and human extinction risks,Human-feedback reward modeling for alignment,RLHF fine-tuning for aligned language models
20,569,10,4,14,10,Deceptive alignment and hidden objectives,,Pre-deployment safety gates and controlled release
9,276,10,8,33,10,Deployed AI Misalignment Causes Societal Harm,,Expand AI Safety Research Funding and Capacity
15,339,10,24,14,10,Opaque AI decision-making undermines oversight and safety,,RLHF fine-tuning for aligned language models
18,16,10,17,391,10,Catastrophic Superintelligent AI Misalignment,Utility-shaping and power-seeking mitigation mechanisms,Runtime control and coordination modules
20,572,10,6,14,10,Deceptive alignment and hidden objectives,,PGD Adversarial Training for Robust Fine-Tuning
6,14,10,8,399,10,Reward Misspecification and Reward Hacking,Capacity-building through funded safety talent and oversight,Expand AI Safety Research Funding and Capacity
16,674,10,35,11,10,Insufficient AI safety research capacity,,Human-preference reward model fine-tuning
12,6,103,22,10,10,Catastrophic risks from misaligned advanced AI,Adversarial robustness through PGD training,Deployment-time confidence filtering and rejection sampling
20,461,11,11,10,10,Deceptive alignment and hidden objectives,,Public AI risk outreach and educational dissemination
10,6,265,22,10,10,Existential catastrophe from misaligned AI,Adversarial robustness through PGD training,Deployment-time confidence filtering and rejection sampling
9,714,10,24,10,10,Deployed AI Misalignment Causes Societal Harm,,RLHF fine-tuning for aligned language models
16,705,10,4,10,10,Insufficient AI safety research capacity,,Pre-deployment safety gates and controlled release
18,22,10,26,342,10,Catastrophic Superintelligent AI Misalignment,Preference learning and reward alignment mechanisms,Reward-guided RL fine-tuning with safety constraints
21,182,10,8,63,10,Catastrophic AI misalignment and loss of control,,Expand AI Safety Research Funding and Capacity
35,60,10,15,201,10,Advanced AI value misalignment risk,,Pre-deployment mechanistic interpretability audits
6,22,10,26,342,10,Reward Misspecification and Reward Hacking,Preference learning and reward alignment mechanisms,Reward-guided RL fine-tuning with safety constraints
18,80,10,35,165,10,Catastrophic Superintelligent AI Misalignment,,Human-preference reward model fine-tuning
18,129,10,32,104,10,Catastrophic Superintelligent AI Misalignment,,Attainable Utility Preservation reward penalty
17,183,10,24,63,10,Adversarial Image Classification Misclassification,,RLHF fine-tuning for aligned language models
35,197,10,6,56,10,Advanced AI value misalignment risk,,PGD Adversarial Training for Robust Fine-Tuning
10,118,10,10,118,10,Existential catastrophe from misaligned AI,,Governed AI oversight and compliance regimes
20,650,10,8,12,10,Deceptive alignment and hidden objectives,,Expand AI Safety Research Funding and Capacity
20,574,10,8,14,10,Deceptive alignment and hidden objectives,,Expand AI Safety Research Funding and Capacity
28,225,10,24,42,10,Algorithmic discrimination in high-stakes decisions,,RLHF fine-tuning for aligned language models
20,575,10,8,14,10,Deceptive alignment and hidden objectives,,Expand AI Safety Research Funding and Capacity
15,339,10,35,12,10,Opaque AI decision-making undermines oversight and safety,,Human-preference reward model fine-tuning
38,442,10,24,18,10,Catastrophic AGI Misalignment Risk,,RLHF fine-tuning for aligned language models
2,189,10,8,48,10,AI arms race causing unsafe deployment,,Expand AI Safety Research Funding and Capacity
2,189,10,11,12,10,AI arms race causing unsafe deployment,,Public AI risk outreach and educational dissemination
35,700,10,1,11,10,Advanced AI value misalignment risk,,Continuous anomaly monitoring and safety tripwires
16,623,10,24,12,10,Insufficient AI safety research capacity,,RLHF fine-tuning for aligned language models
7,65,10,32,191,10,Human extinction from misaligned superintelligent AI,,Attainable Utility Preservation reward penalty
25,105,10,8,135,10,Misaligned Superintelligent AI Existential Risk,,Expand AI Safety Research Funding and Capacity
7,118,10,10,118,10,Human extinction from misaligned superintelligent AI,,Governed AI oversight and compliance regimes
35,759,10,26,10,10,Advanced AI value misalignment risk,,Reward-guided RL fine-tuning with safety constraints
1,544,10,4,15,10,Malicious misuse of frontier AI for large-scale harm,,Pre-deployment safety gates and controlled release
2,599,10,39,13,10,AI arms race causing unsafe deployment,,Export controls on advanced AI hardware
21,158,10,4,78,10,Catastrophic AI misalignment and loss of control,,Pre-deployment safety gates and controlled release
30,768,10,24,10,10,Existential catastrophe and human extinction risks,,RLHF fine-tuning for aligned language models
2,413,10,6,14,10,AI arms race causing unsafe deployment,,PGD Adversarial Training for Robust Fine-Tuning
16,417,10,4,20,10,Insufficient AI safety research capacity,,Pre-deployment safety gates and controlled release
26,739,10,8,10,10,Misaligned AGI existential catastrophe,,Expand AI Safety Research Funding and Capacity
20,480,10,24,16,10,Deceptive alignment and hidden objectives,,RLHF fine-tuning for aligned language models
6,655,10,11,12,10,Reward Misspecification and Reward Hacking,,Public AI risk outreach and educational dissemination
1,547,10,6,12,10,Malicious misuse of frontier AI for large-scale harm,,PGD Adversarial Training for Robust Fine-Tuning
15,509,10,9,16,10,Opaque AI decision-making undermines oversight and safety,,Choose robust model architectures at design time
35,661,10,11,12,10,Advanced AI value misalignment risk,,Public AI risk outreach and educational dissemination
17,451,10,34,11,10,Adversarial Image Classification Misclassification,,Large-scale pretraining before task fine-tuning
18,51,10,8,113,10,Catastrophic Superintelligent AI Misalignment,,Expand AI Safety Research Funding and Capacity
18,51,10,15,113,10,Catastrophic Superintelligent AI Misalignment,,Pre-deployment mechanistic interpretability audits
6,16,10,17,391,10,Reward Misspecification and Reward Hacking,Utility-shaping and power-seeking mitigation mechanisms,Runtime control and coordination modules
20,2,10,8,1210,10,Deceptive alignment and hidden objectives,AI safety research funding and capacity building,Expand AI Safety Research Funding and Capacity
22,723,10,8,10,10,Deceptive and Harmful Language Model Outputs,,Expand AI Safety Research Funding and Capacity
38,443,10,35,18,10,Catastrophic AGI Misalignment Risk,,Human-preference reward model fine-tuning
6,24,10,6,255,10,Reward Misspecification and Reward Hacking,Adversarial robustness training via optimized perturbations,PGD Adversarial Training for Robust Fine-Tuning
6,24,10,5,73,10,Reward Misspecification and Reward Hacking,Adversarial robustness training via optimized perturbations,Pre-deployment adversarial red-teaming and robustness testing
35,567,10,23,14,10,Advanced AI value misalignment risk,,Human-aware predictive robot control and safety planning
12,229,10,35,39,10,Catastrophic risks from misaligned advanced AI,,Human-preference reward model fine-tuning
19,696,10,19,11,10,Misaligned AI takeover and human disempowerment,,Demonstration-Based Policy Pretraining
21,45,10,11,232,10,Catastrophic AI misalignment and loss of control,,Public AI risk outreach and educational dissemination
16,677,10,5,11,10,Insufficient AI safety research capacity,,Pre-deployment adversarial red-teaming and robustness testing
21,244,10,35,36,10,Catastrophic AI misalignment and loss of control,,Human-preference reward model fine-tuning
7,1,10,11,277,10,Human extinction from misaligned superintelligent AI,Funding and consensus-building for AI safety capacity,Public AI risk outreach and educational dissemination
7,1,10,8,1372,10,Human extinction from misaligned superintelligent AI,Funding and consensus-building for AI safety capacity,Expand AI Safety Research Funding and Capacity
38,26,10,8,323,10,Catastrophic AGI Misalignment Risk,Funding-driven expansion of AI safety capacity,Expand AI Safety Research Funding and Capacity
19,34,10,15,270,10,Misaligned AI takeover and human disempowerment,Mechanistic interpretability for hidden model cognition,Pre-deployment mechanistic interpretability audits
1,4,10,4,894,10,Malicious misuse of frontier AI for large-scale harm,Corrigible transparency and secure oversight mechanisms,Pre-deployment safety gates and controlled release
26,53,10,8,220,10,Misaligned AGI existential catastrophe,,Expand AI Safety Research Funding and Capacity
17,738,10,6,10,10,Adversarial Image Classification Misclassification,,PGD Adversarial Training for Robust Fine-Tuning
16,614,10,35,12,10,Insufficient AI safety research capacity,,Human-preference reward model fine-tuning
2,549,10,8,12,10,AI arms race causing unsafe deployment,,Expand AI Safety Research Funding and Capacity
21,235,10,5,38,10,Catastrophic AI misalignment and loss of control,,Pre-deployment adversarial red-teaming and robustness testing
35,420,14,33,10,10,Advanced AI value misalignment risk,,Deployment-time prompt engineering for aligned behavior
0,6,19,22,10,10,Out-of-distribution generalization failure,Adversarial robustness through PGD training,Deployment-time confidence filtering and rejection sampling
25,6,36,22,10,10,Misaligned Superintelligent AI Existential Risk,Adversarial robustness through PGD training,Deployment-time confidence filtering and rejection sampling
17,6,77,22,10,10,Adversarial Image Classification Misclassification,Adversarial robustness through PGD training,Deployment-time confidence filtering and rejection sampling
21,6,67,22,10,10,Catastrophic AI misalignment and loss of control,Adversarial robustness through PGD training,Deployment-time confidence filtering and rejection sampling
4,6,38,22,10,10,Unsafe and Sample-Inefficient RL Exploration,Adversarial robustness through PGD training,Deployment-time confidence filtering and rejection sampling
22,335,21,22,10,10,Deceptive and Harmful Language Model Outputs,,Deployment-time confidence filtering and rejection sampling
2,388,14,8,10,10,AI arms race causing unsafe deployment,,Expand AI Safety Research Funding and Capacity
35,420,14,27,10,10,Advanced AI value misalignment risk,,KL-Regularized RLHF Fine-Tuning
6,6,25,22,10,10,Reward Misspecification and Reward Hacking,Adversarial robustness through PGD training,Deployment-time confidence filtering and rejection sampling
1,6,16,22,10,10,Malicious misuse of frontier AI for large-scale harm,Adversarial robustness through PGD training,Deployment-time confidence filtering and rejection sampling
9,6,35,22,10,10,Deployed AI Misalignment Causes Societal Harm,Adversarial robustness through PGD training,Deployment-time confidence filtering and rejection sampling
1,611,9,24,13,9,Malicious misuse of frontier AI for large-scale harm,,RLHF fine-tuning for aligned language models
26,13,9,8,403,9,Misaligned AGI existential catastrophe,Grant-driven expansion of AI safety research,Expand AI Safety Research Funding and Capacity
6,534,9,8,15,9,Reward Misspecification and Reward Hacking,,Expand AI Safety Research Funding and Capacity
6,380,9,27,22,9,Reward Misspecification and Reward Hacking,,KL-Regularized RLHF Fine-Tuning
35,818,9,10,9,9,Advanced AI value misalignment risk,,Governed AI oversight and compliance regimes
6,756,9,13,10,9,Reward Misspecification and Reward Hacking,,Multi-objective recommender ranking with safety penalties
26,168,9,4,73,9,Misaligned AGI existential catastrophe,,Pre-deployment safety gates and controlled release
12,465,9,8,17,9,Catastrophic risks from misaligned advanced AI,,Expand AI Safety Research Funding and Capacity
21,126,9,5,110,9,Catastrophic AI misalignment and loss of control,,Pre-deployment adversarial red-teaming and robustness testing
38,116,9,38,122,9,Catastrophic AGI Misalignment Risk,,Incentivized AI forecasting and prediction systems
1,831,9,8,9,9,Malicious misuse of frontier AI for large-scale harm,,Expand AI Safety Research Funding and Capacity
1,830,9,8,9,9,Malicious misuse of frontier AI for large-scale harm,,Expand AI Safety Research Funding and Capacity
15,541,9,0,15,9,Opaque AI decision-making undermines oversight and safety,,Training-time regularization for robust generalization
15,511,9,6,16,9,Opaque AI decision-making undermines oversight and safety,,PGD Adversarial Training for Robust Fine-Tuning
15,6,9,22,10,9,Opaque AI decision-making undermines oversight and safety,Adversarial robustness through PGD training,Deployment-time confidence filtering and rejection sampling
15,6,9,5,74,9,Opaque AI decision-making undermines oversight and safety,Adversarial robustness through PGD training,Pre-deployment adversarial red-teaming and robustness testing
38,95,9,4,148,9,Catastrophic AGI Misalignment Risk,,Pre-deployment safety gates and controlled release
26,103,9,8,138,9,Misaligned AGI existential catastrophe,,Expand AI Safety Research Funding and Capacity
10,124,9,37,111,9,Existential catastrophe from misaligned AI,,ROME-based factual knowledge editing
26,164,9,8,75,9,Misaligned AGI existential catastrophe,,Expand AI Safety Research Funding and Capacity
10,158,9,4,78,9,Existential catastrophe from misaligned AI,,Pre-deployment safety gates and controlled release
9,783,10,8,9,9,Deployed AI Misalignment Causes Societal Harm,,Expand AI Safety Research Funding and Capacity
26,81,9,8,164,9,Misaligned AGI existential catastrophe,,Expand AI Safety Research Funding and Capacity
35,698,9,15,11,9,Advanced AI value misalignment risk,,Pre-deployment mechanistic interpretability audits
6,593,9,26,13,9,Reward Misspecification and Reward Hacking,,Reward-guided RL fine-tuning with safety constraints
20,436,9,19,12,9,Deceptive alignment and hidden objectives,,Demonstration-Based Policy Pretraining
16,276,9,8,33,9,Insufficient AI safety research capacity,,Expand AI Safety Research Funding and Capacity
6,558,9,8,14,9,Reward Misspecification and Reward Hacking,,Expand AI Safety Research Funding and Capacity
21,53,9,8,220,9,Catastrophic AI misalignment and loss of control,,Expand AI Safety Research Funding and Capacity
16,446,10,27,9,9,Insufficient AI safety research capacity,,KL-Regularized RLHF Fine-Tuning
16,446,10,33,9,9,Insufficient AI safety research capacity,,Deployment-time prompt engineering for aligned behavior
1,189,9,11,12,9,Malicious misuse of frontier AI for large-scale harm,,Public AI risk outreach and educational dissemination
1,189,9,8,48,9,Malicious misuse of frontier AI for large-scale harm,,Expand AI Safety Research Funding and Capacity
25,99,9,8,145,9,Misaligned Superintelligent AI Existential Risk,,Expand AI Safety Research Funding and Capacity
4,96,9,23,147,9,Unsafe and Sample-Inefficient RL Exploration,,Human-aware predictive robot control and safety planning
17,274,9,8,33,9,Adversarial Image Classification Misclassification,,Expand AI Safety Research Funding and Capacity
19,55,9,35,70,9,Misaligned AI takeover and human disempowerment,,Human-preference reward model fine-tuning
19,55,9,18,141,9,Misaligned AI takeover and human disempowerment,,Critique-guided fine-tuning and human feedback
19,0,9,11,264,9,Misaligned AI takeover and human disempowerment,Funding and training to build AI safety capacity,Public AI risk outreach and educational dissemination
15,6,9,6,662,9,Opaque AI decision-making undermines oversight and safety,Adversarial robustness through PGD training,PGD Adversarial Training for Robust Fine-Tuning
7,312,9,17,29,9,Human extinction from misaligned superintelligent AI,,Runtime control and coordination modules
19,0,9,8,6678,9,Misaligned AI takeover and human disempowerment,Funding and training to build AI safety capacity,Expand AI Safety Research Funding and Capacity
18,174,9,1,69,9,Catastrophic Superintelligent AI Misalignment,,Continuous anomaly monitoring and safety tripwires
11,0,9,8,6678,9,Misforecasted AI Timelines Undermining Safety Preparedness,Funding and training to build AI safety capacity,Expand AI Safety Research Funding and Capacity
9,219,9,35,9,9,Deployed AI Misalignment Causes Societal Harm,,Human-preference reward model fine-tuning
9,219,9,32,11,9,Deployed AI Misalignment Causes Societal Harm,,Attainable Utility Preservation reward penalty
9,219,9,26,11,9,Deployed AI Misalignment Causes Societal Harm,,Reward-guided RL fine-tuning with safety constraints
35,419,9,6,17,9,Advanced AI value misalignment risk,,PGD Adversarial Training for Robust Fine-Tuning
35,697,9,1,11,9,Advanced AI value misalignment risk,,Continuous anomaly monitoring and safety tripwires
35,699,9,1,11,9,Advanced AI value misalignment risk,,Continuous anomaly monitoring and safety tripwires
35,817,9,8,9,9,Advanced AI value misalignment risk,,Expand AI Safety Research Funding and Capacity
10,457,9,2,17,9,Existential catastrophe from misaligned AI,,MCTS-Guided RL Planning and Training
35,403,9,8,21,9,Advanced AI value misalignment risk,,Expand AI Safety Research Funding and Capacity
6,532,9,1,15,9,Reward Misspecification and Reward Hacking,,Continuous anomaly monitoring and safety tripwires
20,629,9,6,11,9,Deceptive alignment and hidden objectives,,PGD Adversarial Training for Robust Fine-Tuning
19,313,9,8,29,9,Misaligned AI takeover and human disempowerment,,Expand AI Safety Research Funding and Capacity
20,527,9,8,15,9,Deceptive alignment and hidden objectives,,Expand AI Safety Research Funding and Capacity
35,210,9,8,50,9,Advanced AI value misalignment risk,,Expand AI Safety Research Funding and Capacity
35,215,9,6,45,9,Advanced AI value misalignment risk,,PGD Adversarial Training for Robust Fine-Tuning
7,775,9,35,10,9,Human extinction from misaligned superintelligent AI,,Human-preference reward model fine-tuning
16,447,9,19,12,9,Insufficient AI safety research capacity,,Demonstration-Based Policy Pretraining
26,48,9,35,229,9,Misaligned AGI existential catastrophe,,Human-preference reward model fine-tuning
20,3,9,19,600,9,Deceptive alignment and hidden objectives,Robust reward learning and specification gaming,Demonstration-Based Policy Pretraining
11,0,9,11,264,9,Misforecasted AI Timelines Undermining Safety Preparedness,Funding and training to build AI safety capacity,Public AI risk outreach and educational dissemination
26,98,9,35,146,9,Misaligned AGI existential catastrophe,,Human-preference reward model fine-tuning
6,536,9,36,15,9,Reward Misspecification and Reward Hacking,,Robustness-Oriented Training Data Augmentation
7,58,9,10,211,9,Human extinction from misaligned superintelligent AI,,Governed AI oversight and compliance regimes
15,823,9,8,9,9,Opaque AI decision-making undermines oversight and safety,,Expand AI Safety Research Funding and Capacity
15,834,9,8,9,9,Opaque AI decision-making undermines oversight and safety,,Expand AI Safety Research Funding and Capacity
10,722,9,39,10,9,Existential catastrophe from misaligned AI,,Export controls on advanced AI hardware
38,34,9,15,270,9,Catastrophic AGI Misalignment Risk,Mechanistic interpretability for hidden model cognition,Pre-deployment mechanistic interpretability audits
21,115,9,8,123,9,Catastrophic AI misalignment and loss of control,,Expand AI Safety Research Funding and Capacity
38,67,9,4,184,9,Catastrophic AGI Misalignment Risk,,Pre-deployment safety gates and controlled release
6,175,9,8,68,9,Reward Misspecification and Reward Hacking,,Expand AI Safety Research Funding and Capacity
18,107,9,6,128,9,Catastrophic Superintelligent AI Misalignment,,PGD Adversarial Training for Robust Fine-Tuning
9,431,9,8,19,9,Deployed AI Misalignment Causes Societal Harm,,Expand AI Safety Research Funding and Capacity
9,384,9,24,22,9,Deployed AI Misalignment Causes Societal Harm,,RLHF fine-tuning for aligned language models
9,576,9,10,14,9,Deployed AI Misalignment Causes Societal Harm,,Governed AI oversight and compliance regimes
9,8,9,8,316,9,Deployed AI Misalignment Causes Societal Harm,Grant-funded AI safety talent pipeline,Expand AI Safety Research Funding and Capacity
9,8,9,11,362,9,Deployed AI Misalignment Causes Societal Harm,Grant-funded AI safety talent pipeline,Public AI risk outreach and educational dissemination
9,13,9,8,403,9,Deployed AI Misalignment Causes Societal Harm,Grant-driven expansion of AI safety research,Expand AI Safety Research Funding and Capacity
9,447,9,19,12,9,Deployed AI Misalignment Causes Societal Harm,,Demonstration-Based Policy Pretraining
6,440,9,35,18,9,Reward Misspecification and Reward Hacking,,Human-preference reward model fine-tuning
10,152,9,8,83,9,Existential catastrophe from misaligned AI,,Expand AI Safety Research Funding and Capacity
7,152,9,8,83,9,Human extinction from misaligned superintelligent AI,,Expand AI Safety Research Funding and Capacity
7,56,9,31,213,9,Human extinction from misaligned superintelligent AI,,Human-AI collaboration tools for skill building
20,3,9,5,300,9,Deceptive alignment and hidden objectives,Robust reward learning and specification gaming,Pre-deployment adversarial red-teaming and robustness testing
9,219,9,19,13,9,Deployed AI Misalignment Causes Societal Harm,,Demonstration-Based Policy Pretraining
2,199,38,11,9,9,AI arms race causing unsafe deployment,,Public AI risk outreach and educational dissemination
6,219,21,35,9,9,Reward Misspecification and Reward Hacking,,Human-preference reward model fine-tuning
35,450,18,8,9,9,Advanced AI value misalignment risk,,Expand AI Safety Research Funding and Capacity
35,450,18,11,9,9,Advanced AI value misalignment risk,,Public AI risk outreach and educational dissemination
30,140,13,11,9,9,Existential catastrophe and human extinction risks,,Public AI risk outreach and educational dissemination
17,766,10,8,9,9,Adversarial Image Classification Misclassification,,Expand AI Safety Research Funding and Capacity
35,140,42,11,9,9,Advanced AI value misalignment risk,,Public AI risk outreach and educational dissemination
1,671,12,8,9,9,Malicious misuse of frontier AI for large-scale harm,,Expand AI Safety Research Funding and Capacity
10,140,21,11,9,9,Existential catastrophe from misaligned AI,,Public AI risk outreach and educational dissemination
28,140,17,11,9,9,Algorithmic discrimination in high-stakes decisions,,Public AI risk outreach and educational dissemination
35,90,8,24,153,8,Advanced AI value misalignment risk,,RLHF fine-tuning for aligned language models
21,167,8,32,8,8,Catastrophic AI misalignment and loss of control,,Attainable Utility Preservation reward penalty
7,694,8,35,11,8,Human extinction from misaligned superintelligent AI,,Human-preference reward model fine-tuning
12,347,8,15,25,8,Catastrophic risks from misaligned advanced AI,,Pre-deployment mechanistic interpretability audits
12,348,8,21,25,8,Catastrophic risks from misaligned advanced AI,,Formal Verification for Pre-Deployment AI Safety
35,18,8,24,189,8,Advanced AI value misalignment risk,Human feedback reward-model alignment learning,RLHF fine-tuning for aligned language models
20,6,8,22,10,8,Deceptive alignment and hidden objectives,Adversarial robustness through PGD training,Deployment-time confidence filtering and rejection sampling
21,167,8,35,34,8,Catastrophic AI misalignment and loss of control,,Human-preference reward model fine-tuning
21,167,8,19,23,8,Catastrophic AI misalignment and loss of control,,Demonstration-Based Policy Pretraining
35,18,8,35,190,8,Advanced AI value misalignment risk,Human feedback reward-model alignment learning,Human-preference reward model fine-tuning
38,74,8,29,175,8,Catastrophic AGI Misalignment Risk,,"Neuroscience validation platforms for cognition, emulation, and alignment research"
6,588,8,15,13,8,Reward Misspecification and Reward Hacking,,Pre-deployment mechanistic interpretability audits
6,26,8,8,323,8,Reward Misspecification and Reward Hacking,Funding-driven expansion of AI safety capacity,Expand AI Safety Research Funding and Capacity
16,17,8,4,11,8,Insufficient AI safety research capacity,Global governance enables coordinated AI safety controls,Pre-deployment safety gates and controlled release
6,589,8,5,13,8,Reward Misspecification and Reward Hacking,,Pre-deployment adversarial red-teaming and robustness testing
21,167,8,26,8,8,Catastrophic AI misalignment and loss of control,,Reward-guided RL fine-tuning with safety constraints
26,173,8,4,68,8,Misaligned AGI existential catastrophe,,Pre-deployment safety gates and controlled release
16,17,8,10,371,8,Insufficient AI safety research capacity,Global governance enables coordinated AI safety controls,Governed AI oversight and compliance regimes
9,903,8,35,8,8,Deployed AI Misalignment Causes Societal Harm,,Human-preference reward model fine-tuning
20,743,8,11,10,8,Deceptive alignment and hidden objectives,,Public AI risk outreach and educational dissemination
21,721,8,26,10,8,Catastrophic AI misalignment and loss of control,,Reward-guided RL fine-tuning with safety constraints
35,751,8,25,10,8,Advanced AI value misalignment risk,,Explainable decision support with uncertainty and counterfactuals
12,110,8,24,126,8,Catastrophic risks from misaligned advanced AI,,RLHF fine-tuning for aligned language models
9,423,8,8,16,8,Deployed AI Misalignment Causes Societal Harm,,Expand AI Safety Research Funding and Capacity
16,115,8,8,123,8,Insufficient AI safety research capacity,,Expand AI Safety Research Funding and Capacity
20,29,8,8,320,8,Deceptive alignment and hidden objectives,Elite-triggered global AI governance coordination,Expand AI Safety Research Funding and Capacity
35,211,8,35,48,8,Advanced AI value misalignment risk,,Human-preference reward model fine-tuning
35,905,8,8,8,8,Advanced AI value misalignment risk,,Expand AI Safety Research Funding and Capacity
20,6,8,6,662,8,Deceptive alignment and hidden objectives,Adversarial robustness through PGD training,PGD Adversarial Training for Robust Fine-Tuning
35,234,8,5,39,8,Advanced AI value misalignment risk,,Pre-deployment adversarial red-teaming and robustness testing
17,874,8,0,8,8,Adversarial Image Classification Misclassification,,Training-time regularization for robust generalization
2,635,8,26,12,8,AI arms race causing unsafe deployment,,Reward-guided RL fine-tuning with safety constraints
34,401,8,8,21,8,Instrumental power-seeking by advanced AI agents,,Expand AI Safety Research Funding and Capacity
0,876,8,8,8,8,Out-of-distribution generalization failure,,Expand AI Safety Research Funding and Capacity
17,908,8,6,8,8,Adversarial Image Classification Misclassification,,PGD Adversarial Training for Robust Fine-Tuning
6,909,8,8,8,8,Reward Misspecification and Reward Hacking,,Expand AI Safety Research Funding and Capacity
21,531,8,8,14,8,Catastrophic AI misalignment and loss of control,,Expand AI Safety Research Funding and Capacity
35,380,8,27,22,8,Advanced AI value misalignment risk,,KL-Regularized RLHF Fine-Tuning
21,5,8,24,855,8,Catastrophic AI misalignment and loss of control,Human feedback loops for objective alignment,RLHF fine-tuning for aligned language models
9,525,8,8,16,8,Deployed AI Misalignment Causes Societal Harm,,Expand AI Safety Research Funding and Capacity
22,921,8,24,8,8,Deceptive and Harmful Language Model Outputs,,RLHF fine-tuning for aligned language models
26,6,8,6,662,8,Misaligned AGI existential catastrophe,Adversarial robustness through PGD training,PGD Adversarial Training for Robust Fine-Tuning
26,6,8,5,74,8,Misaligned AGI existential catastrophe,Adversarial robustness through PGD training,Pre-deployment adversarial red-teaming and robustness testing
26,6,8,22,10,8,Misaligned AGI existential catastrophe,Adversarial robustness through PGD training,Deployment-time confidence filtering and rejection sampling
2,634,8,35,12,8,AI arms race causing unsafe deployment,,Human-preference reward model fine-tuning
16,801,8,35,9,8,Insufficient AI safety research capacity,,Human-preference reward model fine-tuning
16,445,8,24,9,8,Insufficient AI safety research capacity,,RLHF fine-tuning for aligned language models
16,445,8,35,9,8,Insufficient AI safety research capacity,,Human-preference reward model fine-tuning
35,757,8,8,10,8,Advanced AI value misalignment risk,,Expand AI Safety Research Funding and Capacity
35,816,8,24,9,8,Advanced AI value misalignment risk,,RLHF fine-tuning for aligned language models
18,32,8,26,281,8,Catastrophic Superintelligent AI Misalignment,Adversarial robustness training and optimization,Reward-guided RL fine-tuning with safety constraints
16,542,8,8,15,8,Insufficient AI safety research capacity,,Expand AI Safety Research Funding and Capacity
10,715,8,35,10,8,Existential catastrophe from misaligned AI,,Human-preference reward model fine-tuning
18,11,8,27,222,8,Catastrophic Superintelligent AI Misalignment,Behavior shaping via reflective alignment prompting,KL-Regularized RLHF Fine-Tuning
18,11,8,33,222,8,Catastrophic Superintelligent AI Misalignment,Behavior shaping via reflective alignment prompting,Deployment-time prompt engineering for aligned behavior
6,937,8,8,8,8,Reward Misspecification and Reward Hacking,,Expand AI Safety Research Funding and Capacity
16,514,8,8,16,8,Insufficient AI safety research capacity,,Expand AI Safety Research Funding and Capacity
20,742,8,4,10,8,Deceptive alignment and hidden objectives,,Pre-deployment safety gates and controlled release
20,649,8,8,12,8,Deceptive alignment and hidden objectives,,Expand AI Safety Research Funding and Capacity
20,6,8,5,74,8,Deceptive alignment and hidden objectives,Adversarial robustness through PGD training,Pre-deployment adversarial red-teaming and robustness testing
1,123,8,11,56,8,Malicious misuse of frontier AI for large-scale harm,,Public AI risk outreach and educational dissemination
1,123,8,8,56,8,Malicious misuse of frontier AI for large-scale harm,,Expand AI Safety Research Funding and Capacity
6,591,8,25,13,8,Reward Misspecification and Reward Hacking,,Explainable decision support with uncertainty and counterfactuals
6,285,8,35,16,8,Reward Misspecification and Reward Hacking,,Human-preference reward model fine-tuning
6,284,8,35,32,8,Reward Misspecification and Reward Hacking,,Human-preference reward model fine-tuning
16,431,8,8,19,8,Insufficient AI safety research capacity,,Expand AI Safety Research Funding and Capacity
6,286,8,8,16,8,Reward Misspecification and Reward Hacking,,Expand AI Safety Research Funding and Capacity
6,286,8,11,16,8,Reward Misspecification and Reward Hacking,,Public AI risk outreach and educational dissemination
1,79,8,1,166,8,Malicious misuse of frontier AI for large-scale harm,,Continuous anomaly monitoring and safety tripwires
6,620,8,32,12,8,Reward Misspecification and Reward Hacking,,Attainable Utility Preservation reward penalty
6,590,8,35,13,8,Reward Misspecification and Reward Hacking,,Human-preference reward model fine-tuning
1,471,8,35,17,8,Malicious misuse of frontier AI for large-scale harm,,Human-preference reward model fine-tuning
19,827,8,4,9,8,Misaligned AI takeover and human disempowerment,,Pre-deployment safety gates and controlled release
9,283,8,8,16,8,Deployed AI Misalignment Causes Societal Harm,,Expand AI Safety Research Funding and Capacity
9,283,8,15,16,8,Deployed AI Misalignment Causes Societal Harm,,Pre-deployment mechanistic interpretability audits
15,194,8,8,57,8,Opaque AI decision-making undermines oversight and safety,,Expand AI Safety Research Funding and Capacity
19,67,8,4,184,8,Misaligned AI takeover and human disempowerment,,Pre-deployment safety gates and controlled release
6,592,8,4,13,8,Reward Misspecification and Reward Hacking,,Pre-deployment safety gates and controlled release
27,904,8,4,8,8,Uncontrolled Recursive Self-Improvement Explosion,,Pre-deployment safety gates and controlled release
9,87,8,27,157,8,Deployed AI Misalignment Causes Societal Harm,,KL-Regularized RLHF Fine-Tuning
16,329,8,8,13,8,Insufficient AI safety research capacity,,Expand AI Safety Research Funding and Capacity
16,329,8,11,14,8,Insufficient AI safety research capacity,,Public AI risk outreach and educational dissemination
7,88,8,24,157,8,Human extinction from misaligned superintelligent AI,,RLHF fine-tuning for aligned language models
7,21,8,5,175,8,Human extinction from misaligned superintelligent AI,Preventing reward hacking through robust evaluation,Pre-deployment adversarial red-teaming and robustness testing
7,21,8,35,175,8,Human extinction from misaligned superintelligent AI,Preventing reward hacking through robust evaluation,Human-preference reward model fine-tuning
1,29,8,8,320,8,Malicious misuse of frontier AI for large-scale harm,Elite-triggered global AI governance coordination,Expand AI Safety Research Funding and Capacity
17,283,8,8,16,8,Adversarial Image Classification Misclassification,,Expand AI Safety Research Funding and Capacity
17,283,8,15,16,8,Adversarial Image Classification Misclassification,,Pre-deployment mechanistic interpretability audits
6,793,8,32,9,8,Reward Misspecification and Reward Hacking,,Attainable Utility Preservation reward penalty
7,30,8,11,149,8,Human extinction from misaligned superintelligent AI,Expanding alignment research capacity and skill,Public AI risk outreach and educational dissemination
7,30,8,8,149,8,Human extinction from misaligned superintelligent AI,Expanding alignment research capacity and skill,Expand AI Safety Research Funding and Capacity
10,139,8,4,93,8,Existential catastrophe from misaligned AI,,Pre-deployment safety gates and controlled release
6,108,8,8,128,8,Reward Misspecification and Reward Hacking,,Expand AI Safety Research Funding and Capacity
6,285,8,5,16,8,Reward Misspecification and Reward Hacking,,Pre-deployment adversarial red-teaming and robustness testing
6,283,8,15,16,8,Reward Misspecification and Reward Hacking,,Pre-deployment mechanistic interpretability audits
6,283,8,8,16,8,Reward Misspecification and Reward Hacking,,Expand AI Safety Research Funding and Capacity
10,263,8,10,34,8,Existential catastrophe from misaligned AI,,Governed AI oversight and compliance regimes
19,796,8,23,9,8,Misaligned AI takeover and human disempowerment,,Human-aware predictive robot control and safety planning
2,778,8,8,10,8,AI arms race causing unsafe deployment,,Expand AI Safety Research Funding and Capacity
18,35,8,24,271,8,Catastrophic Superintelligent AI Misalignment,Human-feedback reward modeling for alignment,RLHF fine-tuning for aligned language models
35,87,8,27,157,8,Advanced AI value misalignment risk,,KL-Regularized RLHF Fine-Tuning
9,329,8,8,13,8,Deployed AI Misalignment Causes Societal Harm,,Expand AI Safety Research Funding and Capacity
9,329,8,11,14,8,Deployed AI Misalignment Causes Societal Harm,,Public AI risk outreach and educational dissemination
22,171,8,8,59,8,Deceptive and Harmful Language Model Outputs,,Expand AI Safety Research Funding and Capacity
9,399,8,10,16,8,Deployed AI Misalignment Causes Societal Harm,,Governed AI oversight and compliance regimes
22,171,8,11,11,8,Deceptive and Harmful Language Model Outputs,,Public AI risk outreach and educational dissemination
6,754,8,29,10,8,Reward Misspecification and Reward Hacking,,"Neuroscience validation platforms for cognition, emulation, and alignment research"
18,84,8,32,160,8,Catastrophic Superintelligent AI Misalignment,,Attainable Utility Preservation reward penalty
6,15,8,39,394,8,Reward Misspecification and Reward Hacking,Compute chokepoints enabling scalable governance,Export controls on advanced AI hardware
10,510,8,17,16,8,Existential catastrophe from misaligned AI,,Runtime control and coordination modules
6,274,8,8,33,8,Reward Misspecification and Reward Hacking,,Expand AI Safety Research Funding and Capacity
17,284,8,35,32,8,Adversarial Image Classification Misclassification,,Human-preference reward model fine-tuning
17,286,8,8,16,8,Adversarial Image Classification Misclassification,,Expand AI Safety Research Funding and Capacity
17,286,8,11,16,8,Adversarial Image Classification Misclassification,,Public AI risk outreach and educational dissemination
17,285,8,5,16,8,Adversarial Image Classification Misclassification,,Pre-deployment adversarial red-teaming and robustness testing
17,285,8,35,16,8,Adversarial Image Classification Misclassification,,Human-preference reward model fine-tuning
21,98,8,35,146,8,Catastrophic AI misalignment and loss of control,,Human-preference reward model fine-tuning
38,5,8,24,855,8,Catastrophic AGI Misalignment Risk,Human feedback loops for objective alignment,RLHF fine-tuning for aligned language models
38,30,8,8,149,8,Catastrophic AGI Misalignment Risk,Expanding alignment research capacity and skill,Expand AI Safety Research Funding and Capacity
38,30,8,11,149,8,Catastrophic AGI Misalignment Risk,Expanding alignment research capacity and skill,Public AI risk outreach and educational dissemination
25,174,8,1,69,8,Misaligned Superintelligent AI Existential Risk,,Continuous anomaly monitoring and safety tripwires
38,62,8,39,197,8,Catastrophic AGI Misalignment Risk,,Export controls on advanced AI hardware
38,73,8,29,175,8,Catastrophic AGI Misalignment Risk,,"Neuroscience validation platforms for cognition, emulation, and alignment research"
6,297,8,0,30,8,Reward Misspecification and Reward Hacking,,Training-time regularization for robust generalization
6,46,8,5,67,8,Reward Misspecification and Reward Hacking,,Pre-deployment adversarial red-teaming and robustness testing
6,46,8,6,163,8,Reward Misspecification and Reward Hacking,,PGD Adversarial Training for Robust Fine-Tuning
2,562,8,8,14,8,AI arms race causing unsafe deployment,,Expand AI Safety Research Funding and Capacity
6,488,12,8,8,8,Reward Misspecification and Reward Hacking,,Expand AI Safety Research Funding and Capacity
9,439,8,5,18,8,Deployed AI Misalignment Causes Societal Harm,,Pre-deployment adversarial red-teaming and robustness testing
6,464,10,24,8,8,Reward Misspecification and Reward Hacking,,RLHF fine-tuning for aligned language models
1,667,9,19,8,8,Malicious misuse of frontier AI for large-scale harm,,Demonstration-Based Policy Pretraining
6,488,12,15,8,8,Reward Misspecification and Reward Hacking,,Pre-deployment mechanistic interpretability audits
37,780,10,6,8,8,AI-driven labor displacement and socioeconomic instability,,PGD Adversarial Training for Robust Fine-Tuning
22,758,10,8,8,8,Deceptive and Harmful Language Model Outputs,,Expand AI Safety Research Funding and Capacity
6,490,12,13,8,8,Reward Misspecification and Reward Hacking,,Multi-objective recommender ranking with safety penalties
6,484,10,33,8,8,Reward Misspecification and Reward Hacking,,Deployment-time prompt engineering for aligned behavior
6,484,10,27,8,8,Reward Misspecification and Reward Hacking,,KL-Regularized RLHF Fine-Tuning
6,490,12,35,8,8,Reward Misspecification and Reward Hacking,,Human-preference reward model fine-tuning
6,552,10,11,8,8,Reward Misspecification and Reward Hacking,,Public AI risk outreach and educational dissemination
6,464,10,35,8,8,Reward Misspecification and Reward Hacking,,Human-preference reward model fine-tuning
9,286,8,11,16,8,Deployed AI Misalignment Causes Societal Harm,,Public AI risk outreach and educational dissemination
20,383,16,8,8,8,Deceptive alignment and hidden objectives,,Expand AI Safety Research Funding and Capacity
9,760,10,8,8,8,Deployed AI Misalignment Causes Societal Harm,,Expand AI Safety Research Funding and Capacity
16,128,65,11,8,8,Insufficient AI safety research capacity,,Public AI risk outreach and educational dissemination
9,167,23,26,8,8,Deployed AI Misalignment Causes Societal Harm,,Reward-guided RL fine-tuning with safety constraints
9,167,23,32,8,8,Deployed AI Misalignment Causes Societal Harm,,Attainable Utility Preservation reward penalty
9,128,24,11,8,8,Deployed AI Misalignment Causes Societal Harm,,Public AI risk outreach and educational dissemination
10,206,39,22,8,8,Existential catastrophe from misaligned AI,,Deployment-time confidence filtering and rejection sampling
4,351,25,20,8,8,Unsafe and Sample-Inefficient RL Exploration,,Uniform Experience Replay for RL Training
4,167,28,26,8,8,Unsafe and Sample-Inefficient RL Exploration,,Reward-guided RL fine-tuning with safety constraints
9,297,8,0,30,8,Deployed AI Misalignment Causes Societal Harm,,Training-time regularization for robust generalization
4,167,28,32,8,8,Unsafe and Sample-Inefficient RL Exploration,,Attainable Utility Preservation reward penalty
9,286,8,8,16,8,Deployed AI Misalignment Causes Societal Harm,,Expand AI Safety Research Funding and Capacity
9,274,8,8,33,8,Deployed AI Misalignment Causes Societal Harm,,Expand AI Safety Research Funding and Capacity
20,435,8,4,18,8,Deceptive alignment and hidden objectives,,Pre-deployment safety gates and controlled release
7,125,8,35,110,8,Human extinction from misaligned superintelligent AI,,Human-preference reward model fine-tuning
7,11,8,27,222,8,Human extinction from misaligned superintelligent AI,Behavior shaping via reflective alignment prompting,KL-Regularized RLHF Fine-Tuning
7,11,8,33,222,8,Human extinction from misaligned superintelligent AI,Behavior shaping via reflective alignment prompting,Deployment-time prompt engineering for aligned behavior
6,679,8,24,11,8,Reward Misspecification and Reward Hacking,,RLHF fine-tuning for aligned language models
24,525,8,8,16,8,Objective Misspecification and Misaligned Optimization,,Expand AI Safety Research Funding and Capacity
26,29,8,8,320,8,Misaligned AGI existential catastrophe,Elite-triggered global AI governance coordination,Expand AI Safety Research Funding and Capacity
22,899,8,6,8,8,Deceptive and Harmful Language Model Outputs,,PGD Adversarial Training for Robust Fine-Tuning
21,54,8,8,217,8,Catastrophic AI misalignment and loss of control,,Expand AI Safety Research Funding and Capacity
23,939,8,8,8,8,Engagement-Driven Recommendation Manipulates and Polarizes Users,,Expand AI Safety Research Funding and Capacity
9,284,8,35,32,8,Deployed AI Misalignment Causes Societal Harm,,Human-preference reward model fine-tuning
9,285,8,5,16,8,Deployed AI Misalignment Causes Societal Harm,,Pre-deployment adversarial red-teaming and robustness testing
9,285,8,35,16,8,Deployed AI Misalignment Causes Societal Harm,,Human-preference reward model fine-tuning
35,1094,7,35,7,7,Advanced AI value misalignment risk,,Human-preference reward model fine-tuning
9,410,7,8,18,7,Deployed AI Misalignment Causes Societal Harm,,Expand AI Safety Research Funding and Capacity
22,210,7,8,50,7,Deceptive and Harmful Language Model Outputs,,Expand AI Safety Research Funding and Capacity
34,216,7,11,7,7,Instrumental power-seeking by advanced AI agents,,Public AI risk outreach and educational dissemination
34,216,7,8,40,7,Instrumental power-seeking by advanced AI agents,,Expand AI Safety Research Funding and Capacity
18,17,7,4,11,7,Catastrophic Superintelligent AI Misalignment,Global governance enables coordinated AI safety controls,Pre-deployment safety gates and controlled release
18,17,7,10,371,7,Catastrophic Superintelligent AI Misalignment,Global governance enables coordinated AI safety controls,Governed AI oversight and compliance regimes
35,352,7,8,24,7,Advanced AI value misalignment risk,,Expand AI Safety Research Funding and Capacity
35,1050,7,10,7,7,Advanced AI value misalignment risk,,Governed AI oversight and compliance regimes
2,636,7,6,7,7,AI arms race causing unsafe deployment,,PGD Adversarial Training for Robust Fine-Tuning
38,22,7,26,342,7,Catastrophic AGI Misalignment Risk,Preference learning and reward alignment mechanisms,Reward-guided RL fine-tuning with safety constraints
6,847,7,35,8,7,Reward Misspecification and Reward Hacking,,Human-preference reward model fine-tuning
20,693,7,35,11,7,Deceptive alignment and hidden objectives,,Human-preference reward model fine-tuning
22,6,7,6,662,7,Deceptive and Harmful Language Model Outputs,Adversarial robustness through PGD training,PGD Adversarial Training for Robust Fine-Tuning
2,637,7,11,12,7,AI arms race causing unsafe deployment,,Public AI risk outreach and educational dissemination
38,87,7,27,157,7,Catastrophic AGI Misalignment Risk,,KL-Regularized RLHF Fine-Tuning
15,1092,7,8,7,7,Opaque AI decision-making undermines oversight and safety,,Expand AI Safety Research Funding and Capacity
16,1093,7,8,7,7,Insufficient AI safety research capacity,,Expand AI Safety Research Funding and Capacity
2,736,7,26,10,7,AI arms race causing unsafe deployment,,Reward-guided RL fine-tuning with safety constraints
0,764,7,22,9,7,Out-of-distribution generalization failure,,Deployment-time confidence filtering and rejection sampling
2,962,7,8,7,7,AI arms race causing unsafe deployment,,Expand AI Safety Research Funding and Capacity
6,228,7,32,40,7,Reward Misspecification and Reward Hacking,,Attainable Utility Preservation reward penalty
20,692,7,35,11,7,Deceptive alignment and hidden objectives,,Human-preference reward model fine-tuning
22,958,7,35,7,7,Deceptive and Harmful Language Model Outputs,,Human-preference reward model fine-tuning
22,6,7,5,74,7,Deceptive and Harmful Language Model Outputs,Adversarial robustness through PGD training,Pre-deployment adversarial red-teaming and robustness testing
6,644,7,26,12,7,Reward Misspecification and Reward Hacking,,Reward-guided RL fine-tuning with safety constraints
21,199,7,8,47,7,Catastrophic AI misalignment and loss of control,,Expand AI Safety Research Funding and Capacity
38,80,7,35,165,7,Catastrophic AGI Misalignment Risk,,Human-preference reward model fine-tuning
38,96,7,23,147,7,Catastrophic AGI Misalignment Risk,,Human-aware predictive robot control and safety planning
6,370,7,35,23,7,Reward Misspecification and Reward Hacking,,Human-preference reward model fine-tuning
32,368,7,8,21,7,AI shutdown resistance and control loss,,Expand AI Safety Research Funding and Capacity
6,755,7,8,10,7,Reward Misspecification and Reward Hacking,,Expand AI Safety Research Funding and Capacity
20,68,7,5,182,7,Deceptive alignment and hidden objectives,,Pre-deployment adversarial red-teaming and robustness testing
34,1091,7,8,7,7,Instrumental power-seeking by advanced AI agents,,Expand AI Safety Research Funding and Capacity
21,199,7,11,9,7,Catastrophic AI misalignment and loss of control,,Public AI risk outreach and educational dissemination
16,225,7,24,42,7,Insufficient AI safety research capacity,,RLHF fine-tuning for aligned language models
2,735,7,8,10,7,AI arms race causing unsafe deployment,,Expand AI Safety Research Funding and Capacity
6,208,7,11,51,7,Reward Misspecification and Reward Hacking,,Public AI risk outreach and educational dissemination
22,6,7,22,10,7,Deceptive and Harmful Language Model Outputs,Adversarial robustness through PGD training,Deployment-time confidence filtering and rejection sampling
6,753,7,8,10,7,Reward Misspecification and Reward Hacking,,Expand AI Safety Research Funding and Capacity
19,531,7,8,14,7,Misaligned AI takeover and human disempowerment,,Expand AI Safety Research Funding and Capacity
25,110,7,24,126,7,Misaligned Superintelligent AI Existential Risk,,RLHF fine-tuning for aligned language models
25,75,7,8,174,7,Misaligned Superintelligent AI Existential Risk,,Expand AI Safety Research Funding and Capacity
18,92,7,35,150,7,Catastrophic Superintelligent AI Misalignment,,Human-preference reward model fine-tuning
10,862,7,8,8,7,Existential catastrophe from misaligned AI,,Expand AI Safety Research Funding and Capacity
10,485,7,15,16,7,Existential catastrophe from misaligned AI,,Pre-deployment mechanistic interpretability audits
10,486,7,0,16,7,Existential catastrophe from misaligned AI,,Training-time regularization for robust generalization
10,487,7,6,16,7,Existential catastrophe from misaligned AI,,PGD Adversarial Training for Robust Fine-Tuning
25,182,7,8,63,7,Misaligned Superintelligent AI Existential Risk,,Expand AI Safety Research Funding and Capacity
6,618,7,6,9,7,Reward Misspecification and Reward Hacking,,PGD Adversarial Training for Robust Fine-Tuning
16,951,7,8,7,7,Insufficient AI safety research capacity,,Expand AI Safety Research Funding and Capacity
20,804,7,35,9,7,Deceptive alignment and hidden objectives,,Human-preference reward model fine-tuning
32,109,7,8,122,7,AI shutdown resistance and control loss,,Expand AI Safety Research Funding and Capacity
9,615,7,8,12,7,Deployed AI Misalignment Causes Societal Harm,,Expand AI Safety Research Funding and Capacity
6,595,7,23,13,7,Reward Misspecification and Reward Hacking,,Human-aware predictive robot control and safety planning
35,430,7,8,19,7,Advanced AI value misalignment risk,,Expand AI Safety Research Funding and Capacity
35,752,7,2,10,7,Advanced AI value misalignment risk,,MCTS-Guided RL Planning and Training
19,91,7,8,150,7,Misaligned AI takeover and human disempowerment,,Expand AI Safety Research Funding and Capacity
12,66,7,35,189,7,Catastrophic risks from misaligned advanced AI,,Human-preference reward model fine-tuning
21,99,7,8,145,7,Catastrophic AI misalignment and loss of control,,Expand AI Safety Research Funding and Capacity
16,23,7,8,337,7,Insufficient AI safety research capacity,Funding and expert consensus for AI safety capacity,Expand AI Safety Research Funding and Capacity
18,48,7,35,229,7,Catastrophic Superintelligent AI Misalignment,,Human-preference reward model fine-tuning
21,69,7,24,180,7,Catastrophic AI misalignment and loss of control,,RLHF fine-tuning for aligned language models
19,173,7,4,68,7,Misaligned AI takeover and human disempowerment,,Pre-deployment safety gates and controlled release
9,719,7,1,10,7,Deployed AI Misalignment Causes Societal Harm,,Continuous anomaly monitoring and safety tripwires
2,225,7,24,42,7,AI arms race causing unsafe deployment,,RLHF fine-tuning for aligned language models
10,181,7,11,63,7,Existential catastrophe from misaligned AI,,Public AI risk outreach and educational dissemination
16,960,7,8,7,7,Insufficient AI safety research capacity,,Expand AI Safety Research Funding and Capacity
9,322,7,8,28,7,Deployed AI Misalignment Causes Societal Harm,,Expand AI Safety Research Funding and Capacity
2,732,7,8,10,7,AI arms race causing unsafe deployment,,Expand AI Safety Research Funding and Capacity
12,961,7,5,7,7,Catastrophic risks from misaligned advanced AI,,Pre-deployment adversarial red-teaming and robustness testing
12,7,7,8,729,7,Catastrophic risks from misaligned advanced AI,Expanding AI safety research and implementation capacity,Expand AI Safety Research Funding and Capacity
12,23,7,8,337,7,Catastrophic risks from misaligned advanced AI,Funding and expert consensus for AI safety capacity,Expand AI Safety Research Funding and Capacity
12,12,7,8,429,7,Catastrophic risks from misaligned advanced AI,Building AI safety capacity through funded training,Expand AI Safety Research Funding and Capacity
6,17,7,10,371,7,Reward Misspecification and Reward Hacking,Global governance enables coordinated AI safety controls,Governed AI oversight and compliance regimes
6,17,7,4,11,7,Reward Misspecification and Reward Hacking,Global governance enables coordinated AI safety controls,Pre-deployment safety gates and controlled release
4,429,7,23,19,7,Unsafe and Sample-Inefficient RL Exploration,,Human-aware predictive robot control and safety planning
16,1089,7,14,7,7,Insufficient AI safety research capacity,,Beginner-Friendly AGI Safety Knowledge Infrastructure
1,84,7,32,160,7,Malicious misuse of frontier AI for large-scale harm,,Attainable Utility Preservation reward penalty
21,430,7,8,19,7,Catastrophic AI misalignment and loss of control,,Expand AI Safety Research Funding and Capacity
35,1048,7,11,7,7,Advanced AI value misalignment risk,,Public AI risk outreach and educational dissemination
6,594,7,26,13,7,Reward Misspecification and Reward Hacking,,Reward-guided RL fine-tuning with safety constraints
35,1049,7,11,7,7,Advanced AI value misalignment risk,,Public AI risk outreach and educational dissemination
6,602,7,35,13,7,Reward Misspecification and Reward Hacking,,Human-preference reward model fine-tuning
6,717,7,6,10,7,Reward Misspecification and Reward Hacking,,PGD Adversarial Training for Robust Fine-Tuning
6,718,7,6,10,7,Reward Misspecification and Reward Hacking,,PGD Adversarial Training for Robust Fine-Tuning
7,67,7,4,184,7,Human extinction from misaligned superintelligent AI,,Pre-deployment safety gates and controlled release
6,678,7,8,11,7,Reward Misspecification and Reward Hacking,,Expand AI Safety Research Funding and Capacity
21,155,7,24,80,7,Catastrophic AI misalignment and loss of control,,RLHF fine-tuning for aligned language models
21,156,7,24,80,7,Catastrophic AI misalignment and loss of control,,RLHF fine-tuning for aligned language models
6,682,7,5,11,7,Reward Misspecification and Reward Hacking,,Pre-deployment adversarial red-teaming and robustness testing
6,716,7,38,10,7,Reward Misspecification and Reward Hacking,,Incentivized AI forecasting and prediction systems
15,604,7,24,13,7,Opaque AI decision-making undermines oversight and safety,,RLHF fine-tuning for aligned language models
15,605,7,4,13,7,Opaque AI decision-making undermines oversight and safety,,Pre-deployment safety gates and controlled release
26,112,7,4,126,7,Misaligned AGI existential catastrophe,,Pre-deployment safety gates and controlled release
12,40,7,11,260,7,Catastrophic risks from misaligned advanced AI,,Public AI risk outreach and educational dissemination
6,814,7,24,9,7,Reward Misspecification and Reward Hacking,,RLHF fine-tuning for aligned language models
16,513,7,35,16,7,Insufficient AI safety research capacity,,Human-preference reward model fine-tuning
26,80,7,35,165,7,Misaligned AGI existential catastrophe,,Human-preference reward model fine-tuning
25,272,7,11,33,7,Misaligned Superintelligent AI Existential Risk,,Public AI risk outreach and educational dissemination
6,621,7,32,12,7,Reward Misspecification and Reward Hacking,,Attainable Utility Preservation reward penalty
6,616,7,8,12,7,Reward Misspecification and Reward Hacking,,Expand AI Safety Research Funding and Capacity
6,792,7,5,9,7,Reward Misspecification and Reward Hacking,,Pre-deployment adversarial red-teaming and robustness testing
6,681,7,5,11,7,Reward Misspecification and Reward Hacking,,Pre-deployment adversarial red-teaming and robustness testing
6,617,7,8,12,7,Reward Misspecification and Reward Hacking,,Expand AI Safety Research Funding and Capacity
20,67,7,4,184,7,Deceptive alignment and hidden objectives,,Pre-deployment safety gates and controlled release
6,683,7,19,11,7,Reward Misspecification and Reward Hacking,,Demonstration-Based Policy Pretraining
6,684,7,23,11,7,Reward Misspecification and Reward Hacking,,Human-aware predictive robot control and safety planning
38,106,7,5,135,7,Catastrophic AGI Misalignment Risk,,Pre-deployment adversarial red-teaming and robustness testing
22,1081,7,24,7,7,Deceptive and Harmful Language Model Outputs,,RLHF fine-tuning for aligned language models
24,423,7,8,16,7,Objective Misspecification and Misaligned Optimization,,Expand AI Safety Research Funding and Capacity
2,733,7,8,10,7,AI arms race causing unsafe deployment,,Expand AI Safety Research Funding and Capacity
2,586,8,27,7,7,AI arms race causing unsafe deployment,,KL-Regularized RLHF Fine-Tuning
20,230,7,8,12,7,Deceptive alignment and hidden objectives,,Expand AI Safety Research Funding and Capacity
9,70,61,11,7,7,Deployed AI Misalignment Causes Societal Harm,,Public AI risk outreach and educational dissemination
20,551,10,33,7,7,Deceptive alignment and hidden objectives,,Deployment-time prompt engineering for aligned behavior
20,551,10,27,7,7,Deceptive alignment and hidden objectives,,KL-Regularized RLHF Fine-Tuning
35,581,10,8,7,7,Advanced AI value misalignment risk,,Expand AI Safety Research Funding and Capacity
35,581,10,11,7,7,Advanced AI value misalignment risk,,Public AI risk outreach and educational dissemination
20,568,10,11,7,7,Deceptive alignment and hidden objectives,,Public AI risk outreach and educational dissemination
20,568,10,8,7,7,Deceptive alignment and hidden objectives,,Expand AI Safety Research Funding and Capacity
20,573,10,35,7,7,Deceptive alignment and hidden objectives,,Human-preference reward model fine-tuning
20,573,10,5,7,7,Deceptive alignment and hidden objectives,,Pre-deployment adversarial red-teaming and robustness testing
2,52,144,11,7,7,AI arms race causing unsafe deployment,,Public AI risk outreach and educational dissemination
16,70,39,11,7,7,Insufficient AI safety research capacity,,Public AI risk outreach and educational dissemination
34,938,8,8,7,7,Instrumental power-seeking by advanced AI agents,,Expand AI Safety Research Funding and Capacity
9,52,34,11,7,7,Deployed AI Misalignment Causes Societal Harm,,Public AI risk outreach and educational dissemination
20,216,34,11,7,7,Deceptive alignment and hidden objectives,,Public AI risk outreach and educational dissemination
1,70,31,11,7,7,Malicious misuse of frontier AI for large-scale harm,,Public AI risk outreach and educational dissemination
21,52,27,11,7,7,Catastrophic AI misalignment and loss of control,,Public AI risk outreach and educational dissemination
2,70,23,11,7,7,AI arms race causing unsafe deployment,,Public AI risk outreach and educational dissemination
12,70,22,11,7,7,Catastrophic risks from misaligned advanced AI,,Public AI risk outreach and educational dissemination
20,230,7,5,27,7,Deceptive alignment and hidden objectives,,Pre-deployment adversarial red-teaming and robustness testing
20,402,15,5,7,7,Deceptive alignment and hidden objectives,,Pre-deployment adversarial red-teaming and robustness testing
8,52,15,11,7,7,Human-AI Coordination Failure in Shared Environments,,Public AI risk outreach and educational dissemination
17,451,10,22,7,7,Adversarial Image Classification Misclassification,,Deployment-time confidence filtering and rejection sampling
20,461,11,8,7,7,Deceptive alignment and hidden objectives,,Expand AI Safety Research Funding and Capacity
18,54,7,8,217,7,Catastrophic Superintelligent AI Misalignment,,Expand AI Safety Research Funding and Capacity
6,23,7,8,337,7,Reward Misspecification and Reward Hacking,Funding and expert consensus for AI safety capacity,Expand AI Safety Research Funding and Capacity
6,12,7,8,429,7,Reward Misspecification and Reward Hacking,Building AI safety capacity through funded training,Expand AI Safety Research Funding and Capacity
12,17,7,10,371,7,Catastrophic risks from misaligned advanced AI,Global governance enables coordinated AI safety controls,Governed AI oversight and compliance regimes
12,17,7,4,11,7,Catastrophic risks from misaligned advanced AI,Global governance enables coordinated AI safety controls,Pre-deployment safety gates and controlled release
20,646,8,8,7,7,Deceptive alignment and hidden objectives,,Expand AI Safety Research Funding and Capacity
25,63,7,8,194,7,Misaligned Superintelligent AI Existential Risk,,Expand AI Safety Research Funding and Capacity
26,40,7,11,260,7,Misaligned AGI existential catastrophe,,Public AI risk outreach and educational dissemination
2,730,7,8,10,7,AI arms race causing unsafe deployment,,Expand AI Safety Research Funding and Capacity
35,200,7,8,55,7,Advanced AI value misalignment risk,,Expand AI Safety Research Funding and Capacity
2,586,8,33,7,7,AI arms race causing unsafe deployment,,Deployment-time prompt engineering for aligned behavior
2,731,7,8,10,7,AI arms race causing unsafe deployment,,Expand AI Safety Research Funding and Capacity
1,666,6,24,6,6,Malicious misuse of frontier AI for large-scale harm,,RLHF fine-tuning for aligned language models
1,916,6,4,8,6,Malicious misuse of frontier AI for large-scale harm,,Pre-deployment safety gates and controlled release
2,4,6,4,894,6,AI arms race causing unsafe deployment,Corrigible transparency and secure oversight mechanisms,Pre-deployment safety gates and controlled release
1,666,6,35,6,6,Malicious misuse of frontier AI for large-scale harm,,Human-preference reward model fine-tuning
19,36,6,8,265,6,Misaligned AI takeover and human disempowerment,Funding and capacity-building for AI safety research,Expand AI Safety Research Funding and Capacity
6,789,6,37,9,6,Reward Misspecification and Reward Hacking,,ROME-based factual knowledge editing
35,111,6,5,126,6,Advanced AI value misalignment risk,,Pre-deployment adversarial red-teaming and robustness testing
6,235,6,5,38,6,Reward Misspecification and Reward Hacking,,Pre-deployment adversarial red-teaming and robustness testing
1,917,6,8,8,6,Malicious misuse of frontier AI for large-scale harm,,Expand AI Safety Research Funding and Capacity
2,777,6,4,10,6,AI arms race causing unsafe deployment,,Pre-deployment safety gates and controlled release
6,856,6,35,8,6,Reward Misspecification and Reward Hacking,,Human-preference reward model fine-tuning
1,1286,6,8,6,6,Malicious misuse of frontier AI for large-scale harm,,Expand AI Safety Research Funding and Capacity
20,24,6,5,73,6,Deceptive alignment and hidden objectives,Adversarial robustness training via optimized perturbations,Pre-deployment adversarial red-teaming and robustness testing
20,24,6,6,255,6,Deceptive alignment and hidden objectives,Adversarial robustness training via optimized perturbations,PGD Adversarial Training for Robust Fine-Tuning
6,854,6,5,8,6,Reward Misspecification and Reward Hacking,,Pre-deployment adversarial red-teaming and robustness testing
1,1284,6,11,6,6,Malicious misuse of frontier AI for large-scale harm,,Public AI risk outreach and educational dissemination
9,1129,6,35,6,6,Deployed AI Misalignment Causes Societal Harm,,Human-preference reward model fine-tuning
9,857,6,18,8,6,Deployed AI Misalignment Causes Societal Harm,,Critique-guided fine-tuning and human feedback
35,1045,6,4,7,6,Advanced AI value misalignment risk,,Pre-deployment safety gates and controlled release
2,672,6,8,12,6,AI arms race causing unsafe deployment,,Expand AI Safety Research Funding and Capacity
7,981,6,12,7,6,Human extinction from misaligned superintelligent AI,,Pre-deployment bias auditing and fairness mitigation
22,1290,6,8,6,6,Deceptive and Harmful Language Model Outputs,,Expand AI Safety Research Funding and Capacity
9,24,6,5,73,6,Deployed AI Misalignment Causes Societal Harm,Adversarial robustness training via optimized perturbations,Pre-deployment adversarial red-teaming and robustness testing
9,24,6,6,255,6,Deployed AI Misalignment Causes Societal Harm,Adversarial robustness training via optimized perturbations,PGD Adversarial Training for Robust Fine-Tuning
9,320,6,36,27,6,Deployed AI Misalignment Causes Societal Harm,,Robustness-Oriented Training Data Augmentation
9,296,6,23,30,6,Deployed AI Misalignment Causes Societal Harm,,Human-aware predictive robot control and safety planning
9,265,6,35,34,6,Deployed AI Misalignment Causes Societal Harm,,Human-preference reward model fine-tuning
9,311,6,26,29,6,Deployed AI Misalignment Causes Societal Harm,,Reward-guided RL fine-tuning with safety constraints
1,779,6,8,10,6,Malicious misuse of frontier AI for large-scale harm,,Expand AI Safety Research Funding and Capacity
38,115,6,8,123,6,Catastrophic AGI Misalignment Risk,,Expand AI Safety Research Funding and Capacity
9,791,6,19,6,6,Deployed AI Misalignment Causes Societal Harm,,Demonstration-Based Policy Pretraining
35,108,6,8,128,6,Advanced AI value misalignment risk,,Expand AI Safety Research Funding and Capacity
12,75,6,8,174,6,Catastrophic risks from misaligned advanced AI,,Expand AI Safety Research Funding and Capacity
6,685,6,18,11,6,Reward Misspecification and Reward Hacking,,Critique-guided fine-tuning and human feedback
6,686,6,15,11,6,Reward Misspecification and Reward Hacking,,Pre-deployment mechanistic interpretability audits
6,687,6,23,11,6,Reward Misspecification and Reward Hacking,,Human-aware predictive robot control and safety planning
6,439,6,5,18,6,Reward Misspecification and Reward Hacking,,Pre-deployment adversarial red-teaming and robustness testing
21,138,6,15,93,6,Catastrophic AI misalignment and loss of control,,Pre-deployment mechanistic interpretability audits
21,143,6,6,90,6,Catastrophic AI misalignment and loss of control,,PGD Adversarial Training for Robust Fine-Tuning
6,855,6,6,8,6,Reward Misspecification and Reward Hacking,,PGD Adversarial Training for Robust Fine-Tuning
6,849,6,4,8,6,Reward Misspecification and Reward Hacking,,Pre-deployment safety gates and controlled release
20,299,6,24,30,6,Deceptive alignment and hidden objectives,,RLHF fine-tuning for aligned language models
34,1137,6,24,6,6,Instrumental power-seeking by advanced AI agents,,RLHF fine-tuning for aligned language models
15,1276,6,8,6,6,Opaque AI decision-making undermines oversight and safety,,Expand AI Safety Research Funding and Capacity
15,1277,6,11,6,6,Opaque AI decision-making undermines oversight and safety,,Public AI risk outreach and educational dissemination
0,451,6,34,11,6,Out-of-distribution generalization failure,,Large-scale pretraining before task fine-tuning
0,451,6,22,7,6,Out-of-distribution generalization failure,,Deployment-time confidence filtering and rejection sampling
0,907,6,34,8,6,Out-of-distribution generalization failure,,Large-scale pretraining before task fine-tuning
8,448,6,24,18,6,Human-AI Coordination Failure in Shared Environments,,RLHF fine-tuning for aligned language models
9,452,6,8,18,6,Deployed AI Misalignment Causes Societal Harm,,Expand AI Safety Research Funding and Capacity
1,75,6,8,174,6,Malicious misuse of frontier AI for large-scale harm,,Expand AI Safety Research Funding and Capacity
12,4,6,4,894,6,Catastrophic risks from misaligned advanced AI,Corrigible transparency and secure oversight mechanisms,Pre-deployment safety gates and controlled release
38,35,6,24,271,6,Catastrophic AGI Misalignment Risk,Human-feedback reward modeling for alignment,RLHF fine-tuning for aligned language models
9,664,6,6,12,6,Deployed AI Misalignment Causes Societal Harm,,PGD Adversarial Training for Robust Fine-Tuning
6,851,6,13,8,6,Reward Misspecification and Reward Hacking,,Multi-objective recommender ranking with safety penalties
6,852,6,5,8,6,Reward Misspecification and Reward Hacking,,Pre-deployment adversarial red-teaming and robustness testing
6,853,6,10,8,6,Reward Misspecification and Reward Hacking,,Governed AI oversight and compliance regimes
6,848,6,1,8,6,Reward Misspecification and Reward Hacking,,Continuous anomaly monitoring and safety tripwires
9,9,6,8,538,6,Deployed AI Misalignment Causes Societal Harm,AI safety capacity building via funding and fellowships,Expand AI Safety Research Funding and Capacity
6,51,6,8,113,6,Reward Misspecification and Reward Hacking,,Expand AI Safety Research Funding and Capacity
6,51,6,15,113,6,Reward Misspecification and Reward Hacking,,Pre-deployment mechanistic interpretability audits
16,577,6,8,14,6,Insufficient AI safety research capacity,,Expand AI Safety Research Funding and Capacity
6,1269,6,26,6,6,Reward Misspecification and Reward Hacking,,Reward-guided RL fine-tuning with safety constraints
16,654,6,35,12,6,Insufficient AI safety research capacity,,Human-preference reward model fine-tuning
15,1274,6,8,6,6,Opaque AI decision-making undermines oversight and safety,,Expand AI Safety Research Funding and Capacity
9,418,6,39,20,6,Deployed AI Misalignment Causes Societal Harm,,Export controls on advanced AI hardware
28,257,6,8,30,6,Algorithmic discrimination in high-stakes decisions,,Expand AI Safety Research Funding and Capacity
6,850,6,18,8,6,Reward Misspecification and Reward Hacking,,Critique-guided fine-tuning and human feedback
6,206,6,22,8,6,Reward Misspecification and Reward Hacking,,Deployment-time confidence filtering and rejection sampling
6,206,6,24,44,6,Reward Misspecification and Reward Hacking,,RLHF fine-tuning for aligned language models
33,1322,6,10,6,6,AI-driven personal data privacy breaches,,Governed AI oversight and compliance regimes
9,446,6,33,9,6,Deployed AI Misalignment Causes Societal Harm,,Deployment-time prompt engineering for aligned behavior
15,606,6,35,13,6,Opaque AI decision-making undermines oversight and safety,,Human-preference reward model fine-tuning
26,90,6,24,153,6,Misaligned AGI existential catastrophe,,RLHF fine-tuning for aligned language models
10,168,6,4,73,6,Existential catastrophe from misaligned AI,,Pre-deployment safety gates and controlled release
6,619,6,35,12,6,Reward Misspecification and Reward Hacking,,Human-preference reward model fine-tuning
6,656,6,19,8,6,Reward Misspecification and Reward Hacking,,Demonstration-Based Policy Pretraining
16,745,6,11,10,6,Insufficient AI safety research capacity,,Public AI risk outreach and educational dissemination
21,62,6,39,197,6,Catastrophic AI misalignment and loss of control,,Export controls on advanced AI hardware
16,99,6,8,145,6,Insufficient AI safety research capacity,,Expand AI Safety Research Funding and Capacity
16,744,6,8,10,6,Insufficient AI safety research capacity,,Expand AI Safety Research Funding and Capacity
9,653,6,35,6,6,Deployed AI Misalignment Causes Societal Harm,,Human-preference reward model fine-tuning
16,652,6,6,12,6,Insufficient AI safety research capacity,,PGD Adversarial Training for Robust Fine-Tuning
2,825,6,35,9,6,AI arms race causing unsafe deployment,,Human-preference reward model fine-tuning
15,645,6,15,12,6,Opaque AI decision-making undermines oversight and safety,,Pre-deployment mechanistic interpretability audits
10,200,6,8,55,6,Existential catastrophe from misaligned AI,,Expand AI Safety Research Funding and Capacity
9,653,6,5,6,6,Deployed AI Misalignment Causes Societal Harm,,Pre-deployment adversarial red-teaming and robustness testing
21,10,6,8,517,6,Catastrophic AI misalignment and loss of control,Funding-driven growth of AI safety research capacity,Expand AI Safety Research Funding and Capacity
20,882,6,8,8,6,Deceptive alignment and hidden objectives,,Expand AI Safety Research Funding and Capacity
34,695,6,8,9,6,Instrumental power-seeking by advanced AI agents,,Expand AI Safety Research Funding and Capacity
12,627,6,6,12,6,Catastrophic risks from misaligned advanced AI,,PGD Adversarial Training for Robust Fine-Tuning
19,538,6,19,10,6,Misaligned AI takeover and human disempowerment,,Demonstration-Based Policy Pretraining
0,286,6,11,16,6,Out-of-distribution generalization failure,,Public AI risk outreach and educational dissemination
0,286,6,8,16,6,Out-of-distribution generalization failure,,Expand AI Safety Research Funding and Capacity
16,1109,6,24,6,6,Insufficient AI safety research capacity,,RLHF fine-tuning for aligned language models
0,285,6,35,16,6,Out-of-distribution generalization failure,,Human-preference reward model fine-tuning
0,285,6,5,16,6,Out-of-distribution generalization failure,,Pre-deployment adversarial red-teaming and robustness testing
20,26,6,8,323,6,Deceptive alignment and hidden objectives,Funding-driven expansion of AI safety capacity,Expand AI Safety Research Funding and Capacity
21,271,6,11,6,6,Catastrophic AI misalignment and loss of control,,Public AI risk outreach and educational dissemination
20,21,6,35,175,6,Deceptive alignment and hidden objectives,Preventing reward hacking through robust evaluation,Human-preference reward model fine-tuning
21,271,6,8,27,6,Catastrophic AI misalignment and loss of control,,Expand AI Safety Research Funding and Capacity
20,21,6,5,175,6,Deceptive alignment and hidden objectives,Preventing reward hacking through robust evaluation,Pre-deployment adversarial red-teaming and robustness testing
20,18,6,35,190,6,Deceptive alignment and hidden objectives,Human feedback reward-model alignment learning,Human-preference reward model fine-tuning
20,18,6,24,189,6,Deceptive alignment and hidden objectives,Human feedback reward-model alignment learning,RLHF fine-tuning for aligned language models
20,11,6,33,222,6,Deceptive alignment and hidden objectives,Behavior shaping via reflective alignment prompting,Deployment-time prompt engineering for aligned behavior
20,11,6,27,222,6,Deceptive alignment and hidden objectives,Behavior shaping via reflective alignment prompting,KL-Regularized RLHF Fine-Tuning
19,3,6,19,600,6,Misaligned AI takeover and human disempowerment,Robust reward learning and specification gaming,Demonstration-Based Policy Pretraining
19,3,6,5,300,6,Misaligned AI takeover and human disempowerment,Robust reward learning and specification gaming,Pre-deployment adversarial red-teaming and robustness testing
7,18,6,35,190,6,Human extinction from misaligned superintelligent AI,Human feedback reward-model alignment learning,Human-preference reward model fine-tuning
7,18,6,24,189,6,Human extinction from misaligned superintelligent AI,Human feedback reward-model alignment learning,RLHF fine-tuning for aligned language models
35,741,6,35,9,6,Advanced AI value misalignment risk,,Human-preference reward model fine-tuning
35,900,6,32,8,6,Advanced AI value misalignment risk,,Attainable Utility Preservation reward penalty
16,1108,6,4,6,6,Insufficient AI safety research capacity,,Pre-deployment safety gates and controlled release
35,898,6,24,8,6,Advanced AI value misalignment risk,,RLHF fine-tuning for aligned language models
22,1252,6,15,6,6,Deceptive and Harmful Language Model Outputs,,Pre-deployment mechanistic interpretability audits
26,1166,6,8,6,6,Misaligned AGI existential catastrophe,,Expand AI Safety Research Funding and Capacity
25,127,6,4,107,6,Misaligned Superintelligent AI Existential Risk,,Pre-deployment safety gates and controlled release
25,84,6,32,160,6,Misaligned Superintelligent AI Existential Risk,,Attainable Utility Preservation reward penalty
24,436,6,19,12,6,Objective Misspecification and Misaligned Optimization,,Demonstration-Based Policy Pretraining
24,436,6,5,6,6,Objective Misspecification and Misaligned Optimization,,Pre-deployment adversarial red-teaming and robustness testing
22,1246,6,6,6,6,Deceptive and Harmful Language Model Outputs,,PGD Adversarial Training for Robust Fine-Tuning
20,578,6,15,10,6,Deceptive alignment and hidden objectives,,Pre-deployment mechanistic interpretability audits
20,676,6,35,11,6,Deceptive alignment and hidden objectives,,Human-preference reward model fine-tuning
4,539,6,35,15,6,Unsafe and Sample-Inefficient RL Exploration,,Human-preference reward model fine-tuning
9,577,6,8,14,6,Deployed AI Misalignment Causes Societal Harm,,Expand AI Safety Research Funding and Capacity
0,1,6,8,1372,6,Out-of-distribution generalization failure,Funding and consensus-building for AI safety capacity,Expand AI Safety Research Funding and Capacity
0,1,6,11,277,6,Out-of-distribution generalization failure,Funding and consensus-building for AI safety capacity,Public AI risk outreach and educational dissemination
17,1,6,8,1372,6,Adversarial Image Classification Misclassification,Funding and consensus-building for AI safety capacity,Expand AI Safety Research Funding and Capacity
17,1,6,11,277,6,Adversarial Image Classification Misclassification,Funding and consensus-building for AI safety capacity,Public AI risk outreach and educational dissemination
19,401,6,8,21,6,Misaligned AI takeover and human disempowerment,,Expand AI Safety Research Funding and Capacity
34,2,6,8,1210,6,Instrumental power-seeking by advanced AI agents,AI safety research funding and capacity building,Expand AI Safety Research Funding and Capacity
19,980,6,10,7,6,Misaligned AI takeover and human disempowerment,,Governed AI oversight and compliance regimes
1,33,6,35,274,6,Malicious misuse of frontier AI for large-scale harm,Human feedback reward modeling for alignment,Human-preference reward model fine-tuning
20,720,6,8,10,6,Deceptive alignment and hidden objectives,,Expand AI Safety Research Funding and Capacity
0,297,6,0,30,6,Out-of-distribution generalization failure,,Training-time regularization for robust generalization
35,1251,6,4,6,6,Advanced AI value misalignment risk,,Pre-deployment safety gates and controlled release
11,902,6,11,8,6,Misforecasted AI Timelines Undermining Safety Preparedness,,Public AI risk outreach and educational dissemination
38,105,6,8,135,6,Catastrophic AGI Misalignment Risk,,Expand AI Safety Research Funding and Capacity
34,26,6,8,323,6,Instrumental power-seeking by advanced AI agents,Funding-driven expansion of AI safety capacity,Expand AI Safety Research Funding and Capacity
34,538,6,19,10,6,Instrumental power-seeking by advanced AI agents,,Demonstration-Based Policy Pretraining
16,653,6,35,6,6,Insufficient AI safety research capacity,,Human-preference reward model fine-tuning
16,653,6,5,6,6,Insufficient AI safety research capacity,,Pre-deployment adversarial red-teaming and robustness testing
16,746,6,15,10,6,Insufficient AI safety research capacity,,Pre-deployment mechanistic interpretability audits
16,30,6,11,149,6,Insufficient AI safety research capacity,Expanding alignment research capacity and skill,Public AI risk outreach and educational dissemination
16,30,6,8,149,6,Insufficient AI safety research capacity,Expanding alignment research capacity and skill,Expand AI Safety Research Funding and Capacity
10,216,6,8,40,6,Existential catastrophe from misaligned AI,,Expand AI Safety Research Funding and Capacity
0,283,6,8,16,6,Out-of-distribution generalization failure,,Expand AI Safety Research Funding and Capacity
10,216,6,11,7,6,Existential catastrophe from misaligned AI,,Public AI risk outreach and educational dissemination
9,1256,6,8,6,6,Deployed AI Misalignment Causes Societal Harm,,Expand AI Safety Research Funding and Capacity
9,1254,6,8,6,6,Deployed AI Misalignment Causes Societal Harm,,Expand AI Safety Research Funding and Capacity
2,3,6,19,600,6,AI arms race causing unsafe deployment,Robust reward learning and specification gaming,Demonstration-Based Policy Pretraining
2,3,6,5,300,6,AI arms race causing unsafe deployment,Robust reward learning and specification gaming,Pre-deployment adversarial red-teaming and robustness testing
35,1356,6,24,6,6,Advanced AI value misalignment risk,,RLHF fine-tuning for aligned language models
16,625,6,8,10,6,Insufficient AI safety research capacity,,Expand AI Safety Research Funding and Capacity
12,92,6,35,150,6,Catastrophic risks from misaligned advanced AI,,Human-preference reward model fine-tuning
0,283,6,15,16,6,Out-of-distribution generalization failure,,Pre-deployment mechanistic interpretability audits
0,284,6,35,32,6,Out-of-distribution generalization failure,,Human-preference reward model fine-tuning
2,583,6,10,13,6,AI arms race causing unsafe deployment,,Governed AI oversight and compliance regimes
2,871,6,1,8,6,AI arms race causing unsafe deployment,,Continuous anomaly monitoring and safety tripwires
37,666,6,35,6,6,AI-driven labor displacement and socioeconomic instability,,Human-preference reward model fine-tuning
11,901,6,11,8,6,Misforecasted AI Timelines Undermining Safety Preparedness,,Public AI risk outreach and educational dissemination
37,666,6,24,6,6,AI-driven labor displacement and socioeconomic instability,,RLHF fine-tuning for aligned language models
6,20,6,35,360,6,Reward Misspecification and Reward Hacking,Human-feedback alignment and goal specification,Human-preference reward model fine-tuning
6,77,6,8,172,6,Reward Misspecification and Reward Hacking,,Expand AI Safety Research Funding and Capacity
20,34,6,15,270,6,Deceptive alignment and hidden objectives,Mechanistic interpretability for hidden model cognition,Pre-deployment mechanistic interpretability audits
6,34,6,15,270,6,Reward Misspecification and Reward Hacking,Mechanistic interpretability for hidden model cognition,Pre-deployment mechanistic interpretability audits
6,9,6,8,538,6,Reward Misspecification and Reward Hacking,AI safety capacity building via funding and fellowships,Expand AI Safety Research Funding and Capacity
6,31,6,35,288,6,Reward Misspecification and Reward Hacking,Human-feedback reward modeling for objective alignment,Human-preference reward model fine-tuning
35,469,6,8,9,6,Advanced AI value misalignment risk,,Expand AI Safety Research Funding and Capacity
9,546,6,19,10,6,Deployed AI Misalignment Causes Societal Harm,,Demonstration-Based Policy Pretraining
35,469,6,11,8,6,Advanced AI value misalignment risk,,Public AI risk outreach and educational dissemination
7,964,6,8,7,6,Human extinction from misaligned superintelligent AI,,Expand AI Safety Research Funding and Capacity
22,861,6,4,8,6,Deceptive and Harmful Language Model Outputs,,Pre-deployment safety gates and controlled release
0,274,6,8,33,6,Out-of-distribution generalization failure,,Expand AI Safety Research Funding and Capacity
18,18,6,35,190,6,Catastrophic Superintelligent AI Misalignment,Human feedback reward-model alignment learning,Human-preference reward model fine-tuning
18,18,6,24,189,6,Catastrophic Superintelligent AI Misalignment,Human feedback reward-model alignment learning,RLHF fine-tuning for aligned language models
26,327,6,8,27,6,Misaligned AGI existential catastrophe,,Expand AI Safety Research Funding and Capacity
18,58,6,10,211,6,Catastrophic Superintelligent AI Misalignment,,Governed AI oversight and compliance regimes
34,1153,6,8,6,6,Instrumental power-seeking by advanced AI agents,,Expand AI Safety Research Funding and Capacity
7,44,6,24,239,6,Human extinction from misaligned superintelligent AI,,RLHF fine-tuning for aligned language models
37,471,6,35,17,6,AI-driven labor displacement and socioeconomic instability,,Human-preference reward model fine-tuning
9,446,6,27,9,6,Deployed AI Misalignment Causes Societal Harm,,KL-Regularized RLHF Fine-Tuning
35,212,6,8,27,6,Advanced AI value misalignment risk,,Expand AI Safety Research Funding and Capacity
22,1080,7,8,6,6,Deceptive and Harmful Language Model Outputs,,Expand AI Safety Research Funding and Capacity
35,299,6,24,30,6,Advanced AI value misalignment risk,,RLHF fine-tuning for aligned language models
12,221,6,25,43,6,Catastrophic risks from misaligned advanced AI,,Explainable decision support with uncertainty and counterfactuals
20,290,6,11,6,6,Deceptive alignment and hidden objectives,,Public AI risk outreach and educational dissemination
20,290,6,8,25,6,Deceptive alignment and hidden objectives,,Expand AI Safety Research Funding and Capacity
24,333,6,8,26,6,Objective Misspecification and Misaligned Optimization,,Expand AI Safety Research Funding and Capacity
35,1263,6,8,6,6,Advanced AI value misalignment risk,,Expand AI Safety Research Funding and Capacity
21,19,6,35,377,6,Catastrophic AI misalignment and loss of control,Human feedback reward-model alignment,Human-preference reward model fine-tuning
38,244,6,35,36,6,Catastrophic AGI Misalignment Risk,,Human-preference reward model fine-tuning
20,860,6,8,8,6,Deceptive alignment and hidden objectives,,Expand AI Safety Research Funding and Capacity
2,873,6,5,8,6,AI arms race causing unsafe deployment,,Pre-deployment adversarial red-teaming and robustness testing
2,734,6,8,10,6,AI arms race causing unsafe deployment,,Expand AI Safety Research Funding and Capacity
35,212,6,35,21,6,Advanced AI value misalignment risk,,Human-preference reward model fine-tuning
25,101,35,4,6,6,Misaligned Superintelligent AI Existential Risk,,Pre-deployment safety gates and controlled release
4,673,12,30,6,6,Unsafe and Sample-Inefficient RL Exploration,,Periodic target networks for stable Q-learning
35,139,6,4,93,6,Advanced AI value misalignment risk,,Pre-deployment safety gates and controlled release
6,114,6,13,62,6,Reward Misspecification and Reward Hacking,,Multi-objective recommender ranking with safety penalties
12,967,6,11,7,6,Catastrophic risks from misaligned advanced AI,,Public AI risk outreach and educational dissemination
25,101,35,8,6,6,Misaligned Superintelligent AI Existential Risk,,Expand AI Safety Research Funding and Capacity
21,132,35,8,6,6,Catastrophic AI misalignment and loss of control,,Expand AI Safety Research Funding and Capacity
6,8,6,11,362,6,Reward Misspecification and Reward Hacking,Grant-funded AI safety talent pipeline,Public AI risk outreach and educational dissemination
12,626,10,5,6,6,Catastrophic risks from misaligned advanced AI,,Pre-deployment adversarial red-teaming and robustness testing
12,189,6,8,48,6,Catastrophic risks from misaligned advanced AI,,Expand AI Safety Research Funding and Capacity
10,837,6,39,8,6,Existential catastrophe from misaligned AI,,Export controls on advanced AI hardware
4,13,6,8,403,6,Unsafe and Sample-Inefficient RL Exploration,Grant-driven expansion of AI safety research,Expand AI Safety Research Funding and Capacity
6,8,6,8,316,6,Reward Misspecification and Reward Hacking,Grant-funded AI safety talent pipeline,Expand AI Safety Research Funding and Capacity
20,109,19,11,6,6,Deceptive alignment and hidden objectives,,Public AI risk outreach and educational dissemination
6,13,6,8,403,6,Reward Misspecification and Reward Hacking,Grant-driven expansion of AI safety research,Expand AI Safety Research Funding and Capacity
12,795,6,0,9,6,Catastrophic risks from misaligned advanced AI,,Training-time regularization for robust generalization
6,553,6,8,14,6,Reward Misspecification and Reward Hacking,,Expand AI Safety Research Funding and Capacity
6,712,6,32,10,6,Reward Misspecification and Reward Hacking,,Attainable Utility Preservation reward penalty
20,47,6,32,228,6,Deceptive alignment and hidden objectives,,Attainable Utility Preservation reward penalty
2,800,6,8,9,6,AI arms race causing unsafe deployment,,Expand AI Safety Research Funding and Capacity
2,737,6,17,10,6,AI arms race causing unsafe deployment,,Runtime control and coordination modules
20,708,6,39,10,6,Deceptive alignment and hidden objectives,,Export controls on advanced AI hardware
6,114,6,35,62,6,Reward Misspecification and Reward Hacking,,Human-preference reward model fine-tuning
19,957,7,8,6,6,Misaligned AI takeover and human disempowerment,,Expand AI Safety Research Funding and Capacity
21,1085,7,8,6,6,Catastrophic AI misalignment and loss of control,,Expand AI Safety Research Funding and Capacity
16,447,9,5,6,6,Insufficient AI safety research capacity,,Pre-deployment adversarial red-teaming and robustness testing
0,820,8,9,6,6,Out-of-distribution generalization failure,,Choose robust model architectures at design time
5,763,8,9,6,6,Compute and data inefficiency in AI training,,Choose robust model architectures at design time
20,436,9,5,6,6,Deceptive alignment and hidden objectives,,Pre-deployment adversarial red-teaming and robustness testing
1,829,9,11,6,6,Malicious misuse of frontier AI for large-scale harm,,Public AI risk outreach and educational dissemination
9,447,9,5,6,6,Deployed AI Misalignment Causes Societal Harm,,Pre-deployment adversarial red-teaming and robustness testing
1,832,9,19,6,6,Malicious misuse of frontier AI for large-scale harm,,Demonstration-Based Policy Pretraining
2,413,10,5,6,6,AI arms race causing unsafe deployment,,Pre-deployment adversarial red-teaming and robustness testing
2,633,8,8,6,6,AI arms race causing unsafe deployment,,Expand AI Safety Research Funding and Capacity
0,765,10,34,6,6,Out-of-distribution generalization failure,,Large-scale pretraining before task fine-tuning
6,552,10,8,6,6,Reward Misspecification and Reward Hacking,,Expand AI Safety Research Funding and Capacity
21,41,95,19,6,6,Catastrophic AI misalignment and loss of control,,Demonstration-Based Policy Pretraining
25,41,13,19,6,6,Misaligned Superintelligent AI Existential Risk,,Demonstration-Based Policy Pretraining
6,101,13,8,6,6,Reward Misspecification and Reward Hacking,,Expand AI Safety Research Funding and Capacity
6,101,13,4,6,6,Reward Misspecification and Reward Hacking,,Pre-deployment safety gates and controlled release
2,633,8,15,6,6,AI arms race causing unsafe deployment,,Pre-deployment mechanistic interpretability audits
35,109,14,11,6,6,Advanced AI value misalignment risk,,Public AI risk outreach and educational dissemination
4,1058,7,26,6,6,Unsafe and Sample-Inefficient RL Exploration,,Reward-guided RL fine-tuning with safety constraints
2,1044,7,8,6,6,AI arms race causing unsafe deployment,,Expand AI Safety Research Funding and Capacity
10,101,17,4,6,6,Existential catastrophe from misaligned AI,,Pre-deployment safety gates and controlled release
32,109,7,11,6,6,AI shutdown resistance and control loss,,Public AI risk outreach and educational dissemination
10,1082,7,8,6,6,Existential catastrophe from misaligned AI,,Expand AI Safety Research Funding and Capacity
10,132,44,8,6,6,Existential catastrophe from misaligned AI,,Expand AI Safety Research Funding and Capacity
9,652,6,6,12,6,Deployed AI Misalignment Causes Societal Harm,,PGD Adversarial Training for Robust Fine-Tuning
34,109,51,11,6,6,Instrumental power-seeking by advanced AI agents,,Public AI risk outreach and educational dissemination
10,101,17,8,6,6,Existential catastrophe from misaligned AI,,Expand AI Safety Research Funding and Capacity
4,877,8,6,6,6,Unsafe and Sample-Inefficient RL Exploration,,PGD Adversarial Training for Robust Fine-Tuning
20,648,8,35,6,6,Deceptive alignment and hidden objectives,,Human-preference reward model fine-tuning
20,648,8,24,6,6,Deceptive alignment and hidden objectives,,RLHF fine-tuning for aligned language models
26,101,65,8,6,6,Misaligned AGI existential catastrophe,,Expand AI Safety Research Funding and Capacity
20,691,8,6,6,6,Deceptive alignment and hidden objectives,,PGD Adversarial Training for Robust Fine-Tuning
26,101,65,4,6,6,Misaligned AGI existential catastrophe,,Pre-deployment safety gates and controlled release
19,109,17,11,6,6,Misaligned AI takeover and human disempowerment,,Public AI risk outreach and educational dissemination
35,358,6,8,24,6,Advanced AI value misalignment risk,,Expand AI Safety Research Funding and Capacity
12,189,6,11,12,6,Catastrophic risks from misaligned advanced AI,,Public AI risk outreach and educational dissemination
34,35,6,24,271,6,Instrumental power-seeking by advanced AI agents,Human-feedback reward modeling for alignment,RLHF fine-tuning for aligned language models
9,822,6,21,7,6,Deployed AI Misalignment Causes Societal Harm,,Formal Verification for Pre-Deployment AI Safety
4,30,6,11,149,6,Unsafe and Sample-Inefficient RL Exploration,Expanding alignment research capacity and skill,Public AI risk outreach and educational dissemination
20,271,22,11,6,6,Deceptive alignment and hidden objectives,,Public AI risk outreach and educational dissemination
9,109,20,11,6,6,Deployed AI Misalignment Causes Societal Harm,,Public AI risk outreach and educational dissemination
1,665,12,8,6,6,Malicious misuse of frontier AI for large-scale harm,,Expand AI Safety Research Funding and Capacity
9,246,6,5,12,6,Deployed AI Misalignment Causes Societal Harm,,Pre-deployment adversarial red-teaming and robustness testing
9,246,6,19,24,6,Deployed AI Misalignment Causes Societal Harm,,Demonstration-Based Policy Pretraining
17,297,6,0,30,6,Adversarial Image Classification Misclassification,,Training-time regularization for robust generalization
18,20,6,35,360,6,Catastrophic Superintelligent AI Misalignment,Human-feedback alignment and goal specification,Human-preference reward model fine-tuning
38,578,6,15,10,6,Catastrophic AGI Misalignment Risk,,Pre-deployment mechanistic interpretability audits
24,1226,6,8,6,6,Objective Misspecification and Misaligned Optimization,,Expand AI Safety Research Funding and Capacity
9,514,6,8,16,6,Deployed AI Misalignment Causes Societal Harm,,Expand AI Safety Research Funding and Capacity
9,542,6,8,15,6,Deployed AI Misalignment Causes Societal Harm,,Expand AI Safety Research Funding and Capacity
9,1122,6,8,6,6,Deployed AI Misalignment Causes Societal Harm,,Expand AI Safety Research Funding and Capacity
9,1123,6,8,6,6,Deployed AI Misalignment Causes Societal Harm,,Expand AI Safety Research Funding and Capacity
18,85,6,4,159,6,Catastrophic Superintelligent AI Misalignment,,Pre-deployment safety gates and controlled release
4,30,6,8,149,6,Unsafe and Sample-Inefficient RL Exploration,Expanding alignment research capacity and skill,Expand AI Safety Research Funding and Capacity
5,1341,6,19,6,6,Compute and data inefficiency in AI training,,Demonstration-Based Policy Pretraining
21,349,6,6,25,6,Catastrophic AI misalignment and loss of control,,PGD Adversarial Training for Robust Fine-Tuning
1,39,6,8,263,6,Malicious misuse of frontier AI for large-scale harm,Risk forecasting drives elite cost-benefit action,Expand AI Safety Research Funding and Capacity
9,417,6,4,20,6,Deployed AI Misalignment Causes Societal Harm,,Pre-deployment safety gates and controlled release
9,445,6,35,9,6,Deployed AI Misalignment Causes Societal Harm,,Human-preference reward model fine-tuning
9,445,6,24,9,6,Deployed AI Misalignment Causes Societal Harm,,RLHF fine-tuning for aligned language models
9,30,6,8,149,6,Deployed AI Misalignment Causes Societal Harm,Expanding alignment research capacity and skill,Expand AI Safety Research Funding and Capacity
9,30,6,11,149,6,Deployed AI Misalignment Causes Societal Harm,Expanding alignment research capacity and skill,Public AI risk outreach and educational dissemination
1,38,6,4,264,6,Malicious misuse of frontier AI for large-scale harm,Elite risk salience enabling safety capacity building,Pre-deployment safety gates and controlled release
9,651,6,35,12,6,Deployed AI Misalignment Causes Societal Harm,,Human-preference reward model fine-tuning
4,1271,6,8,6,6,Unsafe and Sample-Inefficient RL Exploration,,Expand AI Safety Research Funding and Capacity
9,885,6,4,8,6,Deployed AI Misalignment Causes Societal Harm,,Pre-deployment safety gates and controlled release
22,335,21,5,6,6,Deceptive and Harmful Language Model Outputs,,Pre-deployment adversarial red-teaming and robustness testing
1,1314,6,4,6,6,Malicious misuse of frontier AI for large-scale harm,,Pre-deployment safety gates and controlled release
1,1315,6,39,6,6,Malicious misuse of frontier AI for large-scale harm,,Export controls on advanced AI hardware
1,1318,6,24,6,6,Malicious misuse of frontier AI for large-scale harm,,RLHF fine-tuning for aligned language models
6,41,22,19,6,6,Reward Misspecification and Reward Hacking,,Demonstration-Based Policy Pretraining
9,1120,6,8,6,6,Deployed AI Misalignment Causes Societal Harm,,Expand AI Safety Research Funding and Capacity
18,49,6,8,228,6,Catastrophic Superintelligent AI Misalignment,,Expand AI Safety Research Funding and Capacity
18,45,6,11,232,6,Catastrophic Superintelligent AI Misalignment,,Public AI risk outreach and educational dissemination
25,164,6,8,75,6,Misaligned Superintelligent AI Existential Risk,,Expand AI Safety Research Funding and Capacity
26,229,6,35,39,6,Misaligned AGI existential catastrophe,,Human-preference reward model fine-tuning
6,1272,6,35,6,6,Reward Misspecification and Reward Hacking,,Human-preference reward model fine-tuning
34,290,12,11,6,6,Instrumental power-seeking by advanced AI agents,,Public AI risk outreach and educational dissemination
18,41,27,19,6,6,Catastrophic Superintelligent AI Misalignment,,Demonstration-Based Policy Pretraining
10,148,6,22,85,6,Existential catastrophe from misaligned AI,,Deployment-time confidence filtering and rejection sampling
25,146,6,8,87,6,Misaligned Superintelligent AI Existential Risk,,Expand AI Safety Research Funding and Capacity
18,23,6,8,337,6,Catastrophic Superintelligent AI Misalignment,Funding and expert consensus for AI safety capacity,Expand AI Safety Research Funding and Capacity
1,110,6,24,126,6,Malicious misuse of frontier AI for large-scale harm,,RLHF fine-tuning for aligned language models
34,728,6,6,10,6,Instrumental power-seeking by advanced AI agents,,PGD Adversarial Training for Robust Fine-Tuning
34,428,6,8,19,6,Instrumental power-seeking by advanced AI agents,,Expand AI Safety Research Funding and Capacity
26,41,27,19,6,6,Misaligned AGI existential catastrophe,,Demonstration-Based Policy Pretraining
9,625,6,8,10,6,Deployed AI Misalignment Causes Societal Harm,,Expand AI Safety Research Funding and Capacity
34,508,6,8,8,6,Instrumental power-seeking by advanced AI agents,,Expand AI Safety Research Funding and Capacity
34,508,6,11,8,6,Instrumental power-seeking by advanced AI agents,,Public AI risk outreach and educational dissemination
35,313,6,8,29,6,Advanced AI value misalignment risk,,Expand AI Safety Research Funding and Capacity
6,875,6,35,8,6,Reward Misspecification and Reward Hacking,,Human-preference reward model fine-tuning
26,46,6,6,163,6,Misaligned AGI existential catastrophe,,PGD Adversarial Training for Robust Fine-Tuning
26,83,6,15,162,6,Misaligned AGI existential catastrophe,,Pre-deployment mechanistic interpretability audits
1,665,12,11,6,6,Malicious misuse of frontier AI for large-scale harm,,Public AI risk outreach and educational dissemination
9,199,6,11,9,6,Deployed AI Misalignment Causes Societal Harm,,Public AI risk outreach and educational dissemination
9,199,6,8,47,6,Deployed AI Misalignment Causes Societal Harm,,Expand AI Safety Research Funding and Capacity
26,46,6,5,67,6,Misaligned AGI existential catastrophe,,Pre-deployment adversarial red-teaming and robustness testing
10,41,24,19,6,6,Existential catastrophe from misaligned AI,,Demonstration-Based Policy Pretraining
1,7,6,8,729,6,Malicious misuse of frontier AI for large-scale harm,Expanding AI safety research and implementation capacity,Expand AI Safety Research Funding and Capacity
26,82,6,1,162,6,Misaligned AGI existential catastrophe,,Continuous anomaly monitoring and safety tripwires
12,626,10,35,6,6,Catastrophic risks from misaligned advanced AI,,Human-preference reward model fine-tuning
26,79,6,1,166,6,Misaligned AGI existential catastrophe,,Continuous anomaly monitoring and safety tripwires
1,1312,6,8,6,6,Malicious misuse of frontier AI for large-scale harm,,Expand AI Safety Research Funding and Capacity
6,878,6,39,8,6,Reward Misspecification and Reward Hacking,,Export controls on advanced AI hardware
6,1234,6,8,6,6,Reward Misspecification and Reward Hacking,,Expand AI Safety Research Funding and Capacity
6,1236,6,39,6,6,Reward Misspecification and Reward Hacking,,Export controls on advanced AI hardware
38,41,25,19,6,6,Catastrophic AGI Misalignment Risk,,Demonstration-Based Policy Pretraining
20,988,5,5,7,5,Deceptive alignment and hidden objectives,,Pre-deployment adversarial red-teaming and robustness testing
20,991,5,5,7,5,Deceptive alignment and hidden objectives,,Pre-deployment adversarial red-teaming and robustness testing
20,1184,5,15,6,5,Deceptive alignment and hidden objectives,,Pre-deployment mechanistic interpretability audits
20,989,5,8,7,5,Deceptive alignment and hidden objectives,,Expand AI Safety Research Funding and Capacity
20,987,5,4,7,5,Deceptive alignment and hidden objectives,,Pre-deployment safety gates and controlled release
20,990,5,11,7,5,Deceptive alignment and hidden objectives,,Public AI risk outreach and educational dissemination
6,1515,5,35,5,5,Reward Misspecification and Reward Hacking,,Human-preference reward model fine-tuning
20,1185,5,1,6,5,Deceptive alignment and hidden objectives,,Continuous anomaly monitoring and safety tripwires
16,549,5,8,12,5,Insufficient AI safety research capacity,,Expand AI Safety Research Funding and Capacity
6,1127,5,8,6,5,Reward Misspecification and Reward Hacking,,Expand AI Safety Research Funding and Capacity
15,982,5,8,7,5,Opaque AI decision-making undermines oversight and safety,,Expand AI Safety Research Funding and Capacity
34,5,5,24,855,5,Instrumental power-seeking by advanced AI agents,Human feedback loops for objective alignment,RLHF fine-tuning for aligned language models
16,749,5,8,10,5,Insufficient AI safety research capacity,,Expand AI Safety Research Funding and Capacity
16,812,5,26,9,5,Insufficient AI safety research capacity,,Reward-guided RL fine-tuning with safety constraints
2,128,5,11,8,5,AI arms race causing unsafe deployment,,Public AI risk outreach and educational dissemination
2,128,5,8,97,5,AI arms race causing unsafe deployment,,Expand AI Safety Research Funding and Capacity
15,1174,5,8,5,5,Opaque AI decision-making undermines oversight and safety,,Expand AI Safety Research Funding and Capacity
38,798,5,8,9,5,Catastrophic AGI Misalignment Risk,,Expand AI Safety Research Funding and Capacity
4,2,5,8,1210,5,Unsafe and Sample-Inefficient RL Exploration,AI safety research funding and capacity building,Expand AI Safety Research Funding and Capacity
4,211,5,35,48,5,Unsafe and Sample-Inefficient RL Exploration,,Human-preference reward model fine-tuning
31,1535,5,8,5,5,Undetected unsafe behavior in deployed AI systems,,Expand AI Safety Research Funding and Capacity
35,1534,5,5,5,5,Advanced AI value misalignment risk,,Pre-deployment adversarial red-teaming and robustness testing
14,1533,5,25,5,5,Unsafe AI Decisions in High-Stakes Settings,,Explainable decision support with uncertainty and counterfactuals
2,1160,5,24,6,5,AI arms race causing unsafe deployment,,RLHF fine-tuning for aligned language models
24,615,5,8,12,5,Objective Misspecification and Misaligned Optimization,,Expand AI Safety Research Funding and Capacity
24,950,5,24,5,5,Objective Misspecification and Misaligned Optimization,,RLHF fine-tuning for aligned language models
1,1323,5,8,5,5,Malicious misuse of frontier AI for large-scale harm,,Expand AI Safety Research Funding and Capacity
16,750,5,17,10,5,Insufficient AI safety research capacity,,Runtime control and coordination modules
20,984,5,8,7,5,Deceptive alignment and hidden objectives,,Expand AI Safety Research Funding and Capacity
20,983,5,35,7,5,Deceptive alignment and hidden objectives,,Human-preference reward model fine-tuning
20,996,5,1,7,5,Deceptive alignment and hidden objectives,,Continuous anomaly monitoring and safety tripwires
16,1582,5,24,5,5,Insufficient AI safety research capacity,,RLHF fine-tuning for aligned language models
16,1581,5,24,5,5,Insufficient AI safety research capacity,,RLHF fine-tuning for aligned language models
1,119,5,10,117,5,Malicious misuse of frontier AI for large-scale harm,,Governed AI oversight and compliance regimes
20,992,5,15,7,5,Deceptive alignment and hidden objectives,,Pre-deployment mechanistic interpretability audits
7,487,5,6,16,5,Human extinction from misaligned superintelligent AI,,PGD Adversarial Training for Robust Fine-Tuning
7,486,5,0,16,5,Human extinction from misaligned superintelligent AI,,Training-time regularization for robust generalization
7,485,5,15,16,5,Human extinction from misaligned superintelligent AI,,Pre-deployment mechanistic interpretability audits
7,110,5,24,126,5,Human extinction from misaligned superintelligent AI,,RLHF fine-tuning for aligned language models
2,1161,5,24,6,5,AI arms race causing unsafe deployment,,RLHF fine-tuning for aligned language models
9,807,6,6,5,5,Deployed AI Misalignment Causes Societal Harm,,PGD Adversarial Training for Robust Fine-Tuning
25,116,5,38,122,5,Misaligned Superintelligent AI Existential Risk,,Incentivized AI forecasting and prediction systems
7,19,5,35,377,5,Human extinction from misaligned superintelligent AI,Human feedback reward-model alignment,Human-preference reward model fine-tuning
7,166,5,23,74,5,Human extinction from misaligned superintelligent AI,,Human-aware predictive robot control and safety planning
7,146,5,8,87,5,Human extinction from misaligned superintelligent AI,,Expand AI Safety Research Funding and Capacity
6,397,5,26,21,5,Reward Misspecification and Reward Hacking,,Reward-guided RL fine-tuning with safety constraints
2,612,5,4,5,5,AI arms race causing unsafe deployment,,Pre-deployment safety gates and controlled release
2,612,5,8,8,5,AI arms race causing unsafe deployment,,Expand AI Safety Research Funding and Capacity
35,1527,5,5,5,5,Advanced AI value misalignment risk,,Pre-deployment adversarial red-teaming and robustness testing
35,1526,5,8,5,5,Advanced AI value misalignment risk,,Expand AI Safety Research Funding and Capacity
20,998,5,35,7,5,Deceptive alignment and hidden objectives,,Human-preference reward model fine-tuning
20,1198,5,38,6,5,Deceptive alignment and hidden objectives,,Incentivized AI forecasting and prediction systems
20,1197,5,4,6,5,Deceptive alignment and hidden objectives,,Pre-deployment safety gates and controlled release
20,1196,5,8,6,5,Deceptive alignment and hidden objectives,,Expand AI Safety Research Funding and Capacity
20,1195,5,8,6,5,Deceptive alignment and hidden objectives,,Expand AI Safety Research Funding and Capacity
20,1003,5,8,7,5,Deceptive alignment and hidden objectives,,Expand AI Safety Research Funding and Capacity
20,1194,5,35,6,5,Deceptive alignment and hidden objectives,,Human-preference reward model fine-tuning
20,1002,5,24,7,5,Deceptive alignment and hidden objectives,,RLHF fine-tuning for aligned language models
20,1001,5,5,7,5,Deceptive alignment and hidden objectives,,Pre-deployment adversarial red-teaming and robustness testing
20,1000,5,11,7,5,Deceptive alignment and hidden objectives,,Public AI risk outreach and educational dissemination
20,1193,5,17,6,5,Deceptive alignment and hidden objectives,,Runtime control and coordination modules
20,132,5,8,6,5,Deceptive alignment and hidden objectives,,Expand AI Safety Research Funding and Capacity
20,132,5,5,92,5,Deceptive alignment and hidden objectives,,Pre-deployment adversarial red-teaming and robustness testing
11,1052,5,38,7,5,Misforecasted AI Timelines Undermining Safety Preparedness,,Incentivized AI forecasting and prediction systems
2,978,5,35,7,5,AI arms race causing unsafe deployment,,Human-preference reward model fine-tuning
35,1051,5,4,7,5,Advanced AI value misalignment risk,,Pre-deployment safety gates and controlled release
21,333,5,8,26,5,Catastrophic AI misalignment and loss of control,,Expand AI Safety Research Funding and Capacity
2,1588,5,8,5,5,AI arms race causing unsafe deployment,,Expand AI Safety Research Funding and Capacity
20,19,5,35,377,5,Deceptive alignment and hidden objectives,Human feedback reward-model alignment,Human-preference reward model fine-tuning
20,994,5,39,7,5,Deceptive alignment and hidden objectives,,Export controls on advanced AI hardware
14,6,5,22,10,5,Unsafe AI Decisions in High-Stakes Settings,Adversarial robustness through PGD training,Deployment-time confidence filtering and rejection sampling
14,6,5,5,74,5,Unsafe AI Decisions in High-Stakes Settings,Adversarial robustness through PGD training,Pre-deployment adversarial red-teaming and robustness testing
14,6,5,6,662,5,Unsafe AI Decisions in High-Stakes Settings,Adversarial robustness through PGD training,PGD Adversarial Training for Robust Fine-Tuning
20,986,5,8,7,5,Deceptive alignment and hidden objectives,,Expand AI Safety Research Funding and Capacity
20,985,5,8,7,5,Deceptive alignment and hidden objectives,,Expand AI Safety Research Funding and Capacity
20,1190,5,5,6,5,Deceptive alignment and hidden objectives,,Pre-deployment adversarial red-teaming and robustness testing
20,1189,5,8,6,5,Deceptive alignment and hidden objectives,,Expand AI Safety Research Funding and Capacity
20,1188,5,6,6,5,Deceptive alignment and hidden objectives,,PGD Adversarial Training for Robust Fine-Tuning
20,1187,5,35,6,5,Deceptive alignment and hidden objectives,,Human-preference reward model fine-tuning
20,995,5,11,7,5,Deceptive alignment and hidden objectives,,Public AI risk outreach and educational dissemination
20,993,5,8,7,5,Deceptive alignment and hidden objectives,,Expand AI Safety Research Funding and Capacity
35,1047,5,8,7,5,Advanced AI value misalignment risk,,Expand AI Safety Research Funding and Capacity
4,803,5,8,7,5,Unsafe and Sample-Inefficient RL Exploration,,Expand AI Safety Research Funding and Capacity
22,1540,5,24,5,5,Deceptive and Harmful Language Model Outputs,,RLHF fine-tuning for aligned language models
0,369,5,34,21,5,Out-of-distribution generalization failure,,Large-scale pretraining before task fine-tuning
0,1539,5,24,5,5,Out-of-distribution generalization failure,,RLHF fine-tuning for aligned language models
20,1183,5,1,6,5,Deceptive alignment and hidden objectives,,Continuous anomaly monitoring and safety tripwires
20,1182,5,6,6,5,Deceptive alignment and hidden objectives,,PGD Adversarial Training for Robust Fine-Tuning
20,997,5,8,7,5,Deceptive alignment and hidden objectives,,Expand AI Safety Research Funding and Capacity
20,1181,5,6,6,5,Deceptive alignment and hidden objectives,,PGD Adversarial Training for Robust Fine-Tuning
20,1180,5,15,6,5,Deceptive alignment and hidden objectives,,Pre-deployment mechanistic interpretability audits
35,1250,5,11,6,5,Advanced AI value misalignment risk,,Public AI risk outreach and educational dissemination
1,1282,5,6,6,5,Malicious misuse of frontier AI for large-scale harm,,PGD Adversarial Training for Robust Fine-Tuning
9,1131,5,36,6,5,Deployed AI Misalignment Causes Societal Harm,,Robustness-Oriented Training Data Augmentation
2,918,5,11,8,5,AI arms race causing unsafe deployment,,Public AI risk outreach and educational dissemination
19,695,5,8,9,5,Misaligned AI takeover and human disempowerment,,Expand AI Safety Research Funding and Capacity
35,598,5,5,13,5,Advanced AI value misalignment risk,,Pre-deployment adversarial red-teaming and robustness testing
1,276,5,8,33,5,Malicious misuse of frontier AI for large-scale harm,,Expand AI Safety Research Funding and Capacity
1,17,5,4,11,5,Malicious misuse of frontier AI for large-scale harm,Global governance enables coordinated AI safety controls,Pre-deployment safety gates and controlled release
1,17,5,10,371,5,Malicious misuse of frontier AI for large-scale harm,Global governance enables coordinated AI safety controls,Governed AI oversight and compliance regimes
1,452,5,8,18,5,Malicious misuse of frontier AI for large-scale harm,,Expand AI Safety Research Funding and Capacity
16,808,5,38,9,5,Insufficient AI safety research capacity,,Incentivized AI forecasting and prediction systems
10,843,5,10,8,5,Existential catastrophe from misaligned AI,,Governed AI oversight and compliance regimes
19,475,5,15,16,5,Misaligned AI takeover and human disempowerment,,Pre-deployment mechanistic interpretability audits
16,45,5,11,232,5,Insufficient AI safety research capacity,,Public AI risk outreach and educational dissemination
2,1602,5,24,5,5,AI arms race causing unsafe deployment,,RLHF fine-tuning for aligned language models
33,781,5,6,8,5,AI-driven personal data privacy breaches,,PGD Adversarial Training for Robust Fine-Tuning
26,55,5,35,70,5,Misaligned AGI existential catastrophe,,Human-preference reward model fine-tuning
26,55,5,18,141,5,Misaligned AGI existential catastrophe,,Critique-guided fine-tuning and human feedback
9,421,5,8,16,5,Deployed AI Misalignment Causes Societal Harm,,Expand AI Safety Research Funding and Capacity
22,1574,5,8,5,5,Deceptive and Harmful Language Model Outputs,,Expand AI Safety Research Funding and Capacity
38,88,5,24,157,5,Catastrophic AGI Misalignment Risk,,RLHF fine-tuning for aligned language models
20,25,5,39,325,5,Deceptive alignment and hidden objectives,Compute supply chain controls for AI governance,Export controls on advanced AI hardware
35,597,5,4,13,5,Advanced AI value misalignment risk,,Pre-deployment safety gates and controlled release
35,630,5,10,12,5,Advanced AI value misalignment risk,,Governed AI oversight and compliance regimes
6,25,5,39,325,5,Reward Misspecification and Reward Hacking,Compute supply chain controls for AI governance,Export controls on advanced AI hardware
19,171,5,8,59,5,Misaligned AI takeover and human disempowerment,,Expand AI Safety Research Funding and Capacity
19,171,5,11,11,5,Misaligned AI takeover and human disempowerment,,Public AI risk outreach and educational dissemination
25,159,5,5,78,5,Misaligned Superintelligent AI Existential Risk,,Pre-deployment adversarial red-teaming and robustness testing
9,1132,5,15,6,5,Deployed AI Misalignment Causes Societal Harm,,Pre-deployment mechanistic interpretability audits
8,199,5,8,47,5,Human-AI Coordination Failure in Shared Environments,,Expand AI Safety Research Funding and Capacity
33,335,5,6,5,5,AI-driven personal data privacy breaches,,PGD Adversarial Training for Robust Fine-Tuning
33,335,5,18,5,5,AI-driven personal data privacy breaches,,Critique-guided fine-tuning and human feedback
33,335,5,5,6,5,AI-driven personal data privacy breaches,,Pre-deployment adversarial red-teaming and robustness testing
33,335,5,22,10,5,AI-driven personal data privacy breaches,,Deployment-time confidence filtering and rejection sampling
18,31,5,35,288,5,Catastrophic Superintelligent AI Misalignment,Human-feedback reward modeling for objective alignment,Human-preference reward model fine-tuning
18,47,5,32,228,5,Catastrophic Superintelligent AI Misalignment,,Attainable Utility Preservation reward penalty
0,441,5,5,18,5,Out-of-distribution generalization failure,,Pre-deployment adversarial red-teaming and robustness testing
35,762,5,29,10,5,Advanced AI value misalignment risk,,"Neuroscience validation platforms for cognition, emulation, and alignment research"
35,146,5,8,87,5,Advanced AI value misalignment risk,,Expand AI Safety Research Funding and Capacity
20,785,5,10,9,5,Deceptive alignment and hidden objectives,,Governed AI oversight and compliance regimes
6,1387,5,8,5,5,Reward Misspecification and Reward Hacking,,Expand AI Safety Research Funding and Capacity
18,163,5,5,76,5,Catastrophic Superintelligent AI Misalignment,,Pre-deployment adversarial red-teaming and robustness testing
18,151,5,10,83,5,Catastrophic Superintelligent AI Misalignment,,Governed AI oversight and compliance regimes
6,28,5,8,320,5,Reward Misspecification and Reward Hacking,Governance capacity building via safety infrastructure,Expand AI Safety Research Funding and Capacity
6,124,5,37,111,5,Reward Misspecification and Reward Hacking,,ROME-based factual knowledge editing
9,46,5,5,67,5,Deployed AI Misalignment Causes Societal Harm,,Pre-deployment adversarial red-teaming and robustness testing
9,46,5,6,163,5,Deployed AI Misalignment Causes Societal Harm,,PGD Adversarial Training for Robust Fine-Tuning
9,425,5,23,18,5,Deployed AI Misalignment Causes Societal Harm,,Human-aware predictive robot control and safety planning
9,1130,5,24,6,5,Deployed AI Misalignment Causes Societal Harm,,RLHF fine-tuning for aligned language models
19,559,5,8,14,5,Misaligned AI takeover and human disempowerment,,Expand AI Safety Research Funding and Capacity
1,16,5,17,391,5,Malicious misuse of frontier AI for large-scale harm,Utility-shaping and power-seeking mitigation mechanisms,Runtime control and coordination modules
1,1283,5,32,6,5,Malicious misuse of frontier AI for large-scale harm,,Attainable Utility Preservation reward penalty
20,53,5,8,220,5,Deceptive alignment and hidden objectives,,Expand AI Safety Research Funding and Capacity
20,7,5,8,729,5,Deceptive alignment and hidden objectives,Expanding AI safety research and implementation capacity,Expand AI Safety Research Funding and Capacity
20,22,5,26,342,5,Deceptive alignment and hidden objectives,Preference learning and reward alignment mechanisms,Reward-guided RL fine-tuning with safety constraints
6,1126,5,15,6,5,Reward Misspecification and Reward Hacking,,Pre-deployment mechanistic interpretability audits
6,1125,5,35,6,5,Reward Misspecification and Reward Hacking,,Human-preference reward model fine-tuning
20,39,5,8,263,5,Deceptive alignment and hidden objectives,Risk forecasting drives elite cost-benefit action,Expand AI Safety Research Funding and Capacity
1,12,5,8,429,5,Malicious misuse of frontier AI for large-scale harm,Building AI safety capacity through funded training,Expand AI Safety Research Funding and Capacity
2,930,5,8,8,5,AI arms race causing unsafe deployment,,Expand AI Safety Research Funding and Capacity
2,828,5,24,9,5,AI arms race causing unsafe deployment,,RLHF fine-tuning for aligned language models
20,43,5,39,246,5,Deceptive alignment and hidden objectives,,Export controls on advanced AI hardware
16,74,5,29,175,5,Insufficient AI safety research capacity,,"Neuroscience validation platforms for cognition, emulation, and alignment research"
20,173,5,4,68,5,Deceptive alignment and hidden objectives,,Pre-deployment safety gates and controlled release
20,89,5,11,155,5,Deceptive alignment and hidden objectives,,Public AI risk outreach and educational dissemination
20,40,5,11,260,5,Deceptive alignment and hidden objectives,,Public AI risk outreach and educational dissemination
9,547,5,6,12,5,Deployed AI Misalignment Causes Societal Harm,,PGD Adversarial Training for Robust Fine-Tuning
28,781,5,6,8,5,Algorithmic discrimination in high-stakes decisions,,PGD Adversarial Training for Robust Fine-Tuning
16,748,5,8,10,5,Insufficient AI safety research capacity,,Expand AI Safety Research Funding and Capacity
16,809,5,39,9,5,Insufficient AI safety research capacity,,Export controls on advanced AI hardware
16,888,5,24,8,5,Insufficient AI safety research capacity,,RLHF fine-tuning for aligned language models
6,148,5,22,85,5,Reward Misspecification and Reward Hacking,,Deployment-time confidence filtering and rejection sampling
20,57,5,5,211,5,Deceptive alignment and hidden objectives,,Pre-deployment adversarial red-teaming and robustness testing
20,60,5,15,201,5,Deceptive alignment and hidden objectives,,Pre-deployment mechanistic interpretability audits
20,46,5,6,163,5,Deceptive alignment and hidden objectives,,PGD Adversarial Training for Robust Fine-Tuning
20,46,5,5,67,5,Deceptive alignment and hidden objectives,,Pre-deployment adversarial red-teaming and robustness testing
16,73,5,29,175,5,Insufficient AI safety research capacity,,"Neuroscience validation platforms for cognition, emulation, and alignment research"
14,1550,5,24,5,5,Unsafe AI Decisions in High-Stakes Settings,,RLHF fine-tuning for aligned language models
20,42,5,5,248,5,Deceptive alignment and hidden objectives,,Pre-deployment adversarial red-teaming and robustness testing
6,27,5,8,320,5,Reward Misspecification and Reward Hacking,Scaling safety capacity through transparent expert oversight,Expand AI Safety Research Funding and Capacity
6,50,5,8,227,5,Reward Misspecification and Reward Hacking,,Expand AI Safety Research Funding and Capacity
6,53,5,8,220,5,Reward Misspecification and Reward Hacking,,Expand AI Safety Research Funding and Capacity
2,929,5,5,8,5,AI arms race causing unsafe deployment,,Pre-deployment adversarial red-teaming and robustness testing
25,475,5,15,16,5,Misaligned Superintelligent AI Existential Risk,,Pre-deployment mechanistic interpretability audits
25,920,5,35,8,5,Misaligned Superintelligent AI Existential Risk,,Human-preference reward model fine-tuning
26,432,5,5,19,5,Misaligned AGI existential catastrophe,,Pre-deployment adversarial red-teaming and robustness testing
26,136,5,26,98,5,Misaligned AGI existential catastrophe,,Reward-guided RL fine-tuning with safety constraints
26,87,5,27,157,5,Misaligned AGI existential catastrophe,,KL-Regularized RLHF Fine-Tuning
9,1575,5,8,5,5,Deployed AI Misalignment Causes Societal Harm,,Expand AI Safety Research Funding and Capacity
20,12,5,8,429,5,Deceptive alignment and hidden objectives,Building AI safety capacity through funded training,Expand AI Safety Research Funding and Capacity
20,56,5,31,213,5,Deceptive alignment and hidden objectives,,Human-AI collaboration tools for skill building
1,1547,5,8,5,5,Malicious misuse of frontier AI for large-scale harm,,Expand AI Safety Research Funding and Capacity
20,79,5,1,166,5,Deceptive alignment and hidden objectives,,Continuous anomaly monitoring and safety tripwires
20,83,5,15,162,5,Deceptive alignment and hidden objectives,,Pre-deployment mechanistic interpretability audits
20,82,5,1,162,5,Deceptive alignment and hidden objectives,,Continuous anomaly monitoring and safety tripwires
6,111,5,5,126,5,Reward Misspecification and Reward Hacking,,Pre-deployment adversarial red-teaming and robustness testing
20,1210,5,4,6,5,Deceptive alignment and hidden objectives,,Pre-deployment safety gates and controlled release
6,63,5,8,194,5,Reward Misspecification and Reward Hacking,,Expand AI Safety Research Funding and Capacity
30,761,6,11,5,5,Existential catastrophe and human extinction risks,,Public AI risk outreach and educational dissemination
25,68,5,5,182,5,Misaligned Superintelligent AI Existential Risk,,Pre-deployment adversarial red-teaming and robustness testing
10,706,5,8,10,5,Existential catastrophe from misaligned AI,,Expand AI Safety Research Funding and Capacity
35,1054,5,17,7,5,Advanced AI value misalignment risk,,Runtime control and coordination modules
35,1528,5,4,5,5,Advanced AI value misalignment risk,,Pre-deployment safety gates and controlled release
25,145,5,5,89,5,Misaligned Superintelligent AI Existential Risk,,Pre-deployment adversarial red-teaming and robustness testing
6,40,5,11,260,5,Reward Misspecification and Reward Hacking,,Public AI risk outreach and educational dissemination
21,36,13,11,5,5,Catastrophic AI misalignment and loss of control,Funding and capacity-building for AI safety research,Public AI risk outreach and educational dissemination
22,1328,6,8,5,5,Deceptive and Harmful Language Model Outputs,,Expand AI Safety Research Funding and Capacity
16,1134,6,8,5,5,Insufficient AI safety research capacity,,Expand AI Safety Research Funding and Capacity
30,761,6,4,5,5,Existential catastrophe and human extinction risks,,Pre-deployment safety gates and controlled release
21,102,30,11,5,5,Catastrophic AI misalignment and loss of control,,Public AI risk outreach and educational dissemination
2,10,15,11,5,5,AI arms race causing unsafe deployment,Funding-driven growth of AI safety research capacity,Public AI risk outreach and educational dissemination
18,10,18,11,5,5,Catastrophic Superintelligent AI Misalignment,Funding-driven growth of AI safety research capacity,Public AI risk outreach and educational dissemination
10,76,18,11,5,5,Existential catastrophe from misaligned AI,,Public AI risk outreach and educational dissemination
35,257,19,11,5,5,Advanced AI value misalignment risk,,Public AI risk outreach and educational dissemination
34,538,6,5,5,5,Instrumental power-seeking by advanced AI agents,,Pre-deployment adversarial red-teaming and robustness testing
35,361,20,5,5,5,Advanced AI value misalignment risk,,Pre-deployment adversarial red-teaming and robustness testing
22,335,21,6,5,5,Deceptive and Harmful Language Model Outputs,,PGD Adversarial Training for Robust Fine-Tuning
22,335,21,18,5,5,Deceptive and Harmful Language Model Outputs,,Critique-guided fine-tuning and human feedback
24,102,24,11,5,5,Objective Misspecification and Misaligned Optimization,,Public AI risk outreach and educational dissemination
8,256,5,8,35,5,Human-AI Coordination Failure in Shared Environments,,Expand AI Safety Research Funding and Capacity
20,346,5,6,23,5,Deceptive alignment and hidden objectives,,PGD Adversarial Training for Robust Fine-Tuning
24,271,5,8,27,5,Objective Misspecification and Misaligned Optimization,,Expand AI Safety Research Funding and Capacity
24,271,5,11,6,5,Objective Misspecification and Misaligned Optimization,,Public AI risk outreach and educational dissemination
1,46,5,5,67,5,Malicious misuse of frontier AI for large-scale harm,,Pre-deployment adversarial red-teaming and robustness testing
1,46,5,6,163,5,Malicious misuse of frontier AI for large-scale harm,,PGD Adversarial Training for Robust Fine-Tuning
17,467,5,4,17,5,Adversarial Image Classification Misclassification,,Pre-deployment safety gates and controlled release
33,183,5,24,63,5,AI-driven personal data privacy breaches,,RLHF fine-tuning for aligned language models
28,183,5,24,63,5,Algorithmic discrimination in high-stakes decisions,,RLHF fine-tuning for aligned language models
5,183,5,24,63,5,Compute and data inefficiency in AI training,,RLHF fine-tuning for aligned language models
9,183,5,24,63,5,Deployed AI Misalignment Causes Societal Harm,,RLHF fine-tuning for aligned language models
19,428,5,8,19,5,Misaligned AI takeover and human disempowerment,,Expand AI Safety Research Funding and Capacity
6,844,5,5,8,5,Reward Misspecification and Reward Hacking,,Pre-deployment adversarial red-teaming and robustness testing
17,468,5,4,17,5,Adversarial Image Classification Misclassification,,Pre-deployment safety gates and controlled release
26,67,5,4,184,5,Misaligned AGI existential catastrophe,,Pre-deployment safety gates and controlled release
18,37,5,1,265,5,Catastrophic Superintelligent AI Misalignment,Governance-enabled safety capacity escalation,Continuous anomaly monitoring and safety tripwires
33,1542,5,6,5,5,AI-driven personal data privacy breaches,,PGD Adversarial Training for Robust Fine-Tuning
17,346,5,6,23,5,Adversarial Image Classification Misclassification,,PGD Adversarial Training for Robust Fine-Tuning
17,399,5,4,5,5,Adversarial Image Classification Misclassification,,Pre-deployment safety gates and controlled release
17,399,5,10,16,5,Adversarial Image Classification Misclassification,,Governed AI oversight and compliance regimes
22,1394,5,8,5,5,Deceptive and Harmful Language Model Outputs,,Expand AI Safety Research Funding and Capacity
18,25,5,39,325,5,Catastrophic Superintelligent AI Misalignment,Compute supply chain controls for AI governance,Export controls on advanced AI hardware
34,865,5,10,8,5,Instrumental power-seeking by advanced AI agents,,Governed AI oversight and compliance regimes
26,10,26,11,5,5,Misaligned AGI existential catastrophe,Funding-driven growth of AI safety research capacity,Public AI risk outreach and educational dissemination
1,1095,6,39,5,5,Malicious misuse of frontier AI for large-scale harm,,Export controls on advanced AI hardware
20,1007,5,39,7,5,Deceptive alignment and hidden objectives,,Export controls on advanced AI hardware
32,1292,6,8,5,5,AI shutdown resistance and control loss,,Expand AI Safety Research Funding and Capacity
19,1240,6,8,5,5,Misaligned AI takeover and human disempowerment,,Expand AI Safety Research Funding and Capacity
9,546,6,5,5,5,Deployed AI Misalignment Causes Societal Harm,,Pre-deployment adversarial red-teaming and robustness testing
20,805,7,18,5,5,Deceptive alignment and hidden objectives,,Critique-guided fine-tuning and human feedback
19,538,6,5,5,5,Misaligned AI takeover and human disempowerment,,Pre-deployment adversarial red-teaming and robustness testing
2,776,6,8,5,5,AI arms race causing unsafe deployment,,Expand AI Safety Research Funding and Capacity
2,776,6,11,5,5,AI arms race causing unsafe deployment,,Public AI risk outreach and educational dissemination
1,1320,6,8,5,5,Malicious misuse of frontier AI for large-scale harm,,Expand AI Safety Research Funding and Capacity
10,1321,6,8,5,5,Existential catastrophe from misaligned AI,,Expand AI Safety Research Funding and Capacity
19,36,6,11,5,5,Misaligned AI takeover and human disempowerment,Funding and capacity-building for AI safety research,Public AI risk outreach and educational dissemination
19,729,6,24,5,5,Misaligned AI takeover and human disempowerment,,RLHF fine-tuning for aligned language models
34,76,30,11,5,5,Instrumental power-seeking by advanced AI agents,,Public AI risk outreach and educational dissemination
19,729,6,35,5,5,Misaligned AI takeover and human disempowerment,,Human-preference reward model fine-tuning
34,1340,6,8,5,5,Instrumental power-seeking by advanced AI agents,,Expand AI Safety Research Funding and Capacity
6,1128,6,24,5,5,Reward Misspecification and Reward Hacking,,RLHF fine-tuning for aligned language models
21,10,6,11,5,5,Catastrophic AI misalignment and loss of control,Funding-driven growth of AI safety research capacity,Public AI risk outreach and educational dissemination
14,1338,6,8,5,5,Unsafe AI Decisions in High-Stakes Settings,,Expand AI Safety Research Funding and Capacity
6,1335,6,8,5,5,Reward Misspecification and Reward Hacking,,Expand AI Safety Research Funding and Capacity
0,1336,6,8,5,5,Out-of-distribution generalization failure,,Expand AI Safety Research Funding and Capacity
28,257,6,11,5,5,Algorithmic discrimination in high-stakes decisions,,Public AI risk outreach and educational dissemination
22,1337,6,8,5,5,Deceptive and Harmful Language Model Outputs,,Expand AI Safety Research Funding and Capacity
22,1069,7,15,5,5,Deceptive and Harmful Language Model Outputs,,Pre-deployment mechanistic interpretability audits
2,636,7,5,5,5,AI arms race causing unsafe deployment,,Pre-deployment adversarial red-teaming and robustness testing
20,691,8,5,5,5,Deceptive alignment and hidden objectives,,Pre-deployment adversarial red-teaming and robustness testing
9,399,8,4,5,5,Deployed AI Misalignment Causes Societal Harm,,Pre-deployment safety gates and controlled release
2,1327,6,8,5,5,AI arms race causing unsafe deployment,,Expand AI Safety Research Funding and Capacity
22,36,36,11,5,5,Deceptive and Harmful Language Model Outputs,Funding and capacity-building for AI safety research,Public AI risk outreach and educational dissemination
35,36,52,11,5,5,Advanced AI value misalignment risk,Funding and capacity-building for AI safety research,Public AI risk outreach and educational dissemination
10,10,76,11,5,5,Existential catastrophe from misaligned AI,Funding-driven growth of AI safety research capacity,Public AI risk outreach and educational dissemination
20,102,85,11,5,5,Deceptive alignment and hidden objectives,,Public AI risk outreach and educational dissemination
9,10,93,11,5,5,Deployed AI Misalignment Causes Societal Harm,Funding-driven growth of AI safety research capacity,Public AI risk outreach and educational dissemination
20,76,125,11,5,5,Deceptive alignment and hidden objectives,,Public AI risk outreach and educational dissemination
25,10,129,11,5,5,Misaligned Superintelligent AI Existential Risk,Funding-driven growth of AI safety research capacity,Public AI risk outreach and educational dissemination
16,10,147,11,5,5,Insufficient AI safety research capacity,Funding-driven growth of AI safety research capacity,Public AI risk outreach and educational dissemination
6,36,163,11,5,5,Reward Misspecification and Reward Hacking,Funding and capacity-building for AI safety research,Public AI risk outreach and educational dissemination
28,710,10,12,5,5,Algorithmic discrimination in high-stakes decisions,,Pre-deployment bias auditing and fairness mitigation
10,257,10,11,5,5,Existential catastrophe from misaligned AI,,Public AI risk outreach and educational dissemination
1,767,10,11,5,5,Malicious misuse of frontier AI for large-scale harm,,Public AI risk outreach and educational dissemination
1,767,10,8,5,5,Malicious misuse of frontier AI for large-scale harm,,Expand AI Safety Research Funding and Capacity
16,740,10,11,5,5,Insufficient AI safety research capacity,,Public AI risk outreach and educational dissemination
16,740,10,8,5,5,Insufficient AI safety research capacity,,Expand AI Safety Research Funding and Capacity
15,858,8,25,5,5,Opaque AI decision-making undermines oversight and safety,,Explainable decision support with uncertainty and counterfactuals
20,707,6,35,5,5,Deceptive alignment and hidden objectives,,Human-preference reward model fine-tuning
20,707,6,24,5,5,Deceptive alignment and hidden objectives,,RLHF fine-tuning for aligned language models
1,82,5,1,162,5,Malicious misuse of frontier AI for large-scale harm,,Continuous anomaly monitoring and safety tripwires
2,276,5,8,33,5,AI arms race causing unsafe deployment,,Expand AI Safety Research Funding and Capacity
6,32,5,26,281,5,Reward Misspecification and Reward Hacking,Adversarial robustness training and optimization,Reward-guided RL fine-tuning with safety constraints
20,1021,5,31,7,5,Deceptive alignment and hidden objectives,,Human-AI collaboration tools for skill building
20,1202,5,37,6,5,Deceptive alignment and hidden objectives,,ROME-based factual knowledge editing
20,1201,5,35,6,5,Deceptive alignment and hidden objectives,,Human-preference reward model fine-tuning
20,1200,5,23,6,5,Deceptive alignment and hidden objectives,,Human-aware predictive robot control and safety planning
20,1012,5,8,7,5,Deceptive alignment and hidden objectives,,Expand AI Safety Research Funding and Capacity
20,1011,5,5,7,5,Deceptive alignment and hidden objectives,,Pre-deployment adversarial red-teaming and robustness testing
20,1010,5,29,7,5,Deceptive alignment and hidden objectives,,"Neuroscience validation platforms for cognition, emulation, and alignment research"
20,1207,5,24,6,5,Deceptive alignment and hidden objectives,,RLHF fine-tuning for aligned language models
20,1206,5,27,6,5,Deceptive alignment and hidden objectives,,KL-Regularized RLHF Fine-Tuning
20,1022,5,29,7,5,Deceptive alignment and hidden objectives,,"Neuroscience validation platforms for cognition, emulation, and alignment research"
20,1020,5,32,7,5,Deceptive alignment and hidden objectives,,Attainable Utility Preservation reward penalty
9,794,5,11,5,5,Deployed AI Misalignment Causes Societal Harm,,Public AI risk outreach and educational dissemination
6,1531,5,35,5,5,Reward Misspecification and Reward Hacking,,Human-preference reward model fine-tuning
35,1264,5,8,6,5,Advanced AI value misalignment risk,,Expand AI Safety Research Funding and Capacity
2,976,5,35,7,5,AI arms race causing unsafe deployment,,Human-preference reward model fine-tuning
2,799,5,10,9,5,AI arms race causing unsafe deployment,,Governed AI oversight and compliance regimes
16,1302,5,35,6,5,Insufficient AI safety research capacity,,Human-preference reward model fine-tuning
2,975,5,8,7,5,AI arms race causing unsafe deployment,,Expand AI Safety Research Funding and Capacity
2,1291,5,10,6,5,AI arms race causing unsafe deployment,,Governed AI oversight and compliance regimes
12,1530,5,8,5,5,Catastrophic risks from misaligned advanced AI,,Expand AI Safety Research Funding and Capacity
12,1529,5,8,5,5,Catastrophic risks from misaligned advanced AI,,Expand AI Safety Research Funding and Capacity
20,1013,5,24,7,5,Deceptive alignment and hidden objectives,,RLHF fine-tuning for aligned language models
20,1008,5,8,7,5,Deceptive alignment and hidden objectives,,Expand AI Safety Research Funding and Capacity
20,1009,5,39,7,5,Deceptive alignment and hidden objectives,,Export controls on advanced AI hardware
2,872,5,15,8,5,AI arms race causing unsafe deployment,,Pre-deployment mechanistic interpretability audits
20,1006,5,24,7,5,Deceptive alignment and hidden objectives,,RLHF fine-tuning for aligned language models
20,1005,5,4,7,5,Deceptive alignment and hidden objectives,,Pre-deployment safety gates and controlled release
20,1004,5,8,7,5,Deceptive alignment and hidden objectives,,Expand AI Safety Research Funding and Capacity
20,1204,5,24,6,5,Deceptive alignment and hidden objectives,,RLHF fine-tuning for aligned language models
1,24,5,5,73,5,Malicious misuse of frontier AI for large-scale harm,Adversarial robustness training via optimized perturbations,Pre-deployment adversarial red-teaming and robustness testing
1,24,5,6,255,5,Malicious misuse of frontier AI for large-scale harm,Adversarial robustness training via optimized perturbations,PGD Adversarial Training for Robust Fine-Tuning
11,1397,5,38,5,5,Misforecasted AI Timelines Undermining Safety Preparedness,,Incentivized AI forecasting and prediction systems
11,1396,5,11,5,5,Misforecasted AI Timelines Undermining Safety Preparedness,,Public AI risk outreach and educational dissemination
22,1395,5,35,5,5,Deceptive and Harmful Language Model Outputs,,Human-preference reward model fine-tuning
9,290,5,11,6,5,Deployed AI Misalignment Causes Societal Harm,,Public AI risk outreach and educational dissemination
9,290,5,8,25,5,Deployed AI Misalignment Causes Societal Harm,,Expand AI Safety Research Funding and Capacity
19,426,5,21,19,5,Misaligned AI takeover and human disempowerment,,Formal Verification for Pre-Deployment AI Safety
1,1,5,11,277,5,Malicious misuse of frontier AI for large-scale harm,Funding and consensus-building for AI safety capacity,Public AI risk outreach and educational dissemination
1,1,5,8,1372,5,Malicious misuse of frontier AI for large-scale harm,Funding and consensus-building for AI safety capacity,Expand AI Safety Research Funding and Capacity
1,83,5,15,162,5,Malicious misuse of frontier AI for large-scale harm,,Pre-deployment mechanistic interpretability audits
20,999,5,8,7,5,Deceptive alignment and hidden objectives,,Expand AI Safety Research Funding and Capacity
20,1192,5,4,6,5,Deceptive alignment and hidden objectives,,Pre-deployment safety gates and controlled release
20,1191,5,19,6,5,Deceptive alignment and hidden objectives,,Demonstration-Based Policy Pretraining
2,977,5,11,7,5,AI arms race causing unsafe deployment,,Public AI risk outreach and educational dissemination
12,58,5,10,211,5,Catastrophic risks from misaligned advanced AI,,Governed AI oversight and compliance regimes
12,846,5,18,8,5,Catastrophic risks from misaligned advanced AI,,Critique-guided fine-tuning and human feedback
2,17,5,4,11,5,AI arms race causing unsafe deployment,Global governance enables coordinated AI safety controls,Pre-deployment safety gates and controlled release
34,1408,5,35,5,5,Instrumental power-seeking by advanced AI agents,,Human-preference reward model fine-tuning
6,1231,5,24,6,5,Reward Misspecification and Reward Hacking,,RLHF fine-tuning for aligned language models
6,1230,5,5,6,5,Reward Misspecification and Reward Hacking,,Pre-deployment adversarial red-teaming and robustness testing
6,952,5,8,7,5,Reward Misspecification and Reward Hacking,,Expand AI Safety Research Funding and Capacity
6,956,5,24,7,5,Reward Misspecification and Reward Hacking,,RLHF fine-tuning for aligned language models
6,1235,5,24,6,5,Reward Misspecification and Reward Hacking,,RLHF fine-tuning for aligned language models
6,790,5,4,9,5,Reward Misspecification and Reward Hacking,,Pre-deployment safety gates and controlled release
6,1238,5,4,6,5,Reward Misspecification and Reward Hacking,,Pre-deployment safety gates and controlled release
6,680,5,11,11,5,Reward Misspecification and Reward Hacking,,Public AI risk outreach and educational dissemination
1,104,5,4,135,5,Malicious misuse of frontier AI for large-scale harm,,Pre-deployment safety gates and controlled release
21,256,5,8,35,5,Catastrophic AI misalignment and loss of control,,Expand AI Safety Research Funding and Capacity
14,835,5,2,9,5,Unsafe AI Decisions in High-Stakes Settings,,MCTS-Guided RL Planning and Training
38,100,5,5,144,5,Catastrophic AGI Misalignment Risk,,Pre-deployment adversarial red-teaming and robustness testing
38,72,5,5,177,5,Catastrophic AGI Misalignment Risk,,Pre-deployment adversarial red-teaming and robustness testing
1,221,5,25,43,5,Malicious misuse of frontier AI for large-scale harm,,Explainable decision support with uncertainty and counterfactuals
6,711,5,8,10,5,Reward Misspecification and Reward Hacking,,Expand AI Safety Research Funding and Capacity
6,1040,5,10,7,5,Reward Misspecification and Reward Hacking,,Governed AI oversight and compliance regimes
6,1229,5,35,6,5,Reward Misspecification and Reward Hacking,,Human-preference reward model fine-tuning
6,787,5,11,9,5,Reward Misspecification and Reward Hacking,,Public AI risk outreach and educational dissemination
6,895,5,8,8,5,Reward Misspecification and Reward Hacking,,Expand AI Safety Research Funding and Capacity
20,1209,5,25,6,5,Deceptive alignment and hidden objectives,,Explainable decision support with uncertainty and counterfactuals
22,1070,5,35,7,5,Deceptive and Harmful Language Model Outputs,,Human-preference reward model fine-tuning
2,17,5,10,371,5,AI arms race causing unsafe deployment,Global governance enables coordinated AI safety controls,Governed AI oversight and compliance regimes
20,1025,5,17,7,5,Deceptive alignment and hidden objectives,,Runtime control and coordination modules
20,1024,5,26,7,5,Deceptive alignment and hidden objectives,,Reward-guided RL fine-tuning with safety constraints
20,1208,5,11,6,5,Deceptive alignment and hidden objectives,,Public AI risk outreach and educational dissemination
20,1023,5,35,7,5,Deceptive alignment and hidden objectives,,Human-preference reward model fine-tuning
20,1019,5,26,7,5,Deceptive alignment and hidden objectives,,Reward-guided RL fine-tuning with safety constraints
20,1018,5,4,7,5,Deceptive alignment and hidden objectives,,Pre-deployment safety gates and controlled release
20,1017,5,10,7,5,Deceptive alignment and hidden objectives,,Governed AI oversight and compliance regimes
16,6,5,22,10,5,Insufficient AI safety research capacity,Adversarial robustness through PGD training,Deployment-time confidence filtering and rejection sampling
16,6,5,5,74,5,Insufficient AI safety research capacity,Adversarial robustness through PGD training,Pre-deployment adversarial red-teaming and robustness testing
16,6,5,6,662,5,Insufficient AI safety research capacity,Adversarial robustness through PGD training,PGD Adversarial Training for Robust Fine-Tuning
20,1016,5,32,7,5,Deceptive alignment and hidden objectives,,Attainable Utility Preservation reward penalty
20,1015,5,8,7,5,Deceptive alignment and hidden objectives,,Expand AI Safety Research Funding and Capacity
20,1014,5,8,7,5,Deceptive alignment and hidden objectives,,Expand AI Safety Research Funding and Capacity
6,1237,5,8,6,5,Reward Misspecification and Reward Hacking,,Expand AI Safety Research Funding and Capacity
6,713,5,8,10,5,Reward Misspecification and Reward Hacking,,Expand AI Safety Research Funding and Capacity
17,1060,5,34,7,5,Adversarial Image Classification Misclassification,,Large-scale pretraining before task fine-tuning
17,1059,5,0,7,5,Adversarial Image Classification Misclassification,,Training-time regularization for robust generalization
34,298,5,8,30,5,Instrumental power-seeking by advanced AI agents,,Expand AI Safety Research Funding and Capacity
19,47,5,32,228,5,Misaligned AI takeover and human disempowerment,,Attainable Utility Preservation reward penalty
20,1026,5,4,7,5,Deceptive alignment and hidden objectives,,Pre-deployment safety gates and controlled release
8,199,5,11,9,5,Human-AI Coordination Failure in Shared Environments,,Public AI risk outreach and educational dissemination
