cluster_a,cluster_b,n_paths
10,0,6780
25,0,3815
26,0,3588
21,0,3204
16,0,2849
10,1,2256
10,2,2196
7,0,1953
6,23,1896
12,0,1787
19,0,1711
35,0,1580
38,0,1550
10,3,1316
25,1,1236
26,1,1189
25,2,1164
10,6,1126
10,5,1122
26,2,1092
9,0,1078
21,1,1068
21,2,1067
15,63,1052
17,68,1041
6,4,1028
10,4,1024
10,7,1002
16,1,935
10,8,918
18,0,890
16,99,883
10,9,752
10,12,752
10,11,751
10,10,748
10,14,746
10,13,734
25,3,721
2,77,719
11,447,712
26,4,702
26,3,693
1,70,693
10,16,675
10,17,652
7,1,648
6,184,644
10,28,641
16,15,626
21,3,623
25,6,613
25,5,612
4,0,605
7,2,601
12,1,600
12,2,598
6,381,596
1,0,594
26,5,588
26,6,588
20,428,571
10,26,569
10,15,569
19,1,566
10,18,564
19,2,564
10,21,564
10,19,562
10,20,561
10,22,561
10,27,561
10,24,561
10,30,549
16,3,548
25,4,546
21,6,534
21,5,534
38,1,516
10,44,511
35,1,510
21,7,510
25,8,510
25,7,507
10,25,507
35,2,503
38,2,494
26,8,490
35,32,479
10,31,474
21,4,466
10,35,465
16,484,454
16,482,450
25,16,446
21,8,445
10,33,445
10,32,433
26,7,424
10,34,421
10,29,414
16,29,413
25,9,412
25,12,408
25,14,408
25,11,408
25,10,408
9,2,406
25,13,406
17,2,400
26,9,396
16,494,393
26,10,392
26,11,392
26,12,392
6,476,391
26,14,390
26,13,389
10,65,387
7,4,384
26,16,383
26,17,381
10,54,378
7,3,378
10,41,376
10,37,376
10,39,376
10,47,376
10,38,376
10,59,376
10,43,376
10,36,376
10,58,376
10,46,374
10,56,374
10,53,374
10,50,374
10,49,374
10,51,374
10,64,374
10,60,374
10,61,374
10,52,374
10,48,374
10,42,373
10,57,372
10,40,370
10,45,370
16,496,370
26,28,369
27,489,368
10,72,366
10,55,362
10,62,360
21,10,360
20,466,358
21,13,357
21,14,356
21,9,356
21,11,356
21,12,356
15,475,351
21,17,351
12,3,350
9,1,349
16,500,346
21,32,344
17,502,342
10,71,340
11,490,336
19,3,335
10,66,334
19,4,332
37,504,332
4,483,331
6,0,328
15,485,326
7,6,324
7,5,324
16,9,316
25,15,315
6,487,314
25,19,309
25,18,309
25,21,309
25,26,307
25,20,306
25,44,306
25,24,306
25,27,306
25,22,306
16,520,304
16,517,304
16,519,304
16,512,304
12,6,304
26,15,303
25,31,303
25,25,303
21,34,302
12,5,301
38,3,300
25,28,297
26,21,297
26,18,297
26,19,297
26,26,296
16,522,296
25,35,295
26,22,294
26,20,294
26,30,294
26,27,294
26,24,294
16,524,291
18,1,288
18,2,288
35,3,287
6,498,287
26,25,285
6,497,285
12,4,283
19,5,282
19,6,278
12,7,278
35,4,277
26,44,276
35,360,275
9,4,274
6,67,272
10,84,272
21,25,270
21,31,270
25,30,268
21,22,267
21,18,267
21,20,267
21,21,267
21,15,267
21,24,267
21,19,267
21,27,267
21,26,266
1,492,265
24,480,261
2,501,260
38,6,260
16,73,259
38,5,258
21,16,258
20,0,258
6,10,256
26,31,252
2,505,252
3,506,252
21,28,251
7,7,250
16,19,249
12,8,246
16,516,245
9,29,245
16,544,243
19,8,240
7,8,240
19,7,239
35,5,238
16,18,237
38,4,237
35,8,235
6,521,232
9,23,232
16,550,232
1,2,230
16,21,230
16,553,228
16,559,228
16,558,228
16,552,228
16,556,228
16,554,228
7,16,226
25,33,226
16,563,225
21,45,225
11,573,224
26,34,222
7,11,216
7,9,216
7,10,216
6,529,216
7,12,216
6,528,215
38,8,215
15,518,214
7,13,214
4,1,213
25,34,212
25,29,211
35,26,210
25,17,209
26,33,209
35,10,208
16,570,207
17,5,207
16,575,207
35,6,206
10,463,206
25,38,206
25,39,206
10,69,206
25,37,206
25,47,206
25,45,206
25,43,206
25,41,206
9,3,205
9,6,205
25,50,204
21,30,204
25,46,204
25,49,204
25,61,204
25,57,204
25,51,204
25,36,204
25,59,204
25,52,204
25,60,204
25,58,204
35,14,204
25,54,204
25,53,204
25,42,204
1,33,204
25,48,204
12,12,204
25,56,204
25,64,204
1,511,204
4,585,203
21,36,202
6,542,202
25,66,202
11,11,202
25,71,202
25,40,202
26,29,201
6,536,201
12,14,200
12,10,200
11,590,200
26,35,200
12,9,200
12,11,200
17,584,199
26,41,199
11,591,199
26,38,198
26,47,198
26,37,198
26,66,198
6,20,198
26,43,198
26,39,198
7,14,197
26,49,196
26,40,196
26,53,196
26,61,196
26,57,196
26,54,196
26,42,196
26,58,196
26,48,196
19,13,196
26,36,196
26,60,196
26,59,196
26,51,196
26,52,196
26,46,196
26,50,196
16,581,196
25,62,195
6,25,195
35,36,194
26,64,194
26,69,194
10,91,194
10,124,194
10,460,193
25,65,193
16,588,192
26,71,192
26,45,192
19,10,192
19,9,192
35,12,192
26,72,192
9,5,192
35,9,192
26,65,191
7,17,191
10,263,190
10,174,190
10,236,189
10,252,189
25,55,189
10,220,189
10,164,189
19,12,189
10,344,189
10,119,189
10,320,189
10,321,189
19,11,189
10,342,189
10,78,189
10,107,189
10,211,189
10,165,189
10,302,189
10,358,189
10,351,189
10,359,189
10,288,189
10,104,188
10,154,188
10,140,188
10,241,188
10,147,188
10,286,188
10,254,188
10,202,188
10,378,188
10,255,188
10,105,188
10,168,188
10,155,188
10,149,188
10,446,188
10,114,188
10,336,188
10,182,188
10,112,188
10,87,188
10,167,188
10,289,188
10,361,188
10,364,188
10,141,188
10,132,188
10,188,188
10,380,188
10,139,188
10,213,188
10,248,188
10,200,188
10,387,188
10,310,188
10,135,188
10,161,188
10,73,188
10,79,188
10,305,188
10,85,188
10,329,188
10,170,188
10,214,188
10,144,188
12,28,188
10,92,188
10,159,188
10,157,188
10,110,188
10,315,188
10,136,188
10,406,188
10,350,188
10,102,188
10,287,188
10,393,188
10,356,188
10,166,188
10,95,188
10,111,188
10,94,188
10,354,188
10,148,188
10,304,188
10,285,188
10,316,188
10,275,188
10,239,188
10,137,188
10,88,188
10,293,188
10,311,188
10,89,188
10,142,188
10,196,188
10,96,188
10,180,188
10,238,188
10,215,188
10,363,188
10,76,187
10,203,187
10,279,187
10,75,187
10,438,187
10,301,187
10,306,187
10,379,187
10,253,187
10,67,187
10,224,187
10,179,187
10,340,187
10,266,187
10,423,187
10,274,187
10,382,187
10,185,187
10,405,187
10,371,187
10,210,187
10,376,187
10,257,187
10,262,187
10,101,187
10,300,187
10,83,187
10,267,187
10,295,187
10,327,187
10,230,187
10,313,187
10,348,187
10,414,187
10,338,187
10,223,187
10,146,187
10,162,187
10,127,187
10,128,187
10,134,187
10,218,187
10,283,187
10,206,187
10,330,187
10,394,187
10,366,187
10,345,187
10,337,187
35,499,187
10,277,187
10,436,187
10,437,187
10,177,187
10,247,187
10,391,187
10,408,187
10,353,187
10,399,187
10,100,187
10,415,187
10,365,187
10,268,187
10,390,187
10,120,187
10,138,187
10,323,187
10,108,187
10,145,187
10,299,187
10,197,187
10,261,187
10,90,187
10,324,187
10,325,187
10,384,187
10,208,187
10,158,187
10,116,187
10,400,187
10,319,187
10,296,187
10,259,187
10,178,187
10,292,187
10,398,187
10,401,187
10,383,187
10,131,187
10,281,187
10,278,187
10,250,187
10,249,187
10,181,187
10,409,187
10,410,187
10,318,187
10,130,187
10,333,187
10,298,187
10,375,187
10,229,187
10,260,187
10,192,187
10,269,187
10,433,187
10,426,187
10,352,187
10,183,187
10,328,187
10,309,187
10,282,187
10,175,187
10,176,187
10,216,187
10,186,187
10,109,187
10,191,187
10,341,187
10,297,187
10,242,187
10,362,187
10,80,187
10,404,187
10,205,187
10,194,187
10,256,187
10,212,187
10,226,187
10,307,187
10,388,187
10,187,187
10,172,187
10,198,187
10,258,187
10,317,187
10,190,187
10,173,187
10,193,187
10,118,187
10,346,187
10,113,187
10,195,187
10,163,187
10,335,187
10,169,187
10,125,187
10,207,187
10,217,187
10,150,187
10,219,187
10,419,187
10,377,187
10,245,187
10,270,187
10,246,187
10,93,187
10,334,187
10,153,187
10,322,187
10,171,187
10,272,187
10,273,187
10,392,187
10,106,187
10,251,187
10,244,187
10,133,187
10,373,187
10,374,187
10,233,187
10,326,187
10,294,187
10,129,187
10,265,187
10,434,187
10,284,187
10,389,187
10,372,187
10,126,187
10,160,187
10,314,187
10,312,187
10,240,187
10,234,187
10,204,187
10,227,187
10,347,187
10,396,187
10,343,187
10,308,187
10,86,187
10,370,186
10,225,186
10,231,186
10,418,186
10,228,186
10,367,186
10,221,186
10,411,186
10,291,186
10,235,186
10,143,186
10,103,186
10,156,186
10,349,186
10,385,186
10,386,186
10,449,186
10,448,186
10,271,186
10,413,186
10,331,186
10,357,186
10,264,186
10,222,186
10,97,186
10,280,186
10,98,186
20,549,186
10,199,186
10,276,185
10,123,185
10,122,185
10,117,185
10,431,185
10,429,185
10,355,185
10,430,185
10,121,185
10,440,185
10,339,185
10,427,185
26,56,184
21,33,184
10,397,184
10,454,184
16,81,184
10,395,184
10,115,184
21,35,184
10,74,183
10,332,183
10,468,183
10,368,182
30,0,182
25,72,182
10,82,182
10,369,182
10,455,182
4,2,182
10,189,182
10,407,182
10,432,181
6,525,181
21,40,180
2,70,180
10,441,180
21,37,180
21,57,180
24,466,180
10,416,180
17,567,180
22,610,180
10,290,179
15,543,179
10,424,179
17,76,179
21,55,179
21,59,178
21,51,178
21,52,178
21,64,178
21,53,178
21,39,178
21,49,178
21,46,178
21,54,178
21,50,178
21,42,178
21,38,178
21,48,178
15,540,178
21,43,178
21,62,178
21,29,178
21,61,178
21,58,178
21,60,178
21,47,178
21,56,178
21,41,178
10,435,177
12,13,176
10,237,176
27,0,176
10,152,176
35,11,176
25,84,176
10,151,175
11,620,174
10,451,174
35,84,173
38,7,172
17,589,172
38,12,172
38,9,172
38,11,172
38,10,172
38,13,172
10,201,171
10,425,170
10,412,170
10,209,169
10,243,169
38,17,169
10,459,169
10,232,169
6,565,168
10,452,168
16,39,168
18,3,168
12,17,167
10,478,166
38,32,166
35,17,165
7,33,165
38,14,164
35,16,164
12,16,164
25,463,163
7,24,162
7,31,162
7,27,162
7,21,162
7,18,162
7,20,162
7,22,162
7,15,162
7,25,162
11,0,160
1,1,160
27,605,160
12,33,160
9,7,160
6,578,159
35,25,159
6,572,159
7,30,159
10,473,159
10,439,158
7,26,158
10,421,158
12,34,158
16,37,158
10,422,158
10,403,158
10,420,158
10,417,158
16,38,158
10,442,158
21,465,158
10,402,158
38,16,157
15,561,156
6,568,156
35,31,156
16,43,156
19,16,156
7,19,156
6,564,156
16,626,156
16,47,156
6,13,154
16,41,154
2,580,154
19,14,154
6,533,153
16,651,153
16,630,153
6,582,153
35,20,153
28,81,152
15,562,152
16,644,152
1,548,152
16,639,152
26,115,152
16,577,152
16,645,152
16,646,152
16,640,152
16,648,152
16,647,152
12,26,151
12,20,150
12,30,150
12,21,150
12,22,150
12,18,150
16,650,150
12,27,150
17,587,150
12,15,150
15,75,150
38,28,150
12,24,150
15,569,150
2,81,149
10,493,149
27,624,149
10,445,149
16,662,148
16,638,148
16,653,148
10,303,148
16,652,148
21,469,148
16,632,148
16,637,148
16,657,148
16,643,148
35,18,147
12,19,147
10,458,147
9,12,147
16,661,146
9,81,146
9,77,146
1,81,145
12,574,144
18,5,144
19,22,144
18,6,144
0,696,144
9,10,144
19,27,144
19,24,144
22,79,143
11,613,143
19,15,143
19,18,142
19,17,142
10,444,142
20,583,141
19,21,141
6,566,141
26,32,141
19,19,141
16,684,140
4,703,140
10,462,140
16,685,140
17,701,140
21,450,140
21,491,140
35,22,138
35,27,138
18,7,138
16,694,138
16,675,138
6,7,137
35,7,137
10,474,137
16,693,136
6,604,136
25,32,134
6,607,134
10,479,134
34,523,133
35,30,133
12,35,133
9,9,132
10,443,132
20,602,132
6,55,132
21,74,131
26,62,131
11,635,130
4,700,130
26,151,130
21,65,129
19,20,129
38,22,129
38,18,129
38,15,129
38,24,129
19,31,129
38,19,129
38,25,129
38,20,129
38,26,129
38,27,129
38,21,129
35,13,128
4,3,128
6,40,128
15,560,128
2,612,127
6,606,126
9,11,126
9,8,126
37,682,126
19,25,126
21,360,125
1,6,125
6,69,124
7,35,124
15,600,124
20,593,124
7,28,124
15,609,124
17,623,124
17,621,124
17,622,124
0,734,124
9,34,123
35,15,123
38,31,123
35,19,123
15,608,122
19,26,122
12,65,122
21,97,122
25,137,121
18,4,121
17,628,121
17,744,120
6,633,120
17,663,120
12,25,120
18,8,120
6,2,119
1,617,119
35,24,119
21,115,118
19,35,117
6,80,117
22,753,117
10,453,117
38,30,116
12,36,116
9,32,116
16,78,116
19,45,116
26,55,115
11,762,115
1,4,115
15,615,115
38,34,115
17,731,115
10,456,115
6,655,115
6,654,114
6,658,114
10,457,114
26,424,114
9,20,114
6,83,114
10,461,114
2,627,113
11,770,113
35,34,113
9,17,113
1,594,113
10,495,113
10,510,112
17,776,112
16,741,112
15,616,112
15,641,112
1,599,112
9,14,112
6,618,111
6,598,111
9,70,111
2,666,111
1,780,111
6,668,110
10,508,110
26,84,110
6,619,110
10,509,110
25,69,110
2,660,110
7,60,109
6,1,109
26,134,109
7,29,109
7,34,109
7,61,108
6,681,108
6,680,108
7,38,108
7,64,108
35,23,108
1,787,108
30,786,108
20,671,108
7,48,108
7,41,108
7,47,108
7,43,108
21,44,108
7,54,108
7,46,108
7,42,108
7,56,108
7,66,108
30,81,108
7,50,108
6,679,108
4,10,108
22,0,108
7,37,108
7,52,108
7,71,108
2,0,108
7,51,108
22,23,108
7,36,108
7,59,108
7,57,108
7,40,108
7,39,108
37,754,108
29,697,108
7,49,108
7,53,108
7,58,108
6,42,107
1,5,107
25,82,107
35,40,106
6,676,106
6,687,106
6,672,106
6,597,106
9,13,106
12,32,106
10,467,106
6,783,105
6,699,105
25,74,105
11,796,105
6,688,104
4,6,104
35,55,104
6,686,104
7,45,104
6,677,104
35,42,104
7,634,104
6,665,104
6,649,104
19,30,103
25,89,103
25,134,103
25,79,103
25,85,103
25,96,103
25,114,103
25,139,103
25,102,103
25,113,103
25,141,103
25,142,103
25,130,103
25,118,103
25,73,103
25,128,103
25,119,103
25,145,103
25,78,103
25,127,103
25,132,103
25,107,103
25,140,103
25,154,103
25,104,103
25,182,103
25,94,103
25,155,103
9,33,103
25,105,103
25,170,103
25,168,103
25,131,103
25,149,103
25,129,103
25,88,103
25,112,103
25,161,103
25,147,103
25,135,103
25,106,103
26,75,103
25,87,103
25,111,103
25,92,103
25,159,103
25,157,103
25,110,103
25,136,103
25,95,103
19,33,103
4,36,103
25,298,102
25,235,102
25,221,102
25,187,102
25,172,102
25,169,102
25,295,102
25,292,102
25,277,102
25,380,102
25,309,102
25,196,102
25,361,102
25,289,102
25,388,102
25,227,102
25,364,102
25,226,102
25,274,102
25,238,102
25,228,102
25,393,102
25,163,102
25,335,102
25,272,102
25,273,102
25,354,102
25,366,102
25,316,102
25,357,102
25,367,102
25,339,102
25,321,102
25,308,102
25,241,102
25,248,102
25,223,102
25,330,102
25,347,102
25,255,102
25,98,102
25,319,102
25,337,102
25,229,102
25,230,102
25,394,102
25,225,102
25,231,102
25,164,102
25,167,102
25,365,102
25,268,102
25,257,102
25,262,102
25,340,102
25,179,102
25,160,102
25,100,102
25,249,102
25,166,102
25,103,102
25,284,102
25,190,102
25,224,102
26,82,102
25,208,102
25,320,102
25,446,102
25,352,102
25,116,102
25,158,102
25,204,102
25,205,102
25,345,102
25,404,102
25,80,102
25,336,102
25,302,102
25,188,102
25,304,102
25,375,102
25,396,102
25,315,102
25,109,102
25,197,102
25,219,102
25,250,102
25,356,102
25,414,102
25,338,102
25,419,102
25,377,102
25,329,102
25,260,102
25,344,102
25,124,102
25,351,102
25,423,102
25,75,102
9,22,102
25,258,102
25,383,102
25,297,102
25,312,102
25,240,102
25,234,102
25,101,102
25,368,102
25,369,102
25,181,102
25,271,102
25,317,102
25,236,102
25,143,102
25,286,102
25,265,102
25,266,102
1,3,102
25,198,102
25,313,102
25,220,102
25,186,102
25,93,102
9,27,102
25,67,102
25,382,102
25,215,102
25,343,102
25,207,102
25,133,102
25,326,102
25,254,102
25,296,102
25,379,102
25,76,102
25,86,102
9,19,102
25,389,102
25,176,102
25,126,102
25,252,102
25,91,102
25,203,102
25,293,102
25,370,102
25,211,102
25,259,102
25,311,102
25,306,102
25,342,102
25,191,102
25,341,102
25,192,102
25,333,102
25,310,102
25,244,102
25,245,102
25,270,102
25,246,102
25,415,102
25,213,102
25,378,102
25,269,102
25,409,102
25,410,102
25,199,102
25,175,102
25,173,102
25,281,102
25,278,102
25,108,102
25,138,102
25,247,102
25,214,102
25,171,102
6,711,102
25,153,102
25,387,102
25,412,102
25,406,102
25,206,102
25,372,102
25,251,102
25,282,102
25,177,102
25,350,102
25,217,102
25,363,102
25,327,102
25,242,102
25,212,102
25,478,102
25,285,102
25,120,102
25,264,102
25,156,102
25,318,102
25,323,102
25,90,102
25,392,102
25,324,102
25,325,102
25,334,102
25,407,102
25,322,102
25,174,102
25,165,102
25,162,102
25,218,102
25,283,102
25,371,102
25,279,102
25,358,102
25,288,102
25,280,102
25,180,102
25,185,102
25,216,102
25,390,102
25,256,102
25,267,102
25,301,102
25,239,102
25,150,102
25,83,102
25,405,102
25,398,102
25,397,102
25,376,102
25,307,102
25,359,102
25,253,102
25,202,102
25,287,102
25,384,102
25,299,102
25,210,102
25,438,102
25,275,102
25,294,102
25,373,102
25,374,102
25,233,102
25,425,102
25,193,102
25,195,102
25,178,102
25,125,102
25,200,102
25,328,102
25,399,102
25,263,102
25,348,102
25,444,102
25,305,102
25,183,102
25,146,102
25,353,102
25,418,102
25,261,102
25,349,102
25,391,102
25,408,102
25,314,102
25,401,102
12,45,102
25,276,101
25,232,101
25,117,101
25,121,101
25,420,101
25,421,101
25,422,101
25,209,101
25,403,101
25,417,101
25,122,101
25,123,101
25,237,101
25,152,101
25,439,101
25,402,101
25,411,101
25,442,101
25,243,101
25,144,101
25,479,101
26,137,101
25,455,101
25,201,101
26,463,101
25,222,101
25,451,101
25,395,101
25,362,101
25,151,101
25,440,101
35,74,101
25,300,101
35,69,100
35,62,100
35,29,100
16,801,100
35,50,100
12,43,100
12,62,100
12,47,100
25,332,100
25,458,100
35,38,100
25,431,100
19,37,100
25,355,100
35,49,100
25,429,100
12,59,100
12,57,100
12,41,100
12,61,100
25,194,100
25,427,100
25,430,100
25,454,100
12,46,100
12,56,100
26,92,100
12,29,100
12,58,100
12,49,100
12,37,100
26,290,100
12,38,100
12,54,100
12,64,100
12,42,100
12,50,100
34,0,100
12,53,100
12,39,100
10,464,100
12,52,100
26,161,100
12,60,100
12,51,100
12,48,100
26,78,99
26,127,99
26,102,99
26,145,99
26,129,99
26,340,99
26,341,99
10,472,99
10,530,99
26,128,99
9,26,99
26,112,99
26,131,99
32,822,99
26,85,99
26,104,99
26,154,99
26,179,99
26,111,99
26,95,99
26,119,99
26,436,99
26,165,99
26,437,99
26,272,99
26,273,99
26,426,99
26,269,99
26,88,99
25,148,99
26,214,99
26,213,99
26,433,99
25,416,99
9,24,99
26,195,99
4,5,99
26,110,99
26,170,99
26,449,99
26,135,99
26,155,99
26,149,99
26,147,99
26,208,99
26,157,99
26,331,99
26,142,99
26,107,99
26,448,99
26,168,99
26,222,99
26,94,99
26,159,99
15,826,99
26,96,99
26,132,99
26,139,99
26,106,99
26,114,99
26,303,99
26,136,99
26,105,99
26,113,99
26,150,99
26,301,99
26,89,99
26,141,99
26,193,99
26,73,99
26,118,99
10,471,99
1,642,99
4,603,99
26,202,99
26,130,99
10,470,99
26,79,99
26,182,99
4,7,98
26,163,98
26,278,98
26,176,98
26,244,98
26,245,98
26,270,98
26,430,98
26,431,98
26,310,98
26,317,98
26,286,98
26,285,98
26,283,98
26,218,98
26,409,98
26,236,98
26,231,98
26,225,98
26,250,98
26,258,98
26,198,98
26,192,98
26,191,98
26,181,98
26,410,98
26,378,98
26,256,98
26,309,98
26,328,98
26,196,98
26,364,98
26,200,98
26,306,98
26,294,98
26,226,98
26,397,98
26,295,98
26,292,98
26,178,98
26,259,98
26,390,98
26,296,98
26,344,98
26,299,98
26,298,98
26,260,98
26,401,98
26,217,98
26,336,98
26,216,98
26,377,98
26,233,98
26,374,98
26,373,98
26,235,98
26,221,98
26,125,98
26,212,98
26,187,98
26,133,98
26,109,98
26,186,98
26,395,98
26,315,98
26,207,98
26,405,98
26,419,98
26,275,98
26,327,98
26,393,98
26,211,98
26,80,98
26,438,98
26,274,98
26,311,98
26,359,98
26,371,98
26,124,98
26,203,98
26,370,98
26,293,98
26,227,98
26,388,98
26,289,98
26,407,98
26,83,98
26,363,98
26,276,98
26,169,98
26,172,98
26,312,98
26,241,98
26,375,98
26,228,98
26,239,98
26,396,98
26,329,98
26,146,98
26,320,98
26,362,98
26,229,98
26,398,98
26,451,98
26,376,98
26,180,98
26,326,98
26,282,98
26,156,98
26,264,98
26,351,98
26,358,98
26,185,98
26,254,98
26,288,98
26,120,98
26,302,98
26,158,98
26,205,98
26,204,98
26,314,98
26,234,98
26,240,98
26,261,98
26,347,98
26,248,98
26,297,98
26,242,98
26,219,98
26,321,98
26,188,98
26,116,98
26,354,98
26,304,98
26,383,98
26,412,98
26,322,98
26,350,98
26,177,98
26,330,98
26,337,98
26,345,98
26,144,98
26,404,98
26,197,98
26,201,98
26,444,98
26,316,98
26,352,98
26,408,98
26,391,98
26,223,98
26,429,98
26,255,98
26,277,98
26,380,98
26,366,98
26,418,98
26,262,98
26,257,98
26,268,98
26,365,98
26,349,98
26,355,98
26,384,98
26,367,98
26,357,98
26,74,98
26,148,98
26,183,98
26,100,98
26,215,98
26,91,98
26,252,98
26,86,98
26,76,98
26,343,98
26,382,98
26,67,98
26,406,98
26,171,98
26,153,98
26,387,98
26,399,98
26,348,98
26,319,98
26,400,98
26,251,98
26,338,98
26,220,98
26,313,98
26,411,98
26,263,98
26,160,98
26,230,98
26,284,98
26,164,98
26,305,98
26,339,98
26,126,98
26,356,98
26,98,98
26,140,98
26,325,98
26,324,98
26,206,98
6,720,98
26,90,98
26,108,98
26,394,98
26,224,98
26,190,98
26,167,98
26,249,98
26,166,98
12,452,98
26,103,98
26,318,98
26,199,98
26,174,98
26,162,98
26,425,98
26,415,98
26,93,98
26,342,98
26,246,98
26,427,98
26,389,98
26,435,98
26,434,98
26,101,98
26,143,98
26,87,98
26,247,98
26,392,98
26,281,98
26,173,98
26,175,98
26,369,98
26,368,98
6,74,98
26,271,98
1,659,98
26,152,98
26,237,98
26,122,98
35,37,98
35,54,98
18,13,98
26,266,98
26,265,98
26,210,98
26,267,98
26,280,98
26,253,98
26,379,98
26,423,98
26,361,98
26,307,98
26,440,98
26,238,98
26,300,98
26,279,98
26,123,98
26,121,98
26,117,98
26,287,98
6,674,97
26,386,97
26,291,97
26,414,97
26,385,97
25,433,97
25,426,97
26,346,97
26,138,97
25,331,97
20,705,97
26,454,97
26,446,97
26,194,97
26,308,97
25,434,97
25,448,97
25,449,97
25,437,97
25,436,97
21,86,97
2,611,96
19,36,96
9,15,96
19,47,96
12,55,96
6,729,96
19,43,96
19,57,96
35,52,96
25,291,96
25,385,96
19,56,96
35,491,96
18,11,96
19,39,96
19,61,96
18,12,96
19,38,96
18,10,96
25,386,96
25,467,96
19,40,96
26,468,96
12,40,96
19,46,96
18,14,96
19,53,96
18,9,96
19,28,95
26,209,95
26,243,95
19,48,95
25,115,95
25,435,95
27,782,95
26,531,95
26,97,95
34,586,95
16,592,95
7,62,95
16,740,95
26,413,95
4,8,95
19,60,95
26,232,95
19,42,95
25,303,95
25,189,94
25,346,94
19,49,94
19,41,94
9,21,94
25,452,94
19,62,94
26,432,94
26,458,94
27,792,94
25,460,94
35,450,94
19,58,94
15,678,93
15,579,93
15,708,93
38,45,93
25,473,93
25,459,93
15,707,93
15,669,93
20,664,93
20,91,93
17,721,93
12,541,93
15,750,93
10,541,93
35,48,92
19,29,92
19,32,92
35,53,92
8,864,92
35,46,92
6,736,92
26,334,92
26,333,92
26,403,92
19,59,92
26,323,92
19,51,92
26,402,92
26,439,92
9,36,92
26,335,92
19,50,92
26,455,92
21,452,92
19,52,92
15,704,92
7,55,92
21,82,92
17,759,91
35,690,91
35,614,91
21,291,91
25,468,91
24,629,91
21,331,91
21,90,91
26,189,91
26,416,91
21,121,90
21,88,90
21,417,90
21,232,90
21,117,90
21,284,90
21,103,90
21,442,90
21,402,90
21,185,90
21,439,90
6,480,90
21,167,90
21,122,90
21,230,90
21,123,90
21,394,90
21,126,90
21,143,90
21,403,90
21,420,90
21,116,90
21,98,90
21,429,90
21,243,90
21,246,90
21,366,90
21,332,90
21,349,90
21,209,90
21,488,90
21,156,90
21,264,90
21,385,90
21,386,90
21,457,90
21,247,90
26,441,90
21,138,90
21,325,90
21,324,90
21,404,90
21,219,90
21,422,90
21,421,90
21,240,90
21,133,90
21,405,90
21,292,90
21,172,90
21,294,90
21,109,90
21,207,90
21,253,90
21,322,90
21,456,90
17,732,90
21,379,90
25,424,90
37,70,90
10,532,90
21,104,89
21,224,89
21,154,89
21,195,89
21,131,89
35,41,89
21,203,89
21,236,89
21,111,89
21,340,89
21,179,89
21,160,89
26,443,89
21,258,89
21,250,89
21,263,89
21,112,89
21,218,89
21,129,89
21,392,89
21,206,89
17,768,89
17,769,89
21,374,89
21,233,89
21,295,89
21,210,89
21,132,89
21,393,89
21,327,89
21,141,89
21,187,89
21,124,89
21,89,89
21,75,89
21,256,89
21,228,89
21,303,89
21,298,89
21,299,89
21,186,89
21,242,89
21,412,89
21,407,89
21,350,89
21,387,89
21,323,89
21,120,89
21,272,89
21,273,89
21,108,89
21,114,89
21,83,89
21,464,89
21,307,89
21,227,89
21,424,89
21,106,89
21,80,89
21,234,89
21,275,89
21,364,89
21,328,89
21,309,89
21,361,89
21,289,89
21,139,89
21,267,89
21,373,89
21,125,89
21,200,89
21,235,89
21,259,89
21,196,89
21,336,89
21,188,89
21,260,89
21,344,89
21,135,89
21,229,89
21,150,89
21,312,89
21,388,89
21,398,89
21,334,89
21,153,89
21,171,89
21,216,89
21,222,89
21,158,89
21,204,89
21,205,89
21,297,89
21,169,89
21,276,89
21,226,89
21,390,89
21,301,89
21,96,89
21,413,89
21,318,89
21,372,89
21,119,89
21,94,89
21,282,89
21,177,89
21,217,89
21,461,89
21,445,89
21,363,89
21,239,89
21,377,89
21,302,89
21,419,89
21,107,89
21,274,89
21,238,89
21,221,89
21,425,89
21,214,89
21,78,89
21,162,89
21,174,89
21,165,89
21,127,89
21,329,89
21,168,89
21,314,89
21,147,89
21,197,89
21,378,89
21,345,89
21,194,89
21,170,89
21,136,89
21,401,89
21,383,89
21,396,89
21,315,89
21,416,89
21,472,89
21,211,89
21,105,89
21,375,89
21,395,89
21,248,89
21,241,89
21,357,89
21,367,89
21,270,89
21,79,89
21,269,89
21,182,89
21,342,89
21,251,89
21,213,89
21,201,89
21,189,89
21,304,89
21,92,89
21,255,89
21,347,89
21,100,89
21,317,89
21,409,89
21,410,89
21,443,89
21,175,89
21,173,89
21,281,89
21,278,89
21,176,89
21,93,89
21,199,89
21,333,89
21,244,89
21,245,89
21,337,89
21,277,89
21,384,89
21,355,89
21,223,89
21,183,89
21,149,89
21,321,89
21,261,89
21,155,89
21,208,89
21,348,89
21,330,89
21,144,89
21,477,89
21,481,89
21,308,89
21,161,89
21,380,89
21,400,89
21,319,89
21,137,89
21,316,89
21,339,89
21,305,89
21,352,89
21,146,89
21,110,89
21,391,89
21,408,89
21,320,89
21,157,89
21,159,89
21,148,89
21,369,89
21,128,89
21,67,89
21,76,89
21,382,89
21,359,89
21,371,89
21,358,89
21,254,89
21,296,89
21,306,89
21,212,89
21,142,89
21,178,89
21,283,89
21,354,89
21,191,89
21,341,89
21,192,89
21,101,89
21,389,89
21,427,89
21,430,89
21,411,89
21,313,89
21,220,89
21,365,89
21,268,89
21,257,89
21,262,89
21,431,89
21,368,89
21,265,89
21,266,89
21,102,89
21,202,89
21,73,89
35,683,89
21,130,89
21,193,89
21,118,89
21,113,89
21,225,89
21,231,89
21,190,89
21,435,89
21,181,89
21,271,89
21,215,89
21,279,89
21,343,89
21,399,89
21,164,89
21,249,89
21,95,89
21,166,89
19,55,89
21,198,89
21,338,89
21,140,89
21,87,89
21,163,89
21,335,89
21,85,89
21,326,89
21,397,89
21,370,89
21,376,89
21,311,89
21,288,89
21,351,89
21,423,89
21,280,89
21,91,89
21,293,89
21,180,89
10,513,89
10,514,89
10,538,89
21,252,89
19,54,88
38,33,88
26,459,88
2,739,88
10,360,88
16,737,88
21,414,88
25,495,88
2,738,88
21,415,88
21,486,88
21,462,88
26,456,88
21,474,88
26,372,88
21,151,88
21,406,88
35,788,88
1,656,88
21,346,88
21,300,88
15,728,88
21,353,88
26,473,88
26,461,88
9,18,88
26,457,88
26,445,87
21,470,87
21,471,87
38,35,87
25,400,87
35,44,87
21,356,87
19,64,87
21,310,87
21,426,87
21,434,87
2,718,87
21,362,87
21,285,87
21,437,87
21,286,87
21,152,87
21,287,87
21,433,87
21,515,87
21,436,87
21,237,87
38,29,86
38,58,86
6,752,86
25,290,86
6,765,86
25,441,86
38,61,86
21,444,86
38,48,86
12,44,86
38,42,86
38,46,86
38,53,86
38,52,86
38,59,86
38,38,86
15,730,86
21,441,86
17,63,86
38,64,86
38,50,86
26,478,86
38,39,86
21,69,86
38,60,86
38,47,86
38,43,86
38,37,86
38,40,86
38,41,86
26,460,86
38,49,86
38,57,86
38,69,86
17,829,86
38,51,86
38,36,86
17,920,85
26,453,85
20,22,85
17,673,85
21,145,85
21,134,85
21,290,85
15,710,85
25,97,84
21,432,84
20,1,84
12,66,84
16,95,84
38,54,84
17,938,84
3,747,84
17,631,84
26,422,84
15,724,84
26,420,84
26,442,84
17,936,84
26,534,84
26,526,84
17,939,84
6,775,84
6,774,84
0,0,84
26,479,84
21,503,84
17,935,84
9,25,84
15,725,84
6,31,84
27,837,84
1,7,84
35,39,84
35,56,84
17,0,84
15,726,84
26,421,84
17,937,84
17,689,84
26,417,83
25,413,83
16,131,83
17,842,83
35,33,83
16,945,83
16,113,83
16,128,83
16,145,83
16,127,83
21,453,83
16,129,83
35,80,83
16,134,83
35,97,83
16,130,83
16,118,82
21,440,82
19,66,82
10,537,82
21,467,82
1,716,82
38,56,82
9,30,82
6,764,82
9,16,82
17,806,81
20,2,81
16,667,81
16,832,81
6,746,81
11,1241,80
22,428,80
16,85,80
21,418,80
15,709,80
15,755,80
12,72,80
27,865,80
1,11,80
25,456,80
25,457,80
25,453,80
11,811,80
25,461,80
25,443,80
35,772,80
16,89,79
10,477,79
10,481,79
19,34,79
16,92,79
16,87,79
18,32,79
16,114,79
20,760,79
16,94,79
16,102,79
21,446,79
6,758,79
21,547,79
16,119,79
21,527,79
11,1298,79
16,104,78
16,147,78
16,148,78
16,142,78
2,778,78
16,149,78
16,96,78
19,460,78
16,111,78
16,110,78
16,105,78
16,136,78
12,469,78
0,23,78
16,88,78
16,182,78
9,381,78
16,904,78
2,78,77
16,132,77
16,1105,77
16,1133,77
25,493,77
16,1023,77
16,1030,77
9,35,77
2,798,77
16,985,77
16,140,77
6,742,77
16,964,77
20,819,77
20,86,77
16,154,76
16,106,76
16,1062,76
16,952,76
16,1087,76
7,151,76
16,168,76
16,1024,76
16,1025,76
16,631,76
16,1153,76
16,925,76
16,989,76
16,139,76
16,1068,76
16,995,76
16,1211,76
16,983,76
16,990,76
16,1082,76
16,999,76
16,1205,76
16,1204,76
16,1206,76
16,1124,76
16,1126,76
1,702,76
16,903,76
16,944,76
16,927,76
16,1027,76
16,1034,76
16,1210,76
16,1130,76
16,1129,76
16,1085,76
16,155,76
16,1001,76
16,1084,76
16,1120,76
16,1127,76
16,969,76
16,1121,76
16,1125,76
16,992,76
16,915,76
16,991,76
16,996,76
16,1063,76
16,135,76
7,72,76
16,161,76
16,1115,76
16,1116,76
16,1117,76
16,1118,76
16,1119,76
16,1203,76
16,968,76
16,1132,76
16,713,76
16,1041,76
16,1036,76
16,1135,76
16,1038,76
16,970,76
16,959,76
16,962,76
16,1081,76
16,1026,76
16,1122,76
16,1016,76
16,1077,76
10,488,76
16,998,76
16,961,76
10,486,76
16,1021,76
16,1110,76
25,555,76
16,1111,76
16,1109,76
16,1022,76
16,1035,76
16,1033,76
16,1000,76
16,1040,76
16,1192,76
16,1106,76
16,1029,76
2,824,76
16,1196,76
16,958,76
16,1019,76
16,957,76
16,1018,76
16,1017,76
16,1197,76
16,1209,76
16,1039,76
16,1136,76
16,949,76
16,946,76
16,926,76
16,948,76
16,1015,76
16,1078,76
16,1020,76
16,988,76
16,956,76
16,987,76
16,955,76
16,112,76
16,1107,76
16,954,76
16,971,76
16,951,76
16,916,76
16,1193,76
16,930,76
16,896,76
16,1008,76
16,986,76
16,950,76
16,1060,76
16,1103,76
16,1101,76
16,929,76
16,1093,76
16,1037,76
16,1134,76
16,1073,76
16,993,76
16,1013,76
16,1173,76
16,1096,76
16,966,76
11,1372,76
16,967,76
16,1005,76
16,1004,76
16,1089,76
16,1100,76
16,1014,76
16,1012,76
16,1011,76
16,1094,76
16,1156,76
16,1058,76
11,1371,76
16,1212,76
16,170,76
16,1186,76
16,1091,76
16,159,76
16,1167,76
9,184,76
16,1166,76
16,1066,76
16,1007,76
16,960,76
16,1099,76
16,931,76
16,1006,76
16,1010,76
16,965,76
16,1009,76
16,984,76
7,137,76
16,1083,76
16,1168,76
16,928,76
16,1002,76
16,157,76
16,141,76
4,17,76
16,953,76
16,1069,76
16,1067,76
38,55,75
4,13,75
16,997,75
15,809,75
16,1079,75
20,794,75
1,766,75
4,1344,75
10,499,75
15,808,75
16,1195,75
4,1343,75
24,636,75
17,24,75
16,1056,74
16,1171,74
16,1252,74
16,994,74
16,1169,74
16,1074,74
16,1174,74
16,1170,74
16,1302,74
16,533,74
16,1253,74
16,1247,74
16,1179,74
16,1086,74
16,1180,74
16,1185,74
16,1251,74
16,1320,74
16,1305,74
16,1088,74
16,1092,74
16,1188,74
16,1309,74
16,1184,74
16,1183,74
16,1070,74
16,1245,74
16,1057,74
16,1244,74
16,1190,74
16,1090,74
16,1250,74
16,1065,74
16,1072,74
16,1098,74
16,1261,74
16,1189,74
16,1262,74
16,1104,74
16,1270,74
16,1032,74
16,1102,74
16,1095,74
16,1260,74
16,1307,74
16,1308,74
16,1187,74
16,1160,74
16,1159,74
10,546,74
16,1191,74
16,1194,74
16,1165,74
16,1310,74
16,1249,74
16,1131,74
16,1324,74
16,1214,74
16,1323,74
16,1272,74
16,1213,74
16,1258,74
16,1128,74
16,1113,74
16,1114,74
16,1313,74
16,1312,74
16,1264,74
16,1199,74
16,1259,74
16,1314,74
16,1075,74
16,1175,74
16,1076,74
16,1097,74
16,1163,74
16,1164,74
16,1306,74
16,1003,74
16,1263,74
16,1112,74
16,1059,74
2,1458,74
16,1255,74
10,545,74
16,1248,74
16,1311,74
16,579,74
16,1202,74
16,1108,74
16,1322,74
16,1325,74
16,1158,74
16,805,74
16,1198,74
16,1155,74
16,1064,74
25,532,74
16,1321,74
16,1157,74
16,698,74
16,1271,74
6,790,74
10,539,74
1,751,74
16,1256,74
16,1304,74
16,1080,74
16,1176,74
16,1257,74
16,947,74
16,1031,74
16,1268,74
16,1207,74
16,1267,74
16,1208,74
16,963,74
16,1178,74
16,1028,74
16,1303,74
16,1201,74
16,1315,74
16,1265,74
16,1266,74
16,1269,74
16,1123,74
16,719,74
9,37,74
16,1317,74
16,1318,74
16,1319,74
16,1161,74
16,1061,74
16,1162,74
16,1181,74
16,1182,74
16,1177,74
16,1316,74
16,1200,74
16,1154,74
16,1071,74
16,1254,74
16,1172,74
20,756,73
1,717,73
9,28,73
11,1478,73
16,1246,73
9,63,72
6,63,72
2,1512,72
18,19,72
9,1502,72
9,480,72
9,1485,72
15,601,72
18,27,72
26,1500,72
35,51,72
1,748,72
19,71,72
16,1326,72
1,14,72
20,1491,72
0,1486,72
18,18,72
16,1327,72
4,1503,72
33,1510,72
22,70,72
3,428,72
0,695,72
11,1496,72
11,1495,72
11,1497,72
18,24,72
18,16,72
18,15,72
0,1504,72
18,21,72
1,51,72
11,1493,72
25,510,72
1,10,72
18,22,72
18,20,72
2,815,72
7,69,72
11,1494,72
18,25,72
18,31,72
16,1347,71
4,12,71
9,55,71
9,42,71
27,1152,71
16,1357,70
6,90,70
28,1535,70
11,901,70
3,843,70
16,303,70
16,1373,70
26,510,70
1,800,70
26,495,70
6,100,70
21,507,70
16,1429,69
16,1431,69
6,706,69
11,910,69
26,508,69
16,1432,69
16,1430,69
26,509,69
16,1460,69
16,1433,69
11,1546,69
16,1427,69
16,1426,69
9,31,69
1,823,69
16,1374,69
1,797,69
16,1428,69
15,757,69
2,820,68
9,48,68
20,861,68
7,290,68
1,763,68
16,1482,68
9,46,68
1,12,68
9,43,68
9,62,68
18,26,68
6,109,68
38,115,68
6,98,68
6,5,68
38,66,68
9,56,68
9,53,68
11,894,68
6,483,68
6,30,67
6,143,67
26,353,67
6,101,67
9,592,67
19,65,67
19,115,67
21,438,67
16,1513,67
19,77,67
6,103,67
9,490,66
6,97,66
21,455,66
2,888,66
17,46,66
6,432,66
6,243,66
25,509,66
6,189,66
6,201,66
2,856,66
2,891,66
2,892,66
9,59,66
9,39,66
9,38,66
6,93,66
16,1524,66
1,795,66
2,863,66
6,209,66
6,120,66
18,45,66
25,508,66
22,506,66
2,855,66
2,889,66
2,890,66
2,854,66
2,857,66
2,816,65
1,16,65
16,1548,65
25,530,65
19,692,65
6,232,65
21,458,65
27,1425,65
16,1566,64
26,474,64
1,777,64
35,1338,64
15,66,64
27,1481,64
16,1564,64
20,900,64
9,50,64
1,9,64
2,803,64
26,513,64
15,870,64
6,122,64
6,121,64
6,123,64
17,898,64
17,899,64
6,117,64
1,784,64
35,57,64
12,465,64
16,1547,64
6,133,64
11,1575,64
26,514,64
6,146,64
11,1345,63
6,126,63
11,1650,63
11,1651,63
9,60,63
1,27,63
6,108,63
6,402,63
21,557,63
17,908,63
6,138,63
19,44,63
1,22,63
9,124,63
6,156,63
25,1483,63
38,44,63
26,332,63
16,1549,63
6,403,63
15,847,62
15,841,62
6,420,62
19,82,62
15,848,62
15,773,62
16,1565,62
6,812,62
6,422,62
17,913,62
6,421,62
17,914,62
9,61,62
35,59,62
9,49,62
27,1501,62
15,850,62
15,858,62
15,859,62
15,849,62
15,878,62
38,465,62
38,71,62
9,52,62
18,35,62
16,1610,62
16,1609,62
17,909,62
1,831,62
17,821,62
2,6,62
38,62,62
24,23,62
19,137,62
6,45,62
16,1536,62
15,881,62
15,882,62
15,450,62
15,883,62
6,978,61
6,980,61
6,979,61
6,975,61
6,977,61
6,976,61
6,445,61
6,417,61
9,44,61
6,125,61
11,1693,61
37,906,61
7,692,61
20,921,61
35,21,61
6,974,61
6,835,61
4,1576,61
16,1639,60
6,1049,60
6,972,60
6,1048,60
18,34,60
20,802,60
35,830,60
30,1,60
6,3,60
11,1719,60
11,1720,60
6,1046,60
6,1050,60
17,940,60
24,593,60
16,1640,60
35,459,60
15,290,60
15,791,60
16,1728,60
10,691,60
27,1561,60
15,880,60
2,492,60
6,1143,60
16,1637,60
18,44,60
1,785,60
6,1051,60
9,47,60
9,67,60
6,503,60
16,1727,60
6,1149,59
6,1145,59
6,1147,59
6,1148,59
1,13,59
6,1144,59
2,511,59
17,1520,59
6,1142,59
30,2,59
20,981,59
6,1146,59
6,1141,59
4,14,59
35,825,59
16,1638,59
16,353,59
21,454,59
17,1521,59
17,1487,59
6,1045,58
6,1044,58
1,469,58
20,1370,58
6,1229,58
2,1299,58
17,1755,58
17,1756,58
6,1138,58
6,1228,58
6,1047,58
6,1234,58
6,1235,58
9,51,58
25,526,58
25,534,58
6,1043,58
7,65,58
6,1233,58
9,40,58
17,1600,58
6,1230,58
6,1140,58
6,1150,58
6,1139,58
6,332,58
6,1225,58
6,1335,58
6,1232,58
6,1042,58
21,449,58
6,1227,58
6,1226,58
21,448,58
6,116,58
15,860,58
20,845,58
7,867,58
6,1137,57
6,1222,57
6,1290,57
6,1289,57
6,1292,57
6,1287,57
12,31,57
6,1288,57
4,19,57
37,1554,57
6,1236,57
16,1699,57
6,1291,57
9,41,57
6,1237,57
6,1238,57
6,1295,57
4,1655,57
6,1281,57
6,1282,57
6,1276,57
6,1283,57
6,1285,57
6,1274,57
11,1776,57
6,1275,57
6,1334,57
6,1278,57
6,1286,57
6,1280,57
6,1219,57
6,1297,57
6,1231,57
6,1216,57
6,1284,57
6,1296,57
11,1778,57
4,21,57
11,1777,57
20,1052,56
15,879,56
15,884,56
15,897,56
4,1810,56
4,11,56
15,932,56
6,62,56
6,1336,56
17,1789,56
17,1601,56
17,813,56
6,1353,56
17,818,56
11,1798,56
6,1337,56
6,1329,56
6,1218,56
6,1217,56
2,982,56
7,387,56
16,804,56
17,1790,56
6,1328,56
4,9,56
15,918,56
16,107,56
9,465,56
15,912,56
35,58,56
14,63,56
17,1797,56
9,360,56
9,74,56
16,1745,56
35,1489,56
7,166,56
17,1796,56
6,1220,56
6,1333,56
19,450,56
17,1792,56
25,538,56
6,1332,56
6,1331,56
1,24,56
18,17,56
25,625,56
17,1791,56
6,1294,56
17,1793,56
17,1794,56
17,1795,56
6,1293,56
12,75,55
17,1821,55
6,1351,55
6,1365,55
6,1366,55
6,1518,55
6,1352,55
6,1379,55
7,44,55
7,251,55
6,1349,55
20,917,55
4,28,55
6,1350,55
6,1369,55
25,514,55
7,415,55
6,1348,55
6,1368,55
1,844,55
25,513,55
7,398,55
11,1823,55
35,82,55
37,1766,55
1,868,55
6,1367,55
7,82,55
15,877,55
7,362,55
7,80,55
11,1533,55
11,1562,55
7,147,54
7,235,54
7,109,54
7,256,54
7,314,54
7,141,54
7,178,54
7,347,54
7,292,54
12,389,54
7,155,54
7,242,54
7,228,54
7,308,54
7,383,54
7,260,54
7,375,54
7,395,54
7,329,54
1,30,54
12,239,54
7,382,54
7,67,54
12,308,54
16,124,54
12,395,54
12,399,54
7,154,54
7,124,54
7,75,54
7,376,54
7,215,54
7,140,54
7,293,54
7,358,54
7,288,54
17,1842,54
17,1843,54
12,223,54
35,1602,54
27,1683,54
7,359,54
7,76,54
7,86,54
7,104,54
7,252,54
7,423,54
7,157,54
7,159,54
7,149,54
6,1221,54
6,1277,54
6,1414,54
15,911,54
7,183,54
7,479,54
7,243,54
7,391,54
7,343,54
7,363,54
7,344,54
7,351,54
7,405,54
7,371,54
7,311,54
7,446,54
7,419,54
7,279,54
7,180,54
7,91,54
7,459,54
18,28,54
4,745,54
7,185,54
7,253,54
12,328,54
7,306,54
7,89,54
7,142,54
7,373,54
7,374,54
7,233,54
6,1361,54
6,1413,54
6,1360,54
7,335,54
7,85,54
7,123,54
7,237,54
7,152,54
7,266,54
6,1412,54
12,82,54
17,1841,54
7,301,54
7,328,54
7,309,54
7,370,54
7,379,54
7,221,54
7,207,54
7,212,54
7,297,54
7,276,54
7,208,54
7,241,54
12,85,54
6,1415,54
6,1417,54
6,1418,54
7,92,54
7,100,54
7,197,54
7,285,54
7,286,54
7,478,54
7,397,54
7,216,54
7,388,54
7,364,54
7,404,54
7,361,54
7,377,54
7,193,54
7,122,54
7,247,54
7,287,54
7,102,54
7,73,54
11,1847,54
6,1411,54
22,1851,54
22,1850,54
7,163,54
7,218,54
7,283,54
11,1846,54
7,96,54
7,327,54
7,390,54
7,294,54
7,393,54
7,254,54
7,326,54
7,265,54
7,206,54
7,120,54
7,232,54
7,202,54
7,117,54
7,121,54
7,392,54
7,406,54
7,323,54
7,90,54
7,324,54
7,325,54
7,108,54
7,214,54
7,177,54
7,78,54
7,165,54
7,421,54
7,422,54
7,94,54
7,334,54
7,322,54
7,153,54
7,138,54
7,79,54
7,350,54
7,333,54
7,318,54
7,93,54
7,119,54
6,1359,54
6,1410,54
7,337,54
7,261,54
7,338,54
7,298,54
7,299,54
7,136,54
7,229,54
7,158,54
7,248,54
7,277,54
7,315,54
9,469,54
37,1751,54
9,54,54
7,179,54
38,65,54
6,1406,54
6,1407,54
6,1408,54
6,1409,54
7,209,54
7,407,54
7,171,54
7,272,54
7,273,54
7,282,54
7,199,54
7,289,54
7,196,54
7,188,54
7,396,54
7,219,54
7,83,54
7,280,54
7,275,54
7,267,54
7,210,54
12,390,54
7,302,54
7,106,54
7,336,54
7,438,54
7,403,54
7,420,54
7,264,54
7,156,54
7,213,54
7,378,54
7,244,54
7,245,54
7,270,54
7,246,54
7,310,54
6,1363,54
7,101,54
7,271,54
7,175,54
7,173,54
7,281,54
7,278,54
7,176,54
7,181,54
7,417,54
7,342,54
7,356,54
7,182,54
2,1479,54
6,1405,54
7,224,54
7,87,54
7,98,54
6,1422,54
6,1423,54
11,1848,54
6,1403,54
6,1404,54
7,88,54
7,340,54
7,111,54
7,230,54
7,330,54
7,223,54
7,263,54
7,408,54
7,349,54
7,380,54
7,345,54
7,110,54
7,146,54
7,366,54
6,1416,54
9,57,54
7,143,54
6,1400,54
6,1401,54
7,161,54
7,112,54
7,317,54
7,198,54
7,258,54
7,250,54
7,167,54
7,225,54
7,231,54
7,190,54
6,1402,54
7,236,54
7,435,54
7,414,54
7,365,54
7,268,54
7,389,54
7,220,54
7,191,54
7,341,54
7,192,54
7,269,54
7,126,54
7,402,54
6,1419,54
7,313,54
7,249,54
7,95,54
7,160,54
7,339,54
7,103,54
7,409,54
7,257,54
7,262,54
7,418,54
7,284,54
7,321,54
7,399,54
6,1420,54
6,1421,54
6,1362,54
7,295,54
7,238,54
7,150,54
7,401,54
7,204,54
7,205,54
7,211,54
7,217,54
7,296,54
7,132,54
7,259,54
9,58,54
9,45,54
7,200,54
7,319,54
7,410,54
7,305,54
7,442,54
7,439,54
7,316,54
7,304,54
7,164,54
7,320,54
7,144,54
7,411,54
7,105,54
4,40,54
7,384,54
7,133,54
19,67,54
7,169,54
7,172,54
15,907,54
15,933,54
7,348,54
7,125,54
7,239,54
7,107,54
7,170,54
7,168,54
7,194,54
7,187,54
6,1399,54
7,226,54
7,139,54
7,274,54
7,307,54
7,227,54
7,114,54
7,135,54
7,352,54
7,312,54
7,255,54
7,240,54
7,234,54
7,186,54
6,1444,53
7,116,53
7,74,53
7,941,53
12,407,53
12,346,53
7,332,53
7,426,53
7,433,53
7,448,53
6,1445,53
6,1376,53
7,434,53
7,449,53
6,1447,53
6,1446,53
6,1378,53
6,1472,53
6,1443,53
6,1377,53
6,1449,53
6,1448,53
6,1451,53
12,183,53
6,1385,53
6,1450,53
6,1381,53
6,1380,53
6,1388,53
6,1387,53
6,1386,53
7,148,53
6,1396,53
7,437,53
7,436,53
6,1389,53
7,346,53
6,1394,53
6,1391,53
6,1452,53
6,1453,53
6,1395,53
6,1397,53
6,1517,53
6,1484,53
20,4,53
6,1382,53
7,451,53
1,1242,53
7,495,53
6,1455,53
7,174,53
7,440,53
12,392,53
35,123,53
35,122,53
35,121,53
7,400,53
12,113,53
12,118,53
15,876,53
6,1383,53
35,117,53
35,232,53
35,90,53
35,120,53
35,209,53
35,93,53
35,156,53
35,264,53
35,103,53
26,464,53
35,60,53
35,1574,53
7,195,53
35,445,53
35,243,53
35,133,53
35,201,53
35,189,53
1,1151,53
35,100,53
6,1434,52
1,18,52
4,49,52
15,82,52
19,86,52
7,127,52
7,128,52
7,134,52
6,1435,52
7,129,52
7,372,52
7,427,52
7,430,52
7,431,52
7,118,52
7,130,52
6,1468,52
6,1467,52
6,1519,52
6,1471,52
6,1469,52
7,331,52
6,1516,52
6,1470,52
7,355,52
7,394,52
35,143,52
35,417,52
35,98,52
6,1438,52
6,1439,52
6,1436,52
6,1440,52
15,14,52
35,403,52
35,420,52
35,421,52
35,422,52
7,354,52
35,138,52
8,1877,52
22,1871,52
6,743,52
21,597,52
27,1730,52
27,1729,52
12,290,52
26,532,52
26,467,52
7,513,52
4,1477,52
1,8,52
18,29,52
7,514,52
35,503,52
35,465,52
6,1437,52
6,1390,52
6,1441,52
1,814,52
6,1393,52
6,1392,52
17,1869,52
17,1870,52
6,1476,52
1,887,52
6,1475,52
6,1474,52
6,1384,52
35,432,52
7,113,52
6,1473,52
35,83,52
35,125,52
7,131,52
7,145,52
35,439,52
35,402,52
35,442,52
4,50,52
7,203,52
35,108,51
35,193,51
6,1463,51
7,385,51
6,1555,51
7,386,51
7,357,51
12,195,51
6,1358,51
21,451,51
7,291,51
35,162,51
19,90,51
7,367,51
12,78,51
35,101,51
12,448,51
6,1464,51
12,437,51
12,436,51
35,126,51
12,174,51
35,413,51
35,35,51
12,119,51
12,356,51
12,310,51
6,1465,51
12,213,51
12,171,51
12,93,51
12,191,51
12,273,51
12,341,51
12,192,51
12,449,51
12,269,51
12,350,51
12,387,51
12,272,51
12,165,51
12,162,51
12,214,51
12,202,51
7,222,51
12,193,51
12,340,51
35,300,51
35,222,51
35,477,51
12,179,51
12,433,51
12,426,51
35,109,51
12,434,51
10,526,51
12,166,51
12,383,51
20,1542,51
12,348,51
12,137,51
12,349,51
12,157,51
35,332,51
12,263,51
12,208,51
12,429,51
12,380,51
24,664,51
12,150,51
12,144,51
12,255,51
12,196,51
12,300,51
12,301,51
20,689,51
20,715,51
12,158,51
12,275,51
12,363,51
7,537,51
12,180,51
12,293,51
12,241,51
10,749,51
7,162,51
7,424,51
6,1515,50
12,103,50
12,291,50
12,164,50
35,344,50
35,223,50
12,88,50
12,176,50
12,278,50
12,160,50
12,87,50
12,224,50
37,1706,50
35,174,50
6,1591,50
16,1811,50
19,253,50
2,1523,50
12,335,50
12,163,50
6,1454,50
12,124,50
7,460,50
12,305,50
12,339,50
12,231,50
12,225,50
12,455,50
12,146,50
12,400,50
12,250,50
12,181,50
35,169,50
35,221,50
35,238,50
12,258,50
12,198,50
35,339,50
35,199,50
35,236,50
1,15,50
24,846,50
12,253,50
12,279,50
12,91,50
12,343,50
12,252,50
12,111,50
19,69,50
35,342,50
12,379,50
12,288,50
12,154,50
12,89,50
12,359,50
12,83,50
12,423,50
35,190,50
35,481,50
35,274,50
35,303,50
12,304,50
12,236,50
12,338,50
12,95,50
35,357,50
35,367,50
35,242,50
35,207,50
35,229,50
35,197,50
12,358,50
12,371,50
2,1355,50
12,370,50
12,240,50
12,200,50
12,292,50
12,178,50
2,37,50
12,382,50
12,67,50
12,76,50
12,376,50
12,140,50
12,142,50
12,306,50
12,296,50
12,104,50
12,215,50
12,187,50
12,238,50
12,274,50
12,185,50
12,203,50
12,210,50
12,351,50
12,311,50
12,96,50
12,226,50
12,172,50
35,224,50
12,283,50
12,73,50
12,102,50
12,218,50
12,206,50
12,441,50
12,266,50
12,265,50
6,793,50
16,1853,50
35,211,50
35,299,50
35,298,50
35,304,50
0,2,50
12,318,50
12,410,50
12,409,50
12,246,50
12,270,50
12,245,50
12,244,50
12,281,50
12,173,50
12,175,50
12,267,50
12,294,50
12,312,50
12,234,50
12,106,50
12,233,50
12,347,50
12,205,50
12,204,50
12,219,50
12,405,50
12,254,50
12,169,50
12,221,50
35,443,50
35,87,50
12,197,50
12,230,50
12,355,50
12,295,50
12,259,50
12,235,50
12,302,50
12,309,50
12,393,50
12,440,50
19,83,50
20,673,50
12,374,50
12,373,50
12,364,50
12,217,50
12,114,50
12,199,50
12,247,50
12,325,50
12,324,50
12,438,50
12,155,50
12,135,50
12,139,50
12,227,50
12,289,50
12,297,50
12,314,50
12,133,50
12,377,50
12,186,50
12,414,50
35,200,50
35,141,50
35,256,50
12,366,50
12,354,50
12,431,50
12,430,50
12,427,50
12,432,50
12,316,50
12,126,50
12,345,50
12,100,50
35,368,50
12,388,50
12,141,50
12,132,50
12,125,50
12,212,50
12,307,50
12,276,50
12,147,50
12,168,50
19,294,50
12,361,50
12,352,50
12,327,50
12,105,50
12,80,50
12,362,50
12,256,50
12,299,50
12,298,50
12,94,50
12,323,50
12,108,50
12,90,50
12,120,50
12,177,50
12,282,50
12,138,50
12,322,50
35,369,50
12,92,50
12,375,50
12,329,50
12,336,50
12,109,50
12,277,50
12,188,50
12,211,50
12,107,50
12,424,50
12,242,50
12,229,50
12,170,50
12,404,50
6,1553,50
12,334,50
12,249,50
12,116,50
12,315,50
12,344,50
12,398,50
12,419,50
12,216,50
12,394,50
12,401,50
35,203,50
12,260,50
12,319,50
12,194,50
35,61,50
12,386,50
12,261,50
12,136,50
12,262,50
12,257,50
12,396,50
12,149,50
12,385,50
12,378,50
35,220,50
35,198,50
6,1619,50
12,384,50
35,254,50
35,185,50
12,321,50
12,330,50
12,337,50
12,110,50
35,280,50
35,116,50
35,320,50
12,391,50
12,268,50
12,365,50
12,159,50
12,222,50
12,320,50
35,180,50
35,226,50
35,276,50
35,292,50
35,178,50
35,212,50
35,225,50
12,415,50
12,342,50
12,153,50
19,379,50
14,1913,50
12,271,50
12,369,50
12,368,50
12,112,50
35,351,50
35,172,50
35,187,50
35,259,50
35,235,50
35,252,50
35,228,50
35,296,50
12,148,50
12,408,50
19,80,50
19,291,50
19,219,50
35,231,50
38,151,50
12,190,50
12,220,50
12,313,50
12,161,50
12,79,50
12,101,50
12,284,50
12,333,50
12,182,50
12,317,50
19,230,50
11,1621,50
6,1514,50
38,450,50
6,1586,49
6,1587,49
6,1588,49
6,1589,49
4,18,49
6,1612,49
19,385,49
19,386,49
19,164,49
19,284,49
19,167,49
19,103,49
19,362,49
19,109,49
19,100,49
6,1541,49
19,116,49
35,302,49
35,277,49
35,464,49
35,253,49
35,488,49
3,1528,49
19,371,49
19,185,49
35,486,49
35,472,49
35,416,49
35,132,49
35,92,49
35,261,49
35,321,49
35,268,49
19,228,49
35,326,49
35,262,49
35,257,49
27,1783,49
6,1618,49
12,446,49
12,167,49
19,133,49
19,383,49
12,331,49
12,473,49
6,1615,49
6,1557,49
6,1616,49
6,1617,49
19,186,49
35,258,49
35,365,49
0,4,49
19,429,49
18,33,49
19,172,49
35,164,49
35,167,49
35,160,49
12,326,49
19,405,49
12,372,49
12,129,49
12,127,49
12,280,49
6,1596,49
16,1854,49
19,125,49
19,151,49
35,150,49
35,151,49
35,289,49
12,128,49
6,1594,49
6,1614,49
6,1597,49
6,1598,49
6,1595,49
12,86,49
12,459,49
12,131,49
20,3,49
12,130,49
35,250,49
12,251,49
35,515,49
19,108,49
19,237,49
19,152,49
10,555,49
6,1613,49
35,406,49
35,88,49
35,271,49
35,596,49
35,595,49
19,309,49
19,349,49
6,1592,49
6,1593,49
6,1590,49
19,88,49
19,101,49
19,244,49
19,245,49
19,270,49
19,120,49
37,1923,49
12,115,49
35,260,49
35,135,49
6,1585,49
19,339,49
6,810,49
18,64,48
11,1731,48
18,42,48
19,95,48
19,160,48
19,432,48
19,220,48
0,1980,48
6,1568,48
6,1581,48
4,45,48
19,111,48
35,106,48
35,107,48
19,208,48
21,576,48
18,40,48
18,62,48
18,43,48
18,60,48
19,380,48
19,105,48
19,316,48
19,74,48
19,382,48
19,343,48
19,252,48
12,332,48
6,1603,48
12,411,48
35,186,48
19,280,48
30,6,48
12,98,48
12,143,48
12,435,48
16,869,48
35,297,48
35,67,48
35,86,48
35,306,48
28,535,48
35,142,48
35,288,48
35,358,48
35,1726,48
35,96,48
35,196,48
35,397,48
35,327,48
35,328,48
35,309,48
19,304,48
19,158,48
9,64,48
22,1976,48
16,1864,48
35,136,48
19,312,48
19,240,48
19,234,48
19,338,48
19,190,48
18,36,48
18,51,48
18,52,48
19,194,48
12,1301,48
19,301,48
19,210,48
19,96,48
19,196,48
2,1620,48
20,1606,48
12,74,48
35,279,48
35,89,48
12,152,48
19,330,48
19,411,48
19,313,48
19,146,48
19,155,48
19,189,48
7,441,48
9,65,48
10,534,48
1,942,48
1,535,48
19,375,48
19,395,48
35,183,48
35,144,48
19,207,48
12,462,48
6,6,48
6,9,48
18,55,48
19,352,48
19,314,48
19,391,48
19,408,48
19,183,48
19,319,48
19,384,48
19,277,48
19,223,48
12,207,48
12,470,48
12,471,48
12,264,48
6,171,48
9,535,48
12,156,48
20,1775,48
19,389,48
19,175,48
19,173,48
19,281,48
19,278,48
19,176,48
19,317,48
38,97,48
19,92,48
19,235,48
19,239,48
19,347,48
19,248,48
12,237,48
12,248,48
19,318,48
19,372,48
19,79,48
19,409,48
35,441,48
35,85,48
19,410,48
19,368,48
19,369,48
19,93,48
19,94,48
19,171,48
19,350,48
12,228,48
19,376,48
19,327,48
19,345,48
19,337,48
19,328,48
1,28,48
20,58,48
1,1342,48
19,205,48
6,1629,48
19,75,48
20,1490,48
20,1604,48
20,1605,48
19,132,48
19,289,48
35,305,48
12,121,48
19,255,48
19,204,48
19,142,48
19,295,48
19,141,48
19,364,48
19,114,48
19,135,48
4,1978,48
19,373,48
19,374,48
19,233,48
1,943,48
19,182,48
19,333,48
19,282,48
19,177,48
19,213,48
19,378,48
7,201,48
7,508,48
7,509,48
12,117,48
19,202,48
19,102,48
6,1582,48
6,1572,48
6,1573,48
9,501,48
19,390,48
19,214,48
19,407,48
19,334,48
19,206,48
19,315,48
19,256,48
12,1459,48
19,122,48
19,335,48
19,123,48
19,366,48
19,195,48
19,222,48
20,6,48
4,1879,48
4,1878,48
18,59,48
19,283,48
19,78,48
35,263,48
35,94,48
35,79,48
19,392,48
19,323,48
19,165,48
19,73,48
19,117,48
12,123,48
19,121,48
19,387,48
9,505,48
19,104,48
6,1627,48
12,122,48
18,50,48
18,56,48
1,886,48
18,38,48
18,54,48
18,61,48
19,144,48
18,39,48
18,37,48
19,331,48
7,368,48
7,369,48
19,400,48
6,1540,48
19,396,48
18,53,48
18,66,48
18,49,48
18,58,48
18,47,48
18,41,48
18,57,48
18,48,48
18,46,48
6,1626,48
4,20,48
19,329,47
19,149,47
19,147,47
19,399,47
19,159,47
19,157,47
19,412,47
6,1643,47
6,1527,47
19,306,47
19,370,47
19,215,47
19,154,47
0,1829,47
19,153,47
19,406,47
19,322,47
19,134,47
19,128,47
19,247,47
19,266,47
19,265,47
19,218,47
19,162,47
35,112,47
19,127,47
19,425,47
25,470,47
19,197,47
19,113,47
19,118,47
19,131,47
19,85,47
19,238,47
19,107,47
25,471,47
38,74,47
35,284,47
19,130,47
19,287,47
19,145,47
19,286,47
19,285,47
19,129,47
19,437,47
19,436,47
19,325,47
19,324,47
19,199,47
19,273,47
19,272,47
19,216,47
6,1644,47
19,344,47
19,398,47
19,363,47
35,507,47
19,200,47
19,221,47
19,187,47
19,212,47
19,227,47
19,178,47
19,311,47
19,140,47
19,188,47
19,106,47
19,251,47
19,181,47
19,87,47
12,571,47
12,464,47
19,110,47
19,241,47
19,348,47
19,139,47
19,276,47
19,226,47
19,224,47
35,152,47
35,237,47
19,112,47
16,1888,47
4,24,47
19,326,47
19,426,47
19,433,47
6,1645,47
19,254,47
35,104,47
35,215,47
35,91,47
19,305,47
12,303,47
12,151,47
19,269,47
19,308,47
19,275,47
7,576,47
12,201,47
35,194,47
19,401,47
35,330,47
19,320,47
9,476,47
19,321,47
19,148,47
19,136,47
12,367,47
12,357,47
7,444,47
19,274,47
19,225,47
19,246,47
19,250,47
19,258,47
19,126,47
19,192,47
19,341,47
19,191,47
19,434,47
19,249,47
19,198,47
19,236,47
19,418,47
19,262,47
19,257,47
19,268,47
19,98,47
19,150,47
19,377,47
19,180,47
19,288,47
9,163,47
17,163,47
19,297,47
35,139,47
35,140,47
35,105,47
19,259,47
19,89,47
35,227,47
35,336,47
19,76,47
19,414,47
19,231,47
6,1642,47
6,1556,47
19,169,47
19,179,47
19,340,47
6,1522,47
11,1742,47
10,1346,47
6,1625,46
1,1339,46
18,30,46
19,353,46
19,261,46
19,365,46
19,166,46
19,336,46
19,356,46
35,283,46
35,265,46
35,266,46
19,310,46
35,177,46
35,175,46
35,173,46
35,281,46
35,278,46
35,176,46
35,282,46
7,1939,46
12,545,46
12,539,46
19,229,46
12,425,46
35,444,46
35,353,46
12,412,46
12,413,46
35,375,46
35,158,46
35,290,46
35,239,46
24,32,46
35,275,46
35,295,46
12,189,46
35,359,46
12,97,46
2,29,46
26,472,46
12,546,46
12,416,46
12,286,46
12,287,46
12,285,46
19,424,46
19,303,46
19,292,46
19,211,46
19,307,46
19,393,46
19,388,46
19,361,46
19,416,46
19,260,46
19,163,46
19,267,46
20,1525,46
20,1633,46
20,1559,46
9,76,46
26,537,46
1,1499,46
1,1341,46
1,1531,46
7,115,46
25,464,46
25,445,46
1,1340,46
1,1530,46
37,1863,46
35,1692,46
9,80,46
17,2103,46
19,351,46
19,279,46
19,203,46
9,551,46
6,1664,46
6,1665,46
6,1666,46
6,1667,46
6,1663,46
19,293,46
6,1662,46
18,450,46
1,1239,46
7,526,45
7,534,45
35,311,45
35,1539,45
12,445,45
7,1860,45
35,114,45
35,307,45
19,419,45
19,296,45
19,242,45
19,438,45
0,22,45
19,302,45
2,1654,45
38,134,45
35,216,45
35,470,45
35,471,45
35,395,45
19,404,45
19,298,45
19,299,45
27,1900,45
20,698,45
26,538,45
19,446,45
1,1498,45
16,2188,45
35,181,45
19,445,45
19,358,45
19,423,45
1,35,45
35,153,45
19,263,45
6,1570,45
6,1569,45
6,1552,45
19,170,45
19,168,45
16,924,45
6,1688,45
6,1686,45
6,1690,45
6,1687,45
19,359,45
6,1709,45
6,1710,45
6,1684,45
6,919,45
19,161,45
19,415,45
19,342,45
1,25,45
1,19,45
19,119,45
19,443,45
35,218,45
16,922,45
35,316,44
9,68,44
15,1398,44
35,146,44
19,452,44
35,315,44
6,1583,44
6,1711,44
6,1712,44
19,91,44
6,1738,44
2,1678,44
25,462,44
38,67,44
15,934,44
4,16,44
11,29,44
2,12,44
6,1737,44
2,1680,44
2,1679,44
2,1724,44
2,1677,44
2,1676,44
6,1735,44
6,68,44
9,450,44
9,487,44
6,1584,44
6,1713,44
6,1739,44
37,1944,44
35,453,44
1,43,44
35,462,44
16,923,44
35,171,44
20,1757,44
19,444,44
19,357,44
6,1786,44
16,2212,44
38,189,44
2,1671,44
2,1722,44
2,1721,44
15,1767,44
0,2275,44
6,36,44
6,1558,44
19,138,44
28,551,44
2,1682,44
19,271,44
12,472,44
2,1725,44
6,1705,44
19,264,44
19,156,44
2,33,44
2,1675,44
4,2274,44
2,1681,44
35,43,44
19,367,44
6,1736,44
6,817,44
2,1674,44
2,1694,44
2,1672,44
11,1809,44
2,1673,44
2,1723,44
38,443,43
24,905,43
1,17,43
38,281,43
38,278,43
38,176,43
38,430,43
38,431,43
38,119,43
38,93,43
38,369,43
38,244,43
4,2115,43
38,368,43
38,427,43
38,94,43
38,412,43
35,461,43
35,722,43
38,350,43
38,282,43
38,177,43
38,320,43
38,264,43
38,79,43
38,386,43
38,213,43
38,329,43
38,378,43
38,246,43
38,251,43
38,407,43
38,396,43
38,109,43
38,321,43
38,385,43
38,236,43
19,442,43
38,190,43
38,224,43
38,198,43
38,258,43
38,250,43
38,255,43
38,410,43
38,181,43
6,1364,43
38,341,43
38,192,43
9,97,43
38,435,43
38,143,43
38,340,43
38,310,43
38,434,43
38,167,43
38,87,43
38,191,43
38,318,43
12,451,43
38,404,43
38,269,43
38,433,43
38,426,43
38,88,43
38,101,43
38,415,43
38,409,43
19,439,43
38,270,43
38,342,43
38,413,43
19,143,43
38,175,43
38,173,43
38,112,43
38,225,43
38,231,43
19,402,43
38,245,43
38,174,43
38,165,43
38,127,43
38,128,43
38,218,43
38,283,43
38,85,43
38,286,43
38,457,43
38,129,43
38,414,43
38,120,43
38,206,43
38,324,43
38,325,43
38,436,43
38,437,43
38,346,43
38,108,43
38,214,43
38,130,43
38,138,43
38,122,43
38,163,43
38,123,43
38,237,43
38,152,43
38,131,43
38,265,43
38,266,43
38,202,43
38,287,43
38,78,43
38,145,43
38,232,43
19,464,43
19,472,43
19,461,43
38,73,43
38,121,43
38,118,43
38,193,43
38,113,43
38,195,43
38,102,43
38,304,43
38,261,43
6,1752,43
38,110,43
38,256,43
38,186,43
38,240,43
7,425,43
35,457,43
38,234,43
38,117,43
38,228,43
38,136,43
38,229,43
35,329,43
38,276,43
38,212,43
38,347,43
38,205,43
38,204,43
38,312,43
38,169,43
38,156,43
38,199,43
38,247,43
38,425,43
38,456,43
38,392,43
38,322,43
38,387,43
38,171,43
38,272,43
38,242,43
38,209,43
38,406,43
12,397,43
38,153,43
38,90,43
19,217,43
38,285,43
35,188,43
38,187,43
38,172,43
38,207,43
38,273,43
38,423,43
38,379,43
38,376,43
38,358,43
38,132,43
38,307,43
38,241,43
38,280,43
38,89,43
38,114,43
38,200,43
38,139,43
38,155,43
38,135,43
38,303,43
38,150,43
38,289,43
38,388,43
38,227,43
38,377,43
38,83,43
38,393,43
38,302,43
38,253,43
38,219,43
38,260,43
38,86,43
38,293,43
38,91,43
38,252,43
38,288,43
38,75,43
38,361,43
38,279,43
6,1628,43
38,370,43
16,1243,43
38,140,43
38,351,43
38,215,43
38,124,43
38,267,43
38,364,43
38,363,43
38,306,43
38,296,43
38,141,43
38,180,43
38,185,43
6,1817,43
38,359,43
38,104,43
38,170,43
38,146,43
38,395,43
38,397,43
38,217,43
38,328,43
38,309,43
38,298,43
38,299,43
38,314,43
38,345,43
38,337,43
38,294,43
38,352,43
38,116,43
38,222,43
38,419,43
38,398,43
19,417,43
19,403,43
19,420,43
38,297,43
38,208,43
38,107,43
38,147,43
38,429,43
38,301,43
38,96,43
38,142,43
38,424,43
38,196,43
38,373,43
38,374,43
38,233,43
38,440,43
38,295,43
38,226,43
38,274,43
38,159,43
38,405,43
38,344,43
38,239,43
38,474,43
38,216,43
38,211,43
38,259,43
38,80,43
38,275,43
38,292,43
38,238,43
38,390,43
38,157,43
38,401,43
38,315,43
38,133,43
38,149,43
38,375,43
38,362,43
4,34,43
38,168,43
38,235,43
38,336,43
38,125,43
38,221,43
19,457,43
38,343,43
19,456,43
19,421,43
19,422,43
38,389,43
38,338,43
38,164,43
38,230,43
38,355,43
38,284,43
38,103,43
38,432,43
38,166,43
35,456,43
38,161,43
38,182,43
38,317,43
38,98,43
12,134,43
12,145,43
19,354,43
38,313,43
38,220,43
38,160,43
38,356,43
38,126,43
38,105,43
38,365,43
38,268,43
38,257,43
38,262,43
38,418,43
38,95,43
38,411,43
6,1818,43
6,1819,43
6,1820,43
38,178,43
38,327,43
38,106,43
38,394,43
38,92,43
38,183,43
6,1753,43
6,1754,43
38,223,43
38,308,43
38,383,43
38,158,43
38,446,43
38,391,43
38,408,43
38,188,43
6,1630,43
38,444,43
38,316,43
38,148,43
38,111,43
38,371,43
38,254,43
38,311,43
38,203,43
38,326,43
38,76,43
38,382,43
38,154,43
38,248,43
38,339,43
38,384,43
38,399,43
38,380,43
38,400,43
38,319,43
38,366,43
38,348,43
38,179,43
38,263,43
38,305,43
38,291,43
38,100,43
38,349,43
38,445,43
38,354,43
38,331,43
38,277,43
38,144,43
38,357,43
38,367,43
38,249,43
38,461,43
38,416,43
38,197,43
38,201,43
38,137,43
1,56,42
6,973,42
1,1456,42
35,163,42
35,335,42
7,473,42
1,53,42
38,403,42
12,418,42
35,1765,42
32,767,42
11,2498,42
11,2497,42
38,439,42
38,402,42
20,5,42
35,312,42
35,248,42
35,348,42
1,48,42
20,1844,42
21,84,42
1,1607,42
20,1578,42
9,83,42
1,62,42
38,271,42
9,491,42
35,340,42
35,179,42
35,95,42
19,232,42
35,191,42
35,341,42
35,192,42
1,46,42
35,333,42
3,1845,42
3,1822,42
6,1857,42
6,1837,42
6,1838,42
6,1770,42
6,1839,42
6,1840,42
6,1772,42
1,1529,42
35,1579,42
35,1624,42
35,334,42
6,1787,42
6,1768,42
6,1836,42
6,1856,42
15,1708,42
38,472,42
38,330,42
38,458,42
38,243,42
38,194,42
38,210,42
6,1748,42
6,1749,42
6,1750,42
19,209,42
35,323,42
1,20,42
35,102,42
35,73,42
4,22,42
4,27,42
6,1740,41
38,451,41
34,828,41
38,82,41
1,153,41
24,4,41
38,333,41
27,2193,41
27,2078,41
38,372,41
38,442,41
38,420,41
38,453,41
38,421,41
38,422,41
20,1538,41
20,1537,41
1,65,41
38,335,41
35,145,41
35,130,41
4,15,41
0,2515,41
12,477,41
9,331,41
35,240,41
35,234,41
9,84,41
38,323,41
20,7,41
35,467,41
38,334,41
35,354,41
35,394,41
35,435,41
19,193,41
16,2208,41
16,2121,41
35,134,41
10,571,41
35,246,41
19,174,41
6,1769,41
6,413,41
6,1788,41
6,1771,41
35,206,41
35,247,41
6,1868,41
15,1330,41
15,1571,41
6,1867,41
35,129,41
35,118,41
35,113,41
35,131,41
35,127,41
35,128,41
6,1866,41
9,667,41
6,454,41
6,1734,41
7,300,40
19,332,40
19,355,40
7,189,40
35,214,40
6,2530,40
35,346,40
19,427,40
19,124,40
35,165,40
19,462,40
11,2592,40
11,2591,40
35,286,40
35,285,40
34,115,40
7,416,40
11,2594,40
7,454,40
7,458,40
24,1526,40
35,148,40
12,474,40
10,625,40
4,42,40
12,209,40
9,516,40
11,2593,40
11,2499,40
12,232,40
9,152,40
24,723,40
35,1647,40
35,1648,40
12,443,40
35,1909,40
9,153,40
19,431,40
12,468,40
19,586,40
1,1053,40
35,525,40
35,1649,40
35,1646,40
35,337,40
12,481,40
35,202,40
37,2213,40
37,1943,40
19,201,40
34,895,40
19,430,40
35,287,40
10,491,40
12,353,40
37,2214,40
9,75,40
19,360,40
20,1716,40
20,1785,40
19,97,40
35,213,40
11,1881,40
12,243,40
20,1623,40
10,2614,40
38,417,40
8,2605,40
8,2606,40
9,98,39
35,735,39
11,2634,39
15,833,39
38,300,39
27,2197,39
11,2635,39
27,2196,39
6,1715,39
6,1813,39
6,636,39
6,1835,39
27,2192,39
27,2199,39
19,397,39
27,2198,39
1,1652,39
38,162,39
16,2513,39
18,74,39
35,313,39
35,352,39
24,499,39
35,345,39
1,152,39
22,2656,39
7,530,39
35,378,39
38,332,39
27,2200,39
27,2194,39
27,2195,39
19,300,39
6,1834,39
2,2659,39
1,21,39
1,1670,38
7,532,38
38,488,38
21,72,38
2,2708,38
7,2709,38
25,432,38
19,440,38
1,38,38
19,477,38
1,234,38
11,2686,38
38,531,38
11,2710,38
11,2684,38
14,2711,38
7,468,38
4,450,38
4,38,38
4,61,38
38,290,38
6,1937,38
35,119,38
1,210,38
1,2707,38
4,37,38
4,35,38
4,58,38
19,458,38
34,2677,38
9,109,38
9,166,38
6,1897,38
9,2702,38
38,438,38
2,2703,38
4,52,38
21,1886,38
9,586,38
35,469,38
1,1457,38
6,2690,38
20,2712,38
4,51,38
1,1759,38
23,2713,38
1,2704,38
38,464,38
10,2705,38
38,503,38
38,481,38
38,477,38
7,1696,38
19,243,38
9,241,38
19,486,38
9,452,38
9,255,38
26,360,38
35,293,38
3,2691,38
9,219,38
21,66,38
2,489,38
16,490,38
35,111,38
9,90,38
16,2616,38
1,1669,38
22,2714,38
7,452,38
12,586,38
9,251,38
9,167,38
9,103,38
35,388,38
9,100,38
25,557,38
4,59,38
9,108,38
9,101,38
9,412,38
12,444,38
35,2182,38
9,2715,38
4,465,38
6,12,38
11,2687,38
11,2685,38
4,54,38
11,2688,38
30,2706,38
1,249,37
1,181,37
19,481,37
19,453,37
7,303,37
34,4,37
27,2432,37
2,2747,37
6,1865,37
1,412,37
9,78,37
9,2751,37
15,2740,37
2,2752,37
1,240,37
4,2271,37
4,577,37
7,625,37
6,1685,37
1,438,37
21,493,37
22,2750,37
35,2251,37
6,1773,37
25,779,37
1,338,37
38,467,37
38,360,37
9,185,37
12,493,37
38,441,37
24,1461,37
1,233,37
9,183,37
7,429,37
20,48,37
31,1718,37
38,515,37
22,2748,37
19,441,37
9,107,37
9,172,37
1,34,37
10,81,37
2,1872,37
16,2754,37
9,249,37
9,189,37
22,1480,37
9,125,37
9,2746,37
1,206,37
1,251,37
9,237,37
6,34,37
1,217,37
5,2753,37
9,126,37
1,166,37
1,45,37
22,2867,36
2,2775,36
11,2790,36
11,2789,36
11,2791,36
11,2792,36
11,2793,36
11,2799,36
11,2795,36
1,216,36
10,2832,36
6,2849,36
2,2869,36
22,2870,36
11,2203,36
9,2863,36
11,2800,36
11,2787,36
11,2788,36
22,2881,36
1,50,36
2,2901,36
16,1608,36
29,77,36
2,2829,36
14,0,36
9,601,36
28,63,36
9,737,36
6,22,36
35,1532,36
19,2826,36
37,2900,36
9,1511,36
24,1511,36
2,2874,36
2,1,36
1,2865,36
16,2866,36
17,2892,36
0,2838,36
11,2205,36
35,166,36
16,2560,36
34,506,36
30,2896,36
6,2861,36
0,2837,36
35,241,36
31,2822,36
9,144,36
0,2821,36
35,47,36
35,204,36
35,205,36
0,2839,36
1,1653,36
3,2851,36
10,428,36
10,2858,36
1,49,36
5,2898,36
35,267,36
11,2871,36
20,695,36
9,116,36
22,2852,36
35,2853,36
35,184,36
33,63,36
15,695,36
7,546,36
22,2828,36
6,2847,36
22,2904,36
28,499,36
2,2864,36
15,2893,36
5,63,36
14,601,36
11,2204,36
19,2884,36
26,2882,36
1,2883,36
38,72,36
25,477,36
25,481,36
22,2830,36
3,2831,36
14,2842,36
30,2875,36
1,2876,36
19,23,36
30,535,36
4,2429,36
4,2650,36
29,1990,36
29,1991,36
2,574,36
1,2859,36
1,2860,36
22,2827,36
9,69,36
22,1488,36
0,2843,36
6,2844,36
22,2886,36
21,466,36
35,75,36
35,343,36
35,370,36
9,200,36
15,2899,36
21,77,36
3,2803,36
2,1849,36
20,1702,36
20,1703,36
20,23,36
9,203,36
9,180,36
1,1480,36
20,2805,36
23,2902,36
33,2903,36
7,539,36
15,2846,36
11,2206,36
17,462,36
17,2823,36
1,267,36
9,210,36
1,52,36
1,452,36
25,360,36
38,471,36
38,353,36
9,215,36
12,81,36
1,2854,36
0,2897,36
20,81,36
6,2073,36
20,1660,36
33,2749,36
38,470,36
16,2855,36
30,499,36
1,2856,36
16,535,36
4,2891,36
30,2890,36
30,2889,36
9,2908,36
24,2825,36
22,1,36
22,2,36
23,480,36
17,2907,36
35,63,36
1,2862,36
35,1714,36
9,138,36
28,2841,36
22,601,36
19,767,36
35,208,36
9,93,36
17,2840,36
4,23,36
1,1760,36
0,2878,36
31,63,36
9,523,36
2,1861,36
11,2796,36
11,2794,36
11,2797,36
11,2798,36
16,1695,36
22,1509,36
7,545,36
35,2877,36
1,40,36
19,597,36
12,63,36
6,1799,36
0,2820,36
39,2836,36
34,767,36
0,2905,36
1,36,36
22,833,36
19,2761,36
22,2857,36
16,489,36
8,77,36
6,27,36
11,2801,36
35,2802,36
31,2835,36
16,2880,36
9,1488,36
19,413,36
35,195,36
2,1509,36
2,594,36
9,2888,36
37,492,36
12,1550,36
22,2895,36
0,2906,36
34,428,36
32,523,36
23,2894,36
22,184,36
19,1505,36
11,1977,36
9,492,36
30,2850,36
22,63,36
15,2885,36
1,218,36
27,2272,36
3,2804,36
9,1505,36
38,455,36
18,82,36
18,1940,36
26,2879,36
33,2868,36
11,2202,36
15,2758,36
28,0,36
1,2755,36
7,799,35
11,372,35
11,2929,35
6,2535,35
12,2976,35
19,799,35
32,2930,35
3,1354,35
38,486,35
11,318,35
11,317,35
1,60,35
20,813,35
6,1641,35
9,497,35
16,551,35
9,186,35
16,2617,35
9,110,35
6,2957,35
9,235,35
9,2973,35
1,1560,35
15,2,35
6,2101,35
3,2075,35
30,3,35
6,2102,35
1,1779,35
6,2179,35
3,1910,35
17,173,35
37,2502,35
9,171,35
4,761,35
2,2979,35
9,2961,35
31,2962,35
9,799,35
35,618,35
9,156,35
2,548,35
20,8,35
35,255,35
9,181,35
35,362,35
35,401,35
9,264,35
9,217,35
6,2777,35
28,1534,35
9,800,35
33,1534,35
2,2,35
6,2253,35
22,2977,35
6,2252,35
17,2956,35
26,471,35
26,470,35
9,150,35
9,196,35
9,294,35
9,158,35
9,511,35
16,2963,35
35,308,35
9,2972,35
24,86,35
9,611,35
24,756,35
6,2978,35
9,204,34
9,205,34
9,248,34
9,314,34
9,312,34
9,498,34
35,154,34
20,2105,34
9,276,34
9,133,34
11,1,34
17,475,34
9,230,34
4,2739,34
22,3009,34
26,1567,34
11,319,34
15,0,34
2,1875,34
2,1874,34
11,3018,34
2,1873,34
10,469,34
1,41,34
6,24,34
11,3012,34
11,3019,34
34,1,34
11,3013,34
2,1876,34
11,3017,34
11,3016,34
6,1833,34
22,583,34
11,3014,34
9,376,34
20,1741,34
6,2104,34
9,233,34
9,355,34
26,555,34
16,17,34
4,2607,34
9,384,34
20,2108,34
35,381,34
35,2564,34
20,2109,34
35,2427,34
9,236,34
20,2107,34
22,3046,34
20,1859,34
20,818,34
20,2106,34
20,2074,34
9,425,34
35,1273,34
9,278,34
9,346,34
9,281,34
9,333,34
9,175,34
9,173,34
9,177,34
9,282,34
9,462,34
9,334,34
9,245,34
9,176,34
9,291,34
9,244,34
35,1830,34
9,432,34
20,2110,34
35,314,34
35,2563,34
9,270,34
11,2848,34
9,207,34
9,416,34
9,323,34
9,128,34
35,366,34
38,448,34
38,449,34
9,443,34
9,120,34
17,175,34
19,514,34
19,513,34
2,1911,34
9,335,34
9,131,34
9,127,34
9,129,34
9,265,34
9,266,34
9,130,34
9,113,34
9,283,34
9,174,34
17,178,34
17,723,34
6,1599,34
6,1632,34
6,1631,34
15,2216,34
7,493,34
16,79,34
1,225,34
16,2615,34
1,227,34
4,57,34
10,465,34
4,33,34
22,381,34
19,3047,34
6,14,34
6,3042,34
15,866,33
22,3101,33
17,866,33
1,144,33
4,60,33
4,26,33
4,2824,33
17,160,33
17,205,33
1,231,33
17,194,33
19,493,33
17,169,33
15,3103,33
22,3108,33
4,2741,33
30,3104,33
17,177,33
15,1707,33
15,1689,33
35,2623,33
9,94,33
9,73,33
9,387,33
9,350,33
1,3106,33
9,85,33
0,68,33
9,118,33
6,26,33
1,26,33
9,102,33
17,176,33
17,715,33
17,893,33
17,204,33
2,3107,33
22,4,33
6,1968,33
6,1967,33
9,541,33
6,1966,33
19,480,33
20,13,33
9,88,33
19,84,33
16,2913,33
16,2914,33
9,169,33
9,187,33
9,89,33
9,347,33
9,240,33
9,252,33
9,253,33
2,152,33
30,551,33
11,2273,33
34,2,33
4,41,33
9,627,33
1,3105,33
19,448,33
19,449,33
9,280,33
6,1965,33
34,1544,33
9,254,33
9,234,33
9,221,33
9,289,33
9,361,33
20,1889,33
20,523,33
9,197,33
9,364,33
9,290,33
9,260,33
20,2533,33
9,394,33
9,377,33
9,111,33
9,188,33
9,277,33
9,95,33
9,261,33
9,352,33
9,304,33
9,228,33
6,1921,33
9,92,33
9,212,33
9,308,33
9,198,33
9,146,33
9,190,33
15,1855,33
19,451,33
20,2185,33
9,349,33
17,2181,32
30,12,32
9,284,32
9,160,32
9,305,32
9,220,32
9,316,32
9,191,32
9,192,32
9,269,32
9,368,32
9,271,32
9,143,32
20,12,32
9,119,32
9,79,32
35,810,32
9,369,32
7,353,32
35,2669,32
7,97,32
35,310,32
9,201,32
1,1801,32
6,603,32
35,356,32
1,1758,32
1,1634,32
1,199,32
9,483,32
35,400,32
9,273,32
9,272,32
24,164,32
17,2239,32
35,410,32
35,409,32
15,2622,32
17,2245,32
17,2244,32
16,6,32
6,245,32
17,2246,32
17,2247,32
1,39,32
6,244,32
11,2609,32
17,2242,32
7,413,32
17,2243,32
38,576,32
7,450,32
17,2238,32
17,187,32
6,270,32
17,2240,32
20,2256,32
9,159,32
20,2259,32
15,443,32
20,2260,32
9,354,32
15,836,32
20,10,32
20,2262,32
20,2261,32
9,239,32
9,106,32
9,242,32
6,2184,32
20,1905,32
2,551,32
9,105,32
9,147,32
20,2254,32
20,2255,32
16,3030,32
35,2625,32
9,329,32
9,315,32
9,302,32
20,713,32
6,2183,32
9,229,32
9,338,32
9,87,32
1,55,32
20,1974,32
20,2258,32
20,2257,32
20,2263,32
20,885,32
20,2264,32
29,574,32
35,364,32
9,157,32
9,393,32
9,96,32
9,293,32
12,360,32
9,363,32
9,299,32
15,1892,32
12,527,32
9,211,32
9,296,32
16,3203,32
15,1949,32
9,275,32
9,151,32
9,298,32
19,1622,32
9,104,32
9,311,32
15,1891,32
11,3011,32
9,86,32
1,346,32
1,1805,32
4,3197,32
1,1804,32
11,3015,32
1,1802,32
11,3010,32
1,1806,32
1,1803,32
4,30,32
15,165,32
18,360,32
15,195,32
6,2178,31
35,3395,31
10,851,31
10,871,31
10,872,31
10,853,31
10,875,31
10,874,31
17,355,31
17,2344,31
35,270,31
35,245,31
35,244,31
17,2347,31
17,2346,31
17,2345,31
17,2356,31
17,2355,31
15,2044,31
15,2043,31
15,2042,31
15,273,31
15,1957,31
15,2093,31
15,2154,31
15,2092,31
15,2091,31
17,2362,31
17,2361,31
17,2360,31
17,2359,31
17,2358,31
17,2367,31
17,2366,31
17,2357,31
17,2365,31
17,2364,31
17,2363,31
15,2048,31
15,2047,31
15,2094,31
15,507,31
15,2045,31
15,1956,31
17,2241,31
17,2343,31
17,2342,31
17,2371,31
17,2370,31
17,2369,31
17,2368,31
17,2374,31
17,2373,31
11,3074,31
11,3073,31
11,3072,31
11,3071,31
15,2229,31
17,2378,31
17,2377,31
17,2372,31
17,2375,31
17,2384,31
17,2383,31
17,2381,31
17,2380,31
17,2379,31
7,555,31
38,547,31
15,272,31
15,2068,31
15,2067,31
15,2100,31
17,2391,31
17,2390,31
17,2376,31
17,2389,31
17,2388,31
17,2387,31
17,2386,31
17,2385,31
17,2395,31
17,2394,31
38,527,31
9,379,31
9,343,31
15,1933,31
15,1932,31
15,1953,31
15,2040,31
15,1952,31
17,2071,31
17,2382,31
17,2392,31
17,2393,31
17,2399,31
17,2398,31
17,2397,31
17,2396,31
15,2148,31
15,2037,31
15,2143,31
9,288,31
9,279,31
12,547,31
17,2408,31
17,2407,31
17,2248,31
17,2406,31
17,2405,31
17,1972,31
17,1971,31
17,2404,31
17,2403,31
17,2402,31
15,2032,31
15,2140,31
15,1931,31
15,2039,31
15,2038,31
17,2401,31
17,2413,31
17,2412,31
17,2400,31
17,2411,31
17,2249,31
17,2410,31
17,2419,31
17,2409,31
17,2417,31
17,2416,31
17,2415,31
17,2414,31
37,3125,31
15,1935,31
15,1958,31
15,2050,31
15,2161,31
15,1936,31
17,2423,31
17,2250,31
17,2422,31
17,2421,31
17,2420,31
17,2072,31
15,2041,31
15,2085,31
15,1954,31
12,510,31
24,602,31
9,390,31
9,295,31
9,178,31
9,226,31
9,374,31
9,373,31
17,2341,31
15,202,31
15,2099,31
15,2177,31
7,538,31
17,2340,31
9,300,31
15,1947,31
15,1930,31
15,2031,31
15,1950,31
15,2036,31
15,2035,31
15,1951,31
15,2034,31
17,2339,31
17,2338,31
17,2337,31
17,2336,31
17,2335,31
17,2334,31
17,2333,31
15,1934,31
15,2095,31
15,2053,31
15,2096,31
15,1959,31
15,2052,31
17,2424,31
17,1896,31
17,1895,31
17,2426,31
17,2425,31
30,4,31
17,2418,31
17,2332,31
17,2331,31
15,2138,31
15,1948,31
9,227,31
9,259,31
9,274,31
17,1764,31
17,2180,31
9,145,31
9,247,31
35,1973,31
15,2065,31
15,2064,31
4,3031,31
9,134,31
9,162,31
12,875,31
12,874,31
35,251,31
12,853,31
15,2051,31
15,2165,31
15,2164,31
15,2163,31
15,2162,31
20,1919,31
20,1904,31
15,1816,31
15,1815,31
15,2063,31
15,1963,31
9,206,31
12,873,31
19,346,31
21,595,31
21,596,31
15,2022,31
15,1928,31
15,150,31
15,2021,31
15,470,31
15,1995,31
15,1994,31
6,2126,31
15,893,31
15,1925,31
9,199,31
15,2060,31
15,2059,31
15,1962,31
15,2168,31
15,2058,31
15,1814,31
15,2062,31
15,2013,31
15,2012,31
15,2011,31
15,2029,31
15,2028,31
15,2027,31
15,2025,31
15,2024,31
15,1929,31
15,2023,31
35,371,31
9,256,31
2,789,31
15,2057,31
15,2015,31
15,2030,31
15,1661,31
15,1999,31
15,1998,31
15,471,31
15,2003,31
15,2002,31
15,2001,31
15,300,31
15,192,31
15,191,31
15,817,31
9,225,31
9,164,31
15,2083,31
15,2134,31
15,2017,31
15,2016,31
9,194,31
9,179,31
35,2717,31
12,872,31
12,852,31
9,246,31
35,793,31
15,2173,31
15,2061,31
15,2066,31
15,2176,31
15,2172,31
15,2171,31
9,231,31
9,223,31
15,2020,31
15,2019,31
15,301,31
15,2007,31
15,1946,31
15,1927,31
12,851,31
12,871,31
35,45,31
15,1997,31
15,1996,31
15,208,31
15,179,31
15,2055,31
15,2054,31
15,1964,31
15,162,31
15,2056,31
15,1961,31
15,1960,31
6,418,31
15,2080,31
9,224,31
15,2004,31
15,1926,31
15,2014,31
9,380,31
6,735,31
35,361,31
15,2006,31
15,269,31
15,2010,31
15,2009,31
15,2008,31
17,2354,31
17,2353,31
17,2352,31
17,2351,31
17,2350,31
17,2349,31
17,2348,31
10,852,31
10,873,31
1,29,30
6,2488,30
15,2089,30
15,2082,30
9,222,30
6,2489,30
37,3057,30
17,2473,30
17,2472,30
17,2471,30
37,2763,30
15,2046,30
27,3039,30
32,3453,30
7,32,30
37,2764,30
26,1700,30
11,3452,30
15,2090,30
15,2005,30
15,2081,30
15,595,30
20,2492,30
20,2491,30
15,596,30
17,2474,30
37,3056,30
6,8,30
6,2127,30
15,1955,30
1,37,30
17,2475,30
37,3055,30
2,727,30
3,3455,30
9,389,30
20,82,30
15,1223,30
15,1279,30
15,1945,30
9,337,30
9,345,30
17,2477,30
17,2476,30
27,3035,30
20,3068,30
1,47,30
16,1899,30
25,486,30
15,2139,30
15,2147,30
9,471,30
9,470,30
15,2018,30
24,614,30
35,1912,30
15,2519,30
15,2518,30
17,2478,30
30,5,30
17,2480,30
17,2479,30
37,3054,30
4,3181,30
9,382,30
27,3037,30
27,3036,30
17,2482,30
17,2481,30
9,182,30
9,313,30
9,407,30
9,340,30
20,1717,30
20,2493,30
15,2554,30
35,2624,30
9,319,30
4,1975,30
11,2655,30
9,431,30
9,430,30
9,427,30
15,2142,30
9,398,30
9,362,30
35,2770,30
35,2924,30
9,348,30
9,137,30
27,3034,30
37,2762,30
17,2486,30
17,2485,30
9,82,30
9,307,30
27,3038,30
17,2484,30
9,353,30
17,2483,30
28,6,30
20,2626,30
20,2490,30
20,1828,30
20,325,30
20,324,30
20,322,30
20,1942,30
9,149,30
9,341,30
9,263,30
11,2654,30
22,3570,30
22,3569,30
22,3568,30
22,3571,30
0,1215,30
22,3572,30
16,3542,30
16,3543,30
9,413,30
9,209,30
35,527,30
35,155,30
15,2529,30
20,2675,30
15,1908,30
9,356,30
9,112,30
9,317,30
4,3182,30
9,372,30
15,2141,30
9,318,30
9,392,30
22,3573,30
37,3053,30
9,193,30
19,478,30
9,3422,30
7,412,30
15,2084,30
15,2145,30
15,2556,30
2,599,30
35,2670,30
35,2769,30
9,386,30
9,385,30
35,110,30
9,310,30
27,3040,30
3,807,30
24,845,30
22,3574,30
21,71,30
11,2653,30
11,2652,30
18,69,30
11,2971,30
17,3060,29
9,436,29
10,503,29
9,437,29
1,2265,29
15,2130,29
15,1354,29
17,3615,29
17,2532,29
15,2232,29
15,2316,29
15,2300,29
17,3616,29
17,2531,29
7,455,29
15,719,29
15,2049,29
15,2149,29
26,477,29
9,339,29
15,2152,29
15,2153,29
15,2087,29
15,2098,29
24,1906,29
9,218,29
15,2135,29
15,2136,29
15,2150,29
15,2226,29
15,2227,29
26,481,29
7,779,29
9,351,29
9,170,29
9,371,29
15,2086,29
24,715,29
15,2292,29
15,2317,29
15,2318,29
19,479,29
11,3700,29
9,121,29
1,1800,29
9,332,29
9,250,29
9,399,29
15,2219,29
15,2443,29
35,2925,29
15,158,29
15,2295,29
9,453,29
35,249,29
9,117,29
15,214,29
9,122,29
9,123,29
9,426,29
9,161,29
15,2146,29
35,2772,29
35,219,29
9,566,29
9,258,29
15,2097,29
9,434,29
17,3611,29
9,367,29
9,357,29
9,168,29
9,297,29
4,3383,29
15,2026,29
9,433,29
15,2235,29
15,2231,29
15,2160,29
17,3609,29
37,548,29
9,142,29
17,3610,29
9,216,29
9,268,29
9,303,29
15,2225,29
9,155,29
15,213,29
17,3607,29
17,3608,29
4,1668,29
9,238,29
9,267,29
27,2966,29
35,2771,29
9,257,29
9,262,29
9,429,29
9,135,29
17,3620,29
9,309,29
9,301,29
35,743,29
35,2922,29
6,15,29
6,16,29
11,2701,29
17,3613,29
4,64,28
4,117,28
35,210,28
17,3798,28
17,3799,28
17,3800,28
17,3801,28
17,3790,28
15,2033,28
2,2612,28
3,3008,28
15,2228,28
15,2297,28
17,3792,28
17,3793,28
17,3794,28
17,3795,28
17,3796,28
17,3869,28
37,3124,28
37,3726,28
17,3870,28
27,3188,28
9,132,28
9,388,28
9,114,28
35,2921,28
15,285,28
15,286,28
17,3789,28
17,3769,28
19,1733,28
17,3778,28
17,3779,28
17,3731,28
17,3732,28
17,3733,28
17,3734,28
17,3735,28
17,3736,28
17,3737,28
17,3738,28
17,3739,28
17,3740,28
17,3863,28
17,3864,28
17,3865,28
17,3866,28
17,3867,28
17,456,28
17,3730,28
17,1774,28
17,1858,28
3,2628,28
3,2567,28
18,97,28
15,1832,28
15,2137,28
15,2224,28
17,3861,28
26,488,28
15,2158,28
27,3187,28
19,649,28
2,2269,28
17,3862,28
9,472,28
35,2570,28
15,2220,28
15,2221,28
17,3741,28
17,3742,28
17,3743,28
17,3744,28
17,3746,28
17,3747,28
17,3621,28
17,3871,28
17,457,28
15,2215,28
15,2319,28
28,670,28
15,2460,28
26,3946,28
17,3860,28
15,2308,28
15,2309,28
16,1808,28
0,3966,28
24,1704,28
15,2325,28
15,287,28
15,2326,28
15,2236,28
9,326,28
9,292,28
26,486,28
17,1969,28
17,3850,28
15,2279,28
16,1781,28
35,804,28
9,148,28
15,2175,28
17,3748,28
17,3745,28
17,3619,28
17,3859,28
9,243,28
9,445,28
17,3868,28
4,3643,28
35,576,28
15,2461,28
9,202,28
35,2923,28
25,472,28
17,3848,28
17,3849,28
17,3617,28
15,2155,28
15,2454,28
15,2303,28
17,3855,28
17,3856,28
17,3857,28
17,3858,28
17,1893,28
17,1894,28
17,3618,28
3,2534,28
4,862,28
20,2566,28
22,3980,28
15,2286,28
17,3851,28
17,3852,28
17,3853,28
17,3854,28
17,3847,28
9,232,28
17,3729,28
15,2322,28
15,2323,28
15,2464,28
9,165,28
9,521,28
17,1970,28
8,3938,28
9,91,28
15,2452,28
15,2290,28
6,1747,28
15,2291,28
15,2311,28
15,2312,28
15,2450,28
6,137,28
9,670,28
6,2330,28
19,2270,28
3,2676,28
6,2069,28
15,2329,28
20,11,28
15,2233,28
15,2234,28
17,3833,28
17,3844,28
17,3845,28
17,3846,28
17,3839,28
17,3840,28
17,3841,28
17,3842,28
1,54,28
9,580,28
2,535,28
17,3754,28
17,3755,28
17,3757,28
9,370,28
17,3843,28
17,3832,28
17,3834,28
17,3835,28
17,3836,28
17,3837,28
17,3838,28
17,3749,28
17,3750,28
17,3612,28
10,531,28
4,43,28
15,2327,28
15,2328,28
15,2144,28
15,2131,28
15,1831,28
20,9,28
24,1920,28
2,827,28
17,3751,28
17,3752,28
16,1807,28
15,2296,28
3,2569,28
28,712,28
19,507,28
17,3753,28
17,3829,28
17,3830,28
17,3831,28
17,3821,28
17,3822,28
17,3823,28
17,3824,28
24,706,28
12,1992,28
15,2237,28
15,2468,28
15,2469,28
1,42,28
15,2324,28
15,2320,28
15,2463,28
17,3812,28
2,2114,28
15,2132,28
9,527,28
17,3825,28
17,3826,28
17,3827,28
17,3813,28
17,3814,28
17,3815,28
17,3123,28
15,2298,28
15,2088,28
17,3758,28
17,3759,28
17,3828,28
15,2301,28
15,2302,28
17,3802,28
9,529,28
17,3122,28
17,3816,28
17,3817,28
17,3818,28
17,3819,28
17,3820,28
17,3614,28
17,3807,28
17,3808,28
17,3809,28
17,3810,28
17,3811,28
4,469,28
9,136,28
15,2217,28
15,2218,28
15,2133,28
15,2285,28
17,3760,28
17,3761,28
17,3762,28
17,3763,28
17,3764,28
17,3765,28
17,3766,28
17,3767,28
17,3768,28
15,2304,28
17,3771,28
17,3781,28
17,3782,28
17,3783,28
17,3791,28
15,2230,28
15,2151,28
15,2667,28
17,3803,28
17,3804,28
17,3805,28
17,3806,28
17,3797,28
17,3775,28
17,3776,28
4,53,28
4,48,28
4,39,28
16,1782,28
4,3964,28
11,3883,28
15,2305,28
15,2306,28
24,1812,28
3,2568,28
6,439,28
4,452,28
4,47,28
4,65,28
4,62,28
11,2970,28
15,2442,28
17,3780,28
1,57,28
11,2743,28
17,3784,28
17,3785,28
17,3786,28
17,3787,28
17,3788,28
17,3777,28
17,3770,28
18,576,28
17,3774,28
17,3773,28
17,3772,28
17,3756,28
4,46,28
17,3992,27
4,121,27
4,123,27
4,250,27
6,442,27
17,3995,27
18,137,27
22,7,27
15,2321,27
15,2462,27
0,674,27
2,659,27
20,16,27
12,691,27
20,2627,27
20,2123,27
12,84,27
15,2459,27
15,2458,27
20,2209,27
20,2122,27
20,188,27
17,3998,27
17,3999,27
17,4001,27
17,3994,27
17,3993,27
0,381,27
20,2124,27
15,2456,27
15,2455,27
15,2315,27
15,2166,27
15,2457,27
15,2310,27
7,453,27
32,2662,27
35,389,27
17,3997,27
17,3996,27
37,3605,27
17,3419,27
15,2527,27
24,1746,27
15,2453,27
2,237,27
9,405,27
15,2553,27
15,2552,27
15,2294,27
8,870,27
9,154,27
9,358,27
16,3718,27
9,140,27
9,722,27
17,4000,27
17,4002,27
17,3420,27
15,2526,27
9,328,27
4,3939,27
35,76,27
12,495,27
9,397,27
15,2551,27
15,2550,27
15,2289,27
9,139,27
9,327,27
15,1424,27
15,1492,27
17,4003,27
9,306,27
9,141,27
9,336,27
15,2525,27
16,3717,27
15,2451,27
15,2449,27
15,2448,27
15,2288,27
15,2446,27
15,2524,27
15,2223,27
15,2445,27
15,2222,27
6,3209,27
9,419,27
9,396,27
15,2444,27
35,230,27
35,269,27
17,4005,27
17,2990,27
17,4004,27
37,3604,27
35,294,27
17,1,27
6,2719,27
6,2718,27
6,1743,27
35,233,27
15,2129,27
15,2521,27
15,2284,27
35,3003,27
9,395,27
9,401,27
9,324,27
9,195,27
37,3603,27
15,2562,27
9,404,27
9,320,27
9,321,27
35,2671,27
35,374,27
35,373,27
9,208,27
9,330,27
15,2438,27
15,2283,27
15,2282,27
9,325,27
15,2281,27
9,383,27
6,3210,27
15,2441,27
15,2440,27
15,2439,27
9,410,27
15,2278,27
15,1701,27
35,217,27
15,2280,27
9,213,27
0,1,27
35,425,27
35,392,27
35,273,27
35,272,27
9,322,27
9,409,27
6,291,27
9,214,27
9,342,27
35,407,27
35,412,27
4,122,27
17,4085,26
17,4084,26
4,224,26
1,2681,26
1,2680,26
17,4083,26
9,4235,26
4,4242,26
17,4098,26
17,4101,26
14,4236,26
17,4091,26
17,4090,26
17,4089,26
17,4088,26
17,4097,26
4,258,26
1,2679,26
1,2536,26
4,32,26
4,197,26
4,257,26
4,268,26
35,318,26
17,4241,26
9,922,26
1,2537,26
1,2540,26
4,229,26
1,66,26
1,72,26
4,226,26
1,2629,26
1,2678,26
1,2494,26
2,172,26
1,2496,26
22,4237,26
4,3544,26
37,717,26
2,814,26
16,1780,26
2,4266,26
35,383,26
1,2266,26
1,2187,26
20,14,26
20,2674,26
20,2673,26
2,219,26
20,2428,26
1,61,26
17,4104,26
17,4087,26
17,4096,26
17,4095,26
17,4094,26
17,4093,26
17,4078,26
17,4079,26
24,1862,26
35,325,26
35,324,26
18,469,26
17,4099,26
19,1744,26
1,551,26
27,3553,26
27,3554,26
27,3555,26
27,3557,26
27,3556,26
27,3552,26
16,2117,26
0,4203,26
7,443,26
27,3558,26
27,3559,26
27,3560,26
38,460,26
27,3562,26
27,3561,26
17,4100,26
17,4103,26
17,4102,26
27,3564,26
27,3563,26
27,3565,26
27,3566,26
22,4122,26
27,3567,26
9,542,26
35,168,26
16,2077,26
1,2539,26
0,48,26
4,297,26
35,372,26
12,479,26
9,359,26
15,222,26
17,2559,26
17,2558,26
17,4106,26
17,4105,26
30,16,26
37,4073,26
17,2557,26
15,2000,26
17,2621,26
35,322,26
35,78,26
35,376,26
38,479,26
17,4075,26
1,3024,26
17,4110,26
17,4109,26
17,4006,26
17,4107,26
9,344,26
9,375,26
35,137,26
17,4108,26
17,4077,26
17,4076,26
9,536,26
35,3061,26
12,537,26
17,973,26
12,515,26
9,366,26
9,444,26
35,319,26
35,317,26
17,4082,26
17,4081,26
17,4080,26
17,4092,26
11,2969,26
17,4086,26
1,2495,26
4,262,26
6,2672,26
6,18,26
6,21,26
4,198,26
16,2116,25
1,32,25
35,386,25
35,385,25
35,161,25
6,11,25
18,423,25
18,411,25
4,137,25
6,211,25
6,2267,25
21,571,25
9,869,25
9,924,25
6,2665,25
11,3387,25
4,3947,25
18,442,25
15,2765,25
35,3130,25
9,400,25
15,2520,25
1,310,25
4,55,25
38,507,25
12,1698,25
1,44,25
10,614,25
15,2917,25
35,3213,25
15,3002,25
15,3001,25
15,3000,25
2,617,25
24,1375,25
4,4198,25
4,4197,25
4,4195,25
4,4194,25
18,200,25
2,642,25
2,166,25
24,1462,25
15,2167,25
15,2170,25
15,2169,25
15,2555,25
15,2999,25
15,2998,25
2,405,25
19,488,25
11,18,25
4,4202,25
15,2447,25
15,2287,25
15,2522,25
15,3058,25
4,4199,25
16,4303,25
6,761,25
15,2314,25
15,2313,25
20,2276,25
20,1902,25
17,4272,25
15,2996,25
15,2995,25
15,2994,25
15,2997,25
15,2523,25
15,2620,25
15,2157,25
15,2156,25
15,2159,25
2,230,25
1,2268,25
9,378,25
15,1466,25
15,1224,25
15,2307,25
12,454,25
15,2619,25
15,2299,25
35,291,25
19,454,25
2,246,25
4,4308,25
15,2528,25
15,2128,25
35,170,25
15,3212,25
1,241,25
2,247,25
18,264,25
4,4192,25
15,2618,25
15,2992,25
24,917,25
12,722,25
9,528,25
9,423,25
4,4196,25
4,3537,25
4,4191,25
15,486,25
35,377,25
6,2716,25
30,7,25
15,807,25
35,396,25
4,4201,25
4,4200,25
4,4193,25
22,4430,24
22,4431,24
22,10,24
6,461,24
1,2587,24
18,129,24
35,349,24
18,283,24
11,4534,24
18,96,24
18,393,24
18,259,24
18,376,24
18,253,24
0,4344,24
22,4428,24
30,712,24
11,3579,24
18,379,24
18,215,24
1,2584,24
35,382,24
4,4301,24
4,4300,24
18,383,24
18,401,24
18,240,24
18,375,24
18,488,24
18,461,24
18,304,24
18,241,24
18,353,24
18,367,24
11,3580,24
18,248,24
18,73,24
18,294,24
18,390,24
18,119,24
18,378,24
18,213,24
1,2721,24
18,324,24
18,323,24
18,90,24
18,406,24
18,206,24
18,392,24
18,387,24
1,2586,24
1,2585,24
18,209,24
18,229,24
18,168,24
18,170,24
9,481,24
19,459,24
18,232,24
18,286,24
18,285,24
18,350,24
1,2573,24
1,2572,24
18,335,24
18,121,24
18,117,24
18,130,24
18,79,24
18,410,24
18,409,24
18,199,24
18,101,24
18,443,24
18,251,24
18,171,24
1,2588,24
24,1551,24
28,714,24
4,2590,24
4,4299,24
4,4298,24
4,4297,24
9,475,24
18,135,24
18,260,24
18,235,24
18,156,24
18,420,24
18,403,24
1,2778,24
1,382,24
4,4208,24
1,4543,24
26,530,24
12,467,24
18,310,24
18,415,24
15,1635,24
18,175,24
4,4207,24
4,4206,24
4,4205,24
1,89,24
18,295,24
18,361,24
18,246,24
16,2,24
22,492,24
1,2571,24
8,4409,24
18,398,24
18,299,24
18,307,24
18,228,24
18,212,24
14,4434,24
18,139,24
18,211,24
18,217,24
12,478,24
9,72,24
9,66,24
26,4415,24
35,426,24
18,128,24
18,127,24
1,2575,24
9,714,24
9,4339,24
22,4427,24
25,474,24
18,237,24
18,131,24
18,123,24
18,195,24
18,174,24
18,163,24
18,85,24
18,122,24
18,113,24
18,118,24
18,275,24
18,327,24
18,301,24
18,441,24
18,218,24
18,405,24
18,108,24
20,4377,24
27,18,24
4,4439,24
27,9,24
18,364,24
18,388,24
18,150,24
18,207,24
18,210,24
1,2599,24
18,102,24
18,120,24
18,265,24
35,434,24
16,1880,24
27,38,24
27,3953,24
1,2872,24
20,1941,24
20,4378,24
1,2638,24
0,1979,24
9,733,24
18,138,24
0,5,24
19,505,24
35,3623,24
18,214,24
18,425,24
18,247,24
18,456,24
18,105,24
18,298,24
18,270,24
18,245,24
18,271,24
18,333,24
18,93,24
18,244,24
18,334,24
18,407,24
18,372,24
18,318,24
18,177,24
18,282,24
18,462,24
27,15,24
0,27,24
35,1608,24
26,4416,24
18,153,24
18,412,24
18,273,24
18,272,24
18,422,24
34,1824,24
20,238,24
6,72,24
18,187,24
18,303,24
18,296,24
18,267,24
18,419,24
11,3,24
18,94,24
18,193,24
18,266,24
17,483,24
6,475,24
19,537,24
18,287,24
18,202,24
1,2873,24
3,549,24
11,3586,24
18,114,24
18,226,24
18,397,24
18,292,24
18,278,24
18,281,24
18,173,24
9,629,24
9,636,24
22,747,24
29,3202,24
34,4555,24
20,25,24
18,329,24
18,188,24
18,234,24
18,363,24
18,336,24
20,1215,24
20,31,24
18,414,24
18,342,24
18,145,24
18,107,24
18,424,24
2,2887,24
18,242,24
35,3429,24
18,359,24
18,196,24
18,125,24
18,178,24
18,142,24
18,317,24
18,182,24
18,176,24
15,2174,24
1,2785,24
1,2583,24
1,2582,24
18,89,24
4,4210,24
4,4209,24
4,4211,24
4,4212,24
4,4213,24
4,4214,24
0,184,24
38,469,24
18,141,24
18,369,24
18,368,24
18,373,24
11,4559,24
0,3599,24
18,421,24
18,322,24
18,78,24
18,75,24
18,370,24
18,288,24
18,371,24
18,169,24
19,2512,24
35,433,24
1,2589,24
9,4340,24
22,67,24
33,4549,24
33,4548,24
12,2909,24
30,4539,24
18,430,24
18,180,24
18,256,24
1,4547,24
18,309,24
18,328,24
2,656,24
11,3584,24
18,302,24
18,106,24
18,233,24
18,374,24
18,239,24
18,205,24
18,204,24
18,158,24
18,332,24
18,98,24
18,161,24
11,3583,24
1,2576,24
18,181,24
18,431,24
16,2191,24
0,4450,24
0,4449,24
0,4448,24
0,4451,24
18,126,24
18,103,24
18,338,24
18,198,24
6,456,24
30,4540,24
6,457,24
6,39,24
6,53,24
18,427,24
18,269,24
18,417,24
18,112,24
18,356,24
18,439,24
18,83,24
1,2538,24
6,450,24
6,49,24
7,474,24
2,4445,24
2,4444,24
1,2581,24
4,67,24
38,454,24
18,330,24
18,111,24
18,284,24
18,389,24
18,250,24
18,258,24
18,88,24
18,263,24
16,35,24
4,4,24
18,132,24
35,3214,24
9,441,24
15,3425,24
9,477,24
9,464,24
22,4424,24
22,4425,24
22,4426,24
35,2201,24
18,152,24
18,325,24
11,3581,24
18,91,24
18,252,24
18,343,24
18,382,24
18,76,24
18,86,24
1,2579,24
18,236,24
18,166,24
18,249,24
18,192,24
18,341,24
18,191,24
18,143,24
18,402,24
18,366,24
11,3582,24
18,365,24
18,167,24
18,164,24
18,319,24
18,399,24
18,384,24
18,380,24
18,144,24
18,297,24
18,220,24
1,2580,24
18,293,24
18,154,24
18,279,24
18,104,24
1,2783,24
1,2782,24
18,159,24
18,157,24
18,231,24
18,225,24
18,481,24
18,477,24
18,308,24
18,355,24
18,87,24
18,160,24
18,224,24
18,190,24
18,394,24
18,230,24
18,418,24
18,262,24
18,257,24
18,268,24
18,340,24
18,316,24
18,146,24
18,208,24
18,354,24
18,314,24
18,339,24
18,133,24
18,219,24
18,312,24
18,404,24
18,109,24
18,227,24
18,289,24
18,172,24
18,238,24
18,274,24
18,165,24
1,31,24
2,4556,24
10,683,24
28,4557,24
28,4558,24
18,189,24
18,321,24
18,255,24
18,179,24
18,95,24
18,408,24
18,391,24
18,155,24
18,429,24
18,347,24
18,400,24
18,305,24
6,57,24
11,3585,24
9,613,24
9,635,24
0,483,24
18,276,24
18,186,24
18,221,24
18,151,24
18,92,24
18,67,24
18,254,24
18,326,24
18,351,24
18,306,24
18,311,24
18,185,24
18,203,24
18,313,24
18,349,24
18,458,24
18,277,24
18,331,24
18,100,24
18,352,24
18,222,24
18,315,24
18,80,24
18,149,24
6,46,24
6,48,24
22,4550,24
6,50,24
18,396,24
18,416,24
18,197,24
1,2578,24
18,110,24
18,183,24
18,362,24
18,223,24
6,840,24
22,4429,24
18,201,24
18,320,24
18,136,24
18,147,24
18,446,24
18,337,24
18,345,24
18,464,24
18,348,24
18,116,24
18,457,24
18,162,24
18,134,24
9,691,24
18,124,24
18,140,24
18,357,24
18,243,24
18,280,24
18,344,24
0,4446,24
11,3575,24
11,3576,24
18,261,24
11,3578,24
11,3577,24
18,377,24
18,216,24
6,54,24
6,38,24
19,467,23
35,2664,23
15,193,23
6,4757,23
1,2938,23
1,2939,23
1,2940,23
1,2694,23
15,3386,23
1,2937,23
26,63,23
35,3427,23
24,1537,23
6,629,23
6,745,23
7,464,23
12,460,23
17,4567,23
1,2640,23
7,4765,23
1,2596,23
2,2958,23
18,385,23
1,205,23
8,4756,23
1,2941,23
1,2695,23
1,2641,23
1,2942,23
1,2696,23
1,2643,23
24,4786,23
6,2920,23
19,501,23
1,2807,23
1,2943,23
20,3207,23
34,1887,23
19,455,23
6,2919,23
7,749,23
1,2644,23
1,3078,23
17,4569,23
17,3127,23
1,3079,23
9,391,23
9,408,23
18,386,23
18,453,23
18,435,23
1,2947,23
1,2642,23
17,4568,23
6,331,23
1,158,23
1,399,23
1,2597,23
24,1660,23
1,2723,23
1,2944,23
1,2945,23
17,4570,23
1,3081,23
1,3082,23
1,2948,23
1,2697,23
1,3080,23
1,2946,23
1,2698,23
1,2809,23
1,2949,23
34,4124,23
1,2934,23
1,2935,23
1,2936,23
1,2639,23
12,2980,23
35,3874,23
18,507,23
1,2927,23
6,264,23
1,2645,23
1,3025,23
1,3026,23
1,2632,23
1,2633,23
1,2631,23
1,2931,23
19,523,23
1,2577,23
18,291,23
11,4728,23
1,2649,23
1,2500,23
9,442,23
9,439,23
9,402,23
1,2950,23
1,2637,23
1,2933,23
9,923,23
18,432,23
35,3541,23
6,1691,23
9,403,23
9,422,23
9,421,23
1,2595,23
1,3021,23
35,3539,23
1,2646,23
1,3084,23
1,3085,23
6,3418,23
9,417,23
9,420,23
0,4563,23
18,445,23
18,194,23
18,472,23
18,486,23
1,2682,23
35,3646,23
35,3647,23
35,3648,23
35,3540,23
35,2076,23
35,3944,23
35,3645,23
1,2736,23
1,2598,23
2,2660,23
1,3086,23
1,3087,23
1,2951,23
6,1580,23
1,2781,23
1,394,23
18,444,23
18,84,23
9,287,23
6,3432,23
18,358,23
1,2683,23
18,470,23
18,471,23
1,2699,23
1,3027,23
1,3088,23
9,285,23
2,2959,23
1,3089,23
1,2737,23
1,2600,23
1,2601,23
20,2912,23
1,2928,23
1,2636,23
1,2932,23
1,2692,23
1,2693,23
9,612,23
35,1774,23
35,3538,23
1,2648,23
18,440,23
6,2918,23
1,2784,23
2,3201,23
10,515,23
1,2810,23
1,3028,23
11,4727,23
1,2630,23
9,286,23
1,3029,23
1,2602,23
1,2953,23
18,438,23
4,190,23
1,3070,23
1,167,23
1,2603,23
1,2954,23
1,3164,23
1,2647,23
12,488,23
4,4410,23
32,1696,23
9,467,23
9,571,23
1,255,23
1,2574,23
1,2926,23
6,32,23
27,3952,23
6,391,23
9,424,23
1,204,23
11,3955,23
1,248,23
4,4412,23
6,3007,22
2,3467,22
6,485,22
1,76,22
11,3954,22
2,3298,22
2,3297,22
2,3465,22
1,781,22
9,619,22
6,3625,22
2,3247,22
2,3248,22
2,3242,22
2,3243,22
2,2604,22
2,3464,22
2,3244,22
2,3245,22
35,399,22
6,3006,22
2,3521,22
2,3343,22
2,3344,22
2,3516,22
16,4338,22
19,469,22
2,3469,22
1,427,22
2,3324,22
2,3325,22
2,3499,22
2,3500,22
2,3501,22
2,3502,22
2,3497,22
18,463,22
11,15,22
2,151,22
2,3255,22
2,3473,22
2,3468,22
2,3536,22
9,4918,22
35,3940,22
35,3941,22
35,3942,22
2,3254,22
2,3638,22
10,634,22
18,300,22
1,332,22
2,167,22
4,56,22
22,4893,22
2,3365,22
9,660,22
19,527,22
2,3257,22
2,3258,22
2,3474,22
2,3505,22
2,3174,22
35,1631,22
35,1632,22
35,1599,22
15,3424,22
2,3639,22
2,3283,22
2,3320,22
2,3321,22
2,3527,22
2,3528,22
22,4894,22
2,3472,22
2,3251,22
2,3252,22
20,2546,22
2,3318,22
2,3319,22
27,4419,22
2,3313,22
2,3314,22
2,3315,22
2,3316,22
2,3317,22
2,3310,22
2,3977,22
2,3166,22
2,3256,22
2,3312,22
35,4007,22
9,415,22
34,1918,22
2,3475,22
2,3265,22
0,4922,22
12,450,22
7,3644,22
2,3281,22
2,3171,22
2,3282,22
2,3326,22
2,3327,22
2,3328,22
35,3622,22
2,1300,22
24,2548,22
2,3276,22
2,3277,22
2,3329,22
2,3330,22
37,4334,22
11,3959,22
6,3449,22
11,3958,22
11,3957,22
1,465,22
2,3311,22
2,3173,22
2,3494,22
2,3095,22
22,511,22
2,3377,22
2,3533,22
2,3534,22
2,3378,22
11,4936,22
24,1215,22
2,3253,22
2,3470,22
2,3471,22
35,4049,22
2,3372,22
2,3532,22
2,3373,22
2,3167,22
2,3264,22
2,3284,22
2,3479,22
2,3480,22
15,2467,22
2,3366,22
2,3531,22
2,3367,22
2,3368,22
2,3369,22
2,3370,22
2,3371,22
9,515,22
15,2465,22
15,2470,22
12,71,22
15,2466,22
2,3360,22
2,3529,22
2,3530,22
2,3180,22
15,3423,22
2,3262,22
2,3263,22
2,3269,22
2,3481,22
20,2984,22
15,1907,22
9,411,22
9,507,22
2,3259,22
2,3260,22
2,3261,22
2,3172,22
2,3309,22
2,3304,22
2,3305,22
2,3306,22
2,3307,22
2,3492,22
2,3641,22
27,4224,22
2,3493,22
2,3495,22
2,3935,22
2,3496,22
2,3490,22
2,3358,22
2,3359,22
2,3381,22
11,4933,22
6,37,22
27,4225,22
6,52,22
11,3956,22
9,488,22
18,71,22
11,3960,22
2,3354,22
22,781,22
2,3361,22
2,3362,22
2,3522,22
2,3352,22
20,2982,22
2,3466,22
1,207,22
11,4230,22
1,111,22
37,1560,22
2,3523,22
2,3524,22
2,3525,22
2,3267,22
2,3268,22
4,29,22
15,2768,22
2,3266,22
2,3379,22
2,3535,22
2,3380,22
2,3503,22
2,3504,22
15,1732,22
2,3357,22
2,3348,22
2,3353,22
12,3109,22
9,414,22
2,3491,22
2,3303,22
2,3279,22
2,3280,22
27,4223,22
35,3873,22
9,115,22
2,3246,22
2,3507,22
2,3337,22
3,4125,22
17,4924,22
10,1442,22
27,4420,22
17,4807,22
17,4808,22
2,3335,22
2,3506,22
2,3175,22
2,3176,22
2,3336,22
1,3041,22
2,3338,22
2,3508,22
2,3300,22
2,3301,22
1,230,22
2,3308,22
2,3489,22
2,3299,22
2,3285,22
2,3483,22
2,3286,22
2,3484,22
1,328,22
9,440,22
1,58,22
2,3356,22
2,3526,22
30,33,22
2,3292,22
2,3293,22
2,3342,22
2,3178,22
2,3331,22
2,3934,22
2,3278,22
2,3519,22
2,3349,22
2,3520,22
2,3350,22
11,4895,22
2,3355,22
1,59,22
2,3640,22
2,4047,22
2,3169,22
9,771,22
2,3272,22
2,3273,22
2,3477,22
1,2610,22
17,4806,22
9,474,22
35,3875,22
35,3876,22
35,3877,22
35,4008,22
18,503,22
29,781,22
34,781,22
2,3291,22
2,3339,22
2,3340,22
19,435,22
19,72,22
11,3961,22
11,3962,22
2,3274,22
2,3482,22
2,3478,22
2,3270,22
2,3271,22
2,3476,22
2,3332,22
6,3004,22
2,3168,22
2,3275,22
2,3517,22
2,3518,22
2,3341,22
2,3345,22
2,3346,22
2,3513,22
2,3514,22
2,3515,22
2,3347,22
2,3333,22
2,3334,22
2,3509,22
2,3510,22
2,3511,22
2,3177,22
6,723,22
2,3294,22
2,3295,22
2,3296,22
2,3302,22
2,3290,22
4,4937,22
11,4053,22
6,33,22
2,781,22
2,4935,22
2,3382,22
2,3374,22
25,546,22
25,539,22
25,545,22
7,840,22
21,1273,22
2,3287,22
2,3288,22
2,3512,22
2,3936,22
38,526,22
38,534,22
34,3,22
2,3351,22
2,3179,22
6,3005,22
2,3375,22
2,3376,22
4,4411,22
6,17,22
6,56,22
2,3249,22
2,3250,22
2,3322,22
2,2960,22
2,3323,22
2,3498,22
16,59,22
2,3363,22
2,3364,22
25,450,22
2,3289,22
1,293,22
2,3485,22
2,3486,22
2,3094,22
2,3487,22
21,1611,21
16,2541,21
35,476,21
34,1827,21
1,2720,21
1,4012,21
1,2779,21
1,280,21
1,219,21
24,2517,21
27,4051,21
16,2189,21
2,3488,21
15,2964,21
11,5095,21
11,5096,21
3,3225,21
24,2125,21
9,617,21
7,4376,21
35,157,21
35,159,21
16,2651,21
22,4074,21
3,3440,21
11,5086,21
11,5085,21
37,4957,21
3,3439,21
3,4119,21
3,4118,21
20,3052,21
11,5097,21
11,5098,21
35,350,21
1,163,21
1,335,21
19,495,21
20,1622,21
11,5088,21
20,2210,21
1,64,21
0,4949,21
9,712,21
6,3601,21
6,3602,21
4,80,21
11,5104,21
1,283,21
1,265,21
1,266,21
24,2277,21
11,5099,21
11,5100,21
3,3438,21
18,413,21
9,548,21
37,4958,21
1,3022,21
11,5103,21
39,5134,21
11,5063,21
11,5064,21
11,5065,21
11,5101,21
11,5102,21
11,5105,21
11,5106,21
0,525,21
11,5066,21
1,5246,21
1,3083,21
1,177,21
1,334,21
19,474,21
9,406,21
11,5067,21
11,5068,21
9,564,21
15,3211,21
15,3059,21
1,392,21
1,323,21
1,282,21
35,3945,21
0,20,21
11,5131,21
3,3441,21
1,557,21
3,4374,21
11,5108,21
11,5070,21
11,5071,21
11,5072,21
24,381,21
30,5242,21
30,5243,21
30,5244,21
0,4948,21
18,65,21
1,281,21
1,278,21
1,176,21
11,5076,21
9,565,21
1,407,21
1,462,21
11,5107,21
1,3240,21
11,5069,21
11,5075,21
22,476,21
1,175,21
1,173,21
18,454,21
27,4052,21
11,5080,21
1,5245,21
11,5079,21
1,431,21
1,333,21
37,4452,21
11,5073,21
11,5074,21
11,5077,21
1,389,21
18,467,21
1,430,21
11,5078,21
27,4913,21
2,284,21
35,424,21
16,2190,21
11,5089,21
11,5090,21
37,4959,21
17,22,21
2,3642,21
1,3092,21
1,126,21
2,3,21
20,19,21
20,27,21
9,539,21
1,571,21
18,479,21
11,5081,21
16,2542,21
16,2501,21
3,5109,21
15,5139,21
19,2120,21
3,3446,21
11,5082,21
16,670,21
1,2722,21
20,54,21
20,20,21
6,3606,21
6,4906,21
6,5118,21
6,198,21
3,3443,21
3,3442,21
24,0,21
11,5083,21
11,5084,21
9,473,21
1,355,21
20,21,21
20,18,21
37,4453,21
35,4112,21
17,518,21
1,212,21
1,2780,21
1,221,21
20,24,21
30,670,21
20,15,21
4,90,21
3,3444,21
3,3445,21
25,531,21
22,5132,21
9,525,21
1,3093,21
1,312,21
4,1543,21
29,3979,21
22,3,21
4,4417,21
3,3447,21
6,197,21
38,462,21
11,5087,21
9,568,21
9,572,21
11,5091,21
11,5092,21
11,5093,21
11,5094,21
6,164,21
22,549,20
4,108,20
1,5339,20
11,5374,20
9,598,20
9,365,20
19,885,20
11,5369,20
11,5364,20
11,5363,20
3,1717,20
24,1525,20
35,423,20
11,5390,20
11,5396,20
8,5426,20
8,5427,20
35,28,20
28,1054,20
28,733,20
9,438,20
4,5117,20
6,3131,20
6,66,20
22,814,20
37,4805,20
4,5115,20
37,4337,20
37,4804,20
17,4408,20
17,4407,20
8,5425,20
8,5424,20
6,465,20
37,4802,20
16,3097,20
37,4336,20
37,4335,20
37,4801,20
37,4800,20
28,727,20
30,10,20
11,5394,20
11,5393,20
11,5392,20
11,5391,20
28,12,20
35,301,20
11,5362,20
11,5361,20
2,185,20
4,120,20
18,557,20
1,2724,20
11,5389,20
6,4115,20
6,4114,20
6,4113,20
6,4010,20
8,5423,20
22,5062,20
1,838,20
1,839,20
6,4009,20
6,1462,20
1,2817,20
1,2816,20
11,5371,20
11,5370,20
2,1763,20
4,171,20
19,465,20
11,5388,20
4,5455,20
4,5453,20
22,5340,20
24,1703,20
20,3118,20
34,2565,20
11,5355,20
1,2818,20
4,5454,20
20,2545,20
20,3113,20
11,5365,20
17,485,20
9,459,20
11,5367,20
2,4045,20
11,4231,20
1,3141,20
1,3020,20
22,560,20
35,4302,20
11,5395,20
24,1578,20
35,1938,20
9,435,20
1,2813,20
1,2812,20
1,2811,20
1,2819,20
11,5366,20
11,4229,20
20,3051,20
11,5382,20
35,331,20
24,1538,20
37,4799,20
14,5450,20
37,4798,20
6,5465,20
11,5400,20
11,5381,20
11,5373,20
11,5372,20
11,5360,20
11,5359,20
11,5358,20
11,9,20
16,12,20
35,3872,20
22,5341,20
9,1243,20
1,2806,20
9,545,20
11,5357,20
11,5356,20
18,148,20
4,101,20
4,93,20
1,3146,20
1,3145,20
30,14,20
37,702,20
4,454,20
35,404,20
0,5464,20
0,5463,20
1,3091,20
1,2815,20
1,2814,20
30,9,20
24,1623,20
2,253,20
2,394,20
11,4232,20
3,583,20
19,547,20
2,291,20
1,3077,20
1,3076,20
1,3149,20
11,5405,20
11,5404,20
11,5399,20
11,5398,20
11,5397,20
37,4797,20
28,771,20
1,3147,20
35,64,20
30,11,20
11,5487,20
11,5354,20
6,4342,20
11,5349,20
11,5387,20
11,5386,20
6,29,20
1,3150,20
35,2967,20
11,5350,20
20,165,20
2,1636,20
4,98,20
6,3126,20
4,432,20
4,365,20
1,3152,20
1,3023,20
1,3151,20
20,3117,20
20,3116,20
11,5403,20
11,5402,20
11,5401,20
27,4421,20
34,2910,20
12,3981,20
9,603,20
9,587,20
9,761,20
15,2561,20
2,702,20
1,3163,20
4,491,20
9,718,20
2,8,20
9,803,20
6,4343,20
4,146,20
2,385,20
33,906,20
33,5485,20
16,5440,20
16,5439,20
6,587,20
16,5283,20
1,3153,20
24,1941,20
2,751,20
1,3090,20
4,418,20
11,4433,20
16,5442,20
16,5436,20
16,5437,20
1,3155,20
2,386,20
35,4306,20
11,5344,20
11,5343,20
11,5342,20
11,5353,20
37,4793,20
37,4792,20
1,2952,20
2,4295,20
32,5415,20
11,5412,20
7,531,20
16,5438,20
11,5352,20
11,5351,20
24,184,20
10,1916,20
10,1915,20
11,5348,20
2,763,20
11,5383,20
11,5377,20
11,5413,20
1,539,20
34,2544,20
6,862,20
1,2729,20
1,2728,20
16,5443,20
16,5444,20
6,76,20
35,338,20
20,3714,20
20,3713,20
2,294,20
11,5385,20
11,5384,20
11,5410,20
11,5409,20
15,2991,20
16,5446,20
15,3137,20
11,5408,20
20,3115,20
9,1442,20
30,13,20
37,4796,20
1,3159,20
16,5441,20
4,100,20
11,5347,20
11,5346,20
2,784,20
2,748,20
10,1917,20
11,4233,20
4,116,20
9,727,20
37,4795,20
16,5445,20
4,109,20
4,5456,20
37,4794,20
11,5345,20
34,2543,20
11,5414,20
4,396,20
11,4234,20
11,5406,20
11,5380,20
20,3716,20
20,3715,20
1,2732,20
11,5407,20
2,1761,20
34,1903,20
4,133,20
1,2808,20
20,2985,20
11,5411,20
11,4228,20
11,4227,20
37,4803,20
9,546,20
11,5379,20
11,5378,20
11,5368,20
11,5376,20
11,5375,20
1,1356,20
1,670,20
2,4903,20
4,129,19
4,152,19
4,174,19
4,165,19
4,5120,19
4,5121,19
11,5575,19
11,5568,19
4,195,19
4,131,19
4,237,19
25,840,19
6,28,19
4,5116,19
20,4274,19
4,5430,19
4,5429,19
4,5428,19
11,5570,19
9,533,19
6,3128,19
4,350,19
4,214,19
4,2786,19
4,346,19
4,247,19
4,325,19
4,324,19
4,406,19
4,170,19
4,194,19
4,315,19
1,3238,19
4,105,19
4,383,19
34,2661,19
18,779,19
11,5552,19
11,5610,19
11,5609,19
11,5608,19
11,4123,19
34,5627,19
6,435,19
4,404,19
4,344,19
4,107,19
4,135,19
4,395,19
4,362,19
4,375,19
4,188,19
4,398,19
4,419,19
4,239,19
11,5604,19
4,336,19
4,106,19
4,155,19
4,168,19
4,329,19
4,136,19
4,303,19
1,3237,19
1,3880,19
1,174,19
4,242,19
6,1240,19
19,5241,19
4,321,19
4,183,19
11,5611,19
11,5555,19
11,5554,19
11,5553,19
6,3121,19
4,111,19
1,3458,19
4,256,19
4,361,19
4,260,19
4,363,19
4,217,19
20,1894,19
2,4036,19
9,503,19
11,5557,19
4,355,19
4,223,19
4,261,19
4,149,19
4,320,19
4,401,19
11,5559,19
1,2735,19
1,2734,19
1,2733,19
1,3239,19
4,208,19
1,88,19
11,5551,19
11,5556,19
11,5582,19
11,5579,19
11,5578,19
11,5612,19
11,5607,19
11,5606,19
6,2668,19
11,5580,19
11,5585,19
11,5584,19
11,5583,19
4,151,19
11,5598,19
11,5603,19
11,5602,19
7,84,19
4,301,19
4,294,19
4,388,19
4,470,19
4,527,19
11,5577,19
9,578,19
4,132,19
4,307,19
6,1375,19
4,364,19
4,327,19
1,2727,19
1,3236,19
11,5587,19
4,114,19
4,455,19
4,330,19
11,5558,19
4,308,19
4,471,19
20,1893,19
11,5581,19
4,267,19
35,380,19
4,210,19
4,408,19
4,391,19
4,144,19
4,230,19
4,349,19
11,5563,19
11,5562,19
20,162,19
4,316,19
4,148,19
4,444,19
4,141,19
4,150,19
4,354,19
4,380,19
37,777,19
4,139,19
11,5561,19
11,5560,19
1,2738,19
4,348,19
4,160,19
4,159,19
4,157,19
15,5123,19
1,3234,19
4,233,19
4,374,19
4,373,19
4,289,19
4,221,19
4,274,19
4,397,19
4,196,19
4,254,19
4,393,19
4,212,19
1,263,19
35,149,19
11,5564,19
1,3462,19
11,5576,19
1,87,19
4,507,19
4,167,19
4,440,19
11,5601,19
11,5600,19
11,5599,19
24,2987,19
4,340,19
4,161,19
4,414,19
4,284,19
2,4,19
4,291,19
4,179,19
4,164,19
4,366,19
11,5589,19
11,5588,19
4,271,19
35,1691,19
4,295,19
4,200,19
4,390,19
4,169,19
4,379,19
4,371,19
35,147,19
4,423,19
1,3463,19
1,3635,19
1,3634,19
4,427,19
4,112,19
2,3937,19
4,370,19
4,140,19
1,3232,19
1,3231,19
1,3230,19
11,5596,19
12,403,19
12,420,19
11,5565,19
1,3069,19
1,4120,19
4,415,19
18,451,19
4,356,19
4,431,19
4,88,19
1,3233,19
4,358,19
11,5595,19
12,439,19
11,5573,19
11,5566,19
4,191,19
4,378,19
4,213,19
18,455,19
4,263,19
4,288,19
4,311,19
4,96,19
4,124,19
4,180,19
4,326,19
4,89,19
4,279,19
11,5597,19
4,104,19
4,192,19
4,341,19
9,449,19
9,448,19
1,275,19
4,430,19
12,422,19
4,293,19
4,154,19
4,75,19
4,359,19
4,310,19
4,246,19
20,1858,19
11,5572,19
11,5571,19
11,5567,19
35,4812,19
35,4811,19
20,17,19
4,386,19
4,385,19
12,442,19
1,2726,19
4,86,19
4,215,19
4,343,19
11,5592,19
11,5591,19
11,5590,19
1,3229,19
1,3228,19
1,2725,19
4,322,19
4,342,19
35,4573,19
9,547,19
1,3241,19
9,455,19
1,3637,19
5,5499,19
6,3624,19
4,119,19
1,3227,19
1,3456,19
12,421,19
12,417,19
12,402,19
35,390,19
35,393,19
22,6,19
6,5522,19
24,2547,19
1,3636,19
1,2955,19
11,5569,19
20,28,19
38,1611,19
9,666,19
4,130,19
4,5122,19
16,2430,19
11,5574,19
4,118,19
4,286,19
4,285,19
4,145,19
4,287,19
4,202,19
1,733,19
11,5594,19
11,5593,19
11,5586,19
22,5639,19
12,463,19
4,147,19
4,248,19
1,2731,19
1,2730,19
11,5605,19
4,347,19
4,186,19
4,207,19
4,216,19
4,193,19
4,113,19
21,468,19
4,218,19
4,134,19
4,128,19
4,127,19
16,3032,18
1,296,18
1,347,18
22,5905,18
22,5906,18
22,5902,18
22,5904,18
1,397,18
11,5759,18
11,5758,18
11,5757,18
11,5756,18
11,5753,18
35,498,18
1,300,18
1,200,18
34,2981,18
22,5901,18
29,4545,18
22,5903,18
6,5854,18
6,4896,18
2,4046,18
22,5898,18
22,5900,18
22,5899,18
1,228,18
1,242,18
1,299,18
1,83,18
1,186,18
1,327,18
1,96,18
2,4048,18
1,110,18
1,188,18
1,183,18
1,297,18
18,115,18
11,5751,18
11,5750,18
6,4273,18
35,487,18
6,561,18
6,569,18
1,229,18
1,290,18
1,4013,18
1,298,18
20,3398,18
1,365,18
1,194,18
1,262,18
1,257,18
1,268,18
22,5936,18
9,604,18
9,674,18
37,511,18
20,4143,18
11,5755,18
11,5754,18
0,5676,18
4,103,18
1,189,18
1,418,18
22,5935,18
1,236,18
2,5,18
1,331,18
1,201,18
1,367,18
35,4963,18
35,4962,18
35,3431,18
2,3932,18
1,357,18
20,3399,18
24,2916,18
2,144,18
1,223,18
22,487,18
1,400,18
1,348,18
1,224,18
11,5746,18
35,3430,18
35,3428,18
11,5747,18
29,4546,18
38,468,18
1,190,18
1,473,18
1,250,18
1,258,18
20,2983,18
3,5856,18
3,5855,18
7,456,18
7,461,18
1,98,18
1,220,18
11,5765,18
11,5764,18
11,5763,18
11,5736,18
11,5735,18
2,3595,18
16,3185,18
1,3165,18
11,5752,18
11,5737,18
1,313,18
1,411,18
20,3400,18
2,4043,18
11,5848,18
11,5847,18
11,5846,18
22,498,18
1,179,18
1,340,18
1,192,18
1,341,18
1,191,18
1,101,18
11,5744,18
11,5743,18
11,5742,18
11,5741,18
11,5937,18
9,485,18
16,712,18
16,714,18
35,4572,18
11,5749,18
11,5748,18
2,4035,18
20,3878,18
11,5766,18
11,5740,18
11,5739,18
11,5738,18
11,5745,18
20,5711,18
11,5839,18
20,3401,18
11,5852,18
27,5129,18
1,541,18
1,162,18
1,108,18
15,2293,18
11,5734,18
11,5733,18
15,4960,18
11,5732,18
11,5731,18
11,5730,18
15,3728,18
2,4042,18
2,4172,18
11,5851,18
11,5850,18
11,5849,18
1,425,18
1,171,18
1,138,18
2,4034,18
1,690,18
1,5930,18
1,5929,18
2,834,18
11,5724,18
11,5723,18
11,5722,18
1,3461,18
11,5727,18
11,5729,18
11,5726,18
22,5893,18
22,5892,18
2,3594,18
11,5721,18
11,5728,18
0,476,18
37,5502,18
38,84,18
15,4341,18
11,5924,18
11,5835,18
11,5845,18
11,5844,18
11,5843,18
11,5842,18
11,5841,18
11,5840,18
4,445,18
1,4058,18
1,4057,18
1,4056,18
22,5894,18
21,706,18
11,5772,18
11,5771,18
11,5770,18
11,5769,18
11,5725,18
11,5716,18
11,5715,18
11,5714,18
11,5720,18
9,735,18
1,5932,18
1,5931,18
11,5719,18
0,582,18
11,5773,18
11,5832,18
11,5831,18
20,116,18
11,5838,18
11,5837,18
11,5836,18
1,3191,18
1,3190,18
1,3388,18
1,4054,18
11,5776,18
11,5762,18
11,5761,18
11,5760,18
2,4039,18
11,5718,18
11,5717,18
1,3195,18
1,3194,18
1,3193,18
11,5825,18
11,5834,18
11,5833,18
1,3196,18
1,3192,18
10,1922,18
6,5925,18
11,5768,18
11,5767,18
11,5777,18
1,3457,18
30,30,18
1,3906,18
18,452,18
30,26,18
11,5713,18
1,123,18
11,5819,18
11,5818,18
11,5830,18
11,5829,18
11,5828,18
20,5292,18
35,182,18
1,122,18
11,5775,18
11,5774,18
11,5783,18
11,5782,18
11,5781,18
11,5780,18
11,5779,18
2,4184,18
16,2742,18
16,3098,18
4,5919,18
11,5788,18
11,5787,18
11,5786,18
20,3406,18
11,5785,18
19,5909,18
22,705,18
1,4130,18
1,193,18
1,121,18
1,117,18
24,2434,18
9,602,18
1,4536,18
11,5827,18
11,5826,18
2,4041,18
19,473,18
16,2431,18
3,885,18
11,5784,18
20,3405,18
11,5792,18
11,5778,18
22,5712,18
17,4905,18
6,276,18
6,277,18
6,3991,18
6,3990,18
19,394,18
11,5815,18
11,5814,18
22,594,18
24,2435,18
6,43,18
20,3404,18
11,5800,18
11,5799,18
11,5798,18
11,5797,18
11,5796,18
11,5795,18
6,19,18
15,5920,18
4,453,18
22,5908,18
11,5806,18
11,5805,18
11,5791,18
11,5790,18
11,5789,18
11,5801,18
16,3186,18
6,1898,18
12,491,18
21,1747,18
15,3967,18
11,5813,18
11,5824,18
11,5823,18
24,5638,18
7,457,18
2,4038,18
6,61,18
9,659,18
9,599,18
22,5896,18
35,2608,18
30,5927,18
11,5811,18
11,5810,18
11,5809,18
11,5808,18
11,5794,18
11,5793,18
24,25,18
38,491,18
22,5897,18
11,5822,18
11,5821,18
11,5820,18
11,5807,18
11,5817,18
11,5816,18
2,1457,18
9,594,18
30,714,18
16,5280,18
10,557,18
16,3033,18
20,3710,18
20,3402,18
11,5804,18
11,5803,18
11,5802,18
11,5812,18
22,5895,18
6,3454,18
2,4044,18
16,3183,18
35,836,18
1,459,18
1,75,18
1,203,18
1,279,18
1,178,18
1,226,18
4,5447,18
22,5,18
29,4544,18
9,418,18
16,3184,18
1,185,18
1,405,18
1,86,18
1,252,18
28,2,17
1,215,17
2,4289,17
34,2965,17
27,5887,17
20,1718,17
20,4625,17
20,4633,17
20,4634,17
20,4635,17
20,4619,17
20,4637,17
20,4636,17
1,292,17
1,274,17
2,4177,17
2,4176,17
2,4175,17
2,4174,17
2,4292,17
2,4291,17
2,4785,17
1,169,17
1,172,17
1,187,17
20,4641,17
11,6094,17
11,6089,17
24,360,17
17,34,17
22,4413,17
2,4164,17
6,3208,17
16,3384,17
0,2514,17
22,6297,17
37,844,17
35,4761,17
11,6092,17
11,6091,17
11,6090,17
11,6095,17
6,75,17
2,4190,17
2,4189,17
4,211,17
2,4163,17
2,4162,17
2,4161,17
2,4169,17
11,6103,17
11,6097,17
11,6096,17
11,6093,17
6,250,17
6,258,17
21,23,17
6,262,17
2,4296,17
11,6088,17
9,1781,17
2,4188,17
2,4186,17
9,1782,17
2,4187,17
35,437,17
11,6104,17
2,4168,17
2,4167,17
2,4166,17
2,4165,17
6,257,17
35,379,17
6,60,17
18,1223,17
18,1279,17
18,836,17
4,451,17
11,6102,17
11,6101,17
11,6100,17
11,6106,17
11,6105,17
1,85,17
2,714,17
11,6085,17
2,4185,17
7,445,17
7,4912,17
37,5686,17
2,4158,17
2,4040,17
2,4157,17
11,6065,17
18,1224,17
18,595,17
11,6111,17
11,6110,17
11,6109,17
11,6108,17
4,547,17
35,436,17
11,6087,17
2,4183,17
30,17,17
18,596,17
20,4581,17
20,4578,17
20,4586,17
11,6082,17
11,6081,17
2,4160,17
23,2512,17
11,6107,17
20,3598,17
11,6115,17
11,6114,17
11,6113,17
1,78,17
11,6086,17
20,2070,17
2,4159,17
35,3448,17
11,6084,17
2,4153,17
2,4152,17
2,4037,17
35,4916,17
4,345,17
11,6112,17
9,456,17
18,346,17
18,1466,17
2,4155,17
11,6066,17
20,4349,17
20,4583,17
20,4582,17
20,4587,17
20,4275,17
15,2767,17
15,2766,17
15,2993,17
1,369,17
11,6119,17
11,6118,17
15,4566,17
2,4156,17
2,4154,17
20,4593,17
20,4356,17
23,6312,17
11,6067,17
35,4011,17
12,530,17
11,6117,17
11,6116,17
2,3933,17
1,368,17
10,527,17
16,2776,17
15,2666,17
11,6070,17
11,6069,17
20,4355,17
20,4592,17
20,4591,17
20,4590,17
20,4589,17
20,4588,17
11,6071,17
4,337,17
6,4653,17
11,6072,17
2,4032,17
2,4144,17
2,4031,17
2,4145,17
2,4146,17
20,5008,17
2,4784,17
2,4151,17
2,4150,17
2,4149,17
2,4148,17
2,4147,17
20,4601,17
20,4600,17
20,4599,17
20,4598,17
20,4597,17
11,6073,17
4,400,17
1,198,17
2,4182,17
2,4171,17
1,271,17
11,6068,17
2,379,17
16,733,17
11,6083,17
11,6074,17
20,4608,17
20,4607,17
20,5032,17
20,5031,17
20,5030,17
2,4181,17
1,3879,17
4,220,17
4,411,17
11,4432,17
4,313,17
1,366,17
11,6080,17
11,6079,17
11,6078,17
20,4602,17
20,1969,17
20,1970,17
20,4650,17
1,416,17
2,4180,17
2,4179,17
2,4294,17
20,4270,17
4,435,17
2,4033,17
20,4605,17
20,4604,17
20,4603,17
20,3216,17
20,4606,17
20,4610,17
20,4616,17
20,4629,17
20,4628,17
20,4642,17
1,82,17
2,4293,17
1,116,17
1,330,17
1,429,17
20,5029,17
20,4613,17
20,4615,17
20,4366,17
20,4614,17
2,4030,17
20,5418,17
1,235,17
1,197,17
1,256,17
1,295,17
2,4178,17
1,125,17
1,276,17
20,30,17
20,35,17
20,26,17
11,6075,17
20,4622,17
20,4621,17
20,5033,17
20,4618,17
20,4617,17
20,4640,17
20,5052,17
20,4645,17
20,4644,17
20,4643,17
20,4648,17
20,4649,17
20,4647,17
20,4646,17
20,5112,17
20,4627,17
20,4626,17
22,6310,17
11,6077,17
2,4170,17
2,4173,17
4,5619,17
1,254,17
1,326,17
2,4290,17
6,6056,17
1,238,17
16,5498,17
6,5907,17
1,259,17
11,6076,17
20,4624,17
20,4623,17
20,4632,17
20,4631,17
20,4630,17
20,4620,17
35,363,17
37,656,17
10,4269,17
10,2663,17
11,6099,17
11,6098,17
0,34,17
35,408,17
35,391,17
4,203,17
35,4763,17
35,4762,17
0,5994,17
2,4288,17
27,5128,17
4,1240,17
16,3649,16
35,458,16
24,4328,16
0,6428,16
20,4870,16
0,6427,16
9,778,16
20,4872,16
20,4369,16
4,6646,16
2,4740,16
20,3133,16
20,3065,16
20,3134,16
20,4368,16
20,4370,16
20,3064,16
0,6661,16
2,6703,16
20,5305,16
20,4863,16
20,4864,16
20,4865,16
1,3897,16
1,253,16
1,3895,16
1,3154,16
22,6497,16
20,4866,16
0,6664,16
12,3701,16
6,623,16
0,6662,16
0,6663,16
22,6704,16
16,6122,16
16,6123,16
1,3156,16
1,3903,16
1,3902,16
21,460,16
4,6562,16
1,4019,16
15,3950,16
2,5421,16
20,4873,16
20,5308,16
20,5309,16
20,4638,16
20,4639,16
20,4867,16
35,347,16
0,6665,16
1,3892,16
28,789,16
24,3411,16
16,3385,16
1,3142,16
1,4128,16
1,4129,16
1,3144,16
1,3896,16
0,6666,16
0,6667,16
20,2186,16
20,5306,16
20,5307,16
20,5532,16
20,5304,16
6,4814,16
22,6498,16
1,3890,16
1,3140,16
9,1807,16
1,3891,16
20,4862,16
1,180,16
20,5310,16
20,4874,16
20,5707,16
20,4871,16
20,4875,16
20,3135,16
9,820,16
12,5250,16
1,4137,16
30,8,16
1,4138,16
19,1890,16
0,3200,16
1,4020,16
1,4136,16
1,3157,16
1,3158,16
0,3215,16
20,5697,16
20,5698,16
20,4860,16
20,4367,16
20,3132,16
20,4861,16
20,4857,16
20,4858,16
20,57,16
1,3143,16
1,3893,16
1,3894,16
1,3887,16
1,4126,16
1,3888,16
1,3889,16
1,4127,16
1,3160,16
1,3905,16
1,3459,16
20,4859,16
20,5302,16
34,3951,16
0,9,16
20,4854,16
20,4855,16
20,4856,16
22,6495,16
22,671,16
22,802,16
1,3075,16
19,515,16
1,546,16
1,309,16
7,472,16
20,4849,16
20,3434,16
20,3435,16
20,4850,16
20,4851,16
20,4852,16
20,4853,16
11,6499,16
1,3139,16
9,6638,16
32,2689,16
20,45,16
24,10,16
1,3161,16
1,3907,16
1,3630,16
20,4881,16
20,4882,16
20,4884,16
20,4885,16
20,4371,16
20,4877,16
20,4878,16
20,4372,16
20,4879,16
20,4844,16
20,4365,16
1,92,16
1,4022,16
1,4023,16
1,4024,16
1,3908,16
1,4025,16
1,3631,16
1,3909,16
4,6645,16
28,838,16
1,3885,16
1,3886,16
1,3138,16
1,3884,16
1,3460,16
1,4028,16
1,4029,16
1,4021,16
20,5297,16
20,3217,16
20,4845,16
20,4846,16
20,4847,16
20,5018,16
20,4848,16
12,4267,16
1,71,16
1,237,16
9,1240,16
9,621,16
32,6501,16
32,6500,16
32,6502,16
20,292,16
20,42,16
12,4323,16
20,5298,16
20,4117,16
20,4843,16
20,4364,16
9,622,16
9,628,16
9,745,16
9,862,16
6,622,16
9,567,16
22,6494,16
2,5419,16
25,1577,16
16,771,16
20,4842,16
9,723,16
35,411,16
20,4596,16
20,4832,16
20,4837,16
20,4838,16
9,623,16
8,6509,16
0,6660,16
18,395,16
20,3708,16
20,3709,16
2,5420,16
2,3170,16
20,3706,16
20,3707,16
6,228,16
6,203,16
20,4827,16
20,4998,16
20,4839,16
20,4840,16
20,4841,16
17,9,16
8,6511,16
11,5130,16
1,95,16
2,6702,16
1,4027,16
20,4831,16
20,4363,16
20,4357,16
20,4833,16
20,4834,16
20,4835,16
20,4836,16
20,4358,16
20,4359,16
20,4360,16
11,5624,16
1,3450,16
2,51,16
6,186,16
35,3189,16
9,816,16
1,3632,16
19,2760,16
6,5615,16
14,3200,16
9,582,16
20,4886,16
20,4887,16
20,4889,16
20,4890,16
20,4891,16
20,4361,16
20,4828,16
0,10,16
9,738,16
1,3910,16
1,3911,16
1,3912,16
2,716,16
6,59,16
8,6514,16
8,6513,16
8,6512,16
8,6510,16
15,5510,16
1,4141,16
20,40,16
34,5,16
20,404,16
1,380,16
20,4829,16
20,4830,16
20,4362,16
20,4825,16
20,3063,16
20,4826,16
20,4354,16
16,6005,16
16,6007,16
20,5311,16
20,4880,16
22,843,16
20,5313,16
20,4373,16
20,5547,16
20,3629,16
20,4015,16
20,5859,16
34,6,16
15,5504,16
15,5505,16
15,5506,16
15,5508,16
15,5509,16
12,1346,16
12,453,16
6,628,16
20,3881,16
35,805,16
1,3914,16
0,6429,16
22,13,16
1,3045,16
2,64,16
2,1055,16
27,5622,16
20,4823,16
20,4824,16
20,807,16
20,4820,16
20,4351,16
20,4352,16
20,4353,16
20,3062,16
20,4821,16
20,4822,16
6,2487,16
1,3915,16
1,3916,16
1,3917,16
1,3918,16
1,3919,16
1,3913,16
20,4818,16
20,4819,16
20,5295,16
6,567,16
9,839,16
20,4815,16
20,4350,16
28,834,16
6,477,16
6,481,16
15,5507,16
15,3129,16
4,6644,16
1,356,16
20,4348,16
28,839,16
20,4816,16
6,4332,16
6,5503,16
16,6006,16
6,44,16
20,4817,16
20,5293,16
10,547,16
10,3110,16
27,39,16
2,4902,16
3,0,16
6,2433,16
16,6488,16
20,5294,16
20,4577,16
19,557,16
6,905,16
4,83,16
28,902,16
9,446,16
9,742,16
20,4883,16
20,4892,16
20,4888,16
1,93,16
1,94,16
24,3721,16
24,3119,16
24,2988,16
6,621,16
16,4764,16
12,4324,16
9,834,16
6,1551,16
9,739,16
1,3633,16
1,4142,16
35,4961,16
35,4809,16
35,4810,16
4,531,16
21,1641,16
1,3920,16
1,3921,16
1,3922,16
1,3923,16
1,441,16
35,557,16
4,6643,16
9,6459,16
1,3930,16
1,3931,16
34,6640,16
9,789,16
9,838,16
6,3048,16
1,73,16
20,3711,16
1,545,16
10,2549,16
1,102,16
27,54,16
15,5511,16
12,3204,16
35,124,16
24,1904,16
4,6642,16
1,712,16
1,3927,16
1,3928,16
1,3929,16
1,3924,16
1,3925,16
1,3926,16
20,4068,16
24,3723,16
1,91,16
24,3409,16
1,3148,16
1,3898,16
1,4397,16
22,6496,16
1,3900,16
1,3901,16
1,4017,16
1,4132,16
1,4133,16
3,3626,16
16,2700,16
4,6647,16
9,1808,16
7,507,16
2,5422,16
1,3235,16
1,3899,16
1,4131,16
9,1880,16
27,6207,15
24,3719,15
27,6198,15
37,6879,15
6,4971,15
27,6203,15
27,6209,15
27,6194,15
6,4976,15
34,3551,15
27,414,15
27,6196,15
27,400,15
27,415,15
20,3219,15
20,3220,15
24,3226,15
20,5041,15
22,709,15
1,1506,15
9,1550,15
35,4347,15
6,160,15
6,268,15
4,6544,15
27,6268,15
30,27,15
30,31,15
27,6272,15
27,6273,15
27,6274,15
1,4437,15
1,4438,15
4,6545,15
4,6534,15
22,7499,15
27,6263,15
27,6269,15
1,209,15
27,6253,15
27,6254,15
27,6255,15
27,6256,15
27,6264,15
27,6265,15
24,1889,15
27,6266,15
27,6267,15
19,3050,15
19,2757,15
1,131,15
22,7442,15
27,6276,15
27,6277,15
27,6278,15
1,4768,15
35,2611,15
4,6547,15
4,4379,15
4,4380,15
4,6541,15
4,6542,15
4,6543,15
9,706,15
24,1919,15
16,3650,15
22,7441,15
1,363,15
4,6537,15
4,6538,15
4,6539,15
4,6540,15
6,4375,15
24,31,15
0,3596,15
4,6546,15
35,387,15
1,130,15
1,118,15
1,113,15
19,503,15
24,1942,15
1,129,15
27,174,15
16,6931,15
16,6932,15
16,6933,15
27,6280,15
20,456,15
27,6270,15
27,6271,15
27,6282,15
16,6930,15
6,190,15
24,1905,15
29,5484,15
17,6,15
1,127,15
4,6535,15
4,6536,15
15,3986,15
15,3727,15
15,3988,15
15,3989,15
1,161,15
30,19,15
30,25,15
0,7504,15
27,6275,15
27,6285,15
27,6286,15
27,6279,15
6,4050,15
16,6929,15
16,6928,15
16,6927,15
27,6290,15
27,6283,15
27,6284,15
9,827,15
4,6551,15
4,4382,15
20,5057,15
30,20,15
20,5058,15
29,5482,15
29,5483,15
6,443,15
24,2276,15
27,6259,15
27,6258,15
15,3987,15
27,6257,15
27,6246,15
27,6247,15
27,6248,15
27,6250,15
27,6251,15
27,6252,15
1,460,15
20,4981,15
20,4982,15
20,4983,15
20,4984,15
20,919,15
27,6281,15
27,6288,15
27,6289,15
4,6124,15
4,6527,15
4,6528,15
4,6529,15
4,6530,15
16,5690,15
17,3596,15
4,6531,15
20,4987,15
20,4979,15
16,6925,15
16,6924,15
16,6926,15
20,4980,15
20,2774,15
27,6617,15
4,6533,15
4,6517,15
17,761,15
4,6518,15
4,6519,15
2,831,15
20,4989,15
0,606,15
0,487,15
20,4985,15
20,4579,15
20,4580,15
20,4986,15
20,4978,15
20,4584,15
4,97,15
34,3702,15
34,3111,15
0,6801,15
20,3984,15
25,6431,15
1,182,15
24,3985,15
20,4990,15
20,4991,15
20,4992,15
20,4993,15
16,6923,15
20,4585,15
27,6616,15
27,6245,15
4,6532,15
4,6526,15
4,6515,15
4,6516,15
27,85,15
27,6287,15
16,6921,15
16,6920,15
6,515,15
4,4381,15
17,603,15
4,6548,15
4,6549,15
4,6550,15
16,6922,15
4,6520,15
4,6521,15
37,599,15
16,6882,15
20,5055,15
20,5312,15
35,523,15
20,4391,15
20,4392,15
20,6506,15
20,4988,15
24,2546,15
2,88,15
4,6522,15
4,6523,15
4,6524,15
6,488,15
4,6525,15
24,2122,15
27,6249,15
27,6243,15
27,6244,15
27,6240,15
27,6241,15
27,6242,15
2,363,15
34,12,15
27,6236,15
34,2911,15
20,5296,15
20,4999,15
35,384,15
1,7490,15
37,716,15
27,6235,15
27,6237,15
27,6238,15
1,243,15
2,797,15
35,4651,15
2,766,15
30,7469,15
30,7470,15
30,7471,15
20,5056,15
20,3067,15
4,126,15
2,717,15
0,497,15
2,868,15
4,244,15
27,6239,15
1,136,15
9,458,15
9,596,15
9,595,15
35,4652,15
2,887,15
20,4994,15
20,5002,15
20,5003,15
20,5004,15
20,4995,15
20,5525,15
27,6233,15
27,6234,15
24,2123,15
6,124,15
2,823,15
37,1053,15
19,2756,15
20,4996,15
20,4997,15
20,5009,15
20,5010,15
20,5011,15
20,5012,15
20,5013,15
20,4594,15
20,4595,15
2,1800,15
17,27,15
32,6914,15
27,6225,15
27,6226,15
27,347,15
27,6227,15
22,497,15
27,6228,15
16,727,15
2,733,15
20,5000,15
20,5001,15
20,5005,15
20,5006,15
20,5007,15
2,942,15
1,149,15
27,6218,15
27,6231,15
27,6232,15
27,6223,15
27,6224,15
20,5299,15
20,5014,15
20,5015,15
20,5016,15
37,795,15
2,943,15
2,1342,15
2,785,15
6,6902,15
22,75,15
2,458,15
24,2124,15
1,4016,15
9,486,15
9,461,15
1,107,15
27,6219,15
20,5526,15
0,7500,15
20,5017,15
5,7501,15
27,6229,15
27,6230,15
1,168,15
1,147,15
1,106,15
27,6222,15
24,1828,15
30,18,15
1,7492,15
20,3223,15
20,3224,15
20,5054,15
20,4876,15
30,727,15
27,6220,15
27,6221,15
24,713,15
20,115,15
1,4026,15
1,7493,15
1,7494,15
6,235,15
1,141,15
4,245,15
27,6210,15
27,6213,15
0,587,15
30,22,15
20,4611,15
20,5019,15
20,5020,15
20,5021,15
20,5022,15
37,6880,15
9,607,15
37,785,15
1,139,15
20,34,15
34,31,15
4,270,15
20,5028,15
17,540,15
17,562,15
0,761,15
20,5023,15
20,5024,15
20,5025,15
20,5026,15
20,4609,15
22,6912,15
27,6216,15
27,6217,15
1,155,15
1,132,15
24,1702,15
30,733,15
1,114,15
22,31,15
20,44,15
22,1492,15
1,4286,15
20,5535,15
20,5034,15
20,5035,15
0,6,15
0,603,15
20,4612,15
20,5027,15
27,6214,15
27,6215,15
30,21,15
4,138,15
1,1784,15
1,1508,15
1,1507,15
6,4972,15
6,4973,15
6,4974,15
9,1899,15
6,4966,15
20,4869,15
20,3066,15
20,3436,15
20,3437,15
20,5053,15
0,566,15
22,1424,15
1,714,15
1,1563,15
27,6211,15
27,6212,15
22,8,15
30,15,15
20,5037,15
35,497,15
6,560,15
20,5038,15
20,5039,15
20,5533,15
20,5040,15
20,5036,15
20,5539,15
1,4018,15
6,4964,15
6,4813,15
6,4977,15
1,1055,15
27,6204,15
27,6205,15
27,6206,15
20,5542,15
20,5543,15
20,5050,15
20,5051,15
20,3221,15
20,3222,15
20,5044,15
20,4868,15
6,6915,15
27,6208,15
27,6199,15
27,6200,15
27,6201,15
27,6202,15
6,4975,15
30,24,15
9,2431,15
20,5042,15
22,7503,15
15,7454,15
15,7455,15
6,1543,15
15,7502,15
12,406,15
9,2190,15
27,6195,15
0,6800,15
20,5045,15
20,5046,15
20,5047,15
11,19,15
37,6881,15
24,2437,15
15,7456,15
20,4390,15
20,5043,15
9,2077,15
6,4968,15
6,4969,15
6,4970,15
24,3412,15
27,6260,15
1,4435,15
1,4239,15
1,4436,15
1,232,15
1,128,15
27,6261,15
27,6262,15
27,6197,15
19,463,15
1,140,15
1,376,15
24,28,15
22,25,15
6,4967,15
4,73,14
4,272,14
4,85,14
4,102,14
4,283,14
4,162,14
1,104,14
1,124,14
4,2112,14
3,5708,14
16,3545,14
1,440,14
1,379,14
11,6291,14
6,5290,14
4,78,14
4,6561,14
4,6560,14
4,437,14
4,436,14
4,425,14
4,273,14
4,372,14
4,318,14
19,471,14
16,4221,14
2,4731,14
22,14,14
20,5700,14
20,5303,14
20,5699,14
20,5538,14
6,518,14
9,687,14
35,7664,14
26,7667,14
20,5704,14
4,376,14
4,300,14
11,6636,14
35,7665,14
4,474,14
22,7853,14
11,153,14
17,641,14
17,75,14
17,561,14
35,429,14
12,1442,14
0,7668,14
0,55,14
0,7,14
3,5337,14
20,5703,14
20,5706,14
20,5705,14
26,7666,14
2,4732,14
9,679,14
2,4734,14
2,4733,14
2,4404,14
9,518,14
12,4561,14
1,119,14
16,4908,14
9,655,14
9,654,14
17,48,14
20,5301,14
20,5300,14
20,3433,14
7,1611,14
9,642,14
9,676,14
9,680,14
4,238,14
16,3546,14
20,5695,14
4,292,14
4,405,14
4,178,14
4,142,14
4,219,14
20,4560,14
11,7858,14
2,771,14
2,1697,14
37,1760,14
37,1151,14
11,6637,14
22,548,14
24,525,14
19,595,14
19,596,14
16,7669,14
0,3965,14
9,665,14
34,3549,14
2,4735,14
2,4405,14
22,1528,14
11,6635,14
37,642,14
7,571,14
7,1924,14
9,633,14
9,686,14
6,846,14
7,1993,14
4,227,14
4,438,14
0,7633,14
0,6888,14
9,688,14
9,672,14
4,275,14
9,711,14
9,658,14
9,812,14
6,4965,14
20,6121,14
6,398,14
3,7650,14
19,580,14
19,555,14
2,902,14
9,1054,14
24,3416,14
24,3415,14
9,677,14
4,377,14
11,6634,14
3,5336,14
9,846,14
4,240,14
20,457,14
9,681,14
24,4071,14
1,4919,14
1,4771,14
1,4769,14
1,4767,14
24,3120,14
9,902,14
9,7631,14
4,424,14
2,5921,14
9,668,14
19,634,14
24,4331,14
4,6918,14
35,5286,14
6,35,14
27,2,14
22,7857,14
22,7856,14
4,205,14
4,204,14
4,241,14
4,234,14
4,302,14
1,4055,14
1,4238,14
3,669,14
3,5335,14
24,2209,14
20,4287,14
1,4772,14
1,4307,14
24,1580,14
3,6479,14
37,7628,14
3,6480,14
9,811,14
9,894,14
3,6478,14
4,429,14
6,7833,14
24,3413,14
2,5137,14
1,247,14
1,437,14
16,406,14
16,4222,14
35,5513,14
1,372,14
20,2514,14
4,6558,14
1,120,14
1,273,14
1,272,14
1,156,14
1,264,14
27,5889,14
1,436,14
1,90,14
20,3712,14
4,255,14
4,290,14
4,314,14
4,158,14
2,7866,14
2,7835,14
2,7834,14
4,110,14
4,277,14
15,2745,14
1,79,14
1,246,14
1,270,14
1,245,14
20,3403,14
2,5249,14
3,5334,14
1,387,14
1,449,14
1,448,14
1,318,14
1,342,14
1,386,14
1,385,14
1,435,14
1,143,14
1,112,14
1,244,14
1,426,14
1,433,14
20,7643,14
35,5338,14
6,486,14
4,353,14
2,4737,14
2,4736,14
2,1762,14
2,5923,14
2,5922,14
2,1883,14
4,319,14
3,671,14
1,5247,14
4,384,14
4,352,14
1,269,14
1,317,14
1,291,14
1,103,14
1,434,14
2,11,14
1,154,14
1,320,14
1,432,14
27,5888,14
2,196,14
4,236,14
4,166,14
4,571,14
4,249,14
11,5449,14
4,394,14
4,399,14
2,7,14
11,38,14
1,349,14
2,777,14
2,71,14
37,7629,14
2,7864,14
2,7863,14
3,6477,14
2,1053,14
1,74,14
1,445,14
16,4216,14
16,4215,14
4,389,14
4,79,14
4,338,14
35,7871,14
4,95,14
1,354,14
1,319,14
3,5333,14
35,4226,14
1,3162,14
9,4111,14
2,453,14
1,383,14
22,7865,14
1,261,14
1,277,14
1,308,14
1,404,14
0,7836,14
1,5248,14
4,413,14
4,251,14
4,181,14
2,4745,14
2,4747,14
3,5332,14
3,5331,14
3,5330,14
22,7831,14
1,4139,14
6,150,14
20,49,14
2,4738,14
32,3049,14
20,39,14
1,384,14
1,398,14
1,419,14
17,7838,14
1,109,14
1,105,14
32,7645,14
4,173,14
4,175,14
20,56,14
20,66,14
20,46,14
20,37,14
4,426,14
4,434,14
4,176,14
4,278,14
4,281,14
2,4744,14
2,4746,14
4,3628,14
20,38,14
20,50,14
4,410,14
4,409,14
4,317,14
1,424,14
1,307,14
20,64,14
20,29,14
9,457,14
3,5709,14
27,1,14
20,53,14
1,260,14
1,135,14
20,61,14
1,4140,14
37,7622,14
37,6458,14
10,825,14
1,239,14
1,289,14
1,314,14
4,412,14
4,407,14
3,7648,14
2,4743,14
32,7647,14
4,94,14
4,182,14
9,7829,14
3,5315,14
4,462,14
2,4739,14
34,7,14
4,153,14
20,36,14
20,52,14
11,6293,14
1,133,14
20,60,14
20,47,14
2,4742,14
2,4741,14
20,55,14
20,65,14
20,41,14
2,4749,14
2,4748,14
3,5316,14
1,3904,14
2,4904,14
2,4750,14
20,33,14
20,59,14
20,43,14
20,62,14
20,67,14
20,51,14
1,302,14
1,373,14
4,387,14
4,433,14
14,7830,14
34,3099,14
2,4755,14
22,760,14
2,7867,14
9,2430,14
4,269,14
4,177,14
4,282,14
6,4575,14
11,6292,14
4,206,14
2,1852,14
2,1885,14
2,1884,14
3,6476,14
3,5318,14
3,5319,14
3,5327,14
37,7627,14
3,773,14
3,5326,14
4,392,14
1,142,14
1,390,14
1,374,14
2,670,14
2,5637,14
4,6564,14
4,5865,14
3,5059,14
3,5328,14
3,5323,14
2,5113,14
2,4753,14
2,4752,14
2,4751,14
33,7855,14
1,4135,14
1,4134,14
3,5317,14
4,6563,14
6,4897,14
6,5291,14
6,4576,14
6,4574,14
6,5289,14
6,5288,14
16,4220,14
27,4,14
16,3548,14
3,6058,14
22,491,14
19,470,14
3,5329,14
25,488,14
1,423,14
1,351,14
1,771,14
1,727,14
4,6559,14
4,2113,14
37,7626,14
3,5324,14
26,462,14
4,265,14
24,3410,14
27,6615,14
4,266,14
27,306,14
4,2111,14
37,5687,14
37,7623,14
37,7624,14
30,28,14
16,4219,14
16,3547,14
3,5320,14
2,4754,14
28,7869,14
4,382,14
4,76,14
9,606,14
20,5702,14
16,6507,14
16,7658,14
20,3218,14
37,469,14
4,91,14
11,6295,14
11,6294,14
37,7630,14
3,5322,14
3,5321,14
3,5325,14
28,7868,14
1,211,13
22,1354,13
27,7089,13
27,7090,13
27,7076,13
27,7077,13
27,7078,13
2,8264,13
27,7079,13
27,7081,13
27,7082,13
27,7083,13
12,5251,13
2,5468,13
2,5469,13
35,4760,13
35,4759,13
35,4422,13
20,5493,13
27,7160,13
1,371,13
6,158,13
27,7174,13
27,7743,13
27,7182,13
27,7179,13
27,7109,13
27,7110,13
27,7111,13
27,7141,13
27,7140,13
1,148,13
1,146,13
1,455,13
30,8269,13
24,830,13
27,7188,13
27,7187,13
27,7138,13
27,7093,13
27,7183,13
27,7094,13
27,7095,13
27,7096,13
27,7097,13
27,7098,13
27,7080,13
27,7099,13
27,7185,13
1,453,13
27,7184,13
9,699,13
27,7191,13
27,7190,13
27,7220,13
27,7219,13
0,7888,13
20,6901,13
24,476,13
6,8004,13
1,100,13
1,362,13
27,7266,13
2,886,13
27,7181,13
32,8262,13
6,1461,13
27,7747,13
27,7746,13
27,7201,13
27,7200,13
27,7131,13
27,7208,13
20,4946,13
20,5495,13
20,5524,13
6,7999,13
2,795,13
27,7267,13
1,4403,13
1,4402,13
1,4401,13
27,7268,13
27,7269,13
27,7156,13
27,7155,13
20,4947,13
19,2436,13
17,8256,13
27,7154,13
27,7192,13
27,7153,13
27,7207,13
1,337,13
6,467,13
1,345,13
35,418,13
6,4565,13
38,557,13
15,5285,13
27,7194,13
27,7193,13
6,8009,13
35,4423,13
20,5546,13
20,5531,13
35,5623,13
1,304,13
19,1577,13
2,6306,13
27,7119,13
27,7120,13
27,7121,13
27,7122,13
27,7123,13
27,7124,13
11,183,13
27,7740,13
11,516,13
1,208,13
1,350,13
27,7112,13
27,7113,13
27,7114,13
27,7115,13
27,7116,13
27,7117,13
27,7118,13
27,7128,13
27,7125,13
28,453,13
27,7132,13
27,7133,13
27,7134,13
27,7135,13
27,7136,13
27,7137,13
27,7739,13
27,7126,13
27,7159,13
20,5528,13
20,5527,13
27,7189,13
17,3,13
1,339,13
1,115,13
1,305,13
20,7656,13
20,7655,13
1,222,13
1,4121,13
9,721,13
27,7171,13
27,7172,13
27,7173,13
27,7145,13
27,7092,13
34,8266,13
27,7158,13
1,344,13
1,150,13
27,7157,13
27,7130,13
27,7150,13
27,7100,13
27,7101,13
17,12,13
27,7102,13
27,7129,13
27,7104,13
27,7105,13
27,7106,13
35,5692,13
35,5512,13
6,2986,13
11,307,13
27,7149,13
27,7148,13
27,7147,13
27,7146,13
27,7142,13
27,7103,13
20,5530,13
20,5529,13
2,8265,13
17,543,13
27,7175,13
27,7107,13
27,7108,13
27,7091,13
1,303,13
1,336,13
1,353,13
1,321,13
27,7177,13
20,7654,13
20,7653,13
27,7143,13
27,7127,13
6,396,13
20,6057,13
24,5431,13
9,4278,13
27,7176,13
20,5544,13
20,5545,13
20,5049,13
27,7144,13
27,7038,13
10,690,13
27,7039,13
34,3096,13
27,7215,13
27,7214,13
30,8268,13
27,7213,13
27,7212,13
27,7035,13
30,8267,13
27,7048,13
2,6305,13
27,7186,13
12,5252,13
0,8259,13
9,743,13
1,6906,13
1,160,13
11,181,13
1,370,13
27,7167,13
27,7168,13
27,7152,13
27,7151,13
34,2079,13
27,7211,13
2,6508,13
9,740,13
27,7210,13
27,7749,13
27,7218,13
27,7217,13
1,1697,13
19,290,13
27,7231,13
18,555,13
1,4399,13
27,7037,13
27,7059,13
27,7060,13
27,7232,13
27,7233,13
27,7061,13
27,7234,13
1,8263,13
27,7062,13
27,7063,13
27,7072,13
27,7073,13
27,7216,13
27,7036,13
27,7069,13
27,7170,13
11,6631,13
27,7165,13
27,7164,13
27,7228,13
1,145,13
20,5540,13
27,7163,13
1,329,13
27,7162,13
2,5114,13
1,294,13
32,2744,13
1,195,13
1,134,13
0,7562,13
20,5537,13
27,7049,13
27,7050,13
27,7051,13
27,7052,13
27,7053,13
4,82,13
20,5536,13
27,7178,13
0,76,13
27,7161,13
27,7222,13
27,7221,13
27,7239,13
9,1780,13
9,1695,13
27,7238,13
27,7223,13
9,2776,13
27,7040,13
27,7041,13
27,7042,13
27,7043,13
27,7169,13
27,7045,13
27,7046,13
27,7047,13
27,7224,13
27,7057,13
27,7058,13
27,7225,13
9,589,13
27,7226,13
27,7056,13
27,7055,13
27,7054,13
27,7227,13
27,7044,13
27,7261,13
27,7202,13
27,7247,13
8,1940,13
27,7248,13
6,458,13
6,5501,13
18,515,13
27,7166,13
27,7180,13
27,7251,13
27,7245,13
27,7270,13
27,7271,13
27,7257,13
27,7741,13
1,468,13
6,4271,13
20,5048,13
27,7071,13
20,5541,13
27,7748,13
17,569,13
27,7244,13
27,7252,13
27,7209,13
27,7199,13
27,7198,13
27,7197,13
27,7084,13
27,7085,13
9,793,13
27,7086,13
27,7087,13
27,7088,13
27,7196,13
27,7260,13
27,7230,13
27,7229,13
20,5523,13
27,7249,13
27,7250,13
1,306,13
27,7205,13
27,7204,13
22,91,13
27,7203,13
27,7258,13
27,7259,13
27,7195,13
27,7068,13
27,7236,13
27,7237,13
27,7751,13
27,7070,13
27,7253,13
27,7254,13
27,7255,13
4,6430,13
27,7243,13
27,7235,13
27,7074,13
27,7242,13
27,7241,13
27,7240,13
27,7075,13
27,7064,13
27,7065,13
27,7256,13
27,7066,13
27,7067,13
0,12,13
27,7206,13
27,7246,13
0,8255,13
27,7750,13
27,7262,13
27,7263,13
27,7264,13
2,6307,13
27,7265,13
4,6934,13
0,673,13
0,3,13
10,743,13
27,7139,13
19,840,13
2,7461,13
24,4070,13
2,1882,13
3,760,12
4,381,12
11,7365,12
11,7369,12
11,7360,12
4,184,12
0,3407,12
0,6802,12
27,7745,12
9,888,12
9,1355,12
14,2,12
27,7744,12
11,6632,12
2,9,12
14,1,12
19,63,12
9,8699,12
11,7361,12
11,7362,12
11,7363,12
11,7371,12
11,7364,12
22,528,12
11,7370,12
11,7356,12
9,2833,12
9,1657,12
9,1658,12
4,821,12
9,1300,12
9,1055,12
15,3043,12
11,7387,12
11,7388,12
11,8749,12
16,4278,12
2,8896,12
16,8443,12
3,705,12
11,8846,12
11,8847,12
24,20,12
34,57,12
15,3102,12
1,443,12
4,1741,12
20,5265,12
11,7373,12
11,7377,12
11,7378,12
11,7379,12
6,6887,12
22,42,12
16,6905,12
10,8635,12
6,8750,12
35,1279,12
1,288,12
1,359,12
1,301,12
1,393,12
33,8783,12
20,8891,12
7,2834,12
29,501,12
9,8638,12
7,2833,12
9,2834,12
32,4240,12
31,8647,12
4,8653,12
6,8637,12
11,7389,12
11,7390,12
11,7391,12
11,7392,12
4,8654,12
4,8655,12
20,5266,12
20,5670,12
20,5263,12
20,5264,12
0,8936,12
16,8444,12
1,97,12
1,343,12
20,5662,12
11,7372,12
11,7357,12
11,7358,12
11,7359,12
0,8703,12
0,8701,12
12,8849,12
12,8850,12
20,8446,12
2,605,12
11,592,12
7,8848,12
11,7376,12
19,4447,12
11,7380,12
11,7381,12
11,7366,12
11,7367,12
11,7368,12
16,7670,12
26,1975,12
2,10,12
2,19,12
0,8325,12
20,8447,12
2,624,12
19,2834,12
19,2833,12
20,5665,12
20,5666,12
20,5262,12
1,311,12
26,99,12
24,8937,12
2,8697,12
9,4447,12
12,5642,12
20,5261,12
10,592,12
1,391,12
1,408,12
6,6489,12
11,7382,12
11,7383,12
11,7384,12
11,7385,12
11,7386,12
22,536,12
22,20,12
11,7374,12
11,7375,12
6,468,12
20,8445,12
2,4901,12
4,8054,12
4,8053,12
4,8052,12
4,8068,12
4,8081,12
4,8080,12
4,8079,12
4,8078,12
29,505,12
4,8076,12
4,8075,12
4,8074,12
4,8088,12
4,8087,12
4,8058,12
4,8057,12
4,8056,12
4,8055,12
4,8077,12
4,8060,12
4,8059,12
4,8038,12
4,8037,12
4,8044,12
4,8043,12
4,8042,12
4,8066,12
4,8047,12
4,8064,12
4,8063,12
4,8062,12
4,8061,12
4,8073,12
4,8072,12
4,8050,12
4,8049,12
4,8048,12
4,8065,12
22,8602,12
22,8601,12
22,8605,12
22,40,12
6,408,12
1,410,12
1,409,12
4,8092,12
4,8067,12
4,8090,12
4,8089,12
4,8093,12
30,827,12
30,1054,12
19,184,12
1,80,12
1,287,12
1,202,12
4,8091,12
2,5614,12
1,213,12
2,7445,12
2,712,12
12,485,12
20,5491,12
1,446,12
4,8086,12
22,8599,12
4,8084,12
1,474,12
18,478,12
4,8071,12
4,8070,12
4,8069,12
1,413,12
1,378,12
22,8600,12
4,8085,12
11,7298,12
11,7297,12
11,7296,12
11,7295,12
11,7294,12
27,7736,12
11,7289,12
11,7312,12
20,551,12
9,1635,12
11,7286,12
11,7285,12
11,7284,12
4,8034,12
4,8033,12
4,8027,12
16,3948,12
4,8015,12
11,7311,12
4,8029,12
4,8021,12
24,2759,12
15,8328,12
1,8271,12
4,8020,12
4,8019,12
4,8018,12
11,7301,12
11,7283,12
11,7308,12
11,7307,12
11,6626,12
11,7306,12
11,7305,12
11,7304,12
11,7303,12
11,7302,12
4,8017,12
4,8040,12
4,8039,12
4,8032,12
4,8046,12
4,8045,12
22,12,12
4,8051,12
34,4418,12
4,8014,12
28,7464,12
19,1544,12
2,8611,12
27,21,12
27,87,12
12,475,12
2,7846,12
34,9,12
28,1658,12
20,535,12
4,8023,12
4,8022,12
4,8026,12
4,8025,12
4,8024,12
11,7290,12
4,3627,12
4,8031,12
4,8030,12
4,8041,12
34,10,12
27,7737,12
2,8610,12
22,8609,12
6,802,12
34,25,12
1,1545,12
4,8036,12
4,8035,12
4,3882,12
35,8458,12
20,72,12
23,8894,12
22,8893,12
1,451,12
35,8459,12
11,7331,12
11,7330,12
1,286,12
11,7339,12
11,7337,12
11,7353,12
0,8326,12
11,7346,12
11,7345,12
11,7338,12
22,7651,12
23,8895,12
11,6629,12
6,1746,12
25,5918,12
1,464,12
0,8704,12
32,8462,12
32,5853,12
32,8461,12
20,5259,12
27,149,12
11,7335,12
11,7334,12
11,7336,12
1,6493,12
1,6492,12
28,1657,12
28,1055,12
3,8467,12
7,2436,12
20,5655,12
24,3720,12
24,4789,12
21,593,12
1,5933,12
18,290,12
11,7355,12
11,7352,12
11,7351,12
1,5934,12
21,505,12
21,501,12
22,521,12
11,7347,12
27,8152,12
2,1914,12
2,7845,12
9,889,12
9,8700,12
19,531,12
0,8702,12
27,8151,12
11,7343,12
11,7342,12
11,7341,12
11,7340,12
11,7354,12
2,16,12
2,17,12
11,7344,12
2,14,12
20,5660,12
20,5659,12
27,7742,12
9,982,12
11,7350,12
11,7349,12
11,7348,12
2,8932,12
2,13,12
22,8604,12
22,8603,12
22,8606,12
22,8607,12
22,8608,12
22,8592,12
22,8591,12
22,8590,12
11,6630,12
22,8593,12
33,4552,12
33,4551,12
9,2873,12
9,2872,12
28,4552,12
28,4551,12
11,7328,12
22,8588,12
22,8594,12
1,285,12
1,165,12
1,214,12
22,8859,12
22,8857,12
1,8869,12
1,8868,12
30,8867,12
4,8082,12
2,8865,12
2,8864,12
16,11,12
16,635,12
24,4554,12
24,4553,12
9,4554,12
9,4553,12
4,8083,12
30,8866,12
11,7316,12
28,1563,12
31,8648,12
28,7463,12
34,8892,12
34,20,12
11,7315,12
11,7329,12
22,8589,12
11,7326,12
11,7325,12
11,7324,12
11,7323,12
11,7322,12
11,7321,12
11,6627,12
11,7333,12
11,7332,12
11,7327,12
22,11,12
22,9,12
2,592,12
34,2120,12
27,7738,12
22,8595,12
22,8597,12
22,8596,12
22,8598,12
11,7317,12
11,6628,12
32,8465,12
4,69,12
2,4406,12
32,8464,12
32,4389,12
11,7320,12
11,7319,12
11,7318,12
11,7314,12
6,352,12
6,260,12
6,377,12
6,105,12
4,8657,12
4,8662,12
2,1529,12
19,491,12
9,8812,12
4,8028,12
6,308,12
6,353,12
6,337,12
0,598,12
0,1522,12
30,115,12
0,528,12
0,1558,12
0,521,12
0,529,12
6,261,12
6,183,12
6,223,12
17,26,12
22,8923,12
22,8811,12
22,8810,12
6,8809,12
37,2663,12
15,6894,12
0,8938,12
15,6891,12
6,345,12
6,92,12
26,475,12
2,8838,12
30,8758,12
30,8757,12
4,8664,12
15,1938,12
15,6893,12
15,6892,12
30,8759,12
16,7995,12
16,7994,12
6,229,12
6,106,12
6,242,12
6,207,12
12,5641,12
8,8493,12
8,8492,12
8,8491,12
23,8921,12
0,8873,12
22,4346,12
22,4345,12
22,6889,12
35,3100,12
35,2968,12
2,8872,12
22,8630,12
6,8871,12
35,8870,12
10,8874,12
32,828,12
15,5691,12
8,8498,12
17,20,12
17,450,12
8,8490,12
8,8497,12
8,8496,12
8,8495,12
8,8494,12
16,7636,12
8,8500,12
8,8499,12
6,416,12
30,8837,12
30,8836,12
6,299,12
6,302,12
23,8922,12
9,855,12
16,7637,12
8,8501,12
17,862,12
17,745,12
6,350,12
6,177,12
28,1545,12
20,1979,12
16,5,12
28,1506,12
6,87,12
26,541,12
4,8661,12
4,8652,12
4,8651,12
4,8659,12
6,4333,12
11,7438,12
6,58,12
20,8471,12
6,112,12
2,1301,12
6,224,12
15,8740,12
22,8625,12
37,8930,12
9,857,12
9,892,12
9,856,12
37,8931,12
19,8570,12
19,8569,12
22,8624,12
29,6699,12
26,8875,12
18,7661,12
11,8843,12
9,8842,12
6,173,12
6,175,12
29,6698,12
9,451,12
29,6701,12
29,6700,12
11,7440,12
22,8627,12
22,8626,12
9,828,12
31,475,12
28,1656,12
1,8841,12
6,110,12
6,95,12
6,220,12
22,8629,12
2,1459,12
30,8924,12
9,891,12
34,747,12
11,8926,12
34,549,12
3,8631,12
22,8628,12
9,910,12
22,8840,12
22,8839,12
28,8733,12
9,1462,12
9,905,12
9,1461,12
2,4535,12
11,8925,12
19,629,12
2,7854,12
1,8808,12
1,8807,12
1,8806,12
1,4758,12
4,8010,12
17,1240,12
9,901,12
6,507,12
1,8805,12
16,3949,12
9,468,12
22,1635,12
30,54,12
1,4414,12
35,8943,12
10,8829,12
30,8906,12
24,683,12
33,8832,12
5,8911,12
5,8910,12
0,8735,12
12,5643,12
30,65,12
8,8486,12
16,8899,12
33,8831,12
14,8734,12
22,885,12
22,6913,12
6,5694,12
6,5693,12
9,8941,12
22,8453,12
22,8452,12
16,8900,12
9,8820,12
1,8819,12
1,4394,12
6,700,12
16,2887,12
9,557,12
1,5111,12
22,8456,12
16,8826,12
12,1544,12
10,8830,12
15,8913,12
1,8828,12
4,8909,12
4,8908,12
1,8827,12
19,1747,12
19,1641,12
16,8898,12
15,6610,12
30,8907,12
34,3550,12
24,8530,12
9,8905,12
28,8904,12
28,8903,12
28,8902,12
22,8455,12
11,7282,12
11,7293,12
11,7299,12
28,475,12
1,5110,12
11,7309,12
34,8449,12
24,6436,12
11,7310,12
15,8327,12
1,8270,12
11,7300,12
22,529,12
11,7288,12
11,7287,12
28,1,12
1,4395,12
9,2189,12
1,4396,12
9,8940,12
30,44,12
16,4218,12
1,4398,12
22,8454,12
22,465,12
9,2191,12
4,8013,12
9,2501,12
28,1300,12
4,8663,12
9,772,12
9,2116,12
11,7292,12
11,7291,12
11,6625,12
4,8016,12
4,6125,12
19,8901,12
2,8915,12
17,8939,12
16,6639,12
23,629,12
23,636,12
6,169,12
6,172,12
6,187,12
6,221,12
6,180,12
16,8914,12
6,8736,12
6,280,12
6,104,12
6,215,12
6,343,12
22,8833,12
6,200,12
24,825,12
6,296,12
6,89,12
6,259,12
8,8485,12
8,8489,12
2,8920,12
6,65,12
6,298,12
6,217,12
6,212,12
28,1507,12
28,1901,12
22,8451,12
9,8916,12
17,564,12
12,5253,12
6,274,12
8,8488,12
17,25,12
8,8487,12
22,8573,12
22,8572,12
19,2744,12
9,8917,12
0,8484,12
37,7621,12
37,7991,12
39,8667,12
4,8660,12
10,535,12
2,8824,12
2,8823,12
2,8442,12
2,8441,12
10,830,12
30,839,12
9,8633,12
9,8632,12
6,185,12
25,99,12
22,1490,12
11,8942,12
21,531,12
17,8912,12
21,8822,12
21,8821,12
24,2210,12
30,838,12
30,789,12
6,474,12
6,226,12
33,8835,12
22,8834,12
9,71,12
35,475,12
1,8815,12
1,8814,12
1,8816,12
1,3963,12
22,8457,12
39,8666,12
1,8818,12
1,8817,12
28,614,12
28,683,12
9,890,12
6,8737,12
1,4393,12
1,8813,12
12,5488,12
0,8705,12
9,8707,12
15,8516,12
15,8515,12
0,4443,12
1,7453,12
1,8777,12
10,99,12
15,8741,12
1,8775,12
1,8774,12
1,8773,12
2,8708,12
15,8745,12
0,8257,12
15,8743,12
15,8742,12
22,8578,12
22,8577,12
1,8776,12
0,4442,12
0,4441,12
6,2516,12
28,1508,12
22,8782,12
22,8781,12
16,605,12
1,8780,12
1,8779,12
1,8778,12
9,8706,12
22,8579,12
0,8429,12
22,8585,12
22,8584,12
22,8583,12
22,8582,12
9,748,12
22,8581,12
31,8514,12
6,663,12
22,8580,12
16,838,12
9,1544,12
20,4116,12
9,1543,12
31,8512,12
30,902,12
6,721,12
9,8513,12
1,401,12
0,623,12
30,834,12
2,1825,12
22,8762,12
16,789,12
9,543,12
9,560,12
16,834,12
16,1356,12
16,827,12
9,663,12
9,732,12
0,25,12
30,771,12
9,656,12
25,2211,12
5,475,12
11,7405,12
11,7417,12
11,7416,12
11,7415,12
11,7820,12
11,7414,12
16,839,12
17,8710,12
2,8709,12
19,8367,12
19,8366,12
12,4938,12
9,540,12
9,775,12
30,683,12
16,8770,12
16,8769,12
11,7413,12
11,7396,12
11,7395,12
11,7394,12
11,7393,12
33,8934,12
11,2,12
2,4538,12
6,2435,12
2,4537,12
22,8715,12
24,2989,12
24,4072,12
11,7402,12
11,7401,12
11,7400,12
11,7399,12
11,6633,12
17,8517,12
17,6557,12
20,5672,12
24,3724,12
10,8636,12
9,8425,12
9,8424,12
12,5645,12
23,8933,12
11,7404,12
11,7403,12
14,1635,12
0,8324,12
9,1507,12
11,7397,12
35,1223,12
20,5268,12
20,5267,12
20,5671,12
20,5270,12
20,5269,12
34,2744,12
20,5272,12
20,5271,12
11,7398,12
33,475,12
22,4538,12
22,656,12
22,4537,12
28,1659,12
9,774,12
7,8147,12
20,69,12
6,440,12
11,7407,12
11,7406,12
4,8658,12
6,8746,12
9,784,12
15,1979,12
9,1508,12
9,1659,12
0,31,12
12,5489,12
22,8587,12
22,8586,12
0,8428,12
6,8747,12
4,8656,12
2,7465,12
30,1356,12
6,2434,12
6,1704,12
2,6694,12
20,5674,12
9,1356,12
9,1506,12
9,1656,12
6,3417,12
20,184,12
24,3114,12
11,7411,12
11,7410,12
11,7409,12
11,7408,12
24,3725,12
12,5644,12
9,1545,12
33,8784,12
4,125,12
11,7427,12
11,7426,12
11,7425,12
11,7424,12
19,8272,12
9,815,12
0,8323,12
26,634,12
6,8481,12
17,2070,12
37,153,12
11,7431,12
14,8881,12
14,8880,12
24,30,12
12,531,12
0,8507,12
0,8717,12
0,8716,12
12,5939,12
35,8765,12
0,8727,12
0,8726,12
0,8724,12
35,8764,12
6,8480,12
17,8479,12
26,515,12
34,3205,12
10,8786,12
0,7663,12
11,7428,12
30,8755,12
35,398,12
0,8721,12
0,8720,12
0,8718,12
3,8470,12
11,7437,12
11,7436,12
11,7435,12
11,7434,12
35,3943,12
15,8739,12
15,8738,12
15,2845,12
11,8878,12
9,4345,12
9,4346,12
16,8877,12
16,8876,12
22,599,12
6,51,12
0,8719,12
6,94,12
6,283,12
6,616,12
35,649,12
20,5314,12
9,8763,12
6,176,12
6,278,12
6,281,12
22,4414,12
6,282,12
16,4,12
2,8845,12
2,8844,12
6,85,12
29,6697,12
20,6475,12
6,73,12
6,102,12
6,266,12
6,265,12
15,1981,12
11,7433,12
11,7432,12
37,206,12
37,199,12
30,8756,12
8,501,12
28,827,12
0,6799,12
22,8879,12
11,7439,12
11,7824,12
11,7420,12
11,7419,12
11,7418,12
1,196,12
12,5938,12
1,170,12
12,5640,12
0,621,12
14,485,12
14,475,12
9,854,12
0,862,12
0,745,12
0,567,12
30,8754,12
0,8725,12
0,8731,12
0,8730,12
3,8761,12
3,8760,12
15,8890,12
0,1240,12
11,7412,12
22,8935,12
0,26,12
0,628,12
0,622,12
12,551,12
12,535,12
22,475,12
0,8927,12
1,8768,12
11,7421,12
1,159,12
1,157,12
7,5857,12
9,702,12
20,5696,12
17,608,12
17,560,12
22,8574,12
22,8576,12
22,8575,12
17,600,12
35,521,12
35,536,12
2,8767,12
2,8766,12
1,8884,12
1,8883,12
26,8882,12
34,3112,12
10,8785,12
19,8886,12
15,8889,12
22,8888,12
35,419,12
19,611,12
24,1898,12
0,8682,12
29,6696,12
11,7423,12
11,7422,12
11,7430,12
11,7429,12
19,8885,12
10,549,12
0,8511,12
31,8510,12
0,24,12
2,8887,12
5,8928,12
35,5617,12
26,7638,12
6,732,12
15,2657,12
0,8722,12
35,528,12
35,529,12
9,618,12
6,540,12
15,8929,12
0,8729,12
0,8728,12
26,8509,12
26,8508,12
0,8723,12
6,543,12
11,7764,11
11,7761,11
11,7760,11
4,448,11
4,456,11
11,7766,11
16,254,11
11,7772,11
11,7771,11
11,7770,11
11,7769,11
11,7768,11
11,7767,11
11,7313,11
38,463,11
4,323,11
11,7773,11
11,7780,11
11,7782,11
11,7779,11
11,7778,11
11,8176,11
11,7777,11
11,7776,11
11,7775,11
11,7774,11
4,334,11
4,333,11
4,443,11
16,311,11
11,7781,11
11,7783,11
11,7788,11
11,8178,11
11,7793,11
11,7792,11
16,3408,11
4,8518,11
4,8519,11
22,17,11
11,7787,11
11,7786,11
11,7785,11
11,7784,11
4,199,11
11,7795,11
11,7794,11
11,7791,11
11,7790,11
11,7789,11
11,7798,11
16,289,11
22,582,11
11,7797,11
11,7796,11
11,7801,11
2,9273,11
11,7800,11
11,7799,11
11,8207,11
4,87,11
4,231,11
4,225,11
14,75,11
4,305,11
11,7802,11
4,115,11
11,7805,11
11,7804,11
4,481,11
4,477,11
11,7806,11
11,7808,11
11,7807,11
11,7803,11
11,7815,11
11,7814,11
11,7813,11
11,7809,11
11,7810,11
19,4923,11
4,304,11
22,9129,11
11,7812,11
11,7811,11
9,4923,11
16,316,11
16,315,11
19,381,11
16,613,11
4,488,11
4,461,11
4,92,11
4,360,11
4,472,11
4,486,11
4,467,11
11,7817,11
20,460,11
0,4932,11
0,4931,11
2,667,11
24,2915,11
11,7816,11
14,1732,11
0,8971,11
0,8970,11
33,9275,11
23,9274,11
11,8237,11
4,299,11
4,298,11
4,228,11
11,7818,11
22,9238,11
1,547,11
11,7819,11
4,276,11
4,309,11
4,312,11
4,44,11
4,328,11
11,8244,11
4,172,11
4,187,11
11,7821,11
4,351,11
4,259,11
4,235,11
4,280,11
29,1459,11
29,1301,11
11,7822,11
4,306,11
4,296,11
4,253,11
37,8418,11
4,185,11
9,824,11
9,798,11
0,8968,11
4,252,11
11,7823,11
11,7827,11
11,7826,11
11,7825,11
11,8252,11
9,863,11
16,4217,11
0,8969,11
11,9264,11
37,8413,11
11,7828,11
22,33,11
37,8412,11
6,41,11
20,9173,11
9,895,11
31,485,11
9,1345,11
10,9263,11
0,9262,11
25,1733,11
17,9130,11
6,9261,11
37,8403,11
37,8402,11
37,8401,11
2,1826,11
37,8400,11
37,7993,11
16,304,11
37,8399,11
37,8398,11
37,8397,11
1,4729,11
37,8395,11
3,3433,11
22,1826,11
30,459,11
22,9266,11
37,8392,11
37,8391,11
37,8390,11
37,8389,11
37,8388,11
37,8386,11
37,7625,11
37,8385,11
30,62,11
37,8382,11
14,9240,11
1,4730,11
37,8378,11
37,7992,11
1,527,11
3,3629,11
30,35,11
30,460,11
20,8000,11
9,1539,11
16,7635,11
37,8368,11
15,6890,11
35,3426,11
9,873,11
9,874,11
9,478,11
9,872,11
9,853,11
21,664,11
28,9239,11
9,875,11
9,871,11
22,1732,11
9,852,11
9,851,11
35,5517,11
35,5516,11
35,5515,11
20,8477,11
11,9208,11
35,6010,11
35,5514,11
35,5520,11
35,5519,11
35,5518,11
0,9237,11
1,1826,11
9,682,11
14,4932,11
14,4931,11
21,463,11
9,510,11
32,9248,11
9,495,11
34,4562,11
16,4911,11
1,9249,11
16,346,11
22,485,11
9,561,11
10,867,11
10,941,11
16,624,11
30,614,11
1,99,11
20,9265,11
27,8153,11
34,2689,11
26,3206,11
27,8566,11
27,8565,11
34,3982,11
27,8562,11
27,8563,11
27,8561,11
27,8560,11
27,8150,11
34,3597,11
24,3051,11
18,474,11
0,568,11
34,1826,11
29,1826,11
34,4305,11
19,1824,11
1,834,11
1,902,11
20,835,11
20,5941,11
20,5940,11
20,5946,11
20,5945,11
20,5944,11
20,5942,11
9,758,11
20,5947,11
20,5956,11
20,1701,11
20,5955,11
20,5656,11
20,5954,11
20,5952,11
20,5951,11
20,5950,11
20,5949,11
20,5948,11
20,5953,11
20,5968,11
20,5958,11
20,5492,11
10,4069,11
7,9260,11
20,5971,11
20,3114,11
20,5957,11
20,5963,11
20,5961,11
32,9171,11
20,5657,11
20,5970,11
20,5960,11
20,5959,11
20,5965,11
20,5964,11
20,5494,11
6,6063,11
6,4268,11
12,507,11
11,667,11
20,5658,11
20,5969,11
20,5967,11
20,5975,11
20,5979,11
20,5978,11
20,5977,11
20,5982,11
20,5980,11
20,5981,11
20,5984,11
20,5983,11
6,6062,11
3,68,11
3,2,11
10,667,11
20,5986,11
20,5673,11
20,5988,11
20,5987,11
20,5497,11
7,5124,11
20,5993,11
20,5992,11
20,5991,11
20,381,11
2,571,11
2,6309,11
22,9247,11
20,4276,11
20,5534,11
37,594,11
20,526,11
20,4277,11
20,5548,11
26,625,11
6,9250,11
24,2985,11
32,895,11
9,9251,11
2,1242,11
2,9272,11
19,2689,11
24,487,11
2,1498,11
11,8002,11
35,485,11
6,6015,11
6,6014,11
6,6013,11
6,6012,11
6,6011,11
22,9192,11
16,9270,11
9,9252,11
6,6025,11
6,6024,11
6,6023,11
6,6022,11
6,6021,11
6,6020,11
6,6019,11
6,6018,11
6,6017,11
10,551,11
16,9254,11
1,9253,11
15,9269,11
15,6609,11
6,6032,11
6,6031,11
6,6030,11
6,6029,11
6,6028,11
6,6027,11
22,9169,11
4,566,11
6,6016,11
6,6033,11
22,9168,11
9,1579,11
9,1624,11
11,9276,11
6,6026,11
6,6043,11
6,6042,11
6,6041,11
6,6040,11
9,2541,11
33,9255,11
9,454,11
6,252,11
6,178,11
6,279,11
22,877,11
6,370,11
6,196,11
6,96,11
12,7508,11
6,6038,11
6,6037,11
6,6036,11
6,6035,11
6,6034,11
6,6052,11
6,6051,11
6,290,11
1,5625,11
1,4770,11
1,8254,11
6,9244,11
6,107,11
6,188,11
6,82,11
6,464,11
6,9159,11
6,312,11
6,222,11
6,205,11
6,204,11
6,144,11
6,367,11
6,357,11
25,507,11
1,5910,11
6,313,11
6,411,11
6,6055,11
6,236,11
9,9256,11
6,6050,11
6,6049,11
6,6048,11
6,6047,11
6,6046,11
6,6045,11
6,6044,11
4,8502,11
6,271,11
2,3390,11
2,3389,11
6,333,11
6,79,11
6,323,11
6,334,11
6,369,11
6,368,11
4,8504,11
4,8503,11
17,7,11
22,4758,11
21,3417,11
11,9257,11
6,335,11
24,42,11
1,5626,11
16,364,11
2,9259,11
2,9258,11
35,5616,11
0,9167,11
35,6553,11
8,505,11
16,361,11
19,612,11
0,9235,11
35,5618,11
1,315,11
1,395,11
1,375,11
1,377,11
1,358,11
12,6709,11
1,67,11
20,6917,11
6,5684,11
2,3393,11
2,3392,11
1,284,11
1,164,11
1,137,11
1,493,11
1,388,11
1,151,11
1,316,11
1,444,11
1,352,11
1,396,11
1,361,11
1,364,11
6,1668,11
2,3394,11
15,22,11
19,468,11
1,325,11
1,324,11
1,322,11
1,415,11
1,414,11
12,7507,11
19,3396,11
21,2516,11
0,9236,11
9,751,11
9,887,11
16,5864,11
9,763,11
11,7762,11
11,7765,11
4,515,11
4,457,11
4,449,11
9,1732,11
11,7763,11
16,4304,11
4,335,11
4,163,11
11,8161,10
11,8162,10
16,5448,10
11,8164,10
11,8165,10
11,8166,10
26,5258,10
26,3703,10
30,49,10
27,9206,10
1,1988,10
27,8568,10
34,5646,10
34,15,10
11,8172,10
11,8173,10
16,9692,10
6,2759,10
6,1477,10
16,9693,10
24,3402,10
30,39,10
30,72,10
30,53,10
9,736,10
9,729,10
9,765,10
30,40,10
27,9202,10
27,9204,10
11,9826,10
11,8181,10
11,8182,10
11,8177,10
11,8174,10
11,8175,10
11,8613,10
34,5255,10
27,8567,10
9,1824,10
0,9787,10
0,9788,10
16,9681,10
16,9682,10
16,9680,10
6,2113,10
6,2112,10
16,9688,10
16,9689,10
16,9685,10
16,9686,10
16,9687,10
16,9684,10
16,9683,10
3,9653,10
3,9654,10
34,4326,10
27,8564,10
3,9655,10
3,9652,10
1,5486,10
2,248,10
9,569,10
30,37,10
16,9704,10
16,9705,10
16,9700,10
16,9701,10
11,8188,10
11,8189,10
11,8179,10
11,8180,10
9,1457,10
16,9699,10
16,9698,10
16,9697,10
16,9696,10
16,9695,10
37,51,10
9,9677,10
16,9679,10
11,9825,10
16,9703,10
6,9648,10
2,5861,10
34,5649,10
27,110,10
27,107,10
30,48,10
10,516,10
16,902,10
24,3404,10
28,9335,10
22,34,10
11,8196,10
11,8197,10
11,8183,10
11,8184,10
24,3405,10
3,819,10
34,5256,10
24,3710,10
24,3711,10
37,1456,10
37,1339,10
37,1341,10
37,1634,10
6,194,10
11,4,10
6,7735,10
37,1239,10
37,1340,10
31,9678,10
16,1054,10
9,562,10
34,5257,10
34,5651,10
22,807,10
24,3403,10
1,1982,10
1,1983,10
1,1636,10
6,9647,10
1,478,10
11,8193,10
11,8194,10
11,8195,10
11,8198,10
22,742,10
11,8199,10
11,8200,10
11,8185,10
11,8186,10
11,8187,10
11,8204,10
11,8205,10
11,8190,10
11,8191,10
11,8192,10
16,9702,10
6,2111,10
6,288,10
6,1526,10
22,453,10
35,355,10
1,1984,10
1,1986,10
1,1985,10
1,1987,10
1,1762,10
1,1852,10
6,9645,10
6,9642,10
6,9643,10
20,6322,10
2,3695,10
2,3694,10
2,3696,10
2,3697,10
2,3699,10
11,8203,10
11,8206,10
11,8614,10
22,32,10
26,503,10
0,74,10
22,45,10
35,1224,10
35,1466,10
11,8201,10
11,8202,10
19,6611,10
1,450,10
30,46,10
30,50,10
26,3704,10
26,3705,10
17,14,10
20,9870,10
2,9898,10
24,3398,10
24,2545,10
20,6328,10
20,6330,10
6,9639,10
6,9640,10
9,764,10
20,6323,10
20,2565,10
11,8211,10
11,8212,10
11,8213,10
11,8208,10
11,8209,10
11,538,10
11,8210,10
20,3397,10
20,5654,10
20,6325,10
1,7495,10
16,9707,10
16,9708,10
16,5620,10
10,1744,10
16,4910,10
9,1654,10
9,1299,10
24,3118,10
20,6343,10
20,6326,10
20,6331,10
0,67,10
37,8732,10
9,752,10
9,720,10
9,790,10
20,6324,10
11,8214,10
11,8215,10
11,8216,10
11,8217,10
24,5995,10
26,9676,10
19,718,10
16,9710,10
16,9709,10
16,9706,10
20,6327,10
20,6329,10
20,6332,10
22,794,10
22,58,10
11,8229,10
11,8230,10
11,8219,10
11,8218,10
11,8221,10
11,8222,10
11,8223,10
11,8224,10
11,8225,10
11,8226,10
9,1479,10
20,6342,10
20,6352,10
20,6335,10
20,6341,10
20,6338,10
20,6351,10
20,6339,10
1,7497,10
16,4909,10
19,666,10
11,8227,10
11,8228,10
22,55,10
11,8220,10
32,9636,10
34,3396,10
6,562,10
0,689,10
9,2118,10
20,6337,10
20,5260,10
20,6346,10
24,3115,10
32,9635,10
20,6333,10
20,6340,10
15,4311,10
11,8236,10
11,8231,10
11,8233,10
11,8234,10
11,8235,10
9,2658,10
9,1563,10
20,6344,10
20,6345,10
34,4067,10
19,2186,10
6,9665,10
32,5124,10
9,538,10
30,66,10
17,9664,10
2,9881,10
24,3136,10
16,1532,10
9,9345,10
9,1901,10
26,546,10
26,539,10
26,545,10
2,28,10
24,3117,10
20,6334,10
20,6353,10
20,6358,10
6,3136,10
35,431,10
6,7632,10
11,8232,10
6,8426,10
0,9333,10
20,6356,10
20,5972,10
20,6357,10
20,6350,10
20,6347,10
20,6359,10
2,35,10
0,9789,10
30,56,10
16,9711,10
24,74,10
24,7,10
11,8238,10
20,9627,10
20,6900,10
20,6348,10
20,6361,10
30,42,10
30,71,10
35,5287,10
20,6367,10
20,6362,10
20,6363,10
20,6364,10
20,6349,10
20,6360,10
11,8242,10
0,9347,10
0,9348,10
0,5458,10
24,2270,10
6,195,10
21,735,10
19,828,10
0,5457,10
9,3421,10
2,180,10
20,6372,10
20,6366,10
2,275,10
27,8,10
15,5119,10
16,239,10
30,38,10
2,3592,10
2,3692,10
2,3691,10
20,6374,10
20,6368,10
20,6370,10
20,6369,10
20,6371,10
20,6380,10
20,6375,10
20,6382,10
20,6377,10
20,6378,10
20,6379,10
20,6373,10
2,3686,10
20,6388,10
37,9128,10
37,8423,10
37,9126,10
11,8243,10
28,491,10
24,2983,10
20,5661,10
20,6384,10
20,5976,10
20,6385,10
20,6386,10
20,6381,10
20,5664,10
12,4571,10
12,2549,10
12,508,10
12,509,10
37,8980,10
6,272,10
6,273,10
24,497,10
6,269,10
19,508,10
19,509,10
11,8240,10
11,8241,10
11,8247,10
11,8248,10
11,8251,10
11,8620,10
11,8245,10
37,8420,10
37,8421,10
37,9124,10
37,9125,10
37,9119,10
37,9120,10
11,8239,10
24,3113,10
37,8981,10
37,8982,10
37,8983,10
37,8984,10
12,3408,10
24,67,10
20,6383,10
37,8985,10
37,8986,10
24,3399,10
35,533,10
6,6471,10
6,2773,10
6,6472,10
6,6473,10
17,53,10
24,2912,10
6,179,10
22,9880,10
35,427,10
35,430,10
37,8422,10
37,9127,10
37,85,10
11,8246,10
37,9121,10
37,9122,10
37,9123,10
37,9116,10
11,8249,10
11,8250,10
11,8619,10
37,8988,10
37,8989,10
37,8990,10
37,8991,10
20,6394,10
20,6396,10
20,5985,10
20,6395,10
16,8433,10
35,6619,10
11,8253,10
1,7468,10
9,1714,10
9,493,10
24,3708,10
24,3709,10
6,1862,10
6,527,10
6,208,10
3,9661,10
3,9660,10
6,9625,10
6,339,10
37,8419,10
37,8417,10
37,9115,10
37,8416,10
37,9117,10
37,9118,10
20,6404,10
20,6400,10
20,6397,10
20,6398,10
20,6399,10
20,5667,10
20,6393,10
20,6389,10
20,6390,10
9,1921,10
37,8995,10
37,8369,10
37,9103,10
37,9104,10
6,9670,10
6,9671,10
24,1785,10
22,9894,10
37,8987,10
9,2664,10
9,1273,10
20,6401,10
20,6402,10
20,6403,10
20,6405,10
20,6408,10
20,6409,10
20,6412,10
20,6410,10
20,6411,10
37,8410,10
9,9777,10
2,9783,10
24,3414,10
16,8,10
11,9892,10
11,9893,10
37,9112,10
37,9113,10
37,9114,10
3,3436,10
3,3437,10
3,9659,10
6,6053,10
6,6054,10
35,9908,10
18,9180,10
26,9891,10
11,8622,10
11,8623,10
37,8415,10
37,9344,10
32,5452,10
24,3116,10
20,6420,10
20,6421,10
20,6422,10
20,6413,10
20,6406,10
20,6407,10
20,6418,10
37,9102,10
37,8405,10
37,8406,10
37,8407,10
6,6466,10
6,6467,10
24,3706,10
24,3707,10
24,3400,10
22,617,10
22,886,10
20,9662,10
6,64,10
6,47,10
6,393,10
37,8411,10
37,9108,10
37,9109,10
37,9110,10
37,9111,10
37,8992,10
37,5685,10
30,45,10
37,8994,10
3,82,10
37,8997,10
37,8998,10
37,8999,10
37,9000,10
37,8372,10
37,9001,10
37,9105,10
37,9106,10
37,9107,10
37,8414,10
37,9095,10
37,9089,10
22,2268,10
22,51,10
2,3680,10
20,828,10
20,895,10
20,5989,10
24,3052,10
20,6419,10
20,5675,10
20,6423,10
8,9669,10
8,9179,10
8,750,10
24,3598,10
1,574,10
16,5873,10
20,5273,10
20,5274,10
37,8993,10
1,4400,10
1,8634,10
2,9785,10
37,9100,10
37,9101,10
37,8404,10
3,9768,10
9,1621,10
31,560,10
3,3065,10
16,5677,10
2,3682,10
2,3683,10
2,3198,10
20,5990,10
34,8,10
2,3588,10
2,3655,10
2,3668,10
2,9889,10
2,9890,10
9,1533,10
37,9096,10
37,9097,10
37,9098,10
37,9099,10
24,2982,10
2,3667,10
2,3678,10
37,8373,10
37,8374,10
37,9005,10
37,8375,10
37,8376,10
30,29,10
37,8371,10
37,8408,10
37,8409,10
37,9094,10
37,9087,10
37,9088,10
24,8340,10
2,5863,10
10,2611,10
2,7498,10
2,9899,10
24,40,10
11,496,10
20,71,10
9,9769,10
37,9090,10
37,9091,10
37,9092,10
37,9093,10
37,9081,10
37,9343,10
37,9078,10
3,8469,10
3,6474,10
2,9888,10
37,886,10
2,3652,10
2,3653,10
3,794,10
25,749,10
3,9658,10
6,6039,10
6,6468,10
6,6469,10
6,6470,10
21,5281,10
9,3545,10
9,3032,10
2,9900,10
9,1364,10
2,5862,10
22,9833,10
37,9006,10
37,9007,10
37,8370,10
37,8996,10
30,55,10
30,58,10
30,61,10
37,9003,10
37,9004,10
22,9895,10
9,2742,10
9,3546,10
9,3033,10
37,9084,10
37,9085,10
37,9086,10
27,5,10
1,4898,10
3,9656,10
3,9657,10
22,9633,10
9,9770,10
37,9080,10
37,9082,10
37,9083,10
9,3547,10
3,3217,10
37,9019,10
22,1910,10
24,3984,10
9,1526,10
37,9009,10
37,9010,10
37,9011,10
37,9012,10
37,9002,10
30,452,10
37,8379,10
3,3062,10
30,59,10
30,57,10
37,9026,10
37,9027,10
37,9077,10
37,9079,10
37,9068,10
1,6503,10
14,9772,10
9,9771,10
24,9729,10
24,2984,10
28,9901,10
9,3548,10
9,3949,10
1,7496,10
37,9066,10
37,9069,10
37,9067,10
14,9774,10
14,9773,10
37,9070,10
33,9879,10
37,9073,10
37,8396,10
37,9074,10
37,9075,10
37,9076,10
3,3434,10
3,3435,10
37,9071,10
37,9072,10
37,9064,10
37,9065,10
37,9060,10
38,1902,10
28,9902,10
6,6465,10
1,495,10
22,9896,10
22,9897,10
37,9028,10
6,9809,10
37,9014,10
37,9015,10
37,9016,10
37,9017,10
37,8377,10
37,9008,10
27,3,10
37,8380,10
37,9020,10
30,47,10
30,51,10
37,9061,10
37,9062,10
30,9903,10
30,9904,10
15,8532,10
37,9063,10
37,8394,10
37,8387,10
10,598,10
16,9905,10
12,1824,10
1,9878,10
11,9823,10
37,9059,10
37,9048,10
37,9049,10
37,9050,10
30,60,10
37,9051,10
37,8393,10
30,36,10
30,52,10
22,934,10
37,9025,10
37,9029,10
24,3406,10
37,9052,10
37,8384,10
37,9053,10
37,9054,10
37,9055,10
37,9056,10
37,9057,10
37,9038,10
37,9039,10
30,41,10
37,9058,10
37,8381,10
37,9021,10
37,9022,10
37,9013,10
24,36,10
30,9907,10
9,9875,10
37,314,10
37,9045,10
37,9046,10
37,9047,10
37,9023,10
37,9024,10
9,9877,10
6,6464,10
6,8665,10
24,3401,10
37,9030,10
37,9031,10
37,9032,10
2,1758,10
30,64,10
37,8383,10
37,9040,10
37,9041,10
37,9042,10
37,9043,10
37,9044,10
2,1801,10
2,1652,10
2,1634,10
2,9906,10
2,1340,10
2,1239,10
2,1456,10
2,1653,10
2,1530,10
2,1779,10
2,3162,10
2,4400,10
2,1607,10
2,1339,10
2,1669,10
24,69,10
4,9781,10
2,1759,10
4,459,10
4,473,10
37,9033,10
37,9034,10
37,9035,10
37,9036,10
37,9037,10
37,9018,10
30,43,10
3,3063,10
2,9784,10
11,9822,10
16,9626,10
2,1803,10
2,1804,10
2,1805,10
2,1802,10
2,1531,10
2,1341,10
6,6462,10
6,6463,10
2,1806,10
2,1670,10
2,1499,10
11,8167,10
11,8159,10
11,8163,10
11,8170,10
11,8171,10
22,244,10
22,245,10
11,8168,10
11,8169,10
11,8160,10
28,4,10
16,9694,10
16,9690,10
16,9691,10
6,294,10
34,9630,10
24,4329,9
6,390,9
6,210,9
6,241,9
6,347,9
9,942,9
19,1922,9
6,374,9
6,233,9
6,2547,9
16,6606,9
16,5878,9
16,6607,9
16,6608,9
16,6190,9
16,6191,9
1,10200,9
0,1603,9
2,2268,9
4,9713,9
1,10215,9
1,10216,9
1,10217,9
1,10218,9
1,10219,9
1,10220,9
24,456,9
16,6169,9
16,305,9
16,6592,9
16,6593,9
16,6988,9
16,5874,9
16,6594,9
16,6597,9
22,360,9
1,10209,9
1,10210,9
1,10211,9
1,10212,9
1,10213,9
24,457,9
16,458,9
16,6175,9
0,542,9
34,843,9
17,6705,9
0,565,9
0,1740,9
1,10221,9
1,10222,9
1,10223,9
1,10224,9
1,10225,9
1,10214,9
11,10165,9
19,526,9
24,2968,9
22,10208,9
3,4116,9
16,5869,9
16,6172,9
16,5621,9
16,6596,9
16,6174,9
15,8537,9
15,9190,9
15,7733,9
5,10262,9
17,10263,9
22,10114,9
17,10003,9
24,26,9
24,3100,9
34,583,9
22,10113,9
30,10181,9
30,10182,9
30,10183,9
30,10184,9
30,10185,9
24,5276,9
24,416,9
19,10261,9
3,4276,9
14,1907,9
24,228,9
1,4899,9
1,4900,9
20,93,9
19,10207,9
29,8802,9
29,8803,9
29,8804,9
2,7466,9
15,8538,9
15,8536,9
29,8789,9
29,8790,9
34,807,9
29,8791,9
29,8792,9
29,8793,9
29,8794,9
29,8795,9
29,8796,9
29,8797,9
29,8798,9
29,8799,9
29,8800,9
29,8801,9
3,3216,9
9,2542,9
9,2117,9
4,10139,9
4,10140,9
3,3132,9
30,1563,9
9,2651,9
9,3098,9
16,6588,9
16,6159,9
16,6160,9
16,6589,9
16,6590,9
16,6168,9
16,6591,9
16,6170,9
29,8788,9
20,202,9
20,214,9
29,8787,9
20,213,9
20,378,9
30,1657,9
30,1658,9
9,3385,9
16,6311,9
9,4304,9
22,10205,9
22,10206,9
10,583,9
12,1915,9
2,15,9
9,4217,9
3,4392,9
3,4015,9
22,10101,9
22,10095,9
30,1989,9
30,1508,9
30,1659,9
30,1784,9
26,691,9
22,10100,9
12,1916,9
12,1917,9
20,271,9
20,287,9
20,285,9
20,286,9
20,6797,9
20,6798,9
20,6790,9
3,2186,9
3,3064,9
9,1562,9
3,3134,9
6,397,9
6,300,9
6,256,9
22,260,9
16,7009,9
3,3881,9
3,10037,9
3,4390,9
3,4391,9
16,10128,9
16,6997,9
16,6173,9
16,7001,9
16,6182,9
6,306,9
22,10099,9
3,3219,9
3,3133,9
16,6585,9
16,6587,9
16,5875,9
0,536,9
0,619,9
12,4939,9
20,336,9
22,261,9
24,5260,9
16,6581,9
16,6969,9
16,6970,9
16,5870,9
16,6571,9
16,6165,9
16,6171,9
20,6786,9
20,6426,9
16,5876,9
16,6176,9
16,6177,9
16,6598,9
16,6599,9
22,10094,9
30,1507,9
17,10137,9
22,10096,9
22,10097,9
22,10098,9
16,6161,9
20,6789,9
20,6791,9
20,6792,9
20,6793,9
20,6794,9
20,6795,9
20,6796,9
20,5496,9
22,222,9
3,3223,9
3,3066,9
3,3067,9
6,84,9
3,3220,9
3,3221,9
0,564,9
17,1543,9
3,3222,9
22,10091,9
9,576,9
6,8468,9
6,7649,9
20,6787,9
20,6788,9
22,10093,9
15,9786,9
15,10143,9
15,10144,9
3,3135,9
22,10089,9
15,10145,9
15,10146,9
20,6782,9
20,6783,9
20,6784,9
20,6785,9
20,6424,9
20,6781,9
9,5284,9
22,10092,9
0,572,9
16,6572,9
10,10115,9
24,137,9
16,5872,9
16,6162,9
16,6163,9
16,6164,9
16,6977,9
16,5871,9
20,6773,9
20,6780,9
20,6779,9
20,6775,9
3,3224,9
16,7,9
3,4277,9
15,4279,9
22,10227,9
6,305,9
6,225,9
6,231,9
22,10254,9
9,1523,9
17,21,9
6,470,9
6,471,9
22,10090,9
20,6776,9
20,6777,9
20,6778,9
20,6763,9
16,6156,9
15,4384,9
15,4284,9
35,65,9
1,8751,9
24,339,9
16,6154,9
15,10150,9
15,10151,9
30,263,9
20,6774,9
20,6768,9
20,6761,9
20,6769,9
16,9352,9
11,8621,9
0,9991,9
6,199,9
11,99,9
15,10158,9
6,2125,9
6,191,9
6,192,9
34,10253,9
29,4939,9
12,555,9
20,6770,9
20,6771,9
20,6772,9
20,6762,9
35,5890,9
35,5891,9
24,6355,9
6,462,9
11,10228,9
30,10176,9
30,10177,9
30,10178,9
30,8698,9
30,10179,9
30,10180,9
30,1300,9
20,6766,9
20,6767,9
20,7539,9
20,6757,9
15,10147,9
15,10148,9
15,10149,9
15,10153,9
20,6748,9
20,7537,9
20,6749,9
20,6753,9
20,6758,9
20,6756,9
20,6376,9
20,6754,9
20,6759,9
20,6755,9
20,6760,9
2,7462,9
20,6764,9
20,6765,9
11,8618,9
20,5974,9
20,7529,9
20,195,9
15,5858,9
22,382,9
6,162,9
15,10157,9
0,9992,9
16,6157,9
16,329,9
16,6582,9
16,6576,9
16,6583,9
16,6166,9
16,6167,9
15,10152,9
16,7005,9
16,7006,9
15,10155,9
15,10156,9
6,193,9
19,779,9
19,8505,9
20,208,9
16,7007,9
16,6601,9
2,124,9
20,5966,9
20,6747,9
20,6739,9
20,6750,9
20,6751,9
20,5973,9
20,6737,9
35,6898,9
6,7027,9
35,6897,9
35,6895,9
35,6896,9
16,7004,9
20,7527,9
20,7528,9
20,6740,9
20,6741,9
20,6745,9
20,531,9
20,6742,9
16,6180,9
9,2487,9
35,6899,9
20,6744,9
30,1656,9
15,4383,9
15,4280,9
15,4281,9
15,4282,9
15,4283,9
6,821,9
35,438,9
22,27,9
22,19,9
21,722,9
16,6136,9
6,4791,9
32,9170,9
32,10029,9
16,6142,9
16,6146,9
38,596,9
38,595,9
12,486,9
15,4385,9
15,4386,9
12,8293,9
0,9994,9
30,10171,9
20,5962,9
2,24,9
2,26,9
2,21,9
30,10173,9
30,10174,9
30,10175,9
17,15,9
0,357,9
16,6152,9
16,6158,9
16,6151,9
16,6577,9
10,1993,9
6,808,9
6,8361,9
20,6734,9
20,6735,9
20,6738,9
20,6746,9
12,8294,9
6,7029,9
35,6555,9
35,6556,9
6,163,9
6,425,9
16,5867,9
6,7028,9
20,6731,9
20,6732,9
20,7523,9
34,4940,9
34,5254,9
6,725,9
6,809,9
30,10172,9
34,8311,9
30,1055,9
34,4941,9
34,2756,9
26,10248,9
1,10249,9
35,566,9
35,578,9
20,6743,9
20,9163,9
20,9164,9
20,6726,9
20,6736,9
32,10030,9
20,6729,9
20,6730,9
20,6733,9
20,6727,9
20,6724,9
22,22,9
25,503,9
16,6127,9
16,2774,9
16,215,9
35,6554,9
24,4375,9
22,533,9
11,9761,9
32,10031,9
34,4944,9
34,3983,9
34,2757,9
17,726,9
35,564,9
2,10251,9
22,10252,9
19,10250,9
11,9765,9
16,6153,9
0,9993,9
6,6008,9
22,578,9
20,6354,9
20,6722,9
20,6725,9
20,6336,9
20,7521,9
20,6728,9
0,2487,9
32,10032,9
20,5943,9
20,6720,9
11,8616,9
11,8617,9
16,1364,9
1,510,9
6,415,9
15,4285,9
20,6719,9
20,6723,9
20,6721,9
6,724,9
35,607,9
35,565,9
16,6600,9
16,6181,9
16,6178,9
16,6179,9
16,6603,9
0,15,9
31,10053,9
16,6574,9
16,6569,9
16,6140,9
16,6147,9
24,674,9
30,1545,9
30,453,9
16,5877,9
32,10033,9
6,412,9
0,10054,9
0,10055,9
11,8615,9
11,9222,9
11,9224,9
11,9221,9
0,721,9
0,663,9
20,4945,9
35,568,9
35,572,9
16,6185,9
16,7017,9
16,6183,9
16,6184,9
16,6964,9
16,6575,9
2,9178,9
17,724,9
17,678,9
17,615,9
35,542,9
17,704,9
17,709,9
17,730,9
2,25,9
2,346,9
2,27,9
32,10034,9
32,10035,9
20,6718,9
0,1543,9
0,732,9
19,3597,9
0,21,9
16,6138,9
16,200,9
9,868,9
9,831,9
7,6919,9
6,251,9
6,414,9
6,4014,9
0,323,9
0,9996,9
16,6149,9
16,6144,9
34,27,9
34,19,9
34,5884,9
34,11,9
27,9200,9
6,10007,9
6,10008,9
20,5653,9
20,6717,9
34,5127,9
34,5885,9
34,5886,9
2,10187,9
4,9719,9
22,26,9
22,21,9
2,9834,9
34,3049,9
16,6145,9
16,6137,9
22,18,9
16,6586,9
16,6155,9
16,6584,9
16,6578,9
19,660,9
6,349,9
1,691,9
2,6916,9
2,8005,9
2,9177,9
34,5882,9
2,31,9
2,22,9
2,20,9
34,22,9
16,1545,9
16,1506,9
6,147,9
37,766,9
6,157,9
6,159,9
6,355,9
9,716,9
16,1656,9
16,6605,9
2,7659,9
20,10188,9
16,7018,9
30,1506,9
31,10056,9
22,24,9
4,9716,9
4,9717,9
4,9720,9
4,9721,9
4,9722,9
4,9718,9
4,9723,9
16,7019,9
16,6602,9
16,6186,9
16,6187,9
16,6188,9
16,6132,9
16,6942,9
16,6133,9
9,943,9
6,376,9
6,219,9
6,255,9
9,717,9
9,886,9
9,797,9
34,18,9
27,9201,9
7,432,9
7,462,9
9,641,9
16,1507,9
16,1784,9
9,746,9
16,1508,9
9,785,9
9,1342,9
9,823,9
6,111,9
27,9203,9
2,18,9
24,4330,9
16,1300,9
16,1055,9
16,1657,9
22,607,9
16,6131,9
16,6130,9
6,295,9
9,1989,9
9,1784,9
22,16,9
4,9714,9
4,9715,9
22,565,9
11,8612,9
34,349,9
27,9205,9
34,383,9
2,7660,9
34,24,9
16,1658,9
16,1989,9
16,1659,9
1,10201,9
1,10202,9
1,10203,9
1,10204,9
1,10194,9
1,10195,9
1,10196,9
1,10197,9
1,10191,9
1,10192,9
1,10193,9
22,15,9
30,174,9
34,16,9
34,26,9
6,314,9
16,6148,9
16,203,9
16,6573,9
10,6706,9
16,6139,9
0,9995,9
16,6568,9
27,9207,9
34,4325,9
34,5883,9
34,5881,9
34,5126,9
1,10198,9
1,10199,9
34,429,9
16,1661,9
16,9162,9
22,564,9
6,373,9
10,6707,9
10,6708,9
16,6143,9
16,6134,9
16,6135,9
16,5866,9
16,6128,9
16,6129,9
16,393,9
16,6150,9
22,568,9
22,572,9
16,5868,9
0,10390,8
24,371,8
24,4956,8
24,7974,8
6,589,8
6,908,8
19,1567,8
19,1648,8
19,1647,8
19,1646,8
6,6455,8
24,7988,8
24,7987,8
6,759,8
24,6818,8
24,6817,8
6,547,8
6,230,8
34,28,8
34,10442,8
12,8286,8
27,10077,8
34,58,8
30,78,8
22,36,8
12,8284,8
27,95,8
27,11,8
9,649,8
12,9285,8
12,8283,8
12,8282,8
34,13,8
30,310,8
2,10051,8
3,10561,8
3,10566,8
3,10565,8
3,10564,8
27,10075,8
34,5282,8
34,2662,8
3,10563,8
0,10932,8
0,10931,8
0,10930,8
0,7657,8
9,757,8
16,11047,8
16,2118,8
9,600,8
9,608,8
3,10562,8
27,114,8
34,21,8
34,5490,8
27,9756,8
34,5650,8
2,8482,8
30,167,8
24,6444,8
24,7580,8
24,7577,8
2,30,8
1,8854,8
1,8853,8
9,616,8
16,453,8
9,615,8
0,11176,8
9,609,8
6,10560,8
28,2508,8
2,199,8
2,251,8
2,412,8
2,206,8
2,338,8
24,7581,8
3,1370,8
3,981,8
24,4068,8
6,8466,8
6,10443,8
34,6193,8
2,9176,8
6,10559,8
3,1559,8
34,5647,8
34,2613,8
29,2613,8
28,2507,8
28,1762,8
22,1052,8
20,453,8
28,2511,8
22,1559,8
9,1558,8
2,231,8
2,225,8
2,249,8
6,10557,8
6,10556,8
2,218,8
2,6311,8
15,52,8
1,8852,8
17,66,8
9,1522,8
16,354,8
2,9666,8
34,40,8
20,1764,8
6,10558,8
32,10554,8
32,10553,8
32,10552,8
28,1987,8
28,1761,8
27,73,8
27,102,8
6,71,8
2,8007,8
2,8006,8
32,8463,8
16,7023,8
16,7013,8
16,7014,8
1,8851,8
20,7545,8
28,2509,8
28,1763,8
28,1885,8
28,2510,8
28,1852,8
28,2118,8
32,10548,8
22,11143,8
9,2509,8
5,11177,8
6,600,8
6,608,8
17,609,8
35,619,8
17,616,8
32,10555,8
32,10547,8
20,7525,8
32,10550,8
20,9628,8
12,3045,8
20,493,8
20,8448,8
0,818,8
15,11178,8
6,641,8
34,4327,8
32,10551,8
2,9667,8
20,7522,8
32,7646,8
22,165,8
2,210,8
2,217,8
1,2613,8
25,576,8
6,609,8
14,6695,8
20,10590,8
9,625,8
9,530,8
6,615,8
19,571,8
9,1725,8
34,4787,8
34,5860,8
0,10928,8
32,10546,8
28,1883,8
28,1988,8
22,861,8
32,10545,8
32,8460,8
20,7878,8
20,7524,8
4,10846,8
4,10845,8
4,10844,8
4,10843,8
22,900,8
22,921,8
28,1914,8
28,1884,8
2,438,8
6,7642,8
15,35,8
11,17,8
20,10515,8
20,10514,8
20,10513,8
20,10512,8
20,10511,8
19,10081,8
6,9342,8
0,10929,8
24,235,8
35,415,8
35,414,8
11,482,8
2,59,8
28,10993,8
12,8287,8
16,7015,8
16,7016,8
16,7725,8
16,7724,8
20,9629,8
20,7531,8
20,7530,8
16,7719,8
16,7718,8
9,1830,8
9,1885,8
9,1852,8
9,509,8
9,508,8
20,152,8
20,237,8
20,123,8
20,122,8
22,11149,8
22,11148,8
20,7526,8
20,7535,8
20,7534,8
20,7536,8
20,6365,8
20,7532,8
9,1551,8
22,11147,8
2,267,8
2,233,8
15,9147,8
9,1681,8
9,1682,8
15,9140,8
20,6387,8
20,7540,8
20,7538,8
20,7533,8
2,839,8
2,838,8
15,9149,8
30,166,8
22,750,8
27,92,8
2,216,8
2,227,8
15,9138,8
15,8436,8
15,6461,8
15,6009,8
15,9137,8
24,5678,8
24,7582,8
20,10510,8
3,483,8
15,54,8
16,11119,8
20,10509,8
20,10508,8
35,6618,8
15,9136,8
15,9148,8
35,7273,8
9,1876,8
15,6460,8
15,8435,8
15,9135,8
15,9134,8
15,9133,8
15,9132,8
15,9146,8
15,9145,8
15,8437,8
15,9144,8
15,9143,8
15,9142,8
15,9141,8
15,9139,8
35,7275,8
9,1680,8
9,1679,8
35,7272,8
16,9131,8
35,4917,8
20,10507,8
20,7881,8
20,7541,8
20,6392,8
20,6391,8
20,7542,8
20,7543,8
20,7544,8
35,6620,8
15,8434,8
35,6624,8
35,5521,8
35,4915,8
35,4914,8
35,8156,8
35,7757,8
20,5669,8
20,5668,8
20,7546,8
35,6622,8
35,6621,8
35,7279,8
35,7278,8
35,7277,8
35,7276,8
35,6623,8
20,6417,8
20,6416,8
20,6415,8
20,6414,8
20,7552,8
20,7551,8
20,7550,8
20,7549,8
20,7548,8
20,7547,8
4,10851,8
4,10850,8
9,1874,8
35,7274,8
35,7281,8
35,7280,8
4,10858,8
4,10857,8
4,10842,8
4,10841,8
4,10852,8
21,4333,8
21,4271,8
30,380,8
20,7553,8
20,7554,8
4,10859,8
20,7557,8
20,7556,8
32,6641,8
32,5451,8
28,1986,8
2,10921,8
2,10920,8
2,10919,8
2,10924,8
2,10923,8
20,7561,8
20,5275,8
12,8281,8
12,9284,8
0,69,8
16,7003,8
9,1724,8
18,460,8
20,7559,8
20,6425,8
20,7558,8
24,4951,8
3,2428,8
24,6832,8
24,7584,8
24,7583,8
37,748,8
37,763,8
22,11055,8
37,659,8
30,248,8
24,3712,8
2,2503,8
2,11153,8
2,11151,8
2,11150,8
24,521,8
20,138,8
20,90,8
20,121,8
20,117,8
20,232,8
20,441,8
20,174,8
1,4571,8
20,403,8
20,119,8
20,120,8
30,34,8
30,241,8
30,255,8
9,1704,8
9,1812,8
4,10870,8
4,10869,8
4,10868,8
22,2569,8
22,2568,8
22,2534,8
22,2567,8
22,1822,8
22,2075,8
22,2628,8
17,10272,8
30,196,8
30,275,8
3,9153,8
20,78,8
20,108,8
4,10849,8
4,10848,8
4,10847,8
4,10860,8
11,11170,8
2,1698,8
34,1052,8
9,1746,8
11,11168,8
1,1698,8
11,11175,8
6,3120,8
6,10996,8
9,1920,8
9,1375,8
4,10871,8
24,116,8
6,10879,8
11,11174,8
11,11173,8
11,11172,8
11,11171,8
11,11167,8
11,3204,8
24,1912,8
24,690,8
11,11169,8
1,406,8
1,789,8
3,9156,8
27,12,8
0,10995,8
4,10855,8
4,10854,8
4,10853,8
4,10872,8
2,2610,8
32,2079,8
19,9876,8
35,7639,8
16,7711,8
16,7000,8
16,6999,8
16,6998,8
3,9155,8
1,1054,8
1,827,8
22,11094,8
19,1551,8
2,10922,8
24,55,8
24,498,8
2,10918,8
2,10917,8
34,17,8
24,582,8
16,10505,8
11,11015,8
14,10994,8
34,91,8
35,72,8
2,3963,8
2,11095,8
4,10856,8
3,921,8
24,5997,8
24,5679,8
24,8342,8
24,7913,8
24,6000,8
5,9780,8
4,10867,8
4,10866,8
4,10865,8
4,10864,8
4,10863,8
4,10862,8
4,10861,8
22,10544,8
2,11165,8
11,11020,8
11,11019,8
9,1763,8
10,712,8
16,11099,8
1,11098,8
34,5125,8
4,11164,8
4,11163,8
3,9157,8
22,193,8
22,10819,8
19,534,8
11,11014,8
3,861,8
3,900,8
22,10533,8
22,10532,8
20,270,8
20,245,8
20,244,8
3,9154,8
19,706,8
33,11101,8
33,11105,8
33,11104,8
33,11103,8
33,11102,8
15,10067,8
30,293,8
30,363,8
30,180,8
20,422,8
20,421,8
22,11146,8
0,10927,8
20,101,8
15,9191,8
22,10543,8
22,10542,8
22,10535,8
22,10534,8
22,10541,8
22,10540,8
22,10027,8
22,10539,8
24,10772,8
15,9730,8
24,7588,8
24,7587,8
12,8289,8
12,8288,8
27,14,8
27,16,8
14,10810,8
14,10102,8
14,10809,8
14,10807,8
14,10815,8
14,10814,8
22,2613,8
14,10816,8
20,406,8
20,209,8
9,10804,8
14,512,8
6,585,8
3,3127,8
33,11108,8
33,11107,8
33,10226,8
33,11106,8
11,11021,8
11,11018,8
24,6447,8
24,5999,8
24,5998,8
24,6446,8
11,11017,8
11,11016,8
28,2506,8
28,3594,8
4,10878,8
4,10877,8
1,7839,8
19,530,8
9,3186,8
28,11159,8
28,11158,8
28,11157,8
7,10771,8
28,11162,8
28,11161,8
28,11160,8
22,10538,8
22,10537,8
4,10874,8
4,10873,8
9,3097,8
9,3650,8
9,4218,8
22,10530,8
22,10529,8
22,10528,8
9,10803,8
9,10802,8
9,10806,8
9,10805,8
22,10536,8
9,3185,8
9,3384,8
28,1984,8
2,8483,8
22,10523,8
2,11156,8
2,8897,8
9,3184,8
22,1974,8
22,10531,8
22,4726,8
22,1716,8
11,10047,8
21,5500,8
9,3948,8
4,10997,8
12,7509,8
4,10876,8
4,10875,8
22,10524,8
24,6442,8
24,309,8
24,6441,8
0,6695,8
6,10061,8
2,11136,8
2,11135,8
2,2613,8
22,10527,8
22,10526,8
22,9632,8
10,4541,8
2,11155,8
9,2700,8
9,3183,8
20,264,8
20,420,8
20,310,8
24,186,8
24,256,8
24,6443,8
22,981,8
22,1859,8
22,10525,8
10,4542,8
10,3978,8
10,2076,8
2,11154,8
2,61,8
10,2657,8
10,525,8
24,6451,8
24,10374,8
2,10916,8
2,10915,8
9,1742,8
9,1731,8
9,1809,8
3,10019,8
0,11141,8
2,11140,8
2,11139,8
2,11138,8
2,11137,8
9,10801,8
20,350,8
20,156,8
6,254,8
22,10522,8
22,10521,8
22,10520,8
6,388,8
33,11109,8
6,293,8
6,91,8
6,382,8
6,132,8
34,10826,8
6,10827,8
1,7848,8
24,6845,8
24,6002,8
24,6452,8
8,10594,8
6,307,8
24,529,8
1,84,8
1,479,8
1,463,8
1,454,8
28,1985,8
28,1882,8
9,2661,8
9,1881,8
9,1977,8
1,7452,8
11,11023,8
11,11022,8
6,292,8
22,702,8
22,1529,8
22,642,8
0,10948,8
0,10947,8
1,421,8
1,420,8
1,403,8
1,417,8
1,402,8
1,439,8
1,442,8
8,10598,8
8,10597,8
8,10596,8
8,10595,8
6,362,8
8,10593,8
8,10605,8
8,10604,8
8,10603,8
8,10602,8
8,10601,8
17,37,8
17,49,8
8,10600,8
8,10599,8
6,336,8
6,216,8
6,227,8
1,422,8
3,9158,8
22,748,8
22,763,8
6,371,8
22,751,8
12,8280,8
0,40,8
17,10942,8
28,1697,8
8,10614,8
8,10613,8
8,10612,8
8,10611,8
8,10610,8
8,10609,8
22,716,8
6,309,8
35,11180,8
8,10608,8
17,50,8
17,39,8
8,10607,8
8,10606,8
8,10625,8
8,10624,8
8,10623,8
8,10622,8
8,10621,8
8,10620,8
8,10619,8
18,8008,8
22,784,8
22,469,8
8,10617,8
8,10616,8
8,10615,8
8,10632,8
8,10631,8
24,7593,8
6,10828,8
1,11025,8
1,7467,8
24,160,8
24,4953,8
24,6849,8
16,13,8
16,16,8
16,14,8
26,11142,8
16,7689,8
6,361,8
6,344,8
6,419,8
6,239,8
8,10630,8
8,10629,8
8,10628,8
8,10627,8
8,10626,8
0,189,8
6,170,8
6,2915,8
16,6579,8
16,10,8
8,10618,8
20,167,8
20,103,8
20,166,8
20,143,8
20,402,8
20,126,8
20,356,8
20,98,8
20,417,8
20,263,8
20,179,8
20,432,8
20,355,8
20,74,8
20,439,8
3,10021,8
9,1673,8
9,1672,8
6,135,8
6,297,8
17,38,8
6,320,8
6,321,8
26,11110,8
26,560,8
6,472,8
22,11111,8
24,606,8
6,10504,8
9,1872,8
9,1721,8
9,1671,8
6,149,8
25,1890,8
8,3386,8
28,2503,8
28,1636,8
9,5060,8
9,1915,8
9,1917,8
1,11026,8
24,4564,8
24,6453,8
24,7596,8
0,10379,8
0,296,8
9,1674,8
9,3170,8
6,1812,8
2,3975,8
2,3974,8
24,7957,8
6,365,8
1,11112,8
28,2505,8
28,1981,8
17,57,8
9,1849,8
0,10376,8
24,190,8
24,7931,8
17,61,8
17,29,8
6,304,8
20,418,8
24,835,8
20,146,8
20,201,8
20,144,8
20,84,8
20,349,8
20,189,8
20,243,8
20,137,8
22,72,8
12,9287,8
6,434,8
6,181,8
6,263,8
6,433,8
0,2210,8
12,7510,8
25,1924,8
9,1916,8
9,6064,8
6,310,8
11,11113,8
6,161,8
28,2207,8
17,55,8
28,1983,8
6,406,8
22,1799,8
12,8291,8
12,8290,8
20,442,8
11,11116,8
6,449,8
6,448,8
6,153,8
6,469,8
6,356,8
6,119,8
6,426,8
28,4766,8
28,1982,8
28,2119,8
11,11115,8
11,11114,8
6,218,8
10,6004,8
26,1577,8
0,10432,8
0,10431,8
0,10430,8
0,10429,8
0,10428,8
0,10378,8
0,6657,8
0,6656,8
0,6658,8
0,10433,8
0,10377,8
0,221,8
16,10002,8
6,437,8
6,436,8
17,52,8
9,2119,8
9,1982,8
11,9227,8
11,9226,8
0,10427,8
0,10136,8
28,1825,8
28,2504,8
19,8506,8
19,3096,8
17,33,8
2,11118,8
11,11117,8
6,206,8
24,62,8
0,6651,8
20,100,8
20,248,8
20,366,8
20,207,8
17,56,8
17,43,8
17,62,8
17,10650,8
20,363,8
20,275,8
20,377,8
0,6654,8
0,6653,8
0,6652,8
9,1983,8
15,5462,8
9,10419,8
9,10418,8
6,7620,8
6,3725,8
22,9161,8
22,9160,8
12,735,8
9,10417,8
9,10425,8
11,9766,8
0,6655,8
34,11145,8
34,11144,8
20,383,8
20,241,8
20,255,8
0,10946,8
0,10945,8
0,10944,8
0,10943,8
12,9283,8
6,174,8
0,10519,8
35,1707,8
14,750,8
9,1636,8
9,2503,8
9,1697,8
9,1825,8
15,5136,8
15,5461,8
9,10420,8
9,10422,8
9,10421,8
10,3421,8
9,2506,8
9,1984,8
9,2505,8
9,1981,8
9,2207,8
9,2504,8
9,1986,8
9,1985,8
9,10424,8
9,10423,8
0,10381,8
0,10380,8
0,10383,8
0,10955,8
9,1987,8
9,1882,8
15,5460,8
20,429,8
20,133,8
20,109,8
20,380,8
20,80,8
20,293,8
20,180,8
20,83,8
20,196,8
11,517,8
24,6440,8
12,8295,8
15,5135,8
9,1761,8
9,1988,8
9,1883,8
15,4440,8
15,5459,8
21,3208,8
21,4332,8
8,627,8
6,940,8
35,5435,8
35,1689,8
35,5434,8
35,1715,8
0,10957,8
0,10956,8
38,510,8
19,6659,8
24,8339,8
24,7900,8
9,3045,8
1,8856,8
1,8855,8
22,10426,8
9,1914,8
9,6659,8
9,2508,8
9,2507,8
9,1884,8
9,1762,8
9,1675,8
9,2114,8
11,9225,8
22,69,8
22,9346,8
0,10954,8
0,10953,8
0,10952,8
0,10951,8
0,10950,8
0,10949,8
0,10962,8
12,9282,8
19,803,8
35,5433,8
35,5432,8
0,10963,8
12,8279,8
0,10959,8
0,10958,8
6,387,8
6,78,8
35,2773,8
0,10976,8
0,10972,8
0,10971,8
0,10970,8
0,10969,8
0,10968,8
0,10967,8
0,10966,8
0,10965,8
0,10385,8
0,10384,8
0,10644,8
24,7571,8
24,6823,8
24,7570,8
9,1875,8
9,2269,8
9,1694,8
0,384,8
0,299,8
0,298,8
0,10382,8
0,10387,8
0,10386,8
0,9334,8
0,10961,8
0,10960,8
6,3724,8
6,2989,8
6,10821,8
6,3720,8
6,914,8
0,10964,8
19,739,8
19,738,8
19,816,8
26,10638,8
26,10642,8
26,10641,8
0,10978,8
0,10977,8
26,10639,8
26,10643,8
12,8278,8
12,9280,8
0,62,8
0,46,8
0,52,8
0,43,8
0,33,8
0,53,8
0,57,8
9,1677,8
9,1723,8
9,1676,8
16,811,8
6,7619,8
6,8541,8
6,8542,8
0,334,8
6,3451,8
0,61,8
0,29,8
7,8944,8
35,3978,8
0,38,8
9,1873,8
9,1678,8
11,9223,8
11,9760,8
6,8427,8
0,56,8
0,10975,8
0,10974,8
0,10973,8
4,402,8
24,7569,8
24,7898,8
24,7568,8
24,6439,8
22,30,8
0,50,8
0,42,8
0,37,8
0,49,8
0,39,8
12,8277,8
9,2111,8
9,821,8
6,909,8
6,913,8
9,2112,8
9,502,8
9,2113,8
9,769,8
9,768,8
9,1668,8
9,899,8
9,898,8
24,7609,8
24,7958,8
6,7618,8
24,7973,8
24,90,8
9,2511,8
24,6003,8
9,908,8
6,768,8
31,10647,8
9,913,8
9,909,8
9,3451,8
9,914,8
12,8275,8
12,8274,8
9,940,8
11,384,8
12,8273,8
12,8276,8
12,9279,8
9,759,8
6,384,8
6,249,8
19,1649,8
9,766,8
6,502,8
9,10646,8
24,7617,8
0,10933,8
12,7505,8
6,899,8
6,898,8
4,9724,8
22,28,8
9,10645,8
37,33,8
12,7506,8
31,10648,8
6,769,8
24,7986,8
24,7985,8
24,8359,8
24,7982,8
24,7980,8
24,7616,8
24,8360,8
24,6816,8
24,6437,8
16,7673,8
4,10058,8
24,6438,8
4,417,8
24,5682,8
9,777,8
9,2510,8
24,8332,8
0,333,8
0,387,8
0,10389,8
0,10388,8
24,7564,8
24,6809,8
24,6435,8
24,6432,8
24,7890,8
24,7889,8
24,6805,8
24,2516,8
24,7966,8
22,166,8
24,5279,8
30,406,8
16,7730,8
16,7729,8
30,350,8
24,11179,8
34,6192,8
9,1557,8
30,119,8
30,93,8
0,335,8
0,266,8
0,265,8
4,403,8
6,3600,8
16,4204,8
24,7565,8
28,518,7
28,485,7
28,7859,7
28,7860,7
22,11810,7
9,5248,7
22,11811,7
37,11467,7
37,11468,7
14,3,7
37,11469,7
37,11470,7
37,11457,7
37,11458,7
37,11454,7
37,11455,7
37,11456,7
37,11460,7
37,11461,7
37,11474,7
37,11475,7
37,11476,7
37,11466,7
0,11702,7
20,382,7
20,343,7
20,76,7
33,7859,7
33,7860,7
20,124,7
20,215,7
20,370,7
20,140,7
20,371,7
20,379,7
20,288,7
22,2975,7
37,11480,7
37,11481,7
37,11482,7
37,10001,7
37,11483,7
37,10410,7
37,11484,7
37,11471,7
37,11472,7
37,11473,7
22,2974,7
20,359,7
20,351,7
20,423,7
20,311,7
9,11700,7
9,7861,7
9,7862,7
20,253,7
20,89,7
20,373,7
20,154,7
20,252,7
37,11445,7
37,10406,7
37,11446,7
37,11447,7
37,11448,7
28,560,7
37,11449,7
14,710,7
14,678,7
37,11477,7
37,11478,7
37,11479,7
37,11486,7
37,11487,7
37,11488,7
37,11489,7
37,11490,7
37,11491,7
20,104,7
20,254,7
20,326,7
20,328,7
20,309,7
20,393,7
9,11705,7
33,518,7
33,485,7
37,11492,7
37,11493,7
37,11494,7
37,11495,7
37,11485,7
0,11703,7
9,5137,7
20,295,7
20,301,7
20,306,7
20,279,7
20,358,7
20,75,7
20,376,7
20,203,7
20,185,7
20,397,7
37,11504,7
37,11505,7
37,11496,7
37,11497,7
37,10411,7
20,302,7
20,307,7
20,390,7
20,141,7
20,388,7
24,7861,7
24,7862,7
20,364,7
20,151,7
20,374,7
20,233,7
20,267,7
20,114,7
20,405,7
37,11501,7
6,10769,7
2,2974,7
37,11443,7
37,11444,7
3,9620,7
37,11498,7
37,11499,7
37,10412,7
37,11500,7
37,11502,7
37,10413,7
37,11503,7
3,9621,7
3,9622,7
3,9623,7
3,11589,7
37,11507,7
37,11508,7
37,11509,7
37,11510,7
37,10414,7
20,294,7
20,210,7
20,438,7
20,142,7
20,274,7
20,125,7
20,296,7
16,894,7
9,11704,7
20,132,7
20,327,7
20,178,7
3,10046,7
37,11511,7
37,11506,7
9,1911,7
3,11666,7
20,200,7
20,289,7
20,361,7
20,217,7
20,440,7
20,211,7
20,451,7
20,259,7
20,96,7
20,280,7
2,11708,7
2,11709,7
37,11512,7
37,11513,7
33,560,7
3,9615,7
3,9616,7
3,9617,7
14,11833,7
20,219,7
20,135,7
17,11710,7
2,11707,7
6,8146,7
20,186,7
20,107,7
20,352,7
20,256,7
20,147,7
20,226,7
20,139,7
20,106,7
20,424,7
20,227,7
20,216,7
20,150,7
20,239,7
3,9611,7
3,9610,7
3,9613,7
3,9612,7
3,9614,7
22,11832,7
20,347,7
20,169,7
2,11812,7
2,11813,7
20,221,7
20,187,7
20,172,7
20,105,7
20,149,7
20,170,7
20,168,7
20,446,7
20,242,7
20,362,7
3,9605,7
3,9606,7
3,11588,7
3,9607,7
37,11516,7
37,11517,7
37,11518,7
37,11519,7
37,11520,7
11,9767,7
37,11526,7
37,11514,7
37,11515,7
37,11528,7
37,1550,7
37,11529,7
37,11521,7
14,2745,7
3,9618,7
3,9619,7
17,11715,7
20,396,7
20,419,7
20,398,7
20,344,7
19,1580,7
30,11814,7
30,11815,7
3,10502,7
3,10501,7
3,5858,7
3,9600,7
3,9601,7
3,9602,7
3,9603,7
3,9604,7
16,11830,7
16,11831,7
37,11524,7
37,11525,7
37,11533,7
37,11535,7
37,11527,7
37,11539,7
37,11540,7
37,11542,7
37,11543,7
37,11544,7
9,10004,7
9,7634,7
1,11817,7
1,11818,7
20,401,7
20,260,7
20,375,7
20,395,7
20,320,7
20,315,7
20,276,7
20,297,7
20,228,7
37,11553,7
37,11554,7
37,11536,7
37,11537,7
37,11538,7
16,11829,7
3,10500,7
3,9598,7
37,11522,7
37,11523,7
37,11531,7
37,11532,7
16,28,7
3,9609,7
3,9608,7
3,10044,7
3,10045,7
3,9593,7
37,11545,7
37,11546,7
37,11530,7
37,11549,7
37,11550,7
37,11551,7
37,10415,7
37,10416,7
37,11552,7
22,11891,7
22,11892,7
22,11893,7
3,9595,7
3,9596,7
3,9594,7
3,1815,7
3,1816,7
3,9597,7
26,11828,7
20,298,7
20,299,7
20,235,7
20,329,7
20,467,7
38,513,7
38,514,7
19,476,7
9,7837,7
2,11699,7
23,11889,7
37,10405,7
18,11827,7
0,11894,7
37,11547,7
37,11548,7
19,7837,7
10,1577,7
20,158,7
20,290,7
20,384,7
20,222,7
20,321,7
20,183,7
20,308,7
20,312,7
20,240,7
20,234,7
20,204,7
20,205,7
20,155,7
10,1924,7
33,11890,7
4,476,7
20,314,7
20,212,7
20,97,7
4,4720,7
4,4721,7
4,4722,7
4,4723,7
4,4724,7
4,4725,7
4,4710,7
4,10767,7
4,4711,7
4,4712,7
4,4713,7
3,9599,7
3,9589,7
3,9588,7
3,1814,7
3,9587,7
3,10498,7
3,10499,7
3,9585,7
3,9586,7
22,83,7
11,9764,7
30,82,7
37,11440,7
37,11441,7
37,11442,7
37,11433,7
4,4719,7
4,10768,7
22,35,7
4,10763,7
4,10764,7
4,10765,7
4,10766,7
4,4706,7
4,4707,7
4,4708,7
4,4709,7
4,4705,7
4,10758,7
4,4714,7
37,11435,7
37,11436,7
37,11437,7
37,11438,7
37,11439,7
37,11429,7
37,11430,7
22,439,7
22,243,7
22,598,7
11,9762,7
11,9763,7
3,9569,7
3,9570,7
3,9571,7
37,11434,7
4,4715,7
4,4716,7
4,4717,7
4,4718,7
20,277,7
20,157,7
20,159,7
20,330,7
20,319,7
20,223,7
20,354,7
20,400,7
20,345,7
20,337,7
20,194,7
3,9572,7
6,351,7
2,11888,7
20,136,7
20,229,7
20,391,7
20,408,7
4,4701,7
4,4702,7
4,10756,7
4,10757,7
4,4704,7
4,10745,7
4,10746,7
4,10747,7
4,10748,7
3,9591,7
3,10496,7
3,9577,7
3,9578,7
3,9582,7
3,10497,7
3,9583,7
3,9579,7
3,10495,7
3,9566,7
3,9580,7
37,11431,7
37,11432,7
11,9759,7
11,10088,7
6,301,7
6,455,7
3,9592,7
3,9590,7
4,10749,7
4,10759,7
4,10760,7
4,10761,7
4,10762,7
4,10754,7
20,110,7
20,353,7
20,148,7
20,305,7
20,444,7
20,197,7
20,316,7
20,348,7
20,399,7
22,80,7
3,9584,7
3,11586,7
3,11587,7
3,9576,7
3,11585,7
3,10492,7
3,10493,7
3,10494,7
20,416,7
20,92,7
20,458,7
34,11843,7
20,304,7
20,261,7
4,4700,7
4,4703,7
4,10755,7
4,4697,7
4,10741,7
4,4699,7
4,10742,7
4,10743,7
4,10744,7
4,4014,7
4,10750,7
4,10751,7
4,10752,7
4,10753,7
20,411,7
20,160,7
20,339,7
20,414,7
20,338,7
20,284,7
22,97,7
22,74,7
6,214,7
6,165,7
6,285,7
6,286,7
6,202,7
6,287,7
6,213,7
3,9555,7
3,9561,7
3,9562,7
9,1922,7
20,365,7
20,268,7
20,257,7
20,262,7
20,357,7
20,367,7
20,331,7
20,291,7
20,111,7
20,95,7
4,4698,7
4,10739,7
4,10740,7
4,10734,7
20,313,7
20,164,7
1,4413,7
11,10087,7
3,9549,7
3,9563,7
3,9564,7
3,9565,7
20,11590,7
11,10086,7
3,9581,7
3,9573,7
3,9574,7
3,10043,7
3,9560,7
3,9551,7
3,9552,7
3,9553,7
20,225,7
20,231,7
20,220,7
20,190,7
20,224,7
20,87,7
4,10737,7
4,4696,7
4,10738,7
4,10732,7
4,10733,7
30,356,7
11,9758,7
19,11427,7
19,11428,7
37,2725,7
5,560,7
37,10981,7
4,4687,7
4,10721,7
4,10722,7
4,10723,7
4,4689,7
4,4690,7
4,10735,7
4,10736,7
4,4692,7
4,4691,7
4,10724,7
4,10725,7
4,4688,7
4,10726,7
4,10727,7
1,7662,7
4,4693,7
4,10728,7
4,4694,7
4,4695,7
4,10729,7
4,10730,7
4,10731,7
20,236,7
20,317,7
20,112,7
20,332,7
20,230,7
20,340,7
20,434,7
20,249,7
37,2726,7
0,11895,7
0,11896,7
20,415,7
20,342,7
20,198,7
4,10060,7
4,10712,7
4,10713,7
9,3391,7
4,10714,7
4,10715,7
4,10716,7
4,10717,7
4,10706,7
4,10718,7
4,10719,7
4,10720,7
4,4683,7
9,1827,7
9,2079,7
3,9567,7
3,9568,7
3,9575,7
3,9558,7
3,9559,7
3,9554,7
3,9556,7
3,10042,7
3,10490,7
3,9544,7
24,11897,7
2,11663,7
9,2745,7
2,2975,7
4,4685,7
4,4686,7
4,4681,7
4,4682,7
4,10711,7
20,258,7
20,250,7
20,182,7
20,191,7
20,341,7
20,192,7
20,269,7
20,433,7
20,426,7
20,79,7
20,318,7
6,8362,7
3,11584,7
3,10491,7
3,9529,7
3,9530,7
3,9531,7
3,9543,7
3,10020,7
3,9545,7
3,9546,7
6,10800,7
20,372,7
20,161,7
20,389,7
20,278,7
20,176,7
20,427,7
20,430,7
20,431,7
4,4671,7
4,10701,7
4,4670,7
4,10705,7
4,4674,7
4,4672,7
31,518,7
9,2273,7
3,10487,7
3,10485,7
3,10486,7
10,11824,7
10,11825,7
3,9528,7
4,10707,7
4,4675,7
4,10708,7
4,10709,7
4,10710,7
4,4673,7
4,4680,7
4,4684,7
4,4677,7
4,4679,7
4,4678,7
4,10683,7
4,10684,7
4,10697,7
4,10698,7
10,11823,7
3,9547,7
4,10699,7
4,10700,7
4,4665,7
4,4667,7
4,4668,7
4,10687,7
4,10688,7
4,10702,7
4,10703,7
4,4676,7
4,10704,7
4,10689,7
4,10690,7
4,10059,7
4,10691,7
4,10692,7
3,9548,7
3,9550,7
3,9557,7
3,10484,7
3,10488,7
3,9538,7
3,9540,7
3,9541,7
0,11822,7
3,10489,7
3,9542,7
3,9536,7
3,9533,7
3,9520,7
4,4669,7
4,10693,7
4,10694,7
4,10695,7
4,10696,7
4,10681,7
4,10682,7
4,4661,7
4,4662,7
20,246,7
20,199,7
20,368,7
20,369,7
20,409,7
20,410,7
20,88,7
3,9521,7
3,9522,7
3,9523,7
3,9524,7
3,9525,7
3,9526,7
3,9532,7
3,9537,7
3,9512,7
6,11821,7
3,9535,7
3,10480,7
3,9513,7
20,181,7
20,385,7
20,386,7
20,413,7
20,177,7
20,175,7
20,173,7
22,11844,7
4,4388,7
4,4666,7
4,10671,7
4,10674,7
4,10675,7
3,9517,7
3,9518,7
3,9527,7
3,9511,7
35,11819,7
35,11820,7
4,10676,7
4,10677,7
4,4663,7
4,10678,7
4,10679,7
4,10680,7
4,10057,7
4,10667,7
4,10668,7
4,10669,7
4,4664,7
4,10670,7
4,10685,7
4,10686,7
34,11571,7
34,11572,7
3,9514,7
3,9504,7
3,9515,7
3,9516,7
5,485,7
37,4770,7
37,4239,7
5,518,7
4,4660,7
4,4657,7
4,4659,7
4,10664,7
4,10665,7
4,10666,7
4,10659,7
4,10672,7
4,10673,7
1,508,7
1,509,7
4,10660,7
4,4654,7
4,10661,7
4,4656,7
4,4655,7
4,4658,7
4,791,7
4,10662,7
4,4387,7
4,2700,7
4,10663,7
1,1550,7
21,537,7
4,2545,7
19,867,7
1,472,7
23,11845,7
20,281,7
20,94,7
20,206,7
20,171,7
20,272,7
20,273,7
20,334,7
20,412,7
9,463,7
9,460,7
20,153,7
20,392,7
20,448,7
20,449,7
20,333,7
20,251,7
20,387,7
37,10982,7
20,282,7
23,11846,7
20,127,7
19,941,7
20,128,7
20,218,7
20,129,7
20,283,7
20,145,7
20,265,7
20,266,7
20,102,7
17,11619,7
20,130,7
20,73,7
20,436,7
20,437,7
20,323,7
20,247,7
37,2727,7
20,425,7
20,118,7
20,193,7
20,113,7
20,85,7
20,163,7
20,335,7
20,131,7
20,134,7
17,11621,7
17,322,7
17,324,7
17,325,7
37,10983,7
37,10984,7
37,10985,7
21,756,7
15,3965,7
17,11620,7
2,44,7
19,778,7
0,11698,7
21,580,7
6,577,7
19,815,7
19,11728,7
2,240,7
2,234,7
2,34,7
2,45,7
37,2730,7
37,2731,7
37,3190,7
20,3965,7
2,350,7
8,601,7
12,11809,7
7,11807,7
15,1,7
12,11808,7
7,11806,7
11,124,7
37,10986,7
37,2733,7
37,2734,7
37,2735,7
37,2598,7
37,3191,7
37,3192,7
19,2911,7
30,144,7
12,749,7
39,11687,7
0,9782,7
16,11566,7
16,11567,7
6,11568,7
2,782,7
24,536,7
17,4,7
24,528,7
4,11682,7
4,735,7
11,3407,7
11,11804,7
11,11805,7
16,7641,7
2,11803,7
2,11802,7
6,246,7
6,88,7
6,247,7
9,11801,7
6,341,7
9,7641,7
6,167,7
6,340,7
6,115,7
6,394,7
6,330,7
1,11799,7
1,11800,7
22,11798,7
6,348,7
2,11797,7
26,518,7
30,11796,7
24,542,7
6,3206,7
6,240,7
6,234,7
6,451,7
30,11795,7
1,1301,7
1,537,7
1,513,7
1,514,7
6,114,7
6,139,7
6,303,7
6,238,7
6,142,7
33,11794,7
6,326,7
22,11793,7
6,86,7
6,140,7
33,2,7
2,11561,7
16,11847,7
9,1765,7
9,3649,7
16,5249,7
16,11848,7
16,11850,7
9,5621,7
16,9268,7
16,3967,7
16,11849,7
19,11851,7
19,11852,7
31,11676,7
3,10479,7
3,9505,7
31,11677,7
24,11623,7
9,1829,7
9,11853,7
9,11854,7
30,11855,7
15,10068,7
15,9732,7
19,2516,7
19,1902,7
19,1375,7
30,11856,7
1,11790,7
10,11791,7
19,3417,7
10,11792,7
1,11789,7
4,11857,7
4,11858,7
3,9498,7
3,9509,7
25,500,7
31,11616,7
5,11859,7
17,11860,7
1,11785,7
1,11786,7
16,11787,7
16,11788,7
12,3099,7
12,2543,7
3,9539,7
3,9519,7
3,9534,7
3,9499,7
3,9501,7
3,10483,7
3,10481,7
3,10482,7
3,9507,7
3,9486,7
3,9487,7
3,9488,7
15,11617,7
15,11618,7
17,11861,7
3,9494,7
3,9489,7
3,9490,7
3,9502,7
3,9506,7
3,9508,7
3,9480,7
3,9481,7
3,9482,7
3,9500,7
3,9493,7
3,9463,7
3,9503,7
3,10477,7
3,9459,7
3,9510,7
15,11862,7
2,11784,7
10,670,7
21,11783,7
9,11615,7
21,1973,7
16,11863,7
16,11864,7
9,11782,7
31,11614,7
28,825,7
28,16,7
19,2079,7
35,518,7
2,11865,7
2,11866,7
3,9473,7
3,9479,7
9,11868,7
9,11869,7
19,4240,7
2,11870,7
2,844,7
2,11871,7
23,11872,7
32,1827,7
34,671,7
9,11780,7
9,11781,7
22,11779,7
22,11873,7
22,11874,7
22,11875,7
3,9484,7
3,9485,7
3,10478,7
3,9465,7
3,9492,7
3,9470,7
3,9471,7
3,9472,7
3,10474,7
3,10476,7
3,9461,7
3,9474,7
3,9491,7
3,9495,7
3,9496,7
3,9497,7
3,9437,7
3,9475,7
3,9476,7
3,9477,7
3,9478,7
3,9446,7
3,9449,7
3,9454,7
3,10458,7
3,10459,7
3,10469,7
3,10472,7
3,10473,7
3,9469,7
3,10471,7
3,9483,7
3,9404,7
3,9438,7
3,9450,7
3,9456,7
3,9457,7
3,9462,7
3,9464,7
3,10467,7
3,9434,7
3,9445,7
3,9455,7
3,9458,7
3,9466,7
3,9467,7
3,10475,7
3,10470,7
3,9428,7
3,9439,7
3,9433,7
3,9416,7
3,9440,7
3,9441,7
3,9429,7
3,9448,7
3,9442,7
3,9443,7
3,10457,7
3,10468,7
3,9453,7
3,9444,7
3,9447,7
3,9398,7
3,10453,7
3,9427,7
3,9430,7
3,10464,7
3,10465,7
3,9420,7
3,9424,7
3,9460,7
3,10463,7
3,10466,7
3,9425,7
3,9436,7
3,9451,7
3,9452,7
3,9172,7
3,9415,7
3,9418,7
3,9423,7
3,9417,7
3,9391,7
3,10462,7
3,9468,7
3,9435,7
3,9419,7
3,9400,7
3,9403,7
3,10449,7
3,9422,7
3,10454,7
3,10460,7
3,10456,7
3,10461,7
3,10452,7
3,9401,7
3,10041,7
3,9412,7
3,9413,7
3,1831,7
3,1832,7
3,10455,7
1,6504,7
3,9431,7
3,9432,7
3,9410,7
3,9402,7
3,9414,7
3,9372,7
3,10448,7
3,10447,7
3,10451,7
3,9383,7
3,9380,7
3,9390,7
3,9411,7
3,9387,7
3,9394,7
3,9395,7
3,9421,7
3,9396,7
3,9405,7
3,9397,7
3,9399,7
3,9406,7
3,9392,7
3,9384,7
3,9393,7
3,9376,7
3,9378,7
3,9379,7
3,10040,7
3,9381,7
3,10445,7
3,9382,7
3,9386,7
3,9388,7
3,9407,7
3,9408,7
3,9409,7
3,9389,7
3,75,7
3,9152,7
3,9360,7
3,9377,7
3,10446,7
3,10450,7
3,9366,7
3,9368,7
3,9369,7
3,9371,7
3,10038,7
3,9365,7
3,9367,7
3,9370,7
3,10039,7
3,9426,7
1,6505,7
3,9375,7
3,9374,7
3,9373,7
3,9385,7
6,11777,7
22,11778,7
30,11876,7
34,1528,7
19,846,7
1,11775,7
1,11776,7
2,1992,7
20,670,7
9,1906,7
3,9361,7
3,9362,7
3,9363,7
3,9364,7
10,11774,7
20,7998,7
24,2514,7
22,11773,7
7,11641,7
16,8142,7
16,6604,7
16,7026,7
16,7731,7
16,7732,7
16,8144,7
16,8145,7
16,7021,7
16,8139,7
16,6189,7
16,8140,7
16,7024,7
16,7025,7
7,8543,7
20,10017,7
20,7887,7
20,7997,7
9,1861,7
20,476,7
20,8321,7
20,7885,7
20,7886,7
20,10012,7
20,10013,7
20,8322,7
20,10014,7
20,10015,7
20,7560,7
20,10016,7
33,11772,7
20,435,7
20,7882,7
20,8967,7
20,10010,7
20,10011,7
20,8319,7
20,7883,7
20,7884,7
33,11054,7
20,8320,7
20,7555,7
20,7877,7
20,8318,7
20,6752,7
20,7880,7
20,10009,7
20,7879,7
1,360,7
16,8141,7
16,8136,7
1,2207,7
19,2543,7
16,7726,7
16,7727,7
16,8137,7
16,7020,7
16,8138,7
16,7728,7
0,90,7
0,108,7
0,1895,7
0,1896,7
16,8129,7
16,8130,7
16,8132,7
16,8133,7
16,7723,7
16,8135,7
16,8134,7
16,7010,7
16,7011,7
1,1825,7
16,7012,7
16,7713,7
16,7008,7
16,8121,7
16,8122,7
16,7714,7
16,7715,7
16,7716,7
16,7717,7
0,209,7
16,8123,7
16,8124,7
16,8125,7
16,8126,7
16,8127,7
16,7002,7
16,7721,7
16,7722,7
16,7708,7
16,4726,7
16,8128,7
16,8120,7
16,8119,7
16,7707,7
16,7709,7
16,7710,7
16,7697,7
16,2608,7
16,6993,7
16,6994,7
16,6996,7
16,8118,7
0,101,7
16,7698,7
16,7699,7
16,7700,7
16,7701,7
16,7702,7
16,6989,7
16,6990,7
16,6992,7
16,8113,7
16,8110,7
16,8111,7
16,8115,7
16,6991,7
16,8112,7
16,8116,7
16,6995,7
16,7705,7
35,8157,7
35,8158,7
16,8522,7
34,6614,7
16,6975,7
16,7704,7
16,6979,7
16,6980,7
16,6982,7
16,6976,7
0,143,7
34,8149,7
16,6986,7
16,6987,7
16,7691,7
27,10818,7
7,360,7
22,7634,7
16,6978,7
16,8104,7
16,7696,7
16,8105,7
16,6983,7
16,7693,7
16,6984,7
16,6985,7
16,7694,7
16,6981,7
0,103,7
34,165,7
16,8107,7
35,8154,7
35,7753,7
2,1054,7
2,1356,7
34,2975,7
35,8571,7
35,8155,7
16,8103,7
16,7692,7
16,8108,7
16,7688,7
16,8098,7
16,8099,7
16,6968,7
16,8097,7
16,8106,7
6,11592,7
17,11591,7
9,1515,7
9,1399,7
9,835,7
35,10085,7
15,10005,7
0,98,7
0,11381,7
0,11382,7
0,11383,7
16,7684,7
16,7686,7
16,6962,7
16,6963,7
9,1445,7
9,1141,7
9,1047,7
9,1332,7
9,1277,7
9,919,7
9,1225,7
9,537,7
4,10798,7
16,6965,7
16,8096,7
16,6972,7
16,6973,7
16,6974,7
16,6961,7
9,1328,7
9,1220,7
1,2974,7
12,518,7
34,2974,7
19,11662,7
37,11887,7
9,1221,7
37,10987,7
37,10988,7
37,3193,7
37,3194,7
16,6966,7
16,7687,7
16,7690,7
0,11384,7
16,7679,7
16,7680,7
16,7685,7
29,2974,7
37,11886,7
1,2975,7
29,2975,7
9,1331,7
9,1046,7
9,1555,7
9,1401,7
16,7681,7
16,7682,7
16,7683,7
27,10073,7
16,6580,7
22,11712,7
9,1137,7
9,1377,7
2,4062,7
2,4063,7
2,4261,7
2,4262,7
2,3698,7
2,5228,7
2,4263,7
2,4264,7
2,4265,7
0,201,7
28,3,7
15,11385,7
16,6943,7
16,6949,7
16,6944,7
16,7678,7
16,7676,7
16,6959,7
16,6960,7
0,100,7
37,10990,7
37,10991,7
37,2738,7
37,2602,7
37,2603,7
37,3195,7
9,5685,7
9,11752,7
9,1444,7
9,1585,7
9,1434,7
9,1628,7
9,1280,7
9,1333,7
26,1924,7
2,4260,7
17,11714,7
17,665,7
37,10989,7
0,331,7
16,6948,7
22,11711,7
16,6958,7
16,6946,7
16,6947,7
16,6570,7
16,6957,7
2,4257,7
2,4258,7
2,3593,7
2,4061,7
2,3690,7
2,4066,7
2,3590,7
2,3693,7
26,1993,7
26,2211,7
1,11834,7
9,1376,7
9,1217,7
27,10074,7
18,434,7
18,433,7
18,426,7
18,448,7
18,449,7
18,436,7
18,437,7
18,1890,7
9,1588,7
9,1556,7
9,1400,7
9,1378,7
9,1446,7
32,11753,7
2,4060,7
16,6967,7
16,7674,7
16,6941,7
24,6803,7
24,6804,7
24,391,7
24,408,7
24,6806,7
24,6807,7
24,7891,7
0,109,7
24,7892,7
24,6808,7
24,8329,7
24,8330,7
24,7893,7
9,1590,7
9,1443,7
9,1527,7
9,1587,7
2,11755,7
2,11756,7
9,1581,7
9,1449,7
34,6716,7
16,6950,7
16,6951,7
16,6952,7
16,6953,7
16,6954,7
16,6955,7
16,6956,7
0,125,7
0,16,7
24,6810,7
24,7895,7
24,8972,7
16,6940,7
2,3688,7
2,3689,7
2,4254,7
2,3685,7
35,11754,7
16,6938,7
16,7672,7
34,55,7
6,11724,7
16,6945,7
16,7675,7
24,6433,7
24,6811,7
2,3684,7
12,560,7
2,3687,7
2,3681,7
24,6434,7
24,6812,7
24,6813,7
24,6814,7
24,7567,7
16,6939,7
16,6565,7
16,6566,7
24,6815,7
24,6819,7
27,10797,7
2,3672,7
2,3673,7
2,3674,7
2,3675,7
2,3676,7
2,4249,7
2,4248,7
2,3677,7
2,4250,7
2,4251,7
2,5466,7
27,10076,7
34,366,7
24,6820,7
24,6821,7
0,13,7
24,7566,7
24,6822,7
24,8333,7
24,8334,7
24,8335,7
0,83,7
0,80,7
20,2079,7
2,4252,7
2,3679,7
2,3671,7
2,3669,7
2,3670,7
24,424,7
16,7671,7
16,6935,7
16,2621,7
16,3397,7
16,6937,7
34,377,7
34,1733,7
27,10078,7
34,33,7
2,3659,7
2,3660,7
2,4246,7
2,3661,7
2,3664,7
2,3665,7
2,5156,7
2,3666,7
2,4244,7
2,4253,7
20,1827,7
2,4059,7
37,3196,7
15,11885,7
9,1833,7
9,1359,7
9,1281,7
9,1140,7
9,1484,7
9,1358,7
9,1283,7
35,604,7
2,3658,7
2,4245,7
2,3663,7
22,11751,7
2,4243,7
2,11836,7
2,11837,7
37,10992,7
2,4459,7
2,3654,7
2,3587,7
2,3589,7
2,3657,7
2,3656,7
2,3662,7
34,44,7
16,6936,7
24,7572,7
24,8336,7
24,7899,7
24,8337,7
24,8973,7
24,8338,7
24,6824,7
24,6825,7
24,2433,7
10,671,7
16,11593,7
19,11835,7
9,1336,7
9,1454,7
22,11750,7
11,85,7
2,516,7
2,1243,7
9,1386,7
34,2760,7
9,1448,7
9,1589,7
5,11881,7
5,11882,7
15,11883,7
9,1394,7
9,1391,7
9,1349,7
9,979,7
9,980,7
9,1237,7
9,1350,7
9,1395,7
9,1369,7
9,1396,7
9,1150,7
9,1149,7
22,11838,7
15,11839,7
15,11884,7
9,1773,7
9,1476,7
9,1397,7
9,1296,7
9,1297,7
9,975,7
9,1387,7
9,1388,7
9,1295,7
9,1148,7
9,1390,7
9,976,7
9,1389,7
9,1392,7
9,1393,7
9,977,7
9,978,7
9,1474,7
9,1465,7
3,11748,7
3,11749,7
15,11840,7
9,1147,7
9,1238,7
9,1553,7
9,1475,7
9,1385,7
9,1363,7
9,1422,7
9,1770,7
9,1384,7
31,11611,7
9,1441,7
9,974,7
9,1051,7
22,518,7
22,669,7
34,4240,7
9,1236,7
9,1423,7
9,1234,7
9,1362,7
9,1436,7
9,1437,7
9,1438,7
9,1439,7
31,11610,7
9,1044,7
9,1275,7
9,1403,7
9,1586,7
9,1142,7
9,1274,7
9,2543,7
9,1440,7
9,1368,7
9,1473,7
9,1235,7
24,7901,7
24,6826,7
24,7902,7
24,398,7
24,6827,7
24,6828,7
24,7903,7
0,11612,7
0,11613,7
0,11898,7
0,11899,7
0,6705,7
10,494,7
9,1276,7
9,1447,7
9,1404,7
9,1405,7
9,3099,7
22,82,7
35,539,7
35,545,7
24,6829,7
24,7904,7
9,1293,7
9,1294,7
9,1222,7
9,1146,7
9,1464,7
9,1418,7
9,1419,7
27,10079,7
27,10080,7
11,87,7
22,11669,7
17,11900,7
20,11841,7
20,11842,7
22,11670,7
24,6830,7
24,7905,7
24,2986,7
34,6613,7
11,353,7
11,303,7
35,405,7
24,7907,7
24,7578,7
24,7910,7
9,1043,7
9,1291,7
9,1292,7
11,11903,7
9,11901,7
9,10257,7
23,846,7
16,782,7
35,546,7
11,114,7
1,7491,7
22,11771,7
9,1367,7
9,1416,7
9,1417,7
1,494,7
35,11904,7
11,11902,7
16,792,7
0,11607,7
0,11608,7
9,1348,7
9,1552,7
9,1045,7
9,1415,7
9,1582,7
24,9182,7
21,1539,7
9,1595,7
9,1596,7
9,1288,7
9,1290,7
16,10568,7
24,6831,7
24,7912,7
19,5133,7
9,1420,7
9,1421,7
9,1289,7
9,1435,7
9,1287,7
9,1233,7
9,1413,7
9,1412,7
9,1145,7
9,1361,7
9,1278,7
30,825,7
16,11759,7
8,580,7
10,804,7
24,6833,7
24,6834,7
24,6835,7
24,6836,7
24,8343,7
24,6837,7
24,8974,7
9,1594,7
9,1592,7
9,1593,7
3,22,7
9,1453,7
9,1232,7
9,1050,7
9,972,7
9,1383,7
9,1414,7
9,4907,7
19,487,7
9,5133,7
24,6838,7
24,5680,7
24,7585,7
24,7914,7
24,6840,7
24,6841,7
22,7662,7
24,4952,7
24,6842,7
35,8753,7
24,6843,7
24,7586,7
24,6448,7
24,7922,7
24,7923,7
24,2716,7
24,7925,7
24,7926,7
24,6846,7
17,150,7
17,13,7
6,2271,7
24,7589,7
24,6449,7
24,746,7
24,6848,7
24,6850,7
17,1330,7
9,844,7
35,2657,7
29,580,7
7,5133,7
9,11675,7
24,7590,7
24,6001,7
24,6851,7
24,6852,7
24,7930,7
29,627,7
4,11722,7
6,11673,7
6,11674,7
10,11672,7
17,16,7
6,11721,7
16,1563,7
24,7932,7
24,7933,7
24,6853,7
24,6854,7
24,6855,7
9,817,7
25,1744,7
6,11731,7
24,7938,7
24,7594,7
24,6856,7
9,1472,7
9,1455,7
9,1382,7
9,1231,7
16,2658,7
6,11601,7
9,678,7
9,1583,7
9,1379,7
9,1226,7
24,6873,7
24,6874,7
24,6875,7
24,6876,7
24,6454,7
24,6877,7
24,7989,7
24,7615,7
24,6878,7
9,1406,7
9,1366,7
9,1402,7
9,1450,7
24,6857,7
24,6858,7
24,7940,7
24,6859,7
24,7941,7
24,8352,7
24,7942,7
14,11718,7
24,6872,7
9,1227,7
9,1351,7
9,1380,7
9,1381,7
9,1138,7
0,11719,7
0,11720,7
9,1284,7
9,1219,7
9,1286,7
9,1463,7
9,1216,7
9,1360,7
9,1630,7
9,1584,7
9,1570,7
24,7599,7
24,7600,7
24,7601,7
24,6868,7
24,6869,7
24,6870,7
24,7983,7
32,11582,7
24,6871,7
24,7944,7
24,7945,7
2,7849,7
2,7850,7
24,7947,7
24,7948,7
24,7949,7
24,6864,7
24,7950,7
9,709,7
24,7977,7
24,7978,7
24,7981,7
32,11580,7
24,7951,7
2,7851,7
9,1407,7
9,1408,7
22,2745,7
17,443,7
9,1352,7
9,1329,7
9,1230,7
9,1410,7
9,1471,7
24,6866,7
24,7970,7
24,7971,7
17,707,7
24,7972,7
24,6867,7
32,6120,7
9,1411,7
9,1597,7
9,1598,7
9,1337,7
9,1468,7
9,1409,7
9,1365,7
9,1467,7
28,11717,7
9,1282,7
9,1048,7
9,1218,7
9,1334,7
9,1139,7
9,1229,7
9,1353,7
17,728,7
35,11579,7
24,4955,7
6,2436,7
6,2277,7
24,7955,7
22,7850,7
22,7851,7
6,4950,7
9,1228,7
6,1906,7
6,4330,7
9,1042,7
8,11597,7
0,11595,7
0,11878,7
0,11879,7
5,11880,7
24,6863,7
1,11758,7
16,144,7
9,1469,7
9,1470,7
9,1452,7
9,1569,7
0,11877,7
14,518,7
17,579,7
17,290,7
22,7849,7
24,6865,7
24,7963,7
24,7964,7
24,7965,7
22,448,7
24,7954,7
6,5500,7
16,6595,7
16,7712,7
16,7720,7
22,11576,7
22,212,7
16,7022,7
22,449,7
22,2293,7
1,11757,7
16,6567,7
16,6141,7
16,6971,7
16,5550,7
16,11046,7
22,7644,7
22,10023,7
16,8100,7
16,8101,7
9,1144,7
9,1049,7
9,1285,7
9,1517,7
22,477,7
22,419,7
9,1451,7
12,670,7
6,5277,7
6,5278,7
1,11181,7
28,14,7
4,143,7
9,5247,7
37,11462,7
37,11463,7
37,11464,7
37,11465,7
37,10409,7
37,11450,7
37,10407,7
37,11451,7
37,11452,7
37,10408,7
37,11453,7
37,259,7
28,75,6
28,596,6
28,540,6
14,6,6
30,344,6
22,48,6
37,12166,6
14,13122,6
14,13123,6
14,13124,6
14,1398,6
30,211,6
30,302,6
30,351,6
37,12167,6
30,358,6
30,288,6
30,446,6
30,252,6
28,4934,6
1,10243,6
1,10244,6
9,708,6
2,3968,6
2,3969,6
2,3044,6
2,3970,6
22,527,6
2,4314,6
2,4312,6
2,3971,6
2,5176,6
16,8521,6
16,8524,6
16,8525,6
2,2500,6
2,2810,6
2,2723,6
2,3651,6
9,809,6
9,726,6
20,13540,6
6,3119,6
14,561,6
22,4280,6
22,4281,6
22,3218,6
22,2186,6
1,13542,6
22,2666,6
22,2128,6
22,12267,6
16,9186,6
16,9187,6
6,4951,6
24,3600,6
24,7962,6
0,14005,6
0,14006,6
6,2988,6
6,4952,6
16,9188,6
0,813,6
0,4143,6
9,669,6
1,13541,6
2,4313,6
2,3973,6
2,4316,6
2,3976,6
8,12359,6
0,12355,6
0,12356,6
9,725,6
16,2119,6
16,1982,6
16,1983,6
2,2699,6
2,2737,6
2,2266,6
2,2187,6
27,339,6
0,14004,6
14,569,6
14,543,6
14,540,6
24,7604,6
6,2548,6
6,3410,6
22,8752,6
9,1514,6
17,911,6
22,4282,6
22,4283,6
6,2437,6
17,858,6
24,7605,6
24,7606,6
24,7607,6
24,7959,6
24,7960,6
0,12353,6
35,12272,6
24,7610,6
24,7611,6
24,7967,6
6,4564,6
2,2809,6
2,3460,6
9,710,6
2,2683,6
2,2736,6
6,6860,6
6,5681,6
30,2505,6
6,4790,6
24,7956,6
24,7603,6
17,848,6
17,849,6
32,10398,6
32,12288,6
35,12271,6
35,12273,6
32,9634,6
6,3416,6
16,1697,6
28,13397,6
28,13399,6
27,353,6
27,148,6
27,779,6
17,876,6
17,847,6
17,841,6
12,532,6
24,7975,6
24,7976,6
32,12291,6
32,12292,6
32,12282,6
32,12283,6
9,1759,6
24,7602,6
2,3023,6
22,3102,6
9,1143,6
9,755,6
24,7968,6
24,7969,6
16,1636,6
9,730,6
6,4955,6
17,3451,6
2,3903,6
2,3904,6
2,8752,6
2,3459,6
24,7946,6
24,8975,6
22,3043,6
27,26,6
9,704,6
6,2517,6
22,152,6
19,690,6
9,1499,6
32,11581,6
32,6315,6
32,12289,6
32,12299,6
24,7612,6
24,5683,6
17,507,6
16,2504,6
16,2207,6
16,1825,6
16,2506,6
16,2505,6
2,4898,6
2,2721,6
6,4956,6
2,2119,6
16,1986,6
16,1985,6
16,1984,6
9,728,6
9,707,6
11,5,6
24,7597,6
24,7598,6
24,4954,6
24,6862,6
24,7943,6
17,465,6
9,1670,6
9,1607,6
9,1760,6
27,35,6
24,7613,6
24,7614,6
9,1806,6
9,1335,6
9,1803,6
9,1804,6
32,12306,6
27,20,6
9,1805,6
9,1802,6
14,13401,6
0,13402,6
0,13403,6
0,13404,6
17,1668,6
11,13477,6
9,1669,6
9,2668,6
32,12315,6
32,9637,6
32,12293,6
32,12302,6
32,12303,6
32,12304,6
24,8351,6
24,6861,6
2,5417,6
2,3020,6
27,13,6
14,13400,6
27,7,6
6,13406,6
24,5681,6
24,9339,6
24,7939,6
24,8350,6
24,7595,6
6,12365,6
17,2113,6
9,724,6
24,7990,6
6,9641,6
6,12317,6
32,12316,6
9,1151,6
9,1531,6
11,13476,6
24,7592,6
17,18,6
24,7937,6
9,579,6
25,537,6
9,1702,6
6,13458,6
6,13459,6
16,1987,6
16,1882,6
16,3972,6
16,1901,6
9,479,6
27,24,6
27,303,6
33,13405,6
9,1456,6
10,13141,6
16,1883,6
16,1988,6
19,13142,6
19,8309,6
34,13138,6
6,13407,6
27,6,6
27,44,6
10,13139,6
10,13140,6
24,7934,6
24,7935,6
24,7936,6
24,7591,6
9,13144,6
32,12310,6
9,1800,6
9,1498,6
17,773,6
17,755,6
17,850,6
9,1053,6
9,1339,6
9,1242,6
9,3041,6
9,1340,6
6,9644,6
6,12319,6
6,12320,6
6,9646,6
7,5912,6
7,4907,6
17,278,6
17,2112,6
9,1862,6
7,5911,6
24,331,6
16,1761,6
16,1914,6
16,1762,6
16,1884,6
16,174,6
29,612,6
6,13143,6
4,13408,6
9,8478,6
9,1530,6
9,1758,6
9,1801,6
17,710,6
17,897,6
11,6,6
9,795,6
6,12318,6
6,12321,6
9,1652,6
35,9245,6
16,2507,6
16,2508,6
16,1885,6
16,1852,6
29,611,6
24,7920,6
16,2510,6
16,2509,6
24,6711,6
17,2111,6
30,1984,6
11,13457,6
24,6844,6
17,44,6
15,8011,6
15,6552,6
4,13409,6
24,458,6
24,6847,6
9,1239,6
9,1653,6
9,1779,6
9,2610,6
11,360,6
21,6455,6
6,9649,6
6,9650,6
6,9651,6
6,12323,6
6,12324,6
9,1529,6
9,1634,6
30,13480,6
30,13481,6
30,13482,6
35,668,6
24,7919,6
9,10141,6
15,13411,6
15,13412,6
15,3591,6
15,13413,6
15,13414,6
24,6839,6
24,7915,6
24,7916,6
11,13455,6
11,13456,6
6,1655,6
22,9672,6
17,158,6
24,7917,6
24,7918,6
3,12327,6
3,12328,6
6,12322,6
3,12331,6
3,12332,6
3,12333,6
3,12334,6
3,12335,6
3,12336,6
30,13485,6
15,13416,6
9,5911,6
9,5912,6
16,1763,6
11,13454,6
27,124,6
9,2069,6
3,1542,6
3,526,6
9,1740,6
3,1844,6
3,8646,6
3,1606,6
19,1918,6
22,7451,6
15,13415,6
35,677,6
30,13483,6
30,13484,6
6,12325,6
6,3218,6
3,12326,6
15,13422,6
15,13423,6
15,13424,6
15,13425,6
24,445,6
19,4788,6
16,13543,6
19,5911,6
19,5912,6
24,3722,6
3,1604,6
3,2627,6
3,2107,6
3,1605,6
30,2506,6
30,3972,6
30,13487,6
17,860,6
17,725,6
30,13488,6
30,13489,6
30,13490,6
8,612,6
3,12337,6
3,12338,6
3,12339,6
22,62,6
22,43,6
22,47,6
22,3454,6
15,13420,6
15,13421,6
15,7457,6
15,13427,6
15,10926,6
22,525,6
22,2267,6
16,13544,6
30,690,6
30,830,6
19,4907,6
16,2511,6
24,503,6
15,13417,6
15,13418,6
15,10998,6
15,13419,6
30,13486,6
30,13501,6
1,13589,6
1,13590,6
1,13591,6
1,13592,6
1,13593,6
1,13594,6
24,439,6
24,402,6
24,103,6
24,189,6
1,13595,6
1,10142,6
3,1490,6
9,1715,6
15,13426,6
0,1972,6
30,13491,6
17,879,6
30,13492,6
30,13493,6
30,13494,6
30,13495,6
30,13496,6
30,13497,6
30,13498,6
30,11746,6
3,12329,6
3,12330,6
22,52,6
30,13499,6
30,13500,6
1,13604,6
24,232,6
24,403,6
1,13605,6
1,13606,6
1,13607,6
1,13608,6
3,1633,6
3,1859,6
3,802,6
1,13596,6
1,13597,6
24,201,6
24,243,6
24,93,6
0,1971,6
1,13616,6
1,13618,6
1,8744,6
1,13619,6
1,13609,6
1,13610,6
1,13611,6
1,13612,6
0,12376,6
24,209,6
1,13598,6
1,13599,6
1,13600,6
1,13601,6
1,13602,6
1,13603,6
30,13502,6
30,13503,6
30,13504,6
17,880,6
35,681,6
35,14046,6
35,530,6
21,184,6
8,611,6
35,14045,6
11,14043,6
35,633,6
35,665,6
27,22,6
1,13614,6
1,13615,6
1,482,6
24,10392,6
24,362,6
6,3415,6
1,13620,6
1,13621,6
1,13622,6
1,13623,6
1,13624,6
22,13625,6
3,91,6
3,698,6
3,1052,6
3,1716,6
9,1787,6
1,13613,6
9,14042,6
17,669,6
35,680,6
35,688,6
35,729,6
21,381,6
22,13133,6
27,31,6
23,723,6
16,865,6
22,13626,6
22,13627,6
0,12377,6
30,2207,6
30,2504,6
1,484,6
6,4072,6
11,577,6
11,581,6
24,7908,6
24,7579,6
12,8292,6
15,13428,6
15,13429,6
15,13430,6
15,13431,6
24,5996,6
34,8545,6
16,837,6
35,686,6
11,14044,6
9,14041,6
21,479,6
22,13132,6
20,13886,6
10,482,6
17,14040,6
21,8364,6
35,672,6
30,13505,6
30,13506,6
30,13507,6
24,7906,6
11,553,6
34,8546,6
6,3413,6
11,550,6
11,524,6
26,1375,6
26,12381,6
26,12382,6
26,12383,6
26,12384,6
26,12385,6
26,12386,6
24,4950,6
11,570,6
11,484,6
24,7574,6
24,7575,6
24,7576,6
26,12378,6
26,12387,6
23,905,6
30,13509,6
30,13510,6
30,13511,6
30,13512,6
6,10062,6
21,4050,6
10,484,6
30,13513,6
30,13514,6
30,13515,6
30,13516,6
30,13517,6
30,13518,6
26,12389,6
26,12379,6
26,12380,6
22,1845,6
22,2676,6
27,94,6
22,3440,6
0,12397,6
0,12398,6
26,12388,6
22,3438,6
0,14035,6
9,3096,6
9,2965,6
9,3550,6
0,14037,6
17,708,6
9,1603,6
30,13508,6
22,543,6
22,13522,6
22,13523,6
22,3446,6
22,13524,6
34,5451,6
26,12390,6
26,12391,6
26,12392,6
31,12394,6
31,12395,6
17,14039,6
22,3439,6
22,3225,6
22,13519,6
22,13520,6
3,13528,6
6,876,6
6,678,6
15,13884,6
15,13434,6
9,1772,6
31,12396,6
35,676,6
22,773,6
22,13521,6
22,3441,6
6,579,6
22,3443,6
22,3442,6
22,3444,6
22,540,6
0,898,6
34,4389,6
0,8748,6
0,2111,6
0,821,6
15,13432,6
15,13433,6
22,3447,6
22,13525,6
25,1743,6
25,4942,6
25,4943,6
35,699,6
35,679,6
3,13526,6
3,13527,6
37,831,6
37,868,6
37,751,6
16,12352,6
15,13883,6
37,1457,6
35,736,6
6,728,6
35,790,6
35,655,6
15,8744,6
15,13435,6
0,10913,6
0,8695,6
0,908,6
0,589,6
15,14011,6
15,14012,6
35,752,6
35,764,6
6,707,6
37,887,6
27,19,6
27,25,6
27,27,6
34,51,6
0,899,6
0,759,6
0,806,6
15,13885,6
35,1799,6
35,654,6
35,720,6
22,13529,6
22,13530,6
2,869,6
2,923,6
11,39,6
11,37,6
0,8696,6
0,8692,6
0,8693,6
0,10900,6
0,8694,6
0,10906,6
15,13436,6
35,687,6
15,14010,6
22,13531,6
34,6318,6
21,2437,6
10,705,6
34,479,6
27,9757,6
24,7573,6
20,714,6
34,36,6
35,598,6
37,797,6
37,942,6
19,13880,6
19,13881,6
19,13882,6
37,943,6
0,533,6
6,833,6
35,658,6
34,47,6
34,60,6
34,43,6
34,207,6
34,8298,6
0,44,6
20,1887,6
6,755,6
6,704,6
6,709,6
34,3050,6
6,730,6
0,1691,6
0,498,6
30,1901,6
30,1986,6
30,1985,6
6,710,6
34,69,6
0,2112,6
15,13437,6
15,13438,6
15,10999,6
15,13439,6
0,687,6
0,658,6
34,6317,6
0,711,6
0,812,6
12,543,6
0,2489,6
0,2672,6
0,2488,6
34,12350,6
34,5652,6
34,7519,6
34,7516,6
34,7517,6
0,604,6
0,618,6
24,7897,6
24,7563,6
12,9288,6
0,502,6
34,61,6
0,654,6
0,655,6
0,3004,6
34,7518,6
35,13533,6
35,13534,6
35,13535,6
16,8095,6
16,8094,6
34,3048,6
34,396,6
0,8688,6
0,8689,6
0,8690,6
0,8691,6
2,3199,6
2,13538,6
2,13539,6
0,688,6
0,680,6
0,578,6
0,3007,6
0,672,6
0,676,6
0,3006,6
34,531,6
24,7894,6
24,7896,6
2,1657,6
2,1658,6
0,3005,6
0,775,6
2,1508,6
2,1784,6
0,679,6
9,1572,6
9,1573,6
9,3128,6
6,860,6
0,3131,6
0,668,6
0,677,6
0,686,6
0,633,6
0,681,6
0,774,6
35,13536,6
2,13537,6
9,1519,6
9,1516,6
16,7677,6
0,8684,6
0,8685,6
0,8686,6
0,8687,6
0,8683,6
0,2113,6
0,665,6
2,1989,6
2,1659,6
26,13876,6
1,13877,6
1,13878,6
1,13879,6
2,4779,6
2,1507,6
17,13373,6
17,13374,6
34,4788,6
34,8299,6
34,7512,6
34,246,6
34,64,6
34,42,6
15,12131,6
15,12132,6
15,12133,6
22,13368,6
16,9185,6
6,669,6
2,1563,6
12,540,6
14,8748,6
34,7511,6
34,6712,6
0,12130,6
0,355,6
0,768,6
0,769,6
0,18,6
34,6316,6
34,7513,6
9,1897,6
9,13532,6
9,11045,6
9,1554,6
6,934,6
9,1541,6
34,6313,6
34,6314,6
30,1883,6
37,14013,6
34,72,6
34,37,6
34,48,6
34,46,6
28,360,6
22,13369,6
22,13370,6
22,13371,6
6,13440,6
6,13441,6
15,7450,6
37,14014,6
12,561,6
19,12650,6
37,14015,6
0,12119,6
0,12121,6
0,12122,6
0,12123,6
34,53,6
0,12124,6
0,12125,6
0,1668,6
0,12127,6
6,708,6
6,726,6
9,1540,6
26,465,6
4,12649,6
19,10082,6
2,1545,6
35,8438,6
30,1882,6
0,12118,6
20,771,6
9,1898,6
9,2125,6
34,71,6
34,39,6
0,913,6
0,909,6
15,5915,6
6,12349,6
26,941,6
26,867,6
17,8478,6
17,12346,6
9,3215,6
15,10439,6
15,436,6
0,12111,6
0,12112,6
34,247,6
0,12113,6
0,12114,6
0,12115,6
0,12116,6
0,12117,6
35,12651,6
2,1506,6
2,1656,6
35,7754,6
35,7755,6
35,7756,6
22,8431,6
22,8432,6
16,8523,6
16,8102,6
9,2435,6
34,8547,6
34,8548,6
34,8549,6
34,8550,6
6,12348,6
27,13125,6
27,13126,6
27,13127,6
27,13130,6
26,500,6
22,12654,6
22,12655,6
22,12656,6
22,12657,6
22,12658,6
22,12659,6
22,12660,6
34,8551,6
0,465,6
16,7695,6
15,437,6
22,12667,6
22,12668,6
22,12669,6
22,12670,6
22,12671,6
22,12672,6
22,12673,6
9,11556,6
11,21,6
22,12677,6
22,12678,6
22,12679,6
16,13179,6
24,162,6
6,2786,6
27,13131,6
22,12661,6
22,12662,6
22,12663,6
22,12664,6
22,12665,6
22,12666,6
22,12686,6
22,12687,6
22,12688,6
16,7706,6
16,8114,6
34,8552,6
34,8553,6
24,5989,6
35,7758,6
35,7759,6
34,8558,6
0,914,6
16,8117,6
16,7703,6
34,8556,6
34,8554,6
34,8555,6
0,450,6
0,3451,6
22,12680,6
22,12681,6
22,12682,6
22,12683,6
22,12684,6
18,493,6
9,8430,6
22,12692,6
22,12693,6
22,12694,6
22,12695,6
22,12696,6
22,12697,6
22,12698,6
22,12674,6
22,12675,6
22,12676,6
22,12699,6
22,12700,6
22,12701,6
34,8559,6
16,8526,6
34,8557,6
22,12706,6
22,12707,6
22,12708,6
22,12709,6
22,12710,6
22,12711,6
22,12712,6
22,12685,6
22,12720,6
22,12721,6
22,12722,6
22,12723,6
15,5914,6
22,12689,6
22,12690,6
22,12691,6
22,12729,6
22,12730,6
22,12731,6
22,12732,6
22,12733,6
22,12734,6
22,12735,6
22,12713,6
22,12714,6
22,12715,6
16,8131,6
34,441,6
22,12702,6
22,12703,6
22,12704,6
22,12705,6
1,477,6
1,481,6
16,8528,6
6,12218,6
19,3549,6
20,8966,6
19,2965,6
19,3550,6
1,3044,6
15,7449,6
22,12724,6
22,12725,6
0,1828,6
0,12200,6
22,12727,6
22,12728,6
22,12717,6
22,12718,6
22,12719,6
22,12743,6
22,12744,6
22,12745,6
22,12746,6
0,12196,6
0,12197,6
0,12198,6
0,12199,6
22,12726,6
26,484,6
22,12752,6
22,12753,6
20,8316,6
22,12760,6
22,12736,6
22,12737,6
22,12738,6
22,12739,6
22,12740,6
22,12741,6
22,12742,6
22,12764,6
22,12765,6
20,9355,6
1,470,6
0,940,6
1,471,6
33,13628,6
22,12716,6
22,12747,6
22,12748,6
22,12749,6
22,12750,6
22,12751,6
22,12780,6
20,498,6
20,1799,6
9,893,6
33,13629,6
22,12754,6
22,12755,6
22,12756,6
22,12757,6
22,12758,6
22,12759,6
7,10789,6
20,445,6
16,8143,6
16,8529,6
20,487,6
7,10786,6
9,715,6
22,12766,6
22,12767,6
22,12768,6
22,12769,6
22,12770,6
22,12771,6
22,12772,6
22,12773,6
22,12774,6
29,11059,6
29,11060,6
29,11061,6
29,11062,6
10,10273,6
10,13632,6
10,13633,6
10,13634,6
35,513,6
35,514,6
22,698,6
22,791,6
20,8439,6
9,2434,6
22,13630,6
7,9741,6
29,11064,6
20,8440,6
20,9356,6
20,9357,6
20,9358,6
20,9359,6
29,11065,6
29,11066,6
29,11067,6
29,11068,6
29,11069,6
9,1700,6
29,11056,6
9,866,6
29,11057,6
29,11058,6
9,2277,6
22,12781,6
22,12782,6
22,12783,6
22,12784,6
22,12785,6
0,12190,6
20,10569,6
0,12191,6
0,12192,6
0,12193,6
0,12194,6
0,12195,6
9,2437,6
29,11072,6
29,11063,6
29,11087,6
29,11088,6
29,11089,6
29,11090,6
29,11091,6
29,11073,6
29,11074,6
29,11075,6
29,11076,6
29,11077,6
29,9874,6
9,2547,6
9,2916,6
29,11070,6
29,11071,6
9,2548,6
7,5689,6
7,3407,6
2,2909,6
29,11092,6
29,11093,6
11,14003,6
9,2517,6
29,11078,6
29,11079,6
29,11080,6
29,11081,6
29,11082,6
29,11083,6
29,11084,6
29,11085,6
29,11086,6
1,13637,6
1,13638,6
1,13639,6
1,13640,6
11,14002,6
22,1633,6
2,2980,6
11,13995,6
11,13996,6
11,13997,6
11,13998,6
11,13999,6
11,14000,6
11,14001,6
7,1922,6
7,5688,6
24,4914,6
24,4915,6
24,4917,6
24,2967,6
24,491,6
24,3189,6
24,1489,6
24,1338,6
28,174,6
11,13991,6
11,13992,6
11,13993,6
11,13994,6
34,1845,6
19,5431,6
1,13636,6
22,12761,6
22,12762,6
22,12763,6
22,12791,6
22,12792,6
22,12793,6
22,12794,6
22,12795,6
22,12796,6
22,12797,6
1,8475,6
6,13643,6
22,13644,6
22,13645,6
24,5985,6
30,13990,6
32,1887,6
32,1903,6
9,13646,6
9,13647,6
1,1658,6
1,1989,6
34,705,6
1,1659,6
1,1656,6
1,1300,6
1,1657,6
22,13987,6
22,13988,6
30,13989,6
6,13642,6
1,5417,6
2,3908,6
19,4389,6
9,11867,6
9,13968,6
2,2729,6
2,2265,6
2,2728,6
19,5451,6
2,3022,6
35,66,6
2,13984,6
2,2638,6
2,13983,6
23,13986,6
22,1604,6
23,13985,6
22,12798,6
22,12799,6
22,12800,6
22,12801,6
22,12775,6
22,12776,6
22,12777,6
22,12778,6
22,12779,6
22,12809,6
22,12810,6
22,12811,6
22,12812,6
22,12813,6
22,1605,6
35,543,6
1,13656,6
22,12466,6
22,12467,6
22,12468,6
1,13648,6
1,13649,6
1,13650,6
1,13651,6
1,13652,6
22,12465,6
1,13653,6
1,13654,6
9,13966,6
9,13967,6
35,540,6
2,13965,6
1,13667,6
1,13668,6
1,13669,6
1,13670,6
19,1898,6
1,13657,6
1,13658,6
1,13659,6
1,13660,6
1,13661,6
1,13662,6
1,13663,6
1,13664,6
28,830,6
28,26,6
1,13655,6
28,690,6
1,13671,6
1,13672,6
1,13673,6
1,13674,6
1,13675,6
1,13676,6
1,13677,6
1,13678,6
1,13679,6
1,13680,6
19,1700,6
1,13681,6
1,13665,6
31,12399,6
1,13666,6
15,13963,6
2,13687,6
2,13688,6
10,733,6
10,714,6
21,13683,6
21,13684,6
2,13686,6
22,1542,6
30,1825,6
30,1697,6
9,12400,6
9,11096,6
9,13682,6
16,13964,6
28,459,6
22,12814,6
22,12815,6
0,12187,6
0,12189,6
22,12786,6
22,12787,6
22,12788,6
22,12789,6
22,12790,6
22,12822,6
22,12823,6
22,12824,6
22,12825,6
22,12826,6
22,12827,6
22,12828,6
22,12829,6
22,12830,6
22,12802,6
28,263,6
34,7033,6
34,7034,6
34,6612,6
34,7030,6
34,7031,6
34,7032,6
34,8825,6
19,2437,6
22,526,6
31,12401,6
15,12402,6
15,7448,6
15,12404,6
15,12405,6
5,13960,6
5,13961,6
17,13962,6
25,482,6
7,477,6
7,481,6
1,13689,6
16,13690,6
16,13691,6
12,3096,6
12,2965,6
12,3550,6
9,3972,6
30,5195,6
22,12808,6
22,12834,6
22,12835,6
22,12836,6
22,12837,6
22,12838,6
22,12839,6
22,12840,6
30,1987,6
6,866,6
28,144,6
19,4050,6
19,1462,6
10,1714,6
22,213,6
25,484,6
1,13693,6
15,12403,6
10,13694,6
10,13695,6
33,13696,6
33,13697,6
33,13698,6
19,3208,6
1,13692,6
4,13958,6
4,13959,6
22,12803,6
22,12804,6
22,12805,6
22,12806,6
22,12807,6
15,10779,6
22,285,6
22,286,6
22,202,6
22,287,6
30,13956,6
30,13957,6
15,10782,6
15,7734,6
22,8646,6
22,1606,6
22,214,6
30,13952,6
30,13953,6
30,13954,6
30,13955,6
28,13947,6
28,13948,6
28,13949,6
9,13950,6
33,13699,6
33,13700,6
33,13701,6
33,13702,6
33,13703,6
15,10781,6
15,491,6
15,10776,6
15,10783,6
15,11627,6
15,10777,6
15,10778,6
28,13945,6
28,13946,6
9,5878,6
9,13951,6
24,12412,6
33,13704,6
33,13705,6
33,13706,6
33,13707,6
33,13708,6
33,13709,6
33,13710,6
33,13711,6
33,13712,6
15,10773,6
24,12411,6
31,13185,6
28,13932,6
28,13933,6
28,13934,6
28,13935,6
28,13936,6
28,13937,6
7,1577,6
28,13938,6
28,13939,6
28,13940,6
28,13941,6
28,13942,6
6,3627,6
28,13943,6
28,13944,6
22,12841,6
22,122,6
22,12816,6
22,12817,6
22,12818,6
22,12819,6
22,12820,6
22,12821,6
22,12868,6
22,12842,6
22,12843,6
22,12844,6
22,12845,6
22,12846,6
31,13183,6
31,13184,6
32,8650,6
9,5870,6
9,5869,6
9,4909,6
16,13928,6
9,4220,6
9,4221,6
9,4219,6
9,5875,6
9,4222,6
28,13931,6
9,4910,6
32,8649,6
19,13929,6
19,13930,6
9,5877,6
2,13919,6
9,5866,6
9,6570,6
9,6141,6
2,13920,6
2,13923,6
2,13924,6
2,10260,6
2,13925,6
16,13926,6
9,4215,6
9,5868,6
9,1532,6
9,4216,6
9,4908,6
16,13927,6
10,788,6
10,5926,6
10,5928,6
24,572,6
10,3100,6
2,12227,6
2,12228,6
2,12229,6
10,6308,6
10,1912,6
24,6376,6
2,10256,6
2,10258,6
2,13916,6
2,7457,6
2,10259,6
22,12848,6
30,1988,6
22,12849,6
22,12850,6
22,12851,6
22,12852,6
22,12853,6
22,12831,6
22,12832,6
22,12833,6
22,12881,6
22,12882,6
22,12854,6
22,12855,6
10,2968,6
10,2201,6
30,13720,6
24,2201,6
1,1992,6
6,4953,6
1,749,6
6,12231,6
6,12232,6
6,12233,6
33,13716,6
22,8945,6
22,13713,6
2,12226,6
22,13714,6
22,13715,6
24,568,6
22,12847,6
22,12858,6
22,12859,6
30,1761,6
30,1914,6
22,12860,6
22,12861,6
22,12862,6
22,12863,6
22,12864,6
22,12865,6
22,12866,6
22,12867,6
22,12894,6
22,12895,6
30,13718,6
30,13719,6
22,13726,6
26,516,6
24,565,6
6,12236,6
6,12237,6
2,13722,6
6,12235,6
6,6059,6
6,360,6
2,13721,6
24,564,6
1,532,6
6,424,6
6,12234,6
22,12856,6
22,12857,6
6,3704,6
6,3705,6
9,13733,6
9,13734,6
22,13729,6
22,13730,6
6,12240,6
24,619,6
1,11100,6
1,13728,6
22,13723,6
22,13724,6
6,12238,6
6,12239,6
6,3703,6
22,13725,6
22,12896,6
22,12897,6
22,12869,6
22,12870,6
22,12871,6
22,12872,6
30,1884,6
30,1762,6
22,12873,6
22,12874,6
22,12875,6
22,12876,6
22,12877,6
22,12878,6
22,12879,6
22,12880,6
2,13743,6
2,13744,6
6,6061,6
2,13745,6
24,598,6
11,13737,6
11,13738,6
11,13739,6
11,13740,6
11,13741,6
2,13742,6
11,13735,6
11,13736,6
6,6060,6
6,346,6
6,12242,6
4,5284,6
4,11686,6
4,13186,6
4,10066,6
34,30,6
2,13909,6
2,13913,6
2,10255,6
11,13748,6
11,13749,6
11,13750,6
2,13746,6
2,13747,6
16,12244,6
16,12245,6
16,11565,6
22,12886,6
22,12887,6
22,12888,6
22,12889,6
22,12890,6
30,2507,6
30,2508,6
30,1852,6
19,5648,6
30,4512,6
22,12891,6
22,12892,6
22,12893,6
4,11683,6
4,11684,6
4,11685,6
39,13190,6
8,1938,6
6,893,6
24,649,6
24,566,6
16,12247,6
16,12248,6
2,837,6
2,865,6
24,80,6
2,13914,6
20,479,6
39,13189,6
22,12883,6
22,12884,6
22,12885,6
30,237,6
30,152,6
7,510,6
30,2118,6
22,12905,6
22,12906,6
22,12907,6
22,12908,6
8,1767,6
10,869,6
10,923,6
3,5,6
20,12259,6
20,12249,6
20,12250,6
20,12251,6
7,13751,6
20,12260,6
20,12261,6
20,8317,6
20,6355,6
20,8315,6
11,869,6
11,923,6
20,12252,6
20,12253,6
20,12254,6
20,12255,6
20,12256,6
20,12257,6
20,12258,6
30,32,6
2,39,6
2,406,6
26,4379,6
26,4380,6
26,4381,6
2,174,6
2,40,6
12,6490,6
12,6491,6
8,2964,6
1,10229,6
12,13753,6
26,4382,6
20,10516,6
12,13752,6
7,7491,6
21,845,6
2,38,6
2,42,6
1,10231,6
1,10232,6
1,10233,6
1,10230,6
2,48,6
2,46,6
2,66,6
2,56,6
2,50,6
2,53,6
5,13908,6
2,72,6
2,49,6
22,12915,6
22,12916,6
22,12917,6
22,12918,6
22,12919,6
30,1885,6
22,12920,6
22,12921,6
22,12922,6
19,855,6
2,54,6
19,856,6
19,857,6
20,4441,6
20,4442,6
20,4443,6
2,58,6
24,452,6
24,7832,6
19,854,6
19,798,6
19,1355,6
19,2959,6
19,982,6
24,292,6
24,4270,6
2,308,6
2,32,6
22,12909,6
22,12910,6
22,123,6
22,12914,6
15,4441,6
15,48,6
19,824,6
2,57,6
16,10649,6
0,10883,6
0,13289,6
0,13290,6
0,13291,6
0,13292,6
21,611,6
21,666,6
21,612,6
24,8681,6
24,6650,6
24,10882,6
22,13907,6
2,52,6
2,36,6
14,9267,6
9,3722,6
15,4443,6
2,47,6
2,60,6
2,62,6
2,43,6
2,41,6
2,65,6
2,55,6
19,863,6
15,4442,6
19,2958,6
22,12901,6
22,12902,6
22,12903,6
22,12904,6
22,12925,6
22,12926,6
22,12927,6
22,12928,6
22,12929,6
22,12930,6
22,13901,6
22,13902,6
22,13903,6
22,13904,6
22,13905,6
22,13906,6
22,12933,6
22,12934,6
22,12935,6
22,12936,6
22,12937,6
22,12911,6
22,12912,6
22,12913,6
22,12965,6
22,12938,6
19,3049,6
17,10651,6
17,10652,6
22,12898,6
22,12899,6
22,12900,6
17,10658,6
22,13900,6
1,10234,6
1,10235,6
1,10236,6
1,10237,6
17,10653,6
20,1601,6
17,12406,6
17,12407,6
20,346,6
5,540,6
30,2510,6
30,2509,6
22,12931,6
22,12932,6
23,13890,6
15,6907,6
15,6908,6
15,8001,6
23,13891,6
22,13892,6
22,13893,6
22,13894,6
21,715,6
22,13895,6
22,13896,6
22,13897,6
22,13898,6
22,13899,6
17,10656,6
17,10657,6
22,12940,6
22,12941,6
22,12942,6
30,1763,6
22,12943,6
22,12944,6
22,12945,6
22,12946,6
22,12947,6
22,12948,6
22,12949,6
22,12950,6
22,12923,6
22,12924,6
1,10238,6
1,10239,6
22,12953,6
22,12954,6
22,12955,6
22,12956,6
22,12957,6
22,12958,6
22,12959,6
22,12960,6
22,12961,6
22,12962,6
22,12963,6
22,12964,6
15,477,6
15,6909,6
17,10654,6
22,12939,6
22,12978,6
1,852,6
1,853,6
1,873,6
1,872,6
17,10655,6
1,874,6
1,875,6
1,530,6
22,13889,6
23,3411,6
1,10240,6
22,12979,6
22,12980,6
22,12951,6
22,12952,6
1,851,6
22,12991,6
22,12992,6
22,12993,6
22,12966,6
22,12967,6
22,12968,6
22,12969,6
22,12970,6
22,12971,6
22,12972,6
22,12973,6
22,12974,6
22,12975,6
22,12976,6
22,12977,6
22,12981,6
22,12982,6
22,12983,6
22,12984,6
22,12985,6
22,12986,6
22,12987,6
22,12988,6
22,12989,6
22,12990,6
22,13001,6
22,13002,6
34,12263,6
34,12264,6
34,12265,6
1,871,6
2,13841,6
2,13842,6
2,13843,6
31,543,6
22,13003,6
22,13004,6
22,13005,6
22,13006,6
22,13007,6
22,13008,6
22,117,6
22,121,6
22,13015,6
22,13016,6
37,1653,6
30,2511,6
22,13020,6
22,13021,6
22,13022,6
22,13023,6
22,12994,6
22,12995,6
22,12996,6
22,13888,6
22,60,6
15,6296,6
21,13831,6
35,13832,6
35,13833,6
35,13834,6
2,13839,6
2,13840,6
0,13860,6
2,13844,6
2,13845,6
2,13846,6
22,12997,6
22,12998,6
22,12999,6
22,13000,6
22,13029,6
22,13030,6
6,13837,6
35,13835,6
35,13836,6
22,13017,6
22,13018,6
22,13019,6
22,13009,6
22,13010,6
2,13847,6
2,13848,6
2,13849,6
2,13850,6
2,13851,6
2,13852,6
2,13853,6
2,13854,6
2,13838,6
2,13855,6
2,13856,6
0,13857,6
0,13858,6
0,13859,6
22,13040,6
9,2970,6
9,2203,6
38,478,6
9,2969,6
9,2202,6
10,13861,6
10,13862,6
22,13031,6
22,13032,6
22,13033,6
22,13034,6
22,13035,6
22,13036,6
22,13037,6
22,13038,6
0,14032,6
9,2652,6
9,2609,6
9,2743,6
22,13041,6
22,13042,6
22,13043,6
22,13044,6
22,13024,6
15,6649,6
15,5917,6
22,13011,6
22,13012,6
22,13013,6
22,13014,6
22,13039,6
9,2206,6
9,2655,6
9,1887,6
9,2653,6
22,13025,6
22,13026,6
22,13027,6
22,13028,6
9,5916,6
9,3102,6
9,2701,6
9,2204,6
9,2205,6
31,540,6
30,545,6
30,478,6
22,633,6
26,851,6
26,852,6
0,14031,6
9,1903,6
30,539,6
22,120,6
22,138,6
24,14033,6
24,14034,6
26,482,6
2,13045,6
2,13046,6
9,4440,6
22,108,6
9,2654,6
22,542,6
22,264,6
22,156,6
19,12163,6
22,680,6
1,9673,6
20,468,6
22,668,6
2,13047,6
35,5879,6
35,5880,6
22,677,6
9,3043,6
22,101,6
22,413,6
22,209,6
30,473,6
30,236,6
26,853,6
22,831,6
5,543,6
22,146,6
22,41,6
22,665,6
22,686,6
22,681,6
22,435,6
22,270,6
22,90,6
22,729,6
22,688,6
22,672,6
20,12345,6
22,93,6
22,619,6
22,676,6
22,699,6
22,679,6
22,659,6
22,844,6
29,8946,6
29,1992,6
9,3199,6
15,7447,6
22,57,6
1,9181,6
30,342,6
30,220,6
6,145,6
6,130,6
6,118,6
6,113,6
6,131,6
6,237,6
6,152,6
6,342,6
30,164,6
22,201,6
22,189,6
22,654,6
20,12344,6
6,127,6
6,128,6
6,134,6
2,13295,6
34,13887,6
24,5259,6
15,5629,6
22,59,6
30,634,6
22,736,6
22,445,6
22,143,6
6,322,6
6,324,6
6,325,6
6,316,6
6,366,6
6,129,6
6,441,6
9,806,6
37,12165,6
22,103,6
6,409,6
6,410,6
6,383,6
6,136,6
6,401,6
6,315,6
6,385,6
6,386,6
22,752,6
22,109,6
22,764,6
23,14021,6
2,13294,6
6,429,6
6,253,6
6,267,6
6,151,6
6,444,6
6,148,6
6,364,6
22,61,6
23,14022,6
22,687,6
30,508,6
30,509,6
6,400,6
6,354,6
6,363,6
22,126,6
6,423,6
6,358,6
6,359,6
22,717,6
6,327,6
6,275,6
2,14020,6
15,5913,6
15,5916,6
15,7446,6
11,11664,6
6,284,6
6,375,6
6,395,6
6,329,6
6,404,6
22,658,6
23,14023,6
22,790,6
30,532,6
30,148,6
30,321,6
22,720,6
30,320,6
22,1498,6
20,32,6
22,655,6
2,14017,6
2,14018,6
2,14019,6
22,1800,6
6,311,6
22,604,6
30,538,6
22,823,6
22,942,6
22,766,6
22,1342,6
22,943,6
22,29,6
22,38,6
30,546,6
22,887,6
22,1242,6
22,797,6
22,868,6
30,510,6
30,495,6
33,14025,6
33,14026,6
33,14027,6
9,12183,6
9,12184,6
30,3044,6
30,1636,6
22,785,6
22,331,6
9,12178,6
9,12179,6
9,12180,6
9,12181,6
22,100,6
22,133,6
22,566,6
19,758,6
30,2119,6
19,8711,6
10,1902,6
30,1982,6
30,1983,6
15,5628,6
15,6648,6
9,12182,6
9,12185,6
10,1567,6
10,2211,6
10,5688,6
10,5689,6
22,98,6
23,14024,6
9,12175,6
9,12176,6
22,14030,6
33,14028,6
9,12177,6
18,10592,6
18,11598,6
2,13308,6
2,13309,6
2,13310,6
2,13297,6
2,13298,6
2,10131,6
2,13300,6
2,13293,6
19,8712,6
37,195,6
22,14029,6
26,11826,6
26,13863,6
26,13864,6
16,30,6
16,24,6
38,537,6
19,498,6
9,8711,6
2,13303,6
2,13304,6
2,13305,6
4,498,6
9,12173,6
9,12174,6
9,9349,6
37,11534,6
37,11541,6
9,8431,6
16,20,6
16,22,6
16,31,6
6,9739,6
1,13828,6
1,13829,6
1,13830,6
10,692,6
16,27,6
16,25,6
16,34,6
16,26,6
9,8432,6
22,13872,6
14,13873,6
17,1492,6
20,463,6
6,9737,6
6,9738,6
2,13823,6
2,13824,6
30,13825,6
30,13826,6
9,8712,6
6,9740,6
16,13865,6
16,13866,6
16,13867,6
3,12342,6
4,13868,6
11,13869,6
11,13870,6
22,13871,6
22,13067,6
22,13068,6
30,13827,6
2,13822,6
17,1424,6
14,3102,6
22,13057,6
22,13058,6
22,13059,6
22,13060,6
14,3043,6
9,13311,6
2,13302,6
17,13336,6
17,13337,6
17,13338,6
19,3722,6
6,8363,6
6,9735,6
22,56,6
6,9736,6
38,1700,6
6,9734,6
6,9733,6
22,13048,6
22,13049,6
22,13050,6
22,13069,6
22,13051,6
22,13052,6
22,13053,6
22,13054,6
22,13055,6
22,13056,6
14,13874,6
14,13875,6
22,13074,6
22,13075,6
22,13076,6
22,13077,6
22,13078,6
22,13079,6
16,901,6
18,465,6
22,13081,6
22,39,6
2,13334,6
38,1577,6
17,13335,6
22,13080,6
22,13061,6
37,12169,6
22,13062,6
22,13063,6
22,13064,6
22,13065,6
22,13066,6
9,1722,6
33,543,6
22,13086,6
22,13087,6
3,12341,6
22,49,6
16,910,6
28,5,6
9,13333,6
22,13088,6
22,13089,6
22,13090,6
22,13070,6
22,13071,6
22,13072,6
22,13073,6
3,13091,6
3,13092,6
9,13104,6
9,13105,6
9,13106,6
9,13107,6
9,13108,6
9,13109,6
9,13110,6
24,8863,6
24,8862,6
2,557,6
9,13093,6
9,13099,6
22,13082,6
22,13083,6
22,13084,6
22,13085,6
9,13094,6
9,13095,6
9,13096,6
9,13097,6
9,13098,6
33,540,6
14,82,6
19,5275,6
0,13331,6
0,13332,6
9,8863,6
20,454,6
18,5416,6
9,13101,6
9,13102,6
9,13103,6
14,13112,6
14,13113,6
9,13100,6
14,11668,6
14,13114,6
37,12168,6
22,54,6
22,37,6
9,2988,6
0,13324,6
0,13325,6
0,13326,6
0,13327,6
0,13328,6
0,13330,6
9,13111,6
14,719,6
14,13120,6
14,13121,6
14,884,6
9,2960,6
9,13312,6
9,8862,6
19,1685,6
14,13115,6
14,13116,6
14,13117,6
14,13118,6
28,543,6
14,5,6
14,13119,6
14,907,6
0,13329,6
0,13318,6
0,13319,6
0,13320,6
0,13321,6
0,10133,6
0,13322,6
1,10245,6
1,10246,6
22,13788,6
22,4934,6
1,10241,6
33,4934,6
33,8861,6
1,10242,6
22,53,6
0,13317,6
28,443,6
9,5933,6
28,8861,6
0,13313,6
0,552,6
22,13789,6
33,8860,6
9,5934,6
0,13323,6
0,13314,6
0,13315,6
28,8860,6
30,359,6
14,7,6
37,11459,6
12,714,6
9,808,6
10,450,6
5,14007,6
5,14008,6
5,14009,6
28,595,6
1,11905,6
1,11906,6
1,11907,6
28,757,6
4,31,6
4,25,6
22,46,6
22,50,6
0,13316,6
24,6328,5
10,9277,5
24,6329,5
30,377,5
28,1707,5
28,836,5
28,1689,5
28,561,5
30,294,5
30,301,5
30,306,5
30,393,5
30,254,5
30,401,5
30,419,5
30,398,5
30,451,5
24,5947,5
24,1701,5
24,6326,5
24,6720,5
24,6327,5
9,5486,5
30,438,5
30,388,5
30,185,5
30,216,5
30,96,5
30,404,5
30,188,5
28,9883,5
24,5944,5
24,6719,5
24,5945,5
24,5946,5
24,7520,5
33,9882,5
28,9884,5
9,7495,5
30,396,5
30,210,5
37,14166,5
30,373,5
30,374,5
30,233,5
30,440,5
9,3168,5
37,14167,5
37,14168,5
30,371,5
30,279,5
30,390,5
30,104,5
30,154,5
30,75,5
30,124,5
24,5654,5
9,4310,5
9,3180,5
9,3363,5
9,3173,5
9,4406,5
9,4061,5
9,3590,5
9,3651,5
30,423,5
30,89,5
30,142,5
30,555,5
30,326,5
30,267,5
30,311,5
30,203,5
30,253,5
20,459,5
33,9884,5
9,7496,5
24,9332,5
22,15890,5
22,15891,5
28,9882,5
30,382,5
30,67,5
30,76,5
30,343,5
30,86,5
30,91,5
22,4318,5
24,6323,5
24,4945,5
24,5943,5
24,6324,5
24,6325,5
0,15073,5
0,15074,5
9,7497,5
22,15889,5
30,376,5
30,215,5
30,405,5
30,140,5
30,370,5
30,379,5
30,295,5
30,238,5
30,106,5
30,336,5
30,204,5
30,205,5
30,149,5
9,4404,5
9,4059,5
24,5941,5
24,5942,5
24,3397,5
24,6718,5
16,9727,5
16,9726,5
16,9189,5
9,9887,5
24,5653,5
24,6717,5
9,3174,5
9,4309,5
9,3177,5
9,4062,5
9,4063,5
9,3178,5
9,3348,5
9,3179,5
9,3933,5
30,83,5
30,219,5
30,217,5
30,328,5
30,309,5
30,493,5
9,15078,5
9,9886,5
24,9886,5
16,9728,5
9,9885,5
33,9883,5
9,4901,5
9,15071,5
22,4319,5
30,280,5
30,327,5
9,4040,5
9,3044,5
9,4060,5
9,4921,5
9,15072,5
24,5940,5
24,5491,5
24,1764,5
24,6322,5
9,15079,5
0,15075,5
0,15076,5
9,15077,5
22,4320,5
22,4321,5
30,300,5
30,227,5
30,296,5
30,139,5
30,292,5
30,226,5
30,274,5
30,347,5
24,6333,5
24,9887,5
24,9885,5
28,641,5
28,562,5
14,4,5
37,14169,5
22,4322,5
33,75,5
33,561,5
2,10934,5
16,1533,5
19,497,5
9,15070,5
9,3587,5
24,6721,5
24,6722,5
24,6723,5
24,6330,5
24,6331,5
24,6332,5
24,6724,5
14,579,5
9,1620,5
14,8,5
9,3169,5
9,4904,5
17,15084,5
17,15085,5
17,15086,5
12,6319,5
12,6320,5
12,6321,5
24,5948,5
2,15082,5
2,15083,5
30,424,5
30,289,5
30,170,5
30,168,5
30,362,5
30,80,5
30,352,5
30,312,5
30,307,5
30,132,5
30,259,5
6,5281,5
20,300,5
24,5949,5
9,3932,5
9,5138,5
9,4033,5
9,3588,5
9,3589,5
9,4920,5
9,3171,5
15,15087,5
28,8,5
16,1621,5
38,473,5
30,141,5
30,200,5
2,4319,5
37,14170,5
2,4318,5
30,133,5
3,15030,5
3,15031,5
3,10391,5
3,11665,5
37,14171,5
37,14172,5
37,14173,5
37,14174,5
37,14175,5
37,14176,5
38,538,5
30,15895,5
1,15896,5
9,4030,5
14,15923,5
14,15924,5
14,15925,5
33,641,5
33,562,5
3,14330,5
11,15918,5
11,15919,5
22,15920,5
37,14177,5
37,14178,5
37,14179,5
37,14180,5
37,14181,5
2,13299,5
19,9790,5
38,459,5
2,15892,5
2,15893,5
30,15894,5
38,508,5
38,509,5
1,15897,5
37,14182,5
37,426,5
5,641,5
9,9350,5
22,15921,5
22,15922,5
5,562,5
14,757,5
37,14183,5
37,14184,5
37,14185,5
3,14329,5
16,15916,5
16,15917,5
37,14186,5
37,14187,5
37,14188,5
37,14189,5
37,14190,5
9,9790,5
38,495,5
10,1733,5
37,14191,5
37,14192,5
9,9351,5
37,14193,5
37,14194,5
26,15914,5
16,45,5
16,33,5
37,14195,5
16,15915,5
22,218,5
18,9663,5
18,9668,5
30,256,5
30,105,5
30,107,5
33,4074,5
20,455,5
24,5950,5
24,5951,5
24,7877,5
24,6334,5
33,16009,5
33,16010,5
5,9267,5
22,16011,5
26,15913,5
30,186,5
30,109,5
30,314,5
37,14164,5
30,178,5
30,114,5
30,239,5
30,150,5
34,15945,5
24,8315,5
24,5953,5
24,5954,5
14,4311,5
4,487,5
4,497,5
22,16012,5
22,16013,5
16,14196,5
16,14197,5
16,14198,5
16,14199,5
24,5952,5
24,6335,5
24,5655,5
24,6725,5
24,6726,5
16,32,5
16,14200,5
16,14201,5
16,14202,5
16,14203,5
30,187,5
30,172,5
30,155,5
23,16006,5
23,16007,5
33,16008,5
18,15912,5
4,582,5
4,525,5
24,5656,5
24,5955,5
24,5956,5
24,6336,5
24,6337,5
24,6338,5
24,6339,5
24,6340,5
22,251,5
22,234,5
22,216,5
22,412,5
22,153,5
22,206,5
30,234,5
30,169,5
22,919,5
30,235,5
30,157,5
30,159,5
30,315,5
30,348,5
37,14165,5
30,240,5
4,5061,5
20,473,5
20,394,5
21,917,5
29,3109,5
29,5253,5
29,4561,5
29,9286,5
22,338,5
22,181,5
30,400,5
30,194,5
30,125,5
30,221,5
30,207,5
30,212,5
30,297,5
30,276,5
30,147,5
29,2909,5
29,8,5
30,384,5
30,135,5
30,260,5
30,375,5
30,395,5
30,329,5
22,249,5
22,217,5
22,233,5
30,298,5
30,299,5
30,228,5
30,242,5
30,229,5
30,183,5
30,530,5
30,429,5
30,308,5
30,383,5
22,240,5
22,442,5
22,402,5
30,208,5
30,366,5
30,136,5
30,116,5
30,158,5
30,399,5
30,110,5
30,277,5
30,319,5
30,92,5
22,227,5
24,6341,5
24,6342,5
24,6727,5
22,210,5
22,267,5
6,289,5
2,16003,5
2,16004,5
23,16005,5
30,345,5
30,337,5
21,14776,5
22,15946,5
22,15947,5
22,15948,5
22,15949,5
34,14232,5
30,353,5
30,261,5
30,338,5
30,197,5
30,146,5
30,222,5
6,338,5
6,168,5
6,405,5
6,328,5
6,141,5
6,438,5
22,557,5
30,391,5
30,408,5
9,6886,5
34,14233,5
34,14234,5
4,12408,5
30,349,5
30,100,5
30,97,5
30,354,5
2,16002,5
6,154,5
6,430,5
6,431,5
6,446,5
6,155,5
6,378,5
22,417,5
30,434,5
23,15950,5
23,15951,5
23,15952,5
21,602,5
9,6883,5
9,6884,5
15,10025,5
9,8450,5
9,1567,5
9,6885,5
20,478,5
16,14769,5
16,14770,5
30,243,5
6,380,5
6,248,5
6,399,5
30,357,5
30,367,5
30,331,5
30,74,5
30,305,5
37,14163,5
30,137,5
30,316,5
30,304,5
30,111,5
30,179,5
30,340,5
6,389,5
6,427,5
22,199,5
20,562,5
6,182,5
30,365,5
30,268,5
30,257,5
30,411,5
30,230,5
30,330,5
30,223,5
30,291,5
30,355,5
6,407,5
6,392,5
30,410,5
30,249,5
9,531,5
30,95,5
30,394,5
30,160,5
30,339,5
30,103,5
16,14760,5
16,14761,5
16,14762,5
16,14763,5
16,14764,5
16,14765,5
16,14766,5
16,14771,5
17,5701,5
15,5458,5
2,293,5
16,14759,5
30,414,5
30,284,5
20,9278,5
37,2724,5
37,2636,5
30,426,5
22,403,5
30,442,5
30,439,5
30,402,5
16,14767,5
17,14775,5
30,143,5
30,332,5
30,409,5
20,14332,5
1,9674,5
30,262,5
19,14159,5
30,418,5
30,191,5
30,341,5
30,192,5
30,269,5
30,433,5
21,1537,5
21,660,5
15,5457,5
22,231,5
12,625,5
22,418,5
22,420,5
30,112,5
30,317,5
30,415,5
30,198,5
30,258,5
30,250,5
30,313,5
30,126,5
30,468,5
30,182,5
30,190,5
30,224,5
30,87,5
30,231,5
30,98,5
30,389,5
30,161,5
1,11603,5
16,14748,5
16,14749,5
16,14750,5
17,14774,5
16,14754,5
16,14755,5
16,14756,5
9,1580,5
16,14743,5
16,14744,5
16,14745,5
16,14746,5
16,14747,5
1,12366,5
9,2544,5
31,75,5
22,421,5
22,422,5
30,175,5
30,173,5
30,281,5
30,278,5
24,6731,5
24,6344,5
24,6732,5
21,627,5
24,6345,5
24,7522,5
16,14757,5
16,14758,5
2,239,5
30,176,5
30,385,5
30,386,5
30,225,5
19,14160,5
19,14161,5
19,14162,5
30,244,5
30,245,5
30,270,5
30,246,5
30,79,5
30,213,5
30,378,5
30,333,5
30,448,5
16,14735,5
16,14736,5
16,14737,5
16,14768,5
16,14738,5
16,14739,5
16,14740,5
2,380,5
0,15069,5
24,6343,5
24,6728,5
24,5957,5
24,6729,5
24,6730,5
6,4654,5
6,4655,5
6,4387,5
24,6733,5
19,1523,5
16,14729,5
16,14730,5
16,14731,5
16,14732,5
16,14733,5
16,14734,5
16,14741,5
16,14742,5
0,15066,5
0,15067,5
0,15068,5
16,14717,5
30,449,5
30,749,5
30,417,5
30,88,5
30,101,5
30,271,5
30,156,5
30,427,5
0,16014,5
30,430,5
30,431,5
9,4311,5
30,181,5
9,16001,5
30,272,5
30,273,5
30,403,5
30,420,5
30,264,5
37,3139,5
2,255,5
2,241,5
6,4656,5
16,14751,5
16,14752,5
16,14753,5
16,14726,5
16,14727,5
16,14728,5
24,6736,5
24,5958,5
24,6347,5
24,6348,5
24,6737,5
24,6349,5
24,5959,5
19,15331,5
37,2637,5
37,2573,5
37,2574,5
37,2779,5
37,2693,5
37,2572,5
30,94,5
30,334,5
30,322,5
30,436,5
30,437,5
30,421,5
30,422,5
30,209,5
16,14701,5
16,14702,5
16,14703,5
16,14711,5
16,14712,5
16,14713,5
16,14714,5
24,5492,5
24,6346,5
24,6734,5
24,6735,5
24,5960,5
24,6350,5
16,14723,5
16,14724,5
16,14725,5
16,14697,5
16,14698,5
16,14699,5
16,14700,5
30,251,5
30,318,5
30,372,5
30,413,5
30,387,5
30,171,5
2,4320,5
30,324,5
30,325,5
30,346,5
30,108,5
16,14715,5
16,14716,5
24,6351,5
30,247,5
30,282,5
30,177,5
30,199,5
2,4321,5
30,206,5
30,120,5
30,323,5
30,138,5
30,90,5
21,718,5
2,263,5
20,5457,5
20,5458,5
9,1918,5
30,162,5
30,283,5
30,285,5
0,16015,5
16,14685,5
16,14686,5
16,14687,5
16,14688,5
16,14689,5
16,14718,5
16,14719,5
24,16016,5
24,16017,5
30,392,5
30,153,5
2,15029,5
10,15910,5
6,6456,5
6,6457,5
22,232,5
31,1398,5
0,15906,5
10,15911,5
28,293,5
16,14709,5
16,14710,5
16,14681,5
16,14682,5
16,14683,5
16,14684,5
10,15907,5
10,15908,5
10,15909,5
37,3140,5
37,3138,5
37,210,5
37,267,5
37,438,5
35,15898,5
35,15899,5
31,562,5
2,356,5
16,14720,5
16,14721,5
16,14722,5
35,15900,5
6,15901,5
6,15902,5
6,15903,5
6,15904,5
6,15905,5
30,121,5
30,118,5
30,214,5
30,165,5
30,127,5
30,128,5
30,134,5
30,218,5
24,6738,5
24,7525,5
2,93,5
2,310,5
28,180,5
37,2720,5
37,4055,5
37,3154,5
37,2692,5
37,3235,5
37,2780,5
37,2595,5
37,2596,5
37,217,5
37,2806,5
37,3144,5
24,6352,5
24,7524,5
24,5961,5
24,6353,5
24,6354,5
24,8316,5
24,5962,5
24,7878,5
30,202,5
30,287,5
30,145,5
30,232,5
30,73,5
30,130,5
30,117,5
37,3148,5
37,3143,5
24,404,5
24,5963,5
24,6739,5
24,6740,5
28,363,5
8,9731,5
9,5628,5
37,2575,5
37,2494,5
37,2576,5
37,2645,5
37,2696,5
37,4121,5
37,4120,5
37,2579,5
37,3069,5
37,2537,5
37,2682,5
28,196,5
2,119,5
37,2694,5
37,5613,5
37,2578,5
37,2577,5
37,3142,5
37,3075,5
37,4054,5
37,2641,5
37,4436,5
37,7839,5
37,7452,5
37,13377,5
37,13378,5
37,13379,5
37,13380,5
24,6356,5
24,6741,5
24,5964,5
24,6357,5
24,6358,5
24,5965,5
16,14668,5
16,14669,5
16,14670,5
16,14671,5
16,14672,5
16,14673,5
16,14674,5
8,1732,5
37,2722,5
37,2495,5
37,4768,5
37,2639,5
37,2597,5
37,3160,5
37,4899,5
37,4900,5
37,2642,5
37,2698,5
5,561,5
37,2538,5
2,113,5
12,456,5
8,6609,5
28,275,5
16,14695,5
16,14696,5
16,14666,5
16,14667,5
37,2643,5
37,3879,5
37,2808,5
37,3156,5
37,2640,5
37,13386,5
37,2644,5
5,75,5
37,2646,5
37,2732,5
37,3161,5
37,13381,5
37,4437,5
24,5657,5
24,6359,5
24,7526,5
24,8317,5
24,5969,5
16,14704,5
16,14705,5
16,14706,5
16,14707,5
16,14708,5
2,118,5
2,85,5
8,7733,5
24,5966,5
24,5967,5
24,5968,5
37,4438,5
37,13382,5
37,13383,5
37,13384,5
37,13385,5
5,2,5
37,3450,5
37,13388,5
37,13389,5
37,7652,5
37,2539,5
37,2496,5
37,181,5
30,266,5
30,441,5
30,102,5
15,16,5
12,15886,5
12,15887,5
37,2630,5
37,2728,5
37,2729,5
37,3388,5
37,338,5
37,3158,5
37,3157,5
30,195,5
30,163,5
30,335,5
30,122,5
12,15885,5
12,5486,5
24,6360,5
24,6742,5
30,85,5
30,123,5
30,131,5
30,286,5
30,129,5
30,265,5
37,13387,5
16,14658,5
16,14659,5
16,14660,5
16,14661,5
16,14662,5
16,14690,5
16,14691,5
20,11569,5
20,11570,5
7,15884,5
0,13376,5
6,12186,5
1,10577,5
1,7652,5
1,10576,5
1,9174,5
1,10575,5
1,8473,5
1,8474,5
7,15881,5
15,5,5
7,15882,5
16,14680,5
16,14653,5
16,14654,5
16,14655,5
16,14656,5
16,14657,5
1,10573,5
1,5613,5
1,10574,5
1,10570,5
1,10571,5
1,10572,5
1,8472,5
1,10578,5
28,255,5
11,922,5
16,14692,5
16,14693,5
16,14694,5
7,15883,5
1,10580,5
1,10581,5
1,10582,5
1,10583,5
1,10584,5
1,10585,5
26,494,5
15,87,5
26,496,5
30,193,5
30,113,5
1,10048,5
1,10579,5
1,10586,5
1,10049,5
1,10050,5
1,8476,5
1,10589,5
1,1890,5
16,14647,5
16,14648,5
16,14649,5
16,14675,5
16,14676,5
16,14677,5
16,14678,5
11,1243,5
11,924,5
22,9350,5
1,5416,5
1,10587,5
1,10588,5
11,1442,5
22,12205,5
22,9351,5
2,4322,5
16,14639,5
16,14640,5
16,14641,5
16,14642,5
16,14643,5
16,14644,5
16,14645,5
16,14646,5
34,4319,5
34,4320,5
34,4321,5
34,4322,5
17,14334,5
6,14335,5
9,1691,5
35,9151,5
26,15926,5
25,2565,5
25,836,5
16,14679,5
28,241,5
25,1279,5
25,1223,5
25,596,5
25,595,5
25,1224,5
25,1466,5
37,11716,5
37,2540,5
9,4571,5
1,4318,5
24,6361,5
24,6743,5
24,6744,5
24,6362,5
3,34,5
3,1,5
10,924,5
10,1243,5
3,761,5
35,9150,5
34,4318,5
19,15027,5
19,15028,5
37,16000,5
37,13390,5
37,2952,5
37,2580,5
37,2581,5
37,2601,5
37,2266,5
15,15998,5
37,15999,5
24,533,5
24,5973,5
24,6363,5
24,6364,5
24,5970,5
24,5493,5
24,5971,5
24,5972,5
1,4319,5
29,4320,5
29,4321,5
29,4322,5
6,4658,5
6,4659,5
6,4660,5
16,14663,5
3,603,5
3,587,5
1,4320,5
37,2599,5
37,2648,5
37,2600,5
37,2583,5
37,13391,5
29,4318,5
29,4319,5
1,4321,5
16,14227,5
16,14228,5
16,14229,5
16,14230,5
39,15065,5
16,14629,5
16,14630,5
16,14631,5
6,4657,5
1,4322,5
37,2582,5
14,9817,5
14,9818,5
14,9819,5
14,9820,5
14,9821,5
37,13392,5
37,2187,5
37,2631,5
37,9808,5
17,15319,5
24,83,5
24,442,5
2,1152,5
16,14664,5
16,14665,5
16,14637,5
16,14638,5
2,792,5
2,1425,5
24,332,5
20,303,5
2,1501,5
0,8,5
9,15757,5
2,10186,5
2,1901,5
17,15318,5
11,387,5
11,127,5
11,128,5
11,134,5
11,129,5
9,15756,5
26,15927,5
26,15928,5
26,15929,5
26,15930,5
16,14619,5
16,14620,5
16,14621,5
16,14622,5
16,14623,5
16,14624,5
16,14650,5
20,443,5
20,407,5
17,8,5
11,145,5
11,130,5
11,113,5
11,131,5
32,10796,5
32,15758,5
4,2535,5
39,15064,5
4,15062,5
24,578,5
16,14614,5
16,14615,5
16,14616,5
16,14617,5
16,14618,5
32,9742,5
32,15760,5
35,15762,5
2,15763,5
2,15764,5
2,15765,5
16,14605,5
16,14606,5
16,14607,5
16,14608,5
16,14609,5
16,14610,5
16,14611,5
16,14651,5
16,14652,5
16,14627,5
16,14628,5
20,461,5
4,810,5
35,15761,5
12,562,5
20,2544,5
11,15879,5
2,15875,5
2,15876,5
16,14602,5
16,14603,5
16,14604,5
9,15317,5
4,1631,5
4,1632,5
4,1599,5
4,840,5
37,2647,5
37,2632,5
37,2633,5
37,2500,5
37,2584,5
37,2811,5
37,2812,5
37,2585,5
37,3880,5
37,2814,5
37,2586,5
37,2587,5
16,14612,5
16,14632,5
16,14633,5
16,14634,5
16,14635,5
16,14636,5
16,14226,5
11,15877,5
11,15878,5
24,143,5
24,417,5
24,125,5
11,15870,5
6,6485,5
6,6486,5
7,1346,5
16,14222,5
16,14223,5
16,14224,5
2,15873,5
16,14588,5
16,14589,5
16,14590,5
37,2815,5
37,2588,5
20,1903,5
37,13393,5
37,13394,5
37,2817,5
37,2955,5
37,2818,5
37,13395,5
37,13396,5
1,15931,5
24,6745,5
24,7530,5
24,7531,5
24,6746,5
24,6747,5
24,7532,5
24,7533,5
16,14625,5
16,14626,5
16,14599,5
16,14600,5
16,14601,5
6,6484,5
2,15874,5
16,14571,5
16,14572,5
16,14573,5
16,14574,5
16,14575,5
16,14576,5
16,14613,5
2,15871,5
2,15872,5
6,6483,5
6,4954,5
24,4946,5
9,15868,5
9,15869,5
1,15864,5
22,15865,5
6,6482,5
24,7534,5
24,7535,5
24,5658,5
24,5974,5
16,14596,5
16,14597,5
16,14598,5
16,14569,5
16,14570,5
16,14553,5
16,14554,5
16,14555,5
16,14556,5
16,14557,5
16,14558,5
16,14559,5
16,14584,5
16,14585,5
16,14586,5
16,14587,5
0,15060,5
9,10024,5
6,6904,5
9,15867,5
22,15861,5
22,15862,5
22,15866,5
1,538,5
24,98,5
24,138,5
24,420,5
16,14582,5
16,14583,5
22,15361,5
22,15362,5
37,2813,5
9,1736,5
9,1737,5
10,760,5
37,2589,5
37,2816,5
19,15932,5
37,2819,5
9,1734,5
9,973,5
24,6366,5
24,6367,5
24,7536,5
24,6748,5
24,6368,5
24,5659,5
24,5660,5
16,14560,5
16,14561,5
16,14591,5
16,14592,5
16,14593,5
16,14594,5
16,14595,5
1,15863,5
16,14543,5
16,14544,5
16,14545,5
16,14546,5
16,14547,5
16,14577,5
16,14578,5
22,15860,5
24,6365,5
24,5975,5
9,1705,5
9,1626,5
9,1568,5
9,1735,5
9,1752,5
9,1709,5
2,15934,5
2,15935,5
22,15936,5
22,15937,5
22,15938,5
10,496,5
22,562,5
24,264,5
24,156,5
24,421,5
24,422,5
24,5494,5
16,14567,5
16,14568,5
16,14539,5
16,14540,5
16,14541,5
16,14542,5
16,14525,5
16,14526,5
16,14527,5
16,14528,5
16,14529,5
16,14530,5
16,14579,5
16,14580,5
16,14581,5
24,5495,5
24,6369,5
2,15857,5
2,15859,5
16,14566,5
6,10503,5
30,15853,5
30,15854,5
25,692,5
26,562,5
30,15855,5
2,15856,5
6,5710,5
6,6903,5
35,812,5
5,15997,5
9,1748,5
2,14338,5
2,14339,5
2,15933,5
15,15939,5
15,15940,5
22,290,5
16,14519,5
16,14520,5
16,14521,5
16,14522,5
16,14523,5
16,14548,5
16,14549,5
16,14531,5
16,14532,5
16,14533,5
16,14534,5
16,14535,5
16,14562,5
16,14563,5
16,14564,5
16,14565,5
6,14221,5
24,2076,5
33,15852,5
33,1706,5
6,6481,5
16,14513,5
16,14514,5
16,14515,5
16,14516,5
16,14517,5
16,14518,5
22,15851,5
21,14217,5
16,14550,5
16,14551,5
16,14552,5
24,788,5
25,810,5
35,2270,5
35,742,5
3,15358,5
22,15359,5
22,15360,5
9,3549,5
9,1749,5
6,791,5
6,4664,5
16,14506,5
16,14536,5
16,14537,5
6,14220,5
24,1,5
9,1834,5
9,1817,5
10,794,5
10,2428,5
9,1750,5
9,1591,5
9,1710,5
9,1613,5
9,1684,5
9,1642,5
9,1643,5
9,1612,5
9,1627,5
9,2178,5
9,3551,5
24,117,5
24,121,5
16,14503,5
16,14504,5
16,14505,5
6,4661,5
6,4662,5
6,4663,5
0,16019,5
9,4305,5
9,1644,5
9,1686,5
9,1663,5
16,14538,5
16,14511,5
16,14512,5
0,16018,5
10,500,5
20,15941,5
20,15942,5
21,8979,5
23,1461,5
22,15039,5
20,15944,5
21,487,5
22,15040,5
17,16020,5
17,16021,5
20,15943,5
9,1690,5
9,1687,5
24,6370,5
24,6752,5
24,6371,5
24,6753,5
24,6372,5
24,6373,5
24,6374,5
24,122,5
24,123,5
2,14218,5
2,14219,5
9,1662,5
9,1518,5
9,1865,5
9,1835,5
11,16027,5
11,16028,5
9,16022,5
9,16023,5
6,3882,5
6,4669,5
6,722,5
16,14492,5
16,14493,5
16,14524,5
9,6935,5
10,3426,5
10,1532,5
24,7538,5
24,6749,5
24,6750,5
24,6751,5
9,6132,5
9,6133,5
9,6567,5
9,6134,5
24,6375,5
24,5661,5
24,5976,5
16,14489,5
16,14490,5
16,14491,5
6,4667,5
6,4668,5
9,6128,5
9,6958,5
9,6943,5
9,6944,5
9,6945,5
9,6137,5
16,14499,5
16,14500,5
16,14501,5
16,14502,5
9,6129,5
9,6938,5
9,6131,5
9,16024,5
23,1526,5
9,16025,5
11,16026,5
9,1711,5
9,1712,5
9,1738,5
9,1754,5
9,1688,5
9,6940,5
9,836,5
9,10770,5
9,6950,5
9,6951,5
9,5620,5
9,6952,5
9,6135,5
9,1661,5
9,6941,5
9,6136,5
9,6127,5
9,6937,5
9,5867,5
9,6142,5
9,6143,5
9,6961,5
9,6946,5
9,6947,5
9,6138,5
9,6948,5
9,6949,5
9,6939,5
9,6565,5
9,6566,5
9,1614,5
9,1629,5
9,1625,5
9,1937,5
9,1866,5
9,1753,5
9,2127,5
9,1836,5
9,2101,5
9,1665,5
9,1615,5
9,1856,5
35,9776,5
35,16031,5
9,6959,5
9,6139,5
9,7677,5
9,6953,5
9,6954,5
9,6955,5
9,6956,5
9,6957,5
9,6960,5
9,6140,5
16,14479,5
16,14480,5
16,14481,5
16,10028,5
16,14482,5
16,14507,5
16,14508,5
9,6962,5
35,16032,5
35,16033,5
8,660,5
35,16029,5
35,16030,5
6,14326,5
21,758,5
21,1580,5
21,746,5
9,6147,5
9,6965,5
9,6966,5
9,6151,5
9,6149,5
9,5550,5
16,14473,5
16,14474,5
16,14475,5
16,14476,5
16,14477,5
16,14478,5
9,6580,5
16,15953,5
16,15954,5
16,15955,5
9,6971,5
16,14509,5
16,14510,5
16,14488,5
9,6150,5
9,6144,5
9,6145,5
9,6146,5
9,6154,5
9,6155,5
9,6156,5
9,6579,5
9,6152,5
9,6967,5
9,6153,5
9,6968,5
9,6963,5
9,6157,5
9,10063,5
9,1813,5
9,1965,5
9,1664,5
9,1768,5
9,1867,5
9,1786,5
6,11583,5
6,14318,5
6,14317,5
24,6755,5
9,8101,5
9,8521,5
9,6972,5
9,5448,5
9,6973,5
9,6974,5
9,6159,5
9,6160,5
9,8100,5
9,1868,5
9,1857,5
6,14327,5
22,65,5
6,14300,5
6,14319,5
6,14320,5
6,14321,5
6,14322,5
6,14323,5
6,14324,5
6,14325,5
6,14304,5
24,6377,5
24,6378,5
24,5977,5
24,5978,5
24,5662,5
24,6754,5
24,5979,5
24,6379,5
24,5663,5
9,6980,5
9,6981,5
9,6163,5
9,6164,5
9,7695,5
9,5871,5
9,6161,5
9,5872,5
9,6162,5
9,6975,5
9,6976,5
9,6158,5
9,6168,5
9,6983,5
9,6169,5
9,832,5
9,6984,5
9,6985,5
9,6978,5
9,6979,5
35,9831,5
8,718,5
6,14308,5
6,14313,5
6,14314,5
6,14315,5
6,14316,5
6,14291,5
9,6592,5
9,5874,5
9,6989,5
9,6165,5
9,6982,5
9,6166,5
9,6167,5
6,14298,5
6,14299,5
6,14302,5
6,14303,5
6,14277,5
11,7,5
6,14305,5
6,14306,5
6,14307,5
6,14288,5
6,14289,5
6,14309,5
6,14310,5
6,14311,5
6,14312,5
35,9828,5
6,14292,5
6,14293,5
16,14494,5
16,14495,5
16,14496,5
16,15956,5
16,15957,5
9,6170,5
9,6986,5
9,5873,5
9,6171,5
9,6987,5
9,8524,5
9,8525,5
24,6382,5
24,6383,5
24,6384,5
24,6758,5
24,6759,5
24,6760,5
24,5261,5
16,14461,5
16,14462,5
16,14463,5
6,14294,5
6,14295,5
6,14296,5
6,14297,5
6,14282,5
6,14283,5
6,14301,5
32,7874,5
6,14278,5
6,14279,5
6,14280,5
6,14281,5
9,6995,5
9,7703,5
9,6996,5
9,6990,5
16,14497,5
16,14498,5
16,7498,5
24,6380,5
24,6756,5
24,6757,5
24,6381,5
9,2608,5
9,6174,5
9,6175,5
24,7879,5
24,6385,5
24,6386,5
24,7880,5
9,6993,5
9,6994,5
9,6595,5
9,6172,5
9,6179,5
9,4726,5
9,6991,5
9,6992,5
6,14284,5
6,14285,5
6,14286,5
6,14290,5
9,1968,5
9,1667,5
9,1616,5
9,1617,5
11,15353,5
32,8965,5
19,1619,5
6,14275,5
6,14276,5
32,8003,5
32,8303,5
32,14264,5
9,6183,5
9,6184,5
9,6176,5
9,6177,5
9,7002,5
9,7706,5
9,6173,5
9,6178,5
9,1666,5
9,1769,5
9,1818,5
9,1837,5
9,1838,5
9,1966,5
9,1967,5
32,9306,5
24,8978,5
9,7011,5
9,7012,5
9,8527,5
9,6181,5
9,6182,5
24,7984,5
9,1645,5
32,7515,5
32,14270,5
19,510,5
24,7979,5
32,9310,5
24,5980,5
24,5981,5
24,5664,5
24,5982,5
24,6387,5
24,5665,5
9,6180,5
9,5876,5
9,7008,5
9,7010,5
32,14268,5
35,14259,5
32,9296,5
32,8300,5
35,14260,5
35,14261,5
22,2470,5
22,4386,5
22,4284,5
2,11594,5
6,3719,5
9,7021,5
9,6189,5
9,6185,5
19,15960,5
32,9230,5
24,8977,5
6,11634,5
17,757,5
32,8301,5
22,2465,5
22,2466,5
22,2467,5
22,4384,5
16,14470,5
16,14471,5
16,14472,5
16,14450,5
16,14451,5
16,14483,5
16,14484,5
24,4947,5
24,5666,5
9,6186,5
9,6187,5
9,6188,5
19,15958,5
19,15959,5
14,15058,5
31,15059,5
16,14464,5
16,14465,5
16,14466,5
16,14467,5
16,14468,5
16,14469,5
22,14257,5
6,2987,5
6,4070,5
6,1920,5
24,8976,5
22,2169,5
22,2170,5
22,2167,5
22,4285,5
9,6190,5
9,6191,5
9,7024,5
9,7025,5
16,14485,5
16,14486,5
16,14487,5
24,6761,5
24,6762,5
24,6388,5
24,5983,5
24,5984,5
22,2314,5
22,9166,5
22,2156,5
22,2157,5
14,560,5
14,562,5
16,14441,5
16,14442,5
16,14443,5
16,14444,5
6,4388,5
6,4665,5
9,6604,5
9,7026,5
9,7020,5
24,7961,5
24,8356,5
24,8357,5
22,4385,5
16,14426,5
16,14427,5
16,14428,5
16,14429,5
16,14430,5
16,14431,5
16,14432,5
16,14457,5
16,14458,5
16,14459,5
16,14460,5
16,14438,5
16,14439,5
16,14440,5
24,14779,5
9,15961,5
9,15962,5
9,3599,5
24,2611,5
6,4666,5
9,15963,5
24,14780,5
24,14781,5
24,14782,5
16,14425,5
22,749,5
22,876,5
22,2159,5
22,2767,5
22,12269,5
22,12270,5
16,14433,5
16,14434,5
16,14435,5
16,14452,5
16,14453,5
16,14454,5
16,14455,5
16,14456,5
22,547,5
20,15766,5
22,2313,5
22,4279,5
22,2766,5
12,733,5
22,2299,5
22,4383,5
22,9165,5
22,6908,5
12,771,5
22,2000,5
12,727,5
22,9824,5
22,14242,5
16,11002,5
16,11003,5
4,15767,5
1,15768,5
0,14344,5
2,4307,5
6,3412,5
1,15769,5
16,196,5
9,1713,5
15,12418,5
15,4766,5
15,9731,5
15,10069,5
16,14416,5
16,14417,5
9,1739,5
9,2179,5
8,14348,5
8,9668,5
8,14349,5
16,293,5
16,180,5
0,15996,5
6,11637,5
9,1839,5
9,1840,5
9,1771,5
9,1618,5
8,8008,5
30,15966,5
16,14445,5
16,14446,5
16,14447,5
16,14448,5
16,14449,5
15,12414,5
15,12415,5
24,7608,5
16,363,5
0,14342,5
16,14407,5
16,14408,5
16,14409,5
16,14436,5
16,14437,5
16,14413,5
16,14414,5
15,12416,5
15,12417,5
28,248,5
28,380,5
9,1788,5
9,1819,5
9,1820,5
9,2102,5
6,11638,5
16,2503,5
15,12419,5
30,15967,5
16,14422,5
16,14423,5
16,14424,5
16,14402,5
16,14403,5
16,14404,5
16,14405,5
16,14406,5
16,275,5
28,15320,5
17,265,5
17,266,5
8,14351,5
16,14398,5
16,14399,5
16,14400,5
16,14401,5
16,14418,5
16,14419,5
16,14415,5
17,283,5
24,7952,5
24,7953,5
22,757,5
24,8353,5
24,8354,5
24,8355,5
22,4311,5
6,11639,5
1,15845,5
4,15968,5
30,15964,5
30,15965,5
16,14392,5
16,14393,5
16,14394,5
16,14395,5
16,14396,5
16,14397,5
4,13137,5
16,1981,5
22,3626,5
14,15321,5
0,15322,5
16,3199,5
24,6860,5
2,9824,5
16,14385,5
16,14410,5
16,14411,5
16,14412,5
16,14390,5
16,14420,5
16,14421,5
1,15846,5
10,15847,5
10,15848,5
10,15849,5
10,15850,5
1,15843,5
1,15844,5
10,8520,5
6,4677,5
6,4678,5
6,4679,5
6,4680,5
6,4681,5
6,4682,5
17,42,5
6,14353,5
6,14354,5
6,14355,5
6,14356,5
6,14357,5
6,15349,5
6,15350,5
6,15351,5
6,15352,5
22,378,5
16,14391,5
0,15323,5
16,3391,5
16,241,5
16,248,5
16,255,5
6,15324,5
6,15325,5
4,15326,5
16,380,5
24,8348,5
17,282,5
19,8957,5
19,8307,5
19,8308,5
19,8958,5
19,8312,5
34,15044,5
34,15045,5
34,15046,5
5,15969,5
31,14381,5
31,14382,5
6,4670,5
6,15052,5
19,8959,5
19,8960,5
19,8961,5
19,8962,5
19,5281,5
1,15840,5
1,15841,5
16,15842,5
25,494,5
25,496,5
19,8963,5
19,8313,5
19,8314,5
6,15049,5
29,718,5
10,15047,5
19,8305,5
16,167,5
24,7928,5
24,7929,5
29,666,5
6,15050,5
6,15051,5
4,15327,5
28,166,5
6,4671,5
6,4672,5
6,4673,5
6,4674,5
15,14384,5
6,4675,5
6,4676,5
5,15970,5
17,60,5
9,15053,5
9,15054,5
7,7443,5
9,496,5
11,8,5
24,5277,5
24,5278,5
24,7927,5
7,7444,5
16,166,5
16,263,5
4,15328,5
29,660,5
16,356,5
7,4329,5
22,9674,5
24,7921,5
24,7924,5
24,4790,5
24,8344,5
24,8345,5
24,9338,5
16,14386,5
16,14387,5
16,14388,5
12,3551,5
22,271,5
16,310,5
24,8346,5
22,225,5
24,9336,5
24,9337,5
11,15348,5
16,93,5
12,3549,5
12,4305,5
9,7443,5
22,9181,5
9,4329,5
16,350,5
9,7444,5
19,1903,5
19,6710,5
9,3094,5
22,432,5
16,15770,5
24,6445,5
24,8341,5
19,7443,5
16,237,5
16,152,5
16,14389,5
9,14380,5
17,281,5
16,15771,5
7,463,5
19,4329,5
30,1442,5
30,2611,5
24,3622,5
17,36,5
24,432,5
19,7444,5
24,7911,5
24,467,5
1,496,5
7,2211,5
1,4483,5
6,2590,5
31,14383,5
15,15974,5
16,15975,5
16,1425,5
24,6485,5
24,6486,5
24,6483,5
24,5710,5
24,8012,5
0,14239,5
0,14240,5
1,4517,5
16,1501,5
0,14364,5
0,14365,5
15,15972,5
15,15973,5
24,5262,5
24,5263,5
24,5264,5
24,5265,5
24,6763,5
24,3207,5
24,6482,5
24,6484,5
6,4720,5
6,4721,5
6,4722,5
6,4723,5
0,14238,5
6,4713,5
6,4714,5
6,4715,5
0,14367,5
0,14368,5
35,1047,5
35,8430,5
35,1454,5
24,6389,5
24,6390,5
24,6764,5
24,6765,5
10,727,5
17,15971,5
0,14366,5
6,4718,5
6,4684,5
31,14377,5
9,14378,5
9,14379,5
21,1780,5
21,15837,5
21,15838,5
2,15839,5
24,6766,5
24,6767,5
24,7540,5
22,15790,5
22,15791,5
1,524,5
1,500,5
6,4711,5
6,4712,5
6,4706,5
6,4707,5
6,4708,5
11,92,5
9,4065,5
28,356,5
6,4683,5
6,5549,5
24,451,5
24,7909,5
6,4724,5
6,4725,5
6,4703,5
6,4704,5
34,9196,5
16,1481,5
11,107,5
6,4719,5
28,2611,5
9,15835,5
16,15976,5
16,15977,5
34,9197,5
6,4709,5
6,4710,5
6,4716,5
6,4717,5
6,4700,5
6,4701,5
6,4702,5
0,14373,5
0,9820,5
34,9199,5
28,598,5
9,15833,5
9,15834,5
16,1152,5
0,9821,5
0,9819,5
0,36,5
6,4705,5
34,5452,5
31,14369,5
31,14370,5
34,9271,5
34,7870,5
31,10026,5
31,14375,5
31,14376,5
31,14371,5
31,14372,5
0,14374,5
0,9817,5
0,9818,5
11,500,5
0,60,5
5,1224,5
2,4911,5
11,41,5
34,9290,5
34,8296,5
2,924,5
11,94,5
34,9289,5
34,9912,5
2,15978,5
28,167,5
2,1780,5
2,922,5
34,8297,5
34,9914,5
34,9920,5
34,9293,5
34,9918,5
34,9919,5
34,9929,5
34,9933,5
34,9926,5
2,3636,5
2,3165,5
2,2649,5
2,3637,5
2,2819,5
9,2250,5
34,9930,5
24,9998,5
20,712,5
20,727,5
34,9932,5
34,7872,5
34,9294,5
34,6710,5
34,10307,5
34,10300,5
34,8301,5
34,10305,5
34,9927,5
34,9936,5
34,9937,5
34,9938,5
2,2815,5
2,3092,5
2,2588,5
2,2589,5
2,2816,5
2,3093,5
2,3634,5
28,30,5
2,2955,5
2,2817,5
2,2818,5
2,3930,5
2,3931,5
2,3091,5
2,2632,5
2,2633,5
2,2584,5
2,3927,5
2,3241,5
2,8476,5
2,2586,5
2,2587,5
2,4142,5
34,9939,5
34,9940,5
34,9925,5
34,9931,5
34,9921,5
34,9922,5
34,8950,5
6,15329,5
2,3635,5
2,3928,5
2,3929,5
2,3633,5
2,2814,5
2,15979,5
2,15980,5
2,3926,5
34,62,5
34,41,5
34,5648,5
34,9935,5
2,3088,5
2,3089,5
2,2631,5
2,2647,5
2,3463,5
2,2811,5
2,2812,5
2,2813,5
2,2585,5
6,4696,5
6,4697,5
34,9942,5
34,9943,5
34,9305,5
34,7873,5
34,9303,5
34,8955,5
34,9299,5
34,8952,5
2,3923,5
2,3084,5
2,3085,5
2,3086,5
2,3087,5
2,3461,5
2,4141,5
2,2738,5
2,3925,5
2,3462,5
2,2954,5
34,9300,5
34,9304,5
6,4699,5
24,8331,5
34,9301,5
2,2599,5
2,3028,5
2,3029,5
2,3924,5
2,2582,5
2,2583,5
2,2785,5
34,9302,5
34,6120,5
34,143,5
34,442,5
34,6715,5
27,11661,5
2,2600,5
2,2601,5
2,2540,5
35,560,5
2,3922,5
2,3912,5
2,2648,5
9,2249,5
9,2181,5
24,16,5
34,9309,5
34,9308,5
34,417,5
27,11660,5
34,7874,5
34,9968,5
34,9315,5
34,9967,5
34,9311,5
2,3027,5
2,2953,5
2,2951,5
2,2733,5
2,2734,5
2,2735,5
2,3090,5
2,3082,5
2,4024,5
35,562,5
2,4137,5
2,3163,5
2,2952,5
2,3918,5
2,2496,5
2,3078,5
2,3079,5
2,3080,5
2,3240,5
2,2928,5
2,3913,5
2,3919,5
2,2580,5
2,2581,5
2,3920,5
2,3921,5
15,14125,5
28,7,5
34,9313,5
34,8306,5
34,9314,5
2,4029,5
2,3907,5
2,3630,5
2,3083,5
2,2731,5
2,2730,5
9,15981,5
9,15982,5
19,6120,5
2,3914,5
2,3915,5
2,3916,5
2,3917,5
2,2644,5
2,3238,5
2,3239,5
2,3909,5
2,4138,5
2,3910,5
2,2539,5
2,3081,5
2,3632,5
2,4401,5
2,4402,5
2,4403,5
2,4022,5
2,4028,5
34,422,5
34,421,5
34,9964,5
34,9965,5
34,264,5
34,156,5
34,420,5
2,2538,5
2,4027,5
2,4286,5
2,2680,5
2,2681,5
2,6505,5
2,3026,5
2,3070,5
2,2630,5
2,2950,5
2,8473,5
2,8474,5
2,3153,5
2,2784,5
2,2946,5
2,2948,5
2,2643,5
2,4133,5
2,4132,5
2,2646,5
2,2949,5
2,3906,5
2,2697,5
2,2727,5
2,2782,5
2,2783,5
2,3911,5
2,3161,5
2,2645,5
28,310,5
2,2944,5
2,3025,5
2,2808,5
2,2732,5
2,4025,5
2,4020,5
2,4023,5
2,4021,5
22,15265,5
6,15330,5
34,7875,5
34,9317,5
34,9316,5
2,2694,5
2,2698,5
2,2945,5
2,4131,5
19,9271,5
2,2537,5
2,3157,5
2,2642,5
2,3159,5
2,3158,5
2,3160,5
2,2682,5
34,9320,5
34,9975,5
34,213,5
34,9326,5
34,7876,5
24,6798,5
34,9322,5
2,4126,5
2,8472,5
2,4129,5
2,2807,5
2,5110,5
2,3145,5
2,3457,5
34,9198,5
24,5993,5
24,6797,5
24,5990,5
24,5991,5
24,3715,5
2,3156,5
2,2942,5
2,3631,5
2,3458,5
2,2679,5
19,7870,5
19,5452,5
2,2495,5
2,4128,5
2,5111,5
34,9323,5
34,214,5
24,7561,5
24,7887,5
24,3716,5
24,5992,5
24,6793,5
24,6794,5
24,6795,5
24,3713,5
24,3714,5
24,6796,5
24,5275,5
2,2722,5
2,4899,5
2,4900,5
2,2940,5
2,3905,5
2,2579,5
2,2578,5
2,2781,5
2,6504,5
2,2947,5
2,3236,5
2,4019,5
2,4139,5
2,2696,5
2,2943,5
2,2941,5
2,4140,5
2,4399,5
2,4026,5
2,4017,5
2,2536,5
2,2937,5
2,5613,5
2,2640,5
2,2595,5
2,3151,5
2,2695,5
2,2641,5
2,2939,5
2,3234,5
2,2494,5
2,2629,5
2,2678,5
2,2938,5
2,3147,5
2,2596,5
2,2597,5
2,2639,5
0,2071,5
24,6790,5
24,6791,5
24,6792,5
24,5675,5
16,8109,5
24,7559,5
24,5497,5
24,6787,5
24,6788,5
24,6789,5
24,6426,5
2,2577,5
2,4018,5
2,4136,5
2,3146,5
2,3888,5
2,3149,5
2,15986,5
2,15987,5
9,2248,5
2,2934,5
2,3899,5
2,3897,5
2,3902,5
2,2575,5
2,2780,5
2,3076,5
2,2806,5
2,3898,5
2,3150,5
2,2927,5
2,3077,5
2,3229,5
6,4698,5
24,6425,5
24,6786,5
2,4730,5
2,3237,5
2,2576,5
2,3891,5
2,3896,5
2,4395,5
2,4130,5
2,3892,5
2,3900,5
2,3901,5
2,3155,5
2,3887,5
24,7558,5
24,5674,5
24,5496,5
24,6423,5
24,7886,5
24,5273,5
24,5274,5
24,6424,5
24,7556,5
24,6421,5
24,6784,5
24,7885,5
24,6785,5
24,5987,5
24,5988,5
24,7557,5
2,4398,5
2,3456,5
2,4394,5
2,3152,5
2,4127,5
23,15991,5
32,1918,5
2,2935,5
2,2936,5
23,15990,5
34,1910,5
34,2534,5
2,3154,5
2,2572,5
2,4134,5
2,3893,5
24,5673,5
24,6422,5
2,3231,5
2,3142,5
2,3075,5
32,3111,5
2,3233,5
2,3148,5
2,3144,5
2,3143,5
2,3230,5
2,3894,5
2,15988,5
2,15989,5
24,6419,5
24,5271,5
24,5272,5
24,6420,5
24,6417,5
24,7883,5
24,7884,5
24,6782,5
24,6783,5
24,7554,5
24,6418,5
2,2720,5
2,2573,5
2,2779,5
2,4393,5
35,9193,5
35,9194,5
35,9195,5
2,4135,5
2,2574,5
2,3895,5
2,2724,5
2,2693,5
2,2692,5
2,2933,5
2,3232,5
2,3235,5
2,4396,5
2,2931,5
2,2571,5
2,3139,5
2,3138,5
2,3141,5
2,3021,5
2,3886,5
2,3890,5
2,2636,5
2,2637,5
2,3885,5
2,2932,5
2,3140,5
2,2726,5
28,93,5
22,188,5
38,1273,5
2,2926,5
2,3227,5
2,2778,5
2,3228,5
2,3884,5
2,4729,5
24,5671,5
24,5672,5
2,3889,5
2,2725,5
32,2544,5
0,2072,5
24,6413,5
24,6414,5
24,6415,5
24,6416,5
24,7550,5
24,7551,5
24,7552,5
24,7553,5
24,6408,5
24,6409,5
24,6410,5
24,6411,5
24,6412,5
24,5270,5
24,6406,5
24,6407,5
9,15831,5
9,15832,5
2,4016,5
22,336,5
28,119,5
28,406,5
1,3589,5
1,3662,5
34,285,5
34,286,5
1,4456,5
1,4457,5
1,4459,5
34,819,5
9,15830,5
1,4458,5
1,3587,5
1,3654,5
1,4461,5
1,4465,5
1,4466,5
24,5269,5
1,4476,5
19,3551,5
1,2503,5
24,6405,5
24,6780,5
24,6781,5
24,5267,5
6,4691,5
34,760,5
24,5268,5
1,4463,5
1,4460,5
1,4462,5
1,4464,5
1,3656,5
1,2845,5
1,4475,5
1,3968,5
1,3658,5
1,4467,5
1,4468,5
6,15828,5
22,15829,5
6,4688,5
6,4689,5
6,4690,5
1,3663,5
1,3659,5
1,3660,5
1,3198,5
1,3970,5
1,3661,5
1,4471,5
1,4469,5
1,3664,5
1,3665,5
1,4247,5
1,4474,5
1,3666,5
34,202,5
34,287,5
1,4479,5
1,4489,5
19,3099,5
1,3677,5
1,4482,5
1,4478,5
1,4470,5
1,3669,5
24,7882,5
30,15994,5
30,15995,5
24,6770,5
24,6771,5
24,6772,5
22,15992,5
22,15993,5
24,3943,5
34,794,5
24,5667,5
24,7541,5
24,1622,5
24,7542,5
24,6768,5
24,6391,5
24,6392,5
24,6769,5
1,4481,5
1,4473,5
1,611,5
1,4472,5
1,3670,5
1,3969,5
34,9986,5
1,3674,5
1,4480,5
1,4491,5
1,4477,5
1,4490,5
1,3672,5
1,3673,5
1,3657,5
1,4500,5
1,3679,5
1,3671,5
24,5986,5
24,6401,5
24,6402,5
24,6403,5
24,7547,5
24,7548,5
24,7549,5
24,6404,5
24,5670,5
28,539,5
28,78,5
22,238,5
1,4487,5
1,3675,5
1,3676,5
1,3971,5
1,4486,5
1,4065,5
1,3973,5
1,3199,5
1,3681,5
1,5633,5
1,3688,5
1,3689,5
1,4315,5
34,9329,5
34,9330,5
6,4685,5
6,4686,5
24,84,5
24,1692,5
34,9331,5
1,4484,5
1,3684,5
1,2658,5
1,3687,5
24,6779,5
1,4777,5
19,5125,5
1,4492,5
1,4498,5
1,3391,5
1,3976,5
1,3685,5
1,4064,5
1,4485,5
19,3226,5
19,905,5
19,1526,5
1,15822,5
1,15823,5
1,15824,5
1,15825,5
6,4687,5
34,1822,5
1,15826,5
1,15827,5
1,4488,5
1,4501,5
1,4502,5
1,4503,5
1,4504,5
1,4505,5
1,5632,5
1,4515,5
1,4509,5
1,4510,5
1,3593,5
1,4506,5
1,4507,5
1,3591,5
1,4255,5
1,4256,5
1,4499,5
1,4496,5
1,4493,5
1,4497,5
1,4494,5
1,4495,5
1,4066,5
1,3590,5
1,4518,5
1,4519,5
1,4516,5
1,3693,5
1,4309,5
2,3109,5
1,4511,5
1,4317,5
1,4520,5
1,4508,5
1,4513,5
1,4514,5
1,3651,5
1,3690,5
6,4693,5
6,4694,5
1,4259,5
1,5635,5
1,4521,5
1,4522,5
1,4523,5
1,3698,5
1,4310,5
1,4524,5
1,4525,5
1,4526,5
1,4527,5
1,4930,5
1,5636,5
1,4528,5
24,6397,5
24,6398,5
24,6399,5
24,5668,5
24,5669,5
24,6400,5
24,6778,5
1,4529,5
1,4530,5
1,4532,5
1,4531,5
1,4533,5
6,14209,5
6,14210,5
20,2760,5
33,15811,5
20,9989,5
1,507,5
24,6774,5
24,6775,5
24,6776,5
24,6777,5
33,15812,5
33,15813,5
33,15814,5
28,237,5
28,152,5
21,459,5
21,473,5
20,733,5
2,3981,5
6,5061,5
6,4692,5
20,497,5
6,4695,5
24,7546,5
7,10790,5
7,9742,5
7,14869,5
20,534,5
22,15815,5
7,8148,5
24,7543,5
24,6393,5
24,7544,5
24,6394,5
24,6395,5
24,6396,5
24,6773,5
24,5266,5
24,7545,5
22,15816,5
22,15817,5
9,2987,5
9,3412,5
30,364,5
30,361,5
1,14049,5
1,14048,5
1,14047,5
9,4290,4
5,615,4
28,600,4
28,678,4
28,569,4
9,3291,4
9,3295,4
9,3289,4
9,4289,4
9,4288,4
9,3288,4
9,4740,4
9,4173,4
28,11123,4
9,3393,4
9,4260,4
9,4520,4
9,4927,4
9,3696,4
9,3697,4
9,5217,4
22,8858,4
9,8856,4
19,542,4
19,529,4
33,11120,4
33,11121,4
9,8854,4
21,1578,4
9,4682,4
9,3721,4
9,3119,4
9,3413,4
9,3723,4
9,4071,4
9,3120,4
9,4072,4
9,632,4
9,2360,4
9,3411,4
9,4789,4
9,3985,4
9,4070,4
9,3410,4
9,4674,4
9,2353,4
9,2356,4
9,2357,4
9,2358,4
9,2531,4
9,2359,4
9,2242,4
9,584,4
9,4670,4
9,4671,4
9,4672,4
9,2366,4
9,2367,4
9,2473,4
9,4685,4
9,4681,4
9,2355,4
9,4691,4
9,5061,4
9,4692,4
6,2366,4
6,2367,4
9,4678,4
9,4679,4
9,4680,4
9,731,4
9,1520,4
9,581,4
34,861,4
9,2350,4
9,2351,4
9,2352,4
20,10018,4
6,2373,4
6,2374,4
6,2472,4
9,4676,4
9,4677,4
9,2364,4
9,2365,4
9,2244,4
9,2471,4
9,2472,4
9,3720,4
9,4683,4
9,5549,4
9,4684,4
9,2243,4
9,4661,4
9,4662,4
9,1477,4
9,4663,4
9,2354,4
9,3627,4
9,1487,4
9,2345,4
9,2346,4
9,2347,4
9,2348,4
9,2349,4
20,1054,4
9,4673,4
20,5701,4
20,10444,4
9,3882,4
6,2368,4
6,2369,4
6,2370,4
6,2371,4
6,2372,4
9,4331,4
9,3415,4
20,521,4
20,529,4
6,9725,4
9,3724,4
9,2989,4
9,3725,4
9,3416,4
9,2341,4
28,5239,4
28,4532,4
28,5240,4
22,2254,4
22,1741,4
22,2105,4
28,4533,4
9,6911,4
9,2240,4
9,2342,4
9,2343,4
9,2241,4
9,2344,4
9,2238,4
9,4667,4
9,4668,4
7,11657,4
9,2336,4
9,2337,4
9,2338,4
9,2339,4
6,2473,4
9,4669,4
9,4693,4
9,3628,4
9,4694,4
9,4695,4
9,2368,4
9,2369,4
9,2370,4
2,15820,4
28,4265,4
9,577,4
9,2239,4
9,2340,4
7,10794,4
7,10795,4
20,536,4
20,528,4
6,1521,4
6,2384,4
6,2385,4
9,4664,4
9,4388,4
9,4665,4
9,4666,4
9,6910,4
7,10788,4
20,827,4
9,4330,4
9,2380,4
9,2381,4
9,2382,4
9,2383,4
34,921,4
2,4938,4
2,4267,4
2,4323,4
9,4660,4
0,73,4
0,163,4
9,2180,4
9,1764,4
9,2070,4
9,2363,4
9,4654,4
9,4655,4
6,2380,4
6,2381,4
6,2382,4
6,2383,4
6,2474,4
9,5682,4
24,9990,4
9,2331,4
9,2332,4
9,2333,4
9,2334,4
9,2335,4
9,4659,4
24,8967,4
34,900,4
2,15819,4
9,4328,4
9,2759,4
9,3409,4
9,3719,4
9,6436,4
28,4263,4
28,4531,4
28,4264,4
2,5250,4
9,842,4
9,2361,4
9,2362,4
9,2532,4
9,2375,4
9,2376,4
9,2377,4
9,2378,4
9,2245,4
9,2379,4
9,2389,4
2,3204,4
2,3701,4
2,4324,4
28,5236,4
22,3062,4
22,2255,4
22,2673,4
28,4528,4
19,6612,4
6,2359,4
1,4779,4
9,4776,4
9,5160,4
9,5161,4
9,5162,4
9,5163,4
9,5164,4
9,5165,4
9,4312,4
9,4479,4
6,3628,4
9,4387,4
9,4656,4
20,12219,4
9,2374,4
9,4657,4
9,4658,4
28,15345,4
28,4204,4
28,4529,4
28,5237,4
28,5238,4
28,4530,4
28,8540,4
9,4686,4
9,4687,4
9,4688,4
9,4689,4
9,4690,4
6,2358,4
6,2531,4
6,2360,4
9,4697,4
9,4014,4
9,4698,4
9,2786,4
9,2387,4
9,2388,4
28,5229,4
28,5467,4
28,5230,4
28,5231,4
28,9813,4
28,4527,4
28,4930,4
28,5233,4
28,5234,4
9,2391,4
9,2371,4
9,2372,4
9,2373,4
9,2398,4
9,2399,4
9,2474,4
28,5232,4
28,5235,4
34,526,4
19,1920,4
19,1812,4
34,2676,4
19,1461,4
19,2759,4
19,4305,4
9,2386,4
9,4696,4
19,1704,4
24,13641,4
28,3698,4
28,8539,4
28,4782,4
28,4310,4
28,5226,4
1,6299,4
19,1906,4
28,4524,4
28,4525,4
28,4526,4
28,4783,4
9,2390,4
28,5227,4
22,2490,4
22,819,4
28,15342,4
28,15343,4
28,15344,4
28,4929,4
28,4780,4
28,4781,4
28,5223,4
28,4262,4
28,5225,4
34,195,4
9,1521,4
9,2384,4
9,2385,4
22,2257,4
22,2256,4
22,2106,4
28,4522,4
28,4523,4
28,7847,4
28,5218,4
28,5219,4
28,4259,4
28,5220,4
22,2566,4
22,2258,4
28,5221,4
28,4928,4
1,4925,4
28,3699,4
9,2395,4
9,2247,4
9,2475,4
34,3225,4
28,4520,4
28,4261,4
28,3394,4
28,4521,4
34,2428,4
24,7881,4
19,5126,4
34,122,4
34,5521,4
34,123,4
28,5224,4
22,3063,4
1,1884,4
1,2507,4
1,2119,4
0,425,4
0,85,4
0,174,4
9,5159,4
9,4478,4
15,9798,4
15,8714,4
34,117,4
1,5630,4
34,2075,4
9,2071,4
9,2246,4
9,2394,4
1,1763,4
34,981,4
34,802,4
1,2511,4
16,11622,4
34,121,4
0,102,4
0,232,4
34,1370,4
28,15340,4
28,15341,4
28,5222,4
28,10134,4
28,10135,4
1,1883,4
1,1914,4
9,1971,4
9,1972,4
9,2405,4
28,4519,4
15,9799,4
15,9800,4
6,2357,4
9,2409,4
9,2410,4
9,2478,4
9,2392,4
9,2393,4
1,2118,4
1,2510,4
1,1885,4
1,2509,4
12,14099,4
12,11287,4
12,12072,4
12,11288,4
34,9328,4
34,232,4
1,2504,4
1,2505,4
1,2506,4
1,3972,4
1,1901,4
1,1882,4
1,1761,4
9,2402,4
9,2403,4
9,2404,4
12,12068,4
12,12069,4
12,14097,4
21,1577,4
19,4069,4
1,2508,4
1,4512,4
22,2492,4
28,5217,4
28,4518,4
9,2476,4
9,2477,4
9,4699,4
12,14098,4
12,12070,4
12,12071,4
32,3205,4
32,2981,4
32,4327,4
28,3393,4
0,350,4
24,10375,4
12,11289,4
12,12073,4
12,10284,4
24,8319,4
15,9801,4
15,8676,4
15,8677,4
9,3668,4
9,4775,4
9,4477,4
9,3390,4
9,4247,4
9,4476,4
0,2558,4
0,2559,4
0,78,4
0,94,4
9,2396,4
9,2397,4
9,2414,4
9,2415,4
9,2479,4
9,2400,4
9,2401,4
2,1943,4
32,4067,4
24,8320,4
34,2567,4
28,3696,4
28,3697,4
22,2259,4
22,2074,4
22,2491,4
32,3112,4
2,4238,4
9,4472,4
9,3664,4
9,3665,4
9,3666,4
9,3970,4
15,8678,4
9,4454,4
0,2557,4
0,283,4
9,3667,4
9,3198,4
9,4474,4
9,4475,4
9,5157,4
9,5158,4
32,2910,4
32,3702,4
32,2661,4
2,4012,4
9,4925,4
19,3951,4
24,7555,4
19,5127,4
28,4260,4
2,4055,4
28,5211,4
28,5212,4
28,5213,4
22,1757,4
28,4517,4
28,4778,4
28,5214,4
28,5215,4
0,369,4
0,112,4
0,412,4
0,415,4
9,4471,4
9,4473,4
0,79,4
9,3661,4
9,4244,4
9,3662,4
9,4245,4
9,3663,4
9,4246,4
15,8679,4
15,9802,4
24,8321,4
28,4926,4
28,4309,4
28,4511,4
28,4516,4
28,5216,4
28,4927,4
9,4468,4
9,4469,4
9,3656,4
9,3657,4
9,3968,4
9,3658,4
2,7467,4
19,8918,4
19,8919,4
35,616,4
15,9803,4
15,9804,4
9,4470,4
9,3969,4
9,3659,4
9,3660,4
9,2406,4
9,2407,4
9,2408,4
9,829,4
9,2557,4
9,2481,4
2,4435,4
9,4704,4
9,4705,4
6,2387,4
6,2388,4
6,2389,4
6,2390,4
6,2391,4
6,2392,4
9,4774,4
9,5150,4
9,5151,4
0,251,4
0,414,4
9,5155,4
9,4773,4
9,4467,4
24,8322,4
24,7560,4
24,12109,4
24,12110,4
19,4418,4
0,443,4
0,368,4
0,160,4
2,4767,4
12,11285,4
2,3069,4
35,615,4
35,609,4
9,2482,4
9,2423,4
9,1895,4
9,4700,4
9,4701,4
9,4702,4
9,4703,4
12,12066,4
12,11286,4
12,12067,4
9,4466,4
9,5149,4
6,2377,4
6,2378,4
6,2245,4
9,5152,4
9,5153,4
9,3389,4
9,5154,4
0,271,4
2,4769,4
2,7468,4
19,6641,4
2,4013,4
2,4121,4
35,468,4
34,9981,4
12,14095,4
9,4465,4
12,11283,4
12,12060,4
12,12061,4
12,14094,4
0,224,4
0,473,4
0,411,4
0,313,4
0,220,4
0,87,4
0,198,4
6,2393,4
6,2071,4
6,2375,4
6,2376,4
34,9321,4
34,9976,4
34,138,4
9,4463,4
9,5148,4
28,3695,4
28,3590,4
28,15339,4
28,3430,4
28,3431,4
28,4513,4
28,4514,4
28,4515,4
28,5209,4
9,3655,4
9,4464,4
12,12062,4
12,12063,4
12,11284,4
12,12064,4
12,12065,4
0,95,4
0,190,4
34,8965,4
34,9324,4
34,9325,4
0,327,4
0,14114,4
0,388,4
0,14116,4
6,2379,4
0,370,4
0,249,4
0,349,4
0,243,4
34,209,4
34,93,4
34,378,4
16,10831,4
9,5142,4
9,5143,4
9,4458,4
9,5144,4
9,5145,4
9,4460,4
9,2845,4
9,5146,4
9,4461,4
9,4462,4
9,3654,4
0,14117,4
0,12120,4
0,14118,4
0,14119,4
0,481,4
0,223,4
28,5210,4
19,8003,4
2,3041,4
2,4771,4
0,353,4
0,92,4
0,352,4
0,308,4
9,3653,4
9,5140,4
0,367,4
0,261,4
0,144,4
9,4243,4
9,4457,4
9,5141,4
0,14120,4
0,14121,4
0,14122,4
34,9972,4
34,9973,4
34,9974,4
34,403,4
9,5147,4
12,10283,4
34,9966,4
12,12059,4
2,3879,4
2,3450,4
2,5625,4
19,9779,4
28,4510,4
28,3693,4
28,4062,4
28,4063,4
22,2674,4
2,7848,4
6,11725,4
9,4456,4
9,3652,4
0,477,4
28,13,4
0,14123,4
0,462,4
0,177,4
2,5910,4
19,11166,4
2,4919,4
2,3388,4
35,833,4
0,277,4
0,157,4
0,159,4
0,236,4
0,345,4
0,337,4
12,12058,4
34,11346,4
9,3136,4
28,36,4
2,4058,4
9,2419,4
35,600,4
2,5626,4
2,4056,4
2,4057,4
0,10887,4
12,12052,4
12,11278,4
12,11279,4
12,12053,4
12,12054,4
34,98,4
34,126,4
34,9959,4
12,12055,4
12,11280,4
12,11281,4
12,12056,4
12,12057,4
12,11282,4
0,467,4
0,282,4
34,9962,4
34,11341,4
34,9960,4
34,439,4
34,402,4
6,2400,4
6,2386,4
0,147,4
0,260,4
0,230,4
0,10891,4
0,1600,4
0,10892,4
0,10893,4
0,1601,4
0,9712,4
0,10884,4
0,10885,4
0,194,4
0,10886,4
34,332,4
34,10325,4
34,9307,4
34,10327,4
34,9952,4
34,100,4
34,208,4
6,2397,4
2,2598,4
9,2411,4
9,2412,4
9,2413,4
9,4711,4
9,4712,4
9,4713,4
6,2398,4
6,2399,4
0,197,4
0,464,4
0,106,4
0,488,4
0,105,4
0,10889,4
0,10890,4
34,8954,4
34,321,4
0,107,4
0,110,4
0,229,4
0,242,4
0,228,4
0,188,4
0,111,4
0,183,4
0,211,4
6,2477,4
6,2396,4
9,4714,4
9,4715,4
9,2425,4
9,2480,4
9,2416,4
9,2417,4
9,2418,4
2,9808,4
35,678,4
34,10317,4
34,11334,4
34,10319,4
34,243,4
34,320,4
34,10315,4
34,10314,4
28,6303,4
28,4508,4
28,4509,4
35,569,4
35,561,4
12,14093,4
12,11277,4
0,10894,4
0,10895,4
0,10896,4
0,377,4
0,314,4
34,10312,4
34,336,4
0,212,4
0,295,4
0,169,4
0,10897,4
0,10888,4
6,4111,4
6,473,4
34,8303,4
12,11270,4
12,11271,4
12,11272,4
12,11273,4
0,302,4
0,217,4
0,278,4
0,176,4
12,11274,4
12,11275,4
12,12051,4
12,11276,4
34,9354,4
2,2602,4
2,2603,4
28,4256,4
28,5204,4
28,3690,4
28,1698,4
22,2260,4
34,11325,4
34,8953,4
12,12050,4
20,834,4
34,424,4
22,3132,4
28,4317,4
28,5202,4
28,5205,4
28,3694,4
28,5206,4
28,5207,4
2,4772,4
34,289,4
34,227,4
34,139,4
0,175,4
0,173,4
6,2410,4
34,9951,4
9,2559,4
9,4706,4
19,3136,4
35,608,4
10,1860,4
10,1647,4
10,1648,4
10,1649,4
2,11134,4
0,276,4
0,96,4
0,294,4
12,12048,4
12,12049,4
9,4721,4
9,2485,4
34,238,4
34,10295,4
20,789,4
34,9295,4
0,200,4
0,259,4
0,158,4
6,2405,4
6,2406,4
6,2248,4
6,2407,4
6,2408,4
6,829,4
6,2409,4
0,373,4
0,374,4
6,2478,4
0,150,4
0,440,4
0,390,4
34,10298,4
34,8300,4
1,10820,4
10,1646,4
28,3593,4
28,4255,4
9,2072,4
9,2420,4
9,2421,4
9,2422,4
34,9292,4
34,9916,4
20,838,4
6,2394,4
6,2395,4
6,2247,4
6,2475,4
6,2476,4
0,196,4
0,274,4
0,186,4
0,226,4
0,235,4
0,207,4
0,187,4
0,172,4
28,3591,4
28,15336,4
28,15337,4
0,10898,4
0,10899,4
0,10901,4
0,10902,4
0,10903,4
0,10904,4
0,10905,4
0,233,4
20,839,4
2,1807,4
2,1781,4
34,8947,4
34,9291,4
2,1695,4
2,1782,4
2,1880,4
34,10287,4
34,154,4
9,4722,4
9,2486,4
9,4723,4
9,4724,4
9,4725,4
9,1896,4
9,2558,4
28,4542,4
28,4507,4
28,3692,4
28,6301,4
2,1808,4
11,639,4
0,10907,4
6,2246,4
34,140,4
0,89,4
0,280,4
0,180,4
0,279,4
0,203,4
0,204,4
0,205,4
0,210,4
0,241,4
0,178,4
0,347,4
6,2479,4
6,2401,4
0,288,4
0,281,4
0,185,4
0,215,4
0,474,4
0,10914,4
22,468,4
22,9805,4
0,10908,4
0,10909,4
0,10910,4
0,10911,4
0,10912,4
34,11166,4
9,4717,4
9,4718,4
9,4719,4
9,2426,4
9,2483,4
0,124,4
0,376,4
0,219,4
0,255,4
0,11004,4
0,11005,4
9,2773,4
6,2413,4
6,2181,4
6,2414,4
6,2415,4
6,1972,4
0,104,4
34,8003,4
34,6641,4
9,4576,4
9,4575,4
0,343,4
0,312,4
22,2185,4
28,15338,4
28,5203,4
28,5208,4
28,4064,4
28,4257,4
28,4258,4
9,4716,4
6,2420,4
6,2421,4
6,2422,4
6,2250,4
6,2557,4
6,2481,4
6,2249,4
6,2411,4
6,2412,4
9,3131,4
34,8918,4
26,12393,4
6,2402,4
6,2403,4
6,2404,4
6,1971,4
9,4484,4
28,62,4
34,8919,4
0,11010,4
0,11011,4
0,11012,4
0,11013,4
0,459,4
0,252,4
0,11006,4
0,11007,4
0,11008,4
0,11009,4
6,2418,4
6,2419,4
6,2072,4
26,1462,4
26,1685,4
26,6126,4
26,3414,4
34,9779,4
28,525,4
28,2657,4
28,54,4
28,772,4
28,2076,4
28,3978,4
9,4481,4
9,4482,4
9,3670,4
9,3671,4
9,4483,4
6,2483,4
6,2484,4
6,539,4
6,2423,4
6,1895,4
6,1896,4
6,2558,4
11,638,4
11,148,4
11,10,4
6,2480,4
6,2416,4
6,2417,4
6,2425,4
6,2482,4
26,2915,4
0,4387,4
11,928,4
11,637,4
6,2426,4
28,1442,4
9,4707,4
9,2424,4
9,4708,4
9,4709,4
9,4710,4
6,2532,4
28,4541,4
28,44,4
9,2484,4
9,4720,4
9,4480,4
6,545,4
11,132,4
9,5166,4
15,9797,4
9,5167,4
9,5168,4
9,3669,4
9,5169,4
28,4503,4
28,4504,4
28,4505,4
28,4066,4
9,4485,4
9,5170,4
11,512,4
11,630,4
12,12044,4
12,12045,4
12,12046,4
12,12047,4
22,1625,4
22,758,4
16,1783,4
6,842,4
6,2361,4
6,2362,4
10,771,4
21,3426,4
1,512,4
15,11609,4
6,2559,4
6,2424,4
22,2108,4
22,2109,4
28,4501,4
28,4502,4
9,5172,4
9,3971,4
9,5173,4
19,4271,4
19,4333,4
19,10830,4
19,5416,4
1,9813,4
16,1729,4
9,9871,4
3,2254,4
12,12043,4
24,1649,4
24,3704,4
24,3705,4
3,1741,4
19,8645,4
3,2105,4
3,2255,4
17,343,4
17,312,4
17,185,4
17,215,4
17,104,4
6,2485,4
6,2486,4
35,9675,4
22,2261,4
24,3703,4
24,443,4
24,368,4
0,4388,4
0,2241,4
1,519,4
10,827,4
10,1054,4
10,1356,4
10,902,4
10,834,4
22,2493,4
24,11380,4
6,2363,4
24,1647,4
24,1648,4
24,222,4
24,4347,4
24,6481,4
17,376,4
17,219,4
17,255,4
17,459,4
17,252,4
17,323,4
9,3007,4
9,1743,4
9,3600,4
16,1683,4
24,515,4
24,3206,4
24,7640,4
34,9750,4
10,789,4
12,12042,4
12,11269,4
12,10282,4
12,14091,4
17,334,4
17,333,4
24,369,4
3,2673,4
3,2490,4
19,8643,4
19,8644,4
3,2626,4
19,8642,4
1,522,4
17,89,4
17,280,4
17,180,4
17,279,4
24,120,4
1,520,4
6,2364,4
6,2365,4
6,2244,4
6,2471,4
9,5171,4
34,9746,4
34,9747,4
34,9748,4
34,9749,4
19,3414,4
24,488,4
24,276,4
22,4897,4
12,12040,4
12,12041,4
24,1646,4
24,220,4
24,464,4
24,472,4
3,2256,4
3,2566,4
3,2257,4
3,2258,4
3,3878,4
19,7996,4
1,517,4
30,3426,4
30,598,4
30,525,4
30,2657,4
19,6126,4
19,8640,4
19,8641,4
3,2533,4
30,84,4
30,2076,4
30,3978,4
30,4542,4
30,463,4
30,3943,4
30,2549,4
24,211,4
28,5200,4
34,9751,4
34,9754,4
34,9753,4
34,9752,4
17,210,4
17,241,4
24,477,4
24,481,4
24,357,4
24,367,4
12,11266,4
12,11267,4
12,11268,4
7,5918,4
30,4541,4
3,2259,4
3,2106,4
3,2491,4
3,58,4
3,1974,4
19,5663,4
17,288,4
10,838,4
10,839,4
34,9743,4
28,3651,4
22,3064,4
22,5701,4
22,2262,4
28,3691,4
28,4506,4
12,11262,4
12,12036,4
12,11263,4
12,12037,4
12,12038,4
24,810,4
24,2427,4
24,4759,4
24,4760,4
24,203,4
24,461,4
24,3872,4
19,6714,4
19,8639,4
3,2074,4
3,1757,4
9,8644,4
3,2110,4
3,2264,4
16,456,4
9,3006,4
3,2492,4
3,2674,4
3,2260,4
3,2185,4
9,8645,4
3,2493,4
9,3005,4
12,14089,4
12,11260,4
12,11261,4
12,12035,4
22,427,4
22,10636,4
22,376,4
19,5282,4
19,8296,4
19,5860,4
12,14090,4
12,11264,4
12,12039,4
17,124,4
12,11265,4
3,2261,4
3,2108,4
3,2109,4
3,2262,4
3,2263,4
9,8639,4
9,7996,4
16,1730,4
16,2272,4
17,274,4
17,221,4
17,203,4
6,1879,4
22,765,4
3,10832,4
3,2675,4
9,2433,4
9,8643,4
3,5314,4
22,10634,4
22,10635,4
9,4455,4
12,12074,4
12,12075,4
12,12076,4
12,12077,4
12,12078,4
12,12034,4
6,1576,4
6,2741,4
6,1878,4
22,10633,4
22,9807,4
9,6126,4
9,8640,4
9,8641,4
9,8642,4
12,11259,4
12,12024,4
12,14088,4
12,12025,4
22,9806,4
22,401,4
22,14361,4
7,8645,4
34,9755,4
34,9745,4
34,9744,4
34,11097,4
34,8544,4
28,4060,4
28,5197,4
28,4499,4
17,233,4
17,200,4
17,259,4
17,196,4
12,11290,4
12,14100,4
12,11291,4
12,11292,4
28,3689,4
22,2110,4
22,3219,4
22,2263,4
12,5126,4
12,5125,4
22,3133,4
12,11258,4
29,803,4
7,8640,4
12,12026,4
12,12027,4
12,12029,4
22,9673,4
12,12030,4
12,12031,4
12,12032,4
12,12033,4
7,8644,4
24,8347,4
16,9871,4
7,8643,4
17,373,4
17,374,4
17,276,4
17,302,4
17,217,4
17,111,4
17,377,4
17,314,4
17,294,4
17,186,4
17,226,4
17,235,4
17,96,4
27,52,4
27,51,4
6,3544,4
24,6450,4
29,820,4
9,512,4
28,4254,4
28,15334,4
28,15335,4
28,7459,4
28,7460,4
7,8639,4
16,1561,4
16,5195,4
7,8641,4
7,8642,4
7,7996,4
7,6126,4
29,798,4
17,207,4
17,172,4
17,230,4
17,197,4
17,183,4
17,211,4
17,347,4
17,474,4
17,296,4
22,3065,4
22,3134,4
28,3199,4
28,5199,4
28,3392,4
28,5196,4
28,5634,4
12,3951,4
12,4418,4
25,517,4
35,774,4
17,298,4
17,299,4
28,5198,4
28,10925,4
28,3428,4
28,4500,4
28,4921,4
28,3688,4
34,3445,4
17,242,4
17,228,4
17,188,4
17,260,4
17,109,4
12,11255,4
12,11256,4
12,11257,4
27,59,4
17,440,4
17,390,4
17,212,4
17,295,4
10,885,4
25,512,4
12,5127,4
25,519,4
25,522,4
25,563,4
19,6453,4
25,520,4
29,816,4
6,2243,4
6,2355,4
6,2356,4
19,5500,4
28,4491,4
28,3976,4
28,3681,4
28,4061,4
28,7462,4
28,5201,4
28,3684,4
22,3220,4
17,125,4
17,229,4
12,11254,4
29,738,4
9,1689,4
9,911,4
9,791,4
9,847,4
29,739,4
27,28,4
9,1707,4
17,147,4
17,467,4
17,353,4
17,92,4
17,464,4
17,106,4
17,488,4
17,105,4
28,4493,4
28,4497,4
28,5630,4
22,3135,4
12,12016,4
12,12017,4
12,12018,4
12,12019,4
12,11252,4
12,11253,4
17,159,4
17,236,4
17,189,4
17,100,4
17,107,4
17,110,4
17,337,4
9,1785,4
9,858,4
9,876,4
11,12,4
27,41,4
22,3221,4
22,3222,4
22,10832,4
22,2264,4
28,5191,4
28,3687,4
28,3685,4
28,3391,4
28,4777,4
28,4498,4
17,224,4
17,473,4
17,243,4
17,357,4
17,367,4
17,261,4
12,12020,4
12,12021,4
12,12022,4
12,12023,4
24,10393,4
9,1538,4
9,2983,4
17,157,4
17,331,4
17,345,4
17,477,4
17,481,4
17,223,4
17,95,4
17,190,4
6,2350,4
6,2351,4
28,4495,4
28,5190,4
28,4315,4
28,2658,4
28,7458,4
28,4316,4
28,4494,4
10,5060,4
6,2349,4
17,103,4
17,144,4
17,201,4
17,352,4
17,308,4
17,249,4
17,277,4
17,384,4
27,57,4
17,349,4
9,841,4
9,848,4
9,859,4
9,877,4
9,878,4
17,74,4
6,7610,4
6,7611,4
6,11426,4
6,12463,4
9,849,4
17,313,4
17,220,4
17,87,4
12,12014,4
12,11249,4
12,11251,4
22,5136,4
22,5461,4
22,5462,4
17,98,4
17,198,4
17,368,4
17,369,4
17,112,4
17,101,4
27,55,4
6,12464,4
6,7984,4
6,7612,4
6,12462,4
6,7613,4
6,7614,4
2,11027,4
2,11028,4
6,7979,4
6,12461,4
6,5279,4
17,94,4
17,387,4
17,350,4
17,209,4
17,251,4
17,414,4
17,78,4
35,711,4
35,775,4
34,3008,4
34,1717,4
19,2915,4
34,2568,4
17,545,4
17,143,4
17,271,4
17,108,4
27,69,4
27,29,4
17,411,4
2,11029,4
9,1708,4
17,102,4
17,232,4
22,5460,4
27,58,4
12,12010,4
12,12011,4
12,12012,4
12,11247,4
12,14086,4
6,12460,4
9,850,4
9,1330,4
6,6003,4
6,7603,4
6,7604,4
6,7605,4
6,7606,4
12,14087,4
12,11248,4
12,12013,4
9,773,4
2,11030,4
6,7607,4
6,11424,4
6,12459,4
6,12457,4
22,4440,4
22,5459,4
17,412,4
17,415,4
17,79,4
17,335,4
8,14350,4
6,2343,4
28,5631,4
22,3223,4
22,3224,4
22,3066,4
22,3067,4
28,3686,4
28,4489,4
28,5186,4
6,12456,4
6,12450,4
9,907,4
6,12156,4
6,11421,4
6,12458,4
6,11418,4
9,918,4
6,11419,4
6,11420,4
27,45,4
22,443,4
17,73,4
17,85,4
17,425,4
22,5135,4
17,90,4
2,11031,4
9,897,4
6,11422,4
6,11423,4
6,10785,4
28,5187,4
28,4492,4
28,5193,4
28,5194,4
28,4496,4
34,885,4
6,11415,4
6,11416,4
6,12455,4
6,11417,4
6,11414,4
6,12453,4
6,11413,4
6,12440,4
6,12441,4
6,6001,4
6,4071,4
15,14791,4
28,3679,4
28,4253,4
28,5184,4
28,5180,4
12,11246,4
12,12007,4
12,12009,4
17,539,4
6,6449,4
6,12451,4
28,4487,4
28,3677,4
28,3592,4
28,5189,4
28,5183,4
28,11730,4
6,2342,4
15,12413,4
6,12452,4
6,12442,4
6,12454,4
22,14241,4
22,4348,4
22,10026,4
12,14084,4
12,14085,4
12,11243,4
12,11244,4
12,8285,4
17,174,4
8,11596,4
8,10591,4
0,2989,4
9,879,4
9,860,4
6,11412,4
6,11411,4
2,11032,4
9,1619,4
27,137,4
2,11033,4
9,932,4
9,880,4
9,3990,4
9,3991,4
27,64,4
15,10775,4
15,10780,4
15,14792,4
28,5879,4
28,5880,4
28,2964,4
28,2773,4
28,3671,4
15,14789,4
6,2352,4
22,3987,4
22,14243,4
22,4352,4
12,11245,4
12,9286,4
12,12006,4
6,7924,4
6,3723,4
6,7832,4
22,4354,4
22,4360,4
22,5550,4
22,3226,4
22,4353,4
22,4350,4
22,4584,4
9,883,4
12,712,4
12,789,4
12,838,4
12,839,4
9,884,4
9,933,4
6,6000,4
22,4351,4
22,4579,4
22,4580,4
9,3602,4
9,881,4
9,882,4
22,4275,4
22,6907,4
9,912,4
6,11404,4
6,12430,4
6,11410,4
6,14818,4
6,14819,4
6,11407,4
6,11408,4
6,11409,4
6,12437,4
6,12443,4
22,4361,4
22,4357,4
22,4358,4
22,4359,4
22,4362,4
24,4542,4
18,634,4
15,14784,4
15,14785,4
28,5175,4
28,3674,4
28,3672,4
28,3673,4
22,9631,4
22,12268,4
22,4585,4
22,4363,4
22,144,4
9,2184,4
12,902,4
12,834,4
22,6909,4
6,12445,4
6,12444,4
6,10640,4
6,12446,4
22,4612,4
22,5534,4
22,2993,4
6,2353,4
6,2354,4
6,2242,4
6,584,4
6,546,4
6,6911,4
6,2240,4
24,3978,4
6,12447,4
6,12448,4
6,7921,4
6,12434,4
6,12435,4
6,12433,4
22,4594,4
22,4595,4
22,14244,4
22,14245,4
12,827,4
9,2073,4
9,2183,4
22,14104,4
22,4370,4
22,4369,4
22,8001,4
22,4611,4
22,4367,4
22,4609,4
14,600,4
14,615,4
14,609,4
28,3676,4
28,5182,4
28,7842,4
28,6670,4
28,10159,4
28,7841,4
28,5192,4
15,14786,4
14,616,4
6,12431,4
6,12432,4
6,7911,4
6,3721,4
21,6490,4
21,6491,4
38,1975,4
28,5687,4
24,4541,4
24,2657,4
28,12230,4
9,8143,4
9,6607,4
22,4364,4
22,4365,4
22,3986,4
17,300,4
34,9638,4
34,10072,4
6,2348,4
9,4764,4
9,7732,4
9,6605,4
9,6606,4
9,6602,4
9,7728,4
34,11659,4
22,11027,4
22,11028,4
17,179,4
6,12436,4
6,12439,4
6,12427,4
17,208,4
17,82,4
17,191,4
22,4373,4
9,6608,4
34,2569,4
9,7023,4
24,11379,4
22,14246,4
22,14247,4
22,14248,4
22,3727,4
22,4368,4
9,934,4
17,192,4
22,11577,4
22,11575,4
22,3988,4
22,14251,4
22,14249,4
22,5048,4
22,5049,4
6,2916,4
6,4789,4
6,3985,4
22,11029,4
22,11030,4
6,11399,4
6,11400,4
6,11402,4
6,11401,4
6,12424,4
6,12428,4
6,12429,4
6,11398,4
9,2489,4
6,12422,4
6,6861,4
6,12421,4
9,2672,4
9,3004,4
9,2488,4
17,791,4
6,11396,4
6,11394,4
22,3989,4
22,2174,4
22,14255,4
22,14256,4
6,12426,4
6,11635,4
9,7726,4
9,7727,4
32,10833,4
32,10834,4
9,8529,4
9,7731,4
9,5864,4
9,7015,4
9,7016,4
24,11378,4
6,11393,4
6,12423,4
6,11389,4
17,301,4
6,12425,4
6,11403,4
6,11395,4
22,11031,4
6,6433,4
6,6434,4
32,12280,4
32,12281,4
22,10028,4
22,14258,4
22,14252,4
22,14253,4
22,14254,4
22,4372,4
6,11390,4
9,4911,4
9,7022,4
9,6603,4
9,6601,4
9,7013,4
9,7014,4
9,8131,4
9,7723,4
9,12410,4
32,10836,4
32,10837,4
17,269,4
17,859,4
6,11391,4
6,11388,4
32,12294,4
22,11032,4
22,11033,4
17,877,4
17,878,4
6,3414,4
6,3722,4
6,9340,4
6,6844,4
32,12286,4
32,12287,4
32,12274,4
32,12277,4
22,14250,4
22,4371,4
6,11392,4
32,12278,4
32,12279,4
6,12420,4
6,5996,4
6,10395,4
6,11387,4
32,10838,4
9,7714,4
9,7715,4
9,7716,4
9,6600,4
9,7720,4
32,10549,4
32,12290,4
32,12284,4
32,12285,4
9,3463,4
9,3164,4
9,7721,4
9,7722,4
28,4486,4
28,4482,4
28,4481,4
28,3670,4
28,3973,4
28,5188,4
28,5185,4
28,4484,4
28,3682,4
9,3601,4
32,12295,4
32,12296,4
32,12307,4
32,12308,4
32,12297,4
28,3683,4
28,3675,4
28,4248,4
32,9778,4
32,10835,4
9,7003,4
9,9188,4
9,7717,4
32,12275,4
32,12276,4
24,9999,4
9,2649,4
9,3165,4
9,6596,4
9,7707,4
9,6597,4
32,12309,4
32,12311,4
32,12312,4
9,1341,4
26,576,4
17,1708,4
32,12314,4
32,5683,4
32,12301,4
32,12300,4
32,6715,4
32,12298,4
9,3162,4
16,11152,4
4,12364,4
9,7708,4
9,7709,4
9,7710,4
9,7712,4
9,6594,4
9,7713,4
9,6598,4
9,6599,4
28,4312,4
28,3971,4
9,7698,4
9,6998,4
9,6999,4
9,7000,4
6,2345,4
6,2346,4
6,2347,4
9,8115,4
16,8897,4
6,2241,4
6,2344,4
6,731,4
6,1520,4
32,12305,4
9,1560,4
11,13,4
35,765,4
9,7704,4
9,7705,4
9,7697,4
9,7696,4
8,816,4
8,738,4
8,739,4
11,36,4
11,14,4
9,3077,4
17,918,4
17,222,4
32,12313,4
9,10820,4
35,9827,4
35,7852,4
35,6308,4
9,3963,4
6,1487,4
21,9340,4
8,666,4
8,803,4
21,2986,4
35,1886,4
17,272,4
17,273,4
9,3075,4
9,6593,4
9,7699,4
9,7700,4
9,7701,4
9,7702,4
9,8114,4
9,6589,4
9,6590,4
9,6585,4
9,6586,4
9,6587,4
9,7692,4
9,6588,4
9,6584,4
9,7691,4
9,6581,4
9,8109,4
9,6591,4
9,7693,4
9,8523,4
9,8102,4
9,9186,4
9,9187,4
9,7694,4
17,907,4
8,820,4
8,824,4
8,815,4
32,10839,4
32,10840,4
9,6583,4
9,7690,4
9,6582,4
9,7689,4
38,5857,4
38,10036,4
38,10567,4
9,10064,4
9,10065,4
9,8522,4
9,6576,4
9,7686,4
9,7687,4
9,7685,4
9,5677,4
9,3060,4
9,6574,4
9,6575,4
9,6578,4
24,12108,4
24,7539,4
9,6577,4
9,7688,4
9,1685,4
21,7618,4
21,10396,4
9,7678,4
9,6571,4
9,6572,4
9,9185,4
9,7680,4
9,7681,4
9,7682,4
9,7683,4
9,7684,4
21,528,4
21,1887,4
10,698,4
8,778,4
8,798,4
17,1398,4
27,42,4
21,2433,4
27,48,4
9,7674,4
9,8094,4
9,6936,4
2,13921,4
2,13922,4
9,7679,4
9,7675,4
17,932,4
17,881,4
9,6568,4
9,6569,4
9,6573,4
9,6148,4
9,7676,4
21,3722,4
6,2341,4
9,3397,4
10,1338,4
2,13917,4
2,13918,4
9,7673,4
24,14113,4
9,8095,4
9,6130,4
9,7672,4
17,883,4
17,882,4
6,9353,4
23,1812,4
23,1704,4
17,933,4
23,1746,4
23,1375,4
12,12005,4
10,5287,4
10,1692,4
10,1489,4
10,1909,4
10,1726,4
27,46,4
27,450,4
27,49,4
27,50,4
10,740,4
21,9341,4
21,10397,4
10,524,4
10,519,4
9,4418,4
27,66,4
10,512,4
10,522,4
23,1920,4
17,162,4
17,912,4
17,213,4
16,4069,4
12,14083,4
12,11239,4
12,11240,4
23,1551,4
17,884,4
10,1574,4
10,606,4
10,1886,4
22,4125,4
22,5315,4
22,5316,4
9,5125,4
22,426,4
12,12003,4
12,12004,4
12,11241,4
12,11242,4
21,1551,4
20,632,4
10,544,4
21,8363,4
22,5320,4
27,53,4
12,11238,4
12,10280,4
12,14082,4
12,10281,4
2,352,4
2,13915,4
10,3943,4
10,2570,4
10,8258,4
10,7852,4
10,2967,4
19,820,4
19,627,4
10,9872,4
22,437,4
9,5127,4
9,3951,4
10,9873,4
10,772,4
10,3189,4
10,8771,4
10,4914,4
10,4917,4
10,4226,4
10,1602,4
21,5684,4
17,165,4
22,5317,4
22,5319,4
22,5318,4
10,921,4
17,285,4
17,286,4
10,900,4
10,861,4
17,195,4
17,202,4
17,287,4
17,193,4
17,214,4
27,71,4
22,609,4
22,162,4
22,272,4
22,273,4
22,436,4
24,12,4
24,1726,4
22,5333,4
22,150,4
22,608,4
22,301,4
22,678,4
22,561,4
22,616,4
9,5126,4
22,5321,4
22,5322,4
22,5323,4
22,5324,4
12,616,4
22,5325,4
22,5328,4
22,5059,4
22,5329,4
17,934,4
22,5326,4
22,5331,4
22,5330,4
22,5332,4
6,2333,4
6,2334,4
6,2335,4
24,459,4
24,804,4
2,425,4
24,14,4
24,1714,4
12,609,4
3,13145,4
22,195,4
22,179,4
22,600,4
22,158,4
22,340,4
22,5334,4
22,1717,4
22,5335,4
22,5336,4
6,911,4
6,847,4
22,5337,4
15,448,4
22,5327,4
24,681,4
22,470,4
22,615,4
22,66,4
22,341,4
22,269,4
22,433,4
22,471,4
15,449,4
35,1827,4
27,15356,4
35,692,4
35,71,4
26,450,4
11,11747,4
6,858,4
22,300,4
22,208,4
24,4226,4
24,1602,4
24,668,4
24,633,4
1,3701,4
10,4915,4
10,6487,4
10,11051,4
10,11050,4
10,8772,4
37,172,4
24,772,4
24,9,4
24,677,4
22,1571,4
12,2663,4
12,2211,4
12,4269,4
12,3421,4
37,1758,4
37,1801,4
37,1530,4
37,1652,4
37,2610,4
37,3963,4
37,1242,4
12,615,4
12,1993,4
12,1924,4
6,2216,4
24,7537,4
24,12106,4
6,493,4
24,9989,4
24,12107,4
24,665,4
24,686,4
24,680,4
24,672,4
24,688,4
6,11562,4
6,859,4
6,757,4
6,877,4
6,1927,4
6,849,4
6,848,4
37,1803,4
37,1669,4
24,679,4
24,676,4
26,871,4
26,872,4
26,873,4
26,874,4
26,875,4
9,2665,4
22,569,4
37,1498,4
26,1571,4
26,540,4
26,543,4
37,4536,4
37,1607,4
37,784,4
10,981,4
10,819,4
10,802,4
10,1370,4
21,10399,4
37,1531,4
37,1804,4
37,1805,4
37,1802,4
37,1806,4
37,1499,4
6,878,4
6,841,4
26,1483,4
6,557,4
24,687,4
16,13187,4
24,7529,4
22,3537,4
6,11563,4
24,654,4
22,375,4
6,7640,4
22,441,4
9,4766,4
26,616,4
1,3110,4
24,126,4
37,1670,4
34,10363,4
6,2336,4
6,715,4
6,2337,4
6,2338,4
6,2339,4
6,2238,4
6,2239,4
24,618,4
16,10024,4
20,2981,4
20,4327,4
20,3112,4
10,1052,4
37,2649,4
6,2340,4
2,13911,4
2,13912,4
12,12000,4
12,12001,4
12,12002,4
0,442,4
0,439,4
0,402,4
34,9319,4
27,40,4
37,346,4
35,454,4
6,773,4
37,218,4
34,10366,4
34,9977,4
6,1708,4
20,3205,4
12,11997,4
12,11998,4
12,11237,4
12,14080,4
12,14081,4
12,11999,4
34,52,4
34,14,4
34,59,4
34,29,4
34,50,4
2,9268,4
2,13910,4
2,11152,4
6,531,4
6,453,4
0,420,4
0,332,4
0,417,4
0,133,4
0,445,4
12,14078,4
12,11995,4
12,11996,4
21,7619,4
21,10400,4
6,918,4
12,11234,4
12,10279,4
6,850,4
34,4942,4
12,11989,4
12,11990,4
12,11235,4
12,11991,4
12,11992,4
12,11993,4
12,11236,4
12,11994,4
34,9318,4
0,403,4
6,897,4
32,7870,4
32,8918,4
32,8919,4
0,422,4
34,9971,4
34,10347,4
34,10343,4
34,9969,4
2,2507,4
2,2508,4
2,4512,4
2,2118,4
20,360,4
20,488,4
0,10006,4
2,2510,4
2,2509,4
0,93,4
34,10337,4
34,8956,4
34,6714,4
0,138,4
0,244,4
34,4943,4
0,264,4
0,156,4
0,97,4
0,126,4
0,421,4
0,270,4
34,9312,4
34,9963,4
34,7515,4
34,9955,4
0,146,4
0,432,4
12,11984,4
12,11985,4
0,122,4
34,9957,4
34,9948,4
0,116,4
32,10794,4
32,10795,4
6,907,4
32,9741,4
6,879,4
9,4574,4
0,117,4
0,121,4
0,120,4
34,7514,4
12,11979,4
12,11980,4
12,11981,4
34,10321,4
0,245,4
6,1398,4
32,10788,4
34,35,4
34,45,4
34,38,4
24,655,4
20,464,4
20,472,4
20,486,4
12,11982,4
12,11983,4
6,881,4
6,882,4
34,9947,4
2,2511,4
21,7620,4
6,932,4
12,11977,4
20,481,4
20,462,4
17,28,4
17,17,4
17,11,4
17,10,4
12,11232,4
12,11233,4
12,11978,4
2,2207,4
2,2506,4
2,1984,4
34,10306,4
34,9923,4
34,10310,4
0,123,4
34,1743,4
34,6713,4
34,9949,4
34,9950,4
34,9941,4
34,9298,4
34,9953,4
34,10316,4
6,880,4
2,1683,4
24,658,4
0,28,4
0,17,4
0,11,4
34,8951,4
2,1986,4
2,1985,4
6,883,4
6,884,4
6,933,4
14,11010,4
12,608,4
12,569,4
2,2504,4
2,2505,4
12,11976,4
34,9297,4
24,711,4
24,100,4
24,812,4
20,477,4
8,3424,4
5,13188,4
24,604,4
0,14,4
34,56,4
34,66,4
34,49,4
20,474,4
2,3952,4
2,1729,4
12,11975,4
34,10304,4
34,9928,4
6,912,4
14,11011,4
14,11012,4
14,11013,4
2,1987,4
2,1988,4
12,600,4
14,11006,4
14,11007,4
14,11008,4
14,11009,4
34,9934,4
34,8302,4
1,5479,4
1,5480,4
29,5475,4
29,5476,4
1,5481,4
14,11004,4
14,11005,4
29,5470,4
12,11231,4
12,11970,4
12,14076,4
12,14077,4
12,11971,4
12,11972,4
12,11973,4
12,11974,4
34,10294,4
34,6315,4
34,9910,4
29,5471,4
29,5472,4
29,5473,4
29,5474,4
24,743,4
2,1783,4
2,1481,4
24,7527,4
24,7528,4
28,4479,4
28,4314,4
1,5477,4
1,5478,4
29,5477,4
29,5478,4
29,5479,4
29,5480,4
1,5475,4
1,5476,4
6,6910,4
6,2331,4
6,2332,4
3,1240,4
3,745,4
3,862,4
3,567,4
2,1730,4
2,2272,4
24,133,4
12,14074,4
12,14075,4
2,1561,4
3,76,4
24,8318,4
28,5178,4
28,4065,4
28,5173,4
28,4313,4
28,3669,4
1,5471,4
1,5472,4
1,5473,4
1,5474,4
29,5481,4
34,5470,4
12,791,4
26,520,4
26,517,4
2,1982,4
2,1983,4
34,5471,4
34,5472,4
9,4296,4
9,3378,4
9,4189,4
9,4190,4
12,14071,4
12,11969,4
34,10289,4
12,14072,4
12,14073,4
28,4473,4
28,611,4
9,3377,4
9,6319,4
9,6320,4
9,6321,4
1,5470,4
34,5473,4
3,621,4
10,1781,4
10,922,4
10,1780,4
10,1695,4
15,49,4
3,628,4
34,5474,4
11,43,4
9,3381,4
9,3536,4
9,3382,4
3,622,4
15,10,4
3,9,4
3,623,4
28,5169,4
28,4488,4
28,4490,4
28,3974,4
28,3975,4
28,4250,4
28,4251,4
28,4472,4
2,5480,4
35,9214,4
9,3533,4
9,3534,4
9,3376,4
10,520,4
9,3364,4
9,3379,4
9,3535,4
9,3380,4
35,12652,4
22,10436,4
22,10437,4
2,5481,4
35,10083,4
11,4541,4
9,3369,4
9,3370,4
9,3531,4
9,3367,4
9,3368,4
9,3371,4
35,7752,4
21,10404,4
34,5475,4
34,5476,4
27,15038,4
35,9213,4
2,5478,4
22,10438,4
11,62,4
2,5479,4
35,9216,4
35,9217,4
2,5477,4
12,11967,4
12,11968,4
12,11230,4
9,3365,4
28,4925,4
28,5179,4
28,9810,4
28,4478,4
28,5168,4
28,3680,4
10,1807,4
30,471,4
9,3366,4
12,11965,4
12,14069,4
9,3373,4
9,3374,4
9,3372,4
9,3532,4
9,3375,4
35,9209,4
35,9210,4
35,9211,4
35,9212,4
22,11558,4
22,10434,4
22,10435,4
27,15036,4
35,9215,4
9,3358,4
9,3359,4
27,15037,4
27,13129,4
34,5477,4
26,571,4
22,276,4
9,3527,4
9,3528,4
9,3356,4
12,11225,4
12,11964,4
12,11226,4
12,14066,4
12,14067,4
12,14068,4
22,9349,4
9,3525,4
12,11227,4
12,11966,4
12,11228,4
12,14070,4
12,11229,4
35,9218,4
35,9219,4
35,9220,4
9,3529,4
9,3530,4
9,3344,4
9,4752,4
9,4753,4
9,3357,4
9,4187,4
9,5862,4
9,3521,4
9,3522,4
9,3350,4
9,4185,4
9,3360,4
9,4755,4
9,5114,4
9,3362,4
9,4188,4
9,5863,4
9,3361,4
21,9663,4
11,47,4
22,12203,4
9,4749,4
9,4186,4
9,3353,4
9,3523,4
9,3524,4
9,3354,4
9,3355,4
9,3526,4
15,110,4
15,330,4
11,35,4
30,1346,4
30,462,4
11,740,4
15,18,4
9,3937,4
0,5274,4
9,4184,4
9,3343,4
9,3347,4
9,3516,4
9,3517,4
9,3518,4
9,3519,4
9,3349,4
9,3520,4
9,4754,4
9,3351,4
9,3352,4
9,3334,4
9,3335,4
9,3507,4
9,3339,4
9,4183,4
9,3345,4
9,3346,4
9,3508,4
9,5113,4
9,3340,4
9,3341,4
9,3342,4
9,4750,4
9,3512,4
9,4535,4
9,4751,4
11,522,4
11,2549,4
11,16,4
9,3500,4
9,3501,4
9,3336,4
9,3327,4
0,5273,4
0,12201,4
0,12202,4
9,3337,4
9,3338,4
9,4748,4
9,2612,4
9,3509,4
9,3510,4
9,3513,4
9,3514,4
9,3515,4
28,4252,4
28,3678,4
8,2562,4
26,588,4
9,4181,4
9,3331,4
9,3332,4
9,3333,4
0,3403,4
0,3712,4
9,4747,4
9,3321,4
9,3322,4
9,3324,4
9,3325,4
9,3499,4
9,4182,4
26,519,4
26,522,4
26,563,4
11,1807,4
11,1780,4
10,1782,4
10,1880,4
10,1808,4
30,470,4
28,5170,4
28,5171,4
28,5174,4
28,5177,4
28,4477,4
28,5166,4
20,12340,4
9,3497,4
9,4746,4
9,4294,4
9,3319,4
9,3323,4
9,3503,4
9,3502,4
9,3511,4
9,3307,4
9,3312,4
9,3935,4
9,3328,4
9,3329,4
9,3330,4
9,3595,4
9,4178,4
9,4048,4
9,3318,4
9,3320,4
9,3313,4
9,3314,4
9,3315,4
9,3317,4
9,3175,4
9,3176,4
9,3504,4
10,517,4
9,3326,4
9,4743,4
9,4744,4
9,3303,4
9,3493,4
8,5285,4
28,4249,4
11,1695,4
11,1781,4
11,59,4
20,14231,4
20,9332,4
11,1782,4
11,1880,4
11,1808,4
9,3095,4
9,3311,4
9,3308,4
9,3496,4
9,3310,4
9,4179,4
9,4180,4
15,305,4
7,2571,4
28,5167,4
28,4480,4
28,4485,4
15,217,4
15,239,4
20,12262,4
9,3304,4
9,3305,4
9,3506,4
9,2660,4
9,3306,4
0,10375,4
12,11220,4
0,12188,4
12,11954,4
12,11955,4
12,11956,4
12,11223,4
12,11957,4
12,11958,4
12,11959,4
12,11960,4
12,9281,4
12,14065,4
12,11961,4
12,10278,4
12,11224,4
12,11962,4
12,14064,4
12,11963,4
25,6900,4
12,11222,4
12,11951,4
12,11952,4
12,11217,4
12,11218,4
12,11219,4
12,11944,4
12,11945,4
12,10277,4
12,11946,4
12,11947,4
12,11948,4
12,11949,4
12,11205,4
12,11950,4
12,11221,4
12,11939,4
12,11211,4
12,11940,4
12,11941,4
12,11212,4
12,11213,4
12,11942,4
12,11214,4
12,11215,4
12,2660,4
12,11216,4
12,14063,4
12,11943,4
12,11199,4
12,11200,4
12,10274,4
12,14062,4
12,11932,4
12,11933,4
12,11934,4
12,11935,4
12,11936,4
12,11937,4
12,10275,4
12,10276,4
12,11209,4
12,11210,4
12,11938,4
12,11204,4
12,11920,4
12,11921,4
12,11206,4
12,8945,4
12,11929,4
12,14057,4
12,14058,4
12,14059,4
12,11930,4
12,14060,4
12,11207,4
12,11208,4
12,14061,4
12,11931,4
19,8964,4
12,11922,4
12,11202,4
12,11926,4
12,11203,4
1,467,4
12,11927,4
15,259,4
15,256,4
15,125,4
12,461,4
15,169,4
7,656,4
12,11928,4
19,4326,4
19,7514,4
12,11919,4
12,11196,4
35,4542,4
15,328,4
15,309,4
15,186,4
19,8285,4
24,531,4
28,5181,4
28,4245,4
28,5163,4
28,5162,4
28,5165,4
28,4455,4
12,11923,4
12,11201,4
12,11924,4
12,11925,4
28,4476,4
28,5164,4
28,5159,4
15,576,4
15,242,4
15,279,4
15,306,4
2,145,4
2,130,4
1,13754,4
1,13755,4
12,14054,4
12,11197,4
12,11198,4
12,14055,4
12,14056,4
2,134,4
2,129,4
2,392,4
1,13756,4
1,13757,4
1,13758,4
1,13759,4
1,13760,4
1,13761,4
28,8534,4
28,5433,4
28,5432,4
28,4246,4
28,3664,4
28,5161,4
28,11729,4
37,216,4
31,609,4
37,2536,4
2,127,4
2,128,4
21,1941,4
12,457,4
28,3666,4
28,5138,4
28,8535,4
28,8533,4
37,2697,4
31,615,4
31,616,4
2,131,4
16,14778,4
28,3658,4
28,3663,4
28,3661,4
28,3662,4
2,153,4
28,3044,4
28,5158,4
28,3665,4
28,4247,4
28,4474,4
8,10775,4
8,1635,4
28,4244,4
28,4470,4
28,4483,4
12,11918,4
28,3668,4
28,1356,4
28,4775,4
28,4454,4
9,5420,4
9,5421,4
9,5422,4
21,738,4
21,739,4
28,3656,4
28,3968,4
28,4468,4
5,600,4
28,5172,4
28,4776,4
28,3657,4
28,3969,4
28,5157,4
28,3667,4
28,4774,4
28,3389,4
28,5154,4
28,5155,4
28,4773,4
28,4469,4
28,3390,4
12,11917,4
12,11194,4
12,11195,4
37,2695,4
28,3198,4
28,3970,4
5,678,4
8,3043,4
28,3659,4
28,3660,4
28,4471,4
28,5160,4
28,4475,4
9,5419,4
28,4466,4
12,14051,4
12,11192,4
12,11915,4
12,9278,4
12,14053,4
12,11193,4
12,11916,4
12,11913,4
2,181,4
2,389,4
2,415,4
28,5435,4
28,3589,4
28,4463,4
28,5153,4
28,3587,4
28,4920,4
28,4059,4
28,5149,4
12,11914,4
12,11190,4
12,11191,4
12,14050,4
9,3956,4
9,2971,4
5,569,4
28,5152,4
28,4467,4
28,4465,4
28,4464,4
28,5151,4
28,11000,4
28,5148,4
28,2845,4
28,5146,4
28,3588,4
28,3655,4
28,5150,4
31,600,4
9,3575,4
9,4227,4
9,4228,4
9,3576,4
31,608,4
28,5147,4
28,4460,4
28,4462,4
28,4461,4
28,3654,4
28,8531,4
28,5434,4
28,5145,4
28,4458,4
9,4053,4
9,4229,4
1,13763,4
26,512,4
9,5135,4
9,3579,4
9,3580,4
9,4231,4
9,3954,4
9,3577,4
9,3955,4
9,3578,4
9,3581,4
9,5449,4
9,3957,4
9,3582,4
9,4433,4
6,13372,4
9,3586,4
9,2910,4
9,4232,4
9,3958,4
9,3583,4
9,3584,4
9,3959,4
9,4230,4
28,3653,4
28,5140,4
28,5143,4
28,4243,4
28,5142,4
28,4457,4
28,5141,4
1,13762,4
9,3585,4
21,803,4
2,414,4
28,6298,4
28,5144,4
28,15333,4
20,6652,4
20,6653,4
21,816,4
1,13764,4
20,6654,4
20,6655,4
20,6656,4
9,3961,4
9,3962,4
31,561,4
8,10780,4
28,1938,4
28,3652,4
28,4456,4
28,15063,4
19,1679,4
19,1680,4
19,1874,4
19,1681,4
19,1876,4
19,1682,4
34,5478,4
30,5689,4
22,171,4
2,1346,4
9,4234,4
19,1861,4
19,1875,4
2,305,4
2,304,4
2,444,4
2,316,4
2,399,4
8,6610,4
20,6651,4
9,4432,4
9,3387,4
9,3702,4
9,4233,4
9,3960,4
20,6657,4
20,6658,4
2,400,4
24,8365,4
24,6904,4
19,2114,4
19,1674,4
19,1849,4
19,1672,4
19,1673,4
35,9624,4
19,1676,4
19,3170,4
12,11910,4
35,4912,4
19,1677,4
19,1479,4
19,1873,4
22,503,4
12,11911,4
12,11185,4
12,11186,4
12,11912,4
12,11187,4
12,11188,4
12,11189,4
30,5688,4
9,5460,4
9,5459,4
9,5136,4
19,1678,4
2,347,4
2,223,4
2,354,4
24,7521,4
6,2180,4
6,1764,4
6,459,4
6,2070,4
24,6061,4
24,6060,4
24,8680,4
2,329,4
2,452,4
2,395,4
2,315,4
24,6059,4
24,6903,4
21,820,4
21,778,4
15,10517,4
1,9672,4
9,3205,4
9,2981,4
31,791,4
22,291,4
9,5461,4
9,5462,4
24,7523,4
2,460,4
2,200,4
2,289,4
9,4532,4
9,5239,4
9,4264,4
2,107,4
9,5235,4
2,390,4
20,779,4
20,465,4
20,450,4
20,469,4
9,4265,4
9,5240,4
9,4533,4
15,6651,4
19,1675,4
19,1722,4
19,1671,4
9,4263,4
9,4531,4
2,361,4
2,328,4
2,393,4
15,6653,4
15,6654,4
22,1634,4
4,542,4
4,529,4
37,4238,4
5,608,4
9,4327,4
1,903,4
1,11602,4
1,10633,4
1,14359,4
9,5233,4
9,5234,4
2,203,4
9,3699,4
9,5227,4
9,4524,4
22,6503,4
1,10634,4
1,10636,4
9,5236,4
9,4528,4
9,4204,4
9,4529,4
9,5237,4
9,5238,4
9,4530,4
2,364,4
2,254,4
22,1231,4
22,1758,4
22,1779,4
22,777,4
9,3112,4
22,116,4
15,6655,4
9,5467,4
9,5230,4
9,5231,4
9,4527,4
9,4930,4
9,5232,4
2,215,4
2,311,4
2,306,4
12,10285,4
12,11294,4
12,12081,4
9,4525,4
9,4526,4
9,5229,4
9,4783,4
15,6656,4
15,6652,4
9,4262,4
9,4522,4
9,4523,4
15,6657,4
9,5225,4
9,4782,4
9,5226,4
9,4486,4
9,4313,4
9,5174,4
9,3973,4
9,4314,4
9,3672,4
9,3673,4
9,5175,4
19,576,4
6,318,4
6,372,4
1,10635,4
20,9712,4
12,12079,4
12,12080,4
12,11293,4
9,3975,4
9,5177,4
9,5178,4
9,3677,4
30,1924,4
30,1993,4
30,1922,4
6,166,4
6,319,4
21,1538,4
19,3112,4
9,4929,4
9,5223,4
9,4781,4
9,3698,4
9,5224,4
22,332,4
9,4250,4
21,1525,4
12,11295,4
19,532,4
19,546,4
19,538,4
19,625,4
15,10518,4
1,13765,4
1,13766,4
9,3675,4
9,3676,4
9,4248,4
9,4249,4
9,3974,4
9,4490,4
30,625,4
1,13767,4
1,13768,4
1,13769,4
1,13770,4
9,3674,4
15,9796,4
9,4252,4
9,4489,4
9,5180,4
9,5181,4
19,539,4
19,545,4
6,379,4
6,317,4
22,438,4
22,1053,4
22,1801,4
22,1530,4
22,1652,4
22,2638,4
22,3022,4
9,4251,4
9,3678,4
9,5185,4
9,4491,4
9,3682,4
9,3683,4
9,5630,4
4,12409,4
9,3680,4
22,1531,4
22,1239,4
15,8673,4
15,8674,4
15,8675,4
9,4487,4
9,5179,4
9,4488,4
9,3679,4
29,3701,4
9,5222,4
9,3394,4
9,4261,4
15,6658,4
9,4521,4
22,1340,4
9,5190,4
9,4492,4
9,3684,4
9,3685,4
9,4493,4
9,5191,4
30,692,4
22,1653,4
22,1339,4
22,812,4
22,3024,4
22,1456,4
22,1669,4
22,2265,4
22,1341,4
22,4400,4
9,3686,4
9,5193,4
9,5192,4
22,125,4
22,1802,4
22,1803,4
9,4780,4
9,5182,4
15,9795,4
9,3681,4
9,5183,4
9,4253,4
9,5184,4
9,5631,4
9,5188,4
9,5189,4
22,1804,4
22,1805,4
22,1670,4
22,1499,4
22,1806,4
9,4494,4
9,4495,4
9,4315,4
9,5186,4
29,4323,4
9,3689,4
15,8669,4
9,4254,4
4,14777,4
21,1703,4
22,452,4
14,10,4
22,1734,4
10,11555,4
10,6883,4
10,6884,4
22,14204,4
22,3162,4
22,1151,4
9,4777,4
29,4324,4
9,5187,4
9,4501,4
15,9231,4
15,8672,4
15,9794,4
29,4267,4
12,12087,4
12,9909,4
12,12088,4
12,12089,4
9,4502,4
9,4503,4
9,4504,4
9,4497,4
28,10,4
12,11908,4
12,11183,4
12,11909,4
12,11184,4
4,528,4
4,521,4
22,1607,4
9,4498,4
9,4499,4
9,3592,4
9,4500,4
9,5196,4
9,5197,4
9,5198,4
9,4505,4
29,5251,4
9,5194,4
9,4496,4
9,3976,4
9,4316,4
9,3687,4
9,3688,4
12,12086,4
14,5462,4
10,6885,4
10,6886,4
9,5199,4
9,5634,4
12,12082,4
12,12083,4
12,12084,4
12,11296,4
12,12085,4
9,5218,4
9,5219,4
9,5220,4
18,12360,4
18,3606,4
18,11599,4
29,7505,4
9,5221,4
9,4928,4
9,5200,4
9,3392,4
9,4066,4
9,4506,4
9,4507,4
9,4255,4
15,8713,4
15,8671,4
15,8670,4
16,60,4
16,52,4
14,5136,4
14,5461,4
22,1759,4
18,10591,4
9,4256,4
9,3591,4
9,3692,4
9,5204,4
9,4257,4
9,4258,4
9,3593,4
9,3690,4
9,6301,4
9,5202,4
9,4064,4
25,1442,4
18,11600,4
16,36,4
16,42,4
16,56,4
16,48,4
16,46,4
16,50,4
16,10064,4
16,10065,4
16,51,4
16,64,4
14,450,4
14,66,4
16,54,4
16,62,4
16,44,4
14,9,4
16,40,4
9,4508,4
2,14101,4
9,4509,4
9,10436,4
9,10437,4
9,10438,4
14,5135,4
16,65,4
16,452,4
16,57,4
16,61,4
16,55,4
16,58,4
9,11557,4
14,11,4
9,10434,4
2,13306,4
2,13307,4
2,13296,4
17,3129,4
16,53,4
16,49,4
9,3691,4
9,5203,4
15,9791,4
15,8668,4
15,9792,4
12,11297,4
12,11298,4
19,10936,4
9,10938,4
9,10939,4
14,5460,4
9,10435,4
33,616,4
9,4510,4
9,5205,4
9,1698,4
19,10941,4
19,536,4
19,10937,4
15,9793,4
19,598,4
21,1215,4
9,10941,4
9,10935,4
9,10936,4
9,10937,4
33,608,4
33,615,4
19,10938,4
19,10939,4
19,10940,4
19,10935,4
9,3694,4
38,1567,4
1,4123,4
6,6650,4
9,3242,4
9,4731,4
9,2604,4
9,4732,4
14,4440,4
14,5459,4
9,4778,4
9,4148,4
9,3167,4
9,4149,4
9,3466,4
9,3244,4
9,4144,4
9,4031,4
9,3243,4
9,4405,4
9,3245,4
6,3409,4
9,3471,4
9,4733,4
9,3469,4
33,569,4
9,3250,4
9,3472,4
33,609,4
9,4147,4
19,521,4
24,1522,4
20,513,4
20,514,4
28,9,4
9,10940,4
30,11134,4
30,11816,4
16,1881,4
9,4511,4
9,5206,4
9,5207,4
2,5475,4
2,469,4
2,5470,4
2,5471,4
2,5472,4
9,4032,4
9,3246,4
9,3467,4
9,3247,4
9,3252,4
9,3468,4
9,3470,4
2,5476,4
2,5473,4
2,5474,4
3,14328,4
16,1345,4
16,1731,4
21,1623,4
28,11,4
9,4165,4
9,4166,4
9,4167,4
9,3292,4
9,4168,4
9,3251,4
9,3253,4
9,3249,4
9,3248,4
9,4145,4
9,3254,4
9,4146,4
9,3264,4
9,3259,4
6,11405,4
6,11406,4
16,1977,4
6,9341,4
6,10000,4
16,1562,4
9,4513,4
9,4514,4
9,4515,4
20,452,4
24,1558,4
9,3693,4
9,4317,4
16,1742,4
9,4156,4
9,4169,4
14,34,4
9,4150,4
9,3255,4
9,3473,4
9,4152,4
9,4153,4
2,13301,4
2,10132,4
9,4517,4
24,11128,4
24,8966,4
9,3166,4
22,5481,4
9,3478,4
9,3282,4
9,3260,4
9,4038,4
9,4034,4
9,4734,4
9,3261,4
9,3262,4
9,3263,4
9,3256,4
9,3257,4
9,4037,4
9,3258,4
9,4154,4
9,4735,4
9,4039,4
9,4736,4
28,616,4
33,600,4
33,678,4
9,3475,4
14,12,4
9,3479,4
22,5480,4
9,5208,4
9,4516,4
9,5209,4
16,1809,4
14,11667,4
9,4151,4
9,3271,4
9,3272,4
9,3274,4
28,609,4
28,450,4
9,4157,4
9,4164,4
9,4155,4
9,3267,4
9,3265,4
9,3268,4
9,3266,4
9,4158,4
4,74,4
9,4159,4
9,3273,4
22,5477,4
14,841,4
22,5478,4
22,5479,4
16,2273,4
9,5210,4
9,5211,4
9,5212,4
9,5213,4
9,3695,4
24,11131,4
24,11132,4
24,11133,4
9,11133,4
19,2267,4
24,11126,4
24,11127,4
9,3278,4
28,615,4
22,5472,4
9,3269,4
9,4160,4
9,3270,4
9,4161,4
9,4162,4
9,4163,4
22,5475,4
22,450,4
9,4745,4
9,2607,4
22,5476,4
14,6639,4
14,9775,4
9,8006,4
9,8007,4
9,7660,4
9,3641,4
14,17,4
19,2433,4
9,11130,4
24,11129,4
24,11130,4
9,11126,4
9,11127,4
9,11128,4
9,11129,4
9,4042,4
9,3276,4
9,4041,4
9,3277,4
9,4902,4
16,11001,4
16,8527,4
33,11122,4
33,8858,4
33,11123,4
22,64,4
9,11131,4
9,11132,4
28,17,4
34,5481,4
9,4177,4
9,3309,4
9,3302,4
9,4737,4
9,3476,4
9,3275,4
9,5861,4
9,3480,4
22,5470,4
22,5471,4
1,13776,4
1,13777,4
1,13778,4
1,13779,4
1,13780,4
9,8855,4
1,13787,4
34,5480,4
22,5473,4
22,5474,4
33,11124,4
33,11125,4
9,3293,4
9,3285,4
1,13771,4
1,13772,4
1,13773,4
1,13774,4
1,13775,4
0,11701,4
0,2429,4
28,11120,4
28,11121,4
9,3485,4
9,3279,4
9,4170,4
9,3280,4
9,4171,4
9,3482,4
9,4175,4
9,3301,4
9,4046,4
1,13781,4
1,13782,4
1,13783,4
1,13784,4
1,13785,4
1,13786,4
19,6313,4
9,3172,4
9,3481,4
9,3486,4
9,3284,4
9,3283,4
9,4259,4
28,11124,4
28,11125,4
9,8851,4
9,8852,4
9,4738,4
9,4043,4
9,3286,4
9,3294,4
9,4739,4
9,4176,4
9,4044,4
9,3495,4
9,3316,4
9,4045,4
14,13,4
9,4742,4
9,3297,4
9,3298,4
9,3488,4
9,3299,4
9,4291,4
9,4292,4
9,3300,4
5,609,4
9,4174,4
9,3296,4
9,8853,4
28,608,4
9,4741,4
28,11122,4
28,8858,4
9,2590,4
9,4675,4
5,616,4
9,5214,4
9,5215,4
9,4926,4
9,4518,4
9,4519,4
9,5216,4
9,3281,4
9,3290,4
14,14,4
9,3483,4
9,3287,4
9,4035,4
34,5479,4
28,19,3
9,3640,3
9,3489,3
28,728,3
5,725,3
28,290,3
28,579,3
30,151,3
30,397,3
30,454,3
30,537,3
34,7486,3
9,4172,3
4,332,3
9,4293,3
9,3639,3
14,33,3
9,8482,3
9,3494,3
14,16,3
14,28,3
14,24,3
4,331,3
28,704,3
28,709,3
28,1330,3
28,730,3
28,710,3
14,1930,3
14,1928,3
14,2018,3
14,1931,3
14,2033,3
22,7481,3
22,7482,3
22,7483,3
14,1945,3
22,7479,3
14,1932,3
14,1933,3
14,3728,3
14,1934,3
14,2155,3
22,7480,3
2,7477,3
2,7478,3
2,7479,3
22,7487,3
22,7488,3
22,7489,3
2,407,3
2,7472,3
2,7473,3
2,7474,3
22,7485,3
22,7486,3
22,7484,3
14,2278,3
14,1926,3
14,2005,3
22,1328,3
22,1141,3
22,1445,3
22,1332,3
22,1735,3
22,1047,3
25,541,3
25,691,3
30,303,3
10,12170,3
10,12171,3
10,12172,3
18,547,3
18,527,3
2,7475,3
2,7476,3
22,1333,3
22,1377,3
22,1225,3
22,1443,3
22,1046,3
22,1515,3
22,1444,3
22,1626,3
22,1378,3
22,1137,3
22,1364,3
22,1434,3
22,1833,3
22,973,3
22,1705,3
22,1399,3
30,867,3
22,1446,3
22,1142,3
22,1331,3
22,1752,3
22,1280,3
22,1400,3
22,1376,3
22,1514,3
22,1447,3
22,1404,3
22,1448,3
22,1556,3
22,1449,3
22,1568,3
22,1401,3
30,455,3
30,479,3
30,571,3
30,290,3
22,1281,3
22,1402,3
22,1275,3
22,1403,3
22,1709,3
22,1710,3
22,1684,3
22,1274,3
22,1748,3
22,1749,3
22,1750,3
22,1334,3
22,1406,3
22,1138,3
22,1467,3
22,3126,3
22,2665,3
22,1276,3
22,1736,3
22,1351,3
22,1834,3
22,1405,3
22,1226,3
22,1365,3
22,1642,3
22,1366,3
22,1042,3
22,1282,3
22,1352,3
22,1451,3
22,1409,3
34,7483,3
22,1591,3
22,1139,3
22,1516,3
22,1612,3
22,1227,3
22,1048,3
22,1217,3
22,1335,3
22,1380,3
22,1381,3
22,1450,3
22,1218,3
22,1283,3
22,1143,3
22,1359,3
22,1410,3
22,1468,3
22,1469,3
22,1470,3
22,1452,3
22,1627,3
22,2918,3
22,1737,3
22,1049,3
22,1228,3
22,1229,3
22,1407,3
22,1408,3
30,1860,3
22,1453,3
22,1471,3
22,1219,3
22,1686,3
22,1690,3
22,1687,3
22,1541,3
22,1540,3
22,1613,3
22,1527,3
34,7481,3
34,7482,3
22,2178,3
22,1643,3
22,1144,3
22,1285,3
22,1518,3
22,1454,3
22,3121,3
22,1286,3
22,1220,3
22,1455,3
22,1140,3
22,1329,3
22,1358,3
22,1230,3
22,1284,3
22,6008,3
9,3122,3
9,3123,3
9,12164,3
22,1412,3
22,1463,3
22,1865,3
22,2069,3
22,1435,3
22,1221,3
22,1277,3
22,1337,3
22,1145,3
22,1353,3
22,1361,3
22,1628,3
22,1411,3
22,1662,3
22,1336,3
22,1382,3
22,1965,3
22,1414,3
22,1753,3
22,1383,3
22,1754,3
22,1663,3
22,972,3
22,1413,3
22,1644,3
22,1232,3
9,3408,3
22,1360,3
22,1278,3
22,1572,3
22,1573,3
22,1050,3
22,746,3
22,1290,3
22,1044,3
22,2127,3
22,2668,3
22,1583,3
22,1569,3
22,1688,3
22,1287,3
9,5914,3
30,435,3
22,1711,3
22,1712,3
22,1288,3
22,1289,3
22,1738,3
22,1291,3
22,1630,3
22,1664,3
22,1292,3
22,1552,3
22,1045,3
22,1415,3
22,1367,3
22,1813,3
22,1416,3
22,1835,3
22,1417,3
22,1043,3
9,5915,3
9,7450,3
22,1614,3
22,1615,3
22,1584,3
22,1570,3
22,1233,3
22,1146,3
22,1464,3
22,1418,3
22,1419,3
9,8674,3
9,7448,3
9,7449,3
22,1629,3
22,2126,3
22,1685,3
22,1768,3
22,1348,3
22,1438,3
22,1439,3
22,1440,3
22,1473,3
22,1362,3
9,6296,3
22,1234,3
22,1665,3
22,1966,3
22,1967,3
22,1968,3
22,1420,3
9,6649,3
9,5917,3
22,1421,3
22,1666,3
2,7480,3
22,1368,3
22,1769,3
22,1222,3
22,1422,3
22,1235,3
22,974,3
22,1051,3
22,1667,3
30,407,3
30,412,3
22,1293,3
22,1294,3
22,1472,3
22,1436,3
22,1437,3
22,1739,3
22,1236,3
22,1475,3
22,1147,3
22,2919,3
22,1385,3
9,5913,3
22,1616,3
22,1617,3
22,1645,3
22,1423,3
22,1384,3
22,1441,3
22,2330,3
22,1474,3
22,1465,3
22,1237,3
22,1238,3
9,7446,3
9,6648,3
9,3950,3
22,1363,3
22,1771,3
22,975,3
22,1618,3
22,1148,3
22,2920,3
22,976,3
9,7447,3
9,5629,3
22,1788,3
22,1713,3
22,1149,3
22,1150,3
22,1349,3
22,979,3
22,980,3
6,13375,3
6,14016,3
22,1295,3
22,977,3
22,978,3
22,1389,3
22,1392,3
22,1393,3
30,425,3
22,1386,3
22,1387,3
26,553,3
21,572,3
21,568,3
22,1391,3
22,1397,3
22,1296,3
22,1297,3
22,1388,3
22,1390,3
22,1350,3
22,1394,3
22,1369,3
22,1395,3
22,1396,3
22,1773,3
22,1476,3
27,13128,3
26,493,3
22,12204,3
22,14205,3
22,11557,3
11,2076,3
11,5928,3
11,558,3
11,541,3
11,552,3
11,691,3
35,1862,3
26,544,3
26,556,3
26,550,3
26,524,3
22,12214,3
11,556,3
2,7482,3
2,7483,3
2,7484,3
2,7485,3
35,10799,3
11,598,3
22,461,3
22,12206,3
22,14207,3
22,12207,3
22,12208,3
22,12209,3
22,12210,3
12,579,3
26,559,3
2,7487,3
11,614,3
11,544,3
2,7488,3
2,7489,3
26,547,3
35,541,3
2,7486,3
34,7478,3
34,7479,3
34,7480,3
2,7481,3
22,12211,3
22,12212,3
22,12213,3
29,7489,3
34,7472,3
34,7473,3
34,7474,3
26,527,3
9,6490,3
9,6491,3
1,7472,3
1,7473,3
34,7475,3
34,7476,3
34,7477,3
26,554,3
26,558,3
26,575,3
26,552,3
29,7484,3
6,2917,3
6,2465,3
6,2466,3
1,7474,3
6,2467,3
6,2470,3
1,7475,3
1,7476,3
1,7477,3
1,7478,3
1,7479,3
29,7485,3
29,7486,3
29,7487,3
29,7488,3
12,728,3
29,7475,3
29,7476,3
29,7477,3
29,7478,3
1,7480,3
1,7481,3
1,7482,3
1,7483,3
1,7484,3
6,2321,3
29,7479,3
29,7480,3
29,7481,3
29,7482,3
29,7483,3
14,13446,3
1,7485,3
1,7486,3
1,7487,3
1,7488,3
1,7489,3
6,3000,3
6,3001,3
6,3002,3
6,2098,3
6,1963,3
6,2555,3
14,13442,3
29,7473,3
29,7474,3
12,707,3
6,1960,3
6,1961,3
6,1855,3
6,2998,3
6,2999,3
14,13449,3
14,13450,3
14,13451,3
2,3391,3
29,7472,3
14,13443,3
6,1962,3
6,2169,3
6,2170,3
14,13444,3
14,13445,3
6,2159,3
6,1958,3
6,2160,3
9,2762,3
9,2763,3
6,2997,3
6,2768,3
9,2764,3
2,1981,3
2,4065,3
14,13452,3
14,13453,3
6,2315,3
14,13447,3
14,13448,3
6,2097,3
32,12473,3
32,12474,3
6,1891,3
32,12475,3
6,2619,3
6,2993,3
32,12470,3
6,2306,3
6,2307,3
6,2994,3
6,2995,3
6,2996,3
6,2158,3
32,10790,3
12,678,3
6,2049,3
35,1046,3
35,1364,3
32,10266,3
32,10267,3
32,10268,3
32,10269,3
32,10270,3
32,10271,3
20,1918,3
20,8506,3
21,564,3
20,2910,3
12,724,3
6,2992,3
32,12472,3
32,11657,3
35,1445,3
35,1332,3
32,10264,3
32,10265,3
35,973,3
35,1734,3
35,1705,3
35,1399,3
35,919,3
6,2087,3
6,2088,3
35,1141,3
35,1328,3
35,1225,3
35,1626,3
35,1331,3
20,2911,3
20,2120,3
12,704,3
12,755,3
12,1330,3
35,1515,3
35,1444,3
6,1954,3
6,2666,3
6,2293,3
6,3727,3
35,1752,3
35,1280,3
35,1400,3
35,1333,3
35,1568,3
35,1276,3
35,1833,3
35,1447,3
12,709,3
20,4067,3
35,1401,3
35,1735,3
35,1443,3
35,1434,3
35,1377,3
35,1376,3
6,2144,3
6,1951,3
35,1709,3
20,4940,3
20,3982,3
35,1684,3
35,1403,3
35,1281,3
35,1748,3
35,2665,3
35,1736,3
35,1275,3
35,1710,3
35,1378,3
35,1048,3
35,1351,3
35,1625,3
35,1446,3
35,1142,3
35,1334,3
35,1274,3
35,1612,3
35,1227,3
35,1139,3
12,710,3
20,4562,3
20,2756,3
20,4941,3
20,3050,3
20,3983,3
20,2757,3
20,4944,3
21,3414,3
10,1716,3
35,1404,3
35,1449,3
6,2525,3
35,1556,3
35,1380,3
35,1381,3
35,1405,3
35,1365,3
21,619,3
35,1749,3
35,1750,3
35,1049,3
35,1138,3
35,1226,3
35,1591,3
35,1642,3
6,2224,3
6,1947,3
35,1282,3
37,166,3
10,1633,3
10,1559,3
10,1859,3
10,1490,3
10,1757,3
35,1228,3
35,1834,3
35,1366,3
35,1042,3
35,1627,3
35,1217,3
35,1402,3
35,1137,3
35,1335,3
35,1448,3
35,1230,3
35,1468,3
35,1144,3
35,1140,3
35,1406,3
35,1686,3
35,1467,3
35,1737,3
35,1643,3
35,1283,3
35,1450,3
35,1229,3
35,1352,3
35,1613,3
35,1527,3
12,725,3
35,1452,3
35,1687,3
6,2282,3
6,4566,3
35,1358,3
35,1231,3
35,1409,3
35,1284,3
35,1453,3
35,1471,3
35,1407,3
35,1408,3
35,1218,3
35,1329,3
35,2178,3
35,1143,3
35,1219,3
35,1690,3
35,1285,3
35,1382,3
35,1286,3
35,972,3
35,1336,3
35,1337,3
35,1518,3
35,1688,3
35,1287,3
35,1361,3
12,669,3
12,1922,3
12,3110,3
35,1514,3
35,1519,3
22,1814,3
22,1815,3
22,1816,3
35,474,3
35,2565,3
35,895,3
35,2911,3
35,1743,3
35,3983,3
12,1492,3
35,1611,3
35,460,3
35,1890,3
11,464,3
11,15357,3
17,2067,3
17,2068,3
6,2519,3
35,1644,3
35,1469,3
35,1470,3
35,1410,3
6,596,3
6,595,3
6,2520,3
35,1628,3
35,1662,3
35,1663,3
35,2267,3
35,1540,3
35,1220,3
10,8440,3
10,1775,3
10,1606,3
2,2658,3
21,5501,3
22,9172,3
35,1516,3
35,1541,3
35,1451,3
35,1455,3
35,2918,3
35,1359,3
35,1411,3
17,2236,3
17,2237,3
17,2329,3
10,2107,3
10,1542,3
35,1412,3
35,1865,3
35,1145,3
35,1463,3
35,1711,3
35,1712,3
35,1050,3
35,2069,3
35,1353,3
35,1232,3
35,1221,3
35,1277,3
35,1360,3
10,1844,3
22,1832,3
17,2324,3
17,2326,3
17,2328,3
35,4268,3
35,1435,3
35,1278,3
35,1413,3
35,1288,3
35,1289,3
17,2064,3
17,809,3
12,708,3
10,1604,3
10,1605,3
10,2627,3
35,1738,3
35,1965,3
35,1414,3
35,1383,3
35,1290,3
17,2065,3
17,2174,3
17,2322,3
17,2323,3
17,2175,3
17,2066,3
17,2464,3
0,14038,3
12,1424,3
12,726,3
22,1831,3
17,1962,3
17,2059,3
17,2060,3
17,2169,3
17,2170,3
17,1961,3
23,2517,3
30,10082,3
0,14036,3
17,1814,3
17,2098,3
17,1963,3
17,2063,3
17,1964,3
17,1815,3
17,1816,3
35,1835,3
35,1348,3
6,3215,3
22,3215,3
17,14036,3
17,14038,3
21,10000,3
35,1754,3
35,746,3
35,1614,3
35,2127,3
35,1583,3
35,1569,3
35,1753,3
17,2058,3
17,2168,3
21,1462,3
23,2547,3
23,1906,3
23,164,3
23,1580,3
17,1855,3
17,2056,3
17,808,3
17,2233,3
17,2234,3
17,2057,3
17,1908,3
35,1572,3
35,1573,3
35,1044,3
35,1629,3
23,2434,3
23,1700,3
23,2435,3
23,1898,3
23,2125,3
35,1813,3
35,1367,3
35,1768,3
35,1552,3
35,1417,3
35,1043,3
17,2232,3
17,2097,3
17,2167,3
17,1960,3
35,3454,3
35,1415,3
35,1291,3
35,1233,3
17,2052,3
17,1959,3
17,1892,3
17,2053,3
17,2054,3
17,2055,3
17,1936,3
17,2231,3
23,2916,3
23,2548,3
23,2987,3
23,2277,3
23,2437,3
17,2051,3
35,1664,3
35,1292,3
35,1234,3
35,1630,3
35,1584,3
35,1570,3
35,1416,3
35,1146,3
35,1419,3
35,1368,3
11,14331,3
21,11397,3
9,15858,3
35,7451,3
35,1045,3
35,1615,3
19,541,3
19,691,3
8,863,3
21,578,3
21,476,3
11,12343,3
22,541,3
22,691,3
4,14016,3
6,530,3
21,523,3
21,2915,3
21,1685,3
17,1958,3
17,1935,3
17,2307,3
17,1957,3
17,2046,3
17,2047,3
35,482,3
17,2094,3
17,1224,3
17,1466,3
17,1934,3
17,2158,3
17,2159,3
35,1665,3
35,1966,3
35,1967,3
35,1968,3
35,1235,3
17,2153,3
17,2090,3
17,1891,3
17,2298,3
8,1620,3
8,854,3
35,1666,3
35,1420,3
35,1421,3
35,1472,3
17,2301,3
17,2302,3
17,2155,3
17,2156,3
17,2157,3
17,2619,3
35,1473,3
35,1422,3
8,1355,3
8,888,3
8,889,3
8,982,3
8,890,3
17,2048,3
17,2042,3
17,2043,3
17,2089,3
17,2228,3
17,2044,3
17,1956,3
17,2045,3
17,2152,3
9,3139,3
9,3020,3
9,2636,3
9,2932,3
17,2230,3
35,1464,3
35,1418,3
35,1293,3
35,1294,3
35,1769,3
35,1436,3
35,1437,3
35,1438,3
35,1439,3
35,1440,3
35,1362,3
9,2573,3
9,2572,3
9,3140,3
9,3138,3
9,2637,3
9,2720,3
9,3227,3
9,2926,3
9,2725,3
9,2778,3
9,4016,3
9,3228,3
9,4238,3
9,2571,3
9,3884,3
9,2931,3
9,3885,3
9,3889,3
9,4729,3
9,2935,3
9,2936,3
9,3890,3
9,3886,3
9,4396,3
9,4397,3
35,5926,3
35,11038,3
35,11039,3
35,896,3
35,10170,3
35,11041,3
9,3141,3
35,1222,3
35,1667,3
35,1645,3
35,1616,3
35,1617,3
9,3895,3
9,3231,3
9,3142,3
9,2726,3
8,855,3
8,891,3
8,856,3
8,857,3
8,892,3
21,10395,3
21,566,3
35,11035,3
35,10169,3
9,3148,3
9,2575,3
9,4054,3
9,4393,3
9,2933,3
35,974,3
17,2087,3
17,2088,3
17,2149,3
17,2150,3
17,1955,3
17,2453,3
17,2151,3
35,1051,3
9,3146,3
9,2678,3
9,2629,3
9,3233,3
9,3896,3
9,5417,3
9,3143,3
9,3230,3
25,1993,3
9,4435,3
9,2934,3
9,2576,3
9,4055,3
35,11034,3
35,10168,3
35,9246,3
9,3160,3
9,3149,3
9,3894,3
9,3154,3
9,3147,3
35,1423,3
35,1384,3
17,1933,3
17,833,3
17,2666,3
17,2293,3
17,2038,3
17,2039,3
17,2526,3
17,2146,3
17,2147,3
9,3897,3
9,2939,3
9,2927,3
9,2577,3
9,2595,3
9,2806,3
9,3888,3
9,3899,3
9,3232,3
9,3023,3
9,3076,3
9,3155,3
9,4018,3
9,3150,3
9,3144,3
9,3152,3
9,3904,3
9,4394,3
9,4395,3
9,3891,3
9,3893,3
9,3892,3
9,4398,3
9,3151,3
9,3156,3
9,2494,3
9,2641,3
9,2597,3
9,2639,3
9,2695,3
9,2578,3
9,2640,3
9,3900,3
9,3901,3
9,2638,3
9,2937,3
9,3069,3
9,4767,3
9,2940,3
9,3234,3
9,3902,3
9,3459,3
9,4134,3
9,4135,3
9,2941,3
9,2943,3
9,3887,3
9,3236,3
17,2035,3
17,2036,3
17,2037,3
17,2144,3
9,2679,3
9,2579,3
9,2536,3
9,4013,3
9,2947,3
9,4121,3
9,2722,3
9,2938,3
9,2495,3
9,2942,3
9,3898,3
9,3229,3
9,3159,3
9,4730,3
9,2645,3
9,3145,3
35,10166,3
35,4287,3
35,10167,3
17,1952,3
17,2040,3
17,1953,3
17,1932,3
17,1954,3
17,2085,3
17,2041,3
17,2034,3
17,1951,3
9,2538,3
9,2945,3
9,2697,3
9,814,3
9,2680,3
9,2681,3
9,3157,3
9,4127,3
9,3237,3
9,4019,3
9,2642,3
9,2944,3
9,2781,3
9,6492,3
9,6493,3
9,3905,3
9,2728,3
9,2729,3
9,4770,3
9,4436,3
9,3457,3
9,2782,3
9,2783,3
9,2732,3
9,4139,3
9,4017,3
9,2948,3
9,3161,3
9,4239,3
9,4769,3
9,2643,3
9,2265,3
17,2084,3
35,1441,3
35,1713,3
35,1474,3
35,1788,3
35,1739,3
35,1236,3
35,1147,3
35,1465,3
17,3059,3
17,3211,3
17,1950,3
17,1832,3
17,2031,3
9,3158,3
9,2808,3
9,4128,3
9,4771,3
17,1930,3
17,1931,3
17,2139,3
17,2032,3
17,2033,3
17,2141,3
17,2142,3
9,3906,3
9,2946,3
9,3070,3
9,3450,3
9,4399,3
9,3631,3
17,2145,3
9,3630,3
9,2630,3
9,2950,3
9,4126,3
9,8475,3
9,4131,3
9,2784,3
9,2727,3
9,3022,3
9,4133,3
9,4132,3
9,3388,3
9,2646,3
19,1579,3
9,2807,3
9,4129,3
9,2949,3
9,2730,3
9,2683,3
9,3083,3
9,4437,3
9,4438,3
9,4026,3
9,3911,3
9,4025,3
9,4020,3
9,4023,3
9,4021,3
9,5625,3
9,4286,3
9,5910,3
9,3907,3
9,2731,3
9,3190,3
9,3238,3
9,3239,3
9,3909,3
9,4138,3
9,4919,3
9,2736,3
9,2951,3
9,3153,3
9,3632,3
9,4140,3
9,3460,3
9,3026,3
9,2496,3
9,4027,3
9,4403,3
9,2928,3
9,3078,3
9,3079,3
17,2137,3
17,2224,3
17,1947,3
17,2289,3
17,1948,3
17,1949,3
35,1475,3
35,1385,3
35,1237,3
35,1238,3
9,3080,3
9,3081,3
9,2599,3
9,3082,3
9,2733,3
9,2734,3
9,2735,3
9,4022,3
9,4028,3
9,4029,3
9,3910,3
9,3914,3
9,3915,3
9,3916,3
9,3917,3
9,3918,3
9,4401,3
9,4402,3
9,2600,3
9,2601,3
9,2699,3
9,2785,3
9,2737,3
9,3163,3
9,3922,3
9,4137,3
9,4056,3
9,4057,3
9,4058,3
9,3090,3
9,3913,3
9,2580,3
9,2581,3
9,2953,3
9,3919,3
9,3920,3
9,3921,3
9,2582,3
9,2583,3
9,2266,3
9,3084,3
9,3085,3
9,3086,3
9,3087,3
9,3193,3
9,3194,3
9,2598,3
9,3191,3
9,3192,3
9,3912,3
9,2187,3
9,2648,3
9,3461,3
9,3924,3
9,3923,3
9,2954,3
9,2631,3
9,3088,3
9,3089,3
9,4141,3
9,2738,3
9,2602,3
9,2603,3
9,2647,3
9,4024,3
9,3908,3
9,3633,3
9,3880,3
9,2815,3
9,3092,3
9,3925,3
9,3462,3
9,3091,3
9,3926,3
9,2632,3
9,2633,3
9,3195,3
9,3196,3
9,4307,3
9,2584,3
9,2500,3
9,2811,3
35,1388,3
35,2920,3
35,1295,3
35,1390,3
35,977,3
35,978,3
35,1389,3
9,3241,3
9,3927,3
9,2585,3
9,4772,3
9,2814,3
9,3928,3
9,3929,3
9,2586,3
9,2587,3
9,2955,3
9,2818,3
9,3636,3
9,3930,3
9,3931,3
9,2812,3
9,2813,3
35,2919,3
35,1363,3
35,1771,3
35,975,3
35,1618,3
35,1148,3
35,976,3
35,1386,3
35,1387,3
17,2027,3
17,2028,3
17,2029,3
17,2030,3
12,12164,3
12,806,3
12,458,3
24,8358,3
9,2588,3
9,2589,3
9,4142,3
9,2816,3
9,3093,3
9,3634,3
9,3635,3
9,2817,3
19,722,3
9,3637,3
9,2819,3
9,2723,3
12,742,3
35,1349,3
17,2523,3
17,2020,3
17,2021,3
17,1928,3
17,2022,3
17,2023,3
17,1929,3
17,2024,3
17,2025,3
17,2026,3
22,13473,3
22,3164,3
6,6432,3
6,7563,3
6,9997,3
6,7894,3
6,6810,3
6,6803,3
6,6804,3
6,6806,3
6,6808,3
22,2500,3
22,13474,3
22,13475,3
22,2810,3
22,2723,3
22,2737,3
22,2266,3
22,13472,3
22,2187,3
17,2015,3
17,2016,3
17,2017,3
17,2220,3
17,2221,3
17,2286,3
17,1927,3
17,2018,3
17,2019,3
17,1571,3
17,2008,3
17,2009,3
17,2011,3
17,2012,3
17,2522,3
17,2013,3
17,2014,3
17,2217,3
17,2218,3
17,2284,3
17,2133,3
17,2219,3
17,2443,3
17,1946,3
6,7591,3
6,7592,3
6,6855,3
22,2699,3
17,2003,3
17,2520,3
22,13467,3
22,2809,3
22,13468,3
22,13469,3
22,13470,3
22,13471,3
22,3460,3
22,2683,3
22,2736,3
6,6811,3
6,7897,3
6,6437,3
6,555,3
17,2010,3
6,6821,3
17,2004,3
17,2005,3
17,1945,3
17,1279,3
17,1223,3
17,2080,3
17,2007,3
17,2082,3
17,2991,3
17,2281,3
17,2282,3
17,2131,3
17,2283,3
17,2081,3
17,2132,3
22,3023,3
22,13465,3
6,6854,3
6,7597,3
6,7598,3
17,2006,3
17,1998,3
17,1999,3
17,1661,3
17,2000,3
17,2280,3
17,2128,3
17,2438,3
17,596,3
6,6819,3
6,6820,3
35,1369,3
35,1395,3
35,1396,3
35,1149,3
35,1150,3
6,6440,3
6,6435,3
6,6441,3
6,6439,3
6,6442,3
6,6827,3
6,6443,3
22,13462,3
22,3459,3
22,13463,3
22,13464,3
22,3903,3
22,3904,3
6,7906,3
6,6444,3
6,6833,3
17,595,3
17,1926,3
17,2001,3
17,2002,3
35,1392,3
35,1393,3
35,979,3
35,980,3
35,1391,3
35,1350,3
35,1394,3
22,13461,3
22,2721,3
24,14136,3
24,14137,3
35,1773,3
35,1476,3
35,1397,3
35,1296,3
17,1995,3
17,470,3
17,471,3
17,2279,3
17,836,3
17,1996,3
17,1997,3
17,2518,3
14,724,3
14,1571,3
14,608,3
14,707,3
14,730,3
17,1707,3
17,2519,3
17,1925,3
17,817,3
17,1689,3
17,2215,3
17,1994,3
35,1297,3
34,12495,3
6,6834,3
22,4898,3
12,1506,3
12,1054,3
35,463,3
14,918,3
14,704,3
14,833,3
14,725,3
14,669,3
14,1492,3
14,708,3
14,1424,3
14,726,3
6,6831,3
6,5998,3
6,5999,3
34,12626,3
2,4782,3
2,13474,3
2,13475,3
2,4783,3
22,13460,3
22,5417,3
22,3020,3
12,1656,3
12,1356,3
12,1507,3
12,1901,3
12,1300,3
9,1855,3
9,1908,3
10,507,3
12,1545,3
9,719,3
9,1892,3
16,15346,3
16,15347,3
12,2658,3
12,1563,3
12,1055,3
12,1657,3
12,1658,3
12,1989,3
12,1659,3
12,1508,3
12,1784,3
6,6843,3
6,7919,3
6,7920,3
2,4255,3
2,4256,3
2,13472,3
2,4780,3
2,4259,3
2,13473,3
9,1398,3
16,4456,3
2,4781,3
6,6839,3
6,8346,3
6,6850,3
6,6846,3
6,6851,3
6,6446,3
6,6447,3
16,4461,3
16,5147,3
16,3589,3
16,4463,3
16,4460,3
16,3653,3
16,3652,3
16,4243,3
16,5140,3
16,4457,3
16,5143,3
16,4459,3
16,5142,3
16,5141,3
16,4458,3
16,3654,3
16,2845,3
16,5146,3
16,5152,3
16,5150,3
6,6448,3
6,6852,3
6,6451,3
6,8348,3
6,6853,3
6,7934,3
6,6848,3
6,6842,3
16,5144,3
16,5145,3
16,3587,3
16,3588,3
16,4468,3
16,3969,3
16,5151,3
16,4245,3
6,6859,3
6,7943,3
16,4462,3
9,2552,3
9,2553,3
16,3656,3
16,4464,3
16,6668,3
16,4466,3
16,4465,3
16,3662,3
16,3655,3
2,13467,3
2,13468,3
2,13469,3
2,13470,3
2,5201,3
2,13471,3
2,4778,3
16,5148,3
16,5153,3
16,4059,3
16,5149,3
9,1955,3
16,4774,3
16,3968,3
16,3658,3
16,4467,3
6,7960,3
16,3663,3
16,3659,3
9,833,3
16,3660,3
16,3044,3
16,3970,3
16,5154,3
16,5155,3
16,4773,3
16,4246,3
16,3661,3
16,4471,3
16,4469,3
6,8353,3
2,13465,3
16,3671,3
16,3669,3
16,4479,3
16,4481,3
16,4925,3
16,4482,3
16,4473,3
16,3664,3
16,3665,3
16,5156,3
16,3666,3
6,6865,3
6,8357,3
6,8354,3
6,8355,3
6,7959,3
9,2551,3
9,2525,3
16,4472,3
16,3670,3
16,3672,3
16,3673,3
16,3389,3
16,3390,3
16,4775,3
11,26,3
2,4247,3
2,4776,3
2,4775,3
6,8356,3
16,4244,3
16,5164,3
16,4476,3
6,8978,3
6,6868,3
6,6869,3
6,6870,3
6,7967,3
6,6866,3
6,8977,3
6,6867,3
6,7975,3
2,13462,3
2,13463,3
2,13464,3
16,611,3
9,1949,3
9,2550,3
2,4774,3
2,13461,3
2,4773,3
16,4475,3
16,5157,3
16,3667,3
16,5158,3
16,3198,3
16,4247,3
16,4474,3
16,4776,3
16,4470,3
16,5163,3
16,4478,3
16,5160,3
16,5162,3
35,10022,3
6,6871,3
6,6872,3
16,5165,3
16,3668,3
16,3657,3
16,4920,3
16,5161,3
16,5167,3
16,5175,3
16,4454,3
16,5166,3
16,5138,3
6,6873,3
6,6874,3
6,6875,3
16,5159,3
16,4480,3
16,4485,3
16,5170,3
16,3675,3
16,3676,3
16,4249,3
16,4314,3
16,4312,3
16,5172,3
16,4477,3
16,3678,3
16,3971,3
6,6878,3
35,10822,3
35,2604,3
16,4248,3
16,5176,3
16,3974,3
16,3975,3
16,4455,3
16,5174,3
16,4486,3
16,3677,3
35,10824,3
35,10825,3
35,9228,3
35,9229,3
6,6876,3
6,6877,3
16,4483,3
16,3674,3
24,8349,3
16,3973,3
16,5168,3
16,5169,3
16,4491,3
16,3684,3
16,10161,3
16,5632,3
16,4490,3
2,13460,3
35,10823,3
16,4250,3
16,4251,3
16,4313,3
16,5466,3
16,4065,3
29,891,3
29,857,3
29,856,3
29,892,3
16,3687,3
16,5190,3
16,7843,3
16,6299,3
16,4487,3
16,5179,3
16,4488,3
16,5171,3
16,5173,3
16,5178,3
11,34,3
11,24,3
16,5181,3
16,5186,3
16,5187,3
16,5631,3
16,5182,3
16,3680,3
16,5177,3
16,4484,3
16,4252,3
16,5185,3
16,4253,3
16,5184,3
16,5180,3
16,5630,3
16,4489,3
16,3681,3
16,5193,3
16,4254,3
16,4493,3
16,4497,3
16,4316,3
16,5183,3
16,5191,3
16,5188,3
16,4494,3
29,855,3
16,3679,3
16,5633,3
16,3688,3
16,3689,3
16,5189,3
16,4315,3
16,3685,3
16,3976,3
16,4499,3
16,6300,3
16,3686,3
16,3592,3
16,5199,3
16,4498,3
16,4500,3
29,889,3
29,982,3
29,890,3
16,6669,3
16,3682,3
16,3683,3
16,4496,3
16,4501,3
16,4502,3
16,4503,3
16,4504,3
16,4505,3
29,1355,3
29,888,3
9,588,3
9,12347,3
29,1299,3
19,15048,3
16,4495,3
16,4777,3
16,5192,3
16,4492,3
16,5194,3
16,4507,3
16,3591,3
16,4060,3
16,4257,3
16,4258,3
16,3651,3
16,5197,3
16,5200,3
16,4255,3
16,4256,3
16,5198,3
16,4921,3
16,3392,3
16,2198,3
16,2199,3
16,2200,3
16,6671,3
16,5201,3
16,3691,3
16,4064,3
29,1523,3
7,10117,3
7,10118,3
29,1620,3
29,815,3
29,2958,3
9,9175,3
9,7657,3
7,10116,3
16,5196,3
16,5634,3
16,4506,3
29,854,3
7,10119,3
7,10120,3
7,10121,3
7,10122,3
29,1911,3
16,3593,3
16,4061,3
16,3690,3
16,6301,3
16,4066,3
16,6673,3
16,6674,3
16,6675,3
16,4508,3
16,6672,3
16,4513,3
7,10125,3
11,20,3
16,5204,3
16,5203,3
16,1698,3
16,3590,3
16,4509,3
16,4510,3
16,5202,3
16,4317,3
16,6302,3
16,3692,3
16,5205,3
29,863,3
29,778,3
7,10123,3
7,10124,3
16,3693,3
16,6678,3
16,4518,3
16,4519,3
16,4779,3
16,4778,3
16,4516,3
16,6676,3
16,6304,3
16,6677,3
16,3694,3
16,5206,3
16,5207,3
16,4511,3
7,10127,3
9,10116,3
16,4514,3
16,4515,3
16,5209,3
16,5210,3
16,5211,3
16,5212,3
16,2197,3
16,5213,3
16,5208,3
16,4517,3
16,4259,3
16,3393,3
16,5214,3
7,8349,3
16,5215,3
16,4926,3
16,4309,3
16,4260,3
16,6679,3
16,6680,3
16,6681,3
16,2196,3
16,3695,3
16,5216,3
16,4927,3
16,4062,3
16,4063,3
16,5217,3
16,6682,3
7,8358,3
9,10120,3
9,10121,3
16,6683,3
16,5220,3
16,5221,3
16,3696,3
16,3697,3
16,4520,3
16,5218,3
16,5219,3
16,5635,3
16,3394,3
16,4928,3
16,4261,3
7,10126,3
7,6862,3
16,5223,3
16,5224,3
16,4262,3
16,6689,3
16,6690,3
16,3698,3
9,10122,3
9,5679,3
9,10123,3
9,10124,3
9,10125,3
9,4790,3
3,5548,3
9,10117,3
9,10118,3
9,10119,3
16,4522,3
16,4523,3
16,3699,3
16,2195,3
1,552,3
1,559,3
16,6684,3
16,6685,3
16,5222,3
16,6687,3
16,6688,3
16,4780,3
16,6686,3
16,4521,3
16,4929,3
16,4781,3
16,4782,3
16,4310,3
16,6691,3
16,6692,3
16,5226,3
16,4524,3
16,4525,3
16,4526,3
16,5227,3
16,5228,3
16,7844,3
9,6450,3
9,10829,3
9,6445,3
9,8349,3
16,5225,3
16,5231,3
16,5233,3
16,5234,3
16,5636,3
16,5232,3
16,4528,3
16,5235,3
16,5236,3
16,4529,3
16,4263,3
16,5237,3
9,10126,3
9,6862,3
9,4954,3
9,5279,3
9,8358,3
16,5238,3
16,4530,3
16,4531,3
16,4532,3
16,5239,3
16,6693,3
16,4264,3
16,4265,3
16,5240,3
16,4533,3
11,22,3
16,4783,3
16,5229,3
16,4527,3
16,5467,3
16,5230,3
30,2968,3
30,2201,3
30,691,3
30,5926,3
30,788,3
16,5129,3
9,2104,3
30,804,3
16,4052,3
30,6308,3
30,1912,3
19,10117,3
19,10118,3
19,10119,3
9,10127,3
19,10116,3
1,9246,3
1,553,3
1,516,3
1,554,3
1,558,3
1,575,3
16,1900,3
16,347,3
1,5616,3
1,9829,3
19,10123,3
19,10124,3
11,31,3
30,5928,3
30,3100,3
30,541,3
1,10190,3
1,13617,3
1,3448,3
1,2624,3
16,2432,3
1,4422,3
1,11723,3
1,3967,3
19,10125,3
19,8349,3
3,188,3
3,165,3
19,10120,3
19,10121,3
19,10122,3
16,2194,3
6,7968,3
6,7969,3
6,7976,3
6,5683,3
1,5618,3
1,9830,3
1,9228,3
1,9229,3
9,7847,3
6,6454,3
6,7615,3
6,7990,3
3,2070,3
19,10126,3
19,6862,3
19,8358,3
34,12479,3
34,12480,3
34,15792,3
16,2078,3
34,12486,3
16,2192,3
16,2193,3
1,581,3
1,544,3
1,556,3
6,7602,3
6,6863,3
6,7961,3
6,7946,3
6,7962,3
6,6864,3
6,6002,3
6,7927,3
6,8350,3
6,6857,3
6,6858,3
6,7939,3
6,7595,3
6,6856,3
6,7952,3
6,7953,3
19,10127,3
9,2252,3
9,2253,3
34,12476,3
34,12477,3
34,12478,3
16,2966,3
34,12484,3
6,8344,3
6,8345,3
6,6841,3
6,9232,3
6,8680,3
11,832,3
11,519,3
11,626,3
11,96,3
6,7928,3
6,7929,3
6,9233,3
6,9234,3
6,6452,3
6,8347,3
6,7915,3
6,7916,3
6,6840,3
6,7579,3
6,7918,3
34,6611,3
34,12481,3
34,12487,3
34,12485,3
34,11640,3
34,12482,3
34,12489,3
34,12483,3
34,12488,3
16,306,3
6,6438,3
6,6828,3
6,6826,3
6,7574,3
6,7575,3
6,7576,3
6,6830,3
6,7909,3
6,6825,3
6,6835,3
11,1536,3
11,1565,3
6,6836,3
6,5680,3
6,6838,3
6,7917,3
34,12497,3
16,400,3
34,12506,3
34,12504,3
9,11681,3
6,6807,3
6,7573,3
6,6812,3
6,6814,3
11,170,3
6,6813,3
6,6822,3
6,6829,3
6,3114,3
6,6824,3
6,6815,3
0,13449,3
0,13450,3
0,13451,3
0,13452,3
0,13453,3
34,12490,3
34,12499,3
34,12492,3
34,12493,3
34,11645,3
34,12498,3
34,12503,3
34,11642,3
34,12508,3
34,12510,3
34,12496,3
34,12502,3
34,12507,3
34,12491,3
34,12494,3
34,11644,3
34,12519,3
34,12512,3
34,11647,3
16,414,3
16,415,3
16,4051,3
0,13444,3
0,13445,3
0,13446,3
0,13447,3
0,13448,3
9,2330,3
34,9230,3
34,10265,3
34,10268,3
34,10269,3
34,10266,3
9,2718,3
9,2719,3
34,8650,3
34,10270,3
34,10271,3
34,7646,3
34,10267,3
34,8649,3
34,12500,3
34,12501,3
2,2651,3
2,2191,3
34,76,3
34,343,3
34,252,3
34,215,3
34,104,3
9,4791,3
34,9778,3
2,2542,3
2,2501,3
0,13442,3
0,13443,3
11,95,3
11,741,3
34,5853,3
11,119,3
2,2430,3
2,2541,3
34,371,3
34,379,3
34,358,3
34,376,3
34,288,3
34,382,3
2,2116,3
2,2189,3
2,779,3
11,88,3
11,161,3
2,2431,3
2,2190,3
20,1300,3
20,2658,3
20,1507,3
20,1055,3
20,1563,3
20,1657,3
11,559,3
11,102,3
11,73,3
20,1658,3
20,1989,3
20,1659,3
20,1508,3
20,1784,3
2,740,3
11,575,3
16,1973,3
20,1901,3
34,306,3
34,254,3
34,253,3
34,390,3
34,210,3
34,438,3
34,142,3
27,15026,3
34,267,3
34,373,3
34,374,3
34,233,3
34,275,3
34,294,3
34,150,3
34,303,3
34,216,3
34,405,3
34,398,3
34,419,3
34,301,3
34,328,3
34,309,3
34,393,3
34,295,3
34,96,3
34,196,3
34,440,3
34,291,3
34,194,3
34,125,3
34,83,3
34,212,3
34,186,3
34,106,3
34,219,3
34,239,3
34,155,3
34,375,3
34,344,3
34,362,3
34,168,3
34,133,3
34,107,3
24,440,3
20,1506,3
34,110,3
24,9997,3
34,12095,3
34,14103,3
34,9306,3
34,136,3
34,9944,3
34,14102,3
34,105,3
34,34,3
34,109,3
34,297,3
34,10264,3
34,147,3
34,345,3
34,80,3
34,319,3
34,223,3
34,399,3
16,10770,3
34,146,3
34,248,3
34,241,3
34,314,3
34,347,3
34,352,3
34,255,3
34,204,3
34,205,3
34,158,3
34,197,3
34,384,3
34,408,3
34,385,3
34,386,3
34,411,3
34,313,3
34,337,3
34,12097,3
34,92,3
34,157,3
34,159,3
34,97,3
34,308,3
34,277,3
34,330,3
34,183,3
34,380,3
34,230,3
34,338,3
28,15,3
15,14126,3
35,547,3
34,10329,3
34,12099,3
34,14106,3
34,14107,3
11,27,3
11,25,3
18,840,3
21,4069,3
34,354,3
34,144,3
34,391,3
34,249,3
34,166,3
34,468,3
34,160,3
34,103,3
34,305,3
34,458,3
34,355,3
34,365,3
34,268,3
34,257,3
34,262,3
34,418,3
34,339,3
34,111,3
34,95,3
0,12128,3
0,12129,3
34,414,3
34,317,3
34,101,3
34,427,3
34,430,3
34,434,3
34,356,3
34,198,3
34,258,3
34,250,3
34,389,3
34,112,3
15,904,3
34,432,3
34,431,3
34,182,3
34,269,3
34,433,3
34,426,3
34,409,3
34,410,3
34,310,3
34,79,3
34,175,3
34,173,3
34,281,3
34,278,3
34,176,3
34,443,3
0,12126,3
34,177,3
34,407,3
34,94,3
34,412,3
34,368,3
34,369,3
27,15025,3
34,413,3
34,342,3
34,415,3
34,244,3
34,245,3
34,270,3
34,318,3
34,372,3
34,251,3
34,12514,3
34,272,3
34,273,3
34,406,3
34,392,3
34,120,3
34,206,3
34,108,3
20,1656,3
20,1356,3
0,14115,3
34,448,3
34,449,3
34,350,3
34,387,3
34,282,3
34,425,3
34,78,3
34,174,3
34,127,3
16,13176,3
16,13177,3
16,13178,3
34,12104,3
34,12517,3
34,12513,3
34,10791,3
34,12509,3
34,12511,3
34,12515,3
34,12516,3
34,12525,3
34,15799,3
19,7034,3
34,15800,3
34,12524,3
34,12526,3
34,11650,3
34,10792,3
34,12522,3
34,12532,3
34,15793,3
34,12520,3
34,12521,3
34,12523,3
34,436,3
34,437,3
34,346,3
34,11646,3
34,12531,3
34,12533,3
34,12505,3
19,5885,3
19,5886,3
34,435,3
34,331,3
34,128,3
34,134,3
34,12105,3
34,15794,3
34,15795,3
34,15796,3
34,15797,3
34,15798,3
34,12545,3
34,12537,3
34,12536,3
34,12548,3
34,12538,3
34,12539,3
34,12535,3
34,12560,3
34,12542,3
34,12554,3
34,12527,3
34,12530,3
34,12529,3
34,12518,3
34,12534,3
34,15801,3
34,11651,3
34,11652,3
34,12557,3
34,12558,3
34,12556,3
34,15802,3
34,15803,3
19,7033,3
34,15804,3
34,12540,3
16,13180,3
34,74,3
34,12555,3
34,12528,3
34,12546,3
34,11653,3
34,12561,3
34,12550,3
34,12562,3
34,12552,3
34,12563,3
34,10793,3
34,12564,3
34,11655,3
34,8148,3
34,12565,3
34,12567,3
34,12553,3
34,12559,3
34,12549,3
34,12547,3
34,12551,3
34,12570,3
34,12571,3
34,12566,3
34,12572,3
34,12575,3
34,12573,3
34,12574,3
34,12576,3
34,15805,3
34,15806,3
34,15807,3
34,15808,3
16,13181,3
34,12541,3
34,12543,3
34,12544,3
34,9811,3
34,12582,3
34,12583,3
34,12577,3
34,12578,3
34,12579,3
19,5884,3
34,12580,3
34,12581,3
34,12595,3
34,12596,3
34,12597,3
34,12600,3
34,12584,3
34,12568,3
34,12569,3
34,12613,3
34,12620,3
34,12586,3
34,12587,3
34,12588,3
34,12589,3
34,12590,3
34,12591,3
34,12598,3
34,12599,3
34,12592,3
34,12593,3
34,12594,3
34,12601,3
34,12602,3
16,13182,3
34,12627,3
34,12628,3
34,12629,3
34,12585,3
34,12610,3
34,12611,3
34,12606,3
34,12612,3
34,12603,3
34,12604,3
34,12605,3
34,12607,3
19,7032,3
34,12608,3
34,12609,3
34,90,3
34,12642,3
34,12640,3
34,12643,3
34,12621,3
34,12614,3
34,12615,3
34,12618,3
34,12619,3
34,15809,3
34,9812,3
34,12616,3
34,12617,3
34,12622,3
34,12623,3
34,12624,3
34,12625,3
34,12647,3
34,12648,3
19,6614,3
34,12630,3
34,15810,3
34,12633,3
34,162,3
34,12634,3
34,12631,3
34,12632,3
34,12635,3
34,12636,3
34,12637,3
34,12638,3
34,12639,3
34,12641,3
34,85,3
19,5883,3
19,6193,3
19,5882,3
19,7031,3
19,11649,3
34,266,3
34,102,3
34,145,3
34,283,3
34,129,3
34,265,3
34,12644,3
34,12645,3
34,12646,3
34,11606,3
19,5881,3
1,10163,3
1,10164,3
1,9242,3
1,9243,3
34,131,3
34,218,3
1,9814,3
1,9816,3
1,9815,3
1,10162,3
1,10161,3
34,73,3
34,130,3
34,118,3
34,113,3
7,12472,3
7,12473,3
7,12474,3
20,578,3
20,598,3
9,2211,3
7,12475,3
20,11378,3
20,11379,3
19,6192,3
19,4325,3
1,515,3
1,488,3
19,10796,3
19,6613,3
19,7030,3
6,4117,3
20,12220,3
7,14868,3
20,607,3
20,2267,3
20,565,3
20,672,3
20,3454,3
20,7451,3
7,11649,3
20,525,3
20,742,3
7,14867,3
6,7451,3
20,533,3
7,12470,3
9,3414,3
9,6630,3
9,6629,3
9,6627,3
9,6628,3
34,1606,3
34,1775,3
10,13635,3
9,6625,3
9,6626,3
9,7313,3
20,902,3
20,564,3
20,503,3
20,568,3
20,572,3
7,467,3
2,5488,3
34,1542,3
2,7507,3
2,4561,3
9,2915,3
7,1743,3
7,4942,3
7,4943,3
20,1545,3
29,15818,3
9,3226,3
9,5276,3
34,3438,3
34,1844,3
34,8440,3
2,7508,3
2,5641,3
2,4939,3
2,5489,3
2,5642,3
2,5643,3
2,8293,3
2,5644,3
2,8294,3
2,5938,3
2,5640,3
2,5251,3
2,6709,3
2,5252,3
34,10018,3
34,3439,3
34,2628,3
34,4118,3
19,2517,3
19,1862,3
34,1605,3
19,1746,3
19,723,3
19,3412,3
19,2916,3
22,2447,3
2,5645,3
1,4928,3
1,4929,3
1,3592,3
2,5939,3
2,5253,3
19,2125,3
24,351,3
24,3538,3
24,1765,3
34,2627,3
24,242,3
24,6618,3
24,5890,3
24,5891,3
24,197,3
22,2222,3
22,2026,3
22,2287,3
19,2548,3
19,636,3
19,2277,3
24,2625,3
24,6620,3
34,1757,3
34,1604,3
24,9210,3
24,4422,3
24,304,3
24,225,3
24,231,3
24,7752,3
24,7753,3
24,735,3
24,7272,3
24,3427,3
24,5617,3
24,4423,3
24,9213,3
24,9214,3
24,3540,3
24,6621,3
24,10799,3
24,9215,3
34,4119,3
24,9216,3
24,9217,3
24,198,3
24,236,3
24,199,3
24,3539,3
24,596,3
24,595,3
24,9209,3
1,1981,3
1,5195,3
32,3983,3
32,4944,3
32,2757,3
9,11024,3
24,3541,3
24,6622,3
34,1490,3
24,9218,3
24,9219,3
24,9220,3
24,6624,3
6,11667,3
24,9211,3
24,9212,3
34,698,3
34,1716,3
34,1633,3
32,3982,3
32,3396,3
32,4562,3
32,2120,3
32,2756,3
32,4941,3
32,3050,3
22,2086,3
34,1559,3
12,538,3
12,513,3
12,514,3
34,271,3
19,10269,3
19,8650,3
19,10270,3
19,10271,3
35,1492,3
35,726,3
35,708,3
35,1424,3
34,3441,3
32,5254,3
32,4787,3
32,3597,3
32,4940,3
34,3440,3
34,5059,3
34,188,3
19,10264,3
34,3442,3
2,3190,3
35,704,3
35,709,3
35,710,3
19,7646,3
19,10267,3
19,8649,3
35,725,3
19,10265,3
19,5853,3
19,10266,3
19,9230,3
35,669,3
19,10268,3
28,84,3
2,11816,3
35,1398,3
2,11706,3
34,4374,3
34,3443,3
35,1571,3
35,707,3
2,3195,3
2,3196,3
2,3193,3
2,3194,3
2,3191,3
2,3192,3
19,9778,3
35,1330,3
28,1574,3
28,788,3
28,2549,3
19,4954,3
19,7028,3
19,7029,3
28,3426,3
28,5926,3
28,5928,3
28,3100,3
28,541,3
28,2968,3
28,2201,3
28,691,3
35,817,3
35,579,3
17,12357,3
10,1545,3
10,1506,3
10,1656,3
10,1300,3
28,1912,3
21,2430,3
21,1532,3
21,2189,3
21,2117,3
21,13685,3
21,2201,3
9,4123,3
28,804,3
28,6308,3
1,12241,3
19,6450,3
34,3444,3
10,1563,3
10,1657,3
10,1658,3
10,1989,3
10,1508,3
10,1659,3
10,1784,3
22,2049,3
10,1507,3
10,1882,3
19,6445,3
19,7027,3
10,1055,3
17,14347,3
12,7030,3
12,5881,3
12,6193,3
12,7031,3
12,5883,3
12,5882,3
12,6614,3
12,7032,3
12,6192,3
12,4325,3
12,8825,3
19,10071,3
19,4790,3
12,6613,3
12,6612,3
19,4953,3
25,581,3
5,11725,3
25,544,3
25,556,3
9,554,3
12,5884,3
12,7033,3
12,5886,3
12,7034,3
12,5885,3
9,544,3
19,8364,3
19,5501,3
19,5684,3
9,550,3
9,482,3
10,2717,3
10,8450,3
10,11042,3
10,11762,3
10,9832,3
10,3130,3
10,9183,3
10,9184,3
25,550,3
25,553,3
25,516,3
25,554,3
25,558,3
25,575,3
19,11636,3
19,8979,3
10,15786,3
19,8146,3
19,10070,3
10,15787,3
10,6064,3
10,10084,3
10,13575,3
10,13584,3
10,11043,3
10,11044,3
10,10154,3
1,15081,3
25,552,3
25,559,3
10,5623,3
10,10189,3
15,11630,3
15,11631,3
15,11632,3
15,11633,3
15,8540,3
15,5434,3
15,5435,3
15,3428,3
15,5879,3
19,2986,3
15,11628,3
15,8539,3
15,3626,3
15,11629,3
35,582,3
10,1830,3
15,10774,3
15,11624,3
9,6802,3
15,11625,3
15,14788,3
15,8533,3
15,8534,3
15,5880,3
15,11626,3
15,2773,3
15,3430,3
15,3431,3
15,8535,3
15,14790,3
15,5432,3
15,5433,3
9,8139,3
9,8144,3
9,8145,3
9,8140,3
34,3446,3
9,6799,3
24,3426,3
24,1574,3
24,5926,3
24,5928,3
18,537,3
18,531,3
15,14783,3
15,60,3
15,8531,3
15,14787,3
32,11679,3
32,11680,3
9,8138,3
9,7018,3
9,7019,3
16,7457,3
34,3447,3
9,7729,3
9,7730,3
9,9728,3
9,8528,3
9,7017,3
9,8137,3
9,8141,3
9,8142,3
9,9727,3
9,8129,3
9,7724,3
9,7725,3
9,8130,3
9,7009,3
9,7718,3
9,7719,3
9,13410,3
9,9189,3
9,11622,3
9,8132,3
9,8133,3
9,8134,3
9,8135,3
9,8136,3
32,11678,3
9,7711,3
9,6997,3
9,8526,3
9,7004,3
9,7005,3
9,7006,3
9,7007,3
9,8120,3
9,8121,3
9,8122,3
9,8123,3
9,8124,3
9,8125,3
9,8126,3
9,8127,3
9,8128,3
9,8106,3
9,8107,3
9,8108,3
16,10258,3
9,6988,3
9,8110,3
16,10260,3
16,10255,3
9,8111,3
9,8112,3
9,8113,3
9,7001,3
9,8117,3
9,8118,3
9,8116,3
9,8119,3
9,1223,3
9,6964,3
16,10259,3
9,8096,3
9,8098,3
9,8099,3
16,10256,3
9,8097,3
15,11681,3
9,6969,3
9,6970,3
9,9726,3
9,6977,3
9,8103,3
9,8104,3
9,8105,3
19,891,3
19,892,3
22,10934,3
22,13635,3
19,1620,3
19,888,3
19,1299,3
9,1466,3
9,2621,3
9,7671,3
10,2604,3
10,2608,3
9,1224,3
9,6942,3
9,2774,3
9,1279,3
24,607,3
9,7463,3
9,7464,3
7,557,3
26,600,3
26,1330,3
26,485,3
26,710,3
26,579,3
26,561,3
26,569,3
24,18,3
24,11,3
24,6,3
19,889,3
19,890,3
21,12170,3
21,12171,3
21,12172,3
24,10062,3
11,12126,3
11,12129,3
9,12246,3
9,6905,3
6,12241,3
24,699,3
0,1224,3
12,13731,3
12,13732,3
9,12243,3
19,1273,3
24,742,3
0,19,3
24,793,3
2,4051,3
2,2966,3
17,30,3
17,31,3
17,19,3
24,758,3
4,15061,3
34,189,3
24,13,3
24,97,3
34,151,3
16,11564,3
16,12243,3
16,12246,3
2,1900,3
2,2195,3
2,2196,3
2,2197,3
2,2198,3
2,2200,3
2,2199,3
3,24,3
17,9782,3
2,2194,3
2,2192,3
2,2078,3
2,5128,3
2,2432,3
2,4052,3
0,30,3
10,2077,3
10,2116,3
10,2431,3
3,6,3
3,12,3
3,26,3
3,663,3
3,721,3
3,20,3
3,27,3
3,732,3
3,25,3
3,1543,3
15,19,3
6,10506,3
2,13128,3
11,2077,3
11,2117,3
12,3407,3
11,2541,3
10,2117,3
10,2190,3
10,2651,3
10,2191,3
15,20,3
15,11,3
10,2542,3
10,2501,3
8,5691,3
10,1899,3
10,2541,3
10,2189,3
15,13,3
15,45,3
15,26,3
11,2431,3
11,2190,3
11,2651,3
11,2191,3
11,2542,3
15,32,3
11,2501,3
11,6189,3
11,118,3
8,3950,3
11,2430,3
11,2116,3
11,2189,3
2,202,3
2,287,3
2,232,3
2,73,3
2,117,3
2,121,3
2,195,3
2,163,3
2,335,3
8,2622,3
8,3102,3
15,44,3
21,713,3
20,5663,3
7,9174,3
35,1921,3
2,285,3
2,286,3
2,441,3
2,120,3
2,90,3
2,324,3
2,193,3
2,122,3
19,485,3
19,554,3
19,615,3
19,1424,3
2,123,3
2,265,3
2,266,3
2,102,3
2,437,3
2,323,3
2,108,3
2,539,3
2,214,3
2,177,3
2,94,3
2,322,3
2,421,3
2,422,3
2,209,3
2,171,3
2,272,3
2,165,3
2,162,3
2,283,3
2,334,3
2,403,3
2,420,3
2,264,3
2,156,3
2,448,3
2,449,3
2,333,3
2,387,3
2,282,3
2,281,3
2,278,3
8,5913,3
2,325,3
2,138,3
2,436,3
2,410,3
2,101,3
2,176,3
2,427,3
2,430,3
2,431,3
2,244,3
2,245,3
2,270,3
21,855,3
21,891,3
21,856,3
21,892,3
21,857,3
9,3638,3
2,273,3
2,413,3
2,79,3
2,318,3
2,372,3
2,175,3
2,173,3
2,161,3
2,342,3
2,198,3
8,9191,3
9,4047,3
9,3642,3
2,213,3
2,378,3
2,368,3
2,369,3
2,258,3
2,250,3
2,417,3
2,182,3
2,191,3
2,341,3
2,192,3
2,269,3
2,433,3
2,426,3
2,409,3
2,224,3
2,87,3
2,98,3
2,236,3
2,271,3
2,442,3
2,439,3
8,808,3
2,317,3
2,112,3
2,126,3
2,402,3
2,143,3
2,332,3
2,340,3
2,434,3
2,103,3
2,468,3
2,313,3
8,9732,3
8,8536,3
21,888,3
21,11024,3
21,982,3
21,889,3
21,890,3
2,220,3
2,190,3
2,164,3
2,411,3
2,160,3
2,339,3
2,365,3
2,268,3
2,257,3
2,262,3
2,418,3
20,8688,3
20,8689,3
20,8690,3
20,8691,3
20,8692,3
20,8693,3
20,8694,3
20,8695,3
8,5914,3
20,806,3
20,8696,3
8,8537,3
21,1479,3
21,1654,3
21,1355,3
21,1299,3
20,8684,3
20,8685,3
20,8686,3
20,8687,3
21,2546,3
2,416,3
2,189,3
2,357,3
2,367,3
2,331,3
2,115,3
2,111,3
2,355,3
2,95,3
2,432,3
8,809,3
2,146,3
2,277,3
2,208,3
19,9811,3
2,179,3
2,201,3
2,137,3
2,261,3
2,197,3
2,243,3
2,348,3
2,345,3
2,337,3
2,92,3
19,9812,3
20,8683,3
2,136,3
2,229,3
2,158,3
2,290,3
8,5915,3
8,8538,3
2,391,3
2,408,3
2,349,3
2,110,3
2,84,3
2,353,3
2,455,3
2,148,3
2,100,3
2,97,3
2,366,3
2,183,3
2,312,3
2,204,3
2,205,3
2,155,3
2,314,3
2,157,3
2,159,3
2,330,3
2,319,3
2,228,3
2,298,3
2,299,3
2,207,3
2,194,3
24,9233,3
24,9234,3
24,10880,3
24,8304,3
24,15041,3
24,15042,3
24,15043,3
24,10503,3
24,11562,3
19,1694,3
24,9232,3
24,474,3
19,3095,3
2,384,3
2,222,3
2,321,3
24,11697,3
24,13136,3
24,10130,3
24,10129,3
24,14866,3
2,212,3
2,276,3
2,297,3
2,401,3
2,260,3
2,375,3
2,116,3
2,320,3
2,82,3
2,187,3
2,105,3
2,135,3
2,186,3
2,149,3
2,170,3
2,168,3
2,404,3
2,446,3
2,242,3
2,362,3
2,188,3
21,863,3
21,798,3
24,10881,3
24,2436,3
24,11563,3
24,11696,3
2,429,3
19,4032,3
15,673,3
15,8683,3
21,1620,3
21,854,3
21,815,3
21,1889,3
2,396,3
2,383,3
2,235,3
2,451,3
2,419,3
2,398,3
2,344,3
2,80,3
2,178,3
9,6693,3
15,689,3
2,109,3
2,256,3
2,133,3
2,147,3
2,169,3
2,221,3
2,226,3
2,139,3
2,300,3
2,106,3
2,424,3
2,150,3
2,336,3
2,211,3
2,114,3
2,259,3
2,142,3
2,397,3
2,302,3
2,307,3
2,377,3
2,96,3
2,280,3
2,274,3
2,238,3
2,125,3
2,296,3
2,132,3
2,327,3
15,8689,3
9,7844,3
2,141,3
19,3983,3
20,470,3
20,471,3
9,2267,3
21,2276,3
21,1904,3
9,5636,3
15,8684,3
15,8685,3
15,8686,3
15,8687,3
2,292,3
2,440,3
15,8690,3
15,8691,3
15,8692,3
15,8693,3
15,8694,3
2,388,3
2,373,3
2,374,3
2,83,3
2,326,3
2,309,3
2,295,3
2,301,3
2,359,3
2,351,3
15,8688,3
2,370,3
2,140,3
2,371,3
19,3982,3
2,423,3
2,454,3
2,279,3
2,358,3
2,75,3
2,376,3
2,89,3
2,343,3
2,76,3
2,86,3
2,91,3
9,5228,3
9,6688,3
23,6823,3
21,1919,3
21,2209,3
19,3205,3
21,1660,3
2,288,3
2,67,3
2,382,3
9,6689,3
9,6690,3
9,6691,3
9,6692,3
2,154,3
2,252,3
2,104,3
20,1744,3
29,5644,3
29,5645,3
29,13617,3
29,5643,3
29,5489,3
29,13731,3
29,3204,3
29,5642,3
29,13732,3
9,5635,3
15,8695,3
15,806,3
15,8696,3
9,6686,3
9,6687,3
9,6682,3
9,6683,3
20,508,3
20,509,3
22,131,3
22,237,3
30,15880,3
29,5488,3
29,5640,3
20,538,3
9,6684,3
9,6685,3
29,5641,3
29,1698,3
29,5252,3
21,3068,3
22,118,3
22,113,3
22,163,3
21,2122,3
22,335,3
22,85,3
20,532,3
20,530,3
22,128,3
22,134,3
22,174,3
22,265,3
22,266,3
22,129,3
22,102,3
22,145,3
22,346,3
22,78,3
22,283,3
22,127,3
22,94,3
22,119,3
22,350,3
22,387,3
22,323,3
22,425,3
22,322,3
22,247,3
20,495,3
20,510,3
22,73,3
22,130,3
22,334,3
22,318,3
22,372,3
22,462,3
21,1942,3
22,282,3
22,177,3
22,161,3
22,409,3
22,410,3
22,310,3
22,342,3
22,385,3
22,386,3
22,324,3
22,325,3
22,182,3
20,555,3
22,112,3
22,246,3
22,407,3
22,333,3
22,317,3
22,176,3
22,263,3
22,356,3
22,434,3
22,191,3
22,192,3
22,368,3
22,369,3
22,392,3
28,13790,3
28,13791,3
28,13792,3
28,13793,3
19,572,3
19,568,3
22,175,3
22,173,3
22,281,3
22,278,3
22,87,3
22,164,3
21,2123,3
22,160,3
22,284,3
22,88,3
9,10229,3
9,10230,3
9,10231,3
9,10232,3
28,10247,3
28,13794,3
28,13795,3
28,13796,3
28,13797,3
28,13798,3
28,13799,3
28,13800,3
28,13801,3
19,9911,3
19,9970,3
22,10247,3
9,10241,3
9,10242,3
9,10233,3
22,430,3
22,431,3
22,400,3
22,137,3
22,305,3
22,411,3
22,313,3
9,4779,3
28,13802,3
28,13803,3
28,13804,3
28,13805,3
28,13806,3
9,10244,3
9,10245,3
9,10246,3
33,13790,3
33,13791,3
22,220,3
22,95,3
22,190,3
22,224,3
9,10234,3
9,10235,3
9,10236,3
9,10237,3
9,10238,3
9,10239,3
9,10240,3
33,13802,3
33,13803,3
33,13804,3
33,13805,3
33,13806,3
33,13792,3
33,13793,3
33,10247,3
33,13794,3
33,13795,3
33,13796,3
33,13797,3
33,13798,3
33,13799,3
9,10243,3
19,564,3
19,619,3
9,13811,3
9,13812,3
9,13813,3
9,13814,3
9,13815,3
9,13816,3
9,13817,3
19,746,3
9,13807,3
9,13808,3
9,13809,3
9,13810,3
19,565,3
33,13800,3
33,13801,3
24,13814,3
24,13815,3
24,13816,3
24,13817,3
9,13818,3
9,13819,3
9,13820,3
9,13821,3
24,13807,3
24,13808,3
24,13809,3
24,13810,3
9,10131,3
12,6707,3
12,6708,3
9,570,3
9,6677,3
24,13818,3
24,13819,3
24,13820,3
24,13821,3
16,307,3
16,2969,3
16,2743,3
16,2202,3
9,6678,3
9,6679,3
9,6680,3
9,6681,3
24,13811,3
24,13812,3
24,13813,3
6,12150,3
9,10133,3
16,2653,3
22,157,3
22,159,3
22,444,3
22,148,3
22,349,3
22,316,3
22,366,3
22,380,3
22,167,3
28,24,3
12,6706,3
28,34,3
9,6304,3
6,12134,3
6,14799,3
6,12135,3
6,14828,3
6,14829,3
6,14830,3
6,14802,3
6,12136,3
6,14798,3
6,14797,3
6,14804,3
6,14793,3
28,18,3
6,14795,3
6,14794,3
6,14796,3
6,14808,3
6,14805,3
6,14806,3
6,14807,3
6,10070,3
6,12155,3
6,14827,3
6,14832,3
6,14833,3
6,14803,3
6,14800,3
6,12139,3
6,12140,3
6,14801,3
6,12141,3
6,12138,3
16,384,3
16,319,3
16,2204,3
16,2205,3
6,14811,3
6,12146,3
6,12144,3
6,12142,3
6,11636,3
6,8979,3
6,14812,3
28,20,3
28,21,3
6,12137,3
6,8364,3
6,14147,3
6,14826,3
38,3206,3
6,14813,3
6,12149,3
6,1700,3
6,14816,3
22,389,3
22,384,3
22,399,3
22,236,3
22,319,3
16,2652,3
16,2203,3
16,4432,3
16,2701,3
16,183,3
16,153,3
16,2206,3
16,2655,3
9,6676,3
6,12147,3
6,14814,3
6,12145,3
6,10071,3
6,14815,3
6,12148,3
6,12143,3
6,12151,3
6,12152,3
6,14823,3
6,14810,3
6,14809,3
6,14825,3
6,12154,3
6,14824,3
6,14831,3
6,12157,3
6,12158,3
19,10506,3
16,317,3
19,525,3
19,699,3
19,607,3
16,181,3
16,2654,3
16,318,3
16,372,3
16,387,3
28,31,3
6,14837,3
6,14838,3
6,14840,3
6,12160,3
6,14152,3
24,1691,3
24,1603,3
24,1740,3
30,4456,3
30,3652,3
6,14844,3
6,14822,3
6,14817,3
6,14821,3
6,12153,3
6,12161,3
6,14850,3
6,14851,3
6,14852,3
6,14853,3
6,14854,3
6,12162,3
6,14855,3
6,12159,3
6,14839,3
6,14841,3
6,14842,3
6,14834,3
6,14835,3
6,14836,3
28,22,3
6,14861,3
6,14862,3
6,14863,3
6,14864,3
6,14865,3
9,13339,3
9,13340,3
9,13341,3
9,13342,3
9,13343,3
6,14845,3
6,14843,3
6,14846,3
6,14847,3
6,14849,3
6,14848,3
22,408,3
22,354,3
9,13357,3
9,13358,3
19,13339,3
9,13344,3
9,13345,3
9,13346,3
9,13347,3
9,13348,3
9,13349,3
6,14856,3
6,14859,3
6,14857,3
6,14858,3
6,14860,3
9,13351,3
9,13352,3
9,13353,3
9,13354,3
9,13355,3
9,13356,3
30,5143,3
30,5140,3
19,528,3
22,320,3
22,429,3
22,357,3
22,367,3
22,352,3
22,223,3
22,391,3
30,4243,3
30,4457,3
30,5145,3
30,5142,3
30,5141,3
19,13356,3
19,13357,3
19,13340,3
19,13341,3
19,13342,3
19,13343,3
19,13344,3
19,13345,3
19,13346,3
19,13347,3
9,13350,3
19,13349,3
19,13350,3
19,13351,3
19,13352,3
19,13353,3
19,13354,3
19,13355,3
22,348,3
22,481,3
22,339,3
22,394,3
22,308,3
22,330,3
19,2487,3
30,3653,3
30,4459,3
9,6302,3
19,13358,3
30,5144,3
30,4458,3
30,6298,3
30,5148,3
30,4461,3
30,4465,3
19,578,3
30,5147,3
30,3654,3
30,4774,3
30,4466,3
30,4475,3
30,4463,3
19,13348,3
30,2845,3
30,5146,3
30,4460,3
30,3588,3
30,3655,3
30,4462,3
30,4454,3
30,3198,3
30,4474,3
30,6668,3
30,5150,3
30,3587,3
30,3968,3
9,6673,3
9,6674,3
9,6675,3
22,337,3
22,277,3
22,571,3
22,92,3
22,396,3
22,467,3
22,170,3
22,404,3
9,6671,3
9,6672,3
30,4476,3
30,3969,3
30,5157,3
30,3667,3
19,533,3
30,3665,3
22,110,3
22,149,3
22,329,3
22,315,3
22,147,3
22,111,3
22,198,3
22,258,3
22,250,3
22,194,3
22,155,3
22,168,3
22,383,3
22,304,3
22,321,3
22,345,3
22,299,3
22,275,3
21,1702,3
22,344,3
22,135,3
22,105,3
22,297,3
22,136,3
22,472,3
22,416,3
22,211,3
22,302,3
22,239,3
22,398,3
22,362,3
22,314,3
9,5633,3
22,228,3
22,229,3
22,242,3
22,377,3
22,464,3
22,106,3
22,107,3
9,5195,3
9,6300,3
9,8261,3
22,395,3
22,230,3
22,364,3
22,361,3
22,298,3
21,2124,3
22,373,3
22,374,3
22,183,3
22,268,3
22,257,3
22,262,3
22,327,3
22,328,3
22,309,3
22,312,3
22,255,3
22,363,3
22,355,3
9,5632,3
9,6299,3
22,241,3
22,204,3
22,205,3
22,307,3
22,390,3
22,295,3
22,114,3
22,139,3
22,186,3
9,7843,3
22,393,3
22,388,3
22,151,3
22,289,3
21,2210,3
21,1828,3
22,142,3
22,178,3
22,292,3
22,200,3
22,259,3
22,303,3
22,196,3
22,294,3
22,44,3
9,6669,3
22,207,3
22,221,3
22,235,3
22,187,3
22,172,3
22,169,3
22,351,3
22,248,3
22,253,3
22,296,3
22,423,3
22,359,3
22,306,3
22,141,3
9,9242,3
9,9243,3
22,397,3
22,274,3
22,226,3
22,256,3
22,132,3
22,96,3
30,3662,3
30,4776,3
9,7840,3
17,1775,3
15,14236,3
15,7644,3
15,9631,3
15,9165,3
9,5176,3
9,5466,3
19,1993,3
19,9183,3
19,9184,3
19,2211,3
22,219,3
22,347,3
30,4469,3
22,3881,3
15,9166,3
17,526,3
30,5158,3
30,3970,3
30,5154,3
30,5155,3
30,4773,3
30,3668,3
30,4925,3
30,5156,3
30,3389,3
30,3390,3
30,4247,3
30,5166,3
30,4483,3
30,4313,3
30,5172,3
30,3658,3
30,8260,3
30,5149,3
30,2503,3
30,3656,3
30,4314,3
30,3589,3
30,4464,3
30,5153,3
30,5152,3
30,4468,3
30,5151,3
30,3663,3
0,4711,3
0,515,3
0,4712,3
0,4719,3
0,2426,3
0,2483,3
0,2484,3
30,4246,3
30,3661,3
30,3664,3
31,6913,3
30,4775,3
30,4059,3
30,4467,3
30,4244,3
30,3678,3
0,4716,3
0,4717,3
0,4718,3
0,539,3
0,2423,3
0,4720,3
0,4721,3
0,2485,3
0,4722,3
0,2486,3
0,4723,3
0,4724,3
0,4725,3
0,4708,3
0,4709,3
0,4710,3
0,2411,3
0,2412,3
0,2413,3
0,4706,3
0,4707,3
0,2424,3
0,545,3
0,2416,3
0,2417,3
0,2418,3
0,2419,3
0,2420,3
0,4713,3
0,4714,3
0,4715,3
0,2425,3
0,2408,3
0,829,3
0,2409,3
0,2410,3
0,2478,3
9,5156,3
0,2421,3
0,2422,3
0,2250,3
0,2481,3
0,2482,3
0,4702,3
0,4703,3
0,4704,3
0,4705,3
0,2249,3
0,4701,3
0,4699,3
0,2396,3
0,2397,3
0,2398,3
0,2399,3
0,2400,3
0,2181,3
0,2414,3
0,2415,3
0,2479,3
0,2480,3
0,2405,3
0,2406,3
0,2248,3
0,2407,3
0,4697,3
0,4014,3
0,4698,3
0,2401,3
0,2402,3
0,2403,3
0,2404,3
0,2393,3
0,2246,3
0,2394,3
0,2395,3
0,2247,3
0,2475,3
0,2476,3
0,2477,3
0,4700,3
0,4111,3
0,2374,3
0,2375,3
0,2376,3
0,2786,3
0,2387,3
0,2388,3
0,2389,3
0,2390,3
0,2391,3
0,2392,3
12,14096,3
9,6668,3
9,8260,3
0,507,3
0,4696,3
0,2377,3
0,2378,3
0,2245,3
0,2379,3
0,2380,3
0,2381,3
0,2382,3
0,2383,3
0,2474,3
0,1521,3
0,2384,3
0,4691,3
0,5061,3
0,4692,3
0,2385,3
0,2386,3
0,4686,3
0,4687,3
0,4688,3
0,4689,3
0,4690,3
0,4693,3
0,3628,3
0,4694,3
0,4695,3
0,2368,3
0,2369,3
0,2370,3
0,2371,3
0,2372,3
0,2373,3
9,4459,3
0,2244,3
0,2471,3
0,2472,3
0,2366,3
0,2367,3
0,2473,3
0,2243,3
0,2359,3
0,2360,3
0,842,3
0,2361,3
0,2362,3
0,2532,3
0,2363,3
0,527,3
0,4685,3
0,2356,3
0,2357,3
0,2358,3
0,2531,3
0,4676,3
0,4677,3
0,4678,3
0,4679,3
0,4680,3
0,4681,3
0,4682,3
0,4683,3
0,5549,3
28,38,3
0,2364,3
0,2365,3
0,2347,3
0,2348,3
0,2349,3
0,2350,3
0,2590,3
0,4675,3
0,546,3
0,4684,3
0,547,3
0,4670,3
0,4671,3
0,4672,3
0,4673,3
0,4674,3
4,5549,3
0,2355,3
0,4667,3
0,4668,3
0,3882,3
0,4669,3
15,10154,3
15,2671,3
12,14092,3
0,2351,3
0,866,3
0,2352,3
0,2353,3
0,2354,3
0,2242,3
0,584,3
0,6911,3
0,2240,3
0,4661,3
0,4662,3
0,1477,3
0,4663,3
0,4664,3
0,4665,3
0,2342,3
0,2343,3
0,2344,3
0,723,3
0,731,3
0,1520,3
0,1487,3
0,2345,3
0,2346,3
0,3627,3
0,2335,3
0,2336,3
0,715,3
0,2337,3
0,2338,3
0,2339,3
0,2340,3
0,2341,3
0,722,3
0,2331,3
0,2332,3
0,893,3
0,2333,3
0,2238,3
0,2239,3
0,4666,3
30,3660,3
30,5165,3
30,4245,3
0,2180,3
0,1764,3
0,2070,3
0,4657,3
0,4658,3
0,4659,3
0,4660,3
0,6910,3
0,577,3
0,4654,3
0,4655,3
0,4656,3
0,2334,3
17,566,3
30,4471,3
30,5174,3
30,5159,3
30,5160,3
30,4920,3
30,3669,3
30,4487,3
30,3675,3
22,454,3
15,2960,3
15,4423,3
15,4064,3
30,3666,3
30,3973,3
30,3659,3
19,8306,3
19,9318,3
17,4660,3
17,6910,3
17,722,3
17,577,3
17,4654,3
24,486,3
24,3644,3
24,1631,3
24,1632,3
24,1599,3
24,14362,3
24,14363,3
24,1700,3
24,6919,3
17,4655,3
17,4387,3
17,4656,3
30,4470,3
30,5163,3
30,4312,3
30,4477,3
30,5161,3
30,5162,3
30,3971,3
30,3657,3
30,5182,3
30,5184,3
15,4454,3
15,11723,3
15,4455,3
22,12370,3
22,12371,3
22,12372,3
22,12373,3
22,10637,3
22,12374,3
30,5164,3
30,4486,3
19,7872,3
19,11605,3
19,8297,3
19,8947,3
19,11604,3
19,9297,3
19,8951,3
19,8953,3
6,2739,3
6,3031,3
6,2115,3
6,4417,3
6,2650,3
6,2824,3
6,1343,3
22,14360,3
22,12367,3
6,1344,3
6,2429,3
15,13410,3
15,9241,3
15,10142,3
15,7453,3
22,12369,3
17,4662,3
17,1477,3
6,3947,3
12,12028,3
17,4657,3
17,4658,3
17,4659,3
22,12368,3
30,4472,3
30,5466,3
30,5170,3
30,5178,3
30,4481,3
30,3682,3
30,3683,3
30,4485,3
17,3627,3
17,4663,3
17,4667,3
17,4668,3
17,3882,3
17,4669,3
30,5176,3
30,5180,3
30,11770,3
30,3672,3
30,3673,3
30,5169,3
22,903,3
22,11602,3
22,14124,3
17,4661,3
17,2590,3
17,4675,3
17,4676,3
17,4677,3
17,4678,3
17,4679,3
17,546,3
17,5549,3
17,4684,3
17,6911,3
17,4671,3
17,4672,3
17,4664,3
17,4388,3
17,4665,3
17,4666,3
17,4111,3
17,4688,3
17,4689,3
20,545,3
17,4680,3
17,4681,3
17,4682,3
17,4683,3
17,527,3
17,4685,3
17,4686,3
17,4687,3
17,547,3
17,4670,3
17,4673,3
17,4674,3
22,5915,3
22,7450,3
20,11380,3
20,539,3
17,4696,3
17,4697,3
17,4014,3
17,4698,3
17,2786,3
17,4690,3
17,4691,3
17,5061,3
17,4692,3
14,13398,3
17,4694,3
17,4695,3
8,12363,3
17,4706,3
17,4707,3
17,4708,3
17,4693,3
17,3628,3
17,4699,3
17,4701,3
17,4702,3
12,11250,3
12,12015,3
22,7448,3
22,7449,3
22,5914,3
22,808,3
22,809,3
22,5629,3
22,7447,3
22,2562,3
17,4709,3
17,4710,3
17,4711,3
17,4700,3
8,11599,3
8,12361,3
8,12362,3
22,6649,3
22,5917,3
22,6296,3
17,4703,3
17,4704,3
17,4705,3
28,5917,3
22,5628,3
22,6648,3
17,4716,3
17,4717,3
17,4718,3
17,4719,3
17,4720,3
17,4721,3
8,11600,3
30,4473,3
22,3950,3
22,5916,3
22,486,3
22,7446,3
22,5913,3
30,3670,3
30,4316,3
30,4479,3
30,4480,3
30,1981,3
30,4478,3
30,7840,3
30,5168,3
30,5167,3
30,3674,3
0,9175,3
8,12358,3
28,15034,3
28,13398,3
28,5629,3
28,2562,3
17,515,3
17,4712,3
17,4713,3
17,4714,3
17,4715,3
0,1858,3
0,5112,3
0,12354,3
0,14340,3
0,14341,3
0,14343,3
12,12008,3
9,2919,3
9,2920,3
30,611,3
30,4482,3
32,9913,3
32,14263,3
32,14265,3
32,14266,3
32,14267,3
32,5680,3
32,14262,3
0,4274,3
0,6917,3
17,4722,3
17,4723,3
17,4724,3
17,4725,3
0,14345,3
0,14346,3
0,12357,3
32,4124,3
32,14274,3
32,6714,3
32,7572,3
32,5678,3
32,14271,3
32,9956,3
32,8304,3
27,313,3
27,220,3
32,9354,3
32,14269,3
32,10311,3
32,9924,3
32,9944,3
32,6711,3
22,280,3
22,180,3
22,370,3
22,124,3
22,185,3
10,805,3
22,279,3
22,254,3
22,326,3
9,7649,3
22,197,3
22,379,3
22,288,3
32,14272,3
32,14273,3
6,14287,3
22,371,3
22,358,3
20,10132,3
20,11701,3
22,76,3
10,556,3
22,252,3
22,86,3
22,343,3
22,104,3
22,154,3
22,215,3
9,6887,3
22,140,3
22,293,3
22,89,3
10,550,3
9,6193,3
9,7031,3
9,5883,3
9,4653,3
22,203,3
21,7028,3
21,7029,3
10,626,3
9,5886,3
9,7034,3
9,4342,3
9,4343,3
9,3606,3
9,3121,3
22,311,3
9,6614,3
9,7032,3
9,5884,3
9,7033,3
9,6613,3
9,6612,3
9,7030,3
9,5885,3
21,8146,3
21,10070,3
21,1375,3
21,10071,3
21,1700,3
21,7027,3
21,1898,3
10,581,3
34,9988,3
22,707,3
22,579,3
10,553,3
22,726,3
22,708,3
9,6192,3
9,4325,3
9,8825,3
22,1330,3
22,704,3
22,710,3
22,725,3
9,2918,3
9,5881,3
9,5882,3
34,11367,3
34,10362,3
34,11372,3
34,9982,3
34,11373,3
34,11374,3
34,10367,3
34,11375,3
1,15080,3
7,1221,3
7,1277,3
34,11377,3
34,10372,3
34,10371,3
34,10373,3
10,570,3
34,11364,3
34,12351,3
34,10356,3
34,10353,3
34,8313,3
34,10364,3
34,10365,3
34,11376,3
34,9983,3
34,8314,3
34,10368,3
34,9984,3
34,10369,3
34,10370,3
34,9985,3
34,9987,3
6,526,3
6,534,3
0,12215,3
0,12216,3
0,4964,3
0,5288,3
0,5289,3
0,1515,3
34,11368,3
34,9327,3
34,11369,3
34,9978,3
34,9979,3
34,9980,3
34,11370,3
34,11371,3
34,10359,3
34,10357,3
34,10358,3
34,11366,3
34,8964,3
34,11361,3
34,11362,3
34,8312,3
34,10360,3
34,10361,3
34,11365,3
34,10352,3
34,11363,3
34,11348,3
0,1332,3
0,1277,3
0,1516,3
0,1376,3
0,1217,3
0,1897,3
0,1541,3
0,6462,3
0,1399,3
12,14079,3
0,835,3
0,1221,3
0,1445,3
0,1540,3
0,6011,3
0,3624,3
0,1141,3
0,1047,3
34,11360,3
34,10351,3
30,6669,3
30,7841,3
0,1555,3
0,1401,3
0,793,3
0,742,3
0,3128,3
0,1443,3
0,919,3
0,1225,3
0,4813,3
0,1328,3
0,1220,3
0,1519,3
0,3625,3
0,1527,3
0,4574,3
0,1331,3
0,1046,3
34,11349,3
34,11350,3
34,11351,3
34,11352,3
34,10346,3
34,11354,3
34,11355,3
34,11356,3
34,11357,3
34,11358,3
34,11359,3
0,1449,3
0,1590,3
0,1572,3
0,1573,3
0,1833,3
0,1359,3
0,1444,3
0,1585,3
0,1434,3
0,4273,3
0,1628,3
0,1280,3
0,1333,3
0,1137,3
0,1377,3
0,4009,3
0,1281,3
0,1140,3
0,1484,3
0,1358,3
0,1283,3
0,1336,3
0,1587,3
0,1588,3
0,1556,3
0,6463,3
0,6012,3
0,6013,3
0,1400,3
0,1378,3
0,1446,3
0,1581,3
12,11988,3
30,3676,3
30,5175,3
30,5171,3
30,5177,3
30,5138,3
30,5179,3
30,4455,3
30,4065,3
30,5191,3
30,3671,3
34,12101,3
34,12102,3
0,743,3
0,6456,3
0,6457,3
0,1380,3
0,1381,3
0,1138,3
0,4965,3
0,1454,3
0,1044,3
0,1275,3
0,1403,3
0,1586,3
0,1142,3
0,1274,3
0,1276,3
0,1447,3
0,1404,3
0,1448,3
12,8946,3
0,6019,3
0,6020,3
0,6021,3
0,4814,3
0,6022,3
0,1589,3
0,1402,3
0,1450,3
0,2668,3
0,1583,3
0,735,3
0,1379,3
0,1226,3
0,1227,3
0,1351,3
0,1335,3
0,6464,3
0,1405,3
0,1228,3
0,6014,3
0,6015,3
0,9353,3
0,6016,3
34,11353,3
34,10354,3
34,10355,3
34,10350,3
34,10344,3
34,10338,3
34,10340,3
0,6017,3
0,6018,3
34,10348,3
0,1144,3
0,4966,3
0,6026,3
0,1049,3
0,1406,3
0,1366,3
0,1042,3
0,1282,3
0,1048,3
0,1218,3
0,1334,3
0,1139,3
0,1229,3
0,1353,3
0,1514,3
0,1467,3
0,1407,3
0,1408,3
0,6023,3
0,6024,3
0,6025,3
34,10341,3
34,10342,3
34,11345,3
34,11347,3
34,10333,3
34,10334,3
34,11343,3
34,8307,3
34,8308,3
34,10339,3
0,1569,3
0,1630,3
0,3432,3
0,1584,3
0,1570,3
0,1472,3
0,1285,3
0,1517,3
0,2073,3
0,2183,3
0,2184,3
0,1451,3
0,1337,3
0,1468,3
0,1409,3
0,1365,3
0,1597,3
0,1598,3
0,4967,3
0,6465,3
0,5693,3
0,6027,3
0,10440,3
0,6028,3
0,1352,3
0,1329,3
0,1143,3
0,1230,3
0,1410,3
0,1469,3
0,1470,3
0,1452,3
0,1284,3
0,1219,3
0,1286,3
0,1463,3
0,1216,3
0,503,3
0,1360,3
0,1453,3
0,6029,3
0,4968,3
0,1455,3
0,1382,3
0,1231,3
0,1471,3
0,4010,3
0,1411,3
0,6030,3
0,5694,3
0,10441,3
0,1232,3
0,1050,3
0,972,3
0,746,3
0,1383,3
0,1414,3
0,1594,3
0,1233,3
0,2104,3
0,1715,3
0,1592,3
0,1593,3
0,2069,3
34,11332,3
0,1413,3
0,1412,3
0,1145,3
0,1361,3
0,1278,3
0,1420,3
0,1421,3
0,6031,3
0,1289,3
0,1435,3
0,1287,3
0,6032,3
0,4970,3
0,6033,3
0,4969,3
0,1596,3
0,1288,3
0,1290,3
0,1582,3
0,4971,3
0,4972,3
34,10349,3
34,10345,3
34,10335,3
34,9961,3
34,11340,3
34,10336,3
34,11342,3
34,10330,3
34,10331,3
34,10332,3
0,6466,3
0,1743,3
0,3600,3
0,1348,3
0,1552,3
0,1045,3
0,1415,3
0,1367,3
0,1416,3
0,1417,3
0,6034,3
0,6035,3
0,6036,3
0,6037,3
0,6038,3
0,1595,3
0,1419,3
0,1787,3
0,1043,3
0,12217,3
0,2252,3
0,2253,3
0,6467,3
0,6039,3
0,1291,3
0,6040,3
0,4113,3
0,4114,3
0,4115,3
0,1557,3
0,6041,3
0,1292,3
0,6045,3
0,1362,3
0,1436,3
0,1437,3
0,1438,3
0,1439,3
0,1440,3
0,6046,3
0,4973,3
0,6042,3
0,1293,3
0,1294,3
0,1222,3
0,1146,3
0,1464,3
0,1418,3
34,11338,3
34,10328,3
34,8305,3
34,9956,3
34,8304,3
0,6050,3
0,2330,3
0,1770,3
0,1384,3
0,6468,3
0,6043,3
0,6469,3
0,6470,3
0,1234,3
0,6044,3
0,4974,3
0,2718,3
0,2719,3
0,1473,3
0,1235,3
0,1422,3
0,4575,3
0,6049,3
34,11335,3
34,11327,3
34,10326,3
34,11337,3
34,9946,3
34,11339,3
34,4268,3
34,9958,3
34,11336,3
0,1051,3
0,4975,3
0,5290,3
0,4976,3
0,6471,3
0,1236,3
0,1423,3
0,1474,3
0,1465,3
0,2773,3
0,6472,3
0,6473,3
0,1147,3
0,6047,3
0,1368,3
0,6048,3
0,1553,3
0,1475,3
0,6053,3
0,6054,3
0,1385,3
0,4576,3
0,1772,3
34,9954,3
34,10309,3
34,10323,3
34,10324,3
34,11328,3
0,1363,3
0,5291,3
0,1441,3
0,974,3
0,975,3
0,1386,3
0,1387,3
0,1388,3
0,1295,3
0,1148,3
0,1390,3
0,976,3
0,1389,3
0,1392,3
0,1393,3
0,6051,3
0,6052,3
0,4977,3
0,1237,3
0,1238,3
0,1396,3
0,1150,3
0,1149,3
0,1773,3
0,1476,3
34,11330,3
34,10320,3
34,11331,3
34,11326,3
34,9945,3
34,11315,3
34,10318,3
12,11986,3
12,11987,3
0,4791,3
0,6055,3
0,979,3
0,980,3
0,1394,3
34,11333,3
34,10322,3
34,11329,3
34,11316,3
34,12093,3
34,9296,3
34,11318,3
34,11324,3
34,11320,3
34,11323,3
0,1350,3
0,1395,3
0,1369,3
34,11317,3
34,11319,3
34,11321,3
34,10308,3
34,10313,3
34,10311,3
34,11322,3
34,11304,3
34,11306,3
0,1297,3
17,3215,3
17,13375,3
0,977,3
0,978,3
0,1391,3
0,1349,3
34,11301,3
34,10290,3
34,11307,3
34,10299,3
34,11309,3
34,10303,3
34,11308,3
34,9924,3
34,10302,3
34,10301,3
34,11310,3
34,11311,3
34,11312,3
34,10297,3
0,1397,3
0,1296,3
30,4248,3
30,3974,3
30,3975,3
30,5190,3
30,3976,3
30,4489,3
34,12091,3
34,11313,3
34,11314,3
34,11303,3
34,9917,3
34,10293,3
34,10296,3
34,11305,3
34,8949,3
34,10288,3
30,5185,3
30,4493,3
30,4497,3
30,5632,3
30,4249,3
30,4250,3
30,4251,3
10,554,3
17,568,3
34,11300,3
34,10291,3
34,9913,3
34,8948,3
34,9915,3
34,11302,3
34,10292,3
10,559,3
9,2959,3
10,575,3
9,3498,3
9,4295,3
9,3505,3
9,3936,3
10,558,3
10,896,3
9,8483,3
34,11299,3
34,10286,3
17,9175,3
17,7657,3
17,12347,3
30,3677,3
30,4490,3
30,5181,3
30,3680,3
30,4496,3
30,4484,3
30,4252,3
30,11052,3
30,4488,3
30,5186,3
30,5187,3
30,5173,3
12,11953,3
9,3490,3
9,3491,3
9,3492,3
10,552,3
30,7843,3
30,2658,3
30,4253,3
30,5189,3
30,4315,3
30,5631,3
30,7458,3
30,3684,3
30,5183,3
30,11053,3
30,4494,3
30,4495,3
30,4491,3
30,7842,3
30,6670,3
30,5193,3
30,3687,3
30,3679,3
30,5188,3
30,4492,3
30,6299,3
30,4499,3
30,4254,3
30,4777,3
30,3592,3
30,5192,3
30,3686,3
30,3685,3
30,3391,3
30,3681,3
30,5194,3
30,4498,3
30,3199,3
31,726,3
30,3651,3
30,6300,3
30,6671,3
30,8261,3
30,5633,3
30,3688,3
30,3689,3
30,4500,3
30,5200,3
30,5198,3
30,5201,3
30,4501,3
1,722,3
31,708,3
30,4502,3
30,4503,3
30,4504,3
30,4505,3
30,7459,3
30,7460,3
30,3691,3
30,5634,3
30,5197,3
30,5199,3
30,4061,3
30,4066,3
30,5196,3
30,4506,3
30,4507,3
1,1915,3
30,4921,3
30,4060,3
30,5202,3
30,6672,3
30,6302,3
30,4064,3
30,4255,3
30,4256,3
30,4257,3
30,4258,3
31,1424,3
1,1916,3
1,1917,3
19,8948,3
19,3111,3
1,3408,3
30,6674,3
30,6675,3
30,5204,3
30,3692,3
30,5205,3
30,4508,3
30,4509,3
30,4510,3
30,3693,3
19,8302,3
19,5490,3
19,7875,3
19,7876,3
30,3591,3
30,3593,3
30,3392,3
30,3694,3
30,6303,3
30,3590,3
30,5206,3
30,5207,3
30,6676,3
30,6304,3
30,6677,3
30,6679,3
30,6680,3
30,6681,3
30,4513,3
19,7873,3
30,5203,3
30,3690,3
30,6673,3
30,6678,3
30,5208,3
30,3695,3
30,4516,3
30,4517,3
30,5217,3
30,5214,3
30,5215,3
30,4926,3
30,5216,3
30,4927,3
30,4778,3
9,1492,3
9,1424,3
30,1698,3
30,4317,3
31,1492,3
30,5210,3
30,5211,3
30,5212,3
30,5213,3
30,4511,3
30,4309,3
30,4518,3
30,4519,3
30,4779,3
30,4062,3
30,4063,3
5,579,3
31,669,3
30,4514,3
30,4515,3
30,3696,3
30,3697,3
30,3393,3
30,4520,3
30,6684,3
30,6685,3
30,4259,3
30,4260,3
30,6682,3
30,6683,3
30,5220,3
30,5221,3
30,11726,3
30,11727,3
30,4521,3
30,5209,3
30,5219,3
30,4928,3
31,725,3
30,5222,3
30,3394,3
30,6686,3
30,6689,3
30,6690,3
30,5635,3
30,4261,3
30,6687,3
30,6688,3
30,5224,3
30,4522,3
30,4523,3
5,14,3
30,4781,3
30,3698,3
30,4929,3
30,4782,3
30,6691,3
30,6692,3
30,4262,3
30,5226,3
30,456,3
30,4310,3
30,3699,3
30,4524,3
30,4525,3
5,728,3
5,707,3
30,5218,3
30,4783,3
30,4527,3
30,5467,3
30,5230,3
30,5231,3
30,7844,3
30,5229,3
30,4528,3
30,5235,3
30,5236,3
30,4930,3
30,5233,3
12,14052,3
30,5225,3
30,5223,3
30,4780,3
30,5636,3
30,4529,3
30,4204,3
30,4530,3
30,5237,3
30,5238,3
30,4263,3
30,4531,3
30,6693,3
30,4532,3
30,5239,3
30,4264,3
31,704,3
30,4526,3
30,5228,3
30,5227,3
9,5130,3
31,755,3
31,707,3
31,678,3
30,4265,3
30,5240,3
30,4533,3
7,9832,3
26,1915,3
26,1916,3
26,1917,3
26,840,3
5,724,3
30,5234,3
31,710,3
30,5232,3
1,12367,3
1,14358,3
9,3396,3
9,2120,3
9,3982,3
9,3048,3
9,4268,3
9,4562,3
9,2756,3
31,579,3
9,4941,3
9,3050,3
9,4940,3
31,82,3
9,5254,3
9,6315,3
1,12369,3
1,12368,3
1,12370,3
1,12372,3
1,12371,3
1,10637,3
1,12374,3
1,12373,3
4,565,3
4,564,3
4,568,3
4,572,3
5,704,3
9,2757,3
9,3983,3
9,4944,3
14,7450,3
4,533,3
4,578,3
4,618,3
14,31,3
18,11596,3
18,12358,3
18,12361,3
4,536,3
5,709,3
4,606,3
4,607,3
14,27,3
14,25,3
14,19,3
20,9281,3
14,5917,3
9,14206,3
9,12206,3
9,11558,3
14,22,3
9,12204,3
18,14352,3
18,12362,3
18,12363,3
14,6296,3
14,7448,3
14,7449,3
14,5914,3
14,808,3
14,809,3
14,5915,3
9,12208,3
9,6889,3
9,12207,3
14,20,3
9,12209,3
9,12211,3
9,12210,3
9,12213,3
14,7446,3
14,5913,3
14,5629,3
5,1330,3
14,7447,3
28,25,3
14,2562,3
14,6649,3
14,21,3
9,3464,3
9,3465,3
6,11713,3
9,12212,3
9,12214,3
7,10036,3
16,13685,3
33,708,3
33,726,3
33,1424,3
14,5628,3
14,6648,3
5,730,3
14,3950,3
14,5916,3
3,12343,3
9,3487,3
14,290,3
14,26,3
9,3474,3
14,32,3
9,7659,3
14,18,3
33,704,3
33,709,3
33,1330,3
33,730,3
33,710,3
33,725,3
33,669,3
33,1492,3
28,725,3
28,669,3
28,1492,3
28,708,3
9,4036,3
9,3477,3
4,201,3
4,189,3
28,726,3
28,1424,3
33,579,3
33,14,3
33,728,3
33,707,3
5,710,3
33,724,3
34,7485,3
5,669,3
28,27,3
5,1492,3
5,708,3
14,15,3
5,726,3
5,1424,3
28,707,3
28,724,3
1,11182,3
9,3484,3
9,6916,3
4,439,3
9,8005,3
9,5614,3
22,7478,3
22,7474,3
14,1936,3
14,2166,3
22,7475,3
22,7476,3
22,7477,3
14,1935,3
30,941,3
34,7487,3
34,7488,3
34,7489,3
14,2174,3
22,7472,3
22,7473,3
34,7484,3
22,9420,2
22,9432,2
22,9431,2
22,9430,2
22,9427,2
22,9398,2
22,9422,2
22,9403,2
22,9400,2
2,3649,2
22,9417,2
22,9423,2
9,7329,2
9,7782,2
9,7328,2
16,143,2
16,190,2
21,1675,2
16,224,2
22,9391,2
22,9418,2
22,9415,2
22,9372,2
22,9414,2
22,9402,2
22,9410,2
22,9387,2
22,9411,2
22,9156,2
22,9424,2
1,639,2
9,7333,2
9,7332,2
9,7331,2
9,7330,2
9,7783,2
22,9425,2
22,5708,2
22,9460,2
1,645,2
16,66,2
16,191,2
16,341,2
16,192,2
22,9454,2
22,9449,2
22,9446,2
22,9443,2
22,9437,2
16,236,2
22,9466,2
22,9458,2
22,9455,2
22,9445,2
22,9434,2
22,9452,2
22,9451,2
22,9450,2
22,9438,2
22,9467,2
16,225,2
16,231,2
22,9428,2
22,9419,2
22,9157,2
22,9435,2
22,9468,2
22,9436,2
22,9447,2
22,9439,2
22,9453,2
22,9442,2
22,9448,2
22,9429,2
22,9154,2
22,9441,2
22,9440,2
22,9416,2
22,9433,2
22,9444,2
22,9386,2
22,9382,2
22,9381,2
22,3217,2
22,11665,2
22,10040,2
22,9153,2
22,9379,2
22,9378,2
22,9406,2
22,9385,2
22,9373,2
22,9374,2
1,647,2
9,7323,2
9,8178,2
9,7322,2
9,7321,2
12,934,2
22,9376,2
1,646,2
22,9375,2
22,9370,2
22,9367,2
22,9365,2
22,10391,2
22,10038,2
22,4015,2
22,9371,2
22,9388,2
22,9368,2
22,9366,2
22,9364,2
22,9363,2
22,9362,2
22,9361,2
22,9360,2
22,9389,2
22,9377,2
22,9369,2
22,9390,2
22,4118,2
22,9380,2
9,8183,2
9,8182,2
9,8181,2
9,10086,2
9,8180,2
9,8179,2
9,7320,2
9,7334,2
22,9413,2
22,9412,2
22,10041,2
22,9401,2
22,9409,2
22,9408,2
22,9407,2
22,4119,2
9,7335,2
1,693,2
9,7319,2
9,7318,2
9,7317,2
9,7316,2
9,6293,2
9,7781,2
9,7315,2
22,9383,2
22,9426,2
22,9397,2
22,9405,2
22,9396,2
22,9421,2
22,9155,2
22,9395,2
22,9394,2
22,9393,2
22,9384,2
22,9392,2
22,9399,2
22,9548,2
22,9547,2
22,9546,2
22,9545,2
22,9543,2
22,9531,2
22,6058,2
22,9530,2
22,9529,2
22,9404,2
22,9536,2
22,9565,2
22,9158,2
22,9564,2
22,9563,2
22,9549,2
22,9562,2
22,9561,2
22,9555,2
22,9528,2
22,9541,2
22,9540,2
22,9538,2
22,8469,2
22,9535,2
22,9537,2
22,9532,2
22,9526,2
22,9525,2
22,9550,2
22,9523,2
22,9522,2
21,1849,2
9,7788,2
1,644,2
22,9554,2
22,9559,2
22,9558,2
22,9557,2
22,9524,2
22,9575,2
22,9568,2
22,9567,2
22,9593,2
22,9591,2
22,9590,2
22,9592,2
22,9586,2
22,9585,2
22,9553,2
22,9588,2
22,3008,2
22,9589,2
22,3437,2
22,3436,2
22,9584,2
22,9572,2
22,9571,2
22,9570,2
22,9587,2
22,9552,2
22,9551,2
22,9560,2
22,9544,2
22,5858,2
22,10042,2
22,9556,2
22,9569,2
22,9579,2
22,9576,2
22,9582,2
22,9578,2
22,9577,2
22,10043,2
22,9574,2
22,9573,2
22,9581,2
22,9580,2
22,9566,2
22,9583,2
22,9483,2
22,9459,2
22,9503,2
22,9463,2
22,9493,2
22,9500,2
22,9482,2
22,5709,2
22,9481,2
22,9542,2
22,9479,2
22,9473,2
22,9509,2
22,9498,2
22,9505,2
22,9501,2
22,9499,2
22,9497,2
22,9496,2
22,9480,2
22,9478,2
22,9477,2
22,9476,2
22,9475,2
22,9474,2
22,9461,2
22,9472,2
22,9471,2
22,9470,2
22,9484,2
22,9465,2
22,9464,2
22,9462,2
22,9457,2
22,9456,2
22,9469,2
22,9486,2
22,9507,2
22,9485,2
22,9492,2
22,9513,2
22,9494,2
22,9510,2
14,883,2
9,8187,2
9,8186,2
9,8185,2
9,8184,2
9,7789,2
22,9495,2
9,8192,2
9,8191,2
1,653,2
9,8190,2
9,8189,2
9,8188,2
22,9521,2
22,9520,2
22,9533,2
9,8193,2
22,9491,2
22,9508,2
22,9506,2
22,9502,2
22,9490,2
22,9489,2
22,9488,2
22,9487,2
22,9534,2
22,9514,2
22,9539,2
22,9512,2
22,9511,2
22,9527,2
22,9518,2
22,9517,2
22,9516,2
22,6474,2
22,9515,2
22,9504,2
22,9519,2
9,7291,2
9,7290,2
9,6291,2
9,7289,2
6,8012,2
6,6832,2
6,7584,2
9,7763,2
6,7912,2
9,7324,2
6,7581,2
6,7608,2
9,8160,2
9,7762,2
6,14141,2
6,6445,2
9,2323,2
9,2175,2
9,2176,2
6,5678,2
6,7941,2
6,7940,2
9,8162,2
6,14148,2
9,8161,2
9,7293,2
22,2119,2
9,7292,2
6,7577,2
6,7907,2
6,7914,2
6,5997,2
6,7588,2
6,7587,2
6,7926,2
6,7925,2
6,7923,2
6,7922,2
6,7910,2
6,9338,2
6,7568,2
9,643,2
6,14144,2
6,14145,2
6,14143,2
6,14142,2
6,6847,2
16,250,2
21,1674,2
9,2066,2
9,8167,2
9,7296,2
9,8166,2
9,7295,2
9,7309,2
6,7895,2
6,7937,2
6,14139,2
6,6450,2
21,3170,2
6,7569,2
6,7905,2
6,7904,2
6,7903,2
6,7902,2
9,638,2
1,662,2
6,5679,2
6,7583,2
6,7901,2
31,849,2
9,4971,2
6,7565,2
9,6031,2
16,198,2
9,2464,2
9,3423,2
16,258,2
6,14140,2
6,7580,2
6,14157,2
6,11425,2
6,14156,2
6,14155,2
6,14154,2
35,11671,2
16,410,2
6,7617,2
6,7616,2
6,7942,2
9,5492,2
16,473,2
9,2064,2
9,2065,2
9,2174,2
9,2322,2
9,7294,2
6,14151,2
6,14150,2
6,7989,2
9,5265,2
9,5264,2
9,5263,2
21,514,2
21,513,2
9,7282,2
9,653,2
9,6391,2
9,5962,2
6,14158,2
9,6752,2
9,5494,2
9,5966,2
9,3207,2
9,5974,2
9,5261,2
9,5973,2
9,7520,2
9,4946,2
9,5262,2
6,7951,2
6,7954,2
6,5682,2
6,7965,2
6,7964,2
6,7963,2
6,5276,2
2,3164,2
6,6849,2
6,7609,2
6,7932,2
6,7933,2
9,8163,2
6,7930,2
6,8365,2
6,14149,2
6,7593,2
6,7596,2
6,8352,2
6,7938,2
2,6503,2
6,7972,2
6,7971,2
6,7970,2
9,8165,2
6,7981,2
6,14153,2
6,7978,2
6,7977,2
6,7950,2
9,8164,2
6,8351,2
9,7764,2
6,7949,2
6,7948,2
6,7947,2
6,7945,2
6,7944,2
6,8975,2
6,7955,2
6,13136,2
9,6292,2
35,638,2
9,7767,2
9,8612,2
9,7766,2
9,8171,2
9,8170,2
9,8169,2
9,8168,2
6,3411,2
9,7312,2
9,7311,2
9,7310,2
16,72,2
16,101,2
34,2107,2
35,637,2
16,427,2
16,430,2
9,630,2
9,2780,2
9,7765,2
9,7297,2
1,694,2
21,1673,2
21,1672,2
9,8173,2
9,7770,2
9,7769,2
9,7768,2
35,11745,2
35,11744,2
9,2692,2
9,2724,2
9,6906,2
9,2574,2
9,2693,2
35,516,2
35,643,2
9,8172,2
9,652,2
16,176,2
1,640,2
9,7777,2
9,7776,2
22,9152,2
22,3629,2
9,7775,2
9,7774,2
16,431,2
9,8174,2
16,439,2
16,402,2
14,912,2
9,7327,2
9,7326,2
6,10441,2
6,10440,2
9,7325,2
9,8175,2
21,2114,2
34,2674,2
12,9755,2
1,648,2
16,175,2
31,2561,2
16,173,2
16,281,2
16,278,2
9,8177,2
9,7772,2
9,7771,2
9,7314,2
9,9758,2
9,7780,2
9,7779,2
9,7778,2
1,675,2
35,13134,2
9,7773,2
9,6033,2
9,6034,2
26,469,2
9,2644,2
9,6505,2
9,3027,2
9,2539,2
9,2540,2
9,2952,2
9,2721,2
9,3028,2
9,5626,2
9,2810,2
9,6035,2
35,9829,2
35,11736,2
35,11735,2
35,11734,2
9,6036,2
9,3029,2
9,7308,2
6,5995,2
9,7307,2
9,7306,2
9,99,2
9,7305,2
9,7304,2
9,7303,2
9,7302,2
9,5111,2
6,7891,2
9,7301,2
9,6032,2
20,13135,2
6,7564,2
6,7893,2
9,4970,2
6,14138,2
9,3458,2
6,7892,2
9,2696,2
9,3456,2
9,2537,2
9,4768,2
9,3903,2
9,2779,2
9,3021,2
9,7300,2
35,11743,2
35,11732,2
35,11741,2
9,7299,2
35,9241,2
35,11040,2
9,7298,2
35,13478,2
9,8634,2
9,3235,2
9,4012,2
35,11742,2
35,4945,2
9,6037,2
9,6038,2
9,2682,2
9,6504,2
9,2698,2
9,4136,2
9,8254,2
9,3025,2
9,2694,2
35,11740,2
35,15354,2
35,11037,2
35,11739,2
35,11036,2
35,10103,2
35,11738,2
35,11737,2
9,2596,2
9,2809,2
9,5110,2
37,3915,2
37,3914,2
37,3910,2
12,8149,2
19,5277,2
12,8551,2
37,3925,2
37,3461,2
37,3923,2
22,9608,2
37,3924,2
37,3921,2
37,3920,2
37,5626,2
9,7388,2
9,7387,2
37,3029,2
37,3028,2
37,3090,2
37,3163,2
37,3240,2
37,2953,2
37,231,2
37,225,2
37,3630,2
37,3907,2
37,2928,2
1,652,2
37,8751,2
37,3916,2
37,2737,2
37,2785,2
37,2699,2
37,3913,2
37,3919,2
37,3912,2
37,3922,2
37,3918,2
37,3917,2
37,3239,2
9,7384,2
9,7383,2
9,7382,2
34,13982,2
26,2565,2
12,9746,2
9,7381,2
12,9747,2
9,7380,2
37,4058,2
9,7401,2
12,897,2
37,2723,2
37,3165,2
9,7400,2
9,7399,2
19,4564,2
9,4973,2
9,6042,2
9,7402,2
37,4057,2
37,4056,2
37,3931,2
37,3930,2
37,3093,2
37,3092,2
37,3633,2
37,3929,2
37,3928,2
9,7385,2
37,3927,2
37,3241,2
37,2810,2
37,3091,2
37,3926,2
37,4307,2
9,8232,2
37,2954,2
9,7386,2
37,4772,2
37,2944,2
37,3236,2
37,4013,2
9,8223,2
37,2679,2
37,4026,2
37,3229,2
12,860,2
16,411,2
37,2736,2
14,933,2
21,4270,2
9,7379,2
9,7378,2
12,907,2
9,7377,2
1,577,2
37,2782,2
37,4139,2
9,1575,2
37,3888,2
37,3458,2
37,4769,2
9,8224,2
37,3631,2
37,2941,2
37,2940,2
37,3151,2
37,2937,2
37,2781,2
37,3456,2
37,2265,2
37,2809,2
37,3145,2
37,2681,2
37,2680,2
37,3898,2
37,3159,2
37,3905,2
37,3234,2
37,3632,2
37,3909,2
37,3460,2
37,3153,2
9,7374,2
9,8235,2
1,626,2
9,8234,2
9,6043,2
37,3025,2
37,2949,2
9,8233,2
37,3083,2
37,2950,2
9,7389,2
9,7816,2
1,630,2
37,2951,2
37,3027,2
9,7817,2
37,7848,2
37,2948,2
37,3041,2
37,4771,2
37,2784,2
37,4140,2
37,3911,2
37,3457,2
37,2946,2
9,7375,2
9,8231,2
9,8230,2
9,7815,2
37,2783,2
9,8229,2
9,7814,2
9,7813,2
16,313,2
9,7376,2
37,3238,2
37,2807,2
9,7415,2
34,13969,2
16,220,2
12,8544,2
34,453,2
9,6483,2
9,6484,2
9,6874,2
9,6875,2
9,6468,2
9,6876,2
12,2561,2
9,6485,2
9,6877,2
9,8360,2
9,6486,2
9,7989,2
9,7990,2
9,6878,2
9,6454,2
34,13970,2
9,7408,2
12,850,2
12,3137,2
34,10835,2
9,7407,2
9,4975,2
9,5290,2
34,394,2
34,10834,2
9,7406,2
9,7818,2
34,9634,2
9,7405,2
9,7404,2
9,7403,2
34,10833,2
9,7417,2
9,7416,2
34,353,2
20,12108,2
16,442,2
9,7974,2
9,4956,2
29,9835,2
9,7979,2
9,8618,2
9,7977,2
9,7978,2
9,7616,2
9,7980,2
9,7981,2
9,9999,2
9,6868,2
9,6869,2
9,6870,2
9,7982,2
20,14212,2
9,7965,2
9,9182,2
9,7617,2
9,7983,2
9,7984,2
9,8359,2
9,7612,2
9,6871,2
12,841,2
9,7985,2
9,7986,2
34,462,2
12,878,2
9,7613,2
9,7614,2
12,876,2
9,6061,2
9,6872,2
9,6873,2
9,7987,2
9,7988,2
9,5683,2
34,8463,2
34,9637,2
9,7394,2
9,7393,2
34,10838,2
9,8237,2
34,15985,2
19,4952,2
19,5997,2
16,435,2
9,7392,2
9,6469,2
9,6470,2
9,6044,2
9,4974,2
9,6048,2
9,6049,2
9,6050,2
34,13972,2
9,8236,2
9,6045,2
9,6046,2
9,6047,2
34,13977,2
34,13978,2
12,848,2
34,13979,2
37,152,2
34,13980,2
9,7395,2
19,8541,2
9,6633,2
19,6847,2
9,7398,2
34,10839,2
34,13981,2
34,10840,2
9,7397,2
9,7396,2
12,3129,2
9,9226,2
34,10836,2
9,6634,2
9,8238,2
12,773,2
34,11679,2
34,11680,2
9,7411,2
34,13971,2
34,8460,2
34,474,2
9,6053,2
9,6054,2
12,858,2
9,5291,2
9,6055,2
9,9766,2
9,7410,2
9,7409,2
34,14208,2
34,13973,2
34,13974,2
34,10837,2
34,13975,2
9,7391,2
34,11678,2
34,13976,2
34,15983,2
12,918,2
9,9227,2
9,7390,2
34,15984,2
9,4976,2
9,6471,2
12,730,2
9,6472,2
9,6473,2
9,6051,2
9,6052,2
9,4977,2
34,10549,2
12,8556,2
9,7347,2
9,7346,2
9,5624,2
9,7345,2
9,8209,2
9,8208,2
9,7800,2
9,6631,2
37,2638,2
16,433,2
9,8213,2
16,426,2
9,7802,2
9,9223,2
12,9751,2
16,98,2
16,164,2
9,8212,2
9,8214,2
9,7340,2
9,7339,2
9,8205,2
35,4326,2
12,9753,2
9,8204,2
9,8203,2
9,8202,2
9,7797,2
9,7348,2
9,8615,2
35,6316,2
9,7351,2
9,9221,2
9,8210,2
1,588,2
9,7350,2
9,7801,2
9,7349,2
9,9222,2
9,4972,2
9,6466,2
1,638,2
1,650,2
9,8616,2
9,8215,2
9,7805,2
1,657,2
9,7356,2
9,9759,2
12,9749,2
9,7803,2
1,651,2
9,8220,2
9,9225,2
1,741,2
9,8219,2
1,684,2
9,8218,2
9,7804,2
35,6317,2
9,8211,2
9,7355,2
9,7354,2
9,7353,2
9,7352,2
12,8553,2
9,7361,2
16,365,2
9,8617,2
9,7359,2
9,7358,2
9,7357,2
12,9750,2
9,8217,2
9,8216,2
1,643,2
1,1864,2
9,6632,2
9,7360,2
9,7785,2
9,7336,2
9,7784,2
16,269,2
9,7796,2
12,880,2
9,8201,2
12,8558,2
12,8559,2
9,8206,2
22,10044,2
22,9622,2
22,9621,2
22,9620,2
22,9619,2
22,9618,2
22,9617,2
22,9616,2
22,9615,2
9,7795,2
22,9609,2
22,9607,2
22,9606,2
22,9605,2
22,9604,2
22,9603,2
22,9602,2
22,9601,2
22,9600,2
12,912,2
22,9598,2
22,9597,2
22,9594,2
22,9596,2
22,9595,2
9,7787,2
12,8557,2
9,7337,2
9,7786,2
22,9599,2
15,434,2
22,9623,2
9,8195,2
9,7791,2
9,7790,2
9,8194,2
9,7799,2
12,9752,2
9,8207,2
22,9614,2
12,8555,2
12,9754,2
9,7344,2
9,7343,2
9,7342,2
9,7341,2
9,7798,2
9,8614,2
35,5282,2
12,8554,2
22,9612,2
22,9613,2
22,9610,2
22,9611,2
22,10046,2
22,10045,2
9,7794,2
35,4787,2
9,8200,2
15,749,2
9,8198,2
9,8197,2
1,570,2
9,7793,2
9,7792,2
1,632,2
35,2760,2
9,8196,2
9,7338,2
35,1918,2
9,8199,2
37,2935,2
37,3886,2
37,3890,2
37,2933,2
37,4729,2
37,7467,2
9,7808,2
9,8226,2
37,2678,2
9,7370,2
37,3147,2
37,3894,2
37,3231,2
37,3895,2
37,3232,2
37,3230,2
37,3237,2
37,3459,2
37,3896,2
37,3146,2
9,4113,2
9,4114,2
9,4115,2
9,7811,2
12,932,2
9,7810,2
9,7809,2
12,9748,2
9,7372,2
37,2936,2
37,2934,2
37,3889,2
37,234,2
37,240,2
37,3233,2
37,4393,2
37,3904,2
37,2721,2
37,233,2
9,7371,2
37,4398,2
37,3892,2
37,4394,2
37,3897,2
37,4730,2
37,557,2
37,3893,2
37,4395,2
37,3891,2
37,4135,2
37,2943,2
37,3887,2
37,2942,2
37,2939,2
37,3152,2
37,3901,2
37,3900,2
37,2945,2
37,249,2
9,8225,2
37,4134,2
37,3902,2
37,4435,2
37,5417,2
37,2938,2
37,2947,2
37,3150,2
37,3155,2
37,227,2
37,4767,2
37,3077,2
37,3076,2
37,4397,2
37,4396,2
37,3023,2
37,1779,2
37,3899,2
37,3149,2
37,2927,2
37,2629,2
37,4018,2
31,728,2
21,8448,2
16,257,2
16,262,2
16,418,2
16,332,2
12,8552,2
16,126,2
26,507,2
9,6040,2
14,880,2
16,389,2
16,284,2
9,8222,2
12,882,2
12,881,2
9,7807,2
9,8221,2
1,637,2
31,876,2
9,7369,2
9,7368,2
9,7367,2
9,7366,2
35,493,2
1,685,2
35,537,2
9,7365,2
35,451,2
16,268,2
35,446,2
35,5241,2
9,9763,2
9,9762,2
9,7364,2
9,7363,2
12,884,2
9,7362,2
9,6041,2
9,7806,2
37,4898,2
37,3885,2
37,1529,2
37,3021,2
37,3141,2
37,2932,2
37,3020,2
37,2931,2
37,2571,2
12,879,2
37,3228,2
37,3227,2
37,2778,2
37,2926,2
37,4016,2
12,6886,2
9,12217,2
9,6467,2
9,6039,2
37,3884,2
9,8228,2
9,7373,2
9,9764,2
12,883,2
12,933,2
12,6885,2
12,6884,2
12,6883,2
12,11044,2
1,661,2
12,1830,2
12,10084,2
12,6064,2
12,5060,2
9,8227,2
12,9184,2
12,9183,2
12,1567,2
12,11042,2
9,7812,2
12,11043,2
3,4582,2
3,4583,2
3,4352,2
3,4351,2
3,4578,2
19,5279,2
14,56,2
19,13167,2
19,13166,2
9,4947,2
34,2185,2
19,13165,2
3,4994,2
3,4992,2
3,4823,2
3,4826,2
3,4991,2
3,4595,2
3,4594,2
19,10829,2
19,13175,2
19,13174,2
19,13173,2
19,13172,2
19,13171,2
3,5524,2
3,4820,2
3,4584,2
3,4819,2
3,4353,2
3,4818,2
3,1858,2
3,4580,2
3,4986,2
3,4821,2
3,5000,2
3,4988,2
3,4581,2
3,5295,2
3,5293,2
3,4362,2
3,4585,2
3,4361,2
3,4363,2
3,4829,2
3,4997,2
3,4981,2
3,4996,2
3,5695,2
3,4990,2
3,4987,2
3,5525,2
19,13160,2
19,5679,2
19,13159,2
19,13158,2
19,13157,2
3,4837,2
3,5006,2
3,4995,2
3,4989,2
3,4822,2
3,5004,2
3,4589,2
3,238,2
3,4827,2
3,4360,2
3,13135,2
3,4354,2
3,4828,2
3,4358,2
3,4357,2
19,13170,2
19,3094,2
19,13169,2
19,13168,2
3,4825,2
3,4993,2
3,4586,2
3,4359,2
11,960,2
11,999,2
14,477,2
11,953,2
19,13641,2
11,661,2
11,1061,2
11,994,2
19,8949,2
25,645,2
9,9792,2
11,1180,2
11,2121,2
11,1181,2
19,6314,2
11,952,2
11,959,2
11,141,2
11,916,2
9,9793,2
9,8668,2
11,1003,2
11,1076,2
11,1175,2
25,675,2
11,1075,2
25,11564,2
6,6816,2
25,693,2
19,5255,2
6,479,2
35,779,2
11,1074,2
11,1070,2
11,963,2
11,927,2
11,1071,2
11,996,2
11,135,2
6,576,2
25,653,2
11,947,2
3,4579,2
3,4985,2
3,4984,2
3,4350,2
3,4982,2
3,4983,2
3,5294,2
11,951,2
3,2774,2
3,4979,2
3,4978,2
3,4817,2
3,4980,2
3,4816,2
3,4348,2
3,7997,2
6,4573,2
3,4287,2
11,926,2
9,9791,2
0,5669,2
0,7555,2
0,7520,2
11,958,2
11,957,2
3,5523,2
3,4815,2
11,1056,2
3,919,2
3,5859,2
11,944,2
11,698,2
19,5996,2
19,1611,2
19,10394,2
25,644,2
11,915,2
11,946,2
3,4577,2
3,4604,2
3,4603,2
3,4606,2
3,5302,2
3,4610,2
3,4609,2
3,4855,2
3,5026,2
3,5025,2
3,5005,2
3,4854,2
3,5024,2
3,4608,2
3,5696,2
3,5018,2
3,4607,2
3,5029,2
3,5299,2
3,5533,2
3,4367,2
3,5020,2
3,4602,2
3,4601,2
3,4598,2
3,4356,2
3,4355,2
3,4845,2
3,5534,2
3,5531,2
3,4851,2
3,14212,2
3,14211,2
3,5022,2
3,5023,2
3,5530,2
3,5529,2
3,4853,2
3,4852,2
3,5298,2
3,14213,2
9,13173,2
9,13172,2
3,4862,2
3,14214,2
3,5540,2
3,4366,2
3,5539,2
3,5036,2
3,5031,2
3,4861,2
3,4619,2
3,4618,2
3,4617,2
3,4616,2
3,5040,2
3,5039,2
3,8439,2
3,4624,2
3,5038,2
3,4857,2
3,5537,2
3,5027,2
3,5535,2
3,5030,2
3,5033,2
3,5032,2
3,4614,2
3,5028,2
3,4859,2
12,1985,2
3,4858,2
3,4612,2
3,4856,2
3,5536,2
3,4860,2
25,639,2
14,42,2
9,13175,2
9,13174,2
3,4613,2
19,13164,2
19,13163,2
19,13162,2
19,13161,2
3,5003,2
3,5002,2
3,5013,2
3,4597,2
3,4835,2
3,4600,2
3,5012,2
3,5011,2
3,4998,2
3,5008,2
3,4275,2
3,4834,2
3,5296,2
3,5007,2
19,13156,2
3,4999,2
3,5001,2
3,4587,2
3,4824,2
3,4591,2
3,4593,2
3,4588,2
3,4831,2
3,4349,2
19,11386,2
3,4830,2
19,13153,2
3,5009,2
3,5528,2
3,5010,2
3,4832,2
3,4836,2
3,4833,2
3,4848,2
3,4596,2
19,13154,2
3,5301,2
3,4849,2
3,5017,2
3,5527,2
3,5014,2
3,4838,2
3,4841,2
3,4599,2
19,13152,2
19,13155,2
19,13150,2
3,4850,2
3,5021,2
3,4611,2
3,5019,2
3,5300,2
3,4117,2
3,4847,2
3,4846,2
19,13151,2
19,13149,2
19,13148,2
19,13147,2
19,13146,2
9,10394,2
3,5292,2
3,4365,2
3,4844,2
3,5016,2
3,4605,2
3,4590,2
3,5015,2
3,6057,2
3,5297,2
3,5526,2
3,4592,2
3,4364,2
3,4843,2
3,4842,2
3,4839,2
3,4840,2
11,1200,2
11,1020,2
19,6455,2
17,3066,2
17,3067,2
12,1884,2
33,11096,2
9,9799,2
6,6845,2
11,998,2
19,1939,2
6,7935,2
22,774,2
6,7936,2
34,534,2
10,11706,2
33,11045,2
33,11100,2
9,8714,2
6,7586,2
10,1691,2
9,8676,2
9,8677,2
9,8678,2
9,10066,2
6,10130,2
2,2742,2
2,2117,2
1,10274,2
11,1201,2
19,658,2
2,4217,2
19,1568,2
12,1885,2
11,1114,2
11,1113,2
11,640,2
11,1022,2
11,1021,2
12,4512,2
20,14773,2
20,12354,2
19,7618,2
20,14772,2
35,526,2
6,7590,2
21,3709,2
21,3708,2
25,6713,2
12,2507,2
14,208,2
19,10393,2
2,4219,2
2,3547,2
31,5303,2
19,9734,2
19,9341,2
19,11397,2
12,1761,2
12,1762,2
9,9800,2
9,9801,2
11,675,2
12,2508,2
6,7594,2
6,10881,2
6,4331,2
2,4909,2
2,3098,2
19,9340,2
29,8295,2
6,8681,2
6,7599,2
6,7600,2
12,1914,2
6,7601,2
19,7735,2
2,4218,2
6,7956,2
19,10000,2
2,1532,2
10,11733,2
2,4215,2
10,3940,2
10,3941,2
2,10831,2
10,3942,2
24,1395,2
24,1369,2
33,3045,2
24,1149,2
24,1150,2
24,1773,2
24,1476,2
10,1907,2
10,13552,2
10,3624,2
10,11732,2
10,13547,2
24,1396,2
10,9246,2
10,2922,2
10,13550,2
10,15774,2
10,4007,2
10,9776,2
2,4304,2
10,10083,2
10,13553,2
2,4216,2
10,6553,2
2,3546,2
10,11734,2
10,5338,2
10,11735,2
2,3184,2
10,11736,2
10,9829,2
2,3385,2
10,11559,2
2,3097,2
10,1973,2
10,5616,2
10,10822,2
10,2921,2
9,9804,2
6,2017,2
9,7734,2
10,3538,2
10,2769,2
10,4572,2
18,867,2
18,473,2
9,8679,2
38,4380,2
38,4381,2
38,4382,2
18,459,2
18,941,2
10,9827,2
10,15772,2
10,13545,2
10,13546,2
10,11760,2
10,4049,2
2,3650,2
10,2670,2
10,13548,2
10,11578,2
10,10166,2
9,9802,2
9,9803,2
10,11737,2
38,4379,2
10,3061,2
10,5512,2
10,1774,2
10,4945,2
10,10167,2
10,4287,2
10,11036,2
34,8309,2
34,8957,2
34,14108,2
22,7632,2
34,14111,2
34,14110,2
34,14109,2
34,8958,2
34,9970,2
19,10396,2
9,8670,2
6,7589,2
23,6001,2
23,6849,2
11,1012,2
11,1011,2
11,1010,2
11,1009,2
11,1008,2
38,13717,2
9,8669,2
34,8962,2
34,12103,2
6,8341,2
12,1883,2
6,10880,2
0,14347,2
8,12360,2
12,1988,2
34,11344,2
34,9911,2
34,12092,2
34,6711,2
34,12096,2
9,9231,2
34,12098,2
9,8672,2
34,14105,2
34,9310,2
19,3409,2
6,8331,2
11,1013,2
25,648,2
11,962,2
11,1080,2
11,997,2
11,1079,2
6,6809,2
6,7566,2
11,930,2
25,647,2
11,961,2
11,1016,2
6,7896,2
6,7908,2
25,640,2
11,1092,2
11,966,2
6,6817,2
25,646,2
11,1102,2
11,929,2
11,1017,2
19,4330,2
31,934,2
2,3186,2
9,8713,2
9,8671,2
7,10567,2
11,645,2
11,1086,2
11,1179,2
11,1189,2
11,1002,2
12,3391,2
9,13361,2
21,2983,2
6,6805,2
21,3399,2
21,2912,2
11,1090,2
31,9632,2
9,8673,2
21,3707,2
9,8675,2
19,9328,2
19,4787,2
2,2776,2
19,3600,2
21,3706,2
34,8963,2
2,4222,2
19,10397,2
19,9733,2
19,11606,2
24,455,2
6,6818,2
9,9795,2
24,12375,2
24,10052,2
19,8956,2
35,3600,2
2,3185,2
2,4221,2
2,4220,2
26,3126,2
26,5710,2
26,4907,2
26,10640,2
26,1580,2
2,3949,2
9,9796,2
26,4564,2
19,11635,2
9,9797,2
34,2260,2
2,3548,2
25,662,2
31,12268,2
19,4328,2
26,11425,2
6,3226,2
23,7570,2
35,534,2
23,7571,2
8,7661,2
25,694,2
23,6839,2
20,12106,2
6,7585,2
35,6457,2
22,6125,2
22,1925,2
6,9337,2
34,14112,2
34,14337,2
34,14336,2
34,8961,2
34,8960,2
34,8959,2
6,9336,2
35,6456,2
22,5653,2
22,775,2
21,3400,2
22,11603,2
22,14358,2
2,3384,2
6,6837,2
19,9295,2
8,10592,2
19,793,2
19,618,2
19,9291,2
6,7567,2
19,3622,2
19,7520,2
2,4910,2
6,10129,2
8,14352,2
23,6832,2
19,8950,2
26,452,2
26,2549,2
21,1721,2
16,437,2
19,4950,2
11,149,2
10,3407,2
19,4951,2
9,2063,2
3,4863,2
31,3137,2
9,2463,2
19,9736,2
31,724,2
31,841,2
25,577,2
9,2555,2
9,1964,2
9,3716,2
9,2320,2
16,120,2
31,730,2
16,421,2
19,3110,2
11,139,2
25,626,2
16,422,2
16,206,2
25,684,2
16,436,2
19,2988,2
19,3119,2
11,106,2
12,2119,2
11,650,2
29,1873,2
11,657,2
22,3128,2
16,138,2
31,773,2
29,1679,2
29,1874,2
31,2293,2
16,324,2
19,4071,2
21,1671,2
31,833,2
16,537,2
31,757,2
25,652,2
16,333,2
11,359,2
29,2660,2
16,413,2
16,368,2
31,859,2
29,2612,2
16,369,2
11,89,2
16,325,2
9,2556,2
26,749,2
9,1815,2
11,65,2
29,1875,2
25,630,2
9,1816,2
9,2321,2
16,323,2
29,1680,2
35,440,2
22,14206,2
9,4964,2
9,5288,2
9,5289,2
31,850,2
35,479,2
31,1330,2
16,90,2
29,1861,2
16,265,2
16,266,2
31,569,2
11,111,2
16,441,2
16,202,2
12,1697,2
11,110,2
16,108,2
22,10004,2
16,247,2
31,860,2
11,157,2
11,159,2
21,2982,2
1,491,2
9,2168,2
9,1962,2
25,524,2
19,2987,2
20,515,2
31,709,2
11,644,2
31,879,2
29,1677,2
9,3000,2
29,1723,2
11,632,2
29,1676,2
20,547,2
9,3001,2
25,657,2
9,3002,2
25,685,2
9,2461,2
20,557,2
20,507,2
9,1576,2
20,527,2
25,650,2
14,49,2
29,3201,2
11,606,2
29,11024,2
11,105,2
11,168,2
29,1678,2
31,1891,2
11,643,2
9,2059,2
29,2269,2
16,273,2
16,334,2
16,322,2
11,525,2
29,1724,2
31,918,2
16,392,2
16,209,2
11,147,2
9,2060,2
9,2169,2
31,897,2
11,588,2
9,2170,2
25,637,2
9,2529,2
9,2171,2
9,2172,2
25,661,2
11,155,2
9,2554,2
11,136,2
9,2173,2
12,1982,2
14,340,2
9,3449,2
9,2126,2
11,9872,2
12,1983,2
9,2061,2
9,675,2
16,448,2
16,449,2
29,1725,2
21,1911,2
21,1523,2
16,385,2
16,386,2
0,15055,2
16,407,2
19,3120,2
2,3024,2
16,271,2
16,213,2
16,378,2
9,5272,2
9,5271,2
9,5270,2
9,5269,2
9,6029,2
9,6030,2
9,5694,2
9,10441,2
9,5693,2
9,6027,2
9,10440,2
9,6028,2
9,3432,2
9,4010,2
16,71,2
9,6465,2
9,6024,2
9,6025,2
9,4966,2
19,3413,2
16,342,2
16,417,2
9,640,2
16,251,2
9,4967,2
25,469,2
9,3715,2
9,3714,2
9,3713,2
9,5497,2
9,6425,2
9,5496,2
9,5943,2
9,5654,2
9,5669,2
9,7284,2
9,7283,2
21,1466,2
9,6415,2
9,6414,2
9,5266,2
9,5664,2
9,5268,2
9,5267,2
9,7285,2
9,5668,2
9,6417,2
9,6416,2
16,409,2
9,8159,2
9,7288,2
9,7287,2
2,1151,2
9,7286,2
21,836,2
9,7760,2
9,9355,2
9,5663,2
9,5661,2
9,6365,2
9,6392,2
21,1224,2
21,1223,2
21,1279,2
9,7761,2
9,1963,2
19,12438,2
16,403,2
16,420,2
16,264,2
11,5060,2
16,156,2
29,1876,2
19,8363,2
9,4969,2
16,199,2
16,171,2
16,272,2
31,858,2
11,252,2
11,351,2
29,1681,2
21,1722,2
16,244,2
16,412,2
21,1872,2
31,878,2
16,462,2
16,282,2
11,142,2
29,1682,2
18,1611,2
16,177,2
9,12215,2
9,2098,2
9,4813,2
10,2186,2
11,140,2
11,652,2
29,3595,2
29,37,2
9,2062,2
9,1814,2
9,2462,2
9,12216,2
9,2324,2
9,2177,2
9,6026,2
9,6464,2
9,6023,2
9,6014,2
9,6015,2
9,9353,2
9,6016,2
11,154,2
9,6018,2
9,6019,2
9,6020,2
9,6021,2
9,4814,2
9,6022,2
9,4965,2
9,6456,2
9,4968,2
9,6017,2
11,104,2
11,220,2
14,934,2
9,10006,2
9,6011,2
9,3624,2
29,4535,2
9,6457,2
9,6463,2
16,246,2
9,6013,2
9,4273,2
9,4009,2
9,3625,2
9,6462,2
19,8681,2
16,245,2
9,8468,2
16,270,2
19,3723,2
9,6012,2
9,13164,2
9,13163,2
9,13162,2
9,13161,2
9,13160,2
9,13159,2
3,5311,2
3,5055,2
3,4646,2
20,5416,2
3,325,2
3,324,2
3,4878,2
3,4372,2
3,4647,2
3,4877,2
3,4886,2
3,4887,2
3,4373,2
3,4879,2
3,5047,2
3,4872,2
3,4871,2
3,4870,2
3,5546,2
3,5054,2
3,4876,2
3,5706,2
3,5705,2
3,5703,2
3,4643,2
3,4644,2
3,322,2
3,4645,2
3,4875,2
3,5053,2
3,5543,2
3,5542,2
3,5704,2
3,4371,2
3,5056,2
3,4891,2
3,4560,2
3,4890,2
3,9357,2
3,9356,2
3,4888,2
3,4889,2
9,14207,2
3,1894,2
0,6387,2
0,5667,2
3,4892,2
9,11386,2
9,13154,2
9,13153,2
9,13152,2
9,13151,2
9,13150,2
10,4325,2
3,1893,2
3,4885,2
3,5313,2
3,6475,2
3,4884,2
3,4883,2
3,4882,2
3,4881,2
3,5312,2
3,9358,2
3,4648,2
19,9735,2
9,13156,2
9,13155,2
3,5058,2
3,5057,2
3,9359,2
3,4649,2
3,4650,2
3,4880,2
3,12220,2
3,4620,2
9,14205,2
9,13169,2
9,13168,2
9,13167,2
9,13166,2
19,6316,2
9,13165,2
3,5544,2
3,5042,2
3,5701,2
3,4864,2
3,5304,2
3,5700,2
3,5303,2
3,5699,2
3,1718,2
3,4370,2
3,4630,2
3,5035,2
3,5034,2
3,3218,2
3,5037,2
9,12375,2
14,50,2
3,5041,2
3,4368,2
3,4628,2
3,5305,2
3,4622,2
3,4621,2
3,4626,2
3,5307,2
3,5306,2
3,4629,2
3,4627,2
3,4615,2
3,4625,2
3,4623,2
3,4868,2
3,5702,2
3,5044,2
3,4867,2
3,5043,2
3,4635,2
3,4634,2
3,4633,2
3,4642,2
3,6121,2
3,4640,2
3,5310,2
3,4641,2
3,5051,2
3,5052,2
3,813,2
3,5050,2
3,4873,2
3,5545,2
3,4874,2
3,4865,2
3,4636,2
3,4274,2
3,4369,2
3,4637,2
3,4639,2
3,4638,2
3,5541,2
3,4866,2
3,4869,2
3,4631,2
9,13171,2
9,13170,2
3,7998,2
3,5309,2
3,5308,2
3,5049,2
3,5048,2
3,5046,2
3,5045,2
3,4632,2
9,12203,2
29,2114,2
16,287,2
11,112,2
16,232,2
25,651,2
16,117,2
31,848,2
19,3410,2
9,13149,2
16,193,2
29,1675,2
11,8772,2
16,195,2
25,588,2
16,122,2
16,163,2
16,335,2
12,1636,2
16,121,2
12,1981,2
31,491,2
29,1673,2
29,1672,2
12,2505,2
29,1849,2
14,37,2
29,1674,2
11,9775,2
31,881,2
7,11386,2
7,13154,2
7,13153,2
7,13147,2
7,13146,2
11,182,2
19,9327,2
11,648,2
31,882,2
16,2848,2
12,2503,2
16,214,2
16,165,2
16,283,2
16,162,2
16,218,2
0,5496,2
0,7560,2
0,12109,2
0,12110,2
25,638,2
11,8771,2
9,10506,2
19,3985,2
19,3721,2
16,285,2
16,286,2
11,79,2
9,13727,2
25,801,2
7,13148,2
0,5675,2
20,10830,2
25,643,2
20,1611,2
11,236,2
29,1872,2
20,8505,2
31,10517,2
16,425,2
31,907,2
29,3170,2
11,646,2
11,647,2
11,693,2
14,64,2
14,48,2
31,932,2
14,46,2
14,179,2
16,123,2
7,13166,2
7,10829,2
19,7515,2
7,13165,2
9,2058,2
31,912,2
7,13164,2
7,13163,2
7,13162,2
31,933,2
7,13160,2
7,13175,2
7,13174,2
29,1671,2
29,379,2
19,5995,2
11,3421,2
14,54,2
12,1984,2
7,13161,2
9,13148,2
9,13147,2
9,13158,2
9,13157,2
7,13173,2
7,13172,2
7,13171,2
7,13170,2
0,9990,2
19,3411,2
12,1882,2
7,13169,2
7,13168,2
12,3972,2
7,13167,2
9,13146,2
7,10394,2
31,2175,2
12,1987,2
0,5668,2
9,2234,2
29,1694,2
9,2057,2
31,884,2
9,2319,2
9,2460,2
9,2235,2
25,741,2
7,13152,2
14,465,2
7,13150,2
7,13149,2
31,450,2
25,570,2
12,2504,2
12,2207,2
12,1825,2
12,2506,2
12,4065,2
7,13151,2
19,7913,2
12,1986,2
31,883,2
14,507,2
11,78,2
29,1721,2
25,632,2
14,348,2
9,1960,2
7,13155,2
29,1722,2
9,2056,2
9,2998,2
11,694,2
9,2999,2
7,13159,2
9,2233,2
7,13158,2
7,13157,2
7,13156,2
9,1961,2
2,9866,2
22,10576,2
34,5334,2
35,1856,2
35,1868,2
35,1857,2
35,1818,2
35,1837,2
35,1838,2
29,9837,2
35,2719,2
35,1557,2
22,2730,2
22,2808,2
35,2179,2
35,1819,2
35,1820,2
35,2102,2
35,1786,2
35,2718,2
22,2728,2
22,2643,2
22,3458,2
22,3457,2
35,1553,2
35,1839,2
35,1840,2
35,1619,2
35,1772,2
22,2781,2
34,6477,2
35,841,2
34,6478,2
35,757,2
35,858,2
2,9865,2
22,2679,2
22,2943,2
22,2579,2
35,859,2
22,2783,2
22,2782,2
35,1594,2
35,1937,2
35,1595,2
35,1596,2
35,1866,2
35,7649,2
35,1582,2
2,9867,2
35,1598,2
35,1867,2
35,1555,2
35,1585,2
35,1581,2
35,1484,2
35,1379,2
35,1586,2
35,1587,2
35,1597,2
35,1787,2
35,1836,2
35,2101,2
22,2948,2
34,2186,2
35,878,2
22,2537,2
34,3064,2
34,3219,2
35,1593,2
22,1560,2
35,773,2
22,3237,2
2,9868,2
34,10020,2
34,6479,2
35,2184,2
35,1590,2
35,1592,2
22,4136,2
22,4135,2
22,4134,2
28,2967,2
35,849,2
22,4730,2
2,9856,2
22,4019,2
2,9855,2
22,3902,2
22,2729,2
22,2494,2
22,2939,2
22,3155,2
28,351,2
2,9858,2
22,3235,2
28,2570,2
22,3154,2
28,8258,2
22,2940,2
14,193,2
14,40,2
34,5538,2
6,1999,2
6,1661,2
17,2466,2
17,2467,2
17,2468,2
17,2469,2
22,2937,2
14,202,2
17,2100,2
2,9853,2
28,359,2
35,2561,2
17,2470,2
6,1707,2
22,2640,2
35,876,2
2,9854,2
2,9859,2
22,2641,2
22,3236,2
22,2695,2
22,3156,2
22,2941,2
22,3160,2
22,2644,2
2,9864,2
22,3234,2
22,2945,2
2,9863,2
2,9862,2
2,9861,2
34,5333,2
22,2944,2
35,3137,2
22,2536,2
2,9860,2
22,3159,2
2,9857,2
28,7852,2
28,358,2
28,288,2
22,2938,2
22,2682,2
6,1925,2
9,6508,2
22,2807,2
28,252,2
35,1952,2
22,2642,2
22,4286,2
22,3157,2
22,2578,2
22,2696,2
22,2495,2
22,9174,2
22,2727,2
22,2942,2
22,3158,2
22,3631,2
22,2496,2
22,4025,2
22,3908,2
22,4024,2
6,807,2
6,836,2
6,1907,2
6,1996,2
35,1588,2
35,897,2
24,6487,2
24,8772,2
6,2006,2
14,273,2
14,272,2
35,848,2
35,879,2
6,2521,2
6,1997,2
22,3070,2
22,2735,2
24,9775,2
22,2734,2
1,9838,2
22,2733,2
22,10579,2
22,3239,2
22,3238,2
6,2468,2
22,3083,2
22,4139,2
22,3909,2
24,54,2
22,4026,2
6,2067,2
6,2329,2
6,2100,2
6,2469,2
22,4140,2
22,3087,2
22,3086,2
22,4029,2
22,4028,2
35,907,2
14,214,2
14,437,2
35,860,2
14,436,2
6,2439,2
22,3088,2
22,3027,2
22,2599,2
1,9841,2
22,2581,2
22,2580,2
22,10585,2
22,10584,2
22,10583,2
22,3089,2
22,3085,2
22,3084,2
22,2928,2
22,4027,2
1,9839,2
22,2646,2
6,2068,2
22,3632,2
22,10580,2
22,3240,2
1,9840,2
22,3912,2
22,2539,2
24,8771,2
22,3911,2
22,3910,2
22,2952,2
35,932,2
22,2951,2
22,2598,2
9,11594,2
6,2002,2
35,835,2
6,2003,2
6,2004,2
9,9667,2
6,1689,2
6,2215,2
14,165,2
22,2732,2
6,1995,2
14,162,2
6,1701,2
22,2731,2
22,2697,2
22,2681,2
22,2680,2
2,9869,2
22,2784,2
6,1994,2
35,1589,2
35,730,2
35,1897,2
35,1817,2
35,4653,2
35,1517,2
35,2073,2
35,2183,2
22,2947,2
17,2099,2
22,3906,2
22,2946,2
22,3080,2
34,6480,2
22,3079,2
22,3078,2
35,1957,2
22,3905,2
17,2177,2
35,850,2
6,2279,2
22,4023,2
22,4022,2
22,4021,2
35,724,2
38,5282,2
22,4020,2
1,9837,2
22,10578,2
22,8475,2
22,3082,2
22,3081,2
22,3026,2
1,9836,2
22,3025,2
22,2645,2
22,3630,2
22,3907,2
22,3161,2
22,4138,2
22,2630,2
35,918,2
22,2950,2
22,2949,2
22,7652,2
22,10577,2
22,4137,2
34,3133,2
34,3065,2
6,2278,2
35,3728,2
22,2538,2
22,6505,2
1,9835,2
34,3220,2
34,3221,2
34,3222,2
35,755,2
22,2698,2
22,4399,2
34,3134,2
22,2726,2
22,3140,2
21,2742,2
22,2931,2
22,3229,2
22,3228,2
22,3139,2
22,3884,2
22,2778,2
6,1998,2
2,9838,2
22,3138,2
21,2608,2
22,2724,2
22,4016,2
22,3227,2
21,3948,2
17,2463,2
17,2555,2
22,2725,2
7,1646,2
7,614,2
7,10189,2
17,2459,2
17,2166,2
17,2315,2
1,6670,2
17,2461,2
17,2062,2
22,2571,2
21,1574,2
17,2462,2
20,8292,2
28,164,2
17,2320,2
2,9836,2
22,2932,2
22,2636,2
21,4217,2
2,9837,2
22,4127,2
22,3889,2
22,3888,2
22,10570,2
22,4126,2
9,8417,2
22,4393,2
22,3887,2
2,445,2
17,2556,2
22,3456,2
22,2572,2
17,2554,2
17,2173,2
2,69,2
17,2325,2
17,2327,2
17,2465,2
19,3705,2
22,4729,2
21,5448,2
35,2668,2
1,7842,2
17,2529,2
2,9839,2
17,2171,2
17,2172,2
17,2061,2
22,3886,2
22,10571,2
2,9840,2
22,3885,2
22,2720,2
22,2574,2
22,2693,2
22,2692,2
22,3141,2
19,10404,2
22,4394,2
28,9873,2
35,9807,2
1,5466,2
19,3206,2
17,2316,2
28,8772,2
17,2317,2
17,2318,2
7,1622,2
1,5179,2
7,1647,2
1,5198,2
16,274,2
1,6300,2
1,4316,2
1,5190,2
10,2119,2
28,4914,2
28,4915,2
1,6125,2
1,4254,2
17,2305,2
17,2096,2
17,2161,2
28,342,2
17,2162,2
17,2163,2
17,2164,2
28,4226,2
28,4917,2
17,2311,2
17,2160,2
17,2620,2
17,2455,2
28,11051,2
17,2456,2
17,719,2
10,1982,2
17,2310,2
17,2457,2
17,2050,2
1,5186,2
28,11050,2
17,2319,2
22,9869,2
17,2460,2
1,14360,2
19,7608,2
17,2235,2
35,1685,2
1,8261,2
17,2313,2
17,2314,2
17,2458,2
21,6623,2
2,9835,2
28,8520,2
22,2926,2
7,1649,2
7,1648,2
17,2165,2
28,1624,2
28,6487,2
35,9806,2
1,5199,2
17,2312,2
1,5183,2
17,2768,2
1,7458,2
19,10400,2
19,4956,2
1,5631,2
2,456,2
2,462,2
1,5187,2
21,1725,2
2,435,2
28,236,2
28,8771,2
28,220,2
19,9740,2
28,3189,2
28,344,2
22,8474,2
22,8473,2
22,10575,2
19,6483,2
19,6484,2
22,1457,2
22,3146,2
22,3145,2
1,3686,2
22,4130,2
17,2321,2
28,211,2
28,302,2
2,9852,2
28,5060,2
1,3691,2
35,847,2
35,791,2
22,3897,2
10,1483,2
22,2806,2
22,3232,2
22,2933,2
22,3896,2
22,2780,2
22,3231,2
22,3230,2
22,530,2
2,9851,2
22,795,2
22,2597,2
22,2596,2
28,1338,2
28,5287,2
22,2576,2
28,1714,2
22,3147,2
28,463,2
22,3144,2
22,4018,2
28,65,2
22,4133,2
22,4132,2
22,3153,2
22,3152,2
22,4017,2
22,3901,2
22,3900,2
17,2176,2
22,4398,2
22,3899,2
22,2694,2
22,3151,2
22,2722,2
22,6504,2
22,3150,2
34,3132,2
6,2518,2
22,4131,2
22,4397,2
22,4396,2
22,2575,2
22,3077,2
22,2577,2
22,2927,2
22,2629,2
22,2678,2
22,3898,2
22,3148,2
35,728,2
22,3076,2
35,911,2
28,1532,2
22,3149,2
22,2936,2
22,2935,2
22,2934,2
34,5332,2
22,2639,2
22,8472,2
22,3890,2
19,3703,2
19,10052,2
19,6482,2
19,6904,2
19,6060,2
28,606,2
22,10572,2
22,3233,2
22,4128,2
19,4955,2
22,5111,2
22,3895,2
18,8944,2
19,8365,2
19,3704,2
22,5110,2
19,6061,2
22,4129,2
1,5204,2
9,6458,2
9,3124,2
22,3075,2
34,5331,2
22,2637,2
22,3142,2
22,3021,2
22,2573,2
22,3891,2
22,2779,2
22,10573,2
22,2595,2
22,3892,2
28,320,2
9,7625,2
2,465,2
28,321,2
9,15836,2
2,9841,2
1,5200,2
19,6485,2
28,3943,2
2,303,2
2,474,2
2,11182,2
28,9872,2
1,6671,2
22,4395,2
22,10574,2
2,9849,2
19,6486,2
22,4900,2
22,10774,2
22,14866,2
28,1692,2
2,9848,2
28,1489,2
22,4899,2
2,9850,2
22,5613,2
22,3894,2
2,9844,2
22,3893,2
22,3143,2
2,9843,2
28,1909,2
2,9842,2
6,452,2
14,195,2
35,606,2
28,1726,2
35,802,2
1,6675,2
1,6674,2
1,6673,2
2,9847,2
2,9846,2
2,9845,2
1,4061,2
28,1886,2
19,710,2
1,6303,2
1,5217,2
1,5209,2
1,5210,2
1,5211,2
9,4337,2
6,2309,2
1,5212,2
1,9842,2
1,4778,2
1,3696,2
1,3697,2
21,3398,2
1,5214,2
16,211,2
16,438,2
6,2055,2
6,2054,2
1,5213,2
1,3393,2
1,5222,2
16,217,2
1,6679,2
1,6680,2
1,6681,2
6,2166,2
6,2459,2
6,2458,2
1,5207,2
6,2313,2
6,2052,2
6,2312,2
6,2311,2
6,2457,2
6,2310,2
6,719,2
6,2456,2
1,5206,2
6,2314,2
6,2302,2
6,2301,2
6,2300,2
6,2299,2
6,2767,2
6,2766,2
1,5203,2
32,8148,2
1,4257,2
6,2053,2
1,3695,2
32,10789,2
6,2308,2
6,1934,2
6,2095,2
6,2230,2
6,2229,2
6,2298,2
6,2090,2
1,4258,2
6,1892,2
6,2096,2
6,1959,2
6,1466,2
6,1224,2
6,2094,2
6,2305,2
6,2304,2
6,2303,2
6,2155,2
32,14867,2
1,6302,2
1,4060,2
6,2455,2
6,2620,2
6,2051,2
6,1935,2
6,2231,2
6,2050,2
32,10786,2
16,405,2
16,185,2
16,253,2
16,294,2
16,295,2
16,309,2
16,328,2
16,280,2
6,2235,2
1,4260,2
6,1908,2
6,2319,2
34,2626,2
19,879,2
16,302,2
1,5215,2
1,4926,2
1,4062,2
1,4063,2
6,2460,2
1,6692,2
1,4262,2
1,4782,2
1,5226,2
20,9990,2
20,7520,2
1,3699,2
1,5227,2
1,5218,2
1,6689,2
1,6687,2
1,6688,2
6,2462,2
6,1814,2
6,2062,2
6,2461,2
6,2173,2
1,9869,2
1,6686,2
1,5219,2
6,2165,2
6,2164,2
6,2163,2
6,2162,2
6,2161,2
6,1936,2
9,1863,2
1,5216,2
1,4927,2
19,10517,2
1,6683,2
19,933,2
1,5220,2
1,5221,2
6,2057,2
9,4336,2
9,4335,2
1,6684,2
1,6685,2
1,6682,2
6,1964,2
6,2463,2
6,2320,2
6,2063,2
6,2234,2
6,2233,2
6,2056,2
6,2167,2
6,2318,2
6,2232,2
6,2316,2
6,2554,2
6,2061,2
6,2172,2
6,2171,2
6,2529,2
6,2060,2
6,2059,2
6,2168,2
6,2058,2
6,2317,2
16,377,2
19,637,2
16,424,2
16,388,2
16,327,2
16,151,2
6,2449,2
6,2448,2
6,2288,2
6,2153,2
6,2135,2
6,2447,2
6,2446,2
35,758,2
16,150,2
1,3692,2
6,1931,2
6,1930,2
6,2031,2
6,2136,2
6,2035,2
6,2034,2
6,2142,2
6,2141,2
6,2033,2
6,2032,2
6,2140,2
6,2139,2
6,2147,2
6,2016,2
6,3059,2
6,3058,2
6,1767,2
6,2551,2
6,2550,2
6,1949,2
6,2225,2
6,2138,2
6,2015,2
6,2146,2
6,2021,2
6,2020,2
6,2019,2
6,2018,2
6,2286,2
6,2083,2
6,2134,2
6,2221,2
6,2220,2
6,1832,2
6,2524,2
6,2287,2
6,2223,2
6,2445,2
6,2007,2
6,1946,2
6,2443,2
6,2219,2
6,2133,2
1,5201,2
6,1950,2
6,3211,2
6,2222,2
6,2523,2
6,2444,2
6,2030,2
6,2029,2
6,2028,2
6,2027,2
6,1928,2
6,2025,2
6,2024,2
6,1948,2
6,4341,2
6,2289,2
6,2137,2
6,2451,2
6,2450,2
6,2022,2
6,2026,2
6,2047,2
6,2046,2
6,1957,2
6,2093,2
6,2154,2
6,2092,2
6,2091,2
6,3987,2
6,2294,2
6,2036,2
1,6304,2
1,6677,2
16,440,2
1,6672,2
16,267,2
6,2152,2
6,2045,2
6,1956,2
6,2044,2
6,2086,2
1,3694,2
19,540,2
32,14868,2
1,5202,2
1,5205,2
1,6678,2
1,5208,2
1,6676,2
6,2454,2
6,2048,2
6,2156,2
6,2043,2
6,2042,2
6,2151,2
6,2553,2
6,2552,2
6,2227,2
6,2453,2
6,2528,2
6,2157,2
6,2039,2
6,2038,2
6,2084,2
6,2145,2
6,2037,2
6,2292,2
6,2291,2
6,3986,2
6,2618,2
6,2297,2
6,2041,2
6,2085,2
6,1932,2
6,1953,2
34,2490,2
19,911,2
6,2290,2
6,2143,2
6,2452,2
6,1933,2
6,2228,2
6,2667,2
6,2089,2
6,2040,2
6,1952,2
16,326,2
6,2013,2
35,9805,2
6,2014,2
6,1330,2
6,1955,2
6,3728,2
6,2226,2
6,2296,2
6,2150,2
6,2149,2
6,2527,2
6,2295,2
6,2148,2
6,2526,2
14,39,2
6,2000,2
14,449,2
14,448,2
6,2280,2
6,2128,2
22,2812,2
22,2811,2
22,2589,2
22,2588,2
1,6691,2
24,2570,2
22,2815,2
22,3092,2
22,3929,2
22,3928,2
22,2587,2
22,2586,2
22,2814,2
22,3927,2
24,7852,2
1,9851,2
22,3925,2
22,3924,2
35,2175,2
22,5416,2
22,3462,2
35,448,2
35,449,2
22,2648,2
9,3201,2
6,2441,2
6,2129,2
14,323,2
6,2130,2
14,171,2
6,2442,2
35,880,2
6,2991,2
1,9852,2
6,2440,2
22,3635,2
22,3634,2
30,4269,2
30,2663,2
14,469,2
6,2283,2
6,2081,2
6,2132,2
6,1831,2
22,4142,2
6,2218,2
9,9334,2
6,2284,2
1,9854,2
9,9666,2
9,9178,2
1,9853,2
35,1216,2
35,934,2
6,2217,2
22,2585,2
22,3633,2
22,3241,2
22,2813,2
6,2438,2
6,1926,2
6,2001,2
22,2819,2
22,2649,2
22,3093,2
22,3931,2
22,3930,2
22,3165,2
22,3637,2
22,2818,2
22,3636,2
22,2817,2
22,2955,2
22,2816,2
24,8258,2
6,2177,2
6,2324,2
6,3423,2
6,2464,2
6,3989,2
22,2540,2
1,9844,2
35,933,2
24,1909,2
22,2632,2
22,3919,2
22,2953,2
22,3163,2
1,9847,2
1,9846,2
1,9845,2
22,3918,2
35,884,2
24,1532,2
1,9843,2
22,10582,2
24,1886,2
22,10581,2
22,3913,2
24,9873,2
22,4403,2
22,4402,2
22,4401,2
22,10048,2
6,2099,2
22,2583,2
22,2582,2
22,2785,2
22,10586,2
22,2738,2
6,2328,2
6,2327,2
6,2326,2
6,2325,2
35,882,2
22,10049,2
35,881,2
22,3029,2
35,883,2
24,5287,2
22,3028,2
22,3461,2
22,2601,2
22,2600,2
22,3917,2
22,8476,2
22,3463,2
22,1890,2
22,3091,2
22,10589,2
22,3926,2
22,10588,2
22,10587,2
22,2633,2
22,2584,2
22,3916,2
22,3915,2
22,3914,2
22,3090,2
22,4141,2
6,2237,2
6,2236,2
22,2647,2
1,9850,2
22,10050,2
22,2954,2
22,2603,2
22,2602,2
22,2631,2
22,3923,2
1,9848,2
22,3922,2
22,3921,2
35,912,2
22,3920,2
1,9849,2
14,191,2
34,1859,2
14,443,2
6,1929,2
1,9866,2
6,2010,2
6,2011,2
1,4263,2
1,6693,2
34,3436,2
9,805,2
1,9868,2
9,2570,2
16,13910,2
16,13911,2
16,13912,2
16,13918,2
16,13921,2
1,4264,2
1,5239,2
34,3066,2
34,3067,2
16,358,2
16,371,2
16,13922,2
16,454,2
16,423,2
16,13915,2
16,351,2
34,4560,2
16,75,2
34,2255,2
16,376,2
6,2131,2
6,2023,2
34,2673,2
14,192,2
34,5337,2
14,341,2
16,359,2
2,10257,2
1,5235,2
1,5236,2
1,4204,2
1,5237,2
1,5238,2
6,2012,2
6,2522,2
16,301,2
1,4265,2
1,4261,2
1,3394,2
1,5224,2
1,4780,2
1,4781,2
21,2545,2
1,5223,2
1,5225,2
21,3113,2
1,6690,2
2,11577,2
2,15888,2
2,10649,2
1,9867,2
1,5240,2
1,5228,2
1,4783,2
1,5229,2
1,5467,2
2,12230,2
1,5231,2
1,5233,2
1,5234,2
1,5232,2
9,788,2
16,6487,2
16,14225,2
24,9346,2
35,867,2
31,10023,2
1,5230,2
6,2765,2
6,2008,2
6,2009,2
9,4903,2
1,9857,2
1,5197,2
1,7460,2
16,379,2
16,370,2
16,288,2
6,2176,2
6,2175,2
6,2323,2
6,2322,2
6,2174,2
6,2065,2
6,2064,2
6,3988,2
6,1816,2
34,2254,2
34,3437,2
9,9177,2
6,2005,2
34,5336,2
6,1945,2
14,213,2
28,10001,2
14,426,2
14,433,2
6,1571,2
14,269,2
1,9855,2
6,1279,2
6,1223,2
6,2080,2
6,2082,2
34,3224,2
6,2285,2
1,9858,2
1,9856,2
6,2066,2
34,3135,2
6,2281,2
34,3223,2
16,233,2
34,5548,2
16,374,2
1,9865,2
16,373,2
6,1815,2
16,210,2
16,13917,2
1,9864,2
16,279,2
16,10999,2
1,9863,2
1,9862,2
16,474,2
16,390,2
16,10998,2
6,2556,2
16,459,2
34,5335,2
16,91,2
16,252,2
1,9859,2
1,9861,2
16,86,2
16,343,2
1,3392,2
16,67,2
1,9860,2
34,1741,2
16,382,2
34,4277,2
34,2105,2
1,7459,2
1,5196,2
1,4921,2
35,4897,2
16,76,2
12,9745,2
19,3416,2
34,5318,2
9,7439,2
9,7438,2
9,7827,2
9,7437,2
12,1744,2
12,911,2
17,2304,2
29,9869,2
19,5682,2
9,7826,2
9,8253,2
34,9835,2
34,5319,2
9,7825,2
11,11279,2
34,4116,2
9,7436,2
9,8251,2
34,3062,2
34,5317,2
12,8548,2
16,179,2
9,7429,2
9,7428,2
16,340,2
9,7427,2
11,11239,2
12,9199,2
34,3063,2
16,434,2
9,7426,2
9,7425,2
9,7424,2
16,291,2
11,11265,2
11,11278,2
12,9197,2
9,7440,2
9,9767,2
9,6637,2
9,7828,2
9,1733,2
16,444,2
12,8546,2
16,355,2
32,6318,2
9,7435,2
16,230,2
9,6314,2
19,6059,2
16,571,2
16,243,2
19,5278,2
19,14820,2
9,6313,2
14,932,2
34,9838,2
9,7434,2
9,6295,2
9,6294,2
9,8252,2
9,8621,2
9,7433,2
16,394,2
16,160,2
16,339,2
16,223,2
12,9196,2
16,189,2
21,1694,2
16,416,2
34,9836,2
21,3448,2
21,4011,2
12,9743,2
16,330,2
16,197,2
16,331,2
16,103,2
31,911,2
14,881,2
29,9867,2
14,882,2
9,8619,2
9,6822,2
9,7897,2
12,8547,2
9,6434,2
9,6433,2
9,6440,2
9,6435,2
9,7567,2
9,7565,2
9,6815,2
9,6437,2
9,6816,2
9,7898,2
9,6818,2
9,6823,2
9,7571,2
29,9865,2
9,6819,2
9,6820,2
9,6821,2
9,3114,2
29,9866,2
16,115,2
9,7568,2
9,6830,2
9,6825,2
19,3415,2
9,6824,2
9,7570,2
16,249,2
19,4331,2
12,9744,2
9,6439,2
9,2516,2
9,6806,2
9,6803,2
9,6805,2
9,6804,2
9,8972,2
9,7889,2
9,6807,2
9,7890,2
9,8334,2
9,7892,2
9,6808,2
9,6432,2
9,8329,2
9,8331,2
9,7432,2
9,7431,2
9,7430,2
9,8620,2
9,7891,2
9,6817,2
9,6829,2
9,6443,2
9,6812,2
29,9868,2
9,7563,2
9,7893,2
9,6814,2
9,6811,2
9,8249,2
9,7564,2
9,8250,2
9,6809,2
9,6810,2
9,8330,2
9,8332,2
9,7895,2
9,7573,2
9,6813,2
9,7896,2
9,7566,2
16,348,2
9,6711,2
21,1678,2
21,1723,2
16,146,2
21,1677,2
34,14952,2
34,14953,2
32,5651,2
16,357,2
34,14958,2
34,9850,2
34,9849,2
34,14941,2
34,14936,2
34,14948,2
34,14959,2
34,10787,2
34,9848,2
34,14968,2
34,14981,2
34,9843,2
34,14974,2
34,9842,2
32,7519,2
34,14985,2
34,14986,2
34,14967,2
34,11654,2
9,5255,2
34,14954,2
34,14975,2
19,12449,2
16,408,2
32,6317,2
19,10399,2
34,9847,2
34,9846,2
34,9845,2
34,14957,2
32,5256,2
34,14955,2
34,14956,2
34,14946,2
34,14947,2
34,12471,2
34,14890,2
34,14923,2
32,7516,2
34,14950,2
34,14917,2
34,11643,2
34,14896,2
34,14897,2
34,14898,2
34,14899,2
34,14934,2
34,14943,2
34,14922,2
32,7517,2
34,14949,2
34,14960,2
34,14963,2
34,14964,2
34,14965,2
32,7518,2
34,14966,2
34,14933,2
34,14931,2
34,14930,2
32,8310,2
34,14944,2
34,11648,2
34,14951,2
34,15759,2
34,14935,2
34,14940,2
34,14929,2
32,5257,2
34,14945,2
34,15016,2
34,15017,2
34,15018,2
34,15019,2
34,15020,2
34,15022,2
34,15021,2
34,15023,2
34,15024,2
32,5652,2
16,345,2
16,337,2
34,14997,2
34,14995,2
12,847,2
34,14994,2
34,14988,2
34,14989,2
34,15003,2
16,366,2
34,9837,2
16,367,2
14,879,2
34,9839,2
16,445,2
16,261,2
12,8545,2
16,201,2
16,321,2
34,15015,2
16,116,2
16,320,2
16,455,2
16,349,2
16,100,2
16,97,2
34,15012,2
34,15013,2
34,15014,2
16,222,2
34,14998,2
34,14999,2
34,15000,2
34,15001,2
34,14990,2
34,14996,2
9,5646,2
16,137,2
34,14970,2
34,15002,2
34,14983,2
34,14961,2
34,14962,2
34,14972,2
34,14969,2
34,14980,2
34,14971,2
34,14976,2
34,9844,2
34,14982,2
34,15005,2
34,15006,2
34,15007,2
34,15004,2
34,15009,2
34,15008,2
34,9841,2
34,15011,2
34,15010,2
34,14991,2
34,14977,2
34,11656,2
34,14973,2
34,14984,2
34,14978,2
34,9840,2
34,14979,2
34,14993,2
34,14987,2
34,14992,2
34,11658,2
9,8352,2
9,8244,2
9,8243,2
20,14215,2
20,14216,2
9,7927,2
9,8350,2
9,6857,2
9,7938,2
9,5995,2
9,7593,2
9,6858,2
9,5681,2
9,7640,2
29,9844,2
9,8242,2
9,9339,2
29,9843,2
9,3703,2
9,7594,2
9,6904,2
29,9841,2
9,3704,2
9,3705,2
9,7952,2
20,12224,2
20,12223,2
20,12222,2
20,12221,2
9,7596,2
9,7595,2
9,8351,2
9,7940,2
9,8012,2
9,7941,2
9,7943,2
9,6863,2
9,7597,2
9,7598,2
9,6861,2
9,9233,2
9,9234,2
9,7933,2
9,6001,2
9,7930,2
9,7931,2
9,8348,2
9,7935,2
29,9850,2
29,9842,2
9,7936,2
9,7934,2
9,7939,2
9,6859,2
9,6856,2
9,6854,2
9,7591,2
9,7592,2
9,2716,2
29,9849,2
9,6855,2
9,7937,2
9,6853,2
29,9848,2
9,6452,2
9,6002,2
34,773,2
9,8241,2
9,8240,2
9,7423,2
9,8239,2
9,7819,2
9,7823,2
29,9847,2
29,9846,2
29,9845,2
9,7822,2
9,6636,2
12,11097,2
9,7412,2
29,9838,2
9,7609,2
9,7414,2
12,8550,2
9,6865,2
12,757,2
9,8357,2
9,8976,2
12,859,2
9,6482,2
9,7611,2
9,6060,2
9,7967,2
20,14211,2
9,7605,2
9,7606,2
9,7607,2
9,7954,2
9,7956,2
9,7610,2
9,7968,2
9,4955,2
9,6866,2
9,7966,2
9,7969,2
29,9836,2
9,7970,2
9,7971,2
9,7975,2
9,7960,2
9,7972,2
9,8365,2
9,7976,2
9,7973,2
20,12107,2
9,7958,2
9,7963,2
9,7964,2
9,7959,2
9,6867,2
9,7948,2
9,7949,2
9,6864,2
9,8353,2
9,8354,2
9,8355,2
9,7603,2
9,7604,2
20,6474,2
9,8975,2
9,7942,2
9,7599,2
9,7600,2
9,7601,2
9,7950,2
9,6453,2
9,4564,2
9,7413,2
9,10052,2
20,14214,2
9,7951,2
9,8356,2
9,10401,2
9,10402,2
9,10403,2
9,6003,2
9,7955,2
9,7608,2
9,7962,2
9,7947,2
20,14213,2
9,7953,2
9,7961,2
29,9839,2
9,7946,2
12,877,2
9,7602,2
9,7944,2
9,7945,2
29,9840,2
9,7957,2
9,2986,2
9,7906,2
9,7569,2
9,7585,2
9,7911,2
9,5680,2
9,7910,2
9,5996,2
29,9857,2
9,6851,2
9,6444,2
9,7907,2
9,6446,2
9,6838,2
9,7917,2
9,7582,2
9,6831,2
9,7575,2
9,7576,2
9,7580,2
29,9853,2
9,6834,2
9,9336,2
9,9337,2
9,7421,2
9,7420,2
9,7821,2
34,5315,2
9,7419,2
34,6476,2
9,8248,2
9,8247,2
9,7418,2
29,9856,2
9,8246,2
29,9855,2
12,9198,2
34,5316,2
9,8245,2
12,8549,2
29,9862,2
29,9861,2
9,6826,2
9,2436,2
9,8337,2
9,8335,2
29,9860,2
9,8973,2
9,7572,2
9,7909,2
9,8336,2
9,8339,2
9,7908,2
9,4950,2
9,7574,2
9,6635,2
16,432,2
9,6441,2
9,8340,2
9,8338,2
9,6835,2
9,6836,2
9,9998,2
9,7901,2
9,6827,2
9,7903,2
9,7904,2
9,8333,2
9,7902,2
29,9863,2
9,6833,2
9,7912,2
9,7905,2
9,7579,2
29,9858,2
9,7900,2
9,6442,2
29,9864,2
9,7899,2
9,6828,2
29,9859,2
9,6059,2
9,7928,2
9,7929,2
9,6000,2
9,7586,2
9,8346,2
9,7922,2
9,7925,2
9,7926,2
9,4951,2
9,6847,2
9,7914,2
9,7577,2
9,6447,2
9,7923,2
9,7918,2
9,8344,2
29,9851,2
9,8345,2
9,6848,2
9,7590,2
9,7587,2
9,7588,2
9,6852,2
9,6845,2
9,6846,2
9,7932,2
9,6448,2
9,6451,2
9,6449,2
9,5710,2
9,10784,2
9,6903,2
9,3206,2
9,7919,2
12,849,2
9,7920,2
9,7589,2
9,7924,2
9,6849,2
9,5277,2
9,6839,2
9,5278,2
9,8341,2
9,7422,2
16,338,2
9,7581,2
9,5678,2
9,6841,2
9,4952,2
9,6837,2
9,7915,2
9,7916,2
9,7583,2
9,7584,2
9,7578,2
9,7913,2
29,9854,2
9,6832,2
9,14127,2
9,5997,2
9,8974,2
9,5998,2
9,5999,2
9,6842,2
9,6850,2
9,9338,2
9,6843,2
9,7921,2
9,6840,2
9,8343,2
9,5258,2
9,6481,2
9,4953,2
9,10129,2
29,9852,2
9,6844,2
9,8680,2
9,8347,2
9,9232,2
9,8342,2
1,5156,2
14,911,2
14,791,2
1,5162,2
34,3433,2
1,5161,2
1,7840,2
14,847,2
19,6481,2
34,14942,2
34,5329,2
34,3434,2
34,3435,2
1,5174,2
19,8012,2
34,5709,2
14,10103,2
14,2670,2
14,1536,2
34,5328,2
21,4535,2
9,5256,2
1,5138,2
22,9847,2
1,3678,2
19,13970,2
9,5257,2
19,10835,2
1,4246,2
14,9131,2
1,4776,2
19,10836,2
22,9850,2
22,9849,2
1,5164,2
1,3668,2
1,5158,2
19,13969,2
9,9638,2
1,4244,2
1,4455,2
1,5167,2
1,5169,2
1,3680,2
9,9811,2
14,10104,2
14,10812,2
14,10811,2
1,5171,2
17,1701,2
17,2444,2
17,2134,2
9,7518,2
9,7517,2
9,7516,2
17,2083,2
17,2285,2
10,1986,2
10,1985,2
17,2451,2
19,9737,2
19,9738,2
19,7640,2
17,2278,2
19,9634,2
22,9851,2
17,807,2
17,1907,2
9,2329,2
1,5175,2
9,2067,2
9,2068,2
19,10834,2
34,12094,2
1,5165,2
9,5650,2
1,5173,2
22,9852,2
19,6318,2
19,10833,2
1,3667,2
9,5649,2
19,10838,2
1,4454,2
19,15985,2
1,4773,2
1,5155,2
14,849,2
1,5154,2
14,876,2
19,13978,2
19,13979,2
22,9841,2
19,15984,2
21,1682,2
14,6556,2
14,6555,2
19,8463,2
22,9842,2
19,13977,2
19,10840,2
16,219,2
1,3389,2
1,8260,2
1,4059,2
14,7754,2
14,10108,2
14,10107,2
14,10106,2
19,9637,2
14,15035,2
19,13982,2
1,4920,2
21,1681,2
7,486,2
1,5157,2
1,5153,2
22,9840,2
10,1988,2
14,6554,2
19,13974,2
19,10837,2
19,13975,2
9,6716,2
22,9844,2
19,11678,2
19,13976,2
22,9843,2
14,10813,2
1,5160,2
14,4651,2
14,15034,2
14,7752,2
22,9848,2
19,15983,2
19,10549,2
1,4245,2
16,292,2
1,5177,2
14,10105,2
34,4276,2
34,3216,2
1,5151,2
1,5149,2
1,4775,2
34,3217,2
1,3390,2
16,259,2
16,296,2
19,13973,2
10,1987,2
1,5163,2
19,11679,2
22,9846,2
22,9845,2
19,11680,2
10,1883,2
19,13971,2
19,13972,2
19,8460,2
1,5172,2
1,5168,2
9,9812,2
1,5191,2
1,4253,2
16,226,2
1,5188,2
35,6062,2
35,6063,2
17,2618,2
17,2765,2
19,5258,2
19,5710,2
19,10784,2
22,9865,2
19,6903,2
1,5193,2
17,2086,2
17,2306,2
22,9866,2
1,5194,2
22,9859,2
1,11052,2
10,2504,2
1,5176,2
10,1981,2
10,2505,2
22,9864,2
1,5182,2
1,5185,2
1,4314,2
22,9862,2
22,9861,2
1,4312,2
17,2227,2
1,4313,2
17,2552,2
22,9860,2
17,2553,2
14,1072,2
22,9863,2
1,6669,2
9,6318,2
1,5189,2
17,2095,2
17,2308,2
10,1983,2
28,1579,2
17,2309,2
17,2049,2
17,2091,2
1,7841,2
16,300,2
1,5192,2
10,1636,2
1,5180,2
17,2993,2
17,2454,2
22,9868,2
17,2303,2
1,5184,2
19,7620,2
19,10785,2
17,2092,2
19,9739,2
17,2154,2
17,2093,2
17,2528,2
17,2766,2
17,2767,2
1,4248,2
10,3044,2
17,2300,2
17,2667,2
17,2297,2
17,2229,2
17,2296,2
17,2226,2
22,9867,2
28,1602,2
17,2299,2
17,2445,2
17,2223,2
17,2287,2
17,2524,2
10,1984,2
9,7519,2
19,5646,2
17,2446,2
17,2447,2
10,1697,2
17,2136,2
17,2288,2
22,9854,2
17,2448,2
17,2449,2
22,9853,2
14,15032,2
14,10808,2
17,2450,2
17,2135,2
17,1831,2
17,2129,2
17,2130,2
10,1901,2
9,8310,2
17,2442,2
34,5330,2
17,2216,2
9,10072,2
17,2222,2
19,5257,2
17,2521,2
17,2439,2
17,2440,2
17,2441,2
1,3683,2
1,3682,2
19,5652,2
1,5166,2
1,5159,2
10,2207,2
1,3975,2
1,3974,2
1,4249,2
1,4252,2
1,5181,2
14,15033,2
14,10039,2
17,2294,2
17,2140,2
17,2148,2
17,2295,2
17,2527,2
17,2452,2
17,2143,2
17,2290,2
17,2291,2
17,2292,2
35,2330,2
1,11053,2
1,5178,2
10,2506,2
10,3972,2
17,2138,2
9,5651,2
9,6317,2
17,2225,2
17,2550,2
22,9856,2
22,9857,2
22,9855,2
9,5652,2
17,2551,2
17,486,2
22,9858,2
1,5170,2
1,4251,2
10,1825,2
17,2525,2
1,4250,2
28,3421,2
14,755,2
16,194,2
32,5860,2
14,709,2
10,2511,2
16,208,2
9,3111,2
32,7512,2
32,2911,2
19,13981,2
32,3048,2
24,10085,2
24,257,2
34,9864,2
32,5647,2
24,268,2
34,9863,2
34,9862,2
34,9861,2
34,9865,2
34,9856,2
34,14874,2
34,9859,2
34,14872,2
32,9298,2
34,11604,2
34,14875,2
34,9858,2
16,158,2
16,188,2
16,290,2
34,9857,2
16,260,2
14,1891,2
24,221,2
24,172,2
16,308,2
34,9860,2
32,7513,2
32,4326,2
24,271,2
9,4067,2
24,3429,2
24,250,2
32,6712,2
34,9866,2
24,258,2
21,2269,2
32,7511,2
16,277,2
16,228,2
16,298,2
16,299,2
10,1763,2
16,229,2
16,82,2
9,7511,2
14,3137,2
9,6712,2
16,395,2
31,847,2
16,391,2
14,850,2
16,212,2
14,897,2
21,1724,2
21,3201,2
16,235,2
21,3095,2
16,383,2
32,57,2
16,221,2
14,773,2
21,1875,2
16,276,2
16,429,2
16,375,2
16,297,2
32,6316,2
16,207,2
34,14892,2
34,9852,2
34,14912,2
34,14916,2
34,14913,2
34,14904,2
34,14911,2
32,5649,2
34,14905,2
34,14873,2
34,14886,2
34,14906,2
34,14903,2
34,14902,2
34,12469,2
34,14910,2
34,14893,2
34,14914,2
34,14919,2
34,8543,2
34,14937,2
34,14938,2
34,14939,2
34,14932,2
34,14920,2
34,9851,2
34,14921,2
34,14924,2
34,14925,2
34,14927,2
32,4788,2
34,14928,2
34,14894,2
34,14889,2
34,14891,2
34,14915,2
34,14901,2
34,14900,2
32,5650,2
34,14926,2
34,14877,2
34,14909,2
34,14887,2
34,2074,2
14,860,2
14,53,2
9,4787,2
21,1873,2
24,187,2
34,14895,2
19,7619,2
24,326,2
9,5648,2
24,212,2
24,280,2
14,434,2
34,2491,2
34,14870,2
34,14871,2
34,9854,2
32,6716,2
34,14918,2
21,1676,2
19,8542,2
34,9853,2
34,1744,2
32,7514,2
34,14879,2
34,14883,2
34,14878,2
34,14880,2
34,14881,2
34,14888,2
34,14882,2
34,14884,2
34,11605,2
34,14908,2
34,14907,2
34,14876,2
34,9855,2
34,14885,2
34,5325,2
1,5148,2
1,5146,2
22,9838,2
23,416,2
23,9999,2
23,7983,2
25,13631,2
1,3655,2
14,859,2
1,5147,2
1,6298,2
21,3595,2
1,5145,2
22,9837,2
1,5142,2
1,5141,2
1,5144,2
14,5515,2
1,3588,2
9,2327,2
34,9869,2
9,2328,2
9,2465,2
9,2466,2
14,4652,2
9,2236,2
32,6313,2
22,9836,2
22,9835,2
9,2467,2
9,2468,2
9,2469,2
1,5150,2
10,1884,2
21,1680,2
21,1679,2
10,4512,2
1,5152,2
9,2237,2
16,451,2
16,344,2
21,2612,2
16,362,2
10,1914,2
14,858,2
34,5326,2
10,1761,2
14,10817,2
14,7759,2
14,728,2
16,336,2
16,80,2
19,13980,2
16,238,2
16,397,2
16,83,2
14,2216,2
19,10839,2
34,5327,2
14,7758,2
14,7756,2
14,7755,2
14,5514,2
14,10109,2
14,1123,2
1,5143,2
10,1762,2
1,4243,2
22,9839,2
9,2958,2
16,216,2
21,1876,2
16,446,2
34,5323,2
34,5324,2
16,398,2
9,4788,2
16,256,2
16,404,2
9,3934,2
16,234,2
9,5860,2
14,877,2
14,878,2
34,9868,2
16,204,2
34,2259,2
16,205,2
16,169,2
9,2326,2
16,187,2
34,2106,2
34,2533,2
34,2257,2
9,2911,2
16,172,2
16,186,2
21,3051,2
32,5255,2
10,1885,2
9,5647,2
34,1974,2
16,242,2
16,352,2
34,9867,2
34,2492,2
16,401,2
10,2510,2
16,312,2
9,6316,2
14,848,2
9,4326,2
21,1874,2
34,5320,2
34,5321,2
34,3626,2
34,5322,2
34,5708,2
21,1861,2
16,240,2
34,2566,2
34,2256,2
16,133,2
9,7513,2
16,419,2
32,6314,2
16,399,2
16,178,2
16,314,2
16,109,2
1,4774,2
9,5282,2
10,2118,2
1,6668,2
9,2099,2
9,2917,2
10,2507,2
10,2508,2
9,2325,2
9,7512,2
10,2509,2
1,5140,2
9,2100,2
10,1852,2
9,2470,2
9,1744,2
1,3653,2
1,3652,2
16,396,2
14,5516,2
16,125,2
34,3878,2
16,227,2
32,5646,2
34,2258,2
14,931,2
14,5520,2
14,5519,2
14,5518,2
14,5517,2
32,8298,2
17,120,2
17,677,2
24,1463,2
10,10444,2
17,688,2
10,10018,2
24,1409,2
9,2085,2
24,1514,2
24,1410,2
27,128,2
27,127,2
24,1628,2
24,1517,2
27,131,2
27,123,2
10,2110,2
24,1220,2
19,5647,2
19,8952,2
24,1336,2
22,9876,2
4,209,2
4,66,2
29,4938,2
4,442,2
16,3039,2
24,1219,2
24,1467,2
24,1380,2
24,972,2
2,8280,2
9,8540,2
4,503,2
9,3129,2
27,232,2
27,145,2
27,283,2
27,129,2
27,218,2
27,162,2
27,134,2
27,122,2
27,407,2
27,199,2
27,79,2
27,372,2
27,318,2
27,386,2
27,78,2
27,247,2
27,322,2
27,195,2
27,193,2
27,113,2
27,121,2
27,117,2
6,1890,2
16,7847,2
16,4227,2
27,441,2
27,325,2
27,324,2
27,392,2
27,387,2
27,118,2
27,130,2
27,266,2
27,265,2
24,1359,2
24,1144,2
24,1329,2
24,1484,2
24,1450,2
24,1230,2
24,1337,2
24,1407,2
9,2561,2
11,12120,2
24,1596,2
24,2183,2
5,66,2
24,2184,2
24,1469,2
24,1470,2
24,1231,2
11,14115,2
24,720,2
29,12008,2
24,1227,2
24,1228,2
24,1048,2
24,1283,2
24,1229,2
5,878,2
5,847,2
5,911,2
24,1221,2
5,791,2
5,858,2
24,1277,2
24,1468,2
24,1138,2
24,1139,2
5,877,2
24,736,2
24,1143,2
24,109,2
4,421,2
4,422,2
24,1217,2
4,420,2
24,1216,2
4,156,2
9,11564,2
24,1408,2
24,1471,2
24,45,2
24,1451,2
24,1287,2
24,1519,2
4,264,2
24,1352,2
24,1285,2
24,1284,2
24,1452,2
16,3560,2
24,1453,2
10,2264,2
24,1590,2
16,13466,2
9,9162,2
5,290,2
9,14225,2
4,232,2
24,1381,2
4,441,2
10,2675,2
24,1454,2
9,6487,2
27,297,2
27,229,2
27,136,2
27,222,2
27,299,2
27,298,2
27,228,2
27,108,2
28,2211,2
27,330,2
27,399,2
27,319,2
27,380,2
28,9794,2
28,8713,2
28,510,2
27,207,2
27,100,2
27,384,2
27,34,2
27,444,2
27,316,2
27,248,2
27,183,2
27,532,2
27,321,2
27,357,2
27,179,2
27,74,2
27,331,2
27,332,2
27,143,2
27,402,2
27,146,2
27,158,2
16,4228,2
24,146,2
14,51,2
10,2108,2
9,5879,2
27,208,2
27,337,2
14,52,2
27,458,2
27,479,2
27,84,2
27,144,2
27,1733,2
27,212,2
10,2109,2
9,5880,2
27,345,2
9,8539,2
10,1717,2
27,408,2
27,391,2
27,261,2
27,455,2
27,194,2
24,1044,2
24,1286,2
24,1573,2
24,2104,2
10,5701,2
28,8714,2
10,2262,2
28,9798,2
10,2263,2
24,1382,2
24,1572,2
27,526,2
27,209,2
27,422,2
27,421,2
27,271,2
27,88,2
27,101,2
27,230,2
27,156,2
27,264,2
27,420,2
27,403,2
27,317,2
27,236,2
27,385,2
27,246,2
27,310,2
27,120,2
27,153,2
27,206,2
27,90,2
27,406,2
27,138,2
27,369,2
27,368,2
27,534,2
27,176,2
27,278,2
27,281,2
27,173,2
27,175,2
27,119,2
27,177,2
27,282,2
27,93,2
27,840,2
27,439,2
27,442,2
27,411,2
27,1483,2
27,223,2
27,305,2
27,270,2
27,389,2
27,126,2
27,231,2
27,225,2
27,103,2
27,249,2
27,291,2
27,166,2
27,161,2
27,245,2
27,244,2
27,181,2
27,160,2
27,164,2
27,367,2
27,112,2
27,224,2
27,409,2
27,167,2
27,342,2
27,356,2
27,507,2
27,98,2
27,417,2
27,435,2
27,410,2
27,190,2
34,220,2
34,284,2
34,225,2
34,231,2
4,681,2
4,633,2
23,3985,2
24,1282,2
23,3720,2
34,167,2
34,190,2
34,224,2
4,686,2
34,87,2
34,340,2
34,201,2
23,4789,2
34,181,2
34,119,2
34,199,2
34,333,2
34,322,2
34,334,2
34,171,2
34,153,2
34,164,2
24,1379,2
23,4070,2
4,688,2
24,1402,2
19,8954,2
19,2223,2
34,179,2
34,263,2
34,324,2
4,668,2
34,116,2
34,464,2
4,222,2
34,416,2
23,1462,2
29,8275,2
34,54,2
34,461,2
34,304,2
34,261,2
34,445,2
34,444,2
34,148,2
34,137,2
34,316,2
2,11232,2
34,84,2
34,357,2
34,367,2
4,677,2
34,348,2
23,3410,2
24,1377,2
19,14208,2
24,1411,2
24,1447,2
24,764,2
4,774,2
24,1403,2
24,1378,2
23,3719,2
24,1586,2
24,1449,2
24,1142,2
38,634,2
16,4930,2
19,3418,2
4,736,2
19,606,2
23,3721,2
4,699,2
4,665,2
2,8279,2
21,1218,2
21,654,2
19,4565,2
21,736,2
21,3121,2
24,1334,2
4,676,2
4,649,2
23,2988,2
30,8258,2
16,465,2
17,58,2
17,65,2
34,12221,2
19,676,2
4,764,2
2,9282,2
4,790,2
23,3119,2
19,729,2
4,679,2
17,59,2
21,3598,2
19,2126,2
19,672,2
19,1220,2
24,1366,2
24,1042,2
24,1276,2
4,729,2
16,4420,2
4,672,2
4,446,2
16,3559,2
34,236,2
34,161,2
34,88,2
34,191,2
4,775,2
34,341,2
34,192,2
4,416,2
29,7506,2
10,662,2
4,339,2
4,243,2
21,2985,2
17,51,2
29,8273,2
2,9283,2
34,325,2
23,3722,2
34,456,2
4,680,2
34,457,2
34,478,2
34,335,2
34,237,2
34,152,2
29,8278,2
34,323,2
21,11408,2
21,11409,2
21,12146,2
34,326,2
34,203,2
21,5278,2
21,11410,2
4,765,2
21,12150,2
21,4790,2
21,5277,2
24,1226,2
24,790,2
24,1448,2
21,3600,2
5,841,2
21,1220,2
34,280,2
34,307,2
21,11403,2
21,5997,2
21,12143,2
34,296,2
34,132,2
34,141,2
21,11407,2
34,200,2
19,1217,2
34,359,2
34,311,2
21,4952,2
21,11405,2
21,11406,2
21,6847,2
34,388,2
5,757,2
24,1335,2
16,3575,2
34,67,2
34,86,2
34,293,2
5,2561,2
24,1218,2
34,124,2
5,848,2
24,1140,2
5,859,2
24,1358,2
24,1365,2
24,1049,2
10,5314,2
34,370,2
24,1137,2
24,1587,2
24,1588,2
24,1589,2
24,1351,2
5,876,2
24,1556,2
24,1516,2
24,1406,2
5,849,2
16,9757,2
3,14331,2
2,3972,2
9,13717,2
24,1527,2
29,2980,2
24,1595,2
24,752,2
34,513,2
34,514,2
34,221,2
34,187,2
34,172,2
34,169,2
34,276,2
34,89,2
34,135,2
34,260,2
34,401,2
34,451,2
34,298,2
34,299,2
4,464,2
34,229,2
34,8450,2
34,400,2
34,290,2
34,315,2
2,11977,2
34,149,2
34,170,2
34,404,2
34,446,2
34,234,2
34,467,2
34,463,2
34,228,2
23,2915,2
34,312,2
34,240,2
23,3409,2
23,4328,2
34,242,2
34,211,2
34,327,2
34,256,2
34,235,2
24,1540,2
24,1541,2
34,351,2
21,12147,2
34,395,2
21,3418,2
21,4565,2
34,423,2
21,12149,2
34,279,2
34,180,2
34,75,2
34,185,2
21,12148,2
23,2759,2
34,329,2
34,364,2
34,361,2
3,2499,2
34,114,2
34,302,2
34,259,2
23,13631,2
21,12144,2
21,12145,2
21,11404,2
34,292,2
34,226,2
34,274,2
34,363,2
34,217,2
34,178,2
9,2524,2
9,2446,2
24,1045,2
24,1415,2
24,1367,2
24,1630,2
27,227,2
9,2964,2
27,139,2
27,301,2
27,185,2
27,180,2
24,1584,2
0,436,2
0,437,2
24,1570,2
27,289,2
27,280,2
27,188,2
27,219,2
27,216,2
27,537,2
24,1348,2
24,729,2
24,1552,2
2,13717,2
24,1043,2
9,2223,2
27,96,2
27,259,2
27,256,2
27,132,2
9,2287,2
2,10160,2
9,2445,2
27,233,2
27,374,2
27,373,2
27,210,2
27,438,2
27,60,2
24,1597,2
27,451,2
9,2083,2
9,2286,2
16,3584,2
6,15061,2
6,12393,2
6,5116,2
6,5122,2
27,217,2
24,1598,2
27,446,2
27,168,2
27,170,2
27,5918,2
27,463,2
27,295,2
27,83,2
27,169,2
27,89,2
27,361,2
27,254,2
6,6124,2
6,10059,2
24,3449,2
9,2447,2
9,2135,2
27,405,2
27,267,2
9,1571,2
9,2765,2
24,8448,2
24,10569,2
9,2008,2
9,2009,2
9,2010,2
27,186,2
16,7840,2
9,2131,2
9,2216,2
9,2283,2
9,2020,2
9,2021,2
9,1928,2
26,849,2
26,791,2
16,9815,2
16,9816,2
16,9242,2
16,9243,2
9,2220,2
26,1929,2
9,2221,2
9,2134,2
9,2285,2
22,1908,2
24,2668,2
24,1583,2
24,1569,2
9,2007,2
22,1855,2
9,2082,2
16,3582,2
9,1946,2
26,847,2
9,2017,2
24,1233,2
24,413,2
9,2030,2
1,456,2
9,2444,2
16,3958,2
9,2523,2
24,1582,2
9,2222,2
24,1417,2
27,275,2
27,125,2
27,242,2
27,238,2
24,1290,2
16,3581,2
9,2022,2
24,1416,2
2,15858,2
20,6318,2
9,2023,2
9,1929,2
9,2024,2
9,2016,2
9,2011,2
9,2012,2
9,2522,2
9,2013,2
9,2014,2
22,3425,2
16,3959,2
9,2015,2
9,2025,2
9,2040,2
16,3585,2
9,1953,2
16,8260,2
9,2140,2
9,2032,2
9,2033,2
27,397,2
16,3961,2
9,2142,2
9,2034,2
9,1951,2
9,2035,2
6,12409,2
9,2036,2
16,3962,2
9,2141,2
9,1950,2
9,1832,2
19,1379,2
20,5256,2
9,2031,2
9,1930,2
9,1931,2
19,1218,2
9,1952,2
9,2136,2
16,3960,2
27,203,2
27,211,2
9,2288,2
9,2146,2
20,5257,2
9,2147,2
9,2139,2
9,2526,2
9,2295,2
9,2527,2
9,2087,2
9,2088,2
9,2149,2
9,2150,2
9,2452,2
9,2226,2
9,2453,2
6,6559,2
9,2227,2
9,2992,2
9,1932,2
9,1954,2
20,5649,2
9,2296,2
1,8280,2
9,1933,2
9,2618,2
20,3597,2
6,4411,2
9,2666,2
9,2293,2
9,2086,2
9,2039,2
9,2037,2
1,1459,2
9,2144,2
20,5650,2
6,5447,2
9,2145,2
9,2084,2
9,2038,2
9,2294,2
9,2451,2
9,2137,2
9,2224,2
6,4207,2
6,4206,2
24,1464,2
6,4205,2
24,1146,2
9,1947,2
9,2289,2
9,1948,2
9,2138,2
9,2225,2
9,2026,2
9,2027,2
9,2028,2
16,6633,2
27,253,2
27,17,2
27,307,2
27,326,2
27,33,2
1,7510,2
16,3583,2
9,1927,2
9,2450,2
9,2019,2
6,6558,2
9,2448,2
9,2449,2
20,6317,2
16,4234,2
20,7519,2
1,1577,2
9,2018,2
27,398,2
27,419,2
27,555,2
27,376,2
27,379,2
27,288,2
27,311,2
27,140,2
9,2029,2
24,1419,2
20,7516,2
20,7517,2
20,7518,2
9,3211,2
6,5121,2
24,1234,2
20,8310,2
27,279,2
9,2143,2
9,2290,2
9,2291,2
20,5652,2
16,4233,2
6,3383,2
9,2292,2
9,1767,2
27,393,2
20,5651,2
6,5120,2
24,1420,2
24,1421,2
24,1619,2
24,1292,2
9,3059,2
6,4208,2
9,3058,2
26,880,2
14,300,2
16,3566,2
2,9285,2
21,3401,2
16,4231,2
21,2984,2
16,5449,2
10,2259,2
16,4229,2
14,62,2
14,43,2
29,8274,2
16,4225,2
26,912,2
29,10278,2
10,2074,2
22,8672,2
22,9231,2
14,36,2
10,2185,2
2,8287,2
22,8671,2
27,155,2
27,147,2
2,8284,2
2,8286,2
26,934,2
22,8669,2
16,10186,2
16,3565,2
14,65,2
16,5889,2
10,2674,2
27,133,2
19,1137,2
29,8277,2
22,9795,2
19,1216,2
10,2533,2
10,2106,2
14,301,2
29,8279,2
22,8674,2
16,3579,2
22,8673,2
10,2491,2
10,2258,2
10,3878,2
26,897,2
21,676,2
22,8675,2
26,879,2
29,8276,2
26,884,2
9,5468,2
9,5469,2
10,2492,2
16,3576,2
10,1974,2
19,654,2
2,7509,2
22,3212,2
22,2622,2
19,3121,2
26,860,2
19,679,2
26,848,2
21,12153,2
14,55,2
10,4376,2
22,3424,2
9,1938,2
9,8531,2
9,5434,2
9,5435,2
9,8535,2
22,9794,2
9,8534,2
9,5433,2
9,5432,2
9,3594,2
24,1413,2
24,1145,2
24,1412,2
24,1435,2
9,8533,2
22,596,2
22,595,2
22,1938,2
2,8281,2
16,3561,2
9,3428,2
2,9284,2
16,4421,2
10,779,2
9,3431,2
10,2493,2
16,2609,2
22,4766,2
27,243,2
27,354,2
16,3562,2
10,2261,2
9,3430,2
24,1278,2
24,1455,2
27,105,2
27,234,2
27,240,2
27,383,2
27,106,2
24,1360,2
27,395,2
27,315,2
22,8713,2
24,1353,2
24,1594,2
24,1414,2
24,1383,2
9,9176,2
27,329,2
16,3563,2
22,9793,2
16,3564,2
22,9792,2
22,8668,2
24,1232,2
24,1050,2
16,3040,2
10,2260,2
24,2069,2
24,1361,2
2,8283,2
2,8282,2
22,8670,2
24,1288,2
24,1289,2
16,3956,2
22,9791,2
21,6450,2
21,14149,2
21,2436,2
9,1995,2
9,1701,2
9,2278,2
16,6632,2
16,3577,2
9,1945,2
22,1892,2
22,719,2
9,2080,2
9,2006,2
9,2521,2
9,2439,2
10,1741,2
9,2279,2
26,859,2
10,2255,2
9,2001,2
22,8714,2
9,2002,2
22,9798,2
9,2003,2
9,2520,2
21,12154,2
16,11747,2
9,2005,2
26,2561,2
22,9801,2
9,1925,2
16,5130,2
9,2215,2
9,1994,2
9,2004,2
22,8679,2
9,2132,2
22,9804,2
9,1831,2
22,9803,2
9,2217,2
9,2218,2
9,2440,2
10,2254,2
9,2133,2
9,2219,2
16,3957,2
9,2443,2
16,10162,2
24,12340,2
16,9814,2
9,2284,2
10,2105,2
9,2441,2
9,2129,2
9,2130,2
9,2442,2
16,464,2
9,2991,2
9,2281,2
24,1715,2
22,7734,2
9,1999,2
9,2000,2
22,9802,2
9,2280,2
9,2081,2
24,1362,2
24,1291,2
9,2282,2
29,7509,2
27,260,2
27,362,2
27,178,2
27,239,2
27,327,2
27,274,2
22,9799,2
27,292,2
27,336,2
27,150,2
27,296,2
27,200,2
27,300,2
14,150,2
22,9796,2
27,226,2
21,565,2
21,5282,2
16,4232,2
21,12151,2
21,1044,2
21,2126,2
21,12152,2
21,11411,2
16,3580,2
2,8289,2
14,47,2
2,8288,2
10,2256,2
10,2566,2
10,2257,2
26,81,2
26,1000,2
16,3954,2
10,2490,2
9,1997,2
9,2518,2
9,1998,2
16,3567,2
2,8292,2
29,8283,2
16,3387,2
10,2673,2
22,1955,2
9,2438,2
22,8678,2
22,8677,2
22,8676,2
9,1926,2
22,9800,2
26,3137,2
9,2128,2
16,3578,2
26,704,2
29,8281,2
29,10280,2
26,850,2
9,2519,2
2,8291,2
27,80,2
9,1996,2
16,10164,2
26,678,2
22,9797,2
2,8290,2
29,8288,2
14,59,2
9,807,2
9,1907,2
16,10163,2
3,46,2
21,7735,2
11,58,2
21,7832,2
22,755,2
15,34,2
3,821,2
16,491,2
3,62,2
24,14131,2
11,45,2
33,290,2
11,393,2
11,254,2
10,15880,2
33,847,2
15,38,2
3,898,2
28,165,2
11,61,2
28,214,2
3,899,2
3,43,2
28,934,2
28,193,2
3,48,2
28,195,2
3,52,2
28,287,2
28,202,2
11,3032,2
3,2111,2
11,97,2
15,167,2
24,14132,2
24,14133,2
20,688,2
20,680,2
11,30,2
33,757,2
21,9734,2
20,686,2
11,3183,2
11,69,2
11,4215,2
33,859,2
20,665,2
16,3034,2
33,2561,2
11,3649,2
33,848,2
16,3552,2
20,9806,2
3,56,2
22,850,2
3,15,2
33,66,2
11,57,2
11,203,2
11,3545,2
33,858,2
11,3385,2
11,364,2
11,5620,2
11,1899,2
33,911,2
2,3567,2
21,9733,2
33,791,2
20,729,2
15,108,2
19,8559,2
11,772,2
22,907,2
28,213,2
10,3186,2
11,49,2
9,9755,2
28,933,2
22,724,2
28,162,2
11,54,2
30,6708,2
30,6707,2
30,6004,2
30,369,2
28,912,2
10,684,2
20,679,2
3,53,2
28,883,2
20,699,2
22,860,2
20,676,2
22,848,2
3,3,2
11,53,2
3,2112,2
30,467,2
30,6706,2
28,884,2
24,14128,2
30,2760,2
22,897,2
11,450,2
20,619,2
3,55,2
12,534,2
12,526,2
11,56,2
12,634,2
19,9755,2
11,48,2
24,14130,2
28,286,2
28,285,2
11,42,2
3,908,2
3,589,2
11,311,2
11,2700,2
11,50,2
11,46,2
11,491,2
3,7,2
30,368,2
30,9277,2
5,897,2
30,432,2
30,1744,2
3,33,2
30,458,2
30,445,2
30,416,2
30,189,2
3,759,2
11,215,2
22,641,2
11,465,2
30,201,2
2,3563,2
2,3564,2
16,3036,2
11,3546,2
33,918,2
16,3037,2
20,765,2
24,10394,2
8,1725,2
11,315,2
21,9738,2
21,9737,2
21,8542,2
16,3555,2
16,4224,2
11,354,2
22,2561,2
2,3566,2
16,3953,2
16,3035,2
22,772,2
22,841,2
11,239,2
2,3040,2
2,4421,2
22,576,2
11,10831,2
11,8109,2
33,850,2
2,3562,2
2,3039,2
16,8261,2
2,3561,2
16,4512,2
21,12449,2
33,932,2
8,1682,2
22,728,2
16,3188,2
11,304,2
10,661,2
33,907,2
21,9740,2
2,5888,2
5,918,2
21,3136,2
2,9757,2
34,5314,2
11,4218,2
8,1681,2
2,3188,2
33,3129,2
11,3650,2
21,9739,2
21,6453,2
21,10785,2
8,4535,2
11,4909,2
2,3560,2
11,692,2
33,860,2
16,3038,2
11,2742,2
10,832,2
11,305,2
33,897,2
10,637,2
33,880,2
2,3559,2
16,3557,2
33,876,2
22,858,2
11,4216,2
33,849,2
11,1532,2
20,681,2
11,3033,2
11,329,2
21,10640,2
24,244,2
24,245,2
11,576,2
24,270,2
11,200,2
20,9807,2
25,1567,2
16,4223,2
33,841,2
24,14134,2
24,14135,2
16,3553,2
20,633,2
33,878,2
33,877,2
11,3184,2
11,361,2
22,878,2
11,32,2
11,3948,2
11,74,2
11,289,2
22,918,2
11,33,2
21,9736,2
11,60,2
9,7491,2
9,13466,2
33,1708,2
2,4225,2
2,3565,2
20,668,2
21,12438,2
11,52,2
11,4304,2
9,6309,2
33,755,2
22,3137,2
33,773,2
16,3187,2
2,5889,2
11,51,2
22,859,2
21,8541,2
22,730,2
21,9735,2
21,11387,2
21,14138,2
21,1137,2
16,3554,2
21,14139,2
21,1568,2
9,10186,2
9,10162,2
9,10161,2
9,9814,2
9,9815,2
9,9816,2
11,55,2
9,10163,2
9,10164,2
20,677,2
10,588,2
28,179,2
3,450,2
10,3546,2
20,658,2
3,3451,2
38,3705,2
28,879,2
28,42,2
28,192,2
28,191,2
28,208,2
28,66,2
10,3097,2
20,9805,2
28,471,2
28,58,2
19,8548,2
19,8549,2
28,465,2
9,9196,2
9,8551,2
28,56,2
19,8550,2
3,914,2
28,300,2
28,50,2
10,3033,2
5,934,2
19,9199,2
38,3703,2
10,3650,2
3,39,2
10,643,2
9,9743,2
28,791,2
28,858,2
3,49,2
3,37,2
28,35,2
28,847,2
38,3704,2
28,470,2
15,39,2
28,29,2
28,301,2
15,378,2
28,859,2
15,153,2
9,8552,2
28,848,2
12,482,2
28,82,2
10,4218,2
28,1907,2
28,61,2
19,9746,2
5,880,2
20,566,2
5,860,2
28,911,2
20,604,2
28,97,2
9,8545,2
9,9748,2
5,907,2
9,8149,2
28,269,2
19,8544,2
5,932,2
10,3183,2
9,1924,2
1,6491,2
9,8549,2
1,6490,2
19,9196,2
28,469,2
19,8547,2
19,8545,2
10,3948,2
5,884,2
9,11097,2
38,530,2
5,883,2
19,9744,2
28,39,2
10,2774,2
10,657,2
10,1864,2
5,881,2
5,882,2
5,879,2
9,8548,2
19,772,2
10,2700,2
28,40,2
9,8547,2
10,5663,2
19,9197,2
19,9743,2
10,3545,2
19,8546,2
6,9805,2
9,9198,2
10,3032,2
28,49,2
19,9745,2
10,4216,2
28,37,2
28,48,2
28,46,2
10,4908,2
3,940,2
19,9198,2
10,3649,2
38,5258,2
9,9746,2
9,8546,2
10,3184,2
10,3385,2
10,4215,2
9,9747,2
9,9744,2
5,912,2
5,933,2
9,8550,2
9,9197,2
9,9199,2
28,53,2
9,8544,2
6,9806,2
15,101,2
15,181,2
15,271,2
15,37,2
15,161,2
15,88,2
9,9745,2
6,9807,2
5,450,2
20,736,2
3,768,2
28,158,2
3,769,2
19,8556,2
9,9754,2
9,8555,2
28,59,2
9,9752,2
28,918,2
20,687,2
11,40,2
3,2113,2
22,881,2
10,638,2
34,8310,2
22,884,2
10,4221,2
20,752,2
28,55,2
10,4222,2
19,8554,2
28,222,2
28,52,2
9,9753,2
19,9752,2
19,8553,2
3,29,2
3,61,2
20,790,2
28,51,2
15,6319,2
15,6320,2
35,571,2
22,932,2
19,8558,2
9,8557,2
19,9753,2
7,10787,2
19,9754,2
22,3129,2
28,882,2
10,3384,2
10,4910,2
28,880,2
19,8557,2
28,860,2
20,654,2
3,502,2
28,507,2
24,14127,2
28,881,2
3,57,2
19,8555,2
20,4897,2
15,236,2
9,8559,2
15,224,2
15,190,2
15,56,2
28,3129,2
9,8558,2
15,50,2
28,932,2
24,6715,2
24,555,2
11,469,2
22,879,2
28,907,2
28,897,2
3,50,2
9,9749,2
28,876,2
10,3098,2
28,57,2
10,4909,2
25,491,2
22,933,2
28,43,2
28,60,2
22,880,2
28,32,2
28,74,2
19,9749,2
28,273,2
28,272,2
10,2742,2
28,841,2
3,465,2
28,41,2
28,878,2
28,877,2
20,1625,2
12,927,2
28,849,2
28,69,2
3,913,2
19,9747,2
3,909,2
28,2561,2
28,45,2
28,150,2
28,47,2
12,930,2
19,8551,2
28,33,2
15,6430,2
19,9751,2
9,8554,2
22,882,2
10,3548,2
9,8556,2
20,655,2
9,9750,2
3,21,2
10,3949,2
15,6321,2
28,850,2
28,755,2
3,38,2
28,773,2
20,764,2
19,9750,2
19,8149,2
10,2776,2
19,9748,2
10,4219,2
20,720,2
5,3129,2
9,8553,2
28,1708,2
9,9751,2
19,8552,2
3,1668,2
7,8544,2
28,576,2
10,4220,2
22,912,2
10,3185,2
22,883,2
10,3547,2
21,11393,2
21,14146,2
21,12138,2
21,11394,2
14,1855,2
21,12139,2
21,1042,2
22,849,2
21,12140,2
14,9803,2
21,11395,2
21,14147,2
21,8361,2
21,14148,2
21,11396,2
22,722,2
14,9804,2
2,463,2
2,467,2
2,493,2
2,514,2
2,546,2
2,495,2
2,532,2
2,530,2
21,12137,2
22,115,2
2,538,2
2,509,2
22,71,2
2,508,2
14,7734,2
1,15836,2
14,9802,2
2,510,2
30,5287,2
21,11401,2
21,1043,2
21,11402,2
5,850,2
5,755,2
2,11194,2
30,9872,2
5,773,2
20,625,2
21,8362,2
20,749,2
21,1379,2
20,9277,2
0,51,2
21,525,2
20,546,2
30,1909,2
21,790,2
21,12141,2
21,12142,2
21,1216,2
21,1358,2
21,9342,2
21,1217,2
30,1886,2
21,11398,2
21,11399,2
21,11400,2
0,65,2
14,1908,2
2,8275,2
9,9874,2
2,11195,2
21,4950,2
15,6,2
10,645,2
30,1726,2
0,45,2
18,72,2
9,1577,2
21,3402,2
2,513,2
15,221,2
15,212,2
21,2514,2
15,280,2
15,7,2
34,2108,2
15,89,2
15,326,2
15,295,2
6,1489,2
22,455,2
30,1574,2
21,4068,2
34,460,2
21,3118,2
0,35,2
6,491,2
14,9797,2
30,606,2
2,7505,2
21,3404,2
15,178,2
14,1955,2
30,9873,2
10,646,2
10,647,2
6,3189,2
2,473,2
0,58,2
30,1714,2
14,9801,2
2,749,2
2,9279,2
2,478,2
15,180,2
35,7632,2
15,252,2
14,8679,2
0,59,2
15,86,2
9,11713,2
2,459,2
14,1892,2
2,545,2
10,648,2
15,185,2
15,36,2
0,47,2
9,8681,2
9,6650,2
14,8678,2
14,8677,2
12,69,2
14,9800,2
15,292,2
14,9799,2
0,41,2
2,74,2
14,8714,2
1,4934,2
14,9798,2
14,8676,2
9,13770,2
19,681,2
4,687,2
23,4071,2
17,54,2
23,2989,2
17,45,2
20,6004,2
34,10444,2
23,7832,2
34,2261,2
22,515,2
19,633,2
9,13786,2
9,13787,2
22,457,2
5,1708,2
23,8351,2
9,13783,2
9,13782,2
9,13781,2
23,4331,2
9,13780,2
9,13779,2
23,3415,2
9,13771,2
4,604,2
9,13777,2
9,13776,2
9,13775,2
9,13774,2
9,13773,2
23,3723,2
9,13772,2
9,13778,2
4,720,2
23,3413,2
9,7466,2
4,746,2
29,11186,2
23,3414,2
19,1044,2
4,598,2
4,654,2
19,1043,2
29,3981,2
9,4785,2
17,47,2
16,469,2
17,41,2
16,450,2
23,3120,2
23,4072,2
30,2967,2
19,3449,2
19,686,2
19,665,2
30,2570,2
17,35,2
19,1045,2
18,10830,2
19,680,2
4,619,2
30,7852,2
19,688,2
4,655,2
23,3412,2
4,752,2
17,69,2
34,2493,2
10,675,2
14,3425,2
23,5682,2
24,1581,2
24,1446,2
2,8276,2
24,1274,2
9,13784,2
22,414,2
19,668,2
21,3052,2
10,640,2
22,415,2
21,3115,2
9,13754,2
10,694,2
24,1281,2
10,693,2
34,2109,2
21,3403,2
24,1275,2
23,3136,2
30,1489,2
30,1692,2
22,473,2
24,1333,2
21,3117,2
30,1338,2
21,3116,2
17,40,2
1,15888,2
2,8277,2
24,1592,2
24,1593,2
22,507,2
9,13756,2
9,13755,2
9,13769,2
9,13768,2
9,13767,2
9,13766,2
9,13765,2
9,13764,2
19,765,2
9,13763,2
23,6650,2
17,64,2
16,5888,2
22,456,2
23,3724,2
22,406,2
9,13785,2
4,812,2
30,1532,2
17,71,2
17,72,2
23,3416,2
2,8278,2
19,677,2
21,1905,2
21,3984,2
9,13757,2
2,9280,2
4,711,2
4,658,2
9,13762,2
9,13761,2
9,13760,2
9,13759,2
9,13758,2
23,3725,2
21,6320,2
30,1602,2
8,1678,2
17,6009,2
17,6552,2
17,8011,2
17,6460,2
21,12262,2
15,10112,2
15,10111,2
15,10980,2
15,10138,2
15,10979,2
15,10110,2
2,4223,2
22,405,2
17,7663,2
2,4224,2
10,12219,2
10,11182,2
10,650,2
8,1724,2
22,459,2
11,4222,2
24,1585,2
21,6321,2
11,3548,2
9,741,2
9,519,2
33,934,2
7,470,2
2,3035,2
2,3036,2
2,3037,2
8,1873,2
11,3384,2
24,1331,2
14,4766,2
9,997,2
14,491,2
24,1280,2
9,3024,2
7,471,2
24,1400,2
14,1938,2
24,1444,2
24,1434,2
8,1654,2
9,524,2
9,916,2
30,4226,2
24,1401,2
10,577,2
9,963,2
24,1046,2
8,2959,2
17,2561,2
17,4285,2
17,5119,2
17,4284,2
17,6461,2
17,4385,2
17,4384,2
17,4283,2
17,4282,2
17,4281,2
17,4280,2
17,4383,2
17,4279,2
17,4386,2
2,3557,2
2,3038,2
33,912,2
8,1875,2
33,933,2
24,1399,2
24,1445,2
10,652,2
24,1225,2
24,1328,2
8,37,2
33,450,2
21,11391,2
24,1833,2
24,1515,2
33,884,2
24,1141,2
11,316,2
16,4419,2
16,3556,2
2,5622,2
33,882,2
33,881,2
8,1876,2
22,911,2
11,4219,2
22,1929,2
8,1679,2
8,1680,2
33,879,2
8,3595,2
2,3558,2
33,883,2
10,685,2
11,3098,2
21,14141,2
21,11390,2
25,1648,2
25,1647,2
25,1646,2
11,3185,2
8,2269,2
2,3556,2
11,3949,2
9,926,2
8,1861,2
2,13129,2
11,2776,2
9,925,2
9,947,2
9,915,2
25,614,2
20,5865,2
11,4221,2
8,2612,2
11,4220,2
30,3421,2
22,847,2
22,7509,2
22,2980,2
21,14140,2
10,630,2
8,1874,2
25,1649,2
21,12134,2
21,12135,2
21,12136,2
21,11388,2
21,11389,2
11,3547,2
14,2622,2
7,2724,2
22,451,2
22,424,2
8,2114,2
34,2263,2
21,3406,2
22,474,2
7,1341,2
21,3712,2
10,632,2
7,1758,2
22,488,2
10,653,2
8,1721,2
8,1523,2
16,3558,2
24,1443,2
15,303,2
30,6487,2
14,8669,2
21,14142,2
21,14143,2
21,14144,2
21,14145,2
14,3212,2
11,3186,2
30,772,2
30,8520,2
30,8771,2
8,1911,2
7,1239,2
0,71,2
34,2110,2
21,11392,2
7,2663,2
7,12128,2
35,11049,2
35,11769,2
35,3644,2
8,1671,2
35,9775,2
2,15332,2
34,2262,2
0,54,2
35,6487,2
0,64,2
14,9796,2
2,8274,2
2,8273,2
2,7506,2
21,3711,2
0,72,2
0,66,2
35,8258,2
22,353,2
14,9795,2
22,446,2
7,1499,2
21,3405,2
35,11763,2
14,8674,2
10,639,2
14,8673,2
7,4269,2
35,11765,2
7,15821,2
35,11048,2
8,1722,2
14,8675,2
14,9792,2
14,8668,2
2,3553,2
34,2675,2
14,9791,2
30,8772,2
8,1677,2
24,1404,2
14,3424,2
11,346,2
21,1785,2
30,11051,2
2,3187,2
15,9871,2
9,1131,2
11,406,2
15,1825,2
15,11573,2
15,14235,2
15,11574,2
15,11575,2
8,1299,2
2,3555,2
32,7578,2
32,9638,2
9,929,2
11,4910,2
30,4917,2
2,3554,2
7,4069,2
9,4536,2
10,576,2
2,3953,2
8,1723,2
21,6319,2
8,1694,2
8,1675,2
22,440,2
8,1849,2
14,8671,2
11,6604,2
8,1672,2
8,1673,2
2,3552,2
3,2129,2
10,651,2
34,2264,2
30,3189,2
24,1555,2
24,1405,2
24,1047,2
24,1376,2
35,1949,2
14,9793,2
14,8713,2
30,4914,2
30,4915,2
2,3034,2
24,1332,2
8,7854,2
8,1676,2
14,9231,2
14,8670,2
15,297,2
30,11050,2
8,1674,2
14,9794,2
10,644,2
14,8672,2
22,365,2
15,29,2
24,1418,2
24,1293,2
8,14783,2
24,1294,2
24,1472,2
9,2232,2
24,1368,2
19,3342,2
24,1222,2
24,1422,2
9,2313,2
24,1235,2
2,4456,2
22,5058,2
22,5057,2
22,4892,2
8,491,2
2,6298,2
2,5147,2
8,4766,2
2,4460,2
2,5148,2
2,4462,2
2,2845,2
0,13187,2
2,5150,2
32,9779,2
12,2511,2
9,2164,2
9,2165,2
6,13188,2
24,775,2
26,662,2
2,5146,2
22,4883,2
22,4882,2
9,2166,2
24,3004,2
9,2315,2
9,2316,2
22,4875,2
22,5548,2
22,5053,2
22,4644,2
22,4642,2
22,4874,2
22,4645,2
22,4881,2
24,2672,2
22,4880,2
22,4643,2
22,4650,2
22,4649,2
22,5056,2
24,974,2
9,2314,2
9,2458,2
9,2459,2
22,4277,2
22,4890,2
22,4560,2
22,4888,2
22,4889,2
22,4886,2
22,4887,2
22,4885,2
22,4884,2
22,4891,2
2,5172,2
2,5170,2
2,5178,2
8,6890,2
2,5154,2
8,3212,2
2,5155,2
2,4458,2
24,1774,2
24,15,2
24,3061,2
8,5123,2
24,5512,2
24,252,2
9,2997,2
21,4955,2
8,12413,2
8,9190,2
8,8532,2
2,4478,2
21,14153,2
2,4469,2
2,4454,2
8,8669,2
2,4483,2
2,5161,2
2,5162,2
2,4468,2
2,4476,2
2,5158,2
2,4474,2
2,5177,2
24,2488,2
2,4920,2
2,5160,2
2,4475,2
2,5153,2
2,5149,2
2,4467,2
2,5151,2
2,5157,2
24,805,2
2,5140,2
2,5143,2
8,5628,2
2,5141,2
2,4457,2
2,5145,2
2,5142,2
2,5144,2
2,4471,2
24,10167,2
9,2052,2
9,1959,2
24,1539,2
19,1625,2
8,9730,2
8,10773,2
8,757,2
8,8668,2
2,4463,2
2,6668,2
2,4465,2
14,452,2
2,4464,2
2,4466,2
2,5152,2
2,4461,2
22,4852,2
22,5022,2
22,4854,2
22,4856,2
22,4851,2
22,4850,2
22,4860,2
22,4879,2
22,4613,2
22,4855,2
22,5026,2
22,5025,2
22,5696,2
22,5024,2
22,3433,2
22,5020,2
22,5028,2
22,4608,2
22,5019,2
22,5300,2
22,4614,2
22,4618,2
22,4617,2
22,4616,2
22,5529,2
22,4629,2
22,5540,2
22,4626,2
22,4624,2
22,4366,2
22,4862,2
22,5027,2
22,4857,2
22,4627,2
9,2318,2
22,4610,2
22,4844,2
22,5016,2
22,3878,2
22,4276,2
22,5004,2
22,5528,2
22,4607,2
22,4853,2
22,5017,2
22,5527,2
22,4117,2
22,4601,2
22,4837,2
22,5006,2
22,5021,2
22,4999,2
22,4843,2
22,4838,2
22,4842,2
22,5007,2
22,4839,2
22,4858,2
9,2317,2
22,4847,2
22,4846,2
22,5531,2
22,5014,2
22,5023,2
22,5530,2
22,5301,2
22,4849,2
22,4859,2
22,5054,2
22,5546,2
22,4647,2
22,12222,2
22,5043,2
22,4641,2
22,5044,2
22,5039,2
22,4634,2
22,4633,2
22,4872,2
22,4871,2
22,4870,2
22,7998,2
22,4867,2
22,1718,2
22,4635,2
22,5055,2
22,4648,2
22,12224,2
22,12223,2
22,4878,2
22,5544,2
22,5050,2
22,4876,2
22,4640,2
22,4873,2
22,5046,2
22,5045,2
22,4869,2
22,4868,2
22,4646,2
22,4877,2
22,5047,2
22,4636,2
22,4861,2
22,5537,2
22,5536,2
22,4625,2
22,4622,2
22,4621,2
22,4639,2
22,4615,2
22,5035,2
22,5034,2
22,5037,2
22,4863,2
22,4620,2
22,4619,2
22,4637,2
22,8439,2
22,4638,2
22,5051,2
22,5545,2
22,5036,2
22,5538,2
22,4630,2
22,4628,2
22,4623,2
22,4631,2
22,5038,2
22,4865,2
22,5541,2
22,4866,2
22,4864,2
22,5042,2
22,5041,2
22,4632,2
22,5040,2
19,3381,2
20,10892,2
20,1600,2
20,10891,2
20,10890,2
20,10889,2
20,10888,2
2,4482,2
20,10886,2
20,10885,2
20,10884,2
2,5217,2
2,5209,2
19,3382,2
19,4190,2
2,5210,2
20,10887,2
19,4188,2
19,3361,2
2,5220,2
2,5221,2
2,4518,2
2,4519,2
2,6684,2
19,3380,2
2,5222,2
2,4928,2
2,6680,2
2,6681,2
2,5206,2
2,5207,2
2,6303,2
19,4189,2
2,6685,2
20,10902,2
20,10901,2
2,4508,2
20,10899,2
20,10898,2
2,4509,2
2,4510,2
2,5211,2
20,10896,2
20,10895,2
2,6678,2
20,10894,2
2,5208,2
8,10783,2
2,6676,2
20,1896,2
20,10897,2
2,5212,2
2,5213,2
2,4516,2
2,4513,2
2,4514,2
2,4515,2
8,8679,2
20,10903,2
2,3591,2
2,5203,2
2,4064,2
2,4317,2
2,5205,2
2,5202,2
2,4517,2
20,10893,2
2,5214,2
19,3327,2
19,3326,2
19,3505,2
19,3330,2
19,4182,2
19,4754,2
19,3357,2
19,3371,2
19,4185,2
19,3353,2
19,3355,2
2,6683,2
19,3349,2
19,3350,2
19,3352,2
19,4750,2
19,3354,2
19,3341,2
19,3340,2
19,3322,2
19,3321,2
19,3320,2
19,4749,2
19,3179,2
19,3328,2
19,3176,2
19,3175,2
19,3346,2
19,3345,2
19,4753,2
19,4752,2
19,3336,2
19,4751,2
19,3177,2
19,3356,2
19,3351,2
19,3937,2
19,3379,2
19,3378,2
19,3376,2
19,3377,2
19,3347,2
19,3374,2
19,3373,2
19,3375,2
19,3368,2
19,3367,2
19,3370,2
19,3369,2
19,7846,2
19,3372,2
19,3344,2
19,3343,2
19,4184,2
19,4183,2
19,3362,2
19,3180,2
19,4755,2
19,3358,2
19,3365,2
19,3364,2
19,3360,2
19,4187,2
19,5637,2
19,7445,2
19,4186,2
19,3359,2
19,3366,2
8,10777,2
8,14790,2
2,9288,2
2,5184,2
2,4488,2
2,5189,2
2,6669,2
2,6304,2
2,4497,2
2,5193,2
2,5194,2
8,10068,2
2,5191,2
2,4498,2
2,4484,2
2,4473,2
2,4493,2
2,4496,2
2,6670,2
2,5183,2
2,5631,2
2,5186,2
2,5187,2
2,5630,2
2,5192,2
2,7458,2
2,5190,2
2,4494,2
2,4495,2
8,8673,2
2,4491,2
2,5633,2
2,5180,2
2,4489,2
9,2311,2
2,4477,2
2,5166,2
2,4485,2
24,1051,2
8,8671,2
9,2312,2
2,4472,2
2,5163,2
2,5171,2
8,8670,2
10,9245,2
2,5164,2
8,2745,2
8,14787,2
2,4479,2
2,4480,2
2,5165,2
2,5174,2
2,5159,2
2,5167,2
2,4490,2
2,5175,2
2,5173,2
2,4455,2
2,5182,2
2,4486,2
2,5168,2
2,5181,2
2,5179,2
8,8672,2
2,4481,2
2,4470,2
2,5185,2
2,4503,2
8,7734,2
2,4504,2
2,4505,2
8,8678,2
8,8677,2
8,8676,2
2,4487,2
2,6674,2
2,6675,2
2,5204,2
2,6301,2
20,1895,2
8,10779,2
2,6672,2
2,6302,2
2,6673,2
20,10912,2
20,10911,2
20,10910,2
2,6677,2
2,6679,2
20,10909,2
20,10908,2
2,4502,2
2,5200,2
2,4506,2
2,5197,2
20,10905,2
20,10904,2
2,4501,2
8,10782,2
8,10781,2
20,10907,2
21,668,2
24,2921,2
21,677,2
24,359,2
24,2669,2
24,358,2
24,288,2
2,4507,2
8,10776,2
8,6296,2
8,4440,2
14,60,2
2,7510,2
21,12160,2
8,8675,2
21,11424,2
24,2489,2
21,14152,2
2,6300,2
9,2167,2
2,4315,2
2,5632,2
20,10914,2
2,5195,2
2,5198,2
2,4492,2
2,7459,2
2,7460,2
2,5199,2
2,4500,2
2,5196,2
2,6671,2
8,10778,2
2,4499,2
2,4921,2
24,976,2
24,1386,2
24,1387,2
24,1388,2
10,15782,2
10,15783,2
10,5490,2
22,4824,2
10,9193,2
10,6897,2
10,8155,2
10,5617,2
10,2925,2
10,3427,2
10,7272,2
10,15355,2
10,13574,2
26,650,2
10,13579,2
26,685,2
10,11741,2
10,3646,2
10,4762,2
10,13573,2
6,8976,2
10,4423,2
10,10105,2
10,10813,2
10,10825,2
24,1237,2
24,1238,2
24,975,2
14,45,2
10,3945,2
10,6896,2
10,15780,2
10,10104,2
10,11766,2
10,3214,2
10,4008,2
10,9151,2
10,13569,2
10,11038,2
10,11039,2
10,4306,2
10,4651,2
21,14157,2
21,14158,2
10,4810,2
10,6895,2
10,4347,2
20,2509,2
10,13570,2
10,13571,2
10,13572,2
10,2563,2
10,9241,2
26,637,2
10,3003,2
10,3645,2
10,15781,2
26,626,2
10,13567,2
26,661,2
20,1763,2
10,15784,2
10,7273,2
10,4809,2
26,651,2
10,13583,2
10,6898,2
10,9194,2
10,9195,2
10,1579,2
10,7754,2
10,13578,2
20,1762,2
11,1326,2
11,1041,2
10,6556,2
20,2118,2
10,3448,2
10,5514,2
10,6010,2
10,6555,2
26,643,2
11,971,2
11,1032,2
11,1031,2
11,1033,2
20,1914,2
10,10109,2
20,1761,2
10,6621,2
10,9214,2
20,1988,2
10,13581,2
10,13582,2
20,2508,2
20,2507,2
20,1884,2
10,3875,2
10,9212,2
10,9213,2
26,657,2
24,1148,2
24,1390,2
10,10190,2
10,13576,2
10,3647,2
10,15785,2
10,11767,2
10,1624,2
10,6554,2
10,4011,2
20,1885,2
20,4512,2
10,11041,2
10,13577,2
10,3648,2
10,4763,2
10,3539,2
10,11742,2
10,3429,2
10,10106,2
10,10107,2
20,2510,2
26,801,2
10,13580,2
10,9209,2
10,11769,2
10,2625,2
10,11768,2
10,9210,2
10,9211,2
10,10108,2
10,5513,2
2,3183,2
22,711,2
22,817,2
10,3944,2
12,2118,2
10,11764,2
10,4961,2
11,1029,2
10,11739,2
10,9675,2
10,3213,2
10,2251,2
10,15779,2
10,10103,2
10,10168,2
11,1028,2
24,1350,2
11,1026,2
10,2923,2
25,3421,2
25,571,2
11,968,2
10,13558,2
10,10823,2
10,11035,2
10,8154,2
10,5692,2
10,11560,2
22,743,2
10,15773,2
10,11738,2
10,3872,2
10,3873,2
10,2623,2
10,9828,2
10,13555,2
10,15775,2
10,13556,2
10,13554,2
2,3948,2
10,15776,2
10,2182,2
2,3033,2
24,1397,2
24,1296,2
24,1297,2
10,11034,2
10,4112,2
10,2669,2
10,11763,2
10,13559,2
10,13560,2
10,13561,2
10,13562,2
10,11048,2
10,13557,2
10,13563,2
10,10022,2
10,10169,2
10,13549,2
10,4761,2
10,5276,2
10,11761,2
10,10808,2
10,11671,2
10,13551,2
10,11040,2
10,4759,2
10,4760,2
10,7753,2
10,7752,2
26,684,2
10,10170,2
10,2427,2
24,1391,2
10,11037,2
24,1394,2
10,9624,2
10,3874,2
10,11049,2
10,3623,2
26,577,2
19,566,2
20,2511,2
10,15354,2
10,2771,2
10,2772,2
10,13568,2
10,11765,2
21,11426,2
10,2624,2
10,4422,2
10,10824,2
10,5890,2
10,5891,2
10,6619,2
10,13566,2
10,6618,2
10,7639,2
10,13479,2
10,5286,2
10,15778,2
10,4302,2
24,1772,2
2,3032,2
24,1295,2
24,977,2
24,978,2
10,2924,2
2,3545,2
24,1392,2
24,1393,2
6,10882,2
24,1349,2
24,979,2
11,1027,2
24,980,2
24,1389,2
10,8438,2
10,9150,2
26,630,2
26,652,2
26,4788,2
10,11740,2
10,15777,2
26,5652,2
2,2700,2
9,3420,2
9,3419,2
10,10811,2
10,13564,2
19,5650,2
10,13565,2
10,10812,2
10,2770,2
9,2990,2
22,5524,2
22,4820,2
22,4983,2
22,4349,2
24,765,2
19,1725,2
29,8286,2
10,8571,2
20,1983,2
7,8285,2
20,1982,2
22,4938,2
24,3005,2
14,57,2
26,6507,2
20,2503,2
20,2119,2
22,4589,2
22,4587,2
22,4822,2
22,4986,2
22,2626,2
22,4821,2
22,4828,2
22,4982,2
29,8282,2
14,222,2
29,8284,2
24,3006,2
24,1363,2
24,1423,2
29,5938,2
21,478,2
9,2097,2
22,4980,2
22,5523,2
22,4815,2
22,7997,2
22,4577,2
22,2070,2
29,8290,2
14,41,2
26,648,2
14,158,2
24,774,2
19,2612,2
29,8287,2
20,5176,2
14,486,2
19,3595,2
20,1636,2
24,1473,2
24,1770,2
24,1384,2
24,1441,2
24,2330,2
14,35,2
24,3007,2
22,4817,2
19,4535,2
14,29,2
9,10160,2
20,1697,2
29,8291,2
22,4816,2
22,4978,2
22,2774,2
24,1557,2
22,4996,2
22,4599,2
22,4845,2
22,5010,2
22,5009,2
22,4841,2
22,4832,2
22,4823,2
22,4596,2
22,1370,2
22,4602,2
22,4989,2
22,4987,2
22,4825,2
22,4993,2
22,4827,2
22,4848,2
22,3216,2
22,5015,2
22,4605,2
22,5013,2
22,5012,2
22,4830,2
22,5011,2
22,4997,2
22,4603,2
22,4606,2
22,4600,2
22,4840,2
22,5001,2
22,5000,2
22,4829,2
22,4831,2
22,4604,2
22,4593,2
22,4836,2
22,4586,2
22,4994,2
22,4992,2
22,4826,2
22,4991,2
22,4356,2
22,4818,2
22,4581,2
22,4578,2
22,4985,2
22,4984,2
22,4583,2
22,4979,2
22,4588,2
22,4990,2
22,4355,2
22,5003,2
22,5002,2
22,4592,2
22,4597,2
22,4590,2
22,4995,2
22,5005,2
22,13135,2
22,4835,2
22,4988,2
22,4819,2
22,4834,2
22,4598,2
22,4833,2
22,4591,2
22,4116,2
22,4981,2
21,11425,2
21,12162,2
10,7276,2
10,13587,2
10,9219,2
10,9220,2
10,8157,2
16,15056,2
24,1475,2
26,570,2
24,108,2
10,7756,2
10,3541,2
10,11744,2
10,12653,2
10,13586,2
24,1147,2
10,1608,2
10,5516,2
26,653,2
26,632,2
10,7274,2
10,7275,2
21,12161,2
21,14156,2
10,10817,2
21,14154,2
21,14155,2
10,9831,2
10,9218,2
10,5517,2
10,5518,2
20,1883,2
10,6623,2
29,9288,2
24,1236,2
9,4784,2
10,15788,2
10,4916,2
10,5618,2
10,6620,2
10,3876,2
10,15789,2
10,9215,2
10,9216,2
10,2671,2
10,2564,2
11,1040,2
26,638,2
10,3540,2
10,11743,2
10,3877,2
10,6622,2
10,8753,2
10,6899,2
10,7758,2
10,7759,2
10,5515,2
12,2510,2
10,13585,2
10,9830,2
10,7757,2
10,7755,2
24,1385,2
24,1465,2
24,1474,2
24,171,2
10,9217,2
26,647,2
12,1763,2
19,1872,2
14,38,2
20,2505,2
20,1981,2
26,640,2
10,8156,2
16,11188,2
12,2509,2
2,8295,2
20,2506,2
20,2207,2
19,1723,2
19,711,2
19,3201,2
19,3977,2
16,15057,2
22,4582,2
11,1327,2
26,675,2
14,58,2
26,693,2
19,1724,2
26,646,2
19,2269,2
29,8289,2
14,61,2
14,470,2
29,8292,2
16,10063,2
19,720,2
14,471,2
24,3131,2
10,7277,2
10,8158,2
10,7278,2
10,7279,2
20,5188,2
10,13588,2
10,7280,2
20,2504,2
10,11745,2
10,4652,2
10,6624,2
10,5521,2
10,7281,2
10,9228,2
10,9229,2
20,1882,2
20,1986,2
29,7510,2
26,644,2
20,1825,2
19,1042,2
20,3594,2
19,1721,2
26,645,2
19,604,2
26,3030,2
14,30,2
20,1987,2
19,3126,2
19,1911,2
20,1985,2
20,1984,2
10,5519,2
10,5520,2
26,639,2
15,15206,2
15,13257,2
15,15205,2
15,13256,2
15,13262,2
15,15218,2
15,15189,2
15,13254,2
15,15092,2
15,13252,2
15,13251,2
15,15188,2
15,15187,2
15,15186,2
15,15204,2
15,15203,2
15,15202,2
15,13253,2
15,13259,2
15,15213,2
15,13365,2
15,15212,2
15,10135,2
15,15226,2
15,15225,2
15,15224,2
15,15207,2
15,15197,2
15,13255,2
15,15196,2
15,10134,2
15,13364,2
15,15211,2
15,15210,2
15,15209,2
15,15208,2
15,15223,2
15,15190,2
15,13245,2
15,15171,2
15,15170,2
15,15169,2
15,11693,2
15,15168,2
15,15167,2
15,15201,2
15,11692,2
15,15166,2
15,15185,2
15,15184,2
15,13250,2
15,15183,2
15,15182,2
15,15181,2
15,15162,2
15,13231,2
15,15200,2
15,15199,2
15,15198,2
15,11694,2
15,13249,2
15,15180,2
15,15179,2
15,13248,2
15,15191,2
15,15178,2
15,15177,2
15,15176,2
15,15175,2
15,13244,2
15,15195,2
15,15194,2
15,15193,2
15,15192,2
15,13247,2
15,15253,2
15,13276,2
15,13275,2
15,13274,2
15,13273,2
15,13272,2
15,13268,2
15,13271,2
15,13260,2
15,15250,2
15,15249,2
15,15248,2
15,13367,2
15,13284,2
15,13279,2
15,15247,2
15,15246,2
15,15238,2
0,5418,2
0,4407,2
0,4905,2
0,6557,2
15,13281,2
15,13280,2
15,13283,2
15,13282,2
15,15254,2
9,6298,2
15,15262,2
15,15261,2
15,15260,2
15,15259,2
15,15258,2
15,15257,2
15,15256,2
15,15255,2
15,15245,2
15,13267,2
15,13266,2
15,13265,2
15,13264,2
15,13263,2
15,11695,2
15,15237,2
15,13270,2
15,15233,2
15,15236,2
15,15235,2
15,15234,2
15,15217,2
15,15216,2
15,15215,2
15,13366,2
15,13261,2
15,15214,2
15,13269,2
15,13258,2
15,15232,2
15,15231,2
15,15230,2
15,15229,2
15,15228,2
15,15227,2
15,15244,2
15,15219,2
15,15242,2
15,15241,2
15,13277,2
15,13278,2
15,15240,2
15,15239,2
15,15222,2
15,15221,2
15,15220,2
15,15243,2
15,15105,2
15,15104,2
15,15103,2
15,15102,2
15,15101,2
9,5201,2
9,7460,2
9,7459,2
15,15161,2
15,13226,2
15,13225,2
15,13224,2
15,15108,2
15,15107,2
15,13223,2
15,13215,2
15,13214,2
15,15109,2
15,15119,2
15,15138,2
15,13222,2
15,13209,2
15,13221,2
15,15118,2
15,15117,2
15,15116,2
15,15106,2
15,15114,2
15,15113,2
15,13361,2
15,15112,2
15,15111,2
15,13208,2
15,11691,2
15,15110,2
15,13227,2
15,15115,2
15,11689,2
15,13201,2
15,15093,2
15,13203,2
15,13202,2
15,13200,2
15,11688,2
15,13198,2
15,15100,2
15,13196,2
7,810,2
9,4512,2
9,6303,2
6,10400,2
6,10399,2
6,10404,2
9,1936,2
9,2161,2
15,13197,2
15,15099,2
15,13213,2
15,15098,2
15,13212,2
15,13360,2
15,15097,2
15,15096,2
15,15095,2
15,11690,2
15,13219,2
15,13218,2
15,13217,2
15,13216,2
15,15088,2
15,13191,2
15,13193,2
15,13192,2
15,15094,2
15,13220,2
15,15151,2
15,15150,2
15,15149,2
15,15148,2
15,13238,2
15,15147,2
15,13228,2
15,13237,2
15,15120,2
15,15164,2
15,15163,2
9,7841,2
9,6670,2
9,7458,2
15,15146,2
15,13230,2
15,13236,2
15,13235,2
15,15165,2
15,15160,2
15,15159,2
15,15158,2
15,13243,2
15,15157,2
15,15156,2
15,15155,2
15,15154,2
15,13239,2
9,9810,2
15,15174,2
15,13246,2
15,15173,2
15,15172,2
15,13241,2
15,13240,2
15,15153,2
15,15152,2
15,13242,2
15,15129,2
15,13211,2
15,15128,2
9,10159,2
9,7842,2
15,15127,2
15,13210,2
15,13362,2
15,15145,2
15,13207,2
15,15125,2
15,13206,2
15,13205,2
15,15124,2
15,15123,2
15,13204,2
15,15122,2
15,15121,2
15,15126,2
15,15144,2
15,15143,2
15,15142,2
15,15141,2
15,13234,2
15,15140,2
15,13233,2
15,15139,2
15,15130,2
15,15136,2
15,15135,2
15,15134,2
15,15133,2
15,13363,2
15,13232,2
15,15132,2
15,13229,2
15,15131,2
15,15137,2
20,6712,2
6,6564,2
6,4211,2
24,2925,2
24,8155,2
24,1624,2
24,37,2
6,9724,2
0,1969,2
9,2309,2
9,2049,2
20,5648,2
9,2159,2
16,6309,2
9,2300,2
20,9304,2
24,450,2
24,49,2
19,1358,2
6,4210,2
6,4209,2
24,342,2
9,2766,2
24,72,2
24,101,2
19,687,2
9,2308,2
24,1436,2
24,1437,2
24,1438,2
6,3182,2
24,1439,2
24,1440,2
19,8427,2
9,2767,2
9,2158,2
20,5860,2
9,2157,2
9,2619,2
9,2993,2
9,2454,2
9,2303,2
9,2455,2
24,3003,2
24,3945,2
24,4011,2
6,4213,2
24,321,2
24,320,2
9,2310,2
21,12156,2
21,11418,2
9,2457,2
20,3111,2
2,9287,2
9,2456,2
24,4762,2
6,4212,2
20,5255,2
24,4763,2
24,3646,2
24,1579,2
24,3645,2
20,2661,2
20,4787,2
24,3130,2
20,7511,2
9,2301,2
20,8299,2
20,7512,2
9,2302,2
9,2155,2
24,50,2
9,2156,2
24,7273,2
9,2153,2
9,2090,2
6,6561,2
9,1891,2
9,2148,2
1,7506,2
6,6560,2
1,10275,2
9,2528,2
9,2305,2
16,3586,2
24,1608,2
24,7274,2
24,7275,2
24,6623,2
20,7514,2
24,7276,2
9,2304,2
6,5619,2
9,2041,2
9,2299,2
6,6934,2
9,2151,2
9,2042,2
9,2043,2
9,2089,2
9,2152,2
9,2667,2
6,2607,2
9,2228,2
20,4788,2
6,3181,2
9,2297,2
9,2044,2
9,1956,2
9,2045,2
24,7281,2
24,3647,2
24,3648,2
6,1975,2
9,1957,2
24,2671,2
24,2564,2
21,5256,2
9,2046,2
9,2298,2
9,2048,2
21,11412,2
21,11413,2
21,11414,2
6,5865,2
6,6563,2
21,11415,2
24,7757,2
24,174,2
9,2047,2
21,11416,2
21,1045,2
24,7277,2
20,4326,2
20,7513,2
24,8157,2
24,7278,2
24,8158,2
24,3448,2
24,7279,2
20,3048,2
24,5521,2
24,7280,2
9,2230,2
9,2091,2
9,2092,2
9,2154,2
9,2093,2
9,2229,2
22,15282,2
22,9644,2
22,15281,2
22,15280,2
22,15279,2
22,15278,2
22,15277,2
22,14287,2
24,2771,2
22,15291,2
22,9646,2
22,15290,2
24,2623,2
9,2054,2
9,2055,2
22,1580,2
22,2986,2
22,15292,2
22,15288,2
22,15287,2
22,15286,2
22,15285,2
22,15284,2
22,606,2
22,4268,2
22,2433,2
22,15283,2
22,15304,2
22,15303,2
22,15302,2
22,15301,2
22,15300,2
22,15299,2
22,1519,2
22,9725,2
22,1216,2
22,15305,2
22,15270,2
22,15269,2
22,15268,2
22,15267,2
22,15266,2
0,2990,2
32,13981,2
15,15252,2
22,15276,2
15,13287,2
15,15251,2
15,13285,2
15,13286,2
32,13982,2
15,15264,2
15,15263,2
0,14773,2
0,14772,2
15,13288,2
22,15275,2
22,15274,2
22,4896,2
22,9641,2
22,15273,2
22,15272,2
22,8466,2
22,15271,2
32,13980,2
22,4565,2
0,1970,2
0,4408,2
32,13977,2
32,13978,2
0,325,2
0,324,2
0,322,2
32,13979,2
22,2487,2
24,2182,2
9,2094,2
24,3873,2
21,8310,2
24,10169,2
24,2770,2
9,2994,2
9,2995,2
22,15289,2
27,370,2
27,154,2
27,293,2
27,91,2
27,359,2
27,86,2
27,76,2
27,343,2
27,67,2
27,215,2
24,2772,2
24,4809,2
24,2563,2
24,6619,2
24,2624,2
24,5286,2
24,10170,2
29,5939,2
24,2923,2
19,736,2
9,2306,2
9,2307,2
21,11417,2
24,3213,2
21,12155,2
21,665,2
21,686,2
21,633,2
6,4214,2
27,252,2
27,104,2
22,15298,2
22,15297,2
22,15296,2
22,15295,2
22,15294,2
22,15293,2
22,7642,2
22,15314,2
22,15313,2
22,15312,2
22,15311,2
22,15310,2
22,15309,2
22,9651,2
22,15308,2
22,15307,2
22,15315,2
22,15316,2
22,4791,2
9,2996,2
24,38,2
9,2095,2
22,15306,2
22,6063,2
22,6062,2
20,6314,2
22,9649,2
24,2,2
33,10141,2
9,1934,2
9,2768,2
9,2096,2
9,2053,2
24,302,2
24,2251,2
22,9650,2
19,4405,2
5,10883,2
2,5229,2
2,4527,2
19,4737,2
19,3273,2
19,4035,2
15,10890,2
19,4738,2
19,4150,2
19,3265,2
19,4038,2
19,3267,2
19,3168,2
19,3274,2
19,3266,2
19,4735,2
2,4524,2
2,4525,2
2,4526,2
15,818,2
2,5227,2
19,3314,2
19,3313,2
19,3255,2
19,4734,2
19,4736,2
19,3263,2
19,3262,2
19,3261,2
19,4031,2
19,3275,2
19,4404,2
19,3276,2
19,4145,2
19,764,2
2,5230,2
2,5231,2
9,2620,2
2,5233,2
2,7847,2
19,4039,2
2,5219,2
8,3425,2
2,4520,2
2,4521,2
19,4154,2
19,4147,2
19,4040,2
19,4146,2
2,5218,2
19,4034,2
19,3310,2
19,3284,2
19,4155,2
19,3270,2
19,3258,2
19,5921,2
19,3257,2
19,4036,2
19,4153,2
19,4152,2
19,4149,2
19,4901,2
19,4157,2
19,5469,2
19,5468,2
19,3280,2
19,3269,2
2,4531,2
15,10884,2
2,6693,2
15,9712,2
19,4732,2
19,3242,2
2,5239,2
19,3264,2
2,5240,2
19,4144,2
19,3932,2
2,5225,2
19,3640,2
19,3484,2
19,3245,2
19,2604,2
2,4532,2
15,10897,2
15,10896,2
15,10895,2
2,5236,2
2,5636,2
2,4529,2
15,6557,2
2,4530,2
15,10894,2
15,10903,2
15,10888,2
2,5237,2
15,10887,2
15,10886,2
15,10885,2
2,5238,2
2,4204,2
19,3251,2
19,4293,2
19,3290,2
19,3298,2
19,3253,2
19,3297,2
19,4159,2
19,3244,2
19,3260,2
19,3254,2
2,5226,2
19,3259,2
19,3247,2
19,3337,2
19,4733,2
19,3248,2
19,4158,2
19,3464,2
19,4030,2
19,4731,2
19,3246,2
19,3465,2
19,3287,2
19,3243,2
15,10889,2
19,3268,2
2,6691,2
2,6692,2
15,813,2
2,4310,2
19,3252,2
19,3474,2
19,3250,2
19,3249,2
15,4143,2
19,3316,2
19,4744,2
19,5923,2
19,5922,2
19,4048,2
19,4046,2
19,3308,2
19,4148,2
19,4178,2
19,3291,2
2,6689,2
2,6690,2
2,4929,2
2,5224,2
2,4522,2
2,4523,2
19,3289,2
19,3642,2
19,3282,2
19,4742,2
19,4741,2
19,3491,2
19,3490,2
19,4406,2
19,3300,2
19,4743,2
19,4176,2
19,4174,2
19,3304,2
19,3303,2
19,3319,2
19,3317,2
19,3312,2
19,4175,2
19,3324,2
19,3174,2
19,4745,2
19,3498,2
19,3323,2
2,4511,2
2,6682,2
2,5223,2
19,3178,2
19,3335,2
19,3334,2
19,3333,2
19,3332,2
19,3331,2
19,3338,2
2,5169,2
19,3339,2
2,5215,2
2,4926,2
2,4309,2
2,5216,2
2,4927,2
19,4747,2
19,3307,2
19,3306,2
19,3325,2
19,3329,2
19,2660,2
19,4748,2
19,3318,2
19,4181,2
19,4180,2
19,4179,2
19,4746,2
19,3305,2
19,4168,2
19,3171,2
19,4167,2
19,4166,2
19,4165,2
19,4151,2
19,3285,2
2,6686,2
19,4044,2
19,3639,2
19,3293,2
19,4042,2
19,10160,2
19,3173,2
19,3487,2
19,7845,2
19,4172,2
19,4156,2
19,4160,2
19,4037,2
19,3166,2
19,3167,2
19,3286,2
19,3279,2
19,4169,2
19,3256,2
19,3271,2
19,3283,2
19,3272,2
19,3477,2
19,4163,2
2,6687,2
2,6688,2
19,3278,2
19,3309,2
19,4170,2
19,4171,2
19,4739,2
19,1654,2
19,3294,2
19,3169,2
19,7461,2
19,3292,2
19,3277,2
19,3494,2
19,6305,2
19,3488,2
19,3296,2
2,5635,2
19,3288,2
19,4177,2
19,3311,2
19,3315,2
19,4164,2
19,3492,2
19,3295,2
19,4162,2
19,4161,2
19,3489,2
19,3301,2
19,3281,2
19,4043,2
19,4173,2
19,4041,2
19,15332,2
19,3172,2
19,3299,2
19,3933,2
19,3302,2
9,1958,2
19,655,2
15,1895,2
21,10401,2
21,14151,2
9,2231,2
9,2160,2
2,8698,2
9,2050,2
19,752,2
6,11397,2
6,10397,2
9,10925,2
9,10926,2
0,10637,2
15,10907,2
9,2163,2
9,2162,2
21,14150,2
21,12159,2
9,1935,2
21,12158,2
21,12157,2
6,10396,2
15,10898,2
21,11421,2
21,11422,2
15,10908,2
2,15081,2
9,13296,2
21,7608,2
6,14146,2
24,3942,2
32,13969,2
9,13306,2
9,11706,2
15,10901,2
9,13307,2
32,13970,2
21,10402,2
9,10132,2
15,1896,2
24,2670,2
32,13971,2
32,13972,2
24,3941,2
15,10899,2
6,12438,2
6,12449,2
21,10403,2
6,14820,2
15,10902,2
32,13976,2
19,10297,2
19,790,2
32,13973,2
0,708,2
32,13975,2
32,13974,2
0,2542,2
15,10914,2
0,2968,2
0,14126,2
24,3940,2
19,812,2
15,1600,2
15,13359,2
15,13194,2
2,5235,2
2,4528,2
21,11423,2
15,10892,2
21,11420,2
15,10911,2
19,4033,2
2,5234,2
15,10905,2
15,10909,2
15,10893,2
15,10910,2
21,11419,2
2,4533,2
15,10891,2
15,15090,2
15,13195,2
15,13199,2
9,13301,2
9,2051,2
2,5232,2
15,10904,2
15,15091,2
15,10912,2
15,15089,2
38,867,1
22,508,1
22,2319,1
14,181,1
10,1037,1
22,14333,1
22,2454,1
14,146,1
22,2303,1
7,9354,1
22,2768,1
22,2168,1
22,2056,1
22,2055,1
22,2058,1
22,2050,1
38,941,1
14,427,1
22,2233,1
14,430,1
22,2232,1
22,2096,1
22,2318,1
22,2154,1
22,2095,1
10,1034,1
10,1131,1
14,439,1
14,91,1
10,1213,1
22,2316,1
10,1035,1
10,1272,1
22,2166,1
14,84,1
22,2315,1
14,431,1
10,1132,1
22,2165,1
14,330,1
10,2617,1
14,252,1
22,2094,1
22,2317,1
22,2059,1
22,2298,1
14,144,1
10,1179,1
22,2061,1
14,230,1
14,352,1
10,1188,1
22,2172,1
10,1038,1
10,1039,1
10,1308,1
22,2171,1
22,2304,1
14,343,1
14,308,1
14,110,1
10,1136,1
22,10518,1
22,2460,1
10,1322,1
22,2235,1
22,2173,1
10,1187,1
10,1323,1
22,12225,1
22,3445,1
10,1088,1
22,2164,1
22,2163,1
10,1134,1
22,2162,1
14,271,1
22,2161,1
10,1135,1
10,1100,1
10,1306,1
22,6461,1
22,2458,1
22,1961,1
22,1960,1
22,2063,1
22,2555,1
10,1133,1
22,2461,1
14,159,1
35,8450,1
22,2526,1
14,240,1
14,157,1
22,2527,1
14,216,1
22,2098,1
14,408,1
22,1964,1
14,391,1
22,2060,1
22,2310,1
10,1321,1
10,1357,1
10,1033,1
14,79,1
16,493,1
22,2309,1
10,8433,1
10,1166,1
10,1040,1
9,13145,1
22,2091,1
14,112,1
22,2155,1
22,2302,1
10,1041,1
10,1325,1
10,1106,1
22,2228,1
16,546,1
16,479,1
22,2528,1
22,2301,1
10,1250,1
10,1089,1
6,7913,1
22,2093,1
10,993,1
10,1071,1
10,1270,1
10,1460,1
10,1097,1
16,463,1
14,215,1
10,1168,1
22,2308,1
10,1175,1
22,2092,1
10,1433,1
22,10439,1
22,2307,1
10,1098,1
10,994,1
22,2053,1
22,2158,1
22,2306,1
10,1075,1
22,2305,1
22,2457,1
10,1210,1
10,1112,1
10,1130,1
10,1320,1
14,402,1
10,1432,1
10,6006,1
6,8333,1
22,2054,1
6,7571,1
22,2160,1
10,1028,1
22,2088,1
14,389,1
10,1271,1
14,143,1
22,2453,1
10,1018,1
22,2051,1
10,1327,1
10,1086,1
22,2456,1
10,967,1
14,444,1
14,455,1
22,2455,1
14,304,1
10,1036,1
22,1962,1
14,435,1
22,2097,1
22,2234,1
22,2300,1
10,1211,1
6,8338,1
10,2914,1
10,1326,1
10,962,1
10,996,1
10,4338,1
10,1127,1
10,1167,1
22,1935,1
10,1129,1
10,5498,1
10,1032,1
22,1936,1
10,1019,1
22,2052,1
10,1030,1
22,2057,1
22,2312,1
10,1303,1
22,2311,1
14,263,1
22,2620,1
10,971,1
22,1958,1
6,7900,1
22,2231,1
10,6005,1
22,1959,1
9,14884,1
9,14882,1
9,14888,1
9,14881,1
9,14880,1
9,14885,1
9,12491,1
10,1096,1
9,14883,1
9,12493,1
9,14879,1
9,12504,1
9,12490,1
9,11642,1
4,357,1
9,12503,1
10,1011,1
9,14887,1
9,12494,1
10,1010,1
9,12506,1
10,1262,1
9,11605,1
9,11644,1
14,356,1
14,88,1
10,1566,1
10,1195,1
10,7636,1
9,12497,1
10,1012,1
16,532,1
9,14877,1
6,7983,1
10,1099,1
10,1194,1
9,12484,1
14,101,1
9,12488,1
9,12489,1
9,11640,1
6,7980,1
9,12485,1
6,9182,1
10,1196,1
10,1104,1
10,1181,1
10,1107,1
9,12483,1
9,12487,1
10,1180,1
26,9327,1
10,1093,1
10,1094,1
9,12486,1
10,1186,1
9,12481,1
10,928,1
10,1176,1
10,1082,1
10,1374,1
10,1004,1
10,929,1
10,1103,1
10,1811,1
10,1013,1
9,14886,1
9,8543,1
16,468,1
14,326,1
9,14905,1
9,14911,1
9,14904,1
9,14913,1
10,1014,1
9,14907,1
10,7637,1
9,14908,1
10,1189,1
10,1102,1
10,1085,1
14,279,1
14,185,1
14,344,1
10,1258,1
10,1191,1
10,1257,1
14,124,1
10,1169,1
10,1255,1
10,1198,1
14,180,1
14,89,1
10,10002,1
9,12496,1
10,1312,1
10,1087,1
9,12498,1
10,1007,1
9,12507,1
29,9780,1
9,11645,1
9,12502,1
10,1005,1
10,1261,1
9,12501,1
9,12500,1
14,188,1
9,12508,1
10,1009,1
9,12499,1
9,14893,1
10,1008,1
9,14910,1
9,12469,1
14,107,1
10,1310,1
9,14902,1
9,10791,1
14,302,1
10,1263,1
4,493,1
9,14903,1
9,14906,1
9,12492,1
22,2468,1
16,538,1
16,514,1
16,513,1
10,1185,1
22,2100,1
22,2237,1
22,2236,1
22,2327,1
10,1193,1
6,9339,1
14,86,1
14,382,1
22,2328,1
9,14909,1
10,1091,1
22,2177,1
22,2325,1
22,2326,1
22,2464,1
10,1192,1
22,2176,1
6,11696,1
22,2324,1
9,14875,1
9,11604,1
10,1183,1
4,367,1
9,12480,1
9,15792,1
22,2099,1
6,7958,1
22,10112,1
6,7957,1
22,5119,1
10,1854,1
22,2175,1
22,2323,1
22,2322,1
10,931,1
22,12266,1
22,2066,1
10,1214,1
10,1324,1
22,2065,1
22,2469,1
4,84,1
22,10111,1
22,2463,1
16,495,1
3,10047,1
22,2321,1
22,2320,1
22,2062,1
10,6007,1
16,530,1
22,2462,1
16,510,1
22,1963,1
22,2068,1
22,2067,1
22,2064,1
22,2329,1
10,1190,1
14,414,1
6,7987,1
10,741,1
6,7986,1
10,1081,1
10,999,1
14,176,1
14,278,1
6,7985,1
14,281,1
10,1006,1
10,963,1
10,1184,1
10,1084,1
10,1001,1
10,1173,1
10,1174,1
10,1172,1
10,2560,1
16,749,1
10,1092,1
10,1015,1
14,173,1
14,175,1
10,1247,1
9,14878,1
9,12482,1
9,14876,1
6,7982,1
14,547,1
10,965,1
16,460,1
9,14872,1
10,1101,1
10,7635,1
14,76,1
10,563,1
9,12479,1
9,14874,1
9,6611,1
14,148,1
10,930,1
14,353,1
6,11697,1
6,7988,1
14,369,1
14,368,1
9,12478,1
14,337,1
10,2913,1
10,1090,1
10,964,1
9,14871,1
10,966,1
14,67,1
9,12477,1
9,12476,1
14,345,1
9,14870,1
10,1002,1
9,14873,1
14,313,1
22,2009,1
14,220,1
22,2031,1
14,95,1
22,1950,1
22,2017,1
22,2016,1
22,2765,1
10,1266,1
22,2444,1
22,2014,1
22,2441,1
22,2130,1
22,2521,1
14,225,1
22,2081,1
22,2225,1
10,1114,1
10,1207,1
22,2283,1
14,98,1
22,2223,1
22,2448,1
22,2288,1
10,1020,1
22,1948,1
16,3110,1
14,167,1
22,2034,1
22,2522,1
10,1113,1
22,2015,1
22,2025,1
22,1398,1
22,1928,1
22,2442,1
22,2021,1
14,312,1
14,328,1
14,309,1
10,1265,1
14,276,1
27,11220,1
14,236,1
14,404,1
22,2440,1
14,109,1
22,1952,1
14,255,1
22,2131,1
14,347,1
22,2221,1
22,2220,1
9,12205,1
14,339,1
14,451,1
14,132,1
14,467,1
14,396,1
14,307,1
22,2285,1
14,383,1
14,429,1
14,105,1
14,201,1
7,2549,1
14,74,1
14,151,1
10,960,1
22,2451,1
22,2002,1
14,140,1
22,2132,1
22,2018,1
22,2032,1
16,508,1
14,289,1
14,360,1
14,114,1
22,2012,1
14,166,1
14,139,1
14,280,1
22,1927,1
14,336,1
22,2445,1
22,2289,1
14,293,1
22,10005,1
14,571,1
14,249,1
14,493,1
22,2449,1
14,329,1
14,229,1
22,2138,1
22,2011,1
10,1021,1
22,2010,1
14,203,1
14,305,1
22,2082,1
22,2007,1
14,332,1
22,1946,1
10,1080,1
10,997,1
10,1177,1
10,1022,1
10,1108,1
14,401,1
14,472,1
10,1070,1
10,1373,1
14,416,1
10,1182,1
14,388,1
10,1074,1
14,446,1
16,509,1
10,961,1
14,141,1
10,1066,1
14,170,1
10,1251,1
14,194,1
14,315,1
10,1067,1
10,1076,1
14,311,1
14,275,1
14,338,1
14,376,1
14,284,1
14,364,1
10,1745,1
14,96,1
14,390,1
10,7995,1
14,294,1
10,7994,1
10,1078,1
14,259,1
22,1996,1
14,147,1
14,267,1
22,1999,1
14,373,1
22,2129,1
10,1197,1
22,1930,1
22,2020,1
14,258,1
14,115,1
14,374,1
14,250,1
14,235,1
14,239,1
14,103,1
14,442,1
14,44,1
15,4317,1
15,4926,1
14,238,1
15,4927,1
14,221,1
15,6304,1
15,6302,1
14,297,1
10,1304,1
10,1638,1
10,1259,1
14,274,1
10,1073,1
10,998,1
10,1105,1
14,327,1
10,1003,1
14,288,1
14,351,1
10,995,1
14,198,1
10,927,1
10,1068,1
10,1069,1
14,226,1
14,423,1
14,169,1
14,219,1
14,172,1
14,196,1
14,397,1
14,187,1
14,291,1
22,2003,1
22,2022,1
14,178,1
22,2280,1
22,1945,1
22,2520,1
14,210,1
10,1314,1
14,212,1
22,2005,1
14,260,1
14,135,1
22,2019,1
14,80,1
14,133,1
14,419,1
14,393,1
14,227,1
14,83,1
14,248,1
22,1951,1
14,142,1
22,2013,1
22,2524,1
22,2039,1
14,314,1
22,2286,1
22,2029,1
10,1315,1
22,2028,1
22,2027,1
14,464,1
14,200,1
14,233,1
22,2006,1
22,2036,1
14,295,1
26,1890,1
22,2008,1
22,2080,1
10,1205,1
22,2004,1
22,1907,1
14,440,1
22,2001,1
14,398,1
14,375,1
22,1997,1
10,1313,1
22,2023,1
22,2438,1
14,454,1
22,2030,1
22,2024,1
14,405,1
22,1661,1
22,2439,1
10,1178,1
10,1000,1
14,362,1
10,1083,1
22,1926,1
22,2279,1
14,292,1
14,395,1
6,8336,1
22,1934,1
22,2089,1
22,2046,1
22,2291,1
14,207,1
10,1264,1
10,1024,1
10,1319,1
10,1309,1
10,1072,1
22,2290,1
6,8334,1
10,1031,1
22,2294,1
14,168,1
22,2227,1
22,2224,1
10,1888,1
6,7899,1
22,2048,1
10,1260,1
14,253,1
10,1611,1
22,2047,1
14,231,1
14,438,1
16,478,1
10,1427,1
14,205,1
16,545,1
10,1126,1
22,11573,1
14,380,1
22,2037,1
22,2215,1
22,1947,1
14,224,1
22,1701,1
22,2033,1
22,2144,1
14,400,1
14,349,1
14,164,1
14,190,1
14,503,1
22,1957,1
22,2148,1
10,1428,1
22,1998,1
22,2278,1
10,1199,1
22,2452,1
16,539,1
22,2292,1
22,2043,1
22,1994,1
22,2140,1
22,2147,1
22,2145,1
4,557,1
10,1016,1
14,384,1
22,2042,1
22,2295,1
10,1431,1
14,411,1
10,1268,1
14,254,1
10,1269,1
10,1430,1
10,1026,1
14,104,1
22,2035,1
14,366,1
14,316,1
22,2045,1
22,2038,1
22,2044,1
15,6300,1
10,4912,1
10,1316,1
22,2230,1
22,2296,1
22,2090,1
22,2151,1
22,11574,1
15,4315,1
15,3593,1
22,2143,1
14,358,1
15,4779,1
10,1317,1
10,1318,1
10,10568,1
10,1307,1
22,1956,1
6,7890,1
14,204,1
16,84,1
22,1891,1
22,2087,1
14,359,1
14,367,1
14,355,1
22,6009,1
10,1939,1
22,2618,1
22,10979,1
22,10110,1
14,379,1
22,10980,1
10,1201,1
14,189,1
14,319,1
10,1200,1
10,1125,1
10,1124,1
14,234,1
10,1426,1
10,840,1
15,10162,1
22,2297,1
14,241,1
22,10025,1
14,527,1
14,371,1
22,8011,1
22,10138,1
10,1311,1
22,6460,1
22,2443,1
10,1111,1
22,2084,1
10,970,1
14,321,1
14,100,1
22,11609,1
14,331,1
10,969,1
14,228,1
14,125,1
14,303,1
22,1933,1
22,2041,1
14,137,1
22,1932,1
14,298,1
14,197,1
14,461,1
14,488,1
14,136,1
22,6552,1
22,2284,1
14,320,1
14,299,1
22,2040,1
14,424,1
14,97,1
22,1931,1
22,2281,1
22,2085,1
14,370,1
22,1953,1
22,2219,1
10,968,1
22,2133,1
10,1023,1
10,1025,1
10,1115,1
14,154,1
14,445,1
14,155,1
14,116,1
14,126,1
10,1116,1
14,377,1
22,1954,1
22,2282,1
10,1110,1
14,183,1
10,904,1
14,111,1
10,1109,1
14,394,1
10,1117,1
10,1119,1
14,92,1
10,1305,1
14,256,1
14,361,1
10,1118,1
14,363,1
14,217,1
14,242,1
10,9131,1
10,1017,1
14,262,1
10,1208,1
10,1206,1
22,2136,1
14,106,1
14,186,1
10,1122,1
4,368,1
14,257,1
22,2135,1
22,2083,1
22,866,1
14,268,1
10,1267,1
22,2152,1
22,2153,1
14,354,1
10,1347,1
22,2137,1
10,1027,1
14,160,1
14,432,1
14,357,1
22,2450,1
14,296,1
14,481,1
10,1121,1
14,365,1
22,893,1
10,1120,1
22,2523,1
22,2150,1
22,2149,1
22,2134,1
22,2139,1
7,1567,1
14,149,1
14,211,1
14,261,1
14,277,1
10,1429,1
22,2142,1
4,369,1
10,1203,1
22,2141,1
10,1204,1
14,418,1
10,719,1
22,2226,1
22,1995,1
22,2446,1
14,306,1
22,2217,1
14,87,1
10,1029,1
14,474,1
10,1128,1
14,243,1
14,399,1
14,223,1
22,2218,1
10,1202,1
22,2146,1
10,1123,1
19,4791,1
19,976,1
19,1148,1
19,6063,1
19,1295,1
19,4576,1
19,1389,1
19,1390,1
19,7642,1
10,1256,1
19,978,1
19,5503,1
19,1391,1
19,1392,1
19,1393,1
19,1349,1
19,979,1
19,980,1
19,1394,1
19,977,1
19,1820,1
19,1474,1
19,1788,1
19,1147,1
19,1465,1
19,2102,1
19,1237,1
19,1238,1
19,1839,1
19,1388,1
19,1840,1
19,1475,1
19,4575,1
19,1553,1
19,1363,1
19,975,1
19,1771,1
19,1618,1
19,1386,1
19,1387,1
19,1350,1
15,440,1
15,226,1
15,358,1
15,454,1
15,288,1
12,15836,1
34,1552,1
34,508,1
34,509,1
19,1395,1
12,4934,1
15,253,1
15,393,1
15,96,1
15,55,1
15,142,1
15,200,1
35,10109,1
35,478,1
34,7899,1
34,6454,1
19,1369,1
19,1396,1
19,1150,1
19,1149,1
19,1773,1
19,1476,1
19,1397,1
19,1296,1
19,1297,1
15,397,1
2,555,1
15,343,1
15,215,1
15,351,1
2,6004,1
2,9277,1
2,526,1
2,534,1
2,1744,1
15,196,1
2,625,1
19,1596,1
19,1464,1
19,1415,1
19,1367,1
19,1416,1
19,1234,1
19,1615,1
19,1146,1
19,1666,1
19,1819,1
19,1667,1
19,1222,1
9,15888,1
19,1630,1
19,1584,1
19,1570,1
19,1769,1
19,1856,1
19,1868,1
19,2101,1
19,1786,1
19,1233,1
19,1597,1
19,1598,1
19,1937,1
19,1665,1
19,1664,1
19,1292,1
19,1278,1
19,1595,1
19,2668,1
19,1583,1
19,1569,1
19,1813,1
19,1291,1
19,1867,1
19,1836,1
19,1768,1
19,1552,1
19,1417,1
19,2127,1
19,1617,1
19,1362,1
19,1557,1
19,974,1
19,1051,1
19,1420,1
19,1421,1
19,1645,1
19,3990,1
19,1857,1
19,1713,1
19,1473,1
19,1422,1
19,1739,1
19,6062,1
19,1384,1
19,1441,1
19,1423,1
19,1385,1
19,1236,1
19,3991,1
19,1818,1
19,1837,1
19,1838,1
19,1293,1
19,1294,1
19,1419,1
19,1436,1
19,1437,1
19,1438,1
19,1616,1
19,1440,1
19,1966,1
19,1967,1
19,1968,1
9,4934,1
19,1418,1
19,3601,1
19,3602,1
19,1235,1
19,1368,1
19,1439,1
11,4764,1
11,6605,1
11,7730,1
11,4911,1
11,8139,1
15,240,1
15,234,1
15,188,1
15,463,1
34,6837,1
15,461,1
15,416,1
15,189,1
15,116,1
15,197,1
15,383,1
11,8528,1
11,7727,1
11,7018,1
15,109,1
11,8145,1
11,6608,1
11,6190,1
11,6191,1
7,10081,1
15,276,1
15,302,1
15,201,1
15,21,1
11,7731,1
11,6603,1
11,5877,1
11,8140,1
11,7024,1
11,7025,1
11,7023,1
11,8141,1
11,8142,1
11,7026,1
11,5864,1
11,7022,1
11,8136,1
11,7016,1
11,7015,1
11,7723,1
11,7017,1
11,6600,1
11,6181,1
11,8129,1
11,6182,1
11,7019,1
11,6179,1
11,8130,1
11,7008,1
11,7014,1
11,7013,1
11,6183,1
11,6184,1
11,7713,1
11,11002,1
11,11003,1
11,6178,1
11,8137,1
11,6186,1
11,6187,1
11,6188,1
11,7020,1
11,6602,1
11,8138,1
11,7021,1
11,7728,1
11,7726,1
11,8132,1
11,8133,1
11,8131,1
11,9189,1
11,7724,1
11,7725,1
11,6601,1
11,8135,1
11,6185,1
11,8134,1
11,7729,1
35,10107,1
35,10108,1
35,13553,1
35,11761,1
35,1567,1
35,11764,1
35,13568,1
35,13569,1
35,13570,1
11,8144,1
35,13572,1
35,13573,1
35,11767,1
35,10104,1
7,2699,1
7,2187,1
7,2500,1
7,3633,1
7,3165,1
35,13571,1
34,487,1
34,495,1
34,532,1
15,3,1
15,474,1
15,274,1
15,238,1
15,228,1
15,235,1
35,10106,1
15,172,1
35,11766,1
35,13578,1
35,13579,1
35,10190,1
35,10813,1
35,10105,1
35,15035,1
35,11768,1
35,13580,1
15,187,1
7,3632,1
15,207,1
15,107,1
15,170,1
15,168,1
15,229,1
15,312,1
7,2574,1
7,2597,1
35,495,1
7,2577,1
7,2596,1
7,6492,1
7,6493,1
7,2629,1
11,6606,1
11,7732,1
11,5878,1
11,6607,1
11,8143,1
7,2595,1
35,13548,1
35,1907,1
35,11760,1
35,15779,1
35,13547,1
35,13552,1
35,532,1
35,1993,1
7,3069,1
7,7993,1
7,2781,1
7,2644,1
7,2538,1
7,2784,1
7,3450,1
7,2807,1
7,2732,1
7,3630,1
7,2683,1
7,3631,1
7,3076,1
16,7317,1
16,8204,1
16,8183,1
16,8182,1
16,7327,1
16,8196,1
16,8180,1
16,7783,1
16,7798,1
19,1348,1
16,7350,1
16,8208,1
16,8209,1
16,8215,1
16,7791,1
16,7332,1
16,7333,1
16,8194,1
16,7328,1
16,8200,1
16,8212,1
16,7344,1
16,7338,1
16,9223,1
16,8206,1
16,7794,1
16,7337,1
16,7341,1
16,7342,1
16,7320,1
16,8190,1
16,7321,1
16,7785,1
16,7786,1
16,8213,1
16,7339,1
16,7362,1
16,7352,1
16,7353,1
16,7334,1
16,7314,1
16,7795,1
16,8201,1
19,1686,1
19,1336,1
19,9725,1
19,1590,1
19,1451,1
19,1454,1
19,1518,1
16,3955,1
16,8181,1
16,8187,1
16,8184,1
16,7797,1
16,8198,1
16,7325,1
16,8193,1
16,8188,1
16,7331,1
16,7804,1
19,1219,1
16,7799,1
16,7792,1
16,7789,1
16,7793,1
16,8211,1
16,8195,1
16,8189,1
16,7800,1
19,8520,1
16,7790,1
16,8192,1
16,7769,1
16,8179,1
16,8203,1
16,7345,1
16,6292,1
16,7323,1
16,8191,1
16,7329,1
16,7312,1
19,1285,1
16,7363,1
16,7372,1
16,7361,1
16,7367,1
16,7365,1
16,7377,1
16,8229,1
16,8230,1
16,8231,1
16,7796,1
16,8221,1
16,7808,1
16,7358,1
16,7371,1
16,7360,1
16,8227,1
16,6631,1
16,7803,1
16,8222,1
16,7348,1
16,7376,1
16,7815,1
16,8228,1
16,8220,1
16,7364,1
16,7359,1
16,7809,1
16,7810,1
16,7369,1
16,7357,1
16,7807,1
16,9764,1
16,7370,1
16,7379,1
16,7375,1
16,15357,1
16,7378,1
16,9762,1
16,9763,1
16,7806,1
16,8219,1
16,8210,1
16,7330,1
16,6629,1
16,9760,1
16,7336,1
16,7801,1
16,7356,1
16,10088,1
16,9224,1
16,8223,1
16,2971,1
16,7346,1
16,9759,1
16,8615,1
16,7787,1
16,7788,1
16,6627,1
16,8217,1
16,8616,1
16,7784,1
16,7351,1
16,8224,1
16,8225,1
16,8226,1
16,7366,1
16,7349,1
16,6630,1
16,8216,1
16,8617,1
16,6628,1
16,7335,1
16,7354,1
16,7340,1
16,9225,1
16,7355,1
16,8218,1
16,7814,1
16,7802,1
16,7368,1
16,7347,1
16,5624,1
16,8214,1
16,8160,1
16,7287,1
16,7761,1
16,8161,1
16,7290,1
19,1556,1
19,1452,1
19,1380,1
19,1381,1
16,7805,1
19,1411,1
19,1382,1
19,1406,1
19,1410,1
26,12038,1
16,7283,1
16,6291,1
19,4574,1
19,1361,1
19,1450,1
19,1284,1
19,1050,1
19,1286,1
19,1514,1
19,2183,1
19,2184,1
19,1865,1
19,1467,1
19,1463,1
16,7288,1
19,1408,1
16,7282,1
16,7285,1
16,7284,1
16,7760,1
16,7286,1
16,8159,1
16,7289,1
16,7763,1
16,7762,1
19,1407,1
19,1143,1
19,1738,1
19,1359,1
19,972,1
19,1753,1
19,1582,1
19,1455,1
19,1413,1
19,1288,1
19,1453,1
19,1290,1
19,1866,1
19,1629,1
19,1221,1
19,1353,1
19,1383,1
19,1277,1
19,3048,1
19,1835,1
19,1965,1
19,1628,1
19,1688,1
19,2069,1
19,1232,1
19,1711,1
19,1712,1
19,1360,1
19,1614,1
19,1470,1
19,1644,1
19,1289,1
19,742,1
19,1690,1
19,1402,1
19,1594,1
19,1592,1
19,1593,1
19,1412,1
19,1414,1
19,1435,1
19,1145,1
19,6008,1
16,7318,1
16,8170,1
16,7765,1
16,8169,1
16,7780,1
16,7297,1
16,8175,1
16,7313,1
16,7310,1
19,1231,1
16,7767,1
16,7299,1
16,8186,1
16,8176,1
16,10087,1
16,7326,1
16,8177,1
16,7296,1
16,8171,1
16,8197,1
16,6626,1
16,7343,1
16,8205,1
16,8199,1
16,7772,1
16,7773,1
16,7311,1
16,7770,1
16,7776,1
16,7306,1
16,7779,1
16,7782,1
16,7322,1
16,7324,1
16,8202,1
16,8185,1
16,7777,1
16,7778,1
16,7304,1
16,7305,1
16,7298,1
16,8172,1
16,7294,1
19,1471,1
19,1469,1
16,7303,1
16,8164,1
16,8163,1
16,7292,1
16,8162,1
16,7307,1
16,8167,1
16,7302,1
16,7308,1
16,7293,1
16,8168,1
16,7315,1
16,6625,1
16,8166,1
16,8165,1
19,1409,1
16,7764,1
16,7309,1
16,7300,1
16,7766,1
16,7768,1
16,7781,1
16,4053,1
16,7301,1
16,8173,1
16,8174,1
16,7295,1
16,7775,1
16,6293,1
16,9758,1
16,7319,1
16,7291,1
16,7771,1
16,8612,1
16,8613,1
16,2970,1
16,7316,1
16,7774,1
10,7708,1
10,7003,1
10,6178,1
10,6179,1
10,7713,1
10,9188,1
10,7703,1
10,7707,1
10,7709,1
11,8122,1
10,7705,1
10,6998,1
10,6999,1
10,7000,1
10,6989,1
10,6990,1
10,7001,1
10,6996,1
10,8117,1
10,7710,1
10,7004,1
10,7005,1
10,7006,1
10,7007,1
10,7009,1
10,7718,1
10,7719,1
10,8120,1
10,8121,1
10,8119,1
10,6175,1
10,6177,1
10,8123,1
10,8124,1
10,6597,1
10,5621,1
10,7712,1
10,6176,1
10,6180,1
10,7002,1
10,8122,1
10,8112,1
10,6595,1
10,8115,1
10,6594,1
10,6995,1
10,6979,1
10,6980,1
10,6982,1
10,7698,1
10,7711,1
10,7700,1
10,7701,1
10,7702,1
10,8524,1
10,8525,1
10,5869,1
10,6988,1
10,6596,1
10,8110,1
10,6983,1
10,7699,1
10,7704,1
10,6174,1
10,7706,1
10,8113,1
10,6173,1
10,6997,1
10,7697,1
10,8114,1
10,6991,1
10,8111,1
10,6993,1
10,6994,1
10,8118,1
10,6985,1
10,6170,1
10,6987,1
10,5874,1
10,6593,1
10,6172,1
10,8116,1
10,6992,1
10,7730,1
10,7728,1
10,7021,1
10,8139,1
15,198,1
10,8132,1
10,8133,1
10,5875,1
10,6185,1
10,8526,1
10,7723,1
10,8134,1
10,8136,1
10,7016,1
10,7015,1
10,8528,1
10,7017,1
10,7018,1
10,7019,1
10,8135,1
10,7024,1
10,7025,1
10,8529,1
10,8141,1
10,8142,1
10,6604,1
10,7026,1
10,7731,1
10,5864,1
10,7729,1
10,7726,1
10,7727,1
10,6186,1
10,6187,1
10,6188,1
10,7020,1
10,8137,1
10,6602,1
10,8138,1
10,9727,1
10,6601,1
10,8131,1
10,7724,1
10,7725,1
10,9189,1
10,8125,1
10,8126,1
10,8127,1
10,6598,1
10,6599,1
10,7012,1
10,8128,1
10,5876,1
10,7714,1
10,7715,1
10,7716,1
10,7717,1
10,7720,1
10,7010,1
10,7011,1
10,7721,1
10,4726,1
10,8527,1
10,11002,1
10,11003,1
15,268,1
15,257,1
15,262,1
15,418,1
15,95,1
15,394,1
10,7008,1
10,7722,1
10,6600,1
10,6181,1
10,6182,1
10,8129,1
10,8130,1
10,7014,1
10,7013,1
10,6183,1
10,6184,1
15,98,1
15,143,1
15,368,1
15,369,1
15,503,1
15,199,1
15,258,1
15,250,1
10,6571,1
10,6570,1
10,6591,1
10,6953,1
10,7680,1
10,7681,1
10,7682,1
10,7683,1
10,7684,1
10,6962,1
10,6963,1
10,6144,1
10,6572,1
10,6154,1
10,6155,1
10,6150,1
15,557,1
10,6140,1
10,6578,1
10,7686,1
10,7689,1
10,6949,1
15,291,1
10,5677,1
10,6573,1
10,6964,1
10,8096,1
10,8098,1
10,8099,1
10,7685,1
10,6162,1
10,6951,1
10,6156,1
10,6579,1
10,6947,1
10,7675,1
10,6952,1
10,6958,1
10,11001,1
10,6576,1
10,6146,1
10,5867,1
10,5868,1
10,6147,1
10,6946,1
10,6139,1
10,6131,1
10,6138,1
10,6132,1
10,6566,1
10,6142,1
10,7677,1
10,6143,1
10,6145,1
10,6944,1
10,6582,1
10,6141,1
10,6950,1
10,6153,1
10,6945,1
10,4304,1
10,6948,1
10,6954,1
10,6955,1
10,2430,1
10,7676,1
10,6957,1
10,6959,1
10,6568,1
10,6960,1
10,7678,1
10,7679,1
10,6961,1
10,6136,1
10,6943,1
10,6956,1
10,6169,1
10,6580,1
10,6587,1
10,8107,1
10,6586,1
10,7692,1
10,6166,1
10,6167,1
10,7693,1
10,6967,1
10,6157,1
10,10065,1
10,9726,1
10,8522,1
10,5870,1
10,6161,1
10,6589,1
10,6590,1
10,6151,1
10,8106,1
10,6981,1
10,7695,1
10,4217,1
10,8108,1
10,7696,1
10,6168,1
10,8105,1
10,8109,1
10,6984,1
10,7690,1
10,6986,1
10,6165,1
10,5873,1
10,6978,1
10,6171,1
10,7694,1
10,6163,1
10,6164,1
10,6585,1
10,8104,1
10,6592,1
10,5872,1
10,11046,1
10,6974,1
10,6158,1
10,6588,1
10,5871,1
10,6971,1
10,6968,1
10,8097,1
10,6583,1
10,6969,1
10,6970,1
10,7688,1
10,6148,1
10,6575,1
10,6149,1
10,5550,1
10,5448,1
10,6966,1
10,7687,1
10,6977,1
10,8102,1
10,6152,1
10,8103,1
10,6577,1
10,8523,1
10,6965,1
10,6581,1
10,7691,1
10,9186,1
10,6973,1
10,8521,1
10,8100,1
10,6975,1
10,6976,1
10,9187,1
10,8101,1
10,6584,1
10,6159,1
10,10064,1
10,6972,1
10,6160,1
11,6169,1
11,6984,1
11,6592,1
11,13176,1
11,6160,1
11,8111,1
11,6975,1
11,6163,1
11,6164,1
10,8140,1
11,8106,1
11,6170,1
11,6593,1
11,15057,1
11,4217,1
11,6985,1
11,6161,1
11,6166,1
11,6167,1
11,6591,1
11,5874,1
11,458,1
11,6588,1
11,7694,1
11,6159,1
11,6976,1
11,6979,1
11,6980,1
11,6982,1
11,6978,1
11,8110,1
11,8114,1
11,13180,1
11,13181,1
11,8115,1
11,7691,1
11,6165,1
11,5873,1
11,8102,1
11,6171,1
11,6988,1
11,6965,1
11,6576,1
11,5871,1
11,7688,1
11,6962,1
11,6963,1
11,7686,1
11,6967,1
11,6968,1
11,6168,1
11,7695,1
11,6961,1
11,6571,1
11,7680,1
11,6577,1
11,6585,1
11,3097,1
11,8108,1
11,7684,1
11,6969,1
11,6987,1
11,7704,1
11,6581,1
11,6162,1
11,5872,1
11,8103,1
11,7696,1
11,6981,1
11,5870,1
11,6589,1
11,6151,1
11,13177,1
11,15056,1
11,13178,1
11,7693,1
11,8105,1
11,8098,1
11,8099,1
11,6977,1
11,6983,1
11,6986,1
11,6590,1
11,8123,1
11,8124,1
11,8125,1
11,8126,1
11,8127,1
11,8120,1
11,8121,1
11,6174,1
11,6177,1
11,5869,1
11,7722,1
11,7707,1
11,7709,1
11,7710,1
11,13182,1
11,7002,1
11,8128,1
11,6175,1
11,7720,1
11,7721,1
11,4726,1
11,7010,1
11,7011,1
11,7714,1
11,7715,1
11,7716,1
11,7717,1
11,7009,1
11,7718,1
11,7004,1
11,5875,1
11,6180,1
11,7012,1
11,8527,1
11,7003,1
11,7708,1
11,7005,1
11,7006,1
11,7007,1
11,8526,1
11,7719,1
11,6990,1
11,6998,1
11,6999,1
11,7000,1
11,6597,1
11,7705,1
11,6598,1
11,6995,1
11,6594,1
11,5876,1
11,8113,1
11,8112,1
11,6595,1
11,6172,1
11,6992,1
11,7698,1
11,7699,1
11,7700,1
11,7701,1
11,7702,1
11,6991,1
11,6599,1
11,2608,1
11,7697,1
11,6993,1
11,6994,1
11,7703,1
11,6996,1
11,7001,1
11,8117,1
11,6989,1
11,5621,1
11,7711,1
11,8119,1
11,8116,1
11,6176,1
11,7712,1
11,7706,1
11,6173,1
11,6997,1
11,6596,1
11,8118,1
11,6135,1
11,6134,1
11,6940,1
11,7673,1
11,6939,1
15,354,1
15,84,1
15,332,1
15,308,1
11,6970,1
15,349,1
15,366,1
15,411,1
15,313,1
15,220,1
11,6128,1
11,6129,1
11,6567,1
11,5866,1
15,458,1
11,6947,1
11,6943,1
11,6954,1
11,6955,1
11,6956,1
11,6147,1
11,6964,1
11,6568,1
11,6586,1
11,6945,1
11,6146,1
11,6139,1
15,365,1
11,6938,1
11,7672,1
11,8095,1
11,1661,1
11,8094,1
11,11001,1
11,7675,1
11,6142,1
12,941,1
12,867,1
10,4764,1
10,6605,1
10,6606,1
10,7732,1
10,5878,1
10,8143,1
10,6607,1
11,6566,1
10,8145,1
10,6608,1
10,6190,1
10,6191,1
10,4911,1
10,6603,1
10,7022,1
10,6189,1
10,5877,1
10,9728,1
10,8144,1
11,6131,1
11,6132,1
11,6565,1
11,6942,1
11,6130,1
11,6133,1
11,6950,1
11,6951,1
12,12128,1
10,2760,1
11,7671,1
11,1364,1
11,6935,1
11,2621,1
11,3397,1
11,2774,1
11,6936,1
11,6937,1
11,6127,1
11,1973,1
12,15821,1
15,339,1
15,225,1
15,231,1
15,357,1
15,367,1
15,223,1
15,183,1
15,331,1
15,277,1
11,6960,1
11,6141,1
11,6153,1
11,7685,1
11,7681,1
11,7682,1
11,6966,1
11,6973,1
11,7687,1
11,6974,1
11,7679,1
15,144,1
11,8107,1
11,8097,1
11,8104,1
15,400,1
11,6157,1
11,6155,1
11,6156,1
11,6572,1
11,6582,1
15,314,1
11,6570,1
11,6154,1
11,6583,1
11,6579,1
11,5677,1
11,7692,1
11,15346,1
11,15347,1
15,149,1
15,147,1
11,6587,1
11,6138,1
11,6140,1
11,5867,1
11,7677,1
11,5550,1
11,6580,1
11,6150,1
11,6158,1
11,6137,1
11,7690,1
11,6952,1
11,6944,1
11,6953,1
11,6957,1
11,6958,1
11,7678,1
11,6144,1
11,7674,1
11,7676,1
11,6946,1
11,6573,1
11,10063,1
11,6152,1
11,6584,1
11,6971,1
11,5448,1
11,6143,1
11,6569,1
11,6941,1
11,6948,1
11,6136,1
11,6959,1
11,6145,1
11,5868,1
11,6575,1
11,6149,1
11,6574,1
11,6578,1
11,7683,1
11,8096,1
11,6148,1
11,6949,1
9,9923,1
9,11324,1
9,12092,1
9,10309,1
9,11333,1
9,11316,1
9,10310,1
9,10311,1
9,9936,1
16,8236,1
9,10303,1
9,10301,1
9,9933,1
9,9928,1
9,9935,1
9,9925,1
9,9927,1
9,10298,1
9,10307,1
31,2521,1
9,8955,1
9,7873,1
9,8302,1
9,9945,1
9,8301,1
9,9937,1
9,9938,1
9,9940,1
9,10313,1
9,9943,1
9,10314,1
9,12093,1
9,10322,1
9,9299,1
9,9296,1
9,9300,1
9,9304,1
9,10315,1
9,11322,1
9,9942,1
9,11304,1
9,7872,1
9,11308,1
9,9924,1
9,11305,1
9,10308,1
9,11319,1
9,10304,1
9,10293,1
9,10296,1
9,8300,1
9,11306,1
9,11307,1
9,11310,1
9,12091,1
9,10305,1
9,9295,1
9,9929,1
9,11313,1
9,11314,1
9,10306,1
9,9921,1
9,9303,1
9,10317,1
9,9939,1
9,11318,1
9,11311,1
9,11312,1
9,10302,1
31,1994,1
31,1998,1
9,8949,1
31,1996,1
31,2439,1
31,1661,1
31,2129,1
31,2006,1
31,2767,1
31,4279,1
31,2766,1
31,2618,1
9,10299,1
31,1999,1
9,11344,1
9,9962,1
9,10329,1
9,8306,1
9,9960,1
9,10335,1
9,9312,1
9,9958,1
9,11335,1
9,12096,1
9,14102,1
9,14103,1
9,9306,1
9,12095,1
9,10325,1
9,11328,1
9,9307,1
9,11337,1
9,10327,1
9,11334,1
9,6714,1
9,10326,1
9,10328,1
9,9313,1
9,12099,1
9,11341,1
9,9310,1
9,14105,1
9,3049,1
9,8309,1
9,10321,1
9,11338,1
9,11340,1
9,6715,1
9,9308,1
9,11336,1
9,11331,1
9,8957,1
9,8307,1
9,8308,1
9,9961,1
9,10319,1
9,11320,1
9,9941,1
9,11326,1
9,10323,1
9,10324,1
9,8303,1
9,9305,1
9,10316,1
9,9955,1
9,9302,1
9,11329,1
9,8954,1
9,14208,1
9,9354,1
9,11325,1
9,8305,1
9,11323,1
9,9934,1
9,9957,1
9,9301,1
9,12097,1
9,10318,1
9,11339,1
9,9298,1
9,9951,1
9,9959,1
9,9309,1
9,12094,1
9,11330,1
9,9954,1
9,9949,1
9,9950,1
9,9947,1
9,9953,1
9,9956,1
9,8304,1
9,10320,1
9,11315,1
9,11332,1
9,8299,1
9,9948,1
31,1929,1
31,2524,1
31,150,1
31,2132,1
31,1831,1
31,2133,1
31,3727,1
31,3986,1
31,6907,1
9,3597,1
31,471,1
31,2020,1
9,8613,1
9,8176,1
31,2285,1
31,2445,1
31,2282,1
31,2287,1
31,2221,1
31,2303,1
31,2021,1
31,2003,1
31,2005,1
31,1945,1
31,1928,1
31,2025,1
31,2222,1
31,1997,1
31,2028,1
31,2283,1
31,2131,1
31,2029,1
9,9761,1
9,9760,1
9,11664,1
9,10088,1
9,9224,1
31,2304,1
9,10087,1
31,2438,1
31,2223,1
31,2135,1
31,2136,1
31,2226,1
31,2449,1
31,2225,1
31,1931,1
31,2040,1
31,2451,1
31,2014,1
31,2446,1
31,14235,1
31,2027,1
31,2030,1
31,2039,1
31,1952,1
31,2026,1
31,2013,1
31,1951,1
31,2138,1
31,2134,1
0,14129,1
31,2217,1
31,2218,1
31,2284,1
31,2447,1
31,10005,1
31,470,1
31,2015,1
31,2522,1
31,2007,1
31,2523,1
31,2220,1
31,2022,1
31,1571,1
31,2023,1
31,2024,1
31,2019,1
31,2010,1
31,2011,1
31,2012,1
31,2009,1
31,301,1
9,9914,1
9,8948,1
9,9916,1
9,9915,1
9,10294,1
9,10297,1
9,9930,1
9,11302,1
9,10292,1
9,3010,1
9,10295,1
9,9918,1
9,9920,1
9,9926,1
9,9290,1
9,10290,1
9,11300,1
9,11301,1
9,10291,1
9,9919,1
9,9297,1
9,8951,1
9,8953,1
9,10312,1
9,9952,1
9,6710,1
9,6713,1
9,9917,1
9,9931,1
9,8506,1
9,11303,1
9,11321,1
9,9922,1
9,8950,1
9,12090,1
9,10300,1
9,9932,1
9,8298,1
9,11309,1
9,9294,1
9,11317,1
9,8002,1
9,3011,1
31,2440,1
31,2280,1
31,14,1
31,2441,1
31,2081,1
31,290,1
31,1926,1
9,15048,1
31,2004,1
31,2130,1
31,2008,1
31,2442,1
9,3074,1
9,7820,1
9,3072,1
9,3073,1
9,9765,1
9,3071,1
31,2080,1
9,8297,1
9,8947,1
9,9911,1
9,9292,1
9,9913,1
9,9293,1
9,9291,1
9,8622,1
9,8623,1
9,7824,1
9,11299,1
9,10286,1
9,10288,1
9,10287,1
9,9912,1
9,9910,1
9,10289,1
9,3015,1
31,2128,1
31,2001,1
9,9289,1
20,2289,1
20,2046,1
20,11250,1
20,2528,1
20,11986,1
20,11987,1
20,11207,1
20,1946,1
20,2288,1
9,11327,1
20,11212,1
20,11257,1
20,10281,1
20,11268,1
20,12042,1
20,11269,1
20,10282,1
20,2050,1
20,12054,1
20,1953,1
14,145,1
14,73,1
14,130,1
14,117,1
14,121,1
14,118,1
14,113,1
14,131,1
14,237,1
20,10279,1
14,122,1
14,85,1
14,123,1
20,11200,1
20,4267,1
20,11221,1
20,10277,1
6,571,1
26,7651,1
9,7651,1
14,152,1
20,12064,1
20,12065,1
20,2061,1
20,11288,1
20,12067,1
20,12068,1
20,10284,1
20,1964,1
20,2062,1
20,12055,1
9,9985,1
9,9986,1
9,9987,1
9,11377,1
9,10372,1
9,10371,1
9,10373,1
9,11606,1
9,9329,1
9,9988,1
20,10285,1
1,11247,1
20,2236,1
20,11296,1
20,2237,1
20,9909,1
20,2100,1
1,14124,1
1,14361,1
20,11241,1
20,11284,1
20,2151,1
20,12028,1
20,11259,1
20,1956,1
20,11266,1
20,11267,1
1,5653,1
1,11826,1
1,1925,1
1,7671,1
20,11258,1
14,245,1
14,270,1
14,246,1
14,310,1
14,462,1
14,282,1
14,177,1
14,342,1
14,119,1
14,287,1
14,372,1
14,403,1
14,420,1
14,264,1
14,156,1
14,94,1
14,407,1
14,334,1
14,412,1
14,318,1
14,251,1
14,93,1
14,199,1
14,413,1
14,161,1
14,317,1
14,409,1
14,410,1
14,417,1
14,244,1
14,333,1
14,378,1
14,415,1
14,385,1
2,537,1
2,479,1
2,3110,1
18,14350,1
18,9179,1
18,12364,1
14,182,1
14,346,1
14,286,1
14,129,1
14,78,1
14,283,1
14,174,1
14,127,1
14,128,1
14,134,1
14,557,1
14,515,1
14,218,1
14,265,1
14,266,1
14,285,1
14,163,1
14,335,1
14,441,1
14,102,1
14,232,1
14,457,1
14,209,1
9,14204,1
14,386,1
14,406,1
14,153,1
14,350,1
14,387,1
14,322,1
14,421,1
14,247,1
14,392,1
14,90,1
14,120,1
14,138,1
14,206,1
14,108,1
14,324,1
14,325,1
14,456,1
14,425,1
14,422,1
9,7875,1
9,10340,1
9,9970,1
9,9971,1
9,9316,1
31,2279,1
31,300,1
9,9967,1
9,10344,1
9,9330,1
9,10341,1
9,10342,1
9,10347,1
9,12101,1
9,12102,1
9,8312,1
9,8959,1
9,9968,1
9,9315,1
9,9969,1
9,14111,1
9,11353,1
9,11347,1
9,11345,1
9,9317,1
9,11354,1
9,11355,1
9,11359,1
9,11360,1
9,10350,1
9,11349,1
9,11350,1
9,8960,1
9,8961,1
9,9318,1
9,9972,1
9,9973,1
9,9974,1
9,10348,1
9,10349,1
9,11348,1
9,12100,1
9,9963,1
9,9311,1
9,7874,1
9,14106,1
9,14107,1
9,9314,1
9,7515,1
9,10330,1
9,9964,1
9,10332,1
9,10333,1
9,10334,1
9,10343,1
9,4942,1
9,4943,1
9,8958,1
9,10339,1
9,10337,1
9,9946,1
9,10331,1
9,9965,1
31,11556,1
31,817,1
31,1925,1
31,2215,1
31,893,1
31,1701,1
31,1995,1
31,2278,1
9,11343,1
31,222,1
31,2000,1
9,10338,1
9,9966,1
9,10345,1
9,11346,1
9,8956,1
9,10336,1
9,11342,1
9,12098,1
31,807,1
9,9977,1
9,9326,1
9,12104,1
9,11367,1
9,11368,1
9,10362,1
9,9978,1
9,9979,1
9,9980,1
9,14110,1
9,9327,1
9,11369,1
9,10366,1
9,9982,1
9,12105,1
9,10361,1
9,10356,1
9,10352,1
9,10353,1
9,9981,1
9,9331,1
1,1734,1
1,2180,1
1,3061,1
1,4577,1
9,9328,1
9,11371,1
9,11372,1
9,11370,1
9,10357,1
9,9983,1
9,11375,1
9,11376,1
9,11373,1
9,11374,1
9,10367,1
9,9984,1
9,10369,1
9,10370,1
9,10368,1
9,8314,1
9,11364,1
9,9321,1
9,8964,1
9,9976,1
9,10360,1
9,11351,1
9,11352,1
9,10346,1
9,10351,1
9,9322,1
9,7876,1
9,8962,1
9,8963,1
9,8313,1
9,11356,1
9,11357,1
9,11358,1
9,10354,1
9,10355,1
9,14109,1
9,8311,1
9,10359,1
9,9323,1
9,8965,1
9,9324,1
9,9325,1
9,11366,1
9,10363,1
9,10364,1
9,10365,1
9,11363,1
9,9319,1
9,9320,1
9,9975,1
9,12103,1
9,12351,1
9,11361,1
9,11362,1
9,11365,1
9,14336,1
9,14337,1
9,10358,1
24,6047,1
24,6048,1
24,2718,1
24,6036,1
24,6037,1
24,6038,1
24,4971,1
24,4972,1
24,6466,1
31,9165,1
24,1787,1
24,2252,1
24,2253,1
24,6467,1
24,6039,1
24,6040,1
24,4113,1
24,4114,1
24,10440,1
24,1743,1
24,4976,1
24,6471,1
24,1921,1
24,2773,1
24,6472,1
24,6473,1
24,6051,1
24,6052,1
24,4977,1
24,6046,1
24,6041,1
24,4973,1
24,6042,1
24,6468,1
24,6043,1
24,6469,1
24,6470,1
24,6044,1
24,4974,1
24,6045,1
24,4115,1
24,4967,1
24,6465,1
24,5693,1
24,6027,1
24,6013,1
24,4965,1
24,6014,1
24,6015,1
24,9353,1
24,6028,1
24,6017,1
24,6018,1
24,6019,1
24,6020,1
24,6021,1
24,4814,1
24,6022,1
24,6463,1
24,6012,1
19,1139,1
24,6016,1
24,6029,1
24,4968,1
24,4969,1
24,6030,1
24,5694,1
24,10441,1
24,6031,1
24,6032,1
24,4970,1
24,4010,1
24,6034,1
24,6035,1
24,6464,1
24,6023,1
24,6024,1
24,6025,1
24,4966,1
24,6026,1
24,2073,1
24,3432,1
24,6033,1
19,1328,1
19,1331,1
19,1046,1
19,1735,1
19,1400,1
19,1047,1
19,1445,1
19,1332,1
19,1280,1
24,5290,1
19,1734,1
19,1705,1
19,973,1
19,835,1
19,1401,1
19,817,1
19,1752,1
19,1515,1
19,1444,1
19,1581,1
32,277,1
31,14249,1
31,4868,1
31,4869,1
31,14251,1
31,14252,1
31,14255,1
31,14256,1
19,919,1
17,5547,1
19,1141,1
19,12221,1
19,14215,1
19,14216,1
19,4349,1
19,4355,1
19,4356,1
19,1860,1
19,1924,1
17,4876,1
19,1691,1
24,1553,1
24,6053,1
24,6054,1
24,4576,1
24,5291,1
24,6055,1
19,1833,1
19,1144,1
19,1049,1
19,1585,1
19,1226,1
19,1591,1
19,1642,1
19,1282,1
19,1612,1
24,2719,1
24,4575,1
24,6049,1
24,6050,1
24,4975,1
19,1709,1
19,1376,1
19,1434,1
19,1748,1
19,1749,1
19,1750,1
19,1399,1
19,1626,1
19,1225,1
19,1364,1
19,1555,1
19,1527,1
19,1281,1
19,6489,1
19,1333,1
19,1366,1
19,1834,1
19,1334,1
19,1684,1
19,1275,1
19,1276,1
19,1627,1
16,8242,1
16,7819,1
16,7408,1
16,7409,1
16,7410,1
16,7411,1
16,8246,1
16,8618,1
16,7413,1
19,1643,1
16,7392,1
16,7389,1
16,7380,1
16,7402,1
16,7403,1
16,7404,1
16,7405,1
16,9226,1
16,9227,1
19,1662,1
16,8248,1
16,8247,1
16,8245,1
16,7412,1
16,7415,1
16,7820,1
16,7416,1
16,7417,1
16,7821,1
16,8241,1
16,8250,1
16,7823,1
16,7420,1
16,7419,1
16,7421,1
16,7397,1
16,7406,1
16,7407,1
16,8243,1
16,8240,1
16,8249,1
16,7817,1
16,8238,1
16,7384,1
16,7385,1
16,7386,1
16,7390,1
16,7391,1
16,7398,1
16,7399,1
16,7393,1
16,7811,1
16,7812,1
16,8233,1
16,8234,1
16,8235,1
16,7374,1
16,7401,1
16,8232,1
16,7400,1
16,7818,1
16,7373,1
16,7394,1
16,7395,1
16,7396,1
16,8239,1
16,7387,1
16,7388,1
19,1754,1
19,1329,1
19,1287,1
16,7813,1
19,1589,1
19,1448,1
19,1587,1
19,1588,1
19,1230,1
19,1663,1
16,7816,1
16,7381,1
16,7382,1
16,7383,1
19,1687,1
24,3625,1
24,4574,1
19,1517,1
19,1447,1
19,1404,1
19,1377,1
19,1351,1
19,1405,1
19,1403,1
16,7414,1
19,1378,1
19,1227,1
19,1586,1
19,1449,1
19,1048,1
19,1142,1
19,1229,1
16,7828,1
16,8622,1
19,1365,1
19,2178,1
19,1710,1
19,1736,1
19,1737,1
19,1446,1
19,1274,1
19,1443,1
24,4964,1
24,5288,1
24,4009,1
24,6011,1
24,3624,1
24,2487,1
24,919,1
24,4813,1
24,1897,1
24,6462,1
24,8665,1
24,3128,1
24,4273,1
24,5289,1
16,7439,1
16,9767,1
16,7438,1
16,7440,1
16,7418,1
16,7822,1
16,7424,1
16,7422,1
16,7423,1
16,8623,1
16,7426,1
16,7428,1
16,7824,1
16,7427,1
16,8251,1
16,7431,1
16,7429,1
16,8621,1
16,7430,1
16,7432,1
16,7425,1
19,1228,1
19,1283,1
19,1138,1
19,1352,1
19,1337,1
19,1613,1
19,1817,1
19,1140,1
19,1484,1
16,7827,1
16,7433,1
16,7825,1
16,6294,1
16,6295,1
16,7434,1
16,7435,1
16,8253,1
16,7826,1
16,7436,1
16,7437,1
19,1468,1
31,10025,1
31,641,1
31,2151,1
31,2047,1
31,2090,1
31,2038,1
31,2300,1
31,2044,1
31,2089,1
17,6888,1
31,2159,1
31,4280,1
31,4281,1
31,2619,1
31,2045,1
31,1935,1
31,2453,1
31,2310,1
31,2051,1
31,2228,1
31,477,1
31,6909,1
31,2141,1
31,2142,1
31,2298,1
31,2224,1
31,2993,1
31,3728,1
31,2145,1
31,2043,1
31,2297,1
31,2139,1
31,348,1
31,1955,1
31,2230,1
31,2307,1
31,340,1
31,2296,1
31,2229,1
31,2042,1
31,2528,1
31,2155,1
31,341,1
31,1956,1
31,1934,1
31,11574,1
31,2308,1
31,2095,1
31,2158,1
31,2092,1
31,2154,1
31,2093,1
31,2160,1
31,1958,1
31,2170,1
31,2097,1
31,1960,1
31,2166,1
31,9166,1
31,2313,1
31,2314,1
31,2053,1
31,2091,1
31,2049,1
31,2156,1
31,2157,1
31,4282,1
31,2169,1
31,2527,1
31,2035,1
31,11573,1
31,2302,1
31,4284,1
31,2309,1
31,2455,1
31,2456,1
31,719,1
31,2457,1
31,507,1
31,2094,1
31,434,1
31,2301,1
31,4384,1
31,2086,1
31,2041,1
31,1953,1
31,2002,1
31,2444,1
31,877,1
31,2294,1
31,866,1
31,2083,1
31,2140,1
31,208,1
31,2289,1
31,2036,1
31,2299,1
31,4383,1
31,2088,1
31,2666,1
31,2031,1
31,1933,1
31,179,1
31,7644,1
31,9631,1
31,8001,1
31,2450,1
31,1946,1
31,2082,1
31,2288,1
31,2448,1
31,1948,1
31,1927,1
31,1930,1
31,2281,1
31,1947,1
31,3987,1
31,6908,1
31,2305,1
31,2620,1
31,2311,1
31,2312,1
31,2452,1
31,2137,1
31,2295,1
31,1950,1
31,2037,1
31,2087,1
31,2149,1
31,2150,1
1,11770,1
1,7843,1
1,5634,1
31,2084,1
1,11727,1
1,7844,1
31,2227,1
31,2147,1
31,2143,1
31,2152,1
31,2153,1
31,2146,1
31,2048,1
31,2046,1
1,11726,1
31,1957,1
31,2033,1
26,810,1
31,2290,1
31,2291,1
31,1832,1
31,2144,1
31,158,1
38,532,1
31,2292,1
26,6481,1
31,2018,1
31,2016,1
31,2017,1
31,2032,1
31,2034,1
31,1932,1
31,1954,1
31,2085,1
31,2148,1
10,15821,1
31,2325,1
31,2328,1
31,2327,1
31,2236,1
31,2467,1
31,193,1
31,2237,1
31,2470,1
8,9663,1
31,4283,1
10,1550,1
12,503,1
10,3408,1
22,2180,1
22,12366,1
20,14113,1
8,12364,1
8,11598,1
8,515,1
8,2921,1
31,2468,1
31,2469,1
31,2329,1
31,4285,1
31,2322,1
31,2323,1
31,12266,1
31,2065,1
31,3989,1
31,2466,1
31,2174,1
31,2066,1
31,11575,1
31,2324,1
25,2760,1
21,526,1
21,534,1
31,2067,1
31,2068,1
31,2465,1
31,202,1
31,12269,1
31,14258,1
31,4560,1
31,12270,1
31,5296,1
31,4998,1
31,14246,1
31,5299,1
31,5018,1
8,9180,1
31,10027,1
31,14253,1
31,14254,1
31,14247,1
31,14248,1
31,5062,1
17,4366,1
17,3064,1
17,4638,1
17,4639,1
31,14250,1
8,442,1
8,1830,1
8,264,1
19,1715,1
19,1540,1
19,1541,1
19,1519,1
22,11247,1
22,14359,1
31,14243,1
21,1624,1
21,1579,1
24,5258,1
19,6456,1
19,6457,1
19,2104,1
31,14241,1
31,14244,1
31,14245,1
31,4596,1
22,10286,1
31,3445,1
31,12225,1
31,2058,1
31,1961,1
31,1855,1
31,2056,1
31,2055,1
31,2052,1
31,1959,1
31,2100,1
31,2162,1
31,2163,1
31,2164,1
31,2165,1
31,2167,1
31,2059,1
31,14237,1
31,1963,1
31,2096,1
31,448,1
31,2161,1
31,4386,1
31,4385,1
31,749,1
31,2054,1
31,2458,1
31,2459,1
31,191,1
31,2460,1
31,2319,1
31,2318,1
31,2315,1
31,269,1
31,433,1
31,426,1
31,2231,1
31,2057,1
31,2050,1
31,1892,1
31,2316,1
31,2317,1
31,192,1
31,14333,1
31,1814,1
31,2061,1
31,2176,1
31,2326,1
31,2177,1
31,2099,1
31,2063,1
31,2555,1
31,449,1
31,2463,1
31,2321,1
31,162,1
31,436,1
31,437,1
31,165,1
31,2320,1
31,1815,1
31,1816,1
31,195,1
31,3988,1
31,1936,1
31,2232,1
31,2233,1
31,2234,1
31,1962,1
31,2060,1
31,2235,1
31,2173,1
31,1964,1
31,273,1
31,2064,1
31,10518,1
31,2171,1
31,2172,1
31,14236,1
31,2461,1
31,2462,1
31,171,1
31,2098,1
31,272,1
31,2062,1
21,1439,1
21,1440,1
21,3601,1
21,3602,1
21,9320,1
21,9319,1
2,7842,1
2,10159,1
2,7841,1
2,5188,1
2,11729,1
2,11052,1
10,6130,1
2,9810,1
21,1384,1
21,1441,1
21,10356,1
21,10352,1
21,9322,1
21,10353,1
21,8365,1
21,1465,1
21,1385,1
21,1553,1
21,10357,1
21,9326,1
2,11053,1
20,9289,1
20,5254,1
20,10286,1
20,15048,1
20,10288,1
20,9910,1
20,10287,1
20,11301,1
20,9912,1
21,1464,1
10,596,1
10,595,1
21,1438,1
32,9271,1
32,15984,1
32,15983,1
32,15985,1
20,1950,1
2,5467,1
2,9813,1
2,11730,1
2,5634,1
21,1222,1
21,1362,1
21,1436,1
21,1437,1
10,1890,1
26,1134,1
26,1135,1
26,1136,1
26,1319,1
26,1033,1
26,1210,1
26,1129,1
26,1270,1
26,1357,1
26,971,1
26,1639,1
26,1317,1
21,9977,1
26,1130,1
26,1031,1
26,1032,1
26,1211,1
26,1212,1
26,1271,1
26,1125,1
26,1029,1
26,1127,1
26,1209,1
26,1126,1
26,1030,1
26,5690,1
26,1318,1
2,11000,1
26,1038,1
26,1039,1
26,1322,1
26,1323,1
26,931,1
26,1324,1
26,1040,1
26,1041,1
26,1214,1
26,1325,1
26,1326,1
26,1327,1
26,1133,1
25,3110,1
26,1320,1
26,1321,1
26,1034,1
26,1272,1
26,1640,1
26,1131,1
26,1035,1
26,1132,1
26,2513,1
26,1213,1
26,1036,1
26,1037,1
25,4406,1
20,9935,1
20,9951,1
20,9936,1
20,9937,1
20,9938,1
20,8955,1
20,9928,1
20,6711,1
20,12092,1
20,9931,1
20,8952,1
20,10313,1
20,10292,1
20,8302,1
20,10320,1
20,10298,1
20,8954,1
20,6713,1
20,9922,1
20,8950,1
20,8298,1
20,9294,1
20,9295,1
20,9929,1
20,8300,1
20,9939,1
20,7873,1
20,11320,1
20,10310,1
20,11315,1
20,9948,1
20,9949,1
20,9950,1
20,9301,1
20,9940,1
20,11318,1
20,9956,1
20,8304,1
20,11322,1
20,11324,1
20,11336,1
21,9315,1
21,9963,1
21,9311,1
21,12100,1
20,11323,1
20,9923,1
20,9957,1
20,12096,1
20,9354,1
20,9303,1
20,10308,1
20,11333,1
20,10322,1
21,9312,1
20,9920,1
20,9918,1
20,9917,1
20,10299,1
20,9933,1
21,6860,1
21,1584,1
21,1570,1
21,10340,1
21,9316,1
21,9971,1
21,10346,1
20,10301,1
20,10289,1
20,10290,1
20,11300,1
20,10291,1
20,1733,1
20,9911,1
20,8948,1
20,9291,1
20,9916,1
20,11302,1
20,9292,1
20,9913,1
20,9915,1
20,9290,1
20,11304,1
20,10304,1
20,9919,1
20,10296,1
20,11305,1
20,9921,1
20,11306,1
20,11307,1
20,11309,1
20,11310,1
20,11311,1
20,11312,1
20,10302,1
20,12090,1
20,1743,1
20,10293,1
20,5647,1
20,8949,1
20,7872,1
20,11308,1
20,9924,1
20,11303,1
20,9952,1
20,10295,1
20,9932,1
20,9930,1
20,10317,1
20,10303,1
26,1093,1
26,1094,1
26,1096,1
26,1004,1
26,1005,1
26,6123,1
26,1090,1
26,964,1
26,1536,1
26,1565,1
26,1088,1
26,1001,1
26,1123,1
26,1006,1
26,1306,1
26,2208,1
26,1180,1
26,2121,1
26,928,1
26,1087,1
26,1853,1
26,1181,1
26,1548,1
26,1085,1
26,1260,1
26,1186,1
26,1178,1
21,1363,1
21,10362,1
21,1386,1
21,1387,1
21,1388,1
21,4791,1
21,1389,1
26,1189,1
26,1182,1
26,1086,1
26,1183,1
26,1184,1
26,741,1
26,1007,1
26,1187,1
26,1549,1
26,966,1
26,1095,1
26,965,1
26,1188,1
26,1190,1
26,1092,1
26,1307,1
26,1308,1
26,1089,1
26,1091,1
26,1305,1
26,1185,1
26,1564,1
26,1081,1
26,1082,1
26,1176,1
26,1254,1
26,1077,1
26,1257,1
26,1258,1
26,904,1
26,6122,1
26,1304,1
26,1070,1
26,961,1
26,962,1
26,994,1
26,1171,1
26,1302,1
26,995,1
26,1068,1
26,1069,1
26,927,1
26,996,1
26,998,1
26,1175,1
26,1002,1
26,1073,1
26,1373,1
26,1177,1
26,1079,1
26,1080,1
26,2616,1
26,963,1
26,1003,1
26,1303,1
26,1609,1
26,1610,1
26,1179,1
26,1083,1
26,1084,1
26,1259,1
26,1173,1
26,1637,1
26,1699,1
26,1169,1
26,1065,1
26,1071,1
26,1172,1
26,1255,1
26,1256,1
26,1072,1
26,1074,1
26,1174,1
26,1075,1
26,1076,1
26,1078,1
26,1119,1
26,1267,1
26,1027,1
26,1203,1
26,1204,1
26,1205,1
26,1206,1
26,1122,1
26,1513,1
26,1026,1
26,1264,1
26,5280,1
26,1100,1
26,1263,1
26,1108,1
26,1312,1
26,1313,1
26,1314,1
26,1112,1
26,969,1
26,970,1
26,1113,1
26,1114,1
26,1429,1
26,1022,1
26,1426,1
26,968,1
26,719,1
26,1347,1
26,1128,1
26,1028,1
26,1316,1
26,1432,1
26,1433,1
26,1315,1
26,1265,1
26,1266,1
26,1202,1
26,1207,1
26,1024,1
26,1118,1
26,1120,1
26,1121,1
26,1208,1
26,1430,1
26,1431,1
26,1268,1
26,1269,1
26,1888,1
26,1124,1
26,1482,1
26,1115,1
26,1116,1
26,1117,1
26,1025,1
26,1013,1
26,1018,1
26,1019,1
26,1566,1
26,1195,1
26,1196,1
26,1015,1
26,1105,1
26,1016,1
26,1017,1
21,1390,1
26,1309,1
26,1427,1
26,1097,1
26,1098,1
26,1101,1
26,1099,1
26,1008,1
26,1009,1
26,1010,1
26,1011,1
26,1012,1
26,1106,1
26,929,1
26,1020,1
26,1524,1
26,967,1
26,1428,1
26,1200,1
26,1201,1
26,1311,1
26,1109,1
26,1110,1
26,1111,1
26,1107,1
26,1199,1
26,1023,1
26,930,1
26,1197,1
26,1374,1
26,896,1
26,1261,1
26,1102,1
26,1191,1
26,1194,1
26,1811,1
26,1103,1
26,1262,1
26,1104,1
26,1310,1
26,1198,1
26,1021,1
26,1192,1
26,1193,1
26,1014,1
10,4358,1
10,4359,1
10,4995,1
10,5525,1
10,4360,1
10,4827,1
10,4990,1
10,4991,1
10,4823,1
10,4586,1
10,4824,1
10,4992,1
20,9945,1
10,4354,1
10,5695,1
10,4825,1
10,2626,1
10,4587,1
10,4588,1
10,4589,1
10,4116,1
21,1583,1
21,1569,1
21,655,1
21,10335,1
10,4820,1
10,4993,1
10,5006,1
10,4837,1
10,4996,1
10,4997,1
10,4998,1
10,4361,1
10,4828,1
10,4829,1
10,5296,1
10,4830,1
10,4999,1
10,4362,1
10,4357,1
10,4595,1
10,4831,1
10,4363,1
10,4596,1
10,4590,1
10,4591,1
10,4592,1
10,4355,1
10,4356,1
10,4593,1
10,3063,1
10,4826,1
10,4994,1
10,4594,1
10,4580,1
10,4581,1
10,4582,1
10,4583,1
10,4349,1
10,4818,1
10,4819,1
10,919,1
10,4577,1
10,4815,1
10,5523,1
10,2070,1
10,4351,1
10,4978,1
10,4348,1
10,4979,1
10,4816,1
10,4980,1
10,4817,1
10,5293,1
10,4981,1
10,4982,1
24,9629,1
24,9355,1
24,10010,1
24,10011,1
10,7997,1
10,4352,1
10,4353,1
10,3062,1
10,4988,1
10,4585,1
10,4821,1
10,4822,1
10,4989,1
10,6901,1
10,5295,1
10,4986,1
10,4350,1
10,4584,1
10,4579,1
10,807,1
21,3210,1
21,1582,1
21,1348,1
21,1813,1
21,1552,1
21,2127,1
10,4983,1
10,5294,1
10,4984,1
10,5524,1
10,4578,1
10,4985,1
10,4987,1
10,5023,1
10,14211,1
10,14212,1
10,14213,1
10,5531,1
10,4607,1
10,5696,1
10,4608,1
10,5024,1
10,4117,1
10,5299,1
10,3433,1
10,5005,1
10,5019,1
10,4849,1
10,5301,1
10,3434,1
10,3435,1
10,5528,1
10,5020,1
10,5021,1
10,4850,1
10,4606,1
10,4601,1
10,4602,1
10,4276,1
10,5300,1
10,5033,1
10,4614,1
10,5697,1
10,5698,1
10,4366,1
10,5535,1
10,4860,1
10,4854,1
10,5025,1
10,5026,1
10,4855,1
10,4609,1
10,4610,1
10,5530,1
10,4611,1
10,5532,1
10,5533,1
10,4857,1
10,4612,1
10,4858,1
10,4613,1
10,5027,1
10,4851,1
10,5022,1
10,4852,1
10,4853,1
10,5529,1
10,4856,1
10,5009,1
10,5010,1
10,4839,1
10,4840,1
10,4275,1
10,5011,1
10,5012,1
10,4841,1
10,5013,1
10,4842,1
10,5007,1
21,1625,1
10,3216,1
21,1361,1
21,10326,1
21,10328,1
10,4832,1
10,5000,1
10,5001,1
10,4833,1
10,4834,1
10,4835,1
10,5002,1
10,5003,1
10,4836,1
10,5004,1
21,1278,1
10,4603,1
10,4604,1
10,4605,1
10,3217,1
10,4845,1
10,5527,1
10,4846,1
10,4847,1
10,5017,1
10,5018,1
10,4848,1
10,5298,1
10,6057,1
10,4838,1
10,4843,1
10,5015,1
10,4597,1
10,4364,1
10,5016,1
10,4844,1
10,4365,1
10,5526,1
10,5297,1
10,4598,1
10,4599,1
10,4600,1
10,5008,1
10,5014,1
20,9974,1
20,10348,1
20,10349,1
20,7515,1
20,10330,1
20,10331,1
20,10332,1
20,10333,1
20,10334,1
20,12100,1
20,9811,1
20,11342,1
24,322,1
20,11343,1
20,14108,1
20,9314,1
20,8956,1
20,9963,1
20,10338,1
20,8957,1
20,8307,1
20,8308,1
20,8309,1
20,11344,1
20,9962,1
20,10329,1
20,12098,1
20,11358,1
20,10354,1
20,10355,1
20,11361,1
20,11362,1
20,10350,1
20,11347,1
20,7874,1
20,9968,1
20,9967,1
20,9969,1
20,10341,1
20,10342,1
20,9973,1
20,9970,1
20,14112,1
20,11345,1
20,10340,1
20,10337,1
20,6716,1
20,9311,1
20,9315,1
20,7875,1
20,8958,1
20,10339,1
20,10344,1
20,9972,1
20,9971,1
20,10319,1
20,10309,1
20,9959,1
20,9960,1
20,11327,1
20,9946,1
20,11338,1
20,9953,1
20,9302,1
20,9305,1
20,11328,1
20,9941,1
20,9313,1
20,11332,1
20,9958,1
20,12094,1
20,11330,1
20,10323,1
20,10324,1
20,10318,1
20,5490,1
20,8303,1
20,8305,1
20,10314,1
20,9300,1
20,11326,1
20,9298,1
20,9966,1
20,10345,1
20,9310,1
20,10336,1
20,9964,1
20,9965,1
20,3049,1
20,9955,1
20,11335,1
20,10325,1
20,9307,1
20,11337,1
20,10328,1
20,9309,1
20,11339,1
20,9308,1
20,4942,1
20,4943,1
20,9961,1
20,10321,1
20,11340,1
20,11331,1
20,10326,1
20,9947,1
20,10335,1
20,9312,1
20,9954,1
20,6714,1
20,11376,1
20,9984,1
20,10368,1
20,9985,1
20,10369,1
20,10370,1
20,9987,1
20,9986,1
20,11377,1
20,11606,1
20,10371,1
20,9326,1
20,11357,1
20,11368,1
20,10362,1
20,9978,1
20,9979,1
20,9980,1
20,9981,1
20,11369,1
20,9982,1
20,9328,1
20,11370,1
20,11371,1
20,11372,1
20,9983,1
20,11367,1
24,324,1
24,325,1
24,10012,1
24,10013,1
24,11569,1
24,11570,1
24,10014,1
24,10015,1
24,10016,1
24,10017,1
20,10372,1
20,9329,1
20,10373,1
20,11375,1
20,9330,1
20,9331,1
24,14231,1
24,9163,1
24,10516,1
24,8000,1
24,9164,1
24,493,1
24,10009,1
24,9628,1
20,10367,1
20,11373,1
20,11374,1
20,9988,1
20,10360,1
20,10361,1
20,12351,1
20,11363,1
20,10346,1
20,11354,1
20,11355,1
20,9975,1
20,11348,1
20,11349,1
20,11350,1
20,11351,1
20,8314,1
20,11359,1
20,11360,1
20,10351,1
20,7876,1
20,9319,1
20,9316,1
20,11353,1
20,8312,1
20,8959,1
20,8960,1
20,8961,1
20,9317,1
20,11356,1
20,11352,1
20,11364,1
20,9812,1
20,10353,1
20,9322,1
20,10357,1
20,9324,1
20,9325,1
20,8964,1
20,10358,1
20,9323,1
20,11366,1
20,10359,1
20,10364,1
20,9976,1
20,9977,1
20,9327,1
20,9320,1
20,10352,1
20,12103,1
20,9321,1
20,11365,1
20,14336,1
20,14337,1
20,8962,1
20,8963,1
20,8313,1
20,10356,1
20,10365,1
11,15035,1
11,1015,1
11,1195,1
11,653,1
11,14778,1
11,1263,1
11,1104,1
11,1194,1
11,1014,1
11,1567,1
11,871,1
11,851,1
26,999,1
11,10105,1
11,13581,1
11,13582,1
11,13583,1
11,6898,1
11,10084,1
11,6064,1
11,13575,1
11,8520,1
11,11555,1
11,10104,1
11,967,1
11,1549,1
11,852,1
11,1110,1
11,1111,1
11,1023,1
11,1115,1
11,1116,1
11,1117,1
11,1118,1
11,1119,1
11,1265,1
11,1266,1
11,1198,1
11,1199,1
11,13577,1
11,872,1
11,9194,1
11,9195,1
11,7754,1
11,10154,1
11,11768,1
11,2211,1
11,5688,1
11,5689,1
11,10106,1
11,10107,1
11,11767,1
11,13576,1
11,1107,1
11,1006,1
11,1638,1
11,1091,1
11,1187,1
11,1095,1
11,4759,1
11,4760,1
11,11049,1
11,11037,1
11,446,1
11,2560,1
11,1084,1
11,1097,1
11,1083,1
11,1000,1
11,1176,1
11,1085,1
11,81,1
11,11764,1
11,11042,1
11,13564,1
11,13565,1
11,13567,1
11,15783,1
11,10812,1
11,5890,1
11,1089,1
11,1099,1
11,1098,1
11,1096,1
11,1261,1
11,1100,1
11,1191,1
11,964,1
11,1004,1
11,1524,1
11,965,1
11,1188,1
11,1190,1
11,1185,1
11,1854,1
11,508,1
11,509,1
11,9183,1
11,9184,1
11,3110,1
11,473,1
11,9193,1
11,1182,1
11,1178,1
11,1088,1
11,1005,1
11,1183,1
11,1184,1
11,1915,1
9,13191,1
9,15088,1
9,13194,1
9,13195,1
9,15089,1
9,13359,1
11,6885,1
11,1214,1
11,6886,1
26,6713,1
35,6438,1
35,5431,1
11,1109,1
35,5998,1
35,5999,1
35,6002,1
35,14362,1
35,14363,1
11,10817,1
11,1132,1
11,1213,1
11,2617,1
11,1036,1
11,1037,1
11,13587,1
11,1134,1
35,7582,1
9,15111,1
9,15100,1
9,15099,1
9,15101,1
9,15105,1
9,15112,1
22,1553,1
22,1839,1
22,1840,1
9,15092,1
9,15090,1
9,15091,1
9,13199,1
9,13193,1
9,13197,1
9,13198,1
9,15094,1
9,15095,1
9,11688,1
9,13200,1
9,13202,1
9,13203,1
22,1772,1
22,5503,1
35,6919,1
6,10168,1
9,13192,1
9,13196,1
11,874,1
11,875,1
11,1916,1
11,539,1
11,7755,1
11,7756,1
11,6899,1
11,13586,1
11,1202,1
11,1108,1
11,1207,1
11,1024,1
11,1135,1
11,1208,1
11,853,1
11,873,1
11,13585,1
11,11043,1
11,11044,1
11,970,1
11,969,1
11,1122,1
11,1513,1
11,1888,1
11,10108,1
11,1112,1
11,1025,1
11,1038,1
11,1039,1
11,1917,1
11,6883,1
11,6884,1
11,13588,1
11,10109,1
11,520,1
11,1209,1
11,1030,1
11,1357,1
11,1130,1
11,1129,1
11,1126,1
11,7759,1
11,12653,1
11,1034,1
11,545,1
11,1212,1
11,1131,1
11,1035,1
11,1124,1
11,1125,1
11,1123,1
11,719,1
11,1347,1
11,1128,1
11,7758,1
1,1041,1
1,1325,1
1,1326,1
1,1327,1
35,5416,1
2,10570,1
2,10571,1
2,10572,1
2,10573,1
2,10574,1
2,10575,1
2,4397,1
11,5891,1
1,1132,1
1,2617,1
1,1036,1
1,1037,1
1,1640,1
1,1133,1
1,1134,1
1,1135,1
1,1038,1
1,1039,1
1,1136,1
1,1322,1
1,1323,1
1,1213,1
2,10587,1
2,10588,1
2,10589,1
2,1890,1
15,348,1
15,340,1
15,341,1
15,433,1
15,426,1
15,171,1
15,508,1
2,9174,1
2,10576,1
1,1040,1
2,10577,1
2,7652,1
2,8475,1
2,10578,1
2,10579,1
2,10580,1
2,10048,1
2,10581,1
2,10582,1
2,10583,1
2,10584,1
1,1214,1
1,1324,1
2,1560,1
1,1123,1
1,719,1
1,1128,1
1,1432,1
1,1433,1
1,1127,1
1,1357,1
1,1209,1
1,1029,1
1,1121,1
1,1024,1
1,1025,1
1,931,1
1,1431,1
1,1268,1
1,1269,1
1,1482,1
1,1122,1
1,1027,1
1,970,1
1,969,1
1,1126,1
1,3717,1
1,3718,1
1,1347,1
1,1201,1
1,1430,1
1,1210,1
1,1270,1
1,971,1
1,1033,1
1,1271,1
1,1320,1
1,1321,1
1,1211,1
1,1034,1
1,1639,1
1,1131,1
1,1212,1
1,1035,1
1,1316,1
1,1030,1
1,1129,1
1,1319,1
1,1031,1
1,1032,1
1,1317,1
1,1318,1
1,1130,1
1,5690,1
1,1513,1
1,1028,1
1,1124,1
1,1125,1
1,1272,1
11,13562,1
11,11762,1
11,513,1
11,514,1
11,2182,1
11,2251,1
11,1165,1
11,949,1
11,991,1
11,992,1
11,1064,1
11,1163,1
2,10050,1
11,830,1
11,13551,1
11,13557,1
11,13566,1
11,11559,1
11,13558,1
11,499,1
11,13554,1
11,13555,1
11,15776,1
11,10808,1
11,13556,1
11,13559,1
22,8430,1
11,1924,1
11,532,1
11,1993,1
11,10811,1
11,7752,1
11,1172,1
11,1174,1
11,1177,1
11,510,1
11,495,1
11,530,1
11,625,1
11,9832,1
11,13561,1
11,13574,1
11,8154,1
18,1483,1
11,1248,1
11,1247,1
11,1254,1
11,1077,1
11,1252,1
11,1161,1
11,1164,1
11,1169,1
11,1162,1
11,1170,1
11,4810,1
11,10189,1
11,6895,1
11,11733,1
11,13563,1
11,11578,1
11,13545,1
11,1907,1
11,11760,1
11,533,1
11,459,1
11,903,1
11,983,1
11,13560,1
11,631,1
11,1154,1
11,1058,1
10,13134,1
9,3209,1
9,6489,1
9,3210,1
9,5615,1
9,8362,1
24,7638,1
2,10585,1
2,10586,1
2,10049,1
11,4945,1
11,1171,1
11,954,1
11,955,1
11,956,1
11,988,1
11,1253,1
11,1065,1
11,546,1
11,1830,1
11,6897,1
11,11040,1
11,11036,1
11,13550,1
11,925,1
11,1059,1
11,1157,1
11,1244,1
11,1160,1
11,985,1
11,948,1
11,1159,1
11,950,1
11,7670,1
6,7638,1
11,1155,1
11,1246,1
11,1057,1
11,6896,1
22,1484,1
22,1517,1
9,15264,1
9,13288,1
9,15253,1
9,11631,1
9,11632,1
9,15254,1
9,11633,1
9,15255,1
9,15256,1
9,15257,1
9,15097,1
9,15259,1
9,15260,1
9,15261,1
9,15262,1
9,15263,1
22,1582,1
9,15247,1
9,13279,1
9,11628,1
9,13284,1
9,13367,1
9,3626,1
9,15248,1
9,15258,1
26,1743,1
22,1590,1
22,1379,1
22,1587,1
22,1588,1
22,1589,1
22,1581,1
22,1586,1
22,12186,1
22,1585,1
22,1555,1
22,835,1
22,4343,1
25,6886,1
22,1937,1
22,1595,1
22,1596,1
22,1597,1
22,1598,1
22,1594,1
22,1866,1
22,793,1
22,1592,1
22,1593,1
22,1817,1
22,4342,1
25,6885,1
9,15236,1
9,13269,1
9,13270,1
9,15238,1
9,13271,1
9,13268,1
9,13272,1
9,13273,1
9,13274,1
9,13275,1
9,13276,1
22,1867,1
9,15249,1
9,15224,1
9,15222,1
9,15223,1
9,15227,1
9,15228,1
9,15229,1
9,15237,1
9,15231,1
9,15232,1
9,13258,1
9,15225,1
9,15226,1
9,15221,1
9,15230,1
9,15250,1
9,13286,1
9,13285,1
9,15252,1
9,11629,1
9,11630,1
9,15251,1
9,13287,1
22,1786,1
22,1787,1
9,15239,1
9,15240,1
9,13278,1
9,15235,1
9,15242,1
9,15246,1
9,15244,1
9,15241,1
9,15243,1
9,15245,1
9,13282,1
9,13283,1
9,13280,1
9,13281,1
9,15233,1
9,15234,1
9,11626,1
9,13277,1
26,991,1
26,992,1
26,2615,1
26,832,1
21,9329,1
21,1397,1
26,1251,1
26,951,1
26,1249,1
26,953,1
26,1063,1
26,989,1
25,6884,1
26,1066,1
26,1166,1
26,1167,1
26,1168,1
26,1067,1
26,1250,1
26,990,1
26,987,1
26,952,1
21,1921,1
21,1349,1
21,1391,1
21,1392,1
26,1062,1
26,1170,1
26,1248,1
26,954,1
26,955,1
26,956,1
26,988,1
26,957,1
26,1163,1
26,1064,1
26,1164,1
26,1253,1
26,1252,1
26,993,1
26,1061,1
26,959,1
26,1165,1
26,1162,1
26,958,1
26,1159,1
26,1160,1
26,948,1
26,949,1
26,950,1
26,581,1
26,916,1
26,1247,1
26,1161,1
26,960,1
26,984,1
26,1156,1
26,1058,1
26,946,1
26,4942,1
26,4943,1
7,793,1
19,9951,1
35,555,1
26,595,1
26,533,1
26,631,1
21,1393,1
26,903,1
25,1915,1
25,871,1
25,851,1
25,852,1
25,872,1
25,853,1
25,873,1
25,874,1
25,875,1
25,1916,1
25,1917,1
25,6883,1
26,1153,1
21,1350,1
21,1394,1
21,1395,1
21,1396,1
26,1244,1
26,1057,1
26,1245,1
26,915,1
26,925,1
26,947,1
26,805,1
26,1059,1
26,1157,1
26,986,1
26,1158,1
26,1246,1
26,1060,1
26,926,1
26,1547,1
26,713,1
26,983,1
26,698,1
26,944,1
26,1154,1
26,740,1
26,1155,1
26,1056,1
26,985,1
22,1818,1
22,1837,1
22,1838,1
22,3601,1
9,13207,1
9,15126,1
9,13362,1
9,13210,1
9,15127,1
9,15128,1
9,13211,1
9,15139,1
9,13259,1
9,15141,1
9,15140,1
9,15151,1
9,15154,1
9,15159,1
9,15160,1
9,15129,1
22,3991,1
9,13224,1
9,13225,1
9,13226,1
9,15109,1
9,13227,1
9,15158,1
9,13242,1
9,15155,1
22,3602,1
9,13229,1
9,15132,1
9,13232,1
9,13363,1
9,15136,1
9,13233,1
9,13234,1
9,15143,1
9,15144,1
9,13235,1
9,15131,1
9,13230,1
9,15146,1
9,15130,1
9,15135,1
9,15161,1
9,15152,1
9,15162,1
9,15163,1
9,15145,1
9,15142,1
9,15137,1
9,15134,1
9,15133,1
9,13236,1
9,13215,1
9,15102,1
9,15103,1
9,15104,1
9,15106,1
9,13216,1
22,1619,1
9,15098,1
9,15113,1
9,15114,1
9,15115,1
9,15116,1
9,11691,1
9,15117,1
9,15118,1
9,15119,1
9,15120,1
9,15121,1
9,15122,1
22,2179,1
22,1819,1
9,15093,1
9,13201,1
9,11689,1
9,11690,1
9,15096,1
9,15110,1
9,13208,1
9,13204,1
9,15123,1
9,10774,1
9,15124,1
9,13205,1
9,13206,1
9,15125,1
9,13217,1
9,13218,1
9,13219,1
9,13220,1
9,13221,1
9,11624,1
9,13222,1
9,13223,1
9,15107,1
9,15108,1
22,1770,1
22,8426,1
22,3990,1
22,1820,1
22,2102,1
9,13360,1
9,13212,1
9,13213,1
9,13214,1
9,13209,1
9,4962,1
9,4963,1
9,13255,1
9,11694,1
9,15198,1
9,15201,1
9,15202,1
22,1836,1
22,1856,1
22,1868,1
22,1857,1
9,13254,1
9,13241,1
9,15195,1
9,13244,1
9,15196,1
9,15200,1
9,15197,1
9,15212,1
9,13365,1
9,15206,1
9,15207,1
9,15208,1
9,15209,1
9,13246,1
9,15174,1
9,15194,1
9,13260,1
9,13261,1
9,15217,1
9,15218,1
9,13262,1
9,11695,1
9,13263,1
9,13264,1
9,13265,1
9,13266,1
9,13267,1
9,15219,1
22,2101,1
9,15203,1
9,13256,1
9,15205,1
9,13257,1
9,15211,1
9,13364,1
9,15213,1
9,15215,1
9,15216,1
9,15214,1
9,13366,1
9,15220,1
9,15210,1
9,11625,1
9,15204,1
9,13245,1
9,15156,1
9,15157,1
9,13243,1
9,8435,1
9,15164,1
9,15165,1
9,15166,1
9,11692,1
9,13231,1
9,15167,1
9,15168,1
9,15178,1
9,15189,1
9,15173,1
22,1557,1
9,13237,1
9,13228,1
9,15147,1
9,13238,1
9,15148,1
9,15149,1
9,15150,1
9,13239,1
9,15153,1
9,13240,1
9,11693,1
9,13247,1
9,13248,1
9,13249,1
9,15182,1
9,15183,1
9,13250,1
9,15185,1
9,15186,1
9,15187,1
9,15188,1
9,13251,1
9,13252,1
9,13253,1
9,15171,1
9,10069,1
9,15177,1
9,15179,1
9,15184,1
9,15190,1
9,15191,1
9,15192,1
9,15180,1
9,15176,1
9,15193,1
9,15172,1
9,15169,1
9,15170,1
9,15181,1
11,423,1
11,212,1
11,379,1
11,292,1
11,125,1
11,371,1
11,300,1
11,376,1
11,238,1
11,339,1
11,133,1
11,243,1
10,5032,1
11,367,1
21,1734,1
21,1705,1
21,1918,1
21,9910,1
21,1328,1
21,2760,1
11,187,1
11,172,1
11,276,1
11,44,1
11,722,1
11,228,1
11,357,1
11,234,1
11,461,1
11,189,1
11,445,1
11,211,1
11,201,1
11,229,1
10,2436,1
11,169,1
11,288,1
11,196,1
11,256,1
11,221,1
11,309,1
11,186,1
11,295,1
11,267,1
11,298,1
11,299,1
11,207,1
11,150,1
11,219,1
21,9293,1
11,178,1
11,397,1
11,274,1
11,328,1
22,1579,1
11,368,1
11,369,1
11,67,1
11,76,1
11,86,1
11,382,1
11,343,1
11,280,1
8,3378,1
8,4296,1
8,3381,1
11,2664,1
8,3380,1
8,3535,1
8,4189,1
8,4190,1
8,3536,1
8,237,1
8,152,1
8,3382,1
16,12410,1
22,2664,1
22,1539,1
8,5863,1
8,3361,1
8,3379,1
11,1539,1
11,488,1
11,486,1
11,472,1
11,416,1
11,226,1
11,242,1
11,358,1
11,91,1
11,185,1
11,279,1
11,197,1
11,180,1
22,1624,1
11,75,1
11,326,1
11,235,1
11,370,1
11,259,1
11,306,1
11,296,1
11,253,1
22,1765,1
22,735,1
22,1273,1
22,84,1
22,5284,1
11,293,1
11,404,1
11,396,1
11,261,1
11,348,1
11,314,1
11,383,1
11,320,1
11,321,1
11,223,1
11,331,1
11,345,1
11,337,1
11,240,1
11,395,1
11,225,1
11,231,1
11,442,1
11,439,1
11,402,1
11,401,1
11,362,1
11,419,1
11,398,1
11,116,1
11,80,1
11,344,1
11,277,1
11,417,1
11,98,1
11,126,1
11,250,1
11,190,1
11,224,1
11,349,1
11,167,1
11,137,1
11,429,1
11,144,1
11,330,1
11,391,1
11,527,1
11,352,1
11,208,1
11,308,1
11,146,1
11,366,1
11,230,1
11,394,1
11,571,1
11,166,1
11,103,1
11,432,1
11,5284,1
11,258,1
11,408,1
11,82,1
11,373,1
11,374,1
11,233,1
11,158,1
11,204,1
11,205,1
11,297,1
11,260,1
11,301,1
11,290,1
11,222,1
11,467,1
11,1765,1
11,28,1
11,477,1
11,481,1
11,743,1
11,100,1
11,735,1
11,268,1
11,262,1
11,198,1
11,257,1
11,327,1
11,312,1
11,151,1
11,375,1
11,248,1
11,194,1
11,255,1
11,84,1
11,347,1
11,355,1
11,332,1
24,11386,1
11,470,1
11,471,1
11,390,1
11,294,1
11,188,1
11,388,1
11,275,1
11,83,1
11,377,1
11,217,1
11,109,1
11,241,1
11,363,1
11,216,1
11,302,1
11,1273,1
11,227,1
11,336,1
11,210,1
8,3317,1
8,7466,1
8,3502,1
8,3506,1
8,3324,1
8,3325,1
8,3499,1
8,5922,1
8,5923,1
8,4747,1
8,3642,1
8,4745,1
8,3371,1
21,10292,1
8,3300,1
8,4744,1
8,4743,1
8,3498,1
8,3316,1
8,3323,1
8,284,1
8,3319,1
8,3303,1
8,3304,1
8,3305,1
8,3306,1
8,3496,1
8,3337,1
8,3338,1
8,4785,1
8,4182,1
8,3509,1
8,3510,1
8,3511,1
8,3500,1
8,3501,1
8,3504,1
8,3935,1
8,4181,1
8,3318,1
8,3174,1
8,4179,1
8,4180,1
8,3497,1
8,4294,1
8,3329,1
8,4748,1
8,4295,1
8,3313,1
8,3314,1
8,3315,1
8,230,1
8,394,1
8,167,1
8,4746,1
8,3311,1
8,3299,1
8,3173,1
8,4739,1
8,3493,1
8,4174,1
8,5921,1
8,4178,1
8,3308,1
8,4406,1
8,3282,1
8,2958,1
8,3307,1
8,6307,1
8,3288,1
8,1479,1
8,3296,1
8,4169,1
8,4171,1
8,3933,1
8,4170,1
8,3292,1
8,3484,1
8,3640,1
8,3490,1
8,3491,1
8,6305,1
8,291,1
8,3309,1
8,3494,1
8,4175,1
8,3310,1
8,4293,1
8,3495,1
8,3503,1
8,4047,1
8,458,1
8,3201,1
8,2960,1
8,4288,1
8,4176,1
8,4292,1
8,3312,1
8,3641,1
8,3095,1
8,4048,1
8,5861,1
8,4290,1
8,4289,1
8,6916,1
8,4740,1
8,5614,1
8,3301,1
8,3172,1
8,4291,1
8,3520,1
8,4754,1
8,4185,1
8,3937,1
8,3354,1
8,5114,1
8,3358,1
8,3359,1
8,3526,1
8,3355,1
8,3351,1
8,3356,1
8,2660,1
8,4187,1
8,3529,1
8,3530,1
8,4752,1
8,4753,1
8,3179,1
8,15819,1
8,15820,1
8,3353,1
8,3343,1
8,3344,1
8,3350,1
8,3352,1
8,3357,1
8,6508,1
8,3373,1
8,3374,1
8,3367,1
8,3368,1
8,3372,1
8,3375,1
8,3532,1
8,3376,1
8,3377,1
8,3533,1
8,3534,1
8,4186,1
8,3370,1
8,5862,1
8,247,1
8,3180,1
8,4755,1
8,4188,1
8,3363,1
8,3362,1
8,3531,1
8,3364,1
8,3365,1
8,3366,1
8,5637,1
8,3369,1
8,3360,1
8,5113,1
8,3175,1
8,3176,1
8,3331,1
8,3332,1
8,3333,1
8,3513,1
8,3514,1
8,3515,1
8,3507,1
8,3508,1
8,3326,1
8,3525,1
8,3328,1
8,3339,1
8,4749,1
8,3512,1
8,4751,1
8,3505,1
8,3345,1
8,3346,1
8,3320,1
8,3321,1
8,3322,1
8,88,1
8,3178,1
8,3327,1
8,3527,1
8,3528,1
8,3523,1
8,3524,1
8,3334,1
8,3335,1
8,246,1
8,3336,1
8,3521,1
8,3522,1
8,3347,1
8,3516,1
8,3517,1
8,3330,1
8,3519,1
8,3349,1
8,4750,1
8,4183,1
8,4904,1
8,385,1
8,386,1
8,3177,1
8,3936,1
8,3348,1
8,3340,1
8,3341,1
8,3342,1
8,3518,1
28,148,1
28,305,1
28,352,1
28,308,1
28,354,1
28,146,1
28,170,1
28,168,1
28,103,1
28,432,1
28,5284,1
28,258,1
11,143,1
28,404,1
28,396,1
28,261,1
28,348,1
28,314,1
28,331,1
28,345,1
28,337,1
28,277,1
28,395,1
28,315,1
28,225,1
28,231,1
28,527,1
28,340,1
28,384,1
28,319,1
28,399,1
28,366,1
28,111,1
28,230,1
28,394,1
28,571,1
28,87,1
28,411,1
28,313,1
28,408,1
28,157,1
28,159,1
28,444,1
28,316,1
28,147,1
28,383,1
28,155,1
28,353,1
28,429,1
28,149,1
28,110,1
28,330,1
28,391,1
28,400,1
28,239,1
28,216,1
28,419,1
28,398,1
28,188,1
28,373,1
28,374,1
28,233,1
28,204,1
28,205,1
28,297,1
28,135,1
28,442,1
28,390,1
28,364,1
28,294,1
28,210,1
28,477,1
28,481,1
28,393,1
28,743,1
28,100,1
28,735,1
28,268,1
28,262,1
28,198,1
28,260,1
28,439,1
28,402,1
28,401,1
28,362,1
28,116,1
28,80,1
28,329,1
28,467,1
28,304,1
28,136,1
28,375,1
28,194,1
28,347,1
28,109,1
28,183,1
28,92,1
28,332,1
28,223,1
28,307,1
28,388,1
28,361,1
28,83,1
28,106,1
28,377,1
28,107,1
28,105,1
28,217,1
28,355,1
19,4560,1
28,378,1
28,120,1
28,94,1
28,171,1
28,318,1
28,372,1
28,153,1
28,407,1
28,350,1
28,323,1
28,456,1
28,137,1
28,138,1
28,322,1
28,433,1
28,426,1
28,409,1
28,410,1
28,182,1
28,317,1
28,79,1
28,385,1
28,386,1
28,462,1
28,282,1
28,90,1
19,1624,1
5,2993,1
5,2050,1
5,2231,1
5,1958,1
5,2454,1
5,2303,1
5,2304,1
5,2305,1
5,2306,1
5,2160,1
5,1935,1
28,335,1
28,113,1
28,128,1
28,134,1
28,283,1
28,218,1
28,129,1
28,441,1
28,265,1
28,266,1
28,117,1
28,121,1
28,102,1
28,145,1
28,73,1
28,85,1
28,341,1
28,112,1
28,181,1
38,852,1
28,95,1
28,160,1
28,249,1
28,291,1
28,427,1
28,430,1
28,431,1
28,284,1
28,177,1
28,403,1
28,420,1
28,264,1
38,853,1
28,503,1
28,143,1
28,417,1
28,98,1
28,126,1
28,250,1
28,190,1
28,224,1
28,349,1
28,199,1
28,334,1
28,412,1
28,101,1
28,389,1
28,175,1
28,173,1
28,281,1
28,278,1
28,176,1
28,333,1
28,251,1
28,246,1
28,557,1
28,434,1
28,422,1
28,161,1
28,413,1
38,851,1
28,156,1
28,244,1
28,245,1
28,270,1
28,209,1
28,435,1
28,271,1
28,88,1
28,338,1
28,421,1
11,322,1
11,272,1
11,273,1
11,108,1
11,392,1
11,206,1
11,410,1
11,342,1
11,310,1
11,385,1
11,386,1
11,462,1
28,257,1
11,177,1
11,334,1
11,596,1
11,595,1
11,412,1
11,1579,1
11,213,1
11,378,1
11,120,1
11,278,1
11,176,1
11,333,1
11,251,1
11,282,1
11,123,1
11,163,1
11,335,1
11,195,1
11,237,1
11,425,1
11,247,1
11,324,1
11,325,1
11,436,1
11,437,1
11,457,1
11,515,1
11,138,1
11,232,1
11,162,1
11,174,1
11,283,1
11,165,1
11,218,1
11,441,1
11,171,1
11,407,1
11,350,1
11,323,1
11,456,1
11,90,1
11,214,1
11,403,1
11,420,1
11,264,1
11,156,1
11,93,1
11,244,1
11,245,1
11,270,1
11,209,1
24,14129,1
11,380,1
11,340,1
11,453,1
11,507,1
11,399,1
11,160,1
11,249,1
11,164,1
11,291,1
11,443,1
11,427,1
11,411,1
11,313,1
11,400,1
11,444,1
11,503,1
11,179,1
11,246,1
11,557,1
11,421,1
11,422,1
11,1624,1
11,413,1
11,269,1
11,433,1
11,426,1
11,409,1
11,435,1
11,271,1
11,338,1
11,199,1
11,191,1
11,341,1
11,192,1
11,263,1
11,101,1
11,389,1
11,356,1
11,175,1
11,173,1
11,281,1
11,430,1
11,431,1
11,284,1
11,434,1
28,312,1
28,240,1
28,292,1
28,125,1
28,371,1
28,376,1
28,238,1
28,169,1
28,142,1
28,96,1
28,256,1
28,328,1
11,193,1
15,14124,1
15,5260,1
28,472,1
28,416,1
28,226,1
28,242,1
28,339,1
28,133,1
28,243,1
28,357,1
28,367,1
28,178,1
28,397,1
15,1514,1
28,1273,1
28,227,1
28,336,1
28,234,1
28,461,1
28,189,1
28,445,1
28,201,1
28,229,1
28,289,1
28,151,1
28,139,1
28,1765,1
28,327,1
15,5677,1
28,309,1
28,186,1
28,295,1
28,141,1
28,132,1
28,303,1
28,267,1
28,298,1
28,299,1
28,207,1
28,219,1
28,114,1
28,28,1
28,306,1
28,254,1
11,152,1
28,368,1
28,369,1
28,67,1
28,76,1
28,86,1
28,382,1
28,343,1
28,203,1
28,280,1
28,274,1
28,104,1
28,215,1
28,154,1
28,185,1
11,265,1
11,266,1
11,285,1
11,286,1
11,117,1
11,121,1
11,202,1
11,287,1
11,122,1
28,91,1
28,221,1
28,423,1
28,212,1
28,379,1
15,10391,1
28,296,1
28,253,1
28,187,1
28,172,1
28,276,1
28,722,1
28,464,1
28,228,1
28,311,1
28,200,1
28,1539,1
28,488,1
28,486,1
28,279,1
28,197,1
28,140,1
28,326,1
28,235,1
28,124,1
28,89,1
28,370,1
28,259,1
28,2664,1
23,6439,1
23,7906,1
23,8337,1
23,7901,1
23,186,1
23,6450,1
23,8333,1
23,6825,1
23,7927,1
23,7902,1
23,398,1
23,4952,1
8,6694,1
23,5681,1
23,5678,1
23,7907,1
23,7578,1
23,6440,1
23,6435,1
23,7567,1
23,6437,1
23,28,1
23,8332,1
23,7565,1
23,235,1
23,6815,1
23,7898,1
23,2433,1
23,8347,1
23,7569,1
23,9998,1
23,7905,1
23,6837,1
23,8335,1
23,5995,1
23,424,1
23,7572,1
23,7900,1
23,8973,1
23,6821,1
23,8339,1
23,7912,1
23,6443,1
23,228,1
23,4950,1
23,6835,1
23,6836,1
23,2986,1
23,6441,1
23,309,1
23,6442,1
23,6819,1
23,6820,1
23,8338,1
23,7896,1
23,7894,1
23,7564,1
23,6451,1
23,6827,1
23,6811,1
23,6810,1
23,7577,1
23,6840,1
23,7897,1
23,8329,1
23,6452,1
23,7899,1
23,6002,1
23,8330,1
23,7893,1
23,6432,1
23,6438,1
23,5996,1
23,7889,1
23,7890,1
23,7573,1
23,8331,1
23,6812,1
23,7892,1
23,2516,1
23,6447,1
23,8336,1
23,6816,1
23,6818,1
23,6828,1
23,7574,1
23,7575,1
23,7576,1
23,6830,1
23,7909,1
23,371,1
23,6813,1
23,6434,1
23,6826,1
23,7566,1
23,7895,1
23,6822,1
23,256,1
23,6433,1
23,6838,1
23,8334,1
23,7908,1
23,6817,1
23,6829,1
23,3114,1
23,6824,1
23,6814,1
23,6809,1
23,706,1
23,6851,1
23,6842,1
23,7959,1
23,4953,1
23,6843,1
23,6850,1
23,6059,1
23,746,1
23,2716,1
23,7928,1
23,7929,1
23,9338,1
23,7568,1
23,6449,1
23,10880,1
23,9233,1
23,6444,1
23,7922,1
23,6834,1
23,8346,1
23,7924,1
23,6844,1
23,6445,1
23,7923,1
23,6446,1
23,8343,1
23,7589,1
23,7960,1
23,6852,1
23,6848,1
23,7933,1
23,7925,1
23,7926,1
23,7587,1
23,8348,1
23,7932,1
23,7934,1
23,7939,1
23,6854,1
23,7591,1
23,6003,1
23,6855,1
23,7937,1
23,9234,1
23,8342,1
23,391,1
23,408,1
23,339,1
23,7590,1
23,6845,1
23,7586,1
23,6846,1
23,137,1
23,7588,1
23,7592,1
21,6713,1
21,9934,1
23,7915,1
23,7916,1
23,7585,1
23,7903,1
23,5277,1
23,3226,1
23,9232,1
23,10129,1
23,8680,1
23,7911,1
23,5997,1
23,4951,1
23,7918,1
23,8344,1
23,8345,1
23,6841,1
23,6833,1
23,5680,1
23,7579,1
23,7904,1
23,6831,1
23,6847,1
23,331,1
23,7917,1
23,7910,1
23,8974,1
23,4790,1
23,7580,1
21,9941,1
23,7582,1
23,10787,1
23,6448,1
23,2270,1
23,6000,1
23,7583,1
23,7919,1
23,5679,1
23,362,1
21,1687,1
23,7914,1
23,14127,1
23,7920,1
23,1862,1
23,7584,1
23,5278,1
23,8341,1
21,1359,1
21,1382,1
21,598,1
21,1219,1
21,1686,1
21,972,1
23,7581,1
10,5046,1
10,5047,1
10,7998,1
10,4870,1
10,4871,1
10,12221,1
10,4633,1
10,4634,1
10,4635,1
10,4636,1
10,4637,1
10,5043,1
23,7563,1
10,5541,1
10,3133,1
10,3065,1
10,3134,1
10,4638,1
10,5307,1
10,3064,1
10,3219,1
10,4368,1
10,4864,1
10,4865,1
10,5042,1
10,4630,1
10,4369,1
10,4643,1
10,4872,1
10,5048,1
10,5049,1
10,5703,1
10,5704,1
10,5542,1
10,5543,1
10,4873,1
10,5050,1
10,5308,1
10,5309,1
10,5051,1
10,5045,1
10,5052,1
10,4640,1
10,4641,1
10,4639,1
10,4370,1
10,3220,1
10,3221,1
10,3222,1
10,1718,1
10,4867,1
10,5044,1
10,4868,1
10,4869,1
10,12222,1
10,5700,1
10,5304,1
10,12220,1
10,4367,1
10,5536,1
10,5537,1
10,3132,1
10,4861,1
10,5034,1
10,5035,1
10,4615,1
10,5538,1
10,4631,1
10,5539,1
10,5540,1
10,6474,1
10,14214,1
10,4862,1
10,5037,1
10,4859,1
10,5534,1
10,5028,1
10,5302,1
10,5029,1
10,5030,1
10,5031,1
10,5036,1
10,4632,1
10,5702,1
10,4866,1
10,8439,1
10,4621,1
10,4622,1
10,4623,1
10,4624,1
10,4625,1
10,4626,1
10,4627,1
10,4628,1
10,5041,1
10,5303,1
10,4629,1
10,4863,1
10,5306,1
10,5038,1
10,5039,1
10,5040,1
10,4616,1
10,4617,1
10,4618,1
10,4619,1
10,4620,1
10,3218,1
10,5699,1
10,5305,1
21,1221,1
21,1277,1
21,618,1
21,1360,1
21,1435,1
21,1688,1
21,1463,1
10,4649,1
10,4650,1
10,9359,1
10,5057,1
10,5058,1
10,12224,1
2,4925,1
2,8260,1
2,7840,1
2,11770,1
2,5138,1
2,9242,1
2,9243,1
2,9815,1
2,9814,1
10,5313,1
10,4373,1
10,5547,1
10,4886,1
10,4892,1
23,5998,1
23,6805,1
23,6807,1
23,6803,1
23,6806,1
23,6804,1
23,6808,1
23,7891,1
23,5999,1
23,8972,1
21,10398,1
19,13631,1
21,9305,1
2,9816,1
21,9302,1
21,895,1
21,8954,1
21,10316,1
21,1383,1
2,4777,1
2,6299,1
2,8261,1
2,7844,1
2,4930,1
33,13727,1
0,10272,1
2,7843,1
21,9301,1
10,4875,1
10,3135,1
10,4371,1
10,3223,1
10,3224,1
10,5054,1
10,5546,1
10,4876,1
10,4877,1
10,4878,1
10,4646,1
10,4647,1
10,4887,1
10,4879,1
10,4642,1
10,5544,1
10,5545,1
10,5310,1
10,3436,1
10,3437,1
10,4874,1
10,5053,1
10,5705,1
10,5706,1
10,5707,1
10,12223,1
10,4372,1
10,4888,1
10,4889,1
10,9356,1
10,9357,1
10,4890,1
10,4560,1
10,4891,1
10,5548,1
10,5056,1
10,9358,1
10,3066,1
10,3067,1
10,5055,1
10,4645,1
10,4648,1
10,4880,1
10,5312,1
10,4881,1
10,4882,1
10,4883,1
10,14215,1
10,14216,1
10,4277,1
10,4884,1
10,6475,1
10,4885,1
10,4644,1
10,5311,1
8,3248,1
8,4033,1
8,185,1
8,4038,1
8,3265,1
8,253,1
8,3481,1
8,4034,1
8,3474,1
8,3469,1
8,3264,1
8,3253,1
23,7936,1
8,379,1
8,4733,1
21,604,1
21,1274,1
21,1138,1
21,1484,1
21,1275,1
21,1378,1
21,1276,1
21,1748,1
21,1749,1
8,4731,1
8,2604,1
8,3470,1
8,4153,1
8,3168,1
8,4736,1
8,3259,1
8,294,1
8,3260,1
8,3266,1
8,4734,1
8,151,1
8,3273,1
8,4404,1
8,4735,1
8,3467,1
8,4737,1
8,4150,1
8,3479,1
8,3280,1
8,4157,1
8,3274,1
8,3267,1
8,4901,1
21,1750,1
21,1527,1
8,3251,1
8,3471,1
8,3638,1
8,4039,1
6,6618,1
6,1692,1
6,4347,1
6,5890,1
6,5891,1
6,2427,1
6,4422,1
6,2967,1
6,4759,1
6,4760,1
6,1646,1
6,1830,1
8,3246,1
21,6710,1
19,1915,1
19,871,1
19,851,1
19,852,1
19,872,1
19,853,1
19,873,1
19,874,1
19,875,1
19,1916,1
19,1917,1
18,468,1
21,1903,1
8,4144,1
8,3245,1
8,3464,1
8,3244,1
8,4784,1
8,3466,1
8,3468,1
8,3250,1
8,3252,1
8,3249,1
8,4032,1
6,1647,1
6,1648,1
6,614,1
6,4811,1
6,4812,1
6,6620,1
6,6621,1
6,6622,1
6,5521,1
6,6624,1
8,3242,1
8,4732,1
8,3465,1
8,4030,1
8,3243,1
8,3932,1
6,1649,1
8,3294,1
8,10160,1
8,4161,1
8,4162,1
8,3293,1
8,3279,1
8,3167,1
8,4741,1
8,4742,1
8,3485,1
8,4043,1
8,4042,1
8,4036,1
8,3286,1
8,3270,1
8,3166,1
8,3256,1
8,172,1
8,4037,1
8,3271,1
8,4164,1
8,3476,1
8,3302,1
8,3272,1
8,4044,1
8,3283,1
8,3295,1
8,3276,1
8,5468,1
8,5469,1
8,4177,1
8,3171,1
8,3287,1
8,3977,1
8,3290,1
8,3297,1
8,3298,1
8,4160,1
8,3289,1
8,4046,1
8,3487,1
8,3291,1
8,4166,1
8,4167,1
8,4165,1
8,3169,1
8,4168,1
8,4151,1
8,219,1
8,3275,1
8,3281,1
8,3277,1
8,3486,1
8,4173,1
8,3488,1
8,3478,1
8,3480,1
8,3639,1
8,4041,1
8,4146,1
8,4147,1
8,4154,1
8,4149,1
8,3475,1
8,3255,1
8,6306,1
8,4158,1
8,3477,1
8,3261,1
8,3262,1
21,3209,1
21,1376,1
21,1684,1
8,3482,1
8,3247,1
8,4031,1
8,3472,1
8,1872,1
8,3254,1
8,4148,1
8,4035,1
8,4159,1
8,3094,1
8,4172,1
8,3257,1
8,3489,1
8,3492,1
8,3269,1
8,3285,1
8,3483,1
8,3284,1
8,4152,1
8,4738,1
8,4163,1
8,3268,1
8,3473,1
8,3934,1
8,3278,1
8,405,1
8,4156,1
8,4902,1
21,1434,1
21,1377,1
21,1581,1
8,3263,1
8,4155,1
8,3258,1
8,4405,1
8,4145,1
8,4040,1
23,7962,1
23,3600,1
23,6864,1
23,7954,1
23,5279,1
23,7957,1
23,7958,1
23,7955,1
23,8356,1
23,7963,1
23,7964,1
23,7609,1
6,1765,1
23,7946,1
23,4564,1
23,8975,1
23,7603,1
23,7604,1
23,7605,1
23,7606,1
23,7607,1
23,7948,1
23,7949,1
23,8365,1
23,8352,1
23,10052,1
23,8976,1
23,7978,1
23,4954,1
23,7966,1
23,7976,1
23,7972,1
23,7975,1
23,4956,1
23,7973,1
23,7974,1
23,7980,1
23,7610,1
23,7611,1
23,8357,1
23,7956,1
23,7971,1
23,6865,1
23,3704,1
23,3705,1
23,90,1
23,6060,1
23,7968,1
23,11696,1
23,11697,1
23,4955,1
23,7967,1
23,7965,1
23,6904,1
23,7970,1
23,190,1
23,6857,1
23,458,1
23,6858,1
23,7595,1
23,6856,1
23,10881,1
23,160,1
23,7931,1
23,9339,1
23,6859,1
23,6853,1
23,6482,1
23,7594,1
23,7930,1
23,6481,1
23,10401,1
23,10402,1
23,10403,1
23,7640,1
23,5710,1
23,5258,1
23,10784,1
23,6903,1
23,8012,1
23,7935,1
23,7938,1
23,3703,1
23,6863,1
23,7952,1
23,7953,1
23,7599,1
23,7600,1
23,7601,1
23,7943,1
23,7942,1
23,7944,1
23,7945,1
23,7951,1
23,8353,1
23,7961,1
23,8355,1
23,7950,1
23,6861,1
23,7597,1
23,7598,1
23,7947,1
23,7940,1
23,7593,1
23,3206,1
23,7608,1
23,7941,1
23,7596,1
23,7602,1
23,8354,1
6,532,1
22,1550,1
22,539,1
22,545,1
22,478,1
22,1917,1
5,10136,1
35,2104,1
35,1770,1
35,3990,1
35,3991,1
9,7894,1
23,7977,1
9,10392,1
9,10880,1
22,495,1
22,546,1
22,493,1
22,3408,1
22,460,1
22,1915,1
22,871,1
22,851,1
22,852,1
22,872,1
22,853,1
9,6438,1
6,538,1
6,478,1
20,810,1
20,840,1
20,1890,1
21,2665,1
21,1139,1
21,10293,1
21,10301,1
21,10296,1
21,8949,1
21,9927,1
21,4067,1
6,463,1
21,10303,1
21,9925,1
9,10881,1
9,6860,1
9,11696,1
9,11697,1
9,8977,1
9,8978,1
9,10130,1
9,7615,1
12,840,1
12,810,1
12,1890,1
21,9928,1
23,6876,1
23,6485,1
23,6877,1
23,6486,1
23,7615,1
23,7990,1
23,8978,1
23,7981,1
23,7982,1
23,6868,1
23,6869,1
23,6870,1
22,873,1
23,8359,1
23,10130,1
23,5683,1
23,7985,1
23,7986,1
23,6871,1
23,7613,1
23,7614,1
23,6061,1
23,6866,1
23,8977,1
23,6867,1
23,7969,1
23,7612,1
22,874,1
22,875,1
22,1916,1
11,14328,1
22,510,1
21,812,1
23,7616,1
23,7617,1
9,15818,1
23,7989,1
23,8360,1
23,6878,1
21,6456,1
23,6454,1
21,1540,1
21,1140,1
21,1380,1
21,1381,1
21,1329,1
23,7987,1
23,7988,1
23,6873,1
23,6872,1
23,6483,1
23,6484,1
23,6875,1
23,6874,1
21,6457,1
19,9926,1
19,9303,1
19,8298,1
19,11319,1
19,11317,1
19,9294,1
21,5655,1
21,5948,1
21,5656,1
21,5955,1
21,6336,1
21,5951,1
1,1108,1
21,6726,1
21,5492,1
21,6334,1
21,5958,1
19,5254,1
19,11299,1
19,10291,1
19,9290,1
19,10290,1
21,7525,1
21,6354,1
21,6356,1
21,6362,1
21,6335,1
19,10324,1
19,9955,1
19,6716,1
19,4942,1
19,4943,1
19,9952,1
19,11314,1
19,9923,1
19,8955,1
19,9944,1
19,9299,1
19,10313,1
19,11313,1
19,9945,1
19,1743,1
19,10315,1
19,1827,1
19,10308,1
19,9942,1
19,9943,1
19,9292,1
19,9915,1
19,9293,1
19,10294,1
19,10299,1
19,3702,1
19,11316,1
21,6363,1
21,5259,1
29,12086,1
29,85,1
29,9909,1
21,6357,1
21,6353,1
21,5965,1
21,5966,1
21,6747,1
21,7530,1
21,7531,1
38,4405,1
21,8316,1
21,6359,1
21,7533,1
29,11292,1
29,12083,1
29,12084,1
29,11293,1
29,12081,1
29,10285,1
29,11294,1
29,11295,1
29,12082,1
29,12087,1
21,8318,1
38,571,1
38,3172,1
21,6361,1
21,7527,1
21,7528,1
21,6746,1
21,7532,1
21,5964,1
23,11001,1
23,6972,1
21,6349,1
21,7524,1
21,6351,1
21,6740,1
21,6352,1
21,6738,1
21,7534,1
21,7535,1
29,12089,1
29,11297,1
29,11298,1
21,6358,1
21,7526,1
21,7529,1
21,5963,1
21,5973,1
21,6739,1
21,5961,1
21,4030,1
21,3464,1
21,4405,1
21,3245,1
21,3466,1
21,3465,1
21,4144,1
21,3244,1
9,4565,1
9,3418,1
9,7642,1
21,5952,1
19,10323,1
21,6729,1
21,6730,1
21,6731,1
21,6344,1
21,6732,1
21,6734,1
21,6345,1
2,13727,1
9,11747,1
9,15357,1
9,3126,1
9,9725,1
9,8427,1
21,5954,1
21,3248,1
21,4145,1
21,7659,1
21,4146,1
21,4147,1
21,4148,1
21,3470,1
21,3468,1
21,4031,1
21,4032,1
21,4033,1
21,3932,1
21,3246,1
21,3243,1
21,3247,1
21,3252,1
21,4733,1
21,3469,1
21,3251,1
21,3253,1
21,7522,1
21,6725,1
21,3242,1
21,4732,1
21,4731,1
21,2604,1
21,4784,1
21,3467,1
19,9325,1
19,10330,1
19,10331,1
19,10332,1
19,10333,1
21,6337,1
21,6735,1
21,6733,1
21,7520,1
21,6347,1
21,6745,1
21,5970,1
9,6008,1
21,5967,1
21,6338,1
21,6737,1
21,5959,1
19,9309,1
19,10322,1
19,11329,1
19,10309,1
19,10320,1
19,9958,1
19,12094,1
19,9307,1
19,9946,1
21,6348,1
9,8520,1
19,9978,1
19,9979,1
19,9980,1
19,9981,1
19,9982,1
19,9983,1
19,9984,1
19,9985,1
19,9987,1
19,10371,1
19,9988,1
19,9330,1
19,9324,1
21,5960,1
21,6350,1
19,10334,1
19,9314,1
19,10343,1
19,10344,1
19,9969,1
19,10341,1
19,10342,1
19,10351,1
19,10347,1
19,9321,1
19,10359,1
19,9331,1
29,14079,1
29,11933,1
29,11995,1
29,11964,1
29,11246,1
29,12037,1
29,12034,1
29,12022,1
29,12011,1
29,11196,1
29,11924,1
29,11925,1
29,11296,1
29,11212,1
29,12006,1
29,11243,1
29,11244,1
29,239,1
29,11989,1
29,11980,1
29,395,1
29,11970,1
29,11990,1
29,11260,1
29,11261,1
29,11194,1
29,11922,1
29,12000,1
29,444,1
29,12016,1
29,11981,1
29,11982,1
29,11983,1
29,11984,1
29,11985,1
29,11245,1
29,11270,1
29,11228,1
29,11236,1
29,11993,1
29,11976,1
29,11998,1
29,11943,1
29,10281,1
29,11241,1
29,11240,1
29,308,1
29,11230,1
29,11997,1
29,12001,1
29,12025,1
29,11233,1
29,11979,1
29,14092,1
29,11237,1
21,5968,1
21,5971,1
21,8317,1
21,6355,1
21,5969,1
21,6360,1
21,6742,1
21,10516,1
21,6755,1
21,6756,1
21,10009,1
29,11950,1
29,11195,1
29,11938,1
29,6709,1
29,11220,1
29,11217,1
29,328,1
29,10275,1
29,11249,1
29,11939,1
29,11936,1
29,2769,1
29,11963,1
29,223,1
29,9281,1
29,11944,1
29,11954,1
29,11965,1
29,11235,1
29,11917,1
29,11221,1
29,11935,1
29,11986,1
29,11987,1
29,11227,1
29,11966,1
29,11951,1
29,11934,1
21,9163,1
21,5962,1
29,11959,1
29,11960,1
29,11952,1
29,11229,1
29,11202,1
29,11929,1
29,11961,1
29,11932,1
29,11930,1
29,11225,1
29,11226,1
29,11955,1
29,11956,1
29,11223,1
29,12069,1
29,12063,1
29,12070,1
29,392,1
29,11285,1
29,12073,1
29,12071,1
29,11277,1
29,11269,1
29,10282,1
29,11256,1
29,12056,1
29,11999,1
29,11286,1
29,12052,1
29,12043,1
29,12044,1
29,12045,1
29,11280,1
29,11281,1
29,12060,1
29,12066,1
29,11268,1
29,12046,1
29,389,1
29,12050,1
29,12057,1
29,118,1
29,12088,1
29,113,1
29,12085,1
29,346,1
29,12062,1
29,11289,1
29,11287,1
29,11288,1
29,12074,1
29,12075,1
29,12076,1
29,12072,1
29,12061,1
29,12080,1
29,11290,1
29,12079,1
29,12077,1
29,12078,1
29,11291,1
29,11282,1
29,11283,1
29,12053,1
29,11274,1
29,11284,1
29,12040,1
29,407,1
29,10284,1
29,11253,1
29,11232,1
29,12036,1
29,10283,1
29,12013,1
29,12014,1
29,12024,1
29,12058,1
29,12059,1
29,11271,1
29,11248,1
29,12005,1
29,12029,1
29,3003,1
29,11996,1
29,11994,1
29,12020,1
29,12021,1
29,12017,1
29,11967,1
29,11262,1
29,11251,1
29,12026,1
29,12027,1
29,11242,1
29,8285,1
29,11254,1
29,12030,1
29,12031,1
29,12032,1
29,12033,1
29,11275,1
29,11276,1
29,11272,1
29,11273,1
29,12041,1
29,11263,1
29,12051,1
29,12047,1
29,12048,1
29,11975,1
29,11264,1
29,12019,1
29,11252,1
29,12039,1
29,12035,1
29,11259,1
29,11266,1
29,11267,1
29,11258,1
29,11257,1
29,12028,1
29,11255,1
29,12012,1
29,12049,1
21,4186,1
21,3179,1
21,3353,1
21,3525,1
21,3526,1
21,3354,1
21,3355,1
21,4904,1
21,3178,1
21,3513,1
21,3514,1
21,3515,1
21,3094,1
21,4185,1
21,4184,1
21,3343,1
21,3344,1
21,3348,1
21,4752,1
21,4753,1
21,3347,1
21,3523,1
21,3509,1
21,3510,1
21,3511,1
21,4751,1
21,3350,1
21,3374,1
21,3532,1
21,3937,1
21,4187,1
21,5862,1
21,3527,1
21,3528,1
21,3357,1
21,3358,1
21,3359,1
21,3360,1
21,5114,1
21,3352,1
21,3529,1
21,3530,1
21,3180,1
21,3362,1
21,3363,1
21,3524,1
21,3520,1
21,3349,1
21,4754,1
21,3351,1
21,3521,1
21,3522,1
21,3356,1
21,4755,1
21,3175,1
21,3176,1
21,3326,1
21,3327,1
21,3328,1
21,3329,1
21,3330,1
21,3505,1
21,3174,1
21,4182,1
21,6340,1
21,7466,1
21,3516,1
21,3323,1
21,2660,1
21,4785,1
21,3498,1
21,4747,1
21,3503,1
21,3324,1
21,3325,1
21,3502,1
21,4748,1
21,3508,1
21,3642,1
21,4181,1
21,3319,1
21,3517,1
21,3518,1
21,3519,1
21,3336,1
21,5113,1
21,3177,1
21,3340,1
21,3341,1
21,3342,1
21,4750,1
21,3506,1
21,3339,1
21,4183,1
21,3322,1
21,3332,1
21,3333,1
21,3334,1
21,3335,1
21,3507,1
21,3345,1
21,3346,1
21,4749,1
21,3337,1
21,3338,1
21,3512,1
21,4295,1
21,3321,1
21,3331,1
19,1015,1
19,2137,1
21,6720,1
21,6325,1
21,5944,1
21,6719,1
21,5945,1
21,5946,1
21,1902,1
21,7521,1
21,6722,1
21,1701,1
21,3373,1
21,6330,1
21,7523,1
21,6327,1
19,561,1
19,2132,1
19,1831,1
19,2446,1
19,2217,1
19,2218,1
19,2284,1
19,2447,1
19,2133,1
19,1070,1
21,6332,1
21,6328,1
19,653,1
19,2455,1
19,2456,1
19,719,1
19,2160,1
19,2457,1
19,2156,1
19,2157,1
19,2310,1
19,2307,1
19,2458,1
19,2459,1
19,6909,1
21,5947,1
19,6907,1
19,2033,1
19,2294,1
19,3987,1
19,9631,1
19,1090,1
19,1098,1
19,2293,1
19,2088,1
19,4279,1
19,2766,1
19,2767,1
19,9166,1
21,3376,1
21,3377,1
21,3533,1
21,3534,1
21,4296,1
21,3378,1
21,4189,1
21,4190,1
21,3379,1
21,3535,1
21,3381,1
21,3380,1
19,1176,1
21,4188,1
21,5863,1
21,3361,1
21,3364,1
21,3365,1
21,3366,1
21,3369,1
21,3370,1
21,3531,1
21,8483,1
21,3367,1
21,3368,1
21,3371,1
21,3536,1
19,626,1
19,2135,1
19,2136,1
19,2281,1
19,2441,1
19,2129,1
19,650,1
19,832,1
19,1170,1
19,1065,1
19,2130,1
19,2991,1
19,876,1
21,3375,1
19,2445,1
19,2131,1
19,2287,1
19,2283,1
21,3382,1
9,1622,1
19,631,1
19,1701,1
19,2000,1
19,2439,1
19,2440,1
19,2280,1
21,3372,1
19,2222,1
21,4151,1
21,3271,1
21,3272,1
21,3274,1
21,3282,1
21,3276,1
21,3477,1
21,6331,1
21,5953,1
21,6341,1
21,6736,1
21,6346,1
21,3497,1
21,6728,1
21,5949,1
21,5957,1
21,3114,1
21,5950,1
21,6342,1
21,4163,1
21,4040,1
21,4155,1
21,3269,1
21,3479,1
21,4737,1
21,4406,1
21,8966,1
21,3283,1
21,4738,1
21,4164,1
21,3476,1
21,3275,1
21,7660,1
21,3169,1
21,4042,1
21,3933,1
21,4041,1
21,3277,1
21,4902,1
21,3278,1
21,4162,1
21,4170,1
21,3280,1
21,4171,1
21,7877,1
21,3267,1
21,3265,1
21,4156,1
21,3264,1
21,4157,1
21,4160,1
21,3270,1
21,4036,1
21,4161,1
21,3279,1
21,3475,1
21,3478,1
21,3474,1
21,3259,1
21,3260,1
21,3167,1
21,4149,1
21,4150,1
21,3255,1
21,4404,1
21,3473,1
21,4152,1
21,3486,1
21,3166,1
21,3256,1
21,3257,1
21,4037,1
21,3258,1
21,4154,1
21,3250,1
21,3249,1
21,3254,1
21,3471,1
21,3472,1
21,3638,1
21,4901,1
21,4153,1
21,3284,1
21,3480,1
21,3481,1
21,3482,1
21,3934,1
21,3487,1
21,4038,1
21,3268,1
21,4034,1
21,3266,1
21,824,1
21,4734,1
21,4158,1
21,3171,1
21,3273,1
21,4735,1
21,4039,1
21,3261,1
21,3262,1
21,3263,1
21,4736,1
21,4165,1
21,4166,1
21,4167,1
21,3292,1
21,4168,1
21,4169,1
21,4159,1
21,3308,1
21,4743,1
21,3310,1
21,4048,1
21,3495,1
21,3496,1
21,4744,1
21,2960,1
21,3499,1
21,3500,1
21,3501,1
21,3504,1
21,4044,1
21,3316,1
21,3309,1
21,4177,1
21,4745,1
21,3311,1
21,3173,1
21,3494,1
21,3492,1
21,3172,1
21,3490,1
21,3491,1
21,4293,1
21,3296,1
21,3935,1
21,4746,1
21,4294,1
21,5654,1
21,6329,1
21,6326,1
21,9332,1
21,6727,1
21,6343,1
21,6724,1
21,5956,1
21,6339,1
21,6333,1
21,3313,1
21,4178,1
21,3304,1
21,3305,1
21,3306,1
21,3307,1
21,3312,1
21,3318,1
21,3320,1
21,3314,1
21,3315,1
21,3317,1
21,4179,1
21,4180,1
21,3493,1
21,3303,1
21,3295,1
21,4172,1
21,4045,1
21,3285,1
21,4043,1
21,3287,1
21,4741,1
21,4742,1
21,4739,1
21,6694,1
21,4047,1
21,3302,1
21,4290,1
21,5861,1
21,8482,1
21,10160,1
21,3293,1
21,3977,1
21,3485,1
21,3483,1
21,5468,1
21,5469,1
21,3286,1
21,4035,1
21,3168,1
21,3484,1
21,3294,1
21,3297,1
21,3298,1
21,3488,1
21,3489,1
21,3299,1
21,4291,1
21,4292,1
21,3300,1
21,4174,1
21,4175,1
21,3301,1
21,4046,1
21,8006,1
21,3291,1
21,4176,1
21,4173,1
21,9176,1
21,4740,1
21,6916,1
21,3288,1
21,4288,1
21,8005,1
21,4289,1
21,3289,1
21,5614,1
21,3281,1
21,3290,1
21,8007,1
9,15020,1
9,15014,1
9,15809,1
9,12624,1
9,12626,1
9,15015,1
9,12627,1
9,12628,1
9,12629,1
9,12630,1
9,12632,1
9,12633,1
29,11238,1
9,12634,1
9,12631,1
9,12635,1
9,12636,1
10,992,1
10,987,1
9,12615,1
9,12616,1
9,12617,1
9,15011,1
9,12618,1
9,15010,1
9,12619,1
9,15810,1
9,15022,1
9,15021,1
9,12648,1
9,15023,1
9,15024,1
21,5996,1
21,6445,1
21,14793,1
21,14794,1
21,14795,1
21,6481,1
21,14796,1
9,15019,1
9,12639,1
9,15016,1
9,12637,1
9,12638,1
9,12641,1
9,12642,1
9,12640,1
9,12643,1
9,15017,1
9,15018,1
9,12644,1
9,12645,1
9,12646,1
21,12420,1
9,12604,1
9,12605,1
9,15005,1
9,15006,1
9,15007,1
9,12612,1
9,12607,1
9,12608,1
9,15004,1
9,12585,1
9,12586,1
9,12587,1
9,12614,1
9,12589,1
9,12590,1
9,12591,1
9,12601,1
9,12602,1
9,12610,1
9,12611,1
9,14994,1
9,14988,1
9,15000,1
9,15001,1
9,15806,1
9,15807,1
9,12588,1
9,11658,1
9,12622,1
9,12623,1
9,12625,1
9,15012,1
9,15013,1
9,12613,1
9,12620,1
9,12621,1
9,15009,1
9,15008,1
10,1062,1
10,1165,1
9,12606,1
10,1063,1
10,951,1
10,1060,1
10,990,1
10,959,1
10,952,1
10,991,1
9,14989,1
9,15003,1
9,15002,1
9,12603,1
9,11659,1
9,12609,1
10,1077,1
21,14830,1
21,7937,1
21,5681,1
21,14839,1
21,10052,1
21,6482,1
21,3705,1
21,3704,1
21,12452,1
21,7640,1
21,4954,1
21,6904,1
9,12647,1
21,2104,1
21,14816,1
21,14814,1
21,12441,1
21,14820,1
21,14810,1
21,14809,1
21,11635,1
21,14817,1
21,12440,1
21,12432,1
21,12437,1
21,12436,1
21,3703,1
21,14836,1
21,14837,1
21,14838,1
21,14841,1
21,14842,1
21,12457,1
21,14840,1
21,12459,1
21,14826,1
21,14824,1
21,12453,1
21,14825,1
21,12455,1
21,14829,1
21,12456,1
21,14832,1
21,14833,1
21,6060,1
21,13136,1
21,14831,1
21,12458,1
21,12442,1
21,14822,1
21,14823,1
21,12450,1
21,14827,1
21,14828,1
21,10393,1
21,14801,1
21,14805,1
21,14806,1
21,14807,1
21,3126,1
21,12425,1
21,12428,1
21,12426,1
21,12427,1
21,14811,1
21,12445,1
21,14798,1
21,12439,1
21,11634,1
21,14797,1
21,12429,1
21,6059,1
21,5258,1
21,10784,1
21,6903,1
21,14803,1
21,9997,1
21,14800,1
21,12422,1
21,14802,1
21,14804,1
21,14799,1
21,12434,1
21,12435,1
21,14812,1
21,4951,1
21,14813,1
21,14815,1
21,14821,1
21,12443,1
21,8012,1
21,12451,1
21,12444,1
21,12446,1
21,12447,1
21,12424,1
21,5710,1
21,4953,1
21,3206,1
21,12454,1
21,11637,1
21,14808,1
21,12430,1
21,11636,1
21,12433,1
21,12431,1
21,12423,1
21,12421,1
21,6489,1
21,12448,1
9,12557,1
9,12558,1
9,12548,1
9,15794,1
9,11650,1
9,15801,1
9,12520,1
9,12531,1
9,12533,1
9,12521,1
9,12505,1
9,14934,1
9,15808,1
9,14922,1
9,14942,1
9,12536,1
9,14937,1
9,12515,1
9,14923,1
9,12523,1
9,12525,1
9,12555,1
9,14917,1
9,12530,1
9,11643,1
9,12529,1
9,14943,1
9,12471,1
9,14952,1
9,11648,1
9,15797,1
9,14951,1
9,15795,1
9,15796,1
9,15798,1
9,15799,1
9,12546,1
9,11653,1
9,12545,1
9,15759,1
9,12544,1
9,11652,1
9,12560,1
9,14938,1
9,14939,1
9,14932,1
9,14933,1
9,14931,1
9,12538,1
9,14945,1
9,14944,1
9,12539,1
9,12547,1
9,12543,1
9,11651,1
9,14889,1
9,12522,1
9,12514,1
9,14891,1
9,14915,1
9,14901,1
10,1095,1
9,14914,1
9,14919,1
9,12495,1
9,14895,1
9,14918,1
9,14896,1
9,14921,1
9,12512,1
9,12516,1
9,14924,1
9,14925,1
9,12537,1
9,12519,1
9,12511,1
10,988,1
10,958,1
10,989,1
10,1302,1
10,1171,1
9,14920,1
9,14897,1
9,14898,1
9,14899,1
9,12532,1
9,12518,1
9,12534,1
9,14900,1
9,14927,1
9,12524,1
9,12526,1
9,12527,1
9,14892,1
9,15793,1
9,14894,1
9,12528,1
9,12509,1
9,14916,1
9,14890,1
9,10792,1
9,11646,1
9,11647,1
9,12517,1
9,12510,1
9,12513,1
9,14926,1
9,14928,1
9,15800,1
9,14912,1
9,14973,1
9,14984,1
9,14978,1
9,12582,1
9,12583,1
9,14979,1
9,12577,1
9,12578,1
9,15805,1
9,14982,1
9,14983,1
9,12572,1
9,12550,1
9,14961,1
9,14962,1
9,14972,1
9,14969,1
9,14980,1
9,12573,1
9,14971,1
9,14976,1
9,14981,1
9,14974,1
9,14985,1
9,15804,1
9,8148,1
9,12575,1
9,12600,1
9,14990,1
9,12592,1
9,12593,1
9,12594,1
9,12598,1
9,12599,1
9,14996,1
9,14997,1
9,14995,1
9,12579,1
9,12580,1
9,12581,1
9,11656,1
9,12596,1
9,12597,1
9,14993,1
9,12584,1
9,14987,1
9,14992,1
9,14991,1
9,14998,1
9,14999,1
9,14986,1
9,14977,1
9,12574,1
9,12576,1
9,12595,1
9,14958,1
9,14941,1
9,14936,1
9,14948,1
9,12540,1
9,12541,1
9,12542,1
9,12549,1
9,12561,1
9,12551,1
9,14959,1
9,10787,1
9,12565,1
9,14935,1
9,14940,1
9,14929,1
9,14930,1
9,14955,1
9,14956,1
9,12556,1
9,14946,1
9,12554,1
9,12553,1
9,12559,1
9,14947,1
9,12535,1
9,14950,1
9,11655,1
9,12567,1
9,14975,1
9,12568,1
9,12569,1
9,12570,1
9,10793,1
9,12571,1
9,14970,1
9,12566,1
9,12564,1
9,12562,1
9,12552,1
9,14968,1
9,14960,1
9,12563,1
9,14963,1
9,15802,1
9,15803,1
9,14964,1
9,14965,1
9,14966,1
9,14967,1
9,11654,1
9,14957,1
9,14954,1
9,14953,1
9,14949,1
21,5495,1
21,6750,1
21,6378,1
21,7880,1
21,5974,1
21,6365,1
21,6753,1
21,6372,1
21,6752,1
21,6759,1
21,6374,1
21,6375,1
21,14835,1
21,6382,1
21,5661,1
21,5665,1
21,5977,1
21,5978,1
21,5261,1
21,5979,1
21,9628,1
21,9629,1
21,5982,1
21,6381,1
21,5666,1
21,6383,1
21,6760,1
16,74,1
16,527,1
16,477,1
21,6751,1
21,6754,1
21,5972,1
21,5657,1
21,6741,1
21,4946,1
21,6369,1
21,6379,1
21,5493,1
21,6371,1
21,5975,1
21,6366,1
21,7536,1
21,6748,1
21,5976,1
21,6385,1
21,6386,1
21,6368,1
21,6380,1
21,6749,1
21,5659,1
21,5660,1
21,7537,1
21,5658,1
21,6390,1
21,7881,1
21,5985,1
21,7542,1
21,5663,1
21,5263,1
21,5264,1
21,5265,1
21,6775,1
21,5667,1
21,5981,1
21,6769,1
21,7539,1
21,6394,1
21,6391,1
21,6395,1
21,7546,1
21,6778,1
21,6776,1
21,6777,1
21,6773,1
21,6393,1
21,6396,1
21,6774,1
21,7545,1
21,5670,1
21,6763,1
21,6387,1
21,5662,1
21,4947,1
21,6762,1
21,7541,1
21,7544,1
21,6768,1
21,6764,1
21,6765,1
21,6766,1
21,6767,1
21,7540,1
21,6761,1
21,6389,1
21,6377,1
21,6392,1
21,7882,1
21,1622,1
21,6770,1
21,6771,1
21,6388,1
21,5664,1
21,5983,1
21,5984,1
21,6772,1
21,5262,1
21,7543,1
21,9355,1
29,11204,1
29,11231,1
29,11945,1
29,11214,1
29,11215,1
29,11219,1
29,11224,1
29,11968,1
29,12007,1
29,10276,1
29,11208,1
29,11941,1
16,467,1
29,12018,1
29,11250,1
29,12015,1
29,11940,1
29,11913,1
29,11190,1
29,11921,1
29,11191,1
29,11914,1
29,11918,1
29,11920,1
29,11199,1
29,11198,1
29,11192,1
29,11200,1
29,11949,1
29,11209,1
29,10274,1
29,11210,1
29,11205,1
29,11213,1
29,11216,1
29,11206,1
29,11957,1
29,11958,1
29,11211,1
29,11972,1
29,11927,1
29,10277,1
29,11947,1
29,11942,1
29,12009,1
29,12010,1
29,10279,1
29,11201,1
29,11916,1
29,11971,1
29,11222,1
29,11946,1
29,11218,1
29,11203,1
29,11948,1
21,6757,1
21,7879,1
21,6367,1
21,6364,1
16,481,1
16,507,1
16,443,1
16,457,1
16,515,1
29,11910,1
29,11908,1
29,11184,1
29,11928,1
29,11909,1
21,6384,1
21,7538,1
21,6373,1
16,547,1
16,470,1
16,471,1
16,461,1
16,360,1
16,488,1
16,486,1
16,472,1
16,531,1
29,11911,1
29,11193,1
29,11937,1
21,5494,1
29,11919,1
29,11183,1
29,11189,1
29,11187,1
29,11912,1
29,11991,1
29,14052,1
29,11988,1
29,11234,1
29,11953,1
21,6744,1
29,11978,1
29,11992,1
29,11197,1
29,11185,1
29,11915,1
21,6376,1
21,5980,1
21,9164,1
21,8000,1
21,8315,1
21,6758,1
21,6370,1
21,6743,1
29,11923,1
10,1058,1
10,985,1
10,948,1
10,1547,1
10,1254,1
10,944,1
10,1059,1
10,1157,1
10,579,1
10,1057,1
10,957,1
10,1160,1
21,3207,1
12,743,1
25,11762,1
25,1922,1
10,946,1
10,984,1
10,1163,1
10,954,1
21,14865,1
33,33,1
20,909,1
20,2742,1
20,907,1
10,1159,1
10,986,1
21,5993,1
21,7560,1
21,6790,1
21,8322,1
21,10014,1
10,1153,1
10,1154,1
10,1155,1
35,11578,1
15,12266,1
15,14237,1
21,3713,1
21,3714,1
10,1065,1
10,925,1
10,947,1
10,1158,1
10,1246,1
10,1056,1
10,1156,1
10,903,1
10,533,1
10,631,1
10,983,1
10,713,1
10,955,1
10,956,1
10,915,1
21,12460,1
21,14848,1
21,12461,1
21,4956,1
21,6483,1
21,6484,1
21,14851,1
21,6061,1
21,14852,1
21,14853,1
21,14844,1
21,14845,1
10,1064,1
21,14843,1
10,1161,1
10,1061,1
10,2615,1
10,1162,1
10,953,1
10,1248,1
10,1249,1
10,1253,1
10,1252,1
21,11638,1
21,4564,1
21,14834,1
21,14850,1
10,1244,1
10,1245,1
10,949,1
10,1170,1
10,950,1
10,926,1
10,916,1
21,14854,1
21,14855,1
21,6485,1
21,14856,1
21,14857,1
21,14858,1
21,11639,1
21,6486,1
21,14859,1
21,14860,1
21,14861,1
21,14862,1
21,14863,1
21,14864,1
21,12463,1
21,12464,1
10,1164,1
21,14847,1
21,14846,1
21,14849,1
21,12462,1
21,10010,1
21,10011,1
21,5671,1
21,5672,1
21,5267,1
21,5268,1
21,6409,1
21,6412,1
21,9990,1
21,5269,1
22,531,1
21,8319,1
21,5992,1
21,8321,1
21,6420,1
21,7557,1
21,7556,1
21,6419,1
21,7885,1
21,6782,1
21,6783,1
21,6408,1
21,7884,1
21,5986,1
21,6401,1
21,6402,1
21,7550,1
21,5266,1
21,6410,1
21,6411,1
21,7883,1
21,6779,1
21,6397,1
21,6398,1
21,6399,1
21,5668,1
21,5669,1
21,6781,1
21,7547,1
21,7548,1
21,6405,1
21,7551,1
21,7552,1
21,7553,1
21,6404,1
21,6780,1
21,6403,1
21,6413,1
21,7554,1
21,6414,1
21,6415,1
21,6416,1
21,6417,1
21,6400,1
21,7549,1
21,6785,1
21,10015,1
21,6791,1
21,11569,1
21,11570,1
21,5675,1
21,6792,1
21,6793,1
21,10016,1
21,10017,1
21,6794,1
21,6795,1
21,6421,1
21,7559,1
21,6424,1
21,6425,1
21,5273,1
21,6796,1
21,6797,1
21,5990,1
21,5991,1
21,3715,1
21,7561,1
21,7887,1
21,3716,1
21,6798,1
21,5275,1
21,7558,1
21,5674,1
21,5496,1
21,6422,1
21,7886,1
21,5987,1
21,5988,1
21,6423,1
21,5989,1
21,5270,1
21,6406,1
21,6407,1
21,6418,1
21,5272,1
21,7555,1
21,5274,1
21,10012,1
21,6786,1
21,5497,1
21,6787,1
21,6788,1
21,6789,1
21,10013,1
21,6426,1
21,6784,1
21,5673,1
21,5271,1
21,8320,1
32,9963,1
32,12098,1
32,11343,1
32,11342,1
32,14105,1
32,9314,1
32,11340,1
32,9964,1
32,9965,1
32,9966,1
32,10336,1
32,10335,1
21,6718,1
32,11346,1
32,10330,1
32,10331,1
32,10332,1
32,9955,1
32,10328,1
32,10326,1
32,11336,1
32,8305,1
32,349,1
32,8306,1
32,366,1
32,10329,1
32,9312,1
32,12102,1
32,9316,1
32,9311,1
32,9315,1
32,10345,1
32,9968,1
32,10339,1
32,10344,1
32,10338,1
32,435,1
32,9967,1
32,10340,1
32,12100,1
32,9973,1
32,10333,1
32,10334,1
32,1743,1
32,10337,1
32,8956,1
32,14108,1
32,8957,1
32,8307,1
32,8308,1
32,8309,1
32,11344,1
32,10343,1
32,9972,1
32,9308,1
32,10325,1
32,9307,1
32,115,1
32,10320,1
32,11328,1
32,460,1
32,11320,1
32,9952,1
32,9309,1
32,10316,1
32,9948,1
32,9313,1
32,10324,1
32,9941,1
32,9301,1
32,9302,1
32,9957,1
32,12096,1
32,9959,1
32,11339,1
32,4268,1
32,11326,1
32,11323,1
32,7873,1
32,8302,1
32,10323,1
32,12099,1
32,11341,1
32,11338,1
32,10321,1
32,11335,1
32,11330,1
32,479,1
32,9958,1
32,9960,1
32,11337,1
32,9961,1
32,9946,1
32,11327,1
32,9947,1
32,12097,1
32,11331,1
32,12095,1
32,9962,1
32,11334,1
32,9305,1
32,9953,1
32,9949,1
32,9950,1
32,6713,1
32,11315,1
32,10318,1
32,11332,1
32,10327,1
34,9423,1
34,9424,1
34,9425,1
34,9426,1
34,9427,1
34,10463,1
34,9428,1
34,9429,1
34,10464,1
34,10465,1
32,10352,1
32,12103,1
32,12101,1
32,11364,1
32,9976,1
32,10356,1
32,8962,1
32,8963,1
32,8313,1
32,10353,1
32,10360,1
32,10361,1
32,9322,1
32,10359,1
32,9324,1
32,9325,1
32,11363,1
32,11372,1
32,9983,1
32,11373,1
32,11374,1
32,10367,1
32,11375,1
34,10466,1
34,9156,1
32,11366,1
32,8964,1
32,9977,1
32,10363,1
32,10364,1
34,9422,1
32,9326,1
32,247,1
32,12104,1
32,11367,1
32,11368,1
32,10362,1
32,9981,1
32,9327,1
32,9323,1
32,10357,1
32,10358,1
34,9155,1
34,9421,1
32,10365,1
32,11353,1
32,10348,1
32,10349,1
32,10350,1
32,11347,1
32,10351,1
32,8311,1
32,11345,1
32,14109,1
32,14110,1
32,14111,1
32,7876,1
32,4943,1
32,9975,1
32,11354,1
32,9974,1
32,7875,1
32,9969,1
32,10341,1
32,10342,1
32,14112,1
32,9318,1
32,8958,1
32,10347,1
32,9971,1
32,9970,1
32,9317,1
32,8312,1
32,8959,1
32,8960,1
32,8961,1
32,9319,1
32,14336,1
32,14337,1
32,10354,1
32,10355,1
32,11361,1
32,11362,1
32,9320,1
32,11365,1
32,4942,1
32,11355,1
32,11348,1
32,11349,1
32,11350,1
32,11351,1
32,11352,1
32,10346,1
32,11356,1
32,11357,1
32,11358,1
32,246,1
32,11359,1
32,11360,1
32,9321,1
34,9442,1
34,9443,1
34,9444,1
34,9445,1
32,9289,1
32,10286,1
32,10287,1
34,9452,1
34,2459,1
34,10468,1
34,9453,1
34,10469,1
32,383,1
34,10471,1
34,10472,1
9,10051,1
18,6615,1
34,9437,1
34,9438,1
7,836,1
7,1279,1
7,1223,1
7,596,1
7,595,1
7,1890,1
7,1224,1
34,10470,1
32,9291,1
32,10295,1
32,9293,1
32,10294,1
32,10297,1
32,9930,1
32,9295,1
32,11302,1
32,10292,1
32,10288,1
32,9910,1
32,11299,1
32,11301,1
34,10467,1
32,9290,1
32,10290,1
32,11300,1
32,10289,1
32,8296,1
32,10291,1
32,8297,1
32,9911,1
32,9292,1
32,9914,1
34,9439,1
34,9440,1
34,9441,1
32,9912,1
34,3127,1
34,10474,1
34,10475,1
34,9454,1
34,9455,1
34,9456,1
34,9457,1
34,9458,1
34,9459,1
19,12295,1
19,12296,1
19,12280,1
7,1466,1
34,9469,1
34,9470,1
34,9471,1
34,9472,1
19,14266,1
19,14267,1
19,12290,1
19,12281,1
19,12284,1
19,12285,1
19,12294,1
19,14269,1
19,12279,1
34,9468,1
34,9446,1
34,9447,1
34,9448,1
34,9449,1
34,9450,1
34,9451,1
19,12312,1
19,12307,1
19,12308,1
19,12309,1
19,12313,1
19,14274,1
19,12311,1
34,10473,1
30,13727,1
7,488,1
34,9460,1
34,9461,1
34,9462,1
19,14271,1
19,12300,1
19,12298,1
19,14272,1
19,14273,1
19,12305,1
19,12301,1
19,12297,1
19,12314,1
32,11324,1
32,9300,1
32,10314,1
32,9304,1
32,9299,1
32,9939,1
32,11329,1
32,10307,1
32,10301,1
32,9928,1
32,10313,1
32,9925,1
32,9915,1
32,11318,1
32,11333,1
32,10298,1
32,9935,1
32,11316,1
32,11322,1
32,10310,1
34,9436,1
32,11312,1
32,11319,1
32,9929,1
32,9933,1
32,9303,1
32,9927,1
32,9945,1
32,9942,1
32,9943,1
32,9940,1
32,10319,1
32,10309,1
32,9951,1
32,207,1
32,11325,1
32,531,1
32,429,1
32,12093,1
32,8954,1
32,9954,1
32,9936,1
32,9937,1
32,9938,1
32,8955,1
32,9934,1
32,5490,1
32,8953,1
32,12092,1
32,11304,1
32,8951,1
32,396,1
32,9297,1
32,10322,1
32,8299,1
32,10303,1
32,9920,1
32,10296,1
32,11305,1
32,9926,1
32,11306,1
32,11317,1
32,5648,1
32,9294,1
32,9922,1
32,12091,1
32,8950,1
32,9921,1
32,9919,1
32,11313,1
32,377,1
32,11314,1
32,9932,1
32,9931,1
32,10306,1
32,10305,1
32,10299,1
32,8948,1
32,9916,1
32,8947,1
32,9917,1
32,9918,1
32,10304,1
32,10308,1
32,10315,1
32,11321,1
32,10312,1
32,10317,1
32,11308,1
32,10302,1
32,9923,1
32,11307,1
32,10300,1
32,11310,1
32,11311,1
32,7872,1
34,9431,1
34,9432,1
34,9157,1
34,9433,1
34,9434,1
34,9435,1
32,11303,1
32,12090,1
32,10293,1
32,8949,1
32,8952,1
32,11309,1
32,6710,1
34,9430,1
1,4338,1
1,5498,1
1,1084,1
1,1085,1
1,1176,1
1,1006,1
1,1072,1
1,1088,1
1,1070,1
1,1074,1
1,1076,1
1,1303,1
32,11371,1
1,904,1
1,1067,1
1,1250,1
1,1078,1
1,2560,1
1,1373,1
1,995,1
1,1068,1
1,1069,1
1,927,1
1,1306,1
1,963,1
1,961,1
1,1178,1
1,1005,1
1,1187,1
1,967,1
1,965,1
1,1638,1
1,1182,1
1,1307,1
1,1308,1
1,1260,1
1,1188,1
1,1000,1
1,1091,1
1,1258,1
1,1183,1
1,1184,1
1,1854,1
1,2913,1
1,2914,1
1,1185,1
1,1086,1
1,1073,1
1,999,1
1,1081,1
1,1082,1
1,1259,1
1,1257,1
1,1190,1
1,1066,1
1,1166,1
1,1167,1
1,1247,1
1,1175,1
1,1170,1
1,988,1
1,989,1
1,1062,1
1,949,1
1,1256,1
1,1255,1
1,962,1
1,960,1
1,1248,1
1,1164,1
1,1249,1
1,952,1
1,1162,1
1,1064,1
1,1060,1
1,2615,1
1,1161,1
1,832,1
1,1065,1
1,1168,1
1,1163,1
1,1173,1
1,1003,1
1,1251,1
1,1001,1
1,1305,1
1,1174,1
1,1304,1
1,994,1
1,1460,1
1,1075,1
1,1080,1
1,1077,1
1,1071,1
1,996,1
1,1172,1
1,1169,1
1,1254,1
1,1079,1
1,1609,1
1,1610,1
1,1302,1
1,990,1
1,959,1
1,987,1
1,958,1
1,1165,1
1,998,1
1,1177,1
1,1104,1
1,1263,1
1,1312,1
1,1313,1
1,1314,1
1,1199,1
1,1207,1
1,1202,1
1,1020,1
1,1021,1
1,1022,1
1,1429,1
1,1179,1
1,1013,1
1,1374,1
1,1193,1
1,896,1
1,1262,1
1,1195,1
1,1015,1
1,930,1
1,1018,1
1,1019,1
1,1197,1
1,1105,1
1,1196,1
1,1099,1
1,1115,1
1,1116,1
1,1117,1
1,1118,1
1,1119,1
1,1315,1
1,1265,1
1,1266,1
1,1203,1
1,1204,1
1,1205,1
1,1206,1
1,1120,1
1,1107,1
1,1113,1
1,1114,1
1,1112,1
1,1745,1
1,1023,1
1,1264,1
1,1026,1
1,1267,1
1,1208,1
1,1109,1
1,1110,1
1,1111,1
1,1200,1
1,968,1
1,1261,1
1,1101,1
1,1092,1
1,1090,1
1,8433,1
1,7635,1
1,1549,1
1,1095,1
1,1002,1
1,1007,1
1,1004,1
1,1637,1
1,1014,1
1,1181,1
1,1098,1
1,1087,1
1,1093,1
1,1309,1
1,9352,1
1,964,1
1,929,1
1,1089,1
1,1083,1
1,966,1
1,928,1
1,1524,1
1,1180,1
1,1103,1
1,1192,1
1,1811,1
1,1198,1
1,1194,1
1,1008,1
1,1009,1
1,1010,1
1,1011,1
1,1012,1
1,1426,1
1,1427,1
1,1428,1
1,1310,1
1,1106,1
1,1094,1
1,1186,1
1,1097,1
1,1100,1
1,1191,1
1,1016,1
1,1017,1
1,1096,1
1,1189,1
1,1102,1
1,7636,1
1,7637,1
1,1311,1
34,9388,1
9,9997,1
1,660,1
34,9403,1
34,6058,1
34,10453,1
34,10454,1
34,10455,1
34,10451,1
34,9390,1
34,9391,1
34,9392,1
1,951,1
34,9394,1
34,9395,1
34,9396,1
34,9397,1
34,9405,1
34,9406,1
34,9407,1
34,9408,1
34,9409,1
34,10452,1
34,9398,1
34,9399,1
34,9400,1
34,9393,1
34,9378,1
34,9379,1
34,9371,1
34,1948,1
34,1832,1
34,10445,1
34,9372,1
34,9373,1
34,9374,1
34,9375,1
34,9376,1
34,9377,1
34,10446,1
34,9387,1
34,9389,1
9,555,1
34,9153,1
34,9380,1
34,10447,1
34,10448,1
34,10449,1
34,9381,1
34,9382,1
34,9383,1
34,9384,1
34,9385,1
34,9386,1
34,10450,1
34,9416,1
34,9417,1
32,11376,1
32,8314,1
32,9984,1
32,10368,1
32,10369,1
32,10370,1
32,9985,1
32,9986,1
32,11377,1
32,9987,1
34,9401,1
32,10371,1
32,10373,1
32,9329,1
32,9330,1
32,10366,1
32,9978,1
32,9979,1
32,9980,1
32,11369,1
32,9328,1
32,9982,1
32,11370,1
32,12105,1
32,10372,1
34,9402,1
34,10461,1
34,9418,1
34,9419,1
34,9420,1
34,9154,1
34,10462,1
34,9404,1
34,10456,1
34,1831,1
34,10457,1
34,10458,1
34,10459,1
34,9415,1
32,9331,1
32,9988,1
9,6306,1
9,3977,1
9,6694,1
9,7465,1
9,6307,1
9,5637,1
34,9410,1
34,9411,1
34,9412,1
34,9413,1
34,9414,1
34,10460,1
1,1244,1
1,1245,1
1,916,1
1,1154,1
1,1155,1
1,804,1
1,946,1
1,915,1
1,579,1
1,947,1
1,1056,1
1,926,1
34,9368,1
1,805,1
1,1246,1
1,1158,1
34,12311,1
34,12314,1
26,1902,1
1,533,1
1,713,1
1,983,1
1,631,1
1,1153,1
1,698,1
1,740,1
1,925,1
1,986,1
1,997,1
1,550,1
1,953,1
1,1063,1
1,1253,1
1,1171,1
1,957,1
1,950,1
1,991,1
1,992,1
1,954,1
1,955,1
1,1159,1
1,1160,1
1,1252,1
1,1061,1
1,1059,1
1,1057,1
1,1157,1
1,984,1
1,1156,1
1,1058,1
1,985,1
1,948,1
1,993,1
1,1547,1
1,956,1
34,9170,1
34,12276,1
34,14263,1
34,12275,1
34,12278,1
34,12274,1
34,12279,1
34,12286,1
34,14265,1
6,7996,1
9,6919,1
9,14136,1
1,944,1
9,3644,1
34,9369,1
34,9370,1
9,10393,1
34,9152,1
34,9360,1
34,9361,1
34,9362,1
34,9363,1
34,9364,1
34,9365,1
34,9366,1
34,9367,1
9,14137,1
34,12312,1
34,12307,1
34,12308,1
34,12309,1
34,12313,1
34,14274,1
34,12297,1
34,14271,1
34,12300,1
34,12298,1
34,14272,1
34,14273,1
34,12305,1
34,14262,1
34,12296,1
34,12280,1
34,12284,1
34,12285,1
34,12294,1
34,14269,1
34,12295,1
34,12287,1
34,12277,1
34,14266,1
34,14267,1
34,12290,1
34,12281,1
34,12301,1
24,15788,1
24,11769,1
24,4916,1
24,11743,1
24,5514,1
24,3214,1
24,15785,1
24,10190,1
24,15035,1
24,263,1
24,9194,1
24,9195,1
19,12286,1
24,13579,1
24,7754,1
24,6554,1
24,10825,1
24,11041,1
24,13569,1
24,13570,1
24,13571,1
24,13572,1
24,13573,1
24,10105,1
24,10813,1
24,13581,1
24,13578,1
34,9560,1
24,6010,1
24,5618,1
24,15789,1
24,7755,1
24,7756,1
24,6899,1
24,13586,1
24,10109,1
24,8571,1
24,7758,1
24,7759,1
24,13585,1
24,9830,1
24,11744,1
24,3876,1
24,3877,1
24,11741,1
24,11768,1
24,13580,1
24,10106,1
24,10107,1
24,10108,1
24,11742,1
24,6555,1
24,6556,1
24,3875,1
24,4961,1
24,13134,1
24,11740,1
24,7639,1
24,9150,1
24,3623,1
24,13479,1
24,15782,1
24,13567,1
24,4007,1
24,11560,1
24,344,1
24,13582,1
24,10812,1
24,10811,1
24,11739,1
24,11049,1
24,11037,1
24,34,1
24,9193,1
24,3944,1
24,9624,1
24,5692,1
24,2608,1
24,11761,1
24,9776,1
24,9675,1
24,13583,1
24,6898,1
24,9151,1
24,11766,1
24,11767,1
24,13576,1
24,13577,1
24,15784,1
24,13568,1
24,13478,1
24,15781,1
24,11765,1
24,4306,1
24,2924,1
24,11038,1
24,11039,1
24,65,1
24,10104,1
24,9241,1
24,4008,1
24,896,1
24,10824,1
24,5513,1
24,10823,1
24,4302,1
24,8438,1
24,3874,1
24,4651,1
28,3061,1
28,5512,1
28,1774,1
28,5616,1
28,805,1
28,10167,1
28,4287,1
34,10489,1
34,9536,1
34,9537,1
34,9538,1
34,9519,1
34,10491,1
34,9521,1
34,9522,1
34,9523,1
34,9524,1
34,9525,1
34,9526,1
34,9527,1
34,9528,1
34,9529,1
34,12225,1
34,9533,1
34,10485,1
34,10486,1
34,9520,1
28,13546,1
28,15772,1
28,13545,1
28,11760,1
28,2670,1
28,13548,1
28,15774,1
28,2922,1
28,11737,1
28,11578,1
28,10166,1
28,1973,1
28,10822,1
28,4945,1
28,2921,1
28,9827,1
28,11732,1
28,4572,1
28,2669,1
28,3538,1
34,9530,1
34,9531,1
34,9532,1
15,11054,1
15,2749,1
16,11723,1
28,1691,1
28,5623,1
34,9557,1
35,3209,1
34,9561,1
34,9562,1
34,9563,1
34,9564,1
34,9158,1
34,9565,1
24,5517,1
24,5518,1
24,5519,1
24,5520,1
34,10019,1
24,11745,1
24,4652,1
24,9228,1
24,9229,1
34,9546,1
24,8156,1
24,5515,1
24,10817,1
24,5516,1
24,9831,1
24,13587,1
34,9558,1
34,9559,1
24,13588,1
34,9534,1
34,9535,1
34,10487,1
34,10488,1
35,2252,1
35,2253,1
34,9539,1
34,9540,1
34,9541,1
34,9542,1
34,9543,1
34,9544,1
34,9545,1
34,9556,1
35,5615,1
35,8468,1
34,9547,1
34,9548,1
34,9549,1
34,9550,1
34,1908,1
34,9551,1
34,9552,1
34,9553,1
34,10490,1
34,9554,1
34,9555,1
35,3210,1
34,9588,1
34,9589,1
34,10499,1
34,9617,1
34,9618,1
34,9619,1
16,9241,1
16,4423,1
16,2671,1
34,9596,1
34,9597,1
34,9598,1
24,11671,1
16,11577,1
16,11746,1
34,9608,1
34,9609,1
34,10021,1
34,9610,1
34,9611,1
34,9612,1
34,9613,1
34,9614,1
34,9615,1
34,9616,1
9,4011,1
34,9599,1
34,10493,1
34,10494,1
34,10495,1
34,9567,1
34,9590,1
34,9591,1
34,9592,1
34,9593,1
34,9594,1
34,10500,1
34,9595,1
34,9577,1
34,10496,1
34,9587,1
34,9578,1
34,9579,1
34,9580,1
34,9581,1
34,9600,1
34,9601,1
34,9602,1
34,9603,1
34,9604,1
34,9605,1
34,9606,1
34,9607,1
34,10498,1
34,10497,1
21,5940,1
21,5941,1
21,6323,1
21,3397,1
21,6721,1
21,6324,1
21,5943,1
21,6723,1
21,835,1
21,1764,1
21,5653,1
21,6717,1
9,3448,1
19,2235,1
19,2167,1
19,4284,1
19,14237,1
19,2462,1
19,1270,1
19,3988,1
19,12266,1
19,3989,1
19,4285,1
21,6322,1
21,5491,1
21,5942,1
19,2166,1
34,10501,1
34,10502,1
34,9620,1
34,9621,1
34,9622,1
34,9623,1
9,804,1
9,5520,1
9,4652,1
9,11559,1
9,5338,1
9,499,1
9,10022,1
9,5519,1
9,9624,1
9,7639,1
9,4651,1
9,2771,1
9,2772,1
9,5514,1
9,6010,1
9,2671,1
9,1890,1
9,5515,1
9,5516,1
9,5517,1
9,5518,1
9,11560,1
24,9829,1
24,13556,1
24,13559,1
24,13560,1
24,13561,1
24,13562,1
24,15775,1
24,513,1
24,514,1
24,11048,1
24,4810,1
24,2769,1
34,10492,1
24,2922,1
24,13550,1
24,13546,1
24,13551,1
24,13557,1
24,13552,1
24,13566,1
24,11559,1
24,13558,1
24,11734,1
24,13554,1
24,13555,1
24,13549,1
24,4049,1
24,10022,1
24,9828,1
24,11764,1
24,9246,1
24,13564,1
24,13565,1
24,10168,1
24,15777,1
24,15778,1
24,11763,1
24,11035,1
24,6308,1
24,11735,1
24,11737,1
24,4112,1
24,11034,1
24,9245,1
24,11738,1
24,13574,1
24,2717,1
24,8154,1
24,10083,1
24,10103,1
24,6553,1
24,4761,1
24,2604,1
24,15773,1
24,11736,1
24,13545,1
24,1973,1
24,5060,1
24,15772,1
34,9568,1
34,9569,1
34,9570,1
34,9571,1
34,9572,1
34,9573,1
34,9574,1
34,9575,1
24,5338,1
9,14116,1
9,14117,1
9,14118,1
9,14119,1
9,14120,1
9,14121,1
34,9582,1
34,9583,1
34,9584,1
34,9585,1
34,9586,1
9,14114,1
34,9566,1
34,9576,1
24,13553,1
24,15774,1
24,10808,1
24,11732,1
24,1907,1
24,11760,1
24,6896,1
24,9827,1
24,722,1
24,44,1
24,1830,1
24,6897,1
24,11040,1
24,11578,1
24,13548,1
24,11036,1
24,13547,1
9,14122,1
9,14123,1
24,4287,1
24,6895,1
24,10166,1
24,11733,1
24,13563,1
24,5616,1
24,5623,1
24,10822,1
24,4572,1
28,7757,1
28,9830,1
28,13585,1
28,13586,1
28,3876,1
28,4916,1
28,13584,1
28,6620,1
28,853,1
28,873,1
28,11043,1
28,11044,1
28,13547,1
28,15789,1
28,3540,1
28,10799,1
28,9215,1
28,9216,1
28,2671,1
28,3875,1
28,9214,1
28,3448,1
28,13581,1
28,13582,1
28,13583,1
28,6898,1
28,11743,1
28,3877,1
28,11744,1
28,12653,1
28,6622,1
28,7758,1
28,7759,1
28,8753,1
28,6899,1
28,5515,1
28,8156,1
28,1608,1
28,5516,1
28,3541,1
28,7275,1
28,6623,1
28,10817,1
28,2564,1
28,8571,1
28,10109,1
28,6621,1
28,1916,1
28,7755,1
28,7756,1
28,874,1
28,875,1
28,9217,1
28,7274,1
28,4763,1
28,473,1
28,13580,1
28,7754,1
28,6555,1
28,6556,1
28,872,1
28,871,1
28,851,1
28,852,1
28,6064,1
28,10084,1
28,5514,1
28,3539,1
28,4011,1
28,11041,1
28,13578,1
28,13579,1
28,11741,1
28,15786,1
28,15787,1
28,10105,1
28,10825,1
28,10190,1
28,1830,1
28,6897,1
28,11767,1
28,6010,1
28,9194,1
28,9195,1
28,10154,1
28,15788,1
28,5618,1
28,3647,1
28,3648,1
28,1647,1
28,1648,1
28,1649,1
28,9209,1
28,11769,1
28,4762,1
28,11768,1
28,5688,1
28,5689,1
28,9210,1
28,9211,1
28,9212,1
28,9213,1
28,11742,1
28,3646,1
28,3429,1
28,10106,1
28,10107,1
28,10108,1
28,2625,1
34,9473,1
34,9474,1
34,9475,1
34,9476,1
34,9477,1
34,9478,1
34,9479,1
19,10365,1
19,10366,1
34,9484,1
34,9485,1
34,10478,1
28,8158,1
34,9487,1
34,9488,1
34,9489,1
34,9490,1
34,9491,1
34,9492,1
34,9493,1
34,9494,1
34,9495,1
19,10345,1
19,9972,1
19,9973,1
19,9974,1
34,9486,1
19,14265,1
19,12287,1
19,12277,1
34,9463,1
34,9464,1
34,9465,1
34,9466,1
34,9467,1
34,9480,1
34,9481,1
34,9482,1
34,10477,1
34,9483,1
34,10476,1
19,9170,1
19,12276,1
19,14263,1
19,12275,1
19,12278,1
19,12274,1
34,9496,1
34,9497,1
19,10369,1
19,10370,1
19,10372,1
19,10373,1
2,11867,1
19,14262,1
28,13588,1
28,7280,1
28,11745,1
28,4652,1
28,6885,1
28,6624,1
28,5521,1
28,6886,1
28,7281,1
28,9228,1
28,9229,1
28,9831,1
19,10348,1
28,9218,1
28,478,1
28,5517,1
28,5518,1
28,7276,1
28,13587,1
28,8157,1
28,9219,1
28,9220,1
28,5519,1
28,5520,1
28,7277,1
28,1917,1
28,545,1
19,10349,1
19,10350,1
19,10354,1
19,10355,1
19,9976,1
19,10360,1
19,10361,1
19,10363,1
19,10364,1
19,9914,1
19,9917,1
19,9916,1
19,11321,1
28,7279,1
19,10312,1
19,9961,1
19,11344,1
19,9962,1
19,10329,1
19,9960,1
19,10339,1
19,10338,1
19,9313,1
19,9966,1
28,7278,1
28,6883,1
28,6884,1
19,10306,1
28,10169,1
28,13563,1
28,2923,1
28,15773,1
28,2717,1
28,5692,1
28,11035,1
28,11560,1
28,10823,1
28,3872,1
28,3944,1
28,9675,1
28,13576,1
28,13562,1
28,11738,1
28,10168,1
28,15779,1
28,2251,1
28,11048,1
28,13558,1
28,13559,1
28,15776,1
28,11671,1
28,13551,1
28,10022,1
28,2623,1
28,13557,1
28,15032,1
28,15033,1
28,2924,1
28,9150,1
28,5513,1
28,11740,1
28,446,1
28,15777,1
28,10811,1
28,13564,1
28,13565,1
28,10812,1
28,11040,1
28,11762,1
28,11049,1
28,8438,1
28,3873,1
28,11764,1
28,13134,1
28,11739,1
28,2770,1
28,15778,1
28,4302,1
28,9624,1
28,3874,1
28,13560,1
28,13561,1
28,11042,1
28,3940,1
28,3941,1
28,3942,1
28,11034,1
28,13556,1
28,13550,1
28,2769,1
28,4112,1
28,9245,1
28,11734,1
28,5338,1
34,9508,1
28,9828,1
34,9510,1
34,9511,1
34,9512,1
34,10484,1
34,9513,1
34,9514,1
34,9515,1
34,6474,1
34,9516,1
34,9517,1
28,13552,1
28,3624,1
28,10189,1
34,9509,1
28,11036,1
28,13555,1
28,15775,1
28,13554,1
28,11763,1
28,10103,1
28,3213,1
28,2182,1
28,9246,1
28,4049,1
28,4007,1
28,9776,1
28,10083,1
28,11733,1
28,11559,1
28,6553,1
28,13549,1
28,4761,1
28,2604,1
28,5276,1
28,2608,1
28,11761,1
28,10808,1
34,9518,1
28,11735,1
28,11736,1
28,9829,1
28,13553,1
28,1646,1
28,508,1
28,509,1
28,8155,1
28,5617,1
28,5286,1
28,3130,1
28,13567,1
28,15784,1
28,4008,1
28,6895,1
28,6896,1
28,3623,1
28,2563,1
28,3645,1
28,3003,1
28,4810,1
28,10104,1
28,11766,1
28,3214,1
28,9151,1
28,4961,1
28,2771,1
28,2772,1
28,15780,1
28,1924,1
28,7273,1
28,13577,1
28,15785,1
28,6554,1
28,13574,1
28,3427,1
28,7272,1
28,15355,1
28,13569,1
28,13570,1
28,13571,1
28,13572,1
28,13573,1
28,9193,1
28,11555,1
28,2925,1
28,3945,1
28,4423,1
28,13575,1
28,15782,1
28,625,1
28,1915,1
28,9183,1
28,9184,1
28,15783,1
28,10813,1
28,5490,1
28,3110,1
28,1567,1
34,9499,1
34,9500,1
34,9501,1
34,9502,1
34,9503,1
34,10479,1
34,10480,1
34,10481,1
34,10482,1
34,10483,1
34,9504,1
34,9505,1
28,13568,1
28,5891,1
28,13566,1
28,8154,1
28,6618,1
28,7639,1
28,13478,1
28,13479,1
28,9832,1
28,4422,1
28,4759,1
28,4760,1
28,7753,1
28,7752,1
28,5890,1
28,15354,1
28,10824,1
28,896,1
28,9241,1
28,4809,1
28,1922,1
28,15781,1
28,2624,1
28,11765,1
34,9506,1
34,9507,1
28,10170,1
28,2427,1
34,9498,1
28,11039,1
28,8450,1
28,532,1
28,495,1
28,4651,1
28,538,1
28,530,1
28,1993,1
28,546,1
28,6619,1
28,4347,1
28,11037,1
28,4306,1
28,11038,1
12,2452,1
12,2143,1
12,2290,1
12,2291,1
12,2292,1
12,2037,1
12,2144,1
12,2145,1
12,2084,1
12,2226,1
12,2222,1
12,2446,1
25,1034,1
12,2040,1
12,2085,1
12,2135,1
12,2136,1
12,2450,1
12,2041,1
12,2523,1
12,2227,1
12,2137,1
12,2147,1
12,2294,1
12,2146,1
12,6552,1
12,2152,1
12,2217,1
12,2218,1
12,2284,1
12,2991,1
12,2281,1
12,2282,1
12,2223,1
12,2133,1
12,2132,1
12,2134,1
12,866,1
12,2083,1
12,2447,1
12,2035,1
12,1952,1
12,2034,1
12,1953,1
12,1947,1
12,2140,1
12,2289,1
12,2033,1
12,2141,1
12,2142,1
12,2015,1
12,2444,1
12,10110,1
12,2139,1
12,1951,1
12,1957,1
12,2086,1
12,2046,1
12,10439,1
12,2297,1
12,2090,1
12,2044,1
12,1956,1
12,2527,1
12,2045,1
12,2087,1
12,1891,1
12,1934,1
12,3986,1
12,2618,1
12,3727,1
12,2528,1
12,2047,1
12,2048,1
12,2766,1
12,2767,1
12,2666,1
12,2091,1
12,2667,1
12,2092,1
12,2453,1
12,1955,1
12,2298,1
12,2228,1
12,2296,1
12,6461,1
12,2038,1
12,2042,1
12,2043,1
12,1932,1
12,2151,1
12,2224,1
12,2526,1
12,4279,1
12,6907,1
12,2150,1
12,2089,1
12,10025,1
12,2230,1
12,2153,1
12,2088,1
12,833,1
12,7644,1
12,6908,1
12,2229,1
12,2148,1
12,1933,1
12,1954,1
12,2149,1
12,2295,1
12,2012,1
12,2288,1
12,2448,1
12,1946,1
12,2007,1
12,2082,1
29,15389,1
29,15390,1
29,15391,1
29,15392,1
29,15393,1
29,15394,1
12,2287,1
29,15396,1
29,15397,1
29,15398,1
29,15399,1
29,15400,1
29,15401,1
29,15402,1
29,15403,1
29,15375,1
29,15376,1
29,15377,1
29,15378,1
29,15379,1
29,15395,1
29,15431,1
29,15432,1
29,15433,1
29,15434,1
29,15435,1
29,15436,1
12,2009,1
29,15409,1
29,15410,1
29,15411,1
29,15412,1
29,15413,1
29,15414,1
12,2011,1
29,15416,1
29,15417,1
29,15418,1
29,15419,1
29,15420,1
29,15421,1
29,15404,1
29,15405,1
29,15406,1
29,15407,1
29,15408,1
12,2285,1
12,2010,1
29,15415,1
12,2522,1
12,2013,1
12,2014,1
12,2443,1
12,1398,1
12,1950,1
12,2039,1
12,2021,1
12,1931,1
12,2031,1
12,2026,1
12,2018,1
29,15380,1
12,1948,1
12,1832,1
12,3059,1
12,2131,1
12,2221,1
12,2025,1
12,2449,1
12,2028,1
12,2130,1
12,2029,1
12,2027,1
12,2451,1
12,2032,1
12,6460,1
29,15381,1
29,15382,1
29,15383,1
29,15384,1
29,15385,1
29,15386,1
29,15387,1
29,15388,1
12,2283,1
12,2220,1
12,1928,1
29,15363,1
29,15364,1
12,2138,1
29,15366,1
29,15367,1
29,15368,1
29,15369,1
29,15370,1
29,15371,1
29,15372,1
29,15373,1
29,15374,1
12,1831,1
12,1927,1
12,2225,1
12,2445,1
29,15365,1
35,9979,1
35,9946,1
35,9954,1
35,6715,1
35,9958,1
35,10318,1
35,9308,1
35,9307,1
35,9961,1
35,9298,1
35,10327,1
35,6714,1
12,2154,1
35,8956,1
35,10336,1
35,8306,1
35,5647,1
35,9953,1
35,8953,1
35,3982,1
35,8955,1
35,9944,1
35,9300,1
35,9299,1
35,7873,1
35,8302,1
35,9312,1
35,10367,1
35,9983,1
35,10368,1
35,9984,1
12,2161,1
12,2162,1
12,2163,1
12,2164,1
12,2165,1
12,2233,1
12,2234,1
12,2459,1
12,2232,1
35,9978,1
35,3049,1
35,4942,1
35,4943,1
35,9317,1
35,7875,1
35,9319,1
35,12351,1
35,7876,1
35,9323,1
35,9321,1
35,9324,1
35,9325,1
35,10358,1
12,4283,1
35,9915,1
12,2168,1
12,2316,1
12,2317,1
12,2318,1
12,2057,1
12,1960,1
12,1961,1
12,1855,1
12,2056,1
12,14333,1
12,2319,1
35,9945,1
12,2235,1
12,2058,1
12,2173,1
12,2061,1
12,2461,1
12,2097,1
12,1962,1
12,2313,1
12,2314,1
12,2060,1
12,2529,1
12,2171,1
12,2172,1
12,2460,1
35,4325,1
35,4067,1
35,9957,1
35,9934,1
35,8951,1
35,8949,1
35,10302,1
35,3111,1
35,3702,1
35,828,1
35,1903,1
35,6710,1
35,7872,1
35,9917,1
35,6712,1
35,9948,1
35,9949,1
35,9950,1
35,9947,1
35,9289,1
35,10288,1
35,8296,1
35,12090,1
35,8297,1
35,8947,1
35,8948,1
35,9292,1
35,6713,1
12,2095,1
12,2301,1
12,4383,1
12,4280,1
12,4281,1
12,2159,1
12,2993,1
12,2300,1
37,4019,1
37,4136,1
37,3903,1
12,2306,1
35,9982,1
12,2052,1
12,1959,1
12,2093,1
12,2308,1
12,2309,1
12,2094,1
12,2049,1
12,2302,1
12,2155,1
12,2454,1
12,2303,1
12,2304,1
12,2305,1
12,2457,1
12,2158,1
12,2293,1
37,3462,1
37,4024,1
37,3908,1
37,4022,1
37,4028,1
37,4029,1
37,2683,1
37,4401,1
37,4402,1
37,4403,1
37,3026,1
37,7468,1
37,4020,1
37,4023,1
37,4021,1
37,5625,1
37,4027,1
37,4919,1
12,2307,1
12,6909,1
12,2299,1
12,1935,1
12,2051,1
37,4399,1
37,4017,1
37,4025,1
18,4943,1
35,1733,1
35,2512,1
35,6611,1
35,1622,1
35,1744,1
35,2436,1
26,1611,1
26,5857,1
26,10036,1
12,4384,1
12,2169,1
12,2170,1
12,4282,1
12,2458,1
35,9985,1
35,9987,1
35,9988,1
31,10141,1
25,9832,1
21,2664,1
18,2760,1
18,6713,1
18,1743,1
18,4067,1
18,1744,1
35,9980,1
12,1908,1
12,2160,1
12,7621,1
11,6491,1
21,1890,1
12,2310,1
12,2455,1
12,2456,1
12,719,1
12,2768,1
12,2156,1
12,2157,1
12,2231,1
12,1958,1
18,4942,1
11,6490,1
12,1936,1
12,2050,1
12,2053,1
12,2096,1
12,1892,1
12,2054,1
12,2055,1
12,2620,1
12,2311,1
12,2312,1
12,2315,1
12,2166,1
26,10567,1
29,15726,1
29,15727,1
29,15728,1
29,15697,1
29,15698,1
29,15699,1
29,15700,1
29,15701,1
29,15702,1
29,15703,1
29,15704,1
29,15705,1
29,15430,1
29,15707,1
29,15708,1
29,15709,1
29,15710,1
29,15711,1
29,15712,1
29,15682,1
29,15683,1
29,15684,1
29,15685,1
29,15686,1
29,15687,1
29,15688,1
29,15706,1
29,15730,1
29,15731,1
29,15732,1
29,15733,1
29,15734,1
29,15735,1
29,15736,1
29,15737,1
29,15738,1
29,15739,1
29,15740,1
29,15741,1
29,15742,1
29,15725,1
29,15744,1
29,15713,1
29,15714,1
29,15715,1
29,15716,1
29,15717,1
29,15718,1
29,15719,1
29,15720,1
29,15721,1
29,15722,1
29,15723,1
29,15724,1
29,15743,1
29,15658,1
29,15659,1
29,15660,1
29,15661,1
29,15662,1
29,15663,1
29,15664,1
29,15665,1
29,15666,1
29,15637,1
29,15638,1
29,15639,1
29,15689,1
29,15641,1
29,15642,1
29,15643,1
29,15644,1
29,15645,1
29,15646,1
29,15647,1
29,15648,1
29,15649,1
29,15650,1
29,15651,1
29,15626,1
29,15627,1
29,15640,1
29,15690,1
29,15691,1
29,15692,1
29,15693,1
29,15694,1
29,15695,1
29,15696,1
29,15667,1
29,15668,1
29,15669,1
29,15670,1
29,15671,1
29,15672,1
29,15657,1
29,15674,1
29,15675,1
29,15676,1
29,15677,1
29,15678,1
29,15679,1
29,15680,1
29,15681,1
29,15652,1
29,15653,1
29,15654,1
29,15655,1
29,15656,1
29,15673,1
34,15419,1
34,15420,1
34,15421,1
34,15422,1
34,15423,1
34,15424,1
34,15425,1
34,15426,1
34,15427,1
34,15397,1
34,15398,1
34,15399,1
29,15729,1
34,15401,1
34,15402,1
34,15403,1
34,15404,1
34,15405,1
34,15406,1
34,15407,1
34,15408,1
34,15409,1
34,15410,1
34,15411,1
34,15383,1
34,15384,1
34,15400,1
34,15437,1
34,15438,1
34,15439,1
34,15440,1
34,15441,1
34,15442,1
34,15428,1
34,15429,1
34,15430,1
12,2001,1
12,1994,1
12,1999,1
12,2279,1
34,15418,1
12,1997,1
12,2520,1
12,1998,1
12,2004,1
12,2005,1
12,1945,1
12,2128,1
34,15412,1
34,15413,1
34,15414,1
34,15415,1
34,15416,1
34,15417,1
12,1661,1
29,15748,1
29,15749,1
29,15750,1
29,15751,1
29,15752,1
29,15753,1
29,15754,1
29,15755,1
34,15363,1
34,15364,1
34,15365,1
34,15366,1
34,15367,1
34,15385,1
29,15746,1
29,15747,1
12,2280,1
12,2080,1
12,2000,1
12,2439,1
12,2442,1
12,2219,1
12,2017,1
12,2438,1
12,2440,1
12,2002,1
12,2441,1
29,15745,1
34,15386,1
34,15387,1
34,15388,1
34,15389,1
34,15390,1
34,15391,1
34,15392,1
34,15393,1
34,15394,1
34,15395,1
34,15396,1
34,15368,1
34,15369,1
12,2521,1
34,15371,1
34,15372,1
34,15373,1
34,15374,1
34,15375,1
34,15376,1
34,15377,1
34,15378,1
34,15379,1
34,15380,1
34,15381,1
34,15382,1
12,2286,1
34,15370,1
29,15520,1
29,15521,1
29,15522,1
29,15493,1
29,15494,1
29,15495,1
29,15496,1
29,15497,1
29,15498,1
29,15499,1
29,15500,1
29,15501,1
29,15628,1
29,15503,1
29,15504,1
29,15505,1
29,15506,1
29,15481,1
29,15482,1
29,15483,1
29,15484,1
29,15485,1
29,15486,1
29,15487,1
29,15488,1
29,15489,1
29,15502,1
29,15523,1
12,2129,1
12,2081,1
12,2006,1
12,2008,1
12,2036,1
12,2020,1
12,1930,1
12,2019,1
12,2022,1
12,1571,1
12,2023,1
12,1929,1
29,15519,1
12,2024,1
29,15507,1
29,15508,1
29,15509,1
29,15510,1
29,15511,1
29,15512,1
29,15513,1
29,15514,1
29,15515,1
29,15516,1
29,15517,1
29,15518,1
12,2030,1
29,15465,1
29,15466,1
29,15467,1
29,15437,1
29,15438,1
29,15439,1
29,15440,1
29,15441,1
29,15442,1
29,15443,1
29,15444,1
29,15445,1
29,15490,1
29,15447,1
29,15448,1
29,15449,1
29,15450,1
29,15451,1
29,15422,1
29,15423,1
29,15424,1
29,15425,1
29,15426,1
29,15427,1
29,15428,1
29,15429,1
29,15446,1
29,15491,1
29,15492,1
29,15468,1
29,15469,1
29,15470,1
29,15471,1
29,15472,1
29,15473,1
29,15474,1
29,15475,1
29,15476,1
29,15477,1
29,15478,1
29,15464,1
29,15480,1
29,15452,1
29,15453,1
29,15454,1
29,15455,1
29,15456,1
29,15457,1
29,15458,1
29,15459,1
29,15460,1
29,15461,1
29,15462,1
29,15463,1
29,15479,1
29,15603,1
29,15604,1
29,15605,1
29,15606,1
29,15607,1
29,15608,1
29,15609,1
29,15610,1
29,15611,1
29,15583,1
29,15584,1
29,15585,1
29,15537,1
29,15587,1
29,15588,1
29,15589,1
29,15590,1
29,15591,1
29,15592,1
29,15593,1
29,15594,1
29,15595,1
29,15596,1
29,15569,1
29,15570,1
29,15571,1
29,15586,1
29,15629,1
29,15630,1
29,15631,1
29,15632,1
29,15633,1
29,15634,1
29,15635,1
29,15636,1
29,15612,1
29,15613,1
29,15614,1
29,15615,1
29,15616,1
29,15602,1
29,15618,1
29,15619,1
29,15620,1
29,15621,1
29,15622,1
29,15623,1
29,15624,1
29,15625,1
29,15597,1
29,15598,1
29,15599,1
29,15600,1
29,15601,1
29,15617,1
29,15540,1
29,15541,1
29,15542,1
29,15543,1
29,15544,1
29,15545,1
29,15546,1
29,15547,1
29,15548,1
29,15549,1
29,15550,1
29,15551,1
29,15552,1
29,15572,1
29,15524,1
29,15525,1
29,15526,1
29,15527,1
29,15528,1
29,15529,1
29,15530,1
29,15531,1
29,15532,1
29,15533,1
29,15534,1
29,15535,1
29,15536,1
12,14235,1
29,15573,1
29,15574,1
29,15575,1
29,15576,1
29,15577,1
29,15578,1
29,15579,1
29,15580,1
29,15581,1
29,15582,1
29,15553,1
29,15554,1
29,15555,1
29,15539,1
29,15557,1
29,15558,1
29,15559,1
29,15560,1
29,15561,1
29,15562,1
29,15563,1
29,15564,1
29,15565,1
29,15566,1
29,15567,1
29,15568,1
29,15538,1
29,15556,1
29,4144,1
29,3268,1
7,14131,1
7,14129,1
7,4790,1
7,6450,1
7,14128,1
29,3242,1
7,14135,1
7,12375,1
7,5279,1
7,6445,1
12,2167,1
7,14130,1
7,3094,1
7,14133,1
7,15055,1
7,4954,1
7,14134,1
9,14129,1
9,14128,1
9,14132,1
9,14130,1
9,14135,1
9,14131,1
9,14133,1
7,14132,1
29,253,1
7,2433,1
29,3468,1
29,3470,1
29,3484,1
29,3246,1
29,3253,1
29,3250,1
29,3472,1
29,3638,1
29,3467,1
29,3249,1
29,3469,1
29,4784,1
29,3471,1
29,4733,1
29,4732,1
29,3243,1
29,4731,1
29,4030,1
29,2604,1
29,3465,1
29,3464,1
29,3932,1
29,3245,1
29,3466,1
29,3244,1
29,3251,1
11,993,1
11,2615,1
11,1063,1
11,1081,1
11,1082,1
11,1250,1
11,1066,1
11,1068,1
11,1069,1
11,1853,1
11,1548,1
11,1007,1
9,15055,1
11,1093,1
11,1094,1
11,1001,1
11,1460,1
11,1078,1
11,1073,1
11,904,1
11,1106,1
11,1426,1
11,1427,1
11,1428,1
11,1259,1
11,1257,1
11,1087,1
9,14134,1
19,14132,1
19,14130,1
19,14129,1
19,14128,1
19,14134,1
19,14135,1
19,12375,1
19,14131,1
19,14133,1
19,15055,1
11,1158,1
11,984,1
11,1067,1
11,987,1
11,1249,1
11,989,1
11,1062,1
11,986,1
11,1060,1
11,990,1
11,805,1
11,1564,1
11,995,1
11,2208,1
11,1699,1
11,1251,1
11,713,1
29,4035,1
29,3482,1
29,3934,1
29,3256,1
29,172,1
29,3167,1
29,3166,1
29,3257,1
29,4037,1
29,4160,1
29,4156,1
29,5468,1
29,4159,1
29,3094,1
29,3479,1
29,4150,1
29,3271,1
29,4157,1
29,3487,1
29,10160,1
29,3293,1
29,3264,1
29,3273,1
29,4039,1
29,3274,1
29,3267,1
29,5469,1
29,3483,1
29,4036,1
29,3476,1
29,3283,1
29,3168,1
29,3285,1
29,3639,1
29,3977,1
29,3279,1
29,3284,1
29,3486,1
29,3276,1
29,4738,1
29,3481,1
29,3313,1
29,3314,1
29,3298,1
29,3280,1
29,3269,1
29,3270,1
29,3265,1
9,744,1
9,2985,1
9,3943,1
9,2074,1
29,291,1
29,4146,1
29,3477,1
29,3254,1
29,824,1
29,4404,1
29,3478,1
29,3259,1
29,405,1
29,294,1
29,4405,1
7,5679,1
29,4293,1
29,4033,1
29,185,1
29,3473,1
29,3290,1
29,4031,1
29,3248,1
29,3252,1
29,3297,1
29,3474,1
29,3260,1
29,4032,1
29,3261,1
29,3262,1
29,3263,1
29,6306,1
29,3247,1
29,4158,1
29,3275,1
29,4038,1
29,4149,1
29,4034,1
29,4040,1
29,4148,1
29,4154,1
29,4145,1
29,4152,1
29,151,1
29,3272,1
29,4147,1
29,3266,1
29,4737,1
29,3475,1
29,3258,1
29,4736,1
29,4901,1
29,3255,1
29,4734,1
29,4735,1
29,3640,1
29,4155,1
29,4153,1
29,4163,1
29,219,1
29,3287,1
24,13145,1
29,3480,1
2,7001,1
2,8112,1
2,8116,1
2,7706,1
2,6992,1
2,2608,1
2,8113,1
2,7697,1
2,6993,1
2,6994,1
2,6995,1
2,8110,1
11,1258,1
2,6596,1
2,8114,1
2,7704,1
2,6991,1
2,6172,1
2,7712,1
2,6594,1
2,7698,1
2,7699,1
2,7700,1
2,7701,1
2,7702,1
2,6998,1
2,8111,1
2,7709,1
2,7710,1
2,7003,1
2,7005,1
2,7006,1
2,7007,1
2,7002,1
2,6598,1
2,6599,1
2,7708,1
2,6177,1
2,7703,1
2,6997,1
2,7705,1
2,6173,1
2,8117,1
2,8118,1
2,7711,1
2,5621,1
2,6174,1
2,6175,1
2,6176,1
2,8119,1
2,7720,1
2,6999,1
2,7000,1
2,6597,1
2,6996,1
2,6981,1
2,6168,1
2,6983,1
2,6589,1
2,6590,1
11,1374,1
11,1429,1
2,5872,1
2,13176,1
2,13177,1
2,13178,1
2,8523,1
2,6976,1
2,7693,1
2,8105,1
2,8103,1
2,15056,1
2,832,1
2,6162,1
2,6985,1
2,8109,1
2,6165,1
2,5873,1
2,7696,1
2,8108,1
2,8106,1
2,8102,1
2,6979,1
2,6980,1
2,6982,1
2,6170,1
2,6593,1
2,6989,1
2,6990,1
2,5869,1
2,5874,1
2,13180,1
2,13181,1
2,6595,1
2,6984,1
2,6161,1
2,6986,1
2,6987,1
2,6588,1
2,15057,1
2,6169,1
2,6591,1
2,7691,1
2,7694,1
2,6988,1
2,6978,1
2,9726,1
2,6160,1
2,6159,1
2,6975,1
2,5864,1
2,6604,1
2,7026,1
2,7731,1
2,6186,1
2,6187,1
2,6188,1
2,8528,1
2,7726,1
2,7727,1
2,8137,1
2,6602,1
2,7707,1
2,8138,1
2,7729,1
2,7730,1
2,7728,1
2,7021,1
2,9727,1
2,7022,1
2,6185,1
2,11002,1
2,11003,1
2,8132,1
2,8133,1
2,9189,1
2,7020,1
11,1373,1
11,1018,1
11,1019,1
11,1811,1
2,8143,1
2,8144,1
2,8145,1
2,6608,1
2,6190,1
2,6191,1
2,4764,1
2,6605,1
2,6606,1
2,8142,1
2,6607,1
2,5878,1
2,8139,1
2,6189,1
2,6603,1
2,5877,1
2,7023,1
2,8140,1
2,7024,1
2,7025,1
2,9728,1
2,8529,1
2,8141,1
2,7732,1
2,8120,1
2,8121,1
2,8122,1
2,4726,1
2,7714,1
2,7715,1
2,7716,1
2,7717,1
2,7721,1
2,7722,1
2,7010,1
2,13182,1
2,7008,1
2,8135,1
2,6181,1
2,8128,1
2,7009,1
2,7718,1
2,7719,1
2,6178,1
2,6179,1
2,7004,1
2,6180,1
2,8526,1
2,8123,1
2,8124,1
2,5876,1
2,6600,1
2,6601,1
2,7016,1
2,7015,1
2,7723,1
2,7017,1
2,8134,1
2,8136,1
2,7018,1
2,7019,1
2,7011,1
2,7014,1
2,7013,1
2,6183,1
2,6182,1
2,7713,1
2,8129,1
2,8130,1
2,7012,1
2,8527,1
2,5875,1
2,12410,1
2,7724,1
2,7725,1
2,8131,1
2,8125,1
2,8126,1
2,8127,1
2,6184,1
6,6823,1
22,3392,1
22,5201,1
22,4778,1
22,3393,1
22,4255,1
6,8335,1
6,7570,1
6,7582,1
6,8337,1
22,4247,1
22,4776,1
29,3485,1
22,13466,1
6,15042,1
6,15043,1
6,8343,1
22,4774,1
22,3389,1
22,3390,1
22,4773,1
6,6715,1
22,3974,1
22,3975,1
6,15041,1
6,7931,1
22,4775,1
35,13479,1
35,15355,1
35,9830,1
6,460,1
6,1567,1
35,11733,1
12,6004,1
26,4954,1
6,495,1
6,8330,1
6,7889,1
6,8329,1
22,4783,1
22,4782,1
12,3122,1
12,3419,1
12,3123,1
12,3420,1
12,2990,1
6,7578,1
6,7898,1
22,4256,1
22,3394,1
22,4780,1
22,4259,1
22,4781,1
22,4307,1
10,735,1
29,3374,1
29,3532,1
29,3377,1
29,3376,1
29,3378,1
29,3533,1
29,3534,1
29,4296,1
29,3379,1
29,3381,1
29,5862,1
29,4755,1
2,13466,1
29,3363,1
29,3364,1
29,3365,1
29,3366,1
29,3362,1
29,4188,1
29,3371,1
29,3361,1
29,3531,1
29,3369,1
29,3370,1
29,5863,1
29,5637,1
29,3180,1
6,7974,1
6,7966,1
6,7973,1
6,14136,1
6,14137,1
21,510,1
21,1550,1
21,10567,1
14,8505,1
35,5276,1
21,5857,1
21,10036,1
25,5638,1
29,3373,1
9,10060,1
29,3535,1
29,3380,1
29,4189,1
29,4190,1
29,3536,1
29,3382,1
29,237,1
29,152,1
29,3375,1
29,3372,1
29,3367,1
29,3368,1
9,10057,1
12,2065,1
12,2174,1
12,2066,1
12,2322,1
12,2469,1
12,2099,1
12,2464,1
12,4285,1
12,2326,1
12,2325,1
12,2328,1
12,2327,1
35,1108,1
12,2466,1
12,2236,1
12,2237,1
12,2467,1
12,2100,1
12,2468,1
35,1157,1
35,1160,1
35,948,1
22,12217,1
6,10006,1
12,2470,1
12,2067,1
12,2465,1
12,2059,1
12,4385,1
12,4386,1
12,4284,1
12,2463,1
12,1815,1
12,1816,1
12,2321,1
12,14237,1
12,1814,1
12,2555,1
12,1964,1
12,2462,1
12,12266,1
12,2062,1
12,2320,1
12,2063,1
12,1963,1
12,2323,1
12,2175,1
12,2176,1
12,10112,1
12,2324,1
12,5119,1
12,2177,1
12,10111,1
12,2064,1
12,2098,1
35,1161,1
35,1061,1
35,1162,1
35,832,1
35,556,1
35,954,1
35,1113,1
35,1114,1
35,520,1
35,1028,1
35,1128,1
35,1031,1
35,1032,1
12,2068,1
35,524,1
35,994,1
35,522,1
35,484,1
35,1177,1
35,1098,1
35,1097,1
35,1191,1
35,1194,1
35,1104,1
35,1112,1
35,969,1
35,970,1
35,959,1
12,2329,1
22,12215,1
22,12216,1
22,10006,1
35,955,1
35,956,1
35,1163,1
35,1064,1
35,1164,1
35,916,1
35,1154,1
35,740,1
35,1155,1
35,950,1
35,925,1
35,947,1
35,1059,1
35,915,1
35,1158,1
35,963,1
35,1088,1
35,1003,1
35,965,1
35,1190,1
35,967,1
35,1095,1
35,949,1
35,1057,1
29,5922,1
29,5923,1
29,4290,1
29,385,1
29,386,1
10,2601,1
29,3488,1
29,3291,1
29,3493,1
29,3308,1
29,4406,1
29,3496,1
29,3351,1
29,458,1
29,3296,1
29,3641,1
29,3095,1
29,3495,1
29,5861,1
29,6916,1
29,4740,1
29,4289,1
29,3288,1
29,5614,1
29,3299,1
29,1622,1
29,3494,1
29,3499,1
10,3090,1
29,3300,1
29,4288,1
29,230,1
29,4291,1
29,4292,1
29,3303,1
29,3304,1
29,3305,1
29,3306,1
29,3307,1
29,3315,1
29,3317,1
29,3312,1
29,2960,1
29,3503,1
29,3498,1
29,4744,1
29,4178,1
29,4175,1
29,3316,1
29,3289,1
29,4048,1
29,4046,1
29,3323,1
29,2959,1
29,4747,1
29,4042,1
29,4041,1
29,4170,1
29,4741,1
29,4742,1
29,4173,1
29,4174,1
29,3933,1
29,3286,1
29,3292,1
29,4177,1
29,4165,1
29,3492,1
29,4166,1
29,4167,1
29,3169,1
29,4168,1
29,4169,1
29,3294,1
29,4045,1
29,1654,1
29,4739,1
29,3309,1
29,4044,1
29,3278,1
29,3277,1
29,3171,1
29,3295,1
29,3490,1
29,3491,1
10,2600,1
29,4176,1
29,4743,1
29,3311,1
29,6305,1
29,6307,1
29,7465,1
29,4164,1
29,3489,1
29,3301,1
29,4043,1
29,3172,1
29,3281,1
29,3302,1
29,3282,1
29,3642,1
29,1479,1
29,4172,1
29,3173,1
29,5921,1
29,4151,1
29,4171,1
29,4161,1
29,4162,1
29,3310,1
29,3523,1
29,3524,1
29,3520,1
29,5113,1
29,3178,1
29,3347,1
29,3177,1
29,3936,1
29,3348,1
29,3521,1
29,3522,1
29,3179,1
29,284,1
29,4750,1
29,3352,1
29,3516,1
29,3517,1
29,3518,1
29,3331,1
29,3332,1
29,3333,1
29,3334,1
29,3335,1
29,3326,1
29,3327,1
29,3328,1
29,4183,1
29,3357,1
29,247,1
29,3937,1
29,3356,1
29,3354,1
29,3358,1
29,3359,1
29,3529,1
29,3530,1
29,4186,1
29,3526,1
29,4187,1
29,1577,1
29,4754,1
29,3360,1
29,3519,1
29,3349,1
29,4184,1
29,3343,1
29,3344,1
29,3355,1
29,3350,1
29,3353,1
29,3525,1
29,3527,1
29,3528,1
29,4185,1
29,5114,1
29,3329,1
29,3339,1
29,3509,1
29,3510,1
10,3091,1
29,3500,1
29,3501,1
29,3504,1
29,167,1
29,4749,1
29,3318,1
29,4181,1
29,4179,1
29,3336,1
29,3497,1
29,4294,1
29,3320,1
29,3324,1
29,3325,1
29,3319,1
29,4745,1
29,3502,1
29,3506,1
29,4746,1
29,4748,1
29,15332,1
29,7466,1
29,4180,1
29,3345,1
29,3346,1
29,3175,1
29,3176,1
29,3505,1
29,3511,1
29,3513,1
29,3514,1
29,3515,1
29,4785,1
29,4182,1
29,4751,1
29,3512,1
29,3507,1
29,88,1
29,3330,1
29,4752,1
29,4753,1
29,3321,1
29,3322,1
29,3340,1
29,3341,1
29,3342,1
29,246,1
29,3337,1
29,3338,1
29,3174,1
29,3508,1
1,15393,1
1,15394,1
1,15395,1
1,15396,1
1,15397,1
1,15373,1
1,15374,1
1,15375,1
1,15376,1
1,15377,1
1,15378,1
1,15379,1
34,15436,1
1,15381,1
1,15382,1
1,15383,1
19,2574,1
19,2596,1
35,510,1
2,15752,1
2,15753,1
2,15754,1
2,15755,1
1,15364,1
1,15363,1
1,15365,1
1,15380,1
1,15416,1
1,15417,1
1,15418,1
1,15419,1
1,15420,1
1,15421,1
1,15422,1
1,15398,1
1,15399,1
1,15400,1
1,15401,1
1,15402,1
1,15403,1
1,15392,1
1,15405,1
1,15406,1
1,15407,1
1,15408,1
19,2683,1
1,15384,1
1,15385,1
1,15386,1
1,15387,1
1,15388,1
1,15389,1
1,15390,1
1,15391,1
1,15404,1
2,15729,1
2,15730,1
2,15731,1
2,15732,1
2,15733,1
2,15734,1
2,15735,1
2,15736,1
2,15737,1
35,851,1
35,852,1
2,15708,1
1,15366,1
2,15710,1
2,15711,1
2,15712,1
2,15713,1
2,15714,1
2,15715,1
2,15716,1
2,15717,1
2,15718,1
2,15719,1
2,15720,1
2,15721,1
2,15693,1
2,15709,1
1,15367,1
1,15368,1
1,15369,1
1,15370,1
1,15371,1
1,15372,1
2,15738,1
2,15739,1
2,15740,1
2,15741,1
2,15742,1
2,15743,1
2,15744,1
2,15728,1
2,15746,1
2,15747,1
2,15748,1
2,15749,1
2,15750,1
2,15751,1
35,538,1
2,15722,1
2,15723,1
2,15724,1
2,15725,1
2,15726,1
2,15727,1
2,15745,1
1,15510,1
1,15511,1
1,15483,1
1,15484,1
1,15485,1
1,15486,1
1,15487,1
1,15488,1
1,15489,1
1,15490,1
1,15491,1
1,15492,1
1,15415,1
1,15494,1
1,15495,1
1,15472,1
1,15473,1
1,15474,1
1,15475,1
1,15476,1
1,15477,1
1,15478,1
1,15479,1
1,15480,1
1,15481,1
1,15482,1
1,15493,1
1,15513,1
1,15514,1
1,15515,1
1,15516,1
1,15517,1
1,15518,1
1,15519,1
1,15520,1
1,15521,1
1,15522,1
1,15523,1
1,15524,1
1,15525,1
1,15509,1
1,15496,1
1,15497,1
1,15498,1
1,15499,1
1,15500,1
1,15501,1
1,15502,1
1,15503,1
1,15504,1
1,15505,1
1,15506,1
1,15507,1
1,15508,1
1,15526,1
1,15448,1
1,15449,1
1,15450,1
1,15451,1
1,15452,1
1,15423,1
1,15424,1
1,15425,1
1,15426,1
1,15427,1
1,15428,1
1,15429,1
1,15468,1
1,15431,1
1,15432,1
1,15433,1
1,15434,1
1,15435,1
1,15436,1
1,15437,1
1,15409,1
1,15410,1
1,15411,1
1,15412,1
1,15413,1
1,15414,1
1,15430,1
1,15469,1
1,15470,1
1,15471,1
1,15453,1
1,15454,1
1,15455,1
1,15456,1
1,15457,1
1,15458,1
1,15459,1
1,15460,1
1,15461,1
1,15462,1
1,15447,1
1,15464,1
1,15465,1
1,15466,1
1,15467,1
1,15438,1
1,15439,1
1,15440,1
1,15441,1
1,15442,1
1,15443,1
1,15444,1
1,15445,1
1,15446,1
1,15463,1
2,15582,1
2,15583,1
2,15584,1
2,15555,1
2,15556,1
2,15557,1
2,15558,1
2,15559,1
2,15560,1
2,15561,1
2,15562,1
2,15563,1
2,15694,1
2,15565,1
2,15566,1
2,15567,1
2,15568,1
2,15569,1
2,15570,1
2,15539,1
2,15540,1
2,15541,1
2,15542,1
2,15543,1
2,15544,1
2,15545,1
2,15564,1
2,15610,1
2,15611,1
2,15612,1
2,15585,1
2,15586,1
2,15587,1
2,15588,1
2,15589,1
2,15590,1
2,15591,1
2,15592,1
2,15593,1
2,15594,1
2,15581,1
2,15596,1
2,15597,1
2,15598,1
2,15571,1
2,15572,1
2,15573,1
2,15574,1
2,15575,1
2,15576,1
2,15577,1
2,15578,1
2,15579,1
2,15580,1
2,15595,1
2,15517,1
2,15518,1
2,15519,1
2,15520,1
2,15521,1
2,15522,1
2,15523,1
2,15524,1
2,15525,1
2,15526,1
2,10273,1
35,12653,1
2,15546,1
2,15499,1
2,15500,1
2,15501,1
2,15502,1
2,15503,1
2,15504,1
2,15505,1
2,15506,1
2,15507,1
2,15508,1
2,15509,1
2,15510,1
2,15511,1
2,15498,1
2,15547,1
2,15548,1
2,15549,1
2,15550,1
2,15551,1
2,15552,1
2,15553,1
2,15554,1
35,873,1
35,874,1
35,875,1
2,15527,1
2,15528,1
2,15516,1
2,15530,1
2,15531,1
2,15532,1
2,15533,1
2,15534,1
2,15535,1
2,15536,1
2,15537,1
2,15538,1
2,15512,1
2,15513,1
2,15514,1
2,15515,1
2,15529,1
2,15692,1
2,15669,1
2,15670,1
2,15671,1
2,15672,1
2,15673,1
2,15674,1
2,15675,1
2,15676,1
2,15677,1
2,15678,1
35,5060,1
2,15609,1
35,872,1
35,11560,1
35,10084,1
2,15654,1
2,15655,1
2,15656,1
2,15657,1
2,15658,1
2,15659,1
2,15660,1
2,15661,1
2,15662,1
2,15663,1
35,6064,1
2,15695,1
2,15696,1
2,15697,1
2,15698,1
2,15699,1
2,15700,1
2,15701,1
2,15702,1
2,15703,1
2,15704,1
2,15705,1
2,15706,1
2,15707,1
2,15691,1
35,853,1
2,15679,1
2,15680,1
2,15681,1
2,15682,1
2,15683,1
2,15684,1
2,15685,1
2,15686,1
2,15687,1
2,15688,1
2,15689,1
2,15690,1
35,871,1
2,15637,1
2,15638,1
2,15613,1
2,15614,1
2,15615,1
2,15616,1
2,15617,1
2,15618,1
2,15619,1
2,15620,1
2,15621,1
2,15622,1
2,15623,1
2,15664,1
2,15625,1
2,15626,1
2,15627,1
2,15599,1
2,15600,1
2,15601,1
2,15602,1
2,15603,1
2,15604,1
2,15605,1
2,15606,1
2,15607,1
2,15608,1
2,15624,1
2,15665,1
2,15666,1
2,15667,1
2,15668,1
2,15639,1
2,15640,1
2,15641,1
2,15642,1
2,15643,1
2,15644,1
2,15645,1
2,15646,1
2,15647,1
2,15636,1
2,15649,1
2,15650,1
2,15651,1
2,15652,1
2,15653,1
2,15628,1
2,15629,1
2,15630,1
2,15631,1
2,15632,1
2,15633,1
2,15634,1
2,15635,1
2,15648,1
35,15278,1
35,15279,1
35,15280,1
35,15281,1
35,9644,1
35,1580,1
35,15275,1
35,15276,1
35,2986,1
35,15271,1
35,8466,1
35,15272,1
1,15512,1
35,9641,1
35,4896,1
35,15274,1
35,2487,1
35,3126,1
35,15267,1
35,15268,1
35,15269,1
35,15270,1
35,9161,1
35,9160,1
10,9161,1
10,9160,1
35,15273,1
35,15295,1
35,15296,1
17,2997,1
17,3000,1
17,3001,1
17,3002,1
17,2998,1
17,2999,1
17,3989,1
35,2126,1
35,4565,1
35,2433,1
35,15284,1
35,15277,1
35,15286,1
35,15287,1
35,15288,1
35,15289,1
17,3988,1
17,3423,1
17,2917,1
35,9725,1
35,3121,1
35,15282,1
35,15283,1
35,6008,1
35,4117,1
35,15285,1
9,8414,1
9,8415,1
9,3612,1
9,8381,1
9,8380,1
9,8372,1
9,8387,1
9,8373,1
9,8374,1
9,3614,1
9,7992,1
14,13376,1
35,15266,1
24,4907,1
24,10784,1
24,10401,1
24,10402,1
24,10403,1
1,15748,1
1,15749,1
1,15750,1
1,15751,1
1,15752,1
1,15753,1
1,15754,1
1,15755,1
24,10829,1
32,8147,1
32,15759,1
32,11654,1
32,11649,1
32,10793,1
32,11656,1
32,11658,1
32,11643,1
32,10791,1
32,11648,1
32,10792,1
16,642,1
3,1938,1
9,3617,1
9,3619,1
9,8419,1
9,8420,1
9,8421,1
9,4006,1
9,3621,1
9,8422,1
25,1830,1
9,8404,1
9,8405,1
9,8406,1
9,8407,1
9,8408,1
9,3618,1
14,2008,1
14,2036,1
14,2020,1
14,2004,1
14,1997,1
14,2520,1
14,2080,1
14,2521,1
14,2439,1
14,2440,1
14,2441,1
14,2129,1
35,15294,1
14,2130,1
14,2003,1
14,2442,1
14,2991,1
14,2281,1
14,893,1
14,2279,1
14,1995,1
14,1996,1
14,1661,1
14,2000,1
14,1998,1
14,1994,1
14,2006,1
14,2135,1
14,2136,1
14,2288,1
14,2019,1
14,2022,1
14,2023,1
14,1929,1
14,2030,1
14,2024,1
14,2016,1
14,2219,1
14,2017,1
14,2002,1
14,2133,1
14,2082,1
14,2220,1
14,2285,1
14,2282,1
14,2131,1
14,2283,1
14,4566,1
14,2081,1
14,2132,1
14,1831,1
14,2217,1
14,2218,1
14,2284,1
14,2286,1
35,15308,1
35,9651,1
35,15309,1
17,2992,1
35,9649,1
35,9650,1
35,15302,1
35,15303,1
35,15304,1
35,15305,1
17,3986,1
17,3727,1
17,3728,1
14,2280,1
17,2996,1
35,15297,1
35,15298,1
35,15299,1
35,15300,1
35,15301,1
17,2994,1
35,3218,1
35,15290,1
35,9646,1
35,15291,1
35,15292,1
35,15293,1
17,2995,1
14,1999,1
14,2128,1
14,2438,1
14,2001,1
18,532,1
18,510,1
18,530,1
18,625,1
14,817,1
14,1701,1
14,1925,1
14,2215,1
17,4566,1
35,15307,1
35,15316,1
35,7642,1
17,4341,1
17,1767,1
17,3058,1
35,15310,1
35,15311,1
35,15312,1
35,15313,1
35,15314,1
35,15315,1
17,3987,1
35,15306,1
35,4791,1
1,15610,1
1,15611,1
1,15612,1
1,15613,1
1,15614,1
1,15615,1
1,15588,1
1,15589,1
1,15590,1
1,15591,1
1,15592,1
1,15593,1
1,15738,1
1,15595,1
1,15596,1
1,15597,1
1,15598,1
1,15599,1
1,15600,1
1,15601,1
1,15574,1
1,15575,1
1,15576,1
1,15577,1
1,15578,1
1,15579,1
1,15594,1
1,15642,1
1,15643,1
1,15644,1
1,15620,1
1,15621,1
1,15622,1
1,15623,1
1,15624,1
1,15625,1
1,15626,1
1,15627,1
1,15628,1
1,15629,1
1,15609,1
1,15631,1
1,15632,1
1,15616,1
1,15617,1
1,15618,1
1,15619,1
1,15602,1
1,15603,1
1,15604,1
1,15605,1
1,15606,1
1,15607,1
1,15608,1
1,15630,1
1,15547,1
1,15548,1
1,15549,1
1,15550,1
1,15551,1
1,15552,1
1,15553,1
1,15554,1
1,15555,1
1,15556,1
1,15557,1
1,15527,1
1,15580,1
1,15529,1
1,15530,1
1,15531,1
1,15532,1
1,15533,1
1,15534,1
1,15535,1
1,15536,1
1,15537,1
1,15538,1
1,15539,1
1,15540,1
1,15541,1
1,15528,1
1,15581,1
1,15582,1
1,15583,1
1,15584,1
1,15585,1
1,15586,1
1,15587,1
1,15558,1
1,15559,1
1,15560,1
1,15561,1
1,15562,1
1,15563,1
1,15546,1
1,15565,1
1,15566,1
1,15567,1
1,15568,1
1,15569,1
1,15570,1
1,15571,1
1,15572,1
1,15573,1
1,15542,1
1,15543,1
1,15544,1
1,15545,1
1,15564,1
1,15709,1
1,15710,1
1,15711,1
1,15712,1
1,15713,1
1,15714,1
1,15715,1
1,15716,1
1,15717,1
1,15718,1
1,15719,1
1,15720,1
1,15641,1
1,15690,1
1,15691,1
1,15692,1
1,15693,1
1,15694,1
1,15695,1
1,15696,1
1,15697,1
1,15698,1
1,15699,1
1,15700,1
1,15701,1
1,15702,1
1,15721,1
1,15739,1
1,15740,1
1,15741,1
1,15742,1
1,15743,1
1,15744,1
1,15745,1
1,15746,1
1,15747,1
1,15722,1
1,15723,1
1,15724,1
1,15725,1
1,15708,1
1,15727,1
1,15728,1
1,15729,1
1,15730,1
1,15731,1
1,15732,1
1,15733,1
1,15734,1
1,15735,1
1,15736,1
1,15737,1
1,15706,1
1,15707,1
1,15726,1
1,15673,1
1,15674,1
1,15675,1
1,15645,1
1,15646,1
1,15647,1
1,15648,1
1,15649,1
1,15650,1
1,15651,1
1,15652,1
1,15653,1
1,15654,1
1,15703,1
1,15656,1
1,15657,1
1,15658,1
1,15659,1
1,15660,1
1,15633,1
1,15634,1
1,15635,1
1,15636,1
1,15637,1
1,15638,1
1,15639,1
1,15640,1
1,15655,1
1,15704,1
1,15705,1
1,15676,1
1,15677,1
1,15678,1
1,15679,1
1,15680,1
1,15681,1
1,15682,1
1,15683,1
1,15684,1
1,15685,1
1,15686,1
1,15672,1
1,15688,1
1,15689,1
1,15661,1
1,15662,1
1,15663,1
1,15664,1
1,15665,1
1,15666,1
1,15667,1
1,15668,1
1,15669,1
1,15670,1
1,15671,1
1,15687,1
34,15733,1
34,15734,1
34,15703,1
34,15704,1
34,15705,1
34,15706,1
34,15707,1
34,15708,1
34,15709,1
34,15710,1
34,15711,1
34,15712,1
2,15487,1
34,15714,1
34,15715,1
34,15716,1
34,15717,1
34,15718,1
34,15688,1
34,15689,1
34,15690,1
34,15691,1
34,15692,1
34,15693,1
34,15694,1
34,15695,1
34,15713,1
34,15755,1
22,15363,1
22,15364,1
22,15365,1
34,15735,1
34,15736,1
34,15737,1
34,15738,1
34,15739,1
34,15740,1
34,15741,1
34,15742,1
34,15743,1
34,15732,1
34,15719,1
34,15720,1
34,15721,1
34,15722,1
34,15723,1
34,15724,1
34,15725,1
34,15726,1
34,15727,1
34,15728,1
34,15729,1
34,15730,1
34,15731,1
34,15744,1
34,15665,1
34,15666,1
34,15667,1
34,15668,1
34,15669,1
34,15670,1
34,15671,1
34,15672,1
34,15642,1
34,15643,1
34,15644,1
34,15645,1
34,15696,1
34,15647,1
34,15648,1
34,15649,1
34,15650,1
34,15651,1
34,15652,1
34,15653,1
34,15654,1
34,15655,1
34,15656,1
34,15657,1
34,15631,1
34,15632,1
34,15646,1
34,15697,1
34,15698,1
34,15699,1
34,15700,1
34,15701,1
34,15702,1
34,15673,1
34,15674,1
34,15675,1
34,15676,1
34,15677,1
34,15678,1
34,15679,1
34,15664,1
34,15681,1
34,15682,1
34,15683,1
34,15684,1
34,15685,1
34,15686,1
34,15687,1
34,15658,1
34,15659,1
34,15660,1
34,15661,1
34,15662,1
34,15663,1
34,15680,1
22,15434,1
22,15435,1
22,15436,1
22,15437,1
22,15438,1
22,15439,1
22,15440,1
22,15416,1
22,15417,1
22,15418,1
22,15419,1
22,15420,1
34,15754,1
22,15422,1
22,15423,1
22,15424,1
22,15425,1
22,15426,1
22,15427,1
22,15428,1
22,15429,1
22,15430,1
22,15431,1
22,15402,1
22,15403,1
22,15404,1
22,15421,1
22,15456,1
22,15457,1
22,15458,1
22,15459,1
22,15460,1
22,15461,1
22,15462,1
22,15463,1
22,15464,1
22,15465,1
22,15466,1
22,15467,1
22,15468,1
22,15433,1
22,15442,1
22,15443,1
22,15444,1
22,15445,1
22,15446,1
22,15447,1
22,15448,1
22,15449,1
22,15450,1
22,15451,1
22,15452,1
22,15453,1
22,15432,1
22,15441,1
22,15390,1
22,15391,1
22,15392,1
22,15393,1
22,15366,1
22,15367,1
22,15368,1
22,15369,1
22,15370,1
22,15371,1
22,15372,1
22,15373,1
22,15374,1
22,15405,1
22,15376,1
22,15377,1
22,15378,1
22,15379,1
34,15745,1
34,15746,1
34,15747,1
34,15748,1
34,15749,1
34,15750,1
34,15751,1
34,15752,1
34,15753,1
22,15375,1
22,15406,1
22,15407,1
22,15408,1
22,15409,1
22,15410,1
22,15411,1
22,15412,1
22,15413,1
22,15414,1
22,15415,1
22,15394,1
22,15395,1
22,15396,1
22,15389,1
22,15398,1
22,15399,1
22,15400,1
22,15401,1
22,15380,1
22,15381,1
22,15382,1
22,15383,1
22,15384,1
22,15385,1
22,15386,1
22,15387,1
22,15388,1
22,15397,1
34,15517,1
34,15518,1
34,15519,1
34,15498,1
34,15499,1
34,15500,1
34,15501,1
34,15502,1
34,15503,1
34,15504,1
12,1925,1
12,817,1
34,15633,1
12,1701,1
12,893,1
12,1907,1
12,1926,1
12,1996,1
12,2278,1
34,15485,1
34,15486,1
34,15487,1
34,15488,1
34,15489,1
34,15490,1
34,15491,1
12,2215,1
25,722,1
34,15520,1
34,15521,1
34,15522,1
34,15523,1
34,15524,1
34,15525,1
34,15526,1
34,15527,1
34,15528,1
34,15529,1
34,15530,1
34,15531,1
34,15516,1
34,15533,1
12,1995,1
34,15505,1
34,15506,1
34,15507,1
34,15508,1
34,15509,1
34,15510,1
34,15511,1
34,15512,1
34,15513,1
34,15514,1
34,15515,1
34,15532,1
34,15469,1
34,15470,1
34,15471,1
34,15443,1
34,15444,1
34,15445,1
34,15446,1
34,15447,1
34,15448,1
34,15449,1
34,15450,1
34,15451,1
34,15492,1
34,15453,1
34,15454,1
34,15455,1
34,15456,1
34,15457,1
34,15458,1
12,2003,1
12,2016,1
34,15431,1
34,15432,1
34,15433,1
34,15434,1
34,15435,1
34,15452,1
34,15493,1
34,15494,1
34,15495,1
34,15496,1
34,15497,1
34,15472,1
34,15473,1
34,15474,1
34,15475,1
34,15476,1
34,15477,1
34,15478,1
34,15479,1
34,15468,1
34,15481,1
34,15482,1
34,15483,1
34,15484,1
34,15459,1
34,15460,1
34,15461,1
34,15462,1
34,15463,1
34,15464,1
34,15465,1
34,15466,1
34,15467,1
34,15480,1
34,15608,1
34,15609,1
34,15610,1
34,15611,1
34,15612,1
34,15613,1
34,15614,1
34,15615,1
30,444,1
34,15591,1
34,15592,1
34,15593,1
34,15546,1
34,15595,1
34,15596,1
34,15597,1
34,15598,1
34,15599,1
34,15600,1
34,15601,1
34,15602,1
34,15603,1
34,15604,1
34,15577,1
34,15578,1
34,15579,1
34,15594,1
34,15634,1
34,15635,1
34,15636,1
34,15637,1
34,15638,1
34,15639,1
34,15640,1
34,15641,1
34,15616,1
34,15617,1
34,15618,1
34,15619,1
34,15620,1
34,15607,1
34,15622,1
34,15623,1
34,15624,1
34,15625,1
34,15626,1
34,15627,1
34,15628,1
34,15629,1
34,15630,1
30,513,1
30,514,1
34,15605,1
34,15606,1
34,15621,1
34,15549,1
34,15550,1
34,15551,1
34,15552,1
34,15553,1
34,15554,1
34,15555,1
34,15556,1
34,15557,1
34,15558,1
34,15559,1
34,15560,1
34,15561,1
34,15580,1
30,534,1
34,15534,1
34,15535,1
34,15536,1
34,15537,1
34,15538,1
34,15539,1
34,15540,1
34,15541,1
34,15542,1
34,15543,1
34,15544,1
34,15545,1
30,526,1
34,15581,1
34,15582,1
34,15583,1
34,15584,1
34,15585,1
34,15586,1
34,15587,1
34,15588,1
34,15589,1
34,15590,1
34,15562,1
34,15563,1
34,15564,1
34,15548,1
34,15566,1
34,15567,1
34,15568,1
34,15569,1
34,15570,1
34,15571,1
34,15572,1
34,15573,1
34,15574,1
34,15575,1
34,15576,1
30,4406,1
34,15547,1
34,15565,1
2,15364,1
2,15365,1
2,15366,1
2,15367,1
2,15368,1
2,15369,1
2,15370,1
2,15371,1
2,15372,1
2,15373,1
2,15374,1
2,15375,1
22,15455,1
22,15747,1
22,15748,1
22,15749,1
22,15750,1
22,15751,1
22,15752,1
22,15753,1
22,15754,1
22,15755,1
2,503,1
2,443,1
22,15730,1
22,15731,1
22,15746,1
2,15394,1
2,15395,1
2,15396,1
2,15397,1
2,15398,1
2,15399,1
2,15400,1
2,15401,1
2,15402,1
2,15403,1
2,15404,1
2,15376,1
2,15377,1
2,15363,1
2,15379,1
2,15380,1
2,15381,1
2,15382,1
2,15383,1
2,15384,1
2,15385,1
2,15386,1
2,15387,1
2,15388,1
2,15389,1
2,457,1
2,515,1
2,15378,1
22,15729,1
22,15698,1
22,15699,1
22,15700,1
22,15701,1
22,15702,1
22,15703,1
22,15704,1
22,15705,1
22,15706,1
22,15707,1
22,15708,1
22,15732,1
22,15710,1
22,15711,1
22,15712,1
22,15713,1
22,15683,1
22,15684,1
22,15685,1
22,15686,1
22,15687,1
22,15688,1
22,15689,1
22,15690,1
22,15691,1
22,15709,1
22,15733,1
22,15734,1
22,15735,1
22,15736,1
22,15737,1
22,15738,1
22,15739,1
22,15740,1
22,15741,1
22,15742,1
22,15743,1
22,15744,1
22,15745,1
22,15728,1
22,15715,1
22,15716,1
22,15717,1
22,15718,1
22,15719,1
22,15720,1
22,15721,1
22,15722,1
22,15723,1
22,15724,1
22,15725,1
22,15726,1
22,15727,1
22,15714,1
2,15473,1
2,15474,1
2,15475,1
18,4069,1
18,4376,1
2,15450,1
2,15451,1
2,15452,1
2,15453,1
2,15454,1
2,15455,1
2,15456,1
2,15393,1
2,15458,1
2,15459,1
2,15460,1
2,15461,1
2,15462,1
2,15463,1
2,15464,1
2,15465,1
2,527,1
2,15437,1
2,15438,1
2,15439,1
2,15440,1
2,15457,1
2,15488,1
2,15489,1
2,15490,1
2,15491,1
2,15492,1
2,15493,1
2,15494,1
2,15495,1
2,15496,1
2,15497,1
2,15476,1
2,15477,1
2,15478,1
2,15472,1
2,15480,1
2,15481,1
2,15482,1
2,15483,1
2,15484,1
2,15485,1
2,15486,1
2,15466,1
2,15467,1
2,15468,1
2,15469,1
2,15470,1
2,15471,1
2,15479,1
2,15426,1
2,15427,1
2,15428,1
2,15429,1
2,15430,1
2,15431,1
2,15432,1
2,15433,1
2,15434,1
2,15405,1
2,15406,1
2,15407,1
2,15408,1
2,15441,1
2,15410,1
2,15411,1
2,15412,1
2,15413,1
2,15414,1
2,15415,1
2,15416,1
2,15417,1
2,15418,1
2,15419,1
2,15390,1
2,15391,1
2,15392,1
2,15409,1
2,15442,1
2,15443,1
2,15444,1
2,15445,1
2,15446,1
2,15447,1
2,15448,1
2,15449,1
2,15435,1
2,15436,1
2,464,1
2,470,1
2,471,1
2,15425,1
2,488,1
2,531,1
2,547,1
2,486,1
2,360,1
2,472,1
2,477,1
2,481,1
2,15420,1
2,15421,1
2,15422,1
2,15423,1
2,15424,1
2,461,1
22,15553,1
22,15554,1
22,15555,1
22,15556,1
22,15557,1
22,15558,1
22,15531,1
22,15532,1
22,15533,1
22,15534,1
22,15535,1
22,15536,1
22,15692,1
22,15538,1
22,15539,1
22,15540,1
22,15541,1
22,15542,1
22,15519,1
22,15520,1
22,15521,1
22,15522,1
22,15523,1
22,15524,1
22,15525,1
22,15526,1
22,15537,1
22,15587,1
22,15588,1
22,15559,1
22,15560,1
22,15561,1
22,15562,1
22,15563,1
22,15564,1
22,15565,1
22,15566,1
22,15567,1
22,15568,1
22,15569,1
22,15552,1
22,15571,1
22,15572,1
22,15573,1
22,15574,1
22,15543,1
22,15544,1
22,15545,1
22,15546,1
22,15547,1
22,15548,1
22,15549,1
22,15550,1
22,15551,1
22,15570,1
22,15499,1
22,15500,1
22,15501,1
22,15502,1
22,15481,1
22,15482,1
22,15483,1
22,15484,1
22,15485,1
22,15486,1
22,15487,1
22,15488,1
22,15527,1
22,15469,1
22,15470,1
22,15471,1
22,15472,1
22,15473,1
22,15474,1
22,15475,1
22,15476,1
22,15477,1
22,15478,1
22,15479,1
22,15480,1
22,15454,1
22,15489,1
22,15528,1
22,15529,1
22,15530,1
22,15503,1
22,15504,1
22,15505,1
22,15506,1
22,15507,1
22,15508,1
22,15509,1
22,15510,1
22,15511,1
22,15512,1
22,15498,1
22,15514,1
22,15515,1
22,15516,1
22,15517,1
22,15518,1
22,15490,1
22,15491,1
22,15492,1
22,15493,1
22,15494,1
22,15495,1
22,15496,1
22,15497,1
22,15513,1
22,15661,1
22,15662,1
22,15663,1
22,15664,1
22,15665,1
22,15666,1
22,15667,1
22,15638,1
22,15639,1
22,15640,1
22,15641,1
22,15642,1
22,15586,1
22,15644,1
22,15645,1
22,15646,1
22,15647,1
22,15648,1
22,15649,1
22,15650,1
22,15651,1
22,15652,1
22,15628,1
22,15629,1
22,15630,1
22,15631,1
22,15643,1
22,15693,1
22,15694,1
22,15695,1
22,15696,1
22,15697,1
22,15668,1
22,15669,1
22,15670,1
22,15671,1
22,15672,1
22,15673,1
22,15674,1
22,15675,1
22,15660,1
22,15677,1
22,15678,1
22,15679,1
22,15680,1
22,15681,1
22,15682,1
22,15653,1
22,15654,1
22,15655,1
22,15656,1
22,15657,1
22,15658,1
22,15659,1
22,15676,1
22,15610,1
22,15611,1
22,15612,1
22,15613,1
22,15589,1
22,15590,1
22,15591,1
22,15592,1
22,15593,1
22,15594,1
22,15595,1
22,15596,1
22,15597,1
22,15632,1
22,15599,1
22,15600,1
22,15575,1
22,15576,1
22,15577,1
22,15578,1
22,15579,1
22,15580,1
22,15581,1
22,15582,1
22,15583,1
22,15584,1
22,15585,1
22,15598,1
22,15633,1
22,15634,1
22,15635,1
22,15636,1
22,15637,1
22,15614,1
22,15615,1
22,15616,1
22,15617,1
22,15618,1
22,15619,1
22,15620,1
22,15621,1
22,15609,1
22,15623,1
22,15624,1
22,15625,1
22,15626,1
22,15627,1
22,15601,1
22,15602,1
22,15603,1
22,15604,1
22,15605,1
22,15606,1
22,15607,1
22,15608,1
22,15622,1
14,15150,1
14,15151,1
14,13239,1
14,15152,1
14,15153,1
14,13240,1
14,13241,1
14,13242,1
14,15154,1
14,15155,1
14,15156,1
14,15157,1
2,8107,1
14,15141,1
14,15142,1
14,15143,1
14,15144,1
14,15145,1
14,13235,1
14,13236,1
14,13230,1
14,15146,1
14,13237,1
14,13228,1
14,15147,1
14,13238,1
14,13234,1
14,2995,1
14,2996,1
14,9137,1
14,15169,1
14,15170,1
14,15171,1
14,13245,1
14,15172,1
14,15173,1
14,13246,1
14,15174,1
14,13243,1
14,15158,1
14,15149,1
14,15160,1
14,15161,1
14,15162,1
14,15163,1
14,15164,1
14,15165,1
14,15166,1
14,11692,1
14,13231,1
14,15167,1
14,15168,1
14,11693,1
14,5508,1
14,15159,1
14,8435,1
14,1949,1
14,15120,1
14,15121,1
14,15122,1
14,2773,1
14,13204,1
14,15123,1
14,10774,1
14,15124,1
14,13205,1
14,13206,1
14,15148,1
14,13207,1
14,15126,1
14,13362,1
14,13210,1
14,15127,1
5,2137,1
5,2224,1
14,11691,1
14,13208,1
14,3428,1
14,15111,1
14,15112,1
14,13361,1
14,15125,1
14,15129,1
14,15130,1
14,15131,1
14,13229,1
14,15132,1
14,13232,1
14,13363,1
14,15133,1
14,15134,1
14,15135,1
14,15136,1
14,15137,1
14,15138,1
14,2553,1
14,13233,1
14,15140,1
14,15128,1
14,13211,1
14,5504,1
14,9134,1
14,5505,1
14,9135,1
14,5506,1
14,5507,1
14,9136,1
14,2992,1
14,2552,1
14,15139,1
14,13366,1
14,15215,1
14,15216,1
14,15217,1
14,15218,1
14,13262,1
14,11695,1
14,13263,1
14,15206,1
14,15207,1
14,15208,1
14,15209,1
14,2994,1
14,15211,1
14,13364,1
14,10134,1
14,10135,1
14,15212,1
14,13365,1
14,11625,1
14,15213,1
14,9143,1
14,2998,1
14,15199,1
14,15200,1
14,15201,1
14,15210,1
14,15225,1
14,15226,1
14,15227,1
14,15228,1
14,15229,1
14,15230,1
14,15231,1
14,15232,1
14,13264,1
14,13265,1
14,13266,1
14,13267,1
14,15219,1
14,13261,1
14,15221,1
14,8437,1
14,9145,1
14,9146,1
14,9147,1
14,9148,1
14,3000,1
14,3001,1
14,2999,1
14,9144,1
14,13259,1
14,13260,1
14,15214,1
14,15220,1
14,3430,1
14,3431,1
14,15189,1
14,15190,1
14,15191,1
14,15192,1
14,15193,1
14,15175,1
14,15176,1
14,15177,1
14,15178,1
14,13247,1
14,15202,1
14,13248,1
14,15179,1
14,15180,1
14,13249,1
14,15181,1
14,15182,1
14,15183,1
14,13250,1
14,15184,1
14,15185,1
14,5509,1
14,5510,1
14,5285,1
14,10069,1
14,15203,1
14,15204,1
14,13256,1
14,15205,1
14,13257,1
14,15194,1
14,15195,1
14,13244,1
14,15196,1
14,8436,1
14,9138,1
14,9139,1
14,9140,1
14,13254,1
14,9141,1
14,2997,1
14,9142,1
14,13255,1
14,15197,1
14,11694,1
14,15198,1
14,15186,1
14,15187,1
14,15188,1
14,13251,1
14,13252,1
14,13253,1
14,6890,1
33,2467,1
33,2468,1
33,2469,1
33,2174,1
33,165,1
33,2322,1
33,2323,1
33,2175,1
33,2176,1
33,2066,1
33,10112,1
33,5119,1
14,15113,1
33,286,1
33,2324,1
33,2177,1
33,2099,1
33,2464,1
33,2325,1
33,1814,1
33,2064,1
33,2063,1
33,2462,1
33,2320,1
33,2463,1
33,2555,1
33,285,1
14,596,1
14,595,1
14,13192,1
14,13193,1
14,1707,1
14,13191,1
14,8531,1
14,15088,1
14,13194,1
17,10110,1
17,10979,1
33,2100,1
33,2470,1
33,2237,1
33,2067,1
33,2068,1
33,202,1
33,287,1
33,2326,1
33,4285,1
33,195,1
33,2327,1
33,2328,1
33,193,1
33,2465,1
33,2466,1
33,2236,1
33,2329,1
33,2460,1
33,2235,1
33,2058,1
33,2168,1
33,2097,1
33,1962,1
33,2059,1
33,2060,1
33,4283,1
33,4384,1
33,2169,1
33,2170,1
33,1964,1
33,2311,1
33,2312,1
33,2166,1
33,2315,1
33,2459,1
33,2233,1
33,2234,1
33,2316,1
33,2317,1
33,2318,1
33,2458,1
33,2455,1
33,2456,1
33,2620,1
33,2556,1
33,1815,1
33,1816,1
33,2098,1
33,2321,1
33,10111,1
33,214,1
33,2065,1
33,2529,1
33,2171,1
33,2172,1
33,2061,1
33,2554,1
33,1908,1
33,2314,1
33,2167,1
33,162,1
33,1963,1
33,2173,1
33,2461,1
33,4385,1
33,4386,1
33,4284,1
33,2062,1
33,2057,1
33,2319,1
33,213,1
33,2313,1
14,13222,1
14,13223,1
14,15107,1
14,15108,1
14,13224,1
14,13225,1
14,15098,1
14,13213,1
14,15099,1
14,15100,1
14,13214,1
14,11624,1
17,10112,1
14,15101,1
14,15102,1
14,15103,1
14,15104,1
14,15105,1
14,15106,1
14,13216,1
14,15095,1
14,5879,1
14,5880,1
14,2964,1
14,15096,1
14,15097,1
14,13215,1
14,15114,1
14,15115,1
14,15116,1
14,15117,1
14,15118,1
14,15119,1
14,13226,1
14,15109,1
14,13227,1
14,15110,1
5,8011,1
5,6552,1
5,2526,1
14,13209,1
5,2147,1
5,222,1
5,2523,1
5,2222,1
5,2447,1
5,2135,1
5,2136,1
5,2450,1
14,13217,1
14,13218,1
14,13219,1
14,13220,1
14,13221,1
5,2146,1
14,836,1
14,5434,1
14,1689,1
14,5435,1
14,5433,1
14,5432,1
14,13196,1
14,13197,1
14,13195,1
14,8535,1
14,15089,1
5,1952,1
5,2040,1
14,2550,1
5,1932,1
5,1954,1
5,2085,1
5,2041,1
5,1933,1
5,2550,1
5,2551,1
5,2525,1
5,1949,1
5,2149,1
17,10138,1
17,10980,1
17,10111,1
5,1953,1
14,5691,1
14,2551,1
14,9133,1
14,1767,1
14,3058,1
14,2525,1
14,13360,1
14,13212,1
14,13198,1
14,8434,1
14,9132,1
14,11688,1
14,13200,1
14,15092,1
14,13203,1
14,15093,1
14,13201,1
14,11689,1
14,11690,1
14,15094,1
5,2150,1
14,15090,1
14,15091,1
14,13359,1
14,13199,1
14,8533,1
14,8534,1
14,13202,1
4,1420,1
4,1421,1
4,1288,1
4,1690,1
4,1232,1
4,972,1
4,5615,1
4,1383,1
4,1414,1
4,1594,1
4,1233,1
4,3600,1
14,15224,1
4,1412,1
4,1865,1
4,1145,1
4,1361,1
4,1866,1
4,1411,1
4,1453,1
4,1569,1
4,1630,1
4,3432,1
4,1584,1
4,1570,1
4,1662,1
4,2104,1
4,1768,1
4,1292,1
4,1557,1
4,1290,1
4,1582,1
4,1753,1
4,1472,1
4,1754,1
4,1738,1
4,1614,1
4,1629,1
4,1291,1
4,2126,1
4,1688,1
4,1043,1
4,1835,1
4,1289,1
4,1278,1
4,1435,1
4,1287,1
4,1711,1
4,1712,1
4,1360,1
4,1965,1
4,1937,1
4,1595,1
4,1596,1
4,1743,1
4,1230,1
4,1410,1
4,1469,1
4,1470,1
4,1452,1
4,1518,1
4,1834,1
4,1144,1
4,1285,1
4,1517,1
4,2073,1
4,10800,1
4,1686,1
4,2184,1
4,1451,1
4,1229,1
4,1337,1
4,1468,1
4,8362,1
4,1715,1
4,1684,1
4,1642,1
4,1612,1
4,1748,1
4,1749,1
4,1750,1
4,2183,1
4,1050,1
4,1663,1
4,1687,1
4,1644,1
4,1382,1
4,1231,1
4,1471,1
4,1353,1
4,1413,1
4,1592,1
4,1593,1
4,1817,1
4,1284,1
4,1143,1
4,1286,1
4,1597,1
4,1598,1
4,1463,1
4,1216,1
4,1514,1
4,1365,1
4,1352,1
4,1467,1
4,1407,1
4,1408,1
4,1329,1
4,1455,1
4,1219,1
4,1739,1
4,1237,1
4,1238,1
4,1553,1
4,1819,1
4,1820,1
4,1475,1
4,2102,1
4,1385,1
4,1363,1
4,2920,1
4,1619,1
4,1416,1
4,1840,1
4,1771,1
4,1384,1
4,1441,1
4,974,1
4,1051,1
4,2919,1
4,1616,1
4,1617,1
4,1645,1
4,1236,1
4,1423,1
4,1474,1
4,1839,1
4,1350,1
4,1395,1
4,1369,1
4,1396,1
4,5907,1
4,1150,1
4,1149,1
4,1476,1
4,1397,1
4,1296,1
4,1297,1
4,1772,1
4,975,1
4,1147,1
4,1386,1
4,1387,1
4,1388,1
4,1295,1
4,1921,1
4,1148,1
4,1390,1
4,976,1
4,1389,1
4,1392,1
4,1393,1
4,977,1
4,978,1
4,1618,1
4,1439,1
4,1440,1
4,2252,1
4,2253,1
4,1664,1
4,1665,1
4,1293,1
4,1294,1
4,1836,1
4,1222,1
4,1234,1
4,1146,1
4,1418,1
4,1465,1
4,1856,1
4,1868,1
4,1857,1
4,1348,1
4,1813,1
4,1552,1
4,1045,1
4,1415,1
4,1367,1
4,1417,1
4,1867,1
4,1786,1
4,1787,1
4,1419,1
4,2179,1
4,1713,1
4,1788,1
4,1666,1
4,1615,1
4,1667,1
4,2718,1
4,2719,1
4,1818,1
4,1837,1
4,1838,1
4,1769,1
4,1473,1
4,1438,1
4,1235,1
4,1422,1
4,2330,1
4,1770,1
4,1464,1
4,2101,1
4,1966,1
4,1967,1
4,1968,1
4,1362,1
4,8426,1
4,1436,1
4,1437,1
4,1368,1
4,973,1
4,1734,1
14,11629,1
14,11630,1
14,15251,1
14,13287,1
14,13288,1
14,15252,1
14,8540,1
14,15253,1
14,11631,1
14,11632,1
4,1627,1
14,6891,1
14,6892,1
14,11633,1
14,15255,1
14,13281,1
14,15246,1
14,15247,1
14,13279,1
14,11628,1
14,13284,1
14,5511,1
14,3423,1
14,13367,1
14,15254,1
4,6457,1
4,1141,1
4,1047,1
4,1332,1
4,919,1
4,1328,1
4,1225,1
4,1445,1
4,1220,1
4,1626,1
4,1046,1
4,1516,1
4,1221,1
4,835,1
14,15256,1
14,15257,1
14,6893,1
14,15258,1
14,6894,1
14,15259,1
14,15260,1
14,15261,1
14,15262,1
14,15263,1
14,15264,1
4,1515,1
4,1399,1
4,1277,1
5,2037,1
5,2451,1
5,2144,1
5,2145,1
5,2084,1
5,2038,1
5,2287,1
14,13258,1
14,15233,1
14,15234,1
14,11626,1
14,15235,1
14,3626,1
14,13269,1
14,13270,1
14,15237,1
14,15238,1
14,13271,1
14,13268,1
14,13272,1
14,13273,1
14,13274,1
14,3002,1
14,8539,1
14,15222,1
14,15223,1
14,15236,1
14,15248,1
14,15249,1
14,15250,1
14,13286,1
14,13285,1
14,2917,1
5,2446,1
5,2039,1
14,15239,1
14,15240,1
14,13278,1
14,13277,1
14,4960,1
5,2524,1
14,15241,1
14,15242,1
14,15243,1
14,15244,1
14,15245,1
14,13282,1
14,13283,1
14,13280,1
14,13275,1
14,13276,1
5,2290,1
5,2291,1
5,2292,1
14,9149,1
4,1138,1
4,4965,1
4,1409,1
4,1406,1
4,1366,1
4,1042,1
4,1282,1
4,1274,1
4,1276,1
5,2223,1
5,2140,1
5,2445,1
4,6456,1
5,2032,1
5,2033,1
5,2141,1
5,2142,1
5,2034,1
5,1951,1
5,2035,1
5,2036,1
5,2452,1
4,1358,1
4,1283,1
4,1336,1
4,1454,1
5,2289,1
4,1643,1
4,1709,1
4,1736,1
4,1710,1
4,1613,1
4,1048,1
4,1590,1
4,1218,1
4,1334,1
4,3625,1
4,1139,1
4,758,1
4,1405,1
4,1450,1
4,1573,1
4,1591,1
4,1228,1
4,1049,1
4,2668,1
4,1583,1
5,2143,1
4,1447,1
4,1404,1
4,1448,1
4,1589,1
4,1380,1
4,1381,1
4,1572,1
4,1377,1
4,4009,1
4,1376,1
4,1217,1
4,1541,1
4,1044,1
4,1378,1
4,1897,1
4,1446,1
4,1581,1
4,1587,1
4,1588,1
4,743,1
4,1379,1
4,1331,1
4,1364,1
4,1555,1
4,1401,1
4,1540,1
4,793,1
4,1519,1
4,1443,1
4,1444,1
4,1585,1
4,817,1
4,1280,1
4,1705,1
4,1462,1
4,1226,1
4,1227,1
4,1402,1
4,1275,1
4,1403,1
4,1586,1
4,1351,1
4,1142,1
4,1335,1
4,1556,1
4,1449,1
4,742,1
4,1527,1
4,1434,1
4,2918,1
4,3128,1
4,4273,1
4,1628,1
4,1735,1
4,1568,1
4,1400,1
4,1752,1
4,1281,1
4,1140,1
4,1484,1
4,1333,1
4,1137,1
4,1359,1
28,1951,1
28,2035,1
28,2036,1
28,2452,1
28,2143,1
28,2290,1
28,2291,1
28,2292,1
28,2524,1
28,3059,1
28,3211,1
28,1950,1
33,719,1
28,2031,1
28,1930,1
28,2138,1
28,2449,1
28,1931,1
28,1948,1
28,6460,1
28,2444,1
28,2139,1
28,2223,1
28,2140,1
28,2023,1
28,1929,1
28,1832,1
28,2137,1
28,2224,1
28,1952,1
28,2040,1
28,1953,1
28,1932,1
28,1954,1
28,2085,1
28,2037,1
28,2451,1
28,2144,1
28,2145,1
28,2084,1
28,2034,1
28,2287,1
28,2446,1
28,2039,1
28,8011,1
28,6552,1
28,2526,1
28,2146,1
28,2445,1
28,2289,1
28,2032,1
28,2033,1
28,2141,1
28,2142,1
28,2038,1
28,2282,1
28,2131,1
28,2283,1
28,2132,1
28,1831,1
28,2217,1
28,2218,1
28,2284,1
28,2133,1
28,2020,1
28,2021,1
28,1928,1
28,2024,1
28,2017,1
28,2220,1
28,2221,1
28,2134,1
28,866,1
28,2083,1
28,1398,1
28,2286,1
28,1927,1
28,2018,1
28,2019,1
28,2521,1
28,2130,1
28,2016,1
28,2025,1
28,2026,1
28,2027,1
28,2028,1
28,2029,1
28,2030,1
28,2519,1
28,2225,1
28,2288,1
28,2448,1
28,2022,1
5,2453,1
5,1957,1
28,2281,1
5,2047,1
5,2048,1
5,2552,1
5,2553,1
5,2301,1
5,2302,1
5,2155,1
5,2049,1
5,2095,1
5,2528,1
5,1934,1
5,2158,1
28,2991,1
5,2046,1
28,2303,1
28,2304,1
28,2302,1
28,2155,1
28,2049,1
28,2095,1
28,2528,1
28,1934,1
28,2158,1
28,2300,1
28,2766,1
28,2767,1
28,2450,1
28,2309,1
28,2094,1
28,2093,1
28,2618,1
28,2666,1
28,2293,1
28,2086,1
28,2088,1
28,1955,1
28,2453,1
28,1957,1
28,2046,1
28,2047,1
28,2308,1
28,4282,1
28,1936,1
28,2161,1
28,2162,1
28,2305,1
28,2306,1
28,2160,1
28,1935,1
28,2156,1
28,2157,1
28,2307,1
28,2051,1
28,1960,1
28,2454,1
28,1855,1
28,2056,1
28,2052,1
28,1959,1
28,2299,1
28,4383,1
28,4280,1
28,4281,1
28,2159,1
28,2993,1
28,2050,1
28,2231,1
28,1958,1
28,1961,1
28,2044,1
28,1956,1
28,2527,1
28,2296,1
28,2045,1
28,2041,1
28,1933,1
28,2550,1
28,2551,1
28,2525,1
28,1949,1
28,2149,1
28,2150,1
28,2048,1
28,2619,1
28,1224,1
28,1466,1
28,2151,1
28,2042,1
28,2043,1
28,2089,1
28,2147,1
28,2523,1
28,2222,1
28,2447,1
28,2135,1
28,2136,1
28,2227,1
28,2552,1
28,2553,1
28,2301,1
28,2148,1
28,2152,1
28,2153,1
28,2090,1
28,2087,1
28,1891,1
28,2298,1
28,4279,1
28,2229,1
28,2230,1
28,2297,1
28,2092,1
28,2154,1
28,10979,1
28,10138,1
28,10980,1
28,2294,1
28,6009,1
28,2667,1
28,10110,1
28,2228,1
28,6461,1
28,2226,1
28,2295,1
28,2091,1
5,2168,1
5,2097,1
5,1962,1
5,2059,1
5,2060,1
5,4283,1
5,4384,1
5,2169,1
5,2170,1
5,2529,1
5,2620,1
5,2311,1
28,1571,1
5,2166,1
5,2315,1
5,2459,1
5,2233,1
5,2234,1
5,2316,1
5,2317,1
5,2318,1
5,2458,1
5,2057,1
5,2456,1
5,719,1
5,1892,1
5,2312,1
5,2098,1
5,2321,1
5,10111,1
5,214,1
5,2065,1
5,2174,1
5,2171,1
5,2172,1
5,2061,1
5,2554,1
5,2313,1
5,2314,1
5,2167,1
5,2058,1
5,1963,1
5,2173,1
5,2461,1
5,4385,1
5,4386,1
5,4284,1
5,2062,1
5,1814,1
5,2319,1
5,213,1
5,1908,1
5,2460,1
5,2235,1
5,162,1
28,387,1
28,108,1
28,392,1
28,206,1
28,425,1
28,247,1
28,324,1
28,325,1
28,436,1
28,437,1
28,346,1
28,457,1
5,2053,1
28,131,1
28,123,1
28,118,1
28,122,1
28,130,1
28,232,1
28,127,1
19,8944,1
19,5284,1
19,735,1
19,743,1
19,1765,1
19,1539,1
28,515,1
5,2054,1
5,2055,1
5,4282,1
5,1936,1
5,2161,1
5,2162,1
5,2163,1
5,2164,1
5,2165,1
5,2232,1
5,2156,1
5,2157,1
5,507,1
1,10273,1
5,2051,1
5,1960,1
5,1961,1
5,1855,1
5,2056,1
5,2052,1
5,1959,1
5,2310,1
5,2768,1
5,2096,1
5,2457,1
5,2455,1
28,163,1
5,2307,1
28,2128,1
28,2003,1
28,2520,1
28,2004,1
28,2005,1
28,1945,1
28,2000,1
28,2280,1
28,2438,1
28,1926,1
28,2001,1
5,2300,1
5,1816,1
5,2767,1
5,2308,1
5,2309,1
5,2094,1
5,2299,1
5,4383,1
5,4280,1
28,807,1
28,1996,1
28,2278,1
28,1997,1
28,2279,1
28,1998,1
5,2766,1
28,2765,1
28,2129,1
28,2008,1
28,2009,1
28,2010,1
28,2011,1
28,2012,1
28,2522,1
28,2013,1
28,2014,1
28,2015,1
28,2080,1
28,2006,1
28,2002,1
28,1947,1
28,2219,1
28,2443,1
28,2442,1
28,1946,1
28,2440,1
28,2439,1
28,2007,1
28,2082,1
28,2441,1
28,2285,1
5,4281,1
5,2159,1
28,2081,1
5,2469,1
5,2100,1
5,165,1
5,2322,1
5,2323,1
5,2175,1
5,2176,1
5,2066,1
5,10112,1
5,5119,1
5,285,1
5,286,1
5,2324,1
28,1999,1
5,2099,1
5,2464,1
5,2325,1
5,202,1
5,2064,1
5,2063,1
5,2462,1
5,2320,1
5,2463,1
5,2555,1
5,1964,1
5,2556,1
5,1815,1
5,2177,1
28,1661,1
5,2470,1
5,2329,1
5,2067,1
5,2068,1
28,1279,1
28,1223,1
28,1925,1
28,893,1
28,817,1
28,2215,1
28,2518,1
28,1994,1
5,2468,1
28,1701,1
5,287,1
5,2326,1
5,4285,1
5,195,1
5,2327,1
5,2328,1
5,193,1
5,2465,1
5,2466,1
5,2236,1
5,2237,1
5,2467,1
28,1995,1
33,1954,1
33,2085,1
33,2041,1
33,1933,1
33,2550,1
33,2551,1
33,2144,1
33,2145,1
33,2084,1
33,2038,1
33,2287,1
33,2446,1
28,2055,1
33,8011,1
33,6552,1
33,2526,1
33,2146,1
33,2147,1
33,222,1
33,2523,1
33,2222,1
33,2141,1
33,2142,1
33,2034,1
33,1951,1
33,2035,1
33,2039,1
33,2152,1
33,2153,1
33,2090,1
33,2525,1
33,1949,1
33,2149,1
33,2150,1
33,2227,1
33,2619,1
33,1224,1
33,1466,1
33,2151,1
33,2042,1
33,1932,1
33,2089,1
33,2294,1
33,6009,1
33,2667,1
33,2447,1
33,2135,1
33,2136,1
33,2450,1
33,2137,1
33,2224,1
33,1952,1
33,2040,1
33,1953,1
33,2043,1
33,2030,1
33,2519,1
33,2225,1
33,272,1
33,273,1
33,2288,1
33,2448,1
33,3059,1
33,3211,1
33,1950,1
33,1832,1
33,2131,1
33,2036,1
33,2132,1
33,1831,1
33,2217,1
33,2218,1
33,2284,1
33,2133,1
33,2020,1
33,2021,1
33,150,1
33,1928,1
33,2022,1
33,2023,1
33,1929,1
33,2283,1
33,2452,1
33,2143,1
33,2290,1
33,2291,1
33,2292,1
33,2524,1
33,2037,1
33,2451,1
33,2031,1
33,1930,1
33,2138,1
33,2449,1
33,1931,1
33,2029,1
33,6460,1
33,2444,1
33,2139,1
33,2223,1
33,2140,1
33,2445,1
33,2289,1
33,2032,1
33,2033,1
33,2025,1
33,2026,1
33,2027,1
33,2028,1
33,1948,1
5,2295,1
33,2159,1
33,2993,1
33,2050,1
33,2231,1
33,1958,1
33,2454,1
33,2303,1
33,2304,1
33,2305,1
33,2306,1
33,2160,1
33,2148,1
33,4280,1
33,4281,1
5,2227,1
5,2619,1
5,1466,1
5,2151,1
5,2042,1
5,2043,1
5,2089,1
5,2294,1
5,6009,1
5,2667,1
5,10110,1
33,1935,1
33,1892,1
33,2053,1
33,2054,1
33,2055,1
33,4282,1
33,1936,1
33,2161,1
33,2162,1
33,2163,1
33,2164,1
33,2165,1
33,2232,1
33,2156,1
5,2226,1
33,507,1
33,2307,1
33,2051,1
33,1960,1
33,1961,1
33,1855,1
33,2056,1
33,2052,1
33,1959,1
33,2310,1
33,2768,1
33,2096,1
33,2457,1
33,2157,1
33,1891,1
33,2298,1
33,4279,1
33,2229,1
33,2230,1
33,2091,1
33,2092,1
33,2154,1
33,10979,1
33,10138,1
33,10980,1
33,2093,1
33,2618,1
5,2228,1
33,2293,1
33,10110,1
33,2228,1
33,6461,1
33,2226,1
33,2295,1
33,2297,1
33,2044,1
33,158,1
33,1956,1
33,2527,1
33,2296,1
33,2045,1
33,2666,1
5,6461,1
33,2528,1
33,1934,1
33,2158,1
33,2300,1
33,2766,1
33,2767,1
33,2308,1
33,2309,1
33,2094,1
33,2299,1
33,4383,1
33,2086,1
33,2087,1
33,1955,1
33,2453,1
33,1957,1
33,2046,1
33,2047,1
33,2048,1
33,2552,1
33,2553,1
33,2301,1
33,2302,1
33,2155,1
33,2049,1
33,2095,1
33,2088,1
28,1814,1
28,2064,1
28,2063,1
28,2462,1
28,2320,1
28,2463,1
28,2555,1
28,1964,1
28,2556,1
28,1815,1
28,1816,1
28,2098,1
33,2024,1
28,4386,1
5,2229,1
5,2230,1
5,2091,1
5,2092,1
5,2154,1
5,10979,1
5,10138,1
5,10980,1
5,2093,1
5,2618,1
5,2666,1
5,2293,1
28,2321,1
33,2215,1
33,2518,1
28,2099,1
28,2464,1
28,2325,1
28,2326,1
28,4285,1
28,2327,1
28,2328,1
28,2465,1
28,2466,1
28,2236,1
28,2237,1
28,2062,1
28,2065,1
28,2174,1
28,2322,1
28,2323,1
28,2175,1
28,2176,1
28,2066,1
28,10112,1
28,5119,1
28,2324,1
28,2177,1
5,1955,1
28,4284,1
28,10111,1
28,4283,1
28,2163,1
28,2164,1
28,2165,1
28,2232,1
28,2620,1
28,2311,1
28,2312,1
28,2166,1
28,2315,1
28,2459,1
28,2233,1
5,2086,1
28,2316,1
28,2317,1
28,2318,1
28,2310,1
28,2768,1
28,2096,1
28,2457,1
28,2455,1
28,2456,1
28,719,1
28,1892,1
28,2053,1
28,2054,1
28,2234,1
5,2088,1
28,4384,1
28,2169,1
28,2170,1
28,2529,1
28,2171,1
28,2172,1
28,2061,1
28,2554,1
28,2313,1
28,2314,1
28,2167,1
28,1963,1
28,2060,1
28,2461,1
28,4385,1
28,2458,1
28,2057,1
28,2319,1
28,1908,1
28,2460,1
28,2235,1
28,2058,1
28,2168,1
28,2097,1
28,1962,1
28,2059,1
28,2173,1
5,1891,1
5,2298,1
33,2008,1
33,2009,1
33,2010,1
33,2011,1
33,2012,1
33,2522,1
33,2013,1
33,2014,1
33,2015,1
33,2016,1
33,1707,1
33,2219,1
33,2443,1
33,2442,1
33,1946,1
33,2440,1
33,2439,1
33,2007,1
33,301,1
33,2082,1
33,2441,1
33,2285,1
33,1571,1
33,2765,1
33,2017,1
5,4279,1
33,2134,1
33,866,1
33,2083,1
33,1398,1
33,2286,1
33,1927,1
33,2018,1
33,2019,1
33,2521,1
33,2130,1
33,2991,1
33,2281,1
5,2087,1
33,2220,1
33,2221,1
5,2297,1
5,2044,1
5,158,1
5,1956,1
5,2527,1
5,2296,1
5,2045,1
5,2148,1
5,2152,1
5,2153,1
5,2090,1
33,2282,1
33,1994,1
33,1995,1
33,300,1
33,836,1
33,1701,1
33,807,1
33,1907,1
33,1996,1
33,2278,1
33,1997,1
33,82,1
33,470,1
33,471,1
33,2129,1
28,2467,1
28,2468,1
28,2469,1
28,2100,1
28,2470,1
28,2329,1
28,2067,1
28,2068,1
33,1223,1
33,1279,1
33,1925,1
33,893,1
33,817,1
33,2279,1
33,2004,1
33,2005,1
33,1945,1
33,2000,1
33,2280,1
33,2438,1
33,2080,1
33,2006,1
33,596,1
33,595,1
33,443,1
33,2081,1
33,1947,1
33,179,1
33,1999,1
33,1661,1
33,208,1
33,191,1
33,1689,1
33,192,1
33,269,1
33,1926,1
33,2001,1
33,2002,1
33,2128,1
33,2003,1
33,2520,1
33,1998,1
8,8535,1
8,13199,1
8,8533,1
8,8534,1
8,836,1
8,5434,1
8,1689,1
8,11689,1
8,11690,1
8,5879,1
8,5880,1
8,14784,1
4,1394,1
8,5505,1
8,9135,1
8,5506,1
8,5507,1
8,9136,1
8,14786,1
8,2992,1
8,5510,1
8,2994,1
8,2995,1
8,2996,1
8,12414,1
8,8435,1
8,9134,1
8,9132,1
5,10798,1
31,1223,1
31,13137,1
9,15063,1
4,9780,1
8,5435,1
8,5504,1
8,13194,1
8,6648,1
8,13195,1
8,8531,1
8,596,1
8,13198,1
8,2550,1
8,14785,1
8,2551,1
8,486,1
8,9133,1
8,3058,1
8,2552,1
8,2553,1
8,2525,1
8,5432,1
8,5433,1
8,13196,1
8,13197,1
8,595,1
8,13221,1
8,5135,1
8,3431,1
8,9231,1
8,13222,1
8,13223,1
8,13224,1
8,13225,1
8,13226,1
8,13227,1
8,11691,1
8,5629,1
8,3428,1
8,1949,1
8,8436,1
8,9138,1
8,14788,1
8,13236,1
8,13237,1
8,13238,1
8,13239,1
8,9139,1
8,10067,1
8,9140,1
8,12416,1
8,9141,1
8,2773,1
8,11688,1
8,13200,1
8,13201,1
8,13202,1
8,13203,1
8,12415,1
8,9137,1
8,10774,1
8,13204,1
8,13205,1
8,13206,1
8,13207,1
8,13208,1
8,13220,1
8,13210,1
8,13211,1
8,5508,1
8,5509,1
8,13212,1
8,13213,1
8,13214,1
8,11624,1
8,13215,1
8,13216,1
8,13217,1
8,13218,1
8,13219,1
8,13209,1
20,611,1
20,5185,1
20,4479,1
20,4059,1
20,5149,1
20,4471,1
20,4920,1
20,3198,1
20,3663,1
20,4774,1
20,3659,1
20,3660,1
8,8434,1
20,4467,1
20,5156,1
20,4468,1
20,3666,1
20,4244,1
20,4469,1
20,3661,1
20,3664,1
20,5153,1
20,3657,1
20,3588,1
20,3655,1
20,4461,1
20,3658,1
20,4470,1
20,3669,1
20,4482,1
20,3670,1
20,4776,1
20,4315,1
20,4245,1
20,4475,1
20,3968,1
20,4476,1
20,3969,1
20,5157,1
20,3667,1
20,4473,1
20,5158,1
20,3970,1
20,4925,1
20,3390,1
20,3665,1
20,5154,1
20,5155,1
20,4773,1
20,3389,1
20,5175,1
20,5164,1
20,4472,1
20,4481,1
20,3044,1
20,5140,1
20,5141,1
20,4457,1
20,5142,1
20,5143,1
20,5144,1
22,3434,1
22,3435,1
22,5312,1
10,3074,1
10,8002,1
10,3011,1
20,5147,1
32,10072,1
31,1557,1
31,1771,1
31,1150,1
10,3071,1
10,3010,1
10,1575,1
10,3073,1
10,3072,1
8,13191,1
8,13192,1
8,13193,1
8,1707,1
10,3015,1
20,4460,1
20,4462,1
20,6668,1
20,3656,1
20,4465,1
20,4466,1
20,8260,1
20,5151,1
20,5150,1
20,3662,1
20,4246,1
20,4458,1
20,6298,1
20,3652,1
20,5145,1
20,4459,1
20,4463,1
20,3654,1
20,3589,1
20,4464,1
20,3587,1
20,5148,1
20,2845,1
20,5146,1
20,4243,1
20,4456,1
20,3653,1
20,5152,1
8,11632,1
8,6893,1
6,6126,1
4,4906,1
15,4274,1
15,12188,1
15,1969,1
15,5418,1
19,7659,1
15,1858,1
15,4407,1
15,5112,1
8,2997,1
15,14340,1
15,14341,1
15,2989,1
15,6917,1
15,14772,1
15,12354,1
15,14773,1
15,2514,1
15,1970,1
15,1893,1
15,1894,1
15,355,1
15,4905,1
19,6694,1
8,13277,1
19,4904,1
8,3626,1
8,13286,1
8,5511,1
8,3423,1
8,13279,1
8,13280,1
8,13281,1
8,13282,1
8,13283,1
8,2917,1
8,12419,1
8,11631,1
8,13284,1
8,13285,1
19,4289,1
19,5614,1
8,11633,1
8,6894,1
8,6891,1
8,6892,1
8,11629,1
8,11630,1
8,13287,1
8,13288,1
8,8540,1
8,11628,1
9,8698,1
9,13299,1
9,15080,1
9,1905,1
9,2107,1
9,11726,1
9,7445,1
6,10052,1
6,10401,1
6,10402,1
6,10403,1
6,5258,1
15,1971,1
19,11583,1
9,11583,1
6,11581,1
9,1346,1
0,10658,1
0,10651,1
0,10652,1
0,10653,1
0,10654,1
0,10655,1
0,10656,1
0,10657,1
6,5430,1
6,10784,1
15,1972,1
15,10651,1
15,10652,1
15,14343,1
15,14345,1
15,4408,1
15,10900,1
15,324,1
15,325,1
15,12201,1
15,10653,1
15,10654,1
15,12202,1
15,2072,1
15,10656,1
15,14346,1
15,2071,1
15,10906,1
19,9954,1
9,9786,1
15,10657,1
15,10658,1
15,2990,1
15,10913,1
15,9175,1
9,11727,1
15,322,1
15,10655,1
8,13243,1
8,12417,1
8,87,1
8,12418,1
8,9147,1
8,9148,1
8,3000,1
8,3001,1
8,3002,1
8,2998,1
8,2999,1
8,14791,1
8,13276,1
8,4962,1
8,4963,1
8,13244,1
8,13245,1
8,13258,1
8,13259,1
20,2559,1
20,12202,1
20,2990,1
20,10913,1
20,9175,1
8,13252,1
8,13253,1
8,9144,1
8,9142,1
8,10069,1
8,60,1
8,14789,1
8,3430,1
8,9143,1
8,330,1
8,13228,1
8,13229,1
8,13230,1
8,11692,1
8,13231,1
8,13232,1
8,13242,1
8,6649,1
8,13233,1
8,13234,1
8,13235,1
8,13246,1
8,13247,1
8,13248,1
8,13249,1
8,13250,1
8,13251,1
8,8674,1
8,13240,1
8,13241,1
8,11693,1
20,2989,1
8,13260,1
8,13261,1
8,1892,1
8,13262,1
8,11695,1
8,13263,1
8,13264,1
8,13265,1
8,13266,1
8,13267,1
8,4960,1
8,5136,1
8,13254,1
20,4407,1
20,12188,1
8,13268,1
8,8539,1
8,11626,1
8,1908,1
8,13269,1
8,13270,1
8,13271,1
8,13272,1
8,13273,1
8,13274,1
8,13275,1
8,13278,1
8,11625,1
8,8437,1
8,9145,1
8,9146,1
20,2557,1
20,12201,1
20,2558,1
8,11694,1
8,13255,1
8,13256,1
8,13257,1
8,14792,1
8,1599,1
20,14341,1
20,14346,1
20,2071,1
20,10906,1
20,1971,1
20,1972,1
20,2072,1
8,9149,1
8,11627,1
20,4905,1
20,14343,1
20,14345,1
20,10900,1
20,14340,1
20,4408,1
2,6566,1
2,6130,1
2,7673,1
2,6132,1
2,6940,1
2,6133,1
2,1661,1
2,5550,1
20,4264,1
20,4265,1
20,5240,1
20,4533,1
20,4454,1
2,7671,1
2,6935,1
2,3397,1
2,2621,1
2,6936,1
2,6127,1
2,2774,1
2,6128,1
2,6937,1
2,6129,1
2,6567,1
20,5232,1
20,5235,1
2,1364,1
2,6953,1
2,6148,1
2,6134,1
2,6945,1
2,6135,1
2,7675,1
2,1899,1
2,6950,1
2,6951,1
2,6952,1
2,6942,1
2,6938,1
2,7672,1
2,6565,1
2,11001,1
2,6150,1
11,1482,1
11,1430,1
11,1431,1
11,1268,1
11,1269,1
11,1264,1
11,1432,1
2,6131,1
2,5866,1
2,1973,1
2,6939,1
2,8095,1
20,6688,1
20,6687,1
20,5224,1
20,5223,1
20,4262,1
20,6689,1
20,6690,1
20,4522,1
20,4523,1
20,3698,1
20,5225,1
20,3699,1
20,5236,1
20,4782,1
20,6691,1
20,6692,1
20,3394,1
20,4520,1
20,5220,1
20,5221,1
20,6683,1
20,6682,1
20,4781,1
20,4261,1
20,4780,1
20,6684,1
20,4310,1
20,4528,1
20,5636,1
20,4204,1
20,4529,1
20,5237,1
20,5238,1
20,4263,1
20,4530,1
20,4531,1
20,5239,1
20,4532,1
20,6693,1
20,5226,1
20,4527,1
20,5228,1
20,5229,1
20,5227,1
20,4524,1
20,4525,1
20,4526,1
20,7844,1
20,4783,1
20,5233,1
20,5234,1
20,5467,1
20,5230,1
20,5231,1
20,4930,1
2,6579,1
2,6583,1
2,5871,1
2,5677,1
2,15346,1
2,15347,1
2,7684,1
2,6571,1
2,7688,1
2,10063,1
2,7689,1
2,6973,1
2,8094,1
2,6151,1
2,6577,1
2,6157,1
2,7680,1
2,6966,1
2,7687,1
2,6586,1
2,6155,1
2,6584,1
2,6153,1
2,6572,1
2,6158,1
2,6974,1
2,6578,1
2,7692,1
2,8104,1
2,6171,1
2,6166,1
2,6167,1
2,6163,1
2,6164,1
2,7695,1
2,5870,1
2,6961,1
2,6962,1
2,6963,1
2,7686,1
2,6154,1
2,6967,1
2,6968,1
2,8097,1
2,8098,1
2,8099,1
2,6581,1
2,6969,1
2,6970,1
2,6977,1
2,6585,1
2,6156,1
2,6576,1
2,6582,1
2,6587,1
2,6944,1
2,6568,1
2,6570,1
2,6137,1
2,6143,1
2,6569,1
2,6146,1
2,6139,1
2,6941,1
2,6954,1
2,6955,1
2,6956,1
2,6136,1
2,7690,1
2,7677,1
2,5620,1
2,6140,1
2,6943,1
2,6138,1
2,6142,1
2,6958,1
2,6147,1
2,7679,1
2,6947,1
2,7683,1
11,1433,1
11,1127,1
2,5867,1
2,6964,1
2,7685,1
2,8096,1
2,6574,1
2,6141,1
2,5868,1
2,6144,1
2,6972,1
2,5448,1
2,6573,1
2,6948,1
2,6949,1
2,7676,1
2,6152,1
2,6145,1
2,6575,1
2,6580,1
2,6149,1
2,6971,1
2,6965,1
2,7681,1
2,7682,1
2,6946,1
2,7674,1
2,6957,1
2,6960,1
2,7678,1
2,6959,1
20,3682,1
20,3683,1
20,4252,1
20,3391,1
20,5186,1
20,5187,1
20,5181,1
20,3677,1
20,4491,1
20,4484,1
20,4489,1
20,4490,1
20,6685,1
20,7843,1
20,9815,1
20,5179,1
20,3687,1
20,10161,1
20,3684,1
20,10162,1
20,9816,1
20,9242,1
20,9243,1
20,9814,1
20,5178,1
20,5199,1
20,5190,1
20,4503,1
20,4504,1
20,3685,1
20,3679,1
20,4253,1
20,3681,1
20,5184,1
20,5191,1
20,4494,1
20,4495,1
20,5192,1
20,3686,1
20,4492,1
20,6669,1
20,4496,1
20,5632,1
20,6300,1
20,3199,1
20,5189,1
20,5193,1
20,4254,1
20,4493,1
20,4497,1
20,6299,1
20,5183,1
20,5630,1
20,4316,1
20,5194,1
20,4248,1
20,4249,1
20,4250,1
20,4251,1
20,4777,1
20,3671,1
20,5165,1
20,3674,1
20,4478,1
20,5160,1
20,5163,1
20,4477,1
20,4312,1
20,3668,1
20,4480,1
20,3672,1
20,3673,1
20,4314,1
20,4483,1
20,4247,1
20,5166,1
20,4474,1
20,5138,1
20,3974,1
20,3975,1
20,4775,1
20,3676,1
20,3680,1
20,3678,1
20,4487,1
20,3675,1
20,5182,1
20,3973,1
20,5180,1
20,7840,1
20,4488,1
20,5167,1
20,4485,1
20,5170,1
20,5171,1
20,5168,1
20,3971,1
20,5173,1
20,9810,1
20,4486,1
20,5177,1
20,5169,1
20,5162,1
20,4455,1
20,5161,1
20,5174,1
20,4313,1
20,4065,1
20,5159,1
20,5172,1
20,5215,1
20,4926,1
20,4309,1
20,4511,1
20,4517,1
20,4260,1
20,7847,1
20,4317,1
20,3692,1
20,6302,1
20,3694,1
20,5206,1
20,4502,1
20,6303,1
20,6676,1
20,6304,1
20,6677,1
20,4513,1
20,4514,1
20,4515,1
20,3693,1
20,4509,1
20,4510,1
20,6673,1
20,6674,1
20,6675,1
20,5207,1
20,5222,1
20,4521,1
20,6686,1
20,5635,1
20,5218,1
20,5219,1
20,4062,1
20,4063,1
20,3695,1
20,6679,1
20,6680,1
20,6681,1
20,5216,1
20,5214,1
20,3696,1
20,3697,1
20,5217,1
20,4259,1
20,4929,1
20,4928,1
20,4516,1
20,3393,1
20,6678,1
20,4779,1
20,4518,1
20,4519,1
20,5208,1
20,4927,1
20,5634,1
20,4064,1
20,4060,1
20,5197,1
20,4061,1
20,4505,1
20,10163,1
20,10164,1
20,6301,1
20,3592,1
11,1272,1
11,2513,1
11,1136,1
20,5204,1
20,5633,1
20,3688,1
20,3689,1
20,4500,1
20,5195,1
20,4498,1
20,3976,1
20,4921,1
20,1698,1
20,5198,1
20,3392,1
20,10925,1
20,4501,1
11,931,1
20,5202,1
20,5205,1
20,3590,1
20,5209,1
20,5210,1
20,5211,1
20,5212,1
20,5213,1
20,4778,1
20,5200,1
20,5196,1
20,5201,1
20,3690,1
20,4499,1
20,4256,1
20,6672,1
20,6671,1
20,3593,1
20,4257,1
20,4258,1
20,3651,1
20,3691,1
20,5203,1
20,4508,1
20,4506,1
20,4507,1
20,3591,1
20,4255,1
22,15121,1
22,15122,1
22,2773,1
22,13204,1
22,15123,1
22,15124,1
22,13205,1
22,13206,1
22,15125,1
22,13207,1
22,15108,1
22,13224,1
6,8091,1
22,13226,1
22,15109,1
22,13227,1
22,15110,1
22,11691,1
22,13208,1
22,3428,1
22,15111,1
22,15112,1
22,13361,1
22,15113,1
22,15114,1
22,13217,1
22,13225,1
22,13363,1
22,15133,1
22,15134,1
22,15135,1
22,15136,1
22,15137,1
22,15126,1
22,13362,1
22,13210,1
22,15127,1
22,15128,1
22,13211,1
22,5504,1
22,15120,1
22,5505,1
22,9135,1
22,5506,1
22,5507,1
22,9136,1
22,2992,1
22,2552,1
22,2553,1
22,15115,1
22,15116,1
22,15117,1
22,15118,1
22,15119,1
22,9134,1
22,13215,1
22,15093,1
22,13201,1
22,11689,1
22,11690,1
22,15094,1
22,15095,1
22,5879,1
22,5880,1
22,2964,1
22,15096,1
22,15097,1
22,13218,1
22,836,1
22,5434,1
22,1689,1
22,5435,1
22,5433,1
22,5432,1
22,13196,1
22,13197,1
22,13198,1
22,8434,1
22,9132,1
22,11688,1
22,13200,1
22,2550,1
22,13219,1
22,13220,1
22,13221,1
22,13209,1
22,13222,1
22,13223,1
22,15107,1
22,15101,1
22,15102,1
22,15103,1
22,15104,1
22,15105,1
22,15106,1
22,11624,1
22,5691,1
22,2551,1
22,9133,1
22,1767,1
22,3058,1
22,2525,1
22,13360,1
22,13212,1
22,15098,1
22,13213,1
22,15099,1
22,15100,1
22,13214,1
22,13216,1
22,15176,1
22,15177,1
22,15178,1
22,13247,1
22,10069,1
22,13248,1
22,15179,1
22,15180,1
22,13249,1
22,15181,1
22,15182,1
22,15183,1
22,13232,1
22,15173,1
22,13246,1
22,15167,1
22,15168,1
22,11693,1
22,5508,1
22,5509,1
22,5510,1
22,5285,1
22,2994,1
22,2995,1
22,2996,1
22,9137,1
22,13250,1
22,15196,1
22,8436,1
22,9138,1
22,9139,1
22,9140,1
22,6890,1
22,9141,1
22,2997,1
22,9142,1
22,13255,1
22,15197,1
22,15184,1
22,15185,1
22,15175,1
22,15187,1
22,15188,1
22,13251,1
22,13252,1
22,13253,1
22,13254,1
22,3430,1
22,3431,1
22,15189,1
22,15190,1
22,15191,1
22,15192,1
22,15174,1
22,15186,1
22,15152,1
22,15153,1
22,13240,1
22,13241,1
22,13242,1
22,15138,1
22,15139,1
22,13233,1
22,15140,1
22,13234,1
22,15141,1
22,15142,1
22,15143,1
22,15169,1
22,15145,1
22,13235,1
22,13236,1
22,13230,1
22,15146,1
22,13237,1
22,8435,1
22,1949,1
22,15129,1
22,15130,1
22,15131,1
22,13229,1
22,15132,1
22,15144,1
22,15170,1
22,15171,1
22,13245,1
22,15172,1
22,15154,1
22,15155,1
22,15156,1
22,15157,1
22,13243,1
22,15158,1
22,15159,1
22,15160,1
22,15161,1
22,13239,1
22,15163,1
22,15164,1
22,15165,1
22,15166,1
22,11692,1
22,13231,1
22,13228,1
22,15147,1
22,13238,1
22,15148,1
22,15149,1
22,15150,1
22,15151,1
22,15162,1
5,2443,1
5,2442,1
5,1946,1
5,2015,1
5,2016,1
5,2017,1
5,2220,1
5,2221,1
5,301,1
5,2082,1
5,2441,1
5,2285,1
22,13202,1
5,2765,1
5,2129,1
5,2008,1
5,2286,1
5,1927,1
5,2018,1
5,2019,1
5,2521,1
5,2130,1
5,2991,1
5,2281,1
5,2011,1
5,2012,1
5,1571,1
5,208,1
5,191,1
5,1689,1
5,192,1
5,269,1
5,1926,1
5,2440,1
5,2439,1
5,2007,1
5,2002,1
5,2128,1
5,2003,1
5,2520,1
5,2219,1
5,2005,1
5,1945,1
5,2000,1
5,2280,1
5,2009,1
5,2010,1
5,2080,1
5,2006,1
5,596,1
5,595,1
5,443,1
5,2081,1
5,1947,1
5,2004,1
5,2519,1
5,2225,1
5,272,1
5,273,1
5,2282,1
5,2131,1
36,1689,1
14,1863,1
5,2288,1
5,2448,1
5,3059,1
5,3211,1
5,2522,1
5,1832,1
5,2031,1
5,1930,1
5,2138,1
5,2449,1
5,1931,1
5,1948,1
5,6460,1
5,2444,1
4,1391,1
4,1349,1
4,979,1
4,980,1
5,1950,1
5,2013,1
5,2014,1
5,2283,1
5,2132,1
5,1831,1
5,2217,1
5,2218,1
5,2284,1
5,2133,1
5,2020,1
5,2021,1
5,150,1
5,1928,1
5,2030,1
5,2134,1
5,866,1
5,2083,1
5,1398,1
5,2139,1
5,2023,1
5,1929,1
5,2024,1
5,2025,1
5,2026,1
5,2027,1
5,2028,1
5,2029,1
5,2022,1
28,13365,1
28,13366,1
28,11695,1
28,13367,1
28,8434,1
28,11688,1
28,11689,1
28,11690,1
28,14788,1
28,5691,1
28,13360,1
28,11691,1
5,1661,1
17,6054,1
17,10006,1
17,7562,1
0,1893,1
0,1894,1
17,1390,1
17,1392,1
17,1393,1
17,1352,1
17,4010,1
17,6039,1
17,1293,1
17,1294,1
28,13359,1
22,13203,1
22,8531,1
22,15088,1
22,13194,1
22,13195,1
22,8535,1
22,15089,1
22,15090,1
22,15091,1
22,13359,1
22,13199,1
22,8533,1
22,8534,1
28,13364,1
22,13192,1
22,13193,1
22,1707,1
22,13191,1
28,13362,1
28,13363,1
28,15138,1
28,11692,1
28,11693,1
28,5285,1
28,15175,1
28,11694,1
28,15199,1
22,15092,1
9,6460,1
9,8011,1
9,6552,1
9,6009,1
5,2001,1
5,1707,1
5,2215,1
5,2518,1
5,179,1
5,1994,1
5,1995,1
5,300,1
5,836,1
17,1384,1
5,807,1
5,1907,1
5,1996,1
5,2278,1
9,4384,1
5,2438,1
5,1997,1
5,82,1
5,470,1
5,471,1
5,2279,1
5,1998,1
5,1999,1
5,1701,1
17,1236,1
17,1237,1
17,1238,1
17,6053,1
9,10110,1
9,6461,1
9,4279,1
9,10979,1
9,10138,1
9,10980,1
9,4383,1
9,4280,1
9,4281,1
5,817,1
9,4283,1
4,8258,1
9,4385,1
9,4386,1
9,4284,1
9,10111,1
9,10112,1
9,5119,1
9,4285,1
5,1279,1
5,1223,1
5,1925,1
5,893,1
9,4282,1
6,10731,1
6,10732,1
6,11685,1
6,8035,1
6,8036,1
6,10717,1
6,8037,1
6,8038,1
6,8519,1
6,8039,1
6,8040,1
6,10718,1
22,13244,1
6,10720,1
6,9716,1
6,9717,1
6,10716,1
6,4300,1
6,4193,1
6,3939,1
6,4301,1
6,6537,1
6,6538,1
6,6539,1
6,6540,1
6,8010,1
6,10719,1
6,5429,1
6,3643,1
6,4194,1
6,4195,1
6,6542,1
6,6543,1
6,6544,1
6,6545,1
6,10733,1
6,11686,1
6,8045,1
6,8046,1
6,8047,1
6,10730,1
6,8041,1
6,8042,1
6,10721,1
6,10722,1
6,10723,1
6,10724,1
6,8043,1
6,8044,1
6,10725,1
6,10726,1
6,10727,1
6,10728,1
6,10729,1
6,8048,1
6,11684,1
6,8033,1
6,10706,1
6,6527,1
6,6528,1
6,6529,1
6,6530,1
6,6531,1
6,6532,1
6,6533,1
6,6534,1
6,6535,1
6,6541,1
6,8027,1
6,8028,1
6,10697,1
6,10698,1
6,10684,1
6,10685,1
6,10686,1
6,10687,1
6,10688,1
6,10689,1
6,10690,1
6,10691,1
6,10692,1
6,6536,1
6,5117,1
6,8518,1
6,10707,1
6,11683,1
6,10708,1
6,10709,1
6,9715,1
6,9714,1
6,10710,1
6,8034,1
6,10711,1
6,10060,1
6,10712,1
6,10705,1
6,10714,1
6,10715,1
6,10699,1
6,10700,1
6,8029,1
6,8030,1
6,8031,1
6,10701,1
6,10702,1
6,8032,1
6,10703,1
6,6430,1
6,10704,1
6,10713,1
6,8075,1
6,8076,1
6,8077,1
6,10758,1
6,10759,1
6,8078,1
6,10760,1
6,4381,1
6,6548,1
6,8079,1
6,8080,1
6,10761,1
6,5428,1
6,8066,1
6,8067,1
6,10754,1
6,8068,1
6,8069,1
6,8070,1
6,8071,1
6,8072,1
6,10755,1
6,10756,1
6,10757,1
6,8502,1
6,4380,1
6,8065,1
6,8092,1
6,10768,1
6,6551,1
6,4382,1
6,8093,1
14,11681,1
6,6550,1
6,8089,1
6,8090,1
6,10762,1
6,8081,1
6,8082,1
6,8083,1
6,8074,1
6,10764,1
6,10765,1
6,10766,1
6,8084,1
6,8085,1
6,4202,1
6,6549,1
6,8086,1
6,8087,1
6,8088,1
6,10767,1
6,8504,1
6,8073,1
6,10763,1
6,10745,1
6,10746,1
6,14777,1
6,9718,1
6,10739,1
6,10740,1
6,4196,1
6,4197,1
6,4198,1
6,4199,1
6,6918,1
6,6546,1
6,10066,1
6,8503,1
6,8053,1
6,8049,1
6,8050,1
6,10734,1
6,10735,1
6,10736,1
6,9719,1
6,9720,1
6,9721,1
6,9722,1
6,8051,1
6,10737,1
6,10738,1
6,8052,1
6,10747,1
6,10748,1
6,10749,1
6,10750,1
6,10751,1
6,10752,1
6,4412,1
6,4200,1
6,4201,1
6,6547,1
6,4379,1
6,10753,1
6,8061,1
6,10744,1
6,8063,1
6,8064,1
6,8054,1
6,8055,1
6,8056,1
6,8057,1
6,8058,1
6,8059,1
6,9723,1
6,10741,1
6,8060,1
6,10742,1
6,10743,1
6,8062,1
22,15232,1
22,13258,1
22,15233,1
22,15234,1
22,11626,1
22,15235,1
22,15236,1
22,13269,1
22,13270,1
22,15237,1
22,15238,1
22,13271,1
6,10693,1
22,9148,1
22,3000,1
22,3001,1
22,3002,1
22,8539,1
22,15222,1
22,15223,1
22,15224,1
22,15225,1
22,15226,1
22,15227,1
22,15228,1
22,15229,1
22,13268,1
22,15247,1
22,13279,1
22,11628,1
22,13284,1
22,5511,1
22,3423,1
22,13367,1
22,15248,1
22,15249,1
22,15250,1
22,13286,1
22,13272,1
22,13273,1
22,15231,1
22,13275,1
22,13276,1
22,15239,1
22,15240,1
22,13278,1
22,13277,1
22,4960,1
22,9149,1
22,15241,1
22,15242,1
22,15243,1
22,15244,1
22,15245,1
22,13274,1
22,13257,1
22,15206,1
22,15207,1
22,15208,1
22,15209,1
22,15210,1
22,15211,1
22,13364,1
22,10134,1
22,10135,1
22,15212,1
22,13365,1
22,15230,1
22,15213,1
22,11694,1
22,15198,1
22,15199,1
22,15200,1
22,15201,1
22,15202,1
22,15203,1
22,15204,1
22,13256,1
22,15193,1
22,15194,1
22,15195,1
22,11625,1
22,11695,1
22,13263,1
22,13264,1
22,13265,1
22,13266,1
22,13267,1
22,15219,1
22,15220,1
22,15221,1
22,8437,1
22,9145,1
22,9146,1
22,9147,1
22,15205,1
22,2998,1
22,2999,1
22,9144,1
22,13259,1
22,13260,1
22,15214,1
22,13261,1
22,13366,1
22,15215,1
22,15216,1
22,15217,1
22,15218,1
22,13262,1
22,9143,1
6,8017,1
6,10057,1
6,10667,1
6,10668,1
6,10669,1
6,8018,1
6,8019,1
6,8020,1
6,8021,1
6,10670,1
6,4192,1
6,5115,1
22,15246,1
6,6519,1
6,6520,1
6,6521,1
6,6522,1
6,6523,1
6,6524,1
6,6525,1
6,6526,1
6,4410,1
6,10666,1
6,1741,1
6,10660,1
6,10661,1
6,6518,1
6,10694,1
6,10695,1
6,10696,1
6,4297,1
6,4298,1
6,4299,1
6,10675,1
6,8023,1
6,10058,1
6,10676,1
6,10677,1
6,10678,1
6,10679,1
6,8016,1
6,10681,1
6,10682,1
6,8024,1
6,8025,1
6,8026,1
6,10683,1
6,8022,1
6,10671,1
6,10672,1
6,10673,1
6,10674,1
6,8014,1
6,8015,1
6,10680,1
14,11716,1
14,4770,1
22,11633,1
22,15255,1
22,15256,1
22,15257,1
22,6893,1
22,15258,1
22,13285,1
22,2917,1
22,11629,1
22,11630,1
22,15251,1
6,9713,1
22,13288,1
22,15252,1
22,8540,1
22,15253,1
22,11631,1
22,11632,1
22,15254,1
22,6891,1
22,6892,1
22,13282,1
22,13283,1
22,13280,1
22,13281,1
22,13287,1
6,6516,1
6,6517,1
6,12408,1
6,10662,1
6,2700,1
6,10663,1
6,8013,1
6,10664,1
6,10665,1
6,4191,1
6,3537,1
6,6515,1
6,5284,1
22,15264,1
6,6125,1
6,10659,1
0,1959,1
0,2099,1
0,2917,1
0,2518,1
0,1466,1
22,6894,1
22,15259,1
22,15260,1
22,15261,1
22,15262,1
22,15263,1
6,2545,1
19,12433,1
19,12434,1
25,805,1
25,947,1
25,1056,1
25,1057,1
25,946,1
25,915,1
25,925,1
25,3408,1
25,986,1
25,1156,1
14,2447,1
25,579,1
25,1245,1
19,14148,1
19,14813,1
19,12148,1
19,12144,1
25,533,1
25,631,1
25,903,1
25,713,1
25,983,1
25,1153,1
25,740,1
25,1058,1
25,958,1
25,1163,1
25,1249,1
19,12435,1
19,14811,1
25,1246,1
25,1158,1
25,985,1
25,948,1
25,949,1
25,950,1
25,951,1
25,916,1
19,12432,1
25,959,1
25,1159,1
25,7670,1
25,1244,1
25,1060,1
25,1059,1
25,1157,1
25,926,1
19,11398,1
19,14144,1
19,11395,1
19,11401,1
19,12431,1
25,990,1
9,1035,1
9,1213,1
9,1036,1
9,1037,1
9,1038,1
9,1262,1
9,1104,1
9,1199,1
9,1112,1
9,968,1
9,1202,1
9,1108,1
25,698,1
9,1025,1
9,970,1
9,969,1
9,1120,1
9,1121,1
9,1267,1
9,966,1
9,1097,1
9,965,1
9,1260,1
9,1188,1
9,1185,1
9,1101,1
9,1024,1
25,944,1
25,1155,1
25,1154,1
25,984,1
9,1039,1
9,931,1
9,1214,1
38,6713,1
19,14812,1
19,11403,1
19,12137,1
19,12436,1
19,12437,1
9,1034,1
19,11407,1
19,11408,1
19,11409,1
9,1208,1
9,1347,1
9,1128,1
9,520,1
9,1028,1
9,1357,1
9,1031,1
9,1032,1
9,971,1
9,1271,1
19,12439,1
25,1079,1
25,997,1
25,1080,1
25,962,1
25,1075,1
25,2208,1
25,1002,1
25,1180,1
25,2121,1
25,1564,1
25,928,1
25,1087,1
25,957,1
25,1073,1
25,1074,1
25,1174,1
25,1175,1
25,1076,1
25,1003,1
25,1078,1
25,2560,1
25,904,1
25,999,1
25,1081,1
25,1082,1
25,961,1
25,1699,1
25,1086,1
25,1088,1
25,1176,1
25,1000,1
25,1004,1
25,81,1
25,1083,1
25,1007,1
25,1093,1
25,1094,1
25,1005,1
25,1085,1
25,1853,1
25,1373,1
25,1181,1
25,1179,1
25,1609,1
25,1610,1
25,1637,1
25,1548,1
25,1072,1
25,1305,1
25,1001,1
25,1306,1
25,1084,1
25,1303,1
25,1177,1
25,1304,1
25,996,1
25,989,1
25,1062,1
25,1161,1
25,1160,1
25,1170,1
25,832,1
25,1061,1
25,1252,1
25,2615,1
25,993,1
25,995,1
25,1070,1
25,960,1
25,1251,1
25,952,1
25,991,1
25,992,1
25,953,1
25,1063,1
25,954,1
25,955,1
25,956,1
25,987,1
25,988,1
25,1168,1
25,1250,1
25,1255,1
25,994,1
25,1247,1
25,1071,1
25,1165,1
25,1254,1
25,1256,1
25,998,1
25,1077,1
25,1172,1
25,927,1
25,1173,1
25,963,1
25,1171,1
25,1166,1
25,1167,1
25,1067,1
25,1068,1
25,1069,1
25,1064,1
25,1253,1
25,1162,1
25,1248,1
25,1164,1
25,1065,1
25,1169,1
25,1302,1
25,1066,1
12,12617,1
12,15011,1
12,12618,1
12,15010,1
12,12619,1
12,12614,1
12,12611,1
12,14994,1
12,14988,1
12,14989,1
12,15003,1
12,15002,1
9,1092,1
12,11659,1
12,12609,1
12,12606,1
12,12604,1
12,12605,1
12,15005,1
12,15006,1
12,15007,1
12,12612,1
12,14997,1
12,9812,1
12,14995,1
12,12585,1
12,12603,1
12,15017,1
12,15018,1
12,11658,1
12,12622,1
12,12623,1
12,12625,1
12,15012,1
12,15013,1
12,15014,1
12,15809,1
12,12624,1
12,12626,1
12,15015,1
12,12616,1
12,12628,1
12,12629,1
12,12630,1
12,12632,1
12,12607,1
12,12608,1
12,15004,1
12,12613,1
12,12620,1
12,12621,1
12,15009,1
12,15008,1
12,12615,1
12,12627,1
12,12597,1
12,10072,1
12,14993,1
12,12584,1
12,14987,1
12,14992,1
12,14991,1
12,14985,1
12,14986,1
12,14977,1
12,12574,1
12,12576,1
12,12586,1
12,14973,1
12,14984,1
12,14978,1
12,12582,1
12,12583,1
12,14979,1
12,12577,1
12,12578,1
12,15805,1
12,14982,1
12,14983,1
12,12572,1
12,12575,1
12,11656,1
12,12587,1
12,12588,1
12,12589,1
12,12590,1
12,12591,1
12,12601,1
12,12602,1
12,12610,1
12,14998,1
12,14999,1
12,15000,1
12,15001,1
12,15806,1
12,12596,1
12,15808,1
12,12600,1
12,14990,1
12,12592,1
12,12593,1
12,12594,1
12,12598,1
12,12599,1
12,14996,1
12,12579,1
12,12580,1
12,12581,1
12,12595,1
12,15807,1
9,1174,1
9,1076,1
9,1075,1
9,484,1
9,904,1
9,1001,1
9,1460,1
9,961,1
9,1079,1
19,5657,1
9,955,1
9,956,1
12,12643,1
9,988,1
9,957,1
9,958,1
9,1547,1
9,1064,1
9,989,1
9,1169,1
9,1171,1
9,960,1
9,1255,1
9,1071,1
9,992,1
9,953,1
9,987,1
9,1102,1
9,1018,1
9,1019,1
9,1014,1
9,1103,1
9,500,1
9,1374,1
9,1080,1
9,962,1
9,1003,1
9,1086,1
9,1088,1
9,1004,1
9,1074,1
9,1183,1
9,1184,1
9,1178,1
9,1182,1
9,1187,1
9,967,1
9,1549,1
9,1095,1
9,964,1
9,995,1
9,1256,1
9,1172,1
9,994,1
9,1005,1
12,12644,1
12,12645,1
12,12646,1
12,15019,1
12,15020,1
12,12647,1
12,15022,1
12,15021,1
12,12648,1
12,15023,1
12,15024,1
9,713,1
9,983,1
9,556,1
12,12633,1
12,15810,1
12,12634,1
12,12631,1
12,12635,1
12,12636,1
12,12639,1
12,15016,1
12,12637,1
12,12638,1
12,12641,1
12,12642,1
12,12640,1
9,944,1
9,954,1
19,14814,1
19,14815,1
19,14816,1
19,14146,1
19,12152,1
19,12440,1
19,12441,1
19,12442,1
19,11404,1
19,12146,1
19,14817,1
19,5972,1
9,991,1
9,1056,1
9,1057,1
9,946,1
9,984,1
9,948,1
9,1165,1
9,949,1
9,950,1
9,626,1
9,951,1
9,990,1
9,1159,1
9,952,1
9,1059,1
19,3471,1
19,6306,1
19,3475,1
19,3473,1
19,3478,1
19,3480,1
19,3479,1
19,3466,1
24,3991,1
24,1739,1
24,1839,1
24,1840,1
25,1089,1
24,2102,1
10,10799,1
24,1771,1
24,1618,1
24,2920,1
10,13478,1
10,15032,1
10,15033,1
24,5503,1
10,12652,1
18,513,1
18,514,1
15,4813,1
24,2919,1
19,4288,1
19,3503,1
19,2960,1
19,3502,1
19,3506,1
19,7466,1
19,3499,1
19,3500,1
19,3501,1
19,3482,1
19,3485,1
19,3483,1
19,3486,1
19,3469,1
19,3481,1
19,3934,1
19,4045,1
19,6307,1
19,7465,1
19,3493,1
19,3496,1
19,4784,1
19,3468,1
19,3470,1
19,3472,1
19,3638,1
19,3467,1
19,3476,1
19,14796,1
19,11393,1
19,12425,1
19,14804,1
19,12141,1
1,3945,1
1,13584,1
19,12134,1
19,14798,1
19,11388,1
19,14799,1
19,12420,1
38,493,1
19,8361,1
19,14805,1
19,14806,1
19,14807,1
19,11394,1
19,12427,1
10,4811,1
10,4812,1
19,12140,1
19,14801,1
19,14802,1
19,12423,1
19,12424,1
19,2665,1
38,1733,1
38,5663,1
19,14138,1
19,11634,1
19,12136,1
19,12135,1
19,6900,1
19,14797,1
19,11390,1
15,4963,1
19,14793,1
19,14794,1
15,1599,1
19,5491,1
15,1692,1
15,1487,1
19,11391,1
19,12421,1
19,11389,1
19,14800,1
19,12422,1
19,9997,1
10,15080,1
19,14795,1
19,10395,1
19,11387,1
19,713,1
15,4962,1
24,1617,1
24,91,1
24,180,1
24,185,1
24,254,1
24,370,1
33,10415,1
33,9909,1
33,10416,1
33,85,1
24,1838,1
24,1666,1
19,4292,1
33,8394,1
33,10409,1
33,11228,1
33,10413,1
33,10410,1
33,8396,1
33,10411,1
33,10282,1
33,8393,1
33,11256,1
33,11534,1
33,10283,1
33,8409,1
24,1667,1
24,336,1
24,188,1
24,107,1
24,41,1
24,238,1
24,141,1
24,178,1
24,303,1
24,298,1
24,299,1
24,207,1
24,150,1
24,1273,1
24,1616,1
24,227,1
24,229,1
24,75,1
24,89,1
24,296,1
24,253,1
24,200,1
24,259,1
24,306,1
24,226,1
24,274,1
24,169,1
24,300,1
24,327,1
19,3519,1
19,3525,1
19,3527,1
19,3528,1
19,3523,1
19,3524,1
19,3520,1
19,3529,1
19,3530,1
19,3504,1
19,4294,1
19,3497,1
19,3507,1
33,8416,1
19,3510,1
19,3511,1
19,3513,1
19,3514,1
19,3515,1
19,4785,1
19,3512,1
19,3508,1
19,3936,1
19,3641,1
19,3495,1
19,4290,1
19,4291,1
19,3509,1
33,11285,1
33,11274,1
24,2179,1
24,1788,1
24,1713,1
24,3990,1
19,4296,1
19,3535,1
19,3536,1
33,8379,1
33,8376,1
33,10276,1
19,3526,1
19,3518,1
19,3363,1
19,3531,1
19,3532,1
19,3533,1
19,3534,1
24,1645,1
24,1819,1
24,1820,1
19,3348,1
19,3521,1
19,3522,1
19,3516,1
19,3517,1
19,5114,1
25,1020,1
25,1310,1
25,1195,1
25,1262,1
25,1105,1
25,1311,1
25,1196,1
19,11402,1
25,1192,1
25,1193,1
25,896,1
25,1018,1
19,14803,1
25,1194,1
25,1013,1
25,1191,1
25,1014,1
25,1103,1
25,1011,1
25,1012,1
25,1566,1
19,12147,1
19,14141,1
19,12430,1
19,14142,1
19,14143,1
25,1019,1
25,1113,1
25,1114,1
25,1109,1
25,1110,1
25,1111,1
25,1115,1
25,1116,1
25,1117,1
25,1107,1
25,1021,1
25,1022,1
25,1263,1
25,1198,1
25,1428,1
25,968,1
25,1429,1
25,1200,1
25,1201,1
25,1482,1
25,1197,1
25,1106,1
25,1374,1
25,1261,1
25,1811,1
25,1108,1
25,1426,1
25,1427,1
25,1199,1
25,1188,1
25,1190,1
25,1101,1
25,1092,1
25,1104,1
25,1536,1
25,1565,1
25,1189,1
25,1309,1
25,1183,1
25,1184,1
25,1854,1
19,11399,1
25,1006,1
25,1182,1
25,1185,1
25,1638,1
25,1260,1
25,1186,1
25,1307,1
25,1308,1
25,1091,1
25,1187,1
25,1259,1
25,1257,1
25,1258,1
25,1178,1
19,11400,1
19,5259,1
19,6354,1
19,5656,1
19,6336,1
19,14810,1
25,967,1
25,1097,1
25,1098,1
25,929,1
25,1524,1
25,1096,1
25,1102,1
25,965,1
25,1016,1
25,1017,1
25,1099,1
25,1015,1
25,930,1
25,1008,1
25,1009,1
25,1010,1
25,1549,1
25,964,1
25,966,1
25,1095,1
25,1090,1
25,1100,1
25,1640,1
25,1213,1
25,1132,1
25,2617,1
25,1036,1
25,1037,1
25,1133,1
25,1134,1
25,1135,1
25,1136,1
25,1038,1
25,1039,1
25,1112,1
25,1210,1
25,1319,1
25,1317,1
25,1318,1
25,1033,1
25,1031,1
25,1032,1
25,971,1
25,1639,1
25,1270,1
25,1212,1
25,1271,1
25,1211,1
25,931,1
19,11392,1
19,12142,1
19,14808,1
19,14809,1
10,722,1
10,4573,1
19,14140,1
19,14139,1
19,11396,1
19,12138,1
19,12426,1
19,12139,1
25,1322,1
25,1272,1
25,1324,1
25,1214,1
25,1040,1
25,1041,1
25,1325,1
25,1326,1
25,1327,1
33,234,1
19,14145,1
19,12428,1
19,12429,1
25,1131,1
25,1035,1
25,1323,1
25,1513,1
25,1888,1
25,1124,1
25,1125,1
25,1127,1
25,1118,1
25,1119,1
25,1202,1
25,1026,1
25,1122,1
25,1203,1
25,1204,1
25,1205,1
25,1320,1
25,1267,1
25,1315,1
25,1265,1
25,1266,1
25,1207,1
25,1024,1
25,1025,1
25,5280,1
25,1023,1
25,1264,1
25,1312,1
25,1313,1
25,1314,1
25,1206,1
25,1321,1
19,2664,1
25,5690,1
25,1209,1
25,1126,1
25,1347,1
25,1123,1
25,719,1
25,1128,1
25,1029,1
25,1028,1
25,1432,1
25,1433,1
25,969,1
25,1316,1
25,1129,1
25,1130,1
25,1027,1
25,1120,1
25,1121,1
25,1208,1
25,1357,1
25,1430,1
25,1431,1
25,1268,1
25,1269,1
25,970,1
25,1030,1
10,5177,1
10,4312,1
10,4920,1
10,5172,1
10,5170,1
10,4481,1
10,4470,1
10,3682,1
10,3683,1
10,4467,1
10,4471,1
10,5160,1
12,14961,1
10,4314,1
10,3658,1
10,4246,1
10,4244,1
10,3659,1
10,3660,1
10,3661,1
10,3657,1
19,14836,1
19,14837,1
10,5166,1
10,4776,1
10,4059,1
10,4775,1
10,3675,1
10,5466,1
10,6669,1
10,4479,1
10,4482,1
10,4473,1
10,611,1
10,3670,1
10,4486,1
10,4485,1
10,4245,1
10,5161,1
10,5162,1
10,5165,1
10,5184,1
10,4313,1
10,3973,1
10,3971,1
10,5176,1
10,5138,1
10,5163,1
10,5164,1
10,4472,1
10,4477,1
10,3664,1
10,3666,1
10,3678,1
10,5182,1
10,5152,1
10,4476,1
10,4483,1
10,3969,1
10,4464,1
10,4925,1
10,4463,1
10,4460,1
10,4462,1
10,4454,1
10,3588,1
10,3655,1
10,5149,1
10,3198,1
10,3389,1
10,3390,1
10,3970,1
10,5157,1
10,4247,1
10,3668,1
10,4457,1
10,5142,1
10,4458,1
10,5144,1
10,6298,1
10,4774,1
10,6668,1
10,4468,1
10,2503,1
10,5151,1
10,3663,1
10,5154,1
10,5155,1
10,4773,1
10,4469,1
10,8260,1
10,5153,1
10,5156,1
10,3665,1
19,12155,1
10,3662,1
19,14832,1
19,14833,1
19,6860,1
19,14834,1
19,14835,1
10,4474,1
10,3667,1
10,3968,1
10,4475,1
10,5158,1
10,3589,1
10,3587,1
10,3656,1
19,12458,1
10,4777,1
10,5633,1
10,8261,1
10,4492,1
10,3391,1
10,4499,1
10,3685,1
10,4494,1
10,7842,1
10,6670,1
10,10159,1
10,4495,1
10,4487,1
10,5195,1
10,4253,1
10,5632,1
10,4496,1
10,5183,1
10,4491,1
10,7843,1
10,2658,1
19,11416,1
19,12457,1
10,5193,1
10,5194,1
10,4489,1
10,5192,1
10,4505,1
10,5196,1
10,4506,1
10,4507,1
10,3591,1
10,3692,1
10,3592,1
10,3686,1
10,5198,1
10,3199,1
10,6300,1
10,6671,1
10,3688,1
10,3681,1
10,5201,1
10,5200,1
10,4061,1
10,4500,1
10,3651,1
10,7459,1
10,3687,1
10,3684,1
10,4498,1
10,4315,1
10,7458,1
10,4254,1
10,6299,1
10,3689,1
10,4316,1
10,7841,1
10,4248,1
10,5179,1
10,5181,1
10,4250,1
10,4251,1
10,5189,1
10,3974,1
10,5178,1
10,5168,1
10,5180,1
10,11770,1
10,5190,1
10,3676,1
10,4478,1
10,3674,1
10,5169,1
10,4455,1
10,5171,1
10,5167,1
10,4490,1
10,5174,1
10,3669,1
10,3672,1
10,3673,1
10,5159,1
10,4480,1
10,3677,1
10,4252,1
10,5191,1
10,5186,1
10,5187,1
10,3679,1
10,4488,1
10,5188,1
10,4484,1
10,3976,1
10,3975,1
10,4249,1
10,3680,1
10,11053,1
10,4493,1
10,4497,1
19,14149,1
19,14831,1
19,11413,1
19,11638,1
19,11415,1
10,5175,1
10,5173,1
10,5185,1
10,7840,1
10,4065,1
10,11052,1
10,3671,1
19,12464,1
19,14865,1
19,14855,1
19,6426,1
19,12462,1
19,12162,1
19,14156,1
19,11425,1
19,14856,1
19,14857,1
19,14858,1
35,1925,1
10,5147,1
35,893,1
35,1701,1
35,1995,1
35,2278,1
35,807,1
35,1994,1
35,1999,1
19,11426,1
19,14863,1
19,14864,1
19,5990,1
35,1996,1
35,1998,1
35,2215,1
9,10407,1
9,8369,1
9,8370,1
9,11459,1
19,14854,1
19,14154,1
19,14846,1
19,14847,1
19,12460,1
19,14848,1
19,14849,1
19,5673,1
19,14859,1
19,12463,1
19,14158,1
19,14860,1
19,14861,1
19,14862,1
19,12461,1
19,6424,1
19,14850,1
19,12161,1
19,14851,1
19,14153,1
19,14155,1
19,14852,1
19,14853,1
19,14157,1
35,2522,1
35,14235,1
35,2441,1
35,2131,1
35,2023,1
35,2520,1
35,2029,1
35,2021,1
35,1929,1
35,2442,1
35,2020,1
35,2007,1
35,2279,1
35,2013,1
35,1951,1
35,2082,1
35,2445,1
35,2223,1
35,2449,1
35,2133,1
35,2285,1
35,2024,1
35,2221,1
35,2019,1
35,2010,1
35,2011,1
35,2438,1
35,2000,1
35,1661,1
35,2129,1
35,2006,1
35,1926,1
35,2080,1
35,2004,1
35,2008,1
35,2440,1
35,1997,1
35,2280,1
35,2220,1
35,2005,1
35,2524,1
35,2001,1
35,2003,1
35,1945,1
35,2521,1
35,2439,1
35,2009,1
35,2130,1
35,1928,1
35,2025,1
35,2022,1
35,2028,1
35,2012,1
35,2015,1
35,2128,1
19,11420,1
19,10401,1
19,10402,1
19,10403,1
19,14839,1
21,6595,1
21,5874,1
21,13180,1
21,13181,1
21,8117,1
21,9830,1
21,13182,1
9,10405,1
21,7274,1
21,7275,1
21,8753,1
21,7276,1
21,7022,1
21,7277,1
21,7023,1
21,5871,1
21,8438,1
21,5872,1
21,11048,1
21,6580,1
21,15780,1
21,5876,1
10,4461,1
10,5148,1
10,4465,1
10,4466,1
10,3654,1
10,5146,1
10,2845,1
10,5150,1
21,7279,1
21,7280,1
21,7281,1
10,4456,1
10,3652,1
19,11419,1
10,5140,1
10,3653,1
10,4243,1
10,5141,1
10,5145,1
10,4459,1
10,6309,1
21,7278,1
19,14838,1
19,12157,1
19,12158,1
19,12159,1
19,11418,1
10,5143,1
19,12459,1
19,14843,1
19,14844,1
19,14845,1
19,11639,1
19,12160,1
9,8384,1
9,10412,1
9,10048,1
9,10414,1
9,6004,1
9,11541,1
9,8423,1
21,13176,1
21,9150,1
21,6936,1
21,10166,1
21,9151,1
21,6567,1
21,9827,1
21,10189,1
9,8410,1
9,8411,1
9,10406,1
9,10408,1
9,8377,1
9,8383,1
21,8665,1
21,13177,1
21,13178,1
21,15057,1
21,15056,1
21,11766,1
21,3214,1
19,11424,1
21,6565,1
21,6566,1
21,7273,1
21,13546,1
21,13549,1
21,4761,1
19,14151,1
21,5867,1
21,2922,1
21,9675,1
21,6148,1
21,6141,1
21,6130,1
19,11422,1
19,11423,1
19,11421,1
19,14840,1
19,14841,1
19,14842,1
19,14150,1
21,11761,1
12,14927,1
12,12524,1
12,12526,1
12,12527,1
12,14892,1
12,15793,1
12,14912,1
12,12528,1
12,12509,1
12,14916,1
12,14890,1
12,10792,1
10,4504,1
12,12515,1
12,11647,1
12,12517,1
12,12510,1
12,12513,1
12,14926,1
12,14928,1
12,15800,1
12,14894,1
12,14889,1
12,12522,1
12,12514,1
12,14891,1
12,11646,1
12,14938,1
12,15801,1
19,5658,1
19,12443,1
19,8362,1
19,14818,1
19,14819,1
19,12444,1
19,12445,1
19,12149,1
19,12446,1
19,12150,1
12,14923,1
12,11650,1
12,12525,1
12,12555,1
12,14917,1
12,12530,1
12,11643,1
12,12529,1
12,14896,1
12,14897,1
12,14898,1
12,14899,1
12,12532,1
12,12518,1
12,12534,1
12,12523,1
12,12511,1
12,12501,1
12,12502,1
12,11645,1
12,12507,1
12,12498,1
12,12496,1
12,12497,1
12,11644,1
12,11605,1
12,12506,1
12,14908,1
12,14915,1
12,14913,1
12,12490,1
12,12504,1
12,14879,1
12,12493,1
12,14883,1
12,12491,1
12,14885,1
12,14880,1
12,14881,1
12,14888,1
12,14882,1
12,14884,1
12,14907,1
12,14901,1
12,14900,1
12,14914,1
12,14919,1
12,12495,1
12,14895,1
12,14918,1
12,14920,1
12,14921,1
12,12512,1
12,12516,1
12,14924,1
12,14925,1
12,14893,1
12,12519,1
12,14904,1
12,14911,1
12,14905,1
12,8543,1
12,14886,1
12,12508,1
12,14906,1
12,14903,1
12,10791,1
12,14902,1
12,12469,1
12,14910,1
12,12537,1
12,12563,1
12,14963,1
12,15802,1
12,15803,1
12,14964,1
12,14965,1
12,14966,1
12,14967,1
12,11654,1
12,14957,1
12,14954,1
12,14953,1
12,14937,1
12,14958,1
12,14941,1
12,14936,1
12,14948,1
12,12540,1
12,12541,1
12,12542,1
12,12549,1
12,12561,1
12,12551,1
12,14959,1
12,10787,1
12,14950,1
12,14968,1
12,14962,1
12,9638,1
12,14972,1
12,14969,1
12,14980,1
12,12573,1
12,14971,1
12,14976,1
12,14981,1
12,14974,1
12,15804,1
12,8148,1
12,12565,1
12,14960,1
12,12567,1
12,14975,1
12,12568,1
12,12569,1
12,12570,1
12,10793,1
12,12571,1
12,14970,1
12,12566,1
12,12564,1
12,12562,1
12,12552,1
12,14949,1
12,11655,1
12,12560,1
12,14935,1
12,14939,1
12,14932,1
12,14933,1
12,14931,1
12,12538,1
12,14945,1
12,14944,1
12,12539,1
12,12547,1
12,12543,1
12,12544,1
12,14940,1
12,12558,1
12,12548,1
12,15794,1
12,12520,1
12,12531,1
12,12533,1
12,12521,1
12,12505,1
12,14934,1
12,14943,1
12,14922,1
12,14942,1
12,12536,1
12,12557,1
12,14929,1
12,14930,1
12,14955,1
12,14956,1
12,12556,1
12,14946,1
12,12554,1
12,12553,1
12,12559,1
12,14947,1
12,12535,1
12,12550,1
12,12471,1
12,11652,1
12,14952,1
12,11648,1
12,15797,1
12,14951,1
12,15795,1
12,15796,1
12,15798,1
12,15799,1
12,12546,1
12,11653,1
12,12545,1
12,15759,1
12,11651,1
12,9811,1
10,6687,1
10,6688,1
10,4309,1
10,4518,1
10,4519,1
10,4779,1
10,5209,1
10,5210,1
10,5211,1
10,5212,1
10,5213,1
10,6682,1
12,12499,1
10,5220,1
10,5221,1
10,3393,1
10,4260,1
10,6681,1
10,5217,1
10,4062,1
10,4063,1
10,4513,1
10,4514,1
10,4515,1
10,5216,1
10,4927,1
10,6683,1
10,3394,1
10,4261,1
10,4929,1
10,6686,1
10,6689,1
10,6690,1
10,5224,1
10,5225,1
10,5223,1
10,4780,1
10,4522,1
10,4523,1
10,4781,1
10,5219,1
10,4262,1
10,3696,1
10,3697,1
10,4928,1
10,11726,1
10,11727,1
10,6684,1
10,6685,1
10,4259,1
10,5222,1
10,4520,1
10,4521,1
10,5218,1
10,3698,1
10,4509,1
10,4510,1
10,4317,1
10,3695,1
10,6673,1
10,6674,1
10,6675,1
10,5204,1
10,6301,1
10,4066,1
10,3392,1
10,4921,1
10,5214,1
10,5203,1
10,1698,1
10,3593,1
10,6672,1
10,6302,1
10,7460,1
10,3691,1
10,5634,1
10,5199,1
10,5197,1
10,4501,1
10,4502,1
10,4503,1
10,4060,1
10,5215,1
10,4926,1
10,4778,1
10,4511,1
10,4517,1
10,6678,1
10,3693,1
10,6303,1
10,5206,1
10,5207,1
10,5208,1
10,3694,1
10,3590,1
10,4508,1
10,6676,1
10,6304,1
10,6677,1
10,6679,1
10,6680,1
10,4255,1
10,4256,1
10,5202,1
10,4257,1
10,4258,1
10,3690,1
10,5205,1
10,4064,1
10,4516,1
12,14871,1
12,12478,1
12,14873,1
12,6611,1
12,14874,1
12,12479,1
12,1733,1
12,14872,1
12,15792,1
12,12480,1
12,11604,1
12,14875,1
10,5635,1
12,12482,1
12,14878,1
12,14870,1
12,12476,1
12,12477,1
19,12452,1
19,11414,1
19,12154,1
19,12153,1
19,11411,1
19,10398,1
19,14824,1
19,12450,1
12,14876,1
12,12492,1
12,12500,1
19,12143,1
19,12151,1
19,14822,1
19,14823,1
12,11640,1
12,12489,1
12,12488,1
12,12484,1
12,14877,1
12,14909,1
12,12494,1
19,11406,1
12,12503,1
12,11642,1
12,12481,1
12,12486,1
12,12487,1
12,12483,1
12,12485,1
19,11410,1
19,12447,1
19,12448,1
19,12145,1
19,14821,1
19,11405,1
12,14887,1
10,4930,1
10,4528,1
10,5232,1
10,5233,1
10,5234,1
10,5636,1
10,4529,1
10,4204,1
10,5237,1
10,5238,1
10,4530,1
10,6691,1
10,6692,1
19,14825,1
10,5226,1
10,4310,1
10,3699,1
10,5227,1
10,4524,1
10,4525,1
10,4526,1
10,5228,1
10,4783,1
10,5467,1
10,5230,1
10,5231,1
10,4527,1
10,4782,1
19,14826,1
19,12451,1
19,11417,1
19,12455,1
19,12456,1
19,12453,1
19,14827,1
19,14828,1
19,14829,1
19,14830,1
19,7937,1
19,5681,1
19,12454,1
10,5236,1
19,11412,1
10,4263,1
10,4531,1
10,6693,1
10,5239,1
10,4532,1
10,4264,1
10,4265,1
10,5240,1
10,4533,1
10,7844,1
10,5229,1
10,5235,1
19,11637,1
2,7207,1
2,7220,1
2,7221,1
2,7189,1
2,7208,1
2,7192,1
2,7193,1
2,7195,1
2,7745,1
2,7198,1
2,6252,1
2,7194,1
24,106,1
2,7199,1
2,7201,1
2,7196,1
2,7197,1
2,7185,1
2,6245,1
2,6246,1
2,6247,1
2,6248,1
2,6249,1
2,8568,1
2,7173,1
2,7169,1
2,8567,1
2,7227,1
2,7219,1
2,6264,1
2,6265,1
2,7223,1
2,7224,1
2,7228,1
2,6258,1
2,6259,1
2,6260,1
2,6257,1
2,7206,1
2,6261,1
2,6256,1
2,6263,1
2,7225,1
2,7222,1
2,7214,1
2,7215,1
2,7216,1
2,7217,1
2,7186,1
2,7190,1
2,7200,1
2,6253,1
2,6254,1
2,6255,1
2,6262,1
2,7136,1
2,7174,1
2,7742,1
2,7156,1
2,7161,1
2,6244,1
2,6243,1
2,10818,1
2,10078,1
2,7164,1
2,7142,1
2,7160,1
2,7170,1
2,7130,1
2,6212,1
2,8564,1
2,7162,1
2,7163,1
2,7153,1
2,7154,1
2,7141,1
2,7143,1
2,6237,1
2,15037,1
2,6238,1
2,7128,1
2,7149,1
2,7171,1
2,7177,1
2,7187,1
2,7188,1
2,7172,1
2,6251,1
2,7191,1
2,7165,1
2,15026,1
2,7181,1
2,6241,1
2,7182,1
2,6240,1
2,15038,1
2,7183,1
2,7175,1
2,7176,1
2,7179,1
2,9205,1
2,6250,1
2,7178,1
2,7167,1
2,7744,1
2,6236,1
2,7137,1
2,7158,1
2,7180,1
2,7184,1
2,6285,1
2,6286,1
2,7258,1
2,7262,1
2,10080,1
2,7263,1
2,7264,1
2,7265,1
2,7267,1
2,7266,1
2,7269,1
2,7268,1
2,7226,1
2,6288,1
2,7259,1
2,6280,1
2,7250,1
2,7251,1
2,7252,1
2,6281,1
2,7253,1
2,7255,1
2,6282,1
2,7254,1
2,7256,1
2,6283,1
2,6287,1
3,343,1
3,312,1
3,185,1
3,215,1
3,104,1
3,577,1
3,4654,1
3,4655,1
3,4387,1
3,4656,1
3,124,1
3,376,1
3,219,1
2,7261,1
2,7270,1
2,7271,1
2,6289,1
2,6290,1
3,334,1
3,333,1
3,36,1
3,566,1
3,2180,1
3,1764,1
3,459,1
3,252,1
3,323,1
3,255,1
2,7245,1
15,335,1
15,131,1
24,1734,1
2,7202,1
2,7203,1
2,7229,1
2,7204,1
2,7205,1
2,6266,1
2,6267,1
2,7234,1
2,6284,1
2,7237,1
2,7230,1
2,6268,1
2,6269,1
2,8153,1
2,7235,1
2,7236,1
2,7218,1
2,7209,1
2,7210,1
2,7211,1
2,7212,1
2,7213,1
2,9207,1
2,7257,1
2,10079,1
2,7260,1
24,973,1
2,7246,1
2,7238,1
2,6273,1
2,6274,1
2,7243,1
2,7239,1
2,7242,1
2,7247,1
2,6275,1
2,7244,1
2,6277,1
2,7248,1
2,6278,1
2,7249,1
2,6279,1
2,7231,1
2,7232,1
2,7233,1
2,7241,1
2,6272,1
2,6270,1
2,6271,1
2,7240,1
2,6276,1
2,7086,1
2,7103,1
2,7087,1
2,6197,1
2,7050,1
2,7064,1
2,7736,1
2,6198,1
2,7058,1
2,7055,1
2,7068,1
2,7054,1
2,7129,1
2,7061,1
2,7059,1
2,7076,1
2,7075,1
2,7062,1
2,7041,1
2,7043,1
2,6195,1
2,7051,1
2,7047,1
2,7039,1
2,7048,1
2,15025,1
2,10073,1
24,1752,1
24,1568,1
2,7088,1
2,6208,1
2,7105,1
2,7089,1
2,6203,1
2,6210,1
2,7084,1
2,6207,1
2,7069,1
2,6209,1
2,2193,1
2,7082,1
2,7095,1
2,7102,1
2,7108,1
2,7070,1
2,7071,1
2,7072,1
2,7067,1
2,7077,1
2,7060,1
2,7063,1
2,7065,1
2,6205,1
2,7066,1
2,7099,1
24,817,1
0,206,1
0,456,1
0,346,1
0,247,1
0,214,1
0,127,1
0,128,1
0,134,1
0,165,1
0,162,1
0,218,1
2,7053,1
0,129,1
0,285,1
0,286,1
0,478,1
0,386,1
0,213,1
0,378,1
0,119,1
0,199,1
0,448,1
0,449,1
0,407,1
0,453,1
0,457,1
2,7052,1
2,6216,1
2,6217,1
2,7049,1
0,131,1
0,237,1
0,152,1
2,7035,1
2,6194,1
2,7037,1
2,7036,1
2,7038,1
2,9200,1
0,195,1
2,7045,1
2,7042,1
2,7044,1
2,7046,1
2,6196,1
0,441,1
0,145,1
0,202,1
0,287,1
0,130,1
0,118,1
0,193,1
0,113,1
2,7040,1
2,6242,1
2,7135,1
2,7115,1
2,7123,1
2,7124,1
2,6239,1
2,7168,1
2,7085,1
2,7112,1
2,6224,1
2,7120,1
2,6227,1
24,1735,1
2,6215,1
2,7116,1
2,7117,1
2,6211,1
2,6235,1
2,6222,1
24,1705,1
2,7081,1
2,7114,1
2,6234,1
2,6220,1
2,6221,1
2,7110,1
2,6228,1
2,7125,1
2,7155,1
2,7159,1
2,7126,1
2,7127,1
2,7132,1
2,6226,1
2,7157,1
2,7152,1
2,7138,1
2,9203,1
2,7144,1
2,6229,1
2,7119,1
2,11660,1
2,6231,1
2,6233,1
2,7140,1
2,7150,1
2,7151,1
2,7145,1
2,7146,1
2,7139,1
2,7148,1
2,7134,1
2,10076,1
24,10769,1
2,6232,1
2,7104,1
2,9756,1
2,7118,1
2,15356,1
2,6199,1
2,7107,1
2,7096,1
2,7097,1
2,6200,1
2,6201,1
2,7147,1
2,7166,1
2,7737,1
2,6225,1
2,6206,1
2,7073,1
2,7074,1
2,7057,1
2,7056,1
2,7091,1
2,7092,1
2,7079,1
2,8150,1
2,7090,1
24,10061,1
24,1626,1
24,1364,1
2,6204,1
2,7133,1
2,6230,1
2,6219,1
2,15036,1
2,6223,1
2,6218,1
2,7109,1
2,7131,1
2,7093,1
2,7121,1
2,9201,1
2,11661,1
2,7738,1
2,7098,1
2,7083,1
2,7122,1
2,6214,1
2,7113,1
2,7111,1
2,7100,1
2,7106,1
2,6213,1
2,7080,1
2,6202,1
2,10074,1
2,7078,1
2,7101,1
2,7094,1
3,2400,1
3,2401,1
3,2402,1
15,456,1
3,2391,1
3,2392,1
3,2393,1
3,2071,1
3,2246,1
3,2394,1
3,2395,1
3,2247,1
3,6910,1
3,2476,1
3,2477,1
3,251,1
3,414,1
3,2389,1
3,2390,1
15,79,1
15,333,1
15,264,1
15,156,1
15,385,1
15,386,1
15,3445,1
3,2475,1
3,2413,1
3,2181,1
3,2403,1
3,2404,1
3,1971,1
3,1972,1
3,2405,1
3,2406,1
3,2248,1
3,2407,1
3,2408,1
3,829,1
3,2409,1
3,2399,1
3,2478,1
3,412,1
3,415,1
3,143,1
3,271,1
3,368,1
3,369,1
3,112,1
3,101,1
3,4699,1
3,2396,1
3,2397,1
3,2398,1
3,2410,1
3,473,1
3,42,1
3,411,1
3,2368,1
3,2369,1
3,2370,1
3,2371,1
3,2372,1
3,2373,1
3,2374,1
3,2375,1
3,2376,1
15,12225,1
3,2378,1
3,2245,1
3,2379,1
3,2380,1
3,2381,1
3,2382,1
3,223,1
3,4685,1
3,4686,1
3,4687,1
3,4688,1
3,4689,1
3,4690,1
3,2377,1
15,334,1
15,206,1
15,323,1
3,313,1
3,220,1
3,87,1
3,98,1
3,198,1
3,507,1
3,160,1
3,4696,1
3,4697,1
3,4014,1
3,4111,1
3,2786,1
3,103,1
3,2387,1
3,2388,1
3,2383,1
3,2474,1
3,1521,1
3,2384,1
3,2385,1
3,2386,1
3,95,1
3,190,1
3,224,1
3,4698,1
10,3397,1
10,6936,1
10,6127,1
10,6128,1
10,6129,1
10,5866,1
10,6937,1
3,232,1
3,4716,1
3,4717,1
3,4718,1
3,73,1
3,2412,1
3,4719,1
3,2426,1
3,2483,1
3,2484,1
3,4720,1
3,4721,1
3,2485,1
3,85,1
3,4722,1
3,4706,1
3,4707,1
3,2424,1
3,545,1
3,163,1
10,6137,1
10,6940,1
10,6569,1
10,5620,1
10,9185,1
10,6574,1
10,8095,1
10,6135,1
10,6133,1
10,6567,1
10,7672,1
10,6942,1
10,6939,1
10,2621,1
10,7674,1
10,6938,1
10,8094,1
10,1661,1
10,6941,1
10,6134,1
3,2486,1
3,4723,1
3,4724,1
3,4725,1
10,1364,1
10,7671,1
10,6935,1
10,6565,1
3,2415,1
3,2479,1
3,2480,1
3,2416,1
3,2417,1
3,94,1
3,387,1
3,350,1
3,209,1
3,265,1
3,266,1
3,2418,1
3,2419,1
3,4708,1
3,2420,1
3,79,1
3,443,1
3,335,1
3,4700,1
3,4701,1
3,4702,1
3,4703,1
3,4704,1
3,4705,1
3,283,1
3,2249,1
3,2411,1
3,2072,1
3,4709,1
3,4710,1
3,4711,1
3,174,1
3,515,1
3,4712,1
3,4713,1
3,4714,1
3,4715,1
3,2425,1
3,102,1
3,2421,1
3,2422,1
3,2414,1
3,2557,1
3,2481,1
3,2482,1
3,425,1
3,539,1
3,90,1
3,108,1
3,2423,1
3,1895,1
3,1896,1
3,2558,1
3,2559,1
3,78,1
3,2250,1
3,278,1
3,176,1
15,118,1
15,113,1
15,163,1
3,96,1
3,13,1
3,4661,1
3,4662,1
3,1477,1
3,4663,1
3,4664,1
3,4691,1
3,4665,1
3,4666,1
3,3627,1
3,4667,1
3,172,1
3,169,1
3,276,1
15,138,1
15,127,1
15,128,1
15,134,1
15,457,1
15,441,1
3,4388,1
3,2240,1
3,2342,1
3,2343,1
3,2241,1
3,2344,1
3,723,1
3,731,1
3,1520,1
3,1487,1
3,2345,1
3,2346,1
3,2347,1
3,2348,1
3,6911,1
3,2350,1
3,4668,1
3,3882,1
3,4669,1
3,294,1
3,44,1
3,150,1
3,440,1
3,390,1
3,212,1
3,295,1
3,175,1
3,173,1
3,2349,1
3,178,1
3,347,1
3,60,1
3,474,1
3,281,1
3,2331,1
3,2332,1
3,893,1
3,2333,1
3,2334,1
3,2335,1
3,2336,1
15,129,1
3,2337,1
3,2338,1
3,2339,1
3,89,1
3,280,1
3,180,1
3,279,1
3,203,1
3,4657,1
3,4658,1
3,4659,1
3,4660,1
3,288,1
3,715,1
15,102,1
15,145,1
15,73,1
15,130,1
3,296,1
3,373,1
3,374,1
3,233,1
3,200,1
3,259,1
3,158,1
3,196,1
3,274,1
3,722,1
3,186,1
3,226,1
3,235,1
3,207,1
3,187,1
3,2238,1
3,2239,1
3,2340,1
3,204,1
3,205,1
3,2341,1
3,210,1
3,241,1
3,221,1
3,92,1
3,352,1
3,308,1
3,249,1
3,277,1
3,384,1
3,157,1
3,159,1
3,236,1
3,2356,1
3,194,1
3,2357,1
3,107,1
3,2531,1
3,2359,1
3,2360,1
3,842,1
3,2361,1
3,2362,1
3,2532,1
3,2363,1
3,2364,1
3,2365,1
3,2244,1
3,2471,1
3,4682,1
3,2358,1
3,5061,1
3,4692,1
3,4693,1
3,3628,1
3,4694,1
3,4695,1
3,349,1
3,18,1
3,189,1
3,100,1
3,331,1
3,345,1
3,337,1
3,353,1
3,357,1
3,367,1
3,261,1
3,144,1
3,201,1
3,74,1
3,527,1
3,477,1
3,481,1
3,2472,1
3,2366,1
3,2367,1
3,2473,1
3,243,1
3,229,1
3,298,1
3,299,1
3,242,1
3,228,1
3,260,1
3,109,1
3,230,1
3,197,1
3,464,1
3,106,1
3,547,1
3,2351,1
3,4683,1
3,2352,1
3,2353,1
3,2354,1
3,2242,1
3,584,1
3,302,1
3,217,1
3,111,1
3,377,1
3,314,1
3,183,1
3,211,1
3,546,1
3,866,1
3,5549,1
3,4684,1
3,147,1
3,467,1
3,282,1
3,462,1
3,177,1
3,2243,1
3,355,1
3,2355,1
3,488,1
3,105,1
3,4670,1
3,16,1
3,4672,1
3,4673,1
3,4674,1
3,2590,1
3,4675,1
3,4676,1
3,4677,1
3,4678,1
3,4679,1
3,4680,1
3,4681,1
3,110,1
3,125,1
3,4671,1
26,11573,1
26,2152,1
26,2153,1
26,2137,1
26,2523,1
26,866,1
26,2083,1
26,6552,1
26,1932,1
26,2041,1
26,1933,1
26,11609,1
0,171,1
26,1954,1
26,2135,1
26,2136,1
26,2226,1
26,2146,1
26,1832,1
26,2149,1
26,2150,1
26,2042,1
26,2043,1
26,2223,1
26,2225,1
26,2081,1
26,2084,1
26,1956,1
26,2044,1
26,2038,1
26,2045,1
26,2228,1
26,2528,1
26,1935,1
26,2088,1
26,2227,1
26,2294,1
26,2290,1
26,2291,1
26,2046,1
26,2037,1
26,1934,1
26,2035,1
26,2297,1
26,641,1
26,10138,1
26,6009,1
26,2087,1
26,1891,1
26,1957,1
26,2144,1
26,2086,1
26,2033,1
26,1947,1
26,2089,1
26,2014,1
26,2444,1
26,2016,1
26,2017,1
26,1950,1
26,2031,1
26,2009,1
26,1952,1
26,2131,1
26,2221,1
26,2220,1
26,2285,1
26,2132,1
26,728,1
26,2021,1
26,1928,1
26,1398,1
26,2025,1
26,2015,1
26,2026,1
26,2027,1
26,2028,1
26,2029,1
26,2286,1
26,2039,1
26,2524,1
26,1946,1
26,2002,1
26,2451,1
26,2133,1
26,2219,1
26,1953,1
26,2449,1
26,1927,1
26,2032,1
26,1931,1
26,2040,1
26,2007,1
26,2082,1
26,757,1
26,2130,1
26,2010,1
26,2011,1
26,2012,1
26,2522,1
26,1831,1
26,2034,1
26,2287,1
26,1948,1
26,2288,1
26,2448,1
26,876,1
26,2013,1
26,1951,1
26,707,1
24,1614,1
24,1835,1
24,1813,1
26,2320,1
26,2321,1
26,2064,1
26,2065,1
26,2066,1
26,2174,1
26,6319,1
26,6320,1
26,5119,1
26,2230,1
26,2325,1
26,2327,1
26,2465,1
26,2466,1
26,2467,1
26,2319,1
26,14333,1
26,2056,1
26,2058,1
26,2168,1
26,3445,1
26,12225,1
26,2061,1
26,6321,1
9,9813,1
24,1662,1
9,11729,1
9,11730,1
9,7462,1
9,15334,1
9,15335,1
9,15336,1
9,15337,1
9,15338,1
9,15339,1
9,15340,1
22,5679,1
24,1965,1
9,15333,1
9,11000,1
24,1629,1
24,1688,1
24,1711,1
24,1712,1
24,3418,1
24,1754,1
24,1625,1
26,2470,1
26,2067,1
26,2068,1
24,1738,1
12,13727,1
26,1958,1
26,2311,1
26,2312,1
26,2057,1
26,2052,1
26,1959,1
26,1936,1
26,2293,1
26,2051,1
26,2095,1
26,2454,1
26,2303,1
26,2304,1
26,2059,1
26,2306,1
26,2158,1
26,841,1
26,2053,1
26,2049,1
26,2092,1
26,2308,1
26,2047,1
26,2048,1
26,11574,1
26,2151,1
26,2090,1
26,2296,1
26,2305,1
26,615,1
26,2063,1
26,1964,1
26,2098,1
26,1963,1
26,2062,1
26,2050,1
26,2055,1
26,2768,1
26,2315,1
26,2166,1
26,2096,1
26,1908,1
26,2054,1
26,2234,1
26,2097,1
26,1962,1
26,2060,1
26,1960,1
26,1961,1
26,1855,1
26,2093,1
26,2091,1
26,2309,1
26,2310,1
26,2307,1
26,9172,1
26,2233,1
1,11198,1
1,11204,1
1,11207,1
1,4938,1
1,11206,1
1,10276,1
1,11931,1
1,11211,1
1,11209,1
1,11210,1
24,85,1
25,6706,1
26,2022,1
25,6708,1
1,5488,1
1,11184,1
1,11185,1
1,11183,1
1,11189,1
1,11187,1
1,11201,1
1,11191,1
1,11193,1
24,1224,1
24,1466,1
24,441,1
25,6707,1
1,11229,1
1,11227,1
1,10279,1
1,11237,1
1,11238,1
1,10280,1
1,11953,1
1,11205,1
1,11973,1
1,11974,1
1,11224,1
1,2980,1
1,11226,1
1,11199,1
1,11202,1
1,11222,1
1,11218,1
1,11214,1
1,11213,1
1,11215,1
1,2660,1
1,11216,1
1,11192,1
1,11208,1
1,11926,1
1,11203,1
1,11197,1
1,10277,1
24,167,1
24,179,1
24,340,1
24,507,1
24,261,1
24,353,1
24,183,1
24,155,1
24,314,1
24,348,1
24,297,1
24,239,1
24,193,1
24,471,1
24,12652,1
24,223,1
24,277,1
24,5,1
24,92,1
24,139,1
24,388,1
24,82,1
24,260,1
24,135,1
24,290,1
24,3,1
24,470,1
24,1857,1
24,1837,1
24,269,1
24,1279,1
24,1223,1
24,94,1
24,406,1
24,272,1
24,273,1
24,4811,1
24,4812,1
24,79,1
24,1769,1
24,224,1
24,3602,1
24,1856,1
24,1868,1
24,88,1
24,836,1
24,191,1
24,341,1
24,192,1
24,4573,1
24,365,1
24,262,1
24,305,1
24,87,1
24,3601,1
26,1995,1
26,893,1
26,2215,1
26,1701,1
26,2431,1
26,1994,1
26,1998,1
26,1999,1
26,1996,1
26,1926,1
1,461,1
1,457,1
1,11233,1
24,1768,1
24,1664,1
24,468,1
1,9909,1
2,1577,1
1,555,1
24,1818,1
24,1836,1
1,11275,1
1,11280,1
1,11281,1
1,10283,1
1,11283,1
24,2126,1
26,2003,1
26,1997,1
26,2023,1
26,2030,1
26,2024,1
24,2127,1
24,418,1
24,291,1
24,1866,1
24,1867,1
24,1786,1
26,1661,1
26,2001,1
26,1925,1
26,2004,1
26,2000,1
26,2008,1
26,2036,1
26,2006,1
26,2020,1
26,1930,1
26,2129,1
26,2019,1
26,2520,1
26,1945,1
2,14225,1
26,817,1
26,1907,1
24,1966,1
24,1967,1
24,1968,1
24,1615,1
1,8946,1
1,11988,1
1,11234,1
1,11236,1
1,11246,1
1,10281,1
1,11230,1
1,11217,1
1,11245,1
1,11287,1
1,11243,1
1,11244,1
1,11242,1
1,11235,1
1,11240,1
1,12003,1
1,11219,1
1,11962,1
1,9281,1
1,11231,1
1,4561,1
1,11225,1
1,10278,1
1,5489,1
1,10284,1
1,11290,1
1,11291,1
1,11292,1
1,10285,1
1,11294,1
1,11293,1
1,11295,1
1,11249,1
1,11250,1
1,12015,1
1,11253,1
1,11255,1
24,1665,1
1,11261,1
1,11272,1
1,11273,1
1,11264,1
1,11248,1
1,11252,1
1,11276,1
1,11270,1
1,11271,1
1,12004,1
1,11254,1
1,12023,1
24,2101,1
1,11260,1
0,326,1
0,351,1
0,423,1
0,306,1
0,454,1
0,75,1
0,254,1
0,253,1
0,438,1
0,142,1
0,267,1
0,275,1
9,15344,1
0,328,1
0,309,1
17,123,1
17,131,1
17,237,1
17,152,1
0,382,1
0,86,1
0,154,1
0,91,1
0,293,1
0,140,1
0,371,1
0,301,1
0,216,1
0,397,1
0,292,1
0,405,1
0,363,1
0,398,1
0,419,1
0,256,1
0,336,1
0,239,1
0,155,1
0,429,1
0,375,1
0,139,1
0,238,1
0,307,1
0,132,1
0,141,1
0,364,1
0,151,1
0,424,1
0,361,1
0,289,1
0,303,1
0,300,1
0,114,1
0,227,1
0,393,1
17,264,1
17,156,1
17,420,1
17,403,1
17,407,1
17,453,1
17,171,1
17,406,1
17,153,1
17,422,1
17,421,1
17,392,1
0,379,1
17,138,1
17,417,1
17,93,1
17,413,1
17,342,1
17,244,1
17,245,1
17,270,1
17,246,1
17,318,1
17,372,1
17,385,1
17,386,1
17,206,1
0,358,1
0,359,1
0,311,1
17,127,1
17,128,1
17,134,1
17,218,1
17,129,1
17,478,1
17,441,1
17,145,1
17,130,1
17,117,1
17,449,1
17,118,1
17,113,1
17,122,1
17,436,1
17,437,1
17,346,1
17,247,1
24,1709,1
24,454,1
24,1710,1
24,1684,1
24,1834,1
17,448,1
17,121,1
0,317,1
0,161,1
0,88,1
0,427,1
0,430,1
0,431,1
0,182,1
0,257,1
0,262,1
0,418,1
0,339,1
0,338,1
0,82,1
0,291,1
0,166,1
0,468,1
0,179,1
0,263,1
0,164,1
0,284,1
0,225,1
0,231,1
0,167,1
0,408,1
0,304,1
0,444,1
0,394,1
0,272,1
0,273,1
0,406,1
0,153,1
0,392,1
0,191,1
0,341,1
0,192,1
0,269,1
0,433,1
0,426,1
0,409,1
0,410,1
0,435,1
0,181,1
0,413,1
0,342,1
0,246,1
0,318,1
0,372,1
0,385,1
0,340,1
0,434,1
0,356,1
0,258,1
0,250,1
0,389,1
0,310,1
0,149,1
0,170,1
0,404,1
0,446,1
0,383,1
0,463,1
0,248,1
0,240,1
0,234,1
0,513,1
0,514,1
0,472,1
0,344,1
0,148,1
0,168,1
0,297,1
0,135,1
0,401,1
0,451,1
0,222,1
0,136,1
0,395,1
0,320,1
0,329,1
0,290,1
0,396,1
0,315,1
0,362,1
0,115,1
0,137,1
0,316,1
0,305,1
0,400,1
0,458,1
0,84,1
0,348,1
0,365,1
0,268,1
0,32,1
0,416,1
0,486,1
0,531,1
0,461,1
0,460,1
0,208,1
0,455,1
0,330,1
0,380,1
0,319,1
0,399,1
0,354,1
0,366,1
0,479,1
0,391,1
0,321,1
0,360,1
17,351,1
17,423,1
17,306,1
17,454,1
17,254,1
17,253,1
17,438,1
17,142,1
17,267,1
17,275,1
17,328,1
17,309,1
17,378,1
24,3126,1
24,2178,1
24,1737,1
17,67,1
17,382,1
17,86,1
17,154,1
17,91,1
17,293,1
17,370,1
17,140,1
17,371,1
17,379,1
24,1750,1
17,292,1
17,405,1
17,363,1
17,398,1
17,419,1
17,80,1
17,327,1
17,83,1
17,256,1
17,336,1
17,393,1
17,238,1
17,307,1
17,326,1
17,141,1
17,388,1
17,364,1
17,151,1
17,424,1
17,361,1
17,289,1
17,303,1
17,114,1
17,227,1
17,358,1
17,359,1
17,311,1
17,132,1
9,11565,1
24,1686,1
24,1663,1
24,1690,1
24,1687,1
24,1865,1
19,6320,1
19,6321,1
24,3121,1
22,5976,1
22,1007,1
22,5532,1
34,193,1
19,6319,1
9,15345,1
1,8375,1
1,8371,1
1,6004,1
1,10226,1
24,1753,1
24,1518,1
9,15341,1
9,10134,1
9,10135,1
9,15342,1
9,15343,1
22,9959,1
24,6489,1
24,1736,1
24,1748,1
24,1749,1
34,473,1
34,477,1
34,481,1
24,1643,1
34,472,1
34,32,1
34,486,1
34,488,1
34,82,1
24,6008,1
34,300,1
34,459,1
24,1591,1
24,1613,1
24,1642,1
24,2918,1
24,1937,1
11,15821,1
24,1612,1
24,1817,1
7,3110,1
24,1627,1
24,1644,1
34,222,1
17,250,1
17,442,1
17,439,1
17,402,1
17,389,1
17,84,1
17,348,1
17,365,1
17,268,1
17,257,1
17,262,1
17,418,1
17,397,1
17,332,1
17,338,1
17,432,1
17,394,1
17,291,1
17,166,1
17,468,1
17,354,1
17,366,1
17,479,1
17,391,1
17,408,1
17,304,1
17,339,1
17,119,1
17,199,1
17,435,1
17,317,1
17,161,1
17,88,1
17,427,1
17,430,1
17,431,1
17,182,1
17,341,1
17,433,1
17,426,1
17,258,1
17,410,1
17,310,1
17,181,1
17,263,1
17,164,1
17,284,1
17,225,1
17,231,1
17,167,1
17,340,1
17,434,1
17,356,1
17,126,1
17,409,1
17,531,1
17,149,1
17,170,1
17,404,1
17,446,1
17,383,1
17,463,1
17,248,1
17,240,1
17,234,1
17,239,1
17,155,1
17,429,1
17,445,1
17,344,1
17,362,1
17,168,1
17,133,1
17,297,1
17,135,1
17,401,1
17,451,1
17,136,1
17,395,1
17,320,1
17,139,1
17,216,1
17,375,1
17,444,1
17,148,1
17,115,1
17,137,1
17,316,1
17,305,1
17,400,1
17,458,1
17,513,1
17,514,1
17,116,1
17,472,1
17,32,1
17,321,1
17,360,1
17,461,1
17,97,1
17,460,1
17,455,1
17,330,1
17,380,1
17,319,1
17,399,1
17,146,1
17,329,1
17,396,1
17,315,1
17,416,1
30,15789,1
30,853,1
30,873,1
30,11043,1
30,11044,1
30,2671,1
30,3875,1
30,1916,1
30,8571,1
30,3540,1
30,2564,1
30,6621,1
35,2039,1
30,6555,1
30,6556,1
30,2625,1
30,10154,1
30,1579,1
30,9194,1
30,9195,1
30,15788,1
30,5618,1
30,4916,1
30,6620,1
30,13584,1
30,3647,1
30,7754,1
30,5516,1
30,7274,1
30,7275,1
30,6623,1
30,10817,1
30,9831,1
30,9218,1
30,5517,1
30,5518,1
30,9217,1
30,10109,1
30,874,1
30,875,1
30,9216,1
30,13585,1
30,7755,1
30,7756,1
30,7757,1
30,13586,1
30,3876,1
30,3877,1
30,12653,1
30,3541,1
30,6622,1
30,11744,1
30,11743,1
30,9215,1
30,9830,1
30,10108,1
30,13579,1
30,15786,1
30,15787,1
30,10105,1
30,871,1
30,851,1
30,852,1
30,11041,1
30,3448,1
30,6554,1
30,6064,1
30,3648,1
30,11741,1
30,9193,1
30,13575,1
30,4423,1
30,3427,1
30,3945,1
30,10190,1
30,13576,1
30,13577,1
30,7272,1
30,15785,1
30,10084,1
30,1567,1
30,1624,1
30,11768,1
30,11769,1
30,9210,1
30,9211,1
30,9212,1
30,9213,1
30,9214,1
30,872,1
30,2211,1
30,5514,1
30,6010,1
30,13581,1
30,13582,1
30,10107,1
30,6898,1
30,3539,1
30,13580,1
30,1647,1
30,1648,1
30,1649,1
30,11742,1
30,3429,1
30,3646,1
30,4762,1
30,4763,1
30,9209,1
30,10106,1
30,13583,1
16,10074,1
16,7112,1
16,6222,1
16,7113,1
16,7114,1
16,7115,1
16,7116,1
16,7097,1
16,11660,1
16,7098,1
16,9756,1
16,6218,1
30,1608,1
16,7099,1
16,7100,1
16,7101,1
16,7102,1
16,7120,1
16,4913,1
16,6225,1
16,7121,1
16,7122,1
16,6219,1
16,7108,1
16,6220,1
16,6221,1
16,9201,1
16,6303,1
16,7095,1
16,7096,1
16,6214,1
16,6215,1
16,7080,1
16,6216,1
16,6217,1
16,7081,1
16,8560,1
16,7082,1
16,7083,1
16,8561,1
16,7094,1
16,7085,1
16,7103,1
16,7104,1
16,7105,1
16,7106,1
16,7107,1
16,7088,1
16,7089,1
16,7090,1
16,7091,1
16,7092,1
16,7093,1
16,7738,1
16,7084,1
16,7739,1
16,7126,1
16,8151,1
16,7127,1
16,8562,1
30,7276,1
30,13587,1
30,9219,1
30,9220,1
30,5519,1
30,5520,1
30,8157,1
16,7109,1
30,1917,1
30,8158,1
30,7278,1
30,7279,1
30,6883,1
30,6884,1
30,13588,1
30,5515,1
30,6899,1
30,8753,1
30,7758,1
30,7759,1
30,8156,1
30,7277,1
16,7110,1
16,11661,1
16,7111,1
16,7740,1
16,6227,1
16,6228,1
16,6229,1
16,6230,1
30,7281,1
30,9228,1
30,9229,1
18,1273,1
16,7117,1
16,7125,1
16,6223,1
16,6224,1
16,7119,1
30,7280,1
30,4652,1
30,11745,1
30,6885,1
30,5521,1
30,6624,1
30,6886,1
16,6226,1
16,7123,1
16,7124,1
16,7118,1
30,11762,1
30,2623,1
30,10168,1
30,11035,1
30,11042,1
30,11763,1
30,9776,1
30,11671,1
30,9828,1
30,2769,1
30,15774,1
30,13554,1
30,11767,1
30,11034,1
30,11733,1
30,15775,1
30,4112,1
30,13556,1
30,11560,1
30,2922,1
30,11036,1
30,9246,1
16,7145,1
16,7146,1
30,6553,1
30,4761,1
30,13555,1
30,13566,1
30,5692,1
30,10823,1
30,7639,1
30,8438,1
30,10811,1
30,9624,1
30,15777,1
30,15778,1
30,4007,1
30,10169,1
30,11739,1
30,15779,1
30,13562,1
30,13563,1
30,11764,1
30,9675,1
30,5513,1
30,11735,1
30,11736,1
30,9245,1
30,13557,1
30,13558,1
30,13559,1
30,15776,1
30,13560,1
30,13561,1
30,11738,1
30,5338,1
30,11734,1
30,13549,1
30,10022,1
30,11737,1
30,13550,1
30,3624,1
30,10083,1
30,4049,1
30,2670,1
30,13551,1
30,13552,1
30,2604,1
30,10189,1
30,9827,1
30,4572,1
30,11760,1
30,13545,1
30,3538,1
30,11732,1
30,15772,1
30,13546,1
30,2921,1
30,2669,1
30,13547,1
30,13548,1
30,1973,1
30,5276,1
30,9829,1
30,2608,1
30,11761,1
30,3940,1
30,3941,1
30,3942,1
30,3213,1
30,15773,1
30,10808,1
30,13553,1
30,10103,1
30,5060,1
30,11559,1
16,7136,1
16,7137,1
16,10797,1
16,10076,1
16,7138,1
16,7139,1
16,7140,1
16,7141,1
16,7142,1
16,7143,1
16,7144,1
30,1907,1
30,11578,1
16,7135,1
30,3645,1
30,10104,1
30,4306,1
30,7273,1
30,13567,1
30,15783,1
30,13568,1
30,11765,1
30,10824,1
30,896,1
30,9241,1
30,5490,1
30,11740,1
30,15784,1
30,4008,1
30,9151,1
30,3110,1
30,11038,1
30,11039,1
16,7128,1
16,7129,1
16,6231,1
16,6232,1
16,6233,1
16,6234,1
16,6235,1
30,5286,1
30,13578,1
30,3003,1
30,4011,1
30,13574,1
30,15355,1
30,10813,1
30,3214,1
30,11766,1
30,8155,1
30,5617,1
30,1830,1
30,6897,1
30,2925,1
30,4809,1
30,1915,1
30,9183,1
30,9184,1
30,2563,1
30,1646,1
30,3130,1
30,13569,1
30,13570,1
30,13571,1
30,13572,1
30,13573,1
30,4810,1
30,2624,1
30,10825,1
30,13134,1
30,11037,1
30,15032,1
30,15033,1
30,13479,1
30,8154,1
30,15780,1
30,3873,1
30,9150,1
30,10812,1
30,2770,1
30,11048,1
30,3872,1
16,10075,1
30,7753,1
30,4422,1
30,6618,1
30,5890,1
30,5891,1
30,3874,1
30,4961,1
30,4759,1
30,2182,1
30,13564,1
30,13565,1
30,2251,1
30,9832,1
30,11049,1
16,7130,1
16,8563,1
16,7131,1
16,7132,1
16,7133,1
16,7134,1
30,4302,1
30,2924,1
30,4651,1
30,4347,1
30,13478,1
30,15781,1
30,2717,1
30,3944,1
30,2772,1
30,15782,1
30,11555,1
30,6619,1
30,2427,1
30,10170,1
30,6895,1
30,6896,1
30,4760,1
30,7752,1
30,11040,1
30,3623,1
30,2923,1
30,2771,1
19,12531,1
19,14941,1
19,11650,1
19,12532,1
19,14942,1
19,12533,1
19,14943,1
19,12552,1
19,12553,1
19,12554,1
19,12555,1
19,12471,1
16,7460,1
19,12557,1
19,14945,1
19,12539,1
19,14946,1
19,14947,1
19,14948,1
19,12540,1
19,12541,1
19,12542,1
19,12543,1
19,14955,1
19,14956,1
19,14957,1
19,12556,1
19,14927,1
19,12524,1
19,12525,1
19,12526,1
19,12527,1
19,12534,1
19,12535,1
19,14944,1
19,12536,1
19,12537,1
19,12538,1
19,11648,1
19,14929,1
19,12546,1
19,12529,1
19,12530,1
19,14931,1
19,14932,1
19,14933,1
19,14934,1
19,14935,1
19,12544,1
19,14949,1
19,12545,1
19,10787,1
19,11651,1
19,11652,1
19,14930,1
19,12567,1
19,14975,1
19,12568,1
19,12562,1
19,14960,1
19,12563,1
19,14961,1
19,14962,1
19,10793,1
19,8148,1
19,14980,1
19,14981,1
19,14958,1
19,14983,1
19,9638,1
19,12571,1
19,12572,1
19,12573,1
19,14968,1
19,14969,1
19,14970,1
19,12565,1
19,14971,1
19,14972,1
19,12575,1
19,14986,1
19,14982,1
19,11654,1
19,14959,1
19,12561,1
19,12547,1
19,12548,1
19,12549,1
19,14950,1
19,12550,1
19,12551,1
19,14963,1
19,11655,1
19,12564,1
19,14964,1
19,14974,1
19,14966,1
19,14967,1
19,12558,1
19,14951,1
19,14952,1
19,14953,1
19,14954,1
19,12559,1
19,12560,1
19,11653,1
19,12566,1
19,11656,1
19,14973,1
19,14965,1
19,12490,1
19,12469,1
19,14889,1
19,12505,1
19,14890,1
19,14891,1
19,14892,1
19,11643,1
19,14893,1
19,14894,1
19,14895,1
19,14896,1
19,11647,1
19,12495,1
19,14885,1
19,12496,1
19,12497,1
19,14901,1
19,14902,1
19,11644,1
19,11645,1
19,12506,1
19,14903,1
19,14904,1
19,14905,1
19,14906,1
19,12494,1
19,12479,1
19,12480,1
19,12491,1
19,12492,1
19,12493,1
19,14878,1
19,12481,1
19,12482,1
19,12483,1
19,12484,1
19,12485,1
19,12486,1
19,12487,1
19,12489,1
19,14880,1
19,14886,1
19,14887,1
19,12498,1
19,14888,1
19,12499,1
19,12500,1
19,12501,1
19,14882,1
19,14883,1
19,14884,1
19,11640,1
19,12488,1
19,14879,1
19,14909,1
19,10791,1
19,12507,1
19,14910,1
19,12528,1
19,14928,1
19,14919,1
19,12519,1
19,14920,1
19,11646,1
19,14921,1
19,12520,1
19,14922,1
19,14907,1
19,12521,1
19,12522,1
19,14924,1
19,14917,1
19,12512,1
19,14936,1
19,14937,1
19,14938,1
19,14939,1
19,14940,1
19,14925,1
19,12523,1
19,14926,1
19,14923,1
19,14908,1
19,12502,1
19,12503,1
19,11642,1
19,12504,1
19,12508,1
19,12509,1
19,14911,1
19,14912,1
19,14913,1
19,8543,1
19,14914,1
19,12510,1
19,12518,1
19,14916,1
19,12511,1
19,14897,1
19,14898,1
19,14899,1
19,14900,1
19,12513,1
19,10792,1
19,12514,1
19,12515,1
19,12516,1
19,12517,1
19,14918,1
19,14915,1
16,6615,1
16,9200,1
16,7040,1
16,7041,1
16,7042,1
16,7043,1
16,7044,1
16,7045,1
16,15025,1
16,7060,1
16,7061,1
16,7737,1
19,12576,1
16,7736,1
16,7048,1
16,7049,1
16,6197,1
16,7050,1
16,7051,1
16,7052,1
16,7053,1
16,5128,1
16,7068,1
16,6204,1
16,6205,1
16,6206,1
16,7047,1
19,12623,1
19,15015,1
19,12624,1
19,12625,1
16,7046,1
16,6196,1
16,7035,1
16,6194,1
19,15020,1
19,12647,1
19,15021,1
19,15022,1
19,12648,1
16,6195,1
19,15024,1
19,12636,1
19,12637,1
19,12638,1
19,12639,1
19,12640,1
16,6198,1
16,7054,1
16,7055,1
16,7036,1
16,7037,1
16,7038,1
16,7039,1
19,15023,1
16,6207,1
16,5887,1
16,11726,1
16,11727,1
16,9834,1
16,7074,1
16,10073,1
16,7075,1
16,7076,1
16,7077,1
16,6210,1
16,6211,1
16,3952,1
16,7078,1
16,7086,1
16,7087,1
16,6298,1
16,11000,1
16,11770,1
16,11729,1
16,11052,1
16,11053,1
16,7841,1
16,7842,1
16,6670,1
16,7459,1
16,6212,1
34,3209,1
34,12090,1
16,7056,1
16,7057,1
16,7058,1
16,6199,1
16,6200,1
16,6201,1
16,6202,1
16,7059,1
16,6208,1
16,7069,1
16,8150,1
1,6309,1
16,7071,1
16,7072,1
16,7073,1
16,6209,1
16,7062,1
16,6203,1
16,7063,1
16,7064,1
16,7065,1
16,7066,1
16,7067,1
16,6213,1
16,7079,1
16,7070,1
19,12593,1
19,12594,1
19,14997,1
19,12595,1
19,12596,1
19,12597,1
34,12100,1
19,14990,1
19,14991,1
19,14992,1
19,15004,1
19,12601,1
19,12622,1
19,12603,1
19,12604,1
19,12605,1
34,6456,1
34,6457,1
34,1221,1
34,3210,1
19,12586,1
19,12587,1
19,12588,1
19,12589,1
19,12590,1
19,15006,1
19,12602,1
19,12577,1
19,12578,1
19,14987,1
19,14988,1
19,14989,1
19,12569,1
19,12570,1
19,14976,1
19,14977,1
19,14978,1
19,14979,1
19,10072,1
19,14993,1
19,12592,1
19,12580,1
19,12581,1
19,12582,1
19,12583,1
19,12584,1
19,14994,1
19,14995,1
19,12585,1
19,12574,1
19,14984,1
19,14985,1
19,12591,1
19,14996,1
19,12579,1
19,15005,1
19,12626,1
19,12627,1
19,12628,1
19,12629,1
19,12630,1
19,12631,1
19,12632,1
19,12633,1
19,12634,1
19,12635,1
19,12614,1
19,12615,1
19,15007,1
19,12616,1
19,12617,1
19,12618,1
19,15016,1
19,12641,1
19,12642,1
19,12643,1
19,12644,1
19,15017,1
19,15018,1
19,12645,1
19,15019,1
19,12646,1
19,11658,1
19,12612,1
19,15008,1
19,15009,1
19,15010,1
19,12613,1
19,14998,1
19,14999,1
19,15000,1
19,15001,1
19,12598,1
19,12599,1
19,12600,1
19,15002,1
19,12611,1
19,12619,1
19,12620,1
19,12621,1
19,15011,1
19,15012,1
19,15013,1
19,15014,1
19,12606,1
19,12607,1
19,12608,1
19,11659,1
19,12609,1
19,12610,1
19,15003,1
12,3589,1
12,5153,1
12,4464,1
12,3587,1
12,4243,1
12,5140,1
12,5143,1
12,4457,1
12,5142,1
12,5144,1
12,5141,1
12,4458,1
16,7157,1
12,6298,1
12,5145,1
12,2845,1
12,5146,1
12,3588,1
12,4461,1
9,514,1
35,455,1
12,4456,1
12,3653,1
12,3652,1
14,2469,1
14,2470,1
12,4459,1
12,5157,1
12,3663,1
12,3667,1
12,5149,1
12,3658,1
12,4467,1
12,4468,1
12,5151,1
12,11000,1
12,3659,1
12,3660,1
12,4471,1
12,5154,1
12,3654,1
12,4774,1
12,3656,1
12,4466,1
12,4465,1
12,5152,1
12,5147,1
12,5148,1
12,4463,1
12,4460,1
12,4462,1
12,3655,1
12,6668,1
12,5150,1
12,5155,1
14,2175,1
14,3989,1
14,2176,1
14,2464,1
14,6319,1
14,6320,1
14,5119,1
14,2324,1
14,1816,1
14,2463,1
14,2321,1
14,3988,1
14,2067,1
9,3989,1
14,2059,1
14,4385,1
14,4386,1
14,4284,1
14,2554,1
14,1814,1
14,2461,1
14,2462,1
14,2098,1
14,1963,1
14,2062,1
14,2320,1
9,3988,1
14,2068,1
14,2329,1
20,2923,1
20,3875,1
20,3876,1
20,3877,1
9,513,1
14,2177,1
14,2099,1
14,6321,1
14,4285,1
14,2326,1
14,2325,1
14,2323,1
14,2327,1
14,2465,1
14,2466,1
14,2236,1
14,2237,1
14,2467,1
14,2100,1
14,2468,1
14,2064,1
14,2556,1
14,2065,1
14,2066,1
14,2322,1
14,2328,1
12,4251,1
12,3674,1
12,3678,1
12,5178,1
12,4313,1
12,7840,1
12,3973,1
12,5168,1
12,5169,1
12,5179,1
12,9242,1
12,9243,1
12,3969,1
12,4312,1
12,5172,1
12,5175,1
12,4477,1
12,5166,1
12,3971,1
12,5173,1
12,4248,1
12,5185,1
12,9810,1
12,4486,1
12,4455,1
12,5174,1
12,3675,1
12,4497,1
12,5180,1
12,5184,1
12,9814,1
12,7843,1
12,9815,1
12,5630,1
12,4489,1
12,4487,1
12,5189,1
12,4315,1
12,5181,1
12,5186,1
12,4250,1
12,5466,1
12,3672,1
12,3673,1
12,5176,1
12,4484,1
12,3671,1
12,3974,1
12,3975,1
12,4252,1
12,3676,1
12,4490,1
12,4249,1
12,3677,1
12,4314,1
12,4925,1
12,3044,1
12,5158,1
12,3198,1
12,3970,1
12,5156,1
12,4247,1
12,3662,1
12,4474,1
12,4776,1
12,4470,1
12,4246,1
12,3664,1
12,4485,1
12,5160,1
12,4773,1
12,3661,1
12,4469,1
12,3389,1
12,3666,1
12,4244,1
12,3390,1
12,4059,1
12,4775,1
12,3665,1
12,4475,1
12,3968,1
12,4454,1
12,5170,1
12,5171,1
12,5177,1
12,4488,1
12,3657,1
12,4920,1
12,5161,1
12,5167,1
12,5138,1
12,4483,1
12,3669,1
12,5159,1
12,4480,1
12,4476,1
12,5163,1
12,5164,1
12,4479,1
12,4482,1
12,4478,1
12,4473,1
12,611,1
12,4472,1
12,5162,1
12,3668,1
12,5165,1
12,4481,1
12,3670,1
12,4245,1
14,2294,1
14,3987,1
14,6908,1
14,2084,1
14,2040,1
14,2148,1
14,2292,1
14,2295,1
14,2527,1
14,2087,1
14,2147,1
14,2139,1
14,2063,1
14,2041,1
14,2144,1
14,9165,1
14,2618,1
14,3986,1
14,8001,1
14,6907,1
14,2666,1
14,2293,1
14,9631,1
14,7644,1
14,2452,1
14,1952,1
14,2085,1
14,2152,1
14,2153,1
14,2046,1
14,2089,1
14,2035,1
14,2228,1
14,2038,1
14,2151,1
14,2526,1
14,4279,1
14,749,1
14,2088,1
14,2149,1
14,2086,1
14,2296,1
14,2226,1
14,2143,1
14,2140,1
14,2146,1
14,2453,1
14,2145,1
14,2227,1
14,2229,1
14,1954,1
14,2290,1
14,2291,1
14,3727,1
14,2150,1
14,2025,1
14,2449,1
14,2450,1
14,2451,1
14,2137,1
14,2224,1
14,1947,1
14,2007,1
14,2009,1
14,2289,1
14,2029,1
14,2448,1
14,2034,1
14,2010,1
14,2765,1
14,2221,1
14,2444,1
14,2027,1
14,2523,1
14,2222,1
14,2445,1
14,2223,1
14,2021,1
14,2287,1
14,2524,1
14,2446,1
14,1946,1
14,1953,1
14,2443,1
14,2134,1
14,866,1
14,2083,1
14,1832,1
14,3059,1
14,2032,1
14,1330,1
14,2141,1
14,2142,1
14,4341,1
14,1948,1
14,2522,1
14,2225,1
14,1927,1
14,2013,1
14,2028,1
14,2015,1
14,2014,1
14,2026,1
14,2039,1
14,1951,1
14,1950,1
14,2031,1
14,2011,1
14,2012,1
14,2138,1
14,2234,1
14,2232,1
14,4283,1
14,4384,1
14,2169,1
14,4282,1
14,2054,1
14,2313,1
14,2314,1
14,2458,1
14,2459,1
14,2315,1
14,11573,1
14,2317,1
14,2318,1
14,2097,1
14,2167,1
14,1960,1
14,1961,1
14,2310,1
14,2308,1
14,2457,1
14,2160,1
14,2049,1
14,1958,1
14,2311,1
14,2316,1
14,1964,1
14,2555,1
14,1815,1
14,2170,1
14,2319,1
14,1962,1
14,2060,1
14,2460,1
14,2235,1
14,2173,1
14,14236,1
14,10518,1
14,2529,1
14,2233,1
14,2172,1
14,2058,1
14,2168,1
14,2061,1
14,2056,1
14,2161,1
14,2162,1
14,2163,1
14,2164,1
14,2165,1
14,2055,1
14,2057,1
14,2096,1
14,2171,1
14,2454,1
14,2303,1
14,2304,1
14,2305,1
14,2306,1
14,2307,1
14,2094,1
14,2045,1
14,641,1
14,2230,1
14,2528,1
14,11574,1
14,2047,1
14,2312,1
14,2048,1
14,2297,1
14,2766,1
14,2767,1
14,6909,1
14,2299,1
14,2090,1
14,2044,1
14,2300,1
14,2042,1
14,2043,1
14,1957,1
14,2037,1
14,2298,1
14,2050,1
14,2053,1
14,2052,1
14,1959,1
14,2768,1
14,2231,1
14,1956,1
14,2051,1
14,2091,1
14,2092,1
14,2158,1
14,2095,1
14,4383,1
14,2154,1
14,4281,1
14,2159,1
14,2093,1
14,2620,1
14,2309,1
14,2455,1
14,2456,1
14,2301,1
14,2302,1
14,2156,1
14,2157,1
14,2619,1
14,2993,1
14,4280,1
16,6270,1
16,6271,1
16,6272,1
16,6264,1
16,6265,1
16,7219,1
16,7220,1
16,7221,1
16,7222,1
16,9206,1
16,7223,1
16,7224,1
12,4493,1
16,7226,1
16,7227,1
16,7750,1
16,6275,1
16,6276,1
16,6268,1
16,6269,1
16,7229,1
16,7230,1
16,7231,1
16,7232,1
16,7233,1
16,7234,1
16,7225,1
16,7216,1
16,7217,1
16,7218,1
16,7749,1
16,7748,1
16,6617,1
16,6257,1
16,6258,1
16,6259,1
16,6260,1
16,6261,1
16,6262,1
16,6263,1
16,7215,1
16,7203,1
16,7204,1
16,6266,1
16,7228,1
16,6267,1
16,7207,1
16,7208,1
16,7209,1
16,7210,1
16,7211,1
16,7212,1
16,7213,1
16,7214,1
16,7202,1
16,6277,1
16,6278,1
16,7247,1
16,7248,1
16,6279,1
16,6280,1
16,7249,1
16,7250,1
16,7270,1
16,7271,1
16,6289,1
16,6290,1
16,9207,1
16,7253,1
16,7254,1
16,7255,1
16,7256,1
16,6283,1
16,6284,1
16,7257,1
16,7258,1
16,7263,1
16,7264,1
16,7265,1
16,7266,1
16,7267,1
16,10925,1
16,8153,1
16,7235,1
16,7236,1
16,7237,1
16,7251,1
16,7252,1
16,6281,1
16,7751,1
16,6282,1
16,6273,1
16,6274,1
16,7238,1
16,7239,1
16,10080,1
16,7241,1
16,7242,1
16,7243,1
16,7244,1
16,7245,1
16,7246,1
16,7259,1
16,10079,1
16,7260,1
16,7261,1
16,6285,1
16,6286,1
16,7262,1
16,7240,1
16,8564,1
16,7172,1
16,9203,1
16,6238,1
16,7159,1
16,6239,1
16,7160,1
16,9204,1
16,5622,1
16,7161,1
16,7162,1
16,7163,1
16,6256,1
16,8152,1
16,8566,1
16,6246,1
16,7741,1
16,6240,1
16,6241,1
16,6242,1
16,6243,1
16,6244,1
16,7166,1
16,7742,1
16,10077,1
16,7167,1
16,8565,1
16,7158,1
30,1691,1
30,3061,1
30,5512,1
30,1774,1
30,4945,1
30,805,1
30,4287,1
30,10167,1
30,5616,1
30,5623,1
30,10822,1
30,10166,1
16,6237,1
16,7165,1
16,7147,1
16,7148,1
16,7149,1
16,7150,1
16,7151,1
16,7152,1
16,7153,1
16,7154,1
16,9202,1
16,7155,1
16,6236,1
16,7156,1
16,7164,1
16,6252,1
16,7185,1
16,7186,1
16,7746,1
16,7747,1
16,7187,1
16,7188,1
16,8567,1
16,7189,1
16,7190,1
16,7191,1
16,7192,1
16,7193,1
16,7168,1
16,7194,1
16,7195,1
16,8568,1
16,7205,1
16,7206,1
16,7197,1
16,7198,1
16,7199,1
16,7200,1
16,6253,1
16,6254,1
16,6255,1
16,7201,1
16,15026,1
16,7169,1
16,7170,1
16,7171,1
16,7744,1
16,7745,1
16,7173,1
16,7743,1
16,7174,1
16,9205,1
16,7175,1
16,7176,1
16,7177,1
16,7178,1
16,6251,1
16,6616,1
16,7179,1
16,6245,1
16,7196,1
16,6247,1
16,6248,1
16,6249,1
16,7180,1
16,7181,1
16,7182,1
16,7183,1
16,7184,1
16,6250,1
16,10078,1
12,4508,1
12,4317,1
12,3692,1
12,6302,1
12,5202,1
12,5197,1
12,4061,1
12,6301,1
12,3691,1
12,4255,1
12,4256,1
12,6672,1
16,7268,1
12,3651,1
12,4506,1
12,4507,1
12,4064,1
12,3591,1
12,4257,1
12,4499,1
12,4500,1
12,5200,1
12,5198,1
12,3392,1
12,4921,1
12,5196,1
12,6671,1
12,5209,1
12,5210,1
12,5211,1
12,5212,1
12,5213,1
12,4518,1
12,4519,1
12,4509,1
12,4510,1
12,5205,1
12,5206,1
12,5207,1
12,3694,1
12,5203,1
12,6676,1
12,6304,1
12,6677,1
12,6303,1
12,3590,1
12,4778,1
12,4258,1
12,3593,1
12,3690,1
12,6673,1
12,6674,1
12,6675,1
12,5204,1
12,3693,1
12,5199,1
12,4777,1
12,3681,1
12,8261,1
12,4492,1
12,5193,1
12,5194,1
12,4498,1
12,4496,1
12,5187,1
12,5631,1
12,7458,1
12,5634,1
12,3680,1
12,4253,1
12,9816,1
12,3684,1
12,4491,1
12,3682,1
12,3683,1
12,5190,1
12,3687,1
12,5188,1
12,5183,1
12,6669,1
12,5182,1
12,6670,1
12,5201,1
12,4060,1
12,4501,1
12,4502,1
12,4503,1
12,4504,1
12,4505,1
12,3685,1
12,3976,1
12,3686,1
12,3592,1
12,5632,1
12,6300,1
12,5192,1
12,6299,1
12,5633,1
12,3688,1
12,3689,1
12,4254,1
12,3199,1
12,5195,1
12,10163,1
12,10164,1
12,5191,1
12,3679,1
12,4494,1
12,4495,1
12,4316,1
12,5230,1
12,5231,1
12,4527,1
12,4930,1
12,5233,1
12,5234,1
12,5232,1
12,5235,1
12,5236,1
12,4528,1
12,5636,1
12,4204,1
12,4517,1
12,4523,1
12,3698,1
12,5225,1
12,4262,1
12,4782,1
12,4310,1
12,6691,1
12,6692,1
12,5226,1
12,3699,1
12,5227,1
12,4524,1
12,4525,1
12,4529,1
16,7269,1
16,6287,1
16,6288,1
9,4566,1
9,4341,1
9,3986,1
9,3727,1
9,3987,1
9,3728,1
15,8257,1
14,1224,1
1,8436,1
1,8437,1
12,5467,1
12,4263,1
12,4531,1
12,6693,1
12,4532,1
12,5239,1
12,4264,1
12,4265,1
12,5240,1
12,4533,1
12,5237,1
12,5238,1
12,7844,1
12,5229,1
12,4530,1
12,7847,1
12,5218,1
12,5219,1
12,6684,1
12,6685,1
12,5214,1
12,5215,1
12,4926,1
12,4309,1
12,3695,1
12,4779,1
12,6679,1
12,6680,1
12,4526,1
12,5216,1
12,4927,1
12,4062,1
12,4063,1
12,5217,1
12,3696,1
12,6678,1
12,4516,1
12,4513,1
12,4514,1
12,4515,1
12,4511,1
12,5208,1
12,6681,1
12,5228,1
12,4783,1
12,5222,1
12,4521,1
12,3394,1
12,6686,1
12,5635,1
12,4261,1
12,4780,1
12,6687,1
12,6688,1
12,4929,1
12,4781,1
12,4928,1
12,6689,1
12,6690,1
12,5224,1
12,4522,1
12,3697,1
12,3393,1
12,4259,1
12,4260,1
12,6682,1
12,6683,1
12,5220,1
12,5221,1
12,4520,1
12,5223,1
19,7914,1
19,6843,1
19,7588,1
19,6852,1
19,2716,1
19,6845,1
19,6449,1
19,14363,1
19,14362,1
19,6446,1
19,6838,1
19,5678,1
19,14874,1
19,5276,1
19,6844,1
19,6839,1
19,7935,1
19,7936,1
19,7927,1
19,6000,1
19,6452,1
19,6447,1
19,6002,1
19,7925,1
19,7926,1
19,7580,1
19,6841,1
19,6854,1
19,6855,1
19,6859,1
19,6856,1
19,6853,1
19,6857,1
19,7594,1
19,6858,1
19,6861,1
19,6842,1
19,7589,1
19,7586,1
19,6851,1
19,7923,1
19,7932,1
19,6448,1
19,6451,1
19,7961,1
19,7591,1
19,7592,1
19,13372,1
19,3214,1
19,6850,1
19,6849,1
19,7587,1
19,6848,1
19,7922,1
19,7590,1
19,8680,1
19,7575,1
19,7576,1
19,9233,1
19,9234,1
19,7574,1
19,7928,1
19,7929,1
19,810,1
19,7579,1
19,5998,1
19,5999,1
19,7910,1
19,6437,1
19,6816,1
19,6817,1
19,6829,1
19,6443,1
19,6824,1
19,6441,1
19,6818,1
19,2547,1
19,6819,1
19,6820,1
19,6821,1
19,3114,1
19,6815,1
19,8974,1
19,7583,1
19,6444,1
19,6846,1
19,6834,1
19,7931,1
19,3644,1
19,6835,1
19,6836,1
19,7585,1
19,5680,1
19,7577,1
19,6833,1
19,6826,1
19,6827,1
19,6832,1
19,7581,1
19,7903,1
19,6840,1
19,7904,1
19,7584,1
19,4070,1
19,6837,1
19,8343,1
19,7905,1
19,6825,1
19,6828,1
19,6831,1
19,6877,1
19,7615,1
19,7971,1
19,7972,1
19,7973,1
19,7974,1
19,6867,1
19,7977,1
19,7978,1
19,9999,1
19,7980,1
19,8359,1
19,7942,1
19,7981,1
19,10130,1
19,6868,1
19,6869,1
19,6870,1
19,7949,1
19,7957,1
19,7958,1
19,7609,1
19,6864,1
19,7963,1
19,7964,1
19,7965,1
19,7983,1
34,4599,1
34,5011,1
34,4605,1
19,7989,1
19,7616,1
19,7617,1
19,6878,1
34,4846,1
34,4847,1
34,5528,1
34,5301,1
34,5020,1
34,4117,1
19,6454,1
19,7982,1
19,6871,1
19,7985,1
19,7986,1
19,6873,1
19,7987,1
19,7988,1
19,5683,1
19,6872,1
19,6875,1
19,6874,1
19,6876,1
19,8360,1
34,5300,1
19,7941,1
19,7940,1
19,7944,1
19,7945,1
19,7951,1
19,7596,1
19,7955,1
19,7952,1
34,5022,1
34,5030,1
34,4852,1
34,4853,1
19,7966,1
34,5530,1
34,5023,1
34,6506,1
34,7654,1
34,5299,1
34,5029,1
34,4610,1
34,5531,1
19,7930,1
19,6001,1
19,7593,1
19,7933,1
19,7938,1
34,5529,1
19,6866,1
19,9182,1
19,6865,1
19,7984,1
19,7970,1
19,6919,1
19,6863,1
19,7599,1
19,7600,1
19,7601,1
19,7950,1
19,7979,1
19,7602,1
19,7598,1
19,11697,1
19,6003,1
19,7954,1
19,7947,1
19,7948,1
34,4607,1
19,7953,1
19,15041,1
19,15042,1
19,15043,1
19,7595,1
19,7956,1
19,7597,1
19,11696,1
34,5036,1
34,7655,1
34,7656,1
34,5539,1
34,5306,1
34,5307,1
34,5540,1
2,11292,1
2,12079,1
2,12080,1
2,11293,1
2,10285,1
19,6439,1
2,12081,1
2,11295,1
2,12082,1
2,12083,1
2,12084,1
2,11296,1
2,12085,1
2,12086,1
2,12087,1
2,12071,1
2,14099,1
2,11287,1
2,12072,1
2,11294,1
34,5031,1
34,5033,1
34,4614,1
34,4367,1
34,4863,1
2,12088,1
2,12089,1
2,11297,1
2,11298,1
1,11190,1
1,11196,1
1,11223,1
1,12002,1
34,5537,1
1,11263,1
1,11277,1
1,11282,1
1,14096,1
1,11286,1
2,9909,1
34,4860,1
34,5534,1
34,5532,1
34,5697,1
34,5698,1
34,4366,1
34,5536,1
1,11251,1
2,12053,1
2,12054,1
2,12055,1
2,11280,1
2,11281,1
2,12056,1
2,12057,1
2,11282,1
2,10283,1
2,12058,1
2,12059,1
2,11283,1
2,11288,1
2,12061,1
2,14094,1
2,12050,1
2,11270,1
2,11271,1
2,14092,1
2,11272,1
2,11273,1
2,11274,1
2,11275,1
2,12051,1
2,11276,1
2,14093,1
2,12060,1
2,11289,1
2,12073,1
2,10284,1
2,12074,1
2,12075,1
2,12076,1
2,12077,1
2,12078,1
2,11290,1
2,14100,1
2,11291,1
2,12062,1
2,12063,1
2,11279,1
2,12064,1
2,12065,1
2,14095,1
2,14096,1
2,11285,1
2,12066,1
2,11286,1
2,12067,1
2,12068,1
2,12069,1
2,14097,1
2,14098,1
2,12070,1
2,11284,1
19,8338,1
19,7901,1
34,4611,1
19,6814,1
19,6811,1
19,7566,1
19,6810,1
19,9232,1
19,7573,1
19,7909,1
19,7908,1
19,7896,1
34,5018,1
19,8341,1
19,7898,1
19,6433,1
19,7570,1
19,8339,1
19,6812,1
34,5298,1
34,5032,1
34,5696,1
34,4608,1
34,5024,1
34,5527,1
34,5025,1
19,8347,1
19,6830,1
19,7565,1
19,10392,1
19,3719,1
19,7899,1
19,8333,1
19,6434,1
19,6442,1
19,8337,1
19,8336,1
19,6813,1
19,8342,1
19,6822,1
19,7572,1
19,6435,1
19,7567,1
19,7902,1
19,7907,1
19,7568,1
19,7578,1
19,6823,1
19,8335,1
19,7912,1
19,7571,1
19,8334,1
19,7900,1
19,8973,1
19,6440,1
19,7892,1
19,8330,1
19,7893,1
19,8329,1
34,5535,1
30,3933,1
10,4031,1
10,3167,1
10,3166,1
10,4037,1
10,5861,1
10,3175,1
10,3176,1
34,5026,1
10,5863,1
7,6431,1
35,4069,1
1,11289,1
1,11297,1
1,11298,1
34,4857,1
34,4612,1
34,4858,1
34,4613,1
34,5027,1
34,4859,1
34,5028,1
10,5862,1
34,4855,1
34,4861,1
34,4609,1
34,4856,1
34,4854,1
19,7890,1
19,7891,1
19,6807,1
19,6438,1
19,6432,1
19,7921,1
19,9998,1
19,7582,1
19,6808,1
19,7894,1
19,8332,1
19,7564,1
19,7569,1
19,7895,1
19,6803,1
19,8972,1
19,6806,1
19,6805,1
19,6804,1
19,8331,1
19,7563,1
19,7889,1
19,6809,1
35,2306,1
35,2044,1
35,2093,1
35,2091,1
35,2310,1
35,2309,1
35,2455,1
35,1956,1
35,2154,1
35,2299,1
35,1935,1
35,6909,1
34,4845,1
35,2051,1
35,11574,1
35,2312,1
35,4383,1
35,2457,1
35,2307,1
35,2156,1
35,2157,1
35,4280,1
35,2301,1
35,2302,1
35,2155,1
35,2095,1
35,1934,1
35,2526,1
35,2089,1
35,2038,1
35,2228,1
35,2300,1
35,2045,1
35,2143,1
35,2087,1
35,2088,1
35,2296,1
35,11573,1
35,2297,1
35,6009,1
35,2305,1
35,2230,1
35,641,1
35,2453,1
35,2308,1
35,2619,1
35,2090,1
35,2293,1
35,4279,1
35,2766,1
35,2767,1
35,2454,1
35,2303,1
35,2304,1
35,10025,1
35,4281,1
35,2159,1
35,2054,1
35,2097,1
35,2161,1
35,2162,1
35,2163,1
35,2164,1
35,2165,1
35,2232,1
35,1908,1
35,2233,1
35,2094,1
35,1962,1
35,1892,1
35,2459,1
35,2316,1
35,2317,1
35,2169,1
35,2170,1
35,4384,1
35,3445,1
35,12225,1
35,10518,1
35,2058,1
35,2173,1
35,2234,1
35,2158,1
35,2049,1
35,2092,1
35,2053,1
35,2231,1
35,1958,1
35,2057,1
35,2315,1
35,2050,1
35,2166,1
35,9166,1
35,2319,1
35,2456,1
35,1936,1
35,719,1
35,2620,1
35,2311,1
35,2318,1
35,2055,1
35,2458,1
35,749,1
35,4282,1
35,2313,1
35,2314,1
35,2052,1
35,1959,1
35,2096,1
35,2160,1
35,2014,1
35,2222,1
35,2144,1
35,2225,1
35,1931,1
35,2289,1
35,1927,1
35,2002,1
35,2286,1
35,2018,1
35,2016,1
35,2040,1
35,1955,1
35,2281,1
35,2017,1
35,1947,1
35,877,1
35,2137,1
35,2034,1
35,2282,1
35,1932,1
35,1954,1
35,2085,1
35,2031,1
35,2451,1
35,6907,1
35,2991,1
35,2138,1
35,2288,1
35,2448,1
35,1948,1
35,2081,1
35,2036,1
35,2135,1
35,2136,1
35,1930,1
35,2027,1
35,2030,1
35,1946,1
35,2026,1
35,2226,1
35,2446,1
35,2287,1
35,2217,1
35,2218,1
35,2284,1
35,2447,1
35,2444,1
35,2450,1
35,2032,1
35,2041,1
35,1953,1
35,2132,1
35,1831,1
35,2283,1
35,2527,1
35,2035,1
35,2295,1
35,2145,1
35,2140,1
35,2666,1
35,2229,1
35,2148,1
35,2152,1
35,2153,1
35,3727,1
35,9165,1
35,8001,1
35,1933,1
35,2151,1
35,1891,1
35,2047,1
35,2139,1
35,6908,1
35,2219,1
35,2048,1
35,2046,1
35,2147,1
35,2146,1
35,2227,1
35,2149,1
35,2150,1
35,2528,1
35,11609,1
35,2084,1
35,2033,1
35,2134,1
35,6552,1
35,2523,1
35,2452,1
35,2290,1
35,2291,1
35,2292,1
35,866,1
35,2083,1
35,2294,1
35,2224,1
35,3987,1
35,2618,1
35,2086,1
35,7644,1
35,2298,1
35,2042,1
35,2043,1
35,2141,1
35,2037,1
35,2142,1
35,1950,1
35,1832,1
35,4341,1
35,3986,1
34,4992,1
34,4994,1
34,4588,1
34,4593,1
34,4360,1
34,4827,1
34,4996,1
34,4997,1
1,11730,1
1,10159,1
1,7462,1
1,9810,1
35,2167,1
34,4841,1
34,4587,1
34,4590,1
34,4592,1
34,4355,1
34,4356,1
34,4830,1
34,4995,1
34,4831,1
34,4829,1
34,4275,1
34,4832,1
34,5008,1
34,5000,1
34,4823,1
34,4586,1
34,4824,1
34,4357,1
34,4358,1
34,4359,1
34,4362,1
34,6901,1
34,4594,1
34,4363,1
34,4993,1
34,4836,1
34,4354,1
34,4826,1
34,4825,1
34,4987,1
34,4361,1
34,4988,1
34,4986,1
1,7847,1
34,4591,1
34,4981,1
1,6301,1
34,4989,1
34,4589,1
34,4990,1
34,4991,1
34,4596,1
34,4998,1
34,4365,1
34,5296,1
34,5009,1
34,4849,1
34,5017,1
34,4601,1
34,4602,1
34,4600,1
34,4603,1
34,4604,1
34,4606,1
34,4838,1
34,5013,1
34,4842,1
34,6057,1
34,5015,1
34,5019,1
34,5533,1
34,5302,1
34,7653,1
34,5021,1
34,4850,1
34,4851,1
34,4598,1
34,4999,1
34,5014,1
34,4837,1
34,5002,1
34,5003,1
34,5526,1
34,5297,1
34,5006,1
34,4848,1
6,9152,1
6,10102,1
6,11668,1
34,5010,1
34,4839,1
34,4840,1
34,4844,1
34,5525,1
34,4843,1
34,5012,1
24,840,1
34,4834,1
34,5695,1
34,5001,1
34,4835,1
34,4597,1
34,5005,1
34,5004,1
34,4364,1
34,5016,1
34,5007,1
35,2463,1
35,3988,1
35,1964,1
35,2064,1
35,12266,1
35,4283,1
35,14333,1
35,2068,1
35,2322,1
35,2323,1
35,2065,1
35,2174,1
34,4595,1
35,2324,1
35,3989,1
35,2176,1
35,5119,1
35,2326,1
35,2464,1
35,2325,1
35,2177,1
35,2099,1
35,4285,1
34,4983,1
34,919,1
34,4577,1
35,2066,1
35,1960,1
35,1961,1
35,1855,1
35,2056,1
35,2171,1
35,2172,1
35,1814,1
35,2061,1
35,4284,1
35,14237,1
35,2461,1
35,4386,1
35,4385,1
35,2062,1
35,2462,1
35,2098,1
35,2060,1
35,2235,1
35,2460,1
35,2328,1
35,2063,1
35,2320,1
35,1963,1
35,1815,1
35,1816,1
35,2555,1
35,2321,1
35,2059,1
34,4984,1
34,4820,1
34,5524,1
34,4578,1
34,4982,1
34,4985,1
34,4579,1
34,4580,1
34,5293,1
34,4350,1
34,4581,1
34,4582,1
12,4111,1
35,2327,1
19,4011,1
19,3448,1
19,6004,1
34,4818,1
34,5295,1
34,4819,1
34,4584,1
34,4351,1
34,4352,1
34,4833,1
34,4353,1
34,4828,1
34,4585,1
19,499,1
35,2236,1
35,2465,1
35,2466,1
35,2237,1
35,2100,1
35,2467,1
35,2468,1
35,2469,1
35,2470,1
35,2329,1
35,2067,1
34,4583,1
34,4349,1
34,4822,1
34,7997,1
34,2070,1
34,5523,1
34,4348,1
34,4980,1
34,2774,1
34,4817,1
34,4978,1
34,4979,1
34,4816,1
34,4287,1
34,5294,1
34,4821,1
34,4815,1
20,2668,1
20,1583,1
20,1569,1
20,2126,1
20,1753,1
20,1572,1
20,1573,1
20,1044,1
20,1629,1
20,1835,1
20,1348,1
20,1813,1
2,11277,1
20,15284,1
20,15285,1
20,15286,1
20,15287,1
20,15288,1
20,15289,1
20,1413,1
20,1288,1
20,1289,1
20,1738,1
20,1965,1
20,1414,1
20,1383,1
20,1367,1
20,15296,1
20,1045,1
20,1415,1
20,1291,1
20,1233,1
20,1664,1
20,1292,1
20,1234,1
20,1630,1
20,1584,1
20,1570,1
20,1416,1
20,1146,1
20,2127,1
20,1768,1
20,1552,1
20,1417,1
20,1043,1
20,15290,1
20,9646,1
20,15291,1
20,15292,1
20,15293,1
20,15294,1
20,15295,1
20,746,1
20,1614,1
20,1685,1
20,1644,1
20,1412,1
20,1865,1
20,1145,1
7,11643,1
20,1336,1
20,1337,1
20,1518,1
20,1454,1
20,1688,1
20,1287,1
20,1361,1
20,1290,1
20,1470,1
20,1410,1
20,1628,1
20,1662,1
20,1663,1
20,6008,1
20,1453,1
20,1471,1
20,1219,1
20,1690,1
20,1285,1
20,1382,1
20,3121,1
20,1469,1
20,1754,1
20,1463,1
20,1711,1
20,1712,1
20,1050,1
20,2069,1
20,1353,1
20,1232,1
20,1221,1
20,1277,1
20,1360,1
20,4565,1
20,2433,1
20,1411,1
20,1435,1
20,606,1
20,1278,1
20,9725,1
20,1540,1
20,1220,1
20,1519,1
20,1516,1
20,1541,1
20,1451,1
20,1455,1
20,2918,1
20,1359,1
20,4268,1
20,2920,1
20,1295,1
20,1390,1
20,977,1
20,978,1
20,15316,1
20,1389,1
20,7642,1
20,542,1
20,1147,1
20,1465,1
20,1475,1
20,1666,1
20,15310,1
20,15311,1
20,15312,1
20,1237,1
20,1238,1
20,2919,1
20,1363,1
20,1771,1
20,975,1
20,15313,1
20,15314,1
20,6062,1
20,6063,1
20,1385,1
20,1773,1
20,1476,1
20,1397,1
20,1296,1
20,1297,1
20,1349,1
20,1392,1
20,1393,1
20,979,1
20,980,1
34,4888,1
34,9356,1
34,9357,1
20,1388,1
34,4891,1
34,5056,1
34,9358,1
34,4649,1
34,4650,1
34,9359,1
20,15315,1
20,1618,1
20,1148,1
20,976,1
20,4791,1
20,1386,1
20,1387,1
34,4890,1
20,1420,1
20,1421,1
20,1472,1
20,1464,1
20,1418,1
20,1293,1
20,1294,1
20,1769,1
20,1436,1
20,1437,1
20,1438,1
20,1439,1
20,1440,1
20,1384,1
20,1419,1
20,1368,1
20,15297,1
20,15298,1
20,15299,1
20,15300,1
20,15301,1
20,1665,1
20,1966,1
20,1967,1
20,1968,1
20,1235,1
20,1615,1
20,1362,1
20,1441,1
20,2330,1
20,1713,1
20,1474,1
20,1788,1
20,15306,1
20,15307,1
20,15308,1
20,9651,1
20,15309,1
20,1739,1
20,1236,1
20,1473,1
20,1423,1
20,974,1
20,1051,1
20,9649,1
20,9650,1
20,15302,1
20,15303,1
20,15304,1
20,15305,1
20,1222,1
20,1667,1
20,1645,1
20,1616,1
20,1617,1
20,1422,1
20,1225,1
20,1626,1
20,1331,1
20,1046,1
7,11651,1
7,11652,1
7,12471,1
7,11653,1
7,11654,1
7,10793,1
7,11655,1
7,11656,1
20,1286,1
6,15305,1
6,15306,1
6,15307,1
6,15308,1
6,15309,1
6,15310,1
6,15311,1
6,15312,1
6,15313,1
6,15314,1
6,15315,1
6,15316,1
20,973,1
6,15304,1
20,1047,1
20,1443,1
20,1434,1
20,1377,1
20,1376,1
20,1709,1
20,2665,1
20,1736,1
20,1275,1
20,1710,1
20,1378,1
7,11658,1
20,1364,1
20,1328,1
20,15267,1
20,15268,1
20,15269,1
20,15270,1
20,1444,1
20,1752,1
20,1280,1
20,1400,1
20,1333,1
20,1568,1
20,15266,1
20,1399,1
20,1141,1
20,1515,1
6,15287,1
6,15288,1
6,15289,1
19,14875,1
19,14876,1
19,14877,1
6,15266,1
6,15267,1
6,15268,1
6,15269,1
6,15270,1
6,15271,1
20,1734,1
6,15273,1
19,14881,1
12,713,1
12,986,1
12,1245,1
12,1072,1
19,14870,1
19,12476,1
19,12477,1
19,14871,1
19,14872,1
19,12478,1
19,14873,1
6,15272,1
20,1705,1
6,15290,1
6,15291,1
6,15292,1
6,15293,1
6,15294,1
6,15295,1
6,15296,1
6,15297,1
6,15298,1
6,15299,1
6,15300,1
6,15301,1
6,15286,1
6,15303,1
6,15274,1
6,15275,1
6,15276,1
6,15277,1
6,15278,1
6,15279,1
6,15280,1
6,15281,1
6,15282,1
6,15283,1
6,15284,1
6,15285,1
6,15302,1
20,812,1
20,1143,1
20,1230,1
20,1468,1
20,1514,1
7,11650,1
20,1365,1
20,1737,1
20,1580,1
20,1643,1
20,1283,1
20,1450,1
20,1735,1
20,1352,1
20,1613,1
20,1527,1
20,1144,1
20,1140,1
20,1137,1
20,1335,1
20,1448,1
20,1556,1
20,1380,1
20,1381,1
20,1405,1
7,11644,1
20,1229,1
20,972,1
7,11640,1
7,12469,1
7,6448,1
7,11642,1
20,1452,1
20,1687,1
20,15277,1
20,15278,1
20,15279,1
20,15280,1
20,15281,1
20,9644,1
20,2178,1
20,15283,1
20,1358,1
20,1231,1
20,1216,1
20,1409,1
20,1284,1
20,1406,1
20,1686,1
20,1467,1
20,1407,1
20,1408,1
20,1218,1
20,1329,1
20,15282,1
20,15276,1
20,1684,1
20,1403,1
20,758,1
20,1281,1
20,1748,1
20,1749,1
20,1750,1
20,1049,1
20,2487,1
20,1048,1
20,1351,1
20,1446,1
7,11645,1
20,1334,1
20,1274,1
20,1276,1
20,1833,1
20,1447,1
20,1404,1
20,3126,1
20,1449,1
20,2986,1
20,15271,1
20,1445,1
20,1332,1
20,1401,1
20,1142,1
7,10791,1
7,10792,1
7,11646,1
7,5678,1
7,11647,1
7,11648,1
20,1138,1
20,1226,1
20,1591,1
20,1642,1
20,1282,1
20,1612,1
20,1227,1
20,15275,1
20,1228,1
20,1834,1
20,1366,1
20,1042,1
20,1627,1
20,1217,1
20,1402,1
20,8466,1
20,15272,1
20,15273,1
20,9641,1
20,4896,1
20,15274,1
20,1139,1
2,11974,1
2,11975,1
2,11976,1
2,11233,1
2,11978,1
2,14068,1
2,11965,1
2,14069,1
2,11227,1
2,11966,1
2,11228,1
2,14070,1
20,1150,1
2,11967,1
2,11968,1
2,11230,1
2,14071,1
2,11969,1
2,14072,1
2,14073,1
2,11959,1
2,11960,1
2,9281,1
2,14065,1
2,11961,1
2,10278,1
2,11229,1
2,11997,1
2,11998,1
2,11237,1
2,14080,1
2,11979,1
2,11980,1
2,11981,1
2,11982,1
2,11983,1
2,11984,1
2,11985,1
2,11986,1
2,11987,1
2,11973,1
2,11988,1
2,11234,1
2,10279,1
2,11989,1
2,11990,1
2,14074,1
2,14075,1
2,11231,1
2,11970,1
2,14076,1
2,14077,1
2,11971,1
2,11972,1
2,8946,1
34,5040,1
34,4616,1
34,4617,1
34,4618,1
34,4619,1
34,4620,1
34,3218,1
2,11941,1
2,11212,1
2,11213,1
2,11942,1
2,11214,1
2,11224,1
2,11216,1
2,14063,1
2,11943,1
2,14064,1
2,11217,1
2,11218,1
2,11219,1
2,11944,1
2,11945,1
2,10277,1
2,11932,1
2,11933,1
2,11934,1
2,11215,1
2,11962,1
2,11963,1
2,11225,1
2,11964,1
2,11226,1
2,14066,1
2,14067,1
2,11948,1
2,11949,1
2,11220,1
2,11950,1
2,11221,1
2,11222,1
34,8439,1
2,11952,1
2,11953,1
2,11954,1
2,11955,1
2,11956,1
2,11223,1
2,11957,1
2,11958,1
2,11946,1
2,11947,1
34,4862,1
34,5037,1
34,4624,1
2,11951,1
2,12040,1
2,12041,1
2,11259,1
2,12024,1
2,14088,1
2,12025,1
2,12026,1
2,12027,1
2,12028,1
2,12029,1
2,12030,1
2,12031,1
2,11996,1
2,12033,1
2,12034,1
2,14089,1
2,12016,1
2,12017,1
2,12018,1
2,12019,1
2,11252,1
2,11253,1
2,12020,1
2,12021,1
2,12022,1
2,12023,1
2,12032,1
2,12052,1
2,11278,1
2,11266,1
2,11267,1
2,11268,1
2,12042,1
2,11269,1
2,10282,1
2,14091,1
2,12043,1
2,12044,1
2,12045,1
2,12046,1
2,11265,1
2,12048,1
2,12049,1
2,11260,1
2,11261,1
2,12035,1
2,11262,1
2,12036,1
2,11263,1
2,12037,1
2,12038,1
2,14090,1
2,11264,1
2,12039,1
2,12047,1
2,11245,1
2,9286,1
2,12006,1
2,11246,1
2,14081,1
2,11999,1
2,12000,1
2,12001,1
2,12002,1
2,11238,1
2,10280,1
2,14082,1
2,10281,1
2,11254,1
2,11239,1
2,11240,1
2,12003,1
2,12004,1
2,11235,1
2,11991,1
2,11992,1
2,11993,1
2,11236,1
2,11994,1
2,14078,1
2,11995,1
2,14079,1
2,14083,1
2,11255,1
2,11256,1
2,11257,1
2,11258,1
2,12007,1
2,12008,1
2,12009,1
2,12010,1
2,12011,1
2,12012,1
2,11247,1
2,14086,1
2,14087,1
2,8285,1
2,12013,1
2,12014,1
2,11249,1
2,11250,1
2,12015,1
2,11251,1
2,11241,1
2,11242,1
2,12005,1
2,14084,1
2,14085,1
2,11243,1
2,11244,1
2,11248,1
34,4870,1
34,4871,1
34,4872,1
34,5048,1
34,5049,1
34,4873,1
34,5050,1
34,5051,1
34,4641,1
34,4640,1
34,5055,1
34,14215,1
2,11935,1
9,10049,1
9,10050,1
34,5703,1
34,5704,1
34,5542,1
34,5543,1
34,4874,1
34,8477,1
34,5053,1
34,4644,1
34,4875,1
9,1198,1
9,3240,1
34,14216,1
34,4369,1
34,5701,1
34,4636,1
34,4633,1
34,4634,1
34,4635,1
34,12223,1
34,4642,1
34,4645,1
34,5544,1
34,5545,1
34,5541,1
34,4370,1
34,7998,1
34,5310,1
34,1718,1
34,4867,1
34,5044,1
34,5308,1
34,5309,1
34,5043,1
34,4868,1
34,4643,1
34,5707,1
34,4647,1
34,4371,1
34,5052,1
34,5702,1
9,7467,1
9,1065,1
22,11969,1
22,5252,1
22,11262,1
35,13631,1
10,14101,1
34,4648,1
34,4880,1
34,5312,1
34,4881,1
34,4882,1
9,1207,1
34,4884,1
34,5313,1
34,6475,1
34,4892,1
34,5057,1
34,5058,1
20,1391,1
20,1350,1
20,1394,1
20,1369,1
20,1395,1
20,1396,1
20,1149,1
34,4883,1
34,5705,1
34,5706,1
34,5054,1
34,5546,1
34,4876,1
34,4877,1
34,4372,1
34,4878,1
34,4646,1
34,4879,1
34,5311,1
9,4130,1
9,993,1
9,4898,1
9,4120,1
9,3879,1
9,5613,1
9,7635,1
9,7452,1
9,8751,1
34,4885,1
34,4373,1
34,4887,1
34,4886,1
34,5547,1
34,4889,1
9,1246,1
9,1006,1
2,11922,1
2,11199,1
2,11200,1
2,11923,1
2,11201,1
2,11924,1
2,11925,1
2,11202,1
2,11926,1
2,11203,1
2,11927,1
2,11928,1
34,4866,1
34,4621,1
34,4622,1
2,11918,1
2,11919,1
2,11196,1
2,11920,1
2,11921,1
2,14054,1
2,11197,1
2,11198,1
2,14052,1
2,9278,1
2,14053,1
34,4625,1
2,11936,1
2,11937,1
2,10275,1
2,10276,1
2,11209,1
2,11210,1
2,11938,1
2,11939,1
2,11211,1
2,11940,1
2,11204,1
2,11205,1
2,11206,1
2,14056,1
2,11929,1
2,14057,1
2,14058,1
2,14059,1
2,11930,1
2,14060,1
2,11207,1
2,11208,1
2,14061,1
2,11931,1
2,10274,1
2,14062,1
2,14055,1
2,8945,1
2,11909,1
2,11184,1
2,11910,1
2,11911,1
2,11185,1
2,11186,1
34,12224,1
34,4638,1
34,4639,1
34,6121,1
34,4626,1
34,4628,1
34,12222,1
2,11193,1
34,5699,1
34,5303,1
34,5700,1
34,5304,1
34,4368,1
34,4630,1
34,5041,1
34,4869,1
34,5045,1
34,5046,1
34,5047,1
34,4631,1
34,4632,1
34,4637,1
2,11916,1
2,11917,1
34,4629,1
34,4627,1
34,5034,1
34,5035,1
34,4615,1
34,5038,1
34,5039,1
34,4623,1
34,5305,1
2,11912,1
2,11187,1
2,11183,1
2,11189,1
2,11913,1
2,11914,1
2,11190,1
2,11191,1
2,14050,1
2,14051,1
2,11192,1
2,11915,1
34,4865,1
34,5042,1
34,4864,1
2,11908,1
2,11188,1
