edge_config,mode,node_type,cluster_id,n_sources,cluster_size,nodes_with_sources,source_coverage_pct
EDGE,unconstrained,risk,3,75,81,81,100.0
EDGE,unconstrained,risk,14,62,66,66,100.0
EDGE,unconstrained,risk,1,106,123,123,100.0
EDGE,unconstrained,risk,10,85,87,87,100.0
EDGE,unconstrained,risk,22,71,71,71,100.0
EDGE,unconstrained,risk,26,83,86,86,100.0
EDGE,unconstrained,risk,2,75,81,81,100.0
EDGE,unconstrained,risk,9,36,43,43,100.0
EDGE,unconstrained,risk,6,202,220,220,100.0
EDGE,unconstrained,risk,11,80,87,87,100.0
EDGE,unconstrained,risk,25,94,103,103,100.0
EDGE,unconstrained,risk,13,51,64,64,100.0
EDGE,unconstrained,risk,20,127,141,141,100.0
EDGE,unconstrained,risk,28,69,75,75,100.0
EDGE,unconstrained,risk,4,132,149,149,100.0
EDGE,unconstrained,risk,19,67,69,69,100.0
EDGE,unconstrained,risk,21,30,32,32,100.0
EDGE,unconstrained,risk,17,26,26,26,100.0
EDGE,unconstrained,risk,0,139,165,165,100.0
EDGE,unconstrained,risk,37,18,20,20,100.0
EDGE,unconstrained,risk,24,70,79,79,100.0
EDGE,unconstrained,risk,12,35,38,38,100.0
EDGE,unconstrained,risk,36,90,95,95,100.0
EDGE,unconstrained,risk,5,37,40,40,100.0
EDGE,unconstrained,risk,23,53,55,55,100.0
EDGE,unconstrained,risk,32,8,11,11,100.0
EDGE,unconstrained,risk,7,48,51,51,100.0
EDGE,unconstrained,risk,35,46,51,51,100.0
EDGE,unconstrained,risk,18,45,48,48,100.0
EDGE,unconstrained,risk,30,52,54,54,100.0
EDGE,unconstrained,risk,34,8,10,10,100.0
EDGE,unconstrained,risk,15,24,25,25,100.0
EDGE,unconstrained,risk,38,24,26,26,100.0
EDGE,unconstrained,risk,29,129,144,144,100.0
EDGE,unconstrained,risk,8,19,20,20,100.0
EDGE,unconstrained,risk,39,44,46,46,100.0
EDGE,unconstrained,risk,33,27,27,27,100.0
EDGE,unconstrained,risk,16,18,18,18,100.0
EDGE,unconstrained,risk,27,5,5,5,100.0
EDGE,unconstrained,risk,31,7,7,7,100.0
EDGE,single_risk,risk,32,39,42,42,100.0
EDGE,single_risk,risk,10,45,49,49,100.0
EDGE,single_risk,risk,9,99,111,111,100.0
EDGE,single_risk,risk,2,195,206,206,100.0
EDGE,single_risk,risk,6,69,74,74,100.0
EDGE,single_risk,risk,7,58,60,60,100.0
EDGE,single_risk,risk,1,99,101,101,100.0
EDGE,single_risk,risk,14,80,84,84,100.0
EDGE,single_risk,risk,29,27,31,31,100.0
EDGE,single_risk,risk,27,80,87,87,100.0
EDGE,single_risk,risk,15,86,92,92,100.0
EDGE,single_risk,risk,11,58,71,71,100.0
EDGE,single_risk,risk,20,131,145,145,100.0
EDGE,single_risk,risk,28,69,74,74,100.0
EDGE,single_risk,risk,0,177,200,200,100.0
EDGE,single_risk,risk,34,67,69,69,100.0
EDGE,single_risk,risk,26,96,111,111,100.0
EDGE,single_risk,risk,22,22,24,24,100.0
EDGE,single_risk,risk,18,59,65,65,100.0
EDGE,single_risk,risk,25,71,79,79,100.0
EDGE,single_risk,risk,31,26,27,27,100.0
EDGE,single_risk,risk,21,84,88,88,100.0
EDGE,single_risk,risk,4,33,33,33,100.0
EDGE,single_risk,risk,8,16,18,18,100.0
EDGE,single_risk,risk,30,53,54,54,100.0
EDGE,single_risk,risk,23,8,9,9,100.0
EDGE,single_risk,risk,3,97,99,99,100.0
EDGE,single_risk,risk,13,46,51,51,100.0
EDGE,single_risk,risk,39,6,6,6,100.0
EDGE,single_risk,risk,12,23,23,23,100.0
EDGE,single_risk,risk,16,45,48,48,100.0
EDGE,single_risk,risk,24,109,123,123,100.0
EDGE,single_risk,risk,33,19,21,21,100.0
EDGE,single_risk,risk,35,1,3,3,100.0
EDGE,single_risk,risk,17,52,61,61,100.0
EDGE,single_risk,risk,19,50,52,52,100.0
EDGE,single_risk,risk,36,24,24,24,100.0
EDGE,single_risk,risk,37,7,9,9,100.0
EDGE,single_risk,risk,5,4,4,4,100.0
EDGE,single_risk,risk,38,1,1,1,100.0
EDGE,monotonic,risk,37,36,39,39,100.0
EDGE,monotonic,risk,0,40,47,47,100.0
EDGE,monotonic,risk,21,93,99,99,100.0
EDGE,monotonic,risk,2,188,198,198,100.0
EDGE,monotonic,risk,14,48,52,52,100.0
EDGE,monotonic,risk,4,90,92,92,100.0
EDGE,monotonic,risk,31,59,60,60,100.0
EDGE,monotonic,risk,11,86,90,90,100.0
EDGE,monotonic,risk,29,28,34,34,100.0
EDGE,monotonic,risk,32,81,89,89,100.0
EDGE,monotonic,risk,16,36,37,37,100.0
EDGE,monotonic,risk,8,108,122,122,100.0
EDGE,monotonic,risk,20,25,29,29,100.0
EDGE,monotonic,risk,22,105,116,116,100.0
EDGE,monotonic,risk,36,75,83,83,100.0
EDGE,monotonic,risk,34,114,127,127,100.0
EDGE,monotonic,risk,1,94,101,101,100.0
EDGE,monotonic,risk,30,87,103,103,100.0
EDGE,monotonic,risk,35,20,22,22,100.0
EDGE,monotonic,risk,6,72,89,89,100.0
EDGE,monotonic,risk,15,72,81,81,100.0
EDGE,monotonic,risk,24,29,30,30,100.0
EDGE,monotonic,risk,25,89,94,94,100.0
EDGE,monotonic,risk,10,60,63,63,100.0
EDGE,monotonic,risk,26,9,12,12,100.0
EDGE,monotonic,risk,9,27,29,29,100.0
EDGE,monotonic,risk,33,42,44,44,100.0
EDGE,monotonic,risk,13,76,76,76,100.0
EDGE,monotonic,risk,17,50,53,53,100.0
EDGE,monotonic,risk,5,71,76,76,100.0
EDGE,monotonic,risk,18,8,10,10,100.0
EDGE,monotonic,risk,12,22,23,23,100.0
EDGE,monotonic,risk,3,148,168,168,100.0
EDGE,monotonic,risk,28,27,27,27,100.0
EDGE,monotonic,risk,19,17,17,17,100.0
EDGE,monotonic,risk,38,38,43,43,100.0
EDGE,monotonic,risk,23,27,27,27,100.0
EDGE,monotonic,risk,27,19,21,21,100.0
EDGE,monotonic,risk,39,7,7,7,100.0
EDGE,monotonic,risk,7,2,2,2,100.0
EDGE,both,risk,24,54,60,60,100.0
EDGE,both,risk,17,31,32,32,100.0
EDGE,both,risk,10,89,99,99,100.0
EDGE,both,risk,0,193,202,202,100.0
EDGE,both,risk,1,35,35,35,100.0
EDGE,both,risk,27,57,60,60,100.0
EDGE,both,risk,29,39,40,40,100.0
EDGE,both,risk,19,84,86,86,100.0
EDGE,both,risk,22,114,125,125,100.0
EDGE,both,risk,13,81,89,89,100.0
EDGE,both,risk,6,39,40,40,100.0
EDGE,both,risk,15,81,88,88,100.0
EDGE,both,risk,12,57,70,70,100.0
EDGE,both,risk,18,70,79,79,100.0
EDGE,both,risk,2,184,207,207,100.0
EDGE,both,risk,7,94,99,99,100.0
EDGE,both,risk,5,47,50,50,100.0
EDGE,both,risk,11,90,107,107,100.0
EDGE,both,risk,20,21,23,23,100.0
EDGE,both,risk,36,55,59,59,100.0
EDGE,both,risk,37,43,49,49,100.0
EDGE,both,risk,9,34,37,37,100.0
EDGE,both,risk,30,83,87,87,100.0
EDGE,both,risk,28,24,30,30,100.0
EDGE,both,risk,25,57,59,59,100.0
EDGE,both,risk,26,41,45,45,100.0
EDGE,both,risk,39,31,32,32,100.0
EDGE,both,risk,23,36,36,36,100.0
EDGE,both,risk,35,59,59,59,100.0
EDGE,both,risk,14,47,50,50,100.0
EDGE,both,risk,33,15,15,15,100.0
EDGE,both,risk,4,63,65,65,100.0
EDGE,both,risk,3,144,163,163,100.0
EDGE,both,risk,31,2,4,4,100.0
EDGE,both,risk,32,28,29,29,100.0
EDGE,both,risk,21,25,25,25,100.0
EDGE,both,risk,34,4,4,4,100.0
EDGE,both,risk,8,17,19,19,100.0
EDGE,both,risk,16,6,8,8,100.0
EDGE,both,risk,38,2,2,2,100.0
0.8,unconstrained,risk,10,528,544,544,100.0
0.8,unconstrained,risk,29,195,215,215,100.0
0.8,unconstrained,risk,21,435,568,568,100.0
0.8,unconstrained,risk,3,338,356,356,100.0
0.8,unconstrained,risk,7,233,242,242,100.0
0.8,unconstrained,risk,1,303,322,322,100.0
0.8,unconstrained,risk,17,358,385,385,100.0
0.8,unconstrained,risk,13,630,640,640,100.0
0.8,unconstrained,risk,8,277,319,319,100.0
0.8,unconstrained,risk,32,207,226,226,100.0
0.8,unconstrained,risk,4,374,383,383,100.0
0.8,unconstrained,risk,5,128,137,137,100.0
0.8,unconstrained,risk,15,500,551,551,100.0
0.8,unconstrained,risk,22,186,196,196,100.0
0.8,unconstrained,risk,24,58,60,60,100.0
0.8,unconstrained,risk,38,54,55,55,100.0
0.8,unconstrained,risk,16,290,292,292,100.0
0.8,unconstrained,risk,23,80,80,80,100.0
0.8,unconstrained,risk,9,385,451,451,100.0
0.8,unconstrained,risk,14,347,362,362,100.0
0.8,unconstrained,risk,30,512,519,519,100.0
0.8,unconstrained,risk,2,330,350,350,100.0
0.8,unconstrained,risk,12,259,263,263,100.0
0.8,unconstrained,risk,0,295,296,296,100.0
0.8,unconstrained,risk,37,12,14,14,100.0
0.8,unconstrained,risk,6,213,238,238,100.0
0.8,unconstrained,risk,11,227,258,258,100.0
0.8,unconstrained,risk,33,205,207,207,100.0
0.8,unconstrained,risk,35,82,85,85,100.0
0.8,unconstrained,risk,36,76,87,87,100.0
0.8,unconstrained,risk,31,92,93,93,100.0
0.8,unconstrained,risk,25,20,20,20,100.0
0.8,unconstrained,risk,27,57,60,60,100.0
0.8,unconstrained,risk,26,183,196,196,100.0
0.8,unconstrained,risk,18,84,88,88,100.0
0.8,unconstrained,risk,28,42,45,45,100.0
0.8,unconstrained,risk,34,60,61,61,100.0
0.8,unconstrained,risk,19,45,60,60,100.0
0.8,unconstrained,risk,20,15,15,15,100.0
0.8,unconstrained,risk,39,14,14,14,100.0
0.8,single_risk,risk,16,58,61,61,100.0
0.8,single_risk,risk,8,65,69,69,100.0
0.8,single_risk,risk,34,166,188,188,100.0
0.8,single_risk,risk,13,106,106,106,100.0
0.8,single_risk,risk,9,166,172,172,100.0
0.8,single_risk,risk,23,169,176,176,100.0
0.8,single_risk,risk,4,245,310,310,100.0
0.8,single_risk,risk,37,107,113,113,100.0
0.8,single_risk,risk,30,238,242,242,100.0
0.8,single_risk,risk,36,119,125,125,100.0
0.8,single_risk,risk,11,104,122,122,100.0
0.8,single_risk,risk,26,55,73,73,100.0
0.8,single_risk,risk,10,208,243,243,100.0
0.8,single_risk,risk,12,224,252,252,100.0
0.8,single_risk,risk,39,110,117,117,100.0
0.8,single_risk,risk,32,31,35,35,100.0
0.8,single_risk,risk,29,52,60,60,100.0
0.8,single_risk,risk,6,128,131,131,100.0
0.8,single_risk,risk,21,113,125,125,100.0
0.8,single_risk,risk,17,51,54,54,100.0
0.8,single_risk,risk,38,47,47,47,100.0
0.8,single_risk,risk,24,64,77,77,100.0
0.8,single_risk,risk,1,166,192,192,100.0
0.8,single_risk,risk,7,44,45,45,100.0
0.8,single_risk,risk,14,115,123,123,100.0
0.8,single_risk,risk,20,74,81,81,100.0
0.8,single_risk,risk,18,93,96,96,100.0
0.8,single_risk,risk,35,145,147,147,100.0
0.8,single_risk,risk,0,191,206,206,100.0
0.8,single_risk,risk,5,25,25,25,100.0
0.8,single_risk,risk,33,28,28,28,100.0
0.8,single_risk,risk,19,68,72,72,100.0
0.8,single_risk,risk,27,27,30,30,100.0
0.8,single_risk,risk,31,10,10,10,100.0
0.8,single_risk,risk,3,49,49,49,100.0
0.8,single_risk,risk,2,167,182,182,100.0
0.8,single_risk,risk,15,20,20,20,100.0
0.8,single_risk,risk,28,22,22,22,100.0
0.8,single_risk,risk,22,21,22,22,100.0
0.8,single_risk,risk,25,5,6,6,100.0
0.8,monotonic,risk,30,504,519,519,100.0
0.8,monotonic,risk,20,180,198,198,100.0
0.8,monotonic,risk,34,13,14,14,100.0
0.8,monotonic,risk,5,287,296,296,100.0
0.8,monotonic,risk,19,93,93,93,100.0
0.8,monotonic,risk,12,398,516,516,100.0
0.8,monotonic,risk,25,177,180,180,100.0
0.8,monotonic,risk,1,363,384,384,100.0
0.8,monotonic,risk,14,616,623,623,100.0
0.8,monotonic,risk,2,295,345,345,100.0
0.8,monotonic,risk,10,186,202,202,100.0
0.8,monotonic,risk,3,357,363,363,100.0
0.8,monotonic,risk,8,110,115,115,100.0
0.8,monotonic,risk,7,476,527,527,100.0
0.8,monotonic,risk,35,140,163,163,100.0
0.8,monotonic,risk,23,74,74,74,100.0
0.8,monotonic,risk,32,135,135,135,100.0
0.8,monotonic,risk,9,271,281,281,100.0
0.8,monotonic,risk,39,72,72,72,100.0
0.8,monotonic,risk,13,247,249,249,100.0
0.8,monotonic,risk,16,368,425,425,100.0
0.8,monotonic,risk,36,116,123,123,100.0
0.8,monotonic,risk,0,302,313,313,100.0
0.8,monotonic,risk,21,61,64,64,100.0
0.8,monotonic,risk,6,321,341,341,100.0
0.8,monotonic,risk,11,131,132,132,100.0
0.8,monotonic,risk,37,12,13,13,100.0
0.8,monotonic,risk,17,181,192,192,100.0
0.8,monotonic,risk,4,231,259,259,100.0
0.8,monotonic,risk,33,265,266,266,100.0
0.8,monotonic,risk,22,470,476,476,100.0
0.8,monotonic,risk,28,80,81,81,100.0
0.8,monotonic,risk,27,78,81,81,100.0
0.8,monotonic,risk,31,179,181,181,100.0
0.8,monotonic,risk,29,25,25,25,100.0
0.8,monotonic,risk,38,54,57,57,100.0
0.8,monotonic,risk,26,183,194,194,100.0
0.8,monotonic,risk,24,76,80,80,100.0
0.8,monotonic,risk,15,41,51,51,100.0
0.8,monotonic,risk,18,31,31,31,100.0
0.8,both,risk,37,61,63,63,100.0
0.8,both,risk,6,66,70,70,100.0
0.8,both,risk,7,147,163,163,100.0
0.8,both,risk,25,100,100,100,100.0
0.8,both,risk,22,128,131,131,100.0
0.8,both,risk,23,156,164,164,100.0
0.8,both,risk,1,243,303,303,100.0
0.8,both,risk,36,114,120,120,100.0
0.8,both,risk,17,64,67,67,100.0
0.8,both,risk,21,239,253,253,100.0
0.8,both,risk,18,98,102,102,100.0
0.8,both,risk,4,108,120,120,100.0
0.8,both,risk,26,54,72,72,100.0
0.8,both,risk,0,214,258,258,100.0
0.8,both,risk,5,236,266,266,100.0
0.8,both,risk,10,149,160,160,100.0
0.8,both,risk,8,35,42,42,100.0
0.8,both,risk,28,44,51,51,100.0
0.8,both,risk,20,65,67,67,100.0
0.8,both,risk,29,86,87,87,100.0
0.8,both,risk,3,100,110,110,100.0
0.8,both,risk,32,41,41,41,100.0
0.8,both,risk,13,65,65,65,100.0
0.8,both,risk,2,168,193,193,100.0
0.8,both,risk,16,110,113,113,100.0
0.8,both,risk,14,140,142,142,100.0
0.8,both,risk,12,79,85,85,100.0
0.8,both,risk,34,76,78,78,100.0
0.8,both,risk,15,85,90,90,100.0
0.8,both,risk,11,70,71,71,100.0
0.8,both,risk,19,42,43,43,100.0
0.8,both,risk,24,102,113,113,100.0
0.8,both,risk,27,51,61,61,100.0
0.8,both,risk,33,28,28,28,100.0
0.8,both,risk,9,63,67,67,100.0
0.8,both,risk,38,77,83,83,100.0
0.8,both,risk,31,32,34,34,100.0
0.8,both,risk,39,15,15,15,100.0
0.8,both,risk,35,17,18,18,100.0
0.8,both,risk,30,6,6,6,100.0
0.85,unconstrained,risk,9,425,438,438,100.0
0.85,unconstrained,risk,16,158,175,175,100.0
0.85,unconstrained,risk,12,186,197,197,100.0
0.85,unconstrained,risk,6,184,217,217,100.0
0.85,unconstrained,risk,32,195,198,198,100.0
0.85,unconstrained,risk,4,336,450,450,100.0
0.85,unconstrained,risk,19,142,160,160,100.0
0.85,unconstrained,risk,8,283,299,299,100.0
0.85,unconstrained,risk,22,391,395,395,100.0
0.85,unconstrained,risk,2,400,420,420,100.0
0.85,unconstrained,risk,1,242,244,244,100.0
0.85,unconstrained,risk,0,298,302,302,100.0
0.85,unconstrained,risk,28,413,460,460,100.0
0.85,unconstrained,risk,7,143,160,160,100.0
0.85,unconstrained,risk,31,56,57,57,100.0
0.85,unconstrained,risk,20,70,71,71,100.0
0.85,unconstrained,risk,39,72,72,72,100.0
0.85,unconstrained,risk,5,202,214,214,100.0
0.85,unconstrained,risk,15,244,281,281,100.0
0.85,unconstrained,risk,21,94,99,99,100.0
0.85,unconstrained,risk,33,190,196,196,100.0
0.85,unconstrained,risk,3,338,410,410,100.0
0.85,unconstrained,risk,13,214,217,217,100.0
0.85,unconstrained,risk,10,150,152,152,100.0
0.85,unconstrained,risk,14,144,146,146,100.0
0.85,unconstrained,risk,34,46,46,46,100.0
0.85,unconstrained,risk,18,412,414,414,100.0
0.85,unconstrained,risk,26,331,331,331,100.0
0.85,unconstrained,risk,38,58,59,59,100.0
0.85,unconstrained,risk,37,198,200,200,100.0
0.85,unconstrained,risk,30,70,70,70,100.0
0.85,unconstrained,risk,29,79,81,81,100.0
0.85,unconstrained,risk,11,80,90,90,100.0
0.85,unconstrained,risk,17,46,49,49,100.0
0.85,unconstrained,risk,35,54,57,57,100.0
0.85,unconstrained,risk,24,49,55,55,100.0
0.85,unconstrained,risk,23,34,35,35,100.0
0.85,unconstrained,risk,25,31,32,32,100.0
0.85,unconstrained,risk,27,46,58,58,100.0
0.85,unconstrained,risk,36,1,1,1,100.0
0.85,single_risk,risk,11,123,138,138,100.0
0.85,single_risk,risk,2,100,107,107,100.0
0.85,single_risk,risk,28,95,102,102,100.0
0.85,single_risk,risk,20,99,100,100,100.0
0.85,single_risk,risk,17,99,103,103,100.0
0.85,single_risk,risk,14,143,152,152,100.0
0.85,single_risk,risk,12,159,214,214,100.0
0.85,single_risk,risk,25,85,90,90,100.0
0.85,single_risk,risk,6,203,213,213,100.0
0.85,single_risk,risk,36,14,14,14,100.0
0.85,single_risk,risk,0,135,145,145,100.0
0.85,single_risk,risk,29,84,91,91,100.0
0.85,single_risk,risk,23,47,60,60,100.0
0.85,single_risk,risk,19,185,213,213,100.0
0.85,single_risk,risk,13,188,206,206,100.0
0.85,single_risk,risk,16,84,85,85,100.0
0.85,single_risk,risk,8,134,147,147,100.0
0.85,single_risk,risk,39,22,26,26,100.0
0.85,single_risk,risk,3,44,53,53,100.0
0.85,single_risk,risk,35,64,65,65,100.0
0.85,single_risk,risk,9,54,62,62,100.0
0.85,single_risk,risk,18,39,41,41,100.0
0.85,single_risk,risk,10,79,82,82,100.0
0.85,single_risk,risk,7,99,102,102,100.0
0.85,single_risk,risk,32,59,61,61,100.0
0.85,single_risk,risk,34,124,124,124,100.0
0.85,single_risk,risk,22,56,60,60,100.0
0.85,single_risk,risk,24,177,204,204,100.0
0.85,single_risk,risk,26,97,97,97,100.0
0.85,single_risk,risk,1,51,56,56,100.0
0.85,single_risk,risk,31,24,24,24,100.0
0.85,single_risk,risk,5,77,78,78,100.0
0.85,single_risk,risk,27,36,37,37,100.0
0.85,single_risk,risk,21,83,86,86,100.0
0.85,single_risk,risk,15,19,20,20,100.0
0.85,single_risk,risk,30,8,9,9,100.0
0.85,single_risk,risk,4,31,31,31,100.0
0.85,single_risk,risk,37,22,22,22,100.0
0.85,single_risk,risk,33,12,14,14,100.0
0.85,single_risk,risk,38,21,24,24,100.0
0.85,monotonic,risk,3,406,410,410,100.0
0.85,monotonic,risk,18,159,172,172,100.0
0.85,monotonic,risk,5,138,152,152,100.0
0.85,monotonic,risk,7,154,168,168,100.0
0.85,monotonic,risk,12,163,169,169,100.0
0.85,monotonic,risk,21,219,294,294,100.0
0.85,monotonic,risk,26,290,332,332,100.0
0.85,monotonic,risk,6,274,292,292,100.0
0.85,monotonic,risk,25,383,385,385,100.0
0.85,monotonic,risk,38,111,114,114,100.0
0.85,monotonic,risk,1,244,247,247,100.0
0.85,monotonic,risk,2,268,271,271,100.0
0.85,monotonic,risk,13,301,324,324,100.0
0.85,monotonic,risk,0,243,261,261,100.0
0.85,monotonic,risk,14,169,173,173,100.0
0.85,monotonic,risk,8,199,200,200,100.0
0.85,monotonic,risk,35,61,61,61,100.0
0.85,monotonic,risk,29,38,38,38,100.0
0.85,monotonic,risk,39,60,60,60,100.0
0.85,monotonic,risk,15,175,181,181,100.0
0.85,monotonic,risk,4,329,392,392,100.0
0.85,monotonic,risk,27,85,92,92,100.0
0.85,monotonic,risk,17,215,225,225,100.0
0.85,monotonic,risk,30,135,139,139,100.0
0.85,monotonic,risk,11,110,127,127,100.0
0.85,monotonic,risk,36,75,81,81,100.0
0.85,monotonic,risk,24,103,105,105,100.0
0.85,monotonic,risk,10,367,370,370,100.0
0.85,monotonic,risk,19,68,68,68,100.0
0.85,monotonic,risk,9,300,300,300,100.0
0.85,monotonic,risk,16,77,78,78,100.0
0.85,monotonic,risk,31,182,183,183,100.0
0.85,monotonic,risk,32,79,83,83,100.0
0.85,monotonic,risk,33,54,57,57,100.0
0.85,monotonic,risk,28,48,51,51,100.0
0.85,monotonic,risk,37,138,140,140,100.0
0.85,monotonic,risk,23,19,20,20,100.0
0.85,monotonic,risk,20,22,23,23,100.0
0.85,monotonic,risk,22,14,18,18,100.0
0.85,monotonic,risk,34,32,41,41,100.0
0.85,both,risk,16,76,82,82,100.0
0.85,both,risk,7,85,90,90,100.0
0.85,both,risk,4,113,126,126,100.0
0.85,both,risk,20,111,113,113,100.0
0.85,both,risk,13,94,99,99,100.0
0.85,both,risk,15,139,147,147,100.0
0.85,both,risk,33,58,71,71,100.0
0.85,both,risk,25,88,92,92,100.0
0.85,both,risk,9,298,302,302,100.0
0.85,both,risk,2,117,125,125,100.0
0.85,both,risk,37,81,88,88,100.0
0.85,both,risk,31,180,207,207,100.0
0.85,both,risk,5,213,234,234,100.0
0.85,both,risk,8,92,96,96,100.0
0.85,both,risk,21,129,139,139,100.0
0.85,both,risk,12,137,161,161,100.0
0.85,both,risk,0,44,56,56,100.0
0.85,both,risk,3,90,91,91,100.0
0.85,both,risk,38,78,86,86,100.0
0.85,both,risk,11,32,35,35,100.0
0.85,both,risk,17,23,30,30,100.0
0.85,both,risk,26,41,44,44,100.0
0.85,both,risk,23,76,80,80,100.0
0.85,both,risk,18,49,54,54,100.0
0.85,both,risk,24,85,95,95,100.0
0.85,both,risk,28,56,56,56,100.0
0.85,both,risk,1,173,200,200,100.0
0.85,both,risk,14,87,87,87,100.0
0.85,both,risk,6,129,135,135,100.0
0.85,both,risk,39,23,23,23,100.0
0.85,both,risk,10,83,86,86,100.0
0.85,both,risk,32,7,8,8,100.0
0.85,both,risk,35,33,34,34,100.0
0.85,both,risk,19,5,6,6,100.0
0.85,both,risk,34,4,4,4,100.0
0.85,both,risk,30,10,11,11,100.0
0.85,both,risk,36,16,16,16,100.0
0.85,both,risk,22,7,7,7,100.0
0.85,both,risk,27,7,7,7,100.0
0.85,both,risk,29,2,3,3,100.0
0.9,unconstrained,risk,14,147,158,158,100.0
0.9,unconstrained,risk,6,196,214,214,100.0
0.9,unconstrained,risk,19,134,136,136,100.0
0.9,unconstrained,risk,21,178,179,179,100.0
0.9,unconstrained,risk,35,166,168,168,100.0
0.9,unconstrained,risk,12,102,102,102,100.0
0.9,unconstrained,risk,15,115,121,121,100.0
0.9,unconstrained,risk,0,251,299,299,100.0
0.9,unconstrained,risk,17,105,116,116,100.0
0.9,unconstrained,risk,24,46,48,48,100.0
0.9,unconstrained,risk,10,362,367,367,100.0
0.9,unconstrained,risk,20,97,105,105,100.0
0.9,unconstrained,risk,5,136,155,155,100.0
0.9,unconstrained,risk,9,209,219,219,100.0
0.9,unconstrained,risk,16,245,269,269,100.0
0.9,unconstrained,risk,4,260,341,341,100.0
0.9,unconstrained,risk,1,107,114,114,100.0
0.9,unconstrained,risk,2,105,112,112,100.0
0.9,unconstrained,risk,8,114,126,126,100.0
0.9,unconstrained,risk,33,48,49,49,100.0
0.9,unconstrained,risk,25,222,223,223,100.0
0.9,unconstrained,risk,7,142,142,142,100.0
0.9,unconstrained,risk,38,102,102,102,100.0
0.9,unconstrained,risk,26,234,235,235,100.0
0.9,unconstrained,risk,11,122,126,126,100.0
0.9,unconstrained,risk,34,37,37,37,100.0
0.9,unconstrained,risk,22,192,221,221,100.0
0.9,unconstrained,risk,31,56,59,59,100.0
0.9,unconstrained,risk,37,32,33,33,100.0
0.9,unconstrained,risk,27,44,44,44,100.0
0.9,unconstrained,risk,3,49,50,50,100.0
0.9,unconstrained,risk,18,60,60,60,100.0
0.9,unconstrained,risk,28,45,45,45,100.0
0.9,unconstrained,risk,32,23,23,23,100.0
0.9,unconstrained,risk,39,10,10,10,100.0
0.9,unconstrained,risk,29,15,15,15,100.0
0.9,unconstrained,risk,30,28,39,39,100.0
0.9,unconstrained,risk,23,19,20,20,100.0
0.9,unconstrained,risk,36,2,3,3,100.0
0.9,unconstrained,risk,13,2,4,4,100.0
0.9,single_risk,risk,24,74,81,81,100.0
0.9,single_risk,risk,6,82,88,88,100.0
0.9,single_risk,risk,7,65,72,72,100.0
0.9,single_risk,risk,35,91,93,93,100.0
0.9,single_risk,risk,15,78,84,84,100.0
0.9,single_risk,risk,22,134,148,148,100.0
0.9,single_risk,risk,8,170,178,178,100.0
0.9,single_risk,risk,19,85,93,93,100.0
0.9,single_risk,risk,23,35,35,35,100.0
0.9,single_risk,risk,38,62,63,63,100.0
0.9,single_risk,risk,27,50,62,62,100.0
0.9,single_risk,risk,16,58,63,63,100.0
0.9,single_risk,risk,2,176,196,196,100.0
0.9,single_risk,risk,0,103,109,109,100.0
0.9,single_risk,risk,11,97,106,106,100.0
0.9,single_risk,risk,29,85,87,87,100.0
0.9,single_risk,risk,30,29,29,29,100.0
0.9,single_risk,risk,3,140,167,167,100.0
0.9,single_risk,risk,25,24,30,30,100.0
0.9,single_risk,risk,33,18,20,20,100.0
0.9,single_risk,risk,1,128,132,132,100.0
0.9,single_risk,risk,28,73,83,83,100.0
0.9,single_risk,risk,14,31,33,33,100.0
0.9,single_risk,risk,26,85,89,89,100.0
0.9,single_risk,risk,18,39,41,41,100.0
0.9,single_risk,risk,9,55,56,56,100.0
0.9,single_risk,risk,10,6,9,9,100.0
0.9,single_risk,risk,37,81,81,81,100.0
0.9,single_risk,risk,20,43,48,48,100.0
0.9,single_risk,risk,4,76,81,81,100.0
0.9,single_risk,risk,12,154,178,178,100.0
0.9,single_risk,risk,5,66,69,69,100.0
0.9,single_risk,risk,21,27,27,27,100.0
0.9,single_risk,risk,31,27,27,27,100.0
0.9,single_risk,risk,34,12,12,12,100.0
0.9,single_risk,risk,32,2,2,2,100.0
0.9,single_risk,risk,13,17,18,18,100.0
0.9,single_risk,risk,17,19,19,19,100.0
0.9,single_risk,risk,36,3,4,4,100.0
0.9,single_risk,risk,39,1,1,1,100.0
0.9,monotonic,risk,11,131,142,142,100.0
0.9,monotonic,risk,18,92,98,98,100.0
0.9,monotonic,risk,4,112,120,120,100.0
0.9,monotonic,risk,12,116,119,119,100.0
0.9,monotonic,risk,2,196,196,196,100.0
0.9,monotonic,risk,16,182,182,182,100.0
0.9,monotonic,risk,20,100,100,100,100.0
0.9,monotonic,risk,15,109,115,115,100.0
0.9,monotonic,risk,9,215,255,255,100.0
0.9,monotonic,risk,27,99,104,104,100.0
0.9,monotonic,risk,23,165,175,175,100.0
0.9,monotonic,risk,8,344,345,345,100.0
0.9,monotonic,risk,19,82,87,87,100.0
0.9,monotonic,risk,1,99,118,118,100.0
0.9,monotonic,risk,29,47,49,49,100.0
0.9,monotonic,risk,5,186,195,195,100.0
0.9,monotonic,risk,6,245,268,268,100.0
0.9,monotonic,risk,14,151,199,199,100.0
0.9,monotonic,risk,10,27,29,29,100.0
0.9,monotonic,risk,30,68,74,74,100.0
0.9,monotonic,risk,36,55,62,62,100.0
0.9,monotonic,risk,0,55,62,62,100.0
0.9,monotonic,risk,21,205,206,206,100.0
0.9,monotonic,risk,25,84,84,84,100.0
0.9,monotonic,risk,17,91,99,99,100.0
0.9,monotonic,risk,38,101,101,101,100.0
0.9,monotonic,risk,3,224,225,225,100.0
0.9,monotonic,risk,26,108,111,111,100.0
0.9,monotonic,risk,34,169,192,192,100.0
0.9,monotonic,risk,22,51,51,51,100.0
0.9,monotonic,risk,31,30,30,30,100.0
0.9,monotonic,risk,32,47,47,47,100.0
0.9,monotonic,risk,24,40,41,41,100.0
0.9,monotonic,risk,33,49,49,49,100.0
0.9,monotonic,risk,35,41,41,41,100.0
0.9,monotonic,risk,28,39,39,39,100.0
0.9,monotonic,risk,37,23,31,31,100.0
0.9,monotonic,risk,13,15,16,16,100.0
0.9,monotonic,risk,39,21,24,24,100.0
0.9,monotonic,risk,7,8,9,9,100.0
0.9,both,risk,10,72,78,78,100.0
0.9,both,risk,22,66,71,71,100.0
0.9,both,risk,9,103,111,111,100.0
0.9,both,risk,20,83,85,85,100.0
0.9,both,risk,13,94,99,99,100.0
0.9,both,risk,29,134,150,150,100.0
0.9,both,risk,32,103,110,110,100.0
0.9,both,risk,18,85,93,93,100.0
0.9,both,risk,39,33,33,33,100.0
0.9,both,risk,6,113,124,124,100.0
0.9,both,risk,21,22,26,26,100.0
0.9,both,risk,17,54,59,59,100.0
0.9,both,risk,3,154,170,170,100.0
0.9,both,risk,12,94,98,98,100.0
0.9,both,risk,28,38,38,38,100.0
0.9,both,risk,35,92,106,106,100.0
0.9,both,risk,33,18,20,20,100.0
0.9,both,risk,11,95,100,100,100.0
0.9,both,risk,5,64,64,64,100.0
0.9,both,risk,4,75,92,92,100.0
0.9,both,risk,27,65,72,72,100.0
0.9,both,risk,1,50,55,55,100.0
0.9,both,risk,24,87,91,91,100.0
0.9,both,risk,30,22,28,28,100.0
0.9,both,risk,25,48,49,49,100.0
0.9,both,risk,0,42,46,46,100.0
0.9,both,risk,38,29,30,30,100.0
0.9,both,risk,23,88,88,88,100.0
0.9,both,risk,26,70,70,70,100.0
0.9,both,risk,8,56,60,60,100.0
0.9,both,risk,7,157,181,181,100.0
0.9,both,risk,14,80,88,88,100.0
0.9,both,risk,36,15,15,15,100.0
0.9,both,risk,19,57,57,57,100.0
0.9,both,risk,15,32,32,32,100.0
0.9,both,risk,16,11,11,11,100.0
0.9,both,risk,2,18,20,20,100.0
0.9,both,risk,31,5,7,7,100.0
0.9,both,risk,34,3,4,4,100.0
0.9,both,risk,37,1,1,1,100.0
0.95,unconstrained,risk,5,79,88,88,100.0
0.95,unconstrained,risk,12,72,78,78,100.0
0.95,unconstrained,risk,15,137,152,152,100.0
0.95,unconstrained,risk,8,103,103,103,100.0
0.95,unconstrained,risk,7,102,103,103,100.0
0.95,unconstrained,risk,2,78,85,85,100.0
0.95,unconstrained,risk,23,30,36,36,100.0
0.95,unconstrained,risk,3,181,181,181,100.0
0.95,unconstrained,risk,21,81,89,89,100.0
0.95,unconstrained,risk,30,99,109,109,100.0
0.95,unconstrained,risk,4,58,72,72,100.0
0.95,unconstrained,risk,6,102,105,105,100.0
0.95,unconstrained,risk,20,131,145,145,100.0
0.95,unconstrained,risk,18,58,63,63,100.0
0.95,unconstrained,risk,10,150,168,168,100.0
0.95,unconstrained,risk,16,96,102,102,100.0
0.95,unconstrained,risk,24,68,76,76,100.0
0.95,unconstrained,risk,31,36,36,36,100.0
0.95,unconstrained,risk,28,88,102,102,100.0
0.95,unconstrained,risk,22,19,21,21,100.0
0.95,unconstrained,risk,36,31,32,32,100.0
0.95,unconstrained,risk,1,96,107,107,100.0
0.95,unconstrained,risk,29,37,40,40,100.0
0.95,unconstrained,risk,32,62,66,66,100.0
0.95,unconstrained,risk,26,53,56,56,100.0
0.95,unconstrained,risk,9,204,205,205,100.0
0.95,unconstrained,risk,19,87,99,99,100.0
0.95,unconstrained,risk,14,51,55,55,100.0
0.95,unconstrained,risk,39,27,27,27,100.0
0.95,unconstrained,risk,38,125,125,125,100.0
0.95,unconstrained,risk,33,35,35,35,100.0
0.95,unconstrained,risk,0,75,80,80,100.0
0.95,unconstrained,risk,34,57,60,60,100.0
0.95,unconstrained,risk,25,48,51,51,100.0
0.95,unconstrained,risk,11,161,185,185,100.0
0.95,unconstrained,risk,35,28,28,28,100.0
0.95,unconstrained,risk,27,14,14,14,100.0
0.95,unconstrained,risk,37,20,25,25,100.0
0.95,unconstrained,risk,17,18,19,19,100.0
0.95,unconstrained,risk,13,4,4,4,100.0
0.95,single_risk,risk,31,39,42,42,100.0
0.95,single_risk,risk,5,76,84,84,100.0
0.95,single_risk,risk,4,145,160,160,100.0
0.95,single_risk,risk,38,123,130,130,100.0
0.95,single_risk,risk,17,52,56,56,100.0
0.95,single_risk,risk,3,79,82,82,100.0
0.95,single_risk,risk,7,68,73,73,100.0
0.95,single_risk,risk,20,63,67,67,100.0
0.95,single_risk,risk,24,29,35,35,100.0
0.95,single_risk,risk,33,84,92,92,100.0
0.95,single_risk,risk,8,39,39,39,100.0
0.95,single_risk,risk,18,89,97,97,100.0
0.95,single_risk,risk,13,57,69,69,100.0
0.95,single_risk,risk,1,109,119,119,100.0
0.95,single_risk,risk,15,124,140,140,100.0
0.95,single_risk,risk,2,90,94,94,100.0
0.95,single_risk,risk,32,92,105,105,100.0
0.95,single_risk,risk,23,20,22,22,100.0
0.95,single_risk,risk,22,64,71,71,100.0
0.95,single_risk,risk,14,93,102,102,100.0
0.95,single_risk,risk,28,29,30,30,100.0
0.95,single_risk,risk,34,83,87,87,100.0
0.95,single_risk,risk,0,41,44,44,100.0
0.95,single_risk,risk,11,54,55,55,100.0
0.95,single_risk,risk,39,8,9,9,100.0
0.95,single_risk,risk,9,42,46,46,100.0
0.95,single_risk,risk,10,73,74,74,100.0
0.95,single_risk,risk,16,61,61,61,100.0
0.95,single_risk,risk,25,50,53,53,100.0
0.95,single_risk,risk,19,63,65,65,100.0
0.95,single_risk,risk,29,6,6,6,100.0
0.95,single_risk,risk,35,15,15,15,100.0
0.95,single_risk,risk,6,156,177,177,100.0
0.95,single_risk,risk,26,15,16,16,100.0
0.95,single_risk,risk,37,1,3,3,100.0
0.95,single_risk,risk,12,54,60,60,100.0
0.95,single_risk,risk,21,24,24,24,100.0
0.95,single_risk,risk,30,19,23,23,100.0
0.95,single_risk,risk,36,6,8,8,100.0
0.95,single_risk,risk,27,1,1,1,100.0
0.95,monotonic,risk,11,72,79,79,100.0
0.95,monotonic,risk,3,72,77,77,100.0
0.95,monotonic,risk,15,127,138,138,100.0
0.95,monotonic,risk,5,132,132,132,100.0
0.95,monotonic,risk,27,110,112,112,100.0
0.95,monotonic,risk,1,113,120,120,100.0
0.95,monotonic,risk,24,29,35,35,100.0
0.95,monotonic,risk,6,244,245,245,100.0
0.95,monotonic,risk,39,77,85,85,100.0
0.95,monotonic,risk,10,107,120,120,100.0
0.95,monotonic,risk,9,59,72,72,100.0
0.95,monotonic,risk,14,74,76,76,100.0
0.95,monotonic,risk,19,108,121,121,100.0
0.95,monotonic,risk,31,77,84,84,100.0
0.95,monotonic,risk,8,145,162,162,100.0
0.95,monotonic,risk,0,95,100,100,100.0
0.95,monotonic,risk,12,82,90,90,100.0
0.95,monotonic,risk,13,12,12,12,100.0
0.95,monotonic,risk,16,53,57,57,100.0
0.95,monotonic,risk,34,88,102,102,100.0
0.95,monotonic,risk,21,17,19,19,100.0
0.95,monotonic,risk,20,30,32,32,100.0
0.95,monotonic,risk,30,90,95,95,100.0
0.95,monotonic,risk,33,28,32,32,100.0
0.95,monotonic,risk,17,53,56,56,100.0
0.95,monotonic,risk,23,49,52,52,100.0
0.95,monotonic,risk,7,164,165,165,100.0
0.95,monotonic,risk,37,119,119,119,100.0
0.95,monotonic,risk,25,53,60,60,100.0
0.95,monotonic,risk,38,40,44,44,100.0
0.95,monotonic,risk,18,58,61,61,100.0
0.95,monotonic,risk,4,24,24,24,100.0
0.95,monotonic,risk,32,40,40,40,100.0
0.95,monotonic,risk,22,27,30,30,100.0
0.95,monotonic,risk,2,154,177,177,100.0
0.95,monotonic,risk,28,21,23,23,100.0
0.95,monotonic,risk,35,26,26,26,100.0
0.95,monotonic,risk,26,2,2,2,100.0
0.95,monotonic,risk,29,7,9,9,100.0
0.95,monotonic,risk,36,1,1,1,100.0
0.95,both,risk,1,66,71,71,100.0
0.95,both,risk,24,51,55,55,100.0
0.95,both,risk,7,129,139,139,100.0
0.95,both,risk,21,120,127,127,100.0
0.95,both,risk,39,24,24,24,100.0
0.95,both,risk,26,56,58,58,100.0
0.95,both,risk,13,64,69,69,100.0
0.95,both,risk,11,86,89,89,100.0
0.95,both,risk,31,25,29,29,100.0
0.95,both,risk,9,84,93,93,100.0
0.95,both,risk,4,36,36,36,100.0
0.95,both,risk,2,99,110,110,100.0
0.95,both,risk,6,56,69,69,100.0
0.95,both,risk,18,134,150,150,100.0
0.95,both,risk,10,70,77,77,100.0
0.95,both,risk,12,126,141,141,100.0
0.95,both,risk,29,69,71,71,100.0
0.95,both,risk,38,15,16,16,100.0
0.95,both,risk,25,91,106,106,100.0
0.95,both,risk,35,17,19,19,100.0
0.95,both,risk,15,63,68,68,100.0
0.95,both,risk,0,48,51,51,100.0
0.95,both,risk,17,85,89,89,100.0
0.95,both,risk,23,48,49,49,100.0
0.95,both,risk,32,8,9,9,100.0
0.95,both,risk,37,44,46,46,100.0
0.95,both,risk,19,72,73,73,100.0
0.95,both,risk,14,48,53,53,100.0
0.95,both,risk,5,65,65,65,100.0
0.95,both,risk,16,46,49,49,100.0
0.95,both,risk,33,63,67,67,100.0
0.95,both,risk,8,21,22,22,100.0
0.95,both,risk,3,47,51,51,100.0
0.95,both,risk,34,122,136,136,100.0
0.95,both,risk,20,18,20,20,100.0
0.95,both,risk,22,1,3,3,100.0
0.95,both,risk,36,37,38,38,100.0
0.95,both,risk,27,28,28,28,100.0
0.95,both,risk,30,6,8,8,100.0
0.95,both,risk,28,1,1,1,100.0
EDGE,unconstrained,intervention,15,76,97,97,100.0
EDGE,unconstrained,intervention,9,100,113,113,100.0
EDGE,unconstrained,intervention,17,106,109,109,100.0
EDGE,unconstrained,intervention,4,92,103,103,100.0
EDGE,unconstrained,intervention,22,75,89,89,100.0
EDGE,unconstrained,intervention,5,159,214,214,100.0
EDGE,unconstrained,intervention,39,30,39,39,100.0
EDGE,unconstrained,intervention,19,189,215,215,100.0
EDGE,unconstrained,intervention,10,74,88,88,100.0
EDGE,unconstrained,intervention,32,54,63,63,100.0
EDGE,unconstrained,intervention,30,52,62,62,100.0
EDGE,unconstrained,intervention,2,131,153,153,100.0
EDGE,unconstrained,intervention,16,20,28,28,100.0
EDGE,unconstrained,intervention,36,59,65,65,100.0
EDGE,unconstrained,intervention,18,83,99,99,100.0
EDGE,unconstrained,intervention,3,169,195,195,100.0
EDGE,unconstrained,intervention,8,92,106,106,100.0
EDGE,unconstrained,intervention,33,10,10,10,100.0
EDGE,unconstrained,intervention,6,74,81,81,100.0
EDGE,unconstrained,intervention,1,42,44,44,100.0
EDGE,unconstrained,intervention,13,169,180,180,100.0
EDGE,unconstrained,intervention,27,27,27,27,100.0
EDGE,unconstrained,intervention,21,26,27,27,100.0
EDGE,unconstrained,intervention,11,39,47,47,100.0
EDGE,unconstrained,intervention,14,50,64,64,100.0
EDGE,unconstrained,intervention,7,76,88,88,100.0
EDGE,unconstrained,intervention,24,33,36,36,100.0
EDGE,unconstrained,intervention,37,39,41,41,100.0
EDGE,unconstrained,intervention,12,10,11,11,100.0
EDGE,unconstrained,intervention,20,22,26,26,100.0
EDGE,unconstrained,intervention,0,23,24,24,100.0
EDGE,unconstrained,intervention,38,15,17,17,100.0
EDGE,unconstrained,intervention,26,15,16,16,100.0
EDGE,unconstrained,intervention,34,6,6,6,100.0
EDGE,unconstrained,intervention,25,32,36,36,100.0
EDGE,unconstrained,intervention,35,32,36,36,100.0
EDGE,unconstrained,intervention,29,20,23,23,100.0
EDGE,unconstrained,intervention,31,14,17,17,100.0
EDGE,unconstrained,intervention,28,12,13,13,100.0
EDGE,unconstrained,intervention,23,6,6,6,100.0
EDGE,single_risk,intervention,15,76,97,97,100.0
EDGE,single_risk,intervention,9,100,113,113,100.0
EDGE,single_risk,intervention,17,106,109,109,100.0
EDGE,single_risk,intervention,4,92,103,103,100.0
EDGE,single_risk,intervention,22,75,89,89,100.0
EDGE,single_risk,intervention,5,159,214,214,100.0
EDGE,single_risk,intervention,39,30,39,39,100.0
EDGE,single_risk,intervention,19,189,215,215,100.0
EDGE,single_risk,intervention,10,74,88,88,100.0
EDGE,single_risk,intervention,32,54,63,63,100.0
EDGE,single_risk,intervention,30,52,62,62,100.0
EDGE,single_risk,intervention,2,131,153,153,100.0
EDGE,single_risk,intervention,16,20,28,28,100.0
EDGE,single_risk,intervention,36,59,65,65,100.0
EDGE,single_risk,intervention,18,83,99,99,100.0
EDGE,single_risk,intervention,3,169,195,195,100.0
EDGE,single_risk,intervention,8,92,106,106,100.0
EDGE,single_risk,intervention,33,10,10,10,100.0
EDGE,single_risk,intervention,6,74,81,81,100.0
EDGE,single_risk,intervention,1,42,44,44,100.0
EDGE,single_risk,intervention,13,169,180,180,100.0
EDGE,single_risk,intervention,27,27,27,27,100.0
EDGE,single_risk,intervention,21,26,27,27,100.0
EDGE,single_risk,intervention,11,39,47,47,100.0
EDGE,single_risk,intervention,14,50,64,64,100.0
EDGE,single_risk,intervention,7,76,88,88,100.0
EDGE,single_risk,intervention,24,33,36,36,100.0
EDGE,single_risk,intervention,37,39,41,41,100.0
EDGE,single_risk,intervention,12,10,11,11,100.0
EDGE,single_risk,intervention,20,22,26,26,100.0
EDGE,single_risk,intervention,0,23,24,24,100.0
EDGE,single_risk,intervention,38,15,17,17,100.0
EDGE,single_risk,intervention,26,15,16,16,100.0
EDGE,single_risk,intervention,34,6,6,6,100.0
EDGE,single_risk,intervention,25,32,36,36,100.0
EDGE,single_risk,intervention,35,32,36,36,100.0
EDGE,single_risk,intervention,29,20,23,23,100.0
EDGE,single_risk,intervention,31,14,17,17,100.0
EDGE,single_risk,intervention,28,12,13,13,100.0
EDGE,single_risk,intervention,23,6,6,6,100.0
EDGE,monotonic,intervention,9,142,172,172,100.0
EDGE,monotonic,intervention,37,46,48,48,100.0
EDGE,monotonic,intervention,13,133,139,139,100.0
EDGE,monotonic,intervention,10,97,108,108,100.0
EDGE,monotonic,intervention,5,89,110,110,100.0
EDGE,monotonic,intervention,2,173,227,227,100.0
EDGE,monotonic,intervention,14,40,51,51,100.0
EDGE,monotonic,intervention,15,51,60,60,100.0
EDGE,monotonic,intervention,36,95,103,103,100.0
EDGE,monotonic,intervention,3,75,89,89,100.0
EDGE,monotonic,intervention,33,51,61,61,100.0
EDGE,monotonic,intervention,0,142,168,168,100.0
EDGE,monotonic,intervention,24,20,25,25,100.0
EDGE,monotonic,intervention,35,59,62,62,100.0
EDGE,monotonic,intervention,1,84,100,100,100.0
EDGE,monotonic,intervention,11,122,141,141,100.0
EDGE,monotonic,intervention,25,55,63,63,100.0
EDGE,monotonic,intervention,26,63,71,71,100.0
EDGE,monotonic,intervention,8,68,74,74,100.0
EDGE,monotonic,intervention,20,78,88,88,100.0
EDGE,monotonic,intervention,18,44,46,46,100.0
EDGE,monotonic,intervention,6,172,187,187,100.0
EDGE,monotonic,intervention,38,22,22,22,100.0
EDGE,monotonic,intervention,12,28,30,30,100.0
EDGE,monotonic,intervention,21,57,67,67,100.0
EDGE,monotonic,intervention,7,38,47,47,100.0
EDGE,monotonic,intervention,23,31,34,34,100.0
EDGE,monotonic,intervention,22,56,64,64,100.0
EDGE,monotonic,intervention,30,30,34,34,100.0
EDGE,monotonic,intervention,29,8,8,8,100.0
EDGE,monotonic,intervention,28,6,6,6,100.0
EDGE,monotonic,intervention,19,27,28,28,100.0
EDGE,monotonic,intervention,17,29,33,33,100.0
EDGE,monotonic,intervention,16,21,22,22,100.0
EDGE,monotonic,intervention,4,26,42,42,100.0
EDGE,monotonic,intervention,34,17,20,20,100.0
EDGE,monotonic,intervention,39,6,8,8,100.0
EDGE,monotonic,intervention,31,1,1,1,100.0
EDGE,monotonic,intervention,32,6,6,6,100.0
EDGE,monotonic,intervention,27,4,5,5,100.0
EDGE,both,intervention,9,142,172,172,100.0
EDGE,both,intervention,37,46,48,48,100.0
EDGE,both,intervention,13,133,139,139,100.0
EDGE,both,intervention,10,97,108,108,100.0
EDGE,both,intervention,5,89,110,110,100.0
EDGE,both,intervention,2,173,227,227,100.0
EDGE,both,intervention,14,40,51,51,100.0
EDGE,both,intervention,15,51,60,60,100.0
EDGE,both,intervention,36,95,103,103,100.0
EDGE,both,intervention,3,75,89,89,100.0
EDGE,both,intervention,33,51,61,61,100.0
EDGE,both,intervention,0,142,168,168,100.0
EDGE,both,intervention,24,20,25,25,100.0
EDGE,both,intervention,35,59,62,62,100.0
EDGE,both,intervention,1,84,100,100,100.0
EDGE,both,intervention,11,122,141,141,100.0
EDGE,both,intervention,25,55,63,63,100.0
EDGE,both,intervention,26,63,71,71,100.0
EDGE,both,intervention,8,68,74,74,100.0
EDGE,both,intervention,20,78,88,88,100.0
EDGE,both,intervention,18,44,46,46,100.0
EDGE,both,intervention,6,172,187,187,100.0
EDGE,both,intervention,38,22,22,22,100.0
EDGE,both,intervention,12,28,30,30,100.0
EDGE,both,intervention,21,57,67,67,100.0
EDGE,both,intervention,7,38,47,47,100.0
EDGE,both,intervention,23,31,34,34,100.0
EDGE,both,intervention,22,56,64,64,100.0
EDGE,both,intervention,30,30,34,34,100.0
EDGE,both,intervention,29,8,8,8,100.0
EDGE,both,intervention,28,6,6,6,100.0
EDGE,both,intervention,19,27,28,28,100.0
EDGE,both,intervention,17,29,33,33,100.0
EDGE,both,intervention,16,21,22,22,100.0
EDGE,both,intervention,4,26,42,42,100.0
EDGE,both,intervention,34,17,20,20,100.0
EDGE,both,intervention,39,6,8,8,100.0
EDGE,both,intervention,31,1,1,1,100.0
EDGE,both,intervention,32,6,6,6,100.0
EDGE,both,intervention,27,4,5,5,100.0
0.8,unconstrained,intervention,18,374,398,398,100.0
0.8,unconstrained,intervention,0,285,385,385,100.0
0.8,unconstrained,intervention,6,81,88,88,100.0
0.8,unconstrained,intervention,8,62,65,65,100.0
0.8,unconstrained,intervention,35,39,39,39,100.0
0.8,unconstrained,intervention,15,322,338,338,100.0
0.8,unconstrained,intervention,16,288,308,308,100.0
0.8,unconstrained,intervention,39,83,91,91,100.0
0.8,unconstrained,intervention,29,343,355,355,100.0
0.8,unconstrained,intervention,33,75,78,78,100.0
0.8,unconstrained,intervention,4,282,310,310,100.0
0.8,unconstrained,intervention,7,199,208,208,100.0
0.8,unconstrained,intervention,32,31,32,32,100.0
0.8,unconstrained,intervention,34,139,142,142,100.0
0.8,unconstrained,intervention,24,26,27,27,100.0
0.8,unconstrained,intervention,11,197,211,211,100.0
0.8,unconstrained,intervention,30,160,166,166,100.0
0.8,unconstrained,intervention,31,43,45,45,100.0
0.8,unconstrained,intervention,2,79,86,86,100.0
0.8,unconstrained,intervention,12,196,202,202,100.0
0.8,unconstrained,intervention,19,106,124,124,100.0
0.8,unconstrained,intervention,21,25,29,29,100.0
0.8,unconstrained,intervention,3,259,380,380,100.0
0.8,unconstrained,intervention,1,49,58,58,100.0
0.8,unconstrained,intervention,13,62,68,68,100.0
0.8,unconstrained,intervention,9,136,154,154,100.0
0.8,unconstrained,intervention,5,41,41,41,100.0
0.8,unconstrained,intervention,14,120,141,141,100.0
0.8,unconstrained,intervention,10,199,226,226,100.0
0.8,unconstrained,intervention,17,202,244,244,100.0
0.8,unconstrained,intervention,20,70,79,79,100.0
0.8,unconstrained,intervention,36,45,46,46,100.0
0.8,unconstrained,intervention,25,51,54,54,100.0
0.8,unconstrained,intervention,38,68,81,81,100.0
0.8,unconstrained,intervention,27,30,35,35,100.0
0.8,unconstrained,intervention,23,22,26,26,100.0
0.8,unconstrained,intervention,22,35,35,35,100.0
0.8,unconstrained,intervention,26,51,51,51,100.0
0.8,unconstrained,intervention,28,23,26,26,100.0
0.8,unconstrained,intervention,37,12,21,21,100.0
0.8,single_risk,intervention,0,428,527,527,100.0
0.8,single_risk,intervention,7,130,139,139,100.0
0.8,single_risk,intervention,14,57,57,57,100.0
0.8,single_risk,intervention,10,313,328,328,100.0
0.8,single_risk,intervention,25,220,228,228,100.0
0.8,single_risk,intervention,21,82,90,90,100.0
0.8,single_risk,intervention,8,169,179,179,100.0
0.8,single_risk,intervention,4,348,388,388,100.0
0.8,single_risk,intervention,38,365,379,379,100.0
0.8,single_risk,intervention,24,29,30,30,100.0
0.8,single_risk,intervention,39,325,337,337,100.0
0.8,single_risk,intervention,2,185,195,195,100.0
0.8,single_risk,intervention,26,139,144,144,100.0
0.8,single_risk,intervention,23,24,25,25,100.0
0.8,single_risk,intervention,12,231,252,252,100.0
0.8,single_risk,intervention,27,40,41,41,100.0
0.8,single_risk,intervention,3,90,98,98,100.0
0.8,single_risk,intervention,36,105,123,123,100.0
0.8,single_risk,intervention,22,26,30,30,100.0
0.8,single_risk,intervention,18,149,165,165,100.0
0.8,single_risk,intervention,15,223,319,319,100.0
0.8,single_risk,intervention,17,33,39,39,100.0
0.8,single_risk,intervention,5,106,118,118,100.0
0.8,single_risk,intervention,11,40,41,41,100.0
0.8,single_risk,intervention,6,73,96,96,100.0
0.8,single_risk,intervention,9,185,210,210,100.0
0.8,single_risk,intervention,30,193,235,235,100.0
0.8,single_risk,intervention,13,101,116,116,100.0
0.8,single_risk,intervention,20,74,83,83,100.0
0.8,single_risk,intervention,37,43,47,47,100.0
0.8,single_risk,intervention,31,46,48,48,100.0
0.8,single_risk,intervention,1,51,54,54,100.0
0.8,single_risk,intervention,29,30,35,35,100.0
0.8,single_risk,intervention,16,29,33,33,100.0
0.8,single_risk,intervention,33,28,28,28,100.0
0.8,single_risk,intervention,32,54,54,54,100.0
0.8,single_risk,intervention,35,19,23,23,100.0
0.8,single_risk,intervention,28,23,26,26,100.0
0.8,single_risk,intervention,34,27,30,30,100.0
0.8,single_risk,intervention,19,14,25,25,100.0
0.8,monotonic,intervention,1,498,523,523,100.0
0.8,monotonic,intervention,6,190,252,252,100.0
0.8,monotonic,intervention,18,84,95,95,100.0
0.8,monotonic,intervention,26,71,74,74,100.0
0.8,monotonic,intervention,7,253,268,268,100.0
0.8,monotonic,intervention,22,147,152,152,100.0
0.8,monotonic,intervention,0,199,258,258,100.0
0.8,monotonic,intervention,34,114,147,147,100.0
0.8,monotonic,intervention,17,65,79,79,100.0
0.8,monotonic,intervention,31,15,26,26,100.0
0.8,monotonic,intervention,2,144,172,172,100.0
0.8,monotonic,intervention,25,23,27,27,100.0
0.8,monotonic,intervention,36,173,186,186,100.0
0.8,monotonic,intervention,19,95,103,103,100.0
0.8,monotonic,intervention,20,163,174,174,100.0
0.8,monotonic,intervention,16,123,132,132,100.0
0.8,monotonic,intervention,15,292,304,304,100.0
0.8,monotonic,intervention,35,38,38,38,100.0
0.8,monotonic,intervention,21,70,79,79,100.0
0.8,monotonic,intervention,8,150,169,169,100.0
0.8,monotonic,intervention,10,129,139,139,100.0
0.8,monotonic,intervention,14,203,221,221,100.0
0.8,monotonic,intervention,39,40,42,42,100.0
0.8,monotonic,intervention,4,184,207,207,100.0
0.8,monotonic,intervention,3,56,64,64,100.0
0.8,monotonic,intervention,12,285,295,295,100.0
0.8,monotonic,intervention,23,26,27,27,100.0
0.8,monotonic,intervention,13,53,54,54,100.0
0.8,monotonic,intervention,38,27,30,30,100.0
0.8,monotonic,intervention,37,178,212,212,100.0
0.8,monotonic,intervention,24,35,39,39,100.0
0.8,monotonic,intervention,28,29,35,35,100.0
0.8,monotonic,intervention,30,38,39,39,100.0
0.8,monotonic,intervention,5,34,34,34,100.0
0.8,monotonic,intervention,33,38,39,39,100.0
0.8,monotonic,intervention,27,19,19,19,100.0
0.8,monotonic,intervention,9,14,14,14,100.0
0.8,monotonic,intervention,11,17,21,21,100.0
0.8,monotonic,intervention,32,23,26,26,100.0
0.8,monotonic,intervention,29,6,6,6,100.0
0.8,both,intervention,1,301,406,406,100.0
0.8,both,intervention,5,144,157,157,100.0
0.8,both,intervention,10,404,420,420,100.0
0.8,both,intervention,20,185,189,189,100.0
0.8,both,intervention,36,72,73,73,100.0
0.8,both,intervention,12,145,150,150,100.0
0.8,both,intervention,7,227,325,325,100.0
0.8,both,intervention,15,68,76,76,100.0
0.8,both,intervention,30,15,26,26,100.0
0.8,both,intervention,26,106,124,124,100.0
0.8,both,intervention,29,22,26,26,100.0
0.8,both,intervention,9,199,220,220,100.0
0.8,both,intervention,25,75,87,87,100.0
0.8,both,intervention,21,100,109,109,100.0
0.8,both,intervention,33,153,160,160,100.0
0.8,both,intervention,22,26,26,26,100.0
0.8,both,intervention,13,294,308,308,100.0
0.8,both,intervention,16,47,53,53,100.0
0.8,both,intervention,18,34,34,34,100.0
0.8,both,intervention,2,155,175,175,100.0
0.8,both,intervention,0,420,490,490,100.0
0.8,both,intervention,17,47,57,57,100.0
0.8,both,intervention,4,131,142,142,100.0
0.8,both,intervention,39,100,104,104,100.0
0.8,both,intervention,3,198,217,217,100.0
0.8,both,intervention,14,166,175,175,100.0
0.8,both,intervention,24,25,26,26,100.0
0.8,both,intervention,38,5,7,7,100.0
0.8,both,intervention,31,34,34,34,100.0
0.8,both,intervention,19,27,30,30,100.0
0.8,both,intervention,8,53,65,65,100.0
0.8,both,intervention,32,29,35,35,100.0
0.8,both,intervention,27,39,40,40,100.0
0.8,both,intervention,34,15,16,16,100.0
0.8,both,intervention,6,44,46,46,100.0
0.8,both,intervention,28,35,36,36,100.0
0.8,both,intervention,35,40,42,42,100.0
0.8,both,intervention,37,19,19,19,100.0
0.8,both,intervention,11,22,24,24,100.0
0.8,both,intervention,23,7,7,7,100.0
0.85,unconstrained,intervention,28,50,54,54,100.0
0.85,unconstrained,intervention,19,49,53,53,100.0
0.85,unconstrained,intervention,16,185,191,191,100.0
0.85,unconstrained,intervention,32,147,150,150,100.0
0.85,unconstrained,intervention,5,215,233,233,100.0
0.85,unconstrained,intervention,30,43,50,50,100.0
0.85,unconstrained,intervention,10,118,145,145,100.0
0.85,unconstrained,intervention,38,214,270,270,100.0
0.85,unconstrained,intervention,11,126,165,165,100.0
0.85,unconstrained,intervention,0,132,153,153,100.0
0.85,unconstrained,intervention,13,68,81,81,100.0
0.85,unconstrained,intervention,7,47,61,61,100.0
0.85,unconstrained,intervention,1,134,155,155,100.0
0.85,unconstrained,intervention,29,17,22,22,100.0
0.85,unconstrained,intervention,4,137,147,147,100.0
0.85,unconstrained,intervention,6,110,118,118,100.0
0.85,unconstrained,intervention,36,44,47,47,100.0
0.85,unconstrained,intervention,12,223,235,235,100.0
0.85,unconstrained,intervention,3,268,296,296,100.0
0.85,unconstrained,intervention,26,63,69,69,100.0
0.85,unconstrained,intervention,18,151,177,177,100.0
0.85,unconstrained,intervention,22,85,90,90,100.0
0.85,unconstrained,intervention,20,44,44,44,100.0
0.85,unconstrained,intervention,17,158,164,164,100.0
0.85,unconstrained,intervention,34,117,122,122,100.0
0.85,unconstrained,intervention,9,142,168,168,100.0
0.85,unconstrained,intervention,37,64,69,69,100.0
0.85,unconstrained,intervention,15,85,94,94,100.0
0.85,unconstrained,intervention,25,36,38,38,100.0
0.85,unconstrained,intervention,35,69,78,78,100.0
0.85,unconstrained,intervention,31,14,14,14,100.0
0.85,unconstrained,intervention,39,6,7,7,100.0
0.85,unconstrained,intervention,8,25,27,27,100.0
0.85,unconstrained,intervention,2,159,185,185,100.0
0.85,unconstrained,intervention,24,23,29,29,100.0
0.85,unconstrained,intervention,14,29,44,44,100.0
0.85,unconstrained,intervention,21,18,20,20,100.0
0.85,unconstrained,intervention,23,19,21,21,100.0
0.85,unconstrained,intervention,27,7,7,7,100.0
0.85,unconstrained,intervention,33,4,5,5,100.0
0.85,single_risk,intervention,37,75,89,89,100.0
0.85,single_risk,intervention,4,54,57,57,100.0
0.85,single_risk,intervention,5,210,225,225,100.0
0.85,single_risk,intervention,8,125,127,127,100.0
0.85,single_risk,intervention,15,258,276,276,100.0
0.85,single_risk,intervention,38,72,85,85,100.0
0.85,single_risk,intervention,14,127,163,163,100.0
0.85,single_risk,intervention,10,99,119,119,100.0
0.85,single_risk,intervention,24,68,79,79,100.0
0.85,single_risk,intervention,23,13,23,23,100.0
0.85,single_risk,intervention,11,130,151,151,100.0
0.85,single_risk,intervention,34,17,22,22,100.0
0.85,single_risk,intervention,17,64,69,69,100.0
0.85,single_risk,intervention,29,48,57,57,100.0
0.85,single_risk,intervention,28,87,96,96,100.0
0.85,single_risk,intervention,7,201,242,242,100.0
0.85,single_risk,intervention,3,197,211,211,100.0
0.85,single_risk,intervention,19,65,69,69,100.0
0.85,single_risk,intervention,27,227,241,241,100.0
0.85,single_risk,intervention,39,115,120,120,100.0
0.85,single_risk,intervention,6,84,103,103,100.0
0.85,single_risk,intervention,30,232,248,248,100.0
0.85,single_risk,intervention,26,60,66,66,100.0
0.85,single_risk,intervention,9,147,171,171,100.0
0.85,single_risk,intervention,1,141,156,156,100.0
0.85,single_risk,intervention,32,20,20,20,100.0
0.85,single_risk,intervention,2,137,160,160,100.0
0.85,single_risk,intervention,0,123,136,136,100.0
0.85,single_risk,intervention,31,11,11,11,100.0
0.85,single_risk,intervention,18,24,26,26,100.0
0.85,single_risk,intervention,20,21,24,24,100.0
0.85,single_risk,intervention,13,155,182,182,100.0
0.85,single_risk,intervention,22,13,13,13,100.0
0.85,single_risk,intervention,16,37,49,49,100.0
0.85,single_risk,intervention,12,30,46,46,100.0
0.85,single_risk,intervention,35,34,36,36,100.0
0.85,single_risk,intervention,36,23,23,23,100.0
0.85,single_risk,intervention,25,17,19,19,100.0
0.85,single_risk,intervention,33,19,21,21,100.0
0.85,single_risk,intervention,21,7,7,7,100.0
0.85,monotonic,intervention,39,69,79,79,100.0
0.85,monotonic,intervention,32,62,65,65,100.0
0.85,monotonic,intervention,1,128,131,131,100.0
0.85,monotonic,intervention,18,127,130,130,100.0
0.85,monotonic,intervention,33,214,227,227,100.0
0.85,monotonic,intervention,30,48,58,58,100.0
0.85,monotonic,intervention,5,159,203,203,100.0
0.85,monotonic,intervention,19,65,77,77,100.0
0.85,monotonic,intervention,36,58,65,65,100.0
0.85,monotonic,intervention,20,14,23,23,100.0
0.85,monotonic,intervention,37,23,27,27,100.0
0.85,monotonic,intervention,10,17,22,22,100.0
0.85,monotonic,intervention,3,126,138,138,100.0
0.85,monotonic,intervention,13,84,93,93,100.0
0.85,monotonic,intervention,8,189,230,230,100.0
0.85,monotonic,intervention,26,117,135,135,100.0
0.85,monotonic,intervention,38,34,37,37,100.0
0.85,monotonic,intervention,27,212,225,225,100.0
0.85,monotonic,intervention,0,170,184,184,100.0
0.85,monotonic,intervention,7,74,90,90,100.0
0.85,monotonic,intervention,2,231,253,253,100.0
0.85,monotonic,intervention,9,108,118,118,100.0
0.85,monotonic,intervention,35,64,70,70,100.0
0.85,monotonic,intervention,6,195,219,219,100.0
0.85,monotonic,intervention,12,37,37,37,100.0
0.85,monotonic,intervention,15,134,140,140,100.0
0.85,monotonic,intervention,16,98,112,112,100.0
0.85,monotonic,intervention,17,45,49,49,100.0
0.85,monotonic,intervention,25,65,75,75,100.0
0.85,monotonic,intervention,22,11,11,11,100.0
0.85,monotonic,intervention,21,6,7,7,100.0
0.85,monotonic,intervention,24,16,19,19,100.0
0.85,monotonic,intervention,29,150,174,174,100.0
0.85,monotonic,intervention,4,31,38,38,100.0
0.85,monotonic,intervention,14,23,25,25,100.0
0.85,monotonic,intervention,34,20,20,20,100.0
0.85,monotonic,intervention,11,31,47,47,100.0
0.85,monotonic,intervention,31,36,38,38,100.0
0.85,monotonic,intervention,28,21,23,23,100.0
0.85,monotonic,intervention,23,7,7,7,100.0
0.85,both,intervention,31,49,53,53,100.0
0.85,both,intervention,6,148,161,161,100.0
0.85,both,intervention,18,144,150,150,100.0
0.85,both,intervention,15,164,169,169,100.0
0.85,both,intervention,19,240,264,264,100.0
0.85,both,intervention,35,86,106,106,100.0
0.85,both,intervention,3,150,173,173,100.0
0.85,both,intervention,14,104,137,137,100.0
0.85,both,intervention,8,76,91,91,100.0
0.85,both,intervention,13,83,96,96,100.0
0.85,both,intervention,28,102,113,113,100.0
0.85,both,intervention,26,109,114,114,100.0
0.85,both,intervention,16,95,110,110,100.0
0.85,both,intervention,22,17,22,22,100.0
0.85,both,intervention,33,98,107,107,100.0
0.85,both,intervention,17,149,184,184,100.0
0.85,both,intervention,10,210,223,223,100.0
0.85,both,intervention,23,69,80,80,100.0
0.85,both,intervention,1,78,93,93,100.0
0.85,both,intervention,7,225,248,248,100.0
0.85,both,intervention,32,41,48,48,100.0
0.85,both,intervention,9,65,71,71,100.0
0.85,both,intervention,12,152,168,168,100.0
0.85,both,intervention,2,36,36,36,100.0
0.85,both,intervention,34,120,125,125,100.0
0.85,both,intervention,36,95,109,109,100.0
0.85,both,intervention,4,18,21,21,100.0
0.85,both,intervention,11,74,81,81,100.0
0.85,both,intervention,0,82,93,93,100.0
0.85,both,intervention,27,11,11,11,100.0
0.85,both,intervention,29,6,7,7,100.0
0.85,both,intervention,38,20,26,26,100.0
0.85,both,intervention,25,10,19,19,100.0
0.85,both,intervention,37,38,39,39,100.0
0.85,both,intervention,5,30,45,45,100.0
0.85,both,intervention,21,35,37,37,100.0
0.85,both,intervention,20,10,12,12,100.0
0.85,both,intervention,30,16,18,18,100.0
0.85,both,intervention,24,7,7,7,100.0
0.85,both,intervention,39,1,1,1,100.0
0.9,unconstrained,intervention,32,50,53,53,100.0
0.9,unconstrained,intervention,25,93,105,105,100.0
0.9,unconstrained,intervention,24,77,78,78,100.0
0.9,unconstrained,intervention,6,98,111,111,100.0
0.9,unconstrained,intervention,35,174,185,185,100.0
0.9,unconstrained,intervention,15,82,87,87,100.0
0.9,unconstrained,intervention,0,101,126,126,100.0
0.9,unconstrained,intervention,8,202,259,259,100.0
0.9,unconstrained,intervention,9,93,122,122,100.0
0.9,unconstrained,intervention,34,57,71,71,100.0
0.9,unconstrained,intervention,22,56,69,69,100.0
0.9,unconstrained,intervention,14,12,15,15,100.0
0.9,unconstrained,intervention,16,19,25,25,100.0
0.9,unconstrained,intervention,23,86,101,101,100.0
0.9,unconstrained,intervention,4,175,203,203,100.0
0.9,unconstrained,intervention,1,95,106,106,100.0
0.9,unconstrained,intervention,2,68,76,76,100.0
0.9,unconstrained,intervention,19,73,80,80,100.0
0.9,unconstrained,intervention,28,17,19,19,100.0
0.9,unconstrained,intervention,26,141,174,174,100.0
0.9,unconstrained,intervention,17,40,42,42,100.0
0.9,unconstrained,intervention,5,175,190,190,100.0
0.9,unconstrained,intervention,18,52,53,53,100.0
0.9,unconstrained,intervention,36,34,38,38,100.0
0.9,unconstrained,intervention,21,40,48,48,100.0
0.9,unconstrained,intervention,10,85,95,95,100.0
0.9,unconstrained,intervention,39,39,42,42,100.0
0.9,unconstrained,intervention,38,57,68,68,100.0
0.9,unconstrained,intervention,11,104,117,117,100.0
0.9,unconstrained,intervention,13,22,26,26,100.0
0.9,unconstrained,intervention,3,21,22,22,100.0
0.9,unconstrained,intervention,31,25,28,28,100.0
0.9,unconstrained,intervention,33,32,34,34,100.0
0.9,unconstrained,intervention,27,21,23,23,100.0
0.9,unconstrained,intervention,20,22,25,25,100.0
0.9,unconstrained,intervention,30,15,17,17,100.0
0.9,unconstrained,intervention,7,12,12,12,100.0
0.9,unconstrained,intervention,12,14,14,14,100.0
0.9,unconstrained,intervention,37,6,6,6,100.0
0.9,unconstrained,intervention,29,4,5,5,100.0
0.9,single_risk,intervention,29,50,53,53,100.0
0.9,single_risk,intervention,9,97,111,111,100.0
0.9,single_risk,intervention,17,119,122,122,100.0
0.9,single_risk,intervention,20,93,104,104,100.0
0.9,single_risk,intervention,34,165,177,177,100.0
0.9,single_risk,intervention,26,82,97,97,100.0
0.9,single_risk,intervention,8,198,255,255,100.0
0.9,single_risk,intervention,4,41,51,51,100.0
0.9,single_risk,intervention,24,70,85,85,100.0
0.9,single_risk,intervention,21,75,90,90,100.0
0.9,single_risk,intervention,25,54,66,66,100.0
0.9,single_risk,intervention,6,47,53,53,100.0
0.9,single_risk,intervention,36,18,24,24,100.0
0.9,single_risk,intervention,22,80,94,94,100.0
0.9,single_risk,intervention,5,173,202,202,100.0
0.9,single_risk,intervention,19,69,80,80,100.0
0.9,single_risk,intervention,0,109,122,122,100.0
0.9,single_risk,intervention,11,49,57,57,100.0
0.9,single_risk,intervention,13,143,178,178,100.0
0.9,single_risk,intervention,3,44,47,47,100.0
0.9,single_risk,intervention,10,184,199,199,100.0
0.9,single_risk,intervention,14,19,21,21,100.0
0.9,single_risk,intervention,1,55,62,62,100.0
0.9,single_risk,intervention,35,26,27,27,100.0
0.9,single_risk,intervention,28,39,46,46,100.0
0.9,single_risk,intervention,18,49,53,53,100.0
0.9,single_risk,intervention,33,36,39,39,100.0
0.9,single_risk,intervention,7,122,142,142,100.0
0.9,single_risk,intervention,12,26,29,29,100.0
0.9,single_risk,intervention,38,68,72,72,100.0
0.9,single_risk,intervention,16,31,35,35,100.0
0.9,single_risk,intervention,39,14,15,15,100.0
0.9,single_risk,intervention,15,6,6,6,100.0
0.9,single_risk,intervention,30,22,25,25,100.0
0.9,single_risk,intervention,27,23,26,26,100.0
0.9,single_risk,intervention,2,32,35,35,100.0
0.9,single_risk,intervention,32,15,18,18,100.0
0.9,single_risk,intervention,23,9,9,9,100.0
0.9,single_risk,intervention,31,6,6,6,100.0
0.9,single_risk,intervention,37,4,5,5,100.0
0.9,monotonic,intervention,33,49,52,52,100.0
0.9,monotonic,intervention,0,96,111,111,100.0
0.9,monotonic,intervention,3,132,136,136,100.0
0.9,monotonic,intervention,27,88,98,98,100.0
0.9,monotonic,intervention,39,191,205,205,100.0
0.9,monotonic,intervention,28,99,105,105,100.0
0.9,monotonic,intervention,25,72,86,86,100.0
0.9,monotonic,intervention,26,173,212,212,100.0
0.9,monotonic,intervention,19,29,39,39,100.0
0.9,monotonic,intervention,35,66,81,81,100.0
0.9,monotonic,intervention,8,72,87,87,100.0
0.9,monotonic,intervention,9,66,76,76,100.0
0.9,monotonic,intervention,30,12,15,15,100.0
0.9,monotonic,intervention,21,26,31,31,100.0
0.9,monotonic,intervention,4,83,94,94,100.0
0.9,monotonic,intervention,22,158,183,183,100.0
0.9,monotonic,intervention,18,52,60,60,100.0
0.9,monotonic,intervention,6,180,220,220,100.0
0.9,monotonic,intervention,10,85,97,97,100.0
0.9,monotonic,intervention,23,45,48,48,100.0
0.9,monotonic,intervention,24,168,182,182,100.0
0.9,monotonic,intervention,5,34,36,36,100.0
0.9,monotonic,intervention,12,23,25,25,100.0
0.9,monotonic,intervention,17,40,44,44,100.0
0.9,monotonic,intervention,38,28,37,37,100.0
0.9,monotonic,intervention,1,55,65,65,100.0
0.9,monotonic,intervention,37,40,43,43,100.0
0.9,monotonic,intervention,13,149,175,175,100.0
0.9,monotonic,intervention,16,55,62,62,100.0
0.9,monotonic,intervention,14,13,16,16,100.0
0.9,monotonic,intervention,34,14,15,15,100.0
0.9,monotonic,intervention,36,24,27,27,100.0
0.9,monotonic,intervention,15,18,20,20,100.0
0.9,monotonic,intervention,11,8,10,10,100.0
0.9,monotonic,intervention,7,23,26,26,100.0
0.9,monotonic,intervention,32,13,15,15,100.0
0.9,monotonic,intervention,20,15,18,18,100.0
0.9,monotonic,intervention,2,15,17,17,100.0
0.9,monotonic,intervention,31,6,6,6,100.0
0.9,monotonic,intervention,29,4,5,5,100.0
0.9,both,intervention,32,47,51,51,100.0
0.9,both,intervention,0,96,109,109,100.0
0.9,both,intervention,8,145,151,151,100.0
0.9,both,intervention,9,93,105,105,100.0
0.9,both,intervention,27,201,226,226,100.0
0.9,both,intervention,12,86,104,104,100.0
0.9,both,intervention,17,77,90,90,100.0
0.9,both,intervention,21,29,38,38,100.0
0.9,both,intervention,34,67,81,81,100.0
0.9,both,intervention,30,69,81,81,100.0
0.9,both,intervention,29,52,64,64,100.0
0.9,both,intervention,26,19,23,23,100.0
0.9,both,intervention,16,92,99,99,100.0
0.9,both,intervention,4,88,104,104,100.0
0.9,both,intervention,1,160,184,184,100.0
0.9,both,intervention,20,68,77,77,100.0
0.9,both,intervention,6,65,73,73,100.0
0.9,both,intervention,18,55,61,61,100.0
0.9,both,intervention,3,90,105,105,100.0
0.9,both,intervention,10,38,41,41,100.0
0.9,both,intervention,11,159,168,168,100.0
0.9,both,intervention,7,40,47,47,100.0
0.9,both,intervention,5,149,186,186,100.0
0.9,both,intervention,14,62,71,71,100.0
0.9,both,intervention,39,41,44,44,100.0
0.9,both,intervention,2,136,159,159,100.0
0.9,both,intervention,38,15,16,16,100.0
0.9,both,intervention,15,82,100,100,100.0
0.9,both,intervention,36,14,17,17,100.0
0.9,both,intervention,28,25,27,27,100.0
0.9,both,intervention,13,23,25,25,100.0
0.9,both,intervention,23,31,33,33,100.0
0.9,both,intervention,25,18,18,18,100.0
0.9,both,intervention,19,5,5,5,100.0
0.9,both,intervention,33,23,26,26,100.0
0.9,both,intervention,31,15,18,18,100.0
0.9,both,intervention,24,13,13,13,100.0
0.9,both,intervention,22,7,7,7,100.0
0.9,both,intervention,37,4,5,5,100.0
0.9,both,intervention,35,2,4,4,100.0
0.95,unconstrained,intervention,18,144,173,173,100.0
0.95,unconstrained,intervention,10,67,69,69,100.0
0.95,unconstrained,intervention,0,140,149,149,100.0
0.95,unconstrained,intervention,1,94,104,104,100.0
0.95,unconstrained,intervention,28,89,109,109,100.0
0.95,unconstrained,intervention,12,154,202,202,100.0
0.95,unconstrained,intervention,37,27,36,36,100.0
0.95,unconstrained,intervention,17,127,142,142,100.0
0.95,unconstrained,intervention,13,78,92,92,100.0
0.95,unconstrained,intervention,32,65,77,77,100.0
0.95,unconstrained,intervention,14,57,70,70,100.0
0.95,unconstrained,intervention,33,87,97,97,100.0
0.95,unconstrained,intervention,34,19,26,26,100.0
0.95,unconstrained,intervention,39,57,62,62,100.0
0.95,unconstrained,intervention,8,87,103,103,100.0
0.95,unconstrained,intervention,2,163,188,188,100.0
0.95,unconstrained,intervention,16,59,68,68,100.0
0.95,unconstrained,intervention,5,69,78,78,100.0
0.95,unconstrained,intervention,31,60,67,67,100.0
0.95,unconstrained,intervention,27,41,43,43,100.0
0.95,unconstrained,intervention,6,176,191,191,100.0
0.95,unconstrained,intervention,9,29,30,30,100.0
0.95,unconstrained,intervention,15,26,26,26,100.0
0.95,unconstrained,intervention,20,41,49,49,100.0
0.95,unconstrained,intervention,7,27,34,34,100.0
0.95,unconstrained,intervention,3,93,106,106,100.0
0.95,unconstrained,intervention,35,32,35,35,100.0
0.95,unconstrained,intervention,38,50,61,61,100.0
0.95,unconstrained,intervention,36,42,45,45,100.0
0.95,unconstrained,intervention,19,24,28,28,100.0
0.95,unconstrained,intervention,22,19,21,21,100.0
0.95,unconstrained,intervention,29,31,36,36,100.0
0.95,unconstrained,intervention,11,20,22,22,100.0
0.95,unconstrained,intervention,4,24,27,27,100.0
0.95,unconstrained,intervention,24,12,13,13,100.0
0.95,unconstrained,intervention,25,14,17,17,100.0
0.95,unconstrained,intervention,26,9,9,9,100.0
0.95,unconstrained,intervention,30,3,3,3,100.0
0.95,unconstrained,intervention,23,6,6,6,100.0
0.95,unconstrained,intervention,21,4,5,5,100.0
0.95,single_risk,intervention,15,95,118,118,100.0
0.95,single_risk,intervention,21,100,112,112,100.0
0.95,single_risk,intervention,18,130,135,135,100.0
0.95,single_risk,intervention,7,109,125,125,100.0
0.95,single_risk,intervention,27,81,100,100,100.0
0.95,single_risk,intervention,12,161,216,216,100.0
0.95,single_risk,intervention,38,29,38,38,100.0
0.95,single_risk,intervention,5,171,193,193,100.0
0.95,single_risk,intervention,10,73,87,87,100.0
0.95,single_risk,intervention,13,73,86,86,100.0
0.95,single_risk,intervention,32,63,75,75,100.0
0.95,single_risk,intervention,26,89,99,99,100.0
0.95,single_risk,intervention,2,27,34,34,100.0
0.95,single_risk,intervention,30,59,64,64,100.0
0.95,single_risk,intervention,3,78,90,90,100.0
0.95,single_risk,intervention,36,21,25,25,100.0
0.95,single_risk,intervention,0,166,193,193,100.0
0.95,single_risk,intervention,16,57,66,66,100.0
0.95,single_risk,intervention,14,77,87,87,100.0
0.95,single_risk,intervention,9,42,44,44,100.0
0.95,single_risk,intervention,11,173,188,188,100.0
0.95,single_risk,intervention,1,28,30,30,100.0
0.95,single_risk,intervention,28,39,48,48,100.0
0.95,single_risk,intervention,8,75,87,87,100.0
0.95,single_risk,intervention,24,32,35,35,100.0
0.95,single_risk,intervention,39,50,61,61,100.0
0.95,single_risk,intervention,17,55,61,61,100.0
0.95,single_risk,intervention,29,14,17,17,100.0
0.95,single_risk,intervention,6,19,21,21,100.0
0.95,single_risk,intervention,19,15,16,16,100.0
0.95,single_risk,intervention,34,27,30,30,100.0
0.95,single_risk,intervention,20,23,25,25,100.0
0.95,single_risk,intervention,37,18,21,21,100.0
0.95,single_risk,intervention,22,23,26,26,100.0
0.95,single_risk,intervention,35,24,25,25,100.0
0.95,single_risk,intervention,25,13,15,15,100.0
0.95,single_risk,intervention,4,12,12,12,100.0
0.95,single_risk,intervention,23,6,6,6,100.0
0.95,single_risk,intervention,31,4,5,5,100.0
0.95,single_risk,intervention,33,2,2,2,100.0
0.95,monotonic,intervention,14,85,106,106,100.0
0.95,monotonic,intervention,4,67,69,69,100.0
0.95,monotonic,intervention,25,113,119,119,100.0
0.95,monotonic,intervention,2,96,109,109,100.0
0.95,monotonic,intervention,30,74,87,87,100.0
0.95,monotonic,intervention,12,149,187,187,100.0
0.95,monotonic,intervention,24,31,40,40,100.0
0.95,monotonic,intervention,5,77,95,95,100.0
0.95,monotonic,intervention,17,169,189,189,100.0
0.95,monotonic,intervention,26,62,75,75,100.0
0.95,monotonic,intervention,31,65,78,78,100.0
0.95,monotonic,intervention,36,91,96,96,100.0
0.95,monotonic,intervention,3,21,27,27,100.0
0.95,monotonic,intervention,0,113,128,128,100.0
0.95,monotonic,intervention,8,27,32,32,100.0
0.95,monotonic,intervention,21,104,122,122,100.0
0.95,monotonic,intervention,6,65,73,73,100.0
0.95,monotonic,intervention,16,51,57,57,100.0
0.95,monotonic,intervention,7,111,122,122,100.0
0.95,monotonic,intervention,28,63,71,71,100.0
0.95,monotonic,intervention,13,45,48,48,100.0
0.95,monotonic,intervention,9,170,184,184,100.0
0.95,monotonic,intervention,10,25,27,27,100.0
0.95,monotonic,intervention,15,27,27,27,100.0
0.95,monotonic,intervention,39,55,65,65,100.0
0.95,monotonic,intervention,11,40,50,50,100.0
0.95,monotonic,intervention,35,22,29,29,100.0
0.95,monotonic,intervention,37,31,34,34,100.0
0.95,monotonic,intervention,33,50,61,61,100.0
0.95,monotonic,intervention,19,59,68,68,100.0
0.95,monotonic,intervention,22,24,28,28,100.0
0.95,monotonic,intervention,29,8,8,8,100.0
0.95,monotonic,intervention,1,38,41,41,100.0
0.95,monotonic,intervention,20,24,28,28,100.0
0.95,monotonic,intervention,18,28,32,32,100.0
0.95,monotonic,intervention,34,23,26,26,100.0
0.95,monotonic,intervention,32,13,16,16,100.0
0.95,monotonic,intervention,38,9,10,10,100.0
0.95,monotonic,intervention,23,6,6,6,100.0
0.95,monotonic,intervention,27,4,5,5,100.0
0.95,both,intervention,1,143,175,175,100.0
0.95,both,intervention,4,97,109,109,100.0
0.95,both,intervention,20,119,125,125,100.0
0.95,both,intervention,3,117,135,135,100.0
0.95,both,intervention,12,69,82,82,100.0
0.95,both,intervention,37,86,98,98,100.0
0.95,both,intervention,9,50,63,63,100.0
0.95,both,intervention,7,88,107,107,100.0
0.95,both,intervention,32,120,132,132,100.0
0.95,both,intervention,13,66,79,79,100.0
0.95,both,intervention,34,53,64,64,100.0
0.95,both,intervention,36,19,23,23,100.0
0.95,both,intervention,33,60,63,63,100.0
0.95,both,intervention,18,79,94,94,100.0
0.95,both,intervention,10,113,132,132,100.0
0.95,both,intervention,26,84,89,89,100.0
0.95,both,intervention,24,67,74,74,100.0
0.95,both,intervention,17,75,83,83,100.0
0.95,both,intervention,5,103,114,114,100.0
0.95,both,intervention,19,44,47,47,100.0
0.95,both,intervention,11,164,178,178,100.0
0.95,both,intervention,2,23,24,24,100.0
0.95,both,intervention,0,24,25,25,100.0
0.95,both,intervention,16,32,34,34,100.0
0.95,both,intervention,6,121,152,152,100.0
0.95,both,intervention,38,43,51,51,100.0
0.95,both,intervention,28,31,34,34,100.0
0.95,both,intervention,15,50,61,61,100.0
0.95,both,intervention,14,45,49,49,100.0
0.95,both,intervention,35,20,24,24,100.0
0.95,both,intervention,30,8,8,8,100.0
0.95,both,intervention,22,30,34,34,100.0
0.95,both,intervention,29,6,6,6,100.0
0.95,both,intervention,31,23,26,26,100.0
0.95,both,intervention,39,17,19,19,100.0
0.95,both,intervention,8,24,26,26,100.0
0.95,both,intervention,21,6,8,8,100.0
0.95,both,intervention,25,13,16,16,100.0
0.95,both,intervention,23,6,6,6,100.0
0.95,both,intervention,27,4,5,5,100.0
EDGE,unconstrained,all_concepts,11,197,406,406,100.0
EDGE,unconstrained,all_concepts,4,110,326,326,100.0
EDGE,unconstrained,all_concepts,34,63,163,163,100.0
EDGE,unconstrained,all_concepts,8,205,475,475,100.0
EDGE,unconstrained,all_concepts,16,117,346,346,100.0
EDGE,unconstrained,all_concepts,39,36,126,126,100.0
EDGE,unconstrained,all_concepts,36,184,380,380,100.0
EDGE,unconstrained,all_concepts,2,223,530,530,100.0
EDGE,unconstrained,all_concepts,5,246,533,533,100.0
EDGE,unconstrained,all_concepts,32,12,27,27,100.0
EDGE,unconstrained,all_concepts,14,367,1139,1139,100.0
EDGE,unconstrained,all_concepts,30,86,162,162,100.0
EDGE,unconstrained,all_concepts,37,125,344,344,100.0
EDGE,unconstrained,all_concepts,22,178,668,668,100.0
EDGE,unconstrained,all_concepts,3,191,539,539,100.0
EDGE,unconstrained,all_concepts,20,281,472,472,100.0
EDGE,unconstrained,all_concepts,9,236,677,677,100.0
EDGE,unconstrained,all_concepts,6,409,490,490,100.0
EDGE,unconstrained,all_concepts,17,44,155,155,100.0
EDGE,unconstrained,all_concepts,1,190,562,562,100.0
EDGE,unconstrained,all_concepts,0,141,251,251,100.0
EDGE,unconstrained,all_concepts,28,62,89,89,100.0
EDGE,unconstrained,all_concepts,10,324,913,913,100.0
EDGE,unconstrained,all_concepts,19,152,393,393,100.0
EDGE,unconstrained,all_concepts,15,127,159,159,100.0
EDGE,unconstrained,all_concepts,13,121,284,284,100.0
EDGE,unconstrained,all_concepts,18,74,258,258,100.0
EDGE,unconstrained,all_concepts,7,156,271,271,100.0
EDGE,unconstrained,all_concepts,24,49,113,113,100.0
EDGE,unconstrained,all_concepts,23,25,44,44,100.0
EDGE,unconstrained,all_concepts,21,99,201,201,100.0
EDGE,unconstrained,all_concepts,31,4,16,16,100.0
EDGE,unconstrained,all_concepts,12,18,38,38,100.0
EDGE,unconstrained,all_concepts,27,16,24,24,100.0
EDGE,unconstrained,all_concepts,33,20,22,22,100.0
EDGE,unconstrained,all_concepts,35,42,56,56,100.0
EDGE,unconstrained,all_concepts,38,21,44,44,100.0
EDGE,unconstrained,all_concepts,26,35,72,72,100.0
EDGE,unconstrained,all_concepts,25,3,14,14,100.0
EDGE,unconstrained,all_concepts,29,1,1,1,100.0
EDGE,single_risk,all_concepts,39,166,307,307,100.0
EDGE,single_risk,all_concepts,21,135,358,358,100.0
EDGE,single_risk,all_concepts,4,66,172,172,100.0
EDGE,single_risk,all_concepts,31,127,353,353,100.0
EDGE,single_risk,all_concepts,37,40,131,131,100.0
EDGE,single_risk,all_concepts,14,200,432,432,100.0
EDGE,single_risk,all_concepts,15,188,284,284,100.0
EDGE,single_risk,all_concepts,9,329,739,739,100.0
EDGE,single_risk,all_concepts,11,29,68,68,100.0
EDGE,single_risk,all_concepts,3,336,1017,1017,100.0
EDGE,single_risk,all_concepts,28,66,120,120,100.0
EDGE,single_risk,all_concepts,19,205,578,578,100.0
EDGE,single_risk,all_concepts,10,214,524,524,100.0
EDGE,single_risk,all_concepts,20,130,347,347,100.0
EDGE,single_risk,all_concepts,24,198,601,601,100.0
EDGE,single_risk,all_concepts,32,147,258,258,100.0
EDGE,single_risk,all_concepts,2,152,270,270,100.0
EDGE,single_risk,all_concepts,5,394,483,483,100.0
EDGE,single_risk,all_concepts,13,163,607,607,100.0
EDGE,single_risk,all_concepts,16,209,595,595,100.0
EDGE,single_risk,all_concepts,18,134,197,197,100.0
EDGE,single_risk,all_concepts,8,119,301,301,100.0
EDGE,single_risk,all_concepts,30,42,90,90,100.0
EDGE,single_risk,all_concepts,0,259,766,766,100.0
EDGE,single_risk,all_concepts,17,97,193,193,100.0
EDGE,single_risk,all_concepts,38,154,201,201,100.0
EDGE,single_risk,all_concepts,27,68,232,232,100.0
EDGE,single_risk,all_concepts,22,44,69,69,100.0
EDGE,single_risk,all_concepts,29,24,75,75,100.0
EDGE,single_risk,all_concepts,7,213,582,582,100.0
EDGE,single_risk,all_concepts,33,62,121,121,100.0
EDGE,single_risk,all_concepts,36,10,36,36,100.0
EDGE,single_risk,all_concepts,6,128,307,307,100.0
EDGE,single_risk,all_concepts,26,21,38,38,100.0
EDGE,single_risk,all_concepts,23,4,16,16,100.0
EDGE,single_risk,all_concepts,34,35,82,82,100.0
EDGE,single_risk,all_concepts,25,20,22,22,100.0
EDGE,single_risk,all_concepts,12,39,49,49,100.0
EDGE,single_risk,all_concepts,35,19,75,75,100.0
EDGE,single_risk,all_concepts,1,10,26,26,100.0
EDGE,monotonic,all_concepts,32,39,116,116,100.0
EDGE,monotonic,all_concepts,5,156,436,436,100.0
EDGE,monotonic,all_concepts,33,187,419,419,100.0
EDGE,monotonic,all_concepts,7,122,357,357,100.0
EDGE,monotonic,all_concepts,38,39,130,130,100.0
EDGE,monotonic,all_concepts,34,191,311,311,100.0
EDGE,monotonic,all_concepts,15,177,377,377,100.0
EDGE,monotonic,all_concepts,2,222,530,530,100.0
EDGE,monotonic,all_concepts,13,305,888,888,100.0
EDGE,monotonic,all_concepts,3,29,75,75,100.0
EDGE,monotonic,all_concepts,1,231,766,766,100.0
EDGE,monotonic,all_concepts,24,74,137,137,100.0
EDGE,monotonic,all_concepts,6,203,560,560,100.0
EDGE,monotonic,all_concepts,19,147,379,379,100.0
EDGE,monotonic,all_concepts,10,182,526,526,100.0
EDGE,monotonic,all_concepts,12,299,563,563,100.0
EDGE,monotonic,all_concepts,4,400,477,477,100.0
EDGE,monotonic,all_concepts,27,236,828,828,100.0
EDGE,monotonic,all_concepts,0,248,678,678,100.0
EDGE,monotonic,all_concepts,9,130,254,254,100.0
EDGE,monotonic,all_concepts,11,133,181,181,100.0
EDGE,monotonic,all_concepts,25,118,320,320,100.0
EDGE,monotonic,all_concepts,14,160,367,367,100.0
EDGE,monotonic,all_concepts,8,143,268,268,100.0
EDGE,monotonic,all_concepts,16,187,453,453,100.0
EDGE,monotonic,all_concepts,18,71,242,242,100.0
EDGE,monotonic,all_concepts,30,84,205,205,100.0
EDGE,monotonic,all_concepts,17,10,36,36,100.0
EDGE,monotonic,all_concepts,35,21,39,39,100.0
EDGE,monotonic,all_concepts,22,22,37,37,100.0
EDGE,monotonic,all_concepts,26,64,128,128,100.0
EDGE,monotonic,all_concepts,23,4,16,16,100.0
EDGE,monotonic,all_concepts,31,59,156,156,100.0
EDGE,monotonic,all_concepts,36,17,39,39,100.0
EDGE,monotonic,all_concepts,21,18,18,18,100.0
EDGE,monotonic,all_concepts,20,55,79,79,100.0
EDGE,monotonic,all_concepts,29,7,16,16,100.0
EDGE,monotonic,all_concepts,28,21,44,44,100.0
EDGE,monotonic,all_concepts,39,2,14,14,100.0
EDGE,monotonic,all_concepts,37,1,1,1,100.0
EDGE,both,all_concepts,10,185,372,372,100.0
EDGE,both,all_concepts,20,125,360,360,100.0
EDGE,both,all_concepts,36,83,210,210,100.0
EDGE,both,all_concepts,19,124,370,370,100.0
EDGE,both,all_concepts,29,38,125,125,100.0
EDGE,both,all_concepts,4,271,618,618,100.0
EDGE,both,all_concepts,32,176,244,244,100.0
EDGE,both,all_concepts,15,317,826,826,100.0
EDGE,both,all_concepts,35,7,16,16,100.0
EDGE,both,all_concepts,17,387,463,463,100.0
EDGE,both,all_concepts,38,248,765,765,100.0
EDGE,both,all_concepts,24,73,130,130,100.0
EDGE,both,all_concepts,1,282,835,835,100.0
EDGE,both,all_concepts,14,179,393,393,100.0
EDGE,both,all_concepts,0,170,460,460,100.0
EDGE,both,all_concepts,9,185,508,508,100.0
EDGE,both,all_concepts,5,285,464,464,100.0
EDGE,both,all_concepts,12,193,555,555,100.0
EDGE,both,all_concepts,6,183,673,673,100.0
EDGE,both,all_concepts,11,40,142,142,100.0
EDGE,both,all_concepts,8,196,552,552,100.0
EDGE,both,all_concepts,25,161,300,300,100.0
EDGE,both,all_concepts,26,144,198,198,100.0
EDGE,both,all_concepts,39,58,175,175,100.0
EDGE,both,all_concepts,16,98,212,212,100.0
EDGE,both,all_concepts,22,73,251,251,100.0
EDGE,both,all_concepts,30,47,72,72,100.0
EDGE,both,all_concepts,13,37,88,88,100.0
EDGE,both,all_concepts,3,167,312,312,100.0
EDGE,both,all_concepts,27,11,32,32,100.0
EDGE,both,all_concepts,2,110,278,278,100.0
EDGE,both,all_concepts,21,22,41,41,100.0
EDGE,both,all_concepts,31,62,130,130,100.0
EDGE,both,all_concepts,23,4,16,16,100.0
EDGE,both,all_concepts,18,57,130,130,100.0
EDGE,both,all_concepts,33,16,38,38,100.0
EDGE,both,all_concepts,28,19,19,19,100.0
EDGE,both,all_concepts,7,11,30,30,100.0
EDGE,both,all_concepts,37,21,25,25,100.0
EDGE,both,all_concepts,34,19,38,38,100.0
0.8,unconstrained,all_concepts,1,978,2859,2859,100.0
0.8,unconstrained,all_concepts,7,698,982,982,100.0
0.8,unconstrained,all_concepts,14,378,844,844,100.0
0.8,unconstrained,all_concepts,11,139,249,249,100.0
0.8,unconstrained,all_concepts,37,158,338,338,100.0
0.8,unconstrained,all_concepts,2,904,1232,1232,100.0
0.8,unconstrained,all_concepts,25,344,707,707,100.0
0.8,unconstrained,all_concepts,16,348,687,687,100.0
0.8,unconstrained,all_concepts,21,256,445,445,100.0
0.8,unconstrained,all_concepts,6,387,876,876,100.0
0.8,unconstrained,all_concepts,18,276,318,318,100.0
0.8,unconstrained,all_concepts,30,413,499,499,100.0
0.8,unconstrained,all_concepts,8,993,1412,1412,100.0
0.8,unconstrained,all_concepts,4,767,1816,1816,100.0
0.8,unconstrained,all_concepts,23,250,279,279,100.0
0.8,unconstrained,all_concepts,36,242,281,281,100.0
0.8,unconstrained,all_concepts,38,371,646,646,100.0
0.8,unconstrained,all_concepts,35,141,269,269,100.0
0.8,unconstrained,all_concepts,19,409,703,703,100.0
0.8,unconstrained,all_concepts,5,372,665,665,100.0
0.8,unconstrained,all_concepts,3,441,531,531,100.0
0.8,unconstrained,all_concepts,10,589,1233,1233,100.0
0.8,unconstrained,all_concepts,33,163,261,261,100.0
0.8,unconstrained,all_concepts,12,416,1043,1043,100.0
0.8,unconstrained,all_concepts,26,80,208,208,100.0
0.8,unconstrained,all_concepts,17,369,501,501,100.0
0.8,unconstrained,all_concepts,15,125,231,231,100.0
0.8,unconstrained,all_concepts,28,49,121,121,100.0
0.8,unconstrained,all_concepts,9,300,434,434,100.0
0.8,unconstrained,all_concepts,0,849,2864,2864,100.0
0.8,unconstrained,all_concepts,22,61,86,86,100.0
0.8,unconstrained,all_concepts,39,49,101,101,100.0
0.8,unconstrained,all_concepts,29,61,87,87,100.0
0.8,unconstrained,all_concepts,27,94,145,145,100.0
0.8,unconstrained,all_concepts,13,100,154,154,100.0
0.8,unconstrained,all_concepts,31,51,52,52,100.0
0.8,unconstrained,all_concepts,24,16,50,50,100.0
0.8,unconstrained,all_concepts,34,15,15,15,100.0
0.8,unconstrained,all_concepts,20,14,31,31,100.0
0.8,unconstrained,all_concepts,32,2,5,5,100.0
0.8,single_risk,all_concepts,16,458,1385,1385,100.0
0.8,single_risk,all_concepts,18,828,1313,1313,100.0
0.8,single_risk,all_concepts,34,505,886,886,100.0
0.8,single_risk,all_concepts,1,848,2613,2613,100.0
0.8,single_risk,all_concepts,5,407,553,553,100.0
0.8,single_risk,all_concepts,30,83,137,137,100.0
0.8,single_risk,all_concepts,13,180,251,251,100.0
0.8,single_risk,all_concepts,35,182,429,429,100.0
0.8,single_risk,all_concepts,6,697,937,937,100.0
0.8,single_risk,all_concepts,21,283,575,575,100.0
0.8,single_risk,all_concepts,23,191,369,369,100.0
0.8,single_risk,all_concepts,4,252,357,357,100.0
0.8,single_risk,all_concepts,15,338,415,415,100.0
0.8,single_risk,all_concepts,12,900,1307,1307,100.0
0.8,single_risk,all_concepts,7,623,1304,1304,100.0
0.8,single_risk,all_concepts,19,95,107,107,100.0
0.8,single_risk,all_concepts,3,288,421,421,100.0
0.8,single_risk,all_concepts,33,131,246,246,100.0
0.8,single_risk,all_concepts,22,406,713,713,100.0
0.8,single_risk,all_concepts,8,407,1005,1005,100.0
0.8,single_risk,all_concepts,25,70,186,186,100.0
0.8,single_risk,all_concepts,11,216,493,493,100.0
0.8,single_risk,all_concepts,2,587,1332,1332,100.0
0.8,single_risk,all_concepts,9,304,568,568,100.0
0.8,single_risk,all_concepts,10,269,524,524,100.0
0.8,single_risk,all_concepts,14,311,425,425,100.0
0.8,single_risk,all_concepts,27,122,227,227,100.0
0.8,single_risk,all_concepts,28,54,134,134,100.0
0.8,single_risk,all_concepts,0,174,197,197,100.0
0.8,single_risk,all_concepts,17,572,1660,1660,100.0
0.8,single_risk,all_concepts,26,57,81,81,100.0
0.8,single_risk,all_concepts,20,40,92,92,100.0
0.8,single_risk,all_concepts,36,98,159,159,100.0
0.8,single_risk,all_concepts,24,136,213,213,100.0
0.8,single_risk,all_concepts,29,80,88,88,100.0
0.8,single_risk,all_concepts,32,16,21,21,100.0
0.8,single_risk,all_concepts,31,42,43,43,100.0
0.8,single_risk,all_concepts,39,14,48,48,100.0
0.8,single_risk,all_concepts,38,11,11,11,100.0
0.8,single_risk,all_concepts,37,13,31,31,100.0
0.8,monotonic,all_concepts,8,440,1312,1312,100.0
0.8,monotonic,all_concepts,5,785,1244,1244,100.0
0.8,monotonic,all_concepts,0,1027,3029,3029,100.0
0.8,monotonic,all_concepts,35,58,113,113,100.0
0.8,monotonic,all_concepts,15,178,371,371,100.0
0.8,monotonic,all_concepts,9,208,476,476,100.0
0.8,monotonic,all_concepts,2,694,906,906,100.0
0.8,monotonic,all_concepts,3,268,567,567,100.0
0.8,monotonic,all_concepts,11,203,357,357,100.0
0.8,monotonic,all_concepts,37,230,306,306,100.0
0.8,monotonic,all_concepts,1,466,638,638,100.0
0.8,monotonic,all_concepts,19,608,750,750,100.0
0.8,monotonic,all_concepts,26,556,1150,1150,100.0
0.8,monotonic,all_concepts,16,730,1708,1708,100.0
0.8,monotonic,all_concepts,24,184,214,214,100.0
0.8,monotonic,all_concepts,23,228,254,254,100.0
0.8,monotonic,all_concepts,30,92,177,177,100.0
0.8,monotonic,all_concepts,10,539,989,989,100.0
0.8,monotonic,all_concepts,22,227,363,363,100.0
0.8,monotonic,all_concepts,14,434,853,853,100.0
0.8,monotonic,all_concepts,36,113,185,185,100.0
0.8,monotonic,all_concepts,32,66,180,180,100.0
0.8,monotonic,all_concepts,12,314,679,679,100.0
0.8,monotonic,all_concepts,7,263,517,517,100.0
0.8,monotonic,all_concepts,13,127,221,221,100.0
0.8,monotonic,all_concepts,6,566,1574,1574,100.0
0.8,monotonic,all_concepts,38,54,121,121,100.0
0.8,monotonic,all_concepts,4,260,345,345,100.0
0.8,monotonic,all_concepts,21,40,57,57,100.0
0.8,monotonic,all_concepts,17,41,96,96,100.0
0.8,monotonic,all_concepts,29,270,313,313,100.0
0.8,monotonic,all_concepts,33,76,109,109,100.0
0.8,monotonic,all_concepts,18,73,81,81,100.0
0.8,monotonic,all_concepts,25,14,19,19,100.0
0.8,monotonic,all_concepts,31,44,45,45,100.0
0.8,monotonic,all_concepts,20,15,49,49,100.0
0.8,monotonic,all_concepts,28,14,32,32,100.0
0.8,monotonic,all_concepts,39,17,22,22,100.0
0.8,monotonic,all_concepts,27,4,8,8,100.0
0.8,monotonic,all_concepts,34,5,14,14,100.0
0.8,both,all_concepts,2,610,1928,1928,100.0
0.8,both,all_concepts,22,237,521,521,100.0
0.8,both,all_concepts,1,316,738,738,100.0
0.8,both,all_concepts,8,582,734,734,100.0
0.8,both,all_concepts,31,436,733,733,100.0
0.8,both,all_concepts,4,697,1088,1088,100.0
0.8,both,all_concepts,25,100,159,159,100.0
0.8,both,all_concepts,14,479,886,886,100.0
0.8,both,all_concepts,24,243,278,278,100.0
0.8,both,all_concepts,6,905,1553,1553,100.0
0.8,both,all_concepts,0,249,497,497,100.0
0.8,both,all_concepts,13,553,1398,1398,100.0
0.8,both,all_concepts,11,327,391,391,100.0
0.8,both,all_concepts,17,116,206,206,100.0
0.8,both,all_concepts,20,492,959,959,100.0
0.8,both,all_concepts,23,78,116,116,100.0
0.8,both,all_concepts,3,384,840,840,100.0
0.8,both,all_concepts,5,277,600,600,100.0
0.8,both,all_concepts,16,361,892,892,100.0
0.8,both,all_concepts,7,453,1462,1462,100.0
0.8,both,all_concepts,12,144,287,287,100.0
0.8,both,all_concepts,36,160,179,179,100.0
0.8,both,all_concepts,28,90,93,93,100.0
0.8,both,all_concepts,39,91,111,111,100.0
0.8,both,all_concepts,32,187,224,224,100.0
0.8,both,all_concepts,19,87,164,164,100.0
0.8,both,all_concepts,10,237,377,377,100.0
0.8,both,all_concepts,9,236,520,520,100.0
0.8,both,all_concepts,26,38,89,89,100.0
0.8,both,all_concepts,27,45,58,58,100.0
0.8,both,all_concepts,38,35,74,74,100.0
0.8,both,all_concepts,15,193,261,261,100.0
0.8,both,all_concepts,30,51,112,112,100.0
0.8,both,all_concepts,18,92,140,140,100.0
0.8,both,all_concepts,35,134,272,272,100.0
0.8,both,all_concepts,29,39,55,55,100.0
0.8,both,all_concepts,34,42,42,42,100.0
0.8,both,all_concepts,21,81,107,107,100.0
0.8,both,all_concepts,33,5,13,13,100.0
0.8,both,all_concepts,37,14,48,48,100.0
0.85,unconstrained,all_concepts,12,147,281,281,100.0
0.85,unconstrained,all_concepts,1,349,808,808,100.0
0.85,unconstrained,all_concepts,11,389,699,699,100.0
0.85,unconstrained,all_concepts,21,289,618,618,100.0
0.85,unconstrained,all_concepts,8,652,804,804,100.0
0.85,unconstrained,all_concepts,33,52,85,85,100.0
0.85,unconstrained,all_concepts,19,251,332,332,100.0
0.85,unconstrained,all_concepts,28,98,155,155,100.0
0.85,unconstrained,all_concepts,0,490,913,913,100.0
0.85,unconstrained,all_concepts,10,512,647,647,100.0
0.85,unconstrained,all_concepts,35,215,253,253,100.0
0.85,unconstrained,all_concepts,14,524,1704,1704,100.0
0.85,unconstrained,all_concepts,9,314,477,477,100.0
0.85,unconstrained,all_concepts,4,220,452,452,100.0
0.85,unconstrained,all_concepts,15,467,1068,1068,100.0
0.85,unconstrained,all_concepts,24,308,590,590,100.0
0.85,unconstrained,all_concepts,38,178,375,375,100.0
0.85,unconstrained,all_concepts,3,495,1595,1595,100.0
0.85,unconstrained,all_concepts,18,112,140,140,100.0
0.85,unconstrained,all_concepts,7,737,981,981,100.0
0.85,unconstrained,all_concepts,13,304,413,413,100.0
0.85,unconstrained,all_concepts,17,341,915,915,100.0
0.85,unconstrained,all_concepts,36,128,265,265,100.0
0.85,unconstrained,all_concepts,26,222,501,501,100.0
0.85,unconstrained,all_concepts,29,153,175,175,100.0
0.85,unconstrained,all_concepts,2,200,217,217,100.0
0.85,unconstrained,all_concepts,32,97,217,217,100.0
0.85,unconstrained,all_concepts,16,299,583,583,100.0
0.85,unconstrained,all_concepts,37,134,180,180,100.0
0.85,unconstrained,all_concepts,34,435,1135,1135,100.0
0.85,unconstrained,all_concepts,5,257,634,634,100.0
0.85,unconstrained,all_concepts,20,253,557,557,100.0
0.85,unconstrained,all_concepts,30,13,18,18,100.0
0.85,unconstrained,all_concepts,6,101,241,241,100.0
0.85,unconstrained,all_concepts,23,28,68,68,100.0
0.85,unconstrained,all_concepts,22,32,54,54,100.0
0.85,unconstrained,all_concepts,27,107,119,119,100.0
0.85,unconstrained,all_concepts,31,48,48,48,100.0
0.85,unconstrained,all_concepts,39,10,32,32,100.0
0.85,unconstrained,all_concepts,25,3,9,9,100.0
0.85,single_risk,all_concepts,15,133,250,250,100.0
0.85,single_risk,all_concepts,3,162,467,467,100.0
0.85,single_risk,all_concepts,12,99,255,255,100.0
0.85,single_risk,all_concepts,21,466,596,596,100.0
0.85,single_risk,all_concepts,39,243,430,430,100.0
0.85,single_risk,all_concepts,38,45,72,72,100.0
0.85,single_risk,all_concepts,5,338,734,734,100.0
0.85,single_risk,all_concepts,6,337,683,683,100.0
0.85,single_risk,all_concepts,0,414,816,816,100.0
0.85,single_risk,all_concepts,10,389,497,497,100.0
0.85,single_risk,all_concepts,32,161,193,193,100.0
0.85,single_risk,all_concepts,33,495,1589,1589,100.0
0.85,single_risk,all_concepts,1,336,566,566,100.0
0.85,single_risk,all_concepts,11,294,617,617,100.0
0.85,single_risk,all_concepts,7,434,1053,1053,100.0
0.85,single_risk,all_concepts,17,206,430,430,100.0
0.85,single_risk,all_concepts,8,217,481,481,100.0
0.85,single_risk,all_concepts,9,316,625,625,100.0
0.85,single_risk,all_concepts,16,442,1383,1383,100.0
0.85,single_risk,all_concepts,14,380,633,633,100.0
0.85,single_risk,all_concepts,2,630,1556,1556,100.0
0.85,single_risk,all_concepts,19,170,468,468,100.0
0.85,single_risk,all_concepts,4,247,548,548,100.0
0.85,single_risk,all_concepts,27,120,252,252,100.0
0.85,single_risk,all_concepts,13,291,750,750,100.0
0.85,single_risk,all_concepts,29,81,86,86,100.0
0.85,single_risk,all_concepts,24,67,86,86,100.0
0.85,single_risk,all_concepts,28,90,195,195,100.0
0.85,single_risk,all_concepts,26,57,66,66,100.0
0.85,single_risk,all_concepts,23,24,68,68,100.0
0.85,single_risk,all_concepts,25,227,316,316,100.0
0.85,single_risk,all_concepts,20,36,100,100,100.0
0.85,single_risk,all_concepts,36,64,112,112,100.0
0.85,single_risk,all_concepts,18,108,125,125,100.0
0.85,single_risk,all_concepts,37,56,60,60,100.0
0.85,single_risk,all_concepts,34,20,50,50,100.0
0.85,single_risk,all_concepts,35,9,18,18,100.0
0.85,single_risk,all_concepts,30,19,25,25,100.0
0.85,single_risk,all_concepts,22,9,31,31,100.0
0.85,single_risk,all_concepts,31,34,34,34,100.0
0.85,monotonic,all_concepts,31,84,173,173,100.0
0.85,monotonic,all_concepts,30,147,388,388,100.0
0.85,monotonic,all_concepts,17,118,274,274,100.0
0.85,monotonic,all_concepts,20,484,593,593,100.0
0.85,monotonic,all_concepts,35,234,420,420,100.0
0.85,monotonic,all_concepts,14,269,383,383,100.0
0.85,monotonic,all_concepts,13,294,610,610,100.0
0.85,monotonic,all_concepts,9,354,584,584,100.0
0.85,monotonic,all_concepts,33,153,237,237,100.0
0.85,monotonic,all_concepts,8,442,531,531,100.0
0.85,monotonic,all_concepts,21,193,221,221,100.0
0.85,monotonic,all_concepts,11,510,1665,1665,100.0
0.85,monotonic,all_concepts,22,38,87,87,100.0
0.85,monotonic,all_concepts,24,418,966,966,100.0
0.85,monotonic,all_concepts,34,86,152,152,100.0
0.85,monotonic,all_concepts,5,312,668,668,100.0
0.85,monotonic,all_concepts,1,641,1082,1082,100.0
0.85,monotonic,all_concepts,18,258,458,458,100.0
0.85,monotonic,all_concepts,0,412,1321,1321,100.0
0.85,monotonic,all_concepts,4,461,1316,1316,100.0
0.85,monotonic,all_concepts,2,220,563,563,100.0
0.85,monotonic,all_concepts,19,293,780,780,100.0
0.85,monotonic,all_concepts,37,58,66,66,100.0
0.85,monotonic,all_concepts,23,66,148,148,100.0
0.85,monotonic,all_concepts,27,200,477,477,100.0
0.85,monotonic,all_concepts,32,82,84,84,100.0
0.85,monotonic,all_concepts,15,82,99,99,100.0
0.85,monotonic,all_concepts,10,126,227,227,100.0
0.85,monotonic,all_concepts,6,136,292,292,100.0
0.85,monotonic,all_concepts,3,50,106,106,100.0
0.85,monotonic,all_concepts,12,211,495,495,100.0
0.85,monotonic,all_concepts,26,113,136,136,100.0
0.85,monotonic,all_concepts,25,203,224,224,100.0
0.85,monotonic,all_concepts,16,29,83,83,100.0
0.85,monotonic,all_concepts,29,63,108,108,100.0
0.85,monotonic,all_concepts,38,8,22,22,100.0
0.85,monotonic,all_concepts,28,49,157,157,100.0
0.85,monotonic,all_concepts,36,33,61,61,100.0
0.85,monotonic,all_concepts,7,101,140,140,100.0
0.85,monotonic,all_concepts,39,9,31,31,100.0
0.85,both,all_concepts,18,87,167,167,100.0
0.85,both,all_concepts,26,134,385,385,100.0
0.85,both,all_concepts,10,110,278,278,100.0
0.85,both,all_concepts,33,421,522,522,100.0
0.85,both,all_concepts,11,257,465,465,100.0
0.85,both,all_concepts,15,278,622,622,100.0
0.85,both,all_concepts,20,240,520,520,100.0
0.85,both,all_concepts,3,363,735,735,100.0
0.85,both,all_concepts,12,439,557,557,100.0
0.85,both,all_concepts,6,515,1739,1739,100.0
0.85,both,all_concepts,5,411,974,974,100.0
0.85,both,all_concepts,36,95,168,168,100.0
0.85,both,all_concepts,23,369,849,849,100.0
0.85,both,all_concepts,4,568,1062,1062,100.0
0.85,both,all_concepts,24,280,768,768,100.0
0.85,both,all_concepts,2,463,1156,1156,100.0
0.85,both,all_concepts,8,274,717,717,100.0
0.85,both,all_concepts,39,151,411,411,100.0
0.85,both,all_concepts,16,257,646,646,100.0
0.85,both,all_concepts,21,41,46,46,100.0
0.85,both,all_concepts,28,90,199,199,100.0
0.85,both,all_concepts,13,174,426,426,100.0
0.85,both,all_concepts,27,71,73,73,100.0
0.85,both,all_concepts,9,62,84,84,100.0
0.85,both,all_concepts,31,136,158,158,100.0
0.85,both,all_concepts,0,240,479,479,100.0
0.85,both,all_concepts,1,101,191,191,100.0
0.85,both,all_concepts,25,197,258,258,100.0
0.85,both,all_concepts,32,65,141,141,100.0
0.85,both,all_concepts,7,76,173,173,100.0
0.85,both,all_concepts,38,31,88,88,100.0
0.85,both,all_concepts,17,49,88,88,100.0
0.85,both,all_concepts,30,49,155,155,100.0
0.85,both,all_concepts,14,115,147,147,100.0
0.85,both,all_concepts,37,44,46,46,100.0
0.85,both,all_concepts,19,13,32,32,100.0
0.85,both,all_concepts,35,9,14,14,100.0
0.85,both,all_concepts,29,9,18,18,100.0
0.85,both,all_concepts,22,9,31,31,100.0
0.85,both,all_concepts,34,4,11,11,100.0
0.9,unconstrained,all_concepts,29,116,281,281,100.0
0.9,unconstrained,all_concepts,24,114,285,285,100.0
0.9,unconstrained,all_concepts,13,240,514,514,100.0
0.9,unconstrained,all_concepts,18,146,391,391,100.0
0.9,unconstrained,all_concepts,8,174,350,350,100.0
0.9,unconstrained,all_concepts,10,290,384,384,100.0
0.9,unconstrained,all_concepts,2,265,527,527,100.0
0.9,unconstrained,all_concepts,16,322,449,449,100.0
0.9,unconstrained,all_concepts,9,341,792,792,100.0
0.9,unconstrained,all_concepts,3,44,102,102,100.0
0.9,unconstrained,all_concepts,36,250,703,703,100.0
0.9,unconstrained,all_concepts,5,109,222,222,100.0
0.9,unconstrained,all_concepts,26,238,646,646,100.0
0.9,unconstrained,all_concepts,11,432,1224,1224,100.0
0.9,unconstrained,all_concepts,14,256,605,605,100.0
0.9,unconstrained,all_concepts,4,142,270,270,100.0
0.9,unconstrained,all_concepts,7,265,714,714,100.0
0.9,unconstrained,all_concepts,0,323,871,871,100.0
0.9,unconstrained,all_concepts,22,393,475,475,100.0
0.9,unconstrained,all_concepts,15,52,170,170,100.0
0.9,unconstrained,all_concepts,34,244,720,720,100.0
0.9,unconstrained,all_concepts,21,72,78,78,100.0
0.9,unconstrained,all_concepts,25,150,193,193,100.0
0.9,unconstrained,all_concepts,17,126,252,252,100.0
0.9,unconstrained,all_concepts,38,37,85,85,100.0
0.9,unconstrained,all_concepts,12,277,810,810,100.0
0.9,unconstrained,all_concepts,1,188,321,321,100.0
0.9,unconstrained,all_concepts,35,100,290,290,100.0
0.9,unconstrained,all_concepts,27,114,121,121,100.0
0.9,unconstrained,all_concepts,23,19,56,56,100.0
0.9,unconstrained,all_concepts,6,115,270,270,100.0
0.9,unconstrained,all_concepts,20,12,41,41,100.0
0.9,unconstrained,all_concepts,19,116,276,276,100.0
0.9,unconstrained,all_concepts,30,28,50,50,100.0
0.9,unconstrained,all_concepts,39,4,16,16,100.0
0.9,unconstrained,all_concepts,32,21,23,23,100.0
0.9,unconstrained,all_concepts,33,39,39,39,100.0
0.9,unconstrained,all_concepts,31,7,16,16,100.0
0.9,unconstrained,all_concepts,28,16,41,41,100.0
0.9,unconstrained,all_concepts,37,2,14,14,100.0
0.9,single_risk,all_concepts,1,212,383,383,100.0
0.9,single_risk,all_concepts,10,158,421,421,100.0
0.9,single_risk,all_concepts,15,96,250,250,100.0
0.9,single_risk,all_concepts,13,132,378,378,100.0
0.9,single_risk,all_concepts,27,43,128,128,100.0
0.9,single_risk,all_concepts,9,246,498,498,100.0
0.9,single_risk,all_concepts,19,196,268,268,100.0
0.9,single_risk,all_concepts,18,341,975,975,100.0
0.9,single_risk,all_concepts,14,380,457,457,100.0
0.9,single_risk,all_concepts,38,252,758,758,100.0
0.9,single_risk,all_concepts,7,115,231,231,100.0
0.9,single_risk,all_concepts,0,305,855,855,100.0
0.9,single_risk,all_concepts,22,358,1122,1122,100.0
0.9,single_risk,all_concepts,28,187,422,422,100.0
0.9,single_risk,all_concepts,29,189,488,488,100.0
0.9,single_risk,all_concepts,25,190,514,514,100.0
0.9,single_risk,all_concepts,6,236,513,513,100.0
0.9,single_risk,all_concepts,32,48,167,167,100.0
0.9,single_risk,all_concepts,26,173,487,487,100.0
0.9,single_risk,all_concepts,8,43,54,54,100.0
0.9,single_risk,all_concepts,11,153,182,182,100.0
0.9,single_risk,all_concepts,24,100,115,115,100.0
0.9,single_risk,all_concepts,16,183,284,284,100.0
0.9,single_risk,all_concepts,17,175,435,435,100.0
0.9,single_risk,all_concepts,3,160,306,306,100.0
0.9,single_risk,all_concepts,37,184,501,501,100.0
0.9,single_risk,all_concepts,5,181,252,252,100.0
0.9,single_risk,all_concepts,36,82,244,244,100.0
0.9,single_risk,all_concepts,30,64,132,132,100.0
0.9,single_risk,all_concepts,2,37,106,106,100.0
0.9,single_risk,all_concepts,4,178,312,312,100.0
0.9,single_risk,all_concepts,20,12,36,36,100.0
0.9,single_risk,all_concepts,12,120,288,288,100.0
0.9,single_risk,all_concepts,23,22,36,36,100.0
0.9,single_risk,all_concepts,39,4,16,16,100.0
0.9,single_risk,all_concepts,21,70,137,137,100.0
0.9,single_risk,all_concepts,34,15,32,32,100.0
0.9,single_risk,all_concepts,35,4,13,13,100.0
0.9,single_risk,all_concepts,33,24,24,24,100.0
0.9,single_risk,all_concepts,31,7,16,16,100.0
0.9,monotonic,all_concepts,23,58,159,159,100.0
0.9,monotonic,all_concepts,10,150,414,414,100.0
0.9,monotonic,all_concepts,22,85,224,224,100.0
0.9,monotonic,all_concepts,2,151,414,414,100.0
0.9,monotonic,all_concepts,25,46,135,135,100.0
0.9,monotonic,all_concepts,20,250,341,341,100.0
0.9,monotonic,all_concepts,36,212,428,428,100.0
0.9,monotonic,all_concepts,16,226,487,487,100.0
0.9,monotonic,all_concepts,28,224,487,487,100.0
0.9,monotonic,all_concepts,5,399,1179,1179,100.0
0.9,monotonic,all_concepts,0,31,68,68,100.0
0.9,monotonic,all_concepts,9,211,583,583,100.0
0.9,monotonic,all_concepts,34,73,134,134,100.0
0.9,monotonic,all_concepts,1,389,1192,1192,100.0
0.9,monotonic,all_concepts,18,272,792,792,100.0
0.9,monotonic,all_concepts,27,214,536,536,100.0
0.9,monotonic,all_concepts,15,186,511,511,100.0
0.9,monotonic,all_concepts,4,280,764,764,100.0
0.9,monotonic,all_concepts,14,400,477,477,100.0
0.9,monotonic,all_concepts,33,43,161,161,100.0
0.9,monotonic,all_concepts,13,271,733,733,100.0
0.9,monotonic,all_concepts,26,51,62,62,100.0
0.9,monotonic,all_concepts,11,113,123,123,100.0
0.9,monotonic,all_concepts,17,173,298,298,100.0
0.9,monotonic,all_concepts,19,129,345,345,100.0
0.9,monotonic,all_concepts,6,138,277,277,100.0
0.9,monotonic,all_concepts,3,191,258,258,100.0
0.9,monotonic,all_concepts,30,80,243,243,100.0
0.9,monotonic,all_concepts,8,61,69,69,100.0
0.9,monotonic,all_concepts,37,22,22,22,100.0
0.9,monotonic,all_concepts,12,75,174,174,100.0
0.9,monotonic,all_concepts,24,34,90,90,100.0
0.9,monotonic,all_concepts,7,100,206,206,100.0
0.9,monotonic,all_concepts,21,26,45,45,100.0
0.9,monotonic,all_concepts,39,4,16,16,100.0
0.9,monotonic,all_concepts,29,18,36,36,100.0
0.9,monotonic,all_concepts,38,5,11,11,100.0
0.9,monotonic,all_concepts,35,31,58,58,100.0
0.9,monotonic,all_concepts,32,8,25,25,100.0
0.9,monotonic,all_concepts,31,29,29,29,100.0
0.9,both,all_concepts,33,55,145,145,100.0
0.9,both,all_concepts,4,137,430,430,100.0
0.9,both,all_concepts,15,250,553,553,100.0
0.9,both,all_concepts,10,133,369,369,100.0
0.9,both,all_concepts,22,52,151,151,100.0
0.9,both,all_concepts,20,214,314,314,100.0
0.9,both,all_concepts,16,214,436,436,100.0
0.9,both,all_concepts,2,245,555,555,100.0
0.9,both,all_concepts,19,293,668,668,100.0
0.9,both,all_concepts,12,367,433,433,100.0
0.9,both,all_concepts,32,210,552,552,100.0
0.9,both,all_concepts,1,172,349,349,100.0
0.9,both,all_concepts,14,230,614,614,100.0
0.9,both,all_concepts,7,364,1167,1167,100.0
0.9,both,all_concepts,18,195,495,495,100.0
0.9,both,all_concepts,11,174,487,487,100.0
0.9,both,all_concepts,3,303,899,899,100.0
0.9,both,all_concepts,38,142,241,241,100.0
0.9,both,all_concepts,26,43,158,158,100.0
0.9,both,all_concepts,0,270,717,717,100.0
0.9,both,all_concepts,17,42,52,52,100.0
0.9,both,all_concepts,37,39,40,40,100.0
0.9,both,all_concepts,39,84,95,95,100.0
0.9,both,all_concepts,9,145,310,310,100.0
0.9,both,all_concepts,6,217,658,658,100.0
0.9,both,all_concepts,29,182,238,238,100.0
0.9,both,all_concepts,8,84,253,253,100.0
0.9,both,all_concepts,28,52,55,55,100.0
0.9,both,all_concepts,5,83,201,201,100.0
0.9,both,all_concepts,25,66,180,180,100.0
0.9,both,all_concepts,24,12,40,40,100.0
0.9,both,all_concepts,21,22,36,36,100.0
0.9,both,all_concepts,30,68,101,101,100.0
0.9,both,all_concepts,23,4,16,16,100.0
0.9,both,all_concepts,13,82,179,179,100.0
0.9,both,all_concepts,35,16,38,38,100.0
0.9,both,all_concepts,27,19,19,19,100.0
0.9,both,all_concepts,36,45,61,61,100.0
0.9,both,all_concepts,34,18,42,42,100.0
0.9,both,all_concepts,31,17,17,17,100.0
0.95,unconstrained,all_concepts,21,170,306,306,100.0
0.95,unconstrained,all_concepts,10,125,348,348,100.0
0.95,unconstrained,all_concepts,11,65,177,177,100.0
0.95,unconstrained,all_concepts,1,126,378,378,100.0
0.95,unconstrained,all_concepts,25,34,120,120,100.0
0.95,unconstrained,all_concepts,33,198,427,427,100.0
0.95,unconstrained,all_concepts,4,331,447,447,100.0
0.95,unconstrained,all_concepts,0,430,1427,1427,100.0
0.95,unconstrained,all_concepts,38,9,18,18,100.0
0.95,unconstrained,all_concepts,13,378,457,457,100.0
0.95,unconstrained,all_concepts,9,305,1017,1017,100.0
0.95,unconstrained,all_concepts,26,90,168,168,100.0
0.95,unconstrained,all_concepts,14,232,615,615,100.0
0.95,unconstrained,all_concepts,24,217,496,496,100.0
0.95,unconstrained,all_concepts,6,232,495,495,100.0
0.95,unconstrained,all_concepts,19,178,491,491,100.0
0.95,unconstrained,all_concepts,7,246,601,601,100.0
0.95,unconstrained,all_concepts,16,210,735,735,100.0
0.95,unconstrained,all_concepts,39,129,379,379,100.0
0.95,unconstrained,all_concepts,20,127,271,271,100.0
0.95,unconstrained,all_concepts,5,181,371,371,100.0
0.95,unconstrained,all_concepts,18,69,236,236,100.0
0.95,unconstrained,all_concepts,15,84,186,186,100.0
0.95,unconstrained,all_concepts,8,79,120,120,100.0
0.95,unconstrained,all_concepts,34,41,56,56,100.0
0.95,unconstrained,all_concepts,17,38,84,84,100.0
0.95,unconstrained,all_concepts,35,109,138,138,100.0
0.95,unconstrained,all_concepts,2,173,484,484,100.0
0.95,unconstrained,all_concepts,12,83,158,158,100.0
0.95,unconstrained,all_concepts,3,121,294,294,100.0
0.95,unconstrained,all_concepts,27,22,42,42,100.0
0.95,unconstrained,all_concepts,30,36,66,66,100.0
0.95,unconstrained,all_concepts,23,4,16,16,100.0
0.95,unconstrained,all_concepts,29,43,94,94,100.0
0.95,unconstrained,all_concepts,22,18,39,39,100.0
0.95,unconstrained,all_concepts,28,19,22,22,100.0
0.95,unconstrained,all_concepts,37,21,80,80,100.0
0.95,unconstrained,all_concepts,31,6,15,15,100.0
0.95,unconstrained,all_concepts,36,1,7,7,100.0
0.95,unconstrained,all_concepts,32,1,3,3,100.0
0.95,single_risk,all_concepts,14,154,285,285,100.0
0.95,single_risk,all_concepts,0,132,400,400,100.0
0.95,single_risk,all_concepts,5,71,187,187,100.0
0.95,single_risk,all_concepts,25,129,367,367,100.0
0.95,single_risk,all_concepts,35,43,139,139,100.0
0.95,single_risk,all_concepts,28,177,383,383,100.0
0.95,single_risk,all_concepts,17,170,253,253,100.0
0.95,single_risk,all_concepts,2,423,1045,1045,100.0
0.95,single_risk,all_concepts,20,386,464,464,100.0
0.95,single_risk,all_concepts,4,273,927,927,100.0
0.95,single_risk,all_concepts,27,71,132,132,100.0
0.95,single_risk,all_concepts,33,145,358,358,100.0
0.95,single_risk,all_concepts,7,188,537,537,100.0
0.95,single_risk,all_concepts,13,173,488,488,100.0
0.95,single_risk,all_concepts,6,279,764,764,100.0
0.95,single_risk,all_concepts,1,190,366,366,100.0
0.95,single_risk,all_concepts,15,201,713,713,100.0
0.95,single_risk,all_concepts,38,164,491,491,100.0
0.95,single_risk,all_concepts,12,135,235,235,100.0
0.95,single_risk,all_concepts,11,96,223,223,100.0
0.95,single_risk,all_concepts,10,278,835,835,100.0
0.95,single_risk,all_concepts,19,65,98,98,100.0
0.95,single_risk,all_concepts,36,28,66,66,100.0
0.95,single_risk,all_concepts,9,95,196,196,100.0
0.95,single_risk,all_concepts,39,76,257,257,100.0
0.95,single_risk,all_concepts,26,47,70,70,100.0
0.95,single_risk,all_concepts,32,54,73,73,100.0
0.95,single_risk,all_concepts,30,19,64,64,100.0
0.95,single_risk,all_concepts,18,112,227,227,100.0
0.95,single_risk,all_concepts,8,115,222,222,100.0
0.95,single_risk,all_concepts,21,12,38,38,100.0
0.95,single_risk,all_concepts,29,9,14,14,100.0
0.95,single_risk,all_concepts,3,143,354,354,100.0
0.95,single_risk,all_concepts,24,30,59,59,100.0
0.95,single_risk,all_concepts,23,4,16,16,100.0
0.95,single_risk,all_concepts,22,155,213,213,100.0
0.95,single_risk,all_concepts,16,35,57,57,100.0
0.95,single_risk,all_concepts,31,19,22,22,100.0
0.95,single_risk,all_concepts,37,55,71,71,100.0
0.95,single_risk,all_concepts,34,21,26,26,100.0
0.95,monotonic,all_concepts,11,242,506,506,100.0
0.95,monotonic,all_concepts,3,188,414,414,100.0
0.95,monotonic,all_concepts,14,98,309,309,100.0
0.95,monotonic,all_concepts,15,66,173,173,100.0
0.95,monotonic,all_concepts,10,124,367,367,100.0
0.95,monotonic,all_concepts,36,36,123,123,100.0
0.95,monotonic,all_concepts,28,183,397,397,100.0
0.95,monotonic,all_concepts,32,156,203,203,100.0
0.95,monotonic,all_concepts,0,352,1127,1127,100.0
0.95,monotonic,all_concepts,30,46,104,104,100.0
0.95,monotonic,all_concepts,4,322,1042,1042,100.0
0.95,monotonic,all_concepts,21,73,133,133,100.0
0.95,monotonic,all_concepts,29,276,982,982,100.0
0.95,monotonic,all_concepts,12,161,385,385,100.0
0.95,monotonic,all_concepts,38,139,394,394,100.0
0.95,monotonic,all_concepts,1,289,496,496,100.0
0.95,monotonic,all_concepts,20,81,193,193,100.0
0.95,monotonic,all_concepts,9,407,493,493,100.0
0.95,monotonic,all_concepts,27,41,150,150,100.0
0.95,monotonic,all_concepts,7,233,629,629,100.0
0.95,monotonic,all_concepts,13,116,176,176,100.0
0.95,monotonic,all_concepts,25,132,192,192,100.0
0.95,monotonic,all_concepts,8,105,257,257,100.0
0.95,monotonic,all_concepts,2,210,517,517,100.0
0.95,monotonic,all_concepts,18,82,264,264,100.0
0.95,monotonic,all_concepts,16,44,69,69,100.0
0.95,monotonic,all_concepts,22,63,179,179,100.0
0.95,monotonic,all_concepts,6,202,365,365,100.0
0.95,monotonic,all_concepts,17,5,15,15,100.0
0.95,monotonic,all_concepts,26,11,37,37,100.0
0.95,monotonic,all_concepts,5,123,297,297,100.0
0.95,monotonic,all_concepts,33,22,38,38,100.0
0.95,monotonic,all_concepts,24,60,126,126,100.0
0.95,monotonic,all_concepts,23,4,16,16,100.0
0.95,monotonic,all_concepts,37,35,86,86,100.0
0.95,monotonic,all_concepts,34,42,88,88,100.0
0.95,monotonic,all_concepts,19,31,47,47,100.0
0.95,monotonic,all_concepts,39,21,21,21,100.0
0.95,monotonic,all_concepts,35,20,43,43,100.0
0.95,monotonic,all_concepts,31,21,32,32,100.0
0.95,both,all_concepts,27,239,498,498,100.0
0.95,both,all_concepts,12,132,275,275,100.0
0.95,both,all_concepts,14,96,299,299,100.0
0.95,both,all_concepts,28,97,250,250,100.0
0.95,both,all_concepts,19,115,345,345,100.0
0.95,both,all_concepts,29,38,125,125,100.0
0.95,both,all_concepts,5,201,537,537,100.0
0.95,both,all_concepts,31,190,307,307,100.0
0.95,both,all_concepts,17,196,417,417,100.0
0.95,both,all_concepts,9,187,301,301,100.0
0.95,both,all_concepts,4,32,66,66,100.0
0.95,both,all_concepts,3,423,510,510,100.0
0.95,both,all_concepts,7,329,1006,1006,100.0
0.95,both,all_concepts,24,77,138,138,100.0
0.95,both,all_concepts,0,159,427,427,100.0
0.95,both,all_concepts,15,184,538,538,100.0
0.95,both,all_concepts,1,211,480,480,100.0
0.95,both,all_concepts,8,180,332,332,100.0
0.95,both,all_concepts,11,195,717,717,100.0
0.95,both,all_concepts,34,25,91,91,100.0
0.95,both,all_concepts,21,148,401,401,100.0
0.95,both,all_concepts,10,153,264,264,100.0
0.95,both,all_concepts,13,98,197,197,100.0
0.95,both,all_concepts,2,264,794,794,100.0
0.95,both,all_concepts,36,169,472,472,100.0
0.95,both,all_concepts,26,138,192,192,100.0
0.95,both,all_concepts,38,112,211,211,100.0
0.95,both,all_concepts,37,72,240,240,100.0
0.95,both,all_concepts,32,87,201,201,100.0
0.95,both,all_concepts,30,128,192,192,100.0
0.95,both,all_concepts,39,4,13,13,100.0
0.95,both,all_concepts,33,10,35,35,100.0
0.95,both,all_concepts,18,101,258,258,100.0
0.95,both,all_concepts,20,22,39,39,100.0
0.95,both,all_concepts,22,58,123,123,100.0
0.95,both,all_concepts,23,4,16,16,100.0
0.95,both,all_concepts,6,15,26,26,100.0
0.95,both,all_concepts,16,69,97,97,100.0
0.95,both,all_concepts,35,15,45,45,100.0
0.95,both,all_concepts,25,1,4,4,100.0
EDGE,unconstrained,problem_analysis,4,97,108,108,100.0
EDGE,unconstrained,problem_analysis,32,63,67,67,100.0
EDGE,unconstrained,problem_analysis,13,41,46,46,100.0
EDGE,unconstrained,problem_analysis,14,48,54,54,100.0
EDGE,unconstrained,problem_analysis,21,57,58,58,100.0
EDGE,unconstrained,problem_analysis,28,63,75,75,100.0
EDGE,unconstrained,problem_analysis,12,152,176,176,100.0
EDGE,unconstrained,problem_analysis,36,73,87,87,100.0
EDGE,unconstrained,problem_analysis,5,189,197,197,100.0
EDGE,unconstrained,problem_analysis,10,67,75,75,100.0
EDGE,unconstrained,problem_analysis,25,47,51,51,100.0
EDGE,unconstrained,problem_analysis,38,53,61,61,100.0
EDGE,unconstrained,problem_analysis,19,98,101,101,100.0
EDGE,unconstrained,problem_analysis,34,71,74,74,100.0
EDGE,unconstrained,problem_analysis,23,28,31,31,100.0
EDGE,unconstrained,problem_analysis,20,83,87,87,100.0
EDGE,unconstrained,problem_analysis,35,97,117,117,100.0
EDGE,unconstrained,problem_analysis,31,57,58,58,100.0
EDGE,unconstrained,problem_analysis,0,100,112,112,100.0
EDGE,unconstrained,problem_analysis,26,75,89,89,100.0
EDGE,unconstrained,problem_analysis,8,83,86,86,100.0
EDGE,unconstrained,problem_analysis,27,42,46,46,100.0
EDGE,unconstrained,problem_analysis,17,36,37,37,100.0
EDGE,unconstrained,problem_analysis,33,20,20,20,100.0
EDGE,unconstrained,problem_analysis,9,83,87,87,100.0
EDGE,unconstrained,problem_analysis,37,23,26,26,100.0
EDGE,unconstrained,problem_analysis,16,46,49,49,100.0
EDGE,unconstrained,problem_analysis,1,52,58,58,100.0
EDGE,unconstrained,problem_analysis,2,35,39,39,100.0
EDGE,unconstrained,problem_analysis,24,29,29,29,100.0
EDGE,unconstrained,problem_analysis,6,22,24,24,100.0
EDGE,unconstrained,problem_analysis,18,31,32,32,100.0
EDGE,unconstrained,problem_analysis,11,63,66,66,100.0
EDGE,unconstrained,problem_analysis,7,78,84,84,100.0
EDGE,unconstrained,problem_analysis,22,21,22,22,100.0
EDGE,unconstrained,problem_analysis,3,31,31,31,100.0
EDGE,unconstrained,problem_analysis,15,11,11,11,100.0
EDGE,unconstrained,problem_analysis,29,42,43,43,100.0
EDGE,unconstrained,problem_analysis,39,10,10,10,100.0
EDGE,unconstrained,problem_analysis,30,6,7,7,100.0
EDGE,single_risk,problem_analysis,5,107,117,117,100.0
EDGE,single_risk,problem_analysis,20,27,30,30,100.0
EDGE,single_risk,problem_analysis,13,50,55,55,100.0
EDGE,single_risk,problem_analysis,8,57,61,61,100.0
EDGE,single_risk,problem_analysis,14,43,50,50,100.0
EDGE,single_risk,problem_analysis,11,54,55,55,100.0
EDGE,single_risk,problem_analysis,23,60,72,72,100.0
EDGE,single_risk,problem_analysis,25,151,176,176,100.0
EDGE,single_risk,problem_analysis,31,57,66,66,100.0
EDGE,single_risk,problem_analysis,12,181,190,190,100.0
EDGE,single_risk,problem_analysis,18,61,67,67,100.0
EDGE,single_risk,problem_analysis,26,43,46,46,100.0
EDGE,single_risk,problem_analysis,2,56,64,64,100.0
EDGE,single_risk,problem_analysis,16,96,99,99,100.0
EDGE,single_risk,problem_analysis,38,71,73,73,100.0
EDGE,single_risk,problem_analysis,21,31,34,34,100.0
EDGE,single_risk,problem_analysis,22,85,88,88,100.0
EDGE,single_risk,problem_analysis,0,134,153,153,100.0
EDGE,single_risk,problem_analysis,39,53,53,53,100.0
EDGE,single_risk,problem_analysis,32,95,107,107,100.0
EDGE,single_risk,problem_analysis,27,88,101,101,100.0
EDGE,single_risk,problem_analysis,28,48,53,53,100.0
EDGE,single_risk,problem_analysis,29,44,45,45,100.0
EDGE,single_risk,problem_analysis,19,45,48,48,100.0
EDGE,single_risk,problem_analysis,1,118,128,128,100.0
EDGE,single_risk,problem_analysis,4,37,39,39,100.0
EDGE,single_risk,problem_analysis,35,18,18,18,100.0
EDGE,single_risk,problem_analysis,24,55,56,56,100.0
EDGE,single_risk,problem_analysis,7,59,65,65,100.0
EDGE,single_risk,problem_analysis,15,18,18,18,100.0
EDGE,single_risk,problem_analysis,6,35,39,39,100.0
EDGE,single_risk,problem_analysis,30,26,26,26,100.0
EDGE,single_risk,problem_analysis,17,36,37,37,100.0
EDGE,single_risk,problem_analysis,10,70,74,74,100.0
EDGE,single_risk,problem_analysis,37,27,28,28,100.0
EDGE,single_risk,problem_analysis,3,19,20,20,100.0
EDGE,single_risk,problem_analysis,9,9,10,10,100.0
EDGE,single_risk,problem_analysis,33,9,10,10,100.0
EDGE,single_risk,problem_analysis,34,5,5,5,100.0
EDGE,single_risk,problem_analysis,36,5,5,5,100.0
EDGE,monotonic,problem_analysis,6,113,129,129,100.0
EDGE,monotonic,problem_analysis,18,34,37,37,100.0
EDGE,monotonic,problem_analysis,9,47,52,52,100.0
EDGE,monotonic,problem_analysis,2,150,157,157,100.0
EDGE,monotonic,problem_analysis,5,62,66,66,100.0
EDGE,monotonic,problem_analysis,32,50,56,56,100.0
EDGE,monotonic,problem_analysis,11,59,60,60,100.0
EDGE,monotonic,problem_analysis,28,52,54,54,100.0
EDGE,monotonic,problem_analysis,26,144,168,168,100.0
EDGE,monotonic,problem_analysis,33,57,67,67,100.0
EDGE,monotonic,problem_analysis,24,159,167,167,100.0
EDGE,monotonic,problem_analysis,7,58,65,65,100.0
EDGE,monotonic,problem_analysis,13,67,75,75,100.0
EDGE,monotonic,problem_analysis,35,94,97,97,100.0
EDGE,monotonic,problem_analysis,22,16,19,19,100.0
EDGE,monotonic,problem_analysis,30,84,93,93,100.0
EDGE,monotonic,problem_analysis,27,58,59,59,100.0
EDGE,monotonic,problem_analysis,17,80,90,90,100.0
EDGE,monotonic,problem_analysis,16,89,105,105,100.0
EDGE,monotonic,problem_analysis,25,48,53,53,100.0
EDGE,monotonic,problem_analysis,29,46,55,55,100.0
EDGE,monotonic,problem_analysis,20,48,53,53,100.0
EDGE,monotonic,problem_analysis,0,93,97,97,100.0
EDGE,monotonic,problem_analysis,21,36,39,39,100.0
EDGE,monotonic,problem_analysis,39,18,18,18,100.0
EDGE,monotonic,problem_analysis,14,68,72,72,100.0
EDGE,monotonic,problem_analysis,8,32,35,35,100.0
EDGE,monotonic,problem_analysis,12,59,64,64,100.0
EDGE,monotonic,problem_analysis,36,25,28,28,100.0
EDGE,monotonic,problem_analysis,3,32,36,36,100.0
EDGE,monotonic,problem_analysis,31,28,28,28,100.0
EDGE,monotonic,problem_analysis,34,34,35,35,100.0
EDGE,monotonic,problem_analysis,15,55,56,56,100.0
EDGE,monotonic,problem_analysis,1,31,32,32,100.0
EDGE,monotonic,problem_analysis,4,67,70,70,100.0
EDGE,monotonic,problem_analysis,38,14,14,14,100.0
EDGE,monotonic,problem_analysis,37,9,9,9,100.0
EDGE,monotonic,problem_analysis,19,12,13,13,100.0
EDGE,monotonic,problem_analysis,23,4,4,4,100.0
EDGE,monotonic,problem_analysis,10,3,3,3,100.0
EDGE,both,problem_analysis,6,113,129,129,100.0
EDGE,both,problem_analysis,18,34,37,37,100.0
EDGE,both,problem_analysis,9,47,52,52,100.0
EDGE,both,problem_analysis,2,150,157,157,100.0
EDGE,both,problem_analysis,5,62,66,66,100.0
EDGE,both,problem_analysis,32,50,56,56,100.0
EDGE,both,problem_analysis,11,59,60,60,100.0
EDGE,both,problem_analysis,28,52,54,54,100.0
EDGE,both,problem_analysis,26,144,168,168,100.0
EDGE,both,problem_analysis,33,57,67,67,100.0
EDGE,both,problem_analysis,24,159,167,167,100.0
EDGE,both,problem_analysis,7,58,65,65,100.0
EDGE,both,problem_analysis,13,67,75,75,100.0
EDGE,both,problem_analysis,35,94,97,97,100.0
EDGE,both,problem_analysis,22,16,19,19,100.0
EDGE,both,problem_analysis,30,84,93,93,100.0
EDGE,both,problem_analysis,27,58,59,59,100.0
EDGE,both,problem_analysis,17,80,90,90,100.0
EDGE,both,problem_analysis,16,89,105,105,100.0
EDGE,both,problem_analysis,25,48,53,53,100.0
EDGE,both,problem_analysis,29,46,55,55,100.0
EDGE,both,problem_analysis,20,48,53,53,100.0
EDGE,both,problem_analysis,0,93,97,97,100.0
EDGE,both,problem_analysis,21,36,39,39,100.0
EDGE,both,problem_analysis,39,18,18,18,100.0
EDGE,both,problem_analysis,14,68,72,72,100.0
EDGE,both,problem_analysis,8,32,35,35,100.0
EDGE,both,problem_analysis,12,59,64,64,100.0
EDGE,both,problem_analysis,36,25,28,28,100.0
EDGE,both,problem_analysis,3,32,36,36,100.0
EDGE,both,problem_analysis,31,28,28,28,100.0
EDGE,both,problem_analysis,34,34,35,35,100.0
EDGE,both,problem_analysis,15,55,56,56,100.0
EDGE,both,problem_analysis,1,31,32,32,100.0
EDGE,both,problem_analysis,4,67,70,70,100.0
EDGE,both,problem_analysis,38,14,14,14,100.0
EDGE,both,problem_analysis,37,9,9,9,100.0
EDGE,both,problem_analysis,19,12,13,13,100.0
EDGE,both,problem_analysis,23,4,4,4,100.0
EDGE,both,problem_analysis,10,3,3,3,100.0
0.8,unconstrained,problem_analysis,1,321,330,330,100.0
0.8,unconstrained,problem_analysis,27,109,115,115,100.0
0.8,unconstrained,problem_analysis,7,183,210,210,100.0
0.8,unconstrained,problem_analysis,2,78,90,90,100.0
0.8,unconstrained,problem_analysis,3,467,487,487,100.0
0.8,unconstrained,problem_analysis,30,546,592,592,100.0
0.8,unconstrained,problem_analysis,12,151,165,165,100.0
0.8,unconstrained,problem_analysis,19,109,115,115,100.0
0.8,unconstrained,problem_analysis,32,131,137,137,100.0
0.8,unconstrained,problem_analysis,20,282,328,328,100.0
0.8,unconstrained,problem_analysis,31,196,205,205,100.0
0.8,unconstrained,problem_analysis,25,116,117,117,100.0
0.8,unconstrained,problem_analysis,26,106,109,109,100.0
0.8,unconstrained,problem_analysis,22,30,30,30,100.0
0.8,unconstrained,problem_analysis,16,197,199,199,100.0
0.8,unconstrained,problem_analysis,0,525,633,633,100.0
0.8,unconstrained,problem_analysis,10,303,352,352,100.0
0.8,unconstrained,problem_analysis,9,112,116,116,100.0
0.8,unconstrained,problem_analysis,15,164,173,173,100.0
0.8,unconstrained,problem_analysis,34,79,79,79,100.0
0.8,unconstrained,problem_analysis,23,19,19,19,100.0
0.8,unconstrained,problem_analysis,13,208,242,242,100.0
0.8,unconstrained,problem_analysis,5,159,165,165,100.0
0.8,unconstrained,problem_analysis,8,44,44,44,100.0
0.8,unconstrained,problem_analysis,6,437,565,565,100.0
0.8,unconstrained,problem_analysis,37,99,103,103,100.0
0.8,unconstrained,problem_analysis,17,204,251,251,100.0
0.8,unconstrained,problem_analysis,4,122,128,128,100.0
0.8,unconstrained,problem_analysis,33,22,23,23,100.0
0.8,unconstrained,problem_analysis,14,283,325,325,100.0
0.8,unconstrained,problem_analysis,18,103,110,110,100.0
0.8,unconstrained,problem_analysis,11,95,97,97,100.0
0.8,unconstrained,problem_analysis,21,311,328,328,100.0
0.8,unconstrained,problem_analysis,39,42,47,47,100.0
0.8,unconstrained,problem_analysis,36,81,86,86,100.0
0.8,unconstrained,problem_analysis,28,21,23,23,100.0
0.8,unconstrained,problem_analysis,38,70,86,86,100.0
0.8,unconstrained,problem_analysis,29,39,40,40,100.0
0.8,unconstrained,problem_analysis,24,8,8,8,100.0
0.8,unconstrained,problem_analysis,35,16,16,16,100.0
0.8,single_risk,problem_analysis,38,328,344,344,100.0
0.8,single_risk,problem_analysis,16,225,230,230,100.0
0.8,single_risk,problem_analysis,4,127,146,146,100.0
0.8,single_risk,problem_analysis,13,76,84,84,100.0
0.8,single_risk,problem_analysis,3,159,166,166,100.0
0.8,single_risk,problem_analysis,17,47,52,52,100.0
0.8,single_risk,problem_analysis,1,335,391,391,100.0
0.8,single_risk,problem_analysis,20,160,165,165,100.0
0.8,single_risk,problem_analysis,29,86,87,87,100.0
0.8,single_risk,problem_analysis,11,113,117,117,100.0
0.8,single_risk,problem_analysis,8,81,83,83,100.0
0.8,single_risk,problem_analysis,7,187,188,188,100.0
0.8,single_risk,problem_analysis,22,35,37,37,100.0
0.8,single_risk,problem_analysis,15,185,209,209,100.0
0.8,single_risk,problem_analysis,32,92,96,96,100.0
0.8,single_risk,problem_analysis,0,432,511,511,100.0
0.8,single_risk,problem_analysis,18,124,136,136,100.0
0.8,single_risk,problem_analysis,39,252,265,265,100.0
0.8,single_risk,problem_analysis,35,48,54,54,100.0
0.8,single_risk,problem_analysis,9,107,117,117,100.0
0.8,single_risk,problem_analysis,5,158,178,178,100.0
0.8,single_risk,problem_analysis,2,188,208,208,100.0
0.8,single_risk,problem_analysis,10,237,299,299,100.0
0.8,single_risk,problem_analysis,14,128,153,153,100.0
0.8,single_risk,problem_analysis,12,101,104,104,100.0
0.8,single_risk,problem_analysis,31,39,41,41,100.0
0.8,single_risk,problem_analysis,37,185,206,206,100.0
0.8,single_risk,problem_analysis,6,200,232,232,100.0
0.8,single_risk,problem_analysis,21,52,53,53,100.0
0.8,single_risk,problem_analysis,19,253,257,257,100.0
0.8,single_risk,problem_analysis,33,36,39,39,100.0
0.8,single_risk,problem_analysis,28,31,36,36,100.0
0.8,single_risk,problem_analysis,27,12,13,13,100.0
0.8,single_risk,problem_analysis,24,84,87,87,100.0
0.8,single_risk,problem_analysis,26,60,61,61,100.0
0.8,single_risk,problem_analysis,23,96,101,101,100.0
0.8,single_risk,problem_analysis,25,73,75,75,100.0
0.8,single_risk,problem_analysis,30,2,2,2,100.0
0.8,single_risk,problem_analysis,36,11,13,13,100.0
0.8,single_risk,problem_analysis,34,2,3,3,100.0
0.8,monotonic,problem_analysis,22,274,309,309,100.0
0.8,monotonic,problem_analysis,17,187,203,203,100.0
0.8,monotonic,problem_analysis,6,78,90,90,100.0
0.8,monotonic,problem_analysis,1,199,231,231,100.0
0.8,monotonic,problem_analysis,28,338,367,367,100.0
0.8,monotonic,problem_analysis,24,100,109,109,100.0
0.8,monotonic,problem_analysis,34,133,139,139,100.0
0.8,monotonic,problem_analysis,14,274,313,313,100.0
0.8,monotonic,problem_analysis,11,140,144,144,100.0
0.8,monotonic,problem_analysis,23,94,94,94,100.0
0.8,monotonic,problem_analysis,12,115,119,119,100.0
0.8,monotonic,problem_analysis,4,97,100,100,100.0
0.8,monotonic,problem_analysis,31,168,169,169,100.0
0.8,monotonic,problem_analysis,16,45,47,47,100.0
0.8,monotonic,problem_analysis,35,215,242,242,100.0
0.8,monotonic,problem_analysis,13,245,248,248,100.0
0.8,monotonic,problem_analysis,10,162,177,177,100.0
0.8,monotonic,problem_analysis,33,112,117,117,100.0
0.8,monotonic,problem_analysis,8,439,519,519,100.0
0.8,monotonic,problem_analysis,30,52,52,52,100.0
0.8,monotonic,problem_analysis,20,266,280,280,100.0
0.8,monotonic,problem_analysis,37,71,72,72,100.0
0.8,monotonic,problem_analysis,25,16,16,16,100.0
0.8,monotonic,problem_analysis,2,204,231,231,100.0
0.8,monotonic,problem_analysis,7,284,292,292,100.0
0.8,monotonic,problem_analysis,15,93,107,107,100.0
0.8,monotonic,problem_analysis,0,247,320,320,100.0
0.8,monotonic,problem_analysis,29,108,111,111,100.0
0.8,monotonic,problem_analysis,18,93,97,97,100.0
0.8,monotonic,problem_analysis,9,202,230,230,100.0
0.8,monotonic,problem_analysis,3,78,80,80,100.0
0.8,monotonic,problem_analysis,21,32,37,37,100.0
0.8,monotonic,problem_analysis,19,5,5,5,100.0
0.8,monotonic,problem_analysis,38,73,74,74,100.0
0.8,monotonic,problem_analysis,5,23,24,24,100.0
0.8,monotonic,problem_analysis,27,95,98,98,100.0
0.8,monotonic,problem_analysis,26,80,81,81,100.0
0.8,monotonic,problem_analysis,32,17,17,17,100.0
0.8,monotonic,problem_analysis,39,9,9,9,100.0
0.8,monotonic,problem_analysis,36,3,3,3,100.0
0.8,both,problem_analysis,0,329,375,375,100.0
0.8,both,problem_analysis,32,55,60,60,100.0
0.8,both,problem_analysis,3,74,84,84,100.0
0.8,both,problem_analysis,25,270,283,283,100.0
0.8,both,problem_analysis,2,79,85,85,100.0
0.8,both,problem_analysis,17,194,219,219,100.0
0.8,both,problem_analysis,11,159,170,170,100.0
0.8,both,problem_analysis,4,135,138,138,100.0
0.8,both,problem_analysis,29,176,195,195,100.0
0.8,both,problem_analysis,23,83,83,83,100.0
0.8,both,problem_analysis,30,103,107,107,100.0
0.8,both,problem_analysis,26,23,23,23,100.0
0.8,both,problem_analysis,7,165,166,166,100.0
0.8,both,problem_analysis,16,110,110,110,100.0
0.8,both,problem_analysis,27,93,97,97,100.0
0.8,both,problem_analysis,18,301,344,344,100.0
0.8,both,problem_analysis,35,166,167,167,100.0
0.8,both,problem_analysis,38,129,141,141,100.0
0.8,both,problem_analysis,8,337,350,350,100.0
0.8,both,problem_analysis,19,236,246,246,100.0
0.8,both,problem_analysis,6,42,47,47,100.0
0.8,both,problem_analysis,13,17,17,17,100.0
0.8,both,problem_analysis,10,106,126,126,100.0
0.8,both,problem_analysis,36,169,186,186,100.0
0.8,both,problem_analysis,9,114,130,130,100.0
0.8,both,problem_analysis,1,253,325,325,100.0
0.8,both,problem_analysis,14,118,126,126,100.0
0.8,both,problem_analysis,24,95,98,98,100.0
0.8,both,problem_analysis,22,115,127,127,100.0
0.8,both,problem_analysis,12,49,51,51,100.0
0.8,both,problem_analysis,15,152,167,167,100.0
0.8,both,problem_analysis,5,87,89,89,100.0
0.8,both,problem_analysis,21,30,35,35,100.0
0.8,both,problem_analysis,39,107,117,117,100.0
0.8,both,problem_analysis,31,90,94,94,100.0
0.8,both,problem_analysis,28,30,33,33,100.0
0.8,both,problem_analysis,34,56,56,56,100.0
0.8,both,problem_analysis,20,18,18,18,100.0
0.8,both,problem_analysis,37,3,3,3,100.0
0.8,both,problem_analysis,33,1,1,1,100.0
0.85,unconstrained,problem_analysis,24,182,216,216,100.0
0.85,unconstrained,problem_analysis,1,254,262,262,100.0
0.85,unconstrained,problem_analysis,2,81,87,87,100.0
0.85,unconstrained,problem_analysis,3,102,111,111,100.0
0.85,unconstrained,problem_analysis,11,458,500,500,100.0
0.85,unconstrained,problem_analysis,6,109,113,113,100.0
0.85,unconstrained,problem_analysis,18,208,236,236,100.0
0.85,unconstrained,problem_analysis,31,252,299,299,100.0
0.85,unconstrained,problem_analysis,26,138,143,143,100.0
0.85,unconstrained,problem_analysis,38,108,111,111,100.0
0.85,unconstrained,problem_analysis,32,99,100,100,100.0
0.85,unconstrained,problem_analysis,13,31,31,31,100.0
0.85,unconstrained,problem_analysis,30,185,187,187,100.0
0.85,unconstrained,problem_analysis,7,75,76,76,100.0
0.85,unconstrained,problem_analysis,23,101,107,107,100.0
0.85,unconstrained,problem_analysis,19,266,305,305,100.0
0.85,unconstrained,problem_analysis,28,51,51,51,100.0
0.85,unconstrained,problem_analysis,4,336,344,344,100.0
0.85,unconstrained,problem_analysis,9,146,168,168,100.0
0.85,unconstrained,problem_analysis,25,110,113,113,100.0
0.85,unconstrained,problem_analysis,14,41,43,43,100.0
0.85,unconstrained,problem_analysis,17,142,156,156,100.0
0.85,unconstrained,problem_analysis,15,203,252,252,100.0
0.85,unconstrained,problem_analysis,36,135,153,153,100.0
0.85,unconstrained,problem_analysis,8,135,150,150,100.0
0.85,unconstrained,problem_analysis,29,18,19,19,100.0
0.85,unconstrained,problem_analysis,16,272,285,285,100.0
0.85,unconstrained,problem_analysis,34,9,9,9,100.0
0.85,unconstrained,problem_analysis,5,178,195,195,100.0
0.85,unconstrained,problem_analysis,35,124,131,131,100.0
0.85,unconstrained,problem_analysis,20,25,26,26,100.0
0.85,unconstrained,problem_analysis,12,131,148,148,100.0
0.85,unconstrained,problem_analysis,21,73,88,88,100.0
0.85,unconstrained,problem_analysis,27,23,23,23,100.0
0.85,unconstrained,problem_analysis,33,105,111,111,100.0
0.85,unconstrained,problem_analysis,37,56,58,58,100.0
0.85,unconstrained,problem_analysis,22,36,37,37,100.0
0.85,unconstrained,problem_analysis,10,95,95,95,100.0
0.85,unconstrained,problem_analysis,0,130,142,142,100.0
0.85,unconstrained,problem_analysis,39,17,17,17,100.0
0.85,single_risk,problem_analysis,31,102,108,108,100.0
0.85,single_risk,problem_analysis,28,33,36,36,100.0
0.85,single_risk,problem_analysis,37,66,72,72,100.0
0.85,single_risk,problem_analysis,24,90,94,94,100.0
0.85,single_risk,problem_analysis,25,30,30,30,100.0
0.85,single_risk,problem_analysis,10,249,268,268,100.0
0.85,single_risk,problem_analysis,2,114,131,131,100.0
0.85,single_risk,problem_analysis,21,256,265,265,100.0
0.85,single_risk,problem_analysis,16,120,143,143,100.0
0.85,single_risk,problem_analysis,4,104,116,116,100.0
0.85,single_risk,problem_analysis,32,119,126,126,100.0
0.85,single_risk,problem_analysis,5,186,209,209,100.0
0.85,single_risk,problem_analysis,34,37,39,39,100.0
0.85,single_risk,problem_analysis,3,233,272,272,100.0
0.85,single_risk,problem_analysis,0,104,115,115,100.0
0.85,single_risk,problem_analysis,19,95,109,109,100.0
0.85,single_risk,problem_analysis,15,190,208,208,100.0
0.85,single_risk,problem_analysis,13,140,158,158,100.0
0.85,single_risk,problem_analysis,11,47,50,50,100.0
0.85,single_risk,problem_analysis,26,122,122,122,100.0
0.85,single_risk,problem_analysis,35,63,68,68,100.0
0.85,single_risk,problem_analysis,7,59,65,65,100.0
0.85,single_risk,problem_analysis,38,115,116,116,100.0
0.85,single_risk,problem_analysis,23,73,74,74,100.0
0.85,single_risk,problem_analysis,14,71,73,73,100.0
0.85,single_risk,problem_analysis,30,34,34,34,100.0
0.85,single_risk,problem_analysis,17,114,131,131,100.0
0.85,single_risk,problem_analysis,12,64,77,77,100.0
0.85,single_risk,problem_analysis,9,162,178,178,100.0
0.85,single_risk,problem_analysis,39,193,201,201,100.0
0.85,single_risk,problem_analysis,6,101,103,103,100.0
0.85,single_risk,problem_analysis,29,17,17,17,100.0
0.85,single_risk,problem_analysis,27,52,52,52,100.0
0.85,single_risk,problem_analysis,22,67,68,68,100.0
0.85,single_risk,problem_analysis,20,23,24,24,100.0
0.85,single_risk,problem_analysis,1,51,52,52,100.0
0.85,single_risk,problem_analysis,33,96,98,98,100.0
0.85,single_risk,problem_analysis,8,109,125,125,100.0
0.85,single_risk,problem_analysis,36,45,46,46,100.0
0.85,single_risk,problem_analysis,18,48,49,49,100.0
0.85,monotonic,problem_analysis,19,125,136,136,100.0
0.85,monotonic,problem_analysis,9,85,92,92,100.0
0.85,monotonic,problem_analysis,30,47,52,52,100.0
0.85,monotonic,problem_analysis,24,144,145,145,100.0
0.85,monotonic,problem_analysis,33,97,102,102,100.0
0.85,monotonic,problem_analysis,13,277,282,282,100.0
0.85,monotonic,problem_analysis,0,375,397,397,100.0
0.85,monotonic,problem_analysis,23,79,80,80,100.0
0.85,monotonic,problem_analysis,37,18,18,18,100.0
0.85,monotonic,problem_analysis,5,99,116,116,100.0
0.85,monotonic,problem_analysis,4,223,281,281,100.0
0.85,monotonic,problem_analysis,18,84,95,95,100.0
0.85,monotonic,problem_analysis,26,126,132,132,100.0
0.85,monotonic,problem_analysis,39,25,28,28,100.0
0.85,monotonic,problem_analysis,11,39,40,40,100.0
0.85,monotonic,problem_analysis,34,189,210,210,100.0
0.85,monotonic,problem_analysis,6,96,103,103,100.0
0.85,monotonic,problem_analysis,14,87,101,101,100.0
0.85,monotonic,problem_analysis,35,50,51,51,100.0
0.85,monotonic,problem_analysis,21,146,163,163,100.0
0.85,monotonic,problem_analysis,3,54,59,59,100.0
0.85,monotonic,problem_analysis,1,186,204,204,100.0
0.85,monotonic,problem_analysis,7,38,38,38,100.0
0.85,monotonic,problem_analysis,38,37,37,37,100.0
0.85,monotonic,problem_analysis,36,124,125,125,100.0
0.85,monotonic,problem_analysis,15,134,153,153,100.0
0.85,monotonic,problem_analysis,8,214,226,226,100.0
0.85,monotonic,problem_analysis,27,171,188,188,100.0
0.85,monotonic,problem_analysis,10,111,116,116,100.0
0.85,monotonic,problem_analysis,16,92,95,95,100.0
0.85,monotonic,problem_analysis,29,77,78,78,100.0
0.85,monotonic,problem_analysis,17,184,201,201,100.0
0.85,monotonic,problem_analysis,25,17,17,17,100.0
0.85,monotonic,problem_analysis,22,67,68,68,100.0
0.85,monotonic,problem_analysis,31,63,63,63,100.0
0.85,monotonic,problem_analysis,28,59,61,61,100.0
0.85,monotonic,problem_analysis,2,60,64,64,100.0
0.85,monotonic,problem_analysis,12,70,78,78,100.0
0.85,monotonic,problem_analysis,32,11,11,11,100.0
0.85,monotonic,problem_analysis,20,3,3,3,100.0
0.85,both,problem_analysis,18,93,99,99,100.0
0.85,both,problem_analysis,4,90,96,96,100.0
0.85,both,problem_analysis,37,46,51,51,100.0
0.85,both,problem_analysis,6,115,120,120,100.0
0.85,both,problem_analysis,30,28,28,28,100.0
0.85,both,problem_analysis,2,283,305,305,100.0
0.85,both,problem_analysis,5,96,110,110,100.0
0.85,both,problem_analysis,3,256,263,263,100.0
0.85,both,problem_analysis,1,197,245,245,100.0
0.85,both,problem_analysis,15,93,104,104,100.0
0.85,both,problem_analysis,21,119,125,125,100.0
0.85,both,problem_analysis,0,319,375,375,100.0
0.85,both,problem_analysis,11,22,23,23,100.0
0.85,both,problem_analysis,12,119,136,136,100.0
0.85,both,problem_analysis,28,182,205,205,100.0
0.85,both,problem_analysis,25,75,77,77,100.0
0.85,both,problem_analysis,13,92,106,106,100.0
0.85,both,problem_analysis,9,195,198,198,100.0
0.85,both,problem_analysis,8,163,179,179,100.0
0.85,both,problem_analysis,20,131,146,146,100.0
0.85,both,problem_analysis,16,44,47,47,100.0
0.85,both,problem_analysis,32,101,101,101,100.0
0.85,both,problem_analysis,36,24,25,25,100.0
0.85,both,problem_analysis,23,69,70,70,100.0
0.85,both,problem_analysis,34,29,29,29,100.0
0.85,both,problem_analysis,35,179,188,188,100.0
0.85,both,problem_analysis,10,81,82,82,100.0
0.85,both,problem_analysis,14,67,67,67,100.0
0.85,both,problem_analysis,27,16,16,16,100.0
0.85,both,problem_analysis,33,48,48,48,100.0
0.85,both,problem_analysis,29,46,46,46,100.0
0.85,both,problem_analysis,31,59,60,60,100.0
0.85,both,problem_analysis,22,21,22,22,100.0
0.85,both,problem_analysis,26,16,16,16,100.0
0.85,both,problem_analysis,24,46,46,46,100.0
0.85,both,problem_analysis,39,26,29,29,100.0
0.85,both,problem_analysis,38,8,8,8,100.0
0.85,both,problem_analysis,17,50,51,51,100.0
0.85,both,problem_analysis,7,90,103,103,100.0
0.85,both,problem_analysis,19,5,5,5,100.0
0.9,unconstrained,problem_analysis,16,101,109,109,100.0
0.9,unconstrained,problem_analysis,18,81,87,87,100.0
0.9,unconstrained,problem_analysis,5,104,112,112,100.0
0.9,unconstrained,problem_analysis,9,138,142,142,100.0
0.9,unconstrained,problem_analysis,3,95,99,99,100.0
0.9,unconstrained,problem_analysis,7,132,140,140,100.0
0.9,unconstrained,problem_analysis,23,52,52,52,100.0
0.9,unconstrained,problem_analysis,1,106,124,124,100.0
0.9,unconstrained,problem_analysis,6,266,295,295,100.0
0.9,unconstrained,problem_analysis,19,177,186,186,100.0
0.9,unconstrained,problem_analysis,2,159,188,188,100.0
0.9,unconstrained,problem_analysis,0,95,108,108,100.0
0.9,unconstrained,problem_analysis,39,107,109,109,100.0
0.9,unconstrained,problem_analysis,11,115,133,133,100.0
0.9,unconstrained,problem_analysis,8,68,69,69,100.0
0.9,unconstrained,problem_analysis,20,112,127,127,100.0
0.9,unconstrained,problem_analysis,34,44,46,46,100.0
0.9,unconstrained,problem_analysis,24,29,29,29,100.0
0.9,unconstrained,problem_analysis,10,151,164,164,100.0
0.9,unconstrained,problem_analysis,13,164,171,171,100.0
0.9,unconstrained,problem_analysis,30,30,32,32,100.0
0.9,unconstrained,problem_analysis,4,114,129,129,100.0
0.9,unconstrained,problem_analysis,12,114,115,115,100.0
0.9,unconstrained,problem_analysis,28,59,70,70,100.0
0.9,unconstrained,problem_analysis,27,104,108,108,100.0
0.9,unconstrained,problem_analysis,37,38,40,40,100.0
0.9,unconstrained,problem_analysis,22,71,78,78,100.0
0.9,unconstrained,problem_analysis,31,56,57,57,100.0
0.9,unconstrained,problem_analysis,32,49,49,49,100.0
0.9,unconstrained,problem_analysis,35,15,17,17,100.0
0.9,unconstrained,problem_analysis,26,38,38,38,100.0
0.9,unconstrained,problem_analysis,29,26,29,29,100.0
0.9,unconstrained,problem_analysis,15,31,32,32,100.0
0.9,unconstrained,problem_analysis,17,29,32,32,100.0
0.9,unconstrained,problem_analysis,33,30,30,30,100.0
0.9,unconstrained,problem_analysis,25,56,57,57,100.0
0.9,unconstrained,problem_analysis,14,38,41,41,100.0
0.9,unconstrained,problem_analysis,21,16,16,16,100.0
0.9,unconstrained,problem_analysis,38,16,16,16,100.0
0.9,unconstrained,problem_analysis,36,7,7,7,100.0
0.9,single_risk,problem_analysis,15,101,111,111,100.0
0.9,single_risk,problem_analysis,13,68,73,73,100.0
0.9,single_risk,problem_analysis,2,69,77,77,100.0
0.9,single_risk,problem_analysis,30,41,45,45,100.0
0.9,single_risk,problem_analysis,3,122,137,137,100.0
0.9,single_risk,problem_analysis,9,36,36,36,100.0
0.9,single_risk,problem_analysis,36,63,74,74,100.0
0.9,single_risk,problem_analysis,24,159,177,177,100.0
0.9,single_risk,problem_analysis,6,107,122,122,100.0
0.9,single_risk,problem_analysis,34,180,194,194,100.0
0.9,single_risk,problem_analysis,35,48,51,51,100.0
0.9,single_risk,problem_analysis,1,67,76,76,100.0
0.9,single_risk,problem_analysis,10,106,110,110,100.0
0.9,single_risk,problem_analysis,12,18,20,20,100.0
0.9,single_risk,problem_analysis,11,185,191,191,100.0
0.9,single_risk,problem_analysis,5,141,162,162,100.0
0.9,single_risk,problem_analysis,18,60,61,61,100.0
0.9,single_risk,problem_analysis,14,92,104,104,100.0
0.9,single_risk,problem_analysis,16,117,124,124,100.0
0.9,single_risk,problem_analysis,39,22,22,22,100.0
0.9,single_risk,problem_analysis,31,80,82,82,100.0
0.9,single_risk,problem_analysis,38,49,54,54,100.0
0.9,single_risk,problem_analysis,26,50,55,55,100.0
0.9,single_risk,problem_analysis,19,21,21,21,100.0
0.9,single_risk,problem_analysis,37,74,76,76,100.0
0.9,single_risk,problem_analysis,4,82,85,85,100.0
0.9,single_risk,problem_analysis,8,37,38,38,100.0
0.9,single_risk,problem_analysis,17,91,96,96,100.0
0.9,single_risk,problem_analysis,27,56,61,61,100.0
0.9,single_risk,problem_analysis,23,38,38,38,100.0
0.9,single_risk,problem_analysis,32,28,28,28,100.0
0.9,single_risk,problem_analysis,21,78,83,83,100.0
0.9,single_risk,problem_analysis,28,18,18,18,100.0
0.9,single_risk,problem_analysis,22,27,30,30,100.0
0.9,single_risk,problem_analysis,25,15,15,15,100.0
0.9,single_risk,problem_analysis,0,71,76,76,100.0
0.9,single_risk,problem_analysis,7,31,32,32,100.0
0.9,single_risk,problem_analysis,33,5,5,5,100.0
0.9,single_risk,problem_analysis,20,41,42,42,100.0
0.9,single_risk,problem_analysis,29,18,21,21,100.0
0.9,monotonic,problem_analysis,16,84,90,90,100.0
0.9,monotonic,problem_analysis,18,37,40,40,100.0
0.9,monotonic,problem_analysis,37,42,47,47,100.0
0.9,monotonic,problem_analysis,33,95,96,96,100.0
0.9,monotonic,problem_analysis,26,58,60,60,100.0
0.9,monotonic,problem_analysis,9,78,87,87,100.0
0.9,monotonic,problem_analysis,12,215,233,233,100.0
0.9,monotonic,problem_analysis,30,36,37,37,100.0
0.9,monotonic,problem_analysis,19,50,52,52,100.0
0.9,monotonic,problem_analysis,3,192,218,218,100.0
0.9,monotonic,problem_analysis,38,65,65,65,100.0
0.9,monotonic,problem_analysis,8,78,92,92,100.0
0.9,monotonic,problem_analysis,4,75,84,84,100.0
0.9,monotonic,problem_analysis,23,99,102,102,100.0
0.9,monotonic,problem_analysis,10,176,181,181,100.0
0.9,monotonic,problem_analysis,11,106,116,116,100.0
0.9,monotonic,problem_analysis,2,63,64,64,100.0
0.9,monotonic,problem_analysis,0,112,126,126,100.0
0.9,monotonic,problem_analysis,5,148,160,160,100.0
0.9,monotonic,problem_analysis,17,105,120,120,100.0
0.9,monotonic,problem_analysis,32,21,21,21,100.0
0.9,monotonic,problem_analysis,34,47,57,57,100.0
0.9,monotonic,problem_analysis,35,57,62,62,100.0
0.9,monotonic,problem_analysis,1,42,43,43,100.0
0.9,monotonic,problem_analysis,25,43,48,48,100.0
0.9,monotonic,problem_analysis,27,19,19,19,100.0
0.9,monotonic,problem_analysis,6,39,43,43,100.0
0.9,monotonic,problem_analysis,24,65,67,67,100.0
0.9,monotonic,problem_analysis,31,20,22,22,100.0
0.9,monotonic,problem_analysis,36,84,90,90,100.0
0.9,monotonic,problem_analysis,15,68,75,75,100.0
0.9,monotonic,problem_analysis,29,21,21,21,100.0
0.9,monotonic,problem_analysis,21,26,26,26,100.0
0.9,monotonic,problem_analysis,7,50,55,55,100.0
0.9,monotonic,problem_analysis,20,18,18,18,100.0
0.9,monotonic,problem_analysis,28,61,63,63,100.0
0.9,monotonic,problem_analysis,14,25,25,25,100.0
0.9,monotonic,problem_analysis,13,70,73,73,100.0
0.9,monotonic,problem_analysis,39,8,8,8,100.0
0.9,monotonic,problem_analysis,22,41,42,42,100.0
0.9,both,problem_analysis,14,93,103,103,100.0
0.9,both,problem_analysis,21,35,38,38,100.0
0.9,both,problem_analysis,26,34,39,39,100.0
0.9,both,problem_analysis,0,76,83,83,100.0
0.9,both,problem_analysis,36,74,83,83,100.0
0.9,both,problem_analysis,13,56,57,57,100.0
0.9,both,problem_analysis,16,73,91,91,100.0
0.9,both,problem_analysis,5,150,167,167,100.0
0.9,both,problem_analysis,31,73,88,88,100.0
0.9,both,problem_analysis,34,153,166,166,100.0
0.9,both,problem_analysis,27,41,43,43,100.0
0.9,both,problem_analysis,1,68,76,76,100.0
0.9,both,problem_analysis,29,99,102,102,100.0
0.9,both,problem_analysis,20,165,170,170,100.0
0.9,both,problem_analysis,12,28,30,30,100.0
0.9,both,problem_analysis,3,106,114,114,100.0
0.9,both,problem_analysis,25,63,64,64,100.0
0.9,both,problem_analysis,15,94,108,108,100.0
0.9,both,problem_analysis,23,97,113,113,100.0
0.9,both,problem_analysis,39,48,49,49,100.0
0.9,both,problem_analysis,4,22,22,22,100.0
0.9,both,problem_analysis,7,83,85,85,100.0
0.9,both,problem_analysis,24,57,61,61,100.0
0.9,both,problem_analysis,8,137,146,146,100.0
0.9,both,problem_analysis,32,22,23,23,100.0
0.9,both,problem_analysis,9,49,54,54,100.0
0.9,both,problem_analysis,30,20,20,20,100.0
0.9,both,problem_analysis,28,65,68,68,100.0
0.9,both,problem_analysis,10,85,88,88,100.0
0.9,both,problem_analysis,33,25,26,26,100.0
0.9,both,problem_analysis,17,114,121,121,100.0
0.9,both,problem_analysis,11,67,73,73,100.0
0.9,both,problem_analysis,6,36,36,36,100.0
0.9,both,problem_analysis,19,27,27,27,100.0
0.9,both,problem_analysis,37,16,16,16,100.0
0.9,both,problem_analysis,38,6,6,6,100.0
0.9,both,problem_analysis,22,54,55,55,100.0
0.9,both,problem_analysis,2,51,55,55,100.0
0.9,both,problem_analysis,18,18,19,19,100.0
0.9,both,problem_analysis,35,29,32,32,100.0
0.95,unconstrained,problem_analysis,33,91,100,100,100.0
0.95,unconstrained,problem_analysis,31,30,33,33,100.0
0.95,unconstrained,problem_analysis,1,52,57,57,100.0
0.95,unconstrained,problem_analysis,19,67,73,73,100.0
0.95,unconstrained,problem_analysis,0,85,94,94,100.0
0.95,unconstrained,problem_analysis,11,63,75,75,100.0
0.95,unconstrained,problem_analysis,10,174,203,203,100.0
0.95,unconstrained,problem_analysis,29,72,86,86,100.0
0.95,unconstrained,problem_analysis,18,174,183,183,100.0
0.95,unconstrained,problem_analysis,25,48,52,52,100.0
0.95,unconstrained,problem_analysis,9,58,66,66,100.0
0.95,unconstrained,problem_analysis,16,105,109,109,100.0
0.95,unconstrained,problem_analysis,38,19,19,19,100.0
0.95,unconstrained,problem_analysis,8,33,36,36,100.0
0.95,unconstrained,problem_analysis,2,146,154,154,100.0
0.95,unconstrained,problem_analysis,28,84,93,93,100.0
0.95,unconstrained,problem_analysis,27,58,59,59,100.0
0.95,unconstrained,problem_analysis,4,117,131,131,100.0
0.95,unconstrained,problem_analysis,23,88,103,103,100.0
0.95,unconstrained,problem_analysis,12,102,107,107,100.0
0.95,unconstrained,problem_analysis,13,42,46,46,100.0
0.95,unconstrained,problem_analysis,22,62,68,68,100.0
0.95,unconstrained,problem_analysis,26,19,19,19,100.0
0.95,unconstrained,problem_analysis,20,29,32,32,100.0
0.95,unconstrained,problem_analysis,14,97,105,105,100.0
0.95,unconstrained,problem_analysis,5,70,72,72,100.0
0.95,unconstrained,problem_analysis,15,44,45,45,100.0
0.95,unconstrained,problem_analysis,32,52,57,57,100.0
0.95,unconstrained,problem_analysis,36,17,18,18,100.0
0.95,unconstrained,problem_analysis,6,29,30,30,100.0
0.95,unconstrained,problem_analysis,34,23,23,23,100.0
0.95,unconstrained,problem_analysis,37,38,39,39,100.0
0.95,unconstrained,problem_analysis,3,82,88,88,100.0
0.95,unconstrained,problem_analysis,21,26,26,26,100.0
0.95,unconstrained,problem_analysis,35,42,43,43,100.0
0.95,unconstrained,problem_analysis,30,17,17,17,100.0
0.95,unconstrained,problem_analysis,39,4,5,5,100.0
0.95,unconstrained,problem_analysis,7,12,12,12,100.0
0.95,unconstrained,problem_analysis,17,6,7,7,100.0
0.95,unconstrained,problem_analysis,24,9,9,9,100.0
0.95,single_risk,problem_analysis,23,135,155,155,100.0
0.95,single_risk,problem_analysis,29,27,30,30,100.0
0.95,single_risk,problem_analysis,5,49,54,54,100.0
0.95,single_risk,problem_analysis,18,52,56,56,100.0
0.95,single_risk,problem_analysis,34,39,44,44,100.0
0.95,single_risk,problem_analysis,9,54,55,55,100.0
0.95,single_risk,problem_analysis,10,65,76,76,100.0
0.95,single_risk,problem_analysis,21,149,172,172,100.0
0.95,single_risk,problem_analysis,7,78,93,93,100.0
0.95,single_risk,problem_analysis,2,172,182,182,100.0
0.95,single_risk,problem_analysis,35,42,44,44,100.0
0.95,single_risk,problem_analysis,24,48,52,52,100.0
0.95,single_risk,problem_analysis,3,58,66,66,100.0
0.95,single_risk,problem_analysis,12,106,109,109,100.0
0.95,single_risk,problem_analysis,17,82,84,84,100.0
0.95,single_risk,problem_analysis,26,28,30,30,100.0
0.95,single_risk,problem_analysis,39,78,81,81,100.0
0.95,single_risk,problem_analysis,13,87,96,96,100.0
0.95,single_risk,problem_analysis,31,52,52,52,100.0
0.95,single_risk,problem_analysis,11,79,90,90,100.0
0.95,single_risk,problem_analysis,14,116,133,133,100.0
0.95,single_risk,problem_analysis,28,44,50,50,100.0
0.95,single_risk,problem_analysis,20,49,53,53,100.0
0.95,single_risk,problem_analysis,4,38,39,39,100.0
0.95,single_risk,problem_analysis,30,18,18,18,100.0
0.95,single_risk,problem_analysis,19,26,26,26,100.0
0.95,single_risk,problem_analysis,8,79,85,85,100.0
0.95,single_risk,problem_analysis,0,60,66,66,100.0
0.95,single_risk,problem_analysis,15,42,44,44,100.0
0.95,single_risk,problem_analysis,25,30,30,30,100.0
0.95,single_risk,problem_analysis,32,21,22,22,100.0
0.95,single_risk,problem_analysis,22,36,37,37,100.0
0.95,single_risk,problem_analysis,16,53,54,54,100.0
0.95,single_risk,problem_analysis,38,42,44,44,100.0
0.95,single_risk,problem_analysis,6,33,36,36,100.0
0.95,single_risk,problem_analysis,27,64,68,68,100.0
0.95,single_risk,problem_analysis,33,27,28,28,100.0
0.95,single_risk,problem_analysis,1,20,22,22,100.0
0.95,single_risk,problem_analysis,37,8,8,8,100.0
0.95,single_risk,problem_analysis,36,3,3,3,100.0
0.95,monotonic,problem_analysis,6,87,98,98,100.0
0.95,monotonic,problem_analysis,33,27,30,30,100.0
0.95,monotonic,problem_analysis,10,40,45,45,100.0
0.95,monotonic,problem_analysis,38,108,111,111,100.0
0.95,monotonic,problem_analysis,2,65,70,70,100.0
0.95,monotonic,problem_analysis,28,46,52,52,100.0
0.95,monotonic,problem_analysis,26,51,52,52,100.0
0.95,monotonic,problem_analysis,18,60,71,71,100.0
0.95,monotonic,problem_analysis,4,142,167,167,100.0
0.95,monotonic,problem_analysis,35,73,86,86,100.0
0.95,monotonic,problem_analysis,12,181,190,190,100.0
0.95,monotonic,problem_analysis,27,36,38,38,100.0
0.95,monotonic,problem_analysis,23,47,50,50,100.0
0.95,monotonic,problem_analysis,30,52,59,59,100.0
0.95,monotonic,problem_analysis,13,99,102,102,100.0
0.95,monotonic,problem_analysis,32,20,21,21,100.0
0.95,monotonic,problem_analysis,11,24,26,26,100.0
0.95,monotonic,problem_analysis,14,38,40,40,100.0
0.95,monotonic,problem_analysis,3,101,116,116,100.0
0.95,monotonic,problem_analysis,19,60,62,62,100.0
0.95,monotonic,problem_analysis,5,89,101,101,100.0
0.95,monotonic,problem_analysis,0,111,127,127,100.0
0.95,monotonic,problem_analysis,22,45,51,51,100.0
0.95,monotonic,problem_analysis,8,104,111,111,100.0
0.95,monotonic,problem_analysis,15,33,35,35,100.0
0.95,monotonic,problem_analysis,37,34,38,38,100.0
0.95,monotonic,problem_analysis,31,19,19,19,100.0
0.95,monotonic,problem_analysis,17,23,23,23,100.0
0.95,monotonic,problem_analysis,21,69,73,73,100.0
0.95,monotonic,problem_analysis,24,58,63,63,100.0
0.95,monotonic,problem_analysis,1,33,37,37,100.0
0.95,monotonic,problem_analysis,20,29,29,29,100.0
0.95,monotonic,problem_analysis,36,35,36,36,100.0
0.95,monotonic,problem_analysis,9,23,23,23,100.0
0.95,monotonic,problem_analysis,16,66,69,69,100.0
0.95,monotonic,problem_analysis,7,27,28,28,100.0
0.95,monotonic,problem_analysis,34,21,21,21,100.0
0.95,monotonic,problem_analysis,39,9,9,9,100.0
0.95,monotonic,problem_analysis,29,43,44,44,100.0
0.95,monotonic,problem_analysis,25,14,15,15,100.0
0.95,both,problem_analysis,39,79,86,86,100.0
0.95,both,problem_analysis,1,68,73,73,100.0
0.95,both,problem_analysis,10,45,50,50,100.0
0.95,both,problem_analysis,4,150,157,157,100.0
0.95,both,problem_analysis,12,71,80,80,100.0
0.95,both,problem_analysis,20,85,86,86,100.0
0.95,both,problem_analysis,37,56,67,67,100.0
0.95,both,problem_analysis,24,141,166,166,100.0
0.95,both,problem_analysis,7,90,106,106,100.0
0.95,both,problem_analysis,31,154,162,162,100.0
0.95,both,problem_analysis,28,38,40,40,100.0
0.95,both,problem_analysis,34,57,65,65,100.0
0.95,both,problem_analysis,13,96,100,100,100.0
0.95,both,problem_analysis,21,30,33,33,100.0
0.95,both,problem_analysis,36,85,93,93,100.0
0.95,both,problem_analysis,11,60,62,62,100.0
0.95,both,problem_analysis,5,83,94,94,100.0
0.95,both,problem_analysis,6,109,124,124,100.0
0.95,both,problem_analysis,26,45,50,50,100.0
0.95,both,problem_analysis,3,121,129,129,100.0
0.95,both,problem_analysis,15,34,36,36,100.0
0.95,both,problem_analysis,22,47,52,52,100.0
0.95,both,problem_analysis,19,35,36,36,100.0
0.95,both,problem_analysis,14,20,20,20,100.0
0.95,both,problem_analysis,0,15,15,15,100.0
0.95,both,problem_analysis,9,74,79,79,100.0
0.95,both,problem_analysis,35,24,27,27,100.0
0.95,both,problem_analysis,17,47,52,52,100.0
0.95,both,problem_analysis,8,30,34,34,100.0
0.95,both,problem_analysis,32,28,28,28,100.0
0.95,both,problem_analysis,2,68,71,71,100.0
0.95,both,problem_analysis,18,28,29,29,100.0
0.95,both,problem_analysis,23,21,21,21,100.0
0.95,both,problem_analysis,38,9,9,9,100.0
0.95,both,problem_analysis,27,18,19,19,100.0
0.95,both,problem_analysis,29,42,43,43,100.0
0.95,both,problem_analysis,16,17,20,20,100.0
0.95,both,problem_analysis,25,13,14,14,100.0
0.95,both,problem_analysis,30,3,3,3,100.0
0.95,both,problem_analysis,33,5,5,5,100.0
EDGE,unconstrained,theoretical_insight,24,25,26,26,100.0
EDGE,unconstrained,theoretical_insight,39,23,23,23,100.0
EDGE,unconstrained,theoretical_insight,32,69,78,78,100.0
EDGE,unconstrained,theoretical_insight,3,39,43,43,100.0
EDGE,unconstrained,theoretical_insight,9,70,81,81,100.0
EDGE,unconstrained,theoretical_insight,15,117,128,128,100.0
EDGE,unconstrained,theoretical_insight,33,36,37,37,100.0
EDGE,unconstrained,theoretical_insight,11,112,117,117,100.0
EDGE,unconstrained,theoretical_insight,1,105,122,122,100.0
EDGE,unconstrained,theoretical_insight,12,79,92,92,100.0
EDGE,unconstrained,theoretical_insight,4,83,96,96,100.0
EDGE,unconstrained,theoretical_insight,36,28,29,29,100.0
EDGE,unconstrained,theoretical_insight,34,40,45,45,100.0
EDGE,unconstrained,theoretical_insight,17,102,110,110,100.0
EDGE,unconstrained,theoretical_insight,0,112,119,119,100.0
EDGE,unconstrained,theoretical_insight,7,61,68,68,100.0
EDGE,unconstrained,theoretical_insight,14,66,68,68,100.0
EDGE,unconstrained,theoretical_insight,6,156,173,173,100.0
EDGE,unconstrained,theoretical_insight,23,80,86,86,100.0
EDGE,unconstrained,theoretical_insight,37,54,54,54,100.0
EDGE,unconstrained,theoretical_insight,16,56,68,68,100.0
EDGE,unconstrained,theoretical_insight,35,11,13,13,100.0
EDGE,unconstrained,theoretical_insight,22,37,42,42,100.0
EDGE,unconstrained,theoretical_insight,27,16,18,18,100.0
EDGE,unconstrained,theoretical_insight,2,66,69,69,100.0
EDGE,unconstrained,theoretical_insight,21,30,32,32,100.0
EDGE,unconstrained,theoretical_insight,18,78,84,84,100.0
EDGE,unconstrained,theoretical_insight,28,10,10,10,100.0
EDGE,unconstrained,theoretical_insight,13,79,89,89,100.0
EDGE,unconstrained,theoretical_insight,31,8,8,8,100.0
EDGE,unconstrained,theoretical_insight,25,24,25,25,100.0
EDGE,unconstrained,theoretical_insight,38,2,2,2,100.0
EDGE,unconstrained,theoretical_insight,10,58,60,60,100.0
EDGE,unconstrained,theoretical_insight,20,47,49,49,100.0
EDGE,unconstrained,theoretical_insight,30,17,18,18,100.0
EDGE,unconstrained,theoretical_insight,5,26,27,27,100.0
EDGE,unconstrained,theoretical_insight,26,7,7,7,100.0
EDGE,unconstrained,theoretical_insight,29,10,12,12,100.0
EDGE,unconstrained,theoretical_insight,19,7,7,7,100.0
EDGE,unconstrained,theoretical_insight,8,12,12,12,100.0
EDGE,single_risk,theoretical_insight,15,38,43,43,100.0
EDGE,single_risk,theoretical_insight,33,23,23,23,100.0
EDGE,single_risk,theoretical_insight,21,73,82,82,100.0
EDGE,single_risk,theoretical_insight,10,55,58,58,100.0
EDGE,single_risk,theoretical_insight,31,9,11,11,100.0
EDGE,single_risk,theoretical_insight,7,47,55,55,100.0
EDGE,single_risk,theoretical_insight,12,116,124,124,100.0
EDGE,single_risk,theoretical_insight,35,33,34,34,100.0
EDGE,single_risk,theoretical_insight,11,113,118,118,100.0
EDGE,single_risk,theoretical_insight,18,117,139,139,100.0
EDGE,single_risk,theoretical_insight,6,71,82,82,100.0
EDGE,single_risk,theoretical_insight,24,40,44,44,100.0
EDGE,single_risk,theoretical_insight,28,19,19,19,100.0
EDGE,single_risk,theoretical_insight,19,40,45,45,100.0
EDGE,single_risk,theoretical_insight,13,109,116,116,100.0
EDGE,single_risk,theoretical_insight,0,111,115,115,100.0
EDGE,single_risk,theoretical_insight,4,50,55,55,100.0
EDGE,single_risk,theoretical_insight,1,185,203,203,100.0
EDGE,single_risk,theoretical_insight,27,79,85,85,100.0
EDGE,single_risk,theoretical_insight,20,63,64,64,100.0
EDGE,single_risk,theoretical_insight,37,46,53,53,100.0
EDGE,single_risk,theoretical_insight,3,86,106,106,100.0
EDGE,single_risk,theoretical_insight,8,42,47,47,100.0
EDGE,single_risk,theoretical_insight,23,34,39,39,100.0
EDGE,single_risk,theoretical_insight,5,20,22,22,100.0
EDGE,single_risk,theoretical_insight,14,75,81,81,100.0
EDGE,single_risk,theoretical_insight,39,18,20,20,100.0
EDGE,single_risk,theoretical_insight,17,77,86,86,100.0
EDGE,single_risk,theoretical_insight,25,21,22,22,100.0
EDGE,single_risk,theoretical_insight,38,2,2,2,100.0
EDGE,single_risk,theoretical_insight,29,53,56,56,100.0
EDGE,single_risk,theoretical_insight,16,62,65,65,100.0
EDGE,single_risk,theoretical_insight,9,33,35,35,100.0
EDGE,single_risk,theoretical_insight,22,25,25,25,100.0
EDGE,single_risk,theoretical_insight,34,26,26,26,100.0
EDGE,single_risk,theoretical_insight,26,7,7,7,100.0
EDGE,single_risk,theoretical_insight,32,15,15,15,100.0
EDGE,single_risk,theoretical_insight,36,4,4,4,100.0
EDGE,single_risk,theoretical_insight,2,14,14,14,100.0
EDGE,single_risk,theoretical_insight,30,2,2,2,100.0
EDGE,monotonic,theoretical_insight,14,34,35,35,100.0
EDGE,monotonic,theoretical_insight,31,25,25,25,100.0
EDGE,monotonic,theoretical_insight,38,68,77,77,100.0
EDGE,monotonic,theoretical_insight,0,117,124,124,100.0
EDGE,monotonic,theoretical_insight,1,30,32,32,100.0
EDGE,monotonic,theoretical_insight,9,66,75,75,100.0
EDGE,monotonic,theoretical_insight,6,89,98,98,100.0
EDGE,monotonic,theoretical_insight,33,114,119,119,100.0
EDGE,monotonic,theoretical_insight,13,106,124,124,100.0
EDGE,monotonic,theoretical_insight,18,71,80,80,100.0
EDGE,monotonic,theoretical_insight,36,35,39,39,100.0
EDGE,monotonic,theoretical_insight,28,28,28,28,100.0
EDGE,monotonic,theoretical_insight,23,40,45,45,100.0
EDGE,monotonic,theoretical_insight,10,105,112,112,100.0
EDGE,monotonic,theoretical_insight,25,92,96,96,100.0
EDGE,monotonic,theoretical_insight,3,56,63,63,100.0
EDGE,monotonic,theoretical_insight,26,151,166,166,100.0
EDGE,monotonic,theoretical_insight,5,102,112,112,100.0
EDGE,monotonic,theoretical_insight,7,70,74,74,100.0
EDGE,monotonic,theoretical_insight,16,35,36,36,100.0
EDGE,monotonic,theoretical_insight,4,65,65,65,100.0
EDGE,monotonic,theoretical_insight,12,55,64,64,100.0
EDGE,monotonic,theoretical_insight,11,31,35,35,100.0
EDGE,monotonic,theoretical_insight,22,17,19,19,100.0
EDGE,monotonic,theoretical_insight,8,57,62,62,100.0
EDGE,monotonic,theoretical_insight,15,57,59,59,100.0
EDGE,monotonic,theoretical_insight,35,37,40,40,100.0
EDGE,monotonic,theoretical_insight,32,19,21,21,100.0
EDGE,monotonic,theoretical_insight,37,32,34,34,100.0
EDGE,monotonic,theoretical_insight,30,14,14,14,100.0
EDGE,monotonic,theoretical_insight,21,3,3,3,100.0
EDGE,monotonic,theoretical_insight,19,44,51,51,100.0
EDGE,monotonic,theoretical_insight,29,38,40,40,100.0
EDGE,monotonic,theoretical_insight,2,16,16,16,100.0
EDGE,monotonic,theoretical_insight,20,47,50,50,100.0
EDGE,monotonic,theoretical_insight,17,26,26,26,100.0
EDGE,monotonic,theoretical_insight,34,10,10,10,100.0
EDGE,monotonic,theoretical_insight,27,4,4,4,100.0
EDGE,monotonic,theoretical_insight,24,6,8,8,100.0
EDGE,monotonic,theoretical_insight,39,13,13,13,100.0
EDGE,both,theoretical_insight,14,34,35,35,100.0
EDGE,both,theoretical_insight,31,25,25,25,100.0
EDGE,both,theoretical_insight,38,68,77,77,100.0
EDGE,both,theoretical_insight,0,117,124,124,100.0
EDGE,both,theoretical_insight,1,30,32,32,100.0
EDGE,both,theoretical_insight,9,66,75,75,100.0
EDGE,both,theoretical_insight,6,89,98,98,100.0
EDGE,both,theoretical_insight,33,114,119,119,100.0
EDGE,both,theoretical_insight,13,106,124,124,100.0
EDGE,both,theoretical_insight,18,71,80,80,100.0
EDGE,both,theoretical_insight,36,35,39,39,100.0
EDGE,both,theoretical_insight,28,28,28,28,100.0
EDGE,both,theoretical_insight,23,40,45,45,100.0
EDGE,both,theoretical_insight,10,105,112,112,100.0
EDGE,both,theoretical_insight,25,92,96,96,100.0
EDGE,both,theoretical_insight,3,56,63,63,100.0
EDGE,both,theoretical_insight,26,151,166,166,100.0
EDGE,both,theoretical_insight,5,102,112,112,100.0
EDGE,both,theoretical_insight,7,70,74,74,100.0
EDGE,both,theoretical_insight,16,35,36,36,100.0
EDGE,both,theoretical_insight,4,65,65,65,100.0
EDGE,both,theoretical_insight,12,55,64,64,100.0
EDGE,both,theoretical_insight,11,31,35,35,100.0
EDGE,both,theoretical_insight,22,17,19,19,100.0
EDGE,both,theoretical_insight,8,57,62,62,100.0
EDGE,both,theoretical_insight,15,57,59,59,100.0
EDGE,both,theoretical_insight,35,37,40,40,100.0
EDGE,both,theoretical_insight,32,19,21,21,100.0
EDGE,both,theoretical_insight,37,32,34,34,100.0
EDGE,both,theoretical_insight,30,14,14,14,100.0
EDGE,both,theoretical_insight,21,3,3,3,100.0
EDGE,both,theoretical_insight,19,44,51,51,100.0
EDGE,both,theoretical_insight,29,38,40,40,100.0
EDGE,both,theoretical_insight,2,16,16,16,100.0
EDGE,both,theoretical_insight,20,47,50,50,100.0
EDGE,both,theoretical_insight,17,26,26,26,100.0
EDGE,both,theoretical_insight,34,10,10,10,100.0
EDGE,both,theoretical_insight,27,4,4,4,100.0
EDGE,both,theoretical_insight,24,6,8,8,100.0
EDGE,both,theoretical_insight,39,13,13,13,100.0
0.8,unconstrained,theoretical_insight,26,254,275,275,100.0
0.8,unconstrained,theoretical_insight,7,76,78,78,100.0
0.8,unconstrained,theoretical_insight,6,96,101,101,100.0
0.8,unconstrained,theoretical_insight,21,110,123,123,100.0
0.8,unconstrained,theoretical_insight,15,24,24,24,100.0
0.8,unconstrained,theoretical_insight,23,198,214,214,100.0
0.8,unconstrained,theoretical_insight,19,174,206,206,100.0
0.8,unconstrained,theoretical_insight,0,241,271,271,100.0
0.8,unconstrained,theoretical_insight,11,227,235,235,100.0
0.8,unconstrained,theoretical_insight,39,180,198,198,100.0
0.8,unconstrained,theoretical_insight,33,7,7,7,100.0
0.8,unconstrained,theoretical_insight,3,175,211,211,100.0
0.8,unconstrained,theoretical_insight,37,167,180,180,100.0
0.8,unconstrained,theoretical_insight,18,52,53,53,100.0
0.8,unconstrained,theoretical_insight,1,154,172,172,100.0
0.8,unconstrained,theoretical_insight,34,103,105,105,100.0
0.8,unconstrained,theoretical_insight,10,314,362,362,100.0
0.8,unconstrained,theoretical_insight,38,149,171,171,100.0
0.8,unconstrained,theoretical_insight,29,80,83,83,100.0
0.8,unconstrained,theoretical_insight,4,93,100,100,100.0
0.8,unconstrained,theoretical_insight,5,26,28,28,100.0
0.8,unconstrained,theoretical_insight,8,23,27,27,100.0
0.8,unconstrained,theoretical_insight,9,199,225,225,100.0
0.8,unconstrained,theoretical_insight,12,102,105,105,100.0
0.8,unconstrained,theoretical_insight,27,76,81,81,100.0
0.8,unconstrained,theoretical_insight,30,8,8,8,100.0
0.8,unconstrained,theoretical_insight,16,117,122,122,100.0
0.8,unconstrained,theoretical_insight,32,51,52,52,100.0
0.8,unconstrained,theoretical_insight,2,86,88,88,100.0
0.8,unconstrained,theoretical_insight,20,112,128,128,100.0
0.8,unconstrained,theoretical_insight,28,110,120,120,100.0
0.8,unconstrained,theoretical_insight,25,108,112,112,100.0
0.8,unconstrained,theoretical_insight,22,26,26,26,100.0
0.8,unconstrained,theoretical_insight,31,32,32,32,100.0
0.8,unconstrained,theoretical_insight,13,14,15,15,100.0
0.8,unconstrained,theoretical_insight,36,11,12,12,100.0
0.8,unconstrained,theoretical_insight,17,15,22,22,100.0
0.8,unconstrained,theoretical_insight,24,10,10,10,100.0
0.8,unconstrained,theoretical_insight,14,45,49,49,100.0
0.8,unconstrained,theoretical_insight,35,31,31,31,100.0
0.8,single_risk,theoretical_insight,5,121,130,130,100.0
0.8,single_risk,theoretical_insight,11,95,106,106,100.0
0.8,single_risk,theoretical_insight,26,49,53,53,100.0
0.8,single_risk,theoretical_insight,21,145,164,164,100.0
0.8,single_risk,theoretical_insight,6,170,176,176,100.0
0.8,single_risk,theoretical_insight,1,45,50,50,100.0
0.8,single_risk,theoretical_insight,15,144,166,166,100.0
0.8,single_risk,theoretical_insight,4,193,209,209,100.0
0.8,single_risk,theoretical_insight,30,204,215,215,100.0
0.8,single_risk,theoretical_insight,37,42,43,43,100.0
0.8,single_risk,theoretical_insight,12,219,227,227,100.0
0.8,single_risk,theoretical_insight,9,124,139,139,100.0
0.8,single_risk,theoretical_insight,18,124,147,147,100.0
0.8,single_risk,theoretical_insight,22,160,191,191,100.0
0.8,single_risk,theoretical_insight,3,226,251,251,100.0
0.8,single_risk,theoretical_insight,10,36,41,41,100.0
0.8,single_risk,theoretical_insight,25,19,20,20,100.0
0.8,single_risk,theoretical_insight,34,212,235,235,100.0
0.8,single_risk,theoretical_insight,19,142,152,152,100.0
0.8,single_risk,theoretical_insight,14,99,104,104,100.0
0.8,single_risk,theoretical_insight,38,49,51,51,100.0
0.8,single_risk,theoretical_insight,39,24,26,26,100.0
0.8,single_risk,theoretical_insight,20,160,180,180,100.0
0.8,single_risk,theoretical_insight,0,111,117,117,100.0
0.8,single_risk,theoretical_insight,36,110,118,118,100.0
0.8,single_risk,theoretical_insight,29,71,76,76,100.0
0.8,single_risk,theoretical_insight,23,8,8,8,100.0
0.8,single_risk,theoretical_insight,17,107,111,111,100.0
0.8,single_risk,theoretical_insight,28,49,50,50,100.0
0.8,single_risk,theoretical_insight,8,138,151,151,100.0
0.8,single_risk,theoretical_insight,31,31,31,31,100.0
0.8,single_risk,theoretical_insight,13,74,76,76,100.0
0.8,single_risk,theoretical_insight,16,120,122,122,100.0
0.8,single_risk,theoretical_insight,27,8,8,8,100.0
0.8,single_risk,theoretical_insight,33,21,21,21,100.0
0.8,single_risk,theoretical_insight,32,44,46,46,100.0
0.8,single_risk,theoretical_insight,24,40,43,43,100.0
0.8,single_risk,theoretical_insight,7,23,23,23,100.0
0.8,single_risk,theoretical_insight,35,8,8,8,100.0
0.8,single_risk,theoretical_insight,2,11,12,12,100.0
0.8,monotonic,theoretical_insight,13,44,48,48,100.0
0.8,monotonic,theoretical_insight,10,94,102,102,100.0
0.8,monotonic,theoretical_insight,22,33,34,34,100.0
0.8,monotonic,theoretical_insight,29,179,190,190,100.0
0.8,monotonic,theoretical_insight,26,136,139,139,100.0
0.8,monotonic,theoretical_insight,19,23,25,25,100.0
0.8,monotonic,theoretical_insight,16,151,176,176,100.0
0.8,monotonic,theoretical_insight,15,154,166,166,100.0
0.8,monotonic,theoretical_insight,1,137,147,147,100.0
0.8,monotonic,theoretical_insight,12,215,225,225,100.0
0.8,monotonic,theoretical_insight,14,180,197,197,100.0
0.8,monotonic,theoretical_insight,20,145,181,181,100.0
0.8,monotonic,theoretical_insight,8,159,194,194,100.0
0.8,monotonic,theoretical_insight,6,194,213,213,100.0
0.8,monotonic,theoretical_insight,5,59,62,62,100.0
0.8,monotonic,theoretical_insight,18,219,240,240,100.0
0.8,monotonic,theoretical_insight,4,139,152,152,100.0
0.8,monotonic,theoretical_insight,9,74,78,78,100.0
0.8,monotonic,theoretical_insight,39,24,26,26,100.0
0.8,monotonic,theoretical_insight,0,120,130,130,100.0
0.8,monotonic,theoretical_insight,34,131,144,144,100.0
0.8,monotonic,theoretical_insight,35,69,73,73,100.0
0.8,monotonic,theoretical_insight,24,8,8,8,100.0
0.8,monotonic,theoretical_insight,17,98,102,102,100.0
0.8,monotonic,theoretical_insight,32,47,48,48,100.0
0.8,monotonic,theoretical_insight,7,138,152,152,100.0
0.8,monotonic,theoretical_insight,31,28,28,28,100.0
0.8,monotonic,theoretical_insight,27,60,60,60,100.0
0.8,monotonic,theoretical_insight,30,29,29,29,100.0
0.8,monotonic,theoretical_insight,3,48,48,48,100.0
0.8,monotonic,theoretical_insight,21,79,80,80,100.0
0.8,monotonic,theoretical_insight,2,18,19,19,100.0
0.8,monotonic,theoretical_insight,38,11,11,11,100.0
0.8,monotonic,theoretical_insight,25,91,102,102,100.0
0.8,monotonic,theoretical_insight,33,24,24,24,100.0
0.8,monotonic,theoretical_insight,37,72,74,74,100.0
0.8,monotonic,theoretical_insight,28,16,16,16,100.0
0.8,monotonic,theoretical_insight,36,28,28,28,100.0
0.8,monotonic,theoretical_insight,11,17,23,23,100.0
0.8,monotonic,theoretical_insight,23,20,20,20,100.0
0.8,both,theoretical_insight,34,46,47,47,100.0
0.8,both,theoretical_insight,6,86,94,94,100.0
0.8,both,theoretical_insight,33,30,30,30,100.0
0.8,both,theoretical_insight,16,101,104,104,100.0
0.8,both,theoretical_insight,14,69,70,70,100.0
0.8,both,theoretical_insight,2,227,273,273,100.0
0.8,both,theoretical_insight,1,205,226,226,100.0
0.8,both,theoretical_insight,37,128,140,140,100.0
0.8,both,theoretical_insight,30,219,235,235,100.0
0.8,both,theoretical_insight,7,106,118,118,100.0
0.8,both,theoretical_insight,8,223,235,235,100.0
0.8,both,theoretical_insight,3,171,183,183,100.0
0.8,both,theoretical_insight,25,128,154,154,100.0
0.8,both,theoretical_insight,17,67,75,75,100.0
0.8,both,theoretical_insight,9,95,105,105,100.0
0.8,both,theoretical_insight,35,135,142,142,100.0
0.8,both,theoretical_insight,5,253,286,286,100.0
0.8,both,theoretical_insight,32,93,97,97,100.0
0.8,both,theoretical_insight,12,120,130,130,100.0
0.8,both,theoretical_insight,15,45,49,49,100.0
0.8,both,theoretical_insight,27,24,26,26,100.0
0.8,both,theoretical_insight,0,28,31,31,100.0
0.8,both,theoretical_insight,19,72,78,78,100.0
0.8,both,theoretical_insight,24,8,8,8,100.0
0.8,both,theoretical_insight,18,78,83,83,100.0
0.8,both,theoretical_insight,20,42,43,43,100.0
0.8,both,theoretical_insight,22,29,29,29,100.0
0.8,both,theoretical_insight,31,25,25,25,100.0
0.8,both,theoretical_insight,26,97,109,109,100.0
0.8,both,theoretical_insight,28,45,45,45,100.0
0.8,both,theoretical_insight,11,76,77,77,100.0
0.8,both,theoretical_insight,29,21,23,23,100.0
0.8,both,theoretical_insight,39,10,10,10,100.0
0.8,both,theoretical_insight,10,16,21,21,100.0
0.8,both,theoretical_insight,4,89,94,94,100.0
0.8,both,theoretical_insight,13,9,10,10,100.0
0.8,both,theoretical_insight,21,10,10,10,100.0
0.8,both,theoretical_insight,38,14,14,14,100.0
0.8,both,theoretical_insight,36,33,36,36,100.0
0.8,both,theoretical_insight,23,17,17,17,100.0
0.85,unconstrained,theoretical_insight,10,113,122,122,100.0
0.85,unconstrained,theoretical_insight,0,140,151,151,100.0
0.85,unconstrained,theoretical_insight,16,86,90,90,100.0
0.85,unconstrained,theoretical_insight,14,237,257,257,100.0
0.85,unconstrained,theoretical_insight,4,135,161,161,100.0
0.85,unconstrained,theoretical_insight,38,75,85,85,100.0
0.85,unconstrained,theoretical_insight,17,143,171,171,100.0
0.85,unconstrained,theoretical_insight,1,172,193,193,100.0
0.85,unconstrained,theoretical_insight,23,72,74,74,100.0
0.85,unconstrained,theoretical_insight,21,84,91,91,100.0
0.85,unconstrained,theoretical_insight,3,63,68,68,100.0
0.85,unconstrained,theoretical_insight,30,18,18,18,100.0
0.85,unconstrained,theoretical_insight,39,131,139,139,100.0
0.85,unconstrained,theoretical_insight,27,36,36,36,100.0
0.85,unconstrained,theoretical_insight,12,244,287,287,100.0
0.85,unconstrained,theoretical_insight,18,117,131,131,100.0
0.85,unconstrained,theoretical_insight,5,114,130,130,100.0
0.85,unconstrained,theoretical_insight,22,70,73,73,100.0
0.85,unconstrained,theoretical_insight,37,75,78,78,100.0
0.85,unconstrained,theoretical_insight,2,211,233,233,100.0
0.85,unconstrained,theoretical_insight,8,132,145,145,100.0
0.85,unconstrained,theoretical_insight,31,8,9,9,100.0
0.85,unconstrained,theoretical_insight,11,78,82,82,100.0
0.85,unconstrained,theoretical_insight,32,35,35,35,100.0
0.85,unconstrained,theoretical_insight,29,84,91,91,100.0
0.85,unconstrained,theoretical_insight,24,59,61,61,100.0
0.85,unconstrained,theoretical_insight,33,53,54,54,100.0
0.85,unconstrained,theoretical_insight,7,102,112,112,100.0
0.85,unconstrained,theoretical_insight,9,62,64,64,100.0
0.85,unconstrained,theoretical_insight,13,9,9,9,100.0
0.85,unconstrained,theoretical_insight,20,61,62,62,100.0
0.85,unconstrained,theoretical_insight,26,33,33,33,100.0
0.85,unconstrained,theoretical_insight,34,22,23,23,100.0
0.85,unconstrained,theoretical_insight,36,20,22,22,100.0
0.85,unconstrained,theoretical_insight,35,10,11,11,100.0
0.85,unconstrained,theoretical_insight,25,16,17,17,100.0
0.85,unconstrained,theoretical_insight,28,13,13,13,100.0
0.85,unconstrained,theoretical_insight,19,43,43,43,100.0
0.85,unconstrained,theoretical_insight,15,23,23,23,100.0
0.85,unconstrained,theoretical_insight,6,28,30,30,100.0
0.85,single_risk,theoretical_insight,23,117,123,123,100.0
0.85,single_risk,theoretical_insight,28,21,21,21,100.0
0.85,single_risk,theoretical_insight,5,113,120,120,100.0
0.85,single_risk,theoretical_insight,2,241,299,299,100.0
0.85,single_risk,theoretical_insight,27,154,175,175,100.0
0.85,single_risk,theoretical_insight,13,113,126,126,100.0
0.85,single_risk,theoretical_insight,17,201,216,216,100.0
0.85,single_risk,theoretical_insight,4,63,65,65,100.0
0.85,single_risk,theoretical_insight,25,69,71,71,100.0
0.85,single_risk,theoretical_insight,32,109,128,128,100.0
0.85,single_risk,theoretical_insight,16,91,102,102,100.0
0.85,single_risk,theoretical_insight,26,89,98,98,100.0
0.85,single_risk,theoretical_insight,35,26,28,28,100.0
0.85,single_risk,theoretical_insight,30,12,12,12,100.0
0.85,single_risk,theoretical_insight,38,126,134,134,100.0
0.85,single_risk,theoretical_insight,1,79,86,86,100.0
0.85,single_risk,theoretical_insight,9,47,48,48,100.0
0.85,single_risk,theoretical_insight,0,226,266,266,100.0
0.85,single_risk,theoretical_insight,24,40,42,42,100.0
0.85,single_risk,theoretical_insight,19,119,131,131,100.0
0.85,single_risk,theoretical_insight,7,24,26,26,100.0
0.85,single_risk,theoretical_insight,36,85,91,91,100.0
0.85,single_risk,theoretical_insight,6,69,74,74,100.0
0.85,single_risk,theoretical_insight,3,53,57,57,100.0
0.85,single_risk,theoretical_insight,15,60,62,62,100.0
0.85,single_risk,theoretical_insight,37,20,22,22,100.0
0.85,single_risk,theoretical_insight,18,51,53,53,100.0
0.85,single_risk,theoretical_insight,34,43,45,45,100.0
0.85,single_risk,theoretical_insight,12,63,68,68,100.0
0.85,single_risk,theoretical_insight,29,57,65,65,100.0
0.85,single_risk,theoretical_insight,22,31,31,31,100.0
0.85,single_risk,theoretical_insight,20,53,53,53,100.0
0.85,single_risk,theoretical_insight,21,46,47,47,100.0
0.85,single_risk,theoretical_insight,11,23,27,27,100.0
0.85,single_risk,theoretical_insight,31,57,59,59,100.0
0.85,single_risk,theoretical_insight,10,20,21,21,100.0
0.85,single_risk,theoretical_insight,8,58,61,61,100.0
0.85,single_risk,theoretical_insight,39,16,17,17,100.0
0.85,single_risk,theoretical_insight,14,7,7,7,100.0
0.85,single_risk,theoretical_insight,33,19,19,19,100.0
0.85,monotonic,theoretical_insight,6,99,105,105,100.0
0.85,monotonic,theoretical_insight,2,98,105,105,100.0
0.85,monotonic,theoretical_insight,39,147,154,154,100.0
0.85,monotonic,theoretical_insight,0,117,128,128,100.0
0.85,monotonic,theoretical_insight,18,67,72,72,100.0
0.85,monotonic,theoretical_insight,5,93,109,109,100.0
0.85,monotonic,theoretical_insight,11,163,181,181,100.0
0.85,monotonic,theoretical_insight,16,110,121,121,100.0
0.85,monotonic,theoretical_insight,32,37,38,38,100.0
0.85,monotonic,theoretical_insight,25,62,64,64,100.0
0.85,monotonic,theoretical_insight,20,114,134,134,100.0
0.85,monotonic,theoretical_insight,34,54,63,63,100.0
0.85,monotonic,theoretical_insight,30,39,40,40,100.0
0.85,monotonic,theoretical_insight,26,73,81,81,100.0
0.85,monotonic,theoretical_insight,12,53,55,55,100.0
0.85,monotonic,theoretical_insight,1,112,120,120,100.0
0.85,monotonic,theoretical_insight,31,122,129,129,100.0
0.85,monotonic,theoretical_insight,37,27,27,27,100.0
0.85,monotonic,theoretical_insight,4,250,289,289,100.0
0.85,monotonic,theoretical_insight,22,81,89,89,100.0
0.85,monotonic,theoretical_insight,33,68,72,72,100.0
0.85,monotonic,theoretical_insight,8,21,23,23,100.0
0.85,monotonic,theoretical_insight,17,60,65,65,100.0
0.85,monotonic,theoretical_insight,15,47,47,47,100.0
0.85,monotonic,theoretical_insight,28,7,8,8,100.0
0.85,monotonic,theoretical_insight,21,49,52,52,100.0
0.85,monotonic,theoretical_insight,29,28,28,28,100.0
0.85,monotonic,theoretical_insight,3,96,101,101,100.0
0.85,monotonic,theoretical_insight,9,70,75,75,100.0
0.85,monotonic,theoretical_insight,7,120,133,133,100.0
0.85,monotonic,theoretical_insight,10,55,56,56,100.0
0.85,monotonic,theoretical_insight,13,82,89,89,100.0
0.85,monotonic,theoretical_insight,14,15,15,15,100.0
0.85,monotonic,theoretical_insight,24,33,34,34,100.0
0.85,monotonic,theoretical_insight,36,17,23,23,100.0
0.85,monotonic,theoretical_insight,23,11,12,12,100.0
0.85,monotonic,theoretical_insight,27,12,12,12,100.0
0.85,monotonic,theoretical_insight,19,32,32,32,100.0
0.85,monotonic,theoretical_insight,38,30,30,30,100.0
0.85,monotonic,theoretical_insight,35,4,5,5,100.0
0.85,both,theoretical_insight,5,127,133,133,100.0
0.85,both,theoretical_insight,24,66,67,67,100.0
0.85,both,theoretical_insight,9,162,171,171,100.0
0.85,both,theoretical_insight,3,56,62,62,100.0
0.85,both,theoretical_insight,26,161,179,179,100.0
0.85,both,theoretical_insight,2,107,124,124,100.0
0.85,both,theoretical_insight,30,46,47,47,100.0
0.85,both,theoretical_insight,21,63,66,66,100.0
0.85,both,theoretical_insight,13,101,118,118,100.0
0.85,both,theoretical_insight,19,93,108,108,100.0
0.85,both,theoretical_insight,15,45,48,48,100.0
0.85,both,theoretical_insight,29,86,97,97,100.0
0.85,both,theoretical_insight,11,44,45,45,100.0
0.85,both,theoretical_insight,6,94,101,101,100.0
0.85,both,theoretical_insight,22,114,120,120,100.0
0.85,both,theoretical_insight,34,59,65,65,100.0
0.85,both,theoretical_insight,10,176,199,199,100.0
0.85,both,theoretical_insight,1,95,103,103,100.0
0.85,both,theoretical_insight,8,93,100,100,100.0
0.85,both,theoretical_insight,12,151,185,185,100.0
0.85,both,theoretical_insight,4,42,44,44,100.0
0.85,both,theoretical_insight,32,52,56,56,100.0
0.85,both,theoretical_insight,36,57,58,58,100.0
0.85,both,theoretical_insight,28,40,42,42,100.0
0.85,both,theoretical_insight,25,29,29,29,100.0
0.85,both,theoretical_insight,31,67,71,71,100.0
0.85,both,theoretical_insight,0,62,68,68,100.0
0.85,both,theoretical_insight,35,51,52,52,100.0
0.85,both,theoretical_insight,14,15,15,15,100.0
0.85,both,theoretical_insight,18,25,25,25,100.0
0.85,both,theoretical_insight,27,67,70,70,100.0
0.85,both,theoretical_insight,37,17,18,18,100.0
0.85,both,theoretical_insight,7,51,52,52,100.0
0.85,both,theoretical_insight,23,15,15,15,100.0
0.85,both,theoretical_insight,33,15,16,16,100.0
0.85,both,theoretical_insight,16,19,20,20,100.0
0.85,both,theoretical_insight,17,61,66,66,100.0
0.85,both,theoretical_insight,39,7,7,7,100.0
0.85,both,theoretical_insight,38,4,5,5,100.0
0.85,both,theoretical_insight,20,2,2,2,100.0
0.9,unconstrained,theoretical_insight,9,71,76,76,100.0
0.9,unconstrained,theoretical_insight,2,130,138,138,100.0
0.9,unconstrained,theoretical_insight,25,19,19,19,100.0
0.9,unconstrained,theoretical_insight,6,124,129,129,100.0
0.9,unconstrained,theoretical_insight,3,62,70,70,100.0
0.9,unconstrained,theoretical_insight,11,100,108,108,100.0
0.9,unconstrained,theoretical_insight,33,78,88,88,100.0
0.9,unconstrained,theoretical_insight,14,29,30,30,100.0
0.9,unconstrained,theoretical_insight,29,79,83,83,100.0
0.9,unconstrained,theoretical_insight,39,38,42,42,100.0
0.9,unconstrained,theoretical_insight,10,130,155,155,100.0
0.9,unconstrained,theoretical_insight,13,87,101,101,100.0
0.9,unconstrained,theoretical_insight,34,56,61,61,100.0
0.9,unconstrained,theoretical_insight,23,20,21,21,100.0
0.9,unconstrained,theoretical_insight,18,41,46,46,100.0
0.9,unconstrained,theoretical_insight,36,101,107,107,100.0
0.9,unconstrained,theoretical_insight,4,109,114,114,100.0
0.9,unconstrained,theoretical_insight,12,209,239,239,100.0
0.9,unconstrained,theoretical_insight,28,58,63,63,100.0
0.9,unconstrained,theoretical_insight,30,67,70,70,100.0
0.9,unconstrained,theoretical_insight,7,116,143,143,100.0
0.9,unconstrained,theoretical_insight,1,107,125,125,100.0
0.9,unconstrained,theoretical_insight,8,60,65,65,100.0
0.9,unconstrained,theoretical_insight,21,24,24,24,100.0
0.9,unconstrained,theoretical_insight,0,34,35,35,100.0
0.9,unconstrained,theoretical_insight,37,31,32,32,100.0
0.9,unconstrained,theoretical_insight,19,44,46,46,100.0
0.9,unconstrained,theoretical_insight,5,72,73,73,100.0
0.9,unconstrained,theoretical_insight,31,26,26,26,100.0
0.9,unconstrained,theoretical_insight,27,25,26,26,100.0
0.9,unconstrained,theoretical_insight,15,16,18,18,100.0
0.9,unconstrained,theoretical_insight,38,28,30,30,100.0
0.9,unconstrained,theoretical_insight,35,41,43,43,100.0
0.9,unconstrained,theoretical_insight,26,41,42,42,100.0
0.9,unconstrained,theoretical_insight,24,21,21,21,100.0
0.9,unconstrained,theoretical_insight,32,24,25,25,100.0
0.9,unconstrained,theoretical_insight,16,8,9,9,100.0
0.9,unconstrained,theoretical_insight,22,11,13,13,100.0
0.9,unconstrained,theoretical_insight,17,3,5,5,100.0
0.9,unconstrained,theoretical_insight,20,1,1,1,100.0
0.9,single_risk,theoretical_insight,37,33,35,35,100.0
0.9,single_risk,theoretical_insight,29,18,18,18,100.0
0.9,single_risk,theoretical_insight,26,76,87,87,100.0
0.9,single_risk,theoretical_insight,15,145,155,155,100.0
0.9,single_risk,theoretical_insight,39,16,16,16,100.0
0.9,single_risk,theoretical_insight,35,130,137,137,100.0
0.9,single_risk,theoretical_insight,2,52,60,60,100.0
0.9,single_risk,theoretical_insight,19,28,29,29,100.0
0.9,single_risk,theoretical_insight,3,126,149,149,100.0
0.9,single_risk,theoretical_insight,20,58,67,67,100.0
0.9,single_risk,theoretical_insight,11,64,70,70,100.0
0.9,single_risk,theoretical_insight,33,19,19,19,100.0
0.9,single_risk,theoretical_insight,7,66,73,73,100.0
0.9,single_risk,theoretical_insight,30,100,107,107,100.0
0.9,single_risk,theoretical_insight,28,30,33,33,100.0
0.9,single_risk,theoretical_insight,21,42,47,47,100.0
0.9,single_risk,theoretical_insight,1,56,56,56,100.0
0.9,single_risk,theoretical_insight,5,180,205,205,100.0
0.9,single_risk,theoretical_insight,6,113,120,120,100.0
0.9,single_risk,theoretical_insight,25,53,56,56,100.0
0.9,single_risk,theoretical_insight,18,35,41,41,100.0
0.9,single_risk,theoretical_insight,0,118,144,144,100.0
0.9,single_risk,theoretical_insight,17,43,44,44,100.0
0.9,single_risk,theoretical_insight,16,70,79,79,100.0
0.9,single_risk,theoretical_insight,8,9,13,13,100.0
0.9,single_risk,theoretical_insight,38,20,23,23,100.0
0.9,single_risk,theoretical_insight,9,50,51,51,100.0
0.9,single_risk,theoretical_insight,14,58,58,58,100.0
0.9,single_risk,theoretical_insight,31,19,19,19,100.0
0.9,single_risk,theoretical_insight,32,56,59,59,100.0
0.9,single_risk,theoretical_insight,13,18,18,18,100.0
0.9,single_risk,theoretical_insight,12,64,70,70,100.0
0.9,single_risk,theoretical_insight,22,27,29,29,100.0
0.9,single_risk,theoretical_insight,36,53,56,56,100.0
0.9,single_risk,theoretical_insight,4,74,77,77,100.0
0.9,single_risk,theoretical_insight,23,47,49,49,100.0
0.9,single_risk,theoretical_insight,10,31,32,32,100.0
0.9,single_risk,theoretical_insight,24,6,6,6,100.0
0.9,single_risk,theoretical_insight,27,10,10,10,100.0
0.9,single_risk,theoretical_insight,34,11,13,13,100.0
0.9,monotonic,theoretical_insight,10,31,33,33,100.0
0.9,monotonic,theoretical_insight,35,23,23,23,100.0
0.9,monotonic,theoretical_insight,14,81,92,92,100.0
0.9,monotonic,theoretical_insight,26,22,24,24,100.0
0.9,monotonic,theoretical_insight,20,60,62,62,100.0
0.9,monotonic,theoretical_insight,0,42,44,44,100.0
0.9,monotonic,theoretical_insight,28,113,118,118,100.0
0.9,monotonic,theoretical_insight,15,58,64,64,100.0
0.9,monotonic,theoretical_insight,27,135,145,145,100.0
0.9,monotonic,theoretical_insight,33,16,16,16,100.0
0.9,monotonic,theoretical_insight,32,75,79,79,100.0
0.9,monotonic,theoretical_insight,12,104,122,122,100.0
0.9,monotonic,theoretical_insight,8,77,89,89,100.0
0.9,monotonic,theoretical_insight,19,58,65,65,100.0
0.9,monotonic,theoretical_insight,21,26,27,27,100.0
0.9,monotonic,theoretical_insight,22,41,46,46,100.0
0.9,monotonic,theoretical_insight,34,100,107,107,100.0
0.9,monotonic,theoretical_insight,39,36,38,38,100.0
0.9,monotonic,theoretical_insight,7,73,80,80,100.0
0.9,monotonic,theoretical_insight,1,186,206,206,100.0
0.9,monotonic,theoretical_insight,5,62,63,63,100.0
0.9,monotonic,theoretical_insight,4,81,83,83,100.0
0.9,monotonic,theoretical_insight,9,56,60,60,100.0
0.9,monotonic,theoretical_insight,16,36,43,43,100.0
0.9,monotonic,theoretical_insight,2,94,104,104,100.0
0.9,monotonic,theoretical_insight,11,52,56,56,100.0
0.9,monotonic,theoretical_insight,36,22,25,25,100.0
0.9,monotonic,theoretical_insight,13,60,67,67,100.0
0.9,monotonic,theoretical_insight,29,21,21,21,100.0
0.9,monotonic,theoretical_insight,18,50,54,54,100.0
0.9,monotonic,theoretical_insight,3,69,77,77,100.0
0.9,monotonic,theoretical_insight,6,64,65,65,100.0
0.9,monotonic,theoretical_insight,31,21,21,21,100.0
0.9,monotonic,theoretical_insight,17,37,39,39,100.0
0.9,monotonic,theoretical_insight,38,25,27,27,100.0
0.9,monotonic,theoretical_insight,37,41,43,43,100.0
0.9,monotonic,theoretical_insight,25,26,26,26,100.0
0.9,monotonic,theoretical_insight,24,11,12,12,100.0
0.9,monotonic,theoretical_insight,23,4,4,4,100.0
0.9,monotonic,theoretical_insight,30,7,7,7,100.0
0.9,both,theoretical_insight,10,83,92,92,100.0
0.9,both,theoretical_insight,35,23,23,23,100.0
0.9,both,theoretical_insight,0,82,93,93,100.0
0.9,both,theoretical_insight,29,22,24,24,100.0
0.9,both,theoretical_insight,26,133,142,142,100.0
0.9,both,theoretical_insight,39,41,41,41,100.0
0.9,both,theoretical_insight,7,142,150,150,100.0
0.9,both,theoretical_insight,21,53,59,59,100.0
0.9,both,theoretical_insight,23,15,15,15,100.0
0.9,both,theoretical_insight,1,140,164,164,100.0
0.9,both,theoretical_insight,9,69,78,78,100.0
0.9,both,theoretical_insight,22,84,95,95,100.0
0.9,both,theoretical_insight,27,25,25,25,100.0
0.9,both,theoretical_insight,25,41,46,46,100.0
0.9,both,theoretical_insight,14,109,116,116,100.0
0.9,both,theoretical_insight,32,34,37,37,100.0
0.9,both,theoretical_insight,3,201,225,225,100.0
0.9,both,theoretical_insight,16,78,79,79,100.0
0.9,both,theoretical_insight,13,51,53,53,100.0
0.9,both,theoretical_insight,5,71,76,76,100.0
0.9,both,theoretical_insight,6,45,52,52,100.0
0.9,both,theoretical_insight,34,40,43,43,100.0
0.9,both,theoretical_insight,37,19,19,19,100.0
0.9,both,theoretical_insight,15,52,58,58,100.0
0.9,both,theoretical_insight,12,60,61,61,100.0
0.9,both,theoretical_insight,31,15,15,15,100.0
0.9,both,theoretical_insight,2,84,92,92,100.0
0.9,both,theoretical_insight,36,24,25,25,100.0
0.9,both,theoretical_insight,8,8,8,8,100.0
0.9,both,theoretical_insight,30,43,45,45,100.0
0.9,both,theoretical_insight,24,16,18,18,100.0
0.9,both,theoretical_insight,19,57,65,65,100.0
0.9,both,theoretical_insight,17,51,53,53,100.0
0.9,both,theoretical_insight,4,23,23,23,100.0
0.9,both,theoretical_insight,38,35,37,37,100.0
0.9,both,theoretical_insight,33,37,39,39,100.0
0.9,both,theoretical_insight,20,25,25,25,100.0
0.9,both,theoretical_insight,11,12,12,12,100.0
0.9,both,theoretical_insight,28,3,3,3,100.0
0.9,both,theoretical_insight,18,11,11,11,100.0
0.95,unconstrained,theoretical_insight,10,37,41,41,100.0
0.95,unconstrained,theoretical_insight,25,22,22,22,100.0
0.95,unconstrained,theoretical_insight,31,73,82,82,100.0
0.95,unconstrained,theoretical_insight,15,54,55,55,100.0
0.95,unconstrained,theoretical_insight,5,52,55,55,100.0
0.95,unconstrained,theoretical_insight,27,50,58,58,100.0
0.95,unconstrained,theoretical_insight,6,126,137,137,100.0
0.95,unconstrained,theoretical_insight,28,106,111,111,100.0
0.95,unconstrained,theoretical_insight,7,112,130,130,100.0
0.95,unconstrained,theoretical_insight,4,74,85,85,100.0
0.95,unconstrained,theoretical_insight,0,90,104,104,100.0
0.95,unconstrained,theoretical_insight,30,19,19,19,100.0
0.95,unconstrained,theoretical_insight,26,57,63,63,100.0
0.95,unconstrained,theoretical_insight,17,103,110,110,100.0
0.95,unconstrained,theoretical_insight,9,105,110,110,100.0
0.95,unconstrained,theoretical_insight,8,54,61,61,100.0
0.95,unconstrained,theoretical_insight,33,88,100,100,100.0
0.95,unconstrained,theoretical_insight,13,145,161,161,100.0
0.95,unconstrained,theoretical_insight,22,81,86,86,100.0
0.95,unconstrained,theoretical_insight,23,58,58,58,100.0
0.95,unconstrained,theoretical_insight,16,45,55,55,100.0
0.95,unconstrained,theoretical_insight,36,11,13,13,100.0
0.95,unconstrained,theoretical_insight,24,32,36,36,100.0
0.95,unconstrained,theoretical_insight,18,8,10,10,100.0
0.95,unconstrained,theoretical_insight,12,30,35,35,100.0
0.95,unconstrained,theoretical_insight,39,7,7,7,100.0
0.95,unconstrained,theoretical_insight,37,17,19,19,100.0
0.95,unconstrained,theoretical_insight,11,69,77,77,100.0
0.95,unconstrained,theoretical_insight,29,9,9,9,100.0
0.95,unconstrained,theoretical_insight,1,43,44,44,100.0
0.95,unconstrained,theoretical_insight,3,97,108,108,100.0
0.95,unconstrained,theoretical_insight,14,53,56,56,100.0
0.95,unconstrained,theoretical_insight,2,42,42,42,100.0
0.95,unconstrained,theoretical_insight,38,33,35,35,100.0
0.95,unconstrained,theoretical_insight,20,26,26,26,100.0
0.95,unconstrained,theoretical_insight,34,4,4,4,100.0
0.95,unconstrained,theoretical_insight,32,13,13,13,100.0
0.95,unconstrained,theoretical_insight,35,13,14,14,100.0
0.95,unconstrained,theoretical_insight,21,11,11,11,100.0
0.95,unconstrained,theoretical_insight,19,2,2,2,100.0
0.95,single_risk,theoretical_insight,4,47,50,50,100.0
0.95,single_risk,theoretical_insight,21,26,26,26,100.0
0.95,single_risk,theoretical_insight,1,77,89,89,100.0
0.95,single_risk,theoretical_insight,9,46,49,49,100.0
0.95,single_risk,theoretical_insight,28,10,12,12,100.0
0.95,single_risk,theoretical_insight,0,119,147,147,100.0
0.95,single_risk,theoretical_insight,10,135,147,147,100.0
0.95,single_risk,theoretical_insight,6,141,147,147,100.0
0.95,single_risk,theoretical_insight,15,111,124,124,100.0
0.95,single_risk,theoretical_insight,26,67,73,73,100.0
0.95,single_risk,theoretical_insight,17,116,124,124,100.0
0.95,single_risk,theoretical_insight,19,27,27,27,100.0
0.95,single_risk,theoretical_insight,34,39,44,44,100.0
0.95,single_risk,theoretical_insight,5,91,94,94,100.0
0.95,single_risk,theoretical_insight,32,52,58,58,100.0
0.95,single_risk,theoretical_insight,29,94,103,103,100.0
0.95,single_risk,theoretical_insight,30,95,106,106,100.0
0.95,single_risk,theoretical_insight,11,77,83,83,100.0
0.95,single_risk,theoretical_insight,12,65,66,66,100.0
0.95,single_risk,theoretical_insight,16,63,70,70,100.0
0.95,single_risk,theoretical_insight,22,15,17,17,100.0
0.95,single_risk,theoretical_insight,13,33,37,37,100.0
0.95,single_risk,theoretical_insight,23,16,18,18,100.0
0.95,single_risk,theoretical_insight,3,70,75,75,100.0
0.95,single_risk,theoretical_insight,35,7,7,7,100.0
0.95,single_risk,theoretical_insight,37,17,19,19,100.0
0.95,single_risk,theoretical_insight,8,98,109,109,100.0
0.95,single_risk,theoretical_insight,18,20,21,21,100.0
0.95,single_risk,theoretical_insight,27,3,3,3,100.0
0.95,single_risk,theoretical_insight,24,18,19,19,100.0
0.95,single_risk,theoretical_insight,14,54,57,57,100.0
0.95,single_risk,theoretical_insight,2,51,54,54,100.0
0.95,single_risk,theoretical_insight,7,17,17,17,100.0
0.95,single_risk,theoretical_insight,20,33,35,35,100.0
0.95,single_risk,theoretical_insight,36,19,20,20,100.0
0.95,single_risk,theoretical_insight,31,24,24,24,100.0
0.95,single_risk,theoretical_insight,25,10,10,10,100.0
0.95,single_risk,theoretical_insight,38,20,20,20,100.0
0.95,single_risk,theoretical_insight,39,28,32,32,100.0
0.95,single_risk,theoretical_insight,33,11,11,11,100.0
0.95,monotonic,theoretical_insight,23,41,43,43,100.0
0.95,monotonic,theoretical_insight,35,24,24,24,100.0
0.95,monotonic,theoretical_insight,2,81,92,92,100.0
0.95,monotonic,theoretical_insight,11,62,62,62,100.0
0.95,monotonic,theoretical_insight,1,132,140,140,100.0
0.95,monotonic,theoretical_insight,9,57,65,65,100.0
0.95,monotonic,theoretical_insight,29,85,91,91,100.0
0.95,monotonic,theoretical_insight,12,106,124,124,100.0
0.95,monotonic,theoretical_insight,30,60,65,65,100.0
0.95,monotonic,theoretical_insight,13,115,124,124,100.0
0.95,monotonic,theoretical_insight,28,19,19,19,100.0
0.95,monotonic,theoretical_insight,39,40,45,45,100.0
0.95,monotonic,theoretical_insight,5,90,93,93,100.0
0.95,monotonic,theoretical_insight,15,57,64,64,100.0
0.95,monotonic,theoretical_insight,19,131,141,141,100.0
0.95,monotonic,theoretical_insight,8,107,118,118,100.0
0.95,monotonic,theoretical_insight,0,89,93,93,100.0
0.95,monotonic,theoretical_insight,3,62,62,62,100.0
0.95,monotonic,theoretical_insight,6,61,70,70,100.0
0.95,monotonic,theoretical_insight,37,22,25,25,100.0
0.95,monotonic,theoretical_insight,38,39,40,40,100.0
0.95,monotonic,theoretical_insight,20,18,20,20,100.0
0.95,monotonic,theoretical_insight,32,52,53,53,100.0
0.95,monotonic,theoretical_insight,14,74,84,84,100.0
0.95,monotonic,theoretical_insight,4,81,87,87,100.0
0.95,monotonic,theoretical_insight,33,17,19,19,100.0
0.95,monotonic,theoretical_insight,7,93,103,103,100.0
0.95,monotonic,theoretical_insight,34,2,2,2,100.0
0.95,monotonic,theoretical_insight,24,39,41,41,100.0
0.95,monotonic,theoretical_insight,10,23,25,25,100.0
0.95,monotonic,theoretical_insight,22,3,3,3,100.0
0.95,monotonic,theoretical_insight,31,29,31,31,100.0
0.95,monotonic,theoretical_insight,36,38,40,40,100.0
0.95,monotonic,theoretical_insight,18,21,21,21,100.0
0.95,monotonic,theoretical_insight,26,7,7,7,100.0
0.95,monotonic,theoretical_insight,17,26,26,26,100.0
0.95,monotonic,theoretical_insight,27,5,5,5,100.0
0.95,monotonic,theoretical_insight,25,18,18,18,100.0
0.95,monotonic,theoretical_insight,21,4,6,6,100.0
0.95,monotonic,theoretical_insight,16,6,6,6,100.0
0.95,both,theoretical_insight,6,39,40,40,100.0
0.95,both,theoretical_insight,33,25,25,25,100.0
0.95,both,theoretical_insight,35,69,78,78,100.0
0.95,both,theoretical_insight,23,6,6,6,100.0
0.95,both,theoretical_insight,0,30,32,32,100.0
0.95,both,theoretical_insight,18,71,78,78,100.0
0.95,both,theoretical_insight,24,135,147,147,100.0
0.95,both,theoretical_insight,5,48,49,49,100.0
0.95,both,theoretical_insight,34,97,102,102,100.0
0.95,both,theoretical_insight,1,142,171,171,100.0
0.95,both,theoretical_insight,8,60,66,66,100.0
0.95,both,theoretical_insight,11,118,128,128,100.0
0.95,both,theoretical_insight,26,28,28,28,100.0
0.95,both,theoretical_insight,22,40,45,45,100.0
0.95,both,theoretical_insight,32,53,55,55,100.0
0.95,both,theoretical_insight,20,59,66,66,100.0
0.95,both,theoretical_insight,31,37,38,38,100.0
0.95,both,theoretical_insight,21,156,172,172,100.0
0.95,both,theoretical_insight,10,74,78,78,100.0
0.95,both,theoretical_insight,27,83,88,88,100.0
0.95,both,theoretical_insight,9,66,67,67,100.0
0.95,both,theoretical_insight,19,46,50,50,100.0
0.95,both,theoretical_insight,7,60,69,69,100.0
0.95,both,theoretical_insight,13,55,60,60,100.0
0.95,both,theoretical_insight,12,30,33,33,100.0
0.95,both,theoretical_insight,2,73,84,84,100.0
0.95,both,theoretical_insight,14,57,62,62,100.0
0.95,both,theoretical_insight,16,50,54,54,100.0
0.95,both,theoretical_insight,38,28,32,32,100.0
0.95,both,theoretical_insight,17,39,40,40,100.0
0.95,both,theoretical_insight,25,3,3,3,100.0
0.95,both,theoretical_insight,3,34,35,35,100.0
0.95,both,theoretical_insight,15,17,17,17,100.0
0.95,both,theoretical_insight,36,44,44,44,100.0
0.95,both,theoretical_insight,29,12,12,12,100.0
0.95,both,theoretical_insight,30,8,8,8,100.0
0.95,both,theoretical_insight,28,4,6,6,100.0
0.95,both,theoretical_insight,37,7,7,7,100.0
0.95,both,theoretical_insight,4,15,15,15,100.0
0.95,both,theoretical_insight,39,6,6,6,100.0
EDGE,unconstrained,design_rationale,1,67,73,73,100.0
EDGE,unconstrained,design_rationale,20,59,62,62,100.0
EDGE,unconstrained,design_rationale,12,70,71,71,100.0
EDGE,unconstrained,design_rationale,6,73,82,82,100.0
EDGE,unconstrained,design_rationale,23,48,50,50,100.0
EDGE,unconstrained,design_rationale,14,167,174,174,100.0
EDGE,unconstrained,design_rationale,7,131,135,135,100.0
EDGE,unconstrained,design_rationale,26,11,11,11,100.0
EDGE,unconstrained,design_rationale,15,71,80,80,100.0
EDGE,unconstrained,design_rationale,25,190,215,215,100.0
EDGE,unconstrained,design_rationale,34,51,60,60,100.0
EDGE,unconstrained,design_rationale,18,30,32,32,100.0
EDGE,unconstrained,design_rationale,27,27,32,32,100.0
EDGE,unconstrained,design_rationale,32,53,54,54,100.0
EDGE,unconstrained,design_rationale,5,63,72,72,100.0
EDGE,unconstrained,design_rationale,2,101,106,106,100.0
EDGE,unconstrained,design_rationale,9,20,23,23,100.0
EDGE,unconstrained,design_rationale,13,94,103,103,100.0
EDGE,unconstrained,design_rationale,16,66,68,68,100.0
EDGE,unconstrained,design_rationale,3,94,108,108,100.0
EDGE,unconstrained,design_rationale,4,55,59,59,100.0
EDGE,unconstrained,design_rationale,19,63,68,68,100.0
EDGE,unconstrained,design_rationale,10,26,27,27,100.0
EDGE,unconstrained,design_rationale,21,30,37,37,100.0
EDGE,unconstrained,design_rationale,33,42,49,49,100.0
EDGE,unconstrained,design_rationale,8,38,43,43,100.0
EDGE,unconstrained,design_rationale,37,20,24,24,100.0
EDGE,unconstrained,design_rationale,24,83,84,84,100.0
EDGE,unconstrained,design_rationale,31,23,24,24,100.0
EDGE,unconstrained,design_rationale,0,37,41,41,100.0
EDGE,unconstrained,design_rationale,17,49,59,59,100.0
EDGE,unconstrained,design_rationale,11,38,38,38,100.0
EDGE,unconstrained,design_rationale,22,14,15,15,100.0
EDGE,unconstrained,design_rationale,35,10,11,11,100.0
EDGE,unconstrained,design_rationale,29,4,6,6,100.0
EDGE,unconstrained,design_rationale,36,8,8,8,100.0
EDGE,unconstrained,design_rationale,28,14,14,14,100.0
EDGE,unconstrained,design_rationale,39,32,32,32,100.0
EDGE,unconstrained,design_rationale,30,7,7,7,100.0
EDGE,unconstrained,design_rationale,38,7,7,7,100.0
EDGE,single_risk,design_rationale,23,57,63,63,100.0
EDGE,single_risk,design_rationale,0,67,70,70,100.0
EDGE,single_risk,design_rationale,2,40,46,46,100.0
EDGE,single_risk,design_rationale,35,31,34,34,100.0
EDGE,single_risk,design_rationale,30,48,49,49,100.0
EDGE,single_risk,design_rationale,7,144,148,148,100.0
EDGE,single_risk,design_rationale,15,118,122,122,100.0
EDGE,single_risk,design_rationale,27,11,12,12,100.0
EDGE,single_risk,design_rationale,14,59,65,65,100.0
EDGE,single_risk,design_rationale,5,144,162,162,100.0
EDGE,single_risk,design_rationale,38,53,62,62,100.0
EDGE,single_risk,design_rationale,37,27,29,29,100.0
EDGE,single_risk,design_rationale,4,74,85,85,100.0
EDGE,single_risk,design_rationale,11,67,68,68,100.0
EDGE,single_risk,design_rationale,3,67,68,68,100.0
EDGE,single_risk,design_rationale,20,40,44,44,100.0
EDGE,single_risk,design_rationale,13,90,94,94,100.0
EDGE,single_risk,design_rationale,9,22,25,25,100.0
EDGE,single_risk,design_rationale,31,122,132,132,100.0
EDGE,single_risk,design_rationale,6,103,113,113,100.0
EDGE,single_risk,design_rationale,21,60,71,71,100.0
EDGE,single_risk,design_rationale,24,31,34,34,100.0
EDGE,single_risk,design_rationale,17,80,91,91,100.0
EDGE,single_risk,design_rationale,32,33,35,35,100.0
EDGE,single_risk,design_rationale,19,55,60,60,100.0
EDGE,single_risk,design_rationale,16,34,36,36,100.0
EDGE,single_risk,design_rationale,33,45,53,53,100.0
EDGE,single_risk,design_rationale,22,43,50,50,100.0
EDGE,single_risk,design_rationale,1,86,87,87,100.0
EDGE,single_risk,design_rationale,28,28,29,29,100.0
EDGE,single_risk,design_rationale,12,15,16,16,100.0
EDGE,single_risk,design_rationale,25,29,29,29,100.0
EDGE,single_risk,design_rationale,36,12,13,13,100.0
EDGE,single_risk,design_rationale,18,54,57,57,100.0
EDGE,single_risk,design_rationale,26,12,13,13,100.0
EDGE,single_risk,design_rationale,39,10,11,11,100.0
EDGE,single_risk,design_rationale,34,6,6,6,100.0
EDGE,single_risk,design_rationale,29,19,20,20,100.0
EDGE,single_risk,design_rationale,8,20,22,22,100.0
EDGE,single_risk,design_rationale,10,38,38,38,100.0
EDGE,monotonic,design_rationale,26,61,72,72,100.0
EDGE,monotonic,design_rationale,15,66,69,69,100.0
EDGE,monotonic,design_rationale,3,53,62,62,100.0
EDGE,monotonic,design_rationale,23,36,38,38,100.0
EDGE,monotonic,design_rationale,32,39,39,39,100.0
EDGE,monotonic,design_rationale,10,146,150,150,100.0
EDGE,monotonic,design_rationale,30,98,102,102,100.0
EDGE,monotonic,design_rationale,18,9,10,10,100.0
EDGE,monotonic,design_rationale,17,55,62,62,100.0
EDGE,monotonic,design_rationale,28,155,175,175,100.0
EDGE,monotonic,design_rationale,37,50,60,60,100.0
EDGE,monotonic,design_rationale,13,39,39,39,100.0
EDGE,monotonic,design_rationale,24,35,37,37,100.0
EDGE,monotonic,design_rationale,39,28,33,33,100.0
EDGE,monotonic,design_rationale,16,51,52,52,100.0
EDGE,monotonic,design_rationale,7,59,61,61,100.0
EDGE,monotonic,design_rationale,19,39,45,45,100.0
EDGE,monotonic,design_rationale,25,91,95,95,100.0
EDGE,monotonic,design_rationale,0,25,28,28,100.0
EDGE,monotonic,design_rationale,2,141,149,149,100.0
EDGE,monotonic,design_rationale,5,81,91,91,100.0
EDGE,monotonic,design_rationale,14,109,128,128,100.0
EDGE,monotonic,design_rationale,9,22,23,23,100.0
EDGE,monotonic,design_rationale,38,34,37,37,100.0
EDGE,monotonic,design_rationale,6,62,69,69,100.0
EDGE,monotonic,design_rationale,21,53,61,61,100.0
EDGE,monotonic,design_rationale,11,45,46,46,100.0
EDGE,monotonic,design_rationale,20,40,47,47,100.0
EDGE,monotonic,design_rationale,35,22,22,22,100.0
EDGE,monotonic,design_rationale,4,47,48,48,100.0
EDGE,monotonic,design_rationale,29,60,61,61,100.0
EDGE,monotonic,design_rationale,1,34,38,38,100.0
EDGE,monotonic,design_rationale,22,39,46,46,100.0
EDGE,monotonic,design_rationale,31,8,8,8,100.0
EDGE,monotonic,design_rationale,33,31,35,35,100.0
EDGE,monotonic,design_rationale,36,10,11,11,100.0
EDGE,monotonic,design_rationale,27,10,11,11,100.0
EDGE,monotonic,design_rationale,34,6,6,6,100.0
EDGE,monotonic,design_rationale,12,13,13,13,100.0
EDGE,monotonic,design_rationale,8,38,38,38,100.0
EDGE,both,design_rationale,26,61,72,72,100.0
EDGE,both,design_rationale,15,66,69,69,100.0
EDGE,both,design_rationale,3,53,62,62,100.0
EDGE,both,design_rationale,23,36,38,38,100.0
EDGE,both,design_rationale,32,39,39,39,100.0
EDGE,both,design_rationale,10,146,150,150,100.0
EDGE,both,design_rationale,30,98,102,102,100.0
EDGE,both,design_rationale,18,9,10,10,100.0
EDGE,both,design_rationale,17,55,62,62,100.0
EDGE,both,design_rationale,28,155,175,175,100.0
EDGE,both,design_rationale,37,50,60,60,100.0
EDGE,both,design_rationale,13,39,39,39,100.0
EDGE,both,design_rationale,24,35,37,37,100.0
EDGE,both,design_rationale,39,28,33,33,100.0
EDGE,both,design_rationale,16,51,52,52,100.0
EDGE,both,design_rationale,7,59,61,61,100.0
EDGE,both,design_rationale,19,39,45,45,100.0
EDGE,both,design_rationale,25,91,95,95,100.0
EDGE,both,design_rationale,0,25,28,28,100.0
EDGE,both,design_rationale,2,141,149,149,100.0
EDGE,both,design_rationale,5,81,91,91,100.0
EDGE,both,design_rationale,14,109,128,128,100.0
EDGE,both,design_rationale,9,22,23,23,100.0
EDGE,both,design_rationale,38,34,37,37,100.0
EDGE,both,design_rationale,6,62,69,69,100.0
EDGE,both,design_rationale,21,53,61,61,100.0
EDGE,both,design_rationale,11,45,46,46,100.0
EDGE,both,design_rationale,20,40,47,47,100.0
EDGE,both,design_rationale,35,22,22,22,100.0
EDGE,both,design_rationale,4,47,48,48,100.0
EDGE,both,design_rationale,29,60,61,61,100.0
EDGE,both,design_rationale,1,34,38,38,100.0
EDGE,both,design_rationale,22,39,46,46,100.0
EDGE,both,design_rationale,31,8,8,8,100.0
EDGE,both,design_rationale,33,31,35,35,100.0
EDGE,both,design_rationale,36,10,11,11,100.0
EDGE,both,design_rationale,27,10,11,11,100.0
EDGE,both,design_rationale,34,6,6,6,100.0
EDGE,both,design_rationale,12,13,13,13,100.0
EDGE,both,design_rationale,8,38,38,38,100.0
0.8,unconstrained,design_rationale,32,146,171,171,100.0
0.8,unconstrained,design_rationale,6,157,169,169,100.0
0.8,unconstrained,design_rationale,11,80,84,84,100.0
0.8,unconstrained,design_rationale,4,82,85,85,100.0
0.8,unconstrained,design_rationale,21,254,267,267,100.0
0.8,unconstrained,design_rationale,7,267,288,288,100.0
0.8,unconstrained,design_rationale,0,219,271,271,100.0
0.8,unconstrained,design_rationale,1,315,363,363,100.0
0.8,unconstrained,design_rationale,39,50,52,52,100.0
0.8,unconstrained,design_rationale,9,152,172,172,100.0
0.8,unconstrained,design_rationale,28,119,129,129,100.0
0.8,unconstrained,design_rationale,12,274,289,289,100.0
0.8,unconstrained,design_rationale,16,64,72,72,100.0
0.8,unconstrained,design_rationale,24,263,285,285,100.0
0.8,unconstrained,design_rationale,20,68,71,71,100.0
0.8,unconstrained,design_rationale,30,25,28,28,100.0
0.8,unconstrained,design_rationale,27,7,8,8,100.0
0.8,unconstrained,design_rationale,5,350,395,395,100.0
0.8,unconstrained,design_rationale,10,116,122,122,100.0
0.8,unconstrained,design_rationale,2,124,135,135,100.0
0.8,unconstrained,design_rationale,17,71,75,75,100.0
0.8,unconstrained,design_rationale,19,72,74,74,100.0
0.8,unconstrained,design_rationale,26,78,90,90,100.0
0.8,unconstrained,design_rationale,23,121,135,135,100.0
0.8,unconstrained,design_rationale,31,111,118,118,100.0
0.8,unconstrained,design_rationale,18,38,39,39,100.0
0.8,unconstrained,design_rationale,13,40,41,41,100.0
0.8,unconstrained,design_rationale,22,27,27,27,100.0
0.8,unconstrained,design_rationale,3,22,22,22,100.0
0.8,unconstrained,design_rationale,25,81,82,82,100.0
0.8,unconstrained,design_rationale,14,94,96,96,100.0
0.8,unconstrained,design_rationale,37,28,31,31,100.0
0.8,unconstrained,design_rationale,38,13,14,14,100.0
0.8,unconstrained,design_rationale,8,59,60,60,100.0
0.8,unconstrained,design_rationale,15,22,23,23,100.0
0.8,unconstrained,design_rationale,33,13,14,14,100.0
0.8,unconstrained,design_rationale,35,20,21,21,100.0
0.8,unconstrained,design_rationale,36,48,48,48,100.0
0.8,unconstrained,design_rationale,34,4,4,4,100.0
0.8,unconstrained,design_rationale,29,1,1,1,100.0
0.8,single_risk,design_rationale,9,224,276,276,100.0
0.8,single_risk,design_rationale,36,111,116,116,100.0
0.8,single_risk,design_rationale,23,44,46,46,100.0
0.8,single_risk,design_rationale,12,127,146,146,100.0
0.8,single_risk,design_rationale,34,12,13,13,100.0
0.8,single_risk,design_rationale,8,252,266,266,100.0
0.8,single_risk,design_rationale,35,168,175,175,100.0
0.8,single_risk,design_rationale,7,166,201,201,100.0
0.8,single_risk,design_rationale,1,300,347,347,100.0
0.8,single_risk,design_rationale,21,45,47,47,100.0
0.8,single_risk,design_rationale,25,105,113,113,100.0
0.8,single_risk,design_rationale,3,335,353,353,100.0
0.8,single_risk,design_rationale,10,232,252,252,100.0
0.8,single_risk,design_rationale,30,63,65,65,100.0
0.8,single_risk,design_rationale,2,347,393,393,100.0
0.8,single_risk,design_rationale,37,11,11,11,100.0
0.8,single_risk,design_rationale,6,73,78,78,100.0
0.8,single_risk,design_rationale,24,66,70,70,100.0
0.8,single_risk,design_rationale,33,147,178,178,100.0
0.8,single_risk,design_rationale,15,87,89,89,100.0
0.8,single_risk,design_rationale,4,112,115,115,100.0
0.8,single_risk,design_rationale,0,141,157,157,100.0
0.8,single_risk,design_rationale,26,108,122,122,100.0
0.8,single_risk,design_rationale,22,98,105,105,100.0
0.8,single_risk,design_rationale,39,76,77,77,100.0
0.8,single_risk,design_rationale,31,10,10,10,100.0
0.8,single_risk,design_rationale,27,101,103,103,100.0
0.8,single_risk,design_rationale,5,47,50,50,100.0
0.8,single_risk,design_rationale,16,52,54,54,100.0
0.8,single_risk,design_rationale,19,29,32,32,100.0
0.8,single_risk,design_rationale,18,14,15,15,100.0
0.8,single_risk,design_rationale,14,11,11,11,100.0
0.8,single_risk,design_rationale,32,18,19,19,100.0
0.8,single_risk,design_rationale,13,41,42,42,100.0
0.8,single_risk,design_rationale,20,11,12,12,100.0
0.8,single_risk,design_rationale,17,39,40,40,100.0
0.8,single_risk,design_rationale,29,25,27,27,100.0
0.8,single_risk,design_rationale,11,48,48,48,100.0
0.8,single_risk,design_rationale,38,21,21,21,100.0
0.8,single_risk,design_rationale,28,2,2,2,100.0
0.8,monotonic,design_rationale,10,166,202,202,100.0
0.8,monotonic,design_rationale,37,29,30,30,100.0
0.8,monotonic,design_rationale,9,55,58,58,100.0
0.8,monotonic,design_rationale,15,220,230,230,100.0
0.8,monotonic,design_rationale,36,209,218,218,100.0
0.8,monotonic,design_rationale,19,208,224,224,100.0
0.8,monotonic,design_rationale,30,123,142,142,100.0
0.8,monotonic,design_rationale,20,198,213,213,100.0
0.8,monotonic,design_rationale,4,66,70,70,100.0
0.8,monotonic,design_rationale,38,44,45,45,100.0
0.8,monotonic,design_rationale,5,168,183,183,100.0
0.8,monotonic,design_rationale,3,109,119,119,100.0
0.8,monotonic,design_rationale,16,216,228,228,100.0
0.8,monotonic,design_rationale,8,111,143,143,100.0
0.8,monotonic,design_rationale,39,50,52,52,100.0
0.8,monotonic,design_rationale,0,53,58,58,100.0
0.8,monotonic,design_rationale,31,13,14,14,100.0
0.8,monotonic,design_rationale,32,269,292,292,100.0
0.8,monotonic,design_rationale,21,65,68,68,100.0
0.8,monotonic,design_rationale,6,64,65,65,100.0
0.8,monotonic,design_rationale,29,46,49,49,100.0
0.8,monotonic,design_rationale,18,96,108,108,100.0
0.8,monotonic,design_rationale,35,38,39,39,100.0
0.8,monotonic,design_rationale,27,66,68,68,100.0
0.8,monotonic,design_rationale,7,110,121,121,100.0
0.8,monotonic,design_rationale,11,88,98,98,100.0
0.8,monotonic,design_rationale,34,75,82,82,100.0
0.8,monotonic,design_rationale,28,84,89,89,100.0
0.8,monotonic,design_rationale,2,115,118,118,100.0
0.8,monotonic,design_rationale,1,104,106,106,100.0
0.8,monotonic,design_rationale,14,52,52,52,100.0
0.8,monotonic,design_rationale,33,32,33,33,100.0
0.8,monotonic,design_rationale,23,24,27,27,100.0
0.8,monotonic,design_rationale,26,58,59,59,100.0
0.8,monotonic,design_rationale,17,28,29,29,100.0
0.8,monotonic,design_rationale,24,27,29,29,100.0
0.8,monotonic,design_rationale,25,17,17,17,100.0
0.8,monotonic,design_rationale,12,8,9,9,100.0
0.8,monotonic,design_rationale,13,13,14,14,100.0
0.8,monotonic,design_rationale,22,21,22,22,100.0
0.8,both,design_rationale,3,106,113,113,100.0
0.8,both,design_rationale,24,54,60,60,100.0
0.8,both,design_rationale,30,200,207,207,100.0
0.8,both,design_rationale,11,168,172,172,100.0
0.8,both,design_rationale,14,207,224,224,100.0
0.8,both,design_rationale,5,198,243,243,100.0
0.8,both,design_rationale,12,183,215,215,100.0
0.8,both,design_rationale,15,74,86,86,100.0
0.8,both,design_rationale,32,33,33,33,100.0
0.8,both,design_rationale,2,94,96,96,100.0
0.8,both,design_rationale,7,273,334,334,100.0
0.8,both,design_rationale,10,91,100,100,100.0
0.8,both,design_rationale,22,247,261,261,100.0
0.8,both,design_rationale,8,73,77,77,100.0
0.8,both,design_rationale,9,270,294,294,100.0
0.8,both,design_rationale,38,20,20,20,100.0
0.8,both,design_rationale,13,119,123,123,100.0
0.8,both,design_rationale,20,46,49,49,100.0
0.8,both,design_rationale,39,110,113,113,100.0
0.8,both,design_rationale,1,124,135,135,100.0
0.8,both,design_rationale,4,86,96,96,100.0
0.8,both,design_rationale,18,18,18,18,100.0
0.8,both,design_rationale,28,27,30,30,100.0
0.8,both,design_rationale,19,106,112,112,100.0
0.8,both,design_rationale,33,10,10,10,100.0
0.8,both,design_rationale,25,63,64,64,100.0
0.8,both,design_rationale,0,107,110,110,100.0
0.8,both,design_rationale,16,30,31,31,100.0
0.8,both,design_rationale,17,44,52,52,100.0
0.8,both,design_rationale,27,44,46,46,100.0
0.8,both,design_rationale,35,23,26,26,100.0
0.8,both,design_rationale,29,15,16,16,100.0
0.8,both,design_rationale,26,4,5,5,100.0
0.8,both,design_rationale,36,10,11,11,100.0
0.8,both,design_rationale,6,33,35,35,100.0
0.8,both,design_rationale,31,13,13,13,100.0
0.8,both,design_rationale,37,10,11,11,100.0
0.8,both,design_rationale,21,15,16,16,100.0
0.8,both,design_rationale,23,16,17,17,100.0
0.8,both,design_rationale,34,4,4,4,100.0
0.85,unconstrained,design_rationale,1,103,109,109,100.0
0.85,unconstrained,design_rationale,36,63,66,66,100.0
0.85,unconstrained,design_rationale,27,62,65,65,100.0
0.85,unconstrained,design_rationale,39,51,53,53,100.0
0.85,unconstrained,design_rationale,0,211,217,217,100.0
0.85,unconstrained,design_rationale,6,158,166,166,100.0
0.85,unconstrained,design_rationale,18,190,201,201,100.0
0.85,unconstrained,design_rationale,21,201,231,231,100.0
0.85,unconstrained,design_rationale,14,89,100,100,100.0
0.85,unconstrained,design_rationale,30,164,208,208,100.0
0.85,unconstrained,design_rationale,10,42,42,42,100.0
0.85,unconstrained,design_rationale,11,214,241,241,100.0
0.85,unconstrained,design_rationale,22,87,94,94,100.0
0.85,unconstrained,design_rationale,8,175,207,207,100.0
0.85,unconstrained,design_rationale,24,16,16,16,100.0
0.85,unconstrained,design_rationale,3,140,163,163,100.0
0.85,unconstrained,design_rationale,9,76,80,80,100.0
0.85,unconstrained,design_rationale,12,67,70,70,100.0
0.85,unconstrained,design_rationale,37,41,44,44,100.0
0.85,unconstrained,design_rationale,17,93,96,96,100.0
0.85,unconstrained,design_rationale,26,59,68,68,100.0
0.85,unconstrained,design_rationale,15,145,148,148,100.0
0.85,unconstrained,design_rationale,25,75,79,79,100.0
0.85,unconstrained,design_rationale,32,60,63,63,100.0
0.85,unconstrained,design_rationale,19,93,106,106,100.0
0.85,unconstrained,design_rationale,5,25,28,28,100.0
0.85,unconstrained,design_rationale,34,55,55,55,100.0
0.85,unconstrained,design_rationale,2,60,61,61,100.0
0.85,unconstrained,design_rationale,13,43,43,43,100.0
0.85,unconstrained,design_rationale,4,97,99,99,100.0
0.85,unconstrained,design_rationale,7,43,46,46,100.0
0.85,unconstrained,design_rationale,16,18,19,19,100.0
0.85,unconstrained,design_rationale,35,23,26,26,100.0
0.85,unconstrained,design_rationale,29,8,8,8,100.0
0.85,unconstrained,design_rationale,33,15,16,16,100.0
0.85,unconstrained,design_rationale,20,41,42,42,100.0
0.85,unconstrained,design_rationale,38,32,33,33,100.0
0.85,unconstrained,design_rationale,28,12,13,13,100.0
0.85,unconstrained,design_rationale,23,19,21,21,100.0
0.85,unconstrained,design_rationale,31,16,16,16,100.0
0.85,single_risk,design_rationale,26,74,79,79,100.0
0.85,single_risk,design_rationale,4,115,125,125,100.0
0.85,single_risk,design_rationale,14,65,73,73,100.0
0.85,single_risk,design_rationale,38,168,174,174,100.0
0.85,single_risk,design_rationale,15,152,157,157,100.0
0.85,single_risk,design_rationale,18,177,186,186,100.0
0.85,single_risk,design_rationale,16,97,108,108,100.0
0.85,single_risk,design_rationale,11,186,214,214,100.0
0.85,single_risk,design_rationale,3,91,104,104,100.0
0.85,single_risk,design_rationale,1,89,94,94,100.0
0.85,single_risk,design_rationale,5,161,203,203,100.0
0.85,single_risk,design_rationale,23,55,57,57,100.0
0.85,single_risk,design_rationale,22,194,214,214,100.0
0.85,single_risk,design_rationale,7,97,105,105,100.0
0.85,single_risk,design_rationale,32,18,18,18,100.0
0.85,single_risk,design_rationale,10,215,262,262,100.0
0.85,single_risk,design_rationale,24,26,27,27,100.0
0.85,single_risk,design_rationale,13,27,27,27,100.0
0.85,single_risk,design_rationale,34,38,40,40,100.0
0.85,single_risk,design_rationale,37,81,82,82,100.0
0.85,single_risk,design_rationale,19,134,140,140,100.0
0.85,single_risk,design_rationale,27,70,74,74,100.0
0.85,single_risk,design_rationale,33,57,60,60,100.0
0.85,single_risk,design_rationale,2,89,102,102,100.0
0.85,single_risk,design_rationale,6,24,26,26,100.0
0.85,single_risk,design_rationale,21,53,53,53,100.0
0.85,single_risk,design_rationale,8,56,57,57,100.0
0.85,single_risk,design_rationale,9,53,54,54,100.0
0.85,single_risk,design_rationale,20,35,36,36,100.0
0.85,single_risk,design_rationale,30,89,91,91,100.0
0.85,single_risk,design_rationale,28,38,39,39,100.0
0.85,single_risk,design_rationale,0,72,76,76,100.0
0.85,single_risk,design_rationale,25,22,25,25,100.0
0.85,single_risk,design_rationale,35,5,5,5,100.0
0.85,single_risk,design_rationale,12,47,49,49,100.0
0.85,single_risk,design_rationale,39,12,13,13,100.0
0.85,single_risk,design_rationale,31,19,21,21,100.0
0.85,single_risk,design_rationale,17,15,15,15,100.0
0.85,single_risk,design_rationale,36,2,2,2,100.0
0.85,single_risk,design_rationale,29,9,9,9,100.0
0.85,monotonic,design_rationale,10,41,44,44,100.0
0.85,monotonic,design_rationale,4,58,61,61,100.0
0.85,monotonic,design_rationale,30,49,56,56,100.0
0.85,monotonic,design_rationale,14,174,177,177,100.0
0.85,monotonic,design_rationale,38,140,143,143,100.0
0.85,monotonic,design_rationale,29,202,211,211,100.0
0.85,monotonic,design_rationale,11,127,148,148,100.0
0.85,monotonic,design_rationale,6,82,96,96,100.0
0.85,monotonic,design_rationale,9,65,68,68,100.0
0.85,monotonic,design_rationale,0,151,187,187,100.0
0.85,monotonic,design_rationale,5,39,39,39,100.0
0.85,monotonic,design_rationale,1,58,61,61,100.0
0.85,monotonic,design_rationale,15,129,145,145,100.0
0.85,monotonic,design_rationale,2,200,224,224,100.0
0.85,monotonic,design_rationale,7,125,131,131,100.0
0.85,monotonic,design_rationale,12,12,12,12,100.0
0.85,monotonic,design_rationale,17,127,146,146,100.0
0.85,monotonic,design_rationale,22,41,43,43,100.0
0.85,monotonic,design_rationale,37,49,51,51,100.0
0.85,monotonic,design_rationale,8,45,46,46,100.0
0.85,monotonic,design_rationale,13,62,63,63,100.0
0.85,monotonic,design_rationale,31,181,190,190,100.0
0.85,monotonic,design_rationale,18,61,65,65,100.0
0.85,monotonic,design_rationale,19,57,60,60,100.0
0.85,monotonic,design_rationale,39,17,17,17,100.0
0.85,monotonic,design_rationale,36,59,70,70,100.0
0.85,monotonic,design_rationale,23,35,35,35,100.0
0.85,monotonic,design_rationale,3,104,108,108,100.0
0.85,monotonic,design_rationale,16,68,73,73,100.0
0.85,monotonic,design_rationale,26,11,12,12,100.0
0.85,monotonic,design_rationale,20,17,19,19,100.0
0.85,monotonic,design_rationale,24,6,6,6,100.0
0.85,monotonic,design_rationale,35,54,60,60,100.0
0.85,monotonic,design_rationale,34,46,47,47,100.0
0.85,monotonic,design_rationale,28,9,9,9,100.0
0.85,monotonic,design_rationale,25,11,11,11,100.0
0.85,monotonic,design_rationale,33,6,6,6,100.0
0.85,monotonic,design_rationale,27,31,31,31,100.0
0.85,monotonic,design_rationale,32,13,13,13,100.0
0.85,monotonic,design_rationale,21,6,6,6,100.0
0.85,both,design_rationale,34,38,41,41,100.0
0.85,both,design_rationale,39,52,56,56,100.0
0.85,both,design_rationale,11,59,67,67,100.0
0.85,both,design_rationale,23,165,168,168,100.0
0.85,both,design_rationale,22,177,181,181,100.0
0.85,both,design_rationale,26,172,180,180,100.0
0.85,both,design_rationale,18,70,70,70,100.0
0.85,both,design_rationale,3,201,236,236,100.0
0.85,both,design_rationale,6,50,57,57,100.0
0.85,both,design_rationale,19,34,36,36,100.0
0.85,both,design_rationale,4,156,193,193,100.0
0.85,both,design_rationale,2,33,33,33,100.0
0.85,both,design_rationale,10,40,43,43,100.0
0.85,both,design_rationale,12,82,91,91,100.0
0.85,both,design_rationale,5,179,195,195,100.0
0.85,both,design_rationale,0,112,119,119,100.0
0.85,both,design_rationale,27,15,15,15,100.0
0.85,both,design_rationale,13,157,197,197,100.0
0.85,both,design_rationale,20,42,44,44,100.0
0.85,both,design_rationale,35,57,62,62,100.0
0.85,both,design_rationale,1,82,84,84,100.0
0.85,both,design_rationale,7,11,12,12,100.0
0.85,both,design_rationale,28,99,105,105,100.0
0.85,both,design_rationale,15,49,53,53,100.0
0.85,both,design_rationale,16,56,58,58,100.0
0.85,both,design_rationale,24,54,64,64,100.0
0.85,both,design_rationale,8,35,36,36,100.0
0.85,both,design_rationale,30,37,37,37,100.0
0.85,both,design_rationale,14,96,98,98,100.0
0.85,both,design_rationale,17,28,28,28,100.0
0.85,both,design_rationale,9,67,69,69,100.0
0.85,both,design_rationale,33,12,13,13,100.0
0.85,both,design_rationale,37,19,21,21,100.0
0.85,both,design_rationale,38,4,4,4,100.0
0.85,both,design_rationale,36,24,25,25,100.0
0.85,both,design_rationale,29,26,26,26,100.0
0.85,both,design_rationale,32,35,35,35,100.0
0.85,both,design_rationale,21,29,29,29,100.0
0.85,both,design_rationale,31,3,3,3,100.0
0.85,both,design_rationale,25,9,9,9,100.0
0.9,unconstrained,design_rationale,14,55,58,58,100.0
0.9,unconstrained,design_rationale,27,57,61,61,100.0
0.9,unconstrained,design_rationale,21,33,40,40,100.0
0.9,unconstrained,design_rationale,37,143,148,148,100.0
0.9,unconstrained,design_rationale,3,187,197,197,100.0
0.9,unconstrained,design_rationale,32,46,49,49,100.0
0.9,unconstrained,design_rationale,15,141,167,167,100.0
0.9,unconstrained,design_rationale,10,83,96,96,100.0
0.9,unconstrained,design_rationale,5,44,47,47,100.0
0.9,unconstrained,design_rationale,22,117,121,121,100.0
0.9,unconstrained,design_rationale,31,74,87,87,100.0
0.9,unconstrained,design_rationale,2,49,52,52,100.0
0.9,unconstrained,design_rationale,19,61,71,71,100.0
0.9,unconstrained,design_rationale,33,14,15,15,100.0
0.9,unconstrained,design_rationale,20,113,123,123,100.0
0.9,unconstrained,design_rationale,28,43,43,43,100.0
0.9,unconstrained,design_rationale,8,160,182,182,100.0
0.9,unconstrained,design_rationale,17,66,73,73,100.0
0.9,unconstrained,design_rationale,0,53,55,55,100.0
0.9,unconstrained,design_rationale,18,45,47,47,100.0
0.9,unconstrained,design_rationale,16,83,90,90,100.0
0.9,unconstrained,design_rationale,13,31,31,31,100.0
0.9,unconstrained,design_rationale,25,32,34,34,100.0
0.9,unconstrained,design_rationale,7,54,56,56,100.0
0.9,unconstrained,design_rationale,9,43,46,46,100.0
0.9,unconstrained,design_rationale,23,48,57,57,100.0
0.9,unconstrained,design_rationale,11,42,44,44,100.0
0.9,unconstrained,design_rationale,6,46,51,51,100.0
0.9,unconstrained,design_rationale,29,81,82,82,100.0
0.9,unconstrained,design_rationale,36,16,17,17,100.0
0.9,unconstrained,design_rationale,30,57,68,68,100.0
0.9,unconstrained,design_rationale,1,58,63,63,100.0
0.9,unconstrained,design_rationale,35,11,12,12,100.0
0.9,unconstrained,design_rationale,38,18,19,19,100.0
0.9,unconstrained,design_rationale,4,35,37,37,100.0
0.9,unconstrained,design_rationale,12,19,21,21,100.0
0.9,unconstrained,design_rationale,26,1,1,1,100.0
0.9,unconstrained,design_rationale,34,8,8,8,100.0
0.9,unconstrained,design_rationale,24,13,14,14,100.0
0.9,unconstrained,design_rationale,39,13,14,14,100.0
0.9,single_risk,design_rationale,1,80,86,86,100.0
0.9,single_risk,design_rationale,8,52,55,55,100.0
0.9,single_risk,design_rationale,34,33,40,40,100.0
0.9,single_risk,design_rationale,12,131,134,134,100.0
0.9,single_risk,design_rationale,18,134,140,140,100.0
0.9,single_risk,design_rationale,16,39,39,39,100.0
0.9,single_risk,design_rationale,32,59,65,65,100.0
0.9,single_risk,design_rationale,21,123,145,145,100.0
0.9,single_risk,design_rationale,7,63,73,73,100.0
0.9,single_risk,design_rationale,38,52,60,60,100.0
0.9,single_risk,design_rationale,11,61,62,62,100.0
0.9,single_risk,design_rationale,37,49,50,50,100.0
0.9,single_risk,design_rationale,4,68,79,79,100.0
0.9,single_risk,design_rationale,10,120,124,124,100.0
0.9,single_risk,design_rationale,30,8,9,9,100.0
0.9,single_risk,design_rationale,20,103,118,118,100.0
0.9,single_risk,design_rationale,13,60,61,61,100.0
0.9,single_risk,design_rationale,3,146,168,168,100.0
0.9,single_risk,design_rationale,5,87,95,95,100.0
0.9,single_risk,design_rationale,2,75,90,90,100.0
0.9,single_risk,design_rationale,9,58,62,62,100.0
0.9,single_risk,design_rationale,0,60,65,65,100.0
0.9,single_risk,design_rationale,33,40,41,41,100.0
0.9,single_risk,design_rationale,23,32,35,35,100.0
0.9,single_risk,design_rationale,39,116,122,122,100.0
0.9,single_risk,design_rationale,24,17,17,17,100.0
0.9,single_risk,design_rationale,28,39,47,47,100.0
0.9,single_risk,design_rationale,22,23,25,25,100.0
0.9,single_risk,design_rationale,14,27,27,27,100.0
0.9,single_risk,design_rationale,17,47,48,48,100.0
0.9,single_risk,design_rationale,35,86,87,87,100.0
0.9,single_risk,design_rationale,29,17,18,18,100.0
0.9,single_risk,design_rationale,15,37,40,40,100.0
0.9,single_risk,design_rationale,36,10,10,10,100.0
0.9,single_risk,design_rationale,25,11,12,12,100.0
0.9,single_risk,design_rationale,19,29,29,29,100.0
0.9,single_risk,design_rationale,31,9,9,9,100.0
0.9,single_risk,design_rationale,26,22,25,25,100.0
0.9,single_risk,design_rationale,27,5,5,5,100.0
0.9,single_risk,design_rationale,6,12,12,12,100.0
0.9,monotonic,design_rationale,27,44,48,48,100.0
0.9,monotonic,design_rationale,20,52,54,54,100.0
0.9,monotonic,design_rationale,34,34,41,41,100.0
0.9,monotonic,design_rationale,7,168,173,173,100.0
0.9,monotonic,design_rationale,6,148,155,155,100.0
0.9,monotonic,design_rationale,21,37,38,38,100.0
0.9,monotonic,design_rationale,10,91,97,97,100.0
0.9,monotonic,design_rationale,39,129,150,150,100.0
0.9,monotonic,design_rationale,24,79,95,95,100.0
0.9,monotonic,design_rationale,28,23,23,23,100.0
0.9,monotonic,design_rationale,11,90,108,108,100.0
0.9,monotonic,design_rationale,13,24,25,25,100.0
0.9,monotonic,design_rationale,17,124,127,127,100.0
0.9,monotonic,design_rationale,1,89,104,104,100.0
0.9,monotonic,design_rationale,22,14,15,15,100.0
0.9,monotonic,design_rationale,19,94,106,106,100.0
0.9,monotonic,design_rationale,38,52,57,57,100.0
0.9,monotonic,design_rationale,3,42,44,44,100.0
0.9,monotonic,design_rationale,2,119,141,141,100.0
0.9,monotonic,design_rationale,18,26,29,29,100.0
0.9,monotonic,design_rationale,29,29,31,31,100.0
0.9,monotonic,design_rationale,36,47,49,49,100.0
0.9,monotonic,design_rationale,35,30,31,31,100.0
0.9,monotonic,design_rationale,14,99,106,106,100.0
0.9,monotonic,design_rationale,15,26,26,26,100.0
0.9,monotonic,design_rationale,31,30,32,32,100.0
0.9,monotonic,design_rationale,25,43,51,51,100.0
0.9,monotonic,design_rationale,4,46,46,46,100.0
0.9,monotonic,design_rationale,0,60,61,61,100.0
0.9,monotonic,design_rationale,9,80,81,81,100.0
0.9,monotonic,design_rationale,8,46,53,53,100.0
0.9,monotonic,design_rationale,16,20,20,20,100.0
0.9,monotonic,design_rationale,33,14,15,15,100.0
0.9,monotonic,design_rationale,37,14,15,15,100.0
0.9,monotonic,design_rationale,12,19,20,20,100.0
0.9,monotonic,design_rationale,32,8,8,8,100.0
0.9,monotonic,design_rationale,23,35,36,36,100.0
0.9,monotonic,design_rationale,26,17,20,20,100.0
0.9,monotonic,design_rationale,5,17,18,18,100.0
0.9,monotonic,design_rationale,30,19,19,19,100.0
0.9,both,design_rationale,0,88,93,93,100.0
0.9,both,design_rationale,19,57,59,59,100.0
0.9,both,design_rationale,13,43,50,50,100.0
0.9,both,design_rationale,23,31,33,33,100.0
0.9,both,design_rationale,8,154,160,160,100.0
0.9,both,design_rationale,36,91,95,95,100.0
0.9,both,design_rationale,6,98,103,103,100.0
0.9,both,design_rationale,10,91,97,97,100.0
0.9,both,design_rationale,16,140,163,163,100.0
0.9,both,design_rationale,14,76,90,90,100.0
0.9,both,design_rationale,12,91,109,109,100.0
0.9,both,design_rationale,3,55,56,56,100.0
0.9,both,design_rationale,9,58,59,59,100.0
0.9,both,design_rationale,34,34,37,37,100.0
0.9,both,design_rationale,7,111,114,114,100.0
0.9,both,design_rationale,28,18,20,20,100.0
0.9,both,design_rationale,21,91,100,100,100.0
0.9,both,design_rationale,5,111,119,119,100.0
0.9,both,design_rationale,15,25,25,25,100.0
0.9,both,design_rationale,1,149,178,178,100.0
0.9,both,design_rationale,38,21,23,23,100.0
0.9,both,design_rationale,2,77,86,86,100.0
0.9,both,design_rationale,24,38,40,40,100.0
0.9,both,design_rationale,30,17,17,17,100.0
0.9,both,design_rationale,17,38,39,39,100.0
0.9,both,design_rationale,33,39,47,47,100.0
0.9,both,design_rationale,27,50,51,51,100.0
0.9,both,design_rationale,37,29,29,29,100.0
0.9,both,design_rationale,26,23,24,24,100.0
0.9,both,design_rationale,32,52,53,53,100.0
0.9,both,design_rationale,18,21,21,21,100.0
0.9,both,design_rationale,4,48,53,53,100.0
0.9,both,design_rationale,35,11,12,12,100.0
0.9,both,design_rationale,31,8,8,8,100.0
0.9,both,design_rationale,20,17,20,20,100.0
0.9,both,design_rationale,39,12,14,14,100.0
0.9,both,design_rationale,29,5,6,6,100.0
0.9,both,design_rationale,25,22,22,22,100.0
0.9,both,design_rationale,22,6,6,6,100.0
0.9,both,design_rationale,11,3,3,3,100.0
0.95,unconstrained,design_rationale,10,59,65,65,100.0
0.95,unconstrained,design_rationale,8,65,68,68,100.0
0.95,unconstrained,design_rationale,7,42,43,43,100.0
0.95,unconstrained,design_rationale,21,27,29,29,100.0
0.95,unconstrained,design_rationale,0,123,144,144,100.0
0.95,unconstrained,design_rationale,35,150,158,158,100.0
0.95,unconstrained,design_rationale,36,101,105,105,100.0
0.95,unconstrained,design_rationale,16,13,14,14,100.0
0.95,unconstrained,design_rationale,1,93,99,99,100.0
0.95,unconstrained,design_rationale,38,107,123,123,100.0
0.95,unconstrained,design_rationale,6,78,89,89,100.0
0.95,unconstrained,design_rationale,23,70,82,82,100.0
0.95,unconstrained,design_rationale,9,54,55,55,100.0
0.95,unconstrained,design_rationale,11,64,74,74,100.0
0.95,unconstrained,design_rationale,15,102,106,106,100.0
0.95,unconstrained,design_rationale,12,24,27,27,100.0
0.95,unconstrained,design_rationale,25,110,119,119,100.0
0.95,unconstrained,design_rationale,2,104,115,115,100.0
0.95,unconstrained,design_rationale,26,58,63,63,100.0
0.95,unconstrained,design_rationale,24,32,33,33,100.0
0.95,unconstrained,design_rationale,4,53,58,58,100.0
0.95,unconstrained,design_rationale,34,20,21,21,100.0
0.95,unconstrained,design_rationale,39,30,37,37,100.0
0.95,unconstrained,design_rationale,27,94,99,99,100.0
0.95,unconstrained,design_rationale,19,43,50,50,100.0
0.95,unconstrained,design_rationale,13,15,16,16,100.0
0.95,unconstrained,design_rationale,14,33,33,33,100.0
0.95,unconstrained,design_rationale,5,81,82,82,100.0
0.95,unconstrained,design_rationale,30,23,24,24,100.0
0.95,unconstrained,design_rationale,3,34,37,37,100.0
0.95,unconstrained,design_rationale,32,53,63,63,100.0
0.95,unconstrained,design_rationale,37,27,27,27,100.0
0.95,unconstrained,design_rationale,22,4,4,4,100.0
0.95,unconstrained,design_rationale,20,10,11,11,100.0
0.95,unconstrained,design_rationale,29,8,8,8,100.0
0.95,unconstrained,design_rationale,17,38,39,39,100.0
0.95,unconstrained,design_rationale,33,6,7,7,100.0
0.95,unconstrained,design_rationale,18,33,33,33,100.0
0.95,unconstrained,design_rationale,31,11,11,11,100.0
0.95,unconstrained,design_rationale,28,3,3,3,100.0
0.95,single_risk,design_rationale,3,63,68,68,100.0
0.95,single_risk,design_rationale,4,55,59,59,100.0
0.95,single_risk,design_rationale,7,56,65,65,100.0
0.95,single_risk,design_rationale,33,28,30,30,100.0
0.95,single_risk,design_rationale,39,13,13,13,100.0
0.95,single_risk,design_rationale,21,148,152,152,100.0
0.95,single_risk,design_rationale,6,143,149,149,100.0
0.95,single_risk,design_rationale,27,11,12,12,100.0
0.95,single_risk,design_rationale,25,52,58,58,100.0
0.95,single_risk,design_rationale,24,127,146,146,100.0
0.95,single_risk,design_rationale,1,81,98,98,100.0
0.95,single_risk,design_rationale,13,52,59,59,100.0
0.95,single_risk,design_rationale,2,43,44,44,100.0
0.95,single_risk,design_rationale,18,44,45,45,100.0
0.95,single_risk,design_rationale,17,47,55,55,100.0
0.95,single_risk,design_rationale,20,101,105,105,100.0
0.95,single_risk,design_rationale,16,19,21,21,100.0
0.95,single_risk,design_rationale,5,171,184,184,100.0
0.95,single_risk,design_rationale,15,64,66,66,100.0
0.95,single_risk,design_rationale,28,45,50,50,100.0
0.95,single_risk,design_rationale,22,63,75,75,100.0
0.95,single_risk,design_rationale,8,28,31,31,100.0
0.95,single_risk,design_rationale,14,117,141,141,100.0
0.95,single_risk,design_rationale,34,33,35,35,100.0
0.95,single_risk,design_rationale,9,35,38,38,100.0
0.95,single_risk,design_rationale,19,44,48,48,100.0
0.95,single_risk,design_rationale,38,24,25,25,100.0
0.95,single_risk,design_rationale,37,43,51,51,100.0
0.95,single_risk,design_rationale,11,85,86,86,100.0
0.95,single_risk,design_rationale,0,53,55,55,100.0
0.95,single_risk,design_rationale,26,18,19,19,100.0
0.95,single_risk,design_rationale,12,41,49,49,100.0
0.95,single_risk,design_rationale,10,27,29,29,100.0
0.95,single_risk,design_rationale,35,4,4,4,100.0
0.95,single_risk,design_rationale,30,31,34,34,100.0
0.95,single_risk,design_rationale,23,10,11,11,100.0
0.95,single_risk,design_rationale,32,12,12,12,100.0
0.95,single_risk,design_rationale,31,4,4,4,100.0
0.95,single_risk,design_rationale,29,34,34,34,100.0
0.95,single_risk,design_rationale,36,3,3,3,100.0
0.95,monotonic,design_rationale,5,72,77,77,100.0
0.95,monotonic,design_rationale,15,50,52,52,100.0
0.95,monotonic,design_rationale,11,46,53,53,100.0
0.95,monotonic,design_rationale,18,39,41,41,100.0
0.95,monotonic,design_rationale,33,45,47,47,100.0
0.95,monotonic,design_rationale,6,156,160,160,100.0
0.95,monotonic,design_rationale,24,165,173,173,100.0
0.95,monotonic,design_rationale,32,12,13,13,100.0
0.95,monotonic,design_rationale,16,62,68,68,100.0
0.95,monotonic,design_rationale,26,152,172,172,100.0
0.95,monotonic,design_rationale,38,50,60,60,100.0
0.95,monotonic,design_rationale,22,34,37,37,100.0
0.95,monotonic,design_rationale,21,28,33,33,100.0
0.95,monotonic,design_rationale,7,10,10,10,100.0
0.95,monotonic,design_rationale,17,29,30,30,100.0
0.95,monotonic,design_rationale,3,98,115,115,100.0
0.95,monotonic,design_rationale,4,101,105,105,100.0
0.95,monotonic,design_rationale,1,38,41,41,100.0
0.95,monotonic,design_rationale,0,142,153,153,100.0
0.95,monotonic,design_rationale,8,83,90,90,100.0
0.95,monotonic,design_rationale,12,113,132,132,100.0
0.95,monotonic,design_rationale,20,26,29,29,100.0
0.95,monotonic,design_rationale,34,32,34,34,100.0
0.95,monotonic,design_rationale,9,86,101,101,100.0
0.95,monotonic,design_rationale,25,12,12,12,100.0
0.95,monotonic,design_rationale,39,46,54,54,100.0
0.95,monotonic,design_rationale,14,31,31,31,100.0
0.95,monotonic,design_rationale,28,30,31,31,100.0
0.95,monotonic,design_rationale,19,13,14,14,100.0
0.95,monotonic,design_rationale,31,27,32,32,100.0
0.95,monotonic,design_rationale,23,28,28,28,100.0
0.95,monotonic,design_rationale,35,53,54,54,100.0
0.95,monotonic,design_rationale,2,21,23,23,100.0
0.95,monotonic,design_rationale,13,11,11,11,100.0
0.95,monotonic,design_rationale,30,8,8,8,100.0
0.95,monotonic,design_rationale,37,12,13,13,100.0
0.95,monotonic,design_rationale,27,10,11,11,100.0
0.95,monotonic,design_rationale,29,6,6,6,100.0
0.95,monotonic,design_rationale,36,35,37,37,100.0
0.95,monotonic,design_rationale,10,28,28,28,100.0
0.95,both,design_rationale,4,80,90,90,100.0
0.95,both,design_rationale,8,67,71,71,100.0
0.95,both,design_rationale,11,24,24,24,100.0
0.95,both,design_rationale,31,28,30,30,100.0
0.95,both,design_rationale,7,99,116,116,100.0
0.95,both,design_rationale,26,166,171,171,100.0
0.95,both,design_rationale,10,136,143,143,100.0
0.95,both,design_rationale,5,15,16,16,100.0
0.95,both,design_rationale,29,64,72,72,100.0
0.95,both,design_rationale,22,138,154,154,100.0
0.95,both,design_rationale,36,51,61,61,100.0
0.95,both,design_rationale,38,29,29,29,100.0
0.95,both,design_rationale,24,35,38,38,100.0
0.95,both,design_rationale,17,52,60,60,100.0
0.95,both,design_rationale,9,24,25,25,100.0
0.95,both,design_rationale,6,44,46,46,100.0
0.95,both,design_rationale,0,66,76,76,100.0
0.95,both,design_rationale,12,104,108,108,100.0
0.95,both,design_rationale,15,21,22,22,100.0
0.95,both,design_rationale,3,169,181,181,100.0
0.95,both,design_rationale,14,93,102,102,100.0
0.95,both,design_rationale,20,27,29,29,100.0
0.95,both,design_rationale,32,23,24,24,100.0
0.95,both,design_rationale,18,32,34,34,100.0
0.95,both,design_rationale,35,25,27,27,100.0
0.95,both,design_rationale,30,21,22,22,100.0
0.95,both,design_rationale,34,30,37,37,100.0
0.95,both,design_rationale,33,13,13,13,100.0
0.95,both,design_rationale,37,39,46,46,100.0
0.95,both,design_rationale,2,79,80,80,100.0
0.95,both,design_rationale,1,47,48,48,100.0
0.95,both,design_rationale,19,50,61,61,100.0
0.95,both,design_rationale,16,48,55,55,100.0
0.95,both,design_rationale,23,8,8,8,100.0
0.95,both,design_rationale,39,10,11,11,100.0
0.95,both,design_rationale,27,8,8,8,100.0
0.95,both,design_rationale,25,20,22,22,100.0
0.95,both,design_rationale,21,33,33,33,100.0
0.95,both,design_rationale,13,19,19,19,100.0
0.95,both,design_rationale,28,6,6,6,100.0
EDGE,unconstrained,implementation_mechanism,6,80,88,88,100.0
EDGE,unconstrained,implementation_mechanism,15,44,51,51,100.0
EDGE,unconstrained,implementation_mechanism,20,53,64,64,100.0
EDGE,unconstrained,implementation_mechanism,18,121,126,126,100.0
EDGE,unconstrained,implementation_mechanism,14,125,134,134,100.0
EDGE,unconstrained,implementation_mechanism,1,96,113,113,100.0
EDGE,unconstrained,implementation_mechanism,10,165,196,196,100.0
EDGE,unconstrained,implementation_mechanism,17,49,51,51,100.0
EDGE,unconstrained,implementation_mechanism,35,77,95,95,100.0
EDGE,unconstrained,implementation_mechanism,32,36,42,42,100.0
EDGE,unconstrained,implementation_mechanism,12,31,33,33,100.0
EDGE,unconstrained,implementation_mechanism,0,122,133,133,100.0
EDGE,unconstrained,implementation_mechanism,11,53,63,63,100.0
EDGE,unconstrained,implementation_mechanism,37,7,7,7,100.0
EDGE,unconstrained,implementation_mechanism,30,88,100,100,100.0
EDGE,unconstrained,implementation_mechanism,28,46,49,49,100.0
EDGE,unconstrained,implementation_mechanism,5,92,94,94,100.0
EDGE,unconstrained,implementation_mechanism,8,97,107,107,100.0
EDGE,unconstrained,implementation_mechanism,9,89,97,97,100.0
EDGE,unconstrained,implementation_mechanism,13,78,93,93,100.0
EDGE,unconstrained,implementation_mechanism,25,93,99,99,100.0
EDGE,unconstrained,implementation_mechanism,22,72,80,80,100.0
EDGE,unconstrained,implementation_mechanism,24,29,30,30,100.0
EDGE,unconstrained,implementation_mechanism,38,10,10,10,100.0
EDGE,unconstrained,implementation_mechanism,21,33,39,39,100.0
EDGE,unconstrained,implementation_mechanism,7,21,26,26,100.0
EDGE,unconstrained,implementation_mechanism,2,56,63,63,100.0
EDGE,unconstrained,implementation_mechanism,26,28,29,29,100.0
EDGE,unconstrained,implementation_mechanism,16,25,25,25,100.0
EDGE,unconstrained,implementation_mechanism,34,10,10,10,100.0
EDGE,unconstrained,implementation_mechanism,36,11,13,13,100.0
EDGE,unconstrained,implementation_mechanism,19,31,32,32,100.0
EDGE,unconstrained,implementation_mechanism,33,22,23,23,100.0
EDGE,unconstrained,implementation_mechanism,3,23,24,24,100.0
EDGE,unconstrained,implementation_mechanism,23,25,29,29,100.0
EDGE,unconstrained,implementation_mechanism,29,15,16,16,100.0
EDGE,unconstrained,implementation_mechanism,31,32,32,32,100.0
EDGE,unconstrained,implementation_mechanism,27,23,29,29,100.0
EDGE,unconstrained,implementation_mechanism,4,38,39,39,100.0
EDGE,unconstrained,implementation_mechanism,39,3,3,3,100.0
EDGE,single_risk,implementation_mechanism,9,98,116,116,100.0
EDGE,single_risk,implementation_mechanism,1,63,71,71,100.0
EDGE,single_risk,implementation_mechanism,23,57,68,68,100.0
EDGE,single_risk,implementation_mechanism,14,133,137,137,100.0
EDGE,single_risk,implementation_mechanism,12,117,125,125,100.0
EDGE,single_risk,implementation_mechanism,4,96,113,113,100.0
EDGE,single_risk,implementation_mechanism,6,173,204,204,100.0
EDGE,single_risk,implementation_mechanism,31,42,44,44,100.0
EDGE,single_risk,implementation_mechanism,27,65,67,67,100.0
EDGE,single_risk,implementation_mechanism,29,91,112,112,100.0
EDGE,single_risk,implementation_mechanism,21,44,49,49,100.0
EDGE,single_risk,implementation_mechanism,2,37,39,39,100.0
EDGE,single_risk,implementation_mechanism,5,70,74,74,100.0
EDGE,single_risk,implementation_mechanism,33,55,66,66,100.0
EDGE,single_risk,implementation_mechanism,20,7,7,7,100.0
EDGE,single_risk,implementation_mechanism,17,25,25,25,100.0
EDGE,single_risk,implementation_mechanism,30,83,96,96,100.0
EDGE,single_risk,implementation_mechanism,26,45,48,48,100.0
EDGE,single_risk,implementation_mechanism,3,100,105,105,100.0
EDGE,single_risk,implementation_mechanism,13,43,48,48,100.0
EDGE,single_risk,implementation_mechanism,7,91,99,99,100.0
EDGE,single_risk,implementation_mechanism,16,74,82,82,100.0
EDGE,single_risk,implementation_mechanism,28,81,84,84,100.0
EDGE,single_risk,implementation_mechanism,11,69,76,76,100.0
EDGE,single_risk,implementation_mechanism,32,50,57,57,100.0
EDGE,single_risk,implementation_mechanism,37,32,38,38,100.0
EDGE,single_risk,implementation_mechanism,15,24,30,30,100.0
EDGE,single_risk,implementation_mechanism,24,40,47,47,100.0
EDGE,single_risk,implementation_mechanism,19,20,21,21,100.0
EDGE,single_risk,implementation_mechanism,35,24,24,24,100.0
EDGE,single_risk,implementation_mechanism,8,35,38,38,100.0
EDGE,single_risk,implementation_mechanism,22,25,25,25,100.0
EDGE,single_risk,implementation_mechanism,18,14,14,14,100.0
EDGE,single_risk,implementation_mechanism,10,23,27,27,100.0
EDGE,single_risk,implementation_mechanism,25,22,23,23,100.0
EDGE,single_risk,implementation_mechanism,36,15,16,16,100.0
EDGE,single_risk,implementation_mechanism,0,26,31,31,100.0
EDGE,single_risk,implementation_mechanism,39,17,18,18,100.0
EDGE,single_risk,implementation_mechanism,38,19,19,19,100.0
EDGE,single_risk,implementation_mechanism,34,2,2,2,100.0
EDGE,monotonic,implementation_mechanism,13,96,116,116,100.0
EDGE,monotonic,implementation_mechanism,27,34,41,41,100.0
EDGE,monotonic,implementation_mechanism,23,55,66,66,100.0
EDGE,monotonic,implementation_mechanism,4,150,154,154,100.0
EDGE,monotonic,implementation_mechanism,17,113,119,119,100.0
EDGE,monotonic,implementation_mechanism,36,62,69,69,100.0
EDGE,monotonic,implementation_mechanism,1,143,168,168,100.0
EDGE,monotonic,implementation_mechanism,20,49,51,51,100.0
EDGE,monotonic,implementation_mechanism,6,113,125,125,100.0
EDGE,monotonic,implementation_mechanism,9,95,116,116,100.0
EDGE,monotonic,implementation_mechanism,39,40,43,43,100.0
EDGE,monotonic,implementation_mechanism,22,27,29,29,100.0
EDGE,monotonic,implementation_mechanism,2,118,125,125,100.0
EDGE,monotonic,implementation_mechanism,25,7,7,7,100.0
EDGE,monotonic,implementation_mechanism,0,75,77,77,100.0
EDGE,monotonic,implementation_mechanism,31,106,123,123,100.0
EDGE,monotonic,implementation_mechanism,8,82,84,84,100.0
EDGE,monotonic,implementation_mechanism,37,57,63,63,100.0
EDGE,monotonic,implementation_mechanism,21,31,32,32,100.0
EDGE,monotonic,implementation_mechanism,11,95,102,102,100.0
EDGE,monotonic,implementation_mechanism,5,43,49,49,100.0
EDGE,monotonic,implementation_mechanism,7,76,85,85,100.0
EDGE,monotonic,implementation_mechanism,38,12,12,12,100.0
EDGE,monotonic,implementation_mechanism,29,31,36,36,100.0
EDGE,monotonic,implementation_mechanism,24,18,23,23,100.0
EDGE,monotonic,implementation_mechanism,35,35,38,38,100.0
EDGE,monotonic,implementation_mechanism,3,46,46,46,100.0
EDGE,monotonic,implementation_mechanism,18,46,54,54,100.0
EDGE,monotonic,implementation_mechanism,33,19,21,21,100.0
EDGE,monotonic,implementation_mechanism,16,29,29,29,100.0
EDGE,monotonic,implementation_mechanism,12,13,16,16,100.0
EDGE,monotonic,implementation_mechanism,19,26,27,27,100.0
EDGE,monotonic,implementation_mechanism,26,28,30,30,100.0
EDGE,monotonic,implementation_mechanism,14,23,25,25,100.0
EDGE,monotonic,implementation_mechanism,34,26,29,29,100.0
EDGE,monotonic,implementation_mechanism,10,15,17,17,100.0
EDGE,monotonic,implementation_mechanism,28,15,16,16,100.0
EDGE,monotonic,implementation_mechanism,32,24,30,30,100.0
EDGE,monotonic,implementation_mechanism,15,20,21,21,100.0
EDGE,monotonic,implementation_mechanism,30,14,15,15,100.0
EDGE,both,implementation_mechanism,13,96,116,116,100.0
EDGE,both,implementation_mechanism,27,34,41,41,100.0
EDGE,both,implementation_mechanism,23,55,66,66,100.0
EDGE,both,implementation_mechanism,4,150,154,154,100.0
EDGE,both,implementation_mechanism,17,113,119,119,100.0
EDGE,both,implementation_mechanism,36,62,69,69,100.0
EDGE,both,implementation_mechanism,1,143,168,168,100.0
EDGE,both,implementation_mechanism,20,49,51,51,100.0
EDGE,both,implementation_mechanism,6,113,125,125,100.0
EDGE,both,implementation_mechanism,9,95,116,116,100.0
EDGE,both,implementation_mechanism,39,40,43,43,100.0
EDGE,both,implementation_mechanism,22,27,29,29,100.0
EDGE,both,implementation_mechanism,2,118,125,125,100.0
EDGE,both,implementation_mechanism,25,7,7,7,100.0
EDGE,both,implementation_mechanism,0,75,77,77,100.0
EDGE,both,implementation_mechanism,31,106,123,123,100.0
EDGE,both,implementation_mechanism,8,82,84,84,100.0
EDGE,both,implementation_mechanism,37,57,63,63,100.0
EDGE,both,implementation_mechanism,21,31,32,32,100.0
EDGE,both,implementation_mechanism,11,95,102,102,100.0
EDGE,both,implementation_mechanism,5,43,49,49,100.0
EDGE,both,implementation_mechanism,7,76,85,85,100.0
EDGE,both,implementation_mechanism,38,12,12,12,100.0
EDGE,both,implementation_mechanism,29,31,36,36,100.0
EDGE,both,implementation_mechanism,24,18,23,23,100.0
EDGE,both,implementation_mechanism,35,35,38,38,100.0
EDGE,both,implementation_mechanism,3,46,46,46,100.0
EDGE,both,implementation_mechanism,18,46,54,54,100.0
EDGE,both,implementation_mechanism,33,19,21,21,100.0
EDGE,both,implementation_mechanism,16,29,29,29,100.0
EDGE,both,implementation_mechanism,12,13,16,16,100.0
EDGE,both,implementation_mechanism,19,26,27,27,100.0
EDGE,both,implementation_mechanism,26,28,30,30,100.0
EDGE,both,implementation_mechanism,14,23,25,25,100.0
EDGE,both,implementation_mechanism,34,26,29,29,100.0
EDGE,both,implementation_mechanism,10,15,17,17,100.0
EDGE,both,implementation_mechanism,28,15,16,16,100.0
EDGE,both,implementation_mechanism,32,24,30,30,100.0
EDGE,both,implementation_mechanism,15,20,21,21,100.0
EDGE,both,implementation_mechanism,30,14,15,15,100.0
0.8,unconstrained,implementation_mechanism,5,232,258,258,100.0
0.8,unconstrained,implementation_mechanism,3,267,315,315,100.0
0.8,unconstrained,implementation_mechanism,37,59,64,64,100.0
0.8,unconstrained,implementation_mechanism,7,94,111,111,100.0
0.8,unconstrained,implementation_mechanism,11,222,229,229,100.0
0.8,unconstrained,implementation_mechanism,0,279,287,287,100.0
0.8,unconstrained,implementation_mechanism,17,205,218,218,100.0
0.8,unconstrained,implementation_mechanism,20,190,239,239,100.0
0.8,unconstrained,implementation_mechanism,22,11,11,11,100.0
0.8,unconstrained,implementation_mechanism,13,35,37,37,100.0
0.8,unconstrained,implementation_mechanism,14,73,76,76,100.0
0.8,unconstrained,implementation_mechanism,24,129,136,136,100.0
0.8,unconstrained,implementation_mechanism,35,50,53,53,100.0
0.8,unconstrained,implementation_mechanism,8,188,225,225,100.0
0.8,unconstrained,implementation_mechanism,25,72,75,75,100.0
0.8,unconstrained,implementation_mechanism,23,204,229,229,100.0
0.8,unconstrained,implementation_mechanism,39,15,15,15,100.0
0.8,unconstrained,implementation_mechanism,36,58,66,66,100.0
0.8,unconstrained,implementation_mechanism,34,57,57,57,100.0
0.8,unconstrained,implementation_mechanism,1,174,198,198,100.0
0.8,unconstrained,implementation_mechanism,9,243,282,282,100.0
0.8,unconstrained,implementation_mechanism,2,75,79,79,100.0
0.8,unconstrained,implementation_mechanism,33,140,151,151,100.0
0.8,unconstrained,implementation_mechanism,29,45,45,45,100.0
0.8,unconstrained,implementation_mechanism,10,110,129,129,100.0
0.8,unconstrained,implementation_mechanism,6,264,308,308,100.0
0.8,unconstrained,implementation_mechanism,27,24,24,24,100.0
0.8,unconstrained,implementation_mechanism,18,61,64,64,100.0
0.8,unconstrained,implementation_mechanism,16,122,139,139,100.0
0.8,unconstrained,implementation_mechanism,28,21,21,21,100.0
0.8,unconstrained,implementation_mechanism,21,37,41,41,100.0
0.8,unconstrained,implementation_mechanism,26,46,54,54,100.0
0.8,unconstrained,implementation_mechanism,15,68,77,77,100.0
0.8,unconstrained,implementation_mechanism,38,20,24,24,100.0
0.8,unconstrained,implementation_mechanism,31,10,10,10,100.0
0.8,unconstrained,implementation_mechanism,19,37,37,37,100.0
0.8,unconstrained,implementation_mechanism,32,23,24,24,100.0
0.8,unconstrained,implementation_mechanism,30,12,13,13,100.0
0.8,unconstrained,implementation_mechanism,12,68,70,70,100.0
0.8,unconstrained,implementation_mechanism,4,27,29,29,100.0
0.8,single_risk,implementation_mechanism,0,255,298,298,100.0
0.8,single_risk,implementation_mechanism,2,366,462,462,100.0
0.8,single_risk,implementation_mechanism,35,65,70,70,100.0
0.8,single_risk,implementation_mechanism,27,83,98,98,100.0
0.8,single_risk,implementation_mechanism,24,188,193,193,100.0
0.8,single_risk,implementation_mechanism,6,261,270,270,100.0
0.8,single_risk,implementation_mechanism,11,202,213,213,100.0
0.8,single_risk,implementation_mechanism,9,139,175,175,100.0
0.8,single_risk,implementation_mechanism,1,34,34,34,100.0
0.8,single_risk,implementation_mechanism,4,169,200,200,100.0
0.8,single_risk,implementation_mechanism,20,21,23,23,100.0
0.8,single_risk,implementation_mechanism,21,68,72,72,100.0
0.8,single_risk,implementation_mechanism,17,85,96,96,100.0
0.8,single_risk,implementation_mechanism,33,22,24,24,100.0
0.8,single_risk,implementation_mechanism,13,40,46,46,100.0
0.8,single_risk,implementation_mechanism,26,50,53,53,100.0
0.8,single_risk,implementation_mechanism,22,113,115,115,100.0
0.8,single_risk,implementation_mechanism,19,119,138,138,100.0
0.8,single_risk,implementation_mechanism,32,15,15,15,100.0
0.8,single_risk,implementation_mechanism,30,59,66,66,100.0
0.8,single_risk,implementation_mechanism,34,69,78,78,100.0
0.8,single_risk,implementation_mechanism,18,72,73,73,100.0
0.8,single_risk,implementation_mechanism,16,69,73,73,100.0
0.8,single_risk,implementation_mechanism,10,97,98,98,100.0
0.8,single_risk,implementation_mechanism,29,139,153,153,100.0
0.8,single_risk,implementation_mechanism,12,40,40,40,100.0
0.8,single_risk,implementation_mechanism,14,105,124,124,100.0
0.8,single_risk,implementation_mechanism,3,206,225,225,100.0
0.8,single_risk,implementation_mechanism,15,58,61,61,100.0
0.8,single_risk,implementation_mechanism,5,119,125,125,100.0
0.8,single_risk,implementation_mechanism,23,27,28,28,100.0
0.8,single_risk,implementation_mechanism,38,73,83,83,100.0
0.8,single_risk,implementation_mechanism,28,18,18,18,100.0
0.8,single_risk,implementation_mechanism,8,212,242,242,100.0
0.8,single_risk,implementation_mechanism,25,83,86,86,100.0
0.8,single_risk,implementation_mechanism,39,108,128,128,100.0
0.8,single_risk,implementation_mechanism,31,10,10,10,100.0
0.8,single_risk,implementation_mechanism,37,10,11,11,100.0
0.8,single_risk,implementation_mechanism,36,36,36,36,100.0
0.8,single_risk,implementation_mechanism,7,36,38,38,100.0
0.8,monotonic,implementation_mechanism,12,145,169,169,100.0
0.8,monotonic,implementation_mechanism,18,109,121,121,100.0
0.8,monotonic,implementation_mechanism,37,35,37,37,100.0
0.8,monotonic,implementation_mechanism,30,88,101,101,100.0
0.8,monotonic,implementation_mechanism,23,166,171,171,100.0
0.8,monotonic,implementation_mechanism,17,230,236,236,100.0
0.8,monotonic,implementation_mechanism,3,134,163,163,100.0
0.8,monotonic,implementation_mechanism,4,137,144,144,100.0
0.8,monotonic,implementation_mechanism,8,131,175,175,100.0
0.8,monotonic,implementation_mechanism,32,9,9,9,100.0
0.8,monotonic,implementation_mechanism,19,95,101,101,100.0
0.8,monotonic,implementation_mechanism,38,55,56,56,100.0
0.8,monotonic,implementation_mechanism,2,193,215,215,100.0
0.8,monotonic,implementation_mechanism,16,46,52,52,100.0
0.8,monotonic,implementation_mechanism,13,53,56,56,100.0
0.8,monotonic,implementation_mechanism,0,260,322,322,100.0
0.8,monotonic,implementation_mechanism,1,114,116,116,100.0
0.8,monotonic,implementation_mechanism,14,87,89,89,100.0
0.8,monotonic,implementation_mechanism,26,15,15,15,100.0
0.8,monotonic,implementation_mechanism,25,44,46,46,100.0
0.8,monotonic,implementation_mechanism,22,68,77,77,100.0
0.8,monotonic,implementation_mechanism,34,73,74,74,100.0
0.8,monotonic,implementation_mechanism,11,189,203,203,100.0
0.8,monotonic,implementation_mechanism,10,104,125,125,100.0
0.8,monotonic,implementation_mechanism,27,33,33,33,100.0
0.8,monotonic,implementation_mechanism,6,109,115,115,100.0
0.8,monotonic,implementation_mechanism,28,50,52,52,100.0
0.8,monotonic,implementation_mechanism,35,63,75,75,100.0
0.8,monotonic,implementation_mechanism,7,47,49,49,100.0
0.8,monotonic,implementation_mechanism,21,19,19,19,100.0
0.8,monotonic,implementation_mechanism,15,122,133,133,100.0
0.8,monotonic,implementation_mechanism,20,56,65,65,100.0
0.8,monotonic,implementation_mechanism,9,105,115,115,100.0
0.8,monotonic,implementation_mechanism,31,11,11,11,100.0
0.8,monotonic,implementation_mechanism,36,40,41,41,100.0
0.8,monotonic,implementation_mechanism,5,49,50,50,100.0
0.8,monotonic,implementation_mechanism,39,10,10,10,100.0
0.8,monotonic,implementation_mechanism,24,37,40,40,100.0
0.8,monotonic,implementation_mechanism,29,20,21,21,100.0
0.8,monotonic,implementation_mechanism,33,53,54,54,100.0
0.8,both,implementation_mechanism,32,35,37,37,100.0
0.8,both,implementation_mechanism,2,82,93,93,100.0
0.8,both,implementation_mechanism,4,83,96,96,100.0
0.8,both,implementation_mechanism,20,156,160,160,100.0
0.8,both,implementation_mechanism,39,230,236,236,100.0
0.8,both,implementation_mechanism,13,107,111,111,100.0
0.8,both,implementation_mechanism,27,114,129,129,100.0
0.8,both,implementation_mechanism,15,132,158,158,100.0
0.8,both,implementation_mechanism,29,124,156,156,100.0
0.8,both,implementation_mechanism,9,34,36,36,100.0
0.8,both,implementation_mechanism,16,115,124,124,100.0
0.8,both,implementation_mechanism,25,121,129,129,100.0
0.8,both,implementation_mechanism,36,52,53,53,100.0
0.8,both,implementation_mechanism,5,165,182,182,100.0
0.8,both,implementation_mechanism,11,50,57,57,100.0
0.8,both,implementation_mechanism,34,41,43,43,100.0
0.8,both,implementation_mechanism,6,229,284,284,100.0
0.8,both,implementation_mechanism,3,121,123,123,100.0
0.8,both,implementation_mechanism,0,144,160,160,100.0
0.8,both,implementation_mechanism,14,53,57,57,100.0
0.8,both,implementation_mechanism,7,154,164,164,100.0
0.8,both,implementation_mechanism,26,70,77,77,100.0
0.8,both,implementation_mechanism,22,57,63,63,100.0
0.8,both,implementation_mechanism,17,61,62,62,100.0
0.8,both,implementation_mechanism,12,183,197,197,100.0
0.8,both,implementation_mechanism,10,43,44,44,100.0
0.8,both,implementation_mechanism,18,59,76,76,100.0
0.8,both,implementation_mechanism,8,44,45,45,100.0
0.8,both,implementation_mechanism,35,82,91,91,100.0
0.8,both,implementation_mechanism,37,58,69,69,100.0
0.8,both,implementation_mechanism,30,84,86,86,100.0
0.8,both,implementation_mechanism,21,19,19,19,100.0
0.8,both,implementation_mechanism,24,52,60,60,100.0
0.8,both,implementation_mechanism,23,11,11,11,100.0
0.8,both,implementation_mechanism,19,50,53,53,100.0
0.8,both,implementation_mechanism,33,13,13,13,100.0
0.8,both,implementation_mechanism,31,10,10,10,100.0
0.8,both,implementation_mechanism,1,75,77,77,100.0
0.8,both,implementation_mechanism,28,9,10,10,100.0
0.8,both,implementation_mechanism,38,4,4,4,100.0
0.85,unconstrained,implementation_mechanism,29,41,44,44,100.0
0.85,unconstrained,implementation_mechanism,6,79,88,88,100.0
0.85,unconstrained,implementation_mechanism,19,84,99,99,100.0
0.85,unconstrained,implementation_mechanism,32,175,180,180,100.0
0.85,unconstrained,implementation_mechanism,16,195,204,204,100.0
0.85,unconstrained,implementation_mechanism,15,144,154,154,100.0
0.85,unconstrained,implementation_mechanism,1,87,103,103,100.0
0.85,unconstrained,implementation_mechanism,8,68,86,86,100.0
0.85,unconstrained,implementation_mechanism,2,163,205,205,100.0
0.85,unconstrained,implementation_mechanism,11,44,45,45,100.0
0.85,unconstrained,implementation_mechanism,0,209,236,236,100.0
0.85,unconstrained,implementation_mechanism,24,100,105,105,100.0
0.85,unconstrained,implementation_mechanism,5,186,213,213,100.0
0.85,unconstrained,implementation_mechanism,34,15,17,17,100.0
0.85,unconstrained,implementation_mechanism,37,45,47,47,100.0
0.85,unconstrained,implementation_mechanism,4,100,113,113,100.0
0.85,unconstrained,implementation_mechanism,33,98,118,118,100.0
0.85,unconstrained,implementation_mechanism,38,75,84,84,100.0
0.85,unconstrained,implementation_mechanism,25,96,105,105,100.0
0.85,unconstrained,implementation_mechanism,18,70,79,79,100.0
0.85,unconstrained,implementation_mechanism,10,119,123,123,100.0
0.85,unconstrained,implementation_mechanism,22,58,59,59,100.0
0.85,unconstrained,implementation_mechanism,12,184,198,198,100.0
0.85,unconstrained,implementation_mechanism,36,23,26,26,100.0
0.85,unconstrained,implementation_mechanism,3,66,80,80,100.0
0.85,unconstrained,implementation_mechanism,21,88,94,94,100.0
0.85,unconstrained,implementation_mechanism,31,56,59,59,100.0
0.85,unconstrained,implementation_mechanism,9,122,137,137,100.0
0.85,unconstrained,implementation_mechanism,35,73,78,78,100.0
0.85,unconstrained,implementation_mechanism,26,40,41,41,100.0
0.85,unconstrained,implementation_mechanism,17,53,62,62,100.0
0.85,unconstrained,implementation_mechanism,20,10,10,10,100.0
0.85,unconstrained,implementation_mechanism,30,45,47,47,100.0
0.85,unconstrained,implementation_mechanism,7,56,65,65,100.0
0.85,unconstrained,implementation_mechanism,27,8,8,8,100.0
0.85,unconstrained,implementation_mechanism,13,93,100,100,100.0
0.85,unconstrained,implementation_mechanism,14,39,40,40,100.0
0.85,unconstrained,implementation_mechanism,39,10,11,11,100.0
0.85,unconstrained,implementation_mechanism,23,17,17,17,100.0
0.85,unconstrained,implementation_mechanism,28,1,1,1,100.0
0.85,single_risk,implementation_mechanism,27,36,39,39,100.0
0.85,single_risk,implementation_mechanism,0,187,219,219,100.0
0.85,single_risk,implementation_mechanism,31,82,93,93,100.0
0.85,single_risk,implementation_mechanism,26,160,165,165,100.0
0.85,single_risk,implementation_mechanism,33,191,202,202,100.0
0.85,single_risk,implementation_mechanism,6,121,128,128,100.0
0.85,single_risk,implementation_mechanism,28,108,123,123,100.0
0.85,single_risk,implementation_mechanism,4,66,82,82,100.0
0.85,single_risk,implementation_mechanism,1,141,184,184,100.0
0.85,single_risk,implementation_mechanism,30,28,29,29,100.0
0.85,single_risk,implementation_mechanism,2,124,134,134,100.0
0.85,single_risk,implementation_mechanism,29,96,101,101,100.0
0.85,single_risk,implementation_mechanism,7,96,107,107,100.0
0.85,single_risk,implementation_mechanism,32,15,17,17,100.0
0.85,single_risk,implementation_mechanism,13,49,51,51,100.0
0.85,single_risk,implementation_mechanism,5,127,144,144,100.0
0.85,single_risk,implementation_mechanism,15,88,106,106,100.0
0.85,single_risk,implementation_mechanism,19,91,95,95,100.0
0.85,single_risk,implementation_mechanism,11,64,72,72,100.0
0.85,single_risk,implementation_mechanism,22,78,86,86,100.0
0.85,single_risk,implementation_mechanism,35,56,56,56,100.0
0.85,single_risk,implementation_mechanism,12,176,189,189,100.0
0.85,single_risk,implementation_mechanism,36,23,26,26,100.0
0.85,single_risk,implementation_mechanism,24,34,35,35,100.0
0.85,single_risk,implementation_mechanism,39,53,63,63,100.0
0.85,single_risk,implementation_mechanism,9,39,46,46,100.0
0.85,single_risk,implementation_mechanism,8,85,91,91,100.0
0.85,single_risk,implementation_mechanism,16,145,164,164,100.0
0.85,single_risk,implementation_mechanism,10,58,61,61,100.0
0.85,single_risk,implementation_mechanism,17,61,64,64,100.0
0.85,single_risk,implementation_mechanism,20,53,62,62,100.0
0.85,single_risk,implementation_mechanism,14,101,105,105,100.0
0.85,single_risk,implementation_mechanism,34,12,12,12,100.0
0.85,single_risk,implementation_mechanism,25,49,51,51,100.0
0.85,single_risk,implementation_mechanism,23,107,116,116,100.0
0.85,single_risk,implementation_mechanism,21,56,65,65,100.0
0.85,single_risk,implementation_mechanism,3,37,41,41,100.0
0.85,single_risk,implementation_mechanism,18,31,31,31,100.0
0.85,single_risk,implementation_mechanism,37,17,17,17,100.0
0.85,single_risk,implementation_mechanism,38,3,3,3,100.0
0.85,monotonic,implementation_mechanism,35,33,37,37,100.0
0.85,monotonic,implementation_mechanism,23,60,67,67,100.0
0.85,monotonic,implementation_mechanism,21,71,82,82,100.0
0.85,monotonic,implementation_mechanism,9,135,138,138,100.0
0.85,monotonic,implementation_mechanism,20,201,209,209,100.0
0.85,monotonic,implementation_mechanism,26,105,109,109,100.0
0.85,monotonic,implementation_mechanism,3,40,42,42,100.0
0.85,monotonic,implementation_mechanism,33,43,48,48,100.0
0.85,monotonic,implementation_mechanism,8,67,85,85,100.0
0.85,monotonic,implementation_mechanism,0,121,154,154,100.0
0.85,monotonic,implementation_mechanism,4,37,37,37,100.0
0.85,monotonic,implementation_mechanism,10,154,167,167,100.0
0.85,monotonic,implementation_mechanism,28,8,8,8,100.0
0.85,monotonic,implementation_mechanism,1,127,133,133,100.0
0.85,monotonic,implementation_mechanism,2,194,222,222,100.0
0.85,monotonic,implementation_mechanism,17,101,132,132,100.0
0.85,monotonic,implementation_mechanism,37,88,96,96,100.0
0.85,monotonic,implementation_mechanism,19,93,97,97,100.0
0.85,monotonic,implementation_mechanism,36,42,48,48,100.0
0.85,monotonic,implementation_mechanism,12,54,64,64,100.0
0.85,monotonic,implementation_mechanism,24,74,80,80,100.0
0.85,monotonic,implementation_mechanism,5,57,59,59,100.0
0.85,monotonic,implementation_mechanism,38,49,55,55,100.0
0.85,monotonic,implementation_mechanism,15,154,167,167,100.0
0.85,monotonic,implementation_mechanism,39,31,32,32,100.0
0.85,monotonic,implementation_mechanism,11,66,78,78,100.0
0.85,monotonic,implementation_mechanism,32,71,78,78,100.0
0.85,monotonic,implementation_mechanism,18,119,126,126,100.0
0.85,monotonic,implementation_mechanism,6,69,75,75,100.0
0.85,monotonic,implementation_mechanism,16,51,60,60,100.0
0.85,monotonic,implementation_mechanism,30,45,51,51,100.0
0.85,monotonic,implementation_mechanism,22,75,79,79,100.0
0.85,monotonic,implementation_mechanism,13,30,30,30,100.0
0.85,monotonic,implementation_mechanism,34,17,18,18,100.0
0.85,monotonic,implementation_mechanism,14,20,21,21,100.0
0.85,monotonic,implementation_mechanism,25,7,8,8,100.0
0.85,monotonic,implementation_mechanism,27,17,18,18,100.0
0.85,monotonic,implementation_mechanism,7,31,33,33,100.0
0.85,monotonic,implementation_mechanism,29,43,44,44,100.0
0.85,monotonic,implementation_mechanism,31,16,16,16,100.0
0.85,both,implementation_mechanism,2,58,61,61,100.0
0.85,both,implementation_mechanism,39,50,59,59,100.0
0.85,both,implementation_mechanism,24,65,77,77,100.0
0.85,both,implementation_mechanism,1,128,132,132,100.0
0.85,both,implementation_mechanism,19,198,207,207,100.0
0.85,both,implementation_mechanism,16,104,108,108,100.0
0.85,both,implementation_mechanism,4,121,142,142,100.0
0.85,both,implementation_mechanism,0,88,107,107,100.0
0.85,both,implementation_mechanism,20,62,70,70,100.0
0.85,both,implementation_mechanism,10,127,162,162,100.0
0.85,both,implementation_mechanism,5,53,54,54,100.0
0.85,both,implementation_mechanism,28,128,136,136,100.0
0.85,both,implementation_mechanism,35,8,8,8,100.0
0.85,both,implementation_mechanism,18,90,94,94,100.0
0.85,both,implementation_mechanism,36,111,123,123,100.0
0.85,both,implementation_mechanism,8,57,59,59,100.0
0.85,both,implementation_mechanism,17,98,129,129,100.0
0.85,both,implementation_mechanism,11,115,132,132,100.0
0.85,both,implementation_mechanism,33,33,35,35,100.0
0.85,both,implementation_mechanism,13,88,92,92,100.0
0.85,both,implementation_mechanism,9,72,80,80,100.0
0.85,both,implementation_mechanism,30,43,43,43,100.0
0.85,both,implementation_mechanism,15,52,53,53,100.0
0.85,both,implementation_mechanism,14,135,144,144,100.0
0.85,both,implementation_mechanism,29,28,29,29,100.0
0.85,both,implementation_mechanism,31,39,44,44,100.0
0.85,both,implementation_mechanism,3,46,54,54,100.0
0.85,both,implementation_mechanism,12,58,64,64,100.0
0.85,both,implementation_mechanism,21,73,76,76,100.0
0.85,both,implementation_mechanism,37,30,30,30,100.0
0.85,both,implementation_mechanism,23,93,98,98,100.0
0.85,both,implementation_mechanism,26,96,105,105,100.0
0.85,both,implementation_mechanism,27,51,60,60,100.0
0.85,both,implementation_mechanism,22,45,55,55,100.0
0.85,both,implementation_mechanism,25,25,26,26,100.0
0.85,both,implementation_mechanism,34,8,8,8,100.0
0.85,both,implementation_mechanism,32,25,25,25,100.0
0.85,both,implementation_mechanism,38,15,16,16,100.0
0.85,both,implementation_mechanism,6,18,20,20,100.0
0.85,both,implementation_mechanism,7,17,17,17,100.0
0.9,unconstrained,implementation_mechanism,25,39,42,42,100.0
0.9,unconstrained,implementation_mechanism,36,50,58,58,100.0
0.9,unconstrained,implementation_mechanism,5,55,66,66,100.0
0.9,unconstrained,implementation_mechanism,1,188,197,197,100.0
0.9,unconstrained,implementation_mechanism,16,109,116,116,100.0
0.9,unconstrained,implementation_mechanism,24,63,71,71,100.0
0.9,unconstrained,implementation_mechanism,4,174,209,209,100.0
0.9,unconstrained,implementation_mechanism,26,51,53,53,100.0
0.9,unconstrained,implementation_mechanism,3,91,100,100,100.0
0.9,unconstrained,implementation_mechanism,28,31,31,31,100.0
0.9,unconstrained,implementation_mechanism,31,101,105,105,100.0
0.9,unconstrained,implementation_mechanism,2,103,127,127,100.0
0.9,unconstrained,implementation_mechanism,21,26,30,30,100.0
0.9,unconstrained,implementation_mechanism,30,7,7,7,100.0
0.9,unconstrained,implementation_mechanism,0,143,160,160,100.0
0.9,unconstrained,implementation_mechanism,23,8,8,8,100.0
0.9,unconstrained,implementation_mechanism,19,131,149,149,100.0
0.9,unconstrained,implementation_mechanism,37,24,25,25,100.0
0.9,unconstrained,implementation_mechanism,7,120,130,130,100.0
0.9,unconstrained,implementation_mechanism,13,67,73,73,100.0
0.9,unconstrained,implementation_mechanism,20,57,62,62,100.0
0.9,unconstrained,implementation_mechanism,8,101,131,131,100.0
0.9,unconstrained,implementation_mechanism,39,17,20,20,100.0
0.9,unconstrained,implementation_mechanism,9,99,110,110,100.0
0.9,unconstrained,implementation_mechanism,11,61,68,68,100.0
0.9,unconstrained,implementation_mechanism,6,44,46,46,100.0
0.9,unconstrained,implementation_mechanism,33,31,37,37,100.0
0.9,unconstrained,implementation_mechanism,18,23,27,27,100.0
0.9,unconstrained,implementation_mechanism,34,46,49,49,100.0
0.9,unconstrained,implementation_mechanism,35,15,15,15,100.0
0.9,unconstrained,implementation_mechanism,27,42,51,51,100.0
0.9,unconstrained,implementation_mechanism,10,88,93,93,100.0
0.9,unconstrained,implementation_mechanism,22,20,20,20,100.0
0.9,unconstrained,implementation_mechanism,14,16,18,18,100.0
0.9,unconstrained,implementation_mechanism,17,31,33,33,100.0
0.9,unconstrained,implementation_mechanism,29,23,24,24,100.0
0.9,unconstrained,implementation_mechanism,12,26,26,26,100.0
0.9,unconstrained,implementation_mechanism,15,12,12,12,100.0
0.9,unconstrained,implementation_mechanism,38,5,5,5,100.0
0.9,unconstrained,implementation_mechanism,32,24,30,30,100.0
0.9,single_risk,implementation_mechanism,15,35,39,39,100.0
0.9,single_risk,implementation_mechanism,12,46,54,54,100.0
0.9,single_risk,implementation_mechanism,24,60,71,71,100.0
0.9,single_risk,implementation_mechanism,38,142,147,147,100.0
0.9,single_risk,implementation_mechanism,16,130,140,140,100.0
0.9,single_risk,implementation_mechanism,9,78,88,88,100.0
0.9,single_risk,implementation_mechanism,17,131,157,157,100.0
0.9,single_risk,implementation_mechanism,21,41,43,43,100.0
0.9,single_risk,implementation_mechanism,30,34,35,35,100.0
0.9,single_risk,implementation_mechanism,14,99,128,128,100.0
0.9,single_risk,implementation_mechanism,7,44,48,48,100.0
0.9,single_risk,implementation_mechanism,1,34,36,36,100.0
0.9,single_risk,implementation_mechanism,4,129,141,141,100.0
0.9,single_risk,implementation_mechanism,23,10,10,10,100.0
0.9,single_risk,implementation_mechanism,31,89,92,92,100.0
0.9,single_risk,implementation_mechanism,19,186,213,213,100.0
0.9,single_risk,implementation_mechanism,13,90,92,92,100.0
0.9,single_risk,implementation_mechanism,20,38,40,40,100.0
0.9,single_risk,implementation_mechanism,29,64,70,70,100.0
0.9,single_risk,implementation_mechanism,3,96,117,117,100.0
0.9,single_risk,implementation_mechanism,27,91,101,101,100.0
0.9,single_risk,implementation_mechanism,6,114,121,121,100.0
0.9,single_risk,implementation_mechanism,22,72,81,81,100.0
0.9,single_risk,implementation_mechanism,8,55,62,62,100.0
0.9,single_risk,implementation_mechanism,36,28,28,28,100.0
0.9,single_risk,implementation_mechanism,26,31,37,37,100.0
0.9,single_risk,implementation_mechanism,11,18,22,22,100.0
0.9,single_risk,implementation_mechanism,2,63,64,64,100.0
0.9,single_risk,implementation_mechanism,34,47,50,50,100.0
0.9,single_risk,implementation_mechanism,28,32,34,34,100.0
0.9,single_risk,implementation_mechanism,10,43,52,52,100.0
0.9,single_risk,implementation_mechanism,0,22,25,25,100.0
0.9,single_risk,implementation_mechanism,32,30,31,31,100.0
0.9,single_risk,implementation_mechanism,25,22,23,23,100.0
0.9,single_risk,implementation_mechanism,5,17,18,18,100.0
0.9,single_risk,implementation_mechanism,18,12,12,12,100.0
0.9,single_risk,implementation_mechanism,37,18,18,18,100.0
0.9,single_risk,implementation_mechanism,35,23,28,28,100.0
0.9,single_risk,implementation_mechanism,33,16,16,16,100.0
0.9,single_risk,implementation_mechanism,39,1,1,1,100.0
0.9,monotonic,implementation_mechanism,33,38,41,41,100.0
0.9,monotonic,implementation_mechanism,13,56,66,66,100.0
0.9,monotonic,implementation_mechanism,9,68,80,80,100.0
0.9,monotonic,implementation_mechanism,7,172,179,179,100.0
0.9,monotonic,implementation_mechanism,31,114,120,120,100.0
0.9,monotonic,implementation_mechanism,16,64,71,71,100.0
0.9,monotonic,implementation_mechanism,3,164,194,194,100.0
0.9,monotonic,implementation_mechanism,36,44,46,46,100.0
0.9,monotonic,implementation_mechanism,5,69,73,73,100.0
0.9,monotonic,implementation_mechanism,34,24,24,24,100.0
0.9,monotonic,implementation_mechanism,18,94,119,119,100.0
0.9,monotonic,implementation_mechanism,1,68,73,73,100.0
0.9,monotonic,implementation_mechanism,38,25,27,27,100.0
0.9,monotonic,implementation_mechanism,19,85,88,88,100.0
0.9,monotonic,implementation_mechanism,35,10,10,10,100.0
0.9,monotonic,implementation_mechanism,24,89,92,92,100.0
0.9,monotonic,implementation_mechanism,22,122,136,136,100.0
0.9,monotonic,implementation_mechanism,15,86,89,89,100.0
0.9,monotonic,implementation_mechanism,12,72,79,79,100.0
0.9,monotonic,implementation_mechanism,0,107,116,116,100.0
0.9,monotonic,implementation_mechanism,8,49,56,56,100.0
0.9,monotonic,implementation_mechanism,39,84,88,88,100.0
0.9,monotonic,implementation_mechanism,6,62,69,69,100.0
0.9,monotonic,implementation_mechanism,2,82,94,94,100.0
0.9,monotonic,implementation_mechanism,11,22,23,23,100.0
0.9,monotonic,implementation_mechanism,10,11,11,11,100.0
0.9,monotonic,implementation_mechanism,23,34,39,39,100.0
0.9,monotonic,implementation_mechanism,32,27,34,34,100.0
0.9,monotonic,implementation_mechanism,20,49,49,49,100.0
0.9,monotonic,implementation_mechanism,21,34,43,43,100.0
0.9,monotonic,implementation_mechanism,4,75,100,100,100.0
0.9,monotonic,implementation_mechanism,27,19,21,21,100.0
0.9,monotonic,implementation_mechanism,14,24,25,25,100.0
0.9,monotonic,implementation_mechanism,25,11,11,11,100.0
0.9,monotonic,implementation_mechanism,30,9,11,11,100.0
0.9,monotonic,implementation_mechanism,17,29,29,29,100.0
0.9,monotonic,implementation_mechanism,29,17,18,18,100.0
0.9,monotonic,implementation_mechanism,37,15,16,16,100.0
0.9,monotonic,implementation_mechanism,26,25,31,31,100.0
0.9,monotonic,implementation_mechanism,28,15,15,15,100.0
0.9,both,implementation_mechanism,29,32,35,35,100.0
0.9,both,implementation_mechanism,12,53,62,62,100.0
0.9,both,implementation_mechanism,8,59,70,70,100.0
0.9,both,implementation_mechanism,0,178,188,188,100.0
0.9,both,implementation_mechanism,23,120,126,126,100.0
0.9,both,implementation_mechanism,4,91,108,108,100.0
0.9,both,implementation_mechanism,7,153,181,181,100.0
0.9,both,implementation_mechanism,26,51,54,54,100.0
0.9,both,implementation_mechanism,9,119,151,151,100.0
0.9,both,implementation_mechanism,1,51,56,56,100.0
0.9,both,implementation_mechanism,37,29,31,31,100.0
0.9,both,implementation_mechanism,28,77,80,80,100.0
0.9,both,implementation_mechanism,25,10,10,10,100.0
0.9,both,implementation_mechanism,31,85,88,88,100.0
0.9,both,implementation_mechanism,18,137,155,155,100.0
0.9,both,implementation_mechanism,6,78,83,83,100.0
0.9,both,implementation_mechanism,20,92,102,102,100.0
0.9,both,implementation_mechanism,33,59,63,63,100.0
0.9,both,implementation_mechanism,15,48,54,54,100.0
0.9,both,implementation_mechanism,11,93,99,99,100.0
0.9,both,implementation_mechanism,24,71,80,80,100.0
0.9,both,implementation_mechanism,39,25,25,25,100.0
0.9,both,implementation_mechanism,27,34,39,39,100.0
0.9,both,implementation_mechanism,35,16,21,21,100.0
0.9,both,implementation_mechanism,13,18,18,18,100.0
0.9,both,implementation_mechanism,30,44,47,47,100.0
0.9,both,implementation_mechanism,34,49,49,49,100.0
0.9,both,implementation_mechanism,5,45,54,54,100.0
0.9,both,implementation_mechanism,22,71,91,91,100.0
0.9,both,implementation_mechanism,38,20,22,22,100.0
0.9,both,implementation_mechanism,10,21,24,24,100.0
0.9,both,implementation_mechanism,3,33,34,34,100.0
0.9,both,implementation_mechanism,19,29,29,29,100.0
0.9,both,implementation_mechanism,14,41,41,41,100.0
0.9,both,implementation_mechanism,2,18,18,18,100.0
0.9,both,implementation_mechanism,21,26,34,34,100.0
0.9,both,implementation_mechanism,36,29,30,30,100.0
0.9,both,implementation_mechanism,16,11,11,11,100.0
0.9,both,implementation_mechanism,17,9,10,10,100.0
0.9,both,implementation_mechanism,32,13,13,13,100.0
0.95,unconstrained,implementation_mechanism,6,62,67,67,100.0
0.95,unconstrained,implementation_mechanism,29,44,49,49,100.0
0.95,unconstrained,implementation_mechanism,23,65,76,76,100.0
0.95,unconstrained,implementation_mechanism,1,158,165,165,100.0
0.95,unconstrained,implementation_mechanism,14,117,126,126,100.0
0.95,unconstrained,implementation_mechanism,0,98,115,115,100.0
0.95,unconstrained,implementation_mechanism,11,155,185,185,100.0
0.95,unconstrained,implementation_mechanism,22,48,50,50,100.0
0.95,unconstrained,implementation_mechanism,9,94,116,116,100.0
0.95,unconstrained,implementation_mechanism,19,27,31,31,100.0
0.95,unconstrained,implementation_mechanism,8,22,23,23,100.0
0.95,unconstrained,implementation_mechanism,13,79,84,84,100.0
0.95,unconstrained,implementation_mechanism,37,7,7,7,100.0
0.95,unconstrained,implementation_mechanism,30,58,63,63,100.0
0.95,unconstrained,implementation_mechanism,36,79,92,92,100.0
0.95,unconstrained,implementation_mechanism,28,65,67,67,100.0
0.95,unconstrained,implementation_mechanism,7,42,50,50,100.0
0.95,unconstrained,implementation_mechanism,26,85,90,90,100.0
0.95,unconstrained,implementation_mechanism,10,54,60,60,100.0
0.95,unconstrained,implementation_mechanism,4,102,111,111,100.0
0.95,unconstrained,implementation_mechanism,5,86,94,94,100.0
0.95,unconstrained,implementation_mechanism,27,92,96,96,100.0
0.95,unconstrained,implementation_mechanism,21,82,92,92,100.0
0.95,unconstrained,implementation_mechanism,31,33,39,39,100.0
0.95,unconstrained,implementation_mechanism,39,35,38,38,100.0
0.95,unconstrained,implementation_mechanism,20,39,46,46,100.0
0.95,unconstrained,implementation_mechanism,2,60,77,77,100.0
0.95,unconstrained,implementation_mechanism,25,20,21,21,100.0
0.95,unconstrained,implementation_mechanism,17,49,50,50,100.0
0.95,unconstrained,implementation_mechanism,24,14,14,14,100.0
0.95,unconstrained,implementation_mechanism,32,13,16,16,100.0
0.95,unconstrained,implementation_mechanism,12,35,37,37,100.0
0.95,unconstrained,implementation_mechanism,18,17,17,17,100.0
0.95,unconstrained,implementation_mechanism,3,30,32,32,100.0
0.95,unconstrained,implementation_mechanism,15,14,15,15,100.0
0.95,unconstrained,implementation_mechanism,34,17,17,17,100.0
0.95,unconstrained,implementation_mechanism,16,21,27,27,100.0
0.95,unconstrained,implementation_mechanism,38,7,7,7,100.0
0.95,unconstrained,implementation_mechanism,35,17,18,18,100.0
0.95,unconstrained,implementation_mechanism,33,15,15,15,100.0
0.95,single_risk,implementation_mechanism,15,83,89,89,100.0
0.95,single_risk,implementation_mechanism,30,42,47,47,100.0
0.95,single_risk,implementation_mechanism,25,54,65,65,100.0
0.95,single_risk,implementation_mechanism,4,144,151,151,100.0
0.95,single_risk,implementation_mechanism,14,124,133,133,100.0
0.95,single_risk,implementation_mechanism,7,71,78,78,100.0
0.95,single_risk,implementation_mechanism,5,143,171,171,100.0
0.95,single_risk,implementation_mechanism,13,46,48,48,100.0
0.95,single_risk,implementation_mechanism,21,90,114,114,100.0
0.95,single_risk,implementation_mechanism,29,30,35,35,100.0
0.95,single_risk,implementation_mechanism,16,33,35,35,100.0
0.95,single_risk,implementation_mechanism,0,132,141,141,100.0
0.95,single_risk,implementation_mechanism,23,43,44,44,100.0
0.95,single_risk,implementation_mechanism,12,109,127,127,100.0
0.95,single_risk,implementation_mechanism,37,40,42,42,100.0
0.95,single_risk,implementation_mechanism,38,14,15,15,100.0
0.95,single_risk,implementation_mechanism,1,50,60,60,100.0
0.95,single_risk,implementation_mechanism,8,75,79,79,100.0
0.95,single_risk,implementation_mechanism,10,49,56,56,100.0
0.95,single_risk,implementation_mechanism,31,60,65,65,100.0
0.95,single_risk,implementation_mechanism,19,82,97,97,100.0
0.95,single_risk,implementation_mechanism,17,32,36,36,100.0
0.95,single_risk,implementation_mechanism,2,96,100,100,100.0
0.95,single_risk,implementation_mechanism,6,43,45,45,100.0
0.95,single_risk,implementation_mechanism,22,68,75,75,100.0
0.95,single_risk,implementation_mechanism,27,32,38,38,100.0
0.95,single_risk,implementation_mechanism,28,36,39,39,100.0
0.95,single_risk,implementation_mechanism,34,31,31,31,100.0
0.95,single_risk,implementation_mechanism,36,35,42,42,100.0
0.95,single_risk,implementation_mechanism,32,21,22,22,100.0
0.95,single_risk,implementation_mechanism,33,25,25,25,100.0
0.95,single_risk,implementation_mechanism,20,14,14,14,100.0
0.95,single_risk,implementation_mechanism,11,27,32,32,100.0
0.95,single_risk,implementation_mechanism,9,37,39,39,100.0
0.95,single_risk,implementation_mechanism,24,22,23,23,100.0
0.95,single_risk,implementation_mechanism,3,57,61,61,100.0
0.95,single_risk,implementation_mechanism,26,15,16,16,100.0
0.95,single_risk,implementation_mechanism,35,25,31,31,100.0
0.95,single_risk,implementation_mechanism,39,3,3,3,100.0
0.95,single_risk,implementation_mechanism,18,23,23,23,100.0
0.95,monotonic,implementation_mechanism,4,101,111,111,100.0
0.95,monotonic,implementation_mechanism,31,60,70,70,100.0
0.95,monotonic,implementation_mechanism,27,55,66,66,100.0
0.95,monotonic,implementation_mechanism,17,146,152,152,100.0
0.95,monotonic,implementation_mechanism,16,119,125,125,100.0
0.95,monotonic,implementation_mechanism,34,59,66,66,100.0
0.95,monotonic,implementation_mechanism,15,120,143,143,100.0
0.95,monotonic,implementation_mechanism,26,38,40,40,100.0
0.95,monotonic,implementation_mechanism,11,87,97,97,100.0
0.95,monotonic,implementation_mechanism,2,97,121,121,100.0
0.95,monotonic,implementation_mechanism,3,61,65,65,100.0
0.95,monotonic,implementation_mechanism,35,22,24,24,100.0
0.95,monotonic,implementation_mechanism,13,64,65,65,100.0
0.95,monotonic,implementation_mechanism,39,7,7,7,100.0
0.95,monotonic,implementation_mechanism,23,31,31,31,100.0
0.95,monotonic,implementation_mechanism,25,134,151,151,100.0
0.95,monotonic,implementation_mechanism,36,44,47,47,100.0
0.95,monotonic,implementation_mechanism,10,46,53,53,100.0
0.95,monotonic,implementation_mechanism,18,39,44,44,100.0
0.95,monotonic,implementation_mechanism,30,32,33,33,100.0
0.95,monotonic,implementation_mechanism,9,59,64,64,100.0
0.95,monotonic,implementation_mechanism,38,47,48,48,100.0
0.95,monotonic,implementation_mechanism,1,101,107,107,100.0
0.95,monotonic,implementation_mechanism,21,68,76,76,100.0
0.95,monotonic,implementation_mechanism,8,21,21,21,100.0
0.95,monotonic,implementation_mechanism,20,30,35,35,100.0
0.95,monotonic,implementation_mechanism,22,18,22,22,100.0
0.95,monotonic,implementation_mechanism,32,34,37,37,100.0
0.95,monotonic,implementation_mechanism,7,64,70,70,100.0
0.95,monotonic,implementation_mechanism,19,50,51,51,100.0
0.95,monotonic,implementation_mechanism,0,70,90,90,100.0
0.95,monotonic,implementation_mechanism,5,33,34,34,100.0
0.95,monotonic,implementation_mechanism,14,25,25,25,100.0
0.95,monotonic,implementation_mechanism,12,25,26,26,100.0
0.95,monotonic,implementation_mechanism,6,28,28,28,100.0
0.95,monotonic,implementation_mechanism,24,16,20,20,100.0
0.95,monotonic,implementation_mechanism,33,15,16,16,100.0
0.95,monotonic,implementation_mechanism,28,23,28,28,100.0
0.95,monotonic,implementation_mechanism,37,8,8,8,100.0
0.95,monotonic,implementation_mechanism,29,14,15,15,100.0
0.95,both,implementation_mechanism,8,102,117,117,100.0
0.95,both,implementation_mechanism,32,50,59,59,100.0
0.95,both,implementation_mechanism,36,56,67,67,100.0
0.95,both,implementation_mechanism,2,172,181,181,100.0
0.95,both,implementation_mechanism,14,105,110,110,100.0
0.95,both,implementation_mechanism,34,65,74,74,100.0
0.95,both,implementation_mechanism,11,131,155,155,100.0
0.95,both,implementation_mechanism,25,46,48,48,100.0
0.95,both,implementation_mechanism,0,117,146,146,100.0
0.95,both,implementation_mechanism,18,35,38,38,100.0
0.95,both,implementation_mechanism,31,37,39,39,100.0
0.95,both,implementation_mechanism,26,84,87,87,100.0
0.95,both,implementation_mechanism,21,7,7,7,100.0
0.95,both,implementation_mechanism,1,43,44,44,100.0
0.95,both,implementation_mechanism,13,125,143,143,100.0
0.95,both,implementation_mechanism,27,38,40,40,100.0
0.95,both,implementation_mechanism,20,88,93,93,100.0
0.95,both,implementation_mechanism,22,57,62,62,100.0
0.95,both,implementation_mechanism,15,35,39,39,100.0
0.95,both,implementation_mechanism,24,78,82,82,100.0
0.95,both,implementation_mechanism,19,44,51,51,100.0
0.95,both,implementation_mechanism,28,69,77,77,100.0
0.95,both,implementation_mechanism,4,37,39,39,100.0
0.95,both,implementation_mechanism,37,31,36,36,100.0
0.95,both,implementation_mechanism,23,18,23,23,100.0
0.95,both,implementation_mechanism,35,35,38,38,100.0
0.95,both,implementation_mechanism,6,56,64,64,100.0
0.95,both,implementation_mechanism,9,63,83,83,100.0
0.95,both,implementation_mechanism,33,18,20,20,100.0
0.95,both,implementation_mechanism,10,28,28,28,100.0
0.95,both,implementation_mechanism,3,23,28,28,100.0
0.95,both,implementation_mechanism,16,24,25,25,100.0
0.95,both,implementation_mechanism,17,34,35,35,100.0
0.95,both,implementation_mechanism,7,22,23,23,100.0
0.95,both,implementation_mechanism,30,15,16,16,100.0
0.95,both,implementation_mechanism,5,41,42,42,100.0
0.95,both,implementation_mechanism,29,14,15,15,100.0
0.95,both,implementation_mechanism,12,26,32,32,100.0
0.95,both,implementation_mechanism,39,8,8,8,100.0
0.95,both,implementation_mechanism,38,17,17,17,100.0
EDGE,unconstrained,validation_evidence,7,69,77,77,100.0
EDGE,unconstrained,validation_evidence,20,17,17,17,100.0
EDGE,unconstrained,validation_evidence,15,25,26,26,100.0
EDGE,unconstrained,validation_evidence,37,22,25,25,100.0
EDGE,unconstrained,validation_evidence,1,135,146,146,100.0
EDGE,unconstrained,validation_evidence,2,108,114,114,100.0
EDGE,unconstrained,validation_evidence,13,87,90,90,100.0
EDGE,unconstrained,validation_evidence,0,101,108,108,100.0
EDGE,unconstrained,validation_evidence,6,58,70,70,100.0
EDGE,unconstrained,validation_evidence,24,102,114,114,100.0
EDGE,unconstrained,validation_evidence,29,10,10,10,100.0
EDGE,unconstrained,validation_evidence,33,76,109,109,100.0
EDGE,unconstrained,validation_evidence,25,57,71,71,100.0
EDGE,unconstrained,validation_evidence,4,70,82,82,100.0
EDGE,unconstrained,validation_evidence,9,97,116,116,100.0
EDGE,unconstrained,validation_evidence,21,26,29,29,100.0
EDGE,unconstrained,validation_evidence,23,32,32,32,100.0
EDGE,unconstrained,validation_evidence,12,72,80,80,100.0
EDGE,unconstrained,validation_evidence,17,87,95,95,100.0
EDGE,unconstrained,validation_evidence,26,46,52,52,100.0
EDGE,unconstrained,validation_evidence,16,72,85,85,100.0
EDGE,unconstrained,validation_evidence,18,96,101,101,100.0
EDGE,unconstrained,validation_evidence,38,41,45,45,100.0
EDGE,unconstrained,validation_evidence,22,60,63,63,100.0
EDGE,unconstrained,validation_evidence,14,40,44,44,100.0
EDGE,unconstrained,validation_evidence,27,62,66,66,100.0
EDGE,unconstrained,validation_evidence,34,30,35,35,100.0
EDGE,unconstrained,validation_evidence,3,65,78,78,100.0
EDGE,unconstrained,validation_evidence,5,73,83,83,100.0
EDGE,unconstrained,validation_evidence,10,40,44,44,100.0
EDGE,unconstrained,validation_evidence,19,39,47,47,100.0
EDGE,unconstrained,validation_evidence,31,21,24,24,100.0
EDGE,unconstrained,validation_evidence,35,53,55,55,100.0
EDGE,unconstrained,validation_evidence,11,39,41,41,100.0
EDGE,unconstrained,validation_evidence,28,17,17,17,100.0
EDGE,unconstrained,validation_evidence,8,42,47,47,100.0
EDGE,unconstrained,validation_evidence,36,8,8,8,100.0
EDGE,unconstrained,validation_evidence,32,4,4,4,100.0
EDGE,unconstrained,validation_evidence,39,3,3,3,100.0
EDGE,unconstrained,validation_evidence,30,1,1,1,100.0
EDGE,single_risk,validation_evidence,12,69,75,75,100.0
EDGE,single_risk,validation_evidence,8,16,16,16,100.0
EDGE,single_risk,validation_evidence,13,27,28,28,100.0
EDGE,single_risk,validation_evidence,29,22,25,25,100.0
EDGE,single_risk,validation_evidence,9,127,136,136,100.0
EDGE,single_risk,validation_evidence,4,111,120,120,100.0
EDGE,single_risk,validation_evidence,22,76,78,78,100.0
EDGE,single_risk,validation_evidence,2,49,52,52,100.0
EDGE,single_risk,validation_evidence,14,56,66,66,100.0
EDGE,single_risk,validation_evidence,19,95,107,107,100.0
EDGE,single_risk,validation_evidence,37,11,11,11,100.0
EDGE,single_risk,validation_evidence,11,103,141,141,100.0
EDGE,single_risk,validation_evidence,21,57,71,71,100.0
EDGE,single_risk,validation_evidence,3,78,90,90,100.0
EDGE,single_risk,validation_evidence,33,117,128,128,100.0
EDGE,single_risk,validation_evidence,32,89,102,102,100.0
EDGE,single_risk,validation_evidence,36,26,29,29,100.0
EDGE,single_risk,validation_evidence,24,31,31,31,100.0
EDGE,single_risk,validation_evidence,17,61,69,69,100.0
EDGE,single_risk,validation_evidence,0,44,50,50,100.0
EDGE,single_risk,validation_evidence,23,71,85,85,100.0
EDGE,single_risk,validation_evidence,1,45,49,49,100.0
EDGE,single_risk,validation_evidence,7,45,48,48,100.0
EDGE,single_risk,validation_evidence,5,60,66,66,100.0
EDGE,single_risk,validation_evidence,6,113,120,120,100.0
EDGE,single_risk,validation_evidence,16,60,63,63,100.0
EDGE,single_risk,validation_evidence,10,52,58,58,100.0
EDGE,single_risk,validation_evidence,26,51,53,53,100.0
EDGE,single_risk,validation_evidence,35,32,37,37,100.0
EDGE,single_risk,validation_evidence,34,23,26,26,100.0
EDGE,single_risk,validation_evidence,25,58,69,69,100.0
EDGE,single_risk,validation_evidence,30,14,15,15,100.0
EDGE,single_risk,validation_evidence,15,36,40,40,100.0
EDGE,single_risk,validation_evidence,39,32,40,40,100.0
EDGE,single_risk,validation_evidence,27,21,24,24,100.0
EDGE,single_risk,validation_evidence,20,61,69,69,100.0
EDGE,single_risk,validation_evidence,18,47,48,48,100.0
EDGE,single_risk,validation_evidence,28,9,9,9,100.0
EDGE,single_risk,validation_evidence,38,6,6,6,100.0
EDGE,single_risk,validation_evidence,31,2,2,2,100.0
EDGE,monotonic,validation_evidence,7,31,33,33,100.0
EDGE,monotonic,validation_evidence,6,18,18,18,100.0
EDGE,monotonic,validation_evidence,28,19,20,20,100.0
EDGE,monotonic,validation_evidence,21,21,24,24,100.0
EDGE,monotonic,validation_evidence,13,147,164,164,100.0
EDGE,monotonic,validation_evidence,11,116,123,123,100.0
EDGE,monotonic,validation_evidence,12,86,89,89,100.0
EDGE,monotonic,validation_evidence,8,37,38,38,100.0
EDGE,monotonic,validation_evidence,23,50,60,60,100.0
EDGE,monotonic,validation_evidence,34,94,107,107,100.0
EDGE,monotonic,validation_evidence,37,10,10,10,100.0
EDGE,monotonic,validation_evidence,24,79,111,111,100.0
EDGE,monotonic,validation_evidence,17,48,60,60,100.0
EDGE,monotonic,validation_evidence,5,94,107,107,100.0
EDGE,monotonic,validation_evidence,3,84,88,88,100.0
EDGE,monotonic,validation_evidence,14,92,110,110,100.0
EDGE,monotonic,validation_evidence,29,24,26,26,100.0
EDGE,monotonic,validation_evidence,30,26,26,26,100.0
EDGE,monotonic,validation_evidence,16,68,76,76,100.0
EDGE,monotonic,validation_evidence,15,73,79,79,100.0
EDGE,monotonic,validation_evidence,0,53,59,59,100.0
EDGE,monotonic,validation_evidence,32,48,56,56,100.0
EDGE,monotonic,validation_evidence,22,62,65,65,100.0
EDGE,monotonic,validation_evidence,18,68,69,69,100.0
EDGE,monotonic,validation_evidence,1,50,51,51,100.0
EDGE,monotonic,validation_evidence,27,69,72,72,100.0
EDGE,monotonic,validation_evidence,25,52,58,58,100.0
EDGE,monotonic,validation_evidence,36,22,24,24,100.0
EDGE,monotonic,validation_evidence,9,62,75,75,100.0
EDGE,monotonic,validation_evidence,10,47,54,54,100.0
EDGE,monotonic,validation_evidence,35,37,44,44,100.0
EDGE,monotonic,validation_evidence,31,21,24,24,100.0
EDGE,monotonic,validation_evidence,2,43,46,46,100.0
EDGE,monotonic,validation_evidence,4,17,19,19,100.0
EDGE,monotonic,validation_evidence,20,58,66,66,100.0
EDGE,monotonic,validation_evidence,38,56,60,60,100.0
EDGE,monotonic,validation_evidence,19,16,17,17,100.0
EDGE,monotonic,validation_evidence,39,31,34,34,100.0
EDGE,monotonic,validation_evidence,33,22,22,22,100.0
EDGE,monotonic,validation_evidence,26,12,12,12,100.0
EDGE,both,validation_evidence,7,31,33,33,100.0
EDGE,both,validation_evidence,6,18,18,18,100.0
EDGE,both,validation_evidence,28,19,20,20,100.0
EDGE,both,validation_evidence,21,21,24,24,100.0
EDGE,both,validation_evidence,13,147,164,164,100.0
EDGE,both,validation_evidence,11,116,123,123,100.0
EDGE,both,validation_evidence,12,86,89,89,100.0
EDGE,both,validation_evidence,8,37,38,38,100.0
EDGE,both,validation_evidence,23,50,60,60,100.0
EDGE,both,validation_evidence,34,94,107,107,100.0
EDGE,both,validation_evidence,37,10,10,10,100.0
EDGE,both,validation_evidence,24,79,111,111,100.0
EDGE,both,validation_evidence,17,48,60,60,100.0
EDGE,both,validation_evidence,5,94,107,107,100.0
EDGE,both,validation_evidence,3,84,88,88,100.0
EDGE,both,validation_evidence,14,92,110,110,100.0
EDGE,both,validation_evidence,29,24,26,26,100.0
EDGE,both,validation_evidence,30,26,26,26,100.0
EDGE,both,validation_evidence,16,68,76,76,100.0
EDGE,both,validation_evidence,15,73,79,79,100.0
EDGE,both,validation_evidence,0,53,59,59,100.0
EDGE,both,validation_evidence,32,48,56,56,100.0
EDGE,both,validation_evidence,22,62,65,65,100.0
EDGE,both,validation_evidence,18,68,69,69,100.0
EDGE,both,validation_evidence,1,50,51,51,100.0
EDGE,both,validation_evidence,27,69,72,72,100.0
EDGE,both,validation_evidence,25,52,58,58,100.0
EDGE,both,validation_evidence,36,22,24,24,100.0
EDGE,both,validation_evidence,9,62,75,75,100.0
EDGE,both,validation_evidence,10,47,54,54,100.0
EDGE,both,validation_evidence,35,37,44,44,100.0
EDGE,both,validation_evidence,31,21,24,24,100.0
EDGE,both,validation_evidence,2,43,46,46,100.0
EDGE,both,validation_evidence,4,17,19,19,100.0
EDGE,both,validation_evidence,20,58,66,66,100.0
EDGE,both,validation_evidence,38,56,60,60,100.0
EDGE,both,validation_evidence,19,16,17,17,100.0
EDGE,both,validation_evidence,39,31,34,34,100.0
EDGE,both,validation_evidence,33,22,22,22,100.0
EDGE,both,validation_evidence,26,12,12,12,100.0
0.8,unconstrained,validation_evidence,13,277,315,315,100.0
0.8,unconstrained,validation_evidence,16,79,83,83,100.0
0.8,unconstrained,validation_evidence,6,104,120,120,100.0
0.8,unconstrained,validation_evidence,27,122,129,129,100.0
0.8,unconstrained,validation_evidence,25,71,72,72,100.0
0.8,unconstrained,validation_evidence,11,90,93,93,100.0
0.8,unconstrained,validation_evidence,29,29,31,31,100.0
0.8,unconstrained,validation_evidence,10,154,167,167,100.0
0.8,unconstrained,validation_evidence,1,191,211,211,100.0
0.8,unconstrained,validation_evidence,2,142,159,159,100.0
0.8,unconstrained,validation_evidence,33,126,149,149,100.0
0.8,unconstrained,validation_evidence,24,121,134,134,100.0
0.8,unconstrained,validation_evidence,35,58,63,63,100.0
0.8,unconstrained,validation_evidence,9,257,346,346,100.0
0.8,unconstrained,validation_evidence,0,111,114,114,100.0
0.8,unconstrained,validation_evidence,21,30,33,33,100.0
0.8,unconstrained,validation_evidence,22,107,116,116,100.0
0.8,unconstrained,validation_evidence,19,50,51,51,100.0
0.8,unconstrained,validation_evidence,3,31,33,33,100.0
0.8,unconstrained,validation_evidence,30,41,51,51,100.0
0.8,unconstrained,validation_evidence,32,57,60,60,100.0
0.8,unconstrained,validation_evidence,8,47,52,52,100.0
0.8,unconstrained,validation_evidence,23,104,112,112,100.0
0.8,unconstrained,validation_evidence,34,162,189,189,100.0
0.8,unconstrained,validation_evidence,26,56,56,56,100.0
0.8,unconstrained,validation_evidence,12,57,67,67,100.0
0.8,unconstrained,validation_evidence,7,92,99,99,100.0
0.8,unconstrained,validation_evidence,15,56,61,61,100.0
0.8,unconstrained,validation_evidence,5,109,117,117,100.0
0.8,unconstrained,validation_evidence,14,33,38,38,100.0
0.8,unconstrained,validation_evidence,37,20,23,23,100.0
0.8,unconstrained,validation_evidence,4,17,17,17,100.0
0.8,unconstrained,validation_evidence,18,34,35,35,100.0
0.8,unconstrained,validation_evidence,38,13,13,13,100.0
0.8,unconstrained,validation_evidence,31,15,18,18,100.0
0.8,unconstrained,validation_evidence,39,28,28,28,100.0
0.8,unconstrained,validation_evidence,20,39,40,40,100.0
0.8,unconstrained,validation_evidence,17,16,16,16,100.0
0.8,unconstrained,validation_evidence,28,7,7,7,100.0
0.8,unconstrained,validation_evidence,36,1,1,1,100.0
0.8,single_risk,validation_evidence,9,269,310,310,100.0
0.8,single_risk,validation_evidence,1,54,57,57,100.0
0.8,single_risk,validation_evidence,14,116,131,131,100.0
0.8,single_risk,validation_evidence,6,130,137,137,100.0
0.8,single_risk,validation_evidence,26,64,65,65,100.0
0.8,single_risk,validation_evidence,17,92,94,94,100.0
0.8,single_risk,validation_evidence,29,32,34,34,100.0
0.8,single_risk,validation_evidence,4,163,173,173,100.0
0.8,single_risk,validation_evidence,11,178,194,194,100.0
0.8,single_risk,validation_evidence,8,81,99,99,100.0
0.8,single_risk,validation_evidence,7,159,191,191,100.0
0.8,single_risk,validation_evidence,2,135,148,148,100.0
0.8,single_risk,validation_evidence,15,87,96,96,100.0
0.8,single_risk,validation_evidence,30,240,324,324,100.0
0.8,single_risk,validation_evidence,31,55,68,68,100.0
0.8,single_risk,validation_evidence,37,27,29,29,100.0
0.8,single_risk,validation_evidence,32,36,37,37,100.0
0.8,single_risk,validation_evidence,13,76,78,78,100.0
0.8,single_risk,validation_evidence,21,52,55,55,100.0
0.8,single_risk,validation_evidence,20,73,77,77,100.0
0.8,single_risk,validation_evidence,16,106,110,110,100.0
0.8,single_risk,validation_evidence,22,8,8,8,100.0
0.8,single_risk,validation_evidence,5,80,84,84,100.0
0.8,single_risk,validation_evidence,10,35,40,40,100.0
0.8,single_risk,validation_evidence,36,100,108,108,100.0
0.8,single_risk,validation_evidence,34,112,126,126,100.0
0.8,single_risk,validation_evidence,25,57,57,57,100.0
0.8,single_risk,validation_evidence,0,64,74,74,100.0
0.8,single_risk,validation_evidence,18,88,95,95,100.0
0.8,single_risk,validation_evidence,3,58,63,63,100.0
0.8,single_risk,validation_evidence,27,103,110,110,100.0
0.8,single_risk,validation_evidence,19,33,38,38,100.0
0.8,single_risk,validation_evidence,23,20,23,23,100.0
0.8,single_risk,validation_evidence,33,16,16,16,100.0
0.8,single_risk,validation_evidence,39,29,29,29,100.0
0.8,single_risk,validation_evidence,24,27,27,27,100.0
0.8,single_risk,validation_evidence,12,13,15,15,100.0
0.8,single_risk,validation_evidence,38,4,4,4,100.0
0.8,single_risk,validation_evidence,28,7,7,7,100.0
0.8,single_risk,validation_evidence,35,1,1,1,100.0
0.8,monotonic,validation_evidence,30,214,239,239,100.0
0.8,monotonic,validation_evidence,8,145,159,159,100.0
0.8,monotonic,validation_evidence,5,98,110,110,100.0
0.8,monotonic,validation_evidence,12,126,135,135,100.0
0.8,monotonic,validation_evidence,35,56,57,57,100.0
0.8,monotonic,validation_evidence,33,102,110,110,100.0
0.8,monotonic,validation_evidence,25,26,27,27,100.0
0.8,monotonic,validation_evidence,0,131,138,138,100.0
0.8,monotonic,validation_evidence,16,81,87,87,100.0
0.8,monotonic,validation_evidence,13,61,74,74,100.0
0.8,monotonic,validation_evidence,14,187,221,221,100.0
0.8,monotonic,validation_evidence,23,103,114,114,100.0
0.8,monotonic,validation_evidence,4,217,284,284,100.0
0.8,monotonic,validation_evidence,15,72,87,87,100.0
0.8,monotonic,validation_evidence,27,3,3,3,100.0
0.8,monotonic,validation_evidence,21,28,30,30,100.0
0.8,monotonic,validation_evidence,2,51,58,58,100.0
0.8,monotonic,validation_evidence,32,39,42,42,100.0
0.8,monotonic,validation_evidence,3,86,98,98,100.0
0.8,monotonic,validation_evidence,11,65,66,66,100.0
0.8,monotonic,validation_evidence,9,106,114,114,100.0
0.8,monotonic,validation_evidence,37,63,66,66,100.0
0.8,monotonic,validation_evidence,22,65,69,69,100.0
0.8,monotonic,validation_evidence,20,75,79,79,100.0
0.8,monotonic,validation_evidence,26,18,21,21,100.0
0.8,monotonic,validation_evidence,7,44,51,51,100.0
0.8,monotonic,validation_evidence,6,84,90,90,100.0
0.8,monotonic,validation_evidence,28,48,50,50,100.0
0.8,monotonic,validation_evidence,1,110,125,125,100.0
0.8,monotonic,validation_evidence,38,14,14,14,100.0
0.8,monotonic,validation_evidence,10,82,90,90,100.0
0.8,monotonic,validation_evidence,18,32,36,36,100.0
0.8,monotonic,validation_evidence,19,24,24,24,100.0
0.8,monotonic,validation_evidence,31,27,27,27,100.0
0.8,monotonic,validation_evidence,36,23,23,23,100.0
0.8,monotonic,validation_evidence,34,13,13,13,100.0
0.8,monotonic,validation_evidence,29,18,20,20,100.0
0.8,monotonic,validation_evidence,24,16,16,16,100.0
0.8,monotonic,validation_evidence,17,4,4,4,100.0
0.8,monotonic,validation_evidence,39,7,7,7,100.0
0.8,both,validation_evidence,17,96,103,103,100.0
0.8,both,validation_evidence,5,83,91,91,100.0
0.8,both,validation_evidence,19,90,93,93,100.0
0.8,both,validation_evidence,12,52,53,53,100.0
0.8,both,validation_evidence,35,92,100,100,100.0
0.8,both,validation_evidence,15,51,53,53,100.0
0.8,both,validation_evidence,26,111,116,116,100.0
0.8,both,validation_evidence,2,143,159,159,100.0
0.8,both,validation_evidence,6,51,61,61,100.0
0.8,both,validation_evidence,28,170,202,202,100.0
0.8,both,validation_evidence,16,93,104,104,100.0
0.8,both,validation_evidence,3,88,93,93,100.0
0.8,both,validation_evidence,21,188,245,245,100.0
0.8,both,validation_evidence,27,48,58,58,100.0
0.8,both,validation_evidence,36,94,110,110,100.0
0.8,both,validation_evidence,10,3,3,3,100.0
0.8,both,validation_evidence,24,28,30,30,100.0
0.8,both,validation_evidence,8,107,121,121,100.0
0.8,both,validation_evidence,14,22,24,24,100.0
0.8,both,validation_evidence,37,41,44,44,100.0
0.8,both,validation_evidence,18,63,64,64,100.0
0.8,both,validation_evidence,13,196,221,221,100.0
0.8,both,validation_evidence,34,54,56,56,100.0
0.8,both,validation_evidence,33,16,16,16,100.0
0.8,both,validation_evidence,4,76,83,83,100.0
0.8,both,validation_evidence,32,33,37,37,100.0
0.8,both,validation_evidence,11,69,73,73,100.0
0.8,both,validation_evidence,30,18,21,21,100.0
0.8,both,validation_evidence,0,50,58,58,100.0
0.8,both,validation_evidence,31,78,84,84,100.0
0.8,both,validation_evidence,23,46,48,48,100.0
0.8,both,validation_evidence,1,91,97,97,100.0
0.8,both,validation_evidence,20,50,50,50,100.0
0.8,both,validation_evidence,7,44,49,49,100.0
0.8,both,validation_evidence,9,31,31,31,100.0
0.8,both,validation_evidence,22,61,73,73,100.0
0.8,both,validation_evidence,39,13,15,15,100.0
0.8,both,validation_evidence,38,29,30,30,100.0
0.8,both,validation_evidence,29,25,25,25,100.0
0.8,both,validation_evidence,25,7,7,7,100.0
0.85,unconstrained,validation_evidence,30,114,126,126,100.0
0.85,unconstrained,validation_evidence,12,11,11,11,100.0
0.85,unconstrained,validation_evidence,35,63,71,71,100.0
0.85,unconstrained,validation_evidence,24,55,56,56,100.0
0.85,unconstrained,validation_evidence,9,46,50,50,100.0
0.85,unconstrained,validation_evidence,20,104,109,109,100.0
0.85,unconstrained,validation_evidence,27,38,44,44,100.0
0.85,unconstrained,validation_evidence,36,106,120,120,100.0
0.85,unconstrained,validation_evidence,33,107,119,119,100.0
0.85,unconstrained,validation_evidence,2,242,322,322,100.0
0.85,unconstrained,validation_evidence,15,55,68,68,100.0
0.85,unconstrained,validation_evidence,4,75,76,76,100.0
0.85,unconstrained,validation_evidence,8,126,132,132,100.0
0.85,unconstrained,validation_evidence,1,130,143,143,100.0
0.85,unconstrained,validation_evidence,7,40,42,42,100.0
0.85,unconstrained,validation_evidence,10,132,153,153,100.0
0.85,unconstrained,validation_evidence,6,269,307,307,100.0
0.85,unconstrained,validation_evidence,11,97,103,103,100.0
0.85,unconstrained,validation_evidence,16,43,48,48,100.0
0.85,unconstrained,validation_evidence,18,47,47,47,100.0
0.85,unconstrained,validation_evidence,5,49,51,51,100.0
0.85,unconstrained,validation_evidence,32,48,55,55,100.0
0.85,unconstrained,validation_evidence,19,105,112,112,100.0
0.85,unconstrained,validation_evidence,34,19,19,19,100.0
0.85,unconstrained,validation_evidence,31,27,32,32,100.0
0.85,unconstrained,validation_evidence,39,14,17,17,100.0
0.85,unconstrained,validation_evidence,25,39,48,48,100.0
0.85,unconstrained,validation_evidence,29,52,56,56,100.0
0.85,unconstrained,validation_evidence,14,125,130,130,100.0
0.85,unconstrained,validation_evidence,21,51,55,55,100.0
0.85,unconstrained,validation_evidence,3,57,71,71,100.0
0.85,unconstrained,validation_evidence,26,25,29,29,100.0
0.85,unconstrained,validation_evidence,38,48,55,55,100.0
0.85,unconstrained,validation_evidence,17,25,25,25,100.0
0.85,unconstrained,validation_evidence,0,50,53,53,100.0
0.85,unconstrained,validation_evidence,13,73,76,76,100.0
0.85,unconstrained,validation_evidence,22,36,38,38,100.0
0.85,unconstrained,validation_evidence,37,11,12,12,100.0
0.85,unconstrained,validation_evidence,23,9,9,9,100.0
0.85,unconstrained,validation_evidence,28,3,3,3,100.0
0.85,single_risk,validation_evidence,6,128,141,141,100.0
0.85,single_risk,validation_evidence,38,11,11,11,100.0
0.85,single_risk,validation_evidence,32,50,54,54,100.0
0.85,single_risk,validation_evidence,33,46,47,47,100.0
0.85,single_risk,validation_evidence,9,88,93,93,100.0
0.85,single_risk,validation_evidence,12,94,98,98,100.0
0.85,single_risk,validation_evidence,29,55,66,66,100.0
0.85,single_risk,validation_evidence,17,107,119,119,100.0
0.85,single_risk,validation_evidence,27,103,114,114,100.0
0.85,single_risk,validation_evidence,1,71,77,77,100.0
0.85,single_risk,validation_evidence,0,246,326,326,100.0
0.85,single_risk,validation_evidence,7,60,74,74,100.0
0.85,single_risk,validation_evidence,4,78,81,81,100.0
0.85,single_risk,validation_evidence,34,30,33,33,100.0
0.85,single_risk,validation_evidence,28,159,179,179,100.0
0.85,single_risk,validation_evidence,3,118,134,134,100.0
0.85,single_risk,validation_evidence,36,29,31,31,100.0
0.85,single_risk,validation_evidence,5,275,315,315,100.0
0.85,single_risk,validation_evidence,21,74,80,80,100.0
0.85,single_risk,validation_evidence,16,38,38,38,100.0
0.85,single_risk,validation_evidence,24,103,106,106,100.0
0.85,single_risk,validation_evidence,2,136,144,144,100.0
0.85,single_risk,validation_evidence,35,46,53,53,100.0
0.85,single_risk,validation_evidence,37,69,69,69,100.0
0.85,single_risk,validation_evidence,31,27,32,32,100.0
0.85,single_risk,validation_evidence,19,50,59,59,100.0
0.85,single_risk,validation_evidence,23,49,53,53,100.0
0.85,single_risk,validation_evidence,10,55,62,62,100.0
0.85,single_risk,validation_evidence,15,10,10,10,100.0
0.85,single_risk,validation_evidence,14,46,53,53,100.0
0.85,single_risk,validation_evidence,8,27,28,28,100.0
0.85,single_risk,validation_evidence,13,64,65,65,100.0
0.85,single_risk,validation_evidence,30,24,25,25,100.0
0.85,single_risk,validation_evidence,18,43,44,44,100.0
0.85,single_risk,validation_evidence,39,12,14,14,100.0
0.85,single_risk,validation_evidence,11,11,11,11,100.0
0.85,single_risk,validation_evidence,20,9,9,9,100.0
0.85,single_risk,validation_evidence,25,11,11,11,100.0
0.85,single_risk,validation_evidence,22,50,62,62,100.0
0.85,single_risk,validation_evidence,26,6,6,6,100.0
0.85,monotonic,validation_evidence,2,160,171,171,100.0
0.85,monotonic,validation_evidence,11,58,71,71,100.0
0.85,monotonic,validation_evidence,28,67,71,71,100.0
0.85,monotonic,validation_evidence,24,41,41,41,100.0
0.85,monotonic,validation_evidence,4,44,45,45,100.0
0.85,monotonic,validation_evidence,10,107,111,111,100.0
0.85,monotonic,validation_evidence,13,40,45,45,100.0
0.85,monotonic,validation_evidence,1,132,158,158,100.0
0.85,monotonic,validation_evidence,16,98,109,109,100.0
0.85,monotonic,validation_evidence,5,127,144,144,100.0
0.85,monotonic,validation_evidence,17,155,205,205,100.0
0.85,monotonic,validation_evidence,22,49,60,60,100.0
0.85,monotonic,validation_evidence,12,99,115,115,100.0
0.85,monotonic,validation_evidence,0,86,90,90,100.0
0.85,monotonic,validation_evidence,29,36,41,41,100.0
0.85,monotonic,validation_evidence,27,43,47,47,100.0
0.85,monotonic,validation_evidence,33,40,42,42,100.0
0.85,monotonic,validation_evidence,8,79,80,80,100.0
0.85,monotonic,validation_evidence,25,184,204,204,100.0
0.85,monotonic,validation_evidence,18,40,47,47,100.0
0.85,monotonic,validation_evidence,35,24,24,24,100.0
0.85,monotonic,validation_evidence,34,73,81,81,100.0
0.85,monotonic,validation_evidence,7,85,89,89,100.0
0.85,monotonic,validation_evidence,15,70,72,72,100.0
0.85,monotonic,validation_evidence,39,25,30,30,100.0
0.85,monotonic,validation_evidence,20,19,22,22,100.0
0.85,monotonic,validation_evidence,36,38,44,44,100.0
0.85,monotonic,validation_evidence,6,117,122,122,100.0
0.85,monotonic,validation_evidence,31,45,49,49,100.0
0.85,monotonic,validation_evidence,26,42,46,46,100.0
0.85,monotonic,validation_evidence,9,72,79,79,100.0
0.85,monotonic,validation_evidence,3,48,53,53,100.0
0.85,monotonic,validation_evidence,37,8,8,8,100.0
0.85,monotonic,validation_evidence,21,79,89,89,100.0
0.85,monotonic,validation_evidence,38,15,15,15,100.0
0.85,monotonic,validation_evidence,32,9,9,9,100.0
0.85,monotonic,validation_evidence,19,38,40,40,100.0
0.85,monotonic,validation_evidence,14,29,29,29,100.0
0.85,monotonic,validation_evidence,23,9,9,9,100.0
0.85,monotonic,validation_evidence,30,3,3,3,100.0
0.85,both,validation_evidence,11,118,131,131,100.0
0.85,both,validation_evidence,23,71,84,84,100.0
0.85,both,validation_evidence,25,54,57,57,100.0
0.85,both,validation_evidence,3,48,48,48,100.0
0.85,both,validation_evidence,14,51,51,51,100.0
0.85,both,validation_evidence,9,95,98,98,100.0
0.85,both,validation_evidence,13,50,60,60,100.0
0.85,both,validation_evidence,19,82,91,91,100.0
0.85,both,validation_evidence,16,91,102,102,100.0
0.85,both,validation_evidence,22,139,156,156,100.0
0.85,both,validation_evidence,7,164,221,221,100.0
0.85,both,validation_evidence,18,52,63,63,100.0
0.85,both,validation_evidence,1,93,103,103,100.0
0.85,both,validation_evidence,5,86,89,89,100.0
0.85,both,validation_evidence,27,28,30,30,100.0
0.85,both,validation_evidence,20,39,41,41,100.0
0.85,both,validation_evidence,17,39,41,41,100.0
0.85,both,validation_evidence,34,33,34,34,100.0
0.85,both,validation_evidence,12,253,282,282,100.0
0.85,both,validation_evidence,6,75,76,76,100.0
0.85,both,validation_evidence,10,87,98,98,100.0
0.85,both,validation_evidence,8,76,86,86,100.0
0.85,both,validation_evidence,21,82,84,84,100.0
0.85,both,validation_evidence,15,35,36,36,100.0
0.85,both,validation_evidence,33,41,47,47,100.0
0.85,both,validation_evidence,39,25,30,30,100.0
0.85,both,validation_evidence,4,48,53,53,100.0
0.85,both,validation_evidence,26,42,50,50,100.0
0.85,both,validation_evidence,38,42,46,46,100.0
0.85,both,validation_evidence,29,42,46,46,100.0
0.85,both,validation_evidence,2,91,94,94,100.0
0.85,both,validation_evidence,0,53,59,59,100.0
0.85,both,validation_evidence,28,8,8,8,100.0
0.85,both,validation_evidence,24,52,61,61,100.0
0.85,both,validation_evidence,37,23,23,23,100.0
0.85,both,validation_evidence,30,11,12,12,100.0
0.85,both,validation_evidence,32,15,15,15,100.0
0.85,both,validation_evidence,36,26,27,27,100.0
0.85,both,validation_evidence,31,9,9,9,100.0
0.85,both,validation_evidence,35,11,11,11,100.0
0.9,unconstrained,validation_evidence,20,78,85,85,100.0
0.9,unconstrained,validation_evidence,5,23,23,23,100.0
0.9,unconstrained,validation_evidence,37,18,19,19,100.0
0.9,unconstrained,validation_evidence,39,57,60,60,100.0
0.9,unconstrained,validation_evidence,0,87,95,95,100.0
0.9,unconstrained,validation_evidence,12,53,58,58,100.0
0.9,unconstrained,validation_evidence,34,42,49,49,100.0
0.9,unconstrained,validation_evidence,10,97,116,116,100.0
0.9,unconstrained,validation_evidence,21,10,10,10,100.0
0.9,unconstrained,validation_evidence,19,63,71,71,100.0
0.9,unconstrained,validation_evidence,36,69,93,93,100.0
0.9,unconstrained,validation_evidence,14,57,72,72,100.0
0.9,unconstrained,validation_evidence,8,71,80,80,100.0
0.9,unconstrained,validation_evidence,26,132,160,160,100.0
0.9,unconstrained,validation_evidence,24,28,31,31,100.0
0.9,unconstrained,validation_evidence,7,45,45,45,100.0
0.9,unconstrained,validation_evidence,9,113,129,129,100.0
0.9,unconstrained,validation_evidence,25,25,27,27,100.0
0.9,unconstrained,validation_evidence,11,70,81,81,100.0
0.9,unconstrained,validation_evidence,1,237,266,266,100.0
0.9,unconstrained,validation_evidence,4,86,98,98,100.0
0.9,unconstrained,validation_evidence,15,85,88,88,100.0
0.9,unconstrained,validation_evidence,30,59,62,62,100.0
0.9,unconstrained,validation_evidence,38,46,46,46,100.0
0.9,unconstrained,validation_evidence,35,65,70,70,100.0
0.9,unconstrained,validation_evidence,28,56,63,63,100.0
0.9,unconstrained,validation_evidence,31,33,37,37,100.0
0.9,unconstrained,validation_evidence,32,28,31,31,100.0
0.9,unconstrained,validation_evidence,33,62,75,75,100.0
0.9,unconstrained,validation_evidence,27,23,26,26,100.0
0.9,unconstrained,validation_evidence,2,54,62,62,100.0
0.9,unconstrained,validation_evidence,22,33,41,41,100.0
0.9,unconstrained,validation_evidence,6,26,27,27,100.0
0.9,unconstrained,validation_evidence,23,26,29,29,100.0
0.9,unconstrained,validation_evidence,17,73,76,76,100.0
0.9,unconstrained,validation_evidence,3,26,27,27,100.0
0.9,unconstrained,validation_evidence,18,37,40,40,100.0
0.9,unconstrained,validation_evidence,16,16,17,17,100.0
0.9,unconstrained,validation_evidence,13,22,23,23,100.0
0.9,unconstrained,validation_evidence,29,3,3,3,100.0
0.9,single_risk,validation_evidence,30,80,87,87,100.0
0.9,single_risk,validation_evidence,11,19,20,20,100.0
0.9,single_risk,validation_evidence,1,33,34,34,100.0
0.9,single_risk,validation_evidence,23,23,26,26,100.0
0.9,single_risk,validation_evidence,6,125,137,137,100.0
0.9,single_risk,validation_evidence,4,82,85,85,100.0
0.9,single_risk,validation_evidence,12,45,50,50,100.0
0.9,single_risk,validation_evidence,14,59,68,68,100.0
0.9,single_risk,validation_evidence,5,107,136,136,100.0
0.9,single_risk,validation_evidence,28,12,12,12,100.0
0.9,single_risk,validation_evidence,21,85,122,122,100.0
0.9,single_risk,validation_evidence,33,58,72,72,100.0
0.9,single_risk,validation_evidence,36,29,33,33,100.0
0.9,single_risk,validation_evidence,13,41,42,42,100.0
0.9,single_risk,validation_evidence,16,98,116,116,100.0
0.9,single_risk,validation_evidence,20,32,35,35,100.0
0.9,single_risk,validation_evidence,8,40,40,40,100.0
0.9,single_risk,validation_evidence,37,92,99,99,100.0
0.9,single_risk,validation_evidence,38,40,46,46,100.0
0.9,single_risk,validation_evidence,3,66,78,78,100.0
0.9,single_risk,validation_evidence,7,78,83,83,100.0
0.9,single_risk,validation_evidence,9,207,232,232,100.0
0.9,single_risk,validation_evidence,0,100,113,113,100.0
0.9,single_risk,validation_evidence,2,106,110,110,100.0
0.9,single_risk,validation_evidence,29,53,58,58,100.0
0.9,single_risk,validation_evidence,17,75,80,80,100.0
0.9,single_risk,validation_evidence,22,57,64,64,100.0
0.9,single_risk,validation_evidence,39,15,16,16,100.0
0.9,single_risk,validation_evidence,35,41,43,43,100.0
0.9,single_risk,validation_evidence,24,63,74,74,100.0
0.9,single_risk,validation_evidence,19,43,49,49,100.0
0.9,single_risk,validation_evidence,10,36,44,44,100.0
0.9,single_risk,validation_evidence,27,22,25,25,100.0
0.9,single_risk,validation_evidence,25,62,70,70,100.0
0.9,single_risk,validation_evidence,15,27,28,28,100.0
0.9,single_risk,validation_evidence,34,21,22,22,100.0
0.9,single_risk,validation_evidence,18,9,9,9,100.0
0.9,single_risk,validation_evidence,32,6,6,6,100.0
0.9,single_risk,validation_evidence,31,3,3,3,100.0
0.9,single_risk,validation_evidence,26,2,2,2,100.0
0.9,monotonic,validation_evidence,33,73,80,80,100.0
0.9,monotonic,validation_evidence,7,18,18,18,100.0
0.9,monotonic,validation_evidence,35,18,19,19,100.0
0.9,monotonic,validation_evidence,31,21,24,24,100.0
0.9,monotonic,validation_evidence,14,189,210,210,100.0
0.9,monotonic,validation_evidence,18,61,63,63,100.0
0.9,monotonic,validation_evidence,15,78,81,81,100.0
0.9,monotonic,validation_evidence,11,63,67,67,100.0
0.9,monotonic,validation_evidence,0,47,57,57,100.0
0.9,monotonic,validation_evidence,5,102,126,126,100.0
0.9,monotonic,validation_evidence,22,12,12,12,100.0
0.9,monotonic,validation_evidence,27,59,67,67,100.0
0.9,monotonic,validation_evidence,13,75,102,102,100.0
0.9,monotonic,validation_evidence,38,34,43,43,100.0
0.9,monotonic,validation_evidence,24,99,115,115,100.0
0.9,monotonic,validation_evidence,6,110,124,124,100.0
0.9,monotonic,validation_evidence,9,118,137,137,100.0
0.9,monotonic,validation_evidence,21,24,25,25,100.0
0.9,monotonic,validation_evidence,25,27,27,27,100.0
0.9,monotonic,validation_evidence,30,19,20,20,100.0
0.9,monotonic,validation_evidence,20,63,74,74,100.0
0.9,monotonic,validation_evidence,1,89,93,93,100.0
0.9,monotonic,validation_evidence,19,62,65,65,100.0
0.9,monotonic,validation_evidence,12,92,97,97,100.0
0.9,monotonic,validation_evidence,23,24,24,24,100.0
0.9,monotonic,validation_evidence,4,84,88,88,100.0
0.9,monotonic,validation_evidence,28,55,61,61,100.0
0.9,monotonic,validation_evidence,16,37,42,42,100.0
0.9,monotonic,validation_evidence,10,67,81,81,100.0
0.9,monotonic,validation_evidence,34,40,46,46,100.0
0.9,monotonic,validation_evidence,3,68,82,82,100.0
0.9,monotonic,validation_evidence,36,22,25,25,100.0
0.9,monotonic,validation_evidence,17,33,38,38,100.0
0.9,monotonic,validation_evidence,39,8,8,8,100.0
0.9,monotonic,validation_evidence,29,34,37,37,100.0
0.9,monotonic,validation_evidence,26,43,46,46,100.0
0.9,monotonic,validation_evidence,37,34,36,36,100.0
0.9,monotonic,validation_evidence,2,31,31,31,100.0
0.9,monotonic,validation_evidence,8,12,12,12,100.0
0.9,monotonic,validation_evidence,32,4,4,4,100.0
0.9,both,validation_evidence,29,72,79,79,100.0
0.9,both,validation_evidence,6,19,19,19,100.0
0.9,both,validation_evidence,15,25,26,26,100.0
0.9,both,validation_evidence,37,22,25,25,100.0
0.9,both,validation_evidence,28,173,188,188,100.0
0.9,both,validation_evidence,32,50,52,52,100.0
0.9,both,validation_evidence,12,91,94,94,100.0
0.9,both,validation_evidence,31,17,20,20,100.0
0.9,both,validation_evidence,4,93,130,130,100.0
0.9,both,validation_evidence,9,98,108,108,100.0
0.9,both,validation_evidence,26,20,20,20,100.0
0.9,both,validation_evidence,35,56,68,68,100.0
0.9,both,validation_evidence,13,84,94,94,100.0
0.9,both,validation_evidence,2,72,78,78,100.0
0.9,both,validation_evidence,33,80,93,93,100.0
0.9,both,validation_evidence,21,24,26,26,100.0
0.9,both,validation_evidence,1,35,35,35,100.0
0.9,both,validation_evidence,30,113,126,126,100.0
0.9,both,validation_evidence,0,52,61,61,100.0
0.9,both,validation_evidence,17,68,79,79,100.0
0.9,both,validation_evidence,7,90,96,96,100.0
0.9,both,validation_evidence,16,54,57,57,100.0
0.9,both,validation_evidence,8,33,39,39,100.0
0.9,both,validation_evidence,25,95,99,99,100.0
0.9,both,validation_evidence,27,90,97,97,100.0
0.9,both,validation_evidence,11,64,71,71,100.0
0.9,both,validation_evidence,24,33,38,38,100.0
0.9,both,validation_evidence,5,67,81,81,100.0
0.9,both,validation_evidence,10,40,45,45,100.0
0.9,both,validation_evidence,3,51,58,58,100.0
0.9,both,validation_evidence,39,19,22,22,100.0
0.9,both,validation_evidence,23,22,25,25,100.0
0.9,both,validation_evidence,19,30,35,35,100.0
0.9,both,validation_evidence,22,59,68,68,100.0
0.9,both,validation_evidence,18,44,47,47,100.0
0.9,both,validation_evidence,20,31,34,34,100.0
0.9,both,validation_evidence,14,27,27,27,100.0
0.9,both,validation_evidence,38,8,8,8,100.0
0.9,both,validation_evidence,36,14,14,14,100.0
0.9,both,validation_evidence,34,8,8,8,100.0
0.95,unconstrained,validation_evidence,1,103,113,113,100.0
0.95,unconstrained,validation_evidence,11,16,16,16,100.0
0.95,unconstrained,validation_evidence,24,15,16,16,100.0
0.95,unconstrained,validation_evidence,32,23,26,26,100.0
0.95,unconstrained,validation_evidence,9,187,210,210,100.0
0.95,unconstrained,validation_evidence,19,52,55,55,100.0
0.95,unconstrained,validation_evidence,4,99,104,104,100.0
0.95,unconstrained,validation_evidence,18,72,74,74,100.0
0.95,unconstrained,validation_evidence,7,65,79,79,100.0
0.95,unconstrained,validation_evidence,2,114,137,137,100.0
0.95,unconstrained,validation_evidence,37,10,10,10,100.0
0.95,unconstrained,validation_evidence,0,167,221,221,100.0
0.95,unconstrained,validation_evidence,5,64,80,80,100.0
0.95,unconstrained,validation_evidence,12,75,87,87,100.0
0.95,unconstrained,validation_evidence,22,32,35,35,100.0
0.95,unconstrained,validation_evidence,21,27,27,27,100.0
0.95,unconstrained,validation_evidence,25,58,64,64,100.0
0.95,unconstrained,validation_evidence,13,100,111,111,100.0
0.95,unconstrained,validation_evidence,20,44,49,49,100.0
0.95,unconstrained,validation_evidence,16,52,61,61,100.0
0.95,unconstrained,validation_evidence,6,72,82,82,100.0
0.95,unconstrained,validation_evidence,8,81,87,87,100.0
0.95,unconstrained,validation_evidence,23,80,82,82,100.0
0.95,unconstrained,validation_evidence,26,47,52,52,100.0
0.95,unconstrained,validation_evidence,36,51,55,55,100.0
0.95,unconstrained,validation_evidence,10,66,79,79,100.0
0.95,unconstrained,validation_evidence,15,15,16,16,100.0
0.95,unconstrained,validation_evidence,30,33,38,38,100.0
0.95,unconstrained,validation_evidence,17,38,47,47,100.0
0.95,unconstrained,validation_evidence,27,21,24,24,100.0
0.95,unconstrained,validation_evidence,29,60,68,68,100.0
0.95,unconstrained,validation_evidence,3,46,48,48,100.0
0.95,unconstrained,validation_evidence,39,42,45,45,100.0
0.95,unconstrained,validation_evidence,14,8,8,8,100.0
0.95,unconstrained,validation_evidence,35,7,10,10,100.0
0.95,unconstrained,validation_evidence,34,21,22,22,100.0
0.95,unconstrained,validation_evidence,31,3,3,3,100.0
0.95,unconstrained,validation_evidence,28,10,10,10,100.0
0.95,unconstrained,validation_evidence,38,5,5,5,100.0
0.95,unconstrained,validation_evidence,33,1,1,1,100.0
0.95,single_risk,validation_evidence,18,67,73,73,100.0
0.95,single_risk,validation_evidence,26,21,21,21,100.0
0.95,single_risk,validation_evidence,22,19,20,20,100.0
0.95,single_risk,validation_evidence,33,22,25,25,100.0
0.95,single_risk,validation_evidence,8,131,139,139,100.0
0.95,single_risk,validation_evidence,39,33,35,35,100.0
0.95,single_risk,validation_evidence,10,88,90,90,100.0
0.95,single_risk,validation_evidence,9,32,33,33,100.0
0.95,single_risk,validation_evidence,13,48,57,57,100.0
0.95,single_risk,validation_evidence,38,96,111,111,100.0
0.95,single_risk,validation_evidence,21,10,10,10,100.0
0.95,single_risk,validation_evidence,2,169,221,221,100.0
0.95,single_risk,validation_evidence,11,60,74,74,100.0
0.95,single_risk,validation_evidence,12,85,98,98,100.0
0.95,single_risk,validation_evidence,14,97,103,103,100.0
0.95,single_risk,validation_evidence,25,27,30,30,100.0
0.95,single_risk,validation_evidence,24,27,27,27,100.0
0.95,single_risk,validation_evidence,15,69,77,77,100.0
0.95,single_risk,validation_evidence,7,93,103,103,100.0
0.95,single_risk,validation_evidence,23,46,52,52,100.0
0.95,single_risk,validation_evidence,16,73,84,84,100.0
0.95,single_risk,validation_evidence,3,72,83,83,100.0
0.95,single_risk,validation_evidence,4,82,85,85,100.0
0.95,single_risk,validation_evidence,5,115,123,123,100.0
0.95,single_risk,validation_evidence,6,62,63,63,100.0
0.95,single_risk,validation_evidence,0,62,69,69,100.0
0.95,single_risk,validation_evidence,28,52,55,55,100.0
0.95,single_risk,validation_evidence,35,14,15,15,100.0
0.95,single_risk,validation_evidence,29,25,28,28,100.0
0.95,single_risk,validation_evidence,1,70,84,84,100.0
0.95,single_risk,validation_evidence,30,35,39,39,100.0
0.95,single_risk,validation_evidence,19,36,44,44,100.0
0.95,single_risk,validation_evidence,31,21,24,24,100.0
0.95,single_risk,validation_evidence,20,61,69,69,100.0
0.95,single_risk,validation_evidence,34,63,66,66,100.0
0.95,single_risk,validation_evidence,17,5,5,5,100.0
0.95,single_risk,validation_evidence,37,7,7,7,100.0
0.95,single_risk,validation_evidence,32,4,4,4,100.0
0.95,single_risk,validation_evidence,27,7,7,7,100.0
0.95,single_risk,validation_evidence,36,1,1,1,100.0
0.95,monotonic,validation_evidence,16,63,69,69,100.0
0.95,monotonic,validation_evidence,24,18,18,18,100.0
0.95,monotonic,validation_evidence,28,19,20,20,100.0
0.95,monotonic,validation_evidence,35,20,23,23,100.0
0.95,monotonic,validation_evidence,18,136,143,143,100.0
0.95,monotonic,validation_evidence,11,117,126,126,100.0
0.95,monotonic,validation_evidence,21,83,85,85,100.0
0.95,monotonic,validation_evidence,32,13,16,16,100.0
0.95,monotonic,validation_evidence,9,55,65,65,100.0
0.95,monotonic,validation_evidence,23,107,118,118,100.0
0.95,monotonic,validation_evidence,20,11,11,11,100.0
0.95,monotonic,validation_evidence,3,93,131,131,100.0
0.95,monotonic,validation_evidence,17,55,67,67,100.0
0.95,monotonic,validation_evidence,6,78,88,88,100.0
0.95,monotonic,validation_evidence,1,110,119,119,100.0
0.95,monotonic,validation_evidence,30,82,95,95,100.0
0.95,monotonic,validation_evidence,27,24,26,26,100.0
0.95,monotonic,validation_evidence,22,27,27,27,100.0
0.95,monotonic,validation_evidence,13,55,61,61,100.0
0.95,monotonic,validation_evidence,2,50,57,57,100.0
0.95,monotonic,validation_evidence,5,73,86,86,100.0
0.95,monotonic,validation_evidence,34,62,67,67,100.0
0.95,monotonic,validation_evidence,0,116,127,127,100.0
0.95,monotonic,validation_evidence,25,62,66,66,100.0
0.95,monotonic,validation_evidence,12,61,68,68,100.0
0.95,monotonic,validation_evidence,33,42,44,44,100.0
0.95,monotonic,validation_evidence,29,30,34,34,100.0
0.95,monotonic,validation_evidence,14,63,78,78,100.0
0.95,monotonic,validation_evidence,10,41,46,46,100.0
0.95,monotonic,validation_evidence,15,31,31,31,100.0
0.95,monotonic,validation_evidence,8,49,56,56,100.0
0.95,monotonic,validation_evidence,31,21,24,24,100.0
0.95,monotonic,validation_evidence,4,31,35,35,100.0
0.95,monotonic,validation_evidence,37,57,65,65,100.0
0.95,monotonic,validation_evidence,36,43,44,44,100.0
0.95,monotonic,validation_evidence,39,31,34,34,100.0
0.95,monotonic,validation_evidence,19,5,5,5,100.0
0.95,monotonic,validation_evidence,38,2,2,2,100.0
0.95,monotonic,validation_evidence,7,11,11,11,100.0
0.95,monotonic,validation_evidence,26,11,11,11,100.0
0.95,both,validation_evidence,18,59,65,65,100.0
0.95,both,validation_evidence,5,17,17,17,100.0
0.95,both,validation_evidence,13,19,20,20,100.0
0.95,both,validation_evidence,32,20,23,23,100.0
0.95,both,validation_evidence,38,93,96,96,100.0
0.95,both,validation_evidence,6,115,122,122,100.0
0.95,both,validation_evidence,20,87,89,89,100.0
0.95,both,validation_evidence,4,58,62,62,100.0
0.95,both,validation_evidence,16,47,58,58,100.0
0.95,both,validation_evidence,25,62,65,65,100.0
0.95,both,validation_evidence,36,11,11,11,100.0
0.95,both,validation_evidence,9,88,121,121,100.0
0.95,both,validation_evidence,12,64,78,78,100.0
0.95,both,validation_evidence,2,74,85,85,100.0
0.95,both,validation_evidence,17,75,88,88,100.0
0.95,both,validation_evidence,19,30,32,32,100.0
0.95,both,validation_evidence,24,25,25,25,100.0
0.95,both,validation_evidence,15,55,61,61,100.0
0.95,both,validation_evidence,29,134,152,152,100.0
0.95,both,validation_evidence,30,41,45,45,100.0
0.95,both,validation_evidence,7,71,82,82,100.0
0.95,both,validation_evidence,8,51,56,56,100.0
0.95,both,validation_evidence,14,139,155,155,100.0
0.95,both,validation_evidence,0,94,98,98,100.0
0.95,both,validation_evidence,11,64,72,72,100.0
0.95,both,validation_evidence,22,38,39,39,100.0
0.95,both,validation_evidence,33,34,38,38,100.0
0.95,both,validation_evidence,10,66,78,78,100.0
0.95,both,validation_evidence,35,15,16,16,100.0
0.95,both,validation_evidence,37,37,41,41,100.0
0.95,both,validation_evidence,34,27,27,27,100.0
0.95,both,validation_evidence,21,53,67,67,100.0
0.95,both,validation_evidence,23,22,25,25,100.0
0.95,both,validation_evidence,1,59,62,62,100.0
0.95,both,validation_evidence,27,57,65,65,100.0
0.95,both,validation_evidence,3,10,10,10,100.0
0.95,both,validation_evidence,26,25,26,26,100.0
0.95,both,validation_evidence,39,12,12,12,100.0
0.95,both,validation_evidence,31,7,7,7,100.0
0.95,both,validation_evidence,28,7,7,7,100.0
