edge_config,mode,node_type,cluster_id,cluster_size,n_edge_nodes,edge_purity,is_gold_standard
EDGE,unconstrained,risk,3,81,81,1.0,True
EDGE,unconstrained,risk,14,66,66,1.0,True
EDGE,unconstrained,risk,1,123,123,1.0,True
EDGE,unconstrained,risk,10,87,87,1.0,True
EDGE,unconstrained,risk,22,71,71,1.0,True
EDGE,unconstrained,risk,26,86,86,1.0,True
EDGE,unconstrained,risk,2,81,81,1.0,True
EDGE,unconstrained,risk,9,43,43,1.0,True
EDGE,unconstrained,risk,6,220,220,1.0,True
EDGE,unconstrained,risk,11,87,87,1.0,True
EDGE,unconstrained,risk,25,103,103,1.0,True
EDGE,unconstrained,risk,13,64,64,1.0,True
EDGE,unconstrained,risk,20,141,141,1.0,True
EDGE,unconstrained,risk,28,75,75,1.0,True
EDGE,unconstrained,risk,4,149,149,1.0,True
EDGE,unconstrained,risk,19,69,69,1.0,True
EDGE,unconstrained,risk,21,32,32,1.0,True
EDGE,unconstrained,risk,17,26,26,1.0,True
EDGE,unconstrained,risk,0,165,165,1.0,True
EDGE,unconstrained,risk,37,20,20,1.0,True
EDGE,unconstrained,risk,24,79,79,1.0,True
EDGE,unconstrained,risk,12,38,38,1.0,True
EDGE,unconstrained,risk,36,95,95,1.0,True
EDGE,unconstrained,risk,5,40,40,1.0,True
EDGE,unconstrained,risk,23,55,55,1.0,True
EDGE,unconstrained,risk,32,11,11,1.0,True
EDGE,unconstrained,risk,7,51,51,1.0,True
EDGE,unconstrained,risk,35,51,51,1.0,True
EDGE,unconstrained,risk,18,48,48,1.0,True
EDGE,unconstrained,risk,30,54,54,1.0,True
EDGE,unconstrained,risk,34,10,10,1.0,True
EDGE,unconstrained,risk,15,25,25,1.0,True
EDGE,unconstrained,risk,38,26,26,1.0,True
EDGE,unconstrained,risk,29,144,144,1.0,True
EDGE,unconstrained,risk,8,20,20,1.0,True
EDGE,unconstrained,risk,39,46,46,1.0,True
EDGE,unconstrained,risk,33,27,27,1.0,True
EDGE,unconstrained,risk,16,18,18,1.0,True
EDGE,unconstrained,risk,27,5,5,1.0,True
EDGE,unconstrained,risk,31,7,7,1.0,True
EDGE,single_risk,risk,32,42,42,1.0,True
EDGE,single_risk,risk,10,49,49,1.0,True
EDGE,single_risk,risk,9,111,111,1.0,True
EDGE,single_risk,risk,2,206,206,1.0,True
EDGE,single_risk,risk,6,74,74,1.0,True
EDGE,single_risk,risk,7,60,60,1.0,True
EDGE,single_risk,risk,1,101,101,1.0,True
EDGE,single_risk,risk,14,84,84,1.0,True
EDGE,single_risk,risk,29,31,31,1.0,True
EDGE,single_risk,risk,27,87,87,1.0,True
EDGE,single_risk,risk,15,92,92,1.0,True
EDGE,single_risk,risk,11,71,71,1.0,True
EDGE,single_risk,risk,20,145,145,1.0,True
EDGE,single_risk,risk,28,74,74,1.0,True
EDGE,single_risk,risk,0,200,200,1.0,True
EDGE,single_risk,risk,34,69,69,1.0,True
EDGE,single_risk,risk,26,111,111,1.0,True
EDGE,single_risk,risk,22,24,24,1.0,True
EDGE,single_risk,risk,18,65,65,1.0,True
EDGE,single_risk,risk,25,79,79,1.0,True
EDGE,single_risk,risk,31,27,27,1.0,True
EDGE,single_risk,risk,21,88,88,1.0,True
EDGE,single_risk,risk,4,33,33,1.0,True
EDGE,single_risk,risk,8,18,18,1.0,True
EDGE,single_risk,risk,30,54,54,1.0,True
EDGE,single_risk,risk,23,9,9,1.0,True
EDGE,single_risk,risk,3,99,99,1.0,True
EDGE,single_risk,risk,13,51,51,1.0,True
EDGE,single_risk,risk,39,6,6,1.0,True
EDGE,single_risk,risk,12,23,23,1.0,True
EDGE,single_risk,risk,16,48,48,1.0,True
EDGE,single_risk,risk,24,123,123,1.0,True
EDGE,single_risk,risk,33,21,21,1.0,True
EDGE,single_risk,risk,35,3,3,1.0,True
EDGE,single_risk,risk,17,61,61,1.0,True
EDGE,single_risk,risk,19,52,52,1.0,True
EDGE,single_risk,risk,36,24,24,1.0,True
EDGE,single_risk,risk,37,9,9,1.0,True
EDGE,single_risk,risk,5,4,4,1.0,True
EDGE,single_risk,risk,38,1,1,1.0,True
EDGE,monotonic,risk,37,39,39,1.0,True
EDGE,monotonic,risk,0,47,47,1.0,True
EDGE,monotonic,risk,21,99,99,1.0,True
EDGE,monotonic,risk,2,198,198,1.0,True
EDGE,monotonic,risk,14,52,52,1.0,True
EDGE,monotonic,risk,4,92,92,1.0,True
EDGE,monotonic,risk,31,60,60,1.0,True
EDGE,monotonic,risk,11,90,90,1.0,True
EDGE,monotonic,risk,29,34,34,1.0,True
EDGE,monotonic,risk,32,89,89,1.0,True
EDGE,monotonic,risk,16,37,37,1.0,True
EDGE,monotonic,risk,8,122,122,1.0,True
EDGE,monotonic,risk,20,29,29,1.0,True
EDGE,monotonic,risk,22,116,116,1.0,True
EDGE,monotonic,risk,36,83,83,1.0,True
EDGE,monotonic,risk,34,127,127,1.0,True
EDGE,monotonic,risk,1,101,101,1.0,True
EDGE,monotonic,risk,30,103,103,1.0,True
EDGE,monotonic,risk,35,22,22,1.0,True
EDGE,monotonic,risk,6,89,89,1.0,True
EDGE,monotonic,risk,15,81,81,1.0,True
EDGE,monotonic,risk,24,30,30,1.0,True
EDGE,monotonic,risk,25,94,94,1.0,True
EDGE,monotonic,risk,10,63,63,1.0,True
EDGE,monotonic,risk,26,12,12,1.0,True
EDGE,monotonic,risk,9,29,29,1.0,True
EDGE,monotonic,risk,33,44,44,1.0,True
EDGE,monotonic,risk,13,76,76,1.0,True
EDGE,monotonic,risk,17,53,53,1.0,True
EDGE,monotonic,risk,5,76,76,1.0,True
EDGE,monotonic,risk,18,10,10,1.0,True
EDGE,monotonic,risk,12,23,23,1.0,True
EDGE,monotonic,risk,3,168,168,1.0,True
EDGE,monotonic,risk,28,27,27,1.0,True
EDGE,monotonic,risk,19,17,17,1.0,True
EDGE,monotonic,risk,38,43,43,1.0,True
EDGE,monotonic,risk,23,27,27,1.0,True
EDGE,monotonic,risk,27,21,21,1.0,True
EDGE,monotonic,risk,39,7,7,1.0,True
EDGE,monotonic,risk,7,2,2,1.0,True
EDGE,both,risk,24,60,60,1.0,True
EDGE,both,risk,17,32,32,1.0,True
EDGE,both,risk,10,99,99,1.0,True
EDGE,both,risk,0,202,202,1.0,True
EDGE,both,risk,1,35,35,1.0,True
EDGE,both,risk,27,60,60,1.0,True
EDGE,both,risk,29,40,40,1.0,True
EDGE,both,risk,19,86,86,1.0,True
EDGE,both,risk,22,125,125,1.0,True
EDGE,both,risk,13,89,89,1.0,True
EDGE,both,risk,6,40,40,1.0,True
EDGE,both,risk,15,88,88,1.0,True
EDGE,both,risk,12,70,70,1.0,True
EDGE,both,risk,18,79,79,1.0,True
EDGE,both,risk,2,207,207,1.0,True
EDGE,both,risk,7,99,99,1.0,True
EDGE,both,risk,5,50,50,1.0,True
EDGE,both,risk,11,107,107,1.0,True
EDGE,both,risk,20,23,23,1.0,True
EDGE,both,risk,36,59,59,1.0,True
EDGE,both,risk,37,49,49,1.0,True
EDGE,both,risk,9,37,37,1.0,True
EDGE,both,risk,30,87,87,1.0,True
EDGE,both,risk,28,30,30,1.0,True
EDGE,both,risk,25,59,59,1.0,True
EDGE,both,risk,26,45,45,1.0,True
EDGE,both,risk,39,32,32,1.0,True
EDGE,both,risk,23,36,36,1.0,True
EDGE,both,risk,35,59,59,1.0,True
EDGE,both,risk,14,50,50,1.0,True
EDGE,both,risk,33,15,15,1.0,True
EDGE,both,risk,4,65,65,1.0,True
EDGE,both,risk,3,163,163,1.0,True
EDGE,both,risk,31,4,4,1.0,True
EDGE,both,risk,32,29,29,1.0,True
EDGE,both,risk,21,25,25,1.0,True
EDGE,both,risk,34,4,4,1.0,True
EDGE,both,risk,8,19,19,1.0,True
EDGE,both,risk,16,8,8,1.0,True
EDGE,both,risk,38,2,2,1.0,True
0.8,unconstrained,risk,10,544,82,0.1507,False
0.8,unconstrained,risk,29,215,112,0.5209,False
0.8,unconstrained,risk,21,568,342,0.6021,False
0.8,unconstrained,risk,3,356,119,0.3343,False
0.8,unconstrained,risk,7,242,92,0.3802,False
0.8,unconstrained,risk,1,322,30,0.0932,False
0.8,unconstrained,risk,17,385,99,0.2571,False
0.8,unconstrained,risk,13,640,89,0.1391,False
0.8,unconstrained,risk,8,319,212,0.6646,False
0.8,unconstrained,risk,32,226,52,0.2301,False
0.8,unconstrained,risk,4,383,52,0.1358,False
0.8,unconstrained,risk,5,137,27,0.1971,False
0.8,unconstrained,risk,15,551,147,0.2668,False
0.8,unconstrained,risk,22,196,34,0.1735,False
0.8,unconstrained,risk,24,60,6,0.1,False
0.8,unconstrained,risk,38,55,7,0.1273,False
0.8,unconstrained,risk,16,292,67,0.2295,False
0.8,unconstrained,risk,23,80,9,0.1125,False
0.8,unconstrained,risk,9,451,176,0.3902,False
0.8,unconstrained,risk,14,362,113,0.3122,False
0.8,unconstrained,risk,30,519,74,0.1426,False
0.8,unconstrained,risk,2,350,63,0.18,False
0.8,unconstrained,risk,12,263,23,0.0875,False
0.8,unconstrained,risk,0,296,43,0.1453,False
0.8,unconstrained,risk,37,14,3,0.2143,False
0.8,unconstrained,risk,6,238,154,0.6471,False
0.8,unconstrained,risk,11,258,169,0.655,False
0.8,unconstrained,risk,33,207,23,0.1111,False
0.8,unconstrained,risk,35,85,26,0.3059,False
0.8,unconstrained,risk,36,87,16,0.1839,False
0.8,unconstrained,risk,31,93,42,0.4516,False
0.8,unconstrained,risk,25,20,2,0.1,False
0.8,unconstrained,risk,27,60,19,0.3167,False
0.8,unconstrained,risk,26,196,41,0.2092,False
0.8,unconstrained,risk,18,88,13,0.1477,False
0.8,unconstrained,risk,28,45,14,0.3111,False
0.8,unconstrained,risk,34,61,13,0.2131,False
0.8,unconstrained,risk,19,60,29,0.4833,False
0.8,unconstrained,risk,20,15,5,0.3333,False
0.8,unconstrained,risk,39,14,0,0.0,False
0.8,single_risk,risk,16,61,55,0.9016,True
0.8,single_risk,risk,8,69,58,0.8406,True
0.8,single_risk,risk,34,188,110,0.5851,False
0.8,single_risk,risk,13,106,48,0.4528,False
0.8,single_risk,risk,9,172,79,0.4593,False
0.8,single_risk,risk,23,176,100,0.5682,False
0.8,single_risk,risk,4,310,267,0.8613,True
0.8,single_risk,risk,37,113,94,0.8319,True
0.8,single_risk,risk,30,242,110,0.4545,False
0.8,single_risk,risk,36,125,42,0.336,False
0.8,single_risk,risk,11,122,112,0.918,True
0.8,single_risk,risk,26,73,63,0.863,True
0.8,single_risk,risk,10,243,210,0.8642,True
0.8,single_risk,risk,12,252,111,0.4405,False
0.8,single_risk,risk,39,117,53,0.453,False
0.8,single_risk,risk,32,35,19,0.5429,False
0.8,single_risk,risk,29,60,22,0.3667,False
0.8,single_risk,risk,6,131,52,0.3969,False
0.8,single_risk,risk,21,125,109,0.872,True
0.8,single_risk,risk,17,54,49,0.9074,True
0.8,single_risk,risk,38,47,32,0.6809,False
0.8,single_risk,risk,24,77,55,0.7143,False
0.8,single_risk,risk,1,192,138,0.7188,False
0.8,single_risk,risk,7,45,29,0.6444,False
0.8,single_risk,risk,14,123,92,0.748,False
0.8,single_risk,risk,20,81,52,0.642,False
0.8,single_risk,risk,18,96,28,0.2917,False
0.8,single_risk,risk,35,147,69,0.4694,False
0.8,single_risk,risk,0,206,109,0.5291,False
0.8,single_risk,risk,5,25,10,0.4,False
0.8,single_risk,risk,33,28,15,0.5357,False
0.8,single_risk,risk,19,72,32,0.4444,False
0.8,single_risk,risk,27,30,7,0.2333,False
0.8,single_risk,risk,31,10,4,0.4,False
0.8,single_risk,risk,3,49,24,0.4898,False
0.8,single_risk,risk,2,182,77,0.4231,False
0.8,single_risk,risk,15,20,7,0.35,False
0.8,single_risk,risk,28,22,2,0.0909,False
0.8,single_risk,risk,22,22,9,0.4091,False
0.8,single_risk,risk,25,6,5,0.8333,True
0.8,monotonic,risk,30,519,88,0.1696,False
0.8,monotonic,risk,20,198,114,0.5758,False
0.8,monotonic,risk,34,14,9,0.6429,False
0.8,monotonic,risk,5,296,103,0.348,False
0.8,monotonic,risk,19,93,42,0.4516,False
0.8,monotonic,risk,12,516,327,0.6337,False
0.8,monotonic,risk,25,180,16,0.0889,False
0.8,monotonic,risk,1,384,99,0.2578,False
0.8,monotonic,risk,14,623,90,0.1445,False
0.8,monotonic,risk,2,345,244,0.7072,False
0.8,monotonic,risk,10,202,44,0.2178,False
0.8,monotonic,risk,3,363,52,0.1433,False
0.8,monotonic,risk,8,115,18,0.1565,False
0.8,monotonic,risk,7,527,147,0.2789,False
0.8,monotonic,risk,35,163,37,0.227,False
0.8,monotonic,risk,23,74,14,0.1892,False
0.8,monotonic,risk,32,135,33,0.2444,False
0.8,monotonic,risk,9,281,85,0.3025,False
0.8,monotonic,risk,39,72,6,0.0833,False
0.8,monotonic,risk,13,249,25,0.1004,False
0.8,monotonic,risk,16,425,173,0.4071,False
0.8,monotonic,risk,36,123,8,0.065,False
0.8,monotonic,risk,0,313,100,0.3195,False
0.8,monotonic,risk,21,64,17,0.2656,False
0.8,monotonic,risk,6,341,73,0.2141,False
0.8,monotonic,risk,11,132,10,0.0758,False
0.8,monotonic,risk,37,13,3,0.2308,False
0.8,monotonic,risk,17,192,127,0.6615,False
0.8,monotonic,risk,4,259,176,0.6795,False
0.8,monotonic,risk,33,266,41,0.1541,False
0.8,monotonic,risk,22,476,75,0.1576,False
0.8,monotonic,risk,28,81,37,0.4568,False
0.8,monotonic,risk,27,81,25,0.3086,False
0.8,monotonic,risk,31,181,20,0.1105,False
0.8,monotonic,risk,29,25,3,0.12,False
0.8,monotonic,risk,38,57,19,0.3333,False
0.8,monotonic,risk,26,194,45,0.232,False
0.8,monotonic,risk,24,80,14,0.175,False
0.8,monotonic,risk,15,51,25,0.4902,False
0.8,monotonic,risk,18,31,0,0.0,False
0.8,both,risk,37,63,59,0.9365,True
0.8,both,risk,6,70,53,0.7571,False
0.8,both,risk,7,163,96,0.589,False
0.8,both,risk,25,100,47,0.47,False
0.8,both,risk,22,131,64,0.4885,False
0.8,both,risk,23,164,94,0.5732,False
0.8,both,risk,1,303,264,0.8713,True
0.8,both,risk,36,120,100,0.8333,True
0.8,both,risk,17,67,34,0.5075,False
0.8,both,risk,21,253,124,0.4901,False
0.8,both,risk,18,102,36,0.3529,False
0.8,both,risk,4,120,110,0.9167,True
0.8,both,risk,26,72,62,0.8611,True
0.8,both,risk,0,258,227,0.8798,True
0.8,both,risk,5,266,125,0.4699,False
0.8,both,risk,10,160,114,0.7125,False
0.8,both,risk,8,42,26,0.619,False
0.8,both,risk,28,51,15,0.2941,False
0.8,both,risk,20,67,39,0.5821,False
0.8,both,risk,29,87,36,0.4138,False
0.8,both,risk,3,110,98,0.8909,True
0.8,both,risk,32,41,39,0.9512,True
0.8,both,risk,13,65,45,0.6923,False
0.8,both,risk,2,193,135,0.6995,False
0.8,both,risk,16,113,38,0.3363,False
0.8,both,risk,14,142,71,0.5,False
0.8,both,risk,12,85,26,0.3059,False
0.8,both,risk,34,78,32,0.4103,False
0.8,both,risk,15,90,54,0.6,False
0.8,both,risk,11,71,19,0.2676,False
0.8,both,risk,19,43,15,0.3488,False
0.8,both,risk,24,113,50,0.4425,False
0.8,both,risk,27,61,44,0.7213,False
0.8,both,risk,33,28,15,0.5357,False
0.8,both,risk,9,67,29,0.4328,False
0.8,both,risk,38,83,42,0.506,False
0.8,both,risk,31,34,15,0.4412,False
0.8,both,risk,39,15,6,0.4,False
0.8,both,risk,35,18,7,0.3889,False
0.8,both,risk,30,6,3,0.5,False
0.85,unconstrained,risk,9,438,95,0.2169,False
0.85,unconstrained,risk,16,175,117,0.6686,False
0.85,unconstrained,risk,12,197,106,0.5381,False
0.85,unconstrained,risk,6,217,177,0.8157,True
0.85,unconstrained,risk,32,198,101,0.5101,False
0.85,unconstrained,risk,4,450,337,0.7489,False
0.85,unconstrained,risk,19,160,47,0.2938,False
0.85,unconstrained,risk,8,299,85,0.2843,False
0.85,unconstrained,risk,22,395,63,0.1595,False
0.85,unconstrained,risk,2,420,111,0.2643,False
0.85,unconstrained,risk,1,244,25,0.1025,False
0.85,unconstrained,risk,0,302,53,0.1755,False
0.85,unconstrained,risk,28,460,162,0.3522,False
0.85,unconstrained,risk,7,160,39,0.2437,False
0.85,unconstrained,risk,31,57,13,0.2281,False
0.85,unconstrained,risk,20,71,15,0.2113,False
0.85,unconstrained,risk,39,72,9,0.125,False
0.85,unconstrained,risk,5,214,41,0.1916,False
0.85,unconstrained,risk,15,281,162,0.5765,False
0.85,unconstrained,risk,21,99,10,0.101,False
0.85,unconstrained,risk,33,196,75,0.3827,False
0.85,unconstrained,risk,3,410,304,0.7415,False
0.85,unconstrained,risk,13,217,61,0.2811,False
0.85,unconstrained,risk,10,152,14,0.0921,False
0.85,unconstrained,risk,14,146,16,0.1096,False
0.85,unconstrained,risk,34,46,11,0.2391,False
0.85,unconstrained,risk,18,414,61,0.1473,False
0.85,unconstrained,risk,26,331,55,0.1662,False
0.85,unconstrained,risk,38,59,36,0.6102,False
0.85,unconstrained,risk,37,200,24,0.12,False
0.85,unconstrained,risk,30,70,28,0.4,False
0.85,unconstrained,risk,29,81,25,0.3086,False
0.85,unconstrained,risk,11,90,55,0.6111,False
0.85,unconstrained,risk,17,49,23,0.4694,False
0.85,unconstrained,risk,35,57,19,0.3333,False
0.85,unconstrained,risk,24,55,21,0.3818,False
0.85,unconstrained,risk,23,35,5,0.1429,False
0.85,unconstrained,risk,25,32,7,0.2188,False
0.85,unconstrained,risk,27,58,31,0.5345,False
0.85,unconstrained,risk,36,1,0,0.0,False
0.85,single_risk,risk,11,138,136,0.9855,True
0.85,single_risk,risk,2,107,97,0.9065,True
0.85,single_risk,risk,28,102,90,0.8824,True
0.85,single_risk,risk,20,100,51,0.51,False
0.85,single_risk,risk,17,103,85,0.8252,True
0.85,single_risk,risk,14,152,101,0.6645,False
0.85,single_risk,risk,12,214,204,0.9533,True
0.85,single_risk,risk,25,90,79,0.8778,True
0.85,single_risk,risk,6,213,118,0.554,False
0.85,single_risk,risk,36,14,5,0.3571,False
0.85,single_risk,risk,0,145,64,0.4414,False
0.85,single_risk,risk,29,91,86,0.9451,True
0.85,single_risk,risk,23,60,58,0.9667,True
0.85,single_risk,risk,19,213,199,0.9343,True
0.85,single_risk,risk,13,206,111,0.5388,False
0.85,single_risk,risk,16,85,50,0.5882,False
0.85,single_risk,risk,8,147,95,0.6463,False
0.85,single_risk,risk,39,26,19,0.7308,False
0.85,single_risk,risk,3,53,25,0.4717,False
0.85,single_risk,risk,35,65,33,0.5077,False
0.85,single_risk,risk,9,62,62,1.0,True
0.85,single_risk,risk,18,41,39,0.9512,True
0.85,single_risk,risk,10,82,62,0.7561,False
0.85,single_risk,risk,7,102,73,0.7157,False
0.85,single_risk,risk,32,61,40,0.6557,False
0.85,single_risk,risk,34,124,72,0.5806,False
0.85,single_risk,risk,22,60,31,0.5167,False
0.85,single_risk,risk,24,204,163,0.799,False
0.85,single_risk,risk,26,97,53,0.5464,False
0.85,single_risk,risk,1,56,48,0.8571,True
0.85,single_risk,risk,31,24,15,0.625,False
0.85,single_risk,risk,5,78,38,0.4872,False
0.85,single_risk,risk,27,37,23,0.6216,False
0.85,single_risk,risk,21,86,42,0.4884,False
0.85,single_risk,risk,15,20,14,0.7,False
0.85,single_risk,risk,30,9,9,1.0,True
0.85,single_risk,risk,4,31,16,0.5161,False
0.85,single_risk,risk,37,22,18,0.8182,True
0.85,single_risk,risk,33,14,9,0.6429,False
0.85,single_risk,risk,38,24,20,0.8333,True
0.85,monotonic,risk,3,410,94,0.2293,False
0.85,monotonic,risk,18,172,130,0.7558,False
0.85,monotonic,risk,5,152,111,0.7303,False
0.85,monotonic,risk,7,168,104,0.619,False
0.85,monotonic,risk,12,169,98,0.5799,False
0.85,monotonic,risk,21,294,240,0.8163,True
0.85,monotonic,risk,26,332,173,0.5211,False
0.85,monotonic,risk,6,292,99,0.339,False
0.85,monotonic,risk,25,385,66,0.1714,False
0.85,monotonic,risk,38,114,33,0.2895,False
0.85,monotonic,risk,1,247,29,0.1174,False
0.85,monotonic,risk,2,271,50,0.1845,False
0.85,monotonic,risk,13,324,127,0.392,False
0.85,monotonic,risk,0,261,54,0.2069,False
0.85,monotonic,risk,14,173,65,0.3757,False
0.85,monotonic,risk,8,200,49,0.245,False
0.85,monotonic,risk,35,61,25,0.4098,False
0.85,monotonic,risk,29,38,7,0.1842,False
0.85,monotonic,risk,39,60,6,0.1,False
0.85,monotonic,risk,15,181,79,0.4365,False
0.85,monotonic,risk,4,392,299,0.7628,False
0.85,monotonic,risk,27,92,8,0.087,False
0.85,monotonic,risk,17,225,85,0.3778,False
0.85,monotonic,risk,30,139,27,0.1942,False
0.85,monotonic,risk,11,127,110,0.8661,True
0.85,monotonic,risk,36,81,54,0.6667,False
0.85,monotonic,risk,24,105,27,0.2571,False
0.85,monotonic,risk,10,370,60,0.1622,False
0.85,monotonic,risk,19,68,9,0.1324,False
0.85,monotonic,risk,9,300,53,0.1767,False
0.85,monotonic,risk,16,78,48,0.6154,False
0.85,monotonic,risk,31,183,21,0.1148,False
0.85,monotonic,risk,32,83,33,0.3976,False
0.85,monotonic,risk,33,57,16,0.2807,False
0.85,monotonic,risk,28,51,19,0.3725,False
0.85,monotonic,risk,37,140,14,0.1,False
0.85,monotonic,risk,23,20,5,0.25,False
0.85,monotonic,risk,20,23,7,0.3043,False
0.85,monotonic,risk,22,18,8,0.4444,False
0.85,monotonic,risk,34,41,25,0.6098,False
0.85,both,risk,16,82,82,1.0,True
0.85,both,risk,7,90,84,0.9333,True
0.85,both,risk,4,126,111,0.881,True
0.85,both,risk,20,113,55,0.4867,False
0.85,both,risk,13,99,81,0.8182,True
0.85,both,risk,15,147,96,0.6531,False
0.85,both,risk,33,71,69,0.9718,True
0.85,both,risk,25,92,82,0.8913,True
0.85,both,risk,9,302,170,0.5629,False
0.85,both,risk,2,125,54,0.432,False
0.85,both,risk,37,88,84,0.9545,True
0.85,both,risk,31,207,196,0.9469,True
0.85,both,risk,5,234,132,0.5641,False
0.85,both,risk,8,96,55,0.5729,False
0.85,both,risk,21,139,94,0.6763,False
0.85,both,risk,12,161,153,0.9503,True
0.85,both,risk,0,56,33,0.5893,False
0.85,both,risk,3,91,45,0.4945,False
0.85,both,risk,38,86,84,0.9767,True
0.85,both,risk,11,35,35,1.0,True
0.85,both,risk,17,30,29,0.9667,True
0.85,both,risk,26,44,42,0.9545,True
0.85,both,risk,23,80,60,0.75,False
0.85,both,risk,18,54,46,0.8519,True
0.85,both,risk,24,95,67,0.7053,False
0.85,both,risk,28,56,28,0.5,False
0.85,both,risk,1,200,160,0.8,True
0.85,both,risk,14,87,49,0.5632,False
0.85,both,risk,6,135,85,0.6296,False
0.85,both,risk,39,23,15,0.6522,False
0.85,both,risk,10,86,43,0.5,False
0.85,both,risk,32,8,8,1.0,True
0.85,both,risk,35,34,23,0.6765,False
0.85,both,risk,19,6,5,0.8333,True
0.85,both,risk,34,4,4,1.0,True
0.85,both,risk,30,11,8,0.7273,False
0.85,both,risk,36,16,12,0.75,False
0.85,both,risk,22,7,6,0.8571,True
0.85,both,risk,27,7,7,1.0,True
0.85,both,risk,29,3,3,1.0,True
0.9,unconstrained,risk,14,158,147,0.9304,True
0.9,unconstrained,risk,6,214,112,0.5234,False
0.9,unconstrained,risk,19,136,40,0.2941,False
0.9,unconstrained,risk,21,179,38,0.2123,False
0.9,unconstrained,risk,35,168,52,0.3095,False
0.9,unconstrained,risk,12,102,32,0.3137,False
0.9,unconstrained,risk,15,121,77,0.6364,False
0.9,unconstrained,risk,0,299,283,0.9465,True
0.9,unconstrained,risk,17,116,103,0.8879,True
0.9,unconstrained,risk,24,48,22,0.4583,False
0.9,unconstrained,risk,10,367,77,0.2098,False
0.9,unconstrained,risk,20,105,30,0.2857,False
0.9,unconstrained,risk,5,155,148,0.9548,True
0.9,unconstrained,risk,9,219,135,0.6164,False
0.9,unconstrained,risk,16,269,165,0.6134,False
0.9,unconstrained,risk,4,341,300,0.8798,True
0.9,unconstrained,risk,1,114,64,0.5614,False
0.9,unconstrained,risk,2,112,60,0.5357,False
0.9,unconstrained,risk,8,126,119,0.9444,True
0.9,unconstrained,risk,33,49,44,0.898,True
0.9,unconstrained,risk,25,223,28,0.1256,False
0.9,unconstrained,risk,7,142,23,0.162,False
0.9,unconstrained,risk,38,102,26,0.2549,False
0.9,unconstrained,risk,26,235,40,0.1702,False
0.9,unconstrained,risk,11,126,54,0.4286,False
0.9,unconstrained,risk,34,37,14,0.3784,False
0.9,unconstrained,risk,22,221,181,0.819,True
0.9,unconstrained,risk,31,59,57,0.9661,True
0.9,unconstrained,risk,37,33,15,0.4545,False
0.9,unconstrained,risk,27,44,6,0.1364,False
0.9,unconstrained,risk,3,50,28,0.56,False
0.9,unconstrained,risk,18,60,14,0.2333,False
0.9,unconstrained,risk,28,45,29,0.6444,False
0.9,unconstrained,risk,32,23,8,0.3478,False
0.9,unconstrained,risk,39,10,9,0.9,True
0.9,unconstrained,risk,29,15,7,0.4667,False
0.9,unconstrained,risk,30,39,30,0.7692,False
0.9,unconstrained,risk,23,20,15,0.75,False
0.9,unconstrained,risk,36,3,3,1.0,True
0.9,unconstrained,risk,13,4,4,1.0,True
0.9,single_risk,risk,24,81,81,1.0,True
0.9,single_risk,risk,6,88,84,0.9545,True
0.9,single_risk,risk,7,72,70,0.9722,True
0.9,single_risk,risk,35,93,72,0.7742,False
0.9,single_risk,risk,15,84,75,0.8929,True
0.9,single_risk,risk,22,148,146,0.9865,True
0.9,single_risk,risk,8,178,133,0.7472,False
0.9,single_risk,risk,19,93,93,1.0,True
0.9,single_risk,risk,23,35,25,0.7143,False
0.9,single_risk,risk,38,63,49,0.7778,False
0.9,single_risk,risk,27,62,62,1.0,True
0.9,single_risk,risk,16,63,61,0.9683,True
0.9,single_risk,risk,2,196,155,0.7908,False
0.9,single_risk,risk,0,109,99,0.9083,True
0.9,single_risk,risk,11,106,99,0.934,True
0.9,single_risk,risk,29,87,70,0.8046,True
0.9,single_risk,risk,30,29,26,0.8966,True
0.9,single_risk,risk,3,167,166,0.994,True
0.9,single_risk,risk,25,30,30,1.0,True
0.9,single_risk,risk,33,20,20,1.0,True
0.9,single_risk,risk,1,132,102,0.7727,False
0.9,single_risk,risk,28,83,83,1.0,True
0.9,single_risk,risk,14,33,33,1.0,True
0.9,single_risk,risk,26,89,87,0.9775,True
0.9,single_risk,risk,18,41,40,0.9756,True
0.9,single_risk,risk,9,56,54,0.9643,True
0.9,single_risk,risk,10,9,9,1.0,True
0.9,single_risk,risk,37,81,65,0.8025,True
0.9,single_risk,risk,20,48,48,1.0,True
0.9,single_risk,risk,4,81,71,0.8765,True
0.9,single_risk,risk,12,178,168,0.9438,True
0.9,single_risk,risk,5,69,63,0.913,True
0.9,single_risk,risk,21,27,16,0.5926,False
0.9,single_risk,risk,31,27,24,0.8889,True
0.9,single_risk,risk,34,12,12,1.0,True
0.9,single_risk,risk,32,2,2,1.0,True
0.9,single_risk,risk,13,18,18,1.0,True
0.9,single_risk,risk,17,19,18,0.9474,True
0.9,single_risk,risk,36,4,4,1.0,True
0.9,single_risk,risk,39,1,1,1.0,True
0.9,monotonic,risk,11,142,137,0.9648,True
0.9,monotonic,risk,18,98,93,0.949,True
0.9,monotonic,risk,4,120,104,0.8667,True
0.9,monotonic,risk,12,119,40,0.3361,False
0.9,monotonic,risk,2,196,42,0.2143,False
0.9,monotonic,risk,16,182,69,0.3791,False
0.9,monotonic,risk,20,100,31,0.31,False
0.9,monotonic,risk,15,115,76,0.6609,False
0.9,monotonic,risk,9,255,244,0.9569,True
0.9,monotonic,risk,27,104,92,0.8846,True
0.9,monotonic,risk,23,175,96,0.5486,False
0.9,monotonic,risk,8,345,69,0.2,False
0.9,monotonic,risk,19,87,27,0.3103,False
0.9,monotonic,risk,1,118,115,0.9746,True
0.9,monotonic,risk,29,49,33,0.6735,False
0.9,monotonic,risk,5,195,150,0.7692,False
0.9,monotonic,risk,6,268,179,0.6679,False
0.9,monotonic,risk,14,199,186,0.9347,True
0.9,monotonic,risk,10,29,25,0.8621,True
0.9,monotonic,risk,30,74,46,0.6216,False
0.9,monotonic,risk,36,62,62,1.0,True
0.9,monotonic,risk,0,62,59,0.9516,True
0.9,monotonic,risk,21,206,27,0.1311,False
0.9,monotonic,risk,25,84,15,0.1786,False
0.9,monotonic,risk,17,99,67,0.6768,False
0.9,monotonic,risk,38,101,26,0.2574,False
0.9,monotonic,risk,3,225,38,0.1689,False
0.9,monotonic,risk,26,111,54,0.4865,False
0.9,monotonic,risk,34,192,166,0.8646,True
0.9,monotonic,risk,22,51,7,0.1373,False
0.9,monotonic,risk,31,30,14,0.4667,False
0.9,monotonic,risk,32,47,13,0.2766,False
0.9,monotonic,risk,24,41,21,0.5122,False
0.9,monotonic,risk,33,49,13,0.2653,False
0.9,monotonic,risk,35,41,18,0.439,False
0.9,monotonic,risk,28,39,27,0.6923,False
0.9,monotonic,risk,37,31,28,0.9032,True
0.9,monotonic,risk,13,16,13,0.8125,True
0.9,monotonic,risk,39,24,17,0.7083,False
0.9,monotonic,risk,7,9,8,0.8889,True
0.9,both,risk,10,78,78,1.0,True
0.9,both,risk,22,71,69,0.9718,True
0.9,both,risk,9,111,104,0.9369,True
0.9,both,risk,20,85,66,0.7765,False
0.9,both,risk,13,99,88,0.8889,True
0.9,both,risk,29,150,149,0.9933,True
0.9,both,risk,32,110,90,0.8182,True
0.9,both,risk,18,93,93,1.0,True
0.9,both,risk,39,33,23,0.697,False
0.9,both,risk,6,124,110,0.8871,True
0.9,both,risk,21,26,26,1.0,True
0.9,both,risk,17,59,57,0.9661,True
0.9,both,risk,3,170,128,0.7529,False
0.9,both,risk,12,98,88,0.898,True
0.9,both,risk,28,38,35,0.9211,True
0.9,both,risk,35,106,106,1.0,True
0.9,both,risk,33,20,20,1.0,True
0.9,both,risk,11,100,84,0.84,True
0.9,both,risk,5,64,43,0.6719,False
0.9,both,risk,4,92,91,0.9891,True
0.9,both,risk,27,72,72,1.0,True
0.9,both,risk,1,55,55,1.0,True
0.9,both,risk,24,91,89,0.978,True
0.9,both,risk,30,28,28,1.0,True
0.9,both,risk,25,49,48,0.9796,True
0.9,both,risk,0,46,46,1.0,True
0.9,both,risk,38,30,27,0.9,True
0.9,both,risk,23,88,72,0.8182,True
0.9,both,risk,26,70,53,0.7571,False
0.9,both,risk,8,60,53,0.8833,True
0.9,both,risk,7,181,172,0.9503,True
0.9,both,risk,14,88,85,0.9659,True
0.9,both,risk,36,15,15,1.0,True
0.9,both,risk,19,57,39,0.6842,False
0.9,both,risk,15,32,29,0.9062,True
0.9,both,risk,16,11,11,1.0,True
0.9,both,risk,2,20,20,1.0,True
0.9,both,risk,31,7,7,1.0,True
0.9,both,risk,34,4,4,1.0,True
0.9,both,risk,37,1,1,1.0,True
0.95,unconstrained,risk,5,88,87,0.9886,True
0.95,unconstrained,risk,12,78,78,1.0,True
0.95,unconstrained,risk,15,152,149,0.9803,True
0.95,unconstrained,risk,8,103,42,0.4078,False
0.95,unconstrained,risk,7,103,83,0.8058,True
0.95,unconstrained,risk,2,85,85,1.0,True
0.95,unconstrained,risk,23,36,36,1.0,True
0.95,unconstrained,risk,3,181,50,0.2762,False
0.95,unconstrained,risk,21,89,89,1.0,True
0.95,unconstrained,risk,30,109,104,0.9541,True
0.95,unconstrained,risk,4,72,72,1.0,True
0.95,unconstrained,risk,6,105,93,0.8857,True
0.95,unconstrained,risk,20,145,145,1.0,True
0.95,unconstrained,risk,18,63,62,0.9841,True
0.95,unconstrained,risk,10,168,155,0.9226,True
0.95,unconstrained,risk,16,102,102,1.0,True
0.95,unconstrained,risk,24,76,76,1.0,True
0.95,unconstrained,risk,31,36,33,0.9167,True
0.95,unconstrained,risk,28,102,102,1.0,True
0.95,unconstrained,risk,22,21,20,0.9524,True
0.95,unconstrained,risk,36,32,32,1.0,True
0.95,unconstrained,risk,1,107,106,0.9907,True
0.95,unconstrained,risk,29,40,40,1.0,True
0.95,unconstrained,risk,32,66,64,0.9697,True
0.95,unconstrained,risk,26,56,53,0.9464,True
0.95,unconstrained,risk,9,205,71,0.3463,False
0.95,unconstrained,risk,19,99,53,0.5354,False
0.95,unconstrained,risk,14,55,55,1.0,True
0.95,unconstrained,risk,39,27,15,0.5556,False
0.95,unconstrained,risk,38,125,29,0.232,False
0.95,unconstrained,risk,33,35,18,0.5143,False
0.95,unconstrained,risk,0,80,74,0.925,True
0.95,unconstrained,risk,34,60,57,0.95,True
0.95,unconstrained,risk,25,51,48,0.9412,True
0.95,unconstrained,risk,11,185,182,0.9838,True
0.95,unconstrained,risk,35,28,27,0.9643,True
0.95,unconstrained,risk,27,14,5,0.3571,False
0.95,unconstrained,risk,37,25,24,0.96,True
0.95,unconstrained,risk,17,19,19,1.0,True
0.95,unconstrained,risk,13,4,4,1.0,True
0.95,single_risk,risk,31,42,42,1.0,True
0.95,single_risk,risk,5,84,84,1.0,True
0.95,single_risk,risk,4,160,160,1.0,True
0.95,single_risk,risk,38,130,130,1.0,True
0.95,single_risk,risk,17,56,56,1.0,True
0.95,single_risk,risk,3,82,82,1.0,True
0.95,single_risk,risk,7,73,72,0.9863,True
0.95,single_risk,risk,20,67,67,1.0,True
0.95,single_risk,risk,24,35,35,1.0,True
0.95,single_risk,risk,33,92,92,1.0,True
0.95,single_risk,risk,8,39,39,1.0,True
0.95,single_risk,risk,18,97,96,0.9897,True
0.95,single_risk,risk,13,69,69,1.0,True
0.95,single_risk,risk,1,119,118,0.9916,True
0.95,single_risk,risk,15,140,139,0.9929,True
0.95,single_risk,risk,2,94,94,1.0,True
0.95,single_risk,risk,32,105,105,1.0,True
0.95,single_risk,risk,23,22,22,1.0,True
0.95,single_risk,risk,22,71,71,1.0,True
0.95,single_risk,risk,14,102,102,1.0,True
0.95,single_risk,risk,28,30,30,1.0,True
0.95,single_risk,risk,34,87,87,1.0,True
0.95,single_risk,risk,0,44,44,1.0,True
0.95,single_risk,risk,11,55,55,1.0,True
0.95,single_risk,risk,39,9,9,1.0,True
0.95,single_risk,risk,9,46,46,1.0,True
0.95,single_risk,risk,10,74,73,0.9865,True
0.95,single_risk,risk,16,61,59,0.9672,True
0.95,single_risk,risk,25,53,53,1.0,True
0.95,single_risk,risk,19,65,65,1.0,True
0.95,single_risk,risk,29,6,6,1.0,True
0.95,single_risk,risk,35,15,15,1.0,True
0.95,single_risk,risk,6,177,177,1.0,True
0.95,single_risk,risk,26,16,16,1.0,True
0.95,single_risk,risk,37,3,3,1.0,True
0.95,single_risk,risk,12,60,60,1.0,True
0.95,single_risk,risk,21,24,24,1.0,True
0.95,single_risk,risk,30,23,23,1.0,True
0.95,single_risk,risk,36,8,8,1.0,True
0.95,single_risk,risk,27,1,1,1.0,True
0.95,monotonic,risk,11,79,79,1.0,True
0.95,monotonic,risk,3,77,77,1.0,True
0.95,monotonic,risk,15,138,135,0.9783,True
0.95,monotonic,risk,5,132,59,0.447,False
0.95,monotonic,risk,27,112,94,0.8393,True
0.95,monotonic,risk,1,120,120,1.0,True
0.95,monotonic,risk,24,35,35,1.0,True
0.95,monotonic,risk,6,245,71,0.2898,False
0.95,monotonic,risk,39,85,85,1.0,True
0.95,monotonic,risk,10,120,115,0.9583,True
0.95,monotonic,risk,9,72,72,1.0,True
0.95,monotonic,risk,14,76,65,0.8553,True
0.95,monotonic,risk,19,121,121,1.0,True
0.95,monotonic,risk,31,84,83,0.9881,True
0.95,monotonic,risk,8,162,153,0.9444,True
0.95,monotonic,risk,0,100,100,1.0,True
0.95,monotonic,risk,12,90,90,1.0,True
0.95,monotonic,risk,13,12,12,1.0,True
0.95,monotonic,risk,16,57,56,0.9825,True
0.95,monotonic,risk,34,102,102,1.0,True
0.95,monotonic,risk,21,19,19,1.0,True
0.95,monotonic,risk,20,32,32,1.0,True
0.95,monotonic,risk,30,95,94,0.9895,True
0.95,monotonic,risk,33,32,32,1.0,True
0.95,monotonic,risk,17,56,54,0.9643,True
0.95,monotonic,risk,23,52,50,0.9615,True
0.95,monotonic,risk,7,165,48,0.2909,False
0.95,monotonic,risk,37,119,27,0.2269,False
0.95,monotonic,risk,25,60,44,0.7333,False
0.95,monotonic,risk,38,44,43,0.9773,True
0.95,monotonic,risk,18,61,57,0.9344,True
0.95,monotonic,risk,4,24,23,0.9583,True
0.95,monotonic,risk,32,40,22,0.55,False
0.95,monotonic,risk,22,30,29,0.9667,True
0.95,monotonic,risk,2,177,175,0.9887,True
0.95,monotonic,risk,28,23,23,1.0,True
0.95,monotonic,risk,35,26,26,1.0,True
0.95,monotonic,risk,26,2,1,0.5,False
0.95,monotonic,risk,29,9,9,1.0,True
0.95,monotonic,risk,36,1,1,1.0,True
0.95,both,risk,1,71,71,1.0,True
0.95,both,risk,24,55,55,1.0,True
0.95,both,risk,7,139,139,1.0,True
0.95,both,risk,21,127,127,1.0,True
0.95,both,risk,39,24,24,1.0,True
0.95,both,risk,26,58,58,1.0,True
0.95,both,risk,13,69,68,0.9855,True
0.95,both,risk,11,89,89,1.0,True
0.95,both,risk,31,29,29,1.0,True
0.95,both,risk,9,93,93,1.0,True
0.95,both,risk,4,36,36,1.0,True
0.95,both,risk,2,110,109,0.9909,True
0.95,both,risk,6,69,69,1.0,True
0.95,both,risk,18,150,150,1.0,True
0.95,both,risk,10,77,76,0.987,True
0.95,both,risk,12,141,140,0.9929,True
0.95,both,risk,29,71,71,1.0,True
0.95,both,risk,38,16,16,1.0,True
0.95,both,risk,25,106,106,1.0,True
0.95,both,risk,35,19,19,1.0,True
0.95,both,risk,15,68,68,1.0,True
0.95,both,risk,0,51,51,1.0,True
0.95,both,risk,17,89,89,1.0,True
0.95,both,risk,23,49,49,1.0,True
0.95,both,risk,32,9,9,1.0,True
0.95,both,risk,37,46,46,1.0,True
0.95,both,risk,19,73,72,0.9863,True
0.95,both,risk,14,53,53,1.0,True
0.95,both,risk,5,65,63,0.9692,True
0.95,both,risk,16,49,49,1.0,True
0.95,both,risk,33,67,67,1.0,True
0.95,both,risk,8,22,22,1.0,True
0.95,both,risk,3,51,51,1.0,True
0.95,both,risk,34,136,136,1.0,True
0.95,both,risk,20,20,20,1.0,True
0.95,both,risk,22,3,3,1.0,True
0.95,both,risk,36,38,38,1.0,True
0.95,both,risk,27,28,28,1.0,True
0.95,both,risk,30,8,8,1.0,True
0.95,both,risk,28,1,1,1.0,True
EDGE,unconstrained,intervention,15,97,97,1.0,True
EDGE,unconstrained,intervention,9,113,113,1.0,True
EDGE,unconstrained,intervention,17,109,109,1.0,True
EDGE,unconstrained,intervention,4,103,103,1.0,True
EDGE,unconstrained,intervention,22,89,89,1.0,True
EDGE,unconstrained,intervention,5,214,214,1.0,True
EDGE,unconstrained,intervention,39,39,39,1.0,True
EDGE,unconstrained,intervention,19,215,215,1.0,True
EDGE,unconstrained,intervention,10,88,88,1.0,True
EDGE,unconstrained,intervention,32,63,63,1.0,True
EDGE,unconstrained,intervention,30,62,62,1.0,True
EDGE,unconstrained,intervention,2,153,153,1.0,True
EDGE,unconstrained,intervention,16,28,28,1.0,True
EDGE,unconstrained,intervention,36,65,65,1.0,True
EDGE,unconstrained,intervention,18,99,99,1.0,True
EDGE,unconstrained,intervention,3,195,195,1.0,True
EDGE,unconstrained,intervention,8,106,106,1.0,True
EDGE,unconstrained,intervention,33,10,10,1.0,True
EDGE,unconstrained,intervention,6,81,81,1.0,True
EDGE,unconstrained,intervention,1,44,44,1.0,True
EDGE,unconstrained,intervention,13,180,180,1.0,True
EDGE,unconstrained,intervention,27,27,27,1.0,True
EDGE,unconstrained,intervention,21,27,27,1.0,True
EDGE,unconstrained,intervention,11,47,47,1.0,True
EDGE,unconstrained,intervention,14,64,64,1.0,True
EDGE,unconstrained,intervention,7,88,88,1.0,True
EDGE,unconstrained,intervention,24,36,36,1.0,True
EDGE,unconstrained,intervention,37,41,41,1.0,True
EDGE,unconstrained,intervention,12,11,11,1.0,True
EDGE,unconstrained,intervention,20,26,26,1.0,True
EDGE,unconstrained,intervention,0,24,24,1.0,True
EDGE,unconstrained,intervention,38,17,17,1.0,True
EDGE,unconstrained,intervention,26,16,16,1.0,True
EDGE,unconstrained,intervention,34,6,6,1.0,True
EDGE,unconstrained,intervention,25,36,36,1.0,True
EDGE,unconstrained,intervention,35,36,36,1.0,True
EDGE,unconstrained,intervention,29,23,23,1.0,True
EDGE,unconstrained,intervention,31,17,17,1.0,True
EDGE,unconstrained,intervention,28,13,13,1.0,True
EDGE,unconstrained,intervention,23,6,6,1.0,True
EDGE,single_risk,intervention,15,97,97,1.0,True
EDGE,single_risk,intervention,9,113,113,1.0,True
EDGE,single_risk,intervention,17,109,109,1.0,True
EDGE,single_risk,intervention,4,103,103,1.0,True
EDGE,single_risk,intervention,22,89,89,1.0,True
EDGE,single_risk,intervention,5,214,214,1.0,True
EDGE,single_risk,intervention,39,39,39,1.0,True
EDGE,single_risk,intervention,19,215,215,1.0,True
EDGE,single_risk,intervention,10,88,88,1.0,True
EDGE,single_risk,intervention,32,63,63,1.0,True
EDGE,single_risk,intervention,30,62,62,1.0,True
EDGE,single_risk,intervention,2,153,153,1.0,True
EDGE,single_risk,intervention,16,28,28,1.0,True
EDGE,single_risk,intervention,36,65,65,1.0,True
EDGE,single_risk,intervention,18,99,99,1.0,True
EDGE,single_risk,intervention,3,195,195,1.0,True
EDGE,single_risk,intervention,8,106,106,1.0,True
EDGE,single_risk,intervention,33,10,10,1.0,True
EDGE,single_risk,intervention,6,81,81,1.0,True
EDGE,single_risk,intervention,1,44,44,1.0,True
EDGE,single_risk,intervention,13,180,180,1.0,True
EDGE,single_risk,intervention,27,27,27,1.0,True
EDGE,single_risk,intervention,21,27,27,1.0,True
EDGE,single_risk,intervention,11,47,47,1.0,True
EDGE,single_risk,intervention,14,64,64,1.0,True
EDGE,single_risk,intervention,7,88,88,1.0,True
EDGE,single_risk,intervention,24,36,36,1.0,True
EDGE,single_risk,intervention,37,41,41,1.0,True
EDGE,single_risk,intervention,12,11,11,1.0,True
EDGE,single_risk,intervention,20,26,26,1.0,True
EDGE,single_risk,intervention,0,24,24,1.0,True
EDGE,single_risk,intervention,38,17,17,1.0,True
EDGE,single_risk,intervention,26,16,16,1.0,True
EDGE,single_risk,intervention,34,6,6,1.0,True
EDGE,single_risk,intervention,25,36,36,1.0,True
EDGE,single_risk,intervention,35,36,36,1.0,True
EDGE,single_risk,intervention,29,23,23,1.0,True
EDGE,single_risk,intervention,31,17,17,1.0,True
EDGE,single_risk,intervention,28,13,13,1.0,True
EDGE,single_risk,intervention,23,6,6,1.0,True
EDGE,monotonic,intervention,9,172,172,1.0,True
EDGE,monotonic,intervention,37,48,48,1.0,True
EDGE,monotonic,intervention,13,139,139,1.0,True
EDGE,monotonic,intervention,10,108,108,1.0,True
EDGE,monotonic,intervention,5,110,110,1.0,True
EDGE,monotonic,intervention,2,227,227,1.0,True
EDGE,monotonic,intervention,14,51,51,1.0,True
EDGE,monotonic,intervention,15,60,60,1.0,True
EDGE,monotonic,intervention,36,103,103,1.0,True
EDGE,monotonic,intervention,3,89,89,1.0,True
EDGE,monotonic,intervention,33,61,61,1.0,True
EDGE,monotonic,intervention,0,168,168,1.0,True
EDGE,monotonic,intervention,24,25,25,1.0,True
EDGE,monotonic,intervention,35,62,62,1.0,True
EDGE,monotonic,intervention,1,100,100,1.0,True
EDGE,monotonic,intervention,11,141,141,1.0,True
EDGE,monotonic,intervention,25,63,63,1.0,True
EDGE,monotonic,intervention,26,71,71,1.0,True
EDGE,monotonic,intervention,8,74,74,1.0,True
EDGE,monotonic,intervention,20,88,88,1.0,True
EDGE,monotonic,intervention,18,46,46,1.0,True
EDGE,monotonic,intervention,6,187,187,1.0,True
EDGE,monotonic,intervention,38,22,22,1.0,True
EDGE,monotonic,intervention,12,30,30,1.0,True
EDGE,monotonic,intervention,21,67,67,1.0,True
EDGE,monotonic,intervention,7,47,47,1.0,True
EDGE,monotonic,intervention,23,34,34,1.0,True
EDGE,monotonic,intervention,22,64,64,1.0,True
EDGE,monotonic,intervention,30,34,34,1.0,True
EDGE,monotonic,intervention,29,8,8,1.0,True
EDGE,monotonic,intervention,28,6,6,1.0,True
EDGE,monotonic,intervention,19,28,28,1.0,True
EDGE,monotonic,intervention,17,33,33,1.0,True
EDGE,monotonic,intervention,16,22,22,1.0,True
EDGE,monotonic,intervention,4,42,42,1.0,True
EDGE,monotonic,intervention,34,20,20,1.0,True
EDGE,monotonic,intervention,39,8,8,1.0,True
EDGE,monotonic,intervention,31,1,1,1.0,True
EDGE,monotonic,intervention,32,6,6,1.0,True
EDGE,monotonic,intervention,27,5,5,1.0,True
EDGE,both,intervention,9,172,172,1.0,True
EDGE,both,intervention,37,48,48,1.0,True
EDGE,both,intervention,13,139,139,1.0,True
EDGE,both,intervention,10,108,108,1.0,True
EDGE,both,intervention,5,110,110,1.0,True
EDGE,both,intervention,2,227,227,1.0,True
EDGE,both,intervention,14,51,51,1.0,True
EDGE,both,intervention,15,60,60,1.0,True
EDGE,both,intervention,36,103,103,1.0,True
EDGE,both,intervention,3,89,89,1.0,True
EDGE,both,intervention,33,61,61,1.0,True
EDGE,both,intervention,0,168,168,1.0,True
EDGE,both,intervention,24,25,25,1.0,True
EDGE,both,intervention,35,62,62,1.0,True
EDGE,both,intervention,1,100,100,1.0,True
EDGE,both,intervention,11,141,141,1.0,True
EDGE,both,intervention,25,63,63,1.0,True
EDGE,both,intervention,26,71,71,1.0,True
EDGE,both,intervention,8,74,74,1.0,True
EDGE,both,intervention,20,88,88,1.0,True
EDGE,both,intervention,18,46,46,1.0,True
EDGE,both,intervention,6,187,187,1.0,True
EDGE,both,intervention,38,22,22,1.0,True
EDGE,both,intervention,12,30,30,1.0,True
EDGE,both,intervention,21,67,67,1.0,True
EDGE,both,intervention,7,47,47,1.0,True
EDGE,both,intervention,23,34,34,1.0,True
EDGE,both,intervention,22,64,64,1.0,True
EDGE,both,intervention,30,34,34,1.0,True
EDGE,both,intervention,29,8,8,1.0,True
EDGE,both,intervention,28,6,6,1.0,True
EDGE,both,intervention,19,28,28,1.0,True
EDGE,both,intervention,17,33,33,1.0,True
EDGE,both,intervention,16,22,22,1.0,True
EDGE,both,intervention,4,42,42,1.0,True
EDGE,both,intervention,34,20,20,1.0,True
EDGE,both,intervention,39,8,8,1.0,True
EDGE,both,intervention,31,1,1,1.0,True
EDGE,both,intervention,32,6,6,1.0,True
EDGE,both,intervention,27,5,5,1.0,True
0.8,unconstrained,intervention,18,398,176,0.4422,False
0.8,unconstrained,intervention,0,385,330,0.8571,True
0.8,unconstrained,intervention,6,88,40,0.4545,False
0.8,unconstrained,intervention,8,65,43,0.6615,False
0.8,unconstrained,intervention,35,39,14,0.359,False
0.8,unconstrained,intervention,15,338,181,0.5355,False
0.8,unconstrained,intervention,16,308,121,0.3929,False
0.8,unconstrained,intervention,39,91,29,0.3187,False
0.8,unconstrained,intervention,29,355,66,0.1859,False
0.8,unconstrained,intervention,33,78,11,0.141,False
0.8,unconstrained,intervention,4,310,77,0.2484,False
0.8,unconstrained,intervention,7,208,58,0.2788,False
0.8,unconstrained,intervention,32,32,4,0.125,False
0.8,unconstrained,intervention,34,142,47,0.331,False
0.8,unconstrained,intervention,24,27,6,0.2222,False
0.8,unconstrained,intervention,11,211,18,0.0853,False
0.8,unconstrained,intervention,30,166,91,0.5482,False
0.8,unconstrained,intervention,31,45,15,0.3333,False
0.8,unconstrained,intervention,2,86,44,0.5116,False
0.8,unconstrained,intervention,12,202,105,0.5198,False
0.8,unconstrained,intervention,19,124,117,0.9435,True
0.8,unconstrained,intervention,21,29,17,0.5862,False
0.8,unconstrained,intervention,3,380,346,0.9105,True
0.8,unconstrained,intervention,1,58,55,0.9483,True
0.8,unconstrained,intervention,13,68,51,0.75,False
0.8,unconstrained,intervention,9,154,106,0.6883,False
0.8,unconstrained,intervention,5,41,17,0.4146,False
0.8,unconstrained,intervention,14,141,73,0.5177,False
0.8,unconstrained,intervention,10,226,100,0.4425,False
0.8,unconstrained,intervention,17,244,89,0.3648,False
0.8,unconstrained,intervention,20,79,38,0.481,False
0.8,unconstrained,intervention,36,46,18,0.3913,False
0.8,unconstrained,intervention,25,54,41,0.7593,False
0.8,unconstrained,intervention,38,81,74,0.9136,True
0.8,unconstrained,intervention,27,35,22,0.6286,False
0.8,unconstrained,intervention,23,26,17,0.6538,False
0.8,unconstrained,intervention,22,35,23,0.6571,False
0.8,unconstrained,intervention,26,51,13,0.2549,False
0.8,unconstrained,intervention,28,26,17,0.6538,False
0.8,unconstrained,intervention,37,21,3,0.1429,False
0.8,single_risk,intervention,0,527,352,0.6679,False
0.8,single_risk,intervention,7,139,115,0.8273,True
0.8,single_risk,intervention,14,57,23,0.4035,False
0.8,single_risk,intervention,10,328,175,0.5335,False
0.8,single_risk,intervention,25,228,64,0.2807,False
0.8,single_risk,intervention,21,90,30,0.3333,False
0.8,single_risk,intervention,8,179,18,0.1006,False
0.8,single_risk,intervention,4,388,87,0.2242,False
0.8,single_risk,intervention,38,379,177,0.467,False
0.8,single_risk,intervention,24,30,4,0.1333,False
0.8,single_risk,intervention,39,337,59,0.1751,False
0.8,single_risk,intervention,2,195,54,0.2769,False
0.8,single_risk,intervention,26,144,49,0.3403,False
0.8,single_risk,intervention,23,25,5,0.2,False
0.8,single_risk,intervention,12,252,170,0.6746,False
0.8,single_risk,intervention,27,41,15,0.3659,False
0.8,single_risk,intervention,3,98,54,0.551,False
0.8,single_risk,intervention,36,123,117,0.9512,True
0.8,single_risk,intervention,22,30,18,0.6,False
0.8,single_risk,intervention,18,165,111,0.6727,False
0.8,single_risk,intervention,15,319,289,0.906,True
0.8,single_risk,intervention,17,39,39,1.0,True
0.8,single_risk,intervention,5,118,98,0.8305,True
0.8,single_risk,intervention,11,41,15,0.3659,False
0.8,single_risk,intervention,6,96,88,0.9167,True
0.8,single_risk,intervention,9,210,92,0.4381,False
0.8,single_risk,intervention,30,235,88,0.3745,False
0.8,single_risk,intervention,13,116,55,0.4741,False
0.8,single_risk,intervention,20,83,42,0.506,False
0.8,single_risk,intervention,37,47,31,0.6596,False
0.8,single_risk,intervention,31,48,16,0.3333,False
0.8,single_risk,intervention,1,54,42,0.7778,False
0.8,single_risk,intervention,29,35,22,0.6286,False
0.8,single_risk,intervention,16,33,24,0.7273,False
0.8,single_risk,intervention,33,28,0,0.0,False
0.8,single_risk,intervention,32,54,16,0.2963,False
0.8,single_risk,intervention,35,23,13,0.5652,False
0.8,single_risk,intervention,28,26,17,0.6538,False
0.8,single_risk,intervention,34,30,20,0.6667,False
0.8,single_risk,intervention,19,25,7,0.28,False
0.8,monotonic,intervention,1,523,266,0.5086,False
0.8,monotonic,intervention,6,252,230,0.9127,True
0.8,monotonic,intervention,18,95,64,0.6737,False
0.8,monotonic,intervention,26,74,67,0.9054,True
0.8,monotonic,intervention,7,268,121,0.4515,False
0.8,monotonic,intervention,22,152,88,0.5789,False
0.8,monotonic,intervention,0,258,244,0.9457,True
0.8,monotonic,intervention,34,147,135,0.9184,True
0.8,monotonic,intervention,17,79,77,0.9747,True
0.8,monotonic,intervention,31,26,8,0.3077,False
0.8,monotonic,intervention,2,172,161,0.936,True
0.8,monotonic,intervention,25,27,17,0.6296,False
0.8,monotonic,intervention,36,186,53,0.2849,False
0.8,monotonic,intervention,19,103,79,0.767,False
0.8,monotonic,intervention,20,174,86,0.4943,False
0.8,monotonic,intervention,16,132,21,0.1591,False
0.8,monotonic,intervention,15,304,171,0.5625,False
0.8,monotonic,intervention,35,38,25,0.6579,False
0.8,monotonic,intervention,21,79,45,0.5696,False
0.8,monotonic,intervention,8,169,91,0.5385,False
0.8,monotonic,intervention,10,139,36,0.259,False
0.8,monotonic,intervention,14,221,68,0.3077,False
0.8,monotonic,intervention,39,42,34,0.8095,True
0.8,monotonic,intervention,4,207,102,0.4928,False
0.8,monotonic,intervention,3,64,53,0.8281,True
0.8,monotonic,intervention,12,295,67,0.2271,False
0.8,monotonic,intervention,23,27,6,0.2222,False
0.8,monotonic,intervention,13,54,18,0.3333,False
0.8,monotonic,intervention,38,30,20,0.6667,False
0.8,monotonic,intervention,37,212,85,0.4009,False
0.8,monotonic,intervention,24,39,24,0.6154,False
0.8,monotonic,intervention,28,35,22,0.6286,False
0.8,monotonic,intervention,30,39,16,0.4103,False
0.8,monotonic,intervention,5,34,16,0.4706,False
0.8,monotonic,intervention,33,39,15,0.3846,False
0.8,monotonic,intervention,27,19,9,0.4737,False
0.8,monotonic,intervention,9,14,8,0.5714,False
0.8,monotonic,intervention,11,21,13,0.619,False
0.8,monotonic,intervention,32,26,17,0.6538,False
0.8,monotonic,intervention,29,6,1,0.1667,False
0.8,both,intervention,1,406,352,0.867,True
0.8,both,intervention,5,157,136,0.8662,True
0.8,both,intervention,10,420,223,0.531,False
0.8,both,intervention,20,189,61,0.3228,False
0.8,both,intervention,36,73,23,0.3151,False
0.8,both,intervention,12,150,87,0.58,False
0.8,both,intervention,7,325,301,0.9262,True
0.8,both,intervention,15,76,68,0.8947,True
0.8,both,intervention,30,26,8,0.3077,False
0.8,both,intervention,26,124,119,0.9597,True
0.8,both,intervention,29,26,16,0.6154,False
0.8,both,intervention,9,220,52,0.2364,False
0.8,both,intervention,25,87,53,0.6092,False
0.8,both,intervention,21,109,90,0.8257,True
0.8,both,intervention,33,160,76,0.475,False
0.8,both,intervention,22,26,2,0.0769,False
0.8,both,intervention,13,308,181,0.5877,False
0.8,both,intervention,16,53,52,0.9811,True
0.8,both,intervention,18,34,21,0.6176,False
0.8,both,intervention,2,175,95,0.5429,False
0.8,both,intervention,0,490,147,0.3,False
0.8,both,intervention,17,57,55,0.9649,True
0.8,both,intervention,4,142,40,0.2817,False
0.8,both,intervention,39,104,38,0.3654,False
0.8,both,intervention,3,217,106,0.4885,False
0.8,both,intervention,14,175,47,0.2686,False
0.8,both,intervention,24,26,6,0.2308,False
0.8,both,intervention,38,7,3,0.4286,False
0.8,both,intervention,31,34,14,0.4118,False
0.8,both,intervention,19,30,20,0.6667,False
0.8,both,intervention,8,65,39,0.6,False
0.8,both,intervention,32,35,22,0.6286,False
0.8,both,intervention,27,40,16,0.4,False
0.8,both,intervention,34,16,3,0.1875,False
0.8,both,intervention,6,46,28,0.6087,False
0.8,both,intervention,28,36,14,0.3889,False
0.8,both,intervention,35,42,34,0.8095,True
0.8,both,intervention,37,19,9,0.4737,False
0.8,both,intervention,11,24,15,0.625,False
0.8,both,intervention,23,7,5,0.7143,False
0.85,unconstrained,intervention,28,54,24,0.4444,False
0.85,unconstrained,intervention,19,53,49,0.9245,True
0.85,unconstrained,intervention,16,191,91,0.4764,False
0.85,unconstrained,intervention,32,150,108,0.72,False
0.85,unconstrained,intervention,5,233,146,0.6266,False
0.85,unconstrained,intervention,30,50,39,0.78,False
0.85,unconstrained,intervention,10,145,140,0.9655,True
0.85,unconstrained,intervention,38,270,253,0.937,True
0.85,unconstrained,intervention,11,165,160,0.9697,True
0.85,unconstrained,intervention,0,153,134,0.8758,True
0.85,unconstrained,intervention,13,81,77,0.9506,True
0.85,unconstrained,intervention,7,61,29,0.4754,False
0.85,unconstrained,intervention,1,155,139,0.8968,True
0.85,unconstrained,intervention,29,22,16,0.7273,False
0.85,unconstrained,intervention,4,147,99,0.6735,False
0.85,unconstrained,intervention,6,118,108,0.9153,True
0.85,unconstrained,intervention,36,47,44,0.9362,True
0.85,unconstrained,intervention,12,235,169,0.7191,False
0.85,unconstrained,intervention,3,296,103,0.348,False
0.85,unconstrained,intervention,26,69,30,0.4348,False
0.85,unconstrained,intervention,18,177,69,0.3898,False
0.85,unconstrained,intervention,22,90,15,0.1667,False
0.85,unconstrained,intervention,20,44,17,0.3864,False
0.85,unconstrained,intervention,17,164,83,0.5061,False
0.85,unconstrained,intervention,34,122,89,0.7295,False
0.85,unconstrained,intervention,9,168,106,0.631,False
0.85,unconstrained,intervention,37,69,6,0.087,False
0.85,unconstrained,intervention,15,94,48,0.5106,False
0.85,unconstrained,intervention,25,38,34,0.8947,True
0.85,unconstrained,intervention,35,78,71,0.9103,True
0.85,unconstrained,intervention,31,14,4,0.2857,False
0.85,unconstrained,intervention,39,7,3,0.4286,False
0.85,unconstrained,intervention,8,27,11,0.4074,False
0.85,unconstrained,intervention,2,185,103,0.5568,False
0.85,unconstrained,intervention,24,29,29,1.0,True
0.85,unconstrained,intervention,14,44,41,0.9318,True
0.85,unconstrained,intervention,21,20,12,0.6,False
0.85,unconstrained,intervention,23,21,4,0.1905,False
0.85,unconstrained,intervention,27,7,6,0.8571,True
0.85,unconstrained,intervention,33,5,5,1.0,True
0.85,single_risk,intervention,37,89,60,0.6742,False
0.85,single_risk,intervention,4,57,49,0.8596,True
0.85,single_risk,intervention,5,225,126,0.56,False
0.85,single_risk,intervention,8,127,89,0.7008,False
0.85,single_risk,intervention,15,276,173,0.6268,False
0.85,single_risk,intervention,38,85,82,0.9647,True
0.85,single_risk,intervention,14,163,158,0.9693,True
0.85,single_risk,intervention,10,119,114,0.958,True
0.85,single_risk,intervention,24,79,77,0.9747,True
0.85,single_risk,intervention,23,23,7,0.3043,False
0.85,single_risk,intervention,11,151,138,0.9139,True
0.85,single_risk,intervention,34,22,16,0.7273,False
0.85,single_risk,intervention,17,69,46,0.6667,False
0.85,single_risk,intervention,29,57,48,0.8421,True
0.85,single_risk,intervention,28,96,88,0.9167,True
0.85,single_risk,intervention,7,242,231,0.9545,True
0.85,single_risk,intervention,3,211,117,0.5545,False
0.85,single_risk,intervention,19,69,66,0.9565,True
0.85,single_risk,intervention,27,241,177,0.7344,False
0.85,single_risk,intervention,39,120,89,0.7417,False
0.85,single_risk,intervention,6,103,101,0.9806,True
0.85,single_risk,intervention,30,248,77,0.3105,False
0.85,single_risk,intervention,26,66,30,0.4545,False
0.85,single_risk,intervention,9,171,67,0.3918,False
0.85,single_risk,intervention,1,156,22,0.141,False
0.85,single_risk,intervention,32,20,9,0.45,False
0.85,single_risk,intervention,2,160,103,0.6438,False
0.85,single_risk,intervention,0,136,73,0.5368,False
0.85,single_risk,intervention,31,11,3,0.2727,False
0.85,single_risk,intervention,18,26,10,0.3846,False
0.85,single_risk,intervention,20,24,19,0.7917,False
0.85,single_risk,intervention,13,182,103,0.5659,False
0.85,single_risk,intervention,22,13,10,0.7692,False
0.85,single_risk,intervention,16,49,29,0.5918,False
0.85,single_risk,intervention,12,46,43,0.9348,True
0.85,single_risk,intervention,35,36,34,0.9444,True
0.85,single_risk,intervention,36,23,8,0.3478,False
0.85,single_risk,intervention,25,19,12,0.6316,False
0.85,single_risk,intervention,33,21,4,0.1905,False
0.85,single_risk,intervention,21,7,6,0.8571,True
0.85,monotonic,intervention,39,79,54,0.6835,False
0.85,monotonic,intervention,32,65,65,1.0,True
0.85,monotonic,intervention,1,131,58,0.4427,False
0.85,monotonic,intervention,18,130,95,0.7308,False
0.85,monotonic,intervention,33,227,140,0.6167,False
0.85,monotonic,intervention,30,58,49,0.8448,True
0.85,monotonic,intervention,5,203,200,0.9852,True
0.85,monotonic,intervention,19,77,76,0.987,True
0.85,monotonic,intervention,36,65,61,0.9385,True
0.85,monotonic,intervention,20,23,6,0.2609,False
0.85,monotonic,intervention,37,27,24,0.8889,True
0.85,monotonic,intervention,10,22,16,0.7273,False
0.85,monotonic,intervention,3,138,103,0.7464,False
0.85,monotonic,intervention,13,93,81,0.871,True
0.85,monotonic,intervention,8,230,219,0.9522,True
0.85,monotonic,intervention,26,135,128,0.9481,True
0.85,monotonic,intervention,38,37,36,0.973,True
0.85,monotonic,intervention,27,225,170,0.7556,False
0.85,monotonic,intervention,0,184,151,0.8207,True
0.85,monotonic,intervention,7,90,86,0.9556,True
0.85,monotonic,intervention,2,253,103,0.4071,False
0.85,monotonic,intervention,9,118,75,0.6356,False
0.85,monotonic,intervention,35,70,32,0.4571,False
0.85,monotonic,intervention,6,219,88,0.4018,False
0.85,monotonic,intervention,12,37,17,0.4595,False
0.85,monotonic,intervention,15,140,80,0.5714,False
0.85,monotonic,intervention,16,112,64,0.5714,False
0.85,monotonic,intervention,17,49,41,0.8367,True
0.85,monotonic,intervention,25,75,70,0.9333,True
0.85,monotonic,intervention,22,11,3,0.2727,False
0.85,monotonic,intervention,21,7,3,0.4286,False
0.85,monotonic,intervention,24,19,17,0.8947,True
0.85,monotonic,intervention,29,174,97,0.5575,False
0.85,monotonic,intervention,4,38,38,1.0,True
0.85,monotonic,intervention,14,25,17,0.68,False
0.85,monotonic,intervention,34,20,11,0.55,False
0.85,monotonic,intervention,11,47,44,0.9362,True
0.85,monotonic,intervention,31,38,34,0.8947,True
0.85,monotonic,intervention,28,23,15,0.6522,False
0.85,monotonic,intervention,23,7,6,0.8571,True
0.85,both,intervention,31,53,30,0.566,False
0.85,both,intervention,6,161,152,0.9441,True
0.85,both,intervention,18,150,83,0.5533,False
0.85,both,intervention,15,169,121,0.716,False
0.85,both,intervention,19,264,186,0.7045,False
0.85,both,intervention,35,106,105,0.9906,True
0.85,both,intervention,3,173,98,0.5665,False
0.85,both,intervention,14,137,132,0.9635,True
0.85,both,intervention,8,91,81,0.8901,True
0.85,both,intervention,13,96,93,0.9688,True
0.85,both,intervention,28,113,69,0.6106,False
0.85,both,intervention,26,114,87,0.7632,False
0.85,both,intervention,16,110,103,0.9364,True
0.85,both,intervention,22,22,16,0.7273,False
0.85,both,intervention,33,107,75,0.7009,False
0.85,both,intervention,17,184,178,0.9674,True
0.85,both,intervention,10,223,170,0.7623,False
0.85,both,intervention,23,80,76,0.95,True
0.85,both,intervention,1,93,90,0.9677,True
0.85,both,intervention,7,248,104,0.4194,False
0.85,both,intervention,32,48,41,0.8542,True
0.85,both,intervention,9,71,36,0.507,False
0.85,both,intervention,12,168,78,0.4643,False
0.85,both,intervention,2,36,17,0.4722,False
0.85,both,intervention,34,125,68,0.544,False
0.85,both,intervention,36,109,64,0.5872,False
0.85,both,intervention,4,21,21,1.0,True
0.85,both,intervention,11,81,65,0.8025,True
0.85,both,intervention,0,93,89,0.957,True
0.85,both,intervention,27,11,3,0.2727,False
0.85,both,intervention,29,7,3,0.4286,False
0.85,both,intervention,38,26,24,0.9231,True
0.85,both,intervention,25,19,3,0.1579,False
0.85,both,intervention,37,39,5,0.1282,False
0.85,both,intervention,5,45,42,0.9333,True
0.85,both,intervention,21,37,35,0.9459,True
0.85,both,intervention,20,12,12,1.0,True
0.85,both,intervention,30,18,11,0.6111,False
0.85,both,intervention,24,7,6,0.8571,True
0.85,both,intervention,39,1,1,1.0,True
0.9,unconstrained,intervention,32,53,26,0.4906,False
0.9,unconstrained,intervention,25,105,104,0.9905,True
0.9,unconstrained,intervention,24,78,63,0.8077,True
0.9,unconstrained,intervention,6,111,109,0.982,True
0.9,unconstrained,intervention,35,185,148,0.8,True
0.9,unconstrained,intervention,15,87,62,0.7126,False
0.9,unconstrained,intervention,0,126,126,1.0,True
0.9,unconstrained,intervention,8,259,203,0.7838,False
0.9,unconstrained,intervention,9,122,122,1.0,True
0.9,unconstrained,intervention,34,71,70,0.9859,True
0.9,unconstrained,intervention,22,69,69,1.0,True
0.9,unconstrained,intervention,14,15,10,0.6667,False
0.9,unconstrained,intervention,16,25,25,1.0,True
0.9,unconstrained,intervention,23,101,101,1.0,True
0.9,unconstrained,intervention,4,203,190,0.936,True
0.9,unconstrained,intervention,1,106,106,1.0,True
0.9,unconstrained,intervention,2,76,75,0.9868,True
0.9,unconstrained,intervention,19,80,79,0.9875,True
0.9,unconstrained,intervention,28,19,9,0.4737,False
0.9,unconstrained,intervention,26,174,173,0.9943,True
0.9,unconstrained,intervention,17,42,42,1.0,True
0.9,unconstrained,intervention,5,190,181,0.9526,True
0.9,unconstrained,intervention,18,53,45,0.8491,True
0.9,unconstrained,intervention,36,38,38,1.0,True
0.9,unconstrained,intervention,21,48,46,0.9583,True
0.9,unconstrained,intervention,10,95,82,0.8632,True
0.9,unconstrained,intervention,39,42,31,0.7381,False
0.9,unconstrained,intervention,38,68,62,0.9118,True
0.9,unconstrained,intervention,11,117,107,0.9145,True
0.9,unconstrained,intervention,13,26,26,1.0,True
0.9,unconstrained,intervention,3,22,22,1.0,True
0.9,unconstrained,intervention,31,28,28,1.0,True
0.9,unconstrained,intervention,33,34,34,1.0,True
0.9,unconstrained,intervention,27,23,22,0.9565,True
0.9,unconstrained,intervention,20,25,25,1.0,True
0.9,unconstrained,intervention,30,17,16,0.9412,True
0.9,unconstrained,intervention,7,12,12,1.0,True
0.9,unconstrained,intervention,12,14,14,1.0,True
0.9,unconstrained,intervention,37,6,6,1.0,True
0.9,unconstrained,intervention,29,5,5,1.0,True
0.9,single_risk,intervention,29,53,28,0.5283,False
0.9,single_risk,intervention,9,111,110,0.991,True
0.9,single_risk,intervention,17,122,103,0.8443,True
0.9,single_risk,intervention,20,104,102,0.9808,True
0.9,single_risk,intervention,34,177,145,0.8192,True
0.9,single_risk,intervention,26,97,97,1.0,True
0.9,single_risk,intervention,8,255,202,0.7922,False
0.9,single_risk,intervention,4,51,51,1.0,True
0.9,single_risk,intervention,24,85,85,1.0,True
0.9,single_risk,intervention,21,90,89,0.9889,True
0.9,single_risk,intervention,25,66,66,1.0,True
0.9,single_risk,intervention,6,53,42,0.7925,False
0.9,single_risk,intervention,36,24,24,1.0,True
0.9,single_risk,intervention,22,94,94,1.0,True
0.9,single_risk,intervention,5,202,189,0.9356,True
0.9,single_risk,intervention,19,80,80,1.0,True
0.9,single_risk,intervention,0,122,120,0.9836,True
0.9,single_risk,intervention,11,57,42,0.7368,False
0.9,single_risk,intervention,13,178,177,0.9944,True
0.9,single_risk,intervention,3,47,47,1.0,True
0.9,single_risk,intervention,10,199,193,0.9698,True
0.9,single_risk,intervention,14,21,21,1.0,True
0.9,single_risk,intervention,1,62,62,1.0,True
0.9,single_risk,intervention,35,27,27,1.0,True
0.9,single_risk,intervention,28,46,44,0.9565,True
0.9,single_risk,intervention,18,53,49,0.9245,True
0.9,single_risk,intervention,33,39,30,0.7692,False
0.9,single_risk,intervention,7,142,134,0.9437,True
0.9,single_risk,intervention,12,29,29,1.0,True
0.9,single_risk,intervention,38,72,54,0.75,False
0.9,single_risk,intervention,16,35,35,1.0,True
0.9,single_risk,intervention,39,15,15,1.0,True
0.9,single_risk,intervention,15,6,6,1.0,True
0.9,single_risk,intervention,30,25,24,0.96,True
0.9,single_risk,intervention,27,26,26,1.0,True
0.9,single_risk,intervention,2,35,35,1.0,True
0.9,single_risk,intervention,32,18,17,0.9444,True
0.9,single_risk,intervention,23,9,9,1.0,True
0.9,single_risk,intervention,31,6,6,1.0,True
0.9,single_risk,intervention,37,5,5,1.0,True
0.9,monotonic,intervention,33,52,29,0.5577,False
0.9,monotonic,intervention,0,111,110,0.991,True
0.9,monotonic,intervention,3,136,120,0.8824,True
0.9,monotonic,intervention,27,98,96,0.9796,True
0.9,monotonic,intervention,39,205,168,0.8195,True
0.9,monotonic,intervention,28,105,86,0.819,True
0.9,monotonic,intervention,25,86,86,1.0,True
0.9,monotonic,intervention,26,212,170,0.8019,True
0.9,monotonic,intervention,19,39,39,1.0,True
0.9,monotonic,intervention,35,81,81,1.0,True
0.9,monotonic,intervention,8,87,87,1.0,True
0.9,monotonic,intervention,9,76,76,1.0,True
0.9,monotonic,intervention,30,15,10,0.6667,False
0.9,monotonic,intervention,21,31,31,1.0,True
0.9,monotonic,intervention,4,94,94,1.0,True
0.9,monotonic,intervention,22,183,173,0.9454,True
0.9,monotonic,intervention,18,60,60,1.0,True
0.9,monotonic,intervention,6,220,219,0.9955,True
0.9,monotonic,intervention,10,97,81,0.8351,True
0.9,monotonic,intervention,23,48,48,1.0,True
0.9,monotonic,intervention,24,182,175,0.9615,True
0.9,monotonic,intervention,5,36,36,1.0,True
0.9,monotonic,intervention,12,25,25,1.0,True
0.9,monotonic,intervention,17,44,44,1.0,True
0.9,monotonic,intervention,38,37,31,0.8378,True
0.9,monotonic,intervention,1,65,63,0.9692,True
0.9,monotonic,intervention,37,43,34,0.7907,False
0.9,monotonic,intervention,13,175,165,0.9429,True
0.9,monotonic,intervention,16,62,61,0.9839,True
0.9,monotonic,intervention,14,16,16,1.0,True
0.9,monotonic,intervention,34,15,15,1.0,True
0.9,monotonic,intervention,36,27,27,1.0,True
0.9,monotonic,intervention,15,20,20,1.0,True
0.9,monotonic,intervention,11,10,10,1.0,True
0.9,monotonic,intervention,7,26,26,1.0,True
0.9,monotonic,intervention,32,15,15,1.0,True
0.9,monotonic,intervention,20,18,17,0.9444,True
0.9,monotonic,intervention,2,17,17,1.0,True
0.9,monotonic,intervention,31,6,6,1.0,True
0.9,monotonic,intervention,29,5,5,1.0,True
0.9,both,intervention,32,51,30,0.5882,False
0.9,both,intervention,0,109,108,0.9908,True
0.9,both,intervention,8,151,134,0.8874,True
0.9,both,intervention,9,105,103,0.981,True
0.9,both,intervention,27,226,199,0.8805,True
0.9,both,intervention,12,104,104,1.0,True
0.9,both,intervention,17,90,76,0.8444,True
0.9,both,intervention,21,38,38,1.0,True
0.9,both,intervention,34,81,81,1.0,True
0.9,both,intervention,30,81,81,1.0,True
0.9,both,intervention,29,64,64,1.0,True
0.9,both,intervention,26,23,23,1.0,True
0.9,both,intervention,16,99,83,0.8384,True
0.9,both,intervention,4,104,104,1.0,True
0.9,both,intervention,1,184,174,0.9457,True
0.9,both,intervention,20,77,77,1.0,True
0.9,both,intervention,6,73,72,0.9863,True
0.9,both,intervention,18,61,60,0.9836,True
0.9,both,intervention,3,105,92,0.8762,True
0.9,both,intervention,10,41,41,1.0,True
0.9,both,intervention,11,168,164,0.9762,True
0.9,both,intervention,7,47,47,1.0,True
0.9,both,intervention,5,186,153,0.8226,True
0.9,both,intervention,14,71,69,0.9718,True
0.9,both,intervention,39,44,35,0.7955,False
0.9,both,intervention,2,159,151,0.9497,True
0.9,both,intervention,38,16,16,1.0,True
0.9,both,intervention,15,100,100,1.0,True
0.9,both,intervention,36,17,17,1.0,True
0.9,both,intervention,28,27,27,1.0,True
0.9,both,intervention,13,25,25,1.0,True
0.9,both,intervention,23,33,33,1.0,True
0.9,both,intervention,25,18,14,0.7778,False
0.9,both,intervention,19,5,5,1.0,True
0.9,both,intervention,33,26,26,1.0,True
0.9,both,intervention,31,18,17,0.9444,True
0.9,both,intervention,24,13,13,1.0,True
0.9,both,intervention,22,7,7,1.0,True
0.9,both,intervention,37,5,5,1.0,True
0.9,both,intervention,35,4,4,1.0,True
0.95,unconstrained,intervention,18,173,173,1.0,True
0.95,unconstrained,intervention,10,69,69,1.0,True
0.95,unconstrained,intervention,0,149,149,1.0,True
0.95,unconstrained,intervention,1,104,104,1.0,True
0.95,unconstrained,intervention,28,109,109,1.0,True
0.95,unconstrained,intervention,12,202,201,0.995,True
0.95,unconstrained,intervention,37,36,36,1.0,True
0.95,unconstrained,intervention,17,142,141,0.993,True
0.95,unconstrained,intervention,13,92,92,1.0,True
0.95,unconstrained,intervention,32,77,77,1.0,True
0.95,unconstrained,intervention,14,70,70,1.0,True
0.95,unconstrained,intervention,33,97,97,1.0,True
0.95,unconstrained,intervention,34,26,26,1.0,True
0.95,unconstrained,intervention,39,62,60,0.9677,True
0.95,unconstrained,intervention,8,103,103,1.0,True
0.95,unconstrained,intervention,2,188,188,1.0,True
0.95,unconstrained,intervention,16,68,68,1.0,True
0.95,unconstrained,intervention,5,78,78,1.0,True
0.95,unconstrained,intervention,31,67,67,1.0,True
0.95,unconstrained,intervention,27,43,43,1.0,True
0.95,unconstrained,intervention,6,191,191,1.0,True
0.95,unconstrained,intervention,9,30,30,1.0,True
0.95,unconstrained,intervention,15,26,26,1.0,True
0.95,unconstrained,intervention,20,49,49,1.0,True
0.95,unconstrained,intervention,7,34,34,1.0,True
0.95,unconstrained,intervention,3,106,105,0.9906,True
0.95,unconstrained,intervention,35,35,35,1.0,True
0.95,unconstrained,intervention,38,61,61,1.0,True
0.95,unconstrained,intervention,36,45,45,1.0,True
0.95,unconstrained,intervention,19,28,28,1.0,True
0.95,unconstrained,intervention,22,21,21,1.0,True
0.95,unconstrained,intervention,29,36,36,1.0,True
0.95,unconstrained,intervention,11,22,22,1.0,True
0.95,unconstrained,intervention,4,27,27,1.0,True
0.95,unconstrained,intervention,24,13,13,1.0,True
0.95,unconstrained,intervention,25,17,17,1.0,True
0.95,unconstrained,intervention,26,9,9,1.0,True
0.95,unconstrained,intervention,30,3,3,1.0,True
0.95,unconstrained,intervention,23,6,6,1.0,True
0.95,unconstrained,intervention,21,5,5,1.0,True
0.95,single_risk,intervention,15,118,118,1.0,True
0.95,single_risk,intervention,21,112,112,1.0,True
0.95,single_risk,intervention,18,135,134,0.9926,True
0.95,single_risk,intervention,7,125,125,1.0,True
0.95,single_risk,intervention,27,100,100,1.0,True
0.95,single_risk,intervention,12,216,216,1.0,True
0.95,single_risk,intervention,38,38,38,1.0,True
0.95,single_risk,intervention,5,193,193,1.0,True
0.95,single_risk,intervention,10,87,87,1.0,True
0.95,single_risk,intervention,13,86,86,1.0,True
0.95,single_risk,intervention,32,75,75,1.0,True
0.95,single_risk,intervention,26,99,99,1.0,True
0.95,single_risk,intervention,2,34,34,1.0,True
0.95,single_risk,intervention,30,64,62,0.9688,True
0.95,single_risk,intervention,3,90,90,1.0,True
0.95,single_risk,intervention,36,25,25,1.0,True
0.95,single_risk,intervention,0,193,193,1.0,True
0.95,single_risk,intervention,16,66,66,1.0,True
0.95,single_risk,intervention,14,87,87,1.0,True
0.95,single_risk,intervention,9,44,44,1.0,True
0.95,single_risk,intervention,11,188,188,1.0,True
0.95,single_risk,intervention,1,30,30,1.0,True
0.95,single_risk,intervention,28,48,48,1.0,True
0.95,single_risk,intervention,8,87,86,0.9885,True
0.95,single_risk,intervention,24,35,35,1.0,True
0.95,single_risk,intervention,39,61,61,1.0,True
0.95,single_risk,intervention,17,61,61,1.0,True
0.95,single_risk,intervention,29,17,17,1.0,True
0.95,single_risk,intervention,6,21,21,1.0,True
0.95,single_risk,intervention,19,16,16,1.0,True
0.95,single_risk,intervention,34,30,30,1.0,True
0.95,single_risk,intervention,20,25,25,1.0,True
0.95,single_risk,intervention,37,21,21,1.0,True
0.95,single_risk,intervention,22,26,26,1.0,True
0.95,single_risk,intervention,35,25,25,1.0,True
0.95,single_risk,intervention,25,15,15,1.0,True
0.95,single_risk,intervention,4,12,12,1.0,True
0.95,single_risk,intervention,23,6,6,1.0,True
0.95,single_risk,intervention,31,5,5,1.0,True
0.95,single_risk,intervention,33,2,2,1.0,True
0.95,monotonic,intervention,14,106,106,1.0,True
0.95,monotonic,intervention,4,69,69,1.0,True
0.95,monotonic,intervention,25,119,119,1.0,True
0.95,monotonic,intervention,2,109,109,1.0,True
0.95,monotonic,intervention,30,87,87,1.0,True
0.95,monotonic,intervention,12,187,186,0.9947,True
0.95,monotonic,intervention,24,40,40,1.0,True
0.95,monotonic,intervention,5,95,95,1.0,True
0.95,monotonic,intervention,17,189,188,0.9947,True
0.95,monotonic,intervention,26,75,75,1.0,True
0.95,monotonic,intervention,31,78,78,1.0,True
0.95,monotonic,intervention,36,96,96,1.0,True
0.95,monotonic,intervention,3,27,27,1.0,True
0.95,monotonic,intervention,0,128,126,0.9844,True
0.95,monotonic,intervention,8,32,32,1.0,True
0.95,monotonic,intervention,21,122,121,0.9918,True
0.95,monotonic,intervention,6,73,73,1.0,True
0.95,monotonic,intervention,16,57,57,1.0,True
0.95,monotonic,intervention,7,122,122,1.0,True
0.95,monotonic,intervention,28,71,71,1.0,True
0.95,monotonic,intervention,13,48,48,1.0,True
0.95,monotonic,intervention,9,184,184,1.0,True
0.95,monotonic,intervention,10,27,27,1.0,True
0.95,monotonic,intervention,15,27,27,1.0,True
0.95,monotonic,intervention,39,65,65,1.0,True
0.95,monotonic,intervention,11,50,50,1.0,True
0.95,monotonic,intervention,35,29,29,1.0,True
0.95,monotonic,intervention,37,34,34,1.0,True
0.95,monotonic,intervention,33,61,61,1.0,True
0.95,monotonic,intervention,19,68,68,1.0,True
0.95,monotonic,intervention,22,28,28,1.0,True
0.95,monotonic,intervention,29,8,8,1.0,True
0.95,monotonic,intervention,1,41,41,1.0,True
0.95,monotonic,intervention,20,28,28,1.0,True
0.95,monotonic,intervention,18,32,32,1.0,True
0.95,monotonic,intervention,34,26,26,1.0,True
0.95,monotonic,intervention,32,16,16,1.0,True
0.95,monotonic,intervention,38,10,10,1.0,True
0.95,monotonic,intervention,23,6,6,1.0,True
0.95,monotonic,intervention,27,5,5,1.0,True
0.95,both,intervention,1,175,175,1.0,True
0.95,both,intervention,4,109,109,1.0,True
0.95,both,intervention,20,125,125,1.0,True
0.95,both,intervention,3,135,135,1.0,True
0.95,both,intervention,12,82,82,1.0,True
0.95,both,intervention,37,98,98,1.0,True
0.95,both,intervention,9,63,63,1.0,True
0.95,both,intervention,7,107,107,1.0,True
0.95,both,intervention,32,132,131,0.9924,True
0.95,both,intervention,13,79,79,1.0,True
0.95,both,intervention,34,64,64,1.0,True
0.95,both,intervention,36,23,23,1.0,True
0.95,both,intervention,33,63,61,0.9683,True
0.95,both,intervention,18,94,94,1.0,True
0.95,both,intervention,10,132,131,0.9924,True
0.95,both,intervention,26,89,89,1.0,True
0.95,both,intervention,24,74,74,1.0,True
0.95,both,intervention,17,83,83,1.0,True
0.95,both,intervention,5,114,114,1.0,True
0.95,both,intervention,19,47,47,1.0,True
0.95,both,intervention,11,178,178,1.0,True
0.95,both,intervention,2,24,24,1.0,True
0.95,both,intervention,0,25,25,1.0,True
0.95,both,intervention,16,34,34,1.0,True
0.95,both,intervention,6,152,152,1.0,True
0.95,both,intervention,38,51,51,1.0,True
0.95,both,intervention,28,34,34,1.0,True
0.95,both,intervention,15,61,61,1.0,True
0.95,both,intervention,14,49,49,1.0,True
0.95,both,intervention,35,24,24,1.0,True
0.95,both,intervention,30,8,8,1.0,True
0.95,both,intervention,22,34,34,1.0,True
0.95,both,intervention,29,6,6,1.0,True
0.95,both,intervention,31,26,26,1.0,True
0.95,both,intervention,39,19,19,1.0,True
0.95,both,intervention,8,26,26,1.0,True
0.95,both,intervention,21,8,8,1.0,True
0.95,both,intervention,25,16,16,1.0,True
0.95,both,intervention,23,6,6,1.0,True
0.95,both,intervention,27,5,5,1.0,True
EDGE,unconstrained,all_concepts,11,406,406,1.0,True
EDGE,unconstrained,all_concepts,4,326,326,1.0,True
EDGE,unconstrained,all_concepts,34,163,163,1.0,True
EDGE,unconstrained,all_concepts,8,475,475,1.0,True
EDGE,unconstrained,all_concepts,16,346,346,1.0,True
EDGE,unconstrained,all_concepts,39,126,126,1.0,True
EDGE,unconstrained,all_concepts,36,380,380,1.0,True
EDGE,unconstrained,all_concepts,2,530,530,1.0,True
EDGE,unconstrained,all_concepts,5,533,533,1.0,True
EDGE,unconstrained,all_concepts,32,27,27,1.0,True
EDGE,unconstrained,all_concepts,14,1139,1139,1.0,True
EDGE,unconstrained,all_concepts,30,162,162,1.0,True
EDGE,unconstrained,all_concepts,37,344,344,1.0,True
EDGE,unconstrained,all_concepts,22,668,668,1.0,True
EDGE,unconstrained,all_concepts,3,539,539,1.0,True
EDGE,unconstrained,all_concepts,20,472,472,1.0,True
EDGE,unconstrained,all_concepts,9,677,677,1.0,True
EDGE,unconstrained,all_concepts,6,490,490,1.0,True
EDGE,unconstrained,all_concepts,17,155,155,1.0,True
EDGE,unconstrained,all_concepts,1,562,562,1.0,True
EDGE,unconstrained,all_concepts,0,251,251,1.0,True
EDGE,unconstrained,all_concepts,28,89,89,1.0,True
EDGE,unconstrained,all_concepts,10,913,913,1.0,True
EDGE,unconstrained,all_concepts,19,393,393,1.0,True
EDGE,unconstrained,all_concepts,15,159,159,1.0,True
EDGE,unconstrained,all_concepts,13,284,284,1.0,True
EDGE,unconstrained,all_concepts,18,258,258,1.0,True
EDGE,unconstrained,all_concepts,7,271,271,1.0,True
EDGE,unconstrained,all_concepts,24,113,113,1.0,True
EDGE,unconstrained,all_concepts,23,44,44,1.0,True
EDGE,unconstrained,all_concepts,21,201,201,1.0,True
EDGE,unconstrained,all_concepts,31,16,16,1.0,True
EDGE,unconstrained,all_concepts,12,38,38,1.0,True
EDGE,unconstrained,all_concepts,27,24,24,1.0,True
EDGE,unconstrained,all_concepts,33,22,22,1.0,True
EDGE,unconstrained,all_concepts,35,56,56,1.0,True
EDGE,unconstrained,all_concepts,38,44,44,1.0,True
EDGE,unconstrained,all_concepts,26,72,72,1.0,True
EDGE,unconstrained,all_concepts,25,14,14,1.0,True
EDGE,unconstrained,all_concepts,29,1,1,1.0,True
EDGE,single_risk,all_concepts,39,307,307,1.0,True
EDGE,single_risk,all_concepts,21,358,358,1.0,True
EDGE,single_risk,all_concepts,4,172,172,1.0,True
EDGE,single_risk,all_concepts,31,353,353,1.0,True
EDGE,single_risk,all_concepts,37,131,131,1.0,True
EDGE,single_risk,all_concepts,14,432,432,1.0,True
EDGE,single_risk,all_concepts,15,284,284,1.0,True
EDGE,single_risk,all_concepts,9,739,739,1.0,True
EDGE,single_risk,all_concepts,11,68,68,1.0,True
EDGE,single_risk,all_concepts,3,1017,1017,1.0,True
EDGE,single_risk,all_concepts,28,120,120,1.0,True
EDGE,single_risk,all_concepts,19,578,578,1.0,True
EDGE,single_risk,all_concepts,10,524,524,1.0,True
EDGE,single_risk,all_concepts,20,347,347,1.0,True
EDGE,single_risk,all_concepts,24,601,601,1.0,True
EDGE,single_risk,all_concepts,32,258,258,1.0,True
EDGE,single_risk,all_concepts,2,270,270,1.0,True
EDGE,single_risk,all_concepts,5,483,483,1.0,True
EDGE,single_risk,all_concepts,13,607,607,1.0,True
EDGE,single_risk,all_concepts,16,595,595,1.0,True
EDGE,single_risk,all_concepts,18,197,197,1.0,True
EDGE,single_risk,all_concepts,8,301,301,1.0,True
EDGE,single_risk,all_concepts,30,90,90,1.0,True
EDGE,single_risk,all_concepts,0,766,766,1.0,True
EDGE,single_risk,all_concepts,17,193,193,1.0,True
EDGE,single_risk,all_concepts,38,201,201,1.0,True
EDGE,single_risk,all_concepts,27,232,232,1.0,True
EDGE,single_risk,all_concepts,22,69,69,1.0,True
EDGE,single_risk,all_concepts,29,75,75,1.0,True
EDGE,single_risk,all_concepts,7,582,582,1.0,True
EDGE,single_risk,all_concepts,33,121,121,1.0,True
EDGE,single_risk,all_concepts,36,36,36,1.0,True
EDGE,single_risk,all_concepts,6,307,307,1.0,True
EDGE,single_risk,all_concepts,26,38,38,1.0,True
EDGE,single_risk,all_concepts,23,16,16,1.0,True
EDGE,single_risk,all_concepts,34,82,82,1.0,True
EDGE,single_risk,all_concepts,25,22,22,1.0,True
EDGE,single_risk,all_concepts,12,49,49,1.0,True
EDGE,single_risk,all_concepts,35,75,75,1.0,True
EDGE,single_risk,all_concepts,1,26,26,1.0,True
EDGE,monotonic,all_concepts,32,116,116,1.0,True
EDGE,monotonic,all_concepts,5,436,436,1.0,True
EDGE,monotonic,all_concepts,33,419,419,1.0,True
EDGE,monotonic,all_concepts,7,357,357,1.0,True
EDGE,monotonic,all_concepts,38,130,130,1.0,True
EDGE,monotonic,all_concepts,34,311,311,1.0,True
EDGE,monotonic,all_concepts,15,377,377,1.0,True
EDGE,monotonic,all_concepts,2,530,530,1.0,True
EDGE,monotonic,all_concepts,13,888,888,1.0,True
EDGE,monotonic,all_concepts,3,75,75,1.0,True
EDGE,monotonic,all_concepts,1,766,766,1.0,True
EDGE,monotonic,all_concepts,24,137,137,1.0,True
EDGE,monotonic,all_concepts,6,560,560,1.0,True
EDGE,monotonic,all_concepts,19,379,379,1.0,True
EDGE,monotonic,all_concepts,10,526,526,1.0,True
EDGE,monotonic,all_concepts,12,563,563,1.0,True
EDGE,monotonic,all_concepts,4,477,477,1.0,True
EDGE,monotonic,all_concepts,27,828,828,1.0,True
EDGE,monotonic,all_concepts,0,678,678,1.0,True
EDGE,monotonic,all_concepts,9,254,254,1.0,True
EDGE,monotonic,all_concepts,11,181,181,1.0,True
EDGE,monotonic,all_concepts,25,320,320,1.0,True
EDGE,monotonic,all_concepts,14,367,367,1.0,True
EDGE,monotonic,all_concepts,8,268,268,1.0,True
EDGE,monotonic,all_concepts,16,453,453,1.0,True
EDGE,monotonic,all_concepts,18,242,242,1.0,True
EDGE,monotonic,all_concepts,30,205,205,1.0,True
EDGE,monotonic,all_concepts,17,36,36,1.0,True
EDGE,monotonic,all_concepts,35,39,39,1.0,True
EDGE,monotonic,all_concepts,22,37,37,1.0,True
EDGE,monotonic,all_concepts,26,128,128,1.0,True
EDGE,monotonic,all_concepts,23,16,16,1.0,True
EDGE,monotonic,all_concepts,31,156,156,1.0,True
EDGE,monotonic,all_concepts,36,39,39,1.0,True
EDGE,monotonic,all_concepts,21,18,18,1.0,True
EDGE,monotonic,all_concepts,20,79,79,1.0,True
EDGE,monotonic,all_concepts,29,16,16,1.0,True
EDGE,monotonic,all_concepts,28,44,44,1.0,True
EDGE,monotonic,all_concepts,39,14,14,1.0,True
EDGE,monotonic,all_concepts,37,1,1,1.0,True
EDGE,both,all_concepts,10,372,372,1.0,True
EDGE,both,all_concepts,20,360,360,1.0,True
EDGE,both,all_concepts,36,210,210,1.0,True
EDGE,both,all_concepts,19,370,370,1.0,True
EDGE,both,all_concepts,29,125,125,1.0,True
EDGE,both,all_concepts,4,618,618,1.0,True
EDGE,both,all_concepts,32,244,244,1.0,True
EDGE,both,all_concepts,15,826,826,1.0,True
EDGE,both,all_concepts,35,16,16,1.0,True
EDGE,both,all_concepts,17,463,463,1.0,True
EDGE,both,all_concepts,38,765,765,1.0,True
EDGE,both,all_concepts,24,130,130,1.0,True
EDGE,both,all_concepts,1,835,835,1.0,True
EDGE,both,all_concepts,14,393,393,1.0,True
EDGE,both,all_concepts,0,460,460,1.0,True
EDGE,both,all_concepts,9,508,508,1.0,True
EDGE,both,all_concepts,5,464,464,1.0,True
EDGE,both,all_concepts,12,555,555,1.0,True
EDGE,both,all_concepts,6,673,673,1.0,True
EDGE,both,all_concepts,11,142,142,1.0,True
EDGE,both,all_concepts,8,552,552,1.0,True
EDGE,both,all_concepts,25,300,300,1.0,True
EDGE,both,all_concepts,26,198,198,1.0,True
EDGE,both,all_concepts,39,175,175,1.0,True
EDGE,both,all_concepts,16,212,212,1.0,True
EDGE,both,all_concepts,22,251,251,1.0,True
EDGE,both,all_concepts,30,72,72,1.0,True
EDGE,both,all_concepts,13,88,88,1.0,True
EDGE,both,all_concepts,3,312,312,1.0,True
EDGE,both,all_concepts,27,32,32,1.0,True
EDGE,both,all_concepts,2,278,278,1.0,True
EDGE,both,all_concepts,21,41,41,1.0,True
EDGE,both,all_concepts,31,130,130,1.0,True
EDGE,both,all_concepts,23,16,16,1.0,True
EDGE,both,all_concepts,18,130,130,1.0,True
EDGE,both,all_concepts,33,38,38,1.0,True
EDGE,both,all_concepts,28,19,19,1.0,True
EDGE,both,all_concepts,7,30,30,1.0,True
EDGE,both,all_concepts,37,25,25,1.0,True
EDGE,both,all_concepts,34,38,38,1.0,True
0.8,unconstrained,all_concepts,1,2859,1961,0.6859,False
0.8,unconstrained,all_concepts,7,982,801,0.8157,True
0.8,unconstrained,all_concepts,14,844,506,0.5995,False
0.8,unconstrained,all_concepts,11,249,102,0.4096,False
0.8,unconstrained,all_concepts,37,338,233,0.6893,False
0.8,unconstrained,all_concepts,2,1232,217,0.1761,False
0.8,unconstrained,all_concepts,25,707,433,0.6124,False
0.8,unconstrained,all_concepts,16,687,380,0.5531,False
0.8,unconstrained,all_concepts,21,445,124,0.2787,False
0.8,unconstrained,all_concepts,6,876,324,0.3699,False
0.8,unconstrained,all_concepts,18,318,45,0.1415,False
0.8,unconstrained,all_concepts,30,499,114,0.2285,False
0.8,unconstrained,all_concepts,8,1412,308,0.2181,False
0.8,unconstrained,all_concepts,4,1816,531,0.2924,False
0.8,unconstrained,all_concepts,23,279,91,0.3262,False
0.8,unconstrained,all_concepts,36,281,16,0.0569,False
0.8,unconstrained,all_concepts,38,646,354,0.548,False
0.8,unconstrained,all_concepts,35,269,74,0.2751,False
0.8,unconstrained,all_concepts,19,703,242,0.3442,False
0.8,unconstrained,all_concepts,5,665,363,0.5459,False
0.8,unconstrained,all_concepts,3,531,178,0.3352,False
0.8,unconstrained,all_concepts,10,1233,478,0.3877,False
0.8,unconstrained,all_concepts,33,261,49,0.1877,False
0.8,unconstrained,all_concepts,12,1043,480,0.4602,False
0.8,unconstrained,all_concepts,26,208,135,0.649,False
0.8,unconstrained,all_concepts,17,501,92,0.1836,False
0.8,unconstrained,all_concepts,15,231,122,0.5281,False
0.8,unconstrained,all_concepts,28,121,51,0.4215,False
0.8,unconstrained,all_concepts,9,434,134,0.3088,False
0.8,unconstrained,all_concepts,0,2864,2236,0.7807,False
0.8,unconstrained,all_concepts,22,86,40,0.4651,False
0.8,unconstrained,all_concepts,39,101,43,0.4257,False
0.8,unconstrained,all_concepts,29,87,24,0.2759,False
0.8,unconstrained,all_concepts,27,145,27,0.1862,False
0.8,unconstrained,all_concepts,13,154,80,0.5195,False
0.8,unconstrained,all_concepts,31,52,1,0.0192,False
0.8,unconstrained,all_concepts,24,50,11,0.22,False
0.8,unconstrained,all_concepts,34,15,7,0.4667,False
0.8,unconstrained,all_concepts,20,31,12,0.3871,False
0.8,unconstrained,all_concepts,32,5,4,0.8,True
0.8,single_risk,all_concepts,16,1385,1235,0.8917,True
0.8,single_risk,all_concepts,18,1313,1057,0.805,True
0.8,single_risk,all_concepts,34,886,416,0.4695,False
0.8,single_risk,all_concepts,1,2613,2051,0.7849,False
0.8,single_risk,all_concepts,5,553,294,0.5316,False
0.8,single_risk,all_concepts,30,137,66,0.4818,False
0.8,single_risk,all_concepts,13,251,118,0.4701,False
0.8,single_risk,all_concepts,35,429,263,0.6131,False
0.8,single_risk,all_concepts,6,937,211,0.2252,False
0.8,single_risk,all_concepts,21,575,348,0.6052,False
0.8,single_risk,all_concepts,23,369,125,0.3388,False
0.8,single_risk,all_concepts,4,357,77,0.2157,False
0.8,single_risk,all_concepts,15,415,119,0.2867,False
0.8,single_risk,all_concepts,12,1307,338,0.2586,False
0.8,single_risk,all_concepts,7,1304,351,0.2692,False
0.8,single_risk,all_concepts,19,107,15,0.1402,False
0.8,single_risk,all_concepts,3,421,67,0.1591,False
0.8,single_risk,all_concepts,33,246,76,0.3089,False
0.8,single_risk,all_concepts,22,713,282,0.3955,False
0.8,single_risk,all_concepts,8,1005,474,0.4716,False
0.8,single_risk,all_concepts,25,186,136,0.7312,False
0.8,single_risk,all_concepts,11,493,234,0.4746,False
0.8,single_risk,all_concepts,2,1332,601,0.4512,False
0.8,single_risk,all_concepts,9,568,213,0.375,False
0.8,single_risk,all_concepts,10,524,317,0.605,False
0.8,single_risk,all_concepts,14,425,87,0.2047,False
0.8,single_risk,all_concepts,27,227,130,0.5727,False
0.8,single_risk,all_concepts,28,134,61,0.4552,False
0.8,single_risk,all_concepts,0,197,87,0.4416,False
0.8,single_risk,all_concepts,17,1660,1275,0.7681,False
0.8,single_risk,all_concepts,26,81,41,0.5062,False
0.8,single_risk,all_concepts,20,92,43,0.4674,False
0.8,single_risk,all_concepts,36,159,59,0.3711,False
0.8,single_risk,all_concepts,24,213,39,0.1831,False
0.8,single_risk,all_concepts,29,88,30,0.3409,False
0.8,single_risk,all_concepts,32,21,8,0.381,False
0.8,single_risk,all_concepts,31,43,1,0.0233,False
0.8,single_risk,all_concepts,39,48,10,0.2083,False
0.8,single_risk,all_concepts,38,11,4,0.3636,False
0.8,single_risk,all_concepts,37,31,12,0.3871,False
0.8,monotonic,all_concepts,8,1312,1160,0.8841,True
0.8,monotonic,all_concepts,5,1244,1045,0.84,True
0.8,monotonic,all_concepts,0,3029,2157,0.7121,False
0.8,monotonic,all_concepts,35,113,66,0.5841,False
0.8,monotonic,all_concepts,15,371,352,0.9488,True
0.8,monotonic,all_concepts,9,476,339,0.7122,False
0.8,monotonic,all_concepts,2,906,224,0.2472,False
0.8,monotonic,all_concepts,3,567,362,0.6384,False
0.8,monotonic,all_concepts,11,357,125,0.3501,False
0.8,monotonic,all_concepts,37,306,58,0.1895,False
0.8,monotonic,all_concepts,1,638,224,0.3511,False
0.8,monotonic,all_concepts,19,750,177,0.236,False
0.8,monotonic,all_concepts,26,1150,371,0.3226,False
0.8,monotonic,all_concepts,16,1708,760,0.445,False
0.8,monotonic,all_concepts,24,214,37,0.1729,False
0.8,monotonic,all_concepts,23,254,20,0.0787,False
0.8,monotonic,all_concepts,30,177,70,0.3955,False
0.8,monotonic,all_concepts,10,989,399,0.4034,False
0.8,monotonic,all_concepts,22,363,199,0.5482,False
0.8,monotonic,all_concepts,14,853,378,0.4431,False
0.8,monotonic,all_concepts,36,185,42,0.227,False
0.8,monotonic,all_concepts,32,180,136,0.7556,False
0.8,monotonic,all_concepts,12,679,299,0.4404,False
0.8,monotonic,all_concepts,7,517,321,0.6209,False
0.8,monotonic,all_concepts,13,221,133,0.6018,False
0.8,monotonic,all_concepts,6,1574,1222,0.7764,False
0.8,monotonic,all_concepts,38,121,63,0.5207,False
0.8,monotonic,all_concepts,4,345,133,0.3855,False
0.8,monotonic,all_concepts,21,57,33,0.5789,False
0.8,monotonic,all_concepts,17,96,47,0.4896,False
0.8,monotonic,all_concepts,29,313,50,0.1597,False
0.8,monotonic,all_concepts,33,109,24,0.2202,False
0.8,monotonic,all_concepts,18,81,31,0.3827,False
0.8,monotonic,all_concepts,25,19,8,0.4211,False
0.8,monotonic,all_concepts,31,45,1,0.0222,False
0.8,monotonic,all_concepts,20,49,10,0.2041,False
0.8,monotonic,all_concepts,28,32,13,0.4062,False
0.8,monotonic,all_concepts,39,22,2,0.0909,False
0.8,monotonic,all_concepts,27,8,7,0.875,True
0.8,monotonic,all_concepts,34,14,14,1.0,True
0.8,both,all_concepts,2,1928,1597,0.8283,True
0.8,both,all_concepts,22,521,408,0.7831,False
0.8,both,all_concepts,1,738,614,0.832,True
0.8,both,all_concepts,8,734,190,0.2589,False
0.8,both,all_concepts,31,733,383,0.5225,False
0.8,both,all_concepts,4,1088,921,0.8465,True
0.8,both,all_concepts,25,159,44,0.2767,False
0.8,both,all_concepts,14,886,378,0.4266,False
0.8,both,all_concepts,24,278,53,0.1906,False
0.8,both,all_concepts,6,1553,542,0.349,False
0.8,both,all_concepts,0,497,260,0.5231,False
0.8,both,all_concepts,13,1398,1105,0.7904,False
0.8,both,all_concepts,11,391,109,0.2788,False
0.8,both,all_concepts,17,206,124,0.6019,False
0.8,both,all_concepts,20,959,321,0.3347,False
0.8,both,all_concepts,23,116,28,0.2414,False
0.8,both,all_concepts,3,840,444,0.5286,False
0.8,both,all_concepts,5,600,415,0.6917,False
0.8,both,all_concepts,16,892,452,0.5067,False
0.8,both,all_concepts,7,1462,1331,0.9104,True
0.8,both,all_concepts,12,287,123,0.4286,False
0.8,both,all_concepts,36,179,28,0.1564,False
0.8,both,all_concepts,28,93,14,0.1505,False
0.8,both,all_concepts,39,111,29,0.2613,False
0.8,both,all_concepts,32,224,19,0.0848,False
0.8,both,all_concepts,19,164,64,0.3902,False
0.8,both,all_concepts,10,377,205,0.5438,False
0.8,both,all_concepts,9,520,275,0.5288,False
0.8,both,all_concepts,26,89,42,0.4719,False
0.8,both,all_concepts,27,58,18,0.3103,False
0.8,both,all_concepts,38,74,30,0.4054,False
0.8,both,all_concepts,15,261,114,0.4368,False
0.8,both,all_concepts,30,112,60,0.5357,False
0.8,both,all_concepts,18,140,49,0.35,False
0.8,both,all_concepts,35,272,198,0.7279,False
0.8,both,all_concepts,29,55,35,0.6364,False
0.8,both,all_concepts,34,42,12,0.2857,False
0.8,both,all_concepts,21,107,42,0.3925,False
0.8,both,all_concepts,33,13,12,0.9231,True
0.8,both,all_concepts,37,48,10,0.2083,False
0.85,unconstrained,all_concepts,12,281,160,0.5694,False
0.85,unconstrained,all_concepts,1,808,683,0.8453,True
0.85,unconstrained,all_concepts,11,699,404,0.578,False
0.85,unconstrained,all_concepts,21,618,436,0.7055,False
0.85,unconstrained,all_concepts,8,804,198,0.2463,False
0.85,unconstrained,all_concepts,33,85,41,0.4824,False
0.85,unconstrained,all_concepts,19,332,264,0.7952,False
0.85,unconstrained,all_concepts,28,155,56,0.3613,False
0.85,unconstrained,all_concepts,0,913,373,0.4085,False
0.85,unconstrained,all_concepts,10,647,564,0.8717,True
0.85,unconstrained,all_concepts,35,253,19,0.0751,False
0.85,unconstrained,all_concepts,14,1704,1469,0.8621,True
0.85,unconstrained,all_concepts,9,477,222,0.4654,False
0.85,unconstrained,all_concepts,4,452,374,0.8274,True
0.85,unconstrained,all_concepts,15,1068,406,0.3801,False
0.85,unconstrained,all_concepts,24,590,297,0.5034,False
0.85,unconstrained,all_concepts,38,375,202,0.5387,False
0.85,unconstrained,all_concepts,3,1595,1475,0.9248,True
0.85,unconstrained,all_concepts,18,140,47,0.3357,False
0.85,unconstrained,all_concepts,7,981,263,0.2681,False
0.85,unconstrained,all_concepts,13,413,102,0.247,False
0.85,unconstrained,all_concepts,17,915,553,0.6044,False
0.85,unconstrained,all_concepts,36,265,126,0.4755,False
0.85,unconstrained,all_concepts,26,501,342,0.6826,False
0.85,unconstrained,all_concepts,29,175,29,0.1657,False
0.85,unconstrained,all_concepts,2,217,69,0.318,False
0.85,unconstrained,all_concepts,32,217,73,0.3364,False
0.85,unconstrained,all_concepts,16,583,323,0.554,False
0.85,unconstrained,all_concepts,37,180,109,0.6056,False
0.85,unconstrained,all_concepts,34,1135,948,0.8352,True
0.85,unconstrained,all_concepts,5,634,308,0.4858,False
0.85,unconstrained,all_concepts,20,557,409,0.7343,False
0.85,unconstrained,all_concepts,30,18,8,0.4444,False
0.85,unconstrained,all_concepts,6,241,177,0.7344,False
0.85,unconstrained,all_concepts,23,68,38,0.5588,False
0.85,unconstrained,all_concepts,22,54,32,0.5926,False
0.85,unconstrained,all_concepts,27,119,20,0.1681,False
0.85,unconstrained,all_concepts,31,48,1,0.0208,False
0.85,unconstrained,all_concepts,39,32,10,0.3125,False
0.85,unconstrained,all_concepts,25,9,9,1.0,True
0.85,single_risk,all_concepts,15,250,166,0.664,False
0.85,single_risk,all_concepts,3,467,432,0.9251,True
0.85,single_risk,all_concepts,12,255,233,0.9137,True
0.85,single_risk,all_concepts,21,596,199,0.3339,False
0.85,single_risk,all_concepts,39,430,312,0.7256,False
0.85,single_risk,all_concepts,38,72,41,0.5694,False
0.85,single_risk,all_concepts,5,734,567,0.7725,False
0.85,single_risk,all_concepts,6,683,479,0.7013,False
0.85,single_risk,all_concepts,0,816,403,0.4939,False
0.85,single_risk,all_concepts,10,497,428,0.8612,True
0.85,single_risk,all_concepts,32,193,18,0.0933,False
0.85,single_risk,all_concepts,33,1589,1430,0.8999,True
0.85,single_risk,all_concepts,1,566,347,0.6131,False
0.85,single_risk,all_concepts,11,617,549,0.8898,True
0.85,single_risk,all_concepts,7,1053,440,0.4179,False
0.85,single_risk,all_concepts,17,430,269,0.6256,False
0.85,single_risk,all_concepts,8,481,257,0.5343,False
0.85,single_risk,all_concepts,9,625,376,0.6016,False
0.85,single_risk,all_concepts,16,1383,1314,0.9501,True
0.85,single_risk,all_concepts,14,633,605,0.9558,True
0.85,single_risk,all_concepts,2,1556,773,0.4968,False
0.85,single_risk,all_concepts,19,468,268,0.5726,False
0.85,single_risk,all_concepts,4,548,379,0.6916,False
0.85,single_risk,all_concepts,27,252,126,0.5,False
0.85,single_risk,all_concepts,13,750,629,0.8387,True
0.85,single_risk,all_concepts,29,86,13,0.1512,False
0.85,single_risk,all_concepts,24,86,29,0.3372,False
0.85,single_risk,all_concepts,28,195,74,0.3795,False
0.85,single_risk,all_concepts,26,66,19,0.2879,False
0.85,single_risk,all_concepts,23,68,41,0.6029,False
0.85,single_risk,all_concepts,25,316,88,0.2785,False
0.85,single_risk,all_concepts,20,100,57,0.57,False
0.85,single_risk,all_concepts,36,112,51,0.4554,False
0.85,single_risk,all_concepts,18,125,91,0.728,False
0.85,single_risk,all_concepts,37,60,12,0.2,False
0.85,single_risk,all_concepts,34,50,39,0.78,False
0.85,single_risk,all_concepts,35,18,15,0.8333,True
0.85,single_risk,all_concepts,30,25,20,0.8,True
0.85,single_risk,all_concepts,22,31,10,0.3226,False
0.85,single_risk,all_concepts,31,34,1,0.0294,False
0.85,monotonic,all_concepts,31,173,117,0.6763,False
0.85,monotonic,all_concepts,30,388,343,0.884,True
0.85,monotonic,all_concepts,17,274,258,0.9416,True
0.85,monotonic,all_concepts,20,593,189,0.3187,False
0.85,monotonic,all_concepts,35,420,313,0.7452,False
0.85,monotonic,all_concepts,14,383,317,0.8277,True
0.85,monotonic,all_concepts,13,610,455,0.7459,False
0.85,monotonic,all_concepts,9,584,351,0.601,False
0.85,monotonic,all_concepts,33,237,79,0.3333,False
0.85,monotonic,all_concepts,8,531,482,0.9077,True
0.85,monotonic,all_concepts,21,221,11,0.0498,False
0.85,monotonic,all_concepts,11,1665,1508,0.9057,True
0.85,monotonic,all_concepts,22,87,87,1.0,True
0.85,monotonic,all_concepts,24,966,445,0.4607,False
0.85,monotonic,all_concepts,34,152,126,0.8289,True
0.85,monotonic,all_concepts,5,668,425,0.6362,False
0.85,monotonic,all_concepts,1,1082,476,0.4399,False
0.85,monotonic,all_concepts,18,458,289,0.631,False
0.85,monotonic,all_concepts,0,1321,1256,0.9508,True
0.85,monotonic,all_concepts,4,1316,1145,0.8701,True
0.85,monotonic,all_concepts,2,563,314,0.5577,False
0.85,monotonic,all_concepts,19,780,497,0.6372,False
0.85,monotonic,all_concepts,37,66,26,0.3939,False
0.85,monotonic,all_concepts,23,148,93,0.6284,False
0.85,monotonic,all_concepts,27,477,368,0.7715,False
0.85,monotonic,all_concepts,32,84,13,0.1548,False
0.85,monotonic,all_concepts,15,99,31,0.3131,False
0.85,monotonic,all_concepts,10,227,139,0.6123,False
0.85,monotonic,all_concepts,6,292,267,0.9144,True
0.85,monotonic,all_concepts,3,106,80,0.7547,False
0.85,monotonic,all_concepts,12,495,347,0.701,False
0.85,monotonic,all_concepts,26,136,99,0.7279,False
0.85,monotonic,all_concepts,25,224,49,0.2188,False
0.85,monotonic,all_concepts,16,83,52,0.6265,False
0.85,monotonic,all_concepts,29,108,52,0.4815,False
0.85,monotonic,all_concepts,38,22,8,0.3636,False
0.85,monotonic,all_concepts,28,157,134,0.8535,True
0.85,monotonic,all_concepts,36,61,44,0.7213,False
0.85,monotonic,all_concepts,7,140,41,0.2929,False
0.85,monotonic,all_concepts,39,31,10,0.3226,False
0.85,both,all_concepts,18,167,117,0.7006,False
0.85,both,all_concepts,26,385,363,0.9429,True
0.85,both,all_concepts,10,278,265,0.9532,True
0.85,both,all_concepts,33,522,195,0.3736,False
0.85,both,all_concepts,11,465,350,0.7527,False
0.85,both,all_concepts,15,622,512,0.8232,True
0.85,both,all_concepts,20,520,388,0.7462,False
0.85,both,all_concepts,3,735,409,0.5565,False
0.85,both,all_concepts,12,557,501,0.8995,True
0.85,both,all_concepts,6,1739,1613,0.9275,True
0.85,both,all_concepts,5,974,478,0.4908,False
0.85,both,all_concepts,36,168,147,0.875,True
0.85,both,all_concepts,23,849,601,0.7079,False
0.85,both,all_concepts,4,1062,521,0.4906,False
0.85,both,all_concepts,24,768,737,0.9596,True
0.85,both,all_concepts,2,1156,1032,0.8927,True
0.85,both,all_concepts,8,717,459,0.6402,False
0.85,both,all_concepts,39,411,261,0.635,False
0.85,both,all_concepts,16,646,613,0.9489,True
0.85,both,all_concepts,21,46,20,0.4348,False
0.85,both,all_concepts,28,199,112,0.5628,False
0.85,both,all_concepts,13,426,343,0.8052,True
0.85,both,all_concepts,27,73,11,0.1507,False
0.85,both,all_concepts,9,84,30,0.3571,False
0.85,both,all_concepts,31,158,8,0.0506,False
0.85,both,all_concepts,0,479,363,0.7578,False
0.85,both,all_concepts,1,191,132,0.6911,False
0.85,both,all_concepts,25,258,80,0.3101,False
0.85,both,all_concepts,32,141,72,0.5106,False
0.85,both,all_concepts,7,173,155,0.896,True
0.85,both,all_concepts,38,88,55,0.625,False
0.85,both,all_concepts,17,88,54,0.6136,False
0.85,both,all_concepts,30,155,138,0.8903,True
0.85,both,all_concepts,14,147,115,0.7823,False
0.85,both,all_concepts,37,46,12,0.2609,False
0.85,both,all_concepts,19,32,32,1.0,True
0.85,both,all_concepts,35,14,5,0.3571,False
0.85,both,all_concepts,29,18,15,0.8333,True
0.85,both,all_concepts,22,31,10,0.3226,False
0.85,both,all_concepts,34,11,11,1.0,True
0.9,unconstrained,all_concepts,29,281,214,0.7616,False
0.9,unconstrained,all_concepts,24,285,272,0.9544,True
0.9,unconstrained,all_concepts,13,514,463,0.9008,True
0.9,unconstrained,all_concepts,18,391,377,0.9642,True
0.9,unconstrained,all_concepts,8,350,244,0.6971,False
0.9,unconstrained,all_concepts,10,384,189,0.4922,False
0.9,unconstrained,all_concepts,2,527,412,0.7818,False
0.9,unconstrained,all_concepts,16,449,424,0.9443,True
0.9,unconstrained,all_concepts,9,792,752,0.9495,True
0.9,unconstrained,all_concepts,3,102,102,1.0,True
0.9,unconstrained,all_concepts,36,703,530,0.7539,False
0.9,unconstrained,all_concepts,5,222,218,0.982,True
0.9,unconstrained,all_concepts,26,646,574,0.8885,True
0.9,unconstrained,all_concepts,11,1224,921,0.7525,False
0.9,unconstrained,all_concepts,14,605,438,0.724,False
0.9,unconstrained,all_concepts,4,270,226,0.837,True
0.9,unconstrained,all_concepts,7,714,710,0.9944,True
0.9,unconstrained,all_concepts,0,871,845,0.9701,True
0.9,unconstrained,all_concepts,22,475,445,0.9368,True
0.9,unconstrained,all_concepts,15,170,151,0.8882,True
0.9,unconstrained,all_concepts,34,720,716,0.9944,True
0.9,unconstrained,all_concepts,21,78,33,0.4231,False
0.9,unconstrained,all_concepts,25,193,38,0.1969,False
0.9,unconstrained,all_concepts,17,252,250,0.9921,True
0.9,unconstrained,all_concepts,38,85,84,0.9882,True
0.9,unconstrained,all_concepts,12,810,790,0.9753,True
0.9,unconstrained,all_concepts,1,321,290,0.9034,True
0.9,unconstrained,all_concepts,35,290,241,0.831,True
0.9,unconstrained,all_concepts,27,121,42,0.3471,False
0.9,unconstrained,all_concepts,23,56,47,0.8393,True
0.9,unconstrained,all_concepts,6,270,265,0.9815,True
0.9,unconstrained,all_concepts,20,41,37,0.9024,True
0.9,unconstrained,all_concepts,19,276,266,0.9638,True
0.9,unconstrained,all_concepts,30,50,44,0.88,True
0.9,unconstrained,all_concepts,39,16,16,1.0,True
0.9,unconstrained,all_concepts,32,23,22,0.9565,True
0.9,unconstrained,all_concepts,33,39,1,0.0256,False
0.9,unconstrained,all_concepts,31,16,15,0.9375,True
0.9,unconstrained,all_concepts,28,41,33,0.8049,True
0.9,unconstrained,all_concepts,37,14,14,1.0,True
0.9,single_risk,all_concepts,1,383,296,0.7728,False
0.9,single_risk,all_concepts,10,421,413,0.981,True
0.9,single_risk,all_concepts,15,250,248,0.992,True
0.9,single_risk,all_concepts,13,378,373,0.9868,True
0.9,single_risk,all_concepts,27,128,113,0.8828,True
0.9,single_risk,all_concepts,9,498,408,0.8193,True
0.9,single_risk,all_concepts,19,268,249,0.9291,True
0.9,single_risk,all_concepts,18,975,964,0.9887,True
0.9,single_risk,all_concepts,14,457,439,0.9606,True
0.9,single_risk,all_concepts,38,758,597,0.7876,False
0.9,single_risk,all_concepts,7,231,229,0.9913,True
0.9,single_risk,all_concepts,0,855,797,0.9322,True
0.9,single_risk,all_concepts,22,1122,905,0.8066,True
0.9,single_risk,all_concepts,28,422,396,0.9384,True
0.9,single_risk,all_concepts,29,488,386,0.791,False
0.9,single_risk,all_concepts,25,514,513,0.9981,True
0.9,single_risk,all_concepts,6,513,506,0.9864,True
0.9,single_risk,all_concepts,32,167,159,0.9521,True
0.9,single_risk,all_concepts,26,487,486,0.9979,True
0.9,single_risk,all_concepts,8,54,47,0.8704,True
0.9,single_risk,all_concepts,11,182,100,0.5495,False
0.9,single_risk,all_concepts,24,115,19,0.1652,False
0.9,single_risk,all_concepts,16,284,279,0.9824,True
0.9,single_risk,all_concepts,17,435,421,0.9678,True
0.9,single_risk,all_concepts,3,306,300,0.9804,True
0.9,single_risk,all_concepts,37,501,489,0.976,True
0.9,single_risk,all_concepts,5,252,249,0.9881,True
0.9,single_risk,all_concepts,36,244,224,0.918,True
0.9,single_risk,all_concepts,30,132,119,0.9015,True
0.9,single_risk,all_concepts,2,106,97,0.9151,True
0.9,single_risk,all_concepts,4,312,310,0.9936,True
0.9,single_risk,all_concepts,20,36,33,0.9167,True
0.9,single_risk,all_concepts,12,288,284,0.9861,True
0.9,single_risk,all_concepts,23,36,36,1.0,True
0.9,single_risk,all_concepts,39,16,16,1.0,True
0.9,single_risk,all_concepts,21,137,137,1.0,True
0.9,single_risk,all_concepts,34,32,32,1.0,True
0.9,single_risk,all_concepts,35,13,13,1.0,True
0.9,single_risk,all_concepts,33,24,1,0.0417,False
0.9,single_risk,all_concepts,31,16,15,0.9375,True
0.9,monotonic,all_concepts,23,159,110,0.6918,False
0.9,monotonic,all_concepts,10,414,407,0.9831,True
0.9,monotonic,all_concepts,22,224,221,0.9866,True
0.9,monotonic,all_concepts,2,414,407,0.9831,True
0.9,monotonic,all_concepts,25,135,120,0.8889,True
0.9,monotonic,all_concepts,20,341,222,0.651,False
0.9,monotonic,all_concepts,36,428,345,0.8061,True
0.9,monotonic,all_concepts,16,487,466,0.9569,True
0.9,monotonic,all_concepts,28,487,453,0.9302,True
0.9,monotonic,all_concepts,5,1179,1164,0.9873,True
0.9,monotonic,all_concepts,0,68,68,1.0,True
0.9,monotonic,all_concepts,9,583,466,0.7993,False
0.9,monotonic,all_concepts,34,134,133,0.9925,True
0.9,monotonic,all_concepts,1,1192,985,0.8263,True
0.9,monotonic,all_concepts,18,792,752,0.9495,True
0.9,monotonic,all_concepts,27,536,420,0.7836,False
0.9,monotonic,all_concepts,15,511,509,0.9961,True
0.9,monotonic,all_concepts,4,764,753,0.9856,True
0.9,monotonic,all_concepts,14,477,452,0.9476,True
0.9,monotonic,all_concepts,33,161,153,0.9503,True
0.9,monotonic,all_concepts,13,733,725,0.9891,True
0.9,monotonic,all_concepts,26,62,43,0.6935,False
0.9,monotonic,all_concepts,11,123,15,0.122,False
0.9,monotonic,all_concepts,17,298,293,0.9832,True
0.9,monotonic,all_concepts,19,345,345,1.0,True
0.9,monotonic,all_concepts,6,277,277,1.0,True
0.9,monotonic,all_concepts,3,258,253,0.9806,True
0.9,monotonic,all_concepts,30,243,221,0.9095,True
0.9,monotonic,all_concepts,8,69,37,0.5362,False
0.9,monotonic,all_concepts,37,22,13,0.5909,False
0.9,monotonic,all_concepts,12,174,156,0.8966,True
0.9,monotonic,all_concepts,24,90,87,0.9667,True
0.9,monotonic,all_concepts,7,206,195,0.9466,True
0.9,monotonic,all_concepts,21,45,41,0.9111,True
0.9,monotonic,all_concepts,39,16,16,1.0,True
0.9,monotonic,all_concepts,29,36,36,1.0,True
0.9,monotonic,all_concepts,38,11,11,1.0,True
0.9,monotonic,all_concepts,35,58,56,0.9655,True
0.9,monotonic,all_concepts,32,25,24,0.96,True
0.9,monotonic,all_concepts,31,29,1,0.0345,False
0.9,both,all_concepts,33,145,112,0.7724,False
0.9,both,all_concepts,4,430,423,0.9837,True
0.9,both,all_concepts,15,553,527,0.953,True
0.9,both,all_concepts,10,369,363,0.9837,True
0.9,both,all_concepts,22,151,137,0.9073,True
0.9,both,all_concepts,20,314,238,0.758,False
0.9,both,all_concepts,16,436,373,0.8555,True
0.9,both,all_concepts,2,555,533,0.9604,True
0.9,both,all_concepts,19,668,656,0.982,True
0.9,both,all_concepts,12,433,417,0.963,True
0.9,both,all_concepts,32,552,454,0.8225,True
0.9,both,all_concepts,1,349,345,0.9885,True
0.9,both,all_concepts,14,614,587,0.956,True
0.9,both,all_concepts,7,1167,979,0.8389,True
0.9,both,all_concepts,18,495,403,0.8141,True
0.9,both,all_concepts,11,487,485,0.9959,True
0.9,both,all_concepts,3,899,886,0.9855,True
0.9,both,all_concepts,38,241,240,0.9959,True
0.9,both,all_concepts,26,158,150,0.9494,True
0.9,both,all_concepts,0,717,715,0.9972,True
0.9,both,all_concepts,17,52,39,0.75,False
0.9,both,all_concepts,37,40,27,0.675,False
0.9,both,all_concepts,39,95,16,0.1684,False
0.9,both,all_concepts,9,310,301,0.971,True
0.9,both,all_concepts,6,658,653,0.9924,True
0.9,both,all_concepts,29,238,236,0.9916,True
0.9,both,all_concepts,8,253,234,0.9249,True
0.9,both,all_concepts,28,55,31,0.5636,False
0.9,both,all_concepts,5,201,184,0.9154,True
0.9,both,all_concepts,25,180,180,1.0,True
0.9,both,all_concepts,24,40,37,0.925,True
0.9,both,all_concepts,21,36,36,1.0,True
0.9,both,all_concepts,30,101,99,0.9802,True
0.9,both,all_concepts,23,16,16,1.0,True
0.9,both,all_concepts,13,179,179,1.0,True
0.9,both,all_concepts,35,38,38,1.0,True
0.9,both,all_concepts,27,19,18,0.9474,True
0.9,both,all_concepts,36,61,61,1.0,True
0.9,both,all_concepts,34,42,42,1.0,True
0.9,both,all_concepts,31,17,1,0.0588,False
0.95,unconstrained,all_concepts,21,306,296,0.9673,True
0.95,unconstrained,all_concepts,10,348,348,1.0,True
0.95,unconstrained,all_concepts,11,177,177,1.0,True
0.95,unconstrained,all_concepts,1,378,376,0.9947,True
0.95,unconstrained,all_concepts,25,120,120,1.0,True
0.95,unconstrained,all_concepts,33,427,419,0.9813,True
0.95,unconstrained,all_concepts,4,447,447,1.0,True
0.95,unconstrained,all_concepts,0,1427,1424,0.9979,True
0.95,unconstrained,all_concepts,38,18,18,1.0,True
0.95,unconstrained,all_concepts,13,457,456,0.9978,True
0.95,unconstrained,all_concepts,9,1017,1005,0.9882,True
0.95,unconstrained,all_concepts,26,168,168,1.0,True
0.95,unconstrained,all_concepts,14,615,611,0.9935,True
0.95,unconstrained,all_concepts,24,496,495,0.998,True
0.95,unconstrained,all_concepts,6,495,493,0.996,True
0.95,unconstrained,all_concepts,19,491,491,1.0,True
0.95,unconstrained,all_concepts,7,601,600,0.9983,True
0.95,unconstrained,all_concepts,16,735,711,0.9673,True
0.95,unconstrained,all_concepts,39,379,379,1.0,True
0.95,unconstrained,all_concepts,20,271,271,1.0,True
0.95,unconstrained,all_concepts,5,371,371,1.0,True
0.95,unconstrained,all_concepts,18,236,235,0.9958,True
0.95,unconstrained,all_concepts,15,186,184,0.9892,True
0.95,unconstrained,all_concepts,8,120,94,0.7833,False
0.95,unconstrained,all_concepts,34,56,53,0.9464,True
0.95,unconstrained,all_concepts,17,84,83,0.9881,True
0.95,unconstrained,all_concepts,35,138,138,1.0,True
0.95,unconstrained,all_concepts,2,484,484,1.0,True
0.95,unconstrained,all_concepts,12,158,158,1.0,True
0.95,unconstrained,all_concepts,3,294,294,1.0,True
0.95,unconstrained,all_concepts,27,42,42,1.0,True
0.95,unconstrained,all_concepts,30,66,66,1.0,True
0.95,unconstrained,all_concepts,23,16,16,1.0,True
0.95,unconstrained,all_concepts,29,94,91,0.9681,True
0.95,unconstrained,all_concepts,22,39,39,1.0,True
0.95,unconstrained,all_concepts,28,22,22,1.0,True
0.95,unconstrained,all_concepts,37,80,79,0.9875,True
0.95,unconstrained,all_concepts,31,15,15,1.0,True
0.95,unconstrained,all_concepts,36,7,7,1.0,True
0.95,unconstrained,all_concepts,32,3,3,1.0,True
0.95,single_risk,all_concepts,14,285,281,0.986,True
0.95,single_risk,all_concepts,0,400,400,1.0,True
0.95,single_risk,all_concepts,5,187,187,1.0,True
0.95,single_risk,all_concepts,25,367,367,1.0,True
0.95,single_risk,all_concepts,35,139,139,1.0,True
0.95,single_risk,all_concepts,28,383,381,0.9948,True
0.95,single_risk,all_concepts,17,253,253,1.0,True
0.95,single_risk,all_concepts,2,1045,1045,1.0,True
0.95,single_risk,all_concepts,20,464,463,0.9978,True
0.95,single_risk,all_concepts,4,927,926,0.9989,True
0.95,single_risk,all_concepts,27,132,132,1.0,True
0.95,single_risk,all_concepts,33,358,357,0.9972,True
0.95,single_risk,all_concepts,7,537,534,0.9944,True
0.95,single_risk,all_concepts,13,488,486,0.9959,True
0.95,single_risk,all_concepts,6,764,764,1.0,True
0.95,single_risk,all_concepts,1,366,366,1.0,True
0.95,single_risk,all_concepts,15,713,712,0.9986,True
0.95,single_risk,all_concepts,38,491,491,1.0,True
0.95,single_risk,all_concepts,12,235,235,1.0,True
0.95,single_risk,all_concepts,11,223,223,1.0,True
0.95,single_risk,all_concepts,10,835,835,1.0,True
0.95,single_risk,all_concepts,19,98,98,1.0,True
0.95,single_risk,all_concepts,36,66,66,1.0,True
0.95,single_risk,all_concepts,9,196,196,1.0,True
0.95,single_risk,all_concepts,39,257,257,1.0,True
0.95,single_risk,all_concepts,26,70,70,1.0,True
0.95,single_risk,all_concepts,32,73,72,0.9863,True
0.95,single_risk,all_concepts,30,64,64,1.0,True
0.95,single_risk,all_concepts,18,227,226,0.9956,True
0.95,single_risk,all_concepts,8,222,222,1.0,True
0.95,single_risk,all_concepts,21,38,38,1.0,True
0.95,single_risk,all_concepts,29,14,14,1.0,True
0.95,single_risk,all_concepts,3,354,354,1.0,True
0.95,single_risk,all_concepts,24,59,59,1.0,True
0.95,single_risk,all_concepts,23,16,16,1.0,True
0.95,single_risk,all_concepts,22,213,213,1.0,True
0.95,single_risk,all_concepts,16,57,57,1.0,True
0.95,single_risk,all_concepts,31,22,22,1.0,True
0.95,single_risk,all_concepts,37,71,71,1.0,True
0.95,single_risk,all_concepts,34,26,26,1.0,True
0.95,monotonic,all_concepts,11,506,502,0.9921,True
0.95,monotonic,all_concepts,3,414,414,1.0,True
0.95,monotonic,all_concepts,14,309,309,1.0,True
0.95,monotonic,all_concepts,15,173,173,1.0,True
0.95,monotonic,all_concepts,10,367,367,1.0,True
0.95,monotonic,all_concepts,36,123,123,1.0,True
0.95,monotonic,all_concepts,28,397,395,0.995,True
0.95,monotonic,all_concepts,32,203,203,1.0,True
0.95,monotonic,all_concepts,0,1127,1127,1.0,True
0.95,monotonic,all_concepts,30,104,104,1.0,True
0.95,monotonic,all_concepts,4,1042,1039,0.9971,True
0.95,monotonic,all_concepts,21,133,133,1.0,True
0.95,monotonic,all_concepts,29,982,973,0.9908,True
0.95,monotonic,all_concepts,12,385,385,1.0,True
0.95,monotonic,all_concepts,38,394,394,1.0,True
0.95,monotonic,all_concepts,1,496,496,1.0,True
0.95,monotonic,all_concepts,20,193,193,1.0,True
0.95,monotonic,all_concepts,9,493,492,0.998,True
0.95,monotonic,all_concepts,27,150,150,1.0,True
0.95,monotonic,all_concepts,7,629,629,1.0,True
0.95,monotonic,all_concepts,13,176,176,1.0,True
0.95,monotonic,all_concepts,25,192,192,1.0,True
0.95,monotonic,all_concepts,8,257,257,1.0,True
0.95,monotonic,all_concepts,2,517,516,0.9981,True
0.95,monotonic,all_concepts,18,264,264,1.0,True
0.95,monotonic,all_concepts,16,69,69,1.0,True
0.95,monotonic,all_concepts,22,179,179,1.0,True
0.95,monotonic,all_concepts,6,365,365,1.0,True
0.95,monotonic,all_concepts,17,15,15,1.0,True
0.95,monotonic,all_concepts,26,37,37,1.0,True
0.95,monotonic,all_concepts,5,297,297,1.0,True
0.95,monotonic,all_concepts,33,38,38,1.0,True
0.95,monotonic,all_concepts,24,126,126,1.0,True
0.95,monotonic,all_concepts,23,16,16,1.0,True
0.95,monotonic,all_concepts,37,86,86,1.0,True
0.95,monotonic,all_concepts,34,88,85,0.9659,True
0.95,monotonic,all_concepts,19,47,47,1.0,True
0.95,monotonic,all_concepts,39,21,21,1.0,True
0.95,monotonic,all_concepts,35,43,43,1.0,True
0.95,monotonic,all_concepts,31,32,32,1.0,True
0.95,both,all_concepts,27,498,498,1.0,True
0.95,both,all_concepts,12,275,275,1.0,True
0.95,both,all_concepts,14,299,299,1.0,True
0.95,both,all_concepts,28,250,250,1.0,True
0.95,both,all_concepts,19,345,345,1.0,True
0.95,both,all_concepts,29,125,125,1.0,True
0.95,both,all_concepts,5,537,537,1.0,True
0.95,both,all_concepts,31,307,303,0.987,True
0.95,both,all_concepts,17,417,415,0.9952,True
0.95,both,all_concepts,9,301,301,1.0,True
0.95,both,all_concepts,4,66,66,1.0,True
0.95,both,all_concepts,3,510,509,0.998,True
0.95,both,all_concepts,7,1006,1001,0.995,True
0.95,both,all_concepts,24,138,138,1.0,True
0.95,both,all_concepts,0,427,424,0.993,True
0.95,both,all_concepts,15,538,538,1.0,True
0.95,both,all_concepts,1,480,479,0.9979,True
0.95,both,all_concepts,8,332,332,1.0,True
0.95,both,all_concepts,11,717,716,0.9986,True
0.95,both,all_concepts,34,91,91,1.0,True
0.95,both,all_concepts,21,401,401,1.0,True
0.95,both,all_concepts,10,264,264,1.0,True
0.95,both,all_concepts,13,197,197,1.0,True
0.95,both,all_concepts,2,794,794,1.0,True
0.95,both,all_concepts,36,472,472,1.0,True
0.95,both,all_concepts,26,192,192,1.0,True
0.95,both,all_concepts,38,211,211,1.0,True
0.95,both,all_concepts,37,240,240,1.0,True
0.95,both,all_concepts,32,201,201,1.0,True
0.95,both,all_concepts,30,192,192,1.0,True
0.95,both,all_concepts,39,13,13,1.0,True
0.95,both,all_concepts,33,35,35,1.0,True
0.95,both,all_concepts,18,258,258,1.0,True
0.95,both,all_concepts,20,39,39,1.0,True
0.95,both,all_concepts,22,123,123,1.0,True
0.95,both,all_concepts,23,16,16,1.0,True
0.95,both,all_concepts,6,26,26,1.0,True
0.95,both,all_concepts,16,97,97,1.0,True
0.95,both,all_concepts,35,45,45,1.0,True
0.95,both,all_concepts,25,4,4,1.0,True
EDGE,unconstrained,problem_analysis,4,108,108,1.0,True
EDGE,unconstrained,problem_analysis,32,67,67,1.0,True
EDGE,unconstrained,problem_analysis,13,46,46,1.0,True
EDGE,unconstrained,problem_analysis,14,54,54,1.0,True
EDGE,unconstrained,problem_analysis,21,58,58,1.0,True
EDGE,unconstrained,problem_analysis,28,75,75,1.0,True
EDGE,unconstrained,problem_analysis,12,176,176,1.0,True
EDGE,unconstrained,problem_analysis,36,87,87,1.0,True
EDGE,unconstrained,problem_analysis,5,197,197,1.0,True
EDGE,unconstrained,problem_analysis,10,75,75,1.0,True
EDGE,unconstrained,problem_analysis,25,51,51,1.0,True
EDGE,unconstrained,problem_analysis,38,61,61,1.0,True
EDGE,unconstrained,problem_analysis,19,101,101,1.0,True
EDGE,unconstrained,problem_analysis,34,74,74,1.0,True
EDGE,unconstrained,problem_analysis,23,31,31,1.0,True
EDGE,unconstrained,problem_analysis,20,87,87,1.0,True
EDGE,unconstrained,problem_analysis,35,117,117,1.0,True
EDGE,unconstrained,problem_analysis,31,58,58,1.0,True
EDGE,unconstrained,problem_analysis,0,112,112,1.0,True
EDGE,unconstrained,problem_analysis,26,89,89,1.0,True
EDGE,unconstrained,problem_analysis,8,86,86,1.0,True
EDGE,unconstrained,problem_analysis,27,46,46,1.0,True
EDGE,unconstrained,problem_analysis,17,37,37,1.0,True
EDGE,unconstrained,problem_analysis,33,20,20,1.0,True
EDGE,unconstrained,problem_analysis,9,87,87,1.0,True
EDGE,unconstrained,problem_analysis,37,26,26,1.0,True
EDGE,unconstrained,problem_analysis,16,49,49,1.0,True
EDGE,unconstrained,problem_analysis,1,58,58,1.0,True
EDGE,unconstrained,problem_analysis,2,39,39,1.0,True
EDGE,unconstrained,problem_analysis,24,29,29,1.0,True
EDGE,unconstrained,problem_analysis,6,24,24,1.0,True
EDGE,unconstrained,problem_analysis,18,32,32,1.0,True
EDGE,unconstrained,problem_analysis,11,66,66,1.0,True
EDGE,unconstrained,problem_analysis,7,84,84,1.0,True
EDGE,unconstrained,problem_analysis,22,22,22,1.0,True
EDGE,unconstrained,problem_analysis,3,31,31,1.0,True
EDGE,unconstrained,problem_analysis,15,11,11,1.0,True
EDGE,unconstrained,problem_analysis,29,43,43,1.0,True
EDGE,unconstrained,problem_analysis,39,10,10,1.0,True
EDGE,unconstrained,problem_analysis,30,7,7,1.0,True
EDGE,single_risk,problem_analysis,5,117,117,1.0,True
EDGE,single_risk,problem_analysis,20,30,30,1.0,True
EDGE,single_risk,problem_analysis,13,55,55,1.0,True
EDGE,single_risk,problem_analysis,8,61,61,1.0,True
EDGE,single_risk,problem_analysis,14,50,50,1.0,True
EDGE,single_risk,problem_analysis,11,55,55,1.0,True
EDGE,single_risk,problem_analysis,23,72,72,1.0,True
EDGE,single_risk,problem_analysis,25,176,176,1.0,True
EDGE,single_risk,problem_analysis,31,66,66,1.0,True
EDGE,single_risk,problem_analysis,12,190,190,1.0,True
EDGE,single_risk,problem_analysis,18,67,67,1.0,True
EDGE,single_risk,problem_analysis,26,46,46,1.0,True
EDGE,single_risk,problem_analysis,2,64,64,1.0,True
EDGE,single_risk,problem_analysis,16,99,99,1.0,True
EDGE,single_risk,problem_analysis,38,73,73,1.0,True
EDGE,single_risk,problem_analysis,21,34,34,1.0,True
EDGE,single_risk,problem_analysis,22,88,88,1.0,True
EDGE,single_risk,problem_analysis,0,153,153,1.0,True
EDGE,single_risk,problem_analysis,39,53,53,1.0,True
EDGE,single_risk,problem_analysis,32,107,107,1.0,True
EDGE,single_risk,problem_analysis,27,101,101,1.0,True
EDGE,single_risk,problem_analysis,28,53,53,1.0,True
EDGE,single_risk,problem_analysis,29,45,45,1.0,True
EDGE,single_risk,problem_analysis,19,48,48,1.0,True
EDGE,single_risk,problem_analysis,1,128,128,1.0,True
EDGE,single_risk,problem_analysis,4,39,39,1.0,True
EDGE,single_risk,problem_analysis,35,18,18,1.0,True
EDGE,single_risk,problem_analysis,24,56,56,1.0,True
EDGE,single_risk,problem_analysis,7,65,65,1.0,True
EDGE,single_risk,problem_analysis,15,18,18,1.0,True
EDGE,single_risk,problem_analysis,6,39,39,1.0,True
EDGE,single_risk,problem_analysis,30,26,26,1.0,True
EDGE,single_risk,problem_analysis,17,37,37,1.0,True
EDGE,single_risk,problem_analysis,10,74,74,1.0,True
EDGE,single_risk,problem_analysis,37,28,28,1.0,True
EDGE,single_risk,problem_analysis,3,20,20,1.0,True
EDGE,single_risk,problem_analysis,9,10,10,1.0,True
EDGE,single_risk,problem_analysis,33,10,10,1.0,True
EDGE,single_risk,problem_analysis,34,5,5,1.0,True
EDGE,single_risk,problem_analysis,36,5,5,1.0,True
EDGE,monotonic,problem_analysis,6,129,129,1.0,True
EDGE,monotonic,problem_analysis,18,37,37,1.0,True
EDGE,monotonic,problem_analysis,9,52,52,1.0,True
EDGE,monotonic,problem_analysis,2,157,157,1.0,True
EDGE,monotonic,problem_analysis,5,66,66,1.0,True
EDGE,monotonic,problem_analysis,32,56,56,1.0,True
EDGE,monotonic,problem_analysis,11,60,60,1.0,True
EDGE,monotonic,problem_analysis,28,54,54,1.0,True
EDGE,monotonic,problem_analysis,26,168,168,1.0,True
EDGE,monotonic,problem_analysis,33,67,67,1.0,True
EDGE,monotonic,problem_analysis,24,167,167,1.0,True
EDGE,monotonic,problem_analysis,7,65,65,1.0,True
EDGE,monotonic,problem_analysis,13,75,75,1.0,True
EDGE,monotonic,problem_analysis,35,97,97,1.0,True
EDGE,monotonic,problem_analysis,22,19,19,1.0,True
EDGE,monotonic,problem_analysis,30,93,93,1.0,True
EDGE,monotonic,problem_analysis,27,59,59,1.0,True
EDGE,monotonic,problem_analysis,17,90,90,1.0,True
EDGE,monotonic,problem_analysis,16,105,105,1.0,True
EDGE,monotonic,problem_analysis,25,53,53,1.0,True
EDGE,monotonic,problem_analysis,29,55,55,1.0,True
EDGE,monotonic,problem_analysis,20,53,53,1.0,True
EDGE,monotonic,problem_analysis,0,97,97,1.0,True
EDGE,monotonic,problem_analysis,21,39,39,1.0,True
EDGE,monotonic,problem_analysis,39,18,18,1.0,True
EDGE,monotonic,problem_analysis,14,72,72,1.0,True
EDGE,monotonic,problem_analysis,8,35,35,1.0,True
EDGE,monotonic,problem_analysis,12,64,64,1.0,True
EDGE,monotonic,problem_analysis,36,28,28,1.0,True
EDGE,monotonic,problem_analysis,3,36,36,1.0,True
EDGE,monotonic,problem_analysis,31,28,28,1.0,True
EDGE,monotonic,problem_analysis,34,35,35,1.0,True
EDGE,monotonic,problem_analysis,15,56,56,1.0,True
EDGE,monotonic,problem_analysis,1,32,32,1.0,True
EDGE,monotonic,problem_analysis,4,70,70,1.0,True
EDGE,monotonic,problem_analysis,38,14,14,1.0,True
EDGE,monotonic,problem_analysis,37,9,9,1.0,True
EDGE,monotonic,problem_analysis,19,13,13,1.0,True
EDGE,monotonic,problem_analysis,23,4,4,1.0,True
EDGE,monotonic,problem_analysis,10,3,3,1.0,True
EDGE,both,problem_analysis,6,129,129,1.0,True
EDGE,both,problem_analysis,18,37,37,1.0,True
EDGE,both,problem_analysis,9,52,52,1.0,True
EDGE,both,problem_analysis,2,157,157,1.0,True
EDGE,both,problem_analysis,5,66,66,1.0,True
EDGE,both,problem_analysis,32,56,56,1.0,True
EDGE,both,problem_analysis,11,60,60,1.0,True
EDGE,both,problem_analysis,28,54,54,1.0,True
EDGE,both,problem_analysis,26,168,168,1.0,True
EDGE,both,problem_analysis,33,67,67,1.0,True
EDGE,both,problem_analysis,24,167,167,1.0,True
EDGE,both,problem_analysis,7,65,65,1.0,True
EDGE,both,problem_analysis,13,75,75,1.0,True
EDGE,both,problem_analysis,35,97,97,1.0,True
EDGE,both,problem_analysis,22,19,19,1.0,True
EDGE,both,problem_analysis,30,93,93,1.0,True
EDGE,both,problem_analysis,27,59,59,1.0,True
EDGE,both,problem_analysis,17,90,90,1.0,True
EDGE,both,problem_analysis,16,105,105,1.0,True
EDGE,both,problem_analysis,25,53,53,1.0,True
EDGE,both,problem_analysis,29,55,55,1.0,True
EDGE,both,problem_analysis,20,53,53,1.0,True
EDGE,both,problem_analysis,0,97,97,1.0,True
EDGE,both,problem_analysis,21,39,39,1.0,True
EDGE,both,problem_analysis,39,18,18,1.0,True
EDGE,both,problem_analysis,14,72,72,1.0,True
EDGE,both,problem_analysis,8,35,35,1.0,True
EDGE,both,problem_analysis,12,64,64,1.0,True
EDGE,both,problem_analysis,36,28,28,1.0,True
EDGE,both,problem_analysis,3,36,36,1.0,True
EDGE,both,problem_analysis,31,28,28,1.0,True
EDGE,both,problem_analysis,34,35,35,1.0,True
EDGE,both,problem_analysis,15,56,56,1.0,True
EDGE,both,problem_analysis,1,32,32,1.0,True
EDGE,both,problem_analysis,4,70,70,1.0,True
EDGE,both,problem_analysis,38,14,14,1.0,True
EDGE,both,problem_analysis,37,9,9,1.0,True
EDGE,both,problem_analysis,19,13,13,1.0,True
EDGE,both,problem_analysis,23,4,4,1.0,True
EDGE,both,problem_analysis,10,3,3,1.0,True
0.8,unconstrained,problem_analysis,1,330,74,0.2242,False
0.8,unconstrained,problem_analysis,27,115,44,0.3826,False
0.8,unconstrained,problem_analysis,7,210,109,0.519,False
0.8,unconstrained,problem_analysis,2,90,62,0.6889,False
0.8,unconstrained,problem_analysis,3,487,168,0.345,False
0.8,unconstrained,problem_analysis,30,592,141,0.2382,False
0.8,unconstrained,problem_analysis,12,165,84,0.5091,False
0.8,unconstrained,problem_analysis,19,115,29,0.2522,False
0.8,unconstrained,problem_analysis,32,137,28,0.2044,False
0.8,unconstrained,problem_analysis,20,328,82,0.25,False
0.8,unconstrained,problem_analysis,31,205,36,0.1756,False
0.8,unconstrained,problem_analysis,25,117,13,0.1111,False
0.8,unconstrained,problem_analysis,26,109,20,0.1835,False
0.8,unconstrained,problem_analysis,22,30,4,0.1333,False
0.8,unconstrained,problem_analysis,16,199,8,0.0402,False
0.8,unconstrained,problem_analysis,0,633,158,0.2496,False
0.8,unconstrained,problem_analysis,10,352,103,0.2926,False
0.8,unconstrained,problem_analysis,9,116,17,0.1466,False
0.8,unconstrained,problem_analysis,15,173,70,0.4046,False
0.8,unconstrained,problem_analysis,34,79,12,0.1519,False
0.8,unconstrained,problem_analysis,23,19,0,0.0,False
0.8,unconstrained,problem_analysis,13,242,58,0.2397,False
0.8,unconstrained,problem_analysis,5,165,89,0.5394,False
0.8,unconstrained,problem_analysis,8,44,18,0.4091,False
0.8,unconstrained,problem_analysis,6,565,368,0.6513,False
0.8,unconstrained,problem_analysis,37,103,47,0.4563,False
0.8,unconstrained,problem_analysis,17,251,197,0.7849,False
0.8,unconstrained,problem_analysis,4,128,39,0.3047,False
0.8,unconstrained,problem_analysis,33,23,18,0.7826,False
0.8,unconstrained,problem_analysis,14,325,197,0.6062,False
0.8,unconstrained,problem_analysis,18,110,45,0.4091,False
0.8,unconstrained,problem_analysis,11,97,12,0.1237,False
0.8,unconstrained,problem_analysis,21,328,48,0.1463,False
0.8,unconstrained,problem_analysis,39,47,15,0.3191,False
0.8,unconstrained,problem_analysis,36,86,14,0.1628,False
0.8,unconstrained,problem_analysis,28,23,7,0.3043,False
0.8,unconstrained,problem_analysis,38,86,61,0.7093,False
0.8,unconstrained,problem_analysis,29,40,11,0.275,False
0.8,unconstrained,problem_analysis,24,8,2,0.25,False
0.8,unconstrained,problem_analysis,35,16,0,0.0,False
0.8,single_risk,problem_analysis,38,344,109,0.3169,False
0.8,single_risk,problem_analysis,16,230,52,0.2261,False
0.8,single_risk,problem_analysis,4,146,127,0.8699,True
0.8,single_risk,problem_analysis,13,84,64,0.7619,False
0.8,single_risk,problem_analysis,3,166,38,0.2289,False
0.8,single_risk,problem_analysis,17,52,31,0.5962,False
0.8,single_risk,problem_analysis,1,391,130,0.3325,False
0.8,single_risk,problem_analysis,20,165,34,0.2061,False
0.8,single_risk,problem_analysis,29,87,12,0.1379,False
0.8,single_risk,problem_analysis,11,117,27,0.2308,False
0.8,single_risk,problem_analysis,8,83,14,0.1687,False
0.8,single_risk,problem_analysis,7,188,19,0.1011,False
0.8,single_risk,problem_analysis,22,37,17,0.4595,False
0.8,single_risk,problem_analysis,15,209,75,0.3589,False
0.8,single_risk,problem_analysis,32,96,52,0.5417,False
0.8,single_risk,problem_analysis,0,511,148,0.2896,False
0.8,single_risk,problem_analysis,18,136,83,0.6103,False
0.8,single_risk,problem_analysis,39,265,47,0.1774,False
0.8,single_risk,problem_analysis,35,54,17,0.3148,False
0.8,single_risk,problem_analysis,9,117,75,0.641,False
0.8,single_risk,problem_analysis,5,178,55,0.309,False
0.8,single_risk,problem_analysis,2,208,134,0.6442,False
0.8,single_risk,problem_analysis,10,299,268,0.8963,True
0.8,single_risk,problem_analysis,14,153,128,0.8366,True
0.8,single_risk,problem_analysis,12,104,67,0.6442,False
0.8,single_risk,problem_analysis,31,41,28,0.6829,False
0.8,single_risk,problem_analysis,37,206,168,0.8155,True
0.8,single_risk,problem_analysis,6,232,151,0.6509,False
0.8,single_risk,problem_analysis,21,53,18,0.3396,False
0.8,single_risk,problem_analysis,19,257,87,0.3385,False
0.8,single_risk,problem_analysis,33,39,22,0.5641,False
0.8,single_risk,problem_analysis,28,36,14,0.3889,False
0.8,single_risk,problem_analysis,27,13,6,0.4615,False
0.8,single_risk,problem_analysis,24,87,17,0.1954,False
0.8,single_risk,problem_analysis,26,61,23,0.377,False
0.8,single_risk,problem_analysis,23,101,61,0.604,False
0.8,single_risk,problem_analysis,25,75,36,0.48,False
0.8,single_risk,problem_analysis,30,2,2,1.0,True
0.8,single_risk,problem_analysis,36,13,6,0.4615,False
0.8,single_risk,problem_analysis,34,3,3,1.0,True
0.8,monotonic,problem_analysis,22,309,208,0.6731,False
0.8,monotonic,problem_analysis,17,203,123,0.6059,False
0.8,monotonic,problem_analysis,6,90,65,0.7222,False
0.8,monotonic,problem_analysis,1,231,188,0.8139,True
0.8,monotonic,problem_analysis,28,367,117,0.3188,False
0.8,monotonic,problem_analysis,24,109,48,0.4404,False
0.8,monotonic,problem_analysis,34,139,23,0.1655,False
0.8,monotonic,problem_analysis,14,313,83,0.2652,False
0.8,monotonic,problem_analysis,11,144,27,0.1875,False
0.8,monotonic,problem_analysis,23,94,12,0.1277,False
0.8,monotonic,problem_analysis,12,119,28,0.2353,False
0.8,monotonic,problem_analysis,4,100,13,0.13,False
0.8,monotonic,problem_analysis,31,169,8,0.0473,False
0.8,monotonic,problem_analysis,16,47,20,0.4255,False
0.8,monotonic,problem_analysis,35,242,89,0.3678,False
0.8,monotonic,problem_analysis,13,248,59,0.2379,False
0.8,monotonic,problem_analysis,10,177,68,0.3842,False
0.8,monotonic,problem_analysis,33,117,67,0.5726,False
0.8,monotonic,problem_analysis,8,519,144,0.2775,False
0.8,monotonic,problem_analysis,30,52,9,0.1731,False
0.8,monotonic,problem_analysis,20,280,46,0.1643,False
0.8,monotonic,problem_analysis,37,72,21,0.2917,False
0.8,monotonic,problem_analysis,25,16,0,0.0,False
0.8,monotonic,problem_analysis,2,231,65,0.2814,False
0.8,monotonic,problem_analysis,7,292,98,0.3356,False
0.8,monotonic,problem_analysis,15,107,88,0.8224,True
0.8,monotonic,problem_analysis,0,320,275,0.8594,True
0.8,monotonic,problem_analysis,29,111,70,0.6306,False
0.8,monotonic,problem_analysis,18,97,54,0.5567,False
0.8,monotonic,problem_analysis,9,230,140,0.6087,False
0.8,monotonic,problem_analysis,3,80,22,0.275,False
0.8,monotonic,problem_analysis,21,37,14,0.3784,False
0.8,monotonic,problem_analysis,19,5,5,1.0,True
0.8,monotonic,problem_analysis,38,74,11,0.1486,False
0.8,monotonic,problem_analysis,5,24,12,0.5,False
0.8,monotonic,problem_analysis,27,98,56,0.5714,False
0.8,monotonic,problem_analysis,26,81,35,0.4321,False
0.8,monotonic,problem_analysis,32,17,5,0.2941,False
0.8,monotonic,problem_analysis,39,9,3,0.3333,False
0.8,monotonic,problem_analysis,36,3,3,1.0,True
0.8,both,problem_analysis,0,375,279,0.744,False
0.8,both,problem_analysis,32,60,47,0.7833,False
0.8,both,problem_analysis,3,84,64,0.7619,False
0.8,both,problem_analysis,25,283,89,0.3145,False
0.8,both,problem_analysis,2,85,35,0.4118,False
0.8,both,problem_analysis,17,219,88,0.4018,False
0.8,both,problem_analysis,11,170,31,0.1824,False
0.8,both,problem_analysis,4,138,32,0.2319,False
0.8,both,problem_analysis,29,195,82,0.4205,False
0.8,both,problem_analysis,23,83,11,0.1325,False
0.8,both,problem_analysis,30,107,28,0.2617,False
0.8,both,problem_analysis,26,23,6,0.2609,False
0.8,both,problem_analysis,7,166,18,0.1084,False
0.8,both,problem_analysis,16,110,24,0.2182,False
0.8,both,problem_analysis,27,97,54,0.5567,False
0.8,both,problem_analysis,18,344,108,0.314,False
0.8,both,problem_analysis,35,167,46,0.2754,False
0.8,both,problem_analysis,38,141,33,0.234,False
0.8,both,problem_analysis,8,350,156,0.4457,False
0.8,both,problem_analysis,19,246,47,0.1911,False
0.8,both,problem_analysis,6,47,15,0.3191,False
0.8,both,problem_analysis,13,17,10,0.5882,False
0.8,both,problem_analysis,10,126,106,0.8413,True
0.8,both,problem_analysis,36,186,47,0.2527,False
0.8,both,problem_analysis,9,130,115,0.8846,True
0.8,both,problem_analysis,1,325,290,0.8923,True
0.8,both,problem_analysis,14,126,89,0.7063,False
0.8,both,problem_analysis,24,98,66,0.6735,False
0.8,both,problem_analysis,22,127,78,0.6142,False
0.8,both,problem_analysis,12,51,19,0.3725,False
0.8,both,problem_analysis,15,167,53,0.3174,False
0.8,both,problem_analysis,5,89,40,0.4494,False
0.8,both,problem_analysis,21,35,14,0.4,False
0.8,both,problem_analysis,39,117,83,0.7094,False
0.8,both,problem_analysis,31,94,56,0.5957,False
0.8,both,problem_analysis,28,33,19,0.5758,False
0.8,both,problem_analysis,34,56,29,0.5179,False
0.8,both,problem_analysis,20,18,8,0.4444,False
0.8,both,problem_analysis,37,3,3,1.0,True
0.8,both,problem_analysis,33,1,0,0.0,False
0.85,unconstrained,problem_analysis,24,216,150,0.6944,False
0.85,unconstrained,problem_analysis,1,262,64,0.2443,False
0.85,unconstrained,problem_analysis,2,87,80,0.9195,True
0.85,unconstrained,problem_analysis,3,111,85,0.7658,False
0.85,unconstrained,problem_analysis,11,500,155,0.31,False
0.85,unconstrained,problem_analysis,6,113,35,0.3097,False
0.85,unconstrained,problem_analysis,18,236,94,0.3983,False
0.85,unconstrained,problem_analysis,31,299,108,0.3612,False
0.85,unconstrained,problem_analysis,26,143,26,0.1818,False
0.85,unconstrained,problem_analysis,38,111,11,0.0991,False
0.85,unconstrained,problem_analysis,32,100,18,0.18,False
0.85,unconstrained,problem_analysis,13,31,6,0.1935,False
0.85,unconstrained,problem_analysis,30,187,12,0.0642,False
0.85,unconstrained,problem_analysis,7,76,18,0.2368,False
0.85,unconstrained,problem_analysis,23,107,67,0.6262,False
0.85,unconstrained,problem_analysis,19,305,103,0.3377,False
0.85,unconstrained,problem_analysis,28,51,8,0.1569,False
0.85,unconstrained,problem_analysis,4,344,144,0.4186,False
0.85,unconstrained,problem_analysis,9,168,60,0.3571,False
0.85,unconstrained,problem_analysis,25,113,70,0.6195,False
0.85,unconstrained,problem_analysis,14,43,17,0.3953,False
0.85,unconstrained,problem_analysis,17,156,139,0.891,True
0.85,unconstrained,problem_analysis,15,252,229,0.9087,True
0.85,unconstrained,problem_analysis,36,153,131,0.8562,True
0.85,unconstrained,problem_analysis,8,150,100,0.6667,False
0.85,unconstrained,problem_analysis,29,19,13,0.6842,False
0.85,unconstrained,problem_analysis,16,285,49,0.1719,False
0.85,unconstrained,problem_analysis,34,9,2,0.2222,False
0.85,unconstrained,problem_analysis,5,195,53,0.2718,False
0.85,unconstrained,problem_analysis,35,131,62,0.4733,False
0.85,unconstrained,problem_analysis,20,26,15,0.5769,False
0.85,unconstrained,problem_analysis,12,148,69,0.4662,False
0.85,unconstrained,problem_analysis,21,88,75,0.8523,True
0.85,unconstrained,problem_analysis,27,23,6,0.2609,False
0.85,unconstrained,problem_analysis,33,111,77,0.6937,False
0.85,unconstrained,problem_analysis,37,58,39,0.6724,False
0.85,unconstrained,problem_analysis,22,37,13,0.3514,False
0.85,unconstrained,problem_analysis,10,95,15,0.1579,False
0.85,unconstrained,problem_analysis,0,142,90,0.6338,False
0.85,unconstrained,problem_analysis,39,17,0,0.0,False
0.85,single_risk,problem_analysis,31,108,76,0.7037,False
0.85,single_risk,problem_analysis,28,36,34,0.9444,True
0.85,single_risk,problem_analysis,37,72,59,0.8194,True
0.85,single_risk,problem_analysis,24,94,72,0.766,False
0.85,single_risk,problem_analysis,25,30,17,0.5667,False
0.85,single_risk,problem_analysis,10,268,104,0.3881,False
0.85,single_risk,problem_analysis,2,131,122,0.9313,True
0.85,single_risk,problem_analysis,21,265,140,0.5283,False
0.85,single_risk,problem_analysis,16,143,137,0.958,True
0.85,single_risk,problem_analysis,4,116,92,0.7931,False
0.85,single_risk,problem_analysis,32,126,98,0.7778,False
0.85,single_risk,problem_analysis,5,209,84,0.4019,False
0.85,single_risk,problem_analysis,34,39,27,0.6923,False
0.85,single_risk,problem_analysis,3,272,128,0.4706,False
0.85,single_risk,problem_analysis,0,115,85,0.7391,False
0.85,single_risk,problem_analysis,19,109,106,0.9725,True
0.85,single_risk,problem_analysis,15,208,198,0.9519,True
0.85,single_risk,problem_analysis,13,158,98,0.6203,False
0.85,single_risk,problem_analysis,11,50,38,0.76,False
0.85,single_risk,problem_analysis,26,122,6,0.0492,False
0.85,single_risk,problem_analysis,35,68,58,0.8529,True
0.85,single_risk,problem_analysis,7,65,55,0.8462,True
0.85,single_risk,problem_analysis,38,116,39,0.3362,False
0.85,single_risk,problem_analysis,23,74,10,0.1351,False
0.85,single_risk,problem_analysis,14,73,32,0.4384,False
0.85,single_risk,problem_analysis,30,34,10,0.2941,False
0.85,single_risk,problem_analysis,17,131,57,0.4351,False
0.85,single_risk,problem_analysis,12,77,70,0.9091,True
0.85,single_risk,problem_analysis,9,178,69,0.3876,False
0.85,single_risk,problem_analysis,39,201,42,0.209,False
0.85,single_risk,problem_analysis,6,103,29,0.2816,False
0.85,single_risk,problem_analysis,29,17,5,0.2941,False
0.85,single_risk,problem_analysis,27,52,12,0.2308,False
0.85,single_risk,problem_analysis,22,68,19,0.2794,False
0.85,single_risk,problem_analysis,20,24,15,0.625,False
0.85,single_risk,problem_analysis,1,52,19,0.3654,False
0.85,single_risk,problem_analysis,33,98,29,0.2959,False
0.85,single_risk,problem_analysis,8,125,100,0.8,True
0.85,single_risk,problem_analysis,36,46,44,0.9565,True
0.85,single_risk,problem_analysis,18,49,37,0.7551,False
0.85,monotonic,problem_analysis,19,136,97,0.7132,False
0.85,monotonic,problem_analysis,9,92,76,0.8261,True
0.85,monotonic,problem_analysis,30,52,48,0.9231,True
0.85,monotonic,problem_analysis,24,145,5,0.0345,False
0.85,monotonic,problem_analysis,33,102,75,0.7353,False
0.85,monotonic,problem_analysis,13,282,132,0.4681,False
0.85,monotonic,problem_analysis,0,397,173,0.4358,False
0.85,monotonic,problem_analysis,23,80,11,0.1375,False
0.85,monotonic,problem_analysis,37,18,6,0.3333,False
0.85,monotonic,problem_analysis,5,116,109,0.9397,True
0.85,monotonic,problem_analysis,4,281,263,0.9359,True
0.85,monotonic,problem_analysis,18,95,68,0.7158,False
0.85,monotonic,problem_analysis,26,132,98,0.7424,False
0.85,monotonic,problem_analysis,39,28,10,0.3571,False
0.85,monotonic,problem_analysis,11,40,29,0.725,False
0.85,monotonic,problem_analysis,34,210,80,0.381,False
0.85,monotonic,problem_analysis,6,103,77,0.7476,False
0.85,monotonic,problem_analysis,14,101,94,0.9307,True
0.85,monotonic,problem_analysis,35,51,49,0.9608,True
0.85,monotonic,problem_analysis,21,163,90,0.5521,False
0.85,monotonic,problem_analysis,3,59,42,0.7119,False
0.85,monotonic,problem_analysis,1,204,186,0.9118,True
0.85,monotonic,problem_analysis,7,38,37,0.9737,True
0.85,monotonic,problem_analysis,38,37,9,0.2432,False
0.85,monotonic,problem_analysis,36,125,35,0.28,False
0.85,monotonic,problem_analysis,15,153,59,0.3856,False
0.85,monotonic,problem_analysis,8,226,46,0.2035,False
0.85,monotonic,problem_analysis,27,188,70,0.3723,False
0.85,monotonic,problem_analysis,10,116,42,0.3621,False
0.85,monotonic,problem_analysis,16,95,55,0.5789,False
0.85,monotonic,problem_analysis,29,78,22,0.2821,False
0.85,monotonic,problem_analysis,17,201,78,0.3881,False
0.85,monotonic,problem_analysis,25,17,5,0.2941,False
0.85,monotonic,problem_analysis,22,68,27,0.3971,False
0.85,monotonic,problem_analysis,31,63,12,0.1905,False
0.85,monotonic,problem_analysis,28,61,23,0.377,False
0.85,monotonic,problem_analysis,2,64,22,0.3438,False
0.85,monotonic,problem_analysis,12,78,60,0.7692,False
0.85,monotonic,problem_analysis,32,11,0,0.0,False
0.85,monotonic,problem_analysis,20,3,2,0.6667,False
0.85,both,problem_analysis,18,99,70,0.7071,False
0.85,both,problem_analysis,4,96,93,0.9688,True
0.85,both,problem_analysis,37,51,47,0.9216,True
0.85,both,problem_analysis,6,120,92,0.7667,False
0.85,both,problem_analysis,30,28,14,0.5,False
0.85,both,problem_analysis,2,305,155,0.5082,False
0.85,both,problem_analysis,5,110,105,0.9545,True
0.85,both,problem_analysis,3,263,140,0.5323,False
0.85,both,problem_analysis,1,245,232,0.9469,True
0.85,both,problem_analysis,15,104,79,0.7596,False
0.85,both,problem_analysis,21,125,96,0.768,False
0.85,both,problem_analysis,0,375,155,0.4133,False
0.85,both,problem_analysis,11,23,18,0.7826,False
0.85,both,problem_analysis,12,136,70,0.5147,False
0.85,both,problem_analysis,28,205,89,0.4341,False
0.85,both,problem_analysis,25,77,62,0.8052,True
0.85,both,problem_analysis,13,106,103,0.9717,True
0.85,both,problem_analysis,9,198,72,0.3636,False
0.85,both,problem_analysis,8,179,171,0.9553,True
0.85,both,problem_analysis,20,146,87,0.5959,False
0.85,both,problem_analysis,16,47,36,0.766,False
0.85,both,problem_analysis,32,101,5,0.0495,False
0.85,both,problem_analysis,36,25,19,0.76,False
0.85,both,problem_analysis,23,70,10,0.1429,False
0.85,both,problem_analysis,34,29,10,0.3448,False
0.85,both,problem_analysis,35,188,44,0.234,False
0.85,both,problem_analysis,10,82,61,0.7439,False
0.85,both,problem_analysis,14,67,23,0.3433,False
0.85,both,problem_analysis,27,16,5,0.3125,False
0.85,both,problem_analysis,33,48,24,0.5,False
0.85,both,problem_analysis,29,46,12,0.2609,False
0.85,both,problem_analysis,31,60,15,0.25,False
0.85,both,problem_analysis,22,22,16,0.7273,False
0.85,both,problem_analysis,26,16,8,0.5,False
0.85,both,problem_analysis,24,46,16,0.3478,False
0.85,both,problem_analysis,39,29,28,0.9655,True
0.85,both,problem_analysis,38,8,2,0.25,False
0.85,both,problem_analysis,17,51,49,0.9608,True
0.85,both,problem_analysis,7,103,84,0.8155,True
0.85,both,problem_analysis,19,5,5,1.0,True
0.9,unconstrained,problem_analysis,16,109,91,0.8349,True
0.9,unconstrained,problem_analysis,18,87,77,0.8851,True
0.9,unconstrained,problem_analysis,5,112,99,0.8839,True
0.9,unconstrained,problem_analysis,9,142,18,0.1268,False
0.9,unconstrained,problem_analysis,3,99,81,0.8182,True
0.9,unconstrained,problem_analysis,7,140,72,0.5143,False
0.9,unconstrained,problem_analysis,23,52,10,0.1923,False
0.9,unconstrained,problem_analysis,1,124,120,0.9677,True
0.9,unconstrained,problem_analysis,6,295,164,0.5559,False
0.9,unconstrained,problem_analysis,19,186,111,0.5968,False
0.9,unconstrained,problem_analysis,2,188,185,0.984,True
0.9,unconstrained,problem_analysis,0,108,104,0.963,True
0.9,unconstrained,problem_analysis,39,109,104,0.9541,True
0.9,unconstrained,problem_analysis,11,133,94,0.7068,False
0.9,unconstrained,problem_analysis,8,69,65,0.942,True
0.9,unconstrained,problem_analysis,20,127,120,0.9449,True
0.9,unconstrained,problem_analysis,34,46,44,0.9565,True
0.9,unconstrained,problem_analysis,24,29,22,0.7586,False
0.9,unconstrained,problem_analysis,10,164,160,0.9756,True
0.9,unconstrained,problem_analysis,13,171,125,0.731,False
0.9,unconstrained,problem_analysis,30,32,30,0.9375,True
0.9,unconstrained,problem_analysis,4,129,95,0.7364,False
0.9,unconstrained,problem_analysis,12,115,47,0.4087,False
0.9,unconstrained,problem_analysis,28,70,67,0.9571,True
0.9,unconstrained,problem_analysis,27,108,50,0.463,False
0.9,unconstrained,problem_analysis,37,40,35,0.875,True
0.9,unconstrained,problem_analysis,22,78,52,0.6667,False
0.9,unconstrained,problem_analysis,31,57,27,0.4737,False
0.9,unconstrained,problem_analysis,32,49,30,0.6122,False
0.9,unconstrained,problem_analysis,35,17,11,0.6471,False
0.9,unconstrained,problem_analysis,26,38,13,0.3421,False
0.9,unconstrained,problem_analysis,29,29,29,1.0,True
0.9,unconstrained,problem_analysis,15,32,29,0.9062,True
0.9,unconstrained,problem_analysis,17,32,30,0.9375,True
0.9,unconstrained,problem_analysis,33,30,12,0.4,False
0.9,unconstrained,problem_analysis,25,57,54,0.9474,True
0.9,unconstrained,problem_analysis,14,41,30,0.7317,False
0.9,unconstrained,problem_analysis,21,16,0,0.0,False
0.9,unconstrained,problem_analysis,38,16,11,0.6875,False
0.9,unconstrained,problem_analysis,36,7,6,0.8571,True
0.9,single_risk,problem_analysis,15,111,105,0.9459,True
0.9,single_risk,problem_analysis,13,73,73,1.0,True
0.9,single_risk,problem_analysis,2,77,75,0.974,True
0.9,single_risk,problem_analysis,30,45,44,0.9778,True
0.9,single_risk,problem_analysis,3,137,135,0.9854,True
0.9,single_risk,problem_analysis,9,36,20,0.5556,False
0.9,single_risk,problem_analysis,36,74,72,0.973,True
0.9,single_risk,problem_analysis,24,177,114,0.6441,False
0.9,single_risk,problem_analysis,6,122,121,0.9918,True
0.9,single_risk,problem_analysis,34,194,149,0.768,False
0.9,single_risk,problem_analysis,35,51,51,1.0,True
0.9,single_risk,problem_analysis,1,76,73,0.9605,True
0.9,single_risk,problem_analysis,10,110,108,0.9818,True
0.9,single_risk,problem_analysis,12,20,20,1.0,True
0.9,single_risk,problem_analysis,11,191,158,0.8272,True
0.9,single_risk,problem_analysis,5,162,142,0.8765,True
0.9,single_risk,problem_analysis,18,61,59,0.9672,True
0.9,single_risk,problem_analysis,14,104,95,0.9135,True
0.9,single_risk,problem_analysis,16,124,124,1.0,True
0.9,single_risk,problem_analysis,39,22,18,0.8182,True
0.9,single_risk,problem_analysis,31,82,10,0.122,False
0.9,single_risk,problem_analysis,38,54,54,1.0,True
0.9,single_risk,problem_analysis,26,55,55,1.0,True
0.9,single_risk,problem_analysis,19,21,20,0.9524,True
0.9,single_risk,problem_analysis,37,76,45,0.5921,False
0.9,single_risk,problem_analysis,4,85,58,0.6824,False
0.9,single_risk,problem_analysis,8,38,36,0.9474,True
0.9,single_risk,problem_analysis,17,96,66,0.6875,False
0.9,single_risk,problem_analysis,27,61,50,0.8197,True
0.9,single_risk,problem_analysis,23,38,31,0.8158,True
0.9,single_risk,problem_analysis,32,28,28,1.0,True
0.9,single_risk,problem_analysis,21,83,50,0.6024,False
0.9,single_risk,problem_analysis,28,18,10,0.5556,False
0.9,single_risk,problem_analysis,22,30,29,0.9667,True
0.9,single_risk,problem_analysis,25,15,9,0.6,False
0.9,single_risk,problem_analysis,0,76,76,1.0,True
0.9,single_risk,problem_analysis,7,32,29,0.9062,True
0.9,single_risk,problem_analysis,33,5,0,0.0,False
0.9,single_risk,problem_analysis,20,42,42,1.0,True
0.9,single_risk,problem_analysis,29,21,21,1.0,True
0.9,monotonic,problem_analysis,16,90,82,0.9111,True
0.9,monotonic,problem_analysis,18,40,38,0.95,True
0.9,monotonic,problem_analysis,37,47,46,0.9787,True
0.9,monotonic,problem_analysis,33,96,9,0.0938,False
0.9,monotonic,problem_analysis,26,60,54,0.9,True
0.9,monotonic,problem_analysis,9,87,86,0.9885,True
0.9,monotonic,problem_analysis,12,233,172,0.7382,False
0.9,monotonic,problem_analysis,30,37,20,0.5405,False
0.9,monotonic,problem_analysis,19,52,51,0.9808,True
0.9,monotonic,problem_analysis,3,218,139,0.6376,False
0.9,monotonic,problem_analysis,38,65,36,0.5538,False
0.9,monotonic,problem_analysis,8,92,92,1.0,True
0.9,monotonic,problem_analysis,4,84,82,0.9762,True
0.9,monotonic,problem_analysis,23,102,99,0.9706,True
0.9,monotonic,problem_analysis,10,181,142,0.7845,False
0.9,monotonic,problem_analysis,11,116,99,0.8534,True
0.9,monotonic,problem_analysis,2,64,63,0.9844,True
0.9,monotonic,problem_analysis,0,126,124,0.9841,True
0.9,monotonic,problem_analysis,5,160,160,1.0,True
0.9,monotonic,problem_analysis,17,120,111,0.925,True
0.9,monotonic,problem_analysis,32,21,16,0.7619,False
0.9,monotonic,problem_analysis,34,57,56,0.9825,True
0.9,monotonic,problem_analysis,35,62,62,1.0,True
0.9,monotonic,problem_analysis,1,43,41,0.9535,True
0.9,monotonic,problem_analysis,25,48,47,0.9792,True
0.9,monotonic,problem_analysis,27,19,18,0.9474,True
0.9,monotonic,problem_analysis,6,43,43,1.0,True
0.9,monotonic,problem_analysis,24,67,35,0.5224,False
0.9,monotonic,problem_analysis,31,22,20,0.9091,True
0.9,monotonic,problem_analysis,36,90,66,0.7333,False
0.9,monotonic,problem_analysis,15,75,60,0.8,True
0.9,monotonic,problem_analysis,29,21,15,0.7143,False
0.9,monotonic,problem_analysis,21,26,13,0.5,False
0.9,monotonic,problem_analysis,7,55,55,1.0,True
0.9,monotonic,problem_analysis,20,18,8,0.4444,False
0.9,monotonic,problem_analysis,28,63,37,0.5873,False
0.9,monotonic,problem_analysis,14,25,16,0.64,False
0.9,monotonic,problem_analysis,13,73,72,0.9863,True
0.9,monotonic,problem_analysis,39,8,0,0.0,False
0.9,monotonic,problem_analysis,22,42,42,1.0,True
0.9,both,problem_analysis,14,103,98,0.9515,True
0.9,both,problem_analysis,21,38,36,0.9474,True
0.9,both,problem_analysis,26,39,38,0.9744,True
0.9,both,problem_analysis,0,83,82,0.988,True
0.9,both,problem_analysis,36,83,82,0.988,True
0.9,both,problem_analysis,13,57,44,0.7719,False
0.9,both,problem_analysis,16,91,90,0.989,True
0.9,both,problem_analysis,5,167,108,0.6467,False
0.9,both,problem_analysis,31,88,88,1.0,True
0.9,both,problem_analysis,34,166,127,0.7651,False
0.9,both,problem_analysis,27,43,43,1.0,True
0.9,both,problem_analysis,1,76,74,0.9737,True
0.9,both,problem_analysis,29,102,100,0.9804,True
0.9,both,problem_analysis,20,170,138,0.8118,True
0.9,both,problem_analysis,12,30,28,0.9333,True
0.9,both,problem_analysis,3,114,101,0.886,True
0.9,both,problem_analysis,25,64,63,0.9844,True
0.9,both,problem_analysis,15,108,108,1.0,True
0.9,both,problem_analysis,23,113,107,0.9469,True
0.9,both,problem_analysis,39,49,49,1.0,True
0.9,both,problem_analysis,4,22,18,0.8182,True
0.9,both,problem_analysis,7,85,18,0.2118,False
0.9,both,problem_analysis,24,61,61,1.0,True
0.9,both,problem_analysis,8,146,145,0.9932,True
0.9,both,problem_analysis,32,23,23,1.0,True
0.9,both,problem_analysis,9,54,54,1.0,True
0.9,both,problem_analysis,30,20,19,0.95,True
0.9,both,problem_analysis,28,68,40,0.5882,False
0.9,both,problem_analysis,10,88,62,0.7045,False
0.9,both,problem_analysis,33,26,24,0.9231,True
0.9,both,problem_analysis,17,121,89,0.7355,False
0.9,both,problem_analysis,11,73,61,0.8356,True
0.9,both,problem_analysis,6,36,29,0.8056,True
0.9,both,problem_analysis,19,27,27,1.0,True
0.9,both,problem_analysis,37,16,10,0.625,False
0.9,both,problem_analysis,38,6,5,0.8333,True
0.9,both,problem_analysis,22,55,33,0.6,False
0.9,both,problem_analysis,2,55,54,0.9818,True
0.9,both,problem_analysis,18,19,19,1.0,True
0.9,both,problem_analysis,35,32,32,1.0,True
0.95,unconstrained,problem_analysis,33,100,100,1.0,True
0.95,unconstrained,problem_analysis,31,33,33,1.0,True
0.95,unconstrained,problem_analysis,1,57,56,0.9825,True
0.95,unconstrained,problem_analysis,19,73,72,0.9863,True
0.95,unconstrained,problem_analysis,0,94,94,1.0,True
0.95,unconstrained,problem_analysis,11,75,75,1.0,True
0.95,unconstrained,problem_analysis,10,203,186,0.9163,True
0.95,unconstrained,problem_analysis,29,86,85,0.9884,True
0.95,unconstrained,problem_analysis,18,183,175,0.9563,True
0.95,unconstrained,problem_analysis,25,52,52,1.0,True
0.95,unconstrained,problem_analysis,9,66,65,0.9848,True
0.95,unconstrained,problem_analysis,16,109,109,1.0,True
0.95,unconstrained,problem_analysis,38,19,19,1.0,True
0.95,unconstrained,problem_analysis,8,36,36,1.0,True
0.95,unconstrained,problem_analysis,2,154,154,1.0,True
0.95,unconstrained,problem_analysis,28,93,90,0.9677,True
0.95,unconstrained,problem_analysis,27,59,59,1.0,True
0.95,unconstrained,problem_analysis,4,131,131,1.0,True
0.95,unconstrained,problem_analysis,23,103,101,0.9806,True
0.95,unconstrained,problem_analysis,12,107,107,1.0,True
0.95,unconstrained,problem_analysis,13,46,46,1.0,True
0.95,unconstrained,problem_analysis,22,68,68,1.0,True
0.95,unconstrained,problem_analysis,26,19,19,1.0,True
0.95,unconstrained,problem_analysis,20,32,30,0.9375,True
0.95,unconstrained,problem_analysis,14,105,103,0.981,True
0.95,unconstrained,problem_analysis,5,72,58,0.8056,True
0.95,unconstrained,problem_analysis,15,45,45,1.0,True
0.95,unconstrained,problem_analysis,32,57,56,0.9825,True
0.95,unconstrained,problem_analysis,36,18,18,1.0,True
0.95,unconstrained,problem_analysis,6,30,30,1.0,True
0.95,unconstrained,problem_analysis,34,23,21,0.913,True
0.95,unconstrained,problem_analysis,37,39,39,1.0,True
0.95,unconstrained,problem_analysis,3,88,88,1.0,True
0.95,unconstrained,problem_analysis,21,26,26,1.0,True
0.95,unconstrained,problem_analysis,35,43,43,1.0,True
0.95,unconstrained,problem_analysis,30,17,8,0.4706,False
0.95,unconstrained,problem_analysis,39,5,5,1.0,True
0.95,unconstrained,problem_analysis,7,12,12,1.0,True
0.95,unconstrained,problem_analysis,17,7,7,1.0,True
0.95,unconstrained,problem_analysis,24,9,9,1.0,True
0.95,single_risk,problem_analysis,23,155,155,1.0,True
0.95,single_risk,problem_analysis,29,30,30,1.0,True
0.95,single_risk,problem_analysis,5,54,54,1.0,True
0.95,single_risk,problem_analysis,18,56,56,1.0,True
0.95,single_risk,problem_analysis,34,44,44,1.0,True
0.95,single_risk,problem_analysis,9,55,55,1.0,True
0.95,single_risk,problem_analysis,10,76,76,1.0,True
0.95,single_risk,problem_analysis,21,172,169,0.9826,True
0.95,single_risk,problem_analysis,7,93,93,1.0,True
0.95,single_risk,problem_analysis,2,182,179,0.9835,True
0.95,single_risk,problem_analysis,35,44,44,1.0,True
0.95,single_risk,problem_analysis,24,52,52,1.0,True
0.95,single_risk,problem_analysis,3,66,65,0.9848,True
0.95,single_risk,problem_analysis,12,109,109,1.0,True
0.95,single_risk,problem_analysis,17,84,84,1.0,True
0.95,single_risk,problem_analysis,26,30,30,1.0,True
0.95,single_risk,problem_analysis,39,81,81,1.0,True
0.95,single_risk,problem_analysis,13,96,96,1.0,True
0.95,single_risk,problem_analysis,31,52,52,1.0,True
0.95,single_risk,problem_analysis,11,90,90,1.0,True
0.95,single_risk,problem_analysis,14,133,133,1.0,True
0.95,single_risk,problem_analysis,28,50,50,1.0,True
0.95,single_risk,problem_analysis,20,53,53,1.0,True
0.95,single_risk,problem_analysis,4,39,39,1.0,True
0.95,single_risk,problem_analysis,30,18,18,1.0,True
0.95,single_risk,problem_analysis,19,26,26,1.0,True
0.95,single_risk,problem_analysis,8,85,85,1.0,True
0.95,single_risk,problem_analysis,0,66,66,1.0,True
0.95,single_risk,problem_analysis,15,44,44,1.0,True
0.95,single_risk,problem_analysis,25,30,30,1.0,True
0.95,single_risk,problem_analysis,32,22,22,1.0,True
0.95,single_risk,problem_analysis,22,37,37,1.0,True
0.95,single_risk,problem_analysis,16,54,54,1.0,True
0.95,single_risk,problem_analysis,38,44,44,1.0,True
0.95,single_risk,problem_analysis,6,36,36,1.0,True
0.95,single_risk,problem_analysis,27,68,68,1.0,True
0.95,single_risk,problem_analysis,33,28,28,1.0,True
0.95,single_risk,problem_analysis,1,22,22,1.0,True
0.95,single_risk,problem_analysis,37,8,8,1.0,True
0.95,single_risk,problem_analysis,36,3,3,1.0,True
0.95,monotonic,problem_analysis,6,98,98,1.0,True
0.95,monotonic,problem_analysis,33,30,30,1.0,True
0.95,monotonic,problem_analysis,10,45,45,1.0,True
0.95,monotonic,problem_analysis,38,111,111,1.0,True
0.95,monotonic,problem_analysis,2,70,70,1.0,True
0.95,monotonic,problem_analysis,28,52,52,1.0,True
0.95,monotonic,problem_analysis,26,52,52,1.0,True
0.95,monotonic,problem_analysis,18,71,71,1.0,True
0.95,monotonic,problem_analysis,4,167,162,0.9701,True
0.95,monotonic,problem_analysis,35,86,86,1.0,True
0.95,monotonic,problem_analysis,12,190,187,0.9842,True
0.95,monotonic,problem_analysis,27,38,38,1.0,True
0.95,monotonic,problem_analysis,23,50,50,1.0,True
0.95,monotonic,problem_analysis,30,59,58,0.9831,True
0.95,monotonic,problem_analysis,13,102,102,1.0,True
0.95,monotonic,problem_analysis,32,21,21,1.0,True
0.95,monotonic,problem_analysis,11,26,26,1.0,True
0.95,monotonic,problem_analysis,14,40,40,1.0,True
0.95,monotonic,problem_analysis,3,116,116,1.0,True
0.95,monotonic,problem_analysis,19,62,62,1.0,True
0.95,monotonic,problem_analysis,5,101,101,1.0,True
0.95,monotonic,problem_analysis,0,127,127,1.0,True
0.95,monotonic,problem_analysis,22,51,51,1.0,True
0.95,monotonic,problem_analysis,8,111,111,1.0,True
0.95,monotonic,problem_analysis,15,35,35,1.0,True
0.95,monotonic,problem_analysis,37,38,38,1.0,True
0.95,monotonic,problem_analysis,31,19,19,1.0,True
0.95,monotonic,problem_analysis,17,23,23,1.0,True
0.95,monotonic,problem_analysis,21,73,73,1.0,True
0.95,monotonic,problem_analysis,24,63,63,1.0,True
0.95,monotonic,problem_analysis,1,37,37,1.0,True
0.95,monotonic,problem_analysis,20,29,29,1.0,True
0.95,monotonic,problem_analysis,36,36,36,1.0,True
0.95,monotonic,problem_analysis,9,23,23,1.0,True
0.95,monotonic,problem_analysis,16,69,69,1.0,True
0.95,monotonic,problem_analysis,7,28,28,1.0,True
0.95,monotonic,problem_analysis,34,21,21,1.0,True
0.95,monotonic,problem_analysis,39,9,9,1.0,True
0.95,monotonic,problem_analysis,29,44,44,1.0,True
0.95,monotonic,problem_analysis,25,15,15,1.0,True
0.95,both,problem_analysis,39,86,86,1.0,True
0.95,both,problem_analysis,1,73,73,1.0,True
0.95,both,problem_analysis,10,50,50,1.0,True
0.95,both,problem_analysis,4,157,157,1.0,True
0.95,both,problem_analysis,12,80,80,1.0,True
0.95,both,problem_analysis,20,86,85,0.9884,True
0.95,both,problem_analysis,37,67,67,1.0,True
0.95,both,problem_analysis,24,166,163,0.9819,True
0.95,both,problem_analysis,7,106,106,1.0,True
0.95,both,problem_analysis,31,162,160,0.9877,True
0.95,both,problem_analysis,28,40,40,1.0,True
0.95,both,problem_analysis,34,65,64,0.9846,True
0.95,both,problem_analysis,13,100,100,1.0,True
0.95,both,problem_analysis,21,33,33,1.0,True
0.95,both,problem_analysis,36,93,93,1.0,True
0.95,both,problem_analysis,11,62,62,1.0,True
0.95,both,problem_analysis,5,94,94,1.0,True
0.95,both,problem_analysis,6,124,124,1.0,True
0.95,both,problem_analysis,26,50,50,1.0,True
0.95,both,problem_analysis,3,129,129,1.0,True
0.95,both,problem_analysis,15,36,36,1.0,True
0.95,both,problem_analysis,22,52,52,1.0,True
0.95,both,problem_analysis,19,36,36,1.0,True
0.95,both,problem_analysis,14,20,20,1.0,True
0.95,both,problem_analysis,0,15,15,1.0,True
0.95,both,problem_analysis,9,79,79,1.0,True
0.95,both,problem_analysis,35,27,27,1.0,True
0.95,both,problem_analysis,17,52,52,1.0,True
0.95,both,problem_analysis,8,34,34,1.0,True
0.95,both,problem_analysis,32,28,28,1.0,True
0.95,both,problem_analysis,2,71,71,1.0,True
0.95,both,problem_analysis,18,29,29,1.0,True
0.95,both,problem_analysis,23,21,21,1.0,True
0.95,both,problem_analysis,38,9,9,1.0,True
0.95,both,problem_analysis,27,19,19,1.0,True
0.95,both,problem_analysis,29,43,43,1.0,True
0.95,both,problem_analysis,16,20,20,1.0,True
0.95,both,problem_analysis,25,14,14,1.0,True
0.95,both,problem_analysis,30,3,3,1.0,True
0.95,both,problem_analysis,33,5,5,1.0,True
EDGE,unconstrained,theoretical_insight,24,26,26,1.0,True
EDGE,unconstrained,theoretical_insight,39,23,23,1.0,True
EDGE,unconstrained,theoretical_insight,32,78,78,1.0,True
EDGE,unconstrained,theoretical_insight,3,43,43,1.0,True
EDGE,unconstrained,theoretical_insight,9,81,81,1.0,True
EDGE,unconstrained,theoretical_insight,15,128,128,1.0,True
EDGE,unconstrained,theoretical_insight,33,37,37,1.0,True
EDGE,unconstrained,theoretical_insight,11,117,117,1.0,True
EDGE,unconstrained,theoretical_insight,1,122,122,1.0,True
EDGE,unconstrained,theoretical_insight,12,92,92,1.0,True
EDGE,unconstrained,theoretical_insight,4,96,96,1.0,True
EDGE,unconstrained,theoretical_insight,36,29,29,1.0,True
EDGE,unconstrained,theoretical_insight,34,45,45,1.0,True
EDGE,unconstrained,theoretical_insight,17,110,110,1.0,True
EDGE,unconstrained,theoretical_insight,0,119,119,1.0,True
EDGE,unconstrained,theoretical_insight,7,68,68,1.0,True
EDGE,unconstrained,theoretical_insight,14,68,68,1.0,True
EDGE,unconstrained,theoretical_insight,6,173,173,1.0,True
EDGE,unconstrained,theoretical_insight,23,86,86,1.0,True
EDGE,unconstrained,theoretical_insight,37,54,54,1.0,True
EDGE,unconstrained,theoretical_insight,16,68,68,1.0,True
EDGE,unconstrained,theoretical_insight,35,13,13,1.0,True
EDGE,unconstrained,theoretical_insight,22,42,42,1.0,True
EDGE,unconstrained,theoretical_insight,27,18,18,1.0,True
EDGE,unconstrained,theoretical_insight,2,69,69,1.0,True
EDGE,unconstrained,theoretical_insight,21,32,32,1.0,True
EDGE,unconstrained,theoretical_insight,18,84,84,1.0,True
EDGE,unconstrained,theoretical_insight,28,10,10,1.0,True
EDGE,unconstrained,theoretical_insight,13,89,89,1.0,True
EDGE,unconstrained,theoretical_insight,31,8,8,1.0,True
EDGE,unconstrained,theoretical_insight,25,25,25,1.0,True
EDGE,unconstrained,theoretical_insight,38,2,2,1.0,True
EDGE,unconstrained,theoretical_insight,10,60,60,1.0,True
EDGE,unconstrained,theoretical_insight,20,49,49,1.0,True
EDGE,unconstrained,theoretical_insight,30,18,18,1.0,True
EDGE,unconstrained,theoretical_insight,5,27,27,1.0,True
EDGE,unconstrained,theoretical_insight,26,7,7,1.0,True
EDGE,unconstrained,theoretical_insight,29,12,12,1.0,True
EDGE,unconstrained,theoretical_insight,19,7,7,1.0,True
EDGE,unconstrained,theoretical_insight,8,12,12,1.0,True
EDGE,single_risk,theoretical_insight,15,43,43,1.0,True
EDGE,single_risk,theoretical_insight,33,23,23,1.0,True
EDGE,single_risk,theoretical_insight,21,82,82,1.0,True
EDGE,single_risk,theoretical_insight,10,58,58,1.0,True
EDGE,single_risk,theoretical_insight,31,11,11,1.0,True
EDGE,single_risk,theoretical_insight,7,55,55,1.0,True
EDGE,single_risk,theoretical_insight,12,124,124,1.0,True
EDGE,single_risk,theoretical_insight,35,34,34,1.0,True
EDGE,single_risk,theoretical_insight,11,118,118,1.0,True
EDGE,single_risk,theoretical_insight,18,139,139,1.0,True
EDGE,single_risk,theoretical_insight,6,82,82,1.0,True
EDGE,single_risk,theoretical_insight,24,44,44,1.0,True
EDGE,single_risk,theoretical_insight,28,19,19,1.0,True
EDGE,single_risk,theoretical_insight,19,45,45,1.0,True
EDGE,single_risk,theoretical_insight,13,116,116,1.0,True
EDGE,single_risk,theoretical_insight,0,115,115,1.0,True
EDGE,single_risk,theoretical_insight,4,55,55,1.0,True
EDGE,single_risk,theoretical_insight,1,203,203,1.0,True
EDGE,single_risk,theoretical_insight,27,85,85,1.0,True
EDGE,single_risk,theoretical_insight,20,64,64,1.0,True
EDGE,single_risk,theoretical_insight,37,53,53,1.0,True
EDGE,single_risk,theoretical_insight,3,106,106,1.0,True
EDGE,single_risk,theoretical_insight,8,47,47,1.0,True
EDGE,single_risk,theoretical_insight,23,39,39,1.0,True
EDGE,single_risk,theoretical_insight,5,22,22,1.0,True
EDGE,single_risk,theoretical_insight,14,81,81,1.0,True
EDGE,single_risk,theoretical_insight,39,20,20,1.0,True
EDGE,single_risk,theoretical_insight,17,86,86,1.0,True
EDGE,single_risk,theoretical_insight,25,22,22,1.0,True
EDGE,single_risk,theoretical_insight,38,2,2,1.0,True
EDGE,single_risk,theoretical_insight,29,56,56,1.0,True
EDGE,single_risk,theoretical_insight,16,65,65,1.0,True
EDGE,single_risk,theoretical_insight,9,35,35,1.0,True
EDGE,single_risk,theoretical_insight,22,25,25,1.0,True
EDGE,single_risk,theoretical_insight,34,26,26,1.0,True
EDGE,single_risk,theoretical_insight,26,7,7,1.0,True
EDGE,single_risk,theoretical_insight,32,15,15,1.0,True
EDGE,single_risk,theoretical_insight,36,4,4,1.0,True
EDGE,single_risk,theoretical_insight,2,14,14,1.0,True
EDGE,single_risk,theoretical_insight,30,2,2,1.0,True
EDGE,monotonic,theoretical_insight,14,35,35,1.0,True
EDGE,monotonic,theoretical_insight,31,25,25,1.0,True
EDGE,monotonic,theoretical_insight,38,77,77,1.0,True
EDGE,monotonic,theoretical_insight,0,124,124,1.0,True
EDGE,monotonic,theoretical_insight,1,32,32,1.0,True
EDGE,monotonic,theoretical_insight,9,75,75,1.0,True
EDGE,monotonic,theoretical_insight,6,98,98,1.0,True
EDGE,monotonic,theoretical_insight,33,119,119,1.0,True
EDGE,monotonic,theoretical_insight,13,124,124,1.0,True
EDGE,monotonic,theoretical_insight,18,80,80,1.0,True
EDGE,monotonic,theoretical_insight,36,39,39,1.0,True
EDGE,monotonic,theoretical_insight,28,28,28,1.0,True
EDGE,monotonic,theoretical_insight,23,45,45,1.0,True
EDGE,monotonic,theoretical_insight,10,112,112,1.0,True
EDGE,monotonic,theoretical_insight,25,96,96,1.0,True
EDGE,monotonic,theoretical_insight,3,63,63,1.0,True
EDGE,monotonic,theoretical_insight,26,166,166,1.0,True
EDGE,monotonic,theoretical_insight,5,112,112,1.0,True
EDGE,monotonic,theoretical_insight,7,74,74,1.0,True
EDGE,monotonic,theoretical_insight,16,36,36,1.0,True
EDGE,monotonic,theoretical_insight,4,65,65,1.0,True
EDGE,monotonic,theoretical_insight,12,64,64,1.0,True
EDGE,monotonic,theoretical_insight,11,35,35,1.0,True
EDGE,monotonic,theoretical_insight,22,19,19,1.0,True
EDGE,monotonic,theoretical_insight,8,62,62,1.0,True
EDGE,monotonic,theoretical_insight,15,59,59,1.0,True
EDGE,monotonic,theoretical_insight,35,40,40,1.0,True
EDGE,monotonic,theoretical_insight,32,21,21,1.0,True
EDGE,monotonic,theoretical_insight,37,34,34,1.0,True
EDGE,monotonic,theoretical_insight,30,14,14,1.0,True
EDGE,monotonic,theoretical_insight,21,3,3,1.0,True
EDGE,monotonic,theoretical_insight,19,51,51,1.0,True
EDGE,monotonic,theoretical_insight,29,40,40,1.0,True
EDGE,monotonic,theoretical_insight,2,16,16,1.0,True
EDGE,monotonic,theoretical_insight,20,50,50,1.0,True
EDGE,monotonic,theoretical_insight,17,26,26,1.0,True
EDGE,monotonic,theoretical_insight,34,10,10,1.0,True
EDGE,monotonic,theoretical_insight,27,4,4,1.0,True
EDGE,monotonic,theoretical_insight,24,8,8,1.0,True
EDGE,monotonic,theoretical_insight,39,13,13,1.0,True
EDGE,both,theoretical_insight,14,35,35,1.0,True
EDGE,both,theoretical_insight,31,25,25,1.0,True
EDGE,both,theoretical_insight,38,77,77,1.0,True
EDGE,both,theoretical_insight,0,124,124,1.0,True
EDGE,both,theoretical_insight,1,32,32,1.0,True
EDGE,both,theoretical_insight,9,75,75,1.0,True
EDGE,both,theoretical_insight,6,98,98,1.0,True
EDGE,both,theoretical_insight,33,119,119,1.0,True
EDGE,both,theoretical_insight,13,124,124,1.0,True
EDGE,both,theoretical_insight,18,80,80,1.0,True
EDGE,both,theoretical_insight,36,39,39,1.0,True
EDGE,both,theoretical_insight,28,28,28,1.0,True
EDGE,both,theoretical_insight,23,45,45,1.0,True
EDGE,both,theoretical_insight,10,112,112,1.0,True
EDGE,both,theoretical_insight,25,96,96,1.0,True
EDGE,both,theoretical_insight,3,63,63,1.0,True
EDGE,both,theoretical_insight,26,166,166,1.0,True
EDGE,both,theoretical_insight,5,112,112,1.0,True
EDGE,both,theoretical_insight,7,74,74,1.0,True
EDGE,both,theoretical_insight,16,36,36,1.0,True
EDGE,both,theoretical_insight,4,65,65,1.0,True
EDGE,both,theoretical_insight,12,64,64,1.0,True
EDGE,both,theoretical_insight,11,35,35,1.0,True
EDGE,both,theoretical_insight,22,19,19,1.0,True
EDGE,both,theoretical_insight,8,62,62,1.0,True
EDGE,both,theoretical_insight,15,59,59,1.0,True
EDGE,both,theoretical_insight,35,40,40,1.0,True
EDGE,both,theoretical_insight,32,21,21,1.0,True
EDGE,both,theoretical_insight,37,34,34,1.0,True
EDGE,both,theoretical_insight,30,14,14,1.0,True
EDGE,both,theoretical_insight,21,3,3,1.0,True
EDGE,both,theoretical_insight,19,51,51,1.0,True
EDGE,both,theoretical_insight,29,40,40,1.0,True
EDGE,both,theoretical_insight,2,16,16,1.0,True
EDGE,both,theoretical_insight,20,50,50,1.0,True
EDGE,both,theoretical_insight,17,26,26,1.0,True
EDGE,both,theoretical_insight,34,10,10,1.0,True
EDGE,both,theoretical_insight,27,4,4,1.0,True
EDGE,both,theoretical_insight,24,8,8,1.0,True
EDGE,both,theoretical_insight,39,13,13,1.0,True
0.8,unconstrained,theoretical_insight,26,275,163,0.5927,False
0.8,unconstrained,theoretical_insight,7,78,18,0.2308,False
0.8,unconstrained,theoretical_insight,6,101,91,0.901,True
0.8,unconstrained,theoretical_insight,21,123,62,0.5041,False
0.8,unconstrained,theoretical_insight,15,24,4,0.1667,False
0.8,unconstrained,theoretical_insight,23,214,55,0.257,False
0.8,unconstrained,theoretical_insight,19,206,178,0.8641,True
0.8,unconstrained,theoretical_insight,0,271,122,0.4502,False
0.8,unconstrained,theoretical_insight,11,235,89,0.3787,False
0.8,unconstrained,theoretical_insight,39,198,90,0.4545,False
0.8,unconstrained,theoretical_insight,33,7,0,0.0,False
0.8,unconstrained,theoretical_insight,3,211,160,0.7583,False
0.8,unconstrained,theoretical_insight,37,180,126,0.7,False
0.8,unconstrained,theoretical_insight,18,53,40,0.7547,False
0.8,unconstrained,theoretical_insight,1,172,106,0.6163,False
0.8,unconstrained,theoretical_insight,34,105,38,0.3619,False
0.8,unconstrained,theoretical_insight,10,362,101,0.279,False
0.8,unconstrained,theoretical_insight,38,171,127,0.7427,False
0.8,unconstrained,theoretical_insight,29,83,51,0.6145,False
0.8,unconstrained,theoretical_insight,4,100,78,0.78,False
0.8,unconstrained,theoretical_insight,5,28,16,0.5714,False
0.8,unconstrained,theoretical_insight,8,27,18,0.6667,False
0.8,unconstrained,theoretical_insight,9,225,88,0.3911,False
0.8,unconstrained,theoretical_insight,12,105,24,0.2286,False
0.8,unconstrained,theoretical_insight,27,81,34,0.4198,False
0.8,unconstrained,theoretical_insight,30,8,3,0.375,False
0.8,unconstrained,theoretical_insight,16,122,38,0.3115,False
0.8,unconstrained,theoretical_insight,32,52,20,0.3846,False
0.8,unconstrained,theoretical_insight,2,88,9,0.1023,False
0.8,unconstrained,theoretical_insight,20,128,50,0.3906,False
0.8,unconstrained,theoretical_insight,28,120,66,0.55,False
0.8,unconstrained,theoretical_insight,25,112,63,0.5625,False
0.8,unconstrained,theoretical_insight,22,26,2,0.0769,False
0.8,unconstrained,theoretical_insight,31,32,1,0.0312,False
0.8,unconstrained,theoretical_insight,13,15,12,0.8,True
0.8,unconstrained,theoretical_insight,36,12,5,0.4167,False
0.8,unconstrained,theoretical_insight,17,22,21,0.9545,True
0.8,unconstrained,theoretical_insight,24,10,10,1.0,True
0.8,unconstrained,theoretical_insight,14,49,23,0.4694,False
0.8,unconstrained,theoretical_insight,35,31,4,0.129,False
0.8,single_risk,theoretical_insight,5,130,96,0.7385,False
0.8,single_risk,theoretical_insight,11,106,64,0.6038,False
0.8,single_risk,theoretical_insight,26,53,11,0.2075,False
0.8,single_risk,theoretical_insight,21,164,122,0.7439,False
0.8,single_risk,theoretical_insight,6,176,54,0.3068,False
0.8,single_risk,theoretical_insight,1,50,23,0.46,False
0.8,single_risk,theoretical_insight,15,166,149,0.8976,True
0.8,single_risk,theoretical_insight,4,209,98,0.4689,False
0.8,single_risk,theoretical_insight,30,215,129,0.6,False
0.8,single_risk,theoretical_insight,37,43,14,0.3256,False
0.8,single_risk,theoretical_insight,12,227,105,0.4626,False
0.8,single_risk,theoretical_insight,9,139,58,0.4173,False
0.8,single_risk,theoretical_insight,18,147,134,0.9116,True
0.8,single_risk,theoretical_insight,22,191,162,0.8482,True
0.8,single_risk,theoretical_insight,3,251,198,0.7888,False
0.8,single_risk,theoretical_insight,10,41,36,0.878,True
0.8,single_risk,theoretical_insight,25,20,17,0.85,True
0.8,single_risk,theoretical_insight,34,235,57,0.2426,False
0.8,single_risk,theoretical_insight,19,152,75,0.4934,False
0.8,single_risk,theoretical_insight,14,104,30,0.2885,False
0.8,single_risk,theoretical_insight,38,51,34,0.6667,False
0.8,single_risk,theoretical_insight,39,26,14,0.5385,False
0.8,single_risk,theoretical_insight,20,180,82,0.4556,False
0.8,single_risk,theoretical_insight,0,117,27,0.2308,False
0.8,single_risk,theoretical_insight,36,118,74,0.6271,False
0.8,single_risk,theoretical_insight,29,76,33,0.4342,False
0.8,single_risk,theoretical_insight,23,8,3,0.375,False
0.8,single_risk,theoretical_insight,17,111,42,0.3784,False
0.8,single_risk,theoretical_insight,28,50,22,0.44,False
0.8,single_risk,theoretical_insight,8,151,68,0.4503,False
0.8,single_risk,theoretical_insight,31,31,1,0.0323,False
0.8,single_risk,theoretical_insight,13,76,5,0.0658,False
0.8,single_risk,theoretical_insight,16,122,66,0.541,False
0.8,single_risk,theoretical_insight,27,8,5,0.625,False
0.8,single_risk,theoretical_insight,33,21,2,0.0952,False
0.8,single_risk,theoretical_insight,32,46,39,0.8478,True
0.8,single_risk,theoretical_insight,24,43,20,0.4651,False
0.8,single_risk,theoretical_insight,7,23,17,0.7391,False
0.8,single_risk,theoretical_insight,35,8,4,0.5,False
0.8,single_risk,theoretical_insight,2,12,12,1.0,True
0.8,monotonic,theoretical_insight,13,48,38,0.7917,False
0.8,monotonic,theoretical_insight,10,102,63,0.6176,False
0.8,monotonic,theoretical_insight,22,34,5,0.1471,False
0.8,monotonic,theoretical_insight,29,190,111,0.5842,False
0.8,monotonic,theoretical_insight,26,139,48,0.3453,False
0.8,monotonic,theoretical_insight,19,25,9,0.36,False
0.8,monotonic,theoretical_insight,16,176,143,0.8125,True
0.8,monotonic,theoretical_insight,15,166,86,0.5181,False
0.8,monotonic,theoretical_insight,1,147,94,0.6395,False
0.8,monotonic,theoretical_insight,12,225,108,0.48,False
0.8,monotonic,theoretical_insight,14,197,96,0.4873,False
0.8,monotonic,theoretical_insight,20,181,167,0.9227,True
0.8,monotonic,theoretical_insight,8,194,162,0.8351,True
0.8,monotonic,theoretical_insight,6,213,166,0.7793,False
0.8,monotonic,theoretical_insight,5,62,39,0.629,False
0.8,monotonic,theoretical_insight,18,240,69,0.2875,False
0.8,monotonic,theoretical_insight,4,152,128,0.8421,True
0.8,monotonic,theoretical_insight,9,78,53,0.6795,False
0.8,monotonic,theoretical_insight,39,26,16,0.6154,False
0.8,monotonic,theoretical_insight,0,130,80,0.6154,False
0.8,monotonic,theoretical_insight,34,144,75,0.5208,False
0.8,monotonic,theoretical_insight,35,73,34,0.4658,False
0.8,monotonic,theoretical_insight,24,8,3,0.375,False
0.8,monotonic,theoretical_insight,17,102,46,0.451,False
0.8,monotonic,theoretical_insight,32,48,20,0.4167,False
0.8,monotonic,theoretical_insight,7,152,70,0.4605,False
0.8,monotonic,theoretical_insight,31,28,1,0.0357,False
0.8,monotonic,theoretical_insight,27,60,8,0.1333,False
0.8,monotonic,theoretical_insight,30,29,16,0.5517,False
0.8,monotonic,theoretical_insight,3,48,13,0.2708,False
0.8,monotonic,theoretical_insight,21,80,44,0.55,False
0.8,monotonic,theoretical_insight,2,19,14,0.7368,False
0.8,monotonic,theoretical_insight,38,11,4,0.3636,False
0.8,monotonic,theoretical_insight,25,102,45,0.4412,False
0.8,monotonic,theoretical_insight,33,24,2,0.0833,False
0.8,monotonic,theoretical_insight,37,74,24,0.3243,False
0.8,monotonic,theoretical_insight,28,16,5,0.3125,False
0.8,monotonic,theoretical_insight,36,28,25,0.8929,True
0.8,monotonic,theoretical_insight,11,23,21,0.913,True
0.8,monotonic,theoretical_insight,23,20,4,0.2,False
0.8,both,theoretical_insight,34,47,44,0.9362,True
0.8,both,theoretical_insight,6,94,63,0.6702,False
0.8,both,theoretical_insight,33,30,5,0.1667,False
0.8,both,theoretical_insight,16,104,37,0.3558,False
0.8,both,theoretical_insight,14,70,27,0.3857,False
0.8,both,theoretical_insight,2,273,230,0.8425,True
0.8,both,theoretical_insight,1,226,119,0.5265,False
0.8,both,theoretical_insight,37,140,74,0.5286,False
0.8,both,theoretical_insight,30,235,160,0.6809,False
0.8,both,theoretical_insight,7,118,81,0.6864,False
0.8,both,theoretical_insight,8,235,122,0.5191,False
0.8,both,theoretical_insight,3,183,99,0.541,False
0.8,both,theoretical_insight,25,154,145,0.9416,True
0.8,both,theoretical_insight,17,75,67,0.8933,True
0.8,both,theoretical_insight,9,105,93,0.8857,True
0.8,both,theoretical_insight,35,142,106,0.7465,False
0.8,both,theoretical_insight,5,286,91,0.3182,False
0.8,both,theoretical_insight,32,97,38,0.3918,False
0.8,both,theoretical_insight,12,130,113,0.8692,True
0.8,both,theoretical_insight,15,49,40,0.8163,True
0.8,both,theoretical_insight,27,26,16,0.6154,False
0.8,both,theoretical_insight,0,31,25,0.8065,True
0.8,both,theoretical_insight,19,78,38,0.4872,False
0.8,both,theoretical_insight,24,8,3,0.375,False
0.8,both,theoretical_insight,18,83,38,0.4578,False
0.8,both,theoretical_insight,20,43,19,0.4419,False
0.8,both,theoretical_insight,22,29,7,0.2414,False
0.8,both,theoretical_insight,31,25,1,0.04,False
0.8,both,theoretical_insight,26,109,51,0.4679,False
0.8,both,theoretical_insight,28,45,4,0.0889,False
0.8,both,theoretical_insight,11,77,45,0.5844,False
0.8,both,theoretical_insight,29,23,16,0.6957,False
0.8,both,theoretical_insight,39,10,2,0.2,False
0.8,both,theoretical_insight,10,21,20,0.9524,True
0.8,both,theoretical_insight,4,94,76,0.8085,True
0.8,both,theoretical_insight,13,10,6,0.6,False
0.8,both,theoretical_insight,21,10,2,0.2,False
0.8,both,theoretical_insight,38,14,6,0.4286,False
0.8,both,theoretical_insight,36,36,19,0.5278,False
0.8,both,theoretical_insight,23,17,4,0.2353,False
0.85,unconstrained,theoretical_insight,10,122,69,0.5656,False
0.85,unconstrained,theoretical_insight,0,151,102,0.6755,False
0.85,unconstrained,theoretical_insight,16,90,30,0.3333,False
0.85,unconstrained,theoretical_insight,14,257,179,0.6965,False
0.85,unconstrained,theoretical_insight,4,161,138,0.8571,True
0.85,unconstrained,theoretical_insight,38,85,57,0.6706,False
0.85,unconstrained,theoretical_insight,17,171,161,0.9415,True
0.85,unconstrained,theoretical_insight,1,193,110,0.5699,False
0.85,unconstrained,theoretical_insight,23,74,22,0.2973,False
0.85,unconstrained,theoretical_insight,21,91,82,0.9011,True
0.85,unconstrained,theoretical_insight,3,68,52,0.7647,False
0.85,unconstrained,theoretical_insight,30,18,16,0.8889,True
0.85,unconstrained,theoretical_insight,39,139,113,0.8129,True
0.85,unconstrained,theoretical_insight,27,36,1,0.0278,False
0.85,unconstrained,theoretical_insight,12,287,117,0.4077,False
0.85,unconstrained,theoretical_insight,18,131,72,0.5496,False
0.85,unconstrained,theoretical_insight,5,130,124,0.9538,True
0.85,unconstrained,theoretical_insight,22,73,58,0.7945,False
0.85,unconstrained,theoretical_insight,37,78,48,0.6154,False
0.85,unconstrained,theoretical_insight,2,233,199,0.8541,True
0.85,unconstrained,theoretical_insight,8,145,88,0.6069,False
0.85,unconstrained,theoretical_insight,31,9,3,0.3333,False
0.85,unconstrained,theoretical_insight,11,82,41,0.5,False
0.85,unconstrained,theoretical_insight,32,35,18,0.5143,False
0.85,unconstrained,theoretical_insight,29,91,54,0.5934,False
0.85,unconstrained,theoretical_insight,24,61,22,0.3607,False
0.85,unconstrained,theoretical_insight,33,54,41,0.7593,False
0.85,unconstrained,theoretical_insight,7,112,69,0.6161,False
0.85,unconstrained,theoretical_insight,9,64,25,0.3906,False
0.85,unconstrained,theoretical_insight,13,9,8,0.8889,True
0.85,unconstrained,theoretical_insight,20,62,5,0.0806,False
0.85,unconstrained,theoretical_insight,26,33,22,0.6667,False
0.85,unconstrained,theoretical_insight,34,23,22,0.9565,True
0.85,unconstrained,theoretical_insight,36,22,12,0.5455,False
0.85,unconstrained,theoretical_insight,35,11,6,0.5455,False
0.85,unconstrained,theoretical_insight,25,17,5,0.2941,False
0.85,unconstrained,theoretical_insight,28,13,2,0.1538,False
0.85,unconstrained,theoretical_insight,19,43,17,0.3953,False
0.85,unconstrained,theoretical_insight,15,23,5,0.2174,False
0.85,unconstrained,theoretical_insight,6,30,13,0.4333,False
0.85,single_risk,theoretical_insight,23,123,102,0.8293,True
0.85,single_risk,theoretical_insight,28,21,11,0.5238,False
0.85,single_risk,theoretical_insight,5,120,70,0.5833,False
0.85,single_risk,theoretical_insight,2,299,276,0.9231,True
0.85,single_risk,theoretical_insight,27,175,114,0.6514,False
0.85,single_risk,theoretical_insight,13,126,74,0.5873,False
0.85,single_risk,theoretical_insight,17,216,163,0.7546,False
0.85,single_risk,theoretical_insight,4,65,26,0.4,False
0.85,single_risk,theoretical_insight,25,71,25,0.3521,False
0.85,single_risk,theoretical_insight,32,128,124,0.9688,True
0.85,single_risk,theoretical_insight,16,102,100,0.9804,True
0.85,single_risk,theoretical_insight,26,98,93,0.949,True
0.85,single_risk,theoretical_insight,35,28,18,0.6429,False
0.85,single_risk,theoretical_insight,30,12,12,1.0,True
0.85,single_risk,theoretical_insight,38,134,114,0.8507,True
0.85,single_risk,theoretical_insight,1,86,68,0.7907,False
0.85,single_risk,theoretical_insight,9,48,36,0.75,False
0.85,single_risk,theoretical_insight,0,266,122,0.4586,False
0.85,single_risk,theoretical_insight,24,42,40,0.9524,True
0.85,single_risk,theoretical_insight,19,131,54,0.4122,False
0.85,single_risk,theoretical_insight,7,26,16,0.6154,False
0.85,single_risk,theoretical_insight,36,91,68,0.7473,False
0.85,single_risk,theoretical_insight,6,74,70,0.9459,True
0.85,single_risk,theoretical_insight,3,57,37,0.6491,False
0.85,single_risk,theoretical_insight,15,62,37,0.5968,False
0.85,single_risk,theoretical_insight,37,22,21,0.9545,True
0.85,single_risk,theoretical_insight,18,53,29,0.5472,False
0.85,single_risk,theoretical_insight,34,45,20,0.4444,False
0.85,single_risk,theoretical_insight,12,68,51,0.75,False
0.85,single_risk,theoretical_insight,29,65,41,0.6308,False
0.85,single_risk,theoretical_insight,22,31,1,0.0323,False
0.85,single_risk,theoretical_insight,20,53,10,0.1887,False
0.85,single_risk,theoretical_insight,21,47,38,0.8085,True
0.85,single_risk,theoretical_insight,11,27,27,1.0,True
0.85,single_risk,theoretical_insight,31,59,49,0.8305,True
0.85,single_risk,theoretical_insight,10,21,8,0.381,False
0.85,single_risk,theoretical_insight,8,61,40,0.6557,False
0.85,single_risk,theoretical_insight,39,17,17,1.0,True
0.85,single_risk,theoretical_insight,14,7,1,0.1429,False
0.85,single_risk,theoretical_insight,33,19,4,0.2105,False
0.85,monotonic,theoretical_insight,6,105,81,0.7714,False
0.85,monotonic,theoretical_insight,2,105,57,0.5429,False
0.85,monotonic,theoretical_insight,39,154,113,0.7338,False
0.85,monotonic,theoretical_insight,0,128,111,0.8672,True
0.85,monotonic,theoretical_insight,18,72,59,0.8194,True
0.85,monotonic,theoretical_insight,5,109,106,0.9725,True
0.85,monotonic,theoretical_insight,11,181,117,0.6464,False
0.85,monotonic,theoretical_insight,16,121,74,0.6116,False
0.85,monotonic,theoretical_insight,32,38,20,0.5263,False
0.85,monotonic,theoretical_insight,25,64,21,0.3281,False
0.85,monotonic,theoretical_insight,20,134,130,0.9701,True
0.85,monotonic,theoretical_insight,34,63,62,0.9841,True
0.85,monotonic,theoretical_insight,30,40,5,0.125,False
0.85,monotonic,theoretical_insight,26,81,78,0.963,True
0.85,monotonic,theoretical_insight,12,55,48,0.8727,True
0.85,monotonic,theoretical_insight,1,120,93,0.775,False
0.85,monotonic,theoretical_insight,31,129,107,0.8295,True
0.85,monotonic,theoretical_insight,37,27,1,0.037,False
0.85,monotonic,theoretical_insight,4,289,148,0.5121,False
0.85,monotonic,theoretical_insight,22,89,83,0.9326,True
0.85,monotonic,theoretical_insight,33,72,59,0.8194,True
0.85,monotonic,theoretical_insight,8,23,14,0.6087,False
0.85,monotonic,theoretical_insight,17,65,62,0.9538,True
0.85,monotonic,theoretical_insight,15,47,22,0.4681,False
0.85,monotonic,theoretical_insight,28,8,3,0.375,False
0.85,monotonic,theoretical_insight,21,52,27,0.5192,False
0.85,monotonic,theoretical_insight,29,28,18,0.6429,False
0.85,monotonic,theoretical_insight,3,101,70,0.6931,False
0.85,monotonic,theoretical_insight,9,75,48,0.64,False
0.85,monotonic,theoretical_insight,7,133,124,0.9323,True
0.85,monotonic,theoretical_insight,10,56,47,0.8393,True
0.85,monotonic,theoretical_insight,13,89,64,0.7191,False
0.85,monotonic,theoretical_insight,14,15,5,0.3333,False
0.85,monotonic,theoretical_insight,24,34,21,0.6176,False
0.85,monotonic,theoretical_insight,36,23,23,1.0,True
0.85,monotonic,theoretical_insight,23,12,7,0.5833,False
0.85,monotonic,theoretical_insight,27,12,3,0.25,False
0.85,monotonic,theoretical_insight,19,32,29,0.9062,True
0.85,monotonic,theoretical_insight,38,30,14,0.4667,False
0.85,monotonic,theoretical_insight,35,5,2,0.4,False
0.85,both,theoretical_insight,5,133,113,0.8496,True
0.85,both,theoretical_insight,24,67,33,0.4925,False
0.85,both,theoretical_insight,9,171,131,0.7661,False
0.85,both,theoretical_insight,3,62,61,0.9839,True
0.85,both,theoretical_insight,26,179,118,0.6592,False
0.85,both,theoretical_insight,2,124,95,0.7661,False
0.85,both,theoretical_insight,30,47,28,0.5957,False
0.85,both,theoretical_insight,21,66,24,0.3636,False
0.85,both,theoretical_insight,13,118,115,0.9746,True
0.85,both,theoretical_insight,19,108,105,0.9722,True
0.85,both,theoretical_insight,15,48,2,0.0417,False
0.85,both,theoretical_insight,29,97,95,0.9794,True
0.85,both,theoretical_insight,11,45,39,0.8667,True
0.85,both,theoretical_insight,6,101,81,0.802,True
0.85,both,theoretical_insight,22,120,102,0.85,True
0.85,both,theoretical_insight,34,65,57,0.8769,True
0.85,both,theoretical_insight,10,199,103,0.5176,False
0.85,both,theoretical_insight,1,103,68,0.6602,False
0.85,both,theoretical_insight,8,100,93,0.93,True
0.85,both,theoretical_insight,12,185,173,0.9351,True
0.85,both,theoretical_insight,4,44,31,0.7045,False
0.85,both,theoretical_insight,32,56,55,0.9821,True
0.85,both,theoretical_insight,36,58,36,0.6207,False
0.85,both,theoretical_insight,28,42,22,0.5238,False
0.85,both,theoretical_insight,25,29,19,0.6552,False
0.85,both,theoretical_insight,31,71,54,0.7606,False
0.85,both,theoretical_insight,0,68,46,0.6765,False
0.85,both,theoretical_insight,35,52,43,0.8269,True
0.85,both,theoretical_insight,14,15,7,0.4667,False
0.85,both,theoretical_insight,18,25,18,0.72,False
0.85,both,theoretical_insight,27,70,54,0.7714,False
0.85,both,theoretical_insight,37,18,18,1.0,True
0.85,both,theoretical_insight,7,52,44,0.8462,True
0.85,both,theoretical_insight,23,15,5,0.3333,False
0.85,both,theoretical_insight,33,16,16,1.0,True
0.85,both,theoretical_insight,16,20,17,0.85,True
0.85,both,theoretical_insight,17,66,45,0.6818,False
0.85,both,theoretical_insight,39,7,6,0.8571,True
0.85,both,theoretical_insight,38,5,2,0.4,False
0.85,both,theoretical_insight,20,2,2,1.0,True
0.9,unconstrained,theoretical_insight,9,76,76,1.0,True
0.9,unconstrained,theoretical_insight,2,138,104,0.7536,False
0.9,unconstrained,theoretical_insight,25,19,8,0.4211,False
0.9,unconstrained,theoretical_insight,6,129,112,0.8682,True
0.9,unconstrained,theoretical_insight,3,70,69,0.9857,True
0.9,unconstrained,theoretical_insight,11,108,97,0.8981,True
0.9,unconstrained,theoretical_insight,33,88,84,0.9545,True
0.9,unconstrained,theoretical_insight,14,30,5,0.1667,False
0.9,unconstrained,theoretical_insight,29,83,57,0.6867,False
0.9,unconstrained,theoretical_insight,39,42,38,0.9048,True
0.9,unconstrained,theoretical_insight,10,155,155,1.0,True
0.9,unconstrained,theoretical_insight,13,101,99,0.9802,True
0.9,unconstrained,theoretical_insight,34,61,59,0.9672,True
0.9,unconstrained,theoretical_insight,23,21,20,0.9524,True
0.9,unconstrained,theoretical_insight,18,46,45,0.9783,True
0.9,unconstrained,theoretical_insight,36,107,106,0.9907,True
0.9,unconstrained,theoretical_insight,4,114,84,0.7368,False
0.9,unconstrained,theoretical_insight,12,239,185,0.7741,False
0.9,unconstrained,theoretical_insight,28,63,60,0.9524,True
0.9,unconstrained,theoretical_insight,30,70,67,0.9571,True
0.9,unconstrained,theoretical_insight,7,143,137,0.958,True
0.9,unconstrained,theoretical_insight,1,125,111,0.888,True
0.9,unconstrained,theoretical_insight,8,65,65,1.0,True
0.9,unconstrained,theoretical_insight,21,24,24,1.0,True
0.9,unconstrained,theoretical_insight,0,35,30,0.8571,True
0.9,unconstrained,theoretical_insight,37,32,22,0.6875,False
0.9,unconstrained,theoretical_insight,19,46,45,0.9783,True
0.9,unconstrained,theoretical_insight,5,73,72,0.9863,True
0.9,unconstrained,theoretical_insight,31,26,1,0.0385,False
0.9,unconstrained,theoretical_insight,27,26,26,1.0,True
0.9,unconstrained,theoretical_insight,15,18,18,1.0,True
0.9,unconstrained,theoretical_insight,38,30,26,0.8667,True
0.9,unconstrained,theoretical_insight,35,43,43,1.0,True
0.9,unconstrained,theoretical_insight,26,42,25,0.5952,False
0.9,unconstrained,theoretical_insight,24,21,21,1.0,True
0.9,unconstrained,theoretical_insight,32,25,22,0.88,True
0.9,unconstrained,theoretical_insight,16,9,6,0.6667,False
0.9,unconstrained,theoretical_insight,22,13,11,0.8462,True
0.9,unconstrained,theoretical_insight,17,5,5,1.0,True
0.9,unconstrained,theoretical_insight,20,1,1,1.0,True
0.9,single_risk,theoretical_insight,37,35,35,1.0,True
0.9,single_risk,theoretical_insight,29,18,18,1.0,True
0.9,single_risk,theoretical_insight,26,87,85,0.977,True
0.9,single_risk,theoretical_insight,15,155,137,0.8839,True
0.9,single_risk,theoretical_insight,39,16,11,0.6875,False
0.9,single_risk,theoretical_insight,35,137,126,0.9197,True
0.9,single_risk,theoretical_insight,2,60,60,1.0,True
0.9,single_risk,theoretical_insight,19,29,9,0.3103,False
0.9,single_risk,theoretical_insight,3,149,146,0.9799,True
0.9,single_risk,theoretical_insight,20,67,67,1.0,True
0.9,single_risk,theoretical_insight,11,70,68,0.9714,True
0.9,single_risk,theoretical_insight,33,19,19,1.0,True
0.9,single_risk,theoretical_insight,7,73,72,0.9863,True
0.9,single_risk,theoretical_insight,30,107,106,0.9907,True
0.9,single_risk,theoretical_insight,28,33,21,0.6364,False
0.9,single_risk,theoretical_insight,21,47,44,0.9362,True
0.9,single_risk,theoretical_insight,1,56,52,0.9286,True
0.9,single_risk,theoretical_insight,5,205,167,0.8146,True
0.9,single_risk,theoretical_insight,6,120,116,0.9667,True
0.9,single_risk,theoretical_insight,25,56,56,1.0,True
0.9,single_risk,theoretical_insight,18,41,40,0.9756,True
0.9,single_risk,theoretical_insight,0,144,138,0.9583,True
0.9,single_risk,theoretical_insight,17,44,34,0.7727,False
0.9,single_risk,theoretical_insight,16,79,75,0.9494,True
0.9,single_risk,theoretical_insight,8,13,13,1.0,True
0.9,single_risk,theoretical_insight,38,23,23,1.0,True
0.9,single_risk,theoretical_insight,9,51,48,0.9412,True
0.9,single_risk,theoretical_insight,14,58,58,1.0,True
0.9,single_risk,theoretical_insight,31,19,1,0.0526,False
0.9,single_risk,theoretical_insight,32,59,46,0.7797,False
0.9,single_risk,theoretical_insight,13,18,18,1.0,True
0.9,single_risk,theoretical_insight,12,70,61,0.8714,True
0.9,single_risk,theoretical_insight,22,29,29,1.0,True
0.9,single_risk,theoretical_insight,36,56,55,0.9821,True
0.9,single_risk,theoretical_insight,4,77,76,0.987,True
0.9,single_risk,theoretical_insight,23,49,48,0.9796,True
0.9,single_risk,theoretical_insight,10,32,32,1.0,True
0.9,single_risk,theoretical_insight,24,6,5,0.8333,True
0.9,single_risk,theoretical_insight,27,10,10,1.0,True
0.9,single_risk,theoretical_insight,34,13,13,1.0,True
0.9,monotonic,theoretical_insight,10,33,33,1.0,True
0.9,monotonic,theoretical_insight,35,23,23,1.0,True
0.9,monotonic,theoretical_insight,14,92,90,0.9783,True
0.9,monotonic,theoretical_insight,26,24,24,1.0,True
0.9,monotonic,theoretical_insight,20,62,50,0.8065,True
0.9,monotonic,theoretical_insight,0,44,35,0.7955,False
0.9,monotonic,theoretical_insight,28,118,103,0.8729,True
0.9,monotonic,theoretical_insight,15,64,64,1.0,True
0.9,monotonic,theoretical_insight,27,145,130,0.8966,True
0.9,monotonic,theoretical_insight,33,16,2,0.125,False
0.9,monotonic,theoretical_insight,32,79,57,0.7215,False
0.9,monotonic,theoretical_insight,12,122,119,0.9754,True
0.9,monotonic,theoretical_insight,8,89,89,1.0,True
0.9,monotonic,theoretical_insight,19,65,64,0.9846,True
0.9,monotonic,theoretical_insight,21,27,26,0.963,True
0.9,monotonic,theoretical_insight,22,46,46,1.0,True
0.9,monotonic,theoretical_insight,34,107,106,0.9907,True
0.9,monotonic,theoretical_insight,39,38,22,0.5789,False
0.9,monotonic,theoretical_insight,7,80,76,0.95,True
0.9,monotonic,theoretical_insight,1,206,189,0.9175,True
0.9,monotonic,theoretical_insight,5,63,60,0.9524,True
0.9,monotonic,theoretical_insight,4,83,83,1.0,True
0.9,monotonic,theoretical_insight,9,60,59,0.9833,True
0.9,monotonic,theoretical_insight,16,43,43,1.0,True
0.9,monotonic,theoretical_insight,2,104,102,0.9808,True
0.9,monotonic,theoretical_insight,11,56,52,0.9286,True
0.9,monotonic,theoretical_insight,36,25,25,1.0,True
0.9,monotonic,theoretical_insight,13,67,67,1.0,True
0.9,monotonic,theoretical_insight,29,21,19,0.9048,True
0.9,monotonic,theoretical_insight,18,54,52,0.963,True
0.9,monotonic,theoretical_insight,3,77,76,0.987,True
0.9,monotonic,theoretical_insight,6,65,65,1.0,True
0.9,monotonic,theoretical_insight,31,21,1,0.0476,False
0.9,monotonic,theoretical_insight,17,39,39,1.0,True
0.9,monotonic,theoretical_insight,38,27,26,0.963,True
0.9,monotonic,theoretical_insight,37,43,27,0.6279,False
0.9,monotonic,theoretical_insight,25,26,25,0.9615,True
0.9,monotonic,theoretical_insight,24,12,10,0.8333,True
0.9,monotonic,theoretical_insight,23,4,4,1.0,True
0.9,monotonic,theoretical_insight,30,7,7,1.0,True
0.9,both,theoretical_insight,10,92,88,0.9565,True
0.9,both,theoretical_insight,35,23,23,1.0,True
0.9,both,theoretical_insight,0,93,91,0.9785,True
0.9,both,theoretical_insight,29,24,24,1.0,True
0.9,both,theoretical_insight,26,142,129,0.9085,True
0.9,both,theoretical_insight,39,41,37,0.9024,True
0.9,both,theoretical_insight,7,150,131,0.8733,True
0.9,both,theoretical_insight,21,59,59,1.0,True
0.9,both,theoretical_insight,23,15,2,0.1333,False
0.9,both,theoretical_insight,1,164,161,0.9817,True
0.9,both,theoretical_insight,9,78,77,0.9872,True
0.9,both,theoretical_insight,22,95,94,0.9895,True
0.9,both,theoretical_insight,27,25,25,1.0,True
0.9,both,theoretical_insight,25,46,46,1.0,True
0.9,both,theoretical_insight,14,116,115,0.9914,True
0.9,both,theoretical_insight,32,37,24,0.6486,False
0.9,both,theoretical_insight,3,225,204,0.9067,True
0.9,both,theoretical_insight,16,79,75,0.9494,True
0.9,both,theoretical_insight,13,53,52,0.9811,True
0.9,both,theoretical_insight,5,76,76,1.0,True
0.9,both,theoretical_insight,6,52,49,0.9423,True
0.9,both,theoretical_insight,34,43,43,1.0,True
0.9,both,theoretical_insight,37,19,18,0.9474,True
0.9,both,theoretical_insight,15,58,58,1.0,True
0.9,both,theoretical_insight,12,61,61,1.0,True
0.9,both,theoretical_insight,31,15,1,0.0667,False
0.9,both,theoretical_insight,2,92,79,0.8587,True
0.9,both,theoretical_insight,36,25,25,1.0,True
0.9,both,theoretical_insight,8,8,7,0.875,True
0.9,both,theoretical_insight,30,45,45,1.0,True
0.9,both,theoretical_insight,24,18,18,1.0,True
0.9,both,theoretical_insight,19,65,64,0.9846,True
0.9,both,theoretical_insight,17,53,50,0.9434,True
0.9,both,theoretical_insight,4,23,22,0.9565,True
0.9,both,theoretical_insight,38,37,37,1.0,True
0.9,both,theoretical_insight,33,39,29,0.7436,False
0.9,both,theoretical_insight,20,25,25,1.0,True
0.9,both,theoretical_insight,11,12,12,1.0,True
0.9,both,theoretical_insight,28,3,3,1.0,True
0.9,both,theoretical_insight,18,11,11,1.0,True
0.95,unconstrained,theoretical_insight,10,41,41,1.0,True
0.95,unconstrained,theoretical_insight,25,22,22,1.0,True
0.95,unconstrained,theoretical_insight,31,82,81,0.9878,True
0.95,unconstrained,theoretical_insight,15,55,53,0.9636,True
0.95,unconstrained,theoretical_insight,5,55,51,0.9273,True
0.95,unconstrained,theoretical_insight,27,58,58,1.0,True
0.95,unconstrained,theoretical_insight,6,137,134,0.9781,True
0.95,unconstrained,theoretical_insight,28,111,108,0.973,True
0.95,unconstrained,theoretical_insight,7,130,130,1.0,True
0.95,unconstrained,theoretical_insight,4,85,85,1.0,True
0.95,unconstrained,theoretical_insight,0,104,104,1.0,True
0.95,unconstrained,theoretical_insight,30,19,19,1.0,True
0.95,unconstrained,theoretical_insight,26,63,63,1.0,True
0.95,unconstrained,theoretical_insight,17,110,110,1.0,True
0.95,unconstrained,theoretical_insight,9,110,109,0.9909,True
0.95,unconstrained,theoretical_insight,8,61,61,1.0,True
0.95,unconstrained,theoretical_insight,33,100,100,1.0,True
0.95,unconstrained,theoretical_insight,13,161,158,0.9814,True
0.95,unconstrained,theoretical_insight,22,86,86,1.0,True
0.95,unconstrained,theoretical_insight,23,58,58,1.0,True
0.95,unconstrained,theoretical_insight,16,55,55,1.0,True
0.95,unconstrained,theoretical_insight,36,13,13,1.0,True
0.95,unconstrained,theoretical_insight,24,36,36,1.0,True
0.95,unconstrained,theoretical_insight,18,10,10,1.0,True
0.95,unconstrained,theoretical_insight,12,35,35,1.0,True
0.95,unconstrained,theoretical_insight,39,7,7,1.0,True
0.95,unconstrained,theoretical_insight,37,19,19,1.0,True
0.95,unconstrained,theoretical_insight,11,77,77,1.0,True
0.95,unconstrained,theoretical_insight,29,9,9,1.0,True
0.95,unconstrained,theoretical_insight,1,44,44,1.0,True
0.95,unconstrained,theoretical_insight,3,108,107,0.9907,True
0.95,unconstrained,theoretical_insight,14,56,56,1.0,True
0.95,unconstrained,theoretical_insight,2,42,42,1.0,True
0.95,unconstrained,theoretical_insight,38,35,35,1.0,True
0.95,unconstrained,theoretical_insight,20,26,26,1.0,True
0.95,unconstrained,theoretical_insight,34,4,4,1.0,True
0.95,unconstrained,theoretical_insight,32,13,13,1.0,True
0.95,unconstrained,theoretical_insight,35,14,14,1.0,True
0.95,unconstrained,theoretical_insight,21,11,11,1.0,True
0.95,unconstrained,theoretical_insight,19,2,2,1.0,True
0.95,single_risk,theoretical_insight,4,50,50,1.0,True
0.95,single_risk,theoretical_insight,21,26,26,1.0,True
0.95,single_risk,theoretical_insight,1,89,89,1.0,True
0.95,single_risk,theoretical_insight,9,49,49,1.0,True
0.95,single_risk,theoretical_insight,28,12,12,1.0,True
0.95,single_risk,theoretical_insight,0,147,147,1.0,True
0.95,single_risk,theoretical_insight,10,147,147,1.0,True
0.95,single_risk,theoretical_insight,6,147,145,0.9864,True
0.95,single_risk,theoretical_insight,15,124,124,1.0,True
0.95,single_risk,theoretical_insight,26,73,73,1.0,True
0.95,single_risk,theoretical_insight,17,124,124,1.0,True
0.95,single_risk,theoretical_insight,19,27,27,1.0,True
0.95,single_risk,theoretical_insight,34,44,44,1.0,True
0.95,single_risk,theoretical_insight,5,94,94,1.0,True
0.95,single_risk,theoretical_insight,32,58,58,1.0,True
0.95,single_risk,theoretical_insight,29,103,103,1.0,True
0.95,single_risk,theoretical_insight,30,106,105,0.9906,True
0.95,single_risk,theoretical_insight,11,83,83,1.0,True
0.95,single_risk,theoretical_insight,12,66,66,1.0,True
0.95,single_risk,theoretical_insight,16,70,70,1.0,True
0.95,single_risk,theoretical_insight,22,17,17,1.0,True
0.95,single_risk,theoretical_insight,13,37,37,1.0,True
0.95,single_risk,theoretical_insight,23,18,18,1.0,True
0.95,single_risk,theoretical_insight,3,75,75,1.0,True
0.95,single_risk,theoretical_insight,35,7,7,1.0,True
0.95,single_risk,theoretical_insight,37,19,19,1.0,True
0.95,single_risk,theoretical_insight,8,109,109,1.0,True
0.95,single_risk,theoretical_insight,18,21,21,1.0,True
0.95,single_risk,theoretical_insight,27,3,3,1.0,True
0.95,single_risk,theoretical_insight,24,19,19,1.0,True
0.95,single_risk,theoretical_insight,14,57,57,1.0,True
0.95,single_risk,theoretical_insight,2,54,54,1.0,True
0.95,single_risk,theoretical_insight,7,17,17,1.0,True
0.95,single_risk,theoretical_insight,20,35,35,1.0,True
0.95,single_risk,theoretical_insight,36,20,20,1.0,True
0.95,single_risk,theoretical_insight,31,24,24,1.0,True
0.95,single_risk,theoretical_insight,25,10,10,1.0,True
0.95,single_risk,theoretical_insight,38,20,20,1.0,True
0.95,single_risk,theoretical_insight,39,32,32,1.0,True
0.95,single_risk,theoretical_insight,33,11,11,1.0,True
0.95,monotonic,theoretical_insight,23,43,43,1.0,True
0.95,monotonic,theoretical_insight,35,24,24,1.0,True
0.95,monotonic,theoretical_insight,2,92,92,1.0,True
0.95,monotonic,theoretical_insight,11,62,62,1.0,True
0.95,monotonic,theoretical_insight,1,140,138,0.9857,True
0.95,monotonic,theoretical_insight,9,65,65,1.0,True
0.95,monotonic,theoretical_insight,29,91,91,1.0,True
0.95,monotonic,theoretical_insight,12,124,124,1.0,True
0.95,monotonic,theoretical_insight,30,65,65,1.0,True
0.95,monotonic,theoretical_insight,13,124,124,1.0,True
0.95,monotonic,theoretical_insight,28,19,19,1.0,True
0.95,monotonic,theoretical_insight,39,45,45,1.0,True
0.95,monotonic,theoretical_insight,5,93,93,1.0,True
0.95,monotonic,theoretical_insight,15,64,64,1.0,True
0.95,monotonic,theoretical_insight,19,141,140,0.9929,True
0.95,monotonic,theoretical_insight,8,118,117,0.9915,True
0.95,monotonic,theoretical_insight,0,93,93,1.0,True
0.95,monotonic,theoretical_insight,3,62,62,1.0,True
0.95,monotonic,theoretical_insight,6,70,70,1.0,True
0.95,monotonic,theoretical_insight,37,25,25,1.0,True
0.95,monotonic,theoretical_insight,38,40,40,1.0,True
0.95,monotonic,theoretical_insight,20,20,20,1.0,True
0.95,monotonic,theoretical_insight,32,53,53,1.0,True
0.95,monotonic,theoretical_insight,14,84,84,1.0,True
0.95,monotonic,theoretical_insight,4,87,87,1.0,True
0.95,monotonic,theoretical_insight,33,19,19,1.0,True
0.95,monotonic,theoretical_insight,7,103,103,1.0,True
0.95,monotonic,theoretical_insight,34,2,2,1.0,True
0.95,monotonic,theoretical_insight,24,41,41,1.0,True
0.95,monotonic,theoretical_insight,10,25,25,1.0,True
0.95,monotonic,theoretical_insight,22,3,3,1.0,True
0.95,monotonic,theoretical_insight,31,31,31,1.0,True
0.95,monotonic,theoretical_insight,36,40,40,1.0,True
0.95,monotonic,theoretical_insight,18,21,21,1.0,True
0.95,monotonic,theoretical_insight,26,7,7,1.0,True
0.95,monotonic,theoretical_insight,17,26,26,1.0,True
0.95,monotonic,theoretical_insight,27,5,5,1.0,True
0.95,monotonic,theoretical_insight,25,18,18,1.0,True
0.95,monotonic,theoretical_insight,21,6,6,1.0,True
0.95,monotonic,theoretical_insight,16,6,6,1.0,True
0.95,both,theoretical_insight,6,40,40,1.0,True
0.95,both,theoretical_insight,33,25,25,1.0,True
0.95,both,theoretical_insight,35,78,78,1.0,True
0.95,both,theoretical_insight,23,6,6,1.0,True
0.95,both,theoretical_insight,0,32,32,1.0,True
0.95,both,theoretical_insight,18,78,78,1.0,True
0.95,both,theoretical_insight,24,147,147,1.0,True
0.95,both,theoretical_insight,5,49,48,0.9796,True
0.95,both,theoretical_insight,34,102,101,0.9902,True
0.95,both,theoretical_insight,1,171,171,1.0,True
0.95,both,theoretical_insight,8,66,66,1.0,True
0.95,both,theoretical_insight,11,128,128,1.0,True
0.95,both,theoretical_insight,26,28,28,1.0,True
0.95,both,theoretical_insight,22,45,45,1.0,True
0.95,both,theoretical_insight,32,55,55,1.0,True
0.95,both,theoretical_insight,20,66,66,1.0,True
0.95,both,theoretical_insight,31,38,38,1.0,True
0.95,both,theoretical_insight,21,172,171,0.9942,True
0.95,both,theoretical_insight,10,78,78,1.0,True
0.95,both,theoretical_insight,27,88,88,1.0,True
0.95,both,theoretical_insight,9,67,67,1.0,True
0.95,both,theoretical_insight,19,50,50,1.0,True
0.95,both,theoretical_insight,7,69,69,1.0,True
0.95,both,theoretical_insight,13,60,60,1.0,True
0.95,both,theoretical_insight,12,33,33,1.0,True
0.95,both,theoretical_insight,2,84,84,1.0,True
0.95,both,theoretical_insight,14,62,62,1.0,True
0.95,both,theoretical_insight,16,54,54,1.0,True
0.95,both,theoretical_insight,38,32,32,1.0,True
0.95,both,theoretical_insight,17,40,40,1.0,True
0.95,both,theoretical_insight,25,3,3,1.0,True
0.95,both,theoretical_insight,3,35,35,1.0,True
0.95,both,theoretical_insight,15,17,17,1.0,True
0.95,both,theoretical_insight,36,44,44,1.0,True
0.95,both,theoretical_insight,29,12,12,1.0,True
0.95,both,theoretical_insight,30,8,8,1.0,True
0.95,both,theoretical_insight,28,6,6,1.0,True
0.95,both,theoretical_insight,37,7,7,1.0,True
0.95,both,theoretical_insight,4,15,15,1.0,True
0.95,both,theoretical_insight,39,6,6,1.0,True
EDGE,unconstrained,design_rationale,1,73,73,1.0,True
EDGE,unconstrained,design_rationale,20,62,62,1.0,True
EDGE,unconstrained,design_rationale,12,71,71,1.0,True
EDGE,unconstrained,design_rationale,6,82,82,1.0,True
EDGE,unconstrained,design_rationale,23,50,50,1.0,True
EDGE,unconstrained,design_rationale,14,174,174,1.0,True
EDGE,unconstrained,design_rationale,7,135,135,1.0,True
EDGE,unconstrained,design_rationale,26,11,11,1.0,True
EDGE,unconstrained,design_rationale,15,80,80,1.0,True
EDGE,unconstrained,design_rationale,25,215,215,1.0,True
EDGE,unconstrained,design_rationale,34,60,60,1.0,True
EDGE,unconstrained,design_rationale,18,32,32,1.0,True
EDGE,unconstrained,design_rationale,27,32,32,1.0,True
EDGE,unconstrained,design_rationale,32,54,54,1.0,True
EDGE,unconstrained,design_rationale,5,72,72,1.0,True
EDGE,unconstrained,design_rationale,2,106,106,1.0,True
EDGE,unconstrained,design_rationale,9,23,23,1.0,True
EDGE,unconstrained,design_rationale,13,103,103,1.0,True
EDGE,unconstrained,design_rationale,16,68,68,1.0,True
EDGE,unconstrained,design_rationale,3,108,108,1.0,True
EDGE,unconstrained,design_rationale,4,59,59,1.0,True
EDGE,unconstrained,design_rationale,19,68,68,1.0,True
EDGE,unconstrained,design_rationale,10,27,27,1.0,True
EDGE,unconstrained,design_rationale,21,37,37,1.0,True
EDGE,unconstrained,design_rationale,33,49,49,1.0,True
EDGE,unconstrained,design_rationale,8,43,43,1.0,True
EDGE,unconstrained,design_rationale,37,24,24,1.0,True
EDGE,unconstrained,design_rationale,24,84,84,1.0,True
EDGE,unconstrained,design_rationale,31,24,24,1.0,True
EDGE,unconstrained,design_rationale,0,41,41,1.0,True
EDGE,unconstrained,design_rationale,17,59,59,1.0,True
EDGE,unconstrained,design_rationale,11,38,38,1.0,True
EDGE,unconstrained,design_rationale,22,15,15,1.0,True
EDGE,unconstrained,design_rationale,35,11,11,1.0,True
EDGE,unconstrained,design_rationale,29,6,6,1.0,True
EDGE,unconstrained,design_rationale,36,8,8,1.0,True
EDGE,unconstrained,design_rationale,28,14,14,1.0,True
EDGE,unconstrained,design_rationale,39,32,32,1.0,True
EDGE,unconstrained,design_rationale,30,7,7,1.0,True
EDGE,unconstrained,design_rationale,38,7,7,1.0,True
EDGE,single_risk,design_rationale,23,63,63,1.0,True
EDGE,single_risk,design_rationale,0,70,70,1.0,True
EDGE,single_risk,design_rationale,2,46,46,1.0,True
EDGE,single_risk,design_rationale,35,34,34,1.0,True
EDGE,single_risk,design_rationale,30,49,49,1.0,True
EDGE,single_risk,design_rationale,7,148,148,1.0,True
EDGE,single_risk,design_rationale,15,122,122,1.0,True
EDGE,single_risk,design_rationale,27,12,12,1.0,True
EDGE,single_risk,design_rationale,14,65,65,1.0,True
EDGE,single_risk,design_rationale,5,162,162,1.0,True
EDGE,single_risk,design_rationale,38,62,62,1.0,True
EDGE,single_risk,design_rationale,37,29,29,1.0,True
EDGE,single_risk,design_rationale,4,85,85,1.0,True
EDGE,single_risk,design_rationale,11,68,68,1.0,True
EDGE,single_risk,design_rationale,3,68,68,1.0,True
EDGE,single_risk,design_rationale,20,44,44,1.0,True
EDGE,single_risk,design_rationale,13,94,94,1.0,True
EDGE,single_risk,design_rationale,9,25,25,1.0,True
EDGE,single_risk,design_rationale,31,132,132,1.0,True
EDGE,single_risk,design_rationale,6,113,113,1.0,True
EDGE,single_risk,design_rationale,21,71,71,1.0,True
EDGE,single_risk,design_rationale,24,34,34,1.0,True
EDGE,single_risk,design_rationale,17,91,91,1.0,True
EDGE,single_risk,design_rationale,32,35,35,1.0,True
EDGE,single_risk,design_rationale,19,60,60,1.0,True
EDGE,single_risk,design_rationale,16,36,36,1.0,True
EDGE,single_risk,design_rationale,33,53,53,1.0,True
EDGE,single_risk,design_rationale,22,50,50,1.0,True
EDGE,single_risk,design_rationale,1,87,87,1.0,True
EDGE,single_risk,design_rationale,28,29,29,1.0,True
EDGE,single_risk,design_rationale,12,16,16,1.0,True
EDGE,single_risk,design_rationale,25,29,29,1.0,True
EDGE,single_risk,design_rationale,36,13,13,1.0,True
EDGE,single_risk,design_rationale,18,57,57,1.0,True
EDGE,single_risk,design_rationale,26,13,13,1.0,True
EDGE,single_risk,design_rationale,39,11,11,1.0,True
EDGE,single_risk,design_rationale,34,6,6,1.0,True
EDGE,single_risk,design_rationale,29,20,20,1.0,True
EDGE,single_risk,design_rationale,8,22,22,1.0,True
EDGE,single_risk,design_rationale,10,38,38,1.0,True
EDGE,monotonic,design_rationale,26,72,72,1.0,True
EDGE,monotonic,design_rationale,15,69,69,1.0,True
EDGE,monotonic,design_rationale,3,62,62,1.0,True
EDGE,monotonic,design_rationale,23,38,38,1.0,True
EDGE,monotonic,design_rationale,32,39,39,1.0,True
EDGE,monotonic,design_rationale,10,150,150,1.0,True
EDGE,monotonic,design_rationale,30,102,102,1.0,True
EDGE,monotonic,design_rationale,18,10,10,1.0,True
EDGE,monotonic,design_rationale,17,62,62,1.0,True
EDGE,monotonic,design_rationale,28,175,175,1.0,True
EDGE,monotonic,design_rationale,37,60,60,1.0,True
EDGE,monotonic,design_rationale,13,39,39,1.0,True
EDGE,monotonic,design_rationale,24,37,37,1.0,True
EDGE,monotonic,design_rationale,39,33,33,1.0,True
EDGE,monotonic,design_rationale,16,52,52,1.0,True
EDGE,monotonic,design_rationale,7,61,61,1.0,True
EDGE,monotonic,design_rationale,19,45,45,1.0,True
EDGE,monotonic,design_rationale,25,95,95,1.0,True
EDGE,monotonic,design_rationale,0,28,28,1.0,True
EDGE,monotonic,design_rationale,2,149,149,1.0,True
EDGE,monotonic,design_rationale,5,91,91,1.0,True
EDGE,monotonic,design_rationale,14,128,128,1.0,True
EDGE,monotonic,design_rationale,9,23,23,1.0,True
EDGE,monotonic,design_rationale,38,37,37,1.0,True
EDGE,monotonic,design_rationale,6,69,69,1.0,True
EDGE,monotonic,design_rationale,21,61,61,1.0,True
EDGE,monotonic,design_rationale,11,46,46,1.0,True
EDGE,monotonic,design_rationale,20,47,47,1.0,True
EDGE,monotonic,design_rationale,35,22,22,1.0,True
EDGE,monotonic,design_rationale,4,48,48,1.0,True
EDGE,monotonic,design_rationale,29,61,61,1.0,True
EDGE,monotonic,design_rationale,1,38,38,1.0,True
EDGE,monotonic,design_rationale,22,46,46,1.0,True
EDGE,monotonic,design_rationale,31,8,8,1.0,True
EDGE,monotonic,design_rationale,33,35,35,1.0,True
EDGE,monotonic,design_rationale,36,11,11,1.0,True
EDGE,monotonic,design_rationale,27,11,11,1.0,True
EDGE,monotonic,design_rationale,34,6,6,1.0,True
EDGE,monotonic,design_rationale,12,13,13,1.0,True
EDGE,monotonic,design_rationale,8,38,38,1.0,True
EDGE,both,design_rationale,26,72,72,1.0,True
EDGE,both,design_rationale,15,69,69,1.0,True
EDGE,both,design_rationale,3,62,62,1.0,True
EDGE,both,design_rationale,23,38,38,1.0,True
EDGE,both,design_rationale,32,39,39,1.0,True
EDGE,both,design_rationale,10,150,150,1.0,True
EDGE,both,design_rationale,30,102,102,1.0,True
EDGE,both,design_rationale,18,10,10,1.0,True
EDGE,both,design_rationale,17,62,62,1.0,True
EDGE,both,design_rationale,28,175,175,1.0,True
EDGE,both,design_rationale,37,60,60,1.0,True
EDGE,both,design_rationale,13,39,39,1.0,True
EDGE,both,design_rationale,24,37,37,1.0,True
EDGE,both,design_rationale,39,33,33,1.0,True
EDGE,both,design_rationale,16,52,52,1.0,True
EDGE,both,design_rationale,7,61,61,1.0,True
EDGE,both,design_rationale,19,45,45,1.0,True
EDGE,both,design_rationale,25,95,95,1.0,True
EDGE,both,design_rationale,0,28,28,1.0,True
EDGE,both,design_rationale,2,149,149,1.0,True
EDGE,both,design_rationale,5,91,91,1.0,True
EDGE,both,design_rationale,14,128,128,1.0,True
EDGE,both,design_rationale,9,23,23,1.0,True
EDGE,both,design_rationale,38,37,37,1.0,True
EDGE,both,design_rationale,6,69,69,1.0,True
EDGE,both,design_rationale,21,61,61,1.0,True
EDGE,both,design_rationale,11,46,46,1.0,True
EDGE,both,design_rationale,20,47,47,1.0,True
EDGE,both,design_rationale,35,22,22,1.0,True
EDGE,both,design_rationale,4,48,48,1.0,True
EDGE,both,design_rationale,29,61,61,1.0,True
EDGE,both,design_rationale,1,38,38,1.0,True
EDGE,both,design_rationale,22,46,46,1.0,True
EDGE,both,design_rationale,31,8,8,1.0,True
EDGE,both,design_rationale,33,35,35,1.0,True
EDGE,both,design_rationale,36,11,11,1.0,True
EDGE,both,design_rationale,27,11,11,1.0,True
EDGE,both,design_rationale,34,6,6,1.0,True
EDGE,both,design_rationale,12,13,13,1.0,True
EDGE,both,design_rationale,8,38,38,1.0,True
0.8,unconstrained,design_rationale,32,171,147,0.8596,True
0.8,unconstrained,design_rationale,6,169,116,0.6864,False
0.8,unconstrained,design_rationale,11,84,19,0.2262,False
0.8,unconstrained,design_rationale,4,85,59,0.6941,False
0.8,unconstrained,design_rationale,21,267,107,0.4007,False
0.8,unconstrained,design_rationale,7,288,186,0.6458,False
0.8,unconstrained,design_rationale,0,271,237,0.8745,True
0.8,unconstrained,design_rationale,1,363,145,0.3994,False
0.8,unconstrained,design_rationale,39,52,12,0.2308,False
0.8,unconstrained,design_rationale,9,172,107,0.6221,False
0.8,unconstrained,design_rationale,28,129,48,0.3721,False
0.8,unconstrained,design_rationale,12,289,87,0.301,False
0.8,unconstrained,design_rationale,16,72,63,0.875,True
0.8,unconstrained,design_rationale,24,285,219,0.7684,False
0.8,unconstrained,design_rationale,20,71,53,0.7465,False
0.8,unconstrained,design_rationale,30,28,26,0.9286,True
0.8,unconstrained,design_rationale,27,8,8,1.0,True
0.8,unconstrained,design_rationale,5,395,82,0.2076,False
0.8,unconstrained,design_rationale,10,122,17,0.1393,False
0.8,unconstrained,design_rationale,2,135,53,0.3926,False
0.8,unconstrained,design_rationale,17,75,20,0.2667,False
0.8,unconstrained,design_rationale,19,74,38,0.5135,False
0.8,unconstrained,design_rationale,26,90,49,0.5444,False
0.8,unconstrained,design_rationale,23,135,60,0.4444,False
0.8,unconstrained,design_rationale,31,118,32,0.2712,False
0.8,unconstrained,design_rationale,18,39,14,0.359,False
0.8,unconstrained,design_rationale,13,41,23,0.561,False
0.8,unconstrained,design_rationale,22,27,7,0.2593,False
0.8,unconstrained,design_rationale,3,22,10,0.4545,False
0.8,unconstrained,design_rationale,25,82,59,0.7195,False
0.8,unconstrained,design_rationale,14,96,20,0.2083,False
0.8,unconstrained,design_rationale,37,31,11,0.3548,False
0.8,unconstrained,design_rationale,38,14,12,0.8571,True
0.8,unconstrained,design_rationale,8,60,15,0.25,False
0.8,unconstrained,design_rationale,15,23,12,0.5217,False
0.8,unconstrained,design_rationale,33,14,4,0.2857,False
0.8,unconstrained,design_rationale,35,21,3,0.1429,False
0.8,unconstrained,design_rationale,36,48,14,0.2917,False
0.8,unconstrained,design_rationale,34,4,4,1.0,True
0.8,unconstrained,design_rationale,29,1,1,1.0,True
0.8,single_risk,design_rationale,9,276,232,0.8406,True
0.8,single_risk,design_rationale,36,116,78,0.6724,False
0.8,single_risk,design_rationale,23,46,12,0.2609,False
0.8,single_risk,design_rationale,12,146,106,0.726,False
0.8,single_risk,design_rationale,34,13,12,0.9231,True
0.8,single_risk,design_rationale,8,266,113,0.4248,False
0.8,single_risk,design_rationale,35,175,98,0.56,False
0.8,single_risk,design_rationale,7,201,177,0.8806,True
0.8,single_risk,design_rationale,1,347,145,0.4179,False
0.8,single_risk,design_rationale,21,47,12,0.2553,False
0.8,single_risk,design_rationale,25,113,46,0.4071,False
0.8,single_risk,design_rationale,3,353,104,0.2946,False
0.8,single_risk,design_rationale,10,252,193,0.7659,False
0.8,single_risk,design_rationale,30,65,49,0.7538,False
0.8,single_risk,design_rationale,2,393,83,0.2112,False
0.8,single_risk,design_rationale,37,11,1,0.0909,False
0.8,single_risk,design_rationale,6,78,33,0.4231,False
0.8,single_risk,design_rationale,24,70,21,0.3,False
0.8,single_risk,design_rationale,33,178,164,0.9213,True
0.8,single_risk,design_rationale,15,89,10,0.1124,False
0.8,single_risk,design_rationale,4,115,58,0.5043,False
0.8,single_risk,design_rationale,0,157,86,0.5478,False
0.8,single_risk,design_rationale,26,122,58,0.4754,False
0.8,single_risk,design_rationale,22,105,29,0.2762,False
0.8,single_risk,design_rationale,39,77,58,0.7532,False
0.8,single_risk,design_rationale,31,10,5,0.5,False
0.8,single_risk,design_rationale,27,103,23,0.2233,False
0.8,single_risk,design_rationale,5,50,40,0.8,True
0.8,single_risk,design_rationale,16,54,39,0.7222,False
0.8,single_risk,design_rationale,19,32,13,0.4062,False
0.8,single_risk,design_rationale,18,15,13,0.8667,True
0.8,single_risk,design_rationale,14,11,2,0.1818,False
0.8,single_risk,design_rationale,32,19,12,0.6316,False
0.8,single_risk,design_rationale,13,42,19,0.4524,False
0.8,single_risk,design_rationale,20,12,4,0.3333,False
0.8,single_risk,design_rationale,17,40,19,0.475,False
0.8,single_risk,design_rationale,29,27,9,0.3333,False
0.8,single_risk,design_rationale,11,48,15,0.3125,False
0.8,single_risk,design_rationale,38,21,4,0.1905,False
0.8,single_risk,design_rationale,28,2,2,1.0,True
0.8,monotonic,design_rationale,10,202,173,0.8564,True
0.8,monotonic,design_rationale,37,30,16,0.5333,False
0.8,monotonic,design_rationale,9,58,47,0.8103,True
0.8,monotonic,design_rationale,15,230,104,0.4522,False
0.8,monotonic,design_rationale,36,218,150,0.6881,False
0.8,monotonic,design_rationale,19,224,181,0.808,True
0.8,monotonic,design_rationale,30,142,121,0.8521,True
0.8,monotonic,design_rationale,20,213,89,0.4178,False
0.8,monotonic,design_rationale,4,70,18,0.2571,False
0.8,monotonic,design_rationale,38,45,11,0.2444,False
0.8,monotonic,design_rationale,5,183,150,0.8197,True
0.8,monotonic,design_rationale,3,119,48,0.4034,False
0.8,monotonic,design_rationale,16,228,92,0.4035,False
0.8,monotonic,design_rationale,8,143,132,0.9231,True
0.8,monotonic,design_rationale,39,52,45,0.8654,True
0.8,monotonic,design_rationale,0,58,52,0.8966,True
0.8,monotonic,design_rationale,31,14,14,1.0,True
0.8,monotonic,design_rationale,32,292,70,0.2397,False
0.8,monotonic,design_rationale,21,68,7,0.1029,False
0.8,monotonic,design_rationale,6,65,22,0.3385,False
0.8,monotonic,design_rationale,29,49,19,0.3878,False
0.8,monotonic,design_rationale,18,108,100,0.9259,True
0.8,monotonic,design_rationale,35,39,11,0.2821,False
0.8,monotonic,design_rationale,27,68,37,0.5441,False
0.8,monotonic,design_rationale,7,121,73,0.6033,False
0.8,monotonic,design_rationale,11,98,56,0.5714,False
0.8,monotonic,design_rationale,34,82,32,0.3902,False
0.8,monotonic,design_rationale,28,89,27,0.3034,False
0.8,monotonic,design_rationale,2,118,86,0.7288,False
0.8,monotonic,design_rationale,1,106,26,0.2453,False
0.8,monotonic,design_rationale,14,52,12,0.2308,False
0.8,monotonic,design_rationale,33,33,26,0.7879,False
0.8,monotonic,design_rationale,23,27,11,0.4074,False
0.8,monotonic,design_rationale,26,59,23,0.3898,False
0.8,monotonic,design_rationale,17,29,13,0.4483,False
0.8,monotonic,design_rationale,24,29,15,0.5172,False
0.8,monotonic,design_rationale,25,17,7,0.4118,False
0.8,monotonic,design_rationale,12,9,8,0.8889,True
0.8,monotonic,design_rationale,13,14,5,0.3571,False
0.8,monotonic,design_rationale,22,22,17,0.7727,False
0.8,both,design_rationale,3,113,95,0.8407,True
0.8,both,design_rationale,24,60,50,0.8333,True
0.8,both,design_rationale,30,207,104,0.5024,False
0.8,both,design_rationale,11,172,101,0.5872,False
0.8,both,design_rationale,14,224,179,0.7991,False
0.8,both,design_rationale,5,243,228,0.9383,True
0.8,both,design_rationale,12,215,99,0.4605,False
0.8,both,design_rationale,15,86,79,0.9186,True
0.8,both,design_rationale,32,33,8,0.2424,False
0.8,both,design_rationale,2,96,33,0.3438,False
0.8,both,design_rationale,7,334,281,0.8413,True
0.8,both,design_rationale,10,100,46,0.46,False
0.8,both,design_rationale,22,261,88,0.3372,False
0.8,both,design_rationale,8,77,62,0.8052,True
0.8,both,design_rationale,9,294,74,0.2517,False
0.8,both,design_rationale,38,20,4,0.2,False
0.8,both,design_rationale,13,123,57,0.4634,False
0.8,both,design_rationale,20,49,19,0.3878,False
0.8,both,design_rationale,39,113,22,0.1947,False
0.8,both,design_rationale,1,135,87,0.6444,False
0.8,both,design_rationale,4,96,57,0.5938,False
0.8,both,design_rationale,18,18,16,0.8889,True
0.8,both,design_rationale,28,30,15,0.5,False
0.8,both,design_rationale,19,112,46,0.4107,False
0.8,both,design_rationale,33,10,5,0.5,False
0.8,both,design_rationale,25,64,16,0.25,False
0.8,both,design_rationale,0,110,83,0.7545,False
0.8,both,design_rationale,16,31,25,0.8065,True
0.8,both,design_rationale,17,52,45,0.8654,True
0.8,both,design_rationale,27,46,40,0.8696,True
0.8,both,design_rationale,35,26,11,0.4231,False
0.8,both,design_rationale,29,16,14,0.875,True
0.8,both,design_rationale,26,5,5,1.0,True
0.8,both,design_rationale,36,11,7,0.6364,False
0.8,both,design_rationale,6,35,16,0.4571,False
0.8,both,design_rationale,31,13,4,0.3077,False
0.8,both,design_rationale,37,11,4,0.3636,False
0.8,both,design_rationale,21,16,13,0.8125,True
0.8,both,design_rationale,23,17,7,0.4118,False
0.8,both,design_rationale,34,4,0,0.0,False
0.85,unconstrained,design_rationale,1,109,74,0.6789,False
0.85,unconstrained,design_rationale,36,66,26,0.3939,False
0.85,unconstrained,design_rationale,27,65,56,0.8615,True
0.85,unconstrained,design_rationale,39,53,44,0.8302,True
0.85,unconstrained,design_rationale,0,217,114,0.5253,False
0.85,unconstrained,design_rationale,6,166,129,0.7771,False
0.85,unconstrained,design_rationale,18,201,179,0.8905,True
0.85,unconstrained,design_rationale,21,231,132,0.5714,False
0.85,unconstrained,design_rationale,14,100,91,0.91,True
0.85,unconstrained,design_rationale,30,208,202,0.9712,True
0.85,unconstrained,design_rationale,10,42,36,0.8571,True
0.85,unconstrained,design_rationale,11,241,76,0.3154,False
0.85,unconstrained,design_rationale,22,94,64,0.6809,False
0.85,unconstrained,design_rationale,8,207,190,0.9179,True
0.85,unconstrained,design_rationale,24,16,3,0.1875,False
0.85,unconstrained,design_rationale,3,163,151,0.9264,True
0.85,unconstrained,design_rationale,9,80,23,0.2875,False
0.85,unconstrained,design_rationale,12,70,63,0.9,True
0.85,unconstrained,design_rationale,37,44,6,0.1364,False
0.85,unconstrained,design_rationale,17,96,43,0.4479,False
0.85,unconstrained,design_rationale,26,68,50,0.7353,False
0.85,unconstrained,design_rationale,15,148,61,0.4122,False
0.85,unconstrained,design_rationale,25,79,32,0.4051,False
0.85,unconstrained,design_rationale,32,63,26,0.4127,False
0.85,unconstrained,design_rationale,19,106,55,0.5189,False
0.85,unconstrained,design_rationale,5,28,23,0.8214,True
0.85,unconstrained,design_rationale,34,55,14,0.2545,False
0.85,unconstrained,design_rationale,2,61,32,0.5246,False
0.85,unconstrained,design_rationale,13,43,17,0.3953,False
0.85,unconstrained,design_rationale,4,99,86,0.8687,True
0.85,unconstrained,design_rationale,7,46,37,0.8043,True
0.85,unconstrained,design_rationale,16,19,16,0.8421,True
0.85,unconstrained,design_rationale,35,26,12,0.4615,False
0.85,unconstrained,design_rationale,29,8,7,0.875,True
0.85,unconstrained,design_rationale,33,16,16,1.0,True
0.85,unconstrained,design_rationale,20,42,16,0.381,False
0.85,unconstrained,design_rationale,38,33,26,0.7879,False
0.85,unconstrained,design_rationale,28,13,4,0.3077,False
0.85,unconstrained,design_rationale,23,21,4,0.1905,False
0.85,unconstrained,design_rationale,31,16,5,0.3125,False
0.85,single_risk,design_rationale,26,79,52,0.6582,False
0.85,single_risk,design_rationale,4,125,116,0.928,True
0.85,single_risk,design_rationale,14,73,59,0.8082,True
0.85,single_risk,design_rationale,38,174,99,0.569,False
0.85,single_risk,design_rationale,15,157,118,0.7516,False
0.85,single_risk,design_rationale,18,186,167,0.8978,True
0.85,single_risk,design_rationale,16,108,101,0.9352,True
0.85,single_risk,design_rationale,11,214,128,0.5981,False
0.85,single_risk,design_rationale,3,104,99,0.9519,True
0.85,single_risk,design_rationale,1,94,38,0.4043,False
0.85,single_risk,design_rationale,5,203,198,0.9754,True
0.85,single_risk,design_rationale,23,57,53,0.9298,True
0.85,single_risk,design_rationale,22,214,73,0.3411,False
0.85,single_risk,design_rationale,7,105,71,0.6762,False
0.85,single_risk,design_rationale,32,18,6,0.3333,False
0.85,single_risk,design_rationale,10,262,245,0.9351,True
0.85,single_risk,design_rationale,24,27,7,0.2593,False
0.85,single_risk,design_rationale,13,27,25,0.9259,True
0.85,single_risk,design_rationale,34,40,6,0.15,False
0.85,single_risk,design_rationale,37,82,39,0.4756,False
0.85,single_risk,design_rationale,19,140,61,0.4357,False
0.85,single_risk,design_rationale,27,74,30,0.4054,False
0.85,single_risk,design_rationale,33,60,25,0.4167,False
0.85,single_risk,design_rationale,2,102,57,0.5588,False
0.85,single_risk,design_rationale,6,26,25,0.9615,True
0.85,single_risk,design_rationale,21,53,15,0.283,False
0.85,single_risk,design_rationale,8,57,31,0.5439,False
0.85,single_risk,design_rationale,9,54,21,0.3889,False
0.85,single_risk,design_rationale,20,36,30,0.8333,True
0.85,single_risk,design_rationale,30,91,80,0.8791,True
0.85,single_risk,design_rationale,28,39,16,0.4103,False
0.85,single_risk,design_rationale,0,76,67,0.8816,True
0.85,single_risk,design_rationale,25,25,11,0.44,False
0.85,single_risk,design_rationale,35,5,5,1.0,True
0.85,single_risk,design_rationale,12,49,39,0.7959,False
0.85,single_risk,design_rationale,39,13,4,0.3077,False
0.85,single_risk,design_rationale,31,21,4,0.1905,False
0.85,single_risk,design_rationale,17,15,9,0.6,False
0.85,single_risk,design_rationale,36,2,2,1.0,True
0.85,single_risk,design_rationale,29,9,9,1.0,True
0.85,monotonic,design_rationale,10,44,29,0.6591,False
0.85,monotonic,design_rationale,4,61,56,0.918,True
0.85,monotonic,design_rationale,30,56,52,0.9286,True
0.85,monotonic,design_rationale,14,177,110,0.6215,False
0.85,monotonic,design_rationale,38,143,113,0.7902,False
0.85,monotonic,design_rationale,29,211,192,0.91,True
0.85,monotonic,design_rationale,11,148,94,0.6351,False
0.85,monotonic,design_rationale,6,96,90,0.9375,True
0.85,monotonic,design_rationale,9,68,37,0.5441,False
0.85,monotonic,design_rationale,0,187,184,0.984,True
0.85,monotonic,design_rationale,5,39,34,0.8718,True
0.85,monotonic,design_rationale,1,61,59,0.9672,True
0.85,monotonic,design_rationale,15,145,137,0.9448,True
0.85,monotonic,design_rationale,2,224,100,0.4464,False
0.85,monotonic,design_rationale,7,131,93,0.7099,False
0.85,monotonic,design_rationale,12,12,3,0.25,False
0.85,monotonic,design_rationale,17,146,143,0.9795,True
0.85,monotonic,design_rationale,22,43,19,0.4419,False
0.85,monotonic,design_rationale,37,51,47,0.9216,True
0.85,monotonic,design_rationale,8,46,22,0.4783,False
0.85,monotonic,design_rationale,13,63,42,0.6667,False
0.85,monotonic,design_rationale,31,190,107,0.5632,False
0.85,monotonic,design_rationale,18,65,31,0.4769,False
0.85,monotonic,design_rationale,19,60,30,0.5,False
0.85,monotonic,design_rationale,39,17,6,0.3529,False
0.85,monotonic,design_rationale,36,70,47,0.6714,False
0.85,monotonic,design_rationale,23,35,12,0.3429,False
0.85,monotonic,design_rationale,3,108,91,0.8426,True
0.85,monotonic,design_rationale,16,73,70,0.9589,True
0.85,monotonic,design_rationale,26,12,11,0.9167,True
0.85,monotonic,design_rationale,20,19,11,0.5789,False
0.85,monotonic,design_rationale,24,6,6,1.0,True
0.85,monotonic,design_rationale,35,60,52,0.8667,True
0.85,monotonic,design_rationale,34,47,22,0.4681,False
0.85,monotonic,design_rationale,28,9,4,0.4444,False
0.85,monotonic,design_rationale,25,11,5,0.4545,False
0.85,monotonic,design_rationale,33,6,1,0.1667,False
0.85,monotonic,design_rationale,27,31,19,0.6129,False
0.85,monotonic,design_rationale,32,13,6,0.4615,False
0.85,monotonic,design_rationale,21,6,6,1.0,True
0.85,both,design_rationale,34,41,29,0.7073,False
0.85,both,design_rationale,39,56,53,0.9464,True
0.85,both,design_rationale,11,67,61,0.9104,True
0.85,both,design_rationale,23,168,108,0.6429,False
0.85,both,design_rationale,22,181,144,0.7956,False
0.85,both,design_rationale,26,180,166,0.9222,True
0.85,both,design_rationale,18,70,65,0.9286,True
0.85,both,design_rationale,3,236,149,0.6314,False
0.85,both,design_rationale,6,57,52,0.9123,True
0.85,both,design_rationale,19,36,36,1.0,True
0.85,both,design_rationale,4,193,191,0.9896,True
0.85,both,design_rationale,2,33,28,0.8485,True
0.85,both,design_rationale,10,43,40,0.9302,True
0.85,both,design_rationale,12,91,89,0.978,True
0.85,both,design_rationale,5,195,79,0.4051,False
0.85,both,design_rationale,0,119,87,0.7311,False
0.85,both,design_rationale,27,15,6,0.4,False
0.85,both,design_rationale,13,197,191,0.9695,True
0.85,both,design_rationale,20,44,21,0.4773,False
0.85,both,design_rationale,35,62,56,0.9032,True
0.85,both,design_rationale,1,84,52,0.619,False
0.85,both,design_rationale,7,12,11,0.9167,True
0.85,both,design_rationale,28,105,63,0.6,False
0.85,both,design_rationale,15,53,29,0.5472,False
0.85,both,design_rationale,16,58,25,0.431,False
0.85,both,design_rationale,24,64,45,0.7031,False
0.85,both,design_rationale,8,36,27,0.75,False
0.85,both,design_rationale,30,37,14,0.3784,False
0.85,both,design_rationale,14,98,88,0.898,True
0.85,both,design_rationale,17,28,25,0.8929,True
0.85,both,design_rationale,9,69,67,0.971,True
0.85,both,design_rationale,33,13,12,0.9231,True
0.85,both,design_rationale,37,21,12,0.5714,False
0.85,both,design_rationale,38,4,4,1.0,True
0.85,both,design_rationale,36,25,25,1.0,True
0.85,both,design_rationale,29,26,7,0.2692,False
0.85,both,design_rationale,32,35,12,0.3429,False
0.85,both,design_rationale,21,29,19,0.6552,False
0.85,both,design_rationale,31,3,0,0.0,False
0.85,both,design_rationale,25,9,5,0.5556,False
0.9,unconstrained,design_rationale,14,58,38,0.6552,False
0.9,unconstrained,design_rationale,27,61,61,1.0,True
0.9,unconstrained,design_rationale,21,40,40,1.0,True
0.9,unconstrained,design_rationale,37,148,136,0.9189,True
0.9,unconstrained,design_rationale,3,197,194,0.9848,True
0.9,unconstrained,design_rationale,32,49,46,0.9388,True
0.9,unconstrained,design_rationale,15,167,149,0.8922,True
0.9,unconstrained,design_rationale,10,96,96,1.0,True
0.9,unconstrained,design_rationale,5,47,15,0.3191,False
0.9,unconstrained,design_rationale,22,121,99,0.8182,True
0.9,unconstrained,design_rationale,31,87,87,1.0,True
0.9,unconstrained,design_rationale,2,52,50,0.9615,True
0.9,unconstrained,design_rationale,19,71,71,1.0,True
0.9,unconstrained,design_rationale,33,15,15,1.0,True
0.9,unconstrained,design_rationale,20,123,83,0.6748,False
0.9,unconstrained,design_rationale,28,43,39,0.907,True
0.9,unconstrained,design_rationale,8,182,181,0.9945,True
0.9,unconstrained,design_rationale,17,73,67,0.9178,True
0.9,unconstrained,design_rationale,0,55,53,0.9636,True
0.9,unconstrained,design_rationale,18,47,46,0.9787,True
0.9,unconstrained,design_rationale,16,90,74,0.8222,True
0.9,unconstrained,design_rationale,13,31,29,0.9355,True
0.9,unconstrained,design_rationale,25,34,29,0.8529,True
0.9,unconstrained,design_rationale,7,56,53,0.9464,True
0.9,unconstrained,design_rationale,9,46,36,0.7826,False
0.9,unconstrained,design_rationale,23,57,52,0.9123,True
0.9,unconstrained,design_rationale,11,44,27,0.6136,False
0.9,unconstrained,design_rationale,6,51,49,0.9608,True
0.9,unconstrained,design_rationale,29,82,79,0.9634,True
0.9,unconstrained,design_rationale,36,17,17,1.0,True
0.9,unconstrained,design_rationale,30,68,68,1.0,True
0.9,unconstrained,design_rationale,1,63,63,1.0,True
0.9,unconstrained,design_rationale,35,12,12,1.0,True
0.9,unconstrained,design_rationale,38,19,19,1.0,True
0.9,unconstrained,design_rationale,4,37,36,0.973,True
0.9,unconstrained,design_rationale,12,21,14,0.6667,False
0.9,unconstrained,design_rationale,26,1,1,1.0,True
0.9,unconstrained,design_rationale,34,8,8,1.0,True
0.9,unconstrained,design_rationale,24,14,12,0.8571,True
0.9,unconstrained,design_rationale,39,14,14,1.0,True
0.9,single_risk,design_rationale,1,86,75,0.8721,True
0.9,single_risk,design_rationale,8,55,55,1.0,True
0.9,single_risk,design_rationale,34,40,40,1.0,True
0.9,single_risk,design_rationale,12,134,123,0.9179,True
0.9,single_risk,design_rationale,18,140,137,0.9786,True
0.9,single_risk,design_rationale,16,39,27,0.6923,False
0.9,single_risk,design_rationale,32,65,65,1.0,True
0.9,single_risk,design_rationale,21,145,130,0.8966,True
0.9,single_risk,design_rationale,7,73,73,1.0,True
0.9,single_risk,design_rationale,38,60,60,1.0,True
0.9,single_risk,design_rationale,11,62,62,1.0,True
0.9,single_risk,design_rationale,37,50,50,1.0,True
0.9,single_risk,design_rationale,4,79,79,1.0,True
0.9,single_risk,design_rationale,10,124,110,0.8871,True
0.9,single_risk,design_rationale,30,9,9,1.0,True
0.9,single_risk,design_rationale,20,118,87,0.7373,False
0.9,single_risk,design_rationale,13,61,57,0.9344,True
0.9,single_risk,design_rationale,3,168,167,0.994,True
0.9,single_risk,design_rationale,5,95,86,0.9053,True
0.9,single_risk,design_rationale,2,90,90,1.0,True
0.9,single_risk,design_rationale,9,62,62,1.0,True
0.9,single_risk,design_rationale,0,65,65,1.0,True
0.9,single_risk,design_rationale,33,41,41,1.0,True
0.9,single_risk,design_rationale,23,35,13,0.3714,False
0.9,single_risk,design_rationale,39,122,105,0.8607,True
0.9,single_risk,design_rationale,24,17,16,0.9412,True
0.9,single_risk,design_rationale,28,47,46,0.9787,True
0.9,single_risk,design_rationale,22,25,25,1.0,True
0.9,single_risk,design_rationale,14,27,26,0.963,True
0.9,single_risk,design_rationale,17,48,47,0.9792,True
0.9,single_risk,design_rationale,35,87,85,0.977,True
0.9,single_risk,design_rationale,29,18,18,1.0,True
0.9,single_risk,design_rationale,15,40,37,0.925,True
0.9,single_risk,design_rationale,36,10,10,1.0,True
0.9,single_risk,design_rationale,25,12,11,0.9167,True
0.9,single_risk,design_rationale,19,29,25,0.8621,True
0.9,single_risk,design_rationale,31,9,9,1.0,True
0.9,single_risk,design_rationale,26,25,18,0.72,False
0.9,single_risk,design_rationale,27,5,5,1.0,True
0.9,single_risk,design_rationale,6,12,12,1.0,True
0.9,monotonic,design_rationale,27,48,33,0.6875,False
0.9,monotonic,design_rationale,20,54,54,1.0,True
0.9,monotonic,design_rationale,34,41,41,1.0,True
0.9,monotonic,design_rationale,7,173,161,0.9306,True
0.9,monotonic,design_rationale,6,155,154,0.9935,True
0.9,monotonic,design_rationale,21,38,28,0.7368,False
0.9,monotonic,design_rationale,10,97,97,1.0,True
0.9,monotonic,design_rationale,39,150,137,0.9133,True
0.9,monotonic,design_rationale,24,95,95,1.0,True
0.9,monotonic,design_rationale,28,23,5,0.2174,False
0.9,monotonic,design_rationale,11,108,108,1.0,True
0.9,monotonic,design_rationale,13,25,25,1.0,True
0.9,monotonic,design_rationale,17,127,109,0.8583,True
0.9,monotonic,design_rationale,1,104,104,1.0,True
0.9,monotonic,design_rationale,22,15,13,0.8667,True
0.9,monotonic,design_rationale,19,106,86,0.8113,True
0.9,monotonic,design_rationale,38,57,54,0.9474,True
0.9,monotonic,design_rationale,3,44,44,1.0,True
0.9,monotonic,design_rationale,2,141,140,0.9929,True
0.9,monotonic,design_rationale,18,29,29,1.0,True
0.9,monotonic,design_rationale,29,31,31,1.0,True
0.9,monotonic,design_rationale,36,49,48,0.9796,True
0.9,monotonic,design_rationale,35,31,29,0.9355,True
0.9,monotonic,design_rationale,14,106,93,0.8774,True
0.9,monotonic,design_rationale,15,26,23,0.8846,True
0.9,monotonic,design_rationale,31,32,28,0.875,True
0.9,monotonic,design_rationale,25,51,49,0.9608,True
0.9,monotonic,design_rationale,4,46,45,0.9783,True
0.9,monotonic,design_rationale,0,61,60,0.9836,True
0.9,monotonic,design_rationale,9,81,80,0.9877,True
0.9,monotonic,design_rationale,8,53,53,1.0,True
0.9,monotonic,design_rationale,16,20,20,1.0,True
0.9,monotonic,design_rationale,33,15,15,1.0,True
0.9,monotonic,design_rationale,37,15,15,1.0,True
0.9,monotonic,design_rationale,12,20,19,0.95,True
0.9,monotonic,design_rationale,32,8,8,1.0,True
0.9,monotonic,design_rationale,23,36,33,0.9167,True
0.9,monotonic,design_rationale,26,20,14,0.7,False
0.9,monotonic,design_rationale,5,18,18,1.0,True
0.9,monotonic,design_rationale,30,19,16,0.8421,True
0.9,both,design_rationale,0,93,82,0.8817,True
0.9,both,design_rationale,19,59,59,1.0,True
0.9,both,design_rationale,13,50,49,0.98,True
0.9,both,design_rationale,23,33,30,0.9091,True
0.9,both,design_rationale,8,160,142,0.8875,True
0.9,both,design_rationale,36,95,94,0.9895,True
0.9,both,design_rationale,6,103,86,0.835,True
0.9,both,design_rationale,10,97,97,1.0,True
0.9,both,design_rationale,16,163,148,0.908,True
0.9,both,design_rationale,14,90,90,1.0,True
0.9,both,design_rationale,12,109,109,1.0,True
0.9,both,design_rationale,3,56,56,1.0,True
0.9,both,design_rationale,9,59,59,1.0,True
0.9,both,design_rationale,34,37,37,1.0,True
0.9,both,design_rationale,7,114,102,0.8947,True
0.9,both,design_rationale,28,20,19,0.95,True
0.9,both,design_rationale,21,100,83,0.83,True
0.9,both,design_rationale,5,119,115,0.9664,True
0.9,both,design_rationale,15,25,25,1.0,True
0.9,both,design_rationale,1,178,177,0.9944,True
0.9,both,design_rationale,38,23,23,1.0,True
0.9,both,design_rationale,2,86,86,1.0,True
0.9,both,design_rationale,24,40,39,0.975,True
0.9,both,design_rationale,30,17,16,0.9412,True
0.9,both,design_rationale,17,39,36,0.9231,True
0.9,both,design_rationale,33,47,46,0.9787,True
0.9,both,design_rationale,27,51,50,0.9804,True
0.9,both,design_rationale,37,29,28,0.9655,True
0.9,both,design_rationale,26,24,24,1.0,True
0.9,both,design_rationale,32,53,53,1.0,True
0.9,both,design_rationale,18,21,20,0.9524,True
0.9,both,design_rationale,4,53,53,1.0,True
0.9,both,design_rationale,35,12,11,0.9167,True
0.9,both,design_rationale,31,8,8,1.0,True
0.9,both,design_rationale,20,20,14,0.7,False
0.9,both,design_rationale,39,14,14,1.0,True
0.9,both,design_rationale,29,6,6,1.0,True
0.9,both,design_rationale,25,22,19,0.8636,True
0.9,both,design_rationale,22,6,6,1.0,True
0.9,both,design_rationale,11,3,3,1.0,True
0.95,unconstrained,design_rationale,10,65,65,1.0,True
0.95,unconstrained,design_rationale,8,68,68,1.0,True
0.95,unconstrained,design_rationale,7,43,43,1.0,True
0.95,unconstrained,design_rationale,21,29,29,1.0,True
0.95,unconstrained,design_rationale,0,144,144,1.0,True
0.95,unconstrained,design_rationale,35,158,155,0.981,True
0.95,unconstrained,design_rationale,36,105,105,1.0,True
0.95,unconstrained,design_rationale,16,14,14,1.0,True
0.95,unconstrained,design_rationale,1,99,98,0.9899,True
0.95,unconstrained,design_rationale,38,123,123,1.0,True
0.95,unconstrained,design_rationale,6,89,89,1.0,True
0.95,unconstrained,design_rationale,23,82,82,1.0,True
0.95,unconstrained,design_rationale,9,55,55,1.0,True
0.95,unconstrained,design_rationale,11,74,74,1.0,True
0.95,unconstrained,design_rationale,15,106,105,0.9906,True
0.95,unconstrained,design_rationale,12,27,27,1.0,True
0.95,unconstrained,design_rationale,25,119,117,0.9832,True
0.95,unconstrained,design_rationale,2,115,114,0.9913,True
0.95,unconstrained,design_rationale,26,63,63,1.0,True
0.95,unconstrained,design_rationale,24,33,33,1.0,True
0.95,unconstrained,design_rationale,4,58,58,1.0,True
0.95,unconstrained,design_rationale,34,21,21,1.0,True
0.95,unconstrained,design_rationale,39,37,37,1.0,True
0.95,unconstrained,design_rationale,27,99,98,0.9899,True
0.95,unconstrained,design_rationale,19,50,49,0.98,True
0.95,unconstrained,design_rationale,13,16,16,1.0,True
0.95,unconstrained,design_rationale,14,33,33,1.0,True
0.95,unconstrained,design_rationale,5,82,82,1.0,True
0.95,unconstrained,design_rationale,30,24,24,1.0,True
0.95,unconstrained,design_rationale,3,37,37,1.0,True
0.95,unconstrained,design_rationale,32,63,63,1.0,True
0.95,unconstrained,design_rationale,37,27,27,1.0,True
0.95,unconstrained,design_rationale,22,4,4,1.0,True
0.95,unconstrained,design_rationale,20,11,11,1.0,True
0.95,unconstrained,design_rationale,29,8,8,1.0,True
0.95,unconstrained,design_rationale,17,39,38,0.9744,True
0.95,unconstrained,design_rationale,33,7,7,1.0,True
0.95,unconstrained,design_rationale,18,33,33,1.0,True
0.95,unconstrained,design_rationale,31,11,11,1.0,True
0.95,unconstrained,design_rationale,28,3,3,1.0,True
0.95,single_risk,design_rationale,3,68,68,1.0,True
0.95,single_risk,design_rationale,4,59,59,1.0,True
0.95,single_risk,design_rationale,7,65,65,1.0,True
0.95,single_risk,design_rationale,33,30,30,1.0,True
0.95,single_risk,design_rationale,39,13,13,1.0,True
0.95,single_risk,design_rationale,21,152,152,1.0,True
0.95,single_risk,design_rationale,6,149,149,1.0,True
0.95,single_risk,design_rationale,27,12,12,1.0,True
0.95,single_risk,design_rationale,25,58,58,1.0,True
0.95,single_risk,design_rationale,24,146,146,1.0,True
0.95,single_risk,design_rationale,1,98,98,1.0,True
0.95,single_risk,design_rationale,13,59,59,1.0,True
0.95,single_risk,design_rationale,2,44,44,1.0,True
0.95,single_risk,design_rationale,18,45,45,1.0,True
0.95,single_risk,design_rationale,17,55,55,1.0,True
0.95,single_risk,design_rationale,20,105,104,0.9905,True
0.95,single_risk,design_rationale,16,21,21,1.0,True
0.95,single_risk,design_rationale,5,184,184,1.0,True
0.95,single_risk,design_rationale,15,66,65,0.9848,True
0.95,single_risk,design_rationale,28,50,50,1.0,True
0.95,single_risk,design_rationale,22,75,75,1.0,True
0.95,single_risk,design_rationale,8,31,31,1.0,True
0.95,single_risk,design_rationale,14,141,141,1.0,True
0.95,single_risk,design_rationale,34,35,35,1.0,True
0.95,single_risk,design_rationale,9,38,38,1.0,True
0.95,single_risk,design_rationale,19,48,48,1.0,True
0.95,single_risk,design_rationale,38,25,25,1.0,True
0.95,single_risk,design_rationale,37,51,51,1.0,True
0.95,single_risk,design_rationale,11,86,86,1.0,True
0.95,single_risk,design_rationale,0,55,55,1.0,True
0.95,single_risk,design_rationale,26,19,19,1.0,True
0.95,single_risk,design_rationale,12,49,49,1.0,True
0.95,single_risk,design_rationale,10,29,29,1.0,True
0.95,single_risk,design_rationale,35,4,4,1.0,True
0.95,single_risk,design_rationale,30,34,34,1.0,True
0.95,single_risk,design_rationale,23,11,11,1.0,True
0.95,single_risk,design_rationale,32,12,12,1.0,True
0.95,single_risk,design_rationale,31,4,4,1.0,True
0.95,single_risk,design_rationale,29,34,34,1.0,True
0.95,single_risk,design_rationale,36,3,3,1.0,True
0.95,monotonic,design_rationale,5,77,77,1.0,True
0.95,monotonic,design_rationale,15,52,52,1.0,True
0.95,monotonic,design_rationale,11,53,53,1.0,True
0.95,monotonic,design_rationale,18,41,41,1.0,True
0.95,monotonic,design_rationale,33,47,47,1.0,True
0.95,monotonic,design_rationale,6,160,160,1.0,True
0.95,monotonic,design_rationale,24,173,173,1.0,True
0.95,monotonic,design_rationale,32,13,13,1.0,True
0.95,monotonic,design_rationale,16,68,68,1.0,True
0.95,monotonic,design_rationale,26,172,172,1.0,True
0.95,monotonic,design_rationale,38,60,60,1.0,True
0.95,monotonic,design_rationale,22,37,37,1.0,True
0.95,monotonic,design_rationale,21,33,33,1.0,True
0.95,monotonic,design_rationale,7,10,10,1.0,True
0.95,monotonic,design_rationale,17,30,29,0.9667,True
0.95,monotonic,design_rationale,3,115,115,1.0,True
0.95,monotonic,design_rationale,4,105,104,0.9905,True
0.95,monotonic,design_rationale,1,41,41,1.0,True
0.95,monotonic,design_rationale,0,153,153,1.0,True
0.95,monotonic,design_rationale,8,90,90,1.0,True
0.95,monotonic,design_rationale,12,132,132,1.0,True
0.95,monotonic,design_rationale,20,29,29,1.0,True
0.95,monotonic,design_rationale,34,34,34,1.0,True
0.95,monotonic,design_rationale,9,101,101,1.0,True
0.95,monotonic,design_rationale,25,12,12,1.0,True
0.95,monotonic,design_rationale,39,54,53,0.9815,True
0.95,monotonic,design_rationale,14,31,31,1.0,True
0.95,monotonic,design_rationale,28,31,31,1.0,True
0.95,monotonic,design_rationale,19,14,14,1.0,True
0.95,monotonic,design_rationale,31,32,32,1.0,True
0.95,monotonic,design_rationale,23,28,28,1.0,True
0.95,monotonic,design_rationale,35,54,54,1.0,True
0.95,monotonic,design_rationale,2,23,23,1.0,True
0.95,monotonic,design_rationale,13,11,11,1.0,True
0.95,monotonic,design_rationale,30,8,8,1.0,True
0.95,monotonic,design_rationale,37,13,13,1.0,True
0.95,monotonic,design_rationale,27,11,11,1.0,True
0.95,monotonic,design_rationale,29,6,6,1.0,True
0.95,monotonic,design_rationale,36,37,37,1.0,True
0.95,monotonic,design_rationale,10,28,28,1.0,True
0.95,both,design_rationale,4,90,90,1.0,True
0.95,both,design_rationale,8,71,71,1.0,True
0.95,both,design_rationale,11,24,24,1.0,True
0.95,both,design_rationale,31,30,30,1.0,True
0.95,both,design_rationale,7,116,116,1.0,True
0.95,both,design_rationale,26,171,171,1.0,True
0.95,both,design_rationale,10,143,143,1.0,True
0.95,both,design_rationale,5,16,16,1.0,True
0.95,both,design_rationale,29,72,72,1.0,True
0.95,both,design_rationale,22,154,154,1.0,True
0.95,both,design_rationale,36,61,61,1.0,True
0.95,both,design_rationale,38,29,29,1.0,True
0.95,both,design_rationale,24,38,38,1.0,True
0.95,both,design_rationale,17,60,60,1.0,True
0.95,both,design_rationale,9,25,25,1.0,True
0.95,both,design_rationale,6,46,46,1.0,True
0.95,both,design_rationale,0,76,76,1.0,True
0.95,both,design_rationale,12,108,107,0.9907,True
0.95,both,design_rationale,15,22,22,1.0,True
0.95,both,design_rationale,3,181,181,1.0,True
0.95,both,design_rationale,14,102,102,1.0,True
0.95,both,design_rationale,20,29,29,1.0,True
0.95,both,design_rationale,32,24,24,1.0,True
0.95,both,design_rationale,18,34,34,1.0,True
0.95,both,design_rationale,35,27,27,1.0,True
0.95,both,design_rationale,30,22,22,1.0,True
0.95,both,design_rationale,34,37,37,1.0,True
0.95,both,design_rationale,33,13,13,1.0,True
0.95,both,design_rationale,37,46,46,1.0,True
0.95,both,design_rationale,2,80,80,1.0,True
0.95,both,design_rationale,1,48,48,1.0,True
0.95,both,design_rationale,19,61,61,1.0,True
0.95,both,design_rationale,16,55,55,1.0,True
0.95,both,design_rationale,23,8,8,1.0,True
0.95,both,design_rationale,39,11,11,1.0,True
0.95,both,design_rationale,27,8,8,1.0,True
0.95,both,design_rationale,25,22,22,1.0,True
0.95,both,design_rationale,21,33,33,1.0,True
0.95,both,design_rationale,13,19,18,0.9474,True
0.95,both,design_rationale,28,6,6,1.0,True
EDGE,unconstrained,implementation_mechanism,6,88,88,1.0,True
EDGE,unconstrained,implementation_mechanism,15,51,51,1.0,True
EDGE,unconstrained,implementation_mechanism,20,64,64,1.0,True
EDGE,unconstrained,implementation_mechanism,18,126,126,1.0,True
EDGE,unconstrained,implementation_mechanism,14,134,134,1.0,True
EDGE,unconstrained,implementation_mechanism,1,113,113,1.0,True
EDGE,unconstrained,implementation_mechanism,10,196,196,1.0,True
EDGE,unconstrained,implementation_mechanism,17,51,51,1.0,True
EDGE,unconstrained,implementation_mechanism,35,95,95,1.0,True
EDGE,unconstrained,implementation_mechanism,32,42,42,1.0,True
EDGE,unconstrained,implementation_mechanism,12,33,33,1.0,True
EDGE,unconstrained,implementation_mechanism,0,133,133,1.0,True
EDGE,unconstrained,implementation_mechanism,11,63,63,1.0,True
EDGE,unconstrained,implementation_mechanism,37,7,7,1.0,True
EDGE,unconstrained,implementation_mechanism,30,100,100,1.0,True
EDGE,unconstrained,implementation_mechanism,28,49,49,1.0,True
EDGE,unconstrained,implementation_mechanism,5,94,94,1.0,True
EDGE,unconstrained,implementation_mechanism,8,107,107,1.0,True
EDGE,unconstrained,implementation_mechanism,9,97,97,1.0,True
EDGE,unconstrained,implementation_mechanism,13,93,93,1.0,True
EDGE,unconstrained,implementation_mechanism,25,99,99,1.0,True
EDGE,unconstrained,implementation_mechanism,22,80,80,1.0,True
EDGE,unconstrained,implementation_mechanism,24,30,30,1.0,True
EDGE,unconstrained,implementation_mechanism,38,10,10,1.0,True
EDGE,unconstrained,implementation_mechanism,21,39,39,1.0,True
EDGE,unconstrained,implementation_mechanism,7,26,26,1.0,True
EDGE,unconstrained,implementation_mechanism,2,63,63,1.0,True
EDGE,unconstrained,implementation_mechanism,26,29,29,1.0,True
EDGE,unconstrained,implementation_mechanism,16,25,25,1.0,True
EDGE,unconstrained,implementation_mechanism,34,10,10,1.0,True
EDGE,unconstrained,implementation_mechanism,36,13,13,1.0,True
EDGE,unconstrained,implementation_mechanism,19,32,32,1.0,True
EDGE,unconstrained,implementation_mechanism,33,23,23,1.0,True
EDGE,unconstrained,implementation_mechanism,3,24,24,1.0,True
EDGE,unconstrained,implementation_mechanism,23,29,29,1.0,True
EDGE,unconstrained,implementation_mechanism,29,16,16,1.0,True
EDGE,unconstrained,implementation_mechanism,31,32,32,1.0,True
EDGE,unconstrained,implementation_mechanism,27,29,29,1.0,True
EDGE,unconstrained,implementation_mechanism,4,39,39,1.0,True
EDGE,unconstrained,implementation_mechanism,39,3,3,1.0,True
EDGE,single_risk,implementation_mechanism,9,116,116,1.0,True
EDGE,single_risk,implementation_mechanism,1,71,71,1.0,True
EDGE,single_risk,implementation_mechanism,23,68,68,1.0,True
EDGE,single_risk,implementation_mechanism,14,137,137,1.0,True
EDGE,single_risk,implementation_mechanism,12,125,125,1.0,True
EDGE,single_risk,implementation_mechanism,4,113,113,1.0,True
EDGE,single_risk,implementation_mechanism,6,204,204,1.0,True
EDGE,single_risk,implementation_mechanism,31,44,44,1.0,True
EDGE,single_risk,implementation_mechanism,27,67,67,1.0,True
EDGE,single_risk,implementation_mechanism,29,112,112,1.0,True
EDGE,single_risk,implementation_mechanism,21,49,49,1.0,True
EDGE,single_risk,implementation_mechanism,2,39,39,1.0,True
EDGE,single_risk,implementation_mechanism,5,74,74,1.0,True
EDGE,single_risk,implementation_mechanism,33,66,66,1.0,True
EDGE,single_risk,implementation_mechanism,20,7,7,1.0,True
EDGE,single_risk,implementation_mechanism,17,25,25,1.0,True
EDGE,single_risk,implementation_mechanism,30,96,96,1.0,True
EDGE,single_risk,implementation_mechanism,26,48,48,1.0,True
EDGE,single_risk,implementation_mechanism,3,105,105,1.0,True
EDGE,single_risk,implementation_mechanism,13,48,48,1.0,True
EDGE,single_risk,implementation_mechanism,7,99,99,1.0,True
EDGE,single_risk,implementation_mechanism,16,82,82,1.0,True
EDGE,single_risk,implementation_mechanism,28,84,84,1.0,True
EDGE,single_risk,implementation_mechanism,11,76,76,1.0,True
EDGE,single_risk,implementation_mechanism,32,57,57,1.0,True
EDGE,single_risk,implementation_mechanism,37,38,38,1.0,True
EDGE,single_risk,implementation_mechanism,15,30,30,1.0,True
EDGE,single_risk,implementation_mechanism,24,47,47,1.0,True
EDGE,single_risk,implementation_mechanism,19,21,21,1.0,True
EDGE,single_risk,implementation_mechanism,35,24,24,1.0,True
EDGE,single_risk,implementation_mechanism,8,38,38,1.0,True
EDGE,single_risk,implementation_mechanism,22,25,25,1.0,True
EDGE,single_risk,implementation_mechanism,18,14,14,1.0,True
EDGE,single_risk,implementation_mechanism,10,27,27,1.0,True
EDGE,single_risk,implementation_mechanism,25,23,23,1.0,True
EDGE,single_risk,implementation_mechanism,36,16,16,1.0,True
EDGE,single_risk,implementation_mechanism,0,31,31,1.0,True
EDGE,single_risk,implementation_mechanism,39,18,18,1.0,True
EDGE,single_risk,implementation_mechanism,38,19,19,1.0,True
EDGE,single_risk,implementation_mechanism,34,2,2,1.0,True
EDGE,monotonic,implementation_mechanism,13,116,116,1.0,True
EDGE,monotonic,implementation_mechanism,27,41,41,1.0,True
EDGE,monotonic,implementation_mechanism,23,66,66,1.0,True
EDGE,monotonic,implementation_mechanism,4,154,154,1.0,True
EDGE,monotonic,implementation_mechanism,17,119,119,1.0,True
EDGE,monotonic,implementation_mechanism,36,69,69,1.0,True
EDGE,monotonic,implementation_mechanism,1,168,168,1.0,True
EDGE,monotonic,implementation_mechanism,20,51,51,1.0,True
EDGE,monotonic,implementation_mechanism,6,125,125,1.0,True
EDGE,monotonic,implementation_mechanism,9,116,116,1.0,True
EDGE,monotonic,implementation_mechanism,39,43,43,1.0,True
EDGE,monotonic,implementation_mechanism,22,29,29,1.0,True
EDGE,monotonic,implementation_mechanism,2,125,125,1.0,True
EDGE,monotonic,implementation_mechanism,25,7,7,1.0,True
EDGE,monotonic,implementation_mechanism,0,77,77,1.0,True
EDGE,monotonic,implementation_mechanism,31,123,123,1.0,True
EDGE,monotonic,implementation_mechanism,8,84,84,1.0,True
EDGE,monotonic,implementation_mechanism,37,63,63,1.0,True
EDGE,monotonic,implementation_mechanism,21,32,32,1.0,True
EDGE,monotonic,implementation_mechanism,11,102,102,1.0,True
EDGE,monotonic,implementation_mechanism,5,49,49,1.0,True
EDGE,monotonic,implementation_mechanism,7,85,85,1.0,True
EDGE,monotonic,implementation_mechanism,38,12,12,1.0,True
EDGE,monotonic,implementation_mechanism,29,36,36,1.0,True
EDGE,monotonic,implementation_mechanism,24,23,23,1.0,True
EDGE,monotonic,implementation_mechanism,35,38,38,1.0,True
EDGE,monotonic,implementation_mechanism,3,46,46,1.0,True
EDGE,monotonic,implementation_mechanism,18,54,54,1.0,True
EDGE,monotonic,implementation_mechanism,33,21,21,1.0,True
EDGE,monotonic,implementation_mechanism,16,29,29,1.0,True
EDGE,monotonic,implementation_mechanism,12,16,16,1.0,True
EDGE,monotonic,implementation_mechanism,19,27,27,1.0,True
EDGE,monotonic,implementation_mechanism,26,30,30,1.0,True
EDGE,monotonic,implementation_mechanism,14,25,25,1.0,True
EDGE,monotonic,implementation_mechanism,34,29,29,1.0,True
EDGE,monotonic,implementation_mechanism,10,17,17,1.0,True
EDGE,monotonic,implementation_mechanism,28,16,16,1.0,True
EDGE,monotonic,implementation_mechanism,32,30,30,1.0,True
EDGE,monotonic,implementation_mechanism,15,21,21,1.0,True
EDGE,monotonic,implementation_mechanism,30,15,15,1.0,True
EDGE,both,implementation_mechanism,13,116,116,1.0,True
EDGE,both,implementation_mechanism,27,41,41,1.0,True
EDGE,both,implementation_mechanism,23,66,66,1.0,True
EDGE,both,implementation_mechanism,4,154,154,1.0,True
EDGE,both,implementation_mechanism,17,119,119,1.0,True
EDGE,both,implementation_mechanism,36,69,69,1.0,True
EDGE,both,implementation_mechanism,1,168,168,1.0,True
EDGE,both,implementation_mechanism,20,51,51,1.0,True
EDGE,both,implementation_mechanism,6,125,125,1.0,True
EDGE,both,implementation_mechanism,9,116,116,1.0,True
EDGE,both,implementation_mechanism,39,43,43,1.0,True
EDGE,both,implementation_mechanism,22,29,29,1.0,True
EDGE,both,implementation_mechanism,2,125,125,1.0,True
EDGE,both,implementation_mechanism,25,7,7,1.0,True
EDGE,both,implementation_mechanism,0,77,77,1.0,True
EDGE,both,implementation_mechanism,31,123,123,1.0,True
EDGE,both,implementation_mechanism,8,84,84,1.0,True
EDGE,both,implementation_mechanism,37,63,63,1.0,True
EDGE,both,implementation_mechanism,21,32,32,1.0,True
EDGE,both,implementation_mechanism,11,102,102,1.0,True
EDGE,both,implementation_mechanism,5,49,49,1.0,True
EDGE,both,implementation_mechanism,7,85,85,1.0,True
EDGE,both,implementation_mechanism,38,12,12,1.0,True
EDGE,both,implementation_mechanism,29,36,36,1.0,True
EDGE,both,implementation_mechanism,24,23,23,1.0,True
EDGE,both,implementation_mechanism,35,38,38,1.0,True
EDGE,both,implementation_mechanism,3,46,46,1.0,True
EDGE,both,implementation_mechanism,18,54,54,1.0,True
EDGE,both,implementation_mechanism,33,21,21,1.0,True
EDGE,both,implementation_mechanism,16,29,29,1.0,True
EDGE,both,implementation_mechanism,12,16,16,1.0,True
EDGE,both,implementation_mechanism,19,27,27,1.0,True
EDGE,both,implementation_mechanism,26,30,30,1.0,True
EDGE,both,implementation_mechanism,14,25,25,1.0,True
EDGE,both,implementation_mechanism,34,29,29,1.0,True
EDGE,both,implementation_mechanism,10,17,17,1.0,True
EDGE,both,implementation_mechanism,28,16,16,1.0,True
EDGE,both,implementation_mechanism,32,30,30,1.0,True
EDGE,both,implementation_mechanism,15,21,21,1.0,True
EDGE,both,implementation_mechanism,30,15,15,1.0,True
0.8,unconstrained,implementation_mechanism,5,258,202,0.7829,False
0.8,unconstrained,implementation_mechanism,3,315,218,0.6921,False
0.8,unconstrained,implementation_mechanism,37,64,25,0.3906,False
0.8,unconstrained,implementation_mechanism,7,111,58,0.5225,False
0.8,unconstrained,implementation_mechanism,11,229,76,0.3319,False
0.8,unconstrained,implementation_mechanism,0,287,148,0.5157,False
0.8,unconstrained,implementation_mechanism,17,218,132,0.6055,False
0.8,unconstrained,implementation_mechanism,20,239,211,0.8828,True
0.8,unconstrained,implementation_mechanism,22,11,11,1.0,True
0.8,unconstrained,implementation_mechanism,13,37,15,0.4054,False
0.8,unconstrained,implementation_mechanism,14,76,11,0.1447,False
0.8,unconstrained,implementation_mechanism,24,136,48,0.3529,False
0.8,unconstrained,implementation_mechanism,35,53,29,0.5472,False
0.8,unconstrained,implementation_mechanism,8,225,175,0.7778,False
0.8,unconstrained,implementation_mechanism,25,75,39,0.52,False
0.8,unconstrained,implementation_mechanism,23,229,64,0.2795,False
0.8,unconstrained,implementation_mechanism,39,15,10,0.6667,False
0.8,unconstrained,implementation_mechanism,36,66,59,0.8939,True
0.8,unconstrained,implementation_mechanism,34,57,17,0.2982,False
0.8,unconstrained,implementation_mechanism,1,198,163,0.8232,True
0.8,unconstrained,implementation_mechanism,9,282,52,0.1844,False
0.8,unconstrained,implementation_mechanism,2,79,22,0.2785,False
0.8,unconstrained,implementation_mechanism,33,151,46,0.3046,False
0.8,unconstrained,implementation_mechanism,29,45,16,0.3556,False
0.8,unconstrained,implementation_mechanism,10,129,62,0.4806,False
0.8,unconstrained,implementation_mechanism,6,308,93,0.3019,False
0.8,unconstrained,implementation_mechanism,27,24,14,0.5833,False
0.8,unconstrained,implementation_mechanism,18,64,26,0.4062,False
0.8,unconstrained,implementation_mechanism,16,139,38,0.2734,False
0.8,unconstrained,implementation_mechanism,28,21,2,0.0952,False
0.8,unconstrained,implementation_mechanism,21,41,16,0.3902,False
0.8,unconstrained,implementation_mechanism,26,54,47,0.8704,True
0.8,unconstrained,implementation_mechanism,15,77,55,0.7143,False
0.8,unconstrained,implementation_mechanism,38,24,14,0.5833,False
0.8,unconstrained,implementation_mechanism,31,10,1,0.1,False
0.8,unconstrained,implementation_mechanism,19,37,14,0.3784,False
0.8,unconstrained,implementation_mechanism,32,24,15,0.625,False
0.8,unconstrained,implementation_mechanism,30,13,9,0.6923,False
0.8,unconstrained,implementation_mechanism,12,70,10,0.1429,False
0.8,unconstrained,implementation_mechanism,4,29,23,0.7931,False
0.8,single_risk,implementation_mechanism,0,298,249,0.8356,True
0.8,single_risk,implementation_mechanism,2,462,367,0.7944,False
0.8,single_risk,implementation_mechanism,35,70,29,0.4143,False
0.8,single_risk,implementation_mechanism,27,98,55,0.5612,False
0.8,single_risk,implementation_mechanism,24,193,61,0.3161,False
0.8,single_risk,implementation_mechanism,6,270,138,0.5111,False
0.8,single_risk,implementation_mechanism,11,213,132,0.6197,False
0.8,single_risk,implementation_mechanism,9,175,158,0.9029,True
0.8,single_risk,implementation_mechanism,1,34,24,0.7059,False
0.8,single_risk,implementation_mechanism,4,200,169,0.845,True
0.8,single_risk,implementation_mechanism,20,23,17,0.7391,False
0.8,single_risk,implementation_mechanism,21,72,11,0.1528,False
0.8,single_risk,implementation_mechanism,17,96,33,0.3438,False
0.8,single_risk,implementation_mechanism,33,24,14,0.5833,False
0.8,single_risk,implementation_mechanism,13,46,41,0.8913,True
0.8,single_risk,implementation_mechanism,26,53,30,0.566,False
0.8,single_risk,implementation_mechanism,22,115,33,0.287,False
0.8,single_risk,implementation_mechanism,19,138,43,0.3116,False
0.8,single_risk,implementation_mechanism,32,15,10,0.6667,False
0.8,single_risk,implementation_mechanism,30,66,59,0.8939,True
0.8,single_risk,implementation_mechanism,34,78,58,0.7436,False
0.8,single_risk,implementation_mechanism,18,73,21,0.2877,False
0.8,single_risk,implementation_mechanism,16,73,19,0.2603,False
0.8,single_risk,implementation_mechanism,10,98,35,0.3571,False
0.8,single_risk,implementation_mechanism,29,153,51,0.3333,False
0.8,single_risk,implementation_mechanism,12,40,17,0.425,False
0.8,single_risk,implementation_mechanism,14,124,60,0.4839,False
0.8,single_risk,implementation_mechanism,3,225,70,0.3111,False
0.8,single_risk,implementation_mechanism,15,61,24,0.3934,False
0.8,single_risk,implementation_mechanism,5,125,29,0.232,False
0.8,single_risk,implementation_mechanism,23,28,17,0.6071,False
0.8,single_risk,implementation_mechanism,38,83,33,0.3976,False
0.8,single_risk,implementation_mechanism,28,18,2,0.1111,False
0.8,single_risk,implementation_mechanism,8,242,43,0.1777,False
0.8,single_risk,implementation_mechanism,25,86,29,0.3372,False
0.8,single_risk,implementation_mechanism,39,128,49,0.3828,False
0.8,single_risk,implementation_mechanism,31,10,1,0.1,False
0.8,single_risk,implementation_mechanism,37,11,7,0.6364,False
0.8,single_risk,implementation_mechanism,36,36,13,0.3611,False
0.8,single_risk,implementation_mechanism,7,38,34,0.8947,True
0.8,monotonic,implementation_mechanism,12,169,148,0.8757,True
0.8,monotonic,implementation_mechanism,18,121,86,0.7107,False
0.8,monotonic,implementation_mechanism,37,37,23,0.6216,False
0.8,monotonic,implementation_mechanism,30,101,65,0.6436,False
0.8,monotonic,implementation_mechanism,23,171,72,0.4211,False
0.8,monotonic,implementation_mechanism,17,236,128,0.5424,False
0.8,monotonic,implementation_mechanism,3,163,72,0.4417,False
0.8,monotonic,implementation_mechanism,4,144,88,0.6111,False
0.8,monotonic,implementation_mechanism,8,175,159,0.9086,True
0.8,monotonic,implementation_mechanism,32,9,9,1.0,True
0.8,monotonic,implementation_mechanism,19,101,86,0.8515,True
0.8,monotonic,implementation_mechanism,38,56,9,0.1607,False
0.8,monotonic,implementation_mechanism,2,215,62,0.2884,False
0.8,monotonic,implementation_mechanism,16,52,48,0.9231,True
0.8,monotonic,implementation_mechanism,13,56,37,0.6607,False
0.8,monotonic,implementation_mechanism,0,322,268,0.8323,True
0.8,monotonic,implementation_mechanism,1,116,59,0.5086,False
0.8,monotonic,implementation_mechanism,14,89,38,0.427,False
0.8,monotonic,implementation_mechanism,26,15,11,0.7333,False
0.8,monotonic,implementation_mechanism,25,46,35,0.7609,False
0.8,monotonic,implementation_mechanism,22,77,56,0.7273,False
0.8,monotonic,implementation_mechanism,34,74,23,0.3108,False
0.8,monotonic,implementation_mechanism,11,203,65,0.3202,False
0.8,monotonic,implementation_mechanism,10,125,102,0.816,True
0.8,monotonic,implementation_mechanism,27,33,15,0.4545,False
0.8,monotonic,implementation_mechanism,6,115,34,0.2957,False
0.8,monotonic,implementation_mechanism,28,52,21,0.4038,False
0.8,monotonic,implementation_mechanism,35,75,45,0.6,False
0.8,monotonic,implementation_mechanism,7,49,28,0.5714,False
0.8,monotonic,implementation_mechanism,21,19,13,0.6842,False
0.8,monotonic,implementation_mechanism,15,133,60,0.4511,False
0.8,monotonic,implementation_mechanism,20,65,26,0.4,False
0.8,monotonic,implementation_mechanism,9,115,91,0.7913,False
0.8,monotonic,implementation_mechanism,31,11,2,0.1818,False
0.8,monotonic,implementation_mechanism,36,41,34,0.8293,True
0.8,monotonic,implementation_mechanism,5,50,44,0.88,True
0.8,monotonic,implementation_mechanism,39,10,1,0.1,False
0.8,monotonic,implementation_mechanism,24,40,37,0.925,True
0.8,monotonic,implementation_mechanism,29,21,15,0.7143,False
0.8,monotonic,implementation_mechanism,33,54,9,0.1667,False
0.8,both,implementation_mechanism,32,37,23,0.6216,False
0.8,both,implementation_mechanism,2,93,77,0.828,True
0.8,both,implementation_mechanism,4,96,67,0.6979,False
0.8,both,implementation_mechanism,20,160,69,0.4313,False
0.8,both,implementation_mechanism,39,236,128,0.5424,False
0.8,both,implementation_mechanism,13,111,69,0.6216,False
0.8,both,implementation_mechanism,27,129,111,0.8605,True
0.8,both,implementation_mechanism,15,158,69,0.4367,False
0.8,both,implementation_mechanism,29,156,145,0.9295,True
0.8,both,implementation_mechanism,9,36,36,1.0,True
0.8,both,implementation_mechanism,16,124,107,0.8629,True
0.8,both,implementation_mechanism,25,129,101,0.7829,False
0.8,both,implementation_mechanism,36,53,9,0.1698,False
0.8,both,implementation_mechanism,5,182,51,0.2802,False
0.8,both,implementation_mechanism,11,57,50,0.8772,True
0.8,both,implementation_mechanism,34,43,25,0.5814,False
0.8,both,implementation_mechanism,6,284,243,0.8556,True
0.8,both,implementation_mechanism,3,123,68,0.5528,False
0.8,both,implementation_mechanism,0,160,66,0.4125,False
0.8,both,implementation_mechanism,14,57,52,0.9123,True
0.8,both,implementation_mechanism,7,164,70,0.4268,False
0.8,both,implementation_mechanism,26,77,65,0.8442,True
0.8,both,implementation_mechanism,22,63,50,0.7937,False
0.8,both,implementation_mechanism,17,62,20,0.3226,False
0.8,both,implementation_mechanism,12,197,64,0.3249,False
0.8,both,implementation_mechanism,10,44,25,0.5682,False
0.8,both,implementation_mechanism,18,76,69,0.9079,True
0.8,both,implementation_mechanism,8,45,20,0.4444,False
0.8,both,implementation_mechanism,35,91,35,0.3846,False
0.8,both,implementation_mechanism,37,69,43,0.6232,False
0.8,both,implementation_mechanism,30,86,28,0.3256,False
0.8,both,implementation_mechanism,21,19,13,0.6842,False
0.8,both,implementation_mechanism,24,60,26,0.4333,False
0.8,both,implementation_mechanism,23,11,2,0.1818,False
0.8,both,implementation_mechanism,19,53,49,0.9245,True
0.8,both,implementation_mechanism,33,13,7,0.5385,False
0.8,both,implementation_mechanism,31,10,1,0.1,False
0.8,both,implementation_mechanism,1,77,56,0.7273,False
0.8,both,implementation_mechanism,28,10,8,0.8,True
0.8,both,implementation_mechanism,38,4,4,1.0,True
0.85,unconstrained,implementation_mechanism,29,44,16,0.3636,False
0.85,unconstrained,implementation_mechanism,6,88,77,0.875,True
0.85,unconstrained,implementation_mechanism,19,99,72,0.7273,False
0.85,unconstrained,implementation_mechanism,32,180,68,0.3778,False
0.85,unconstrained,implementation_mechanism,16,204,121,0.5931,False
0.85,unconstrained,implementation_mechanism,15,154,130,0.8442,True
0.85,unconstrained,implementation_mechanism,1,103,91,0.8835,True
0.85,unconstrained,implementation_mechanism,8,86,53,0.6163,False
0.85,unconstrained,implementation_mechanism,2,205,186,0.9073,True
0.85,unconstrained,implementation_mechanism,11,45,41,0.9111,True
0.85,unconstrained,implementation_mechanism,0,236,203,0.8602,True
0.85,unconstrained,implementation_mechanism,24,105,58,0.5524,False
0.85,unconstrained,implementation_mechanism,5,213,72,0.338,False
0.85,unconstrained,implementation_mechanism,34,17,10,0.5882,False
0.85,unconstrained,implementation_mechanism,37,47,34,0.7234,False
0.85,unconstrained,implementation_mechanism,4,113,107,0.9469,True
0.85,unconstrained,implementation_mechanism,33,118,98,0.8305,True
0.85,unconstrained,implementation_mechanism,38,84,75,0.8929,True
0.85,unconstrained,implementation_mechanism,25,105,95,0.9048,True
0.85,unconstrained,implementation_mechanism,18,79,72,0.9114,True
0.85,unconstrained,implementation_mechanism,10,123,97,0.7886,False
0.85,unconstrained,implementation_mechanism,22,59,12,0.2034,False
0.85,unconstrained,implementation_mechanism,12,198,81,0.4091,False
0.85,unconstrained,implementation_mechanism,36,26,18,0.6923,False
0.85,unconstrained,implementation_mechanism,3,80,78,0.975,True
0.85,unconstrained,implementation_mechanism,21,94,38,0.4043,False
0.85,unconstrained,implementation_mechanism,31,59,21,0.3559,False
0.85,unconstrained,implementation_mechanism,9,137,57,0.4161,False
0.85,unconstrained,implementation_mechanism,35,78,36,0.4615,False
0.85,unconstrained,implementation_mechanism,26,41,18,0.439,False
0.85,unconstrained,implementation_mechanism,17,62,41,0.6613,False
0.85,unconstrained,implementation_mechanism,20,10,3,0.3,False
0.85,unconstrained,implementation_mechanism,30,47,26,0.5532,False
0.85,unconstrained,implementation_mechanism,7,65,54,0.8308,True
0.85,unconstrained,implementation_mechanism,27,8,7,0.875,True
0.85,unconstrained,implementation_mechanism,13,100,43,0.43,False
0.85,unconstrained,implementation_mechanism,14,40,28,0.7,False
0.85,unconstrained,implementation_mechanism,39,11,11,1.0,True
0.85,unconstrained,implementation_mechanism,23,17,5,0.2941,False
0.85,unconstrained,implementation_mechanism,28,1,1,1.0,True
0.85,single_risk,implementation_mechanism,27,39,14,0.359,False
0.85,single_risk,implementation_mechanism,0,219,196,0.895,True
0.85,single_risk,implementation_mechanism,31,93,72,0.7742,False
0.85,single_risk,implementation_mechanism,26,165,67,0.4061,False
0.85,single_risk,implementation_mechanism,33,202,125,0.6188,False
0.85,single_risk,implementation_mechanism,6,128,109,0.8516,True
0.85,single_risk,implementation_mechanism,28,123,111,0.9024,True
0.85,single_risk,implementation_mechanism,4,82,50,0.6098,False
0.85,single_risk,implementation_mechanism,1,184,170,0.9239,True
0.85,single_risk,implementation_mechanism,30,29,28,0.9655,True
0.85,single_risk,implementation_mechanism,2,134,116,0.8657,True
0.85,single_risk,implementation_mechanism,29,101,57,0.5644,False
0.85,single_risk,implementation_mechanism,7,107,64,0.5981,False
0.85,single_risk,implementation_mechanism,32,17,10,0.5882,False
0.85,single_risk,implementation_mechanism,13,51,41,0.8039,True
0.85,single_risk,implementation_mechanism,5,144,134,0.9306,True
0.85,single_risk,implementation_mechanism,15,106,90,0.8491,True
0.85,single_risk,implementation_mechanism,19,95,49,0.5158,False
0.85,single_risk,implementation_mechanism,11,72,66,0.9167,True
0.85,single_risk,implementation_mechanism,22,86,81,0.9419,True
0.85,single_risk,implementation_mechanism,35,56,10,0.1786,False
0.85,single_risk,implementation_mechanism,12,189,79,0.418,False
0.85,single_risk,implementation_mechanism,36,26,18,0.6923,False
0.85,single_risk,implementation_mechanism,24,35,17,0.4857,False
0.85,single_risk,implementation_mechanism,39,63,63,1.0,True
0.85,single_risk,implementation_mechanism,9,46,44,0.9565,True
0.85,single_risk,implementation_mechanism,8,91,38,0.4176,False
0.85,single_risk,implementation_mechanism,16,164,43,0.2622,False
0.85,single_risk,implementation_mechanism,10,61,21,0.3443,False
0.85,single_risk,implementation_mechanism,17,64,30,0.4688,False
0.85,single_risk,implementation_mechanism,20,62,41,0.6613,False
0.85,single_risk,implementation_mechanism,14,105,86,0.819,True
0.85,single_risk,implementation_mechanism,34,12,5,0.4167,False
0.85,single_risk,implementation_mechanism,25,51,32,0.6275,False
0.85,single_risk,implementation_mechanism,23,116,43,0.3707,False
0.85,single_risk,implementation_mechanism,21,65,57,0.8769,True
0.85,single_risk,implementation_mechanism,3,41,39,0.9512,True
0.85,single_risk,implementation_mechanism,18,31,30,0.9677,True
0.85,single_risk,implementation_mechanism,37,17,5,0.2941,False
0.85,single_risk,implementation_mechanism,38,3,3,1.0,True
0.85,monotonic,implementation_mechanism,35,37,19,0.5135,False
0.85,monotonic,implementation_mechanism,23,67,54,0.806,True
0.85,monotonic,implementation_mechanism,21,82,74,0.9024,True
0.85,monotonic,implementation_mechanism,9,138,63,0.4565,False
0.85,monotonic,implementation_mechanism,20,209,136,0.6507,False
0.85,monotonic,implementation_mechanism,26,109,93,0.8532,True
0.85,monotonic,implementation_mechanism,3,42,39,0.9286,True
0.85,monotonic,implementation_mechanism,33,48,44,0.9167,True
0.85,monotonic,implementation_mechanism,8,85,52,0.6118,False
0.85,monotonic,implementation_mechanism,0,154,146,0.9481,True
0.85,monotonic,implementation_mechanism,4,37,21,0.5676,False
0.85,monotonic,implementation_mechanism,10,167,146,0.8743,True
0.85,monotonic,implementation_mechanism,28,8,7,0.875,True
0.85,monotonic,implementation_mechanism,1,133,101,0.7594,False
0.85,monotonic,implementation_mechanism,2,222,119,0.536,False
0.85,monotonic,implementation_mechanism,17,132,124,0.9394,True
0.85,monotonic,implementation_mechanism,37,96,90,0.9375,True
0.85,monotonic,implementation_mechanism,19,97,74,0.7629,False
0.85,monotonic,implementation_mechanism,36,48,46,0.9583,True
0.85,monotonic,implementation_mechanism,12,64,60,0.9375,True
0.85,monotonic,implementation_mechanism,24,80,75,0.9375,True
0.85,monotonic,implementation_mechanism,5,59,44,0.7458,False
0.85,monotonic,implementation_mechanism,38,55,51,0.9273,True
0.85,monotonic,implementation_mechanism,15,167,82,0.491,False
0.85,monotonic,implementation_mechanism,39,32,16,0.5,False
0.85,monotonic,implementation_mechanism,11,78,76,0.9744,True
0.85,monotonic,implementation_mechanism,32,78,41,0.5256,False
0.85,monotonic,implementation_mechanism,18,126,61,0.4841,False
0.85,monotonic,implementation_mechanism,6,75,40,0.5333,False
0.85,monotonic,implementation_mechanism,16,60,44,0.7333,False
0.85,monotonic,implementation_mechanism,30,51,43,0.8431,True
0.85,monotonic,implementation_mechanism,22,79,71,0.8987,True
0.85,monotonic,implementation_mechanism,13,30,29,0.9667,True
0.85,monotonic,implementation_mechanism,34,18,18,1.0,True
0.85,monotonic,implementation_mechanism,14,21,17,0.8095,True
0.85,monotonic,implementation_mechanism,25,8,6,0.75,False
0.85,monotonic,implementation_mechanism,27,18,17,0.9444,True
0.85,monotonic,implementation_mechanism,7,33,33,1.0,True
0.85,monotonic,implementation_mechanism,29,44,8,0.1818,False
0.85,monotonic,implementation_mechanism,31,16,15,0.9375,True
0.85,both,implementation_mechanism,2,61,43,0.7049,False
0.85,both,implementation_mechanism,39,59,54,0.9153,True
0.85,both,implementation_mechanism,24,77,70,0.9091,True
0.85,both,implementation_mechanism,1,132,71,0.5379,False
0.85,both,implementation_mechanism,19,207,140,0.6763,False
0.85,both,implementation_mechanism,16,108,93,0.8611,True
0.85,both,implementation_mechanism,4,142,130,0.9155,True
0.85,both,implementation_mechanism,0,107,64,0.5981,False
0.85,both,implementation_mechanism,20,70,65,0.9286,True
0.85,both,implementation_mechanism,10,162,155,0.9568,True
0.85,both,implementation_mechanism,5,54,53,0.9815,True
0.85,both,implementation_mechanism,28,136,122,0.8971,True
0.85,both,implementation_mechanism,35,8,7,0.875,True
0.85,both,implementation_mechanism,18,94,67,0.7128,False
0.85,both,implementation_mechanism,36,123,55,0.4472,False
0.85,both,implementation_mechanism,8,59,48,0.8136,True
0.85,both,implementation_mechanism,17,129,121,0.938,True
0.85,both,implementation_mechanism,11,132,127,0.9621,True
0.85,both,implementation_mechanism,33,35,31,0.8857,True
0.85,both,implementation_mechanism,13,92,73,0.7935,False
0.85,both,implementation_mechanism,9,80,76,0.95,True
0.85,both,implementation_mechanism,30,43,31,0.7209,False
0.85,both,implementation_mechanism,15,53,13,0.2453,False
0.85,both,implementation_mechanism,14,144,70,0.4861,False
0.85,both,implementation_mechanism,29,29,16,0.5517,False
0.85,both,implementation_mechanism,31,44,44,1.0,True
0.85,both,implementation_mechanism,3,54,52,0.963,True
0.85,both,implementation_mechanism,12,64,34,0.5312,False
0.85,both,implementation_mechanism,21,76,41,0.5395,False
0.85,both,implementation_mechanism,37,30,16,0.5333,False
0.85,both,implementation_mechanism,23,98,53,0.5408,False
0.85,both,implementation_mechanism,26,105,66,0.6286,False
0.85,both,implementation_mechanism,27,60,44,0.7333,False
0.85,both,implementation_mechanism,22,55,48,0.8727,True
0.85,both,implementation_mechanism,25,26,26,1.0,True
0.85,both,implementation_mechanism,34,8,2,0.25,False
0.85,both,implementation_mechanism,32,25,24,0.96,True
0.85,both,implementation_mechanism,38,16,14,0.875,True
0.85,both,implementation_mechanism,6,20,20,1.0,True
0.85,both,implementation_mechanism,7,17,16,0.9412,True
0.9,unconstrained,implementation_mechanism,25,42,25,0.5952,False
0.9,unconstrained,implementation_mechanism,36,58,55,0.9483,True
0.9,unconstrained,implementation_mechanism,5,66,65,0.9848,True
0.9,unconstrained,implementation_mechanism,1,197,165,0.8376,True
0.9,unconstrained,implementation_mechanism,16,116,110,0.9483,True
0.9,unconstrained,implementation_mechanism,24,71,71,1.0,True
0.9,unconstrained,implementation_mechanism,4,209,167,0.799,False
0.9,unconstrained,implementation_mechanism,26,53,52,0.9811,True
0.9,unconstrained,implementation_mechanism,3,100,97,0.97,True
0.9,unconstrained,implementation_mechanism,28,31,11,0.3548,False
0.9,unconstrained,implementation_mechanism,31,105,69,0.6571,False
0.9,unconstrained,implementation_mechanism,2,127,126,0.9921,True
0.9,unconstrained,implementation_mechanism,21,30,30,1.0,True
0.9,unconstrained,implementation_mechanism,30,7,6,0.8571,True
0.9,unconstrained,implementation_mechanism,0,160,156,0.975,True
0.9,unconstrained,implementation_mechanism,23,8,7,0.875,True
0.9,unconstrained,implementation_mechanism,19,149,116,0.7785,False
0.9,unconstrained,implementation_mechanism,37,25,23,0.92,True
0.9,unconstrained,implementation_mechanism,7,130,113,0.8692,True
0.9,unconstrained,implementation_mechanism,13,73,71,0.9726,True
0.9,unconstrained,implementation_mechanism,20,62,55,0.8871,True
0.9,unconstrained,implementation_mechanism,8,131,129,0.9847,True
0.9,unconstrained,implementation_mechanism,39,20,20,1.0,True
0.9,unconstrained,implementation_mechanism,9,110,110,1.0,True
0.9,unconstrained,implementation_mechanism,11,68,68,1.0,True
0.9,unconstrained,implementation_mechanism,6,46,46,1.0,True
0.9,unconstrained,implementation_mechanism,33,37,37,1.0,True
0.9,unconstrained,implementation_mechanism,18,27,27,1.0,True
0.9,unconstrained,implementation_mechanism,34,49,38,0.7755,False
0.9,unconstrained,implementation_mechanism,35,15,15,1.0,True
0.9,unconstrained,implementation_mechanism,27,51,45,0.8824,True
0.9,unconstrained,implementation_mechanism,10,93,89,0.957,True
0.9,unconstrained,implementation_mechanism,22,20,20,1.0,True
0.9,unconstrained,implementation_mechanism,14,18,18,1.0,True
0.9,unconstrained,implementation_mechanism,17,33,33,1.0,True
0.9,unconstrained,implementation_mechanism,29,24,23,0.9583,True
0.9,unconstrained,implementation_mechanism,12,26,26,1.0,True
0.9,unconstrained,implementation_mechanism,15,12,12,1.0,True
0.9,unconstrained,implementation_mechanism,38,5,4,0.8,True
0.9,unconstrained,implementation_mechanism,32,30,30,1.0,True
0.9,single_risk,implementation_mechanism,15,39,26,0.6667,False
0.9,single_risk,implementation_mechanism,12,54,53,0.9815,True
0.9,single_risk,implementation_mechanism,24,71,70,0.9859,True
0.9,single_risk,implementation_mechanism,38,147,124,0.8435,True
0.9,single_risk,implementation_mechanism,16,140,134,0.9571,True
0.9,single_risk,implementation_mechanism,9,88,88,1.0,True
0.9,single_risk,implementation_mechanism,17,157,130,0.828,True
0.9,single_risk,implementation_mechanism,21,43,43,1.0,True
0.9,single_risk,implementation_mechanism,30,35,35,1.0,True
0.9,single_risk,implementation_mechanism,14,128,127,0.9922,True
0.9,single_risk,implementation_mechanism,7,48,48,1.0,True
0.9,single_risk,implementation_mechanism,1,36,36,1.0,True
0.9,single_risk,implementation_mechanism,4,141,137,0.9716,True
0.9,single_risk,implementation_mechanism,23,10,9,0.9,True
0.9,single_risk,implementation_mechanism,31,92,66,0.7174,False
0.9,single_risk,implementation_mechanism,19,213,171,0.8028,True
0.9,single_risk,implementation_mechanism,13,92,87,0.9457,True
0.9,single_risk,implementation_mechanism,20,40,40,1.0,True
0.9,single_risk,implementation_mechanism,29,70,61,0.8714,True
0.9,single_risk,implementation_mechanism,3,117,115,0.9829,True
0.9,single_risk,implementation_mechanism,27,101,99,0.9802,True
0.9,single_risk,implementation_mechanism,6,121,118,0.9752,True
0.9,single_risk,implementation_mechanism,22,81,81,1.0,True
0.9,single_risk,implementation_mechanism,8,62,62,1.0,True
0.9,single_risk,implementation_mechanism,36,28,11,0.3929,False
0.9,single_risk,implementation_mechanism,26,37,37,1.0,True
0.9,single_risk,implementation_mechanism,11,22,22,1.0,True
0.9,single_risk,implementation_mechanism,2,64,59,0.9219,True
0.9,single_risk,implementation_mechanism,34,50,40,0.8,True
0.9,single_risk,implementation_mechanism,28,34,31,0.9118,True
0.9,single_risk,implementation_mechanism,10,52,48,0.9231,True
0.9,single_risk,implementation_mechanism,0,25,25,1.0,True
0.9,single_risk,implementation_mechanism,32,31,31,1.0,True
0.9,single_risk,implementation_mechanism,25,23,23,1.0,True
0.9,single_risk,implementation_mechanism,5,18,18,1.0,True
0.9,single_risk,implementation_mechanism,18,12,12,1.0,True
0.9,single_risk,implementation_mechanism,37,18,18,1.0,True
0.9,single_risk,implementation_mechanism,35,28,28,1.0,True
0.9,single_risk,implementation_mechanism,33,16,16,1.0,True
0.9,single_risk,implementation_mechanism,39,1,1,1.0,True
0.9,monotonic,implementation_mechanism,33,41,25,0.6098,False
0.9,monotonic,implementation_mechanism,13,66,64,0.9697,True
0.9,monotonic,implementation_mechanism,9,80,79,0.9875,True
0.9,monotonic,implementation_mechanism,7,179,151,0.8436,True
0.9,monotonic,implementation_mechanism,31,120,115,0.9583,True
0.9,monotonic,implementation_mechanism,16,71,71,1.0,True
0.9,monotonic,implementation_mechanism,3,194,170,0.8763,True
0.9,monotonic,implementation_mechanism,36,46,45,0.9783,True
0.9,monotonic,implementation_mechanism,5,73,72,0.9863,True
0.9,monotonic,implementation_mechanism,34,24,11,0.4583,False
0.9,monotonic,implementation_mechanism,18,119,118,0.9916,True
0.9,monotonic,implementation_mechanism,1,73,73,1.0,True
0.9,monotonic,implementation_mechanism,38,27,26,0.963,True
0.9,monotonic,implementation_mechanism,19,88,88,1.0,True
0.9,monotonic,implementation_mechanism,35,10,9,0.9,True
0.9,monotonic,implementation_mechanism,24,92,67,0.7283,False
0.9,monotonic,implementation_mechanism,22,136,111,0.8162,True
0.9,monotonic,implementation_mechanism,15,89,82,0.9213,True
0.9,monotonic,implementation_mechanism,12,79,79,1.0,True
0.9,monotonic,implementation_mechanism,0,116,100,0.8621,True
0.9,monotonic,implementation_mechanism,8,56,56,1.0,True
0.9,monotonic,implementation_mechanism,39,88,85,0.9659,True
0.9,monotonic,implementation_mechanism,6,69,69,1.0,True
0.9,monotonic,implementation_mechanism,2,94,94,1.0,True
0.9,monotonic,implementation_mechanism,11,23,23,1.0,True
0.9,monotonic,implementation_mechanism,10,11,11,1.0,True
0.9,monotonic,implementation_mechanism,23,39,39,1.0,True
0.9,monotonic,implementation_mechanism,32,34,34,1.0,True
0.9,monotonic,implementation_mechanism,20,49,47,0.9592,True
0.9,monotonic,implementation_mechanism,21,43,39,0.907,True
0.9,monotonic,implementation_mechanism,4,100,99,0.99,True
0.9,monotonic,implementation_mechanism,27,21,20,0.9524,True
0.9,monotonic,implementation_mechanism,14,25,25,1.0,True
0.9,monotonic,implementation_mechanism,25,11,11,1.0,True
0.9,monotonic,implementation_mechanism,30,11,11,1.0,True
0.9,monotonic,implementation_mechanism,17,29,29,1.0,True
0.9,monotonic,implementation_mechanism,29,18,18,1.0,True
0.9,monotonic,implementation_mechanism,37,16,15,0.9375,True
0.9,monotonic,implementation_mechanism,26,31,31,1.0,True
0.9,monotonic,implementation_mechanism,28,15,15,1.0,True
0.9,both,implementation_mechanism,29,35,23,0.6571,False
0.9,both,implementation_mechanism,12,62,60,0.9677,True
0.9,both,implementation_mechanism,8,70,69,0.9857,True
0.9,both,implementation_mechanism,0,188,164,0.8723,True
0.9,both,implementation_mechanism,23,126,121,0.9603,True
0.9,both,implementation_mechanism,4,108,108,1.0,True
0.9,both,implementation_mechanism,7,181,157,0.8674,True
0.9,both,implementation_mechanism,26,54,54,1.0,True
0.9,both,implementation_mechanism,9,151,150,0.9934,True
0.9,both,implementation_mechanism,1,56,55,0.9821,True
0.9,both,implementation_mechanism,37,31,31,1.0,True
0.9,both,implementation_mechanism,28,80,80,1.0,True
0.9,both,implementation_mechanism,25,10,9,0.9,True
0.9,both,implementation_mechanism,31,88,67,0.7614,False
0.9,both,implementation_mechanism,18,155,131,0.8452,True
0.9,both,implementation_mechanism,6,83,77,0.9277,True
0.9,both,implementation_mechanism,20,102,101,0.9902,True
0.9,both,implementation_mechanism,33,63,58,0.9206,True
0.9,both,implementation_mechanism,15,54,54,1.0,True
0.9,both,implementation_mechanism,11,99,97,0.9798,True
0.9,both,implementation_mechanism,24,80,80,1.0,True
0.9,both,implementation_mechanism,39,25,16,0.64,False
0.9,both,implementation_mechanism,27,39,39,1.0,True
0.9,both,implementation_mechanism,35,21,21,1.0,True
0.9,both,implementation_mechanism,13,18,17,0.9444,True
0.9,both,implementation_mechanism,30,47,37,0.7872,False
0.9,both,implementation_mechanism,34,49,47,0.9592,True
0.9,both,implementation_mechanism,5,54,50,0.9259,True
0.9,both,implementation_mechanism,22,91,91,1.0,True
0.9,both,implementation_mechanism,38,22,21,0.9545,True
0.9,both,implementation_mechanism,10,24,24,1.0,True
0.9,both,implementation_mechanism,3,34,34,1.0,True
0.9,both,implementation_mechanism,19,29,29,1.0,True
0.9,both,implementation_mechanism,14,41,40,0.9756,True
0.9,both,implementation_mechanism,2,18,18,1.0,True
0.9,both,implementation_mechanism,21,34,34,1.0,True
0.9,both,implementation_mechanism,36,30,29,0.9667,True
0.9,both,implementation_mechanism,16,11,11,1.0,True
0.9,both,implementation_mechanism,17,10,10,1.0,True
0.9,both,implementation_mechanism,32,13,13,1.0,True
0.95,unconstrained,implementation_mechanism,6,67,67,1.0,True
0.95,unconstrained,implementation_mechanism,29,49,48,0.9796,True
0.95,unconstrained,implementation_mechanism,23,76,76,1.0,True
0.95,unconstrained,implementation_mechanism,1,165,163,0.9879,True
0.95,unconstrained,implementation_mechanism,14,126,126,1.0,True
0.95,unconstrained,implementation_mechanism,0,115,115,1.0,True
0.95,unconstrained,implementation_mechanism,11,185,185,1.0,True
0.95,unconstrained,implementation_mechanism,22,50,50,1.0,True
0.95,unconstrained,implementation_mechanism,9,116,116,1.0,True
0.95,unconstrained,implementation_mechanism,19,31,31,1.0,True
0.95,unconstrained,implementation_mechanism,8,23,23,1.0,True
0.95,unconstrained,implementation_mechanism,13,84,83,0.9881,True
0.95,unconstrained,implementation_mechanism,37,7,7,1.0,True
0.95,unconstrained,implementation_mechanism,30,63,63,1.0,True
0.95,unconstrained,implementation_mechanism,36,92,92,1.0,True
0.95,unconstrained,implementation_mechanism,28,67,66,0.9851,True
0.95,unconstrained,implementation_mechanism,7,50,50,1.0,True
0.95,unconstrained,implementation_mechanism,26,90,89,0.9889,True
0.95,unconstrained,implementation_mechanism,10,60,60,1.0,True
0.95,unconstrained,implementation_mechanism,4,111,111,1.0,True
0.95,unconstrained,implementation_mechanism,5,94,94,1.0,True
0.95,unconstrained,implementation_mechanism,27,96,96,1.0,True
0.95,unconstrained,implementation_mechanism,21,92,92,1.0,True
0.95,unconstrained,implementation_mechanism,31,39,39,1.0,True
0.95,unconstrained,implementation_mechanism,39,38,38,1.0,True
0.95,unconstrained,implementation_mechanism,20,46,46,1.0,True
0.95,unconstrained,implementation_mechanism,2,77,77,1.0,True
0.95,unconstrained,implementation_mechanism,25,21,21,1.0,True
0.95,unconstrained,implementation_mechanism,17,50,47,0.94,True
0.95,unconstrained,implementation_mechanism,24,14,14,1.0,True
0.95,unconstrained,implementation_mechanism,32,16,16,1.0,True
0.95,unconstrained,implementation_mechanism,12,37,37,1.0,True
0.95,unconstrained,implementation_mechanism,18,17,17,1.0,True
0.95,unconstrained,implementation_mechanism,3,32,32,1.0,True
0.95,unconstrained,implementation_mechanism,15,15,15,1.0,True
0.95,unconstrained,implementation_mechanism,34,17,17,1.0,True
0.95,unconstrained,implementation_mechanism,16,27,27,1.0,True
0.95,unconstrained,implementation_mechanism,38,7,7,1.0,True
0.95,unconstrained,implementation_mechanism,35,18,18,1.0,True
0.95,unconstrained,implementation_mechanism,33,15,15,1.0,True
0.95,single_risk,implementation_mechanism,15,89,89,1.0,True
0.95,single_risk,implementation_mechanism,30,47,47,1.0,True
0.95,single_risk,implementation_mechanism,25,65,65,1.0,True
0.95,single_risk,implementation_mechanism,4,151,150,0.9934,True
0.95,single_risk,implementation_mechanism,14,133,133,1.0,True
0.95,single_risk,implementation_mechanism,7,78,78,1.0,True
0.95,single_risk,implementation_mechanism,5,171,171,1.0,True
0.95,single_risk,implementation_mechanism,13,48,48,1.0,True
0.95,single_risk,implementation_mechanism,21,114,114,1.0,True
0.95,single_risk,implementation_mechanism,29,35,35,1.0,True
0.95,single_risk,implementation_mechanism,16,35,35,1.0,True
0.95,single_risk,implementation_mechanism,0,141,141,1.0,True
0.95,single_risk,implementation_mechanism,23,44,43,0.9773,True
0.95,single_risk,implementation_mechanism,12,127,127,1.0,True
0.95,single_risk,implementation_mechanism,37,42,42,1.0,True
0.95,single_risk,implementation_mechanism,38,15,15,1.0,True
0.95,single_risk,implementation_mechanism,1,60,60,1.0,True
0.95,single_risk,implementation_mechanism,8,79,78,0.9873,True
0.95,single_risk,implementation_mechanism,10,56,56,1.0,True
0.95,single_risk,implementation_mechanism,31,65,65,1.0,True
0.95,single_risk,implementation_mechanism,19,97,97,1.0,True
0.95,single_risk,implementation_mechanism,17,36,36,1.0,True
0.95,single_risk,implementation_mechanism,2,100,100,1.0,True
0.95,single_risk,implementation_mechanism,6,45,45,1.0,True
0.95,single_risk,implementation_mechanism,22,75,75,1.0,True
0.95,single_risk,implementation_mechanism,27,38,38,1.0,True
0.95,single_risk,implementation_mechanism,28,39,39,1.0,True
0.95,single_risk,implementation_mechanism,34,31,31,1.0,True
0.95,single_risk,implementation_mechanism,36,42,42,1.0,True
0.95,single_risk,implementation_mechanism,32,22,22,1.0,True
0.95,single_risk,implementation_mechanism,33,25,25,1.0,True
0.95,single_risk,implementation_mechanism,20,14,14,1.0,True
0.95,single_risk,implementation_mechanism,11,32,32,1.0,True
0.95,single_risk,implementation_mechanism,9,39,39,1.0,True
0.95,single_risk,implementation_mechanism,24,23,23,1.0,True
0.95,single_risk,implementation_mechanism,3,61,61,1.0,True
0.95,single_risk,implementation_mechanism,26,16,16,1.0,True
0.95,single_risk,implementation_mechanism,35,31,31,1.0,True
0.95,single_risk,implementation_mechanism,39,3,3,1.0,True
0.95,single_risk,implementation_mechanism,18,23,23,1.0,True
0.95,monotonic,implementation_mechanism,4,111,111,1.0,True
0.95,monotonic,implementation_mechanism,31,70,69,0.9857,True
0.95,monotonic,implementation_mechanism,27,66,66,1.0,True
0.95,monotonic,implementation_mechanism,17,152,151,0.9934,True
0.95,monotonic,implementation_mechanism,16,125,125,1.0,True
0.95,monotonic,implementation_mechanism,34,66,66,1.0,True
0.95,monotonic,implementation_mechanism,15,143,143,1.0,True
0.95,monotonic,implementation_mechanism,26,40,40,1.0,True
0.95,monotonic,implementation_mechanism,11,97,97,1.0,True
0.95,monotonic,implementation_mechanism,2,121,121,1.0,True
0.95,monotonic,implementation_mechanism,3,65,65,1.0,True
0.95,monotonic,implementation_mechanism,35,24,24,1.0,True
0.95,monotonic,implementation_mechanism,13,65,65,1.0,True
0.95,monotonic,implementation_mechanism,39,7,7,1.0,True
0.95,monotonic,implementation_mechanism,23,31,30,0.9677,True
0.95,monotonic,implementation_mechanism,25,151,151,1.0,True
0.95,monotonic,implementation_mechanism,36,47,47,1.0,True
0.95,monotonic,implementation_mechanism,10,53,53,1.0,True
0.95,monotonic,implementation_mechanism,18,44,44,1.0,True
0.95,monotonic,implementation_mechanism,30,33,33,1.0,True
0.95,monotonic,implementation_mechanism,9,64,64,1.0,True
0.95,monotonic,implementation_mechanism,38,48,48,1.0,True
0.95,monotonic,implementation_mechanism,1,107,107,1.0,True
0.95,monotonic,implementation_mechanism,21,76,76,1.0,True
0.95,monotonic,implementation_mechanism,8,21,21,1.0,True
0.95,monotonic,implementation_mechanism,20,35,35,1.0,True
0.95,monotonic,implementation_mechanism,22,22,22,1.0,True
0.95,monotonic,implementation_mechanism,32,37,37,1.0,True
0.95,monotonic,implementation_mechanism,7,70,70,1.0,True
0.95,monotonic,implementation_mechanism,19,51,50,0.9804,True
0.95,monotonic,implementation_mechanism,0,90,90,1.0,True
0.95,monotonic,implementation_mechanism,5,34,34,1.0,True
0.95,monotonic,implementation_mechanism,14,25,25,1.0,True
0.95,monotonic,implementation_mechanism,12,26,26,1.0,True
0.95,monotonic,implementation_mechanism,6,28,28,1.0,True
0.95,monotonic,implementation_mechanism,24,20,20,1.0,True
0.95,monotonic,implementation_mechanism,33,16,16,1.0,True
0.95,monotonic,implementation_mechanism,28,28,28,1.0,True
0.95,monotonic,implementation_mechanism,37,8,8,1.0,True
0.95,monotonic,implementation_mechanism,29,15,15,1.0,True
0.95,both,implementation_mechanism,8,117,117,1.0,True
0.95,both,implementation_mechanism,32,59,59,1.0,True
0.95,both,implementation_mechanism,36,67,67,1.0,True
0.95,both,implementation_mechanism,2,181,180,0.9945,True
0.95,both,implementation_mechanism,14,110,110,1.0,True
0.95,both,implementation_mechanism,34,74,74,1.0,True
0.95,both,implementation_mechanism,11,155,155,1.0,True
0.95,both,implementation_mechanism,25,48,48,1.0,True
0.95,both,implementation_mechanism,0,146,146,1.0,True
0.95,both,implementation_mechanism,18,38,38,1.0,True
0.95,both,implementation_mechanism,31,39,39,1.0,True
0.95,both,implementation_mechanism,26,87,87,1.0,True
0.95,both,implementation_mechanism,21,7,7,1.0,True
0.95,both,implementation_mechanism,1,44,43,0.9773,True
0.95,both,implementation_mechanism,13,143,143,1.0,True
0.95,both,implementation_mechanism,27,40,40,1.0,True
0.95,both,implementation_mechanism,20,93,92,0.9892,True
0.95,both,implementation_mechanism,22,62,62,1.0,True
0.95,both,implementation_mechanism,15,39,39,1.0,True
0.95,both,implementation_mechanism,24,82,82,1.0,True
0.95,both,implementation_mechanism,19,51,51,1.0,True
0.95,both,implementation_mechanism,28,77,77,1.0,True
0.95,both,implementation_mechanism,4,39,39,1.0,True
0.95,both,implementation_mechanism,37,36,36,1.0,True
0.95,both,implementation_mechanism,23,23,23,1.0,True
0.95,both,implementation_mechanism,35,38,38,1.0,True
0.95,both,implementation_mechanism,6,64,64,1.0,True
0.95,both,implementation_mechanism,9,83,83,1.0,True
0.95,both,implementation_mechanism,33,20,20,1.0,True
0.95,both,implementation_mechanism,10,28,28,1.0,True
0.95,both,implementation_mechanism,3,28,28,1.0,True
0.95,both,implementation_mechanism,16,25,25,1.0,True
0.95,both,implementation_mechanism,17,35,35,1.0,True
0.95,both,implementation_mechanism,7,23,23,1.0,True
0.95,both,implementation_mechanism,30,16,16,1.0,True
0.95,both,implementation_mechanism,5,42,42,1.0,True
0.95,both,implementation_mechanism,29,15,15,1.0,True
0.95,both,implementation_mechanism,12,32,32,1.0,True
0.95,both,implementation_mechanism,39,8,8,1.0,True
0.95,both,implementation_mechanism,38,17,17,1.0,True
EDGE,unconstrained,validation_evidence,7,77,77,1.0,True
EDGE,unconstrained,validation_evidence,20,17,17,1.0,True
EDGE,unconstrained,validation_evidence,15,26,26,1.0,True
EDGE,unconstrained,validation_evidence,37,25,25,1.0,True
EDGE,unconstrained,validation_evidence,1,146,146,1.0,True
EDGE,unconstrained,validation_evidence,2,114,114,1.0,True
EDGE,unconstrained,validation_evidence,13,90,90,1.0,True
EDGE,unconstrained,validation_evidence,0,108,108,1.0,True
EDGE,unconstrained,validation_evidence,6,70,70,1.0,True
EDGE,unconstrained,validation_evidence,24,114,114,1.0,True
EDGE,unconstrained,validation_evidence,29,10,10,1.0,True
EDGE,unconstrained,validation_evidence,33,109,109,1.0,True
EDGE,unconstrained,validation_evidence,25,71,71,1.0,True
EDGE,unconstrained,validation_evidence,4,82,82,1.0,True
EDGE,unconstrained,validation_evidence,9,116,116,1.0,True
EDGE,unconstrained,validation_evidence,21,29,29,1.0,True
EDGE,unconstrained,validation_evidence,23,32,32,1.0,True
EDGE,unconstrained,validation_evidence,12,80,80,1.0,True
EDGE,unconstrained,validation_evidence,17,95,95,1.0,True
EDGE,unconstrained,validation_evidence,26,52,52,1.0,True
EDGE,unconstrained,validation_evidence,16,85,85,1.0,True
EDGE,unconstrained,validation_evidence,18,101,101,1.0,True
EDGE,unconstrained,validation_evidence,38,45,45,1.0,True
EDGE,unconstrained,validation_evidence,22,63,63,1.0,True
EDGE,unconstrained,validation_evidence,14,44,44,1.0,True
EDGE,unconstrained,validation_evidence,27,66,66,1.0,True
EDGE,unconstrained,validation_evidence,34,35,35,1.0,True
EDGE,unconstrained,validation_evidence,3,78,78,1.0,True
EDGE,unconstrained,validation_evidence,5,83,83,1.0,True
EDGE,unconstrained,validation_evidence,10,44,44,1.0,True
EDGE,unconstrained,validation_evidence,19,47,47,1.0,True
EDGE,unconstrained,validation_evidence,31,24,24,1.0,True
EDGE,unconstrained,validation_evidence,35,55,55,1.0,True
EDGE,unconstrained,validation_evidence,11,41,41,1.0,True
EDGE,unconstrained,validation_evidence,28,17,17,1.0,True
EDGE,unconstrained,validation_evidence,8,47,47,1.0,True
EDGE,unconstrained,validation_evidence,36,8,8,1.0,True
EDGE,unconstrained,validation_evidence,32,4,4,1.0,True
EDGE,unconstrained,validation_evidence,39,3,3,1.0,True
EDGE,unconstrained,validation_evidence,30,1,1,1.0,True
EDGE,single_risk,validation_evidence,12,75,75,1.0,True
EDGE,single_risk,validation_evidence,8,16,16,1.0,True
EDGE,single_risk,validation_evidence,13,28,28,1.0,True
EDGE,single_risk,validation_evidence,29,25,25,1.0,True
EDGE,single_risk,validation_evidence,9,136,136,1.0,True
EDGE,single_risk,validation_evidence,4,120,120,1.0,True
EDGE,single_risk,validation_evidence,22,78,78,1.0,True
EDGE,single_risk,validation_evidence,2,52,52,1.0,True
EDGE,single_risk,validation_evidence,14,66,66,1.0,True
EDGE,single_risk,validation_evidence,19,107,107,1.0,True
EDGE,single_risk,validation_evidence,37,11,11,1.0,True
EDGE,single_risk,validation_evidence,11,141,141,1.0,True
EDGE,single_risk,validation_evidence,21,71,71,1.0,True
EDGE,single_risk,validation_evidence,3,90,90,1.0,True
EDGE,single_risk,validation_evidence,33,128,128,1.0,True
EDGE,single_risk,validation_evidence,32,102,102,1.0,True
EDGE,single_risk,validation_evidence,36,29,29,1.0,True
EDGE,single_risk,validation_evidence,24,31,31,1.0,True
EDGE,single_risk,validation_evidence,17,69,69,1.0,True
EDGE,single_risk,validation_evidence,0,50,50,1.0,True
EDGE,single_risk,validation_evidence,23,85,85,1.0,True
EDGE,single_risk,validation_evidence,1,49,49,1.0,True
EDGE,single_risk,validation_evidence,7,48,48,1.0,True
EDGE,single_risk,validation_evidence,5,66,66,1.0,True
EDGE,single_risk,validation_evidence,6,120,120,1.0,True
EDGE,single_risk,validation_evidence,16,63,63,1.0,True
EDGE,single_risk,validation_evidence,10,58,58,1.0,True
EDGE,single_risk,validation_evidence,26,53,53,1.0,True
EDGE,single_risk,validation_evidence,35,37,37,1.0,True
EDGE,single_risk,validation_evidence,34,26,26,1.0,True
EDGE,single_risk,validation_evidence,25,69,69,1.0,True
EDGE,single_risk,validation_evidence,30,15,15,1.0,True
EDGE,single_risk,validation_evidence,15,40,40,1.0,True
EDGE,single_risk,validation_evidence,39,40,40,1.0,True
EDGE,single_risk,validation_evidence,27,24,24,1.0,True
EDGE,single_risk,validation_evidence,20,69,69,1.0,True
EDGE,single_risk,validation_evidence,18,48,48,1.0,True
EDGE,single_risk,validation_evidence,28,9,9,1.0,True
EDGE,single_risk,validation_evidence,38,6,6,1.0,True
EDGE,single_risk,validation_evidence,31,2,2,1.0,True
EDGE,monotonic,validation_evidence,7,33,33,1.0,True
EDGE,monotonic,validation_evidence,6,18,18,1.0,True
EDGE,monotonic,validation_evidence,28,20,20,1.0,True
EDGE,monotonic,validation_evidence,21,24,24,1.0,True
EDGE,monotonic,validation_evidence,13,164,164,1.0,True
EDGE,monotonic,validation_evidence,11,123,123,1.0,True
EDGE,monotonic,validation_evidence,12,89,89,1.0,True
EDGE,monotonic,validation_evidence,8,38,38,1.0,True
EDGE,monotonic,validation_evidence,23,60,60,1.0,True
EDGE,monotonic,validation_evidence,34,107,107,1.0,True
EDGE,monotonic,validation_evidence,37,10,10,1.0,True
EDGE,monotonic,validation_evidence,24,111,111,1.0,True
EDGE,monotonic,validation_evidence,17,60,60,1.0,True
EDGE,monotonic,validation_evidence,5,107,107,1.0,True
EDGE,monotonic,validation_evidence,3,88,88,1.0,True
EDGE,monotonic,validation_evidence,14,110,110,1.0,True
EDGE,monotonic,validation_evidence,29,26,26,1.0,True
EDGE,monotonic,validation_evidence,30,26,26,1.0,True
EDGE,monotonic,validation_evidence,16,76,76,1.0,True
EDGE,monotonic,validation_evidence,15,79,79,1.0,True
EDGE,monotonic,validation_evidence,0,59,59,1.0,True
EDGE,monotonic,validation_evidence,32,56,56,1.0,True
EDGE,monotonic,validation_evidence,22,65,65,1.0,True
EDGE,monotonic,validation_evidence,18,69,69,1.0,True
EDGE,monotonic,validation_evidence,1,51,51,1.0,True
EDGE,monotonic,validation_evidence,27,72,72,1.0,True
EDGE,monotonic,validation_evidence,25,58,58,1.0,True
EDGE,monotonic,validation_evidence,36,24,24,1.0,True
EDGE,monotonic,validation_evidence,9,75,75,1.0,True
EDGE,monotonic,validation_evidence,10,54,54,1.0,True
EDGE,monotonic,validation_evidence,35,44,44,1.0,True
EDGE,monotonic,validation_evidence,31,24,24,1.0,True
EDGE,monotonic,validation_evidence,2,46,46,1.0,True
EDGE,monotonic,validation_evidence,4,19,19,1.0,True
EDGE,monotonic,validation_evidence,20,66,66,1.0,True
EDGE,monotonic,validation_evidence,38,60,60,1.0,True
EDGE,monotonic,validation_evidence,19,17,17,1.0,True
EDGE,monotonic,validation_evidence,39,34,34,1.0,True
EDGE,monotonic,validation_evidence,33,22,22,1.0,True
EDGE,monotonic,validation_evidence,26,12,12,1.0,True
EDGE,both,validation_evidence,7,33,33,1.0,True
EDGE,both,validation_evidence,6,18,18,1.0,True
EDGE,both,validation_evidence,28,20,20,1.0,True
EDGE,both,validation_evidence,21,24,24,1.0,True
EDGE,both,validation_evidence,13,164,164,1.0,True
EDGE,both,validation_evidence,11,123,123,1.0,True
EDGE,both,validation_evidence,12,89,89,1.0,True
EDGE,both,validation_evidence,8,38,38,1.0,True
EDGE,both,validation_evidence,23,60,60,1.0,True
EDGE,both,validation_evidence,34,107,107,1.0,True
EDGE,both,validation_evidence,37,10,10,1.0,True
EDGE,both,validation_evidence,24,111,111,1.0,True
EDGE,both,validation_evidence,17,60,60,1.0,True
EDGE,both,validation_evidence,5,107,107,1.0,True
EDGE,both,validation_evidence,3,88,88,1.0,True
EDGE,both,validation_evidence,14,110,110,1.0,True
EDGE,both,validation_evidence,29,26,26,1.0,True
EDGE,both,validation_evidence,30,26,26,1.0,True
EDGE,both,validation_evidence,16,76,76,1.0,True
EDGE,both,validation_evidence,15,79,79,1.0,True
EDGE,both,validation_evidence,0,59,59,1.0,True
EDGE,both,validation_evidence,32,56,56,1.0,True
EDGE,both,validation_evidence,22,65,65,1.0,True
EDGE,both,validation_evidence,18,69,69,1.0,True
EDGE,both,validation_evidence,1,51,51,1.0,True
EDGE,both,validation_evidence,27,72,72,1.0,True
EDGE,both,validation_evidence,25,58,58,1.0,True
EDGE,both,validation_evidence,36,24,24,1.0,True
EDGE,both,validation_evidence,9,75,75,1.0,True
EDGE,both,validation_evidence,10,54,54,1.0,True
EDGE,both,validation_evidence,35,44,44,1.0,True
EDGE,both,validation_evidence,31,24,24,1.0,True
EDGE,both,validation_evidence,2,46,46,1.0,True
EDGE,both,validation_evidence,4,19,19,1.0,True
EDGE,both,validation_evidence,20,66,66,1.0,True
EDGE,both,validation_evidence,38,60,60,1.0,True
EDGE,both,validation_evidence,19,17,17,1.0,True
EDGE,both,validation_evidence,39,34,34,1.0,True
EDGE,both,validation_evidence,33,22,22,1.0,True
EDGE,both,validation_evidence,26,12,12,1.0,True
0.8,unconstrained,validation_evidence,13,315,275,0.873,True
0.8,unconstrained,validation_evidence,16,83,74,0.8916,True
0.8,unconstrained,validation_evidence,6,120,103,0.8583,True
0.8,unconstrained,validation_evidence,27,129,29,0.2248,False
0.8,unconstrained,validation_evidence,25,72,25,0.3472,False
0.8,unconstrained,validation_evidence,11,93,24,0.2581,False
0.8,unconstrained,validation_evidence,29,31,19,0.6129,False
0.8,unconstrained,validation_evidence,10,167,114,0.6826,False
0.8,unconstrained,validation_evidence,1,211,125,0.5924,False
0.8,unconstrained,validation_evidence,2,159,151,0.9497,True
0.8,unconstrained,validation_evidence,33,149,103,0.6913,False
0.8,unconstrained,validation_evidence,24,134,76,0.5672,False
0.8,unconstrained,validation_evidence,35,63,41,0.6508,False
0.8,unconstrained,validation_evidence,9,346,316,0.9133,True
0.8,unconstrained,validation_evidence,0,114,79,0.693,False
0.8,unconstrained,validation_evidence,21,33,29,0.8788,True
0.8,unconstrained,validation_evidence,22,116,61,0.5259,False
0.8,unconstrained,validation_evidence,19,51,27,0.5294,False
0.8,unconstrained,validation_evidence,3,33,7,0.2121,False
0.8,unconstrained,validation_evidence,30,51,46,0.902,True
0.8,unconstrained,validation_evidence,32,60,34,0.5667,False
0.8,unconstrained,validation_evidence,8,52,33,0.6346,False
0.8,unconstrained,validation_evidence,23,112,29,0.2589,False
0.8,unconstrained,validation_evidence,34,189,78,0.4127,False
0.8,unconstrained,validation_evidence,26,56,30,0.5357,False
0.8,unconstrained,validation_evidence,12,67,44,0.6567,False
0.8,unconstrained,validation_evidence,7,99,26,0.2626,False
0.8,unconstrained,validation_evidence,15,61,27,0.4426,False
0.8,unconstrained,validation_evidence,5,117,68,0.5812,False
0.8,unconstrained,validation_evidence,14,38,18,0.4737,False
0.8,unconstrained,validation_evidence,37,23,18,0.7826,False
0.8,unconstrained,validation_evidence,4,17,4,0.2353,False
0.8,unconstrained,validation_evidence,18,35,24,0.6857,False
0.8,unconstrained,validation_evidence,38,13,3,0.2308,False
0.8,unconstrained,validation_evidence,31,18,16,0.8889,True
0.8,unconstrained,validation_evidence,39,28,7,0.25,False
0.8,unconstrained,validation_evidence,20,40,24,0.6,False
0.8,unconstrained,validation_evidence,17,16,10,0.625,False
0.8,unconstrained,validation_evidence,28,7,6,0.8571,True
0.8,unconstrained,validation_evidence,36,1,1,1.0,True
0.8,single_risk,validation_evidence,9,310,269,0.8677,True
0.8,single_risk,validation_evidence,1,57,51,0.8947,True
0.8,single_risk,validation_evidence,14,131,113,0.8626,True
0.8,single_risk,validation_evidence,6,137,37,0.2701,False
0.8,single_risk,validation_evidence,26,65,23,0.3538,False
0.8,single_risk,validation_evidence,17,94,24,0.2553,False
0.8,single_risk,validation_evidence,29,34,19,0.5588,False
0.8,single_risk,validation_evidence,4,173,118,0.6821,False
0.8,single_risk,validation_evidence,11,194,119,0.6134,False
0.8,single_risk,validation_evidence,8,99,95,0.9596,True
0.8,single_risk,validation_evidence,7,191,127,0.6649,False
0.8,single_risk,validation_evidence,2,148,92,0.6216,False
0.8,single_risk,validation_evidence,15,96,76,0.7917,False
0.8,single_risk,validation_evidence,30,324,295,0.9105,True
0.8,single_risk,validation_evidence,31,68,61,0.8971,True
0.8,single_risk,validation_evidence,37,29,25,0.8621,True
0.8,single_risk,validation_evidence,32,37,30,0.8108,True
0.8,single_risk,validation_evidence,13,78,54,0.6923,False
0.8,single_risk,validation_evidence,21,55,32,0.5818,False
0.8,single_risk,validation_evidence,20,77,71,0.9221,True
0.8,single_risk,validation_evidence,16,110,58,0.5273,False
0.8,single_risk,validation_evidence,22,8,1,0.125,False
0.8,single_risk,validation_evidence,5,84,41,0.4881,False
0.8,single_risk,validation_evidence,10,40,29,0.725,False
0.8,single_risk,validation_evidence,36,108,28,0.2593,False
0.8,single_risk,validation_evidence,34,126,48,0.381,False
0.8,single_risk,validation_evidence,25,57,30,0.5263,False
0.8,single_risk,validation_evidence,0,74,44,0.5946,False
0.8,single_risk,validation_evidence,18,95,26,0.2737,False
0.8,single_risk,validation_evidence,3,63,31,0.4921,False
0.8,single_risk,validation_evidence,27,110,66,0.6,False
0.8,single_risk,validation_evidence,19,38,18,0.4737,False
0.8,single_risk,validation_evidence,23,23,18,0.7826,False
0.8,single_risk,validation_evidence,33,16,7,0.4375,False
0.8,single_risk,validation_evidence,39,29,15,0.5172,False
0.8,single_risk,validation_evidence,24,27,7,0.2593,False
0.8,single_risk,validation_evidence,12,15,14,0.9333,True
0.8,single_risk,validation_evidence,38,4,3,0.75,False
0.8,single_risk,validation_evidence,28,7,6,0.8571,True
0.8,single_risk,validation_evidence,35,1,1,1.0,True
0.8,monotonic,validation_evidence,30,239,215,0.8996,True
0.8,monotonic,validation_evidence,8,159,140,0.8805,True
0.8,monotonic,validation_evidence,5,110,101,0.9182,True
0.8,monotonic,validation_evidence,12,135,39,0.2889,False
0.8,monotonic,validation_evidence,35,57,22,0.386,False
0.8,monotonic,validation_evidence,33,110,41,0.3727,False
0.8,monotonic,validation_evidence,25,27,17,0.6296,False
0.8,monotonic,validation_evidence,0,138,99,0.7174,False
0.8,monotonic,validation_evidence,16,87,55,0.6322,False
0.8,monotonic,validation_evidence,13,74,69,0.9324,True
0.8,monotonic,validation_evidence,14,221,144,0.6516,False
0.8,monotonic,validation_evidence,23,114,74,0.6491,False
0.8,monotonic,validation_evidence,4,284,260,0.9155,True
0.8,monotonic,validation_evidence,15,87,82,0.9425,True
0.8,monotonic,validation_evidence,27,3,3,1.0,True
0.8,monotonic,validation_evidence,21,30,28,0.9333,True
0.8,monotonic,validation_evidence,2,58,46,0.7931,False
0.8,monotonic,validation_evidence,32,42,33,0.7857,False
0.8,monotonic,validation_evidence,3,98,71,0.7245,False
0.8,monotonic,validation_evidence,11,66,53,0.803,True
0.8,monotonic,validation_evidence,9,114,76,0.6667,False
0.8,monotonic,validation_evidence,37,66,38,0.5758,False
0.8,monotonic,validation_evidence,22,69,44,0.6377,False
0.8,monotonic,validation_evidence,20,79,29,0.3671,False
0.8,monotonic,validation_evidence,26,21,21,1.0,True
0.8,monotonic,validation_evidence,7,51,38,0.7451,False
0.8,monotonic,validation_evidence,6,90,28,0.3111,False
0.8,monotonic,validation_evidence,28,50,22,0.44,False
0.8,monotonic,validation_evidence,1,125,120,0.96,True
0.8,monotonic,validation_evidence,38,14,5,0.3571,False
0.8,monotonic,validation_evidence,10,90,63,0.7,False
0.8,monotonic,validation_evidence,18,36,19,0.5278,False
0.8,monotonic,validation_evidence,19,24,14,0.5833,False
0.8,monotonic,validation_evidence,31,27,7,0.2593,False
0.8,monotonic,validation_evidence,36,23,15,0.6522,False
0.8,monotonic,validation_evidence,34,13,8,0.6154,False
0.8,monotonic,validation_evidence,29,20,5,0.25,False
0.8,monotonic,validation_evidence,24,16,11,0.6875,False
0.8,monotonic,validation_evidence,17,4,4,1.0,True
0.8,monotonic,validation_evidence,39,7,6,0.8571,True
0.8,both,validation_evidence,17,103,97,0.9417,True
0.8,both,validation_evidence,5,91,86,0.9451,True
0.8,both,validation_evidence,19,93,27,0.2903,False
0.8,both,validation_evidence,12,53,22,0.4151,False
0.8,both,validation_evidence,35,100,39,0.39,False
0.8,both,validation_evidence,15,53,38,0.717,False
0.8,both,validation_evidence,26,116,79,0.681,False
0.8,both,validation_evidence,2,159,110,0.6918,False
0.8,both,validation_evidence,6,61,58,0.9508,True
0.8,both,validation_evidence,28,202,132,0.6535,False
0.8,both,validation_evidence,16,104,70,0.6731,False
0.8,both,validation_evidence,3,93,69,0.7419,False
0.8,both,validation_evidence,21,245,224,0.9143,True
0.8,both,validation_evidence,27,58,53,0.9138,True
0.8,both,validation_evidence,36,110,107,0.9727,True
0.8,both,validation_evidence,10,3,3,1.0,True
0.8,both,validation_evidence,24,30,28,0.9333,True
0.8,both,validation_evidence,8,121,86,0.7107,False
0.8,both,validation_evidence,14,24,21,0.875,True
0.8,both,validation_evidence,37,44,35,0.7955,False
0.8,both,validation_evidence,18,64,54,0.8438,True
0.8,both,validation_evidence,13,221,203,0.9186,True
0.8,both,validation_evidence,34,56,34,0.6071,False
0.8,both,validation_evidence,33,16,6,0.375,False
0.8,both,validation_evidence,4,83,49,0.5904,False
0.8,both,validation_evidence,32,37,29,0.7838,False
0.8,both,validation_evidence,11,73,24,0.3288,False
0.8,both,validation_evidence,30,21,21,1.0,True
0.8,both,validation_evidence,0,58,44,0.7586,False
0.8,both,validation_evidence,31,84,28,0.3333,False
0.8,both,validation_evidence,23,48,22,0.4583,False
0.8,both,validation_evidence,1,97,68,0.701,False
0.8,both,validation_evidence,20,50,31,0.62,False
0.8,both,validation_evidence,7,49,25,0.5102,False
0.8,both,validation_evidence,9,31,26,0.8387,True
0.8,both,validation_evidence,22,73,67,0.9178,True
0.8,both,validation_evidence,39,15,15,1.0,True
0.8,both,validation_evidence,38,30,19,0.6333,False
0.8,both,validation_evidence,29,25,7,0.28,False
0.8,both,validation_evidence,25,7,6,0.8571,True
0.85,unconstrained,validation_evidence,30,126,106,0.8413,True
0.85,unconstrained,validation_evidence,12,11,10,0.9091,True
0.85,unconstrained,validation_evidence,35,71,37,0.5211,False
0.85,unconstrained,validation_evidence,24,56,20,0.3571,False
0.85,unconstrained,validation_evidence,9,50,35,0.7,False
0.85,unconstrained,validation_evidence,20,109,88,0.8073,True
0.85,unconstrained,validation_evidence,27,44,43,0.9773,True
0.85,unconstrained,validation_evidence,36,120,91,0.7583,False
0.85,unconstrained,validation_evidence,33,119,80,0.6723,False
0.85,unconstrained,validation_evidence,2,322,307,0.9534,True
0.85,unconstrained,validation_evidence,15,68,67,0.9853,True
0.85,unconstrained,validation_evidence,4,76,50,0.6579,False
0.85,unconstrained,validation_evidence,8,132,55,0.4167,False
0.85,unconstrained,validation_evidence,1,143,104,0.7273,False
0.85,unconstrained,validation_evidence,7,42,33,0.7857,False
0.85,unconstrained,validation_evidence,10,153,93,0.6078,False
0.85,unconstrained,validation_evidence,6,307,285,0.9283,True
0.85,unconstrained,validation_evidence,11,103,98,0.9515,True
0.85,unconstrained,validation_evidence,16,48,46,0.9583,True
0.85,unconstrained,validation_evidence,18,47,30,0.6383,False
0.85,unconstrained,validation_evidence,5,51,33,0.6471,False
0.85,unconstrained,validation_evidence,32,55,37,0.6727,False
0.85,unconstrained,validation_evidence,19,112,52,0.4643,False
0.85,unconstrained,validation_evidence,34,19,9,0.4737,False
0.85,unconstrained,validation_evidence,31,32,23,0.7188,False
0.85,unconstrained,validation_evidence,39,17,16,0.9412,True
0.85,unconstrained,validation_evidence,25,48,40,0.8333,True
0.85,unconstrained,validation_evidence,29,56,16,0.2857,False
0.85,unconstrained,validation_evidence,14,130,90,0.6923,False
0.85,unconstrained,validation_evidence,21,55,26,0.4727,False
0.85,unconstrained,validation_evidence,3,71,66,0.9296,True
0.85,unconstrained,validation_evidence,26,29,17,0.5862,False
0.85,unconstrained,validation_evidence,38,55,49,0.8909,True
0.85,unconstrained,validation_evidence,17,25,23,0.92,True
0.85,unconstrained,validation_evidence,0,53,47,0.8868,True
0.85,unconstrained,validation_evidence,13,76,52,0.6842,False
0.85,unconstrained,validation_evidence,22,38,12,0.3158,False
0.85,unconstrained,validation_evidence,37,12,12,1.0,True
0.85,unconstrained,validation_evidence,23,9,7,0.7778,False
0.85,unconstrained,validation_evidence,28,3,3,1.0,True
0.85,single_risk,validation_evidence,6,141,123,0.8723,True
0.85,single_risk,validation_evidence,38,11,10,0.9091,True
0.85,single_risk,validation_evidence,32,54,15,0.2778,False
0.85,single_risk,validation_evidence,33,47,16,0.3404,False
0.85,single_risk,validation_evidence,9,93,64,0.6882,False
0.85,single_risk,validation_evidence,12,98,82,0.8367,True
0.85,single_risk,validation_evidence,29,66,65,0.9848,True
0.85,single_risk,validation_evidence,17,119,93,0.7815,False
0.85,single_risk,validation_evidence,27,114,80,0.7018,False
0.85,single_risk,validation_evidence,1,77,41,0.5325,False
0.85,single_risk,validation_evidence,0,326,311,0.954,True
0.85,single_risk,validation_evidence,7,74,69,0.9324,True
0.85,single_risk,validation_evidence,4,81,59,0.7284,False
0.85,single_risk,validation_evidence,34,33,33,1.0,True
0.85,single_risk,validation_evidence,28,179,103,0.5754,False
0.85,single_risk,validation_evidence,3,134,103,0.7687,False
0.85,single_risk,validation_evidence,36,31,23,0.7419,False
0.85,single_risk,validation_evidence,5,315,289,0.9175,True
0.85,single_risk,validation_evidence,21,80,77,0.9625,True
0.85,single_risk,validation_evidence,16,38,21,0.5526,False
0.85,single_risk,validation_evidence,24,106,76,0.717,False
0.85,single_risk,validation_evidence,2,144,74,0.5139,False
0.85,single_risk,validation_evidence,35,53,37,0.6981,False
0.85,single_risk,validation_evidence,37,69,26,0.3768,False
0.85,single_risk,validation_evidence,31,32,23,0.7188,False
0.85,single_risk,validation_evidence,19,59,47,0.7966,False
0.85,single_risk,validation_evidence,23,53,26,0.4906,False
0.85,single_risk,validation_evidence,10,62,42,0.6774,False
0.85,single_risk,validation_evidence,15,10,8,0.8,True
0.85,single_risk,validation_evidence,14,53,48,0.9057,True
0.85,single_risk,validation_evidence,8,28,27,0.9643,True
0.85,single_risk,validation_evidence,13,65,50,0.7692,False
0.85,single_risk,validation_evidence,30,25,17,0.68,False
0.85,single_risk,validation_evidence,18,44,29,0.6591,False
0.85,single_risk,validation_evidence,39,14,14,1.0,True
0.85,single_risk,validation_evidence,11,11,11,1.0,True
0.85,single_risk,validation_evidence,20,9,7,0.7778,False
0.85,single_risk,validation_evidence,25,11,2,0.1818,False
0.85,single_risk,validation_evidence,22,62,61,0.9839,True
0.85,single_risk,validation_evidence,26,6,4,0.6667,False
0.85,monotonic,validation_evidence,2,171,150,0.8772,True
0.85,monotonic,validation_evidence,11,71,70,0.9859,True
0.85,monotonic,validation_evidence,28,71,27,0.3803,False
0.85,monotonic,validation_evidence,24,41,15,0.3659,False
0.85,monotonic,validation_evidence,4,45,35,0.7778,False
0.85,monotonic,validation_evidence,10,111,91,0.8198,True
0.85,monotonic,validation_evidence,13,45,45,1.0,True
0.85,monotonic,validation_evidence,1,158,116,0.7342,False
0.85,monotonic,validation_evidence,16,109,80,0.7339,False
0.85,monotonic,validation_evidence,5,144,96,0.6667,False
0.85,monotonic,validation_evidence,17,205,194,0.9463,True
0.85,monotonic,validation_evidence,22,60,59,0.9833,True
0.85,monotonic,validation_evidence,12,115,113,0.9826,True
0.85,monotonic,validation_evidence,0,90,78,0.8667,True
0.85,monotonic,validation_evidence,29,41,40,0.9756,True
0.85,monotonic,validation_evidence,27,47,41,0.8723,True
0.85,monotonic,validation_evidence,33,42,33,0.7857,False
0.85,monotonic,validation_evidence,8,80,57,0.7125,False
0.85,monotonic,validation_evidence,25,204,197,0.9657,True
0.85,monotonic,validation_evidence,18,47,43,0.9149,True
0.85,monotonic,validation_evidence,35,24,21,0.875,True
0.85,monotonic,validation_evidence,34,81,62,0.7654,False
0.85,monotonic,validation_evidence,7,89,55,0.618,False
0.85,monotonic,validation_evidence,15,72,35,0.4861,False
0.85,monotonic,validation_evidence,39,30,21,0.7,False
0.85,monotonic,validation_evidence,20,22,21,0.9545,True
0.85,monotonic,validation_evidence,36,44,38,0.8636,True
0.85,monotonic,validation_evidence,6,122,88,0.7213,False
0.85,monotonic,validation_evidence,31,49,26,0.5306,False
0.85,monotonic,validation_evidence,26,46,29,0.6304,False
0.85,monotonic,validation_evidence,9,79,77,0.9747,True
0.85,monotonic,validation_evidence,3,53,40,0.7547,False
0.85,monotonic,validation_evidence,37,8,8,1.0,True
0.85,monotonic,validation_evidence,21,89,76,0.8539,True
0.85,monotonic,validation_evidence,38,15,14,0.9333,True
0.85,monotonic,validation_evidence,32,9,8,0.8889,True
0.85,monotonic,validation_evidence,19,40,34,0.85,True
0.85,monotonic,validation_evidence,14,29,7,0.2414,False
0.85,monotonic,validation_evidence,23,9,7,0.7778,False
0.85,monotonic,validation_evidence,30,3,3,1.0,True
0.85,both,validation_evidence,11,131,115,0.8779,True
0.85,both,validation_evidence,23,84,83,0.9881,True
0.85,both,validation_evidence,25,57,21,0.3684,False
0.85,both,validation_evidence,3,48,26,0.5417,False
0.85,both,validation_evidence,14,51,35,0.6863,False
0.85,both,validation_evidence,9,98,82,0.8367,True
0.85,both,validation_evidence,13,60,60,1.0,True
0.85,both,validation_evidence,19,91,68,0.7473,False
0.85,both,validation_evidence,16,102,80,0.7843,False
0.85,both,validation_evidence,22,156,98,0.6282,False
0.85,both,validation_evidence,7,221,211,0.9548,True
0.85,both,validation_evidence,18,63,62,0.9841,True
0.85,both,validation_evidence,1,103,101,0.9806,True
0.85,both,validation_evidence,5,89,76,0.8539,True
0.85,both,validation_evidence,27,30,30,1.0,True
0.85,both,validation_evidence,20,41,38,0.9268,True
0.85,both,validation_evidence,17,41,32,0.7805,False
0.85,both,validation_evidence,34,34,28,0.8235,True
0.85,both,validation_evidence,12,282,267,0.9468,True
0.85,both,validation_evidence,6,76,57,0.75,False
0.85,both,validation_evidence,10,98,93,0.949,True
0.85,both,validation_evidence,8,86,67,0.7791,False
0.85,both,validation_evidence,21,84,49,0.5833,False
0.85,both,validation_evidence,15,36,29,0.8056,True
0.85,both,validation_evidence,33,47,35,0.7447,False
0.85,both,validation_evidence,39,30,21,0.7,False
0.85,both,validation_evidence,4,53,37,0.6981,False
0.85,both,validation_evidence,26,50,43,0.86,True
0.85,both,validation_evidence,38,46,26,0.5652,False
0.85,both,validation_evidence,29,46,30,0.6522,False
0.85,both,validation_evidence,2,94,77,0.8191,True
0.85,both,validation_evidence,0,59,45,0.7627,False
0.85,both,validation_evidence,28,8,8,1.0,True
0.85,both,validation_evidence,24,61,56,0.918,True
0.85,both,validation_evidence,37,23,15,0.6522,False
0.85,both,validation_evidence,30,12,12,1.0,True
0.85,both,validation_evidence,32,15,5,0.3333,False
0.85,both,validation_evidence,36,27,22,0.8148,True
0.85,both,validation_evidence,31,9,7,0.7778,False
0.85,both,validation_evidence,35,11,2,0.1818,False
0.9,unconstrained,validation_evidence,20,85,66,0.7765,False
0.9,unconstrained,validation_evidence,5,23,23,1.0,True
0.9,unconstrained,validation_evidence,37,19,16,0.8421,True
0.9,unconstrained,validation_evidence,39,60,48,0.8,True
0.9,unconstrained,validation_evidence,0,95,92,0.9684,True
0.9,unconstrained,validation_evidence,12,58,55,0.9483,True
0.9,unconstrained,validation_evidence,34,49,49,1.0,True
0.9,unconstrained,validation_evidence,10,116,102,0.8793,True
0.9,unconstrained,validation_evidence,21,10,10,1.0,True
0.9,unconstrained,validation_evidence,19,71,69,0.9718,True
0.9,unconstrained,validation_evidence,36,93,91,0.9785,True
0.9,unconstrained,validation_evidence,14,72,71,0.9861,True
0.9,unconstrained,validation_evidence,8,80,80,1.0,True
0.9,unconstrained,validation_evidence,26,160,158,0.9875,True
0.9,unconstrained,validation_evidence,24,31,30,0.9677,True
0.9,unconstrained,validation_evidence,7,45,32,0.7111,False
0.9,unconstrained,validation_evidence,9,129,110,0.8527,True
0.9,unconstrained,validation_evidence,25,27,27,1.0,True
0.9,unconstrained,validation_evidence,11,81,80,0.9877,True
0.9,unconstrained,validation_evidence,1,266,259,0.9737,True
0.9,unconstrained,validation_evidence,4,98,95,0.9694,True
0.9,unconstrained,validation_evidence,15,88,80,0.9091,True
0.9,unconstrained,validation_evidence,30,62,54,0.871,True
0.9,unconstrained,validation_evidence,38,46,46,1.0,True
0.9,unconstrained,validation_evidence,35,70,70,1.0,True
0.9,unconstrained,validation_evidence,28,63,55,0.873,True
0.9,unconstrained,validation_evidence,31,37,36,0.973,True
0.9,unconstrained,validation_evidence,32,31,28,0.9032,True
0.9,unconstrained,validation_evidence,33,75,74,0.9867,True
0.9,unconstrained,validation_evidence,27,26,25,0.9615,True
0.9,unconstrained,validation_evidence,2,62,48,0.7742,False
0.9,unconstrained,validation_evidence,22,41,41,1.0,True
0.9,unconstrained,validation_evidence,6,27,27,1.0,True
0.9,unconstrained,validation_evidence,23,29,24,0.8276,True
0.9,unconstrained,validation_evidence,17,76,69,0.9079,True
0.9,unconstrained,validation_evidence,3,27,25,0.9259,True
0.9,unconstrained,validation_evidence,18,40,40,1.0,True
0.9,unconstrained,validation_evidence,16,17,17,1.0,True
0.9,unconstrained,validation_evidence,13,23,23,1.0,True
0.9,unconstrained,validation_evidence,29,3,3,1.0,True
0.9,single_risk,validation_evidence,30,87,74,0.8506,True
0.9,single_risk,validation_evidence,11,20,20,1.0,True
0.9,single_risk,validation_evidence,1,34,30,0.8824,True
0.9,single_risk,validation_evidence,23,26,25,0.9615,True
0.9,single_risk,validation_evidence,6,137,123,0.8978,True
0.9,single_risk,validation_evidence,4,85,84,0.9882,True
0.9,single_risk,validation_evidence,12,50,46,0.92,True
0.9,single_risk,validation_evidence,14,68,68,1.0,True
0.9,single_risk,validation_evidence,5,136,119,0.875,True
0.9,single_risk,validation_evidence,28,12,12,1.0,True
0.9,single_risk,validation_evidence,21,122,120,0.9836,True
0.9,single_risk,validation_evidence,33,72,72,1.0,True
0.9,single_risk,validation_evidence,36,33,33,1.0,True
0.9,single_risk,validation_evidence,13,42,42,1.0,True
0.9,single_risk,validation_evidence,16,116,114,0.9828,True
0.9,single_risk,validation_evidence,20,35,34,0.9714,True
0.9,single_risk,validation_evidence,8,40,31,0.775,False
0.9,single_risk,validation_evidence,37,99,86,0.8687,True
0.9,single_risk,validation_evidence,38,46,46,1.0,True
0.9,single_risk,validation_evidence,3,78,77,0.9872,True
0.9,single_risk,validation_evidence,7,83,73,0.8795,True
0.9,single_risk,validation_evidence,9,232,228,0.9828,True
0.9,single_risk,validation_evidence,0,113,111,0.9823,True
0.9,single_risk,validation_evidence,2,110,104,0.9455,True
0.9,single_risk,validation_evidence,29,58,56,0.9655,True
0.9,single_risk,validation_evidence,17,80,80,1.0,True
0.9,single_risk,validation_evidence,22,64,57,0.8906,True
0.9,single_risk,validation_evidence,39,16,15,0.9375,True
0.9,single_risk,validation_evidence,35,43,40,0.9302,True
0.9,single_risk,validation_evidence,24,74,73,0.9865,True
0.9,single_risk,validation_evidence,19,49,47,0.9592,True
0.9,single_risk,validation_evidence,10,44,44,1.0,True
0.9,single_risk,validation_evidence,27,25,24,0.96,True
0.9,single_risk,validation_evidence,25,70,69,0.9857,True
0.9,single_risk,validation_evidence,15,28,28,1.0,True
0.9,single_risk,validation_evidence,34,22,22,1.0,True
0.9,single_risk,validation_evidence,18,9,9,1.0,True
0.9,single_risk,validation_evidence,32,6,6,1.0,True
0.9,single_risk,validation_evidence,31,3,3,1.0,True
0.9,single_risk,validation_evidence,26,2,2,1.0,True
0.9,monotonic,validation_evidence,33,80,64,0.8,True
0.9,monotonic,validation_evidence,7,18,18,1.0,True
0.9,monotonic,validation_evidence,35,19,16,0.8421,True
0.9,monotonic,validation_evidence,31,24,23,0.9583,True
0.9,monotonic,validation_evidence,14,210,205,0.9762,True
0.9,monotonic,validation_evidence,18,63,52,0.8254,True
0.9,monotonic,validation_evidence,15,81,80,0.9877,True
0.9,monotonic,validation_evidence,11,67,64,0.9552,True
0.9,monotonic,validation_evidence,0,57,57,1.0,True
0.9,monotonic,validation_evidence,5,126,114,0.9048,True
0.9,monotonic,validation_evidence,22,12,12,1.0,True
0.9,monotonic,validation_evidence,27,67,66,0.9851,True
0.9,monotonic,validation_evidence,13,102,100,0.9804,True
0.9,monotonic,validation_evidence,38,43,42,0.9767,True
0.9,monotonic,validation_evidence,24,115,115,1.0,True
0.9,monotonic,validation_evidence,6,124,114,0.9194,True
0.9,monotonic,validation_evidence,9,137,135,0.9854,True
0.9,monotonic,validation_evidence,21,25,24,0.96,True
0.9,monotonic,validation_evidence,25,27,17,0.6296,False
0.9,monotonic,validation_evidence,30,20,20,1.0,True
0.9,monotonic,validation_evidence,20,74,73,0.9865,True
0.9,monotonic,validation_evidence,1,93,91,0.9785,True
0.9,monotonic,validation_evidence,19,65,58,0.8923,True
0.9,monotonic,validation_evidence,12,97,93,0.9588,True
0.9,monotonic,validation_evidence,23,24,23,0.9583,True
0.9,monotonic,validation_evidence,4,88,86,0.9773,True
0.9,monotonic,validation_evidence,28,61,58,0.9508,True
0.9,monotonic,validation_evidence,16,42,41,0.9762,True
0.9,monotonic,validation_evidence,10,81,80,0.9877,True
0.9,monotonic,validation_evidence,34,46,42,0.913,True
0.9,monotonic,validation_evidence,3,82,82,1.0,True
0.9,monotonic,validation_evidence,36,25,24,0.96,True
0.9,monotonic,validation_evidence,17,38,36,0.9474,True
0.9,monotonic,validation_evidence,39,8,8,1.0,True
0.9,monotonic,validation_evidence,29,37,35,0.9459,True
0.9,monotonic,validation_evidence,26,46,42,0.913,True
0.9,monotonic,validation_evidence,37,36,36,1.0,True
0.9,monotonic,validation_evidence,2,31,31,1.0,True
0.9,monotonic,validation_evidence,8,12,12,1.0,True
0.9,monotonic,validation_evidence,32,4,4,1.0,True
0.9,both,validation_evidence,29,79,67,0.8481,True
0.9,both,validation_evidence,6,19,19,1.0,True
0.9,both,validation_evidence,15,26,22,0.8462,True
0.9,both,validation_evidence,37,25,24,0.96,True
0.9,both,validation_evidence,28,188,186,0.9894,True
0.9,both,validation_evidence,32,52,42,0.8077,True
0.9,both,validation_evidence,12,94,93,0.9894,True
0.9,both,validation_evidence,31,20,18,0.9,True
0.9,both,validation_evidence,4,130,128,0.9846,True
0.9,both,validation_evidence,9,108,98,0.9074,True
0.9,both,validation_evidence,26,20,20,1.0,True
0.9,both,validation_evidence,35,68,68,1.0,True
0.9,both,validation_evidence,13,94,94,1.0,True
0.9,both,validation_evidence,2,78,76,0.9744,True
0.9,both,validation_evidence,33,93,91,0.9785,True
0.9,both,validation_evidence,21,26,25,0.9615,True
0.9,both,validation_evidence,1,35,28,0.8,True
0.9,both,validation_evidence,30,126,114,0.9048,True
0.9,both,validation_evidence,0,61,60,0.9836,True
0.9,both,validation_evidence,17,79,78,0.9873,True
0.9,both,validation_evidence,7,96,94,0.9792,True
0.9,both,validation_evidence,16,57,51,0.8947,True
0.9,both,validation_evidence,8,39,39,1.0,True
0.9,both,validation_evidence,25,99,94,0.9495,True
0.9,both,validation_evidence,27,97,96,0.9897,True
0.9,both,validation_evidence,11,71,66,0.9296,True
0.9,both,validation_evidence,24,38,35,0.9211,True
0.9,both,validation_evidence,5,81,80,0.9877,True
0.9,both,validation_evidence,10,45,44,0.9778,True
0.9,both,validation_evidence,3,58,58,1.0,True
0.9,both,validation_evidence,39,22,22,1.0,True
0.9,both,validation_evidence,23,25,24,0.96,True
0.9,both,validation_evidence,19,35,34,0.9714,True
0.9,both,validation_evidence,22,68,68,1.0,True
0.9,both,validation_evidence,18,47,47,1.0,True
0.9,both,validation_evidence,20,34,34,1.0,True
0.9,both,validation_evidence,14,27,27,1.0,True
0.9,both,validation_evidence,38,8,8,1.0,True
0.9,both,validation_evidence,36,14,13,0.9286,True
0.9,both,validation_evidence,34,8,8,1.0,True
0.95,unconstrained,validation_evidence,1,113,113,1.0,True
0.95,unconstrained,validation_evidence,11,16,16,1.0,True
0.95,unconstrained,validation_evidence,24,16,16,1.0,True
0.95,unconstrained,validation_evidence,32,26,26,1.0,True
0.95,unconstrained,validation_evidence,9,210,209,0.9952,True
0.95,unconstrained,validation_evidence,19,55,55,1.0,True
0.95,unconstrained,validation_evidence,4,104,104,1.0,True
0.95,unconstrained,validation_evidence,18,74,74,1.0,True
0.95,unconstrained,validation_evidence,7,79,79,1.0,True
0.95,unconstrained,validation_evidence,2,137,137,1.0,True
0.95,unconstrained,validation_evidence,37,10,10,1.0,True
0.95,unconstrained,validation_evidence,0,221,221,1.0,True
0.95,unconstrained,validation_evidence,5,80,80,1.0,True
0.95,unconstrained,validation_evidence,12,87,87,1.0,True
0.95,unconstrained,validation_evidence,22,35,35,1.0,True
0.95,unconstrained,validation_evidence,21,27,26,0.963,True
0.95,unconstrained,validation_evidence,25,64,64,1.0,True
0.95,unconstrained,validation_evidence,13,111,111,1.0,True
0.95,unconstrained,validation_evidence,20,49,49,1.0,True
0.95,unconstrained,validation_evidence,16,61,61,1.0,True
0.95,unconstrained,validation_evidence,6,82,82,1.0,True
0.95,unconstrained,validation_evidence,8,87,87,1.0,True
0.95,unconstrained,validation_evidence,23,82,82,1.0,True
0.95,unconstrained,validation_evidence,26,52,52,1.0,True
0.95,unconstrained,validation_evidence,36,55,55,1.0,True
0.95,unconstrained,validation_evidence,10,79,79,1.0,True
0.95,unconstrained,validation_evidence,15,16,16,1.0,True
0.95,unconstrained,validation_evidence,30,38,37,0.9737,True
0.95,unconstrained,validation_evidence,17,47,47,1.0,True
0.95,unconstrained,validation_evidence,27,24,24,1.0,True
0.95,unconstrained,validation_evidence,29,68,68,1.0,True
0.95,unconstrained,validation_evidence,3,48,48,1.0,True
0.95,unconstrained,validation_evidence,39,45,45,1.0,True
0.95,unconstrained,validation_evidence,14,8,8,1.0,True
0.95,unconstrained,validation_evidence,35,10,10,1.0,True
0.95,unconstrained,validation_evidence,34,22,22,1.0,True
0.95,unconstrained,validation_evidence,31,3,3,1.0,True
0.95,unconstrained,validation_evidence,28,10,10,1.0,True
0.95,unconstrained,validation_evidence,38,5,5,1.0,True
0.95,unconstrained,validation_evidence,33,1,1,1.0,True
0.95,single_risk,validation_evidence,18,73,73,1.0,True
0.95,single_risk,validation_evidence,26,21,21,1.0,True
0.95,single_risk,validation_evidence,22,20,20,1.0,True
0.95,single_risk,validation_evidence,33,25,25,1.0,True
0.95,single_risk,validation_evidence,8,139,138,0.9928,True
0.95,single_risk,validation_evidence,39,35,35,1.0,True
0.95,single_risk,validation_evidence,10,90,90,1.0,True
0.95,single_risk,validation_evidence,9,33,33,1.0,True
0.95,single_risk,validation_evidence,13,57,57,1.0,True
0.95,single_risk,validation_evidence,38,111,111,1.0,True
0.95,single_risk,validation_evidence,21,10,10,1.0,True
0.95,single_risk,validation_evidence,2,221,221,1.0,True
0.95,single_risk,validation_evidence,11,74,74,1.0,True
0.95,single_risk,validation_evidence,12,98,98,1.0,True
0.95,single_risk,validation_evidence,14,103,103,1.0,True
0.95,single_risk,validation_evidence,25,30,30,1.0,True
0.95,single_risk,validation_evidence,24,27,26,0.963,True
0.95,single_risk,validation_evidence,15,77,77,1.0,True
0.95,single_risk,validation_evidence,7,103,103,1.0,True
0.95,single_risk,validation_evidence,23,52,52,1.0,True
0.95,single_risk,validation_evidence,16,84,84,1.0,True
0.95,single_risk,validation_evidence,3,83,83,1.0,True
0.95,single_risk,validation_evidence,4,85,85,1.0,True
0.95,single_risk,validation_evidence,5,123,123,1.0,True
0.95,single_risk,validation_evidence,6,63,63,1.0,True
0.95,single_risk,validation_evidence,0,69,69,1.0,True
0.95,single_risk,validation_evidence,28,55,55,1.0,True
0.95,single_risk,validation_evidence,35,15,15,1.0,True
0.95,single_risk,validation_evidence,29,28,28,1.0,True
0.95,single_risk,validation_evidence,1,84,84,1.0,True
0.95,single_risk,validation_evidence,30,39,39,1.0,True
0.95,single_risk,validation_evidence,19,44,44,1.0,True
0.95,single_risk,validation_evidence,31,24,24,1.0,True
0.95,single_risk,validation_evidence,20,69,69,1.0,True
0.95,single_risk,validation_evidence,34,66,66,1.0,True
0.95,single_risk,validation_evidence,17,5,5,1.0,True
0.95,single_risk,validation_evidence,37,7,7,1.0,True
0.95,single_risk,validation_evidence,32,4,4,1.0,True
0.95,single_risk,validation_evidence,27,7,7,1.0,True
0.95,single_risk,validation_evidence,36,1,1,1.0,True
0.95,monotonic,validation_evidence,16,69,69,1.0,True
0.95,monotonic,validation_evidence,24,18,18,1.0,True
0.95,monotonic,validation_evidence,28,20,20,1.0,True
0.95,monotonic,validation_evidence,35,23,23,1.0,True
0.95,monotonic,validation_evidence,18,143,142,0.993,True
0.95,monotonic,validation_evidence,11,126,126,1.0,True
0.95,monotonic,validation_evidence,21,85,85,1.0,True
0.95,monotonic,validation_evidence,32,16,16,1.0,True
0.95,monotonic,validation_evidence,9,65,65,1.0,True
0.95,monotonic,validation_evidence,23,118,118,1.0,True
0.95,monotonic,validation_evidence,20,11,11,1.0,True
0.95,monotonic,validation_evidence,3,131,131,1.0,True
0.95,monotonic,validation_evidence,17,67,67,1.0,True
0.95,monotonic,validation_evidence,6,88,88,1.0,True
0.95,monotonic,validation_evidence,1,119,119,1.0,True
0.95,monotonic,validation_evidence,30,95,95,1.0,True
0.95,monotonic,validation_evidence,27,26,26,1.0,True
0.95,monotonic,validation_evidence,22,27,26,0.963,True
0.95,monotonic,validation_evidence,13,61,61,1.0,True
0.95,monotonic,validation_evidence,2,57,57,1.0,True
0.95,monotonic,validation_evidence,5,86,86,1.0,True
0.95,monotonic,validation_evidence,34,67,67,1.0,True
0.95,monotonic,validation_evidence,0,127,127,1.0,True
0.95,monotonic,validation_evidence,25,66,66,1.0,True
0.95,monotonic,validation_evidence,12,68,68,1.0,True
0.95,monotonic,validation_evidence,33,44,44,1.0,True
0.95,monotonic,validation_evidence,29,34,34,1.0,True
0.95,monotonic,validation_evidence,14,78,78,1.0,True
0.95,monotonic,validation_evidence,10,46,45,0.9783,True
0.95,monotonic,validation_evidence,15,31,31,1.0,True
0.95,monotonic,validation_evidence,8,56,56,1.0,True
0.95,monotonic,validation_evidence,31,24,24,1.0,True
0.95,monotonic,validation_evidence,4,35,35,1.0,True
0.95,monotonic,validation_evidence,37,65,65,1.0,True
0.95,monotonic,validation_evidence,36,44,44,1.0,True
0.95,monotonic,validation_evidence,39,34,34,1.0,True
0.95,monotonic,validation_evidence,19,5,5,1.0,True
0.95,monotonic,validation_evidence,38,2,2,1.0,True
0.95,monotonic,validation_evidence,7,11,11,1.0,True
0.95,monotonic,validation_evidence,26,11,11,1.0,True
0.95,both,validation_evidence,18,65,65,1.0,True
0.95,both,validation_evidence,5,17,17,1.0,True
0.95,both,validation_evidence,13,20,20,1.0,True
0.95,both,validation_evidence,32,23,23,1.0,True
0.95,both,validation_evidence,38,96,95,0.9896,True
0.95,both,validation_evidence,6,122,122,1.0,True
0.95,both,validation_evidence,20,89,89,1.0,True
0.95,both,validation_evidence,4,62,62,1.0,True
0.95,both,validation_evidence,16,58,58,1.0,True
0.95,both,validation_evidence,25,65,65,1.0,True
0.95,both,validation_evidence,36,11,11,1.0,True
0.95,both,validation_evidence,9,121,121,1.0,True
0.95,both,validation_evidence,12,78,78,1.0,True
0.95,both,validation_evidence,2,85,85,1.0,True
0.95,both,validation_evidence,17,88,88,1.0,True
0.95,both,validation_evidence,19,32,32,1.0,True
0.95,both,validation_evidence,24,25,24,0.96,True
0.95,both,validation_evidence,15,61,61,1.0,True
0.95,both,validation_evidence,29,152,152,1.0,True
0.95,both,validation_evidence,30,45,45,1.0,True
0.95,both,validation_evidence,7,82,82,1.0,True
0.95,both,validation_evidence,8,56,56,1.0,True
0.95,both,validation_evidence,14,155,155,1.0,True
0.95,both,validation_evidence,0,98,98,1.0,True
0.95,both,validation_evidence,11,72,72,1.0,True
0.95,both,validation_evidence,22,39,39,1.0,True
0.95,both,validation_evidence,33,38,38,1.0,True
0.95,both,validation_evidence,10,78,78,1.0,True
0.95,both,validation_evidence,35,16,16,1.0,True
0.95,both,validation_evidence,37,41,41,1.0,True
0.95,both,validation_evidence,34,27,27,1.0,True
0.95,both,validation_evidence,21,67,67,1.0,True
0.95,both,validation_evidence,23,25,25,1.0,True
0.95,both,validation_evidence,1,62,62,1.0,True
0.95,both,validation_evidence,27,65,65,1.0,True
0.95,both,validation_evidence,3,10,10,1.0,True
0.95,both,validation_evidence,26,26,26,1.0,True
0.95,both,validation_evidence,39,12,12,1.0,True
0.95,both,validation_evidence,31,7,7,1.0,True
0.95,both,validation_evidence,28,7,7,1.0,True
