edge_config,mode,node_type,cluster_id,year_min,year_max,year_range,year_mean,year_median,n_nodes_with_year,cluster_size
EDGE,unconstrained,risk,3,2006,2023,17,2018.530864197531,2020.0,81,81
EDGE,unconstrained,risk,14,2003,2023,20,2017.3939393939395,2019.0,66,66
EDGE,unconstrained,risk,1,2009,2023,14,2019.2764227642276,2019.0,123,123
EDGE,unconstrained,risk,10,2014,2023,9,2020.8045977011495,2021.0,87,87
EDGE,unconstrained,risk,22,2013,2023,10,2020.1408450704225,2021.0,71,71
EDGE,unconstrained,risk,26,2006,2023,17,2019.3372093023256,2020.0,86,86
EDGE,unconstrained,risk,2,2015,2023,8,2020.8148148148148,2021.0,81,81
EDGE,unconstrained,risk,9,2012,2023,11,2019.4651162790697,2020.0,43,43
EDGE,unconstrained,risk,6,2010,2023,13,2020.2293577981652,2022.0,218,220
EDGE,unconstrained,risk,11,2012,2023,11,2020.1954022988505,2021.0,87,87
EDGE,unconstrained,risk,25,2012,2023,11,2020.0388349514562,2020.0,103,103
EDGE,unconstrained,risk,13,2013,2023,10,2019.6875,2021.0,64,64
EDGE,unconstrained,risk,20,2012,2023,11,2020.063829787234,2020.0,141,141
EDGE,unconstrained,risk,28,2013,2023,10,2019.32,2020.0,75,75
EDGE,unconstrained,risk,4,2013,2023,10,2021.0472972972973,2022.0,148,149
EDGE,unconstrained,risk,19,2013,2023,10,2020.5217391304348,2021.0,69,69
EDGE,unconstrained,risk,21,2008,2023,15,2021.0625,2022.0,32,32
EDGE,unconstrained,risk,17,2019,2023,4,2021.76,2022.0,25,26
EDGE,unconstrained,risk,0,2011,2023,12,2019.678787878788,2020.0,165,165
EDGE,unconstrained,risk,37,2013,2023,10,2022.0,2023.0,20,20
EDGE,unconstrained,risk,24,1994,2023,29,2018.1012658227849,2019.0,79,79
EDGE,unconstrained,risk,12,2002,2023,21,2018.9473684210527,2020.0,38,38
EDGE,unconstrained,risk,36,2014,2023,9,2019.5578947368422,2019.0,95,95
EDGE,unconstrained,risk,5,2009,2023,14,2019.6410256410256,2020.0,39,40
EDGE,unconstrained,risk,23,2017,2023,6,2021.4727272727273,2022.0,55,55
EDGE,unconstrained,risk,32,2014,2023,9,2019.0,2020.0,11,11
EDGE,unconstrained,risk,7,2006,2023,17,2020.8431372549019,2022.0,51,51
EDGE,unconstrained,risk,35,2003,2023,20,2019.235294117647,2021.0,51,51
EDGE,unconstrained,risk,18,2015,2023,8,2021.4,2022.0,45,48
EDGE,unconstrained,risk,30,2011,2023,12,2020.0754716981132,2021.0,53,54
EDGE,unconstrained,risk,34,2019,2023,4,2021.4,2021.0,10,10
EDGE,unconstrained,risk,15,2013,2023,10,2021.0,2022.0,25,25
EDGE,unconstrained,risk,38,2006,2022,16,2019.4615384615386,2020.0,26,26
EDGE,unconstrained,risk,29,2011,2023,12,2021.8125,2022.0,144,144
EDGE,unconstrained,risk,8,2016,2023,7,2020.4,2021.0,20,20
EDGE,unconstrained,risk,39,2019,2023,4,2022.3478260869565,2022.0,46,46
EDGE,unconstrained,risk,33,2018,2023,5,2021.2592592592594,2022.0,27,27
EDGE,unconstrained,risk,16,2015,2023,8,2020.611111111111,2020.5,18,18
EDGE,unconstrained,risk,27,2019,2022,3,2021.0,2021.0,5,5
EDGE,unconstrained,risk,31,2014,2020,6,2018.142857142857,2019.0,7,7
EDGE,unconstrained,intervention,15,2012,2022,10,2019.4226804123712,2020.0,97,97
EDGE,unconstrained,intervention,9,2003,2023,20,2018.132743362832,2019.0,113,113
EDGE,unconstrained,intervention,17,2016,2023,7,2022.0825688073394,2023.0,109,109
EDGE,unconstrained,intervention,4,2014,2023,9,2019.8039215686274,2019.5,102,103
EDGE,unconstrained,intervention,22,2012,2023,11,2019.573033707865,2020.0,89,89
EDGE,unconstrained,intervention,5,2011,2023,12,2020.0233644859813,2022.0,214,214
EDGE,unconstrained,intervention,39,2015,2023,8,2020.923076923077,2022.0,39,39
EDGE,unconstrained,intervention,19,2006,2023,17,2019.7953488372093,2020.0,215,215
EDGE,unconstrained,intervention,10,2012,2023,11,2018.965909090909,2019.0,88,88
EDGE,unconstrained,intervention,32,2012,2023,11,2020.4920634920634,2021.0,63,63
EDGE,unconstrained,intervention,30,2010,2023,13,2020.5483870967741,2021.0,62,62
EDGE,unconstrained,intervention,2,2005,2023,18,2020.1307189542483,2021.0,153,153
EDGE,unconstrained,intervention,16,2012,2023,11,2018.857142857143,2019.5,28,28
EDGE,unconstrained,intervention,36,2006,2023,17,2020.1538461538462,2021.0,65,65
EDGE,unconstrained,intervention,18,1994,2022,28,2018.2121212121212,2019.0,99,99
EDGE,unconstrained,intervention,3,2009,2023,14,2020.8652849740934,2022.0,193,195
EDGE,unconstrained,intervention,8,2013,2023,10,2020.3867924528302,2021.0,106,106
EDGE,unconstrained,intervention,33,2018,2023,5,2020.2,2019.5,10,10
EDGE,unconstrained,intervention,6,2012,2023,11,2019.530864197531,2019.0,81,81
EDGE,unconstrained,intervention,1,2019,2023,4,2022.1818181818182,2023.0,44,44
EDGE,unconstrained,intervention,13,2008,2023,15,2020.6629213483145,2021.0,178,180
EDGE,unconstrained,intervention,27,2010,2023,13,2019.962962962963,2020.0,27,27
EDGE,unconstrained,intervention,21,2002,2022,20,2017.4074074074074,2019.0,27,27
EDGE,unconstrained,intervention,11,2010,2023,13,2016.5869565217392,2016.5,46,47
EDGE,unconstrained,intervention,14,2012,2023,11,2019.984375,2020.0,64,64
EDGE,unconstrained,intervention,7,2014,2023,9,2020.5862068965516,2021.0,87,88
EDGE,unconstrained,intervention,24,2018,2023,5,2022.28125,2023.0,32,36
EDGE,unconstrained,intervention,37,2006,2022,16,2018.9756097560976,2019.0,41,41
EDGE,unconstrained,intervention,12,2014,2023,9,2020.7272727272727,2022.0,11,11
EDGE,unconstrained,intervention,20,2014,2023,9,2020.1538461538462,2020.5,26,26
EDGE,unconstrained,intervention,0,2012,2023,11,2020.75,2022.0,24,24
EDGE,unconstrained,intervention,38,2012,2023,11,2020.0,2020.0,17,17
EDGE,unconstrained,intervention,26,2013,2023,10,2018.25,2019.0,16,16
EDGE,unconstrained,intervention,34,2013,2022,9,2018.0,2018.5,6,6
EDGE,unconstrained,intervention,25,2013,2023,10,2020.5555555555557,2021.0,36,36
EDGE,unconstrained,intervention,35,2016,2023,7,2020.3333333333333,2020.0,36,36
EDGE,unconstrained,intervention,29,2013,2023,10,2019.5652173913043,2020.0,23,23
EDGE,unconstrained,intervention,31,2015,2022,7,2020.7058823529412,2022.0,17,17
EDGE,unconstrained,intervention,28,2013,2022,9,2018.4615384615386,2020.0,13,13
EDGE,unconstrained,intervention,23,2022,2022,0,2022.0,2022.0,6,6
EDGE,unconstrained,all_concepts,11,2008,2023,15,2019.231527093596,2020.0,406,406
EDGE,unconstrained,all_concepts,4,2002,2023,21,2016.9325153374234,2017.0,326,326
EDGE,unconstrained,all_concepts,34,2010,2023,13,2018.8895705521472,2020.0,163,163
EDGE,unconstrained,all_concepts,8,2006,2023,17,2019.7473684210527,2021.0,475,475
EDGE,unconstrained,all_concepts,16,2012,2023,11,2020.4941520467837,2022.0,342,346
EDGE,unconstrained,all_concepts,39,2018,2023,5,2022.0833333333333,2023.0,108,126
EDGE,unconstrained,all_concepts,36,2006,2023,17,2020.7394736842105,2022.0,380,380
EDGE,unconstrained,all_concepts,2,2012,2023,11,2021.9,2022.0,530,530
EDGE,unconstrained,all_concepts,5,2002,2023,21,2018.8517823639775,2019.0,533,533
EDGE,unconstrained,all_concepts,32,2017,2023,6,2019.7407407407406,2020.0,27,27
EDGE,unconstrained,all_concepts,14,2009,2023,14,2020.712888888889,2022.0,1125,1139
EDGE,unconstrained,all_concepts,30,2010,2023,13,2020.7962962962963,2021.0,162,162
EDGE,unconstrained,all_concepts,37,2008,2023,15,2020.7470930232557,2022.0,344,344
EDGE,unconstrained,all_concepts,22,2006,2023,17,2019.8443113772455,2022.0,668,668
EDGE,unconstrained,all_concepts,3,2012,2023,11,2020.1595547309832,2021.0,539,539
EDGE,unconstrained,all_concepts,20,2012,2023,11,2019.3983050847457,2020.0,472,472
EDGE,unconstrained,all_concepts,9,2010,2023,13,2019.878698224852,2020.0,676,677
EDGE,unconstrained,all_concepts,6,2006,2023,17,2019.7306122448979,2020.0,490,490
EDGE,unconstrained,all_concepts,17,2010,2023,13,2020.2322580645161,2022.0,155,155
EDGE,unconstrained,all_concepts,1,2011,2023,12,2019.4857651245552,2020.0,562,562
EDGE,unconstrained,all_concepts,0,2003,2023,20,2020.9362549800796,2022.0,251,251
EDGE,unconstrained,all_concepts,28,2014,2023,9,2021.2696629213483,2022.0,89,89
EDGE,unconstrained,all_concepts,10,2006,2023,17,2019.3782894736842,2020.0,912,913
EDGE,unconstrained,all_concepts,19,2010,2023,13,2019.7760814249364,2020.0,393,393
EDGE,unconstrained,all_concepts,15,2010,2023,13,2019.9056603773586,2020.0,159,159
EDGE,unconstrained,all_concepts,13,2006,2023,17,2021.5633802816901,2023.0,284,284
EDGE,unconstrained,all_concepts,18,2005,2023,18,2019.5077519379845,2021.0,258,258
EDGE,unconstrained,all_concepts,7,2010,2023,13,2019.8634686346863,2020.0,271,271
EDGE,unconstrained,all_concepts,24,2008,2023,15,2021.2300884955753,2022.0,113,113
EDGE,unconstrained,all_concepts,23,2006,2023,17,2020.340909090909,2021.0,44,44
EDGE,unconstrained,all_concepts,21,2011,2023,12,2020.8059701492537,2021.0,201,201
EDGE,unconstrained,all_concepts,31,2013,2021,8,2017.6875,2017.0,16,16
EDGE,unconstrained,all_concepts,12,2010,2023,13,2018.3529411764705,2019.0,34,38
EDGE,unconstrained,all_concepts,27,2003,2023,20,2015.6666666666667,2018.0,24,24
EDGE,unconstrained,all_concepts,33,2015,2023,8,2020.2272727272727,2020.5,22,22
EDGE,unconstrained,all_concepts,35,2002,2023,21,2019.0535714285713,2020.0,56,56
EDGE,unconstrained,all_concepts,38,2016,2022,6,2020.0227272727273,2020.0,44,44
EDGE,unconstrained,all_concepts,26,2017,2023,6,2020.513888888889,2020.0,72,72
EDGE,unconstrained,all_concepts,25,2020,2022,2,2021.2857142857142,2022.0,14,14
EDGE,unconstrained,all_concepts,29,2023,2023,0,2023.0,2023.0,1,1
EDGE,unconstrained,problem_analysis,4,2006,2023,17,2019.148148148148,2019.0,108,108
EDGE,unconstrained,problem_analysis,32,2006,2023,17,2019.7910447761194,2021.0,67,67
EDGE,unconstrained,problem_analysis,13,2003,2023,20,2017.7608695652175,2018.5,46,46
EDGE,unconstrained,problem_analysis,14,2010,2023,13,2019.9074074074074,2020.0,54,54
EDGE,unconstrained,problem_analysis,21,2013,2023,10,2020.6206896551723,2021.0,58,58
EDGE,unconstrained,problem_analysis,28,2013,2023,10,2019.7066666666667,2021.0,75,75
EDGE,unconstrained,problem_analysis,12,2006,2023,17,2019.909090909091,2022.0,176,176
EDGE,unconstrained,problem_analysis,36,2013,2023,10,2020.8139534883721,2022.0,86,87
EDGE,unconstrained,problem_analysis,5,2009,2023,14,2020.1522842639595,2021.0,197,197
EDGE,unconstrained,problem_analysis,10,2010,2023,13,2019.28,2019.0,75,75
EDGE,unconstrained,problem_analysis,25,2012,2023,11,2018.9411764705883,2019.0,51,51
EDGE,unconstrained,problem_analysis,38,2015,2023,8,2020.2459016393443,2021.0,61,61
EDGE,unconstrained,problem_analysis,19,2014,2023,9,2019.8910891089108,2020.0,101,101
EDGE,unconstrained,problem_analysis,34,2006,2023,17,2019.4594594594594,2020.0,74,74
EDGE,unconstrained,problem_analysis,23,2011,2023,12,2018.483870967742,2019.0,31,31
EDGE,unconstrained,problem_analysis,20,2012,2023,11,2020.7701149425288,2022.0,87,87
EDGE,unconstrained,problem_analysis,35,2014,2023,9,2020.9473684210527,2022.0,114,117
EDGE,unconstrained,problem_analysis,31,2010,2023,13,2020.6379310344828,2021.0,58,58
EDGE,unconstrained,problem_analysis,0,2003,2023,20,2018.7589285714287,2019.0,112,112
EDGE,unconstrained,problem_analysis,26,2010,2023,13,2021.2235294117647,2022.0,85,89
EDGE,unconstrained,problem_analysis,8,2009,2022,13,2019.6162790697674,2020.0,86,86
EDGE,unconstrained,problem_analysis,27,2014,2023,9,2019.5652173913043,2020.5,46,46
EDGE,unconstrained,problem_analysis,17,2014,2023,9,2020.7837837837837,2022.0,37,37
EDGE,unconstrained,problem_analysis,33,2018,2023,5,2021.0,2021.5,20,20
EDGE,unconstrained,problem_analysis,9,2015,2023,8,2020.8275862068965,2022.0,87,87
EDGE,unconstrained,problem_analysis,37,2014,2022,8,2017.88,2018.0,25,26
EDGE,unconstrained,problem_analysis,16,2017,2023,6,2021.5714285714287,2023.0,49,49
EDGE,unconstrained,problem_analysis,1,2013,2023,10,2019.4655172413793,2021.0,58,58
EDGE,unconstrained,problem_analysis,2,2019,2023,4,2022.5641025641025,2023.0,39,39
EDGE,unconstrained,problem_analysis,24,2011,2023,12,2019.8275862068965,2020.0,29,29
EDGE,unconstrained,problem_analysis,6,2010,2023,13,2019.75,2020.5,24,24
EDGE,unconstrained,problem_analysis,18,2014,2023,9,2020.53125,2021.0,32,32
EDGE,unconstrained,problem_analysis,11,2015,2023,8,2020.2424242424242,2020.0,66,66
EDGE,unconstrained,problem_analysis,7,2010,2023,13,2021.654761904762,2022.0,84,84
EDGE,unconstrained,problem_analysis,22,2015,2023,8,2019.590909090909,2020.0,22,22
EDGE,unconstrained,problem_analysis,3,2014,2023,9,2020.6451612903227,2021.0,31,31
EDGE,unconstrained,problem_analysis,15,2014,2023,9,2018.4545454545455,2018.0,11,11
EDGE,unconstrained,problem_analysis,29,2002,2023,21,2018.9767441860465,2020.0,43,43
EDGE,unconstrained,problem_analysis,39,2011,2022,11,2019.0,2020.0,10,10
EDGE,unconstrained,problem_analysis,30,2021,2023,2,2022.0,2022.0,7,7
EDGE,unconstrained,theoretical_insight,24,2006,2022,16,2017.5384615384614,2018.0,26,26
EDGE,unconstrained,theoretical_insight,39,2018,2023,5,2021.95,2023.0,20,23
EDGE,unconstrained,theoretical_insight,32,2012,2023,11,2020.6184210526317,2022.0,76,78
EDGE,unconstrained,theoretical_insight,3,2014,2023,9,2020.953488372093,2022.0,43,43
EDGE,unconstrained,theoretical_insight,9,2010,2023,13,2019.3703703703704,2020.0,81,81
EDGE,unconstrained,theoretical_insight,15,2011,2023,12,2020.328125,2022.0,128,128
EDGE,unconstrained,theoretical_insight,33,2009,2023,14,2020.1081081081081,2021.0,37,37
EDGE,unconstrained,theoretical_insight,11,2009,2023,14,2020.2478632478633,2021.0,117,117
EDGE,unconstrained,theoretical_insight,1,2012,2023,11,2020.122950819672,2021.0,122,122
EDGE,unconstrained,theoretical_insight,12,2010,2023,13,2019.4891304347825,2020.0,92,92
EDGE,unconstrained,theoretical_insight,4,2012,2023,11,2020.4375,2020.0,96,96
EDGE,unconstrained,theoretical_insight,36,2006,2023,17,2019.8620689655172,2020.0,29,29
EDGE,unconstrained,theoretical_insight,34,2013,2023,10,2019.9777777777779,2021.0,45,45
EDGE,unconstrained,theoretical_insight,17,2014,2023,9,2019.6272727272728,2019.0,110,110
EDGE,unconstrained,theoretical_insight,0,2003,2023,20,2020.0,2021.0,119,119
EDGE,unconstrained,theoretical_insight,7,2003,2023,20,2017.9558823529412,2018.0,68,68
EDGE,unconstrained,theoretical_insight,14,2012,2023,11,2020.358208955224,2021.0,67,68
EDGE,unconstrained,theoretical_insight,6,2010,2023,13,2020.703488372093,2022.0,172,173
EDGE,unconstrained,theoretical_insight,23,2006,2023,17,2019.2674418604652,2020.0,86,86
EDGE,unconstrained,theoretical_insight,37,2015,2023,8,2021.037037037037,2021.0,54,54
EDGE,unconstrained,theoretical_insight,16,2010,2023,13,2020.0735294117646,2021.0,68,68
EDGE,unconstrained,theoretical_insight,35,2018,2023,5,2020.5384615384614,2021.0,13,13
EDGE,unconstrained,theoretical_insight,22,2012,2023,11,2020.0238095238096,2021.0,42,42
EDGE,unconstrained,theoretical_insight,27,2014,2023,9,2018.8333333333333,2018.5,18,18
EDGE,unconstrained,theoretical_insight,2,2013,2023,10,2021.2463768115942,2022.0,69,69
EDGE,unconstrained,theoretical_insight,21,2005,2023,18,2019.5,2020.5,32,32
EDGE,unconstrained,theoretical_insight,18,2010,2023,13,2018.5714285714287,2019.0,84,84
EDGE,unconstrained,theoretical_insight,28,2015,2023,8,2021.4,2022.0,10,10
EDGE,unconstrained,theoretical_insight,13,2010,2023,13,2019.0112359550562,2020.0,89,89
EDGE,unconstrained,theoretical_insight,31,2018,2023,5,2020.625,2021.0,8,8
EDGE,unconstrained,theoretical_insight,25,2013,2023,10,2019.88,2021.0,25,25
EDGE,unconstrained,theoretical_insight,38,2021,2023,2,2022.0,2022.0,2,2
EDGE,unconstrained,theoretical_insight,10,2002,2023,21,2019.15,2020.0,60,60
EDGE,unconstrained,theoretical_insight,20,2013,2023,10,2022.0816326530612,2022.0,49,49
EDGE,unconstrained,theoretical_insight,30,2018,2022,4,2019.4444444444443,2019.0,18,18
EDGE,unconstrained,theoretical_insight,5,2012,2023,11,2019.3333333333333,2020.0,27,27
EDGE,unconstrained,theoretical_insight,26,2022,2023,1,2022.7142857142858,2023.0,7,7
EDGE,unconstrained,theoretical_insight,29,2014,2023,9,2020.1666666666667,2022.0,12,12
EDGE,unconstrained,theoretical_insight,19,2017,2021,4,2019.4285714285713,2019.0,7,7
EDGE,unconstrained,theoretical_insight,8,2019,2023,4,2021.75,2022.0,12,12
EDGE,unconstrained,design_rationale,1,2010,2023,13,2019.027397260274,2020.0,73,73
EDGE,unconstrained,design_rationale,20,2010,2023,13,2018.774193548387,2020.0,62,62
EDGE,unconstrained,design_rationale,12,2002,2023,21,2019.8450704225352,2021.0,71,71
EDGE,unconstrained,design_rationale,6,2010,2023,13,2021.4102564102564,2022.0,78,82
EDGE,unconstrained,design_rationale,23,2014,2022,8,2019.14,2019.0,50,50
EDGE,unconstrained,design_rationale,14,2006,2023,17,2020.2241379310344,2021.0,174,174
EDGE,unconstrained,design_rationale,7,2012,2023,11,2019.7686567164178,2020.0,134,135
EDGE,unconstrained,design_rationale,26,2018,2023,5,2020.8181818181818,2021.0,11,11
EDGE,unconstrained,design_rationale,15,2011,2023,12,2019.6375,2020.0,80,80
EDGE,unconstrained,design_rationale,25,2011,2023,12,2020.0511627906976,2022.0,215,215
EDGE,unconstrained,design_rationale,34,2012,2023,11,2019.65,2020.0,60,60
EDGE,unconstrained,design_rationale,18,2013,2023,10,2019.65625,2020.0,32,32
EDGE,unconstrained,design_rationale,27,2012,2023,11,2017.9375,2018.0,32,32
EDGE,unconstrained,design_rationale,32,2012,2023,11,2019.611111111111,2019.5,54,54
EDGE,unconstrained,design_rationale,5,2015,2023,8,2020.2777777777778,2021.0,72,72
EDGE,unconstrained,design_rationale,2,2003,2023,20,2019.9056603773586,2021.0,106,106
EDGE,unconstrained,design_rationale,9,2009,2022,13,2017.608695652174,2018.0,23,23
EDGE,unconstrained,design_rationale,13,2012,2023,11,2021.35,2022.0,100,103
EDGE,unconstrained,design_rationale,16,2008,2023,15,2020.4411764705883,2021.0,68,68
EDGE,unconstrained,design_rationale,3,2013,2023,10,2020.0833333333333,2020.0,108,108
EDGE,unconstrained,design_rationale,4,2015,2023,8,2021.2542372881355,2022.0,59,59
EDGE,unconstrained,design_rationale,19,2012,2023,11,2019.9411764705883,2020.0,68,68
EDGE,unconstrained,design_rationale,10,2014,2023,9,2019.4444444444443,2019.0,27,27
EDGE,unconstrained,design_rationale,21,2006,2022,16,2015.8648648648648,2014.0,37,37
EDGE,unconstrained,design_rationale,33,2005,2023,18,2019.4897959183672,2021.0,49,49
EDGE,unconstrained,design_rationale,8,2006,2023,17,2018.9302325581396,2020.0,43,43
EDGE,unconstrained,design_rationale,37,2015,2022,7,2019.4166666666667,2019.5,24,24
EDGE,unconstrained,design_rationale,24,2016,2023,7,2020.5119047619048,2021.0,84,84
EDGE,unconstrained,design_rationale,31,2018,2023,5,2022.3333333333333,2023.0,24,24
EDGE,unconstrained,design_rationale,0,2016,2023,7,2020.9024390243903,2021.0,41,41
EDGE,unconstrained,design_rationale,17,2006,2023,17,2019.677966101695,2020.0,59,59
EDGE,unconstrained,design_rationale,11,2012,2023,11,2020.7368421052631,2021.0,38,38
EDGE,unconstrained,design_rationale,22,2016,2023,7,2020.5333333333333,2021.0,15,15
EDGE,unconstrained,design_rationale,35,2018,2022,4,2019.909090909091,2020.0,11,11
EDGE,unconstrained,design_rationale,29,2010,2023,13,2013.8333333333333,2010.0,6,6
EDGE,unconstrained,design_rationale,36,2018,2022,4,2019.5,2019.5,8,8
EDGE,unconstrained,design_rationale,28,2017,2023,6,2020.0,2020.0,14,14
EDGE,unconstrained,design_rationale,39,2018,2023,5,2021.71875,2022.0,32,32
EDGE,unconstrained,design_rationale,30,2019,2023,4,2021.0,2020.0,7,7
EDGE,unconstrained,design_rationale,38,2018,2023,5,2020.4285714285713,2020.0,7,7
EDGE,unconstrained,implementation_mechanism,6,2014,2023,9,2019.9545454545455,2020.0,88,88
EDGE,unconstrained,implementation_mechanism,15,2003,2023,20,2017.764705882353,2018.0,51,51
EDGE,unconstrained,implementation_mechanism,20,2003,2023,20,2017.484375,2017.5,64,64
EDGE,unconstrained,implementation_mechanism,18,2009,2023,14,2021.3015873015872,2022.0,126,126
EDGE,unconstrained,implementation_mechanism,14,2006,2023,17,2019.5223880597016,2019.0,134,134
EDGE,unconstrained,implementation_mechanism,1,2012,2023,11,2019.2654867256638,2019.0,113,113
EDGE,unconstrained,implementation_mechanism,10,2010,2023,13,2019.7230769230769,2021.0,195,196
EDGE,unconstrained,implementation_mechanism,17,2006,2023,17,2021.2549019607843,2022.0,51,51
EDGE,unconstrained,implementation_mechanism,35,2012,2023,11,2019.5157894736842,2021.0,95,95
EDGE,unconstrained,implementation_mechanism,32,2013,2023,10,2020.8095238095239,2021.0,42,42
EDGE,unconstrained,implementation_mechanism,12,2011,2023,12,2019.1515151515152,2019.0,33,33
EDGE,unconstrained,implementation_mechanism,0,2012,2023,11,2019.7022900763359,2020.0,131,133
EDGE,unconstrained,implementation_mechanism,11,2012,2023,11,2020.031746031746,2021.0,63,63
EDGE,unconstrained,implementation_mechanism,37,2022,2022,0,2022.0,2022.0,7,7
EDGE,unconstrained,implementation_mechanism,30,2013,2023,10,2021.1919191919192,2022.0,99,100
EDGE,unconstrained,implementation_mechanism,28,2013,2023,10,2019.7551020408164,2020.0,49,49
EDGE,unconstrained,implementation_mechanism,5,2006,2023,17,2020.8191489361702,2022.0,94,94
EDGE,unconstrained,implementation_mechanism,8,2002,2023,21,2019.5140186915887,2020.0,107,107
EDGE,unconstrained,implementation_mechanism,9,2008,2023,15,2020.9569892473119,2022.0,93,97
EDGE,unconstrained,implementation_mechanism,13,2005,2022,17,2019.0967741935483,2020.0,93,93
EDGE,unconstrained,implementation_mechanism,25,2014,2023,9,2020.7474747474748,2021.0,99,99
EDGE,unconstrained,implementation_mechanism,22,2006,2023,17,2021.5,2022.0,80,80
EDGE,unconstrained,implementation_mechanism,24,2014,2023,9,2019.6333333333334,2019.0,30,30
EDGE,unconstrained,implementation_mechanism,38,2014,2023,9,2018.7,2019.0,10,10
EDGE,unconstrained,implementation_mechanism,21,2017,2023,6,2020.2307692307693,2020.0,39,39
EDGE,unconstrained,implementation_mechanism,7,2012,2023,11,2019.9615384615386,2019.5,26,26
EDGE,unconstrained,implementation_mechanism,2,2013,2023,10,2020.142857142857,2021.0,63,63
EDGE,unconstrained,implementation_mechanism,26,2011,2023,12,2020.392857142857,2021.0,28,29
EDGE,unconstrained,implementation_mechanism,16,2012,2022,10,2019.36,2020.0,25,25
EDGE,unconstrained,implementation_mechanism,34,2015,2023,8,2021.2,2022.0,10,10
EDGE,unconstrained,implementation_mechanism,36,2018,2023,5,2020.3846153846155,2021.0,13,13
EDGE,unconstrained,implementation_mechanism,19,2008,2023,15,2019.59375,2021.0,32,32
EDGE,unconstrained,implementation_mechanism,33,2013,2022,9,2019.608695652174,2020.0,23,23
EDGE,unconstrained,implementation_mechanism,3,2013,2022,9,2019.5416666666667,2019.5,24,24
EDGE,unconstrained,implementation_mechanism,23,2010,2022,12,2016.3793103448277,2018.0,29,29
EDGE,unconstrained,implementation_mechanism,29,2015,2022,7,2019.625,2020.0,16,16
EDGE,unconstrained,implementation_mechanism,31,2014,2023,9,2020.96875,2022.0,32,32
EDGE,unconstrained,implementation_mechanism,27,2013,2023,10,2019.4137931034484,2020.0,29,29
EDGE,unconstrained,implementation_mechanism,4,2016,2023,7,2021.7435897435898,2022.0,39,39
EDGE,unconstrained,implementation_mechanism,39,2022,2023,1,2022.3333333333333,2022.0,3,3
EDGE,unconstrained,validation_evidence,7,2003,2022,19,2018.4805194805194,2019.0,77,77
EDGE,unconstrained,validation_evidence,20,2010,2022,12,2016.1764705882354,2017.0,17,17
EDGE,unconstrained,validation_evidence,15,2012,2023,11,2020.5384615384614,2021.5,26,26
EDGE,unconstrained,validation_evidence,37,2018,2023,5,2021.8636363636363,2022.0,22,25
EDGE,unconstrained,validation_evidence,1,2008,2023,15,2019.6164383561643,2020.0,146,146
EDGE,unconstrained,validation_evidence,2,2017,2023,6,2021.9649122807018,2022.0,114,114
EDGE,unconstrained,validation_evidence,13,2015,2023,8,2020.3595505617977,2021.0,89,90
EDGE,unconstrained,validation_evidence,0,2006,2023,17,2020.2222222222222,2021.0,108,108
EDGE,unconstrained,validation_evidence,6,2012,2023,11,2019.7714285714285,2020.0,70,70
EDGE,unconstrained,validation_evidence,24,2009,2023,14,2020.1140350877192,2022.0,114,114
EDGE,unconstrained,validation_evidence,29,2019,2023,4,2022.0,2022.0,10,10
EDGE,unconstrained,validation_evidence,33,2012,2023,11,2018.954128440367,2019.0,109,109
EDGE,unconstrained,validation_evidence,25,2012,2023,11,2019.6338028169014,2020.0,71,71
EDGE,unconstrained,validation_evidence,4,2015,2023,8,2019.9878048780488,2020.5,82,82
EDGE,unconstrained,validation_evidence,9,2012,2022,10,2019.5,2019.0,116,116
EDGE,unconstrained,validation_evidence,21,2015,2023,8,2019.9310344827586,2019.0,29,29
EDGE,unconstrained,validation_evidence,23,2013,2023,10,2020.71875,2022.0,32,32
EDGE,unconstrained,validation_evidence,12,2014,2023,9,2019.7375,2020.0,80,80
EDGE,unconstrained,validation_evidence,17,2014,2023,9,2021.7065217391305,2022.0,92,95
EDGE,unconstrained,validation_evidence,26,2010,2023,13,2017.8653846153845,2019.0,52,52
EDGE,unconstrained,validation_evidence,16,2006,2023,17,2019.1529411764707,2020.0,85,85
EDGE,unconstrained,validation_evidence,18,2013,2023,10,2019.960396039604,2020.0,101,101
EDGE,unconstrained,validation_evidence,38,2013,2023,10,2020.0666666666666,2020.0,45,45
EDGE,unconstrained,validation_evidence,22,2019,2023,4,2022.1587301587301,2022.0,63,63
EDGE,unconstrained,validation_evidence,14,2003,2023,20,2020.159090909091,2022.0,44,44
EDGE,unconstrained,validation_evidence,27,2009,2023,14,2020.4242424242425,2022.0,66,66
EDGE,unconstrained,validation_evidence,34,2011,2023,12,2017.5714285714287,2018.0,35,35
EDGE,unconstrained,validation_evidence,3,2013,2023,10,2019.987012987013,2021.0,77,78
EDGE,unconstrained,validation_evidence,5,2002,2022,20,2017.5853658536585,2018.0,82,83
EDGE,unconstrained,validation_evidence,10,2003,2023,20,2019.0681818181818,2021.0,44,44
EDGE,unconstrained,validation_evidence,19,2013,2023,10,2019.8510638297873,2021.0,47,47
EDGE,unconstrained,validation_evidence,31,2016,2023,7,2020.25,2020.0,24,24
EDGE,unconstrained,validation_evidence,35,2019,2023,4,2022.3818181818183,2023.0,55,55
EDGE,unconstrained,validation_evidence,11,2018,2023,5,2021.2682926829268,2022.0,41,41
EDGE,unconstrained,validation_evidence,28,2018,2023,5,2020.1176470588234,2021.0,17,17
EDGE,unconstrained,validation_evidence,8,2013,2023,10,2020.8085106382978,2022.0,47,47
EDGE,unconstrained,validation_evidence,36,2010,2023,13,2019.125,2022.0,8,8
EDGE,unconstrained,validation_evidence,32,2017,2022,5,2020.0,2020.5,4,4
EDGE,unconstrained,validation_evidence,39,2015,2023,8,2020.0,2022.0,3,3
EDGE,unconstrained,validation_evidence,30,2021,2021,0,2021.0,2021.0,1,1
EDGE,single_risk,risk,32,2006,2023,17,2018.0,2019.0,42,42
EDGE,single_risk,risk,10,2003,2023,20,2017.2244897959183,2019.0,49,49
EDGE,single_risk,risk,9,2009,2023,14,2019.1531531531532,2019.0,111,111
EDGE,single_risk,risk,2,2010,2023,13,2020.1421568627452,2022.0,204,206
EDGE,single_risk,risk,6,2003,2023,20,2020.0,2021.0,73,74
EDGE,single_risk,risk,7,2016,2023,7,2020.6666666666667,2021.0,60,60
EDGE,single_risk,risk,1,2008,2023,15,2021.069306930693,2022.0,101,101
EDGE,single_risk,risk,14,2010,2023,13,2019.357142857143,2020.0,84,84
EDGE,single_risk,risk,29,2012,2023,11,2019.225806451613,2019.0,31,31
EDGE,single_risk,risk,27,2012,2023,11,2020.1724137931035,2021.0,87,87
EDGE,single_risk,risk,15,2012,2023,11,2019.9891304347825,2020.0,92,92
EDGE,single_risk,risk,11,2013,2023,10,2019.7323943661972,2021.0,71,71
EDGE,single_risk,risk,20,2012,2023,11,2020.103448275862,2020.0,145,145
EDGE,single_risk,risk,28,2013,2023,10,2019.2567567567567,2019.0,74,74
EDGE,single_risk,risk,0,2011,2023,12,2020.8232323232323,2022.0,198,200
EDGE,single_risk,risk,34,2013,2023,10,2020.391304347826,2021.0,69,69
EDGE,single_risk,risk,26,2006,2023,17,2019.3423423423424,2019.0,111,111
EDGE,single_risk,risk,22,2013,2023,10,2022.0833333333333,2023.0,24,24
EDGE,single_risk,risk,18,2016,2023,7,2020.0,2020.0,65,65
EDGE,single_risk,risk,25,1994,2023,29,2018.2278481012659,2019.0,79,79
EDGE,single_risk,risk,31,2002,2023,21,2019.2962962962963,2021.0,27,27
EDGE,single_risk,risk,21,2014,2023,9,2019.465909090909,2019.0,88,88
EDGE,single_risk,risk,4,2009,2023,14,2019.5151515151515,2021.0,33,33
EDGE,single_risk,risk,8,2015,2023,8,2020.0,2020.0,17,18
EDGE,single_risk,risk,30,2017,2023,6,2021.6296296296296,2022.0,54,54
EDGE,single_risk,risk,23,2014,2020,6,2017.2222222222222,2018.0,9,9
EDGE,single_risk,risk,3,2006,2023,17,2020.3636363636363,2021.0,99,99
EDGE,single_risk,risk,13,2015,2023,8,2021.3541666666667,2022.0,48,51
EDGE,single_risk,risk,39,2019,2023,4,2021.6666666666667,2022.0,6,6
EDGE,single_risk,risk,12,2013,2023,10,2020.9565217391305,2022.0,23,23
EDGE,single_risk,risk,16,2006,2023,17,2018.9375,2020.0,48,48
EDGE,single_risk,risk,24,2012,2023,11,2022.0,2022.0,123,123
EDGE,single_risk,risk,33,2016,2023,7,2019.8095238095239,2020.0,21,21
EDGE,single_risk,risk,35,2021,2021,0,2021.0,2021.0,3,3
EDGE,single_risk,risk,17,2009,2023,14,2019.016393442623,2020.0,61,61
EDGE,single_risk,risk,19,2019,2023,4,2022.326923076923,2022.0,52,52
EDGE,single_risk,risk,36,2018,2023,5,2021.25,2021.5,24,24
EDGE,single_risk,risk,37,2017,2023,6,2020.111111111111,2021.0,9,9
EDGE,single_risk,risk,5,2017,2023,6,2021.5,2023.0,4,4
EDGE,single_risk,risk,38,2021,2021,0,2021.0,2021.0,1,1
EDGE,single_risk,intervention,15,2012,2022,10,2019.4226804123712,2020.0,97,97
EDGE,single_risk,intervention,9,2003,2023,20,2018.132743362832,2019.0,113,113
EDGE,single_risk,intervention,17,2016,2023,7,2022.0825688073394,2023.0,109,109
EDGE,single_risk,intervention,4,2014,2023,9,2019.8039215686274,2019.5,102,103
EDGE,single_risk,intervention,22,2012,2023,11,2019.573033707865,2020.0,89,89
EDGE,single_risk,intervention,5,2011,2023,12,2020.0233644859813,2022.0,214,214
EDGE,single_risk,intervention,39,2015,2023,8,2020.923076923077,2022.0,39,39
EDGE,single_risk,intervention,19,2006,2023,17,2019.7953488372093,2020.0,215,215
EDGE,single_risk,intervention,10,2012,2023,11,2018.965909090909,2019.0,88,88
EDGE,single_risk,intervention,32,2012,2023,11,2020.4920634920634,2021.0,63,63
EDGE,single_risk,intervention,30,2010,2023,13,2020.5483870967741,2021.0,62,62
EDGE,single_risk,intervention,2,2005,2023,18,2020.1307189542483,2021.0,153,153
EDGE,single_risk,intervention,16,2012,2023,11,2018.857142857143,2019.5,28,28
EDGE,single_risk,intervention,36,2006,2023,17,2020.1538461538462,2021.0,65,65
EDGE,single_risk,intervention,18,1994,2022,28,2018.2121212121212,2019.0,99,99
EDGE,single_risk,intervention,3,2009,2023,14,2020.8652849740934,2022.0,193,195
EDGE,single_risk,intervention,8,2013,2023,10,2020.3867924528302,2021.0,106,106
EDGE,single_risk,intervention,33,2018,2023,5,2020.2,2019.5,10,10
EDGE,single_risk,intervention,6,2012,2023,11,2019.530864197531,2019.0,81,81
EDGE,single_risk,intervention,1,2019,2023,4,2022.1818181818182,2023.0,44,44
EDGE,single_risk,intervention,13,2008,2023,15,2020.6629213483145,2021.0,178,180
EDGE,single_risk,intervention,27,2010,2023,13,2019.962962962963,2020.0,27,27
EDGE,single_risk,intervention,21,2002,2022,20,2017.4074074074074,2019.0,27,27
EDGE,single_risk,intervention,11,2010,2023,13,2016.5869565217392,2016.5,46,47
EDGE,single_risk,intervention,14,2012,2023,11,2019.984375,2020.0,64,64
EDGE,single_risk,intervention,7,2014,2023,9,2020.5862068965516,2021.0,87,88
EDGE,single_risk,intervention,24,2018,2023,5,2022.28125,2023.0,32,36
EDGE,single_risk,intervention,37,2006,2022,16,2018.9756097560976,2019.0,41,41
EDGE,single_risk,intervention,12,2014,2023,9,2020.7272727272727,2022.0,11,11
EDGE,single_risk,intervention,20,2014,2023,9,2020.1538461538462,2020.5,26,26
EDGE,single_risk,intervention,0,2012,2023,11,2020.75,2022.0,24,24
EDGE,single_risk,intervention,38,2012,2023,11,2020.0,2020.0,17,17
EDGE,single_risk,intervention,26,2013,2023,10,2018.25,2019.0,16,16
EDGE,single_risk,intervention,34,2013,2022,9,2018.0,2018.5,6,6
EDGE,single_risk,intervention,25,2013,2023,10,2020.5555555555557,2021.0,36,36
EDGE,single_risk,intervention,35,2016,2023,7,2020.3333333333333,2020.0,36,36
EDGE,single_risk,intervention,29,2013,2023,10,2019.5652173913043,2020.0,23,23
EDGE,single_risk,intervention,31,2015,2022,7,2020.7058823529412,2022.0,17,17
EDGE,single_risk,intervention,28,2013,2022,9,2018.4615384615386,2020.0,13,13
EDGE,single_risk,intervention,23,2022,2022,0,2022.0,2022.0,6,6
EDGE,single_risk,all_concepts,39,2009,2023,14,2019.700325732899,2020.0,307,307
EDGE,single_risk,all_concepts,21,2003,2023,20,2017.2849162011173,2018.0,358,358
EDGE,single_risk,all_concepts,4,2010,2023,13,2019.2441860465117,2020.0,172,172
EDGE,single_risk,all_concepts,31,2011,2023,12,2020.4842406876792,2022.0,349,353
EDGE,single_risk,all_concepts,37,2018,2023,5,2021.982456140351,2023.0,114,131
EDGE,single_risk,all_concepts,14,2006,2023,17,2020.6898148148148,2021.0,432,432
EDGE,single_risk,all_concepts,15,2013,2023,10,2021.725352112676,2022.0,284,284
EDGE,single_risk,all_concepts,9,2002,2023,21,2019.289972899729,2020.0,738,739
EDGE,single_risk,all_concepts,11,2002,2023,21,2018.25,2019.0,64,68
EDGE,single_risk,all_concepts,3,2006,2023,17,2020.6081754735792,2022.0,1003,1017
EDGE,single_risk,all_concepts,28,2018,2023,5,2020.8916666666667,2021.0,120,120
EDGE,single_risk,all_concepts,19,2008,2023,15,2020.6273830155978,2022.0,577,578
EDGE,single_risk,all_concepts,10,2003,2023,20,2018.4351145038167,2019.0,524,524
EDGE,single_risk,all_concepts,20,2006,2023,17,2019.9020172910664,2021.0,347,347
EDGE,single_risk,all_concepts,24,2012,2023,11,2020.0665557404327,2021.0,601,601
EDGE,single_risk,all_concepts,32,2012,2023,11,2019.5348837209303,2020.0,258,258
EDGE,single_risk,all_concepts,2,2010,2023,13,2019.7074074074073,2020.0,270,270
EDGE,single_risk,all_concepts,5,2006,2023,17,2019.6024844720496,2020.0,483,483
EDGE,single_risk,all_concepts,13,2009,2023,14,2019.8270181219111,2022.0,607,607
EDGE,single_risk,all_concepts,16,2011,2023,12,2019.6705882352942,2020.0,595,595
EDGE,single_risk,all_concepts,18,2006,2023,17,2020.492385786802,2022.0,197,197
EDGE,single_risk,all_concepts,8,2014,2023,9,2021.8803986710964,2023.0,301,301
EDGE,single_risk,all_concepts,30,2011,2023,12,2018.1444444444444,2019.0,90,90
EDGE,single_risk,all_concepts,0,2006,2023,17,2019.6370757180157,2020.0,766,766
EDGE,single_risk,all_concepts,17,2014,2023,9,2020.8549222797928,2021.0,193,193
EDGE,single_risk,all_concepts,38,2012,2023,11,2019.9054726368158,2021.0,201,201
EDGE,single_risk,all_concepts,27,2005,2023,18,2019.6508620689656,2021.0,232,232
EDGE,single_risk,all_concepts,22,2014,2023,9,2021.231884057971,2022.0,69,69
EDGE,single_risk,all_concepts,29,2015,2023,8,2020.9066666666668,2021.0,75,75
EDGE,single_risk,all_concepts,7,2010,2023,13,2019.7934595524957,2020.0,581,582
EDGE,single_risk,all_concepts,33,2015,2023,8,2019.5619834710744,2019.0,121,121
EDGE,single_risk,all_concepts,36,2018,2022,4,2019.8333333333333,2020.0,36,36
EDGE,single_risk,all_concepts,6,2016,2023,7,2022.0162866449512,2022.0,307,307
EDGE,single_risk,all_concepts,26,2006,2023,17,2020.0263157894738,2021.0,38,38
EDGE,single_risk,all_concepts,23,2013,2021,8,2017.6875,2017.0,16,16
EDGE,single_risk,all_concepts,34,2013,2023,10,2021.4146341463415,2022.0,82,82
EDGE,single_risk,all_concepts,25,2015,2023,8,2020.090909090909,2020.5,22,22
EDGE,single_risk,all_concepts,12,2002,2023,21,2019.204081632653,2020.0,49,49
EDGE,single_risk,all_concepts,35,2010,2023,13,2020.2,2022.0,75,75
EDGE,single_risk,all_concepts,1,2018,2023,5,2020.4615384615386,2021.0,26,26
EDGE,single_risk,problem_analysis,5,2006,2023,17,2019.1196581196582,2019.0,117,117
EDGE,single_risk,problem_analysis,20,2014,2022,8,2017.896551724138,2018.0,29,30
EDGE,single_risk,problem_analysis,13,2003,2023,20,2018.0727272727272,2019.0,55,55
EDGE,single_risk,problem_analysis,8,2006,2023,17,2019.967213114754,2021.0,61,61
EDGE,single_risk,problem_analysis,14,2010,2023,13,2019.9,2020.0,50,50
EDGE,single_risk,problem_analysis,11,2013,2023,10,2020.5636363636363,2021.0,55,55
EDGE,single_risk,problem_analysis,23,2013,2023,10,2019.7777777777778,2021.0,72,72
EDGE,single_risk,problem_analysis,25,2006,2023,17,2019.971590909091,2022.0,176,176
EDGE,single_risk,problem_analysis,31,2013,2023,10,2020.9076923076923,2022.0,65,66
EDGE,single_risk,problem_analysis,12,2009,2023,14,2020.1473684210525,2021.0,190,190
EDGE,single_risk,problem_analysis,18,2012,2023,11,2019.9402985074628,2020.0,67,67
EDGE,single_risk,problem_analysis,26,2012,2023,11,2018.8478260869565,2019.0,46,46
EDGE,single_risk,problem_analysis,2,2014,2023,9,2020.078125,2020.5,64,64
EDGE,single_risk,problem_analysis,16,2014,2023,9,2019.878787878788,2020.0,99,99
EDGE,single_risk,problem_analysis,38,2006,2023,17,2019.3561643835617,2020.0,73,73
EDGE,single_risk,problem_analysis,21,2011,2023,12,2018.9705882352941,2019.5,34,34
EDGE,single_risk,problem_analysis,22,2012,2023,11,2020.6931818181818,2022.0,88,88
EDGE,single_risk,problem_analysis,0,2014,2023,9,2020.9266666666667,2022.0,150,153
EDGE,single_risk,problem_analysis,39,2018,2023,5,2021.2264150943397,2022.0,53,53
EDGE,single_risk,problem_analysis,32,2003,2022,19,2018.803738317757,2019.0,107,107
EDGE,single_risk,problem_analysis,27,2010,2023,13,2021.4845360824743,2022.0,97,101
EDGE,single_risk,problem_analysis,28,2010,2022,12,2019.4905660377358,2020.0,53,53
EDGE,single_risk,problem_analysis,29,2002,2023,21,2018.9333333333334,2020.0,45,45
EDGE,single_risk,problem_analysis,19,2014,2023,9,2019.7291666666667,2021.0,48,48
EDGE,single_risk,problem_analysis,1,2009,2023,14,2019.65625,2020.0,128,128
EDGE,single_risk,problem_analysis,4,2014,2023,9,2020.6153846153845,2022.0,39,39
EDGE,single_risk,problem_analysis,35,2018,2023,5,2020.7777777777778,2021.0,18,18
EDGE,single_risk,problem_analysis,24,2015,2023,8,2020.8035714285713,2022.0,56,56
EDGE,single_risk,problem_analysis,7,2013,2023,10,2019.2923076923078,2020.0,65,65
EDGE,single_risk,problem_analysis,15,2015,2023,8,2019.388888888889,2019.5,18,18
EDGE,single_risk,problem_analysis,6,2019,2023,4,2022.5128205128206,2023.0,39,39
EDGE,single_risk,problem_analysis,30,2011,2023,12,2019.923076923077,2020.0,26,26
EDGE,single_risk,problem_analysis,17,2014,2023,9,2020.5945945945946,2021.0,37,37
EDGE,single_risk,problem_analysis,10,2010,2023,13,2021.6486486486488,2022.0,74,74
EDGE,single_risk,problem_analysis,37,2015,2023,8,2019.4285714285713,2020.0,28,28
EDGE,single_risk,problem_analysis,3,2010,2023,13,2020.2,2021.0,20,20
EDGE,single_risk,problem_analysis,9,2010,2022,12,2016.7,2018.5,10,10
EDGE,single_risk,problem_analysis,33,2021,2023,2,2022.2,2022.0,10,10
EDGE,single_risk,problem_analysis,34,2020,2022,2,2021.0,2021.0,5,5
EDGE,single_risk,problem_analysis,36,2021,2023,2,2022.4,2023.0,5,5
EDGE,single_risk,theoretical_insight,15,2006,2023,17,2017.8139534883721,2018.0,43,43
EDGE,single_risk,theoretical_insight,33,2018,2023,5,2021.95,2023.0,20,23
EDGE,single_risk,theoretical_insight,21,2012,2023,11,2020.5,2022.0,80,82
EDGE,single_risk,theoretical_insight,10,2014,2023,9,2020.7543859649122,2021.0,57,58
EDGE,single_risk,theoretical_insight,31,2015,2023,8,2018.4545454545455,2020.0,11,11
EDGE,single_risk,theoretical_insight,7,2014,2023,9,2019.6181818181817,2020.0,55,55
EDGE,single_risk,theoretical_insight,12,2011,2023,12,2020.1693548387098,2022.0,124,124
EDGE,single_risk,theoretical_insight,35,2009,2023,14,2020.1764705882354,2021.5,34,34
EDGE,single_risk,theoretical_insight,11,2009,2023,14,2020.1440677966102,2021.0,118,118
EDGE,single_risk,theoretical_insight,18,2012,2023,11,2020.0647482014388,2021.0,139,139
EDGE,single_risk,theoretical_insight,6,2010,2023,13,2019.280487804878,2020.0,82,82
EDGE,single_risk,theoretical_insight,24,2012,2023,11,2020.3863636363637,2020.0,44,44
EDGE,single_risk,theoretical_insight,28,2018,2023,5,2021.1052631578948,2022.0,19,19
EDGE,single_risk,theoretical_insight,19,2013,2023,10,2019.9777777777779,2021.0,45,45
EDGE,single_risk,theoretical_insight,13,2014,2023,9,2019.7241379310344,2019.0,116,116
EDGE,single_risk,theoretical_insight,0,2003,2023,20,2020.3565217391304,2021.0,115,115
EDGE,single_risk,theoretical_insight,4,2003,2023,20,2017.9272727272728,2019.0,55,55
EDGE,single_risk,theoretical_insight,1,2005,2023,18,2020.5841584158416,2022.0,202,203
EDGE,single_risk,theoretical_insight,27,2006,2023,17,2019.2941176470588,2020.0,85,85
EDGE,single_risk,theoretical_insight,20,2015,2023,8,2021.046875,2021.0,64,64
EDGE,single_risk,theoretical_insight,37,2015,2023,8,2020.4528301886792,2020.0,53,53
EDGE,single_risk,theoretical_insight,3,2010,2023,13,2020.0849056603774,2021.0,106,106
EDGE,single_risk,theoretical_insight,8,2014,2023,9,2020.2553191489362,2021.0,47,47
EDGE,single_risk,theoretical_insight,23,2012,2022,10,2019.6923076923076,2020.0,39,39
EDGE,single_risk,theoretical_insight,5,2013,2023,10,2018.6363636363637,2018.5,22,22
EDGE,single_risk,theoretical_insight,14,2010,2023,13,2018.5061728395062,2019.0,81,81
EDGE,single_risk,theoretical_insight,39,2012,2022,10,2019.75,2020.5,20,20
EDGE,single_risk,theoretical_insight,17,2010,2023,13,2019.0697674418604,2020.0,86,86
EDGE,single_risk,theoretical_insight,25,2013,2023,10,2020.090909090909,2021.0,22,22
EDGE,single_risk,theoretical_insight,38,2021,2023,2,2022.0,2022.0,2,2
EDGE,single_risk,theoretical_insight,29,2013,2023,10,2021.267857142857,2022.0,56,56
EDGE,single_risk,theoretical_insight,16,2002,2023,21,2018.8923076923077,2020.0,65,65
EDGE,single_risk,theoretical_insight,9,2013,2023,10,2021.9714285714285,2022.0,35,35
EDGE,single_risk,theoretical_insight,22,2012,2022,10,2018.36,2019.0,25,25
EDGE,single_risk,theoretical_insight,34,2018,2023,5,2021.6538461538462,2022.0,26,26
EDGE,single_risk,theoretical_insight,26,2022,2023,1,2022.7142857142858,2023.0,7,7
EDGE,single_risk,theoretical_insight,32,2016,2023,7,2021.1333333333334,2022.0,15,15
EDGE,single_risk,theoretical_insight,36,2017,2021,4,2019.0,2019.0,4,4
EDGE,single_risk,theoretical_insight,2,2019,2023,4,2021.9285714285713,2022.5,14,14
EDGE,single_risk,theoretical_insight,30,2020,2020,0,2020.0,2020.0,2,2
EDGE,single_risk,design_rationale,23,2014,2023,9,2018.904761904762,2019.0,63,63
EDGE,single_risk,design_rationale,0,2010,2023,13,2019.1714285714286,2020.0,70,70
EDGE,single_risk,design_rationale,2,2006,2023,17,2017.0217391304348,2016.5,46,46
EDGE,single_risk,design_rationale,35,2010,2023,13,2021.5666666666666,2022.0,30,34
EDGE,single_risk,design_rationale,30,2014,2023,9,2018.9591836734694,2019.0,49,49
EDGE,single_risk,design_rationale,7,2006,2023,17,2020.2635135135135,2021.0,148,148
EDGE,single_risk,design_rationale,15,2013,2023,10,2019.8677685950413,2020.0,121,122
EDGE,single_risk,design_rationale,27,2018,2023,5,2020.9166666666667,2021.0,12,12
EDGE,single_risk,design_rationale,14,2006,2023,17,2018.8923076923077,2020.0,65,65
EDGE,single_risk,design_rationale,5,2011,2023,12,2019.8024691358025,2022.0,162,162
EDGE,single_risk,design_rationale,38,2012,2023,11,2019.8225806451612,2020.0,62,62
EDGE,single_risk,design_rationale,37,2013,2023,10,2019.5862068965516,2020.0,29,29
EDGE,single_risk,design_rationale,4,2012,2023,11,2019.1529411764707,2020.0,85,85
EDGE,single_risk,design_rationale,11,2012,2023,11,2019.3970588235295,2019.5,68,68
EDGE,single_risk,design_rationale,3,2002,2023,21,2019.8529411764705,2022.0,68,68
EDGE,single_risk,design_rationale,20,2016,2023,7,2020.3863636363637,2021.0,44,44
EDGE,single_risk,design_rationale,13,2003,2023,20,2020.0106382978724,2021.0,94,94
EDGE,single_risk,design_rationale,9,2009,2023,14,2018.08,2018.0,25,25
EDGE,single_risk,design_rationale,31,2012,2023,11,2021.1472868217054,2022.0,129,132
EDGE,single_risk,design_rationale,6,2008,2023,15,2020.3982300884957,2022.0,113,113
EDGE,single_risk,design_rationale,21,2006,2023,17,2019.7323943661972,2020.0,71,71
EDGE,single_risk,design_rationale,24,2018,2023,5,2020.8529411764705,2021.0,34,34
EDGE,single_risk,design_rationale,17,2009,2023,14,2019.5604395604396,2020.0,91,91
EDGE,single_risk,design_rationale,32,2015,2023,8,2021.7142857142858,2022.0,35,35
EDGE,single_risk,design_rationale,19,2012,2023,11,2019.8833333333334,2020.0,60,60
EDGE,single_risk,design_rationale,16,2015,2023,8,2020.2222222222222,2020.5,36,36
EDGE,single_risk,design_rationale,33,2005,2023,18,2019.3962264150944,2021.0,53,53
EDGE,single_risk,design_rationale,22,2010,2022,12,2019.4,2020.0,50,50
EDGE,single_risk,design_rationale,1,2016,2023,7,2020.5172413793102,2021.0,87,87
EDGE,single_risk,design_rationale,28,2017,2023,6,2022.0,2023.0,29,29
EDGE,single_risk,design_rationale,12,2016,2023,7,2021.1875,2022.0,16,16
EDGE,single_risk,design_rationale,25,2012,2023,11,2020.6206896551723,2021.0,29,29
EDGE,single_risk,design_rationale,36,2019,2023,4,2020.6153846153845,2020.0,13,13
EDGE,single_risk,design_rationale,18,2013,2023,10,2020.7719298245613,2022.0,57,57
EDGE,single_risk,design_rationale,26,2016,2022,6,2019.6923076923076,2020.0,13,13
EDGE,single_risk,design_rationale,39,2018,2022,4,2019.909090909091,2020.0,11,11
EDGE,single_risk,design_rationale,34,2018,2022,4,2019.3333333333333,2019.0,6,6
EDGE,single_risk,design_rationale,29,2013,2023,10,2020.4,2021.5,20,20
EDGE,single_risk,design_rationale,8,2016,2023,7,2020.590909090909,2021.0,22,22
EDGE,single_risk,design_rationale,10,2017,2023,6,2021.4473684210527,2022.0,38,38
EDGE,single_risk,implementation_mechanism,9,2005,2022,17,2019.3275862068965,2020.0,116,116
EDGE,single_risk,implementation_mechanism,1,2003,2023,20,2018.3661971830986,2019.0,71,71
EDGE,single_risk,implementation_mechanism,23,2003,2023,20,2017.4117647058824,2017.5,68,68
EDGE,single_risk,implementation_mechanism,14,2009,2023,14,2021.4598540145985,2022.0,137,137
EDGE,single_risk,implementation_mechanism,12,2006,2023,17,2019.424,2019.0,125,125
EDGE,single_risk,implementation_mechanism,4,2012,2023,11,2019.3274336283187,2019.0,113,113
EDGE,single_risk,implementation_mechanism,6,2010,2023,13,2019.887254901961,2021.0,204,204
EDGE,single_risk,implementation_mechanism,31,2006,2023,17,2021.25,2022.0,44,44
EDGE,single_risk,implementation_mechanism,27,2014,2023,9,2019.7462686567164,2020.0,67,67
EDGE,single_risk,implementation_mechanism,29,2012,2023,11,2019.5,2020.0,112,112
EDGE,single_risk,implementation_mechanism,21,2008,2023,15,2020.0204081632653,2021.0,49,49
EDGE,single_risk,implementation_mechanism,2,2011,2022,11,2018.974358974359,2019.0,39,39
EDGE,single_risk,implementation_mechanism,5,2012,2023,11,2019.7162162162163,2020.0,74,74
EDGE,single_risk,implementation_mechanism,33,2012,2023,11,2020.121212121212,2021.0,66,66
EDGE,single_risk,implementation_mechanism,20,2022,2022,0,2022.0,2022.0,7,7
EDGE,single_risk,implementation_mechanism,17,2014,2023,9,2021.44,2022.0,25,25
EDGE,single_risk,implementation_mechanism,30,2013,2023,10,2021.095744680851,2022.0,94,96
EDGE,single_risk,implementation_mechanism,26,2013,2023,10,2019.7083333333333,2020.0,48,48
EDGE,single_risk,implementation_mechanism,3,2013,2023,10,2021.047619047619,2022.0,105,105
EDGE,single_risk,implementation_mechanism,13,2002,2023,21,2019.1666666666667,2019.0,48,48
EDGE,single_risk,implementation_mechanism,7,2008,2023,15,2020.8315789473684,2022.0,95,99
EDGE,single_risk,implementation_mechanism,16,2013,2023,10,2019.8658536585365,2020.0,82,82
EDGE,single_risk,implementation_mechanism,28,2014,2023,9,2020.8214285714287,2021.5,84,84
EDGE,single_risk,implementation_mechanism,11,2006,2023,17,2021.6315789473683,2022.0,76,76
EDGE,single_risk,implementation_mechanism,32,2010,2022,12,2017.8363636363636,2019.0,55,57
EDGE,single_risk,implementation_mechanism,37,2017,2023,6,2020.2631578947369,2020.0,38,38
EDGE,single_risk,implementation_mechanism,15,2012,2023,11,2020.1333333333334,2020.0,30,30
EDGE,single_risk,implementation_mechanism,24,2013,2023,10,2019.787234042553,2021.0,47,47
EDGE,single_risk,implementation_mechanism,19,2019,2023,4,2021.2380952380952,2021.0,21,21
EDGE,single_risk,implementation_mechanism,35,2011,2023,12,2020.0,2021.0,23,24
EDGE,single_risk,implementation_mechanism,8,2015,2023,8,2020.6842105263158,2021.0,38,38
EDGE,single_risk,implementation_mechanism,22,2012,2022,10,2019.36,2020.0,25,25
EDGE,single_risk,implementation_mechanism,18,2015,2023,8,2020.7857142857142,2021.5,14,14
EDGE,single_risk,implementation_mechanism,10,2006,2023,17,2019.0740740740741,2019.0,27,27
EDGE,single_risk,implementation_mechanism,25,2013,2022,9,2019.608695652174,2020.0,23,23
EDGE,single_risk,implementation_mechanism,36,2015,2022,7,2019.625,2020.0,16,16
EDGE,single_risk,implementation_mechanism,0,2013,2023,10,2019.6129032258063,2020.0,31,31
EDGE,single_risk,implementation_mechanism,39,2018,2022,4,2020.0555555555557,2020.0,18,18
EDGE,single_risk,implementation_mechanism,38,2018,2023,5,2021.0526315789473,2022.0,19,19
EDGE,single_risk,implementation_mechanism,34,2019,2022,3,2020.5,2020.5,2,2
EDGE,single_risk,validation_evidence,12,2003,2022,19,2018.4533333333334,2019.0,75,75
EDGE,single_risk,validation_evidence,8,2010,2023,13,2017.25,2018.0,16,16
EDGE,single_risk,validation_evidence,13,2010,2023,13,2020.107142857143,2021.5,28,28
EDGE,single_risk,validation_evidence,29,2018,2023,5,2021.8636363636363,2022.0,22,25
EDGE,single_risk,validation_evidence,9,2013,2023,10,2019.9779411764705,2020.0,136,136
EDGE,single_risk,validation_evidence,4,2010,2023,13,2021.9,2022.0,120,120
EDGE,single_risk,validation_evidence,22,2015,2023,8,2020.2727272727273,2020.0,77,78
EDGE,single_risk,validation_evidence,2,2017,2023,6,2021.1153846153845,2021.0,52,52
EDGE,single_risk,validation_evidence,14,2011,2023,12,2019.8636363636363,2020.5,66,66
EDGE,single_risk,validation_evidence,19,2009,2023,14,2020.0841121495328,2022.0,107,107
EDGE,single_risk,validation_evidence,37,2019,2023,4,2021.909090909091,2022.0,11,11
EDGE,single_risk,validation_evidence,11,2012,2023,11,2018.9148936170213,2019.0,141,141
EDGE,single_risk,validation_evidence,21,2012,2023,11,2019.6338028169014,2020.0,71,71
EDGE,single_risk,validation_evidence,3,2014,2023,9,2020.0,2021.0,90,90
EDGE,single_risk,validation_evidence,33,2013,2023,10,2021.504,2022.0,125,128
EDGE,single_risk,validation_evidence,32,2014,2022,8,2019.6568627450981,2020.0,102,102
EDGE,single_risk,validation_evidence,36,2015,2023,8,2020.1724137931035,2020.0,29,29
EDGE,single_risk,validation_evidence,24,2013,2023,10,2020.9354838709678,2022.0,31,31
EDGE,single_risk,validation_evidence,17,2014,2022,8,2019.5942028985507,2020.0,69,69
EDGE,single_risk,validation_evidence,0,2006,2023,17,2018.06,2020.0,50,50
EDGE,single_risk,validation_evidence,23,2006,2023,17,2019.1411764705883,2020.0,85,85
EDGE,single_risk,validation_evidence,1,2011,2023,12,2020.734693877551,2021.0,49,49
EDGE,single_risk,validation_evidence,7,2003,2023,20,2019.3541666666667,2021.5,48,48
EDGE,single_risk,validation_evidence,5,2013,2023,10,2020.590909090909,2021.0,66,66
EDGE,single_risk,validation_evidence,6,2008,2023,15,2019.5583333333334,2020.0,120,120
EDGE,single_risk,validation_evidence,16,2019,2023,4,2022.142857142857,2022.0,63,63
EDGE,single_risk,validation_evidence,10,2003,2023,20,2020.1724137931035,2022.0,58,58
EDGE,single_risk,validation_evidence,26,2009,2023,14,2020.2641509433963,2022.0,53,53
EDGE,single_risk,validation_evidence,35,2011,2023,12,2017.7027027027027,2018.0,37,37
EDGE,single_risk,validation_evidence,34,2012,2023,11,2019.2307692307693,2019.0,26,26
EDGE,single_risk,validation_evidence,25,2013,2023,10,2019.8823529411766,2020.0,68,69
EDGE,single_risk,validation_evidence,30,2010,2022,12,2016.2,2016.0,15,15
EDGE,single_risk,validation_evidence,15,2005,2023,18,2019.425,2021.0,40,40
EDGE,single_risk,validation_evidence,39,2013,2023,10,2019.725,2021.0,40,40
EDGE,single_risk,validation_evidence,27,2016,2023,7,2020.25,2020.0,24,24
EDGE,single_risk,validation_evidence,20,2002,2022,20,2017.8382352941176,2018.5,68,69
EDGE,single_risk,validation_evidence,18,2019,2023,4,2022.375,2023.0,48,48
EDGE,single_risk,validation_evidence,28,2018,2023,5,2020.4444444444443,2021.0,9,9
EDGE,single_risk,validation_evidence,38,2018,2023,5,2021.0,2021.5,6,6
EDGE,single_risk,validation_evidence,31,2019,2021,2,2020.0,2020.0,2,2
EDGE,monotonic,risk,37,2006,2023,17,2017.7435897435898,2019.0,39,39
EDGE,monotonic,risk,0,2009,2022,13,2018.4255319148936,2020.0,47,47
EDGE,monotonic,risk,21,2009,2023,14,2019.2121212121212,2019.0,99,99
EDGE,monotonic,risk,2,2010,2023,13,2020.1683673469388,2022.0,196,198
EDGE,monotonic,risk,14,2013,2023,10,2020.5882352941176,2022.0,51,52
EDGE,monotonic,risk,4,2013,2023,10,2020.554347826087,2021.0,92,92
EDGE,monotonic,risk,31,2015,2023,8,2020.65,2021.0,60,60
EDGE,monotonic,risk,11,2003,2023,20,2018.8222222222223,2020.0,90,90
EDGE,monotonic,risk,29,2012,2023,11,2019.5588235294117,2021.0,34,34
EDGE,monotonic,risk,32,2012,2023,11,2020.0224719101125,2021.0,89,89
EDGE,monotonic,risk,16,2008,2023,15,2021.162162162162,2022.0,37,37
EDGE,monotonic,risk,8,2012,2023,11,2019.877049180328,2020.0,122,122
EDGE,monotonic,risk,20,2013,2023,10,2019.107142857143,2019.0,28,29
EDGE,monotonic,risk,22,2012,2023,11,2020.1810344827586,2020.0,116,116
EDGE,monotonic,risk,36,2012,2023,11,2019.44578313253,2019.0,83,83
EDGE,monotonic,risk,34,2013,2023,10,2021.1666666666667,2022.0,126,127
EDGE,monotonic,risk,1,2006,2023,17,2019.930693069307,2020.0,101,101
EDGE,monotonic,risk,30,2011,2022,11,2019.4660194174758,2019.0,103,103
EDGE,monotonic,risk,35,2013,2023,10,2022.0454545454545,2023.0,22,22
EDGE,monotonic,risk,6,2013,2023,10,2020.0449438202247,2020.0,89,89
EDGE,monotonic,risk,15,1994,2022,28,2018.1975308641975,2020.0,81,81
EDGE,monotonic,risk,24,2002,2023,21,2018.6333333333334,2019.0,30,30
EDGE,monotonic,risk,25,2014,2023,9,2019.5212765957447,2019.0,94,94
EDGE,monotonic,risk,10,2017,2023,6,2021.6349206349207,2022.0,63,63
EDGE,monotonic,risk,26,2014,2023,9,2018.9166666666667,2019.0,12,12
EDGE,monotonic,risk,9,2013,2023,10,2019.3103448275863,2020.0,29,29
EDGE,monotonic,risk,33,2006,2023,17,2020.6136363636363,2021.0,44,44
EDGE,monotonic,risk,13,2013,2023,10,2020.2763157894738,2021.0,76,76
EDGE,monotonic,risk,17,2013,2023,10,2021.4,2022.0,50,53
EDGE,monotonic,risk,5,2011,2023,12,2020.1866666666667,2021.0,75,76
EDGE,monotonic,risk,18,2019,2023,4,2021.4,2021.0,10,10
EDGE,monotonic,risk,12,2018,2023,5,2021.2173913043478,2022.0,23,23
EDGE,monotonic,risk,3,2012,2023,11,2022.0654761904761,2022.0,168,168
EDGE,monotonic,risk,28,2003,2023,20,2018.3703703703704,2020.0,27,27
EDGE,monotonic,risk,19,2015,2023,8,2020.764705882353,2022.0,17,17
EDGE,monotonic,risk,38,2009,2023,14,2019.046511627907,2020.0,43,43
EDGE,monotonic,risk,23,2018,2023,5,2021.2592592592594,2022.0,27,27
EDGE,monotonic,risk,27,2016,2023,7,2020.142857142857,2020.0,21,21
EDGE,monotonic,risk,39,2014,2020,6,2018.142857142857,2019.0,7,7
EDGE,monotonic,risk,7,2019,2019,0,2019.0,2019.0,2,2
EDGE,monotonic,intervention,9,2012,2022,10,2019.5174418604652,2020.0,172,172
EDGE,monotonic,intervention,37,2010,2023,13,2017.3333333333333,2018.0,48,48
EDGE,monotonic,intervention,13,2006,2023,17,2021.9208633093526,2023.0,139,139
EDGE,monotonic,intervention,10,2014,2023,9,2019.822429906542,2019.0,107,108
EDGE,monotonic,intervention,5,2012,2023,11,2019.7272727272727,2020.0,110,110
EDGE,monotonic,intervention,2,2011,2023,12,2019.8370044052863,2021.0,227,227
EDGE,monotonic,intervention,14,2013,2023,10,2020.1764705882354,2021.0,51,51
EDGE,monotonic,intervention,15,2012,2023,11,2020.4666666666667,2021.0,60,60
EDGE,monotonic,intervention,36,2008,2023,15,2019.5436893203882,2020.0,103,103
EDGE,monotonic,intervention,3,2012,2023,11,2019.191011235955,2020.0,89,89
EDGE,monotonic,intervention,33,2010,2023,13,2020.5409836065573,2021.0,61,61
EDGE,monotonic,intervention,0,2005,2023,18,2020.1845238095239,2021.0,168,168
EDGE,monotonic,intervention,24,2012,2023,11,2018.76,2019.0,25,25
EDGE,monotonic,intervention,35,2003,2023,20,2020.3225806451612,2021.0,62,62
EDGE,monotonic,intervention,1,1994,2022,28,2018.26,2019.0,100,100
EDGE,monotonic,intervention,11,2009,2023,14,2021.2374100719423,2022.0,139,141
EDGE,monotonic,intervention,25,2003,2023,20,2018.936507936508,2020.0,63,63
EDGE,monotonic,intervention,26,2013,2023,10,2020.5774647887324,2021.0,71,71
EDGE,monotonic,intervention,8,2012,2023,11,2019.6216216216217,2019.0,74,74
EDGE,monotonic,intervention,20,2010,2023,13,2020.655172413793,2022.0,87,88
EDGE,monotonic,intervention,18,2018,2023,5,2022.108695652174,2023.0,46,46
EDGE,monotonic,intervention,6,2008,2023,15,2020.4594594594594,2021.0,185,187
EDGE,monotonic,intervention,38,2018,2023,5,2020.3636363636363,2020.0,22,22
EDGE,monotonic,intervention,12,2002,2022,20,2017.6,2019.0,30,30
EDGE,monotonic,intervention,21,2006,2023,17,2016.878787878788,2016.5,66,67
EDGE,monotonic,intervention,7,2012,2023,11,2019.9148936170213,2020.0,47,47
EDGE,monotonic,intervention,23,2018,2023,5,2022.2333333333333,2023.0,30,34
EDGE,monotonic,intervention,22,2006,2023,17,2019.328125,2020.0,64,64
EDGE,monotonic,intervention,30,2009,2023,14,2019.9411764705883,2020.5,34,34
EDGE,monotonic,intervention,29,2020,2022,2,2021.125,2021.0,8,8
EDGE,monotonic,intervention,28,2013,2022,9,2018.0,2018.5,6,6
EDGE,monotonic,intervention,19,2010,2023,13,2020.25,2021.5,28,28
EDGE,monotonic,intervention,17,2016,2023,7,2020.969696969697,2022.0,33,33
EDGE,monotonic,intervention,16,2012,2023,11,2019.8636363636363,2020.0,22,22
EDGE,monotonic,intervention,4,2013,2023,10,2019.952380952381,2020.0,42,42
EDGE,monotonic,intervention,34,2016,2023,7,2020.7,2021.5,20,20
EDGE,monotonic,intervention,39,2010,2022,12,2019.125,2020.0,8,8
EDGE,monotonic,intervention,31,2022,2022,0,2022.0,2022.0,1,1
EDGE,monotonic,intervention,32,2022,2022,0,2022.0,2022.0,6,6
EDGE,monotonic,intervention,27,2014,2023,9,2020.8,2023.0,5,5
EDGE,monotonic,all_concepts,32,2013,2022,9,2018.6810344827586,2019.0,116,116
EDGE,monotonic,all_concepts,5,2002,2023,21,2017.1674311926606,2018.0,436,436
EDGE,monotonic,all_concepts,33,2003,2023,20,2018.852028639618,2019.0,419,419
EDGE,monotonic,all_concepts,7,2012,2023,11,2020.413597733711,2021.0,353,357
EDGE,monotonic,all_concepts,38,2018,2023,5,2021.955357142857,2022.0,112,130
EDGE,monotonic,all_concepts,34,2008,2023,15,2020.1414790996785,2021.0,311,311
EDGE,monotonic,all_concepts,15,2006,2023,17,2020.7294429708222,2022.0,377,377
EDGE,monotonic,all_concepts,2,2012,2023,11,2021.8471698113208,2022.0,530,530
EDGE,monotonic,all_concepts,13,2006,2023,17,2019.3224351747463,2020.0,887,888
EDGE,monotonic,all_concepts,3,2014,2023,9,2018.8666666666666,2019.0,75,75
EDGE,monotonic,all_concepts,1,2010,2023,13,2021.0106382978724,2022.0,752,766
EDGE,monotonic,all_concepts,24,2010,2023,13,2020.6058394160584,2021.0,137,137
EDGE,monotonic,all_concepts,6,2008,2023,15,2020.6160714285713,2022.0,560,560
EDGE,monotonic,all_concepts,19,2006,2023,17,2019.8786279683377,2021.0,379,379
EDGE,monotonic,all_concepts,10,2012,2023,11,2019.9562737642586,2021.0,526,526
EDGE,monotonic,all_concepts,12,2012,2023,11,2019.5914742451155,2020.0,563,563
EDGE,monotonic,all_concepts,4,2006,2023,17,2019.643605870021,2020.0,477,477
EDGE,monotonic,all_concepts,27,2006,2023,17,2019.7910628019324,2021.0,828,828
EDGE,monotonic,all_concepts,0,2011,2023,12,2019.5398230088495,2020.0,678,678
EDGE,monotonic,all_concepts,9,2006,2023,17,2021.244094488189,2022.0,254,254
EDGE,monotonic,all_concepts,11,2010,2023,13,2019.9447513812154,2020.0,181,181
EDGE,monotonic,all_concepts,25,2013,2023,10,2022.04375,2023.0,320,320
EDGE,monotonic,all_concepts,14,2010,2023,13,2019.566757493188,2019.0,367,367
EDGE,monotonic,all_concepts,8,2012,2023,11,2020.2649253731342,2020.0,268,268
EDGE,monotonic,all_concepts,16,2010,2023,13,2019.9070796460178,2020.0,452,453
EDGE,monotonic,all_concepts,18,2005,2023,18,2019.5413223140497,2021.0,242,242
EDGE,monotonic,all_concepts,30,2012,2023,11,2020.6097560975609,2021.0,205,205
EDGE,monotonic,all_concepts,17,2018,2022,4,2019.8333333333333,2020.0,36,36
EDGE,monotonic,all_concepts,35,2016,2023,7,2020.4615384615386,2021.0,39,39
EDGE,monotonic,all_concepts,22,2003,2023,20,2016.4324324324325,2019.0,37,37
EDGE,monotonic,all_concepts,26,2012,2023,11,2020.328125,2021.0,128,128
EDGE,monotonic,all_concepts,23,2013,2021,8,2017.6875,2017.0,16,16
EDGE,monotonic,all_concepts,31,2010,2023,13,2019.1923076923076,2020.0,156,156
EDGE,monotonic,all_concepts,36,2010,2022,12,2017.6,2019.0,35,39
EDGE,monotonic,all_concepts,21,2015,2023,8,2020.0,2020.5,18,18
EDGE,monotonic,all_concepts,20,2002,2023,21,2018.607594936709,2020.0,79,79
EDGE,monotonic,all_concepts,29,2022,2022,0,2022.0,2022.0,16,16
EDGE,monotonic,all_concepts,28,2016,2022,6,2020.0454545454545,2020.0,44,44
EDGE,monotonic,all_concepts,39,2018,2022,4,2020.2857142857142,2022.0,14,14
EDGE,monotonic,all_concepts,37,2018,2018,0,2018.0,2018.0,1,1
EDGE,monotonic,problem_analysis,6,2006,2023,17,2019.2015503875969,2019.0,129,129
EDGE,monotonic,problem_analysis,18,2014,2023,9,2018.138888888889,2018.0,36,37
EDGE,monotonic,problem_analysis,9,2003,2023,20,2017.9423076923076,2019.0,52,52
EDGE,monotonic,problem_analysis,2,2006,2023,17,2020.1210191082803,2021.0,157,157
EDGE,monotonic,problem_analysis,5,2006,2023,17,2019.878787878788,2021.0,66,66
EDGE,monotonic,problem_analysis,32,2010,2023,13,2019.982142857143,2020.0,56,56
EDGE,monotonic,problem_analysis,11,2013,2023,10,2020.75,2021.0,60,60
EDGE,monotonic,problem_analysis,28,2012,2023,11,2019.148148148148,2019.0,54,54
EDGE,monotonic,problem_analysis,26,2006,2023,17,2019.9940476190477,2022.0,168,168
EDGE,monotonic,problem_analysis,33,2013,2023,10,2020.8484848484848,2022.0,66,67
EDGE,monotonic,problem_analysis,24,2010,2023,13,2020.251497005988,2021.0,167,167
EDGE,monotonic,problem_analysis,7,2012,2023,11,2019.8153846153846,2020.0,65,65
EDGE,monotonic,problem_analysis,13,2012,2023,11,2019.9866666666667,2021.0,75,75
EDGE,monotonic,problem_analysis,35,2014,2023,9,2019.8556701030927,2020.0,97,97
EDGE,monotonic,problem_analysis,22,2011,2023,12,2018.4736842105262,2019.0,19,19
EDGE,monotonic,problem_analysis,30,2014,2023,9,2021.111111111111,2022.0,90,93
EDGE,monotonic,problem_analysis,27,2010,2023,13,2020.593220338983,2021.0,59,59
EDGE,monotonic,problem_analysis,17,2003,2022,19,2018.6888888888889,2019.0,90,90
EDGE,monotonic,problem_analysis,16,2010,2023,13,2021.049504950495,2022.0,101,105
EDGE,monotonic,problem_analysis,25,2010,2022,12,2019.4905660377358,2020.0,53,53
EDGE,monotonic,problem_analysis,29,2013,2023,10,2019.6363636363637,2021.0,55,55
EDGE,monotonic,problem_analysis,20,2014,2023,9,2019.7924528301887,2021.0,53,53
EDGE,monotonic,problem_analysis,0,2010,2023,13,2019.8144329896907,2020.0,97,97
EDGE,monotonic,problem_analysis,21,2014,2023,9,2020.7692307692307,2022.0,39,39
EDGE,monotonic,problem_analysis,39,2018,2023,5,2020.7777777777778,2021.0,18,18
EDGE,monotonic,problem_analysis,14,2015,2023,8,2020.7222222222222,2021.5,72,72
EDGE,monotonic,problem_analysis,8,2018,2023,5,2021.8,2023.0,35,35
EDGE,monotonic,problem_analysis,12,2013,2023,10,2019.28125,2020.0,64,64
EDGE,monotonic,problem_analysis,36,2008,2022,14,2018.4642857142858,2020.0,28,28
EDGE,monotonic,problem_analysis,3,2019,2023,4,2022.5833333333333,2023.0,36,36
EDGE,monotonic,problem_analysis,31,2011,2023,12,2019.857142857143,2020.0,28,28
EDGE,monotonic,problem_analysis,34,2014,2023,9,2020.6,2021.0,35,35
EDGE,monotonic,problem_analysis,15,2002,2023,21,2018.982142857143,2020.0,56,56
EDGE,monotonic,problem_analysis,1,2013,2023,10,2019.59375,2020.0,32,32
EDGE,monotonic,problem_analysis,4,2010,2023,13,2021.642857142857,2022.0,70,70
EDGE,monotonic,problem_analysis,38,2019,2023,4,2021.357142857143,2021.5,14,14
EDGE,monotonic,problem_analysis,37,2015,2022,7,2018.5555555555557,2018.0,9,9
EDGE,monotonic,problem_analysis,19,2018,2023,5,2021.4615384615386,2022.0,13,13
EDGE,monotonic,problem_analysis,23,2020,2022,2,2020.75,2020.5,4,4
EDGE,monotonic,problem_analysis,10,2012,2022,10,2017.6666666666667,2019.0,3,3
EDGE,monotonic,theoretical_insight,14,2006,2023,17,2018.4,2019.0,35,35
EDGE,monotonic,theoretical_insight,31,2018,2023,5,2022.0454545454545,2023.0,22,25
EDGE,monotonic,theoretical_insight,38,2012,2023,11,2020.64,2022.0,75,77
EDGE,monotonic,theoretical_insight,0,2011,2023,12,2020.0564516129032,2022.0,124,124
EDGE,monotonic,theoretical_insight,1,2015,2023,8,2020.78125,2022.0,32,32
EDGE,monotonic,theoretical_insight,9,2010,2023,13,2019.6933333333334,2020.0,75,75
EDGE,monotonic,theoretical_insight,6,2002,2023,21,2019.3877551020407,2020.0,98,98
EDGE,monotonic,theoretical_insight,33,2009,2023,14,2020.2436974789916,2021.0,119,119
EDGE,monotonic,theoretical_insight,13,2012,2023,11,2019.967741935484,2021.0,124,124
EDGE,monotonic,theoretical_insight,18,2010,2023,13,2019.3625,2020.0,80,80
EDGE,monotonic,theoretical_insight,36,2012,2023,11,2020.3846153846155,2020.0,39,39
EDGE,monotonic,theoretical_insight,28,2006,2023,17,2019.857142857143,2020.0,28,28
EDGE,monotonic,theoretical_insight,23,2013,2023,10,2019.9777777777779,2021.0,45,45
EDGE,monotonic,theoretical_insight,10,2014,2023,9,2019.607142857143,2019.0,112,112
EDGE,monotonic,theoretical_insight,25,2003,2023,20,2020.2291666666667,2021.0,96,96
EDGE,monotonic,theoretical_insight,3,2003,2023,20,2017.7777777777778,2018.0,63,63
EDGE,monotonic,theoretical_insight,26,2011,2023,12,2020.969512195122,2022.0,164,166
EDGE,monotonic,theoretical_insight,5,2005,2023,18,2019.9732142857142,2021.0,112,112
EDGE,monotonic,theoretical_insight,7,2006,2023,17,2019.2972972972973,2019.5,74,74
EDGE,monotonic,theoretical_insight,16,2006,2023,17,2019.7777777777778,2021.0,36,36
EDGE,monotonic,theoretical_insight,4,2015,2023,8,2020.9846153846154,2021.0,65,65
EDGE,monotonic,theoretical_insight,12,2015,2023,8,2020.578125,2021.0,64,64
EDGE,monotonic,theoretical_insight,11,2006,2022,16,2019.5714285714287,2021.0,35,35
EDGE,monotonic,theoretical_insight,22,2014,2023,9,2018.7894736842106,2019.0,19,19
EDGE,monotonic,theoretical_insight,8,2011,2023,12,2019.725806451613,2020.0,62,62
EDGE,monotonic,theoretical_insight,15,2014,2023,9,2021.1864406779662,2022.0,59,59
EDGE,monotonic,theoretical_insight,35,2010,2023,13,2017.825,2018.0,40,40
EDGE,monotonic,theoretical_insight,32,2012,2022,10,2019.8095238095239,2021.0,21,21
EDGE,monotonic,theoretical_insight,37,2009,2023,14,2018.5882352941176,2018.0,34,34
EDGE,monotonic,theoretical_insight,30,2018,2023,5,2020.857142857143,2021.0,14,14
EDGE,monotonic,theoretical_insight,21,2021,2023,2,2022.3333333333333,2023.0,3,3
EDGE,monotonic,theoretical_insight,19,2014,2023,9,2019.9411764705883,2020.0,51,51
EDGE,monotonic,theoretical_insight,29,2010,2022,12,2019.05,2020.0,40,40
EDGE,monotonic,theoretical_insight,2,2015,2023,8,2020.5,2021.0,16,16
EDGE,monotonic,theoretical_insight,20,2013,2023,10,2022.1,2022.0,50,50
EDGE,monotonic,theoretical_insight,17,2012,2022,10,2018.4615384615386,2019.0,26,26
EDGE,monotonic,theoretical_insight,34,2019,2023,4,2022.3,2023.0,10,10
EDGE,monotonic,theoretical_insight,27,2018,2023,5,2021.25,2022.0,4,4
EDGE,monotonic,theoretical_insight,24,2015,2022,7,2019.75,2020.5,8,8
EDGE,monotonic,theoretical_insight,39,2019,2023,4,2021.8461538461538,2022.0,13,13
EDGE,monotonic,design_rationale,26,2013,2023,10,2018.7777777777778,2019.0,72,72
EDGE,monotonic,design_rationale,15,2005,2023,18,2018.840579710145,2020.0,69,69
EDGE,monotonic,design_rationale,3,2002,2023,21,2016.967741935484,2017.0,62,62
EDGE,monotonic,design_rationale,23,2018,2023,5,2021.9411764705883,2022.0,34,38
EDGE,monotonic,design_rationale,32,2014,2022,8,2018.974358974359,2019.0,39,39
EDGE,monotonic,design_rationale,10,2006,2023,17,2020.3266666666666,2021.0,150,150
EDGE,monotonic,design_rationale,30,2012,2023,11,2019.7745098039215,2020.0,102,102
EDGE,monotonic,design_rationale,18,2018,2022,4,2020.9,2021.5,10,10
EDGE,monotonic,design_rationale,17,2011,2023,12,2019.1774193548388,2019.0,62,62
EDGE,monotonic,design_rationale,28,2011,2023,12,2019.8514285714286,2022.0,175,175
EDGE,monotonic,design_rationale,37,2012,2023,11,2019.6833333333334,2020.0,60,60
EDGE,monotonic,design_rationale,13,2010,2023,13,2019.6052631578948,2019.5,38,39
EDGE,monotonic,design_rationale,24,2013,2023,10,2020.081081081081,2022.0,37,37
EDGE,monotonic,design_rationale,39,2012,2023,11,2018.121212121212,2018.0,33,33
EDGE,monotonic,design_rationale,16,2012,2023,11,2019.8461538461538,2020.0,52,52
EDGE,monotonic,design_rationale,7,2010,2023,13,2020.5081967213114,2022.0,61,61
EDGE,monotonic,design_rationale,19,2016,2022,6,2020.1777777777777,2021.0,45,45
EDGE,monotonic,design_rationale,25,2003,2023,20,2019.957894736842,2021.0,95,95
EDGE,monotonic,design_rationale,0,2009,2022,13,2018.642857142857,2019.5,28,28
EDGE,monotonic,design_rationale,2,2012,2023,11,2021.2123287671234,2022.0,146,149
EDGE,monotonic,design_rationale,5,2008,2023,15,2020.2307692307693,2022.0,91,91
EDGE,monotonic,design_rationale,14,2009,2023,14,2019.671875,2020.0,128,128
EDGE,monotonic,design_rationale,9,2018,2023,5,2020.8260869565217,2021.0,23,23
EDGE,monotonic,design_rationale,38,2015,2023,8,2021.7027027027027,2022.0,37,37
EDGE,monotonic,design_rationale,6,2014,2023,9,2020.0,2020.0,69,69
EDGE,monotonic,design_rationale,21,2006,2023,17,2019.049180327869,2020.0,61,61
EDGE,monotonic,design_rationale,11,2013,2023,10,2020.3260869565217,2021.0,46,46
EDGE,monotonic,design_rationale,20,2011,2023,12,2019.787234042553,2021.0,47,47
EDGE,monotonic,design_rationale,35,2016,2022,6,2019.5454545454545,2019.5,22,22
EDGE,monotonic,design_rationale,4,2018,2023,5,2021.625,2022.0,48,48
EDGE,monotonic,design_rationale,29,2016,2023,7,2020.8524590163934,2021.0,61,61
EDGE,monotonic,design_rationale,1,2012,2023,11,2020.7368421052631,2021.0,38,38
EDGE,monotonic,design_rationale,22,2006,2023,17,2019.6739130434783,2021.0,46,46
EDGE,monotonic,design_rationale,31,2018,2023,5,2021.5,2022.0,8,8
EDGE,monotonic,design_rationale,33,2012,2023,11,2019.9142857142858,2020.0,35,35
EDGE,monotonic,design_rationale,36,2016,2022,6,2019.8181818181818,2020.0,11,11
EDGE,monotonic,design_rationale,27,2018,2022,4,2019.909090909091,2020.0,11,11
EDGE,monotonic,design_rationale,34,2018,2022,4,2019.3333333333333,2019.0,6,6
EDGE,monotonic,design_rationale,12,2016,2023,7,2021.0,2021.0,13,13
EDGE,monotonic,design_rationale,8,2015,2023,8,2021.2368421052631,2022.0,38,38
EDGE,monotonic,implementation_mechanism,13,2005,2022,17,2019.3706896551723,2020.0,116,116
EDGE,monotonic,implementation_mechanism,27,2003,2022,19,2017.0975609756097,2018.0,41,41
EDGE,monotonic,implementation_mechanism,23,2003,2023,20,2017.3484848484848,2017.0,66,66
EDGE,monotonic,implementation_mechanism,4,2009,2023,14,2021.3051948051948,2022.0,154,154
EDGE,monotonic,implementation_mechanism,17,2006,2023,17,2019.4957983193278,2019.0,119,119
EDGE,monotonic,implementation_mechanism,36,2012,2023,11,2019.3623188405797,2019.0,69,69
EDGE,monotonic,implementation_mechanism,1,2011,2023,12,2019.6904761904761,2022.0,168,168
EDGE,monotonic,implementation_mechanism,20,2006,2023,17,2021.235294117647,2022.0,51,51
EDGE,monotonic,implementation_mechanism,6,2002,2023,21,2019.424,2020.0,125,125
EDGE,monotonic,implementation_mechanism,9,2012,2023,11,2019.5689655172414,2020.5,116,116
EDGE,monotonic,implementation_mechanism,39,2008,2023,15,2020.6976744186047,2022.0,43,43
EDGE,monotonic,implementation_mechanism,22,2016,2023,7,2019.5862068965516,2019.0,29,29
EDGE,monotonic,implementation_mechanism,2,2010,2023,13,2019.6260162601627,2020.0,123,125
EDGE,monotonic,implementation_mechanism,25,2022,2022,0,2022.0,2022.0,7,7
EDGE,monotonic,implementation_mechanism,0,2012,2023,11,2020.2207792207791,2021.0,77,77
EDGE,monotonic,implementation_mechanism,31,2010,2023,13,2020.9173553719008,2022.0,121,123
EDGE,monotonic,implementation_mechanism,8,2013,2023,10,2021.0357142857142,2022.0,84,84
EDGE,monotonic,implementation_mechanism,37,2008,2023,15,2020.063492063492,2022.0,63,63
EDGE,monotonic,implementation_mechanism,21,2012,2023,11,2019.25,2019.0,32,32
EDGE,monotonic,implementation_mechanism,11,2014,2023,9,2020.735294117647,2021.0,102,102
EDGE,monotonic,implementation_mechanism,5,2012,2023,11,2019.0204081632653,2019.0,49,49
EDGE,monotonic,implementation_mechanism,7,2006,2023,17,2021.3294117647058,2022.0,85,85
EDGE,monotonic,implementation_mechanism,38,2011,2023,12,2019.1666666666667,2021.0,12,12
EDGE,monotonic,implementation_mechanism,29,2017,2023,6,2020.388888888889,2020.0,36,36
EDGE,monotonic,implementation_mechanism,24,2012,2023,11,2019.695652173913,2019.0,23,23
EDGE,monotonic,implementation_mechanism,35,2018,2023,5,2022.1176470588234,2023.0,34,38
EDGE,monotonic,implementation_mechanism,3,2011,2023,12,2020.7333333333333,2021.0,45,46
EDGE,monotonic,implementation_mechanism,18,2013,2023,10,2019.6851851851852,2021.0,54,54
EDGE,monotonic,implementation_mechanism,33,2016,2023,7,2020.3333333333333,2021.0,21,21
EDGE,monotonic,implementation_mechanism,16,2012,2022,10,2019.3103448275863,2019.0,29,29
EDGE,monotonic,implementation_mechanism,12,2006,2023,17,2019.5,2020.5,16,16
EDGE,monotonic,implementation_mechanism,19,2010,2023,13,2019.5555555555557,2020.0,27,27
EDGE,monotonic,implementation_mechanism,26,2013,2022,9,2019.5,2019.0,30,30
EDGE,monotonic,implementation_mechanism,14,2012,2023,11,2019.76,2021.0,25,25
EDGE,monotonic,implementation_mechanism,34,2014,2023,9,2020.4137931034484,2021.0,29,29
EDGE,monotonic,implementation_mechanism,10,2010,2022,12,2016.0588235294117,2018.0,17,17
EDGE,monotonic,implementation_mechanism,28,2015,2022,7,2019.625,2020.0,16,16
EDGE,monotonic,implementation_mechanism,32,2013,2023,10,2019.5,2020.0,30,30
EDGE,monotonic,implementation_mechanism,15,2019,2023,4,2021.1904761904761,2021.0,21,21
EDGE,monotonic,implementation_mechanism,30,2018,2022,4,2020.0666666666666,2020.0,15,15
EDGE,monotonic,validation_evidence,7,2013,2022,9,2019.121212121212,2019.0,33,33
EDGE,monotonic,validation_evidence,6,2010,2023,13,2017.5555555555557,2018.0,18,18
EDGE,monotonic,validation_evidence,28,2012,2023,11,2020.65,2022.0,20,20
EDGE,monotonic,validation_evidence,21,2018,2023,5,2021.7619047619048,2022.0,21,24
EDGE,monotonic,validation_evidence,13,2003,2023,20,2019.7073170731708,2020.0,164,164
EDGE,monotonic,validation_evidence,11,2010,2023,13,2021.7479674796748,2022.0,123,123
EDGE,monotonic,validation_evidence,12,2014,2023,9,2020.3863636363637,2020.5,88,89
EDGE,monotonic,validation_evidence,8,2006,2023,17,2020.4736842105262,2021.0,38,38
EDGE,monotonic,validation_evidence,23,2011,2023,12,2019.6333333333334,2020.0,60,60
EDGE,monotonic,validation_evidence,34,2009,2023,14,2019.803738317757,2022.0,107,107
EDGE,monotonic,validation_evidence,37,2019,2023,4,2022.0,2022.0,10,10
EDGE,monotonic,validation_evidence,24,2012,2023,11,2018.8918918918919,2019.0,111,111
EDGE,monotonic,validation_evidence,17,2012,2023,11,2019.5666666666666,2020.0,60,60
EDGE,monotonic,validation_evidence,5,2012,2023,11,2020.0841121495328,2021.0,107,107
EDGE,monotonic,validation_evidence,3,2006,2023,17,2020.3863636363637,2022.0,88,88
EDGE,monotonic,validation_evidence,14,2010,2022,12,2019.3272727272727,2019.0,110,110
EDGE,monotonic,validation_evidence,29,2015,2023,8,2019.9615384615386,2019.5,26,26
EDGE,monotonic,validation_evidence,30,2013,2023,10,2020.3461538461538,2022.0,26,26
EDGE,monotonic,validation_evidence,16,2014,2023,9,2019.7368421052631,2020.0,76,76
EDGE,monotonic,validation_evidence,15,2012,2023,11,2021.3376623376623,2022.0,77,79
EDGE,monotonic,validation_evidence,0,2010,2023,13,2017.2542372881355,2017.0,59,59
EDGE,monotonic,validation_evidence,32,2006,2023,17,2018.857142857143,2020.0,56,56
EDGE,monotonic,validation_evidence,22,2009,2023,14,2020.703125,2022.0,64,65
EDGE,monotonic,validation_evidence,18,2013,2023,10,2019.768115942029,2020.0,69,69
EDGE,monotonic,validation_evidence,1,2019,2023,4,2022.0392156862745,2022.0,51,51
EDGE,monotonic,validation_evidence,27,2006,2023,17,2018.875,2020.0,72,72
EDGE,monotonic,validation_evidence,25,2003,2023,20,2020.396551724138,2022.0,58,58
EDGE,monotonic,validation_evidence,36,2012,2023,11,2017.7083333333333,2018.0,24,24
EDGE,monotonic,validation_evidence,9,2013,2023,10,2019.8918918918919,2020.5,74,75
EDGE,monotonic,validation_evidence,10,2003,2023,20,2019.5185185185185,2021.0,54,54
EDGE,monotonic,validation_evidence,35,2014,2023,9,2020.3863636363637,2020.5,44,44
EDGE,monotonic,validation_evidence,31,2016,2023,7,2020.25,2020.0,24,24
EDGE,monotonic,validation_evidence,2,2013,2023,10,2020.195652173913,2021.0,46,46
EDGE,monotonic,validation_evidence,4,2018,2023,5,2021.157894736842,2021.0,19,19
EDGE,monotonic,validation_evidence,20,2002,2022,20,2017.8,2019.0,65,66
EDGE,monotonic,validation_evidence,38,2019,2023,4,2022.4333333333334,2023.0,60,60
EDGE,monotonic,validation_evidence,19,2017,2023,6,2021.5882352941176,2022.0,17,17
EDGE,monotonic,validation_evidence,39,2013,2023,10,2019.6764705882354,2021.0,34,34
EDGE,monotonic,validation_evidence,33,2013,2023,10,2019.7727272727273,2020.0,22,22
EDGE,monotonic,validation_evidence,26,2018,2023,5,2020.1666666666667,2020.5,12,12
EDGE,both,risk,24,2009,2023,14,2019.0333333333333,2020.0,60,60
EDGE,both,risk,17,2009,2022,13,2018.375,2019.5,32,32
EDGE,both,risk,10,2009,2023,14,2019.4646464646464,2020.0,99,99
EDGE,both,risk,0,2010,2023,13,2020.16,2022.0,200,202
EDGE,both,risk,1,2014,2023,9,2020.4705882352941,2021.0,34,35
EDGE,both,risk,27,2016,2023,7,2021.1,2021.0,60,60
EDGE,both,risk,29,2018,2023,5,2021.075,2021.0,40,40
EDGE,both,risk,19,2010,2023,13,2019.7674418604652,2020.0,86,86
EDGE,both,risk,22,2012,2023,11,2020.2,2020.0,125,125
EDGE,both,risk,13,2012,2023,11,2020.0112359550562,2020.0,89,89
EDGE,both,risk,6,2008,2023,15,2021.35,2022.0,40,40
EDGE,both,risk,15,2012,2023,11,2020.0113636363637,2020.0,88,88
EDGE,both,risk,12,2013,2023,10,2019.7571428571428,2021.0,70,70
EDGE,both,risk,18,2012,2023,11,2019.632911392405,2020.0,79,79
EDGE,both,risk,2,2011,2023,12,2020.8390243902438,2022.0,205,207
EDGE,both,risk,7,2006,2023,17,2020.030303030303,2020.0,99,99
EDGE,both,risk,5,1994,2022,28,2018.02,2019.5,50,50
EDGE,both,risk,11,2006,2023,17,2019.3644859813085,2019.0,107,107
EDGE,both,risk,20,2013,2023,10,2022.0869565217392,2023.0,23,23
EDGE,both,risk,36,2014,2023,9,2019.7627118644068,2020.0,59,59
EDGE,both,risk,37,2006,2022,16,2018.4489795918366,2019.0,49,49
EDGE,both,risk,9,2002,2023,21,2018.8108108108108,2020.0,37,37
EDGE,both,risk,30,2014,2023,9,2019.448275862069,2019.0,87,87
EDGE,both,risk,28,2012,2023,11,2019.3333333333333,2020.5,30,30
EDGE,both,risk,25,2017,2023,6,2021.7288135593221,2023.0,59,59
EDGE,both,risk,26,2003,2023,20,2018.9777777777779,2020.0,45,45
EDGE,both,risk,39,2013,2023,10,2018.78125,2019.0,32,32
EDGE,both,risk,23,2006,2023,17,2020.6944444444443,2022.0,36,36
EDGE,both,risk,35,2013,2023,10,2020.0677966101696,2020.0,59,59
EDGE,both,risk,14,2013,2023,10,2021.1489361702127,2022.0,47,50
EDGE,both,risk,33,2018,2023,5,2021.1333333333334,2022.0,15,15
EDGE,both,risk,4,2003,2023,20,2017.8307692307692,2019.0,65,65
EDGE,both,risk,3,2012,2023,11,2022.0552147239264,2022.0,163,163
EDGE,both,risk,31,2021,2021,0,2021.0,2021.0,4,4
EDGE,both,risk,32,2006,2023,17,2017.8620689655172,2019.0,29,29
EDGE,both,risk,21,2018,2023,5,2021.2,2021.0,25,25
EDGE,both,risk,34,2018,2022,4,2020.0,2020.0,3,4
EDGE,both,risk,8,2016,2023,7,2020.2105263157894,2020.0,19,19
EDGE,both,risk,16,2017,2023,6,2020.375,2021.0,8,8
EDGE,both,risk,38,2023,2023,0,2023.0,2023.0,2,2
EDGE,both,intervention,9,2012,2022,10,2019.5174418604652,2020.0,172,172
EDGE,both,intervention,37,2010,2023,13,2017.3333333333333,2018.0,48,48
EDGE,both,intervention,13,2006,2023,17,2021.9208633093526,2023.0,139,139
EDGE,both,intervention,10,2014,2023,9,2019.822429906542,2019.0,107,108
EDGE,both,intervention,5,2012,2023,11,2019.7272727272727,2020.0,110,110
EDGE,both,intervention,2,2011,2023,12,2019.8370044052863,2021.0,227,227
EDGE,both,intervention,14,2013,2023,10,2020.1764705882354,2021.0,51,51
EDGE,both,intervention,15,2012,2023,11,2020.4666666666667,2021.0,60,60
EDGE,both,intervention,36,2008,2023,15,2019.5436893203882,2020.0,103,103
EDGE,both,intervention,3,2012,2023,11,2019.191011235955,2020.0,89,89
EDGE,both,intervention,33,2010,2023,13,2020.5409836065573,2021.0,61,61
EDGE,both,intervention,0,2005,2023,18,2020.1845238095239,2021.0,168,168
EDGE,both,intervention,24,2012,2023,11,2018.76,2019.0,25,25
EDGE,both,intervention,35,2003,2023,20,2020.3225806451612,2021.0,62,62
EDGE,both,intervention,1,1994,2022,28,2018.26,2019.0,100,100
EDGE,both,intervention,11,2009,2023,14,2021.2374100719423,2022.0,139,141
EDGE,both,intervention,25,2003,2023,20,2018.936507936508,2020.0,63,63
EDGE,both,intervention,26,2013,2023,10,2020.5774647887324,2021.0,71,71
EDGE,both,intervention,8,2012,2023,11,2019.6216216216217,2019.0,74,74
EDGE,both,intervention,20,2010,2023,13,2020.655172413793,2022.0,87,88
EDGE,both,intervention,18,2018,2023,5,2022.108695652174,2023.0,46,46
EDGE,both,intervention,6,2008,2023,15,2020.4594594594594,2021.0,185,187
EDGE,both,intervention,38,2018,2023,5,2020.3636363636363,2020.0,22,22
EDGE,both,intervention,12,2002,2022,20,2017.6,2019.0,30,30
EDGE,both,intervention,21,2006,2023,17,2016.878787878788,2016.5,66,67
EDGE,both,intervention,7,2012,2023,11,2019.9148936170213,2020.0,47,47
EDGE,both,intervention,23,2018,2023,5,2022.2333333333333,2023.0,30,34
EDGE,both,intervention,22,2006,2023,17,2019.328125,2020.0,64,64
EDGE,both,intervention,30,2009,2023,14,2019.9411764705883,2020.5,34,34
EDGE,both,intervention,29,2020,2022,2,2021.125,2021.0,8,8
EDGE,both,intervention,28,2013,2022,9,2018.0,2018.5,6,6
EDGE,both,intervention,19,2010,2023,13,2020.25,2021.5,28,28
EDGE,both,intervention,17,2016,2023,7,2020.969696969697,2022.0,33,33
EDGE,both,intervention,16,2012,2023,11,2019.8636363636363,2020.0,22,22
EDGE,both,intervention,4,2013,2023,10,2019.952380952381,2020.0,42,42
EDGE,both,intervention,34,2016,2023,7,2020.7,2021.5,20,20
EDGE,both,intervention,39,2010,2022,12,2019.125,2020.0,8,8
EDGE,both,intervention,31,2022,2022,0,2022.0,2022.0,1,1
EDGE,both,intervention,32,2022,2022,0,2022.0,2022.0,6,6
EDGE,both,intervention,27,2014,2023,9,2020.8,2023.0,5,5
EDGE,both,all_concepts,10,2008,2023,15,2019.3682795698924,2020.0,372,372
EDGE,both,all_concepts,20,2002,2023,21,2016.8833333333334,2017.0,360,360
EDGE,both,all_concepts,36,2003,2023,20,2018.104761904762,2019.0,210,210
EDGE,both,all_concepts,19,2012,2023,11,2020.4071038251366,2022.0,366,370
EDGE,both,all_concepts,29,2018,2023,5,2022.0467289719627,2022.0,107,125
EDGE,both,all_concepts,4,2006,2023,17,2020.5258899676376,2021.0,618,618
EDGE,both,all_concepts,32,2013,2023,10,2021.7909836065573,2022.0,244,244
EDGE,both,all_concepts,15,2006,2023,17,2019.2133333333334,2020.0,825,826
EDGE,both,all_concepts,35,2017,2022,5,2019.625,2018.5,16,16
EDGE,both,all_concepts,17,2006,2023,17,2019.596112311015,2020.0,463,463
EDGE,both,all_concepts,38,2006,2023,17,2020.954727030626,2022.0,751,765
EDGE,both,all_concepts,24,2014,2023,9,2020.7769230769231,2021.0,130,130
EDGE,both,all_concepts,1,2003,2023,20,2020.7844311377246,2022.0,835,835
EDGE,both,all_concepts,14,2002,2023,21,2019.0839694656488,2019.0,393,393
EDGE,both,all_concepts,0,2006,2023,17,2019.9260869565217,2021.0,460,460
EDGE,both,all_concepts,9,2012,2023,11,2019.8681102362204,2021.0,508,508
EDGE,both,all_concepts,5,2012,2023,11,2019.301724137931,2019.0,464,464
EDGE,both,all_concepts,12,2012,2023,11,2019.8808664259927,2020.0,554,555
EDGE,both,all_concepts,6,2009,2023,14,2019.7102526002973,2022.0,673,673
EDGE,both,all_concepts,11,2010,2023,13,2020.0915492957747,2022.0,142,142
EDGE,both,all_concepts,8,2012,2023,11,2019.7735507246377,2020.0,552,552
EDGE,both,all_concepts,25,2006,2023,17,2021.3066666666666,2022.0,300,300
EDGE,both,all_concepts,26,2012,2023,11,2020.171717171717,2020.0,198,198
EDGE,both,all_concepts,39,2010,2023,13,2019.857142857143,2021.0,175,175
EDGE,both,all_concepts,16,2010,2023,13,2019.7311320754718,2020.0,212,212
EDGE,both,all_concepts,22,2005,2023,18,2019.6254980079682,2021.0,251,251
EDGE,both,all_concepts,30,2015,2023,8,2021.5694444444443,2022.0,72,72
EDGE,both,all_concepts,13,2012,2023,11,2020.3068181818182,2021.0,88,88
EDGE,both,all_concepts,3,2002,2023,21,2019.5064102564102,2019.0,312,312
EDGE,both,all_concepts,27,2018,2022,4,2019.84375,2020.0,32,32
EDGE,both,all_concepts,2,2012,2023,11,2022.0539568345323,2022.0,278,278
EDGE,both,all_concepts,21,2006,2023,17,2019.9512195121952,2021.0,41,41
EDGE,both,all_concepts,31,2012,2023,11,2020.4923076923078,2021.0,130,130
EDGE,both,all_concepts,23,2013,2021,8,2017.6875,2017.0,16,16
EDGE,both,all_concepts,18,2013,2023,10,2021.7692307692307,2022.0,130,130
EDGE,both,all_concepts,33,2010,2022,12,2017.3823529411766,2019.0,34,38
EDGE,both,all_concepts,28,2015,2023,8,2019.842105263158,2020.0,19,19
EDGE,both,all_concepts,7,2013,2023,10,2018.9666666666667,2020.5,30,30
EDGE,both,all_concepts,37,2016,2023,7,2020.28,2020.0,25,25
EDGE,both,all_concepts,34,2016,2022,6,2019.9473684210527,2020.0,38,38
EDGE,both,problem_analysis,6,2006,2023,17,2019.2015503875969,2019.0,129,129
EDGE,both,problem_analysis,18,2014,2023,9,2018.138888888889,2018.0,36,37
EDGE,both,problem_analysis,9,2003,2023,20,2017.9423076923076,2019.0,52,52
EDGE,both,problem_analysis,2,2006,2023,17,2020.1210191082803,2021.0,157,157
EDGE,both,problem_analysis,5,2006,2023,17,2019.878787878788,2021.0,66,66
EDGE,both,problem_analysis,32,2010,2023,13,2019.982142857143,2020.0,56,56
EDGE,both,problem_analysis,11,2013,2023,10,2020.75,2021.0,60,60
EDGE,both,problem_analysis,28,2012,2023,11,2019.148148148148,2019.0,54,54
EDGE,both,problem_analysis,26,2006,2023,17,2019.9940476190477,2022.0,168,168
EDGE,both,problem_analysis,33,2013,2023,10,2020.8484848484848,2022.0,66,67
EDGE,both,problem_analysis,24,2010,2023,13,2020.251497005988,2021.0,167,167
EDGE,both,problem_analysis,7,2012,2023,11,2019.8153846153846,2020.0,65,65
EDGE,both,problem_analysis,13,2012,2023,11,2019.9866666666667,2021.0,75,75
EDGE,both,problem_analysis,35,2014,2023,9,2019.8556701030927,2020.0,97,97
EDGE,both,problem_analysis,22,2011,2023,12,2018.4736842105262,2019.0,19,19
EDGE,both,problem_analysis,30,2014,2023,9,2021.111111111111,2022.0,90,93
EDGE,both,problem_analysis,27,2010,2023,13,2020.593220338983,2021.0,59,59
EDGE,both,problem_analysis,17,2003,2022,19,2018.6888888888889,2019.0,90,90
EDGE,both,problem_analysis,16,2010,2023,13,2021.049504950495,2022.0,101,105
EDGE,both,problem_analysis,25,2010,2022,12,2019.4905660377358,2020.0,53,53
EDGE,both,problem_analysis,29,2013,2023,10,2019.6363636363637,2021.0,55,55
EDGE,both,problem_analysis,20,2014,2023,9,2019.7924528301887,2021.0,53,53
EDGE,both,problem_analysis,0,2010,2023,13,2019.8144329896907,2020.0,97,97
EDGE,both,problem_analysis,21,2014,2023,9,2020.7692307692307,2022.0,39,39
EDGE,both,problem_analysis,39,2018,2023,5,2020.7777777777778,2021.0,18,18
EDGE,both,problem_analysis,14,2015,2023,8,2020.7222222222222,2021.5,72,72
EDGE,both,problem_analysis,8,2018,2023,5,2021.8,2023.0,35,35
EDGE,both,problem_analysis,12,2013,2023,10,2019.28125,2020.0,64,64
EDGE,both,problem_analysis,36,2008,2022,14,2018.4642857142858,2020.0,28,28
EDGE,both,problem_analysis,3,2019,2023,4,2022.5833333333333,2023.0,36,36
EDGE,both,problem_analysis,31,2011,2023,12,2019.857142857143,2020.0,28,28
EDGE,both,problem_analysis,34,2014,2023,9,2020.6,2021.0,35,35
EDGE,both,problem_analysis,15,2002,2023,21,2018.982142857143,2020.0,56,56
EDGE,both,problem_analysis,1,2013,2023,10,2019.59375,2020.0,32,32
EDGE,both,problem_analysis,4,2010,2023,13,2021.642857142857,2022.0,70,70
EDGE,both,problem_analysis,38,2019,2023,4,2021.357142857143,2021.5,14,14
EDGE,both,problem_analysis,37,2015,2022,7,2018.5555555555557,2018.0,9,9
EDGE,both,problem_analysis,19,2018,2023,5,2021.4615384615386,2022.0,13,13
EDGE,both,problem_analysis,23,2020,2022,2,2020.75,2020.5,4,4
EDGE,both,problem_analysis,10,2012,2022,10,2017.6666666666667,2019.0,3,3
EDGE,both,theoretical_insight,14,2006,2023,17,2018.4,2019.0,35,35
EDGE,both,theoretical_insight,31,2018,2023,5,2022.0454545454545,2023.0,22,25
EDGE,both,theoretical_insight,38,2012,2023,11,2020.64,2022.0,75,77
EDGE,both,theoretical_insight,0,2011,2023,12,2020.0564516129032,2022.0,124,124
EDGE,both,theoretical_insight,1,2015,2023,8,2020.78125,2022.0,32,32
EDGE,both,theoretical_insight,9,2010,2023,13,2019.6933333333334,2020.0,75,75
EDGE,both,theoretical_insight,6,2002,2023,21,2019.3877551020407,2020.0,98,98
EDGE,both,theoretical_insight,33,2009,2023,14,2020.2436974789916,2021.0,119,119
EDGE,both,theoretical_insight,13,2012,2023,11,2019.967741935484,2021.0,124,124
EDGE,both,theoretical_insight,18,2010,2023,13,2019.3625,2020.0,80,80
EDGE,both,theoretical_insight,36,2012,2023,11,2020.3846153846155,2020.0,39,39
EDGE,both,theoretical_insight,28,2006,2023,17,2019.857142857143,2020.0,28,28
EDGE,both,theoretical_insight,23,2013,2023,10,2019.9777777777779,2021.0,45,45
EDGE,both,theoretical_insight,10,2014,2023,9,2019.607142857143,2019.0,112,112
EDGE,both,theoretical_insight,25,2003,2023,20,2020.2291666666667,2021.0,96,96
EDGE,both,theoretical_insight,3,2003,2023,20,2017.7777777777778,2018.0,63,63
EDGE,both,theoretical_insight,26,2011,2023,12,2020.969512195122,2022.0,164,166
EDGE,both,theoretical_insight,5,2005,2023,18,2019.9732142857142,2021.0,112,112
EDGE,both,theoretical_insight,7,2006,2023,17,2019.2972972972973,2019.5,74,74
EDGE,both,theoretical_insight,16,2006,2023,17,2019.7777777777778,2021.0,36,36
EDGE,both,theoretical_insight,4,2015,2023,8,2020.9846153846154,2021.0,65,65
EDGE,both,theoretical_insight,12,2015,2023,8,2020.578125,2021.0,64,64
EDGE,both,theoretical_insight,11,2006,2022,16,2019.5714285714287,2021.0,35,35
EDGE,both,theoretical_insight,22,2014,2023,9,2018.7894736842106,2019.0,19,19
EDGE,both,theoretical_insight,8,2011,2023,12,2019.725806451613,2020.0,62,62
EDGE,both,theoretical_insight,15,2014,2023,9,2021.1864406779662,2022.0,59,59
EDGE,both,theoretical_insight,35,2010,2023,13,2017.825,2018.0,40,40
EDGE,both,theoretical_insight,32,2012,2022,10,2019.8095238095239,2021.0,21,21
EDGE,both,theoretical_insight,37,2009,2023,14,2018.5882352941176,2018.0,34,34
EDGE,both,theoretical_insight,30,2018,2023,5,2020.857142857143,2021.0,14,14
EDGE,both,theoretical_insight,21,2021,2023,2,2022.3333333333333,2023.0,3,3
EDGE,both,theoretical_insight,19,2014,2023,9,2019.9411764705883,2020.0,51,51
EDGE,both,theoretical_insight,29,2010,2022,12,2019.05,2020.0,40,40
EDGE,both,theoretical_insight,2,2015,2023,8,2020.5,2021.0,16,16
EDGE,both,theoretical_insight,20,2013,2023,10,2022.1,2022.0,50,50
EDGE,both,theoretical_insight,17,2012,2022,10,2018.4615384615386,2019.0,26,26
EDGE,both,theoretical_insight,34,2019,2023,4,2022.3,2023.0,10,10
EDGE,both,theoretical_insight,27,2018,2023,5,2021.25,2022.0,4,4
EDGE,both,theoretical_insight,24,2015,2022,7,2019.75,2020.5,8,8
EDGE,both,theoretical_insight,39,2019,2023,4,2021.8461538461538,2022.0,13,13
EDGE,both,design_rationale,26,2013,2023,10,2018.7777777777778,2019.0,72,72
EDGE,both,design_rationale,15,2005,2023,18,2018.840579710145,2020.0,69,69
EDGE,both,design_rationale,3,2002,2023,21,2016.967741935484,2017.0,62,62
EDGE,both,design_rationale,23,2018,2023,5,2021.9411764705883,2022.0,34,38
EDGE,both,design_rationale,32,2014,2022,8,2018.974358974359,2019.0,39,39
EDGE,both,design_rationale,10,2006,2023,17,2020.3266666666666,2021.0,150,150
EDGE,both,design_rationale,30,2012,2023,11,2019.7745098039215,2020.0,102,102
EDGE,both,design_rationale,18,2018,2022,4,2020.9,2021.5,10,10
EDGE,both,design_rationale,17,2011,2023,12,2019.1774193548388,2019.0,62,62
EDGE,both,design_rationale,28,2011,2023,12,2019.8514285714286,2022.0,175,175
EDGE,both,design_rationale,37,2012,2023,11,2019.6833333333334,2020.0,60,60
EDGE,both,design_rationale,13,2010,2023,13,2019.6052631578948,2019.5,38,39
EDGE,both,design_rationale,24,2013,2023,10,2020.081081081081,2022.0,37,37
EDGE,both,design_rationale,39,2012,2023,11,2018.121212121212,2018.0,33,33
EDGE,both,design_rationale,16,2012,2023,11,2019.8461538461538,2020.0,52,52
EDGE,both,design_rationale,7,2010,2023,13,2020.5081967213114,2022.0,61,61
EDGE,both,design_rationale,19,2016,2022,6,2020.1777777777777,2021.0,45,45
EDGE,both,design_rationale,25,2003,2023,20,2019.957894736842,2021.0,95,95
EDGE,both,design_rationale,0,2009,2022,13,2018.642857142857,2019.5,28,28
EDGE,both,design_rationale,2,2012,2023,11,2021.2123287671234,2022.0,146,149
EDGE,both,design_rationale,5,2008,2023,15,2020.2307692307693,2022.0,91,91
EDGE,both,design_rationale,14,2009,2023,14,2019.671875,2020.0,128,128
EDGE,both,design_rationale,9,2018,2023,5,2020.8260869565217,2021.0,23,23
EDGE,both,design_rationale,38,2015,2023,8,2021.7027027027027,2022.0,37,37
EDGE,both,design_rationale,6,2014,2023,9,2020.0,2020.0,69,69
EDGE,both,design_rationale,21,2006,2023,17,2019.049180327869,2020.0,61,61
EDGE,both,design_rationale,11,2013,2023,10,2020.3260869565217,2021.0,46,46
EDGE,both,design_rationale,20,2011,2023,12,2019.787234042553,2021.0,47,47
EDGE,both,design_rationale,35,2016,2022,6,2019.5454545454545,2019.5,22,22
EDGE,both,design_rationale,4,2018,2023,5,2021.625,2022.0,48,48
EDGE,both,design_rationale,29,2016,2023,7,2020.8524590163934,2021.0,61,61
EDGE,both,design_rationale,1,2012,2023,11,2020.7368421052631,2021.0,38,38
EDGE,both,design_rationale,22,2006,2023,17,2019.6739130434783,2021.0,46,46
EDGE,both,design_rationale,31,2018,2023,5,2021.5,2022.0,8,8
EDGE,both,design_rationale,33,2012,2023,11,2019.9142857142858,2020.0,35,35
EDGE,both,design_rationale,36,2016,2022,6,2019.8181818181818,2020.0,11,11
EDGE,both,design_rationale,27,2018,2022,4,2019.909090909091,2020.0,11,11
EDGE,both,design_rationale,34,2018,2022,4,2019.3333333333333,2019.0,6,6
EDGE,both,design_rationale,12,2016,2023,7,2021.0,2021.0,13,13
EDGE,both,design_rationale,8,2015,2023,8,2021.2368421052631,2022.0,38,38
EDGE,both,implementation_mechanism,13,2005,2022,17,2019.3706896551723,2020.0,116,116
EDGE,both,implementation_mechanism,27,2003,2022,19,2017.0975609756097,2018.0,41,41
EDGE,both,implementation_mechanism,23,2003,2023,20,2017.3484848484848,2017.0,66,66
EDGE,both,implementation_mechanism,4,2009,2023,14,2021.3051948051948,2022.0,154,154
EDGE,both,implementation_mechanism,17,2006,2023,17,2019.4957983193278,2019.0,119,119
EDGE,both,implementation_mechanism,36,2012,2023,11,2019.3623188405797,2019.0,69,69
EDGE,both,implementation_mechanism,1,2011,2023,12,2019.6904761904761,2022.0,168,168
EDGE,both,implementation_mechanism,20,2006,2023,17,2021.235294117647,2022.0,51,51
EDGE,both,implementation_mechanism,6,2002,2023,21,2019.424,2020.0,125,125
EDGE,both,implementation_mechanism,9,2012,2023,11,2019.5689655172414,2020.5,116,116
EDGE,both,implementation_mechanism,39,2008,2023,15,2020.6976744186047,2022.0,43,43
EDGE,both,implementation_mechanism,22,2016,2023,7,2019.5862068965516,2019.0,29,29
EDGE,both,implementation_mechanism,2,2010,2023,13,2019.6260162601627,2020.0,123,125
EDGE,both,implementation_mechanism,25,2022,2022,0,2022.0,2022.0,7,7
EDGE,both,implementation_mechanism,0,2012,2023,11,2020.2207792207791,2021.0,77,77
EDGE,both,implementation_mechanism,31,2010,2023,13,2020.9173553719008,2022.0,121,123
EDGE,both,implementation_mechanism,8,2013,2023,10,2021.0357142857142,2022.0,84,84
EDGE,both,implementation_mechanism,37,2008,2023,15,2020.063492063492,2022.0,63,63
EDGE,both,implementation_mechanism,21,2012,2023,11,2019.25,2019.0,32,32
EDGE,both,implementation_mechanism,11,2014,2023,9,2020.735294117647,2021.0,102,102
EDGE,both,implementation_mechanism,5,2012,2023,11,2019.0204081632653,2019.0,49,49
EDGE,both,implementation_mechanism,7,2006,2023,17,2021.3294117647058,2022.0,85,85
EDGE,both,implementation_mechanism,38,2011,2023,12,2019.1666666666667,2021.0,12,12
EDGE,both,implementation_mechanism,29,2017,2023,6,2020.388888888889,2020.0,36,36
EDGE,both,implementation_mechanism,24,2012,2023,11,2019.695652173913,2019.0,23,23
EDGE,both,implementation_mechanism,35,2018,2023,5,2022.1176470588234,2023.0,34,38
EDGE,both,implementation_mechanism,3,2011,2023,12,2020.7333333333333,2021.0,45,46
EDGE,both,implementation_mechanism,18,2013,2023,10,2019.6851851851852,2021.0,54,54
EDGE,both,implementation_mechanism,33,2016,2023,7,2020.3333333333333,2021.0,21,21
EDGE,both,implementation_mechanism,16,2012,2022,10,2019.3103448275863,2019.0,29,29
EDGE,both,implementation_mechanism,12,2006,2023,17,2019.5,2020.5,16,16
EDGE,both,implementation_mechanism,19,2010,2023,13,2019.5555555555557,2020.0,27,27
EDGE,both,implementation_mechanism,26,2013,2022,9,2019.5,2019.0,30,30
EDGE,both,implementation_mechanism,14,2012,2023,11,2019.76,2021.0,25,25
EDGE,both,implementation_mechanism,34,2014,2023,9,2020.4137931034484,2021.0,29,29
EDGE,both,implementation_mechanism,10,2010,2022,12,2016.0588235294117,2018.0,17,17
EDGE,both,implementation_mechanism,28,2015,2022,7,2019.625,2020.0,16,16
EDGE,both,implementation_mechanism,32,2013,2023,10,2019.5,2020.0,30,30
EDGE,both,implementation_mechanism,15,2019,2023,4,2021.1904761904761,2021.0,21,21
EDGE,both,implementation_mechanism,30,2018,2022,4,2020.0666666666666,2020.0,15,15
EDGE,both,validation_evidence,7,2013,2022,9,2019.121212121212,2019.0,33,33
EDGE,both,validation_evidence,6,2010,2023,13,2017.5555555555557,2018.0,18,18
EDGE,both,validation_evidence,28,2012,2023,11,2020.65,2022.0,20,20
EDGE,both,validation_evidence,21,2018,2023,5,2021.7619047619048,2022.0,21,24
EDGE,both,validation_evidence,13,2003,2023,20,2019.7073170731708,2020.0,164,164
EDGE,both,validation_evidence,11,2010,2023,13,2021.7479674796748,2022.0,123,123
EDGE,both,validation_evidence,12,2014,2023,9,2020.3863636363637,2020.5,88,89
EDGE,both,validation_evidence,8,2006,2023,17,2020.4736842105262,2021.0,38,38
EDGE,both,validation_evidence,23,2011,2023,12,2019.6333333333334,2020.0,60,60
EDGE,both,validation_evidence,34,2009,2023,14,2019.803738317757,2022.0,107,107
EDGE,both,validation_evidence,37,2019,2023,4,2022.0,2022.0,10,10
EDGE,both,validation_evidence,24,2012,2023,11,2018.8918918918919,2019.0,111,111
EDGE,both,validation_evidence,17,2012,2023,11,2019.5666666666666,2020.0,60,60
EDGE,both,validation_evidence,5,2012,2023,11,2020.0841121495328,2021.0,107,107
EDGE,both,validation_evidence,3,2006,2023,17,2020.3863636363637,2022.0,88,88
EDGE,both,validation_evidence,14,2010,2022,12,2019.3272727272727,2019.0,110,110
EDGE,both,validation_evidence,29,2015,2023,8,2019.9615384615386,2019.5,26,26
EDGE,both,validation_evidence,30,2013,2023,10,2020.3461538461538,2022.0,26,26
EDGE,both,validation_evidence,16,2014,2023,9,2019.7368421052631,2020.0,76,76
EDGE,both,validation_evidence,15,2012,2023,11,2021.3376623376623,2022.0,77,79
EDGE,both,validation_evidence,0,2010,2023,13,2017.2542372881355,2017.0,59,59
EDGE,both,validation_evidence,32,2006,2023,17,2018.857142857143,2020.0,56,56
EDGE,both,validation_evidence,22,2009,2023,14,2020.703125,2022.0,64,65
EDGE,both,validation_evidence,18,2013,2023,10,2019.768115942029,2020.0,69,69
EDGE,both,validation_evidence,1,2019,2023,4,2022.0392156862745,2022.0,51,51
EDGE,both,validation_evidence,27,2006,2023,17,2018.875,2020.0,72,72
EDGE,both,validation_evidence,25,2003,2023,20,2020.396551724138,2022.0,58,58
EDGE,both,validation_evidence,36,2012,2023,11,2017.7083333333333,2018.0,24,24
EDGE,both,validation_evidence,9,2013,2023,10,2019.8918918918919,2020.5,74,75
EDGE,both,validation_evidence,10,2003,2023,20,2019.5185185185185,2021.0,54,54
EDGE,both,validation_evidence,35,2014,2023,9,2020.3863636363637,2020.5,44,44
EDGE,both,validation_evidence,31,2016,2023,7,2020.25,2020.0,24,24
EDGE,both,validation_evidence,2,2013,2023,10,2020.195652173913,2021.0,46,46
EDGE,both,validation_evidence,4,2018,2023,5,2021.157894736842,2021.0,19,19
EDGE,both,validation_evidence,20,2002,2022,20,2017.8,2019.0,65,66
EDGE,both,validation_evidence,38,2019,2023,4,2022.4333333333334,2023.0,60,60
EDGE,both,validation_evidence,19,2017,2023,6,2021.5882352941176,2022.0,17,17
EDGE,both,validation_evidence,39,2013,2023,10,2019.6764705882354,2021.0,34,34
EDGE,both,validation_evidence,33,2013,2023,10,2019.7727272727273,2020.0,22,22
EDGE,both,validation_evidence,26,2018,2023,5,2020.1666666666667,2020.5,12,12
0.8,unconstrained,risk,10,1977,2023,46,2019.6341911764705,2021.0,544,544
0.8,unconstrained,risk,29,2006,2023,17,2019.1302325581396,2020.0,215,215
0.8,unconstrained,risk,21,2006,2023,17,2019.519366197183,2020.0,568,568
0.8,unconstrained,risk,3,1995,2023,28,2017.1573033707866,2017.0,356,356
0.8,unconstrained,risk,7,1994,2023,29,2019.0206611570247,2020.0,242,242
0.8,unconstrained,risk,1,2008,2023,15,2021.055900621118,2022.0,322,322
0.8,unconstrained,risk,17,1998,2023,25,2020.1462140992166,2021.0,383,385
0.8,unconstrained,risk,13,2008,2023,15,2020.701726844584,2022.0,637,640
0.8,unconstrained,risk,8,2009,2023,14,2020.072327044025,2020.0,318,319
0.8,unconstrained,risk,32,2015,2023,8,2021.9107142857142,2023.0,224,226
0.8,unconstrained,risk,4,2006,2023,17,2021.1436031331593,2022.0,383,383
0.8,unconstrained,risk,5,2014,2023,9,2021.1333333333334,2022.0,135,137
0.8,unconstrained,risk,15,2008,2023,15,2021.063752276867,2022.0,549,551
0.8,unconstrained,risk,22,2013,2023,10,2020.657894736842,2022.0,190,196
0.8,unconstrained,risk,24,2014,2023,9,2021.3389830508474,2022.0,59,60
0.8,unconstrained,risk,38,2010,2023,13,2019.9454545454546,2020.0,55,55
0.8,unconstrained,risk,16,1977,2023,46,2020.86301369863,2022.0,292,292
0.8,unconstrained,risk,23,2008,2023,15,2019.2625,2020.0,80,80
0.8,unconstrained,risk,9,2011,2023,12,2022.159645232816,2023.0,451,451
0.8,unconstrained,risk,14,2006,2023,17,2020.9281767955802,2022.0,362,362
0.8,unconstrained,risk,30,2008,2023,15,2020.3455598455598,2022.0,518,519
0.8,unconstrained,risk,2,2007,2023,16,2020.1436781609195,2021.0,348,350
0.8,unconstrained,risk,12,2008,2023,15,2020.087452471483,2022.0,263,263
0.8,unconstrained,risk,0,2008,2023,15,2020.8344594594594,2022.0,296,296
0.8,unconstrained,risk,37,2018,2022,4,2020.5,2021.0,14,14
0.8,unconstrained,risk,6,2012,2023,11,2019.8776371308018,2021.0,237,238
0.8,unconstrained,risk,11,2011,2023,12,2019.8992248062016,2020.0,258,258
0.8,unconstrained,risk,33,2004,2023,19,2021.5652173913043,2022.0,207,207
0.8,unconstrained,risk,35,2016,2023,7,2021.0595238095239,2021.0,84,85
0.8,unconstrained,risk,36,2015,2023,8,2020.8837209302326,2022.0,86,87
0.8,unconstrained,risk,31,2017,2023,6,2021.279569892473,2022.0,93,93
0.8,unconstrained,risk,25,2013,2023,10,2021.8,2022.0,20,20
0.8,unconstrained,risk,27,2008,2023,15,2021.4166666666667,2023.0,60,60
0.8,unconstrained,risk,26,2009,2023,14,2021.1734693877552,2022.0,196,196
0.8,unconstrained,risk,18,2011,2023,12,2020.7727272727273,2022.0,88,88
0.8,unconstrained,risk,28,2016,2022,6,2019.3777777777777,2019.0,45,45
0.8,unconstrained,risk,34,2015,2023,8,2021.2459016393443,2022.0,61,61
0.8,unconstrained,risk,19,2008,2023,15,2018.7666666666667,2020.0,60,60
0.8,unconstrained,risk,20,2017,2023,6,2020.0666666666666,2020.0,15,15
0.8,unconstrained,risk,39,2012,2023,11,2017.357142857143,2016.5,14,14
0.8,unconstrained,intervention,18,2006,2023,17,2019.9773869346734,2021.0,398,398
0.8,unconstrained,intervention,0,2006,2023,17,2019.4545454545455,2020.0,385,385
0.8,unconstrained,intervention,6,2016,2023,7,2020.25,2020.0,88,88
0.8,unconstrained,intervention,8,2010,2023,13,2017.9538461538461,2018.0,65,65
0.8,unconstrained,intervention,35,2015,2023,8,2021.9473684210527,2022.0,38,39
0.8,unconstrained,intervention,15,2008,2023,15,2020.9402985074628,2022.0,335,338
0.8,unconstrained,intervention,16,2003,2023,20,2020.586319218241,2022.0,307,308
0.8,unconstrained,intervention,39,2015,2023,8,2021.9767441860465,2022.0,86,91
0.8,unconstrained,intervention,29,2009,2023,14,2020.5783475783476,2022.0,351,355
0.8,unconstrained,intervention,33,2012,2023,11,2020.974025974026,2022.0,77,78
0.8,unconstrained,intervention,4,2008,2023,15,2021.1901639344262,2022.0,305,310
0.8,unconstrained,intervention,7,2014,2023,9,2021.7766990291261,2023.0,206,208
0.8,unconstrained,intervention,32,2018,2023,5,2021.3125,2022.0,32,32
0.8,unconstrained,intervention,34,2008,2023,15,2020.212765957447,2022.0,141,142
0.8,unconstrained,intervention,24,2013,2023,10,2018.6538461538462,2018.5,26,27
0.8,unconstrained,intervention,11,2003,2023,20,2021.4,2022.0,210,211
0.8,unconstrained,intervention,30,2014,2023,9,2020.44578313253,2021.0,166,166
0.8,unconstrained,intervention,31,2003,2023,20,2018.7333333333333,2019.0,45,45
0.8,unconstrained,intervention,2,2013,2023,10,2020.860465116279,2022.0,86,86
0.8,unconstrained,intervention,12,2014,2023,9,2022.1435643564357,2023.0,202,202
0.8,unconstrained,intervention,19,1994,2022,28,2018.2016129032259,2019.0,124,124
0.8,unconstrained,intervention,21,2018,2022,4,2020.344827586207,2020.0,29,29
0.8,unconstrained,intervention,3,2010,2023,13,2019.95,2020.0,380,380
0.8,unconstrained,intervention,1,2010,2023,13,2018.5,2019.0,56,58
0.8,unconstrained,intervention,13,2010,2023,13,2020.3970588235295,2021.0,68,68
0.8,unconstrained,intervention,9,2013,2023,10,2020.640522875817,2022.0,153,154
0.8,unconstrained,intervention,5,2012,2023,11,2019.878048780488,2020.0,41,41
0.8,unconstrained,intervention,14,2005,2023,18,2019.6241134751774,2021.0,141,141
0.8,unconstrained,intervention,10,2003,2023,20,2020.2488888888888,2022.0,225,226
0.8,unconstrained,intervention,17,2012,2023,11,2020.8073770491803,2022.0,244,244
0.8,unconstrained,intervention,20,2010,2023,13,2017.367088607595,2017.0,79,79
0.8,unconstrained,intervention,36,2009,2023,14,2020.4347826086957,2021.5,46,46
0.8,unconstrained,intervention,25,2018,2023,5,2022.037037037037,2022.5,54,54
0.8,unconstrained,intervention,38,2010,2023,13,2020.641975308642,2022.0,81,81
0.8,unconstrained,intervention,27,2011,2022,11,2015.2285714285715,2015.0,35,35
0.8,unconstrained,intervention,23,2013,2023,10,2021.6923076923076,2023.0,26,26
0.8,unconstrained,intervention,22,2013,2022,9,2020.4571428571428,2021.0,35,35
0.8,unconstrained,intervention,26,2009,2023,14,2019.3333333333333,2021.0,51,51
0.8,unconstrained,intervention,28,2015,2023,8,2020.5,2020.5,26,26
0.8,unconstrained,intervention,37,2022,2023,1,2022.6190476190477,2023.0,21,21
0.8,unconstrained,all_concepts,1,1998,2023,25,2019.3740377886634,2020.0,2858,2859
0.8,unconstrained,all_concepts,7,2003,2023,20,2020.3116089613034,2021.0,982,982
0.8,unconstrained,all_concepts,14,1995,2023,28,2017.5545023696682,2018.0,844,844
0.8,unconstrained,all_concepts,11,2008,2023,15,2018.85140562249,2019.0,249,249
0.8,unconstrained,all_concepts,37,2006,2023,17,2017.991017964072,2018.0,334,338
0.8,unconstrained,all_concepts,2,2007,2023,16,2020.5565500406835,2022.0,1229,1232
0.8,unconstrained,all_concepts,25,2009,2023,14,2021.9844192634562,2023.0,706,707
0.8,unconstrained,all_concepts,16,2008,2023,15,2021.0576923076924,2022.0,676,687
0.8,unconstrained,all_concepts,21,2010,2023,13,2021.2867298578199,2022.0,422,445
0.8,unconstrained,all_concepts,6,2005,2023,18,2019.9274193548388,2021.0,868,876
0.8,unconstrained,all_concepts,18,2008,2023,15,2020.3343848580441,2022.0,317,318
0.8,unconstrained,all_concepts,30,2008,2023,15,2021.489837398374,2022.0,492,499
0.8,unconstrained,all_concepts,8,2006,2023,17,2020.6963015647227,2022.0,1406,1412
0.8,unconstrained,all_concepts,4,2003,2023,20,2021.188470066519,2022.0,1804,1816
0.8,unconstrained,all_concepts,23,2006,2023,17,2021.1971326164874,2022.0,279,279
0.8,unconstrained,all_concepts,36,2012,2023,11,2020.4946619217083,2022.0,281,281
0.8,unconstrained,all_concepts,38,2006,2023,17,2021.1317829457364,2022.0,645,646
0.8,unconstrained,all_concepts,35,2017,2023,6,2021.589552238806,2022.0,268,269
0.8,unconstrained,all_concepts,19,2006,2023,17,2021.095305832148,2022.0,703,703
0.8,unconstrained,all_concepts,5,2006,2023,17,2021.3418674698796,2022.0,664,665
0.8,unconstrained,all_concepts,3,2011,2023,12,2021.1905660377358,2022.0,530,531
0.8,unconstrained,all_concepts,10,2003,2023,20,2021.3349633251835,2022.0,1227,1233
0.8,unconstrained,all_concepts,33,2007,2023,16,2019.2222222222222,2020.0,261,261
0.8,unconstrained,all_concepts,12,2009,2023,14,2019.8983700862896,2022.0,1043,1043
0.8,unconstrained,all_concepts,26,2008,2023,15,2019.7115384615386,2022.0,208,208
0.8,unconstrained,all_concepts,17,2008,2023,15,2020.9478957915833,2022.0,499,501
0.8,unconstrained,all_concepts,15,2014,2023,9,2021.1659388646287,2022.0,229,231
0.8,unconstrained,all_concepts,28,2016,2023,7,2020.595041322314,2021.0,121,121
0.8,unconstrained,all_concepts,9,2008,2023,15,2020.3179723502303,2022.0,434,434
0.8,unconstrained,all_concepts,0,2007,2023,16,2019.8442193503317,2020.0,2863,2864
0.8,unconstrained,all_concepts,22,2006,2023,17,2020.4883720930231,2021.0,86,86
0.8,unconstrained,all_concepts,39,2018,2023,5,2021.009900990099,2021.0,101,101
0.8,unconstrained,all_concepts,29,2008,2023,15,2018.5862068965516,2020.0,87,87
0.8,unconstrained,all_concepts,27,2008,2023,15,2019.5862068965516,2022.0,145,145
0.8,unconstrained,all_concepts,13,2012,2023,11,2020.2792207792209,2021.0,154,154
0.8,unconstrained,all_concepts,31,2012,2023,11,2019.3076923076924,2020.0,52,52
0.8,unconstrained,all_concepts,24,2022,2023,1,2022.6,2023.0,50,50
0.8,unconstrained,all_concepts,34,2013,2023,10,2020.2666666666667,2021.0,15,15
0.8,unconstrained,all_concepts,20,2013,2023,10,2020.9032258064517,2022.0,31,31
0.8,unconstrained,all_concepts,32,2021,2022,1,2021.2,2021.0,5,5
0.8,unconstrained,problem_analysis,1,2008,2023,15,2019.8727272727272,2021.0,330,330
0.8,unconstrained,problem_analysis,27,2007,2023,16,2020.5565217391304,2022.0,115,115
0.8,unconstrained,problem_analysis,7,1995,2023,28,2018.0717703349283,2018.0,209,210
0.8,unconstrained,problem_analysis,2,2006,2023,17,2019.7111111111112,2021.0,90,90
0.8,unconstrained,problem_analysis,3,2006,2023,17,2020.971252566735,2022.0,487,487
0.8,unconstrained,problem_analysis,30,2007,2023,16,2020.3502538071066,2021.0,591,592
0.8,unconstrained,problem_analysis,12,2012,2023,11,2022.121951219512,2023.0,164,165
0.8,unconstrained,problem_analysis,19,2008,2023,15,2021.4954954954956,2022.0,111,115
0.8,unconstrained,problem_analysis,32,2014,2023,9,2021.0076335877864,2022.0,131,137
0.8,unconstrained,problem_analysis,20,2005,2023,18,2021.5077399380805,2022.0,323,328
0.8,unconstrained,problem_analysis,31,2012,2023,11,2020.8529411764705,2022.0,204,205
0.8,unconstrained,problem_analysis,25,2015,2023,8,2021.2136752136753,2022.0,117,117
0.8,unconstrained,problem_analysis,26,2014,2023,9,2021.7522935779816,2022.0,109,109
0.8,unconstrained,problem_analysis,22,2018,2023,5,2022.1666666666667,2023.0,30,30
0.8,unconstrained,problem_analysis,16,2012,2023,11,2020.427135678392,2022.0,199,199
0.8,unconstrained,problem_analysis,0,2006,2023,17,2020.8285714285714,2022.0,630,633
0.8,unconstrained,problem_analysis,10,2008,2023,15,2021.22,2022.0,350,352
0.8,unconstrained,problem_analysis,9,2008,2023,15,2019.3565217391304,2021.0,115,116
0.8,unconstrained,problem_analysis,15,2003,2023,20,2021.1520467836258,2022.0,171,173
0.8,unconstrained,problem_analysis,34,2009,2023,14,2019.5822784810127,2021.0,79,79
0.8,unconstrained,problem_analysis,23,2012,2023,11,2018.7894736842106,2021.0,19,19
0.8,unconstrained,problem_analysis,13,2008,2023,15,2019.7396694214876,2021.0,242,242
0.8,unconstrained,problem_analysis,5,2006,2023,17,2020.4545454545455,2021.0,165,165
0.8,unconstrained,problem_analysis,8,2008,2023,15,2019.5681818181818,2021.0,44,44
0.8,unconstrained,problem_analysis,6,2002,2023,21,2019.495575221239,2020.0,565,565
0.8,unconstrained,problem_analysis,37,2018,2023,5,2021.4117647058824,2022.0,102,103
0.8,unconstrained,problem_analysis,17,2010,2023,13,2019.4621513944223,2020.0,251,251
0.8,unconstrained,problem_analysis,4,2008,2023,15,2020.3984375,2022.0,128,128
0.8,unconstrained,problem_analysis,33,2003,2022,19,2016.7391304347825,2018.0,23,23
0.8,unconstrained,problem_analysis,14,2010,2023,13,2020.28,2021.0,325,325
0.8,unconstrained,problem_analysis,18,2003,2023,20,2017.6272727272728,2018.0,110,110
0.8,unconstrained,problem_analysis,11,2015,2023,8,2021.5670103092784,2022.0,97,97
0.8,unconstrained,problem_analysis,21,2008,2023,15,2021.0121951219512,2022.0,328,328
0.8,unconstrained,problem_analysis,39,2019,2023,4,2021.1489361702127,2021.0,47,47
0.8,unconstrained,problem_analysis,36,2008,2023,15,2020.4883720930231,2022.0,86,86
0.8,unconstrained,problem_analysis,28,2018,2023,5,2022.2608695652175,2023.0,23,23
0.8,unconstrained,problem_analysis,38,2015,2023,8,2021.1511627906978,2022.0,86,86
0.8,unconstrained,problem_analysis,29,2013,2023,10,2020.7,2021.0,40,40
0.8,unconstrained,problem_analysis,24,2022,2023,1,2022.5,2022.5,8,8
0.8,unconstrained,problem_analysis,35,2008,2023,15,2016.5625,2015.0,16,16
0.8,unconstrained,theoretical_insight,26,1998,2023,25,2019.7890909090909,2020.0,275,275
0.8,unconstrained,theoretical_insight,7,2009,2023,14,2019.423076923077,2020.0,78,78
0.8,unconstrained,theoretical_insight,6,2010,2023,13,2019.4455445544554,2020.0,101,101
0.8,unconstrained,theoretical_insight,21,2003,2023,20,2016.918699186992,2017.0,123,123
0.8,unconstrained,theoretical_insight,15,2013,2023,10,2020.2083333333333,2020.5,24,24
0.8,unconstrained,theoretical_insight,23,2005,2023,18,2020.488262910798,2022.0,213,214
0.8,unconstrained,theoretical_insight,19,2012,2023,11,2020.1601941747572,2021.0,206,206
0.8,unconstrained,theoretical_insight,0,2011,2023,12,2020.3333333333333,2022.0,270,271
0.8,unconstrained,theoretical_insight,11,2010,2023,13,2021.179487179487,2022.0,234,235
0.8,unconstrained,theoretical_insight,39,2010,2023,13,2020.8629441624366,2022.0,197,198
0.8,unconstrained,theoretical_insight,33,2015,2018,3,2016.0,2016.0,7,7
0.8,unconstrained,theoretical_insight,3,2010,2023,13,2019.9857819905212,2021.0,211,211
0.8,unconstrained,theoretical_insight,37,2010,2023,13,2019.8166666666666,2020.0,180,180
0.8,unconstrained,theoretical_insight,18,2006,2023,17,2019.5283018867924,2020.0,53,53
0.8,unconstrained,theoretical_insight,1,2007,2023,16,2018.1279069767443,2018.0,172,172
0.8,unconstrained,theoretical_insight,34,2012,2023,11,2020.857142857143,2022.0,105,105
0.8,unconstrained,theoretical_insight,10,2013,2023,10,2021.4134078212292,2022.0,358,362
0.8,unconstrained,theoretical_insight,38,2006,2023,17,2019.5204678362572,2020.0,171,171
0.8,unconstrained,theoretical_insight,29,2012,2023,11,2022.2048192771085,2023.0,83,83
0.8,unconstrained,theoretical_insight,4,2010,2023,13,2020.66,2021.0,100,100
0.8,unconstrained,theoretical_insight,5,2014,2023,9,2020.2857142857142,2021.5,28,28
0.8,unconstrained,theoretical_insight,8,2014,2023,9,2019.888888888889,2021.0,27,27
0.8,unconstrained,theoretical_insight,9,2008,2023,15,2020.8545454545454,2022.0,220,225
0.8,unconstrained,theoretical_insight,12,2008,2023,15,2020.9238095238095,2022.0,105,105
0.8,unconstrained,theoretical_insight,27,2008,2023,15,2019.530864197531,2021.0,81,81
0.8,unconstrained,theoretical_insight,30,2020,2023,3,2022.0,2022.0,8,8
0.8,unconstrained,theoretical_insight,16,2013,2023,10,2021.2540983606557,2022.0,122,122
0.8,unconstrained,theoretical_insight,32,2017,2023,6,2021.9795918367347,2022.0,49,52
0.8,unconstrained,theoretical_insight,2,2012,2023,11,2020.75,2022.0,88,88
0.8,unconstrained,theoretical_insight,20,2013,2023,10,2021.40625,2022.0,128,128
0.8,unconstrained,theoretical_insight,28,2010,2023,13,2019.0666666666666,2019.0,120,120
0.8,unconstrained,theoretical_insight,25,2014,2023,9,2021.625,2022.0,112,112
0.8,unconstrained,theoretical_insight,22,2014,2023,9,2020.076923076923,2022.0,26,26
0.8,unconstrained,theoretical_insight,31,2012,2023,11,2019.65625,2020.0,32,32
0.8,unconstrained,theoretical_insight,13,2016,2023,7,2019.8666666666666,2019.0,15,15
0.8,unconstrained,theoretical_insight,36,2016,2022,6,2018.0833333333333,2016.5,12,12
0.8,unconstrained,theoretical_insight,17,2012,2023,11,2019.5,2020.0,22,22
0.8,unconstrained,theoretical_insight,24,2018,2023,5,2020.8,2021.0,10,10
0.8,unconstrained,theoretical_insight,14,2016,2023,7,2020.591836734694,2021.0,49,49
0.8,unconstrained,theoretical_insight,35,2010,2023,13,2020.258064516129,2021.0,31,31
0.8,unconstrained,design_rationale,32,2010,2023,13,2019.7836257309941,2020.0,171,171
0.8,unconstrained,design_rationale,6,2006,2023,17,2019.1656804733727,2020.0,169,169
0.8,unconstrained,design_rationale,11,2008,2023,15,2019.6309523809523,2020.0,84,84
0.8,unconstrained,design_rationale,4,2002,2023,21,2018.6941176470589,2019.0,85,85
0.8,unconstrained,design_rationale,21,2006,2023,17,2020.8464419475656,2022.0,267,267
0.8,unconstrained,design_rationale,7,2006,2023,17,2020.7395833333333,2021.0,288,288
0.8,unconstrained,design_rationale,0,2011,2023,12,2019.6752767527676,2020.0,271,271
0.8,unconstrained,design_rationale,1,2008,2023,15,2020.3553719008264,2022.0,363,363
0.8,unconstrained,design_rationale,39,2008,2023,15,2018.9038461538462,2019.0,52,52
0.8,unconstrained,design_rationale,9,2009,2023,14,2018.610465116279,2019.0,172,172
0.8,unconstrained,design_rationale,28,2014,2023,9,2021.6434108527133,2022.0,129,129
0.8,unconstrained,design_rationale,12,2010,2023,13,2020.4305555555557,2022.0,288,289
0.8,unconstrained,design_rationale,16,2012,2023,11,2020.125,2021.0,72,72
0.8,unconstrained,design_rationale,24,2012,2023,11,2020.0,2020.0,284,285
0.8,unconstrained,design_rationale,20,2015,2023,8,2021.7323943661972,2022.0,71,71
0.8,unconstrained,design_rationale,30,2013,2022,9,2019.857142857143,2021.0,28,28
0.8,unconstrained,design_rationale,27,2017,2022,5,2020.375,2022.0,8,8
0.8,unconstrained,design_rationale,5,2012,2023,11,2021.0229591836735,2022.0,392,395
0.8,unconstrained,design_rationale,10,2012,2023,11,2021.9016393442623,2023.0,122,122
0.8,unconstrained,design_rationale,2,2006,2023,17,2021.544776119403,2022.0,134,135
0.8,unconstrained,design_rationale,17,2017,2023,6,2021.7066666666667,2022.0,75,75
0.8,unconstrained,design_rationale,19,2007,2023,16,2020.8648648648648,2022.0,74,74
0.8,unconstrained,design_rationale,26,2003,2023,20,2017.3111111111111,2018.0,90,90
0.8,unconstrained,design_rationale,23,2005,2023,18,2019.6194029850747,2021.0,134,135
0.8,unconstrained,design_rationale,31,2012,2023,11,2021.5929203539822,2022.0,113,118
0.8,unconstrained,design_rationale,18,2014,2023,9,2020.3333333333333,2022.0,39,39
0.8,unconstrained,design_rationale,13,2013,2023,10,2020.8536585365853,2022.0,41,41
0.8,unconstrained,design_rationale,22,2017,2023,6,2019.851851851852,2020.0,27,27
0.8,unconstrained,design_rationale,3,2017,2023,6,2021.0,2021.5,22,22
0.8,unconstrained,design_rationale,25,2016,2023,7,2020.9268292682927,2021.5,82,82
0.8,unconstrained,design_rationale,14,2008,2023,15,2019.6979166666667,2022.0,96,96
0.8,unconstrained,design_rationale,37,2018,2023,5,2020.6129032258063,2021.0,31,31
0.8,unconstrained,design_rationale,38,2016,2022,6,2019.5714285714287,2020.0,14,14
0.8,unconstrained,design_rationale,8,2007,2023,16,2018.4833333333333,2021.0,60,60
0.8,unconstrained,design_rationale,15,2018,2023,5,2021.1739130434783,2021.0,23,23
0.8,unconstrained,design_rationale,33,2015,2023,8,2021.2142857142858,2021.5,14,14
0.8,unconstrained,design_rationale,35,2014,2023,9,2020.7142857142858,2022.0,21,21
0.8,unconstrained,design_rationale,36,2009,2023,14,2020.9166666666667,2022.0,48,48
0.8,unconstrained,design_rationale,34,2019,2023,4,2020.5,2020.0,4,4
0.8,unconstrained,design_rationale,29,2019,2019,0,2019.0,2019.0,1,1
0.8,unconstrained,implementation_mechanism,5,2010,2023,13,2019.4163424124513,2020.0,257,258
0.8,unconstrained,implementation_mechanism,3,2003,2023,20,2018.8885350318471,2019.0,314,315
0.8,unconstrained,implementation_mechanism,37,2012,2023,11,2019.703125,2020.0,64,64
0.8,unconstrained,implementation_mechanism,7,2003,2023,20,2016.981981981982,2017.0,111,111
0.8,unconstrained,implementation_mechanism,11,2013,2023,10,2021.1921397379913,2022.0,229,229
0.8,unconstrained,implementation_mechanism,0,2009,2023,14,2021.1993006993007,2022.0,286,287
0.8,unconstrained,implementation_mechanism,17,2007,2023,16,2020.7935779816514,2022.0,218,218
0.8,unconstrained,implementation_mechanism,20,2011,2023,12,2019.7531380753137,2020.0,239,239
0.8,unconstrained,implementation_mechanism,22,2013,2022,9,2019.0,2019.0,11,11
0.8,unconstrained,implementation_mechanism,13,2007,2023,16,2018.7027027027027,2019.0,37,37
0.8,unconstrained,implementation_mechanism,14,2008,2023,15,2019.2763157894738,2022.0,76,76
0.8,unconstrained,implementation_mechanism,24,2013,2023,10,2021.0588235294117,2022.0,136,136
0.8,unconstrained,implementation_mechanism,35,2017,2023,6,2021.5098039215686,2022.0,51,53
0.8,unconstrained,implementation_mechanism,8,2002,2023,21,2019.8533333333332,2020.0,225,225
0.8,unconstrained,implementation_mechanism,25,2014,2023,9,2021.5342465753424,2022.0,73,75
0.8,unconstrained,implementation_mechanism,23,2008,2023,15,2021.7894736842106,2023.0,228,229
0.8,unconstrained,implementation_mechanism,39,2012,2023,11,2018.2,2018.0,15,15
0.8,unconstrained,implementation_mechanism,36,2006,2023,17,2020.8939393939395,2022.0,66,66
0.8,unconstrained,implementation_mechanism,34,2008,2023,15,2020.2631578947369,2022.0,57,57
0.8,unconstrained,implementation_mechanism,1,2006,2023,17,2019.6010101010102,2020.0,198,198
0.8,unconstrained,implementation_mechanism,9,2011,2023,12,2021.1857142857143,2022.0,280,282
0.8,unconstrained,implementation_mechanism,2,2018,2023,5,2021.6153846153845,2022.0,78,79
0.8,unconstrained,implementation_mechanism,33,2003,2023,20,2020.4238410596026,2022.0,151,151
0.8,unconstrained,implementation_mechanism,29,2011,2023,12,2020.2272727272727,2021.0,44,45
0.8,unconstrained,implementation_mechanism,10,2008,2023,15,2020.139534883721,2021.0,129,129
0.8,unconstrained,implementation_mechanism,6,2010,2023,13,2020.3311688311687,2022.0,308,308
0.8,unconstrained,implementation_mechanism,27,2019,2023,4,2021.9166666666667,2022.0,24,24
0.8,unconstrained,implementation_mechanism,18,2015,2023,8,2021.2903225806451,2022.0,62,64
0.8,unconstrained,implementation_mechanism,16,2013,2023,10,2021.421052631579,2022.0,133,139
0.8,unconstrained,implementation_mechanism,28,2013,2023,10,2020.4761904761904,2022.0,21,21
0.8,unconstrained,implementation_mechanism,21,2017,2023,6,2021.9268292682927,2022.0,41,41
0.8,unconstrained,implementation_mechanism,26,2008,2023,15,2020.2777777777778,2021.0,54,54
0.8,unconstrained,implementation_mechanism,15,2006,2023,17,2021.6493506493507,2022.0,77,77
0.8,unconstrained,implementation_mechanism,38,2011,2022,11,2016.0,2015.5,24,24
0.8,unconstrained,implementation_mechanism,31,2022,2023,1,2022.7,2023.0,10,10
0.8,unconstrained,implementation_mechanism,19,2016,2023,7,2020.1891891891892,2020.0,37,37
0.8,unconstrained,implementation_mechanism,32,2018,2023,5,2021.0416666666667,2021.0,24,24
0.8,unconstrained,implementation_mechanism,30,2013,2023,10,2020.1538461538462,2021.0,13,13
0.8,unconstrained,implementation_mechanism,12,2007,2023,16,2018.8,2019.5,70,70
0.8,unconstrained,implementation_mechanism,4,2012,2022,10,2018.896551724138,2019.0,29,29
0.8,unconstrained,validation_evidence,13,2003,2023,20,2019.6190476190477,2020.0,315,315
0.8,unconstrained,validation_evidence,16,2003,2023,20,2019.0602409638554,2020.0,83,83
0.8,unconstrained,validation_evidence,6,2006,2023,17,2018.775,2020.0,120,120
0.8,unconstrained,validation_evidence,27,2012,2023,11,2021.046875,2022.0,128,129
0.8,unconstrained,validation_evidence,25,2016,2023,7,2021.7083333333333,2022.0,72,72
0.8,unconstrained,validation_evidence,11,2005,2023,18,2020.195652173913,2021.5,92,93
0.8,unconstrained,validation_evidence,29,2019,2023,4,2021.3870967741937,2021.0,31,31
0.8,unconstrained,validation_evidence,10,2010,2023,13,2020.0421686746988,2020.0,166,167
0.8,unconstrained,validation_evidence,1,2010,2023,13,2021.8380952380953,2022.5,210,211
0.8,unconstrained,validation_evidence,2,2010,2023,13,2020.062893081761,2021.0,159,159
0.8,unconstrained,validation_evidence,33,2009,2023,14,2019.3825503355704,2021.0,149,149
0.8,unconstrained,validation_evidence,24,2013,2023,10,2020.6335877862596,2022.0,131,134
0.8,unconstrained,validation_evidence,35,2006,2023,17,2019.5873015873017,2020.0,63,63
0.8,unconstrained,validation_evidence,9,2012,2023,11,2019.5317919075144,2020.0,346,346
0.8,unconstrained,validation_evidence,0,2011,2023,12,2021.2456140350878,2022.0,114,114
0.8,unconstrained,validation_evidence,21,2016,2023,7,2020.3333333333333,2021.0,33,33
0.8,unconstrained,validation_evidence,22,2010,2023,13,2020.9310344827586,2022.0,116,116
0.8,unconstrained,validation_evidence,19,2014,2023,9,2021.04,2021.5,50,51
0.8,unconstrained,validation_evidence,3,2008,2023,15,2019.909090909091,2022.0,33,33
0.8,unconstrained,validation_evidence,30,2012,2023,11,2019.6274509803923,2021.0,51,51
0.8,unconstrained,validation_evidence,32,2003,2023,20,2021.6333333333334,2023.0,60,60
0.8,unconstrained,validation_evidence,8,2003,2023,20,2017.076923076923,2016.0,52,52
0.8,unconstrained,validation_evidence,23,2009,2023,14,2020.963963963964,2022.0,111,112
0.8,unconstrained,validation_evidence,34,2012,2023,11,2021.0752688172042,2023.0,186,189
0.8,unconstrained,validation_evidence,26,2019,2023,4,2021.8392857142858,2022.0,56,56
0.8,unconstrained,validation_evidence,12,2012,2023,11,2019.7462686567164,2021.0,67,67
0.8,unconstrained,validation_evidence,7,2012,2023,11,2020.2626262626263,2021.0,99,99
0.8,unconstrained,validation_evidence,15,2019,2023,4,2022.2295081967213,2023.0,61,61
0.8,unconstrained,validation_evidence,5,2002,2023,21,2018.094827586207,2019.0,116,117
0.8,unconstrained,validation_evidence,14,2019,2023,4,2021.3157894736842,2021.5,38,38
0.8,unconstrained,validation_evidence,37,2018,2023,5,2022.0,2022.0,21,23
0.8,unconstrained,validation_evidence,4,2015,2023,8,2022.0588235294117,2023.0,17,17
0.8,unconstrained,validation_evidence,18,2018,2023,5,2021.1714285714286,2022.0,35,35
0.8,unconstrained,validation_evidence,38,2018,2022,4,2020.6923076923076,2021.0,13,13
0.8,unconstrained,validation_evidence,31,2013,2023,10,2020.3333333333333,2021.5,18,18
0.8,unconstrained,validation_evidence,39,2018,2023,5,2022.5,2023.0,28,28
0.8,unconstrained,validation_evidence,20,2018,2023,5,2020.7692307692307,2021.0,39,40
0.8,unconstrained,validation_evidence,17,2013,2023,10,2019.625,2020.0,16,16
0.8,unconstrained,validation_evidence,28,2022,2022,0,2022.0,2022.0,7,7
0.8,unconstrained,validation_evidence,36,2020,2020,0,2020.0,2020.0,1,1
0.8,single_risk,risk,16,2002,2023,21,2018.4754098360656,2020.0,61,61
0.8,single_risk,risk,8,2010,2023,13,2018.1014492753623,2019.0,69,69
0.8,single_risk,risk,34,2012,2023,11,2020.281914893617,2021.0,188,188
0.8,single_risk,risk,13,2008,2023,15,2020.0849056603774,2021.0,106,106
0.8,single_risk,risk,9,2010,2023,13,2020.3081395348838,2021.0,172,172
0.8,single_risk,risk,23,2006,2023,17,2020.4431818181818,2021.0,176,176
0.8,single_risk,risk,4,2009,2023,14,2019.6580645161291,2020.0,310,310
0.8,single_risk,risk,37,2014,2023,9,2019.5663716814158,2019.0,113,113
0.8,single_risk,risk,30,2008,2023,15,2020.2416666666666,2022.0,240,242
0.8,single_risk,risk,36,2014,2023,9,2021.2314049586778,2022.0,121,125
0.8,single_risk,risk,11,2012,2023,11,2019.98347107438,2021.0,121,122
0.8,single_risk,risk,26,2013,2023,10,2019.7945205479452,2022.0,73,73
0.8,single_risk,risk,10,2012,2023,11,2019.9094650205761,2020.0,243,243
0.8,single_risk,risk,12,2013,2023,10,2021.3187250996016,2022.0,251,252
0.8,single_risk,risk,39,2013,2023,10,2020.905982905983,2021.0,117,117
0.8,single_risk,risk,32,2008,2023,15,2020.857142857143,2023.0,35,35
0.8,single_risk,risk,29,2008,2023,15,2020.8,2022.0,60,60
0.8,single_risk,risk,6,2006,2023,17,2020.9083969465648,2022.0,131,131
0.8,single_risk,risk,21,1994,2023,29,2018.432,2020.0,125,125
0.8,single_risk,risk,17,2006,2023,17,2019.0943396226414,2020.0,53,54
0.8,single_risk,risk,38,2017,2023,6,2021.3191489361702,2022.0,47,47
0.8,single_risk,risk,24,2003,2023,20,2019.857142857143,2021.0,77,77
0.8,single_risk,risk,1,2012,2023,11,2022.125,2022.0,192,192
0.8,single_risk,risk,7,2018,2023,5,2022.5227272727273,2023.0,44,45
0.8,single_risk,risk,14,2006,2023,17,2018.861788617886,2020.0,123,123
0.8,single_risk,risk,20,2009,2023,14,2020.4938271604938,2022.0,81,81
0.8,single_risk,risk,18,2015,2023,8,2021.5578947368422,2022.0,95,96
0.8,single_risk,risk,35,2012,2023,11,2021.0684931506848,2022.0,146,147
0.8,single_risk,risk,0,2003,2023,20,2020.334975369458,2022.0,203,206
0.8,single_risk,risk,5,2012,2023,11,2021.84,2023.0,25,25
0.8,single_risk,risk,33,2014,2023,9,2021.0,2022.0,28,28
0.8,single_risk,risk,19,2014,2023,9,2021.0985915492959,2022.0,71,72
0.8,single_risk,risk,27,2019,2023,4,2020.7333333333333,2021.0,30,30
0.8,single_risk,risk,31,2015,2023,8,2022.0,2023.0,9,10
0.8,single_risk,risk,3,2010,2023,13,2020.7755102040817,2021.0,49,49
0.8,single_risk,risk,2,2008,2023,15,2021.368131868132,2022.0,182,182
0.8,single_risk,risk,15,2013,2023,10,2020.6,2021.5,20,20
0.8,single_risk,risk,28,2008,2023,15,2019.6363636363637,2022.0,22,22
0.8,single_risk,risk,22,2018,2023,5,2021.5454545454545,2022.0,22,22
0.8,single_risk,risk,25,2019,2023,4,2021.1666666666667,2021.0,6,6
0.8,single_risk,intervention,0,2006,2023,17,2019.5597722960151,2020.0,527,527
0.8,single_risk,intervention,7,2003,2023,20,2018.2014388489208,2019.0,139,139
0.8,single_risk,intervention,14,2015,2023,8,2022.232142857143,2023.0,56,57
0.8,single_risk,intervention,10,2008,2023,15,2020.9753846153847,2022.0,325,328
0.8,single_risk,intervention,25,2008,2023,15,2021.079295154185,2022.0,227,228
0.8,single_risk,intervention,21,2015,2023,8,2022.0235294117647,2022.0,85,90
0.8,single_risk,intervention,8,2011,2023,12,2021.9322033898304,2023.0,177,179
0.8,single_risk,intervention,4,2003,2023,20,2020.9632545931759,2022.0,381,388
0.8,single_risk,intervention,38,2006,2023,17,2021.1451187335092,2022.0,379,379
0.8,single_risk,intervention,24,2018,2023,5,2021.2333333333333,2022.0,30,30
0.8,single_risk,intervention,39,2009,2023,14,2020.6047904191616,2022.0,334,337
0.8,single_risk,intervention,2,2014,2023,9,2021.860824742268,2023.0,194,195
0.8,single_risk,intervention,26,2008,2023,15,2020.090909090909,2022.0,143,144
0.8,single_risk,intervention,23,2013,2023,10,2018.3333333333333,2018.0,24,25
0.8,single_risk,intervention,12,2010,2023,13,2020.26,2021.0,250,252
0.8,single_risk,intervention,27,2003,2023,20,2018.5853658536585,2019.0,41,41
0.8,single_risk,intervention,3,2013,2023,10,2020.8061224489795,2022.0,98,98
0.8,single_risk,intervention,36,1994,2023,29,2018.260162601626,2019.0,123,123
0.8,single_risk,intervention,22,2018,2022,4,2020.2666666666667,2020.0,30,30
0.8,single_risk,intervention,18,2013,2023,10,2020.6768292682927,2022.0,164,165
0.8,single_risk,intervention,15,2012,2023,11,2019.8652037617555,2020.0,319,319
0.8,single_risk,intervention,17,2012,2023,11,2018.2307692307693,2019.0,39,39
0.8,single_risk,intervention,5,2010,2023,13,2020.635593220339,2021.0,118,118
0.8,single_risk,intervention,11,2012,2023,11,2020.0731707317073,2020.0,41,41
0.8,single_risk,intervention,6,2013,2023,10,2019.8645833333333,2020.0,96,96
0.8,single_risk,intervention,9,2008,2023,15,2020.3827751196172,2022.0,209,210
0.8,single_risk,intervention,30,2012,2023,11,2020.8382978723405,2022.0,235,235
0.8,single_risk,intervention,13,2005,2023,18,2019.853448275862,2021.0,116,116
0.8,single_risk,intervention,20,2010,2023,13,2017.3855421686746,2017.0,83,83
0.8,single_risk,intervention,37,2013,2023,10,2020.6808510638298,2022.0,47,47
0.8,single_risk,intervention,31,2009,2023,14,2020.5625,2021.5,48,48
0.8,single_risk,intervention,1,2018,2023,5,2022.0555555555557,2022.5,54,54
0.8,single_risk,intervention,29,2011,2022,11,2015.2285714285715,2015.0,35,35
0.8,single_risk,intervention,16,2010,2023,13,2021.1515151515152,2022.0,33,33
0.8,single_risk,intervention,33,2017,2023,6,2021.357142857143,2022.0,28,28
0.8,single_risk,intervention,32,2009,2023,14,2018.9814814814815,2020.0,54,54
0.8,single_risk,intervention,35,2003,2023,20,2017.9130434782608,2017.0,23,23
0.8,single_risk,intervention,28,2015,2023,8,2020.5,2020.5,26,26
0.8,single_risk,intervention,34,2016,2023,7,2020.6333333333334,2020.5,30,30
0.8,single_risk,intervention,19,2021,2023,2,2022.4,2023.0,25,25
0.8,single_risk,all_concepts,16,2010,2023,13,2019.7480144404333,2020.0,1385,1385
0.8,single_risk,all_concepts,18,2003,2023,20,2020.4341203351105,2021.0,1313,1313
0.8,single_risk,all_concepts,34,1998,2023,25,2020.4298642533936,2021.0,884,886
0.8,single_risk,all_concepts,1,2002,2023,21,2019.2925613496932,2020.0,2608,2613
0.8,single_risk,all_concepts,5,2006,2023,17,2019.9221014492753,2021.0,552,553
0.8,single_risk,all_concepts,30,2010,2023,13,2019.1897810218977,2020.0,137,137
0.8,single_risk,all_concepts,13,2013,2023,10,2021.572,2022.0,250,251
0.8,single_risk,all_concepts,35,2003,2023,20,2016.5384615384614,2016.0,429,429
0.8,single_risk,all_concepts,6,2007,2023,16,2020.5155080213904,2022.0,935,937
0.8,single_risk,all_concepts,21,2008,2023,15,2021.0106382978724,2022.0,564,575
0.8,single_risk,all_concepts,23,2012,2023,11,2021.528901734104,2022.0,346,369
0.8,single_risk,all_concepts,4,2008,2023,15,2020.446327683616,2021.0,354,357
0.8,single_risk,all_concepts,15,2008,2023,15,2021.5245098039215,2022.0,408,415
0.8,single_risk,all_concepts,12,2006,2023,17,2020.5652841781873,2022.0,1302,1307
0.8,single_risk,all_concepts,7,2008,2023,15,2021.2616099071208,2022.0,1292,1304
0.8,single_risk,all_concepts,19,2014,2023,9,2022.018691588785,2023.0,107,107
0.8,single_risk,all_concepts,3,2007,2023,16,2019.7980997624702,2021.0,421,421
0.8,single_risk,all_concepts,33,2016,2023,7,2021.6775510204081,2022.0,245,246
0.8,single_risk,all_concepts,22,2006,2023,17,2020.984572230014,2022.0,713,713
0.8,single_risk,all_concepts,8,2009,2023,14,2019.9373134328357,2022.0,1005,1005
0.8,single_risk,all_concepts,25,2008,2023,15,2019.8870967741937,2022.0,186,186
0.8,single_risk,all_concepts,11,2003,2023,20,2019.5882352941176,2021.0,493,493
0.8,single_risk,all_concepts,2,2006,2023,17,2021.3443858327053,2022.0,1327,1332
0.8,single_risk,all_concepts,9,2003,2023,20,2020.841637010676,2022.0,562,568
0.8,single_risk,all_concepts,10,2012,2023,11,2022.2881679389313,2023.0,524,524
0.8,single_risk,all_concepts,14,2008,2023,15,2020.8962264150944,2022.0,424,425
0.8,single_risk,all_concepts,27,2014,2023,9,2021.1244444444444,2021.0,225,227
0.8,single_risk,all_concepts,28,2016,2023,7,2020.641791044776,2021.0,134,134
0.8,single_risk,all_concepts,0,2006,2023,17,2020.3604060913706,2021.0,197,197
0.8,single_risk,all_concepts,17,2007,2023,16,2019.8782399035563,2020.0,1659,1660
0.8,single_risk,all_concepts,26,2006,2023,17,2020.6296296296296,2021.0,81,81
0.8,single_risk,all_concepts,20,2018,2023,5,2020.9782608695652,2021.0,92,92
0.8,single_risk,all_concepts,36,2009,2023,14,2020.7358490566037,2022.0,159,159
0.8,single_risk,all_concepts,24,2008,2023,15,2019.356807511737,2022.0,213,213
0.8,single_risk,all_concepts,29,2012,2023,11,2020.1931818181818,2021.0,88,88
0.8,single_risk,all_concepts,32,2022,2023,1,2022.3809523809523,2022.0,21,21
0.8,single_risk,all_concepts,31,2012,2023,11,2019.4418604651162,2020.0,43,43
0.8,single_risk,all_concepts,39,2022,2023,1,2022.5833333333333,2023.0,48,48
0.8,single_risk,all_concepts,38,2013,2023,10,2020.1818181818182,2021.0,11,11
0.8,single_risk,all_concepts,37,2013,2023,10,2021.032258064516,2022.0,31,31
0.8,single_risk,problem_analysis,38,2007,2023,16,2020.4169096209912,2021.0,343,344
0.8,single_risk,problem_analysis,16,2011,2023,12,2019.9478260869564,2022.0,230,230
0.8,single_risk,problem_analysis,4,2006,2023,17,2019.109589041096,2019.0,146,146
0.8,single_risk,problem_analysis,13,2006,2023,17,2019.6309523809523,2021.0,84,84
0.8,single_risk,problem_analysis,3,2008,2023,15,2021.4658385093169,2022.0,161,166
0.8,single_risk,problem_analysis,17,2014,2023,9,2020.6382978723404,2022.0,47,52
0.8,single_risk,problem_analysis,1,2003,2023,20,2021.3541666666667,2022.0,384,391
0.8,single_risk,problem_analysis,20,2012,2023,11,2020.5548780487804,2022.0,164,165
0.8,single_risk,problem_analysis,29,2015,2023,8,2021.4022988505747,2022.0,87,87
0.8,single_risk,problem_analysis,11,2014,2023,9,2021.871794871795,2022.0,117,117
0.8,single_risk,problem_analysis,8,2008,2023,15,2020.5301204819277,2022.0,83,83
0.8,single_risk,problem_analysis,7,2009,2023,14,2020.1436170212767,2022.0,188,188
0.8,single_risk,problem_analysis,22,2017,2023,6,2022.6486486486488,2023.0,37,37
0.8,single_risk,problem_analysis,15,2008,2023,15,2021.3221153846155,2022.0,208,209
0.8,single_risk,problem_analysis,32,2018,2023,5,2021.4,2022.0,95,96
0.8,single_risk,problem_analysis,0,2009,2023,14,2020.8408644400786,2022.0,509,511
0.8,single_risk,problem_analysis,18,2006,2023,17,2019.860294117647,2021.5,136,136
0.8,single_risk,problem_analysis,39,2008,2023,15,2020.9849056603773,2022.0,265,265
0.8,single_risk,problem_analysis,35,2006,2023,17,2020.537037037037,2022.0,54,54
0.8,single_risk,problem_analysis,9,2013,2023,10,2020.4957264957266,2021.0,117,117
0.8,single_risk,problem_analysis,5,2003,2023,20,2019.5898876404494,2021.0,178,178
0.8,single_risk,problem_analysis,2,2002,2023,21,2019.2884615384614,2020.0,208,208
0.8,single_risk,problem_analysis,10,2010,2023,13,2019.9163879598661,2020.0,299,299
0.8,single_risk,problem_analysis,14,2012,2023,11,2019.5228758169935,2020.0,153,153
0.8,single_risk,problem_analysis,12,2006,2023,17,2020.6057692307693,2022.0,104,104
0.8,single_risk,problem_analysis,31,2003,2022,19,2016.675,2017.0,40,41
0.8,single_risk,problem_analysis,37,2009,2023,14,2019.7281553398059,2020.0,206,206
0.8,single_risk,problem_analysis,6,2014,2023,9,2020.219827586207,2021.0,232,232
0.8,single_risk,problem_analysis,21,2008,2023,15,2020.7358490566037,2022.0,53,53
0.8,single_risk,problem_analysis,19,2012,2023,11,2020.8482490272374,2022.0,257,257
0.8,single_risk,problem_analysis,33,2017,2023,6,2021.051282051282,2022.0,39,39
0.8,single_risk,problem_analysis,28,2019,2023,4,2021.1666666666667,2021.0,36,36
0.8,single_risk,problem_analysis,27,2018,2023,5,2022.076923076923,2023.0,13,13
0.8,single_risk,problem_analysis,24,2008,2023,15,2019.5057471264367,2021.0,87,87
0.8,single_risk,problem_analysis,26,2016,2023,7,2021.1967213114754,2021.0,61,61
0.8,single_risk,problem_analysis,23,2016,2023,7,2022.009900990099,2022.0,101,101
0.8,single_risk,problem_analysis,25,2008,2023,15,2018.28,2020.0,75,75
0.8,single_risk,problem_analysis,30,2019,2022,3,2020.5,2020.5,2,2
0.8,single_risk,problem_analysis,36,2018,2023,5,2020.6153846153845,2020.0,13,13
0.8,single_risk,problem_analysis,34,2021,2022,1,2021.6666666666667,2022.0,3,3
0.8,single_risk,theoretical_insight,5,2002,2023,21,2018.4384615384615,2019.0,130,130
0.8,single_risk,theoretical_insight,11,2003,2023,20,2016.4622641509434,2017.0,106,106
0.8,single_risk,theoretical_insight,26,2013,2023,10,2020.5471698113208,2022.0,53,53
0.8,single_risk,theoretical_insight,21,2006,2023,17,2019.7865853658536,2020.0,164,164
0.8,single_risk,theoretical_insight,6,2012,2023,11,2020.6971428571428,2022.0,175,176
0.8,single_risk,theoretical_insight,1,2009,2023,14,2018.96,2019.5,50,50
0.8,single_risk,theoretical_insight,15,2006,2023,17,2019.6385542168675,2020.0,166,166
0.8,single_risk,theoretical_insight,4,2011,2023,12,2020.514423076923,2022.0,208,209
0.8,single_risk,theoretical_insight,30,1998,2023,25,2020.213953488372,2021.0,215,215
0.8,single_risk,theoretical_insight,37,2013,2023,10,2019.8837209302326,2020.0,43,43
0.8,single_risk,theoretical_insight,12,2010,2023,13,2021.1106194690265,2022.0,226,227
0.8,single_risk,theoretical_insight,9,2013,2023,10,2021.3237410071943,2022.0,139,139
0.8,single_risk,theoretical_insight,18,2012,2023,11,2020.2244897959183,2022.0,147,147
0.8,single_risk,theoretical_insight,22,2010,2023,13,2019.8115183246073,2020.0,191,191
0.8,single_risk,theoretical_insight,3,2010,2023,13,2020.019920318725,2020.0,251,251
0.8,single_risk,theoretical_insight,10,2006,2023,17,2018.9512195121952,2019.0,41,41
0.8,single_risk,theoretical_insight,25,2012,2023,11,2018.05,2019.0,20,20
0.8,single_risk,theoretical_insight,34,2013,2023,10,2021.4612068965516,2022.0,232,235
0.8,single_risk,theoretical_insight,19,2010,2023,13,2020.8741721854306,2022.0,151,152
0.8,single_risk,theoretical_insight,14,2005,2023,18,2020.0673076923076,2021.5,104,104
0.8,single_risk,theoretical_insight,38,2012,2023,11,2022.0,2022.0,51,51
0.8,single_risk,theoretical_insight,39,2014,2023,9,2020.076923076923,2021.0,26,26
0.8,single_risk,theoretical_insight,20,2008,2023,15,2021.097142857143,2022.0,175,180
0.8,single_risk,theoretical_insight,0,2008,2023,15,2020.5384615384614,2022.0,117,117
0.8,single_risk,theoretical_insight,36,2010,2023,13,2018.957627118644,2020.0,118,118
0.8,single_risk,theoretical_insight,29,2008,2023,15,2019.5526315789473,2021.0,76,76
0.8,single_risk,theoretical_insight,23,2020,2023,3,2022.0,2022.0,8,8
0.8,single_risk,theoretical_insight,17,2008,2023,15,2021.3153153153153,2022.0,111,111
0.8,single_risk,theoretical_insight,28,2017,2023,6,2022.0,2023.0,47,50
0.8,single_risk,theoretical_insight,8,2011,2023,12,2020.7466666666667,2022.0,150,151
0.8,single_risk,theoretical_insight,31,2012,2023,11,2019.5483870967741,2020.0,31,31
0.8,single_risk,theoretical_insight,13,2012,2023,11,2020.5657894736842,2022.0,76,76
0.8,single_risk,theoretical_insight,16,2014,2023,9,2021.467213114754,2022.0,122,122
0.8,single_risk,theoretical_insight,27,2020,2022,2,2020.625,2020.0,8,8
0.8,single_risk,theoretical_insight,33,2014,2022,8,2019.7619047619048,2021.0,21,21
0.8,single_risk,theoretical_insight,32,2011,2023,12,2019.2391304347825,2020.0,46,46
0.8,single_risk,theoretical_insight,24,2006,2023,17,2020.4651162790697,2021.0,43,43
0.8,single_risk,theoretical_insight,7,2020,2023,3,2022.5217391304348,2023.0,23,23
0.8,single_risk,theoretical_insight,35,2017,2023,6,2022.0,2023.0,8,8
0.8,single_risk,theoretical_insight,2,2017,2022,5,2020.25,2021.0,12,12
0.8,single_risk,design_rationale,9,2006,2023,17,2019.5507246376812,2020.0,276,276
0.8,single_risk,design_rationale,36,2010,2023,13,2019.4224137931035,2020.0,116,116
0.8,single_risk,design_rationale,23,2008,2022,14,2019.9130434782608,2021.0,46,46
0.8,single_risk,design_rationale,12,2010,2023,13,2018.5684931506848,2019.0,146,146
0.8,single_risk,design_rationale,34,2013,2022,9,2018.1538461538462,2017.0,13,13
0.8,single_risk,design_rationale,8,2006,2023,17,2020.7894736842106,2022.0,266,266
0.8,single_risk,design_rationale,35,2006,2023,17,2020.8628571428571,2022.0,175,175
0.8,single_risk,design_rationale,7,2011,2023,12,2019.5174129353234,2020.0,201,201
0.8,single_risk,design_rationale,1,2008,2023,15,2020.3025936599424,2022.0,347,347
0.8,single_risk,design_rationale,21,2008,2023,15,2018.6170212765958,2019.0,47,47
0.8,single_risk,design_rationale,25,2014,2023,9,2021.6814159292035,2022.0,113,113
0.8,single_risk,design_rationale,3,2007,2023,16,2020.1448863636363,2022.0,352,353
0.8,single_risk,design_rationale,10,2012,2023,11,2019.9442231075698,2020.0,251,252
0.8,single_risk,design_rationale,30,2015,2023,8,2021.8307692307692,2022.0,65,65
0.8,single_risk,design_rationale,2,2009,2023,14,2021.0615384615385,2022.0,390,393
0.8,single_risk,design_rationale,37,2017,2023,6,2021.2727272727273,2022.0,11,11
0.8,single_risk,design_rationale,6,2018,2023,5,2021.3766233766235,2022.0,77,78
0.8,single_risk,design_rationale,24,2017,2023,6,2021.7857142857142,2022.0,70,70
0.8,single_risk,design_rationale,33,2012,2023,11,2020.0224719101125,2020.5,178,178
0.8,single_risk,design_rationale,15,2012,2023,11,2021.9662921348315,2023.0,89,89
0.8,single_risk,design_rationale,4,2007,2023,16,2021.1913043478262,2022.0,115,115
0.8,single_risk,design_rationale,0,2003,2023,20,2018.4649681528663,2020.0,157,157
0.8,single_risk,design_rationale,26,2005,2023,18,2020.2479338842975,2021.0,121,122
0.8,single_risk,design_rationale,22,2012,2023,11,2021.61,2022.0,100,105
0.8,single_risk,design_rationale,39,2016,2023,7,2020.7922077922078,2021.0,77,77
0.8,single_risk,design_rationale,31,2018,2022,4,2020.7,2020.5,10,10
0.8,single_risk,design_rationale,27,2008,2023,15,2019.6019417475727,2022.0,103,103
0.8,single_risk,design_rationale,5,2016,2023,7,2021.52,2022.0,50,50
0.8,single_risk,design_rationale,16,2002,2023,21,2019.4259259259259,2021.0,54,54
0.8,single_risk,design_rationale,19,2017,2023,6,2020.59375,2021.0,32,32
0.8,single_risk,design_rationale,18,2016,2022,6,2019.6,2020.0,15,15
0.8,single_risk,design_rationale,14,2012,2023,11,2015.0,2012.0,11,11
0.8,single_risk,design_rationale,32,2016,2023,7,2021.4736842105262,2022.0,19,19
0.8,single_risk,design_rationale,13,2013,2023,10,2021.0238095238096,2021.5,42,42
0.8,single_risk,design_rationale,20,2015,2023,8,2021.1666666666667,2021.5,12,12
0.8,single_risk,design_rationale,17,2008,2023,15,2019.625,2020.0,40,40
0.8,single_risk,design_rationale,29,2013,2023,10,2020.3333333333333,2021.0,27,27
0.8,single_risk,design_rationale,11,2009,2023,14,2020.75,2022.0,48,48
0.8,single_risk,design_rationale,38,2017,2023,6,2019.904761904762,2020.0,21,21
0.8,single_risk,design_rationale,28,2019,2020,1,2019.5,2019.5,2,2
0.8,single_risk,implementation_mechanism,0,2002,2023,21,2019.5050505050506,2020.0,297,298
0.8,single_risk,implementation_mechanism,2,2003,2023,20,2019.2993492407809,2020.0,461,462
0.8,single_risk,implementation_mechanism,35,2012,2023,11,2019.7857142857142,2020.0,70,70
0.8,single_risk,implementation_mechanism,27,2003,2023,20,2016.8877551020407,2017.0,98,98
0.8,single_risk,implementation_mechanism,24,2013,2023,10,2021.2435233160622,2022.0,193,193
0.8,single_risk,implementation_mechanism,6,2009,2023,14,2021.189591078067,2022.0,269,270
0.8,single_risk,implementation_mechanism,11,2007,2023,16,2020.906103286385,2022.0,213,213
0.8,single_risk,implementation_mechanism,9,2011,2023,12,2019.5885714285714,2020.0,175,175
0.8,single_risk,implementation_mechanism,1,2013,2023,10,2021.0294117647059,2022.0,34,34
0.8,single_risk,implementation_mechanism,4,2006,2023,17,2019.605,2019.0,200,200
0.8,single_risk,implementation_mechanism,20,2016,2022,6,2018.695652173913,2018.0,23,23
0.8,single_risk,implementation_mechanism,21,2008,2023,15,2019.1527777777778,2022.0,72,72
0.8,single_risk,implementation_mechanism,17,2013,2023,10,2020.6979166666667,2021.0,96,96
0.8,single_risk,implementation_mechanism,33,2016,2023,7,2020.2083333333333,2020.5,24,24
0.8,single_risk,implementation_mechanism,13,2010,2023,13,2020.0652173913043,2021.0,46,46
0.8,single_risk,implementation_mechanism,26,2017,2023,6,2021.4117647058824,2022.0,51,53
0.8,single_risk,implementation_mechanism,22,2014,2023,9,2021.6106194690265,2022.0,113,115
0.8,single_risk,implementation_mechanism,19,2008,2023,15,2021.4492753623188,2023.0,138,138
0.8,single_risk,implementation_mechanism,32,2012,2023,11,2018.2,2018.0,15,15
0.8,single_risk,implementation_mechanism,30,2006,2023,17,2020.8333333333333,2022.0,66,66
0.8,single_risk,implementation_mechanism,34,2006,2023,17,2021.6666666666667,2022.0,78,78
0.8,single_risk,implementation_mechanism,18,2007,2023,16,2020.164383561644,2022.0,73,73
0.8,single_risk,implementation_mechanism,16,2018,2023,5,2021.6944444444443,2022.0,72,73
0.8,single_risk,implementation_mechanism,10,2008,2023,15,2021.5670103092784,2022.0,97,98
0.8,single_risk,implementation_mechanism,29,2003,2023,20,2020.3398692810458,2022.0,153,153
0.8,single_risk,implementation_mechanism,12,2011,2023,12,2020.0,2021.0,39,40
0.8,single_risk,implementation_mechanism,14,2008,2023,15,2020.0564516129032,2021.0,124,124
0.8,single_risk,implementation_mechanism,3,2010,2023,13,2020.2133333333334,2022.0,225,225
0.8,single_risk,implementation_mechanism,15,2016,2023,7,2021.322033898305,2022.0,59,61
0.8,single_risk,implementation_mechanism,5,2007,2023,16,2019.056,2019.0,125,125
0.8,single_risk,implementation_mechanism,23,2013,2023,10,2020.9285714285713,2021.0,28,28
0.8,single_risk,implementation_mechanism,38,2013,2023,10,2021.3896103896104,2022.0,77,83
0.8,single_risk,implementation_mechanism,28,2013,2023,10,2020.1666666666667,2021.5,18,18
0.8,single_risk,implementation_mechanism,8,2011,2023,12,2021.3625,2022.0,240,242
0.8,single_risk,implementation_mechanism,25,2013,2023,10,2021.2674418604652,2022.0,86,86
0.8,single_risk,implementation_mechanism,39,2012,2023,11,2020.2265625,2022.0,128,128
0.8,single_risk,implementation_mechanism,31,2022,2023,1,2022.7,2023.0,10,10
0.8,single_risk,implementation_mechanism,37,2013,2023,10,2020.0,2021.0,11,11
0.8,single_risk,implementation_mechanism,36,2016,2023,7,2020.25,2020.0,36,36
0.8,single_risk,implementation_mechanism,7,2012,2023,11,2019.6842105263158,2020.0,38,38
0.8,single_risk,validation_evidence,9,2003,2023,20,2019.5354838709677,2020.0,310,310
0.8,single_risk,validation_evidence,1,2003,2023,20,2019.1754385964912,2020.0,57,57
0.8,single_risk,validation_evidence,14,2006,2023,17,2018.8702290076335,2020.0,131,131
0.8,single_risk,validation_evidence,6,2008,2023,15,2020.8161764705883,2022.0,136,137
0.8,single_risk,validation_evidence,26,2016,2023,7,2021.676923076923,2022.0,65,65
0.8,single_risk,validation_evidence,17,2005,2023,18,2020.47311827957,2022.0,93,94
0.8,single_risk,validation_evidence,29,2017,2023,6,2021.1764705882354,2021.0,34,34
0.8,single_risk,validation_evidence,4,2010,2023,13,2020.2848837209303,2020.5,172,173
0.8,single_risk,validation_evidence,11,2010,2023,13,2021.958762886598,2023.0,194,194
0.8,single_risk,validation_evidence,8,2012,2023,11,2019.828282828283,2020.0,99,99
0.8,single_risk,validation_evidence,7,2009,2023,14,2019.2984293193717,2021.0,191,191
0.8,single_risk,validation_evidence,2,2013,2023,10,2020.5448275862068,2022.0,145,148
0.8,single_risk,validation_evidence,15,2010,2023,13,2019.6770833333333,2020.0,96,96
0.8,single_risk,validation_evidence,30,2012,2023,11,2019.533950617284,2020.0,324,324
0.8,single_risk,validation_evidence,31,2012,2023,11,2019.7794117647059,2020.5,68,68
0.8,single_risk,validation_evidence,37,2017,2023,6,2020.5172413793102,2021.0,29,29
0.8,single_risk,validation_evidence,32,2011,2023,12,2020.7837837837837,2021.0,37,37
0.8,single_risk,validation_evidence,13,2013,2023,10,2020.6363636363637,2021.0,77,78
0.8,single_risk,validation_evidence,21,2014,2023,9,2021.1509433962265,2022.0,53,55
0.8,single_risk,validation_evidence,20,2012,2023,11,2020.4545454545455,2021.0,77,77
0.8,single_risk,validation_evidence,16,2010,2023,13,2020.9272727272728,2022.0,110,110
0.8,single_risk,validation_evidence,22,2020,2023,3,2022.625,2023.0,8,8
0.8,single_risk,validation_evidence,5,2003,2023,20,2021.0,2023.0,84,84
0.8,single_risk,validation_evidence,10,2003,2023,20,2016.225,2015.5,40,40
0.8,single_risk,validation_evidence,36,2009,2023,14,2020.8785046728972,2022.0,107,108
0.8,single_risk,validation_evidence,34,2014,2023,9,2021.6209677419354,2023.0,124,126
0.8,single_risk,validation_evidence,25,2019,2023,4,2021.9642857142858,2022.0,56,57
0.8,single_risk,validation_evidence,0,2012,2023,11,2019.7297297297298,2021.0,74,74
0.8,single_risk,validation_evidence,18,2012,2023,11,2020.221052631579,2021.0,95,95
0.8,single_risk,validation_evidence,3,2019,2023,4,2022.1904761904761,2023.0,63,63
0.8,single_risk,validation_evidence,27,2002,2023,21,2018.2935779816514,2019.0,109,110
0.8,single_risk,validation_evidence,19,2019,2023,4,2021.2105263157894,2021.0,38,38
0.8,single_risk,validation_evidence,23,2018,2023,5,2022.0,2022.0,21,23
0.8,single_risk,validation_evidence,33,2015,2023,8,2021.6875,2022.0,16,16
0.8,single_risk,validation_evidence,39,2020,2023,3,2022.2413793103449,2022.0,29,29
0.8,single_risk,validation_evidence,24,2018,2023,5,2022.5185185185185,2023.0,27,27
0.8,single_risk,validation_evidence,12,2016,2023,7,2020.5333333333333,2021.0,15,15
0.8,single_risk,validation_evidence,38,2013,2022,9,2017.75,2018.0,4,4
0.8,single_risk,validation_evidence,28,2022,2022,0,2022.0,2022.0,7,7
0.8,single_risk,validation_evidence,35,2021,2021,0,2021.0,2021.0,1,1
0.8,monotonic,risk,30,1977,2023,46,2019.68978805395,2021.0,519,519
0.8,monotonic,risk,20,1994,2023,29,2018.7727272727273,2020.0,198,198
0.8,monotonic,risk,34,2010,2022,12,2019.357142857143,2020.5,14,14
0.8,monotonic,risk,5,2002,2023,21,2017.2466216216217,2016.0,296,296
0.8,monotonic,risk,19,2003,2023,20,2019.0752688172042,2020.0,93,93
0.8,monotonic,risk,12,2006,2023,17,2019.5988372093022,2020.0,516,516
0.8,monotonic,risk,25,2008,2023,15,2021.2222222222222,2022.0,180,180
0.8,monotonic,risk,1,1998,2023,25,2020.1884816753927,2021.0,382,384
0.8,monotonic,risk,14,2008,2023,15,2020.7887096774193,2022.0,620,623
0.8,monotonic,risk,2,2009,2023,14,2019.9273255813953,2020.0,344,345
0.8,monotonic,risk,10,2015,2023,8,2021.89,2023.0,200,202
0.8,monotonic,risk,3,2006,2023,17,2021.1349862258953,2022.0,363,363
0.8,monotonic,risk,8,2014,2023,9,2021.3628318584072,2022.0,113,115
0.8,monotonic,risk,7,2009,2023,14,2021.083650190114,2022.0,526,527
0.8,monotonic,risk,35,2015,2023,8,2020.8397435897436,2022.0,156,163
0.8,monotonic,risk,23,2014,2023,9,2020.986301369863,2022.0,73,74
0.8,monotonic,risk,32,2009,2023,14,2021.2814814814815,2022.0,135,135
0.8,monotonic,risk,9,1977,2023,46,2020.5231316725979,2021.0,281,281
0.8,monotonic,risk,39,2008,2023,15,2019.3333333333333,2020.0,72,72
0.8,monotonic,risk,13,2008,2023,15,2021.0883534136547,2022.0,249,249
0.8,monotonic,risk,16,2012,2023,11,2022.2164705882353,2023.0,425,425
0.8,monotonic,risk,36,2008,2023,15,2020.8048780487804,2021.0,123,123
0.8,monotonic,risk,0,2006,2023,17,2020.8402555910543,2022.0,313,313
0.8,monotonic,risk,21,2015,2022,7,2019.0625,2019.0,64,64
0.8,monotonic,risk,6,2006,2023,17,2020.1091445427728,2021.0,339,341
0.8,monotonic,risk,11,2008,2023,15,2018.3560606060605,2019.5,132,132
0.8,monotonic,risk,37,2018,2022,4,2020.6923076923076,2021.0,13,13
0.8,monotonic,risk,17,2012,2023,11,2020.0052356020942,2021.0,191,192
0.8,monotonic,risk,4,2011,2023,12,2019.8108108108108,2020.0,259,259
0.8,monotonic,risk,33,2010,2023,13,2021.1503759398497,2022.0,266,266
0.8,monotonic,risk,22,2008,2023,15,2020.3010526315788,2022.0,475,476
0.8,monotonic,risk,28,2017,2023,6,2021.1728395061727,2022.0,81,81
0.8,monotonic,risk,27,2016,2023,7,2021.0875,2021.0,80,81
0.8,monotonic,risk,31,2004,2023,19,2021.5193370165746,2023.0,181,181
0.8,monotonic,risk,29,2013,2023,10,2021.32,2022.0,25,25
0.8,monotonic,risk,38,2008,2023,15,2021.421052631579,2023.0,57,57
0.8,monotonic,risk,26,2009,2023,14,2021.2938144329896,2022.0,194,194
0.8,monotonic,risk,24,2011,2023,12,2020.675,2022.0,80,80
0.8,monotonic,risk,15,2008,2023,15,2018.4901960784314,2019.0,51,51
0.8,monotonic,risk,18,2008,2023,15,2017.2903225806451,2016.0,31,31
0.8,monotonic,intervention,1,2006,2023,17,2020.6386233269598,2022.0,523,523
0.8,monotonic,intervention,6,2011,2023,12,2019.4960317460318,2020.0,252,252
0.8,monotonic,intervention,18,2013,2023,10,2019.842105263158,2020.0,95,95
0.8,monotonic,intervention,26,2002,2023,21,2017.5135135135135,2018.0,74,74
0.8,monotonic,intervention,7,2003,2023,20,2020.378277153558,2022.0,267,268
0.8,monotonic,intervention,22,2014,2023,9,2020.41059602649,2021.0,151,152
0.8,monotonic,intervention,0,2010,2023,13,2019.8210116731518,2020.0,257,258
0.8,monotonic,intervention,34,2012,2023,11,2019.6258503401361,2020.0,147,147
0.8,monotonic,intervention,17,2010,2023,13,2020.253164556962,2021.0,79,79
0.8,monotonic,intervention,31,2018,2023,5,2022.2307692307693,2022.5,26,26
0.8,monotonic,intervention,2,1994,2023,29,2018.7558139534883,2019.0,172,172
0.8,monotonic,intervention,25,2018,2022,4,2020.2962962962963,2020.0,27,27
0.8,monotonic,intervention,36,2014,2023,9,2021.7945945945946,2023.0,185,186
0.8,monotonic,intervention,19,2013,2023,10,2020.504854368932,2021.0,103,103
0.8,monotonic,intervention,20,2008,2023,15,2020.2774566473988,2022.0,173,174
0.8,monotonic,intervention,16,2003,2023,20,2021.280303030303,2022.0,132,132
0.8,monotonic,intervention,15,2008,2023,15,2020.9800664451827,2022.0,301,304
0.8,monotonic,intervention,35,2013,2023,10,2020.578947368421,2021.0,38,38
0.8,monotonic,intervention,21,2011,2023,12,2017.4810126582279,2017.0,79,79
0.8,monotonic,intervention,8,2005,2023,18,2019.810650887574,2021.0,169,169
0.8,monotonic,intervention,10,2013,2023,10,2021.7293233082708,2022.0,133,139
0.8,monotonic,intervention,14,2008,2023,15,2021.1198156682028,2022.0,217,221
0.8,monotonic,intervention,39,2018,2023,5,2022.095238095238,2022.5,42,42
0.8,monotonic,intervention,4,2008,2023,15,2020.2475728155339,2022.0,206,207
0.8,monotonic,intervention,3,2014,2023,9,2020.84375,2022.0,64,64
0.8,monotonic,intervention,12,2009,2023,14,2020.544217687075,2022.0,294,295
0.8,monotonic,intervention,23,2013,2023,10,2018.6538461538462,2018.5,26,27
0.8,monotonic,intervention,13,2015,2023,8,2021.6603773584907,2022.0,53,54
0.8,monotonic,intervention,38,2015,2023,8,2020.6666666666667,2021.0,30,30
0.8,monotonic,intervention,37,2012,2023,11,2020.801886792453,2022.0,212,212
0.8,monotonic,intervention,24,2013,2023,10,2021.1538461538462,2022.0,39,39
0.8,monotonic,intervention,28,2011,2022,11,2015.3714285714286,2015.0,35,35
0.8,monotonic,intervention,30,2009,2023,14,2020.8461538461538,2022.0,39,39
0.8,monotonic,intervention,5,2012,2023,11,2019.8529411764705,2020.0,34,34
0.8,monotonic,intervention,33,2003,2023,20,2018.4102564102564,2019.0,39,39
0.8,monotonic,intervention,27,2021,2023,2,2022.7894736842106,2023.0,19,19
0.8,monotonic,intervention,9,2020,2023,3,2021.5,2021.0,14,14
0.8,monotonic,intervention,11,2003,2023,20,2017.5238095238096,2017.0,21,21
0.8,monotonic,intervention,32,2016,2023,7,2020.6153846153845,2020.5,26,26
0.8,monotonic,intervention,29,2021,2023,2,2022.0,2022.0,6,6
0.8,monotonic,all_concepts,8,2010,2023,13,2019.657774390244,2020.0,1312,1312
0.8,monotonic,all_concepts,5,2003,2023,20,2020.4172025723474,2021.0,1244,1244
0.8,monotonic,all_concepts,0,1998,2023,25,2019.6505944517833,2020.0,3028,3029
0.8,monotonic,all_concepts,35,2010,2023,13,2019.4601769911505,2020.0,113,113
0.8,monotonic,all_concepts,15,2002,2023,21,2018.5601092896175,2019.0,366,371
0.8,monotonic,all_concepts,9,2003,2023,20,2017.3718487394958,2018.0,476,476
0.8,monotonic,all_concepts,2,2003,2023,20,2020.3805309734514,2021.0,904,906
0.8,monotonic,all_concepts,3,2008,2023,15,2020.8330341113106,2022.0,557,567
0.8,monotonic,all_concepts,11,2010,2023,13,2021.2835820895523,2022.0,335,357
0.8,monotonic,all_concepts,37,2008,2023,15,2020.2739273927393,2022.0,303,306
0.8,monotonic,all_concepts,1,2008,2023,15,2021.1873015873016,2022.0,630,638
0.8,monotonic,all_concepts,19,2006,2023,17,2020.7761394101876,2022.0,746,750
0.8,monotonic,all_concepts,26,2008,2023,15,2021.4130052724076,2022.0,1138,1150
0.8,monotonic,all_concepts,16,2003,2023,20,2020.1576787807737,2022.0,1706,1708
0.8,monotonic,all_concepts,24,2014,2023,9,2021.6121495327102,2022.0,214,214
0.8,monotonic,all_concepts,23,2009,2023,14,2020.4645669291338,2022.0,254,254
0.8,monotonic,all_concepts,30,2017,2023,6,2021.778409090909,2022.0,176,177
0.8,monotonic,all_concepts,10,2006,2023,17,2020.9261133603238,2022.0,988,989
0.8,monotonic,all_concepts,22,2012,2023,11,2021.367403314917,2022.0,362,363
0.8,monotonic,all_concepts,14,2013,2023,10,2021.5377358490566,2022.0,848,853
0.8,monotonic,all_concepts,36,2007,2023,16,2019.2324324324325,2019.0,185,185
0.8,monotonic,all_concepts,32,2008,2023,15,2019.7833333333333,2021.0,180,180
0.8,monotonic,all_concepts,12,2003,2023,20,2019.648888888889,2021.0,675,679
0.8,monotonic,all_concepts,7,2012,2023,11,2022.2495164410059,2023.0,517,517
0.8,monotonic,all_concepts,13,2014,2023,9,2021.1598173515981,2022.0,219,221
0.8,monotonic,all_concepts,6,2010,2023,13,2019.9116338207248,2020.0,1573,1574
0.8,monotonic,all_concepts,38,2016,2023,7,2020.6363636363637,2021.0,121,121
0.8,monotonic,all_concepts,4,2006,2023,17,2020.2463768115942,2021.0,345,345
0.8,monotonic,all_concepts,21,2006,2023,17,2020.8245614035088,2022.0,57,57
0.8,monotonic,all_concepts,17,2018,2023,5,2021.09375,2021.0,96,96
0.8,monotonic,all_concepts,29,2008,2023,15,2020.9840255591055,2022.0,313,313
0.8,monotonic,all_concepts,33,2008,2023,15,2019.2844036697247,2022.0,109,109
0.8,monotonic,all_concepts,18,2012,2023,11,2020.0987654320988,2020.0,81,81
0.8,monotonic,all_concepts,25,2022,2023,1,2022.2631578947369,2022.0,19,19
0.8,monotonic,all_concepts,31,2012,2023,11,2019.2222222222222,2020.0,45,45
0.8,monotonic,all_concepts,20,2022,2023,1,2022.591836734694,2023.0,49,49
0.8,monotonic,all_concepts,28,2013,2023,10,2020.9375,2022.0,32,32
0.8,monotonic,all_concepts,39,2008,2022,14,2015.5454545454545,2015.5,22,22
0.8,monotonic,all_concepts,27,2013,2022,9,2016.25,2017.0,8,8
0.8,monotonic,all_concepts,34,2015,2023,8,2021.357142857143,2021.5,14,14
0.8,monotonic,problem_analysis,22,2002,2023,21,2019.294498381877,2019.0,309,309
0.8,monotonic,problem_analysis,17,2006,2023,17,2019.460396039604,2021.0,202,203
0.8,monotonic,problem_analysis,6,2013,2023,10,2019.7666666666667,2021.0,90,90
0.8,monotonic,problem_analysis,1,2010,2023,13,2019.6103896103896,2020.0,231,231
0.8,monotonic,problem_analysis,28,2007,2023,16,2020.3524590163934,2021.0,366,367
0.8,monotonic,problem_analysis,24,2008,2023,15,2021.3861386138615,2022.0,101,109
0.8,monotonic,problem_analysis,34,2014,2023,9,2021.197080291971,2022.0,137,139
0.8,monotonic,problem_analysis,14,2008,2023,15,2021.551948051948,2022.0,308,313
0.8,monotonic,problem_analysis,11,2010,2023,13,2020.4125874125873,2022.0,143,144
0.8,monotonic,problem_analysis,23,2015,2023,8,2021.372340425532,2022.0,94,94
0.8,monotonic,problem_analysis,12,2014,2023,9,2021.6554621848738,2022.0,119,119
0.8,monotonic,problem_analysis,4,2008,2023,15,2020.56,2022.0,100,100
0.8,monotonic,problem_analysis,31,2012,2023,11,2020.4674556213017,2022.0,169,169
0.8,monotonic,problem_analysis,16,2018,2023,5,2022.6170212765958,2023.0,47,47
0.8,monotonic,problem_analysis,35,2008,2023,15,2021.2958333333333,2022.0,240,242
0.8,monotonic,problem_analysis,13,2009,2023,14,2020.1612903225807,2022.0,248,248
0.8,monotonic,problem_analysis,10,2003,2023,20,2021.1314285714286,2022.0,175,177
0.8,monotonic,problem_analysis,33,2010,2023,13,2021.0258620689656,2022.0,116,117
0.8,monotonic,problem_analysis,8,2009,2023,14,2020.899419729207,2022.0,517,519
0.8,monotonic,problem_analysis,30,2009,2023,14,2019.4807692307693,2020.5,52,52
0.8,monotonic,problem_analysis,20,2008,2023,15,2020.9464285714287,2022.0,280,280
0.8,monotonic,problem_analysis,37,2006,2023,17,2020.2916666666667,2022.0,72,72
0.8,monotonic,problem_analysis,25,2012,2023,11,2018.5,2020.0,16,16
0.8,monotonic,problem_analysis,2,2003,2023,20,2019.5454545454545,2021.0,231,231
0.8,monotonic,problem_analysis,7,2013,2023,10,2020.9794520547946,2022.0,292,292
0.8,monotonic,problem_analysis,15,2013,2023,10,2019.0,2019.0,107,107
0.8,monotonic,problem_analysis,0,2010,2023,13,2019.840625,2020.0,320,320
0.8,monotonic,problem_analysis,29,2006,2023,17,2020.4234234234234,2021.0,111,111
0.8,monotonic,problem_analysis,18,2014,2023,9,2020.7113402061855,2021.0,97,97
0.8,monotonic,problem_analysis,9,2015,2023,8,2020.291304347826,2021.0,230,230
0.8,monotonic,problem_analysis,3,2008,2023,15,2019.9375,2021.0,80,80
0.8,monotonic,problem_analysis,21,2019,2023,4,2021.2702702702702,2021.0,37,37
0.8,monotonic,problem_analysis,19,2013,2022,9,2018.0,2020.0,5,5
0.8,monotonic,problem_analysis,38,2008,2023,15,2018.8783783783783,2020.5,74,74
0.8,monotonic,problem_analysis,5,2008,2023,15,2019.2916666666667,2021.0,24,24
0.8,monotonic,problem_analysis,27,2016,2023,7,2022.142857142857,2023.0,98,98
0.8,monotonic,problem_analysis,26,2006,2023,17,2018.6913580246915,2020.0,81,81
0.8,monotonic,problem_analysis,32,2018,2023,5,2020.6470588235295,2021.0,17,17
0.8,monotonic,problem_analysis,39,2022,2023,1,2022.4444444444443,2022.0,9,9
0.8,monotonic,problem_analysis,36,2019,2022,3,2021.0,2022.0,3,3
0.8,monotonic,theoretical_insight,13,2002,2022,20,2018.4166666666667,2019.0,48,48
0.8,monotonic,theoretical_insight,10,2003,2023,20,2017.1960784313726,2017.5,102,102
0.8,monotonic,theoretical_insight,22,2013,2023,10,2020.6470588235295,2022.0,34,34
0.8,monotonic,theoretical_insight,29,1998,2023,25,2020.0263157894738,2021.0,190,190
0.8,monotonic,theoretical_insight,26,2012,2023,11,2020.7173913043478,2022.0,138,139
0.8,monotonic,theoretical_insight,19,2009,2023,14,2018.92,2020.0,25,25
0.8,monotonic,theoretical_insight,16,2006,2023,17,2019.5,2020.0,176,176
0.8,monotonic,theoretical_insight,15,2011,2023,12,2020.2727272727273,2022.0,165,166
0.8,monotonic,theoretical_insight,1,2007,2023,16,2018.591836734694,2019.0,147,147
0.8,monotonic,theoretical_insight,12,2006,2023,17,2020.9598214285713,2022.0,224,225
0.8,monotonic,theoretical_insight,14,2010,2023,13,2020.7766497461928,2022.0,197,197
0.8,monotonic,theoretical_insight,20,2006,2023,17,2020.1767955801106,2021.0,181,181
0.8,monotonic,theoretical_insight,8,2010,2023,13,2019.8144329896907,2020.0,194,194
0.8,monotonic,theoretical_insight,6,2010,2023,13,2019.8779342723005,2020.0,213,213
0.8,monotonic,theoretical_insight,5,2006,2023,17,2020.0806451612902,2021.0,62,62
0.8,monotonic,theoretical_insight,18,2013,2023,10,2021.379746835443,2022.0,237,240
0.8,monotonic,theoretical_insight,4,2006,2023,17,2019.6842105263158,2020.0,152,152
0.8,monotonic,theoretical_insight,9,2012,2023,11,2022.1666666666667,2023.0,78,78
0.8,monotonic,theoretical_insight,39,2014,2023,9,2020.076923076923,2021.0,26,26
0.8,monotonic,theoretical_insight,0,2010,2023,13,2019.8846153846155,2020.0,130,130
0.8,monotonic,theoretical_insight,34,2008,2023,15,2021.0857142857142,2022.0,140,144
0.8,monotonic,theoretical_insight,35,2008,2023,15,2019.3972602739725,2021.0,73,73
0.8,monotonic,theoretical_insight,24,2020,2023,3,2022.0,2022.0,8,8
0.8,monotonic,theoretical_insight,17,2015,2023,8,2021.4901960784314,2022.0,102,102
0.8,monotonic,theoretical_insight,32,2017,2023,6,2021.9777777777779,2023.0,45,48
0.8,monotonic,theoretical_insight,7,2011,2023,12,2020.7019867549668,2022.0,151,152
0.8,monotonic,theoretical_insight,31,2012,2023,11,2019.6785714285713,2020.5,28,28
0.8,monotonic,theoretical_insight,27,2013,2023,10,2021.15,2022.0,60,60
0.8,monotonic,theoretical_insight,30,2017,2023,6,2021.6896551724137,2023.0,29,29
0.8,monotonic,theoretical_insight,3,2013,2023,10,2019.9375,2021.0,48,48
0.8,monotonic,theoretical_insight,21,2014,2023,9,2021.2875,2022.0,80,80
0.8,monotonic,theoretical_insight,2,2018,2023,5,2021.157894736842,2022.0,19,19
0.8,monotonic,theoretical_insight,38,2016,2022,6,2018.2727272727273,2017.0,11,11
0.8,monotonic,theoretical_insight,25,2013,2023,10,2021.4607843137255,2022.0,102,102
0.8,monotonic,theoretical_insight,33,2014,2023,9,2020.0416666666667,2022.0,24,24
0.8,monotonic,theoretical_insight,37,2005,2023,18,2020.2702702702702,2022.0,74,74
0.8,monotonic,theoretical_insight,28,2014,2023,9,2020.9375,2021.5,16,16
0.8,monotonic,theoretical_insight,36,2012,2023,11,2018.9642857142858,2019.5,28,28
0.8,monotonic,theoretical_insight,11,2012,2023,11,2019.9565217391305,2021.0,23,23
0.8,monotonic,theoretical_insight,23,2017,2023,6,2020.2,2020.0,20,20
0.8,monotonic,design_rationale,10,2006,2023,17,2019.6089108910892,2020.0,202,202
0.8,monotonic,design_rationale,37,2014,2023,9,2019.6,2020.0,30,30
0.8,monotonic,design_rationale,9,2003,2023,20,2018.7586206896551,2019.0,58,58
0.8,monotonic,design_rationale,15,2006,2023,17,2020.7826086956522,2022.0,230,230
0.8,monotonic,design_rationale,36,2006,2023,17,2020.7293577981652,2021.0,218,218
0.8,monotonic,design_rationale,19,2012,2023,11,2019.9372197309417,2020.0,223,224
0.8,monotonic,design_rationale,30,2006,2023,17,2019.4647887323943,2020.0,142,142
0.8,monotonic,design_rationale,20,2008,2023,15,2020.4460093896714,2022.0,213,213
0.8,monotonic,design_rationale,4,2008,2023,15,2019.7285714285715,2020.0,70,70
0.8,monotonic,design_rationale,38,2008,2023,15,2019.2,2019.0,45,45
0.8,monotonic,design_rationale,5,2009,2023,14,2018.688524590164,2019.0,183,183
0.8,monotonic,design_rationale,3,2014,2023,9,2021.7226890756303,2023.0,119,119
0.8,monotonic,design_rationale,16,2010,2023,13,2020.2699115044247,2022.0,226,228
0.8,monotonic,design_rationale,8,2012,2023,11,2019.8531468531469,2021.0,143,143
0.8,monotonic,design_rationale,39,2015,2023,8,2021.5,2022.0,52,52
0.8,monotonic,design_rationale,0,2005,2023,18,2018.7586206896551,2020.0,58,58
0.8,monotonic,design_rationale,31,2002,2023,21,2018.7857142857142,2021.5,14,14
0.8,monotonic,design_rationale,32,2012,2023,11,2021.0899653979238,2022.0,289,292
0.8,monotonic,design_rationale,21,2013,2023,10,2022.1764705882354,2023.0,68,68
0.8,monotonic,design_rationale,6,2018,2023,5,2021.9538461538461,2023.0,65,65
0.8,monotonic,design_rationale,29,2017,2023,6,2021.8979591836735,2022.0,49,49
0.8,monotonic,design_rationale,18,2012,2023,11,2019.8333333333333,2020.0,108,108
0.8,monotonic,design_rationale,35,2013,2023,10,2020.2564102564102,2022.0,39,39
0.8,monotonic,design_rationale,27,2016,2023,7,2021.1029411764705,2022.0,68,68
0.8,monotonic,design_rationale,7,2011,2023,12,2018.5702479338843,2019.0,121,121
0.8,monotonic,design_rationale,11,2009,2023,14,2020.3265306122448,2021.0,98,98
0.8,monotonic,design_rationale,34,2012,2023,11,2020.1097560975609,2022.0,82,82
0.8,monotonic,design_rationale,28,2012,2023,11,2021.654761904762,2022.0,84,89
0.8,monotonic,design_rationale,2,2016,2023,7,2021.051282051282,2021.0,117,118
0.8,monotonic,design_rationale,1,2007,2023,16,2019.6415094339623,2022.0,106,106
0.8,monotonic,design_rationale,14,2010,2023,13,2019.2692307692307,2020.0,52,52
0.8,monotonic,design_rationale,33,2017,2023,6,2021.4242424242425,2021.0,33,33
0.8,monotonic,design_rationale,23,2018,2022,4,2020.3703703703704,2021.0,27,27
0.8,monotonic,design_rationale,26,2008,2023,15,2020.7118644067796,2022.0,59,59
0.8,monotonic,design_rationale,17,2013,2023,10,2020.655172413793,2022.0,29,29
0.8,monotonic,design_rationale,24,2013,2023,10,2021.0,2021.0,29,29
0.8,monotonic,design_rationale,25,2017,2023,6,2019.8823529411766,2020.0,17,17
0.8,monotonic,design_rationale,12,2018,2023,5,2021.7777777777778,2023.0,9,9
0.8,monotonic,design_rationale,13,2018,2023,5,2021.4285714285713,2021.5,14,14
0.8,monotonic,design_rationale,22,2003,2023,20,2020.3181818181818,2022.0,22,22
0.8,monotonic,implementation_mechanism,12,2012,2023,11,2019.8343195266273,2020.0,169,169
0.8,monotonic,implementation_mechanism,18,2003,2023,20,2018.7603305785124,2019.0,121,121
0.8,monotonic,implementation_mechanism,37,2013,2022,9,2020.0,2020.0,37,37
0.8,monotonic,implementation_mechanism,30,2003,2023,20,2017.2277227722773,2017.0,101,101
0.8,monotonic,implementation_mechanism,23,2006,2023,17,2021.017543859649,2022.0,171,171
0.8,monotonic,implementation_mechanism,17,2009,2023,14,2021.2808510638297,2022.0,235,236
0.8,monotonic,implementation_mechanism,3,2011,2023,12,2020.1165644171779,2022.0,163,163
0.8,monotonic,implementation_mechanism,4,2015,2023,8,2020.9583333333333,2022.0,144,144
0.8,monotonic,implementation_mechanism,8,2012,2023,11,2019.702857142857,2020.0,175,175
0.8,monotonic,implementation_mechanism,32,2013,2022,9,2018.888888888889,2020.0,9,9
0.8,monotonic,implementation_mechanism,19,2006,2023,17,2019.3267326732673,2019.0,101,101
0.8,monotonic,implementation_mechanism,38,2008,2023,15,2018.9107142857142,2022.0,56,56
0.8,monotonic,implementation_mechanism,2,2011,2023,12,2021.0,2022.0,214,215
0.8,monotonic,implementation_mechanism,16,2013,2023,10,2020.25,2021.0,52,52
0.8,monotonic,implementation_mechanism,13,2006,2023,17,2021.2037037037037,2022.0,54,56
0.8,monotonic,implementation_mechanism,0,2002,2023,21,2019.3509316770187,2020.0,322,322
0.8,monotonic,implementation_mechanism,1,2013,2023,10,2021.2543859649122,2022.0,114,116
0.8,monotonic,implementation_mechanism,14,2011,2023,12,2021.4943820224719,2022.0,89,89
0.8,monotonic,implementation_mechanism,26,2012,2023,11,2018.2666666666667,2018.0,15,15
0.8,monotonic,implementation_mechanism,25,2006,2023,17,2021.3478260869565,2022.0,46,46
0.8,monotonic,implementation_mechanism,22,2018,2023,5,2021.7922077922078,2022.0,77,77
0.8,monotonic,implementation_mechanism,34,2007,2023,16,2020.1081081081081,2021.0,74,74
0.8,monotonic,implementation_mechanism,11,2010,2023,13,2020.064039408867,2022.0,203,203
0.8,monotonic,implementation_mechanism,10,2012,2023,11,2020.272,2020.0,125,125
0.8,monotonic,implementation_mechanism,27,2022,2023,1,2022.75,2023.0,32,33
0.8,monotonic,implementation_mechanism,6,2013,2023,10,2021.9649122807018,2023.0,114,115
0.8,monotonic,implementation_mechanism,28,2003,2023,20,2020.2307692307693,2022.0,52,52
0.8,monotonic,implementation_mechanism,35,2008,2023,15,2019.5333333333333,2021.0,75,75
0.8,monotonic,implementation_mechanism,7,2011,2023,12,2020.3541666666667,2021.0,48,49
0.8,monotonic,implementation_mechanism,21,2019,2023,4,2022.1052631578948,2022.0,19,19
0.8,monotonic,implementation_mechanism,15,2013,2023,10,2021.2615384615385,2022.0,130,133
0.8,monotonic,implementation_mechanism,20,2014,2023,9,2021.6271186440679,2022.0,59,65
0.8,monotonic,implementation_mechanism,9,2010,2023,13,2019.0530973451328,2020.0,113,115
0.8,monotonic,implementation_mechanism,31,2013,2023,10,2019.090909090909,2020.0,11,11
0.8,monotonic,implementation_mechanism,36,2012,2023,11,2020.6829268292684,2021.0,41,41
0.8,monotonic,implementation_mechanism,5,2008,2023,15,2019.22,2020.0,50,50
0.8,monotonic,implementation_mechanism,39,2022,2023,1,2022.7,2023.0,10,10
0.8,monotonic,implementation_mechanism,24,2011,2023,12,2019.15,2019.5,40,40
0.8,monotonic,implementation_mechanism,29,2013,2023,10,2020.6666666666667,2021.0,21,21
0.8,monotonic,implementation_mechanism,33,2008,2023,15,2019.0555555555557,2020.0,54,54
0.8,monotonic,validation_evidence,30,2003,2023,20,2019.7698744769875,2020.0,239,239
0.8,monotonic,validation_evidence,8,2006,2023,17,2019.0817610062893,2019.0,159,159
0.8,monotonic,validation_evidence,5,2006,2023,17,2019.0545454545454,2020.0,110,110
0.8,monotonic,validation_evidence,12,2003,2023,20,2021.2686567164178,2022.0,134,135
0.8,monotonic,validation_evidence,35,2016,2023,7,2021.6140350877192,2022.0,57,57
0.8,monotonic,validation_evidence,33,2005,2023,18,2020.4814814814815,2022.0,108,110
0.8,monotonic,validation_evidence,25,2019,2023,4,2021.2962962962963,2021.0,27,27
0.8,monotonic,validation_evidence,0,2010,2023,13,2020.0797101449275,2020.0,138,138
0.8,monotonic,validation_evidence,16,2019,2023,4,2022.0459770114942,2022.0,87,87
0.8,monotonic,validation_evidence,13,2012,2023,11,2020.2054794520548,2021.0,73,74
0.8,monotonic,validation_evidence,14,2009,2023,14,2019.7149321266968,2021.0,221,221
0.8,monotonic,validation_evidence,23,2013,2023,10,2020.5267857142858,2021.0,112,114
0.8,monotonic,validation_evidence,4,2010,2023,13,2019.4084507042253,2020.0,284,284
0.8,monotonic,validation_evidence,15,2012,2023,11,2019.9195402298851,2021.0,87,87
0.8,monotonic,validation_evidence,27,2020,2022,2,2021.0,2021.0,3,3
0.8,monotonic,validation_evidence,21,2016,2023,7,2020.2333333333333,2020.5,30,30
0.8,monotonic,validation_evidence,2,2010,2023,13,2018.0344827586207,2018.5,58,58
0.8,monotonic,validation_evidence,32,2006,2023,17,2018.7380952380952,2020.0,42,42
0.8,monotonic,validation_evidence,3,2014,2023,9,2021.4255319148936,2022.0,94,98
0.8,monotonic,validation_evidence,11,2011,2023,12,2020.560606060606,2021.0,66,66
0.8,monotonic,validation_evidence,9,2010,2023,13,2021.8859649122808,2023.0,114,114
0.8,monotonic,validation_evidence,37,2013,2023,10,2021.030303030303,2022.0,66,66
0.8,monotonic,validation_evidence,22,2003,2023,20,2021.3188405797102,2023.0,69,69
0.8,monotonic,validation_evidence,20,2009,2023,14,2021.0,2022.0,78,79
0.8,monotonic,validation_evidence,26,2016,2023,7,2020.904761904762,2022.0,21,21
0.8,monotonic,validation_evidence,7,2013,2023,10,2019.7058823529412,2021.0,51,51
0.8,monotonic,validation_evidence,6,2012,2023,11,2020.2555555555555,2021.0,90,90
0.8,monotonic,validation_evidence,28,2019,2023,4,2022.1,2023.0,50,50
0.8,monotonic,validation_evidence,1,2013,2023,10,2020.04,2020.0,125,125
0.8,monotonic,validation_evidence,38,2016,2022,6,2018.2142857142858,2017.0,14,14
0.8,monotonic,validation_evidence,10,2002,2023,21,2018.1573033707866,2019.0,89,90
0.8,monotonic,validation_evidence,18,2019,2023,4,2021.25,2021.0,36,36
0.8,monotonic,validation_evidence,19,2018,2023,5,2022.0416666666667,2022.0,24,24
0.8,monotonic,validation_evidence,31,2020,2023,3,2022.5555555555557,2023.0,27,27
0.8,monotonic,validation_evidence,36,2018,2022,4,2020.8636363636363,2021.0,22,23
0.8,monotonic,validation_evidence,34,2013,2023,10,2019.4615384615386,2020.0,13,13
0.8,monotonic,validation_evidence,29,2008,2023,15,2018.15,2018.0,20,20
0.8,monotonic,validation_evidence,24,2021,2023,2,2022.0625,2022.0,16,16
0.8,monotonic,validation_evidence,17,2020,2022,2,2020.5,2020.0,4,4
0.8,monotonic,validation_evidence,39,2022,2022,0,2022.0,2022.0,7,7
0.8,both,risk,37,2002,2023,21,2018.1904761904761,2019.0,63,63
0.8,both,risk,6,2010,2023,13,2018.2428571428572,2019.0,70,70
0.8,both,risk,7,2012,2023,11,2020.1042944785277,2020.0,163,163
0.8,both,risk,25,2008,2023,15,2019.9,2021.0,100,100
0.8,both,risk,22,2013,2023,10,2020.5190839694656,2021.0,131,131
0.8,both,risk,23,2006,2023,17,2020.4634146341464,2021.0,164,164
0.8,both,risk,1,2006,2023,17,2019.6171617161717,2020.0,303,303
0.8,both,risk,36,2014,2023,9,2019.4916666666666,2019.0,120,120
0.8,both,risk,17,2010,2023,13,2020.7164179104477,2021.0,67,67
0.8,both,risk,21,2008,2023,15,2020.167330677291,2022.0,251,253
0.8,both,risk,18,2015,2023,8,2021.1030927835052,2022.0,97,102
0.8,both,risk,4,2011,2023,12,2020.1596638655462,2021.0,119,120
0.8,both,risk,26,2013,2023,10,2019.8194444444443,2022.0,72,72
0.8,both,risk,0,2012,2023,11,2019.8062015503876,2020.0,258,258
0.8,both,risk,5,2011,2023,12,2021.2415094339622,2022.0,265,266
0.8,both,risk,10,2003,2023,20,2019.1,2020.0,160,160
0.8,both,risk,8,2008,2023,15,2020.595238095238,2023.0,42,42
0.8,both,risk,28,2017,2023,6,2020.9411764705883,2022.0,51,51
0.8,both,risk,20,2009,2023,14,2020.9850746268658,2022.0,67,67
0.8,both,risk,29,2006,2023,17,2021.0114942528735,2022.0,87,87
0.8,both,risk,3,1994,2023,29,2018.4,2020.0,110,110
0.8,both,risk,32,2009,2023,14,2019.2,2020.0,40,41
0.8,both,risk,13,2017,2023,6,2021.6923076923076,2022.0,65,65
0.8,both,risk,2,2012,2023,11,2022.2020725388602,2022.0,193,193
0.8,both,risk,16,2015,2023,8,2021.6576576576576,2022.0,111,113
0.8,both,risk,14,2012,2023,11,2020.936170212766,2022.0,141,142
0.8,both,risk,12,2008,2023,15,2021.0470588235294,2022.0,85,85
0.8,both,risk,34,2015,2023,8,2021.1923076923076,2022.0,78,78
0.8,both,risk,15,2003,2023,20,2019.4333333333334,2021.0,90,90
0.8,both,risk,11,2008,2023,15,2020.9718309859154,2022.0,71,71
0.8,both,risk,19,2013,2023,10,2020.4883720930231,2022.0,43,43
0.8,both,risk,24,2015,2023,8,2021.3513513513512,2022.0,111,113
0.8,both,risk,27,2014,2023,9,2020.1311475409836,2021.0,61,61
0.8,both,risk,33,2014,2023,9,2021.0,2022.0,28,28
0.8,both,risk,9,2014,2023,9,2021.090909090909,2021.5,66,67
0.8,both,risk,38,2018,2023,5,2021.7590361445782,2022.0,83,83
0.8,both,risk,31,2014,2023,9,2020.764705882353,2021.0,34,34
0.8,both,risk,39,2018,2023,5,2021.8,2022.0,15,15
0.8,both,risk,35,2018,2023,5,2021.388888888889,2021.5,18,18
0.8,both,risk,30,2016,2023,7,2021.6666666666667,2023.0,6,6
0.8,both,intervention,1,2006,2023,17,2019.5812807881773,2020.0,406,406
0.8,both,intervention,5,2003,2023,20,2019.0445859872611,2020.0,157,157
0.8,both,intervention,10,2006,2023,17,2020.852380952381,2022.0,420,420
0.8,both,intervention,20,2006,2023,17,2020.8829787234042,2022.0,188,189
0.8,both,intervention,36,2008,2023,15,2019.6712328767123,2020.0,73,73
0.8,both,intervention,12,2014,2023,9,2020.4228187919464,2021.0,149,150
0.8,both,intervention,7,2012,2023,11,2019.8646153846155,2020.0,325,325
0.8,both,intervention,15,2010,2023,13,2020.7894736842106,2022.0,76,76
0.8,both,intervention,30,2018,2023,5,2022.2307692307693,2022.5,26,26
0.8,both,intervention,26,1994,2022,28,2018.0725806451612,2019.0,124,124
0.8,both,intervention,29,2018,2022,4,2020.2692307692307,2020.0,26,26
0.8,both,intervention,9,2003,2023,20,2021.4193548387098,2022.0,217,220
0.8,both,intervention,25,2010,2023,13,2017.3023255813953,2016.0,86,87
0.8,both,intervention,21,2010,2023,13,2020.4036697247707,2021.0,109,109
0.8,both,intervention,33,2008,2023,15,2020.301886792453,2022.0,159,160
0.8,both,intervention,22,2008,2023,15,2020.8076923076924,2022.0,26,26
0.8,both,intervention,13,2008,2023,15,2020.872131147541,2022.0,305,308
0.8,both,intervention,16,2012,2023,11,2018.7169811320755,2019.0,53,53
0.8,both,intervention,18,2013,2023,10,2020.7058823529412,2021.0,34,34
0.8,both,intervention,2,2005,2023,18,2019.857142857143,2021.0,175,175
0.8,both,intervention,0,2009,2023,14,2020.678936605317,2022.0,489,490
0.8,both,intervention,17,2010,2023,13,2020.0701754385964,2020.0,57,57
0.8,both,intervention,4,2013,2023,10,2021.5661764705883,2022.0,136,142
0.8,both,intervention,39,2013,2023,10,2020.75,2021.0,104,104
0.8,both,intervention,3,2003,2023,20,2020.2916666666667,2022.0,216,217
0.8,both,intervention,14,2014,2023,9,2021.7687861271677,2023.0,173,175
0.8,both,intervention,24,2013,2023,10,2018.52,2018.0,25,26
0.8,both,intervention,38,2014,2022,8,2020.2857142857142,2022.0,7,7
0.8,both,intervention,31,2015,2023,8,2021.878787878788,2022.0,33,34
0.8,both,intervention,19,2015,2023,8,2020.6666666666667,2021.0,30,30
0.8,both,intervention,8,2013,2023,10,2020.9846153846154,2022.0,65,65
0.8,both,intervention,32,2011,2022,11,2015.3714285714286,2015.0,35,35
0.8,both,intervention,27,2009,2023,14,2020.825,2022.0,40,40
0.8,both,intervention,34,2018,2023,5,2021.25,2022.0,16,16
0.8,both,intervention,6,2012,2023,11,2020.2826086956522,2021.0,46,46
0.8,both,intervention,28,2008,2023,15,2018.6944444444443,2019.0,36,36
0.8,both,intervention,35,2018,2023,5,2022.095238095238,2022.5,42,42
0.8,both,intervention,37,2021,2023,2,2022.7894736842106,2023.0,19,19
0.8,both,intervention,11,2016,2023,7,2020.6666666666667,2020.5,24,24
0.8,both,intervention,23,2013,2023,10,2019.0,2021.0,7,7
0.8,both,all_concepts,2,2002,2023,21,2019.5537104307214,2020.0,1927,1928
0.8,both,all_concepts,22,2002,2023,21,2017.464491362764,2018.0,521,521
0.8,both,all_concepts,1,2003,2023,20,2018.6743869209809,2019.0,734,738
0.8,both,all_concepts,8,2007,2023,16,2020.4631147540983,2021.5,732,734
0.8,both,all_concepts,31,1998,2023,25,2020.6530054644809,2022.0,732,733
0.8,both,all_concepts,4,2003,2023,20,2020.5919117647059,2021.0,1088,1088
0.8,both,all_concepts,25,2007,2023,16,2019.119496855346,2020.0,159,159
0.8,both,all_concepts,14,2006,2023,17,2020.8216704288939,2022.0,886,886
0.8,both,all_concepts,24,2008,2023,15,2021.0035971223022,2022.0,278,278
0.8,both,all_concepts,6,2003,2023,20,2020.5562015503876,2022.0,1548,1553
0.8,both,all_concepts,0,2008,2023,15,2020.975806451613,2022.0,496,497
0.8,both,all_concepts,13,2011,2023,12,2019.8883321403007,2020.0,1397,1398
0.8,both,all_concepts,11,2008,2023,15,2021.4415584415585,2022.0,385,391
0.8,both,all_concepts,17,2014,2023,9,2021.152709359606,2021.0,203,206
0.8,both,all_concepts,20,2008,2023,15,2021.2655426765016,2022.0,949,959
0.8,both,all_concepts,23,2008,2023,15,2018.8706896551723,2022.0,116,116
0.8,both,all_concepts,3,2003,2023,20,2021.0119760479042,2022.0,835,840
0.8,both,all_concepts,5,2008,2023,15,2020.835593220339,2022.0,590,600
0.8,both,all_concepts,16,2009,2023,14,2019.7811447811448,2022.0,891,892
0.8,both,all_concepts,7,2010,2023,13,2019.7058823529412,2020.0,1462,1462
0.8,both,all_concepts,12,2012,2023,11,2021.6401515151515,2022.0,264,287
0.8,both,all_concepts,36,2008,2023,15,2020.5224719101125,2022.0,178,179
0.8,both,all_concepts,28,2017,2023,6,2021.52688172043,2022.0,93,93
0.8,both,all_concepts,39,2014,2023,9,2021.7207207207207,2022.0,111,111
0.8,both,all_concepts,32,2012,2023,11,2020.3705357142858,2022.0,224,224
0.8,both,all_concepts,19,2017,2023,6,2022.0306748466257,2023.0,163,164
0.8,both,all_concepts,10,2013,2023,10,2021.9202127659576,2023.0,376,377
0.8,both,all_concepts,9,2005,2023,18,2019.623076923077,2021.0,520,520
0.8,both,all_concepts,26,2018,2023,5,2021.0112359550562,2021.0,89,89
0.8,both,all_concepts,27,2018,2023,5,2022.603448275862,2023.0,58,58
0.8,both,all_concepts,38,2013,2023,10,2020.5342465753424,2022.0,73,74
0.8,both,all_concepts,15,2006,2023,17,2020.8582375478927,2022.0,261,261
0.8,both,all_concepts,30,2016,2023,7,2020.75,2021.0,112,112
0.8,both,all_concepts,18,2008,2023,15,2020.4191176470588,2021.0,136,140
0.8,both,all_concepts,35,2012,2023,11,2021.9411764705883,2022.0,272,272
0.8,both,all_concepts,29,2006,2023,17,2021.0181818181818,2022.0,55,55
0.8,both,all_concepts,34,2016,2023,7,2021.452380952381,2022.0,42,42
0.8,both,all_concepts,21,2012,2023,11,2020.3457943925234,2021.0,107,107
0.8,both,all_concepts,33,2021,2023,2,2021.8461538461538,2022.0,13,13
0.8,both,all_concepts,37,2022,2023,1,2022.5833333333333,2023.0,48,48
0.8,both,problem_analysis,0,2002,2023,21,2019.392,2020.0,375,375
0.8,both,problem_analysis,32,2013,2023,10,2018.084745762712,2018.0,59,60
0.8,both,problem_analysis,3,2006,2023,17,2019.2857142857142,2020.5,84,84
0.8,both,problem_analysis,25,2007,2023,16,2020.3900709219859,2021.0,282,283
0.8,both,problem_analysis,2,2008,2023,15,2021.9759036144578,2023.0,83,85
0.8,both,problem_analysis,17,2008,2023,15,2021.5023474178404,2022.0,213,219
0.8,both,problem_analysis,11,2008,2023,15,2020.6094674556214,2022.0,169,170
0.8,both,problem_analysis,4,2012,2023,11,2020.2189781021898,2022.0,137,138
0.8,both,problem_analysis,29,2005,2023,18,2021.0942408376964,2022.0,191,195
0.8,both,problem_analysis,23,2017,2023,6,2021.421686746988,2022.0,83,83
0.8,both,problem_analysis,30,2014,2023,9,2021.8598130841121,2023.0,107,107
0.8,both,problem_analysis,26,2019,2023,4,2022.2608695652175,2023.0,23,23
0.8,both,problem_analysis,7,2009,2023,14,2020.2771084337348,2022.0,166,166
0.8,both,problem_analysis,16,2011,2023,12,2020.1363636363637,2022.0,110,110
0.8,both,problem_analysis,27,2018,2023,5,2021.375,2022.0,96,97
0.8,both,problem_analysis,18,2011,2023,12,2020.793002915452,2022.0,343,344
0.8,both,problem_analysis,35,2006,2023,17,2020.131736526946,2021.0,167,167
0.8,both,problem_analysis,38,2012,2023,11,2021.0857142857142,2022.0,140,141
0.8,both,problem_analysis,8,2006,2023,17,2020.7657142857142,2022.0,350,350
0.8,both,problem_analysis,19,2008,2023,15,2020.9837398373984,2022.0,246,246
0.8,both,problem_analysis,6,2012,2023,11,2020.9574468085107,2022.0,47,47
0.8,both,problem_analysis,13,2014,2023,9,2020.0,2021.0,17,17
0.8,both,problem_analysis,10,2012,2023,11,2019.6984126984128,2021.0,126,126
0.8,both,problem_analysis,36,2008,2023,15,2021.4565217391305,2022.0,184,186
0.8,both,problem_analysis,9,2013,2023,10,2019.0615384615385,2019.0,130,130
0.8,both,problem_analysis,1,2010,2023,13,2020.0061728395062,2020.0,324,325
0.8,both,problem_analysis,14,2010,2023,13,2020.2460317460318,2021.0,126,126
0.8,both,problem_analysis,24,2006,2023,17,2020.5510204081634,2022.0,98,98
0.8,both,problem_analysis,22,2013,2023,10,2020.0944881889764,2021.0,127,127
0.8,both,problem_analysis,12,2010,2023,13,2020.8823529411766,2022.0,51,51
0.8,both,problem_analysis,15,2003,2023,20,2019.5449101796407,2021.0,167,167
0.8,both,problem_analysis,5,2016,2023,7,2021.4831460674156,2022.0,89,89
0.8,both,problem_analysis,21,2019,2023,4,2021.2,2021.0,35,35
0.8,both,problem_analysis,39,2014,2023,9,2019.923076923077,2020.0,117,117
0.8,both,problem_analysis,31,2010,2023,13,2021.8617021276596,2022.0,94,94
0.8,both,problem_analysis,28,2008,2023,15,2019.7878787878788,2021.0,33,33
0.8,both,problem_analysis,34,2009,2023,14,2018.4464285714287,2019.5,56,56
0.8,both,problem_analysis,20,2013,2023,10,2020.7222222222222,2022.0,18,18
0.8,both,problem_analysis,37,2015,2021,6,2018.6666666666667,2020.0,3,3
0.8,both,problem_analysis,33,2022,2022,0,2022.0,2022.0,1,1
0.8,both,theoretical_insight,34,2006,2023,17,2018.6382978723404,2019.0,47,47
0.8,both,theoretical_insight,6,2003,2023,20,2017.2340425531916,2017.0,94,94
0.8,both,theoretical_insight,33,2013,2023,10,2020.2666666666667,2021.0,30,30
0.8,both,theoretical_insight,16,2012,2023,11,2020.7184466019417,2022.0,103,104
0.8,both,theoretical_insight,14,2009,2023,14,2020.0428571428572,2021.0,70,70
0.8,both,theoretical_insight,2,2006,2023,17,2019.6520146520147,2020.0,273,273
0.8,both,theoretical_insight,1,2011,2023,12,2020.3155555555556,2022.0,225,226
0.8,both,theoretical_insight,37,2008,2023,15,2021.1764705882354,2022.0,136,140
0.8,both,theoretical_insight,30,1998,2023,25,2019.9744680851063,2020.0,235,235
0.8,both,theoretical_insight,7,2010,2023,13,2018.7457627118645,2019.0,118,118
0.8,both,theoretical_insight,8,2003,2023,20,2020.991452991453,2022.0,234,235
0.8,both,theoretical_insight,3,2010,2023,13,2020.9562841530055,2022.0,183,183
0.8,both,theoretical_insight,25,2006,2023,17,2020.0454545454545,2021.0,154,154
0.8,both,theoretical_insight,17,2011,2023,12,2019.6533333333334,2021.0,75,75
0.8,both,theoretical_insight,9,2010,2023,13,2020.4285714285713,2021.0,105,105
0.8,both,theoretical_insight,35,2014,2023,9,2019.774647887324,2019.0,142,142
0.8,both,theoretical_insight,5,2012,2023,11,2021.4028268551237,2022.0,283,286
0.8,both,theoretical_insight,32,2005,2023,18,2020.041237113402,2022.0,97,97
0.8,both,theoretical_insight,12,2006,2023,17,2019.7769230769231,2020.0,130,130
0.8,both,theoretical_insight,15,2018,2023,5,2022.061224489796,2022.0,49,49
0.8,both,theoretical_insight,27,2014,2023,9,2020.076923076923,2021.0,26,26
0.8,both,theoretical_insight,0,2008,2023,15,2019.741935483871,2021.0,31,31
0.8,both,theoretical_insight,19,2008,2023,15,2019.3376623376623,2021.0,77,78
0.8,both,theoretical_insight,24,2020,2023,3,2022.0,2022.0,8,8
0.8,both,theoretical_insight,18,2015,2023,8,2021.7469879518073,2022.0,83,83
0.8,both,theoretical_insight,20,2017,2023,6,2022.0,2022.5,40,43
0.8,both,theoretical_insight,22,2014,2023,9,2019.6206896551723,2021.0,29,29
0.8,both,theoretical_insight,31,2012,2023,11,2019.28,2020.0,25,25
0.8,both,theoretical_insight,26,2013,2023,10,2021.5412844036698,2022.0,109,109
0.8,both,theoretical_insight,28,2014,2023,9,2021.1333333333334,2022.0,45,45
0.8,both,theoretical_insight,11,2014,2023,9,2021.142857142857,2022.0,77,77
0.8,both,theoretical_insight,29,2012,2023,11,2018.695652173913,2019.0,23,23
0.8,both,theoretical_insight,39,2013,2023,10,2019.4,2022.0,10,10
0.8,both,theoretical_insight,10,2012,2023,11,2019.6666666666667,2020.0,21,21
0.8,both,theoretical_insight,4,2010,2023,13,2019.3829787234042,2020.0,94,94
0.8,both,theoretical_insight,13,2018,2022,4,2020.8,2021.5,10,10
0.8,both,theoretical_insight,21,2021,2023,2,2021.6,2021.5,10,10
0.8,both,theoretical_insight,38,2013,2023,10,2021.0,2022.0,14,14
0.8,both,theoretical_insight,36,2018,2023,5,2021.111111111111,2022.0,36,36
0.8,both,theoretical_insight,23,2017,2023,6,2020.0588235294117,2020.0,17,17
0.8,both,design_rationale,3,2010,2023,13,2019.0619469026549,2020.0,113,113
0.8,both,design_rationale,24,2005,2023,18,2018.4666666666667,2020.0,60,60
0.8,both,design_rationale,30,2006,2023,17,2020.5169082125603,2022.0,207,207
0.8,both,design_rationale,11,2006,2023,17,2020.7674418604652,2021.0,172,172
0.8,both,design_rationale,14,2012,2023,11,2019.8968609865472,2020.0,223,224
0.8,both,design_rationale,5,2011,2023,12,2019.6008230452676,2020.0,243,243
0.8,both,design_rationale,12,2011,2023,12,2020.3534883720931,2022.0,215,215
0.8,both,design_rationale,15,2012,2023,11,2019.860465116279,2020.0,86,86
0.8,both,design_rationale,32,2008,2022,14,2019.7575757575758,2020.0,33,33
0.8,both,design_rationale,2,2008,2023,15,2019.9583333333333,2021.0,96,96
0.8,both,design_rationale,7,2009,2023,14,2019.7335329341317,2020.0,334,334
0.8,both,design_rationale,10,2014,2023,9,2021.71,2022.0,100,100
0.8,both,design_rationale,22,2007,2023,16,2020.1698841698842,2022.0,259,261
0.8,both,design_rationale,8,2015,2023,8,2021.1688311688313,2022.0,77,77
0.8,both,design_rationale,9,2012,2023,11,2021.1305841924398,2022.0,291,294
0.8,both,design_rationale,38,2017,2023,6,2021.55,2022.0,20,20
0.8,both,design_rationale,13,2016,2023,7,2021.6260162601627,2023.0,123,123
0.8,both,design_rationale,20,2017,2023,6,2021.9795918367347,2023.0,49,49
0.8,both,design_rationale,39,2012,2023,11,2021.5585585585586,2022.0,111,113
0.8,both,design_rationale,1,2003,2023,20,2018.4518518518519,2019.0,135,135
0.8,both,design_rationale,4,2009,2023,14,2020.375,2021.0,96,96
0.8,both,design_rationale,18,2012,2023,11,2021.0555555555557,2022.0,18,18
0.8,both,design_rationale,28,2017,2023,6,2021.9259259259259,2023.0,27,30
0.8,both,design_rationale,19,2008,2023,15,2019.6339285714287,2022.0,112,112
0.8,both,design_rationale,33,2018,2022,4,2020.7,2020.5,10,10
0.8,both,design_rationale,25,2010,2023,13,2019.5,2022.0,64,64
0.8,both,design_rationale,0,2016,2023,7,2020.9724770642201,2021.0,109,110
0.8,both,design_rationale,16,2019,2023,4,2021.516129032258,2021.0,31,31
0.8,both,design_rationale,17,2006,2023,17,2019.0961538461538,2020.0,52,52
0.8,both,design_rationale,27,2002,2023,21,2019.0869565217392,2020.5,46,46
0.8,both,design_rationale,35,2018,2022,4,2020.3846153846155,2021.0,26,26
0.8,both,design_rationale,29,2016,2022,6,2019.9375,2020.5,16,16
0.8,both,design_rationale,26,2009,2022,13,2015.6,2016.0,5,5
0.8,both,design_rationale,36,2018,2022,4,2020.8181818181818,2021.0,11,11
0.8,both,design_rationale,6,2013,2023,10,2021.2571428571428,2023.0,35,35
0.8,both,design_rationale,31,2014,2023,9,2020.0,2021.0,13,13
0.8,both,design_rationale,37,2020,2023,3,2021.7272727272727,2022.0,11,11
0.8,both,design_rationale,21,2010,2023,13,2020.9375,2022.0,16,16
0.8,both,design_rationale,23,2018,2023,5,2021.3529411764705,2022.0,17,17
0.8,both,design_rationale,34,2015,2022,7,2019.5,2020.5,4,4
0.8,both,implementation_mechanism,32,2013,2022,9,2020.027027027027,2020.0,37,37
0.8,both,implementation_mechanism,2,2003,2023,20,2018.0,2018.0,92,93
0.8,both,implementation_mechanism,4,2003,2023,20,2017.5104166666667,2017.5,96,96
0.8,both,implementation_mechanism,20,2006,2023,17,2020.975,2022.0,160,160
0.8,both,implementation_mechanism,39,2009,2023,14,2021.276595744681,2022.0,235,236
0.8,both,implementation_mechanism,13,2015,2023,8,2020.7567567567567,2021.0,111,111
0.8,both,implementation_mechanism,27,2012,2023,11,2019.8294573643411,2020.0,129,129
0.8,both,implementation_mechanism,15,2011,2023,12,2020.0379746835442,2022.0,158,158
0.8,both,implementation_mechanism,29,2012,2023,11,2019.5961538461538,2020.0,156,156
0.8,both,implementation_mechanism,9,2011,2022,11,2018.7222222222222,2019.0,36,36
0.8,both,implementation_mechanism,16,2010,2023,13,2019.2764227642276,2020.0,123,124
0.8,both,implementation_mechanism,25,2006,2023,17,2019.5813953488373,2019.0,129,129
0.8,both,implementation_mechanism,36,2008,2023,15,2018.9433962264152,2022.0,53,53
0.8,both,implementation_mechanism,5,2011,2023,12,2020.9944751381215,2022.0,181,182
0.8,both,implementation_mechanism,11,2013,2023,10,2020.3684210526317,2021.0,57,57
0.8,both,implementation_mechanism,34,2006,2023,17,2021.1707317073171,2022.0,41,43
0.8,both,implementation_mechanism,6,2002,2023,21,2019.3838028169014,2020.0,284,284
0.8,both,implementation_mechanism,3,2013,2023,10,2021.2892561983472,2022.0,121,123
0.8,both,implementation_mechanism,0,2013,2023,10,2021.4012738853503,2022.0,157,160
0.8,both,implementation_mechanism,14,2010,2023,13,2019.4912280701753,2020.0,57,57
0.8,both,implementation_mechanism,7,2011,2023,12,2021.6932515337423,2023.0,163,164
0.8,both,implementation_mechanism,26,2006,2023,17,2020.948051948052,2022.0,77,77
0.8,both,implementation_mechanism,22,2018,2023,5,2021.952380952381,2022.0,63,63
0.8,both,implementation_mechanism,17,2007,2023,16,2020.0967741935483,2021.0,62,62
0.8,both,implementation_mechanism,12,2010,2023,13,2020.0,2021.0,197,197
0.8,both,implementation_mechanism,10,2011,2023,12,2020.2325581395348,2021.0,43,44
0.8,both,implementation_mechanism,18,2012,2023,11,2020.2368421052631,2020.0,76,76
0.8,both,implementation_mechanism,8,2018,2023,5,2022.2272727272727,2023.0,44,45
0.8,both,implementation_mechanism,35,2003,2023,20,2020.5604395604396,2022.0,91,91
0.8,both,implementation_mechanism,37,2008,2023,15,2019.3478260869565,2021.0,69,69
0.8,both,implementation_mechanism,30,2008,2023,15,2019.546511627907,2020.0,86,86
0.8,both,implementation_mechanism,21,2019,2023,4,2022.1052631578948,2022.0,19,19
0.8,both,implementation_mechanism,24,2014,2023,9,2021.5740740740741,2022.0,54,60
0.8,both,implementation_mechanism,23,2013,2023,10,2019.090909090909,2020.0,11,11
0.8,both,implementation_mechanism,19,2012,2023,11,2020.3962264150944,2021.0,53,53
0.8,both,implementation_mechanism,33,2016,2022,6,2017.6923076923076,2016.0,13,13
0.8,both,implementation_mechanism,31,2022,2023,1,2022.7,2023.0,10,10
0.8,both,implementation_mechanism,1,2013,2023,10,2020.844155844156,2021.0,77,77
0.8,both,implementation_mechanism,28,2013,2023,10,2019.7,2020.5,10,10
0.8,both,implementation_mechanism,38,2015,2022,7,2018.5,2018.5,4,4
0.8,both,validation_evidence,17,2003,2023,20,2018.631067961165,2019.0,103,103
0.8,both,validation_evidence,5,2012,2023,11,2019.8791208791208,2020.0,91,91
0.8,both,validation_evidence,19,2012,2023,11,2021.1847826086957,2022.0,92,93
0.8,both,validation_evidence,12,2016,2023,7,2021.5094339622642,2022.0,53,53
0.8,both,validation_evidence,35,2005,2023,18,2020.5102040816328,2022.0,98,100
0.8,both,validation_evidence,15,2017,2023,6,2020.9056603773586,2021.0,53,53
0.8,both,validation_evidence,26,2013,2023,10,2020.1130434782608,2020.0,115,116
0.8,both,validation_evidence,2,2010,2023,13,2021.9433962264152,2023.0,159,159
0.8,both,validation_evidence,6,2010,2023,13,2019.7704918032787,2021.0,61,61
0.8,both,validation_evidence,28,2009,2023,14,2019.5841584158416,2021.0,202,202
0.8,both,validation_evidence,16,2013,2023,10,2020.5294117647059,2022.0,102,104
0.8,both,validation_evidence,3,2013,2023,10,2020.0430107526881,2020.0,93,93
0.8,both,validation_evidence,21,2010,2023,13,2019.2530612244898,2019.0,245,245
0.8,both,validation_evidence,27,2012,2023,11,2019.655172413793,2020.0,58,58
0.8,both,validation_evidence,36,2012,2023,11,2020.1181818181817,2021.0,110,110
0.8,both,validation_evidence,10,2020,2022,2,2021.0,2021.0,3,3
0.8,both,validation_evidence,24,2016,2023,7,2020.2333333333333,2020.5,30,30
0.8,both,validation_evidence,8,2014,2023,9,2021.4188034188035,2022.0,117,121
0.8,both,validation_evidence,14,2018,2023,5,2021.4166666666667,2021.0,24,24
0.8,both,validation_evidence,37,2006,2023,17,2018.840909090909,2020.0,44,44
0.8,both,validation_evidence,18,2011,2023,12,2020.421875,2021.0,64,64
0.8,both,validation_evidence,13,2003,2023,20,2019.6651583710407,2020.0,221,221
0.8,both,validation_evidence,34,2013,2023,10,2021.017857142857,2022.0,56,56
0.8,both,validation_evidence,33,2020,2023,3,2022.625,2023.0,16,16
0.8,both,validation_evidence,4,2003,2023,20,2020.686746987952,2022.0,83,83
0.8,both,validation_evidence,32,2010,2023,13,2016.162162162162,2016.0,37,37
0.8,both,validation_evidence,11,2009,2023,14,2020.8333333333333,2022.0,72,73
0.8,both,validation_evidence,30,2016,2023,7,2020.904761904762,2022.0,21,21
0.8,both,validation_evidence,0,2013,2023,10,2019.8275862068965,2021.0,58,58
0.8,both,validation_evidence,31,2012,2023,11,2020.2619047619048,2021.0,84,84
0.8,both,validation_evidence,23,2019,2023,4,2022.0625,2023.0,48,48
0.8,both,validation_evidence,1,2002,2023,21,2018.53125,2019.0,96,97
0.8,both,validation_evidence,20,2018,2023,5,2021.8,2022.0,50,50
0.8,both,validation_evidence,7,2018,2023,5,2021.0416666666667,2021.0,48,49
0.8,both,validation_evidence,9,2017,2023,6,2021.0,2022.0,31,31
0.8,both,validation_evidence,22,2006,2023,17,2018.986301369863,2020.0,73,73
0.8,both,validation_evidence,39,2014,2023,9,2019.8,2022.0,15,15
0.8,both,validation_evidence,38,2018,2023,5,2022.0,2022.0,30,30
0.8,both,validation_evidence,29,2020,2023,3,2022.64,2023.0,25,25
0.8,both,validation_evidence,25,2022,2022,0,2022.0,2022.0,7,7
0.85,unconstrained,risk,9,2006,2023,17,2019.9497716894978,2021.0,438,438
0.85,unconstrained,risk,16,1994,2023,29,2018.9542857142858,2020.0,175,175
0.85,unconstrained,risk,12,2002,2023,21,2017.5888324873097,2018.0,197,197
0.85,unconstrained,risk,6,2009,2023,14,2019.8093023255815,2020.0,215,217
0.85,unconstrained,risk,32,2003,2023,20,2019.2373737373737,2020.0,198,198
0.85,unconstrained,risk,4,2006,2023,17,2019.5577777777778,2020.0,450,450
0.85,unconstrained,risk,19,2008,2023,15,2021.3522012578617,2022.0,159,160
0.85,unconstrained,risk,8,2004,2023,19,2020.0469798657718,2020.0,298,299
0.85,unconstrained,risk,22,2008,2023,15,2021.6081424936388,2022.0,393,395
0.85,unconstrained,risk,2,1977,2023,46,2021.2572115384614,2022.0,416,420
0.85,unconstrained,risk,1,2008,2023,15,2019.2510288065844,2021.0,243,244
0.85,unconstrained,risk,0,2006,2023,17,2021.450331125828,2022.0,302,302
0.85,unconstrained,risk,28,2010,2023,13,2021.2423580786026,2022.0,458,460
0.85,unconstrained,risk,7,2014,2023,9,2020.8903225806453,2022.0,155,160
0.85,unconstrained,risk,31,2014,2023,9,2020.732142857143,2022.0,56,57
0.85,unconstrained,risk,20,2016,2023,7,2020.8309859154929,2021.0,71,71
0.85,unconstrained,risk,39,2008,2023,15,2019.361111111111,2020.0,72,72
0.85,unconstrained,risk,5,2013,2023,10,2021.4265402843603,2022.0,211,214
0.85,unconstrained,risk,15,2011,2023,12,2022.1743772241994,2023.0,281,281
0.85,unconstrained,risk,21,2014,2023,9,2020.7676767676767,2021.0,99,99
0.85,unconstrained,risk,33,2006,2023,17,2020.454081632653,2021.0,196,196
0.85,unconstrained,risk,3,2012,2023,11,2019.8804878048782,2020.0,410,410
0.85,unconstrained,risk,13,2005,2023,18,2019.594470046083,2021.0,217,217
0.85,unconstrained,risk,10,2008,2023,15,2019.0855263157894,2021.0,152,152
0.85,unconstrained,risk,14,2015,2023,8,2021.5205479452054,2022.0,146,146
0.85,unconstrained,risk,34,2015,2023,8,2021.2173913043478,2022.0,46,46
0.85,unconstrained,risk,18,2011,2023,12,2021.2881355932204,2022.0,413,414
0.85,unconstrained,risk,26,2008,2023,15,2019.954682779456,2021.0,331,331
0.85,unconstrained,risk,38,2017,2023,6,2021.2372881355932,2022.0,59,59
0.85,unconstrained,risk,37,2004,2023,19,2021.515,2023.0,200,200
0.85,unconstrained,risk,30,2014,2023,9,2020.927536231884,2021.0,69,70
0.85,unconstrained,risk,29,2016,2023,7,2022.2345679012346,2023.0,81,81
0.85,unconstrained,risk,11,2014,2023,9,2020.7777777777778,2021.5,90,90
0.85,unconstrained,risk,17,2018,2023,5,2022.2244897959183,2023.0,49,49
0.85,unconstrained,risk,35,2008,2023,15,2021.3859649122808,2023.0,57,57
0.85,unconstrained,risk,24,2013,2023,10,2019.3818181818183,2019.0,55,55
0.85,unconstrained,risk,23,2013,2023,10,2020.1714285714286,2022.0,35,35
0.85,unconstrained,risk,25,2018,2023,5,2021.4375,2022.0,32,32
0.85,unconstrained,risk,27,2008,2023,15,2018.844827586207,2020.0,58,58
0.85,unconstrained,risk,36,2021,2021,0,2021.0,2021.0,1,1
0.85,unconstrained,intervention,28,2013,2023,10,2019.9074074074074,2020.0,54,54
0.85,unconstrained,intervention,19,2010,2023,13,2017.1132075471698,2018.0,53,53
0.85,unconstrained,intervention,16,2006,2023,17,2020.7120418848167,2022.0,191,191
0.85,unconstrained,intervention,32,2015,2023,8,2022.0333333333333,2023.0,150,150
0.85,unconstrained,intervention,5,2006,2023,17,2020.0729613733906,2020.0,233,233
0.85,unconstrained,intervention,30,2011,2023,12,2017.08,2016.5,50,50
0.85,unconstrained,intervention,10,2010,2023,13,2019.5347222222222,2020.0,144,145
0.85,unconstrained,intervention,38,2012,2023,11,2019.6444444444444,2020.0,270,270
0.85,unconstrained,intervention,11,2012,2023,11,2019.6727272727273,2020.0,165,165
0.85,unconstrained,intervention,0,2010,2023,13,2020.359477124183,2021.0,153,153
0.85,unconstrained,intervention,13,2010,2023,13,2020.6049382716049,2022.0,81,81
0.85,unconstrained,intervention,7,2012,2023,11,2021.3666666666666,2022.0,60,61
0.85,unconstrained,intervention,1,1994,2023,29,2018.348387096774,2019.0,155,155
0.85,unconstrained,intervention,29,2018,2022,4,2020.3636363636363,2020.5,22,22
0.85,unconstrained,intervention,4,2008,2023,15,2020.390410958904,2022.0,146,147
0.85,unconstrained,intervention,6,2003,2023,20,2019.957627118644,2021.0,118,118
0.85,unconstrained,intervention,36,2006,2022,16,2018.9574468085107,2019.0,47,47
0.85,unconstrained,intervention,12,2008,2023,15,2020.9656652360516,2022.0,233,235
0.85,unconstrained,intervention,3,2009,2023,14,2019.9112627986349,2022.0,293,296
0.85,unconstrained,intervention,26,2015,2023,8,2022.1076923076923,2023.0,65,69
0.85,unconstrained,intervention,18,2014,2023,9,2021.5755813953488,2022.0,172,177
0.85,unconstrained,intervention,22,2013,2023,10,2020.7640449438202,2022.0,89,90
0.85,unconstrained,intervention,20,2015,2023,8,2022.159090909091,2023.0,44,44
0.85,unconstrained,intervention,17,2009,2023,14,2021.4329268292684,2022.0,164,164
0.85,unconstrained,intervention,34,2014,2023,9,2020.2892561983472,2021.0,121,122
0.85,unconstrained,intervention,9,2005,2023,18,2019.6488095238096,2021.0,168,168
0.85,unconstrained,intervention,37,2011,2023,12,2022.3478260869565,2023.0,69,69
0.85,unconstrained,intervention,15,2011,2023,12,2020.127659574468,2022.0,94,94
0.85,unconstrained,intervention,25,2018,2023,5,2022.2368421052631,2023.0,38,38
0.85,unconstrained,intervention,35,2003,2023,20,2020.3589743589744,2021.0,78,78
0.85,unconstrained,intervention,31,2013,2023,10,2019.5,2020.0,14,14
0.85,unconstrained,intervention,39,2014,2022,8,2020.142857142857,2021.0,7,7
0.85,unconstrained,intervention,8,2014,2023,9,2020.3076923076924,2021.0,26,27
0.85,unconstrained,intervention,2,2012,2023,11,2021.0216216216215,2022.0,185,185
0.85,unconstrained,intervention,24,2012,2022,10,2018.448275862069,2019.0,29,29
0.85,unconstrained,intervention,14,2013,2023,10,2019.9772727272727,2020.5,44,44
0.85,unconstrained,intervention,21,2017,2023,6,2021.25,2022.0,20,20
0.85,unconstrained,intervention,23,2018,2023,5,2020.6666666666667,2021.0,21,21
0.85,unconstrained,intervention,27,2022,2023,1,2022.142857142857,2022.0,7,7
0.85,unconstrained,intervention,33,2014,2023,9,2020.8,2023.0,5,5
0.85,unconstrained,all_concepts,12,2010,2023,13,2019.4142857142858,2020.0,280,281
0.85,unconstrained,all_concepts,1,2002,2023,21,2018.5891089108911,2019.0,808,808
0.85,unconstrained,all_concepts,11,1998,2023,25,2020.4792560801145,2021.0,699,699
0.85,unconstrained,all_concepts,21,2003,2023,20,2017.4708737864078,2018.0,618,618
0.85,unconstrained,all_concepts,8,2004,2023,19,2020.3698630136987,2021.0,803,804
0.85,unconstrained,all_concepts,33,2006,2023,17,2020.070588235294,2020.0,85,85
0.85,unconstrained,all_concepts,19,2014,2023,9,2021.367469879518,2022.0,332,332
0.85,unconstrained,all_concepts,28,2007,2023,16,2018.7935483870967,2019.0,155,155
0.85,unconstrained,all_concepts,0,2006,2023,17,2021.078947368421,2022.0,912,913
0.85,unconstrained,all_concepts,10,2003,2023,20,2019.5904173106646,2020.0,647,647
0.85,unconstrained,all_concepts,35,2012,2023,11,2020.7826086956522,2022.0,253,253
0.85,unconstrained,all_concepts,14,2002,2023,21,2019.6525821596244,2020.0,1704,1704
0.85,unconstrained,all_concepts,9,2008,2023,15,2020.8665254237287,2022.0,472,477
0.85,unconstrained,all_concepts,4,2012,2023,11,2020.808888888889,2021.0,450,452
0.85,unconstrained,all_concepts,15,2008,2023,15,2021.4877358490567,2022.0,1060,1068
0.85,unconstrained,all_concepts,24,2008,2023,15,2020.9438775510205,2022.0,588,590
0.85,unconstrained,all_concepts,38,2012,2023,11,2020.952,2022.0,375,375
0.85,unconstrained,all_concepts,3,2009,2023,14,2019.6995600251414,2020.0,1591,1595
0.85,unconstrained,all_concepts,18,2008,2023,15,2021.3453237410072,2022.0,139,140
0.85,unconstrained,all_concepts,7,2006,2023,17,2020.7484662576687,2022.0,978,981
0.85,unconstrained,all_concepts,13,2008,2023,15,2021.0439024390244,2022.0,410,413
0.85,unconstrained,all_concepts,17,2009,2023,14,2019.9036144578313,2022.0,913,915
0.85,unconstrained,all_concepts,36,2015,2023,8,2022.0081967213114,2023.0,244,265
0.85,unconstrained,all_concepts,26,2008,2023,15,2020.9030303030304,2022.0,495,501
0.85,unconstrained,all_concepts,29,2017,2023,6,2021.3028571428572,2022.0,175,175
0.85,unconstrained,all_concepts,2,2006,2023,17,2020.930875576037,2022.0,217,217
0.85,unconstrained,all_concepts,32,2012,2023,11,2021.8333333333333,2022.5,216,217
0.85,unconstrained,all_concepts,16,2006,2023,17,2021.2474226804125,2022.0,582,583
0.85,unconstrained,all_concepts,37,2012,2023,11,2020.5865921787708,2021.0,179,180
0.85,unconstrained,all_concepts,34,2010,2023,13,2019.8077601410935,2020.0,1134,1135
0.85,unconstrained,all_concepts,5,2005,2023,18,2020.1130573248408,2021.0,628,634
0.85,unconstrained,all_concepts,20,2012,2023,11,2022.1274685816877,2023.0,557,557
0.85,unconstrained,all_concepts,30,2012,2023,11,2015.5,2012.0,18,18
0.85,unconstrained,all_concepts,6,2013,2023,10,2020.680497925311,2022.0,241,241
0.85,unconstrained,all_concepts,23,2019,2023,4,2020.75,2020.5,68,68
0.85,unconstrained,all_concepts,22,2018,2023,5,2022.2222222222222,2022.0,54,54
0.85,unconstrained,all_concepts,27,2008,2023,15,2019.4453781512605,2021.0,119,119
0.85,unconstrained,all_concepts,31,2012,2023,11,2019.0208333333333,2020.0,48,48
0.85,unconstrained,all_concepts,39,2022,2023,1,2022.5625,2023.0,32,32
0.85,unconstrained,all_concepts,25,2014,2023,9,2017.5555555555557,2014.0,9,9
0.85,unconstrained,problem_analysis,24,2003,2023,20,2019.2824074074074,2020.0,216,216
0.85,unconstrained,problem_analysis,1,2008,2023,15,2019.8931297709923,2021.0,262,262
0.85,unconstrained,problem_analysis,2,2002,2023,21,2018.3720930232557,2019.0,86,87
0.85,unconstrained,problem_analysis,3,2013,2023,10,2020.3423423423424,2022.0,111,111
0.85,unconstrained,problem_analysis,11,2004,2023,19,2020.3386773547095,2021.0,499,500
0.85,unconstrained,problem_analysis,6,2008,2023,15,2021.5855855855855,2023.0,111,113
0.85,unconstrained,problem_analysis,18,2008,2023,15,2021.4347826086957,2022.0,230,236
0.85,unconstrained,problem_analysis,31,2008,2023,15,2021.234693877551,2022.0,294,299
0.85,unconstrained,problem_analysis,26,2010,2023,13,2020.6971830985915,2022.0,142,143
0.85,unconstrained,problem_analysis,38,2017,2023,6,2021.0900900900901,2021.0,111,111
0.85,unconstrained,problem_analysis,32,2010,2023,13,2021.36,2022.0,100,100
0.85,unconstrained,problem_analysis,13,2018,2023,5,2021.741935483871,2022.0,31,31
0.85,unconstrained,problem_analysis,30,2012,2023,11,2020.7540106951872,2022.0,187,187
0.85,unconstrained,problem_analysis,7,2014,2023,9,2021.04,2022.0,75,76
0.85,unconstrained,problem_analysis,23,2010,2023,13,2020.8867924528302,2021.0,106,107
0.85,unconstrained,problem_analysis,19,2011,2023,12,2020.578947368421,2022.0,304,305
0.85,unconstrained,problem_analysis,28,2009,2023,14,2019.2941176470588,2020.0,51,51
0.85,unconstrained,problem_analysis,4,2006,2023,17,2021.0668604651162,2022.0,344,344
0.85,unconstrained,problem_analysis,9,2009,2023,14,2019.5714285714287,2021.0,168,168
0.85,unconstrained,problem_analysis,25,2006,2023,17,2020.6814159292035,2021.0,113,113
0.85,unconstrained,problem_analysis,14,2012,2023,11,2019.7441860465117,2021.0,43,43
0.85,unconstrained,problem_analysis,17,2012,2023,11,2019.4551282051282,2020.0,156,156
0.85,unconstrained,problem_analysis,15,2010,2023,13,2019.4642857142858,2020.0,252,252
0.85,unconstrained,problem_analysis,36,2010,2023,13,2019.6274509803923,2020.0,153,153
0.85,unconstrained,problem_analysis,8,2011,2023,12,2020.0533333333333,2021.0,150,150
0.85,unconstrained,problem_analysis,29,2014,2023,9,2018.6842105263158,2018.0,19,19
0.85,unconstrained,problem_analysis,16,2008,2023,15,2021.2957746478874,2022.0,284,285
0.85,unconstrained,problem_analysis,34,2012,2023,11,2020.875,2022.0,8,9
0.85,unconstrained,problem_analysis,5,2006,2023,17,2021.0666666666666,2022.0,195,195
0.85,unconstrained,problem_analysis,35,2003,2023,20,2020.7384615384615,2022.0,130,131
0.85,unconstrained,problem_analysis,20,2019,2023,4,2020.8076923076924,2021.0,26,26
0.85,unconstrained,problem_analysis,12,2003,2023,20,2018.4932432432433,2019.0,148,148
0.85,unconstrained,problem_analysis,21,2009,2023,14,2020.8735632183907,2022.0,87,88
0.85,unconstrained,problem_analysis,27,2018,2023,5,2022.3478260869565,2023.0,23,23
0.85,unconstrained,problem_analysis,33,2014,2023,9,2020.063063063063,2020.0,111,111
0.85,unconstrained,problem_analysis,37,2006,2023,17,2020.3793103448277,2022.0,58,58
0.85,unconstrained,problem_analysis,22,2015,2023,8,2020.972972972973,2021.0,37,37
0.85,unconstrained,problem_analysis,10,2008,2023,15,2018.9052631578948,2020.0,95,95
0.85,unconstrained,problem_analysis,0,2012,2023,11,2022.0845070422536,2023.0,142,142
0.85,unconstrained,problem_analysis,39,2012,2023,11,2018.8235294117646,2019.0,17,17
0.85,unconstrained,theoretical_insight,10,2010,2023,13,2018.8934426229507,2019.0,122,122
0.85,unconstrained,theoretical_insight,0,2003,2023,20,2019.3866666666668,2020.0,150,151
0.85,unconstrained,theoretical_insight,16,2010,2023,13,2021.2777777777778,2022.0,90,90
0.85,unconstrained,theoretical_insight,14,1998,2023,25,2019.5330739299611,2020.0,257,257
0.85,unconstrained,theoretical_insight,4,2004,2023,19,2019.7329192546583,2020.0,161,161
0.85,unconstrained,theoretical_insight,38,2003,2023,20,2017.035294117647,2017.0,85,85
0.85,unconstrained,theoretical_insight,17,2010,2023,13,2019.5672514619882,2020.0,171,171
0.85,unconstrained,theoretical_insight,1,2009,2023,14,2020.1666666666667,2022.0,192,193
0.85,unconstrained,theoretical_insight,23,2018,2023,5,2022.081081081081,2022.0,74,74
0.85,unconstrained,theoretical_insight,21,2012,2023,11,2020.5494505494505,2021.0,91,91
0.85,unconstrained,theoretical_insight,3,2006,2023,17,2019.7941176470588,2020.0,68,68
0.85,unconstrained,theoretical_insight,30,2011,2023,12,2018.4444444444443,2020.5,18,18
0.85,unconstrained,theoretical_insight,39,2014,2023,9,2019.841726618705,2020.0,139,139
0.85,unconstrained,theoretical_insight,27,2012,2023,11,2019.4722222222222,2020.5,36,36
0.85,unconstrained,theoretical_insight,12,2012,2023,11,2021.4070175438596,2022.0,285,287
0.85,unconstrained,theoretical_insight,18,2005,2023,18,2020.320610687023,2022.0,131,131
0.85,unconstrained,theoretical_insight,5,2012,2023,11,2020.1461538461538,2022.0,130,130
0.85,unconstrained,theoretical_insight,22,2012,2023,11,2022.041095890411,2023.0,73,73
0.85,unconstrained,theoretical_insight,37,2010,2023,13,2020.6666666666667,2022.0,78,78
0.85,unconstrained,theoretical_insight,2,2010,2023,13,2019.390557939914,2020.0,233,233
0.85,unconstrained,theoretical_insight,8,2008,2023,15,2020.943661971831,2022.0,142,145
0.85,unconstrained,theoretical_insight,31,2020,2023,3,2022.0,2022.0,9,9
0.85,unconstrained,theoretical_insight,11,2018,2023,5,2021.7926829268292,2022.0,82,82
0.85,unconstrained,theoretical_insight,32,2018,2023,5,2022.1935483870968,2023.0,31,35
0.85,unconstrained,theoretical_insight,29,2011,2023,12,2019.7444444444445,2021.0,90,91
0.85,unconstrained,theoretical_insight,24,2012,2023,11,2021.1475409836066,2022.0,61,61
0.85,unconstrained,theoretical_insight,33,2015,2023,8,2021.2037037037037,2022.0,54,54
0.85,unconstrained,theoretical_insight,7,2013,2023,10,2021.375,2022.0,112,112
0.85,unconstrained,theoretical_insight,9,2012,2023,11,2020.234375,2021.0,64,64
0.85,unconstrained,theoretical_insight,13,2013,2023,10,2019.888888888889,2021.0,9,9
0.85,unconstrained,theoretical_insight,20,2014,2023,9,2021.258064516129,2022.0,62,62
0.85,unconstrained,theoretical_insight,26,2015,2023,8,2021.4242424242425,2022.0,33,33
0.85,unconstrained,theoretical_insight,34,2016,2023,7,2020.1304347826087,2021.0,23,23
0.85,unconstrained,theoretical_insight,36,2018,2023,5,2020.590909090909,2021.5,22,22
0.85,unconstrained,theoretical_insight,35,2016,2022,6,2017.1818181818182,2016.0,11,11
0.85,unconstrained,theoretical_insight,25,2014,2023,9,2021.1764705882354,2022.0,17,17
0.85,unconstrained,theoretical_insight,28,2014,2023,9,2020.3846153846155,2022.0,13,13
0.85,unconstrained,theoretical_insight,19,2009,2023,14,2019.4418604651162,2020.0,43,43
0.85,unconstrained,theoretical_insight,15,2017,2023,6,2021.0434782608695,2021.0,23,23
0.85,unconstrained,theoretical_insight,6,2013,2023,10,2021.0,2022.0,30,30
0.85,unconstrained,design_rationale,1,2010,2023,13,2019.2293577981652,2020.0,109,109
0.85,unconstrained,design_rationale,36,2004,2023,19,2019.439393939394,2020.0,66,66
0.85,unconstrained,design_rationale,27,2010,2023,13,2018.8923076923077,2020.0,65,65
0.85,unconstrained,design_rationale,39,2002,2023,21,2018.433962264151,2019.0,53,53
0.85,unconstrained,design_rationale,0,2006,2023,17,2020.884792626728,2022.0,217,217
0.85,unconstrained,design_rationale,6,2006,2023,17,2020.813253012048,2021.0,166,166
0.85,unconstrained,design_rationale,18,2012,2023,11,2019.675,2020.0,200,201
0.85,unconstrained,design_rationale,21,2009,2023,14,2020.091304347826,2022.0,230,231
0.85,unconstrained,design_rationale,14,2012,2023,11,2020.0,2021.0,100,100
0.85,unconstrained,design_rationale,30,2012,2023,11,2019.6586538461538,2020.0,208,208
0.85,unconstrained,design_rationale,10,2015,2023,8,2020.8809523809523,2022.0,42,42
0.85,unconstrained,design_rationale,11,2013,2023,10,2021.4602510460252,2022.0,239,241
0.85,unconstrained,design_rationale,22,2013,2023,10,2020.6170212765958,2022.0,94,94
0.85,unconstrained,design_rationale,8,2009,2023,14,2019.4541062801932,2020.0,207,207
0.85,unconstrained,design_rationale,24,2017,2023,6,2021.6875,2022.0,16,16
0.85,unconstrained,design_rationale,3,2006,2023,17,2019.564417177914,2020.0,163,163
0.85,unconstrained,design_rationale,9,2012,2023,11,2021.5125,2022.0,80,80
0.85,unconstrained,design_rationale,12,2015,2023,8,2021.4,2022.0,70,70
0.85,unconstrained,design_rationale,37,2013,2023,10,2022.1818181818182,2023.0,44,44
0.85,unconstrained,design_rationale,17,2016,2023,7,2022.0,2023.0,96,96
0.85,unconstrained,design_rationale,26,2003,2023,20,2016.8823529411766,2017.0,68,68
0.85,unconstrained,design_rationale,15,2013,2023,10,2020.777027027027,2022.0,148,148
0.85,unconstrained,design_rationale,25,2015,2023,8,2021.7702702702702,2022.0,74,79
0.85,unconstrained,design_rationale,32,2012,2023,11,2020.4126984126983,2022.0,63,63
0.85,unconstrained,design_rationale,19,2005,2023,18,2020.2,2021.0,105,106
0.85,unconstrained,design_rationale,5,2010,2023,13,2020.5,2021.0,28,28
0.85,unconstrained,design_rationale,34,2007,2023,16,2019.4,2021.0,55,55
0.85,unconstrained,design_rationale,2,2008,2023,15,2019.688524590164,2021.0,61,61
0.85,unconstrained,design_rationale,13,2010,2023,13,2020.3023255813953,2022.0,43,43
0.85,unconstrained,design_rationale,4,2016,2023,7,2020.5151515151515,2021.0,99,99
0.85,unconstrained,design_rationale,7,2012,2023,11,2021.0444444444445,2022.0,45,46
0.85,unconstrained,design_rationale,16,2010,2023,13,2019.6842105263158,2020.0,19,19
0.85,unconstrained,design_rationale,35,2018,2023,5,2020.8461538461538,2022.0,26,26
0.85,unconstrained,design_rationale,29,2013,2023,10,2021.5,2023.0,8,8
0.85,unconstrained,design_rationale,33,2003,2023,20,2020.3125,2022.0,16,16
0.85,unconstrained,design_rationale,20,2012,2023,11,2019.095238095238,2020.0,42,42
0.85,unconstrained,design_rationale,38,2013,2023,10,2020.5151515151515,2022.0,33,33
0.85,unconstrained,design_rationale,28,2015,2023,8,2021.5384615384614,2023.0,13,13
0.85,unconstrained,design_rationale,23,2014,2023,9,2020.3809523809523,2021.0,21,21
0.85,unconstrained,design_rationale,31,2017,2023,6,2019.625,2019.0,16,16
0.85,unconstrained,implementation_mechanism,29,2013,2023,10,2020.0,2020.0,44,44
0.85,unconstrained,implementation_mechanism,6,2003,2023,20,2018.0568181818182,2018.0,88,88
0.85,unconstrained,implementation_mechanism,19,2003,2023,20,2017.5959595959596,2018.0,99,99
0.85,unconstrained,implementation_mechanism,32,2013,2023,10,2021.1666666666667,2022.0,180,180
0.85,unconstrained,implementation_mechanism,16,2009,2023,14,2021.3970588235295,2022.0,204,204
0.85,unconstrained,implementation_mechanism,15,2006,2023,17,2019.6168831168832,2020.0,154,154
0.85,unconstrained,implementation_mechanism,1,2012,2023,11,2019.5242718446602,2020.0,103,103
0.85,unconstrained,implementation_mechanism,8,2012,2023,11,2019.9651162790697,2022.0,86,86
0.85,unconstrained,implementation_mechanism,2,2012,2023,11,2019.8829268292684,2021.0,205,205
0.85,unconstrained,implementation_mechanism,11,2010,2023,13,2020.1777777777777,2021.0,45,45
0.85,unconstrained,implementation_mechanism,0,2010,2023,13,2019.2692307692307,2020.0,234,236
0.85,unconstrained,implementation_mechanism,24,2007,2023,16,2020.1238095238095,2022.0,105,105
0.85,unconstrained,implementation_mechanism,5,2013,2023,10,2021.3270142180095,2022.0,211,213
0.85,unconstrained,implementation_mechanism,34,2016,2023,7,2019.764705882353,2020.0,17,17
0.85,unconstrained,implementation_mechanism,37,2017,2023,6,2021.4782608695652,2022.0,46,47
0.85,unconstrained,implementation_mechanism,4,2002,2023,21,2019.424778761062,2019.0,113,113
0.85,unconstrained,implementation_mechanism,33,2005,2023,18,2019.1271186440679,2020.0,118,118
0.85,unconstrained,implementation_mechanism,38,2013,2023,10,2020.1666666666667,2020.5,84,84
0.85,unconstrained,implementation_mechanism,25,2006,2023,17,2021.4857142857143,2022.0,105,105
0.85,unconstrained,implementation_mechanism,18,2013,2023,10,2020.6708860759493,2022.0,79,79
0.85,unconstrained,implementation_mechanism,10,2014,2023,9,2020.8130081300812,2021.0,123,123
0.85,unconstrained,implementation_mechanism,22,2012,2023,11,2019.6949152542372,2021.0,59,59
0.85,unconstrained,implementation_mechanism,12,2009,2023,14,2020.6262626262626,2022.0,198,198
0.85,unconstrained,implementation_mechanism,36,2011,2023,12,2015.7307692307693,2015.0,26,26
0.85,unconstrained,implementation_mechanism,3,2012,2023,11,2020.0375,2020.0,80,80
0.85,unconstrained,implementation_mechanism,21,2015,2023,8,2021.9550561797753,2023.0,89,94
0.85,unconstrained,implementation_mechanism,31,2018,2023,5,2022.0172413793102,2023.0,58,59
0.85,unconstrained,implementation_mechanism,9,2013,2023,10,2021.8248175182482,2023.0,137,137
0.85,unconstrained,implementation_mechanism,35,2011,2023,12,2020.6153846153845,2022.0,78,78
0.85,unconstrained,implementation_mechanism,26,2011,2023,12,2020.4,2021.0,40,41
0.85,unconstrained,implementation_mechanism,17,2013,2023,10,2020.032258064516,2021.0,62,62
0.85,unconstrained,implementation_mechanism,20,2018,2023,5,2021.0,2021.0,10,10
0.85,unconstrained,implementation_mechanism,30,2006,2023,17,2020.9148936170213,2021.0,47,47
0.85,unconstrained,implementation_mechanism,7,2006,2023,17,2019.7846153846153,2021.0,65,65
0.85,unconstrained,implementation_mechanism,27,2022,2023,1,2022.125,2022.0,8,8
0.85,unconstrained,implementation_mechanism,13,2013,2023,10,2021.2727272727273,2022.0,99,100
0.85,unconstrained,implementation_mechanism,14,2016,2023,7,2021.325,2021.0,40,40
0.85,unconstrained,implementation_mechanism,39,2011,2022,11,2019.5454545454545,2020.0,11,11
0.85,unconstrained,implementation_mechanism,23,2016,2023,7,2020.0588235294117,2020.0,17,17
0.85,unconstrained,implementation_mechanism,28,2021,2021,0,2021.0,2021.0,1,1
0.85,unconstrained,validation_evidence,30,2003,2023,20,2019.1904761904761,2019.5,126,126
0.85,unconstrained,validation_evidence,12,2010,2023,13,2016.5454545454545,2016.0,11,11
0.85,unconstrained,validation_evidence,35,2010,2023,13,2021.9014084507041,2023.0,71,71
0.85,unconstrained,validation_evidence,24,2013,2023,10,2021.5357142857142,2022.0,56,56
0.85,unconstrained,validation_evidence,9,2011,2023,12,2020.96,2021.0,50,50
0.85,unconstrained,validation_evidence,20,2013,2023,10,2020.1376146788991,2020.0,109,109
0.85,unconstrained,validation_evidence,27,2015,2023,8,2020.4545454545455,2021.0,44,44
0.85,unconstrained,validation_evidence,36,2009,2023,14,2020.3916666666667,2022.0,120,120
0.85,unconstrained,validation_evidence,33,2013,2023,10,2020.584745762712,2021.0,118,119
0.85,unconstrained,validation_evidence,2,2012,2023,11,2019.4254658385094,2020.0,322,322
0.85,unconstrained,validation_evidence,15,2012,2023,11,2019.6764705882354,2020.5,68,68
0.85,unconstrained,validation_evidence,4,2013,2023,10,2021.3552631578948,2022.0,76,76
0.85,unconstrained,validation_evidence,8,2005,2023,18,2020.7674418604652,2022.0,129,132
0.85,unconstrained,validation_evidence,1,2003,2023,20,2019.972027972028,2021.0,143,143
0.85,unconstrained,validation_evidence,7,2006,2023,17,2018.6904761904761,2020.0,42,42
0.85,unconstrained,validation_evidence,10,2012,2023,11,2021.1258278145694,2022.0,151,153
0.85,unconstrained,validation_evidence,6,2006,2023,17,2019.5798045602605,2020.0,307,307
0.85,unconstrained,validation_evidence,11,2013,2023,10,2020.3300970873786,2021.0,103,103
0.85,unconstrained,validation_evidence,16,2012,2023,11,2019.531914893617,2020.0,47,48
0.85,unconstrained,validation_evidence,18,2019,2023,4,2021.787234042553,2022.0,47,47
0.85,unconstrained,validation_evidence,5,2002,2023,21,2017.06,2017.0,50,51
0.85,unconstrained,validation_evidence,32,2009,2023,14,2017.3454545454545,2017.0,55,55
0.85,unconstrained,validation_evidence,19,2009,2023,14,2020.8125,2022.0,112,112
0.85,unconstrained,validation_evidence,34,2016,2023,7,2022.2105263157894,2023.0,19,19
0.85,unconstrained,validation_evidence,31,2018,2023,5,2021.896551724138,2022.0,29,32
0.85,unconstrained,validation_evidence,39,2016,2023,7,2020.7058823529412,2022.0,17,17
0.85,unconstrained,validation_evidence,25,2013,2023,10,2020.2291666666667,2021.0,48,48
0.85,unconstrained,validation_evidence,29,2012,2023,11,2021.1785714285713,2022.0,56,56
0.85,unconstrained,validation_evidence,14,2015,2023,8,2022.1923076923076,2023.0,130,130
0.85,unconstrained,validation_evidence,21,2016,2023,7,2020.2545454545455,2020.0,55,55
0.85,unconstrained,validation_evidence,3,2003,2023,20,2018.6478873239437,2019.0,71,71
0.85,unconstrained,validation_evidence,26,2020,2023,3,2021.3793103448277,2021.0,29,29
0.85,unconstrained,validation_evidence,38,2010,2023,13,2018.9454545454546,2021.0,55,55
0.85,unconstrained,validation_evidence,17,2018,2023,5,2021.2,2022.0,25,25
0.85,unconstrained,validation_evidence,0,2015,2023,8,2021.0188679245282,2021.0,53,53
0.85,unconstrained,validation_evidence,13,2014,2023,9,2021.75,2022.0,76,76
0.85,unconstrained,validation_evidence,22,2008,2023,15,2020.3947368421052,2022.0,38,38
0.85,unconstrained,validation_evidence,37,2014,2022,8,2019.9166666666667,2022.0,12,12
0.85,unconstrained,validation_evidence,23,2022,2023,1,2022.111111111111,2022.0,9,9
0.85,unconstrained,validation_evidence,28,2020,2020,0,2020.0,2020.0,3,3
0.85,single_risk,risk,11,1994,2023,29,2018.4347826086957,2019.0,138,138
0.85,single_risk,risk,2,2003,2023,20,2017.96261682243,2019.0,107,107
0.85,single_risk,risk,28,2009,2023,14,2019.3431372549019,2019.5,102,102
0.85,single_risk,risk,20,2013,2023,10,2020.38,2021.0,100,100
0.85,single_risk,risk,17,2006,2023,17,2019.116504854369,2020.0,103,103
0.85,single_risk,risk,14,2006,2023,17,2020.375,2021.0,152,152
0.85,single_risk,risk,12,2011,2023,12,2019.7897196261683,2020.0,214,214
0.85,single_risk,risk,25,2014,2023,9,2019.5333333333333,2019.0,90,90
0.85,single_risk,risk,6,2008,2023,15,2020.0331753554503,2022.0,211,213
0.85,single_risk,risk,36,2017,2023,6,2020.0714285714287,2020.5,14,14
0.85,single_risk,risk,0,2008,2023,15,2021.2482269503546,2022.0,141,145
0.85,single_risk,risk,29,2012,2023,11,2020.1666666666667,2021.0,90,91
0.85,single_risk,risk,23,2012,2023,11,2019.1833333333334,2019.0,60,60
0.85,single_risk,risk,19,2012,2023,11,2019.826291079812,2020.0,213,213
0.85,single_risk,risk,13,2013,2023,10,2021.560975609756,2022.0,205,206
0.85,single_risk,risk,16,2013,2023,10,2020.6823529411765,2021.0,85,85
0.85,single_risk,risk,8,2012,2023,11,2020.3809523809523,2021.0,147,147
0.85,single_risk,risk,39,2008,2023,15,2020.4615384615386,2023.0,26,26
0.85,single_risk,risk,3,2008,2023,15,2020.5094339622642,2021.0,53,53
0.85,single_risk,risk,35,2006,2023,17,2021.0923076923077,2022.0,65,65
0.85,single_risk,risk,9,2002,2023,21,2018.5806451612902,2019.5,62,62
0.85,single_risk,risk,18,2012,2023,11,2019.825,2020.0,40,41
0.85,single_risk,risk,10,2017,2023,6,2021.8292682926829,2022.5,82,82
0.85,single_risk,risk,7,2011,2023,12,2019.9313725490197,2022.0,102,102
0.85,single_risk,risk,32,2009,2023,14,2021.4262295081967,2022.0,61,61
0.85,single_risk,risk,34,2012,2023,11,2020.7967479674796,2022.0,123,124
0.85,single_risk,risk,22,2017,2023,6,2021.6949152542372,2022.0,59,60
0.85,single_risk,risk,24,2012,2023,11,2022.0833333333333,2022.0,204,204
0.85,single_risk,risk,26,2013,2023,10,2020.3505154639174,2021.0,97,97
0.85,single_risk,risk,1,2003,2023,20,2019.8035714285713,2021.0,56,56
0.85,single_risk,risk,31,2014,2023,9,2020.5833333333333,2021.0,24,24
0.85,single_risk,risk,5,2013,2023,10,2021.0394736842106,2022.0,76,78
0.85,single_risk,risk,27,2016,2023,7,2020.9444444444443,2021.0,36,37
0.85,single_risk,risk,21,2008,2023,15,2021.4302325581396,2022.0,86,86
0.85,single_risk,risk,15,2018,2023,5,2021.0,2021.0,20,20
0.85,single_risk,risk,30,2016,2023,7,2020.5555555555557,2022.0,9,9
0.85,single_risk,risk,4,2016,2023,7,2021.1290322580646,2022.0,31,31
0.85,single_risk,risk,37,2016,2023,7,2021.0,2021.5,22,22
0.85,single_risk,risk,33,2019,2022,3,2020.7857142857142,2021.0,14,14
0.85,single_risk,risk,38,2016,2022,6,2019.75,2020.0,24,24
0.85,single_risk,intervention,37,2012,2023,11,2019.9213483146068,2020.0,89,89
0.85,single_risk,intervention,4,2010,2023,13,2017.6842105263158,2018.0,57,57
0.85,single_risk,intervention,5,2003,2023,20,2020.4844444444445,2022.0,225,225
0.85,single_risk,intervention,8,2012,2023,11,2021.8110236220473,2022.0,127,127
0.85,single_risk,intervention,15,2006,2023,17,2020.2391304347825,2021.0,276,276
0.85,single_risk,intervention,38,2012,2023,11,2019.5882352941176,2020.0,85,85
0.85,single_risk,intervention,14,2012,2023,11,2019.6503067484662,2020.0,163,163
0.85,single_risk,intervention,10,2012,2023,11,2020.4789915966387,2021.0,119,119
0.85,single_risk,intervention,24,2010,2023,13,2020.506329113924,2021.0,79,79
0.85,single_risk,intervention,23,2018,2023,5,2022.1739130434783,2023.0,23,23
0.85,single_risk,intervention,11,1994,2023,29,2018.2251655629138,2019.0,151,151
0.85,single_risk,intervention,34,2018,2022,4,2020.3636363636363,2020.5,22,22
0.85,single_risk,intervention,17,2008,2023,15,2019.9420289855072,2022.0,69,69
0.85,single_risk,intervention,29,2010,2023,13,2016.5892857142858,2016.0,56,57
0.85,single_risk,intervention,28,2006,2023,17,2020.1770833333333,2021.0,96,96
0.85,single_risk,intervention,7,2006,2023,17,2019.4214876033059,2019.0,242,242
0.85,single_risk,intervention,3,2009,2023,14,2021.4142857142858,2022.0,210,211
0.85,single_risk,intervention,19,2010,2023,13,2020.391304347826,2021.0,69,69
0.85,single_risk,intervention,27,2008,2023,15,2020.9079497907949,2022.0,239,241
0.85,single_risk,intervention,39,2014,2023,9,2020.2689075630253,2021.0,119,120
0.85,single_risk,intervention,6,2010,2023,13,2019.621359223301,2020.0,103,103
0.85,single_risk,intervention,30,2009,2023,14,2020.865306122449,2022.0,245,248
0.85,single_risk,intervention,26,2015,2023,8,2022.0806451612902,2023.0,62,66
0.85,single_risk,intervention,9,2014,2023,9,2021.5508982035929,2022.0,167,171
0.85,single_risk,intervention,1,2011,2023,12,2021.487012987013,2023.0,154,156
0.85,single_risk,intervention,32,2021,2023,2,2022.8,2023.0,20,20
0.85,single_risk,intervention,2,2005,2023,18,2019.80625,2021.0,160,160
0.85,single_risk,intervention,0,2011,2023,12,2020.4,2022.0,135,136
0.85,single_risk,intervention,31,2013,2023,10,2018.909090909091,2020.0,11,11
0.85,single_risk,intervention,18,2014,2023,9,2020.36,2021.0,25,26
0.85,single_risk,intervention,20,2015,2023,8,2020.7083333333333,2021.0,24,24
0.85,single_risk,intervention,13,2012,2023,11,2021.0054945054944,2022.0,182,182
0.85,single_risk,intervention,22,2013,2023,10,2016.076923076923,2016.0,13,13
0.85,single_risk,intervention,16,2011,2023,12,2015.3265306122448,2015.0,49,49
0.85,single_risk,intervention,12,2013,2023,10,2019.9565217391305,2020.0,46,46
0.85,single_risk,intervention,35,2018,2023,5,2022.1944444444443,2023.0,36,36
0.85,single_risk,intervention,36,2015,2023,8,2021.6521739130435,2022.0,23,23
0.85,single_risk,intervention,25,2017,2023,6,2021.2105263157894,2022.0,19,19
0.85,single_risk,intervention,33,2018,2023,5,2020.6666666666667,2021.0,21,21
0.85,single_risk,intervention,21,2022,2023,1,2022.142857142857,2022.0,7,7
0.85,single_risk,all_concepts,15,2010,2023,13,2019.34,2020.0,250,250
0.85,single_risk,all_concepts,3,2003,2023,20,2017.354211663067,2018.0,463,467
0.85,single_risk,all_concepts,12,2003,2023,20,2018.6745098039216,2019.0,255,255
0.85,single_risk,all_concepts,21,2011,2023,12,2020.5268456375838,2021.0,596,596
0.85,single_risk,all_concepts,39,2006,2023,17,2020.9837209302325,2022.0,430,430
0.85,single_risk,all_concepts,38,2016,2023,7,2020.4722222222222,2021.0,72,72
0.85,single_risk,all_concepts,5,2012,2023,11,2022.042234332425,2022.0,734,734
0.85,single_risk,all_concepts,6,1998,2023,25,2018.8797653958945,2019.0,682,683
0.85,single_risk,all_concepts,0,2006,2023,17,2020.9411042944785,2022.0,815,816
0.85,single_risk,all_concepts,10,2003,2023,20,2019.625754527163,2020.0,497,497
0.85,single_risk,all_concepts,32,2013,2023,10,2020.839378238342,2022.0,193,193
0.85,single_risk,all_concepts,33,2002,2023,21,2019.660792951542,2020.0,1589,1589
0.85,single_risk,all_concepts,1,2008,2023,15,2020.7686832740214,2022.0,562,566
0.85,single_risk,all_concepts,11,2010,2023,13,2020.710569105691,2021.0,615,617
0.85,single_risk,all_concepts,7,2008,2023,15,2021.4028708133972,2022.0,1045,1053
0.85,single_risk,all_concepts,17,2008,2023,15,2020.6004672897195,2022.0,428,430
0.85,single_risk,all_concepts,8,2011,2023,12,2020.6947368421052,2022.0,475,481
0.85,single_risk,all_concepts,9,2003,2023,20,2021.0722311396469,2022.0,623,625
0.85,single_risk,all_concepts,16,2010,2023,13,2019.637744034707,2020.0,1383,1383
0.85,single_risk,all_concepts,14,2012,2023,11,2019.6445497630332,2020.0,633,633
0.85,single_risk,all_concepts,2,2006,2023,17,2020.2638352638353,2022.0,1554,1556
0.85,single_risk,all_concepts,19,2003,2023,20,2019.7393162393162,2021.0,468,468
0.85,single_risk,all_concepts,4,2008,2023,15,2020.9741697416973,2022.0,542,548
0.85,single_risk,all_concepts,27,2015,2023,8,2022.004329004329,2023.0,231,252
0.85,single_risk,all_concepts,13,2011,2023,12,2020.056074766355,2020.0,749,750
0.85,single_risk,all_concepts,29,2017,2023,6,2021.4883720930231,2022.0,86,86
0.85,single_risk,all_concepts,24,2014,2023,9,2021.6976744186047,2022.0,86,86
0.85,single_risk,all_concepts,28,2018,2023,5,2021.8247422680413,2022.0,194,195
0.85,single_risk,all_concepts,26,2007,2023,16,2019.1666666666667,2021.0,66,66
0.85,single_risk,all_concepts,23,2019,2023,4,2020.7794117647059,2021.0,68,68
0.85,single_risk,all_concepts,25,2008,2023,15,2021.0891719745223,2022.0,314,316
0.85,single_risk,all_concepts,20,2017,2023,6,2020.77,2021.0,100,100
0.85,single_risk,all_concepts,36,2007,2023,16,2018.857142857143,2019.0,112,112
0.85,single_risk,all_concepts,18,2006,2023,17,2020.336,2021.0,125,125
0.85,single_risk,all_concepts,37,2008,2023,15,2019.5,2020.0,60,60
0.85,single_risk,all_concepts,34,2013,2023,10,2021.48,2023.0,50,50
0.85,single_risk,all_concepts,35,2022,2023,1,2022.111111111111,2022.0,18,18
0.85,single_risk,all_concepts,30,2015,2023,8,2021.12,2022.0,25,25
0.85,single_risk,all_concepts,22,2022,2023,1,2022.5806451612902,2023.0,31,31
0.85,single_risk,all_concepts,31,2013,2023,10,2019.1764705882354,2020.0,34,34
0.85,single_risk,problem_analysis,31,2003,2023,20,2019.0833333333333,2019.0,108,108
0.85,single_risk,problem_analysis,28,2014,2022,8,2017.7142857142858,2018.0,35,36
0.85,single_risk,problem_analysis,37,2012,2023,11,2020.0416666666667,2022.0,72,72
0.85,single_risk,problem_analysis,24,2006,2023,17,2020.276595744681,2021.0,94,94
0.85,single_risk,problem_analysis,25,2017,2023,6,2021.2666666666667,2021.5,30,30
0.85,single_risk,problem_analysis,10,2012,2023,11,2020.4589552238806,2021.0,268,268
0.85,single_risk,problem_analysis,2,2012,2023,11,2019.3664122137404,2020.0,131,131
0.85,single_risk,problem_analysis,21,2006,2023,17,2020.6830188679246,2022.0,265,265
0.85,single_risk,problem_analysis,16,2010,2023,13,2019.5174825174824,2020.0,143,143
0.85,single_risk,problem_analysis,4,2011,2023,12,2020.1637931034484,2021.0,116,116
0.85,single_risk,problem_analysis,32,2014,2023,9,2020.1666666666667,2020.0,126,126
0.85,single_risk,problem_analysis,5,2006,2023,17,2020.8133971291866,2022.0,209,209
0.85,single_risk,problem_analysis,34,2011,2023,12,2018.7179487179487,2019.0,39,39
0.85,single_risk,problem_analysis,3,2005,2023,18,2021.2696629213483,2022.0,267,272
0.85,single_risk,problem_analysis,0,2010,2023,13,2020.842105263158,2021.5,114,115
0.85,single_risk,problem_analysis,19,2011,2023,12,2019.0091743119267,2019.0,109,109
0.85,single_risk,problem_analysis,15,2009,2023,14,2019.8557692307693,2020.0,208,208
0.85,single_risk,problem_analysis,13,2008,2023,15,2021.3355263157894,2022.0,152,158
0.85,single_risk,problem_analysis,11,2008,2023,15,2020.06,2021.0,50,50
0.85,single_risk,problem_analysis,26,2013,2023,10,2020.9180327868853,2022.0,122,122
0.85,single_risk,problem_analysis,35,2008,2023,15,2019.5588235294117,2020.0,68,68
0.85,single_risk,problem_analysis,7,2014,2023,9,2020.4,2022.0,65,65
0.85,single_risk,problem_analysis,38,2012,2023,11,2020.0431034482758,2021.0,116,116
0.85,single_risk,problem_analysis,23,2017,2023,6,2021.445945945946,2022.0,74,74
0.85,single_risk,problem_analysis,14,2008,2023,15,2021.7777777777778,2023.0,72,73
0.85,single_risk,problem_analysis,30,2009,2023,14,2019.3529411764705,2020.0,34,34
0.85,single_risk,problem_analysis,17,2003,2023,20,2019.5877862595419,2021.0,131,131
0.85,single_risk,problem_analysis,12,2015,2023,8,2020.8026315789473,2022.0,76,77
0.85,single_risk,problem_analysis,9,2011,2023,12,2020.446327683616,2022.0,177,178
0.85,single_risk,problem_analysis,39,2008,2023,15,2021.195,2022.0,200,201
0.85,single_risk,problem_analysis,6,2010,2023,13,2020.0873786407767,2022.0,103,103
0.85,single_risk,problem_analysis,29,2019,2023,4,2022.1764705882354,2023.0,17,17
0.85,single_risk,problem_analysis,27,2008,2023,15,2019.3846153846155,2020.0,52,52
0.85,single_risk,problem_analysis,22,2010,2023,13,2021.4558823529412,2022.0,68,68
0.85,single_risk,problem_analysis,20,2019,2023,4,2020.875,2021.0,24,24
0.85,single_risk,problem_analysis,1,2014,2023,9,2021.5384615384614,2022.0,52,52
0.85,single_risk,problem_analysis,33,2011,2023,12,2019.7857142857142,2021.5,98,98
0.85,single_risk,problem_analysis,8,2010,2023,13,2021.928,2022.0,125,125
0.85,single_risk,problem_analysis,36,2002,2023,21,2019.0869565217392,2020.0,46,46
0.85,single_risk,problem_analysis,18,2014,2023,9,2020.3673469387754,2020.0,49,49
0.85,single_risk,theoretical_insight,23,2003,2023,20,2019.8048780487804,2021.0,123,123
0.85,single_risk,theoretical_insight,28,2013,2023,10,2021.4285714285713,2022.0,21,21
0.85,single_risk,theoretical_insight,5,2002,2023,21,2018.4916666666666,2019.0,120,120
0.85,single_risk,theoretical_insight,2,2006,2023,17,2019.685618729097,2020.0,299,299
0.85,single_risk,theoretical_insight,27,2009,2023,14,2020.2457142857143,2022.0,175,175
0.85,single_risk,theoretical_insight,13,2008,2023,15,2021.1869918699188,2022.0,123,126
0.85,single_risk,theoretical_insight,17,1998,2023,25,2019.8796296296296,2020.0,216,216
0.85,single_risk,theoretical_insight,4,2012,2023,11,2020.8307692307692,2022.0,65,65
0.85,single_risk,theoretical_insight,25,2018,2023,5,2022.0714285714287,2022.0,70,71
0.85,single_risk,theoretical_insight,32,2012,2023,11,2020.1328125,2021.5,128,128
0.85,single_risk,theoretical_insight,16,2010,2023,13,2019.450980392157,2020.0,102,102
0.85,single_risk,theoretical_insight,26,2012,2023,11,2020.3673469387754,2020.0,98,98
0.85,single_risk,theoretical_insight,35,2018,2023,5,2021.0357142857142,2021.5,28,28
0.85,single_risk,theoretical_insight,30,2013,2023,10,2019.6666666666667,2021.0,12,12
0.85,single_risk,theoretical_insight,38,2014,2023,9,2019.8880597014925,2020.0,134,134
0.85,single_risk,theoretical_insight,1,2003,2023,20,2018.7558139534883,2019.0,86,86
0.85,single_risk,theoretical_insight,9,2013,2023,10,2020.2083333333333,2021.0,48,48
0.85,single_risk,theoretical_insight,0,2011,2023,12,2021.1439393939395,2022.0,264,266
0.85,single_risk,theoretical_insight,24,2006,2023,17,2019.357142857143,2019.0,42,42
0.85,single_risk,theoretical_insight,19,2005,2023,18,2020.4045801526718,2022.0,131,131
0.85,single_risk,theoretical_insight,7,2016,2023,7,2020.6538461538462,2022.0,26,26
0.85,single_risk,theoretical_insight,36,2010,2023,13,2019.10989010989,2020.0,91,91
0.85,single_risk,theoretical_insight,6,2010,2023,13,2018.918918918919,2020.0,74,74
0.85,single_risk,theoretical_insight,3,2013,2023,10,2021.4912280701753,2022.0,57,57
0.85,single_risk,theoretical_insight,15,2010,2023,13,2021.551724137931,2023.0,58,62
0.85,single_risk,theoretical_insight,37,2006,2023,17,2019.1363636363637,2020.5,22,22
0.85,single_risk,theoretical_insight,18,2012,2023,11,2020.6603773584907,2022.0,53,53
0.85,single_risk,theoretical_insight,34,2018,2023,5,2021.8,2022.0,45,45
0.85,single_risk,theoretical_insight,12,2014,2023,9,2020.7794117647059,2022.0,68,68
0.85,single_risk,theoretical_insight,29,2012,2023,11,2019.0615384615385,2020.0,65,65
0.85,single_risk,theoretical_insight,22,2013,2023,10,2019.6451612903227,2021.0,31,31
0.85,single_risk,theoretical_insight,20,2013,2023,10,2021.0,2022.0,53,53
0.85,single_risk,theoretical_insight,21,2017,2023,6,2021.1489361702127,2021.0,47,47
0.85,single_risk,theoretical_insight,11,2012,2023,11,2019.7037037037037,2020.0,27,27
0.85,single_risk,theoretical_insight,31,2013,2023,10,2022.2372881355932,2023.0,59,59
0.85,single_risk,theoretical_insight,10,2014,2023,9,2020.904761904762,2022.0,21,21
0.85,single_risk,theoretical_insight,8,2013,2023,10,2021.5166666666667,2022.0,60,61
0.85,single_risk,theoretical_insight,39,2018,2023,5,2020.4117647058824,2021.0,17,17
0.85,single_risk,theoretical_insight,14,2012,2023,11,2020.142857142857,2022.0,7,7
0.85,single_risk,theoretical_insight,33,2017,2023,6,2020.842105263158,2021.0,19,19
0.85,single_risk,design_rationale,26,2010,2023,13,2019.4810126582279,2020.0,79,79
0.85,single_risk,design_rationale,4,2009,2023,14,2018.832,2019.0,125,125
0.85,single_risk,design_rationale,14,2003,2023,20,2017.3698630136987,2017.0,73,73
0.85,single_risk,design_rationale,38,2006,2023,17,2020.6666666666667,2022.0,174,174
0.85,single_risk,design_rationale,15,2006,2023,17,2020.687898089172,2021.0,157,157
0.85,single_risk,design_rationale,18,2012,2023,11,2020.0108108108109,2020.0,185,186
0.85,single_risk,design_rationale,16,2006,2023,17,2019.0833333333333,2019.0,108,108
0.85,single_risk,design_rationale,11,2009,2023,14,2019.962441314554,2022.0,213,214
0.85,single_risk,design_rationale,3,2012,2023,11,2019.9711538461538,2021.0,104,104
0.85,single_risk,design_rationale,1,2008,2023,15,2019.4893617021276,2020.0,94,94
0.85,single_risk,design_rationale,5,2012,2023,11,2019.6699507389162,2020.0,203,203
0.85,single_risk,design_rationale,23,2015,2023,8,2021.438596491228,2022.0,57,57
0.85,single_risk,design_rationale,22,2013,2023,10,2021.377358490566,2022.0,212,214
0.85,single_risk,design_rationale,7,2013,2023,10,2020.9142857142858,2022.0,105,105
0.85,single_risk,design_rationale,32,2018,2023,5,2021.888888888889,2022.0,18,18
0.85,single_risk,design_rationale,10,2009,2023,14,2019.7671755725191,2020.0,262,262
0.85,single_risk,design_rationale,24,2018,2023,5,2020.6666666666667,2021.0,27,27
0.85,single_risk,design_rationale,13,2017,2023,6,2020.888888888889,2021.0,27,27
0.85,single_risk,design_rationale,34,2013,2023,10,2022.15,2023.0,40,40
0.85,single_risk,design_rationale,37,2016,2023,7,2022.0731707317073,2023.0,82,82
0.85,single_risk,design_rationale,19,2013,2023,10,2020.85,2022.0,140,140
0.85,single_risk,design_rationale,27,2015,2023,8,2021.8985507246377,2022.0,69,74
0.85,single_risk,design_rationale,33,2012,2023,11,2020.5333333333333,2022.0,60,60
0.85,single_risk,design_rationale,2,2005,2023,18,2020.049504950495,2021.0,101,102
0.85,single_risk,design_rationale,6,2003,2023,20,2020.2307692307693,2022.0,26,26
0.85,single_risk,design_rationale,21,2007,2023,16,2019.245283018868,2021.0,53,53
0.85,single_risk,design_rationale,8,2008,2023,15,2019.6140350877192,2021.0,57,57
0.85,single_risk,design_rationale,9,2017,2023,6,2021.7222222222222,2023.0,54,54
0.85,single_risk,design_rationale,20,2014,2023,9,2020.857142857143,2021.0,35,36
0.85,single_risk,design_rationale,30,2016,2023,7,2020.6153846153845,2021.0,91,91
0.85,single_risk,design_rationale,28,2010,2023,13,2020.076923076923,2022.0,39,39
0.85,single_risk,design_rationale,0,2002,2023,21,2019.842105263158,2021.0,76,76
0.85,single_risk,design_rationale,25,2018,2023,5,2020.76,2022.0,25,25
0.85,single_risk,design_rationale,35,2021,2023,2,2022.6,2023.0,5,5
0.85,single_risk,design_rationale,12,2013,2023,10,2020.8367346938776,2021.0,49,49
0.85,single_risk,design_rationale,39,2015,2023,8,2021.5384615384614,2023.0,13,13
0.85,single_risk,design_rationale,31,2014,2023,9,2020.3809523809523,2021.0,21,21
0.85,single_risk,design_rationale,17,2006,2023,17,2020.2,2022.0,15,15
0.85,single_risk,design_rationale,36,2022,2022,0,2022.0,2022.0,2,2
0.85,single_risk,design_rationale,29,2017,2023,6,2020.888888888889,2022.0,9,9
0.85,single_risk,implementation_mechanism,27,2013,2022,9,2019.923076923077,2020.0,39,39
0.85,single_risk,implementation_mechanism,0,2003,2023,20,2018.516129032258,2019.0,217,219
0.85,single_risk,implementation_mechanism,31,2003,2023,20,2017.8172043010752,2018.0,93,93
0.85,single_risk,implementation_mechanism,26,2013,2023,10,2021.1818181818182,2022.0,165,165
0.85,single_risk,implementation_mechanism,33,2009,2023,14,2021.4356435643565,2022.0,202,202
0.85,single_risk,implementation_mechanism,6,2006,2023,17,2019.4140625,2019.5,128,128
0.85,single_risk,implementation_mechanism,28,2013,2023,10,2019.780487804878,2020.0,123,123
0.85,single_risk,implementation_mechanism,4,2012,2023,11,2019.9512195121952,2022.0,82,82
0.85,single_risk,implementation_mechanism,1,2012,2023,11,2019.8369565217392,2021.0,184,184
0.85,single_risk,implementation_mechanism,30,2011,2023,12,2020.5172413793102,2022.0,29,29
0.85,single_risk,implementation_mechanism,2,2012,2023,11,2019.9328358208954,2020.0,134,134
0.85,single_risk,implementation_mechanism,29,2007,2023,16,2020.1584158415842,2022.0,101,101
0.85,single_risk,implementation_mechanism,7,2013,2023,10,2021.0943396226414,2022.0,106,107
0.85,single_risk,implementation_mechanism,32,2016,2023,7,2019.764705882353,2020.0,17,17
0.85,single_risk,implementation_mechanism,13,2017,2023,6,2021.04,2021.0,50,51
0.85,single_risk,implementation_mechanism,5,2002,2023,21,2019.7777777777778,2020.0,144,144
0.85,single_risk,implementation_mechanism,15,2005,2023,18,2019.122641509434,2020.0,106,106
0.85,single_risk,implementation_mechanism,19,2013,2023,10,2021.5684210526315,2022.0,95,95
0.85,single_risk,implementation_mechanism,11,2013,2023,10,2020.6805555555557,2022.0,72,72
0.85,single_risk,implementation_mechanism,22,2006,2023,17,2021.5,2022.0,86,86
0.85,single_risk,implementation_mechanism,35,2012,2023,11,2019.642857142857,2020.5,56,56
0.85,single_risk,implementation_mechanism,12,2009,2023,14,2020.6084656084656,2022.0,189,189
0.85,single_risk,implementation_mechanism,36,2011,2023,12,2015.7307692307693,2015.0,26,26
0.85,single_risk,implementation_mechanism,24,2011,2023,12,2020.1764705882354,2021.0,34,35
0.85,single_risk,implementation_mechanism,39,2012,2023,11,2019.984126984127,2020.0,63,63
0.85,single_risk,implementation_mechanism,9,2018,2023,5,2020.6521739130435,2021.0,46,46
0.85,single_risk,implementation_mechanism,8,2015,2023,8,2021.953488372093,2023.0,86,91
0.85,single_risk,implementation_mechanism,16,2013,2023,10,2021.3067484662577,2022.0,163,164
0.85,single_risk,implementation_mechanism,10,2018,2023,5,2022.1166666666666,2023.0,60,61
0.85,single_risk,implementation_mechanism,17,2011,2023,12,2020.78125,2022.5,64,64
0.85,single_risk,implementation_mechanism,20,2013,2023,10,2020.032258064516,2021.0,62,62
0.85,single_risk,implementation_mechanism,14,2016,2023,7,2020.8,2021.0,105,105
0.85,single_risk,implementation_mechanism,34,2019,2023,4,2021.6666666666667,2022.0,12,12
0.85,single_risk,implementation_mechanism,25,2006,2023,17,2020.9019607843138,2022.0,51,51
0.85,single_risk,implementation_mechanism,23,2013,2023,10,2021.7739130434782,2023.0,115,116
0.85,single_risk,implementation_mechanism,21,2006,2023,17,2019.753846153846,2021.0,65,65
0.85,single_risk,implementation_mechanism,3,2010,2023,13,2019.8536585365853,2021.0,41,41
0.85,single_risk,implementation_mechanism,18,2012,2023,11,2019.6774193548388,2020.0,31,31
0.85,single_risk,implementation_mechanism,37,2016,2023,7,2020.0588235294117,2020.0,17,17
0.85,single_risk,implementation_mechanism,38,2021,2023,2,2022.0,2022.0,3,3
0.85,single_risk,validation_evidence,6,2003,2023,20,2019.1205673758866,2019.0,141,141
0.85,single_risk,validation_evidence,38,2010,2023,13,2016.5454545454545,2016.0,11,11
0.85,single_risk,validation_evidence,32,2012,2023,11,2020.962962962963,2022.0,54,54
0.85,single_risk,validation_evidence,33,2013,2023,10,2021.4893617021276,2022.0,47,47
0.85,single_risk,validation_evidence,9,2015,2023,8,2021.47311827957,2022.0,93,93
0.85,single_risk,validation_evidence,12,2013,2023,10,2020.278350515464,2021.0,97,98
0.85,single_risk,validation_evidence,29,2012,2023,11,2019.878787878788,2020.0,66,66
0.85,single_risk,validation_evidence,17,2009,2023,14,2020.327731092437,2022.0,119,119
0.85,single_risk,validation_evidence,27,2013,2023,10,2020.6194690265486,2021.0,113,114
0.85,single_risk,validation_evidence,1,2017,2023,6,2022.2207792207791,2023.0,77,77
0.85,single_risk,validation_evidence,0,2012,2023,11,2019.4079754601228,2020.0,326,326
0.85,single_risk,validation_evidence,7,2014,2023,9,2020.027027027027,2021.0,74,74
0.85,single_risk,validation_evidence,4,2013,2023,10,2021.2716049382716,2022.0,81,81
0.85,single_risk,validation_evidence,34,2015,2023,8,2020.2121212121212,2021.0,33,33
0.85,single_risk,validation_evidence,28,2012,2023,11,2021.403409090909,2023.0,176,179
0.85,single_risk,validation_evidence,3,2003,2023,20,2019.858208955224,2021.5,134,134
0.85,single_risk,validation_evidence,36,2006,2023,17,2018.4516129032259,2020.0,31,31
0.85,single_risk,validation_evidence,5,2003,2023,20,2019.5523809523809,2020.0,315,315
0.85,single_risk,validation_evidence,21,2013,2023,10,2020.3625,2021.0,80,80
0.85,single_risk,validation_evidence,16,2010,2023,13,2021.7631578947369,2023.0,38,38
0.85,single_risk,validation_evidence,24,2019,2023,4,2022.1792452830189,2023.0,106,106
0.85,single_risk,validation_evidence,2,2009,2023,14,2020.7132867132866,2022.0,143,144
0.85,single_risk,validation_evidence,35,2009,2023,14,2017.433962264151,2017.0,53,53
0.85,single_risk,validation_evidence,37,2005,2023,18,2020.0294117647059,2022.0,68,69
0.85,single_risk,validation_evidence,31,2018,2023,5,2021.896551724138,2022.0,29,32
0.85,single_risk,validation_evidence,19,2013,2023,10,2020.2203389830509,2021.0,59,59
0.85,single_risk,validation_evidence,23,2016,2023,7,2020.1698113207547,2020.0,53,53
0.85,single_risk,validation_evidence,10,2013,2023,10,2021.032258064516,2021.0,62,62
0.85,single_risk,validation_evidence,15,2019,2023,4,2021.4,2021.5,10,10
0.85,single_risk,validation_evidence,14,2010,2023,13,2018.9056603773586,2021.0,53,53
0.85,single_risk,validation_evidence,8,2016,2023,7,2020.5,2021.0,28,28
0.85,single_risk,validation_evidence,13,2014,2023,9,2021.7230769230769,2022.0,65,65
0.85,single_risk,validation_evidence,30,2020,2023,3,2022.0,2022.0,25,25
0.85,single_risk,validation_evidence,18,2002,2023,21,2017.6046511627908,2018.0,43,44
0.85,single_risk,validation_evidence,39,2014,2022,8,2019.642857142857,2022.0,14,14
0.85,single_risk,validation_evidence,11,2006,2023,17,2019.6363636363637,2021.0,11,11
0.85,single_risk,validation_evidence,20,2022,2023,1,2022.111111111111,2022.0,9,9
0.85,single_risk,validation_evidence,25,2008,2022,14,2016.5454545454545,2018.0,11,11
0.85,single_risk,validation_evidence,22,2006,2023,17,2018.8387096774193,2020.0,62,62
0.85,single_risk,validation_evidence,26,2018,2023,5,2020.5,2021.0,6,6
0.85,monotonic,risk,3,2006,2023,17,2020.0317073170731,2021.0,410,410
0.85,monotonic,risk,18,2002,2023,21,2018.8023255813953,2020.0,172,172
0.85,monotonic,risk,5,2003,2023,20,2018.317880794702,2019.0,151,152
0.85,monotonic,risk,7,2009,2023,14,2019.3690476190477,2020.0,168,168
0.85,monotonic,risk,12,1994,2023,29,2018.7278106508875,2020.0,169,169
0.85,monotonic,risk,21,2006,2023,17,2019.6700680272108,2020.0,294,294
0.85,monotonic,risk,26,2012,2023,11,2022.0996978851963,2023.0,331,332
0.85,monotonic,risk,6,2012,2023,11,2020.2886597938145,2020.0,291,292
0.85,monotonic,risk,25,2011,2023,12,2021.6187989556136,2022.0,383,385
0.85,monotonic,risk,38,2015,2023,8,2021.6106194690265,2022.0,113,114
0.85,monotonic,risk,1,2008,2023,15,2019.341463414634,2021.0,246,247
0.85,monotonic,risk,2,2006,2023,17,2021.4280442804427,2022.0,271,271
0.85,monotonic,risk,13,2013,2023,10,2021.4520123839009,2022.0,323,324
0.85,monotonic,risk,0,2015,2023,8,2021.137254901961,2022.0,255,261
0.85,monotonic,risk,14,1977,2023,46,2020.8092485549132,2022.0,173,173
0.85,monotonic,risk,8,2009,2023,14,2021.0812182741117,2022.0,197,200
0.85,monotonic,risk,35,2016,2023,7,2021.0333333333333,2022.0,60,61
0.85,monotonic,risk,29,2017,2023,6,2020.1052631578948,2020.5,38,38
0.85,monotonic,risk,39,2008,2023,15,2019.1166666666666,2019.0,60,60
0.85,monotonic,risk,15,2006,2023,17,2020.3370165745857,2021.0,181,181
0.85,monotonic,risk,4,2012,2023,11,2019.8214285714287,2020.0,392,392
0.85,monotonic,risk,27,2014,2023,9,2020.608695652174,2021.0,92,92
0.85,monotonic,risk,17,2003,2023,20,2019.5555555555557,2021.0,225,225
0.85,monotonic,risk,30,2008,2023,15,2021.4388489208634,2022.0,139,139
0.85,monotonic,risk,11,2012,2023,11,2020.0714285714287,2021.0,126,127
0.85,monotonic,risk,36,2014,2023,9,2020.5185185185185,2021.0,81,81
0.85,monotonic,risk,24,2014,2023,9,2021.009523809524,2022.0,105,105
0.85,monotonic,risk,10,2011,2023,12,2021.2628726287262,2022.0,369,370
0.85,monotonic,risk,19,2007,2023,16,2020.0,2021.0,68,68
0.85,monotonic,risk,9,2008,2023,15,2020.1533333333334,2021.0,300,300
0.85,monotonic,risk,16,2017,2023,6,2021.6025641025642,2022.0,78,78
0.85,monotonic,risk,31,2004,2023,19,2021.4371584699454,2023.0,183,183
0.85,monotonic,risk,32,2016,2023,7,2022.2650602409637,2023.0,83,83
0.85,monotonic,risk,33,2018,2023,5,2021.5272727272727,2022.0,55,57
0.85,monotonic,risk,28,2008,2023,15,2021.5098039215686,2023.0,51,51
0.85,monotonic,risk,37,2008,2023,15,2019.25,2021.0,140,140
0.85,monotonic,risk,23,2015,2023,8,2020.85,2022.0,20,20
0.85,monotonic,risk,20,2018,2023,5,2021.304347826087,2022.0,23,23
0.85,monotonic,risk,22,2019,2022,3,2020.7777777777778,2021.0,18,18
0.85,monotonic,risk,34,2008,2023,15,2018.1707317073171,2019.0,41,41
0.85,monotonic,intervention,39,2013,2023,10,2019.8481012658228,2020.0,79,79
0.85,monotonic,intervention,32,2002,2023,21,2017.4615384615386,2018.0,65,65
0.85,monotonic,intervention,1,2013,2023,10,2021.3053435114505,2022.0,131,131
0.85,monotonic,intervention,18,2016,2023,7,2022.0230769230768,2022.5,130,130
0.85,monotonic,intervention,33,2006,2023,17,2020.3039647577093,2021.0,227,227
0.85,monotonic,intervention,30,2010,2023,13,2016.7368421052631,2016.0,57,58
0.85,monotonic,intervention,5,2012,2023,11,2019.857142857143,2020.0,203,203
0.85,monotonic,intervention,19,2012,2023,11,2019.142857142857,2020.0,77,77
0.85,monotonic,intervention,36,2010,2023,13,2020.8307692307692,2022.0,65,65
0.85,monotonic,intervention,20,2018,2023,5,2022.304347826087,2023.0,23,23
0.85,monotonic,intervention,37,2003,2022,19,2017.888888888889,2018.0,27,27
0.85,monotonic,intervention,10,2018,2022,4,2020.3636363636363,2020.5,22,22
0.85,monotonic,intervention,3,2008,2023,15,2020.4452554744526,2022.0,137,138
0.85,monotonic,intervention,13,2003,2023,20,2018.8924731182797,2020.0,93,93
0.85,monotonic,intervention,8,2012,2023,11,2019.5739130434783,2020.0,230,230
0.85,monotonic,intervention,26,1994,2022,28,2018.4814814814815,2019.0,135,135
0.85,monotonic,intervention,38,2016,2023,7,2021.081081081081,2022.0,37,37
0.85,monotonic,intervention,27,2008,2023,15,2020.9058295964126,2022.0,223,225
0.85,monotonic,intervention,0,2010,2023,13,2020.1693989071039,2020.0,183,184
0.85,monotonic,intervention,7,2012,2023,11,2020.1888888888889,2021.0,90,90
0.85,monotonic,intervention,2,2009,2023,14,2019.6573705179283,2021.0,251,253
0.85,monotonic,intervention,9,2011,2023,12,2020.08547008547,2022.0,117,118
0.85,monotonic,intervention,35,2015,2023,8,2022.030303030303,2023.0,66,70
0.85,monotonic,intervention,6,2011,2023,12,2021.3425925925926,2022.0,216,219
0.85,monotonic,intervention,12,2020,2023,3,2022.3243243243244,2023.0,37,37
0.85,monotonic,intervention,15,2009,2023,14,2021.3428571428572,2022.0,140,140
0.85,monotonic,intervention,16,2005,2023,18,2019.6785714285713,2021.0,112,112
0.85,monotonic,intervention,17,2012,2023,11,2020.469387755102,2021.0,49,49
0.85,monotonic,intervention,25,2013,2023,10,2020.4266666666667,2021.0,75,75
0.85,monotonic,intervention,22,2013,2023,10,2018.909090909091,2020.0,11,11
0.85,monotonic,intervention,21,2014,2022,8,2020.142857142857,2021.0,7,7
0.85,monotonic,intervention,24,2015,2022,7,2020.2105263157894,2020.0,19,19
0.85,monotonic,intervention,29,2012,2023,11,2021.028735632184,2022.0,174,174
0.85,monotonic,intervention,4,2012,2023,11,2018.7105263157894,2019.0,38,38
0.85,monotonic,intervention,14,2013,2023,10,2019.56,2021.0,25,25
0.85,monotonic,intervention,34,2012,2022,10,2019.75,2020.0,20,20
0.85,monotonic,intervention,11,2013,2023,10,2020.0,2020.0,47,47
0.85,monotonic,intervention,31,2018,2023,5,2022.2368421052631,2023.0,38,38
0.85,monotonic,intervention,28,2016,2023,7,2020.7826086956522,2021.0,23,23
0.85,monotonic,intervention,23,2022,2023,1,2022.142857142857,2022.0,7,7
0.85,monotonic,all_concepts,31,2010,2023,13,2019.3352601156068,2020.0,173,173
0.85,monotonic,all_concepts,30,2003,2023,20,2017.0154639175257,2017.0,388,388
0.85,monotonic,all_concepts,17,2010,2023,13,2018.7116788321168,2020.0,274,274
0.85,monotonic,all_concepts,20,2007,2023,16,2020.5092748735244,2021.0,593,593
0.85,monotonic,all_concepts,35,2006,2023,17,2020.9809523809524,2022.0,420,420
0.85,monotonic,all_concepts,14,2012,2023,11,2021.2637075718017,2022.0,383,383
0.85,monotonic,all_concepts,13,2002,2023,21,2019.055737704918,2019.0,610,610
0.85,monotonic,all_concepts,9,2006,2023,17,2020.351629502573,2021.0,583,584
0.85,monotonic,all_concepts,33,2015,2023,8,2021.987341772152,2022.0,237,237
0.85,monotonic,all_concepts,8,2006,2023,17,2019.6741996233523,2020.0,531,531
0.85,monotonic,all_concepts,21,2012,2023,11,2020.475113122172,2022.0,221,221
0.85,monotonic,all_concepts,11,2002,2023,21,2019.6280048076924,2020.0,1664,1665
0.85,monotonic,all_concepts,22,2010,2023,13,2018.566265060241,2019.0,83,87
0.85,monotonic,all_concepts,24,2008,2023,15,2021.5215110178383,2022.0,953,966
0.85,monotonic,all_concepts,34,2018,2023,5,2021.08,2021.0,150,152
0.85,monotonic,all_concepts,5,2008,2023,15,2020.947049924357,2022.0,661,668
0.85,monotonic,all_concepts,1,2006,2023,17,2020.7437557816836,2022.0,1081,1082
0.85,monotonic,all_concepts,18,2003,2023,20,2021.2280701754387,2022.0,456,458
0.85,monotonic,all_concepts,0,2009,2023,14,2019.77441332324,2020.0,1321,1321
0.85,monotonic,all_concepts,4,2010,2023,13,2019.8950570342206,2020.0,1315,1316
0.85,monotonic,all_concepts,2,2003,2023,20,2019.705565529623,2021.0,557,563
0.85,monotonic,all_concepts,19,2009,2023,14,2019.8084832904885,2022.0,778,780
0.85,monotonic,all_concepts,37,2008,2023,15,2021.323076923077,2023.0,65,66
0.85,monotonic,all_concepts,23,2015,2023,8,2021.9545454545455,2023.0,132,148
0.85,monotonic,all_concepts,27,2012,2023,11,2020.864406779661,2022.0,472,477
0.85,monotonic,all_concepts,32,2017,2023,6,2021.4166666666667,2022.0,84,84
0.85,monotonic,all_concepts,15,2014,2023,9,2021.5353535353536,2022.0,99,99
0.85,monotonic,all_concepts,10,2013,2023,10,2021.079295154185,2022.0,227,227
0.85,monotonic,all_concepts,6,2006,2023,17,2020.890410958904,2021.0,292,292
0.85,monotonic,all_concepts,3,2013,2023,10,2020.801886792453,2021.0,106,106
0.85,monotonic,all_concepts,12,2012,2023,11,2022.1194331983806,2023.0,494,495
0.85,monotonic,all_concepts,26,2003,2023,20,2020.0514705882354,2022.0,136,136
0.85,monotonic,all_concepts,25,2008,2023,15,2021.1748878923768,2022.0,223,224
0.85,monotonic,all_concepts,16,2008,2023,15,2020.44578313253,2021.0,83,83
0.85,monotonic,all_concepts,29,2009,2023,14,2018.648148148148,2017.0,108,108
0.85,monotonic,all_concepts,38,2012,2022,10,2018.3636363636363,2020.0,22,22
0.85,monotonic,all_concepts,28,2008,2023,15,2019.592356687898,2021.0,157,157
0.85,monotonic,all_concepts,36,2006,2023,17,2019.8852459016393,2020.0,61,61
0.85,monotonic,all_concepts,7,2008,2023,15,2019.8857142857144,2021.0,140,140
0.85,monotonic,all_concepts,39,2022,2023,1,2022.5806451612902,2023.0,31,31
0.85,monotonic,problem_analysis,19,2003,2023,20,2019.139705882353,2019.0,136,136
0.85,monotonic,problem_analysis,9,2009,2023,14,2019.3296703296703,2020.0,91,92
0.85,monotonic,problem_analysis,30,2006,2023,17,2019.076923076923,2021.0,52,52
0.85,monotonic,problem_analysis,24,2012,2023,11,2020.7586206896551,2022.0,145,145
0.85,monotonic,problem_analysis,33,2006,2023,17,2020.137254901961,2021.0,102,102
0.85,monotonic,problem_analysis,13,2006,2023,17,2020.9609929078015,2022.0,282,282
0.85,monotonic,problem_analysis,0,2007,2023,16,2020.2846347607053,2021.0,397,397
0.85,monotonic,problem_analysis,23,2017,2023,6,2021.4,2022.0,80,80
0.85,monotonic,problem_analysis,37,2018,2023,5,2022.2222222222222,2023.0,18,18
0.85,monotonic,problem_analysis,5,2012,2023,11,2019.5,2020.5,116,116
0.85,monotonic,problem_analysis,4,2010,2023,13,2019.8214285714287,2020.0,280,281
0.85,monotonic,problem_analysis,18,2015,2023,8,2020.4947368421053,2021.0,95,95
0.85,monotonic,problem_analysis,26,2014,2023,9,2020.1060606060605,2020.0,132,132
0.85,monotonic,problem_analysis,39,2006,2023,17,2021.0357142857142,2022.0,28,28
0.85,monotonic,problem_analysis,11,2011,2023,12,2018.375,2019.0,40,40
0.85,monotonic,problem_analysis,34,2008,2023,15,2021.5024390243902,2022.0,205,210
0.85,monotonic,problem_analysis,6,2010,2023,13,2020.9607843137255,2022.0,102,103
0.85,monotonic,problem_analysis,14,2011,2023,12,2018.6732673267327,2019.0,101,101
0.85,monotonic,problem_analysis,35,2002,2023,21,2019.0392156862745,2020.0,51,51
0.85,monotonic,problem_analysis,21,2008,2023,15,2021.28025477707,2022.0,157,163
0.85,monotonic,problem_analysis,3,2008,2023,15,2020.135593220339,2021.0,59,59
0.85,monotonic,problem_analysis,1,2009,2023,14,2020.078431372549,2020.0,204,204
0.85,monotonic,problem_analysis,7,2010,2023,13,2019.8684210526317,2021.0,38,38
0.85,monotonic,problem_analysis,38,2009,2023,14,2019.081081081081,2020.0,37,37
0.85,monotonic,problem_analysis,36,2011,2023,12,2020.232,2022.0,125,125
0.85,monotonic,problem_analysis,15,2003,2023,20,2019.6928104575163,2021.0,153,153
0.85,monotonic,problem_analysis,8,2008,2023,15,2021.2098214285713,2022.0,224,226
0.85,monotonic,problem_analysis,27,2010,2023,13,2020.6648936170213,2022.0,188,188
0.85,monotonic,problem_analysis,10,2012,2023,11,2021.844827586207,2023.0,116,116
0.85,monotonic,problem_analysis,16,2005,2023,18,2020.627659574468,2022.0,94,95
0.85,monotonic,problem_analysis,29,2012,2023,11,2020.6410256410256,2022.0,78,78
0.85,monotonic,problem_analysis,17,2011,2023,12,2020.766169154229,2022.0,201,201
0.85,monotonic,problem_analysis,25,2019,2023,4,2022.1176470588234,2023.0,17,17
0.85,monotonic,problem_analysis,22,2008,2023,15,2021.5454545454545,2023.0,66,68
0.85,monotonic,problem_analysis,31,2008,2023,15,2019.015873015873,2020.0,63,63
0.85,monotonic,problem_analysis,28,2013,2023,10,2020.5245901639344,2021.0,61,61
0.85,monotonic,problem_analysis,2,2014,2023,9,2020.875,2022.0,64,64
0.85,monotonic,problem_analysis,12,2016,2023,7,2021.7564102564102,2022.0,78,78
0.85,monotonic,problem_analysis,32,2013,2023,10,2017.8181818181818,2018.0,11,11
0.85,monotonic,problem_analysis,20,2013,2021,8,2017.3333333333333,2018.0,3,3
0.85,monotonic,theoretical_insight,6,2003,2023,20,2019.5,2020.0,104,105
0.85,monotonic,theoretical_insight,2,2005,2023,18,2020.0761904761905,2022.0,105,105
0.85,monotonic,theoretical_insight,39,2009,2023,14,2020.2012987012988,2021.0,154,154
0.85,monotonic,theoretical_insight,0,2006,2023,17,2019.234375,2020.0,128,128
0.85,monotonic,theoretical_insight,18,2003,2023,20,2017.3333333333333,2018.0,72,72
0.85,monotonic,theoretical_insight,5,2012,2023,11,2019.880733944954,2020.0,109,109
0.85,monotonic,theoretical_insight,11,2009,2023,14,2020.292817679558,2022.0,181,181
0.85,monotonic,theoretical_insight,16,2013,2023,10,2021.2796610169491,2022.0,118,121
0.85,monotonic,theoretical_insight,32,2012,2023,11,2020.5526315789473,2021.0,38,38
0.85,monotonic,theoretical_insight,25,2018,2023,5,2022.03125,2022.0,64,64
0.85,monotonic,theoretical_insight,20,2006,2023,17,2019.9328358208954,2021.0,134,134
0.85,monotonic,theoretical_insight,34,2010,2023,13,2019.3015873015872,2020.0,63,63
0.85,monotonic,theoretical_insight,30,2014,2023,9,2021.25,2022.0,40,40
0.85,monotonic,theoretical_insight,26,2012,2023,11,2020.4444444444443,2020.0,81,81
0.85,monotonic,theoretical_insight,12,2006,2023,17,2019.5636363636363,2020.0,55,55
0.85,monotonic,theoretical_insight,1,2010,2023,13,2019.0,2019.5,120,120
0.85,monotonic,theoretical_insight,31,2014,2023,9,2019.7751937984497,2019.0,129,129
0.85,monotonic,theoretical_insight,37,2012,2023,11,2019.2962962962963,2020.0,27,27
0.85,monotonic,theoretical_insight,4,2012,2023,11,2021.240418118467,2022.0,287,289
0.85,monotonic,theoretical_insight,22,2006,2023,17,2019.8202247191011,2020.0,89,89
0.85,monotonic,theoretical_insight,33,2012,2023,11,2022.013888888889,2022.5,72,72
0.85,monotonic,theoretical_insight,8,2016,2023,7,2020.391304347826,2021.0,23,23
0.85,monotonic,theoretical_insight,17,2002,2022,20,2018.323076923077,2019.0,65,65
0.85,monotonic,theoretical_insight,15,2013,2023,10,2020.276595744681,2022.0,47,47
0.85,monotonic,theoretical_insight,28,2020,2023,3,2021.875,2022.0,8,8
0.85,monotonic,theoretical_insight,21,2019,2023,4,2022.1346153846155,2022.0,52,52
0.85,monotonic,theoretical_insight,29,2018,2023,5,2022.25,2023.0,24,28
0.85,monotonic,theoretical_insight,3,2010,2023,13,2020.980198019802,2022.0,101,101
0.85,monotonic,theoretical_insight,9,2011,2023,12,2019.5,2021.0,74,75
0.85,monotonic,theoretical_insight,7,2010,2023,13,2019.984962406015,2020.0,133,133
0.85,monotonic,theoretical_insight,10,2015,2023,8,2021.0,2021.5,56,56
0.85,monotonic,theoretical_insight,13,2013,2023,10,2021.3820224719102,2022.0,89,89
0.85,monotonic,theoretical_insight,14,2014,2023,9,2019.7333333333333,2022.0,15,15
0.85,monotonic,theoretical_insight,24,2016,2023,7,2021.5588235294117,2022.0,34,34
0.85,monotonic,theoretical_insight,36,2012,2023,11,2019.4347826086957,2020.0,23,23
0.85,monotonic,theoretical_insight,23,2016,2022,6,2017.4166666666667,2016.0,12,12
0.85,monotonic,theoretical_insight,27,2014,2023,9,2020.8333333333333,2021.0,12,12
0.85,monotonic,theoretical_insight,19,2012,2023,11,2019.0625,2019.5,32,32
0.85,monotonic,theoretical_insight,38,2012,2023,11,2019.5333333333333,2020.0,30,30
0.85,monotonic,theoretical_insight,35,2022,2022,0,2022.0,2022.0,5,5
0.85,monotonic,design_rationale,10,2014,2022,8,2018.9772727272727,2019.0,44,44
0.85,monotonic,design_rationale,4,2010,2023,13,2018.8688524590164,2020.0,61,61
0.85,monotonic,design_rationale,30,2003,2022,19,2016.5357142857142,2016.0,56,56
0.85,monotonic,design_rationale,14,2006,2023,17,2020.7288135593221,2022.0,177,177
0.85,monotonic,design_rationale,38,2006,2023,17,2020.8531468531469,2021.0,143,143
0.85,monotonic,design_rationale,29,2012,2023,11,2019.695238095238,2020.0,210,211
0.85,monotonic,design_rationale,11,2009,2023,14,2020.3333333333333,2022.0,147,148
0.85,monotonic,design_rationale,6,2012,2023,11,2020.0625,2021.0,96,96
0.85,monotonic,design_rationale,9,2008,2022,14,2019.25,2019.0,68,68
0.85,monotonic,design_rationale,0,2012,2023,11,2019.711229946524,2020.0,187,187
0.85,monotonic,design_rationale,5,2012,2023,11,2021.128205128205,2022.0,39,39
0.85,monotonic,design_rationale,1,2002,2023,21,2019.5573770491803,2021.0,61,61
0.85,monotonic,design_rationale,15,2010,2022,12,2019.151724137931,2020.0,145,145
0.85,monotonic,design_rationale,2,2013,2023,10,2021.4774774774776,2022.0,222,224
0.85,monotonic,design_rationale,7,2014,2023,9,2021.0076335877864,2022.0,131,131
0.85,monotonic,design_rationale,12,2021,2023,2,2022.4166666666667,2022.5,12,12
0.85,monotonic,design_rationale,17,2006,2023,17,2019.5753424657535,2020.0,146,146
0.85,monotonic,design_rationale,22,2017,2023,6,2021.7674418604652,2022.0,43,43
0.85,monotonic,design_rationale,37,2015,2023,8,2021.549019607843,2022.0,51,51
0.85,monotonic,design_rationale,8,2010,2023,13,2020.7173913043478,2022.0,46,46
0.85,monotonic,design_rationale,13,2016,2023,7,2021.467741935484,2022.0,62,63
0.85,monotonic,design_rationale,31,2011,2023,12,2020.2473684210527,2022.0,190,190
0.85,monotonic,design_rationale,18,2015,2023,8,2021.8666666666666,2022.5,60,65
0.85,monotonic,design_rationale,19,2012,2023,11,2020.1333333333334,2022.0,60,60
0.85,monotonic,design_rationale,39,2014,2023,9,2021.0,2022.0,16,17
0.85,monotonic,design_rationale,36,2005,2023,18,2019.8,2021.0,70,70
0.85,monotonic,design_rationale,23,2012,2023,11,2019.8285714285714,2021.0,35,35
0.85,monotonic,design_rationale,3,2016,2023,7,2020.6666666666667,2021.0,108,108
0.85,monotonic,design_rationale,16,2012,2023,11,2020.4931506849316,2021.0,73,73
0.85,monotonic,design_rationale,26,2016,2022,6,2019.6666666666667,2020.0,12,12
0.85,monotonic,design_rationale,20,2018,2022,4,2020.5263157894738,2021.0,19,19
0.85,monotonic,design_rationale,24,2021,2023,2,2022.3333333333333,2023.0,6,6
0.85,monotonic,design_rationale,35,2006,2023,17,2018.9833333333333,2020.0,60,60
0.85,monotonic,design_rationale,34,2009,2023,14,2019.3191489361702,2020.0,47,47
0.85,monotonic,design_rationale,28,2015,2023,8,2021.2222222222222,2022.0,9,9
0.85,monotonic,design_rationale,25,2014,2023,9,2020.2727272727273,2021.0,11,11
0.85,monotonic,design_rationale,33,2018,2023,5,2021.5,2022.5,6,6
0.85,monotonic,design_rationale,27,2008,2023,15,2020.4516129032259,2021.0,31,31
0.85,monotonic,design_rationale,32,2017,2023,6,2019.6923076923076,2019.0,13,13
0.85,monotonic,design_rationale,21,2018,2022,4,2020.0,2020.0,6,6
0.85,monotonic,implementation_mechanism,35,2016,2022,6,2020.027027027027,2020.0,37,37
0.85,monotonic,implementation_mechanism,23,2003,2023,20,2018.2985074626865,2018.0,67,67
0.85,monotonic,implementation_mechanism,21,2003,2023,20,2017.7317073170732,2018.0,82,82
0.85,monotonic,implementation_mechanism,9,2013,2023,10,2020.927536231884,2022.0,138,138
0.85,monotonic,implementation_mechanism,20,2009,2023,14,2021.4114832535886,2022.0,209,209
0.85,monotonic,implementation_mechanism,26,2006,2023,17,2019.5412844036698,2019.0,109,109
0.85,monotonic,implementation_mechanism,3,2008,2023,15,2020.2619047619048,2022.0,42,42
0.85,monotonic,implementation_mechanism,33,2013,2023,10,2019.5208333333333,2019.0,48,48
0.85,monotonic,implementation_mechanism,8,2012,2023,11,2019.929411764706,2022.0,85,85
0.85,monotonic,implementation_mechanism,0,2012,2023,11,2019.5454545454545,2020.0,154,154
0.85,monotonic,implementation_mechanism,4,2018,2023,5,2022.1666666666667,2023.0,36,37
0.85,monotonic,implementation_mechanism,10,2010,2023,13,2019.387878787879,2020.0,165,167
0.85,monotonic,implementation_mechanism,28,2022,2023,1,2022.125,2022.0,8,8
0.85,monotonic,implementation_mechanism,1,2006,2023,17,2020.9318181818182,2022.0,132,133
0.85,monotonic,implementation_mechanism,2,2013,2023,10,2021.3287671232877,2022.0,219,222
0.85,monotonic,implementation_mechanism,17,2005,2022,17,2019.1439393939395,2020.0,132,132
0.85,monotonic,implementation_mechanism,37,2010,2023,13,2019.71875,2020.0,96,96
0.85,monotonic,implementation_mechanism,19,2013,2023,10,2020.9484536082475,2022.0,97,97
0.85,monotonic,implementation_mechanism,36,2012,2023,11,2019.1875,2019.0,48,48
0.85,monotonic,implementation_mechanism,12,2015,2023,8,2020.84375,2021.5,64,64
0.85,monotonic,implementation_mechanism,24,2013,2023,10,2021.5,2022.0,80,80
0.85,monotonic,implementation_mechanism,5,2006,2023,17,2020.7288135593221,2022.0,59,59
0.85,monotonic,implementation_mechanism,38,2002,2023,21,2019.1818181818182,2019.0,55,55
0.85,monotonic,implementation_mechanism,15,2009,2023,14,2020.005988023952,2022.0,167,167
0.85,monotonic,implementation_mechanism,39,2011,2023,12,2020.4516129032259,2022.0,31,32
0.85,monotonic,implementation_mechanism,11,2012,2023,11,2020.4102564102564,2021.0,78,78
0.85,monotonic,implementation_mechanism,32,2013,2023,10,2021.4109589041095,2023.0,73,78
0.85,monotonic,implementation_mechanism,18,2013,2023,10,2021.595238095238,2023.0,126,126
0.85,monotonic,implementation_mechanism,6,2011,2023,12,2020.1333333333334,2022.0,75,75
0.85,monotonic,implementation_mechanism,16,2013,2023,10,2019.8,2021.0,60,60
0.85,monotonic,implementation_mechanism,30,2006,2023,17,2020.2549019607843,2021.0,51,51
0.85,monotonic,implementation_mechanism,22,2012,2023,11,2019.5822784810127,2020.0,79,79
0.85,monotonic,implementation_mechanism,13,2012,2023,11,2019.7666666666667,2020.0,30,30
0.85,monotonic,implementation_mechanism,34,2015,2022,7,2019.388888888889,2019.5,18,18
0.85,monotonic,implementation_mechanism,14,2018,2023,5,2020.2857142857142,2020.0,21,21
0.85,monotonic,implementation_mechanism,25,2017,2022,5,2019.75,2020.0,8,8
0.85,monotonic,implementation_mechanism,27,2019,2023,4,2021.4444444444443,2021.0,18,18
0.85,monotonic,implementation_mechanism,7,2011,2023,12,2019.2727272727273,2019.0,33,33
0.85,monotonic,implementation_mechanism,29,2013,2023,10,2019.659090909091,2020.5,44,44
0.85,monotonic,implementation_mechanism,31,2018,2023,5,2021.0,2021.0,16,16
0.85,monotonic,validation_evidence,2,2003,2023,20,2019.1754385964912,2020.0,171,171
0.85,monotonic,validation_evidence,11,2006,2023,17,2018.5774647887324,2019.0,71,71
0.85,monotonic,validation_evidence,28,2012,2023,11,2020.887323943662,2022.0,71,71
0.85,monotonic,validation_evidence,24,2013,2023,10,2021.6097560975609,2022.0,41,41
0.85,monotonic,validation_evidence,4,2017,2023,6,2021.0,2021.0,45,45
0.85,monotonic,validation_evidence,10,2013,2023,10,2020.1545454545455,2020.0,110,111
0.85,monotonic,validation_evidence,13,2012,2023,11,2019.7111111111112,2020.0,45,45
0.85,monotonic,validation_evidence,1,2009,2023,14,2019.4177215189873,2021.0,158,158
0.85,monotonic,validation_evidence,16,2013,2023,10,2020.5045871559632,2021.0,109,109
0.85,monotonic,validation_evidence,5,2012,2023,11,2021.2571428571428,2022.0,140,144
0.85,monotonic,validation_evidence,17,2012,2023,11,2019.3268292682926,2019.0,205,205
0.85,monotonic,validation_evidence,22,2012,2023,11,2019.6166666666666,2020.0,60,60
0.85,monotonic,validation_evidence,12,2012,2023,11,2019.6782608695653,2020.0,115,115
0.85,monotonic,validation_evidence,0,2011,2023,12,2020.9777777777779,2021.5,90,90
0.85,monotonic,validation_evidence,29,2015,2023,8,2020.3170731707316,2021.0,41,41
0.85,monotonic,validation_evidence,27,2010,2023,13,2017.9148936170213,2019.0,47,47
0.85,monotonic,validation_evidence,33,2006,2023,17,2018.7857142857142,2020.0,42,42
0.85,monotonic,validation_evidence,8,2010,2023,13,2021.85,2023.0,80,80
0.85,monotonic,validation_evidence,25,2003,2023,20,2019.4313725490197,2020.0,204,204
0.85,monotonic,validation_evidence,18,2013,2023,10,2020.7446808510638,2022.0,47,47
0.85,monotonic,validation_evidence,35,2019,2023,4,2021.7083333333333,2022.0,24,24
0.85,monotonic,validation_evidence,34,2003,2023,20,2020.7283950617284,2022.0,81,81
0.85,monotonic,validation_evidence,7,2009,2023,14,2020.8539325842696,2022.0,89,89
0.85,monotonic,validation_evidence,15,2005,2023,18,2020.1549295774648,2022.0,71,72
0.85,monotonic,validation_evidence,39,2018,2023,5,2021.851851851852,2022.0,27,30
0.85,monotonic,validation_evidence,20,2013,2023,10,2020.7272727272727,2022.0,22,22
0.85,monotonic,validation_evidence,36,2013,2023,10,2020.1136363636363,2021.0,44,44
0.85,monotonic,validation_evidence,6,2014,2023,9,2022.1803278688524,2023.0,122,122
0.85,monotonic,validation_evidence,31,2016,2023,7,2020.2448979591836,2020.0,49,49
0.85,monotonic,validation_evidence,26,2019,2023,4,2022.108695652174,2023.0,46,46
0.85,monotonic,validation_evidence,9,2010,2023,13,2019.9113924050632,2020.0,79,79
0.85,monotonic,validation_evidence,3,2017,2023,6,2020.9433962264152,2021.0,53,53
0.85,monotonic,validation_evidence,37,2019,2023,4,2021.0,2021.0,8,8
0.85,monotonic,validation_evidence,21,2002,2023,21,2018.1136363636363,2019.0,88,89
0.85,monotonic,validation_evidence,38,2018,2023,5,2021.0666666666666,2021.0,15,15
0.85,monotonic,validation_evidence,32,2021,2023,2,2021.7777777777778,2022.0,9,9
0.85,monotonic,validation_evidence,19,2011,2023,12,2020.2,2020.5,40,40
0.85,monotonic,validation_evidence,14,2008,2023,15,2020.1379310344828,2022.0,29,29
0.85,monotonic,validation_evidence,23,2022,2023,1,2022.111111111111,2022.0,9,9
0.85,monotonic,validation_evidence,30,2020,2020,0,2020.0,2020.0,3,3
0.85,both,risk,16,2006,2023,17,2018.3658536585365,2020.0,82,82
0.85,both,risk,7,2003,2023,20,2017.8777777777777,2019.0,90,90
0.85,both,risk,4,2009,2023,14,2019.4603174603174,2020.0,126,126
0.85,both,risk,20,2015,2023,8,2020.4601769911505,2021.0,113,113
0.85,both,risk,13,2006,2023,17,2019.4646464646464,2021.0,99,99
0.85,both,risk,15,2006,2023,17,2020.3741496598639,2021.0,147,147
0.85,both,risk,33,2013,2023,10,2019.8732394366198,2022.0,71,71
0.85,both,risk,25,2014,2023,9,2019.554347826087,2019.0,92,92
0.85,both,risk,9,2008,2023,15,2020.4314381270904,2022.0,299,302
0.85,both,risk,2,2008,2023,15,2021.0826446280992,2022.0,121,125
0.85,both,risk,37,2012,2023,11,2020.183908045977,2021.0,87,88
0.85,both,risk,31,2012,2023,11,2019.816425120773,2020.0,207,207
0.85,both,risk,5,2013,2023,10,2021.3605150214592,2022.0,233,234
0.85,both,risk,8,2013,2023,10,2020.6979166666667,2021.0,96,96
0.85,both,risk,21,2012,2023,11,2020.3309352517986,2021.0,139,139
0.85,both,risk,12,2011,2023,12,2019.6149068322982,2020.0,161,161
0.85,both,risk,0,2008,2023,15,2020.3392857142858,2021.5,56,56
0.85,both,risk,3,2006,2023,17,2021.2527472527472,2022.0,91,91
0.85,both,risk,38,1994,2022,28,2018.1046511627908,2019.0,86,86
0.85,both,risk,11,2002,2023,21,2018.7142857142858,2019.0,35,35
0.85,both,risk,17,2012,2023,11,2019.2666666666667,2020.5,30,30
0.85,both,risk,26,2012,2023,11,2019.7674418604652,2020.0,43,44
0.85,both,risk,23,2017,2023,6,2021.7125,2022.0,80,80
0.85,both,risk,18,2003,2023,20,2019.5740740740741,2021.0,54,54
0.85,both,risk,24,2008,2023,15,2020.7052631578947,2022.0,95,95
0.85,both,risk,28,2016,2023,7,2021.9636363636364,2023.0,55,56
0.85,both,risk,1,2012,2023,11,2022.14,2022.0,200,200
0.85,both,risk,14,2013,2023,10,2020.448275862069,2022.0,87,87
0.85,both,risk,6,2011,2023,12,2020.375939849624,2021.0,133,135
0.85,both,risk,39,2014,2023,9,2020.4782608695652,2021.0,23,23
0.85,both,risk,10,2008,2023,15,2021.4186046511627,2022.0,86,86
0.85,both,risk,32,2016,2023,7,2020.125,2020.5,8,8
0.85,both,risk,35,2016,2023,7,2021.030303030303,2021.0,33,34
0.85,both,risk,19,2021,2022,1,2021.3333333333333,2021.0,6,6
0.85,both,risk,34,2019,2022,3,2021.0,2021.5,4,4
0.85,both,risk,30,2019,2022,3,2020.7272727272727,2021.0,11,11
0.85,both,risk,36,2016,2023,7,2020.8125,2021.5,16,16
0.85,both,risk,22,2018,2022,4,2020.2857142857142,2021.0,7,7
0.85,both,risk,27,2014,2020,6,2018.142857142857,2019.0,7,7
0.85,both,risk,29,2021,2021,0,2021.0,2021.0,3,3
0.85,both,intervention,31,2013,2023,10,2019.754716981132,2020.0,53,53
0.85,both,intervention,6,2002,2023,21,2018.8695652173913,2020.0,161,161
0.85,both,intervention,18,2006,2023,17,2020.7133333333334,2022.0,150,150
0.85,both,intervention,15,2015,2023,8,2022.01775147929,2023.0,169,169
0.85,both,intervention,19,2006,2023,17,2019.8901515151515,2020.0,264,264
0.85,both,intervention,35,2012,2023,11,2019.566037735849,2020.0,106,106
0.85,both,intervention,3,2012,2023,11,2020.9190751445087,2022.0,173,173
0.85,both,intervention,14,2012,2023,11,2019.8248175182482,2021.0,137,137
0.85,both,intervention,8,2012,2023,11,2020.2417582417581,2020.0,91,91
0.85,both,intervention,13,2010,2023,13,2020.1979166666667,2021.0,96,96
0.85,both,intervention,28,2011,2023,12,2020.2767857142858,2022.0,112,113
0.85,both,intervention,26,2014,2023,9,2020.1769911504425,2020.0,113,114
0.85,both,intervention,16,2003,2022,19,2018.8272727272727,2019.0,110,110
0.85,both,intervention,22,2018,2022,4,2020.3636363636363,2020.5,22,22
0.85,both,intervention,33,2008,2023,15,2020.5566037735848,2022.0,106,107
0.85,both,intervention,17,2012,2023,11,2019.5597826086957,2020.0,184,184
0.85,both,intervention,10,2008,2023,15,2020.9185520361991,2022.0,221,223
0.85,both,intervention,23,1994,2023,29,2018.25,2019.0,80,80
0.85,both,intervention,1,2010,2023,13,2019.8602150537633,2020.0,93,93
0.85,both,intervention,7,2009,2023,14,2019.6626016260163,2021.0,246,248
0.85,both,intervention,32,2010,2023,13,2016.5106382978724,2016.0,47,48
0.85,both,intervention,9,2015,2023,8,2022.0298507462687,2023.0,67,71
0.85,both,intervention,12,2013,2023,10,2021.2060606060606,2022.0,165,168
0.85,both,intervention,2,2020,2023,3,2022.361111111111,2023.0,36,36
0.85,both,intervention,34,2009,2023,14,2021.464,2022.0,125,125
0.85,both,intervention,36,2005,2023,18,2019.6146788990825,2021.0,109,109
0.85,both,intervention,4,2013,2023,10,2017.904761904762,2018.0,21,21
0.85,both,intervention,11,2011,2023,12,2020.469135802469,2021.0,81,81
0.85,both,intervention,0,2010,2023,13,2020.268817204301,2021.0,93,93
0.85,both,intervention,27,2013,2023,10,2018.909090909091,2020.0,11,11
0.85,both,intervention,29,2014,2022,8,2020.142857142857,2021.0,7,7
0.85,both,intervention,38,2015,2022,7,2019.7692307692307,2020.0,26,26
0.85,both,intervention,25,2022,2023,1,2022.6842105263158,2023.0,19,19
0.85,both,intervention,37,2011,2023,12,2021.7948717948718,2023.0,39,39
0.85,both,intervention,5,2013,2023,10,2020.0222222222221,2021.0,45,45
0.85,both,intervention,21,2018,2023,5,2022.1351351351352,2023.0,37,37
0.85,both,intervention,20,2013,2023,10,2017.25,2017.0,12,12
0.85,both,intervention,30,2017,2023,6,2021.1666666666667,2022.0,18,18
0.85,both,intervention,24,2022,2023,1,2022.142857142857,2022.0,7,7
0.85,both,intervention,39,2023,2023,0,2023.0,2023.0,1,1
0.85,both,all_concepts,18,2010,2023,13,2019.37125748503,2020.0,167,167
0.85,both,all_concepts,26,2003,2023,20,2017.1324675324674,2018.0,385,385
0.85,both,all_concepts,10,2003,2023,20,2018.3597122302158,2019.0,278,278
0.85,both,all_concepts,33,2011,2023,12,2020.536398467433,2021.0,522,522
0.85,both,all_concepts,11,2006,2023,17,2021.0193548387097,2022.0,465,465
0.85,both,all_concepts,15,2012,2023,11,2021.9630225080386,2022.0,622,622
0.85,both,all_concepts,20,2006,2023,17,2019.1326923076922,2019.0,520,520
0.85,both,all_concepts,3,2006,2023,17,2020.7534059945503,2022.0,734,735
0.85,both,all_concepts,12,2003,2023,20,2019.5996409335728,2020.0,557,557
0.85,both,all_concepts,6,2002,2023,21,2019.522491349481,2020.0,1734,1739
0.85,both,all_concepts,5,2008,2023,15,2021.4255983350677,2022.0,961,974
0.85,both,all_concepts,36,2018,2023,5,2020.9939759036145,2021.0,166,168
0.85,both,all_concepts,23,2008,2023,15,2020.9396449704143,2022.0,845,849
0.85,both,all_concepts,4,2006,2023,17,2020.570616113744,2022.0,1055,1062
0.85,both,all_concepts,24,2006,2023,17,2019.88671875,2021.0,768,768
0.85,both,all_concepts,2,2012,2023,11,2019.8,2020.0,1155,1156
0.85,both,all_concepts,8,2009,2023,14,2019.9398601398602,2022.0,715,717
0.85,both,all_concepts,39,2003,2023,20,2019.7785888077858,2021.0,411,411
0.85,both,all_concepts,16,2011,2023,12,2019.513931888545,2020.0,646,646
0.85,both,all_concepts,21,2008,2023,15,2022.0,2023.0,46,46
0.85,both,all_concepts,28,2015,2023,8,2021.977653631285,2023.0,179,199
0.85,both,all_concepts,13,2012,2023,11,2020.8266033254156,2022.0,421,426
0.85,both,all_concepts,27,2017,2023,6,2021.4931506849316,2022.0,73,73
0.85,both,all_concepts,9,2014,2023,9,2021.6785714285713,2022.0,84,84
0.85,both,all_concepts,31,2013,2023,10,2020.6645569620252,2022.0,158,158
0.85,both,all_concepts,0,2010,2023,13,2021.1440501043842,2022.0,479,479
0.85,both,all_concepts,1,2012,2023,11,2020.5340314136126,2021.0,191,191
0.85,both,all_concepts,25,2008,2023,15,2021.046692607004,2022.0,257,258
0.85,both,all_concepts,32,2018,2023,5,2022.2285714285715,2023.0,140,141
0.85,both,all_concepts,7,2012,2023,11,2020.9884393063585,2021.0,173,173
0.85,both,all_concepts,38,2017,2023,6,2020.590909090909,2021.0,88,88
0.85,both,all_concepts,17,2009,2023,14,2018.8522727272727,2019.0,88,88
0.85,both,all_concepts,30,2008,2023,15,2019.651612903226,2021.0,155,155
0.85,both,all_concepts,14,2003,2023,20,2020.4149659863945,2022.0,147,147
0.85,both,all_concepts,37,2008,2023,15,2019.5217391304348,2021.5,46,46
0.85,both,all_concepts,19,2006,2023,17,2019.375,2020.5,32,32
0.85,both,all_concepts,35,2012,2023,11,2013.7142857142858,2012.0,14,14
0.85,both,all_concepts,29,2022,2023,1,2022.111111111111,2022.0,18,18
0.85,both,all_concepts,22,2022,2023,1,2022.5806451612902,2023.0,31,31
0.85,both,all_concepts,34,2014,2023,9,2018.1818181818182,2019.0,11,11
0.85,both,problem_analysis,18,2003,2023,20,2019.060606060606,2019.0,99,99
0.85,both,problem_analysis,4,2010,2023,13,2019.4583333333333,2020.0,96,96
0.85,both,problem_analysis,37,2006,2023,17,2018.9803921568628,2021.0,51,51
0.85,both,problem_analysis,6,2006,2023,17,2020.325,2022.0,120,120
0.85,both,problem_analysis,30,2017,2023,6,2021.2142857142858,2021.0,28,28
0.85,both,problem_analysis,2,2008,2023,15,2020.4163934426228,2021.0,305,305
0.85,both,problem_analysis,5,2012,2023,11,2019.6090909090908,2020.5,110,110
0.85,both,problem_analysis,3,2006,2023,17,2020.8669201520913,2022.0,263,263
0.85,both,problem_analysis,1,2010,2023,13,2019.9590163934427,2020.0,244,245
0.85,both,problem_analysis,15,2013,2023,10,2020.0961538461538,2021.0,104,104
0.85,both,problem_analysis,21,2014,2023,9,2020.056,2020.0,125,125
0.85,both,problem_analysis,0,2006,2023,17,2020.6373333333333,2022.0,375,375
0.85,both,problem_analysis,11,2015,2023,8,2020.5652173913043,2021.0,23,23
0.85,both,problem_analysis,12,2003,2023,20,2019.2573529411766,2021.0,136,136
0.85,both,problem_analysis,28,2008,2023,15,2021.5223880597016,2022.0,201,205
0.85,both,problem_analysis,25,2010,2023,13,2020.828947368421,2021.5,76,77
0.85,both,problem_analysis,13,2011,2023,12,2019.0188679245282,2019.0,106,106
0.85,both,problem_analysis,9,2010,2023,13,2019.8131313131314,2021.0,198,198
0.85,both,problem_analysis,8,2009,2023,14,2019.804469273743,2020.0,179,179
0.85,both,problem_analysis,20,2008,2023,15,2021.4,2022.0,140,146
0.85,both,problem_analysis,16,2008,2023,15,2020.0425531914893,2021.0,47,47
0.85,both,problem_analysis,32,2013,2023,10,2021.0,2022.0,101,101
0.85,both,problem_analysis,36,2018,2023,5,2021.28,2022.0,25,25
0.85,both,problem_analysis,23,2017,2023,6,2021.4714285714285,2022.0,70,70
0.85,both,problem_analysis,34,2009,2023,14,2019.1379310344828,2020.0,29,29
0.85,both,problem_analysis,35,2008,2023,15,2021.096256684492,2022.0,187,188
0.85,both,problem_analysis,10,2005,2023,18,2020.2962962962963,2022.0,81,82
0.85,both,problem_analysis,14,2012,2023,11,2020.1044776119404,2022.0,67,67
0.85,both,problem_analysis,27,2019,2023,4,2022.1875,2023.0,16,16
0.85,both,problem_analysis,33,2008,2023,15,2021.9787234042553,2023.0,47,48
0.85,both,problem_analysis,29,2008,2023,15,2019.6304347826087,2021.5,46,46
0.85,both,problem_analysis,31,2010,2023,13,2021.5166666666667,2022.0,60,60
0.85,both,problem_analysis,22,2019,2023,4,2021.0,2021.0,22,22
0.85,both,problem_analysis,26,2018,2023,5,2021.8125,2022.0,16,16
0.85,both,problem_analysis,24,2014,2023,9,2021.1521739130435,2022.0,46,46
0.85,both,problem_analysis,39,2014,2022,8,2017.8214285714287,2018.0,28,29
0.85,both,problem_analysis,38,2012,2023,11,2021.0,2023.0,7,8
0.85,both,problem_analysis,17,2002,2023,21,2019.0392156862745,2020.0,51,51
0.85,both,problem_analysis,7,2016,2023,7,2022.0582524271845,2023.0,103,103
0.85,both,problem_analysis,19,2019,2022,3,2021.0,2022.0,5,5
0.85,both,theoretical_insight,5,2003,2023,20,2019.8939393939395,2021.0,132,133
0.85,both,theoretical_insight,24,2010,2023,13,2020.5373134328358,2022.0,67,67
0.85,both,theoretical_insight,9,2009,2023,14,2020.1052631578948,2021.0,171,171
0.85,both,theoretical_insight,3,2012,2023,11,2019.4354838709678,2019.0,62,62
0.85,both,theoretical_insight,26,2009,2023,14,2020.2513966480446,2022.0,179,179
0.85,both,theoretical_insight,2,2012,2023,11,2020.9504132231405,2022.0,121,124
0.85,both,theoretical_insight,30,2012,2023,11,2020.5106382978724,2021.0,47,47
0.85,both,theoretical_insight,21,2018,2023,5,2022.0151515151515,2022.0,66,66
0.85,both,theoretical_insight,13,2006,2023,17,2019.9745762711864,2021.0,118,118
0.85,both,theoretical_insight,19,2010,2023,13,2019.601851851852,2020.0,108,108
0.85,both,theoretical_insight,15,2013,2023,10,2020.25,2021.5,48,48
0.85,both,theoretical_insight,29,2012,2023,11,2020.4123711340205,2020.0,97,97
0.85,both,theoretical_insight,11,2006,2023,17,2019.5111111111112,2020.0,45,45
0.85,both,theoretical_insight,6,2010,2023,13,2018.8415841584158,2019.0,101,101
0.85,both,theoretical_insight,22,2014,2023,9,2019.775,2019.0,120,120
0.85,both,theoretical_insight,34,2003,2023,20,2017.676923076923,2018.0,65,65
0.85,both,theoretical_insight,10,2012,2023,11,2021.3654822335025,2022.0,197,199
0.85,both,theoretical_insight,1,2005,2023,18,2020.3300970873786,2021.0,103,103
0.85,both,theoretical_insight,8,2006,2023,17,2019.64,2020.0,100,100
0.85,both,theoretical_insight,12,2006,2023,17,2019.718918918919,2020.0,185,185
0.85,both,theoretical_insight,4,2010,2023,13,2020.6136363636363,2022.0,44,44
0.85,both,theoretical_insight,32,2002,2022,20,2018.5,2019.0,56,56
0.85,both,theoretical_insight,36,2012,2023,11,2020.2413793103449,2021.5,58,58
0.85,both,theoretical_insight,28,2020,2023,3,2022.2857142857142,2023.0,42,42
0.85,both,theoretical_insight,25,2018,2023,5,2022.12,2023.0,25,29
0.85,both,theoretical_insight,31,2014,2023,9,2021.0845070422536,2022.0,71,71
0.85,both,theoretical_insight,0,2011,2023,12,2019.4179104477612,2021.0,67,68
0.85,both,theoretical_insight,35,2017,2023,6,2021.0192307692307,2021.0,52,52
0.85,both,theoretical_insight,14,2009,2023,14,2019.8666666666666,2022.0,15,15
0.85,both,theoretical_insight,18,2015,2023,8,2021.36,2022.0,25,25
0.85,both,theoretical_insight,27,2010,2023,13,2019.4714285714285,2020.0,70,70
0.85,both,theoretical_insight,37,2013,2022,9,2019.8333333333333,2020.5,18,18
0.85,both,theoretical_insight,7,2013,2023,10,2022.1923076923076,2023.0,52,52
0.85,both,theoretical_insight,23,2014,2023,9,2021.0,2022.0,15,15
0.85,both,theoretical_insight,33,2016,2023,7,2020.25,2020.5,16,16
0.85,both,theoretical_insight,16,2008,2023,15,2018.15,2019.0,20,20
0.85,both,theoretical_insight,17,2013,2023,10,2021.4242424242425,2022.0,66,66
0.85,both,theoretical_insight,39,2020,2023,3,2022.4285714285713,2023.0,7,7
0.85,both,theoretical_insight,38,2022,2023,1,2022.6,2023.0,5,5
0.85,both,theoretical_insight,20,2019,2023,4,2021.0,2021.0,2,2
0.85,both,design_rationale,34,2014,2022,8,2019.2439024390244,2020.0,41,41
0.85,both,design_rationale,39,2010,2023,13,2018.857142857143,2020.0,56,56
0.85,both,design_rationale,11,2002,2023,21,2016.7164179104477,2017.0,67,67
0.85,both,design_rationale,23,2006,2023,17,2020.6369047619048,2021.5,168,168
0.85,both,design_rationale,22,2006,2023,17,2020.4088397790056,2021.0,181,181
0.85,both,design_rationale,26,2012,2023,11,2019.8333333333333,2020.0,180,180
0.85,both,design_rationale,18,2010,2023,13,2019.6376811594203,2020.0,69,70
0.85,both,design_rationale,3,2009,2023,14,2019.872340425532,2022.0,235,236
0.85,both,design_rationale,6,2012,2023,11,2020.0350877192982,2021.0,57,57
0.85,both,design_rationale,19,2013,2023,10,2019.9444444444443,2021.0,36,36
0.85,both,design_rationale,4,2011,2023,12,2019.3937823834196,2020.0,193,193
0.85,both,design_rationale,2,2016,2023,7,2021.3939393939395,2022.0,33,33
0.85,both,design_rationale,10,2010,2023,13,2019.6511627906978,2020.0,43,43
0.85,both,design_rationale,12,2009,2022,13,2018.6373626373627,2018.0,91,91
0.85,both,design_rationale,5,2013,2023,10,2021.5129533678758,2022.0,193,195
0.85,both,design_rationale,0,2010,2023,13,2020.8823529411766,2022.0,119,119
0.85,both,design_rationale,27,2019,2023,4,2022.2,2022.0,15,15
0.85,both,design_rationale,13,2006,2023,17,2019.502538071066,2020.0,197,197
0.85,both,design_rationale,20,2017,2023,6,2021.8636363636363,2022.5,44,44
0.85,both,design_rationale,35,2015,2023,8,2021.5645161290322,2022.0,62,62
0.85,both,design_rationale,1,2014,2023,9,2021.452380952381,2022.5,84,84
0.85,both,design_rationale,7,2018,2023,5,2021.6666666666667,2022.0,12,12
0.85,both,design_rationale,28,2013,2023,10,2020.6190476190477,2022.0,105,105
0.85,both,design_rationale,15,2015,2023,8,2021.9583333333333,2023.0,48,53
0.85,both,design_rationale,16,2012,2023,11,2020.982456140351,2022.0,57,58
0.85,both,design_rationale,24,2005,2023,18,2019.796875,2021.0,64,64
0.85,both,design_rationale,8,2013,2023,10,2020.75,2022.0,36,36
0.85,both,design_rationale,30,2012,2023,11,2020.0,2022.0,37,37
0.85,both,design_rationale,14,2016,2023,7,2020.591836734694,2021.0,98,98
0.85,both,design_rationale,17,2012,2023,11,2020.5185185185185,2021.0,27,28
0.85,both,design_rationale,9,2012,2023,11,2020.4347826086957,2021.0,69,69
0.85,both,design_rationale,33,2016,2022,6,2019.5384615384614,2020.0,13,13
0.85,both,design_rationale,37,2018,2023,5,2020.7619047619048,2022.0,21,21
0.85,both,design_rationale,38,2021,2023,2,2022.5,2023.0,4,4
0.85,both,design_rationale,36,2003,2023,20,2020.04,2022.0,25,25
0.85,both,design_rationale,29,2008,2022,14,2019.7307692307693,2021.0,26,26
0.85,both,design_rationale,32,2012,2023,11,2019.6571428571428,2020.0,35,35
0.85,both,design_rationale,21,2008,2023,15,2020.551724137931,2021.0,29,29
0.85,both,design_rationale,31,2022,2023,1,2022.3333333333333,2022.0,3,3
0.85,both,design_rationale,25,2017,2023,6,2019.6666666666667,2019.0,9,9
0.85,both,implementation_mechanism,2,2014,2023,9,2019.950819672131,2020.0,61,61
0.85,both,implementation_mechanism,39,2003,2023,20,2017.915254237288,2018.0,59,59
0.85,both,implementation_mechanism,24,2003,2023,20,2017.5064935064936,2018.0,77,77
0.85,both,implementation_mechanism,1,2013,2023,10,2021.0075757575758,2022.0,132,132
0.85,both,implementation_mechanism,19,2009,2023,14,2021.352657004831,2022.0,207,207
0.85,both,implementation_mechanism,16,2006,2023,17,2019.5740740740741,2019.5,108,108
0.85,both,implementation_mechanism,4,2012,2023,11,2019.5774647887324,2020.0,142,142
0.85,both,implementation_mechanism,0,2012,2023,11,2020.4766355140187,2022.0,107,107
0.85,both,implementation_mechanism,20,2006,2023,17,2020.9,2022.0,70,70
0.85,both,implementation_mechanism,10,2012,2023,11,2019.6728395061727,2021.0,162,162
0.85,both,implementation_mechanism,5,2008,2023,15,2019.9074074074074,2021.5,54,54
0.85,both,implementation_mechanism,28,2010,2023,13,2019.6641791044776,2020.0,134,136
0.85,both,implementation_mechanism,35,2022,2023,1,2022.125,2022.0,8,8
0.85,both,implementation_mechanism,18,2008,2023,15,2020.7021276595744,2022.0,94,94
0.85,both,implementation_mechanism,36,2014,2023,9,2021.475,2022.0,120,123
0.85,both,implementation_mechanism,8,2006,2023,17,2020.8620689655172,2021.0,58,59
0.85,both,implementation_mechanism,17,2005,2022,17,2019.2868217054263,2020.0,129,129
0.85,both,implementation_mechanism,11,2002,2023,21,2019.0833333333333,2020.0,132,132
0.85,both,implementation_mechanism,33,2012,2023,11,2019.6285714285714,2019.0,35,35
0.85,both,implementation_mechanism,13,2013,2023,10,2020.858695652174,2022.0,92,92
0.85,both,implementation_mechanism,9,2016,2023,7,2021.6,2022.0,80,80
0.85,both,implementation_mechanism,30,2013,2023,10,2020.5116279069769,2021.0,43,43
0.85,both,implementation_mechanism,15,2013,2023,10,2019.8490566037735,2020.0,53,53
0.85,both,implementation_mechanism,14,2009,2023,14,2019.7569444444443,2021.0,144,144
0.85,both,implementation_mechanism,29,2011,2023,12,2020.2857142857142,2022.0,28,29
0.85,both,implementation_mechanism,31,2012,2023,11,2020.1136363636363,2020.0,44,44
0.85,both,implementation_mechanism,3,2012,2023,11,2020.5,2021.0,54,54
0.85,both,implementation_mechanism,12,2015,2023,8,2021.8813559322034,2023.0,59,64
0.85,both,implementation_mechanism,21,2013,2023,10,2021.328947368421,2022.0,76,76
0.85,both,implementation_mechanism,37,2019,2023,4,2022.4827586206898,2023.0,29,30
0.85,both,implementation_mechanism,23,2014,2023,9,2021.6122448979593,2023.0,98,98
0.85,both,implementation_mechanism,26,2011,2023,12,2020.2571428571428,2022.0,105,105
0.85,both,implementation_mechanism,27,2013,2023,10,2019.8,2021.0,60,60
0.85,both,implementation_mechanism,22,2006,2023,17,2019.9272727272728,2021.0,55,55
0.85,both,implementation_mechanism,25,2015,2022,7,2019.7307692307693,2020.0,26,26
0.85,both,implementation_mechanism,34,2021,2023,2,2022.125,2022.5,8,8
0.85,both,implementation_mechanism,32,2012,2023,11,2019.72,2020.0,25,25
0.85,both,implementation_mechanism,38,2018,2022,4,2020.25,2020.0,16,16
0.85,both,implementation_mechanism,6,2014,2022,8,2018.9,2019.0,20,20
0.85,both,implementation_mechanism,7,2013,2023,10,2020.5294117647059,2021.0,17,17
0.85,both,validation_evidence,11,2006,2023,17,2019.2748091603053,2020.0,131,131
0.85,both,validation_evidence,23,2003,2023,20,2018.4166666666667,2019.0,84,84
0.85,both,validation_evidence,25,2012,2023,11,2021.0,2022.0,57,57
0.85,both,validation_evidence,3,2013,2023,10,2021.3333333333333,2022.0,48,48
0.85,both,validation_evidence,14,2015,2023,8,2021.4117647058824,2022.0,51,51
0.85,both,validation_evidence,9,2015,2023,8,2020.1340206185566,2020.0,97,98
0.85,both,validation_evidence,13,2012,2023,11,2019.8333333333333,2020.0,60,60
0.85,both,validation_evidence,19,2009,2023,14,2020.3516483516485,2022.0,91,91
0.85,both,validation_evidence,16,2013,2023,10,2020.5686274509803,2021.5,102,102
0.85,both,validation_evidence,22,2012,2023,11,2021.078947368421,2022.0,152,156
0.85,both,validation_evidence,7,2010,2023,13,2019.10407239819,2019.0,221,221
0.85,both,validation_evidence,18,2012,2023,11,2019.6984126984128,2020.0,63,63
0.85,both,validation_evidence,1,2012,2023,11,2020.3009708737864,2021.0,103,103
0.85,both,validation_evidence,5,2011,2023,12,2020.8539325842696,2021.0,89,89
0.85,both,validation_evidence,27,2015,2023,8,2020.0666666666666,2020.5,30,30
0.85,both,validation_evidence,20,2010,2023,13,2018.1951219512196,2020.0,41,41
0.85,both,validation_evidence,17,2006,2023,17,2018.7073170731708,2020.0,41,41
0.85,both,validation_evidence,34,2017,2023,6,2021.1515151515152,2021.0,33,34
0.85,both,validation_evidence,12,2003,2023,20,2019.6241134751774,2020.0,282,282
0.85,both,validation_evidence,6,2010,2023,13,2022.0,2023.0,76,76
0.85,both,validation_evidence,10,2013,2023,10,2020.4795918367347,2021.0,98,98
0.85,both,validation_evidence,8,2003,2023,20,2020.8139534883721,2022.0,86,86
0.85,both,validation_evidence,21,2009,2023,14,2020.845238095238,2022.0,84,84
0.85,both,validation_evidence,15,2002,2023,21,2016.8,2016.0,35,36
0.85,both,validation_evidence,33,2009,2023,14,2017.531914893617,2017.0,47,47
0.85,both,validation_evidence,39,2018,2023,5,2021.851851851852,2022.0,27,30
0.85,both,validation_evidence,4,2005,2023,18,2020.245283018868,2022.0,53,53
0.85,both,validation_evidence,26,2013,2023,10,2020.08,2021.0,50,50
0.85,both,validation_evidence,38,2016,2023,7,2020.1304347826087,2020.0,46,46
0.85,both,validation_evidence,29,2019,2023,4,2022.0869565217392,2023.0,46,46
0.85,both,validation_evidence,2,2014,2023,9,2022.1063829787233,2022.5,94,94
0.85,both,validation_evidence,0,2018,2023,5,2021.1694915254238,2021.0,59,59
0.85,both,validation_evidence,28,2019,2023,4,2021.0,2021.0,8,8
0.85,both,validation_evidence,24,2010,2022,12,2018.4262295081967,2019.0,61,61
0.85,both,validation_evidence,37,2018,2023,5,2021.7826086956522,2022.0,23,23
0.85,both,validation_evidence,30,2014,2022,8,2018.6666666666667,2018.0,12,12
0.85,both,validation_evidence,32,2020,2023,3,2022.6666666666667,2023.0,15,15
0.85,both,validation_evidence,36,2011,2023,12,2020.111111111111,2021.0,27,27
0.85,both,validation_evidence,31,2022,2023,1,2022.111111111111,2022.0,9,9
0.85,both,validation_evidence,35,2008,2022,14,2016.5454545454545,2018.0,11,11
0.9,unconstrained,risk,14,2003,2023,20,2018.113924050633,2019.0,158,158
0.9,unconstrained,risk,6,1998,2023,25,2019.7009345794393,2020.0,214,214
0.9,unconstrained,risk,19,2006,2023,17,2021.625,2022.0,136,136
0.9,unconstrained,risk,21,2013,2023,10,2020.4469273743016,2021.0,179,179
0.9,unconstrained,risk,35,2011,2023,12,2020.0535714285713,2021.0,168,168
0.9,unconstrained,risk,12,2009,2023,14,2021.1881188118812,2022.0,101,102
0.9,unconstrained,risk,15,2006,2023,17,2020.0578512396694,2020.0,121,121
0.9,unconstrained,risk,0,2012,2023,11,2019.8695652173913,2020.0,299,299
0.9,unconstrained,risk,17,2013,2023,10,2019.551724137931,2019.0,116,116
0.9,unconstrained,risk,24,2011,2023,12,2020.4375,2021.5,48,48
0.9,unconstrained,risk,10,2011,2023,12,2021.5890410958905,2022.0,365,367
0.9,unconstrained,risk,20,2008,2023,15,2021.3142857142857,2022.0,105,105
0.9,unconstrained,risk,5,2002,2023,21,2019.7077922077922,2020.0,154,155
0.9,unconstrained,risk,9,2010,2023,13,2020.447488584475,2021.0,219,219
0.9,unconstrained,risk,16,2013,2023,10,2021.2621722846443,2022.0,267,269
0.9,unconstrained,risk,4,2006,2023,17,2019.5689149560117,2020.0,341,341
0.9,unconstrained,risk,1,2013,2023,10,2021.867256637168,2023.0,113,114
0.9,unconstrained,risk,2,2015,2023,8,2021.101851851852,2022.0,108,112
0.9,unconstrained,risk,8,1994,2023,29,2018.7063492063492,2020.0,126,126
0.9,unconstrained,risk,33,2017,2023,6,2021.4489795918366,2022.0,49,49
0.9,unconstrained,risk,25,2010,2023,13,2019.5,2021.5,222,223
0.9,unconstrained,risk,7,2004,2023,19,2021.5,2023.0,142,142
0.9,unconstrained,risk,38,2011,2023,12,2021.2871287128712,2022.0,101,102
0.9,unconstrained,risk,26,2010,2023,13,2021.3021276595746,2022.0,235,235
0.9,unconstrained,risk,11,2011,2023,12,2019.9603174603174,2021.0,126,126
0.9,unconstrained,risk,34,2018,2023,5,2021.6756756756756,2022.0,37,37
0.9,unconstrained,risk,22,2011,2023,12,2021.9864253393664,2022.0,221,221
0.9,unconstrained,risk,31,2003,2023,20,2019.1186440677966,2020.0,59,59
0.9,unconstrained,risk,37,2015,2023,8,2020.5757575757575,2022.0,33,33
0.9,unconstrained,risk,27,2008,2023,15,2018.409090909091,2019.5,44,44
0.9,unconstrained,risk,3,2016,2023,7,2022.16,2022.5,50,50
0.9,unconstrained,risk,18,2011,2023,12,2018.7166666666667,2019.0,60,60
0.9,unconstrained,risk,28,2014,2023,9,2021.0,2021.0,45,45
0.9,unconstrained,risk,32,2014,2023,9,2018.8695652173913,2019.0,23,23
0.9,unconstrained,risk,39,2017,2023,6,2020.8,2021.0,10,10
0.9,unconstrained,risk,29,2019,2023,4,2021.6666666666667,2022.0,15,15
0.9,unconstrained,risk,30,2010,2023,13,2019.3589743589744,2020.0,39,39
0.9,unconstrained,risk,23,2014,2023,9,2020.35,2020.5,20,20
0.9,unconstrained,risk,36,2021,2021,0,2021.0,2021.0,3,3
0.9,unconstrained,risk,13,2021,2021,0,2021.0,2021.0,4,4
0.9,unconstrained,intervention,32,2013,2023,10,2019.867924528302,2020.0,53,53
0.9,unconstrained,intervention,25,2003,2023,20,2018.1238095238095,2019.0,105,105
0.9,unconstrained,intervention,24,2016,2023,7,2022.2179487179487,2023.0,78,78
0.9,unconstrained,intervention,6,2014,2023,9,2019.8545454545454,2019.5,110,111
0.9,unconstrained,intervention,35,2006,2023,17,2020.2594594594595,2021.0,185,185
0.9,unconstrained,intervention,15,2013,2023,10,2021.0689655172414,2022.0,87,87
0.9,unconstrained,intervention,0,2012,2023,11,2019.6507936507937,2020.0,126,126
0.9,unconstrained,intervention,8,2011,2023,12,2020.0817120622569,2022.0,257,259
0.9,unconstrained,intervention,9,2012,2023,11,2019.672131147541,2021.0,122,122
0.9,unconstrained,intervention,34,2012,2023,11,2020.3098591549297,2021.0,71,71
0.9,unconstrained,intervention,22,2010,2023,13,2020.6521739130435,2021.0,69,69
0.9,unconstrained,intervention,14,2018,2023,5,2021.6,2022.0,15,15
0.9,unconstrained,intervention,16,2012,2023,11,2018.48,2019.0,25,25
0.9,unconstrained,intervention,23,1994,2022,28,2018.2871287128712,2019.0,101,101
0.9,unconstrained,intervention,4,2009,2023,14,2020.8606965174129,2022.0,201,203
0.9,unconstrained,intervention,1,2006,2023,17,2020.0094339622642,2021.0,106,106
0.9,unconstrained,intervention,2,2006,2023,17,2019.328947368421,2020.0,76,76
0.9,unconstrained,intervention,19,2012,2023,11,2019.8375,2020.0,80,80
0.9,unconstrained,intervention,28,2014,2023,9,2021.0526315789473,2022.0,19,19
0.9,unconstrained,intervention,26,2012,2022,10,2019.5402298850574,2020.0,174,174
0.9,unconstrained,intervention,17,2002,2023,21,2018.8809523809523,2020.0,42,42
0.9,unconstrained,intervention,5,2008,2023,15,2020.5212765957447,2021.0,188,190
0.9,unconstrained,intervention,18,2012,2023,11,2021.0377358490566,2021.0,53,53
0.9,unconstrained,intervention,36,2012,2023,11,2020.342105263158,2021.0,38,38
0.9,unconstrained,intervention,21,2010,2023,13,2016.4468085106382,2016.0,47,48
0.9,unconstrained,intervention,10,2014,2023,9,2020.9782608695652,2022.0,92,95
0.9,unconstrained,intervention,39,2015,2023,8,2022.1842105263158,2023.0,38,42
0.9,unconstrained,intervention,38,2005,2023,18,2019.3088235294117,2021.0,68,68
0.9,unconstrained,intervention,11,2011,2023,12,2020.4188034188035,2022.0,117,117
0.9,unconstrained,intervention,13,2014,2023,9,2020.1153846153845,2020.5,26,26
0.9,unconstrained,intervention,3,2013,2023,10,2018.1818181818182,2019.0,22,22
0.9,unconstrained,intervention,31,2016,2023,7,2020.9642857142858,2022.0,28,28
0.9,unconstrained,intervention,33,2018,2023,5,2022.235294117647,2023.0,34,34
0.9,unconstrained,intervention,27,2016,2023,7,2020.6521739130435,2021.0,23,23
0.9,unconstrained,intervention,20,2013,2023,10,2019.56,2020.0,25,25
0.9,unconstrained,intervention,30,2015,2022,7,2020.6470588235295,2022.0,17,17
0.9,unconstrained,intervention,7,2010,2022,12,2019.4166666666667,2019.5,12,12
0.9,unconstrained,intervention,12,2013,2023,10,2019.142857142857,2020.0,14,14
0.9,unconstrained,intervention,37,2022,2022,0,2022.0,2022.0,6,6
0.9,unconstrained,intervention,29,2014,2023,9,2020.8,2023.0,5,5
0.9,unconstrained,all_concepts,29,2009,2023,14,2018.6690391459074,2019.0,281,281
0.9,unconstrained,all_concepts,24,2003,2023,20,2016.60350877193,2016.0,285,285
0.9,unconstrained,all_concepts,13,2002,2023,21,2018.636186770428,2019.0,514,514
0.9,unconstrained,all_concepts,18,2012,2023,11,2020.638242894057,2022.0,387,391
0.9,unconstrained,all_concepts,8,2015,2023,8,2021.2826747720364,2022.0,329,350
0.9,unconstrained,all_concepts,10,2012,2023,11,2020.4869791666667,2021.0,384,384
0.9,unconstrained,all_concepts,2,2006,2023,17,2020.7134724857685,2022.0,527,527
0.9,unconstrained,all_concepts,16,2012,2023,11,2020.9955456570156,2022.0,449,449
0.9,unconstrained,all_concepts,9,2002,2023,21,2019.641414141414,2020.0,792,792
0.9,unconstrained,all_concepts,3,2003,2023,20,2018.3775510204082,2019.0,98,102
0.9,unconstrained,all_concepts,36,2009,2023,14,2021.3521739130435,2022.0,690,703
0.9,unconstrained,all_concepts,5,2010,2023,13,2021.1891891891892,2022.0,222,222
0.9,unconstrained,all_concepts,26,2008,2023,15,2021.2003105590063,2022.0,644,646
0.9,unconstrained,all_concepts,11,2006,2023,17,2020.1617405582922,2022.0,1218,1224
0.9,unconstrained,all_concepts,14,2006,2023,17,2020.6231404958678,2022.0,605,605
0.9,unconstrained,all_concepts,4,2012,2023,11,2020.1296296296296,2021.0,270,270
0.9,unconstrained,all_concepts,7,2010,2023,13,2019.7591036414565,2020.0,714,714
0.9,unconstrained,all_concepts,0,2012,2023,11,2019.7735632183908,2020.0,870,871
0.9,unconstrained,all_concepts,22,2006,2023,17,2019.6105263157895,2020.0,475,475
0.9,unconstrained,all_concepts,15,2010,2023,13,2020.4176470588236,2022.0,170,170
0.9,unconstrained,all_concepts,34,2010,2023,13,2019.5013888888889,2020.0,720,720
0.9,unconstrained,all_concepts,21,2008,2023,15,2021.1538461538462,2022.0,78,78
0.9,unconstrained,all_concepts,25,2009,2023,14,2020.7253886010362,2022.0,193,193
0.9,unconstrained,all_concepts,17,2006,2023,17,2020.595238095238,2021.0,252,252
0.9,unconstrained,all_concepts,38,2011,2023,12,2018.129411764706,2019.0,85,85
0.9,unconstrained,all_concepts,12,2006,2023,17,2019.4066749072929,2020.0,809,810
0.9,unconstrained,all_concepts,1,2006,2023,17,2020.8317757009345,2022.0,321,321
0.9,unconstrained,all_concepts,35,2005,2023,18,2019.6344827586206,2021.0,290,290
0.9,unconstrained,all_concepts,27,2011,2023,12,2020.4297520661157,2022.0,121,121
0.9,unconstrained,all_concepts,23,2018,2023,5,2020.732142857143,2020.0,56,56
0.9,unconstrained,all_concepts,6,2010,2023,13,2019.8111111111111,2021.0,270,270
0.9,unconstrained,all_concepts,20,2018,2023,5,2020.0487804878048,2020.0,41,41
0.9,unconstrained,all_concepts,19,2012,2023,11,2022.144927536232,2023.0,276,276
0.9,unconstrained,all_concepts,30,2006,2023,17,2019.68,2020.0,50,50
0.9,unconstrained,all_concepts,39,2013,2021,8,2017.6875,2017.0,16,16
0.9,unconstrained,all_concepts,32,2015,2023,8,2020.3478260869565,2021.0,23,23
0.9,unconstrained,all_concepts,33,2012,2023,11,2018.871794871795,2020.0,39,39
0.9,unconstrained,all_concepts,31,2022,2023,1,2022.0625,2022.0,16,16
0.9,unconstrained,all_concepts,28,2018,2023,5,2021.658536585366,2022.0,41,41
0.9,unconstrained,all_concepts,37,2018,2022,4,2020.2857142857142,2022.0,14,14
0.9,unconstrained,problem_analysis,16,2003,2023,20,2018.9633027522937,2019.0,109,109
0.9,unconstrained,problem_analysis,18,2006,2023,17,2020.0919540229886,2021.0,87,87
0.9,unconstrained,problem_analysis,5,2012,2023,11,2019.8660714285713,2021.0,112,112
0.9,unconstrained,problem_analysis,9,2009,2023,14,2020.7957746478874,2022.0,142,142
0.9,unconstrained,problem_analysis,3,2006,2023,17,2020.0,2020.0,99,99
0.9,unconstrained,problem_analysis,7,2010,2023,13,2020.3214285714287,2021.0,140,140
0.9,unconstrained,problem_analysis,23,2017,2023,6,2021.173076923077,2022.0,52,52
0.9,unconstrained,problem_analysis,1,2012,2023,11,2019.4435483870968,2020.0,124,124
0.9,unconstrained,problem_analysis,6,2006,2023,17,2020.5762711864406,2022.0,295,295
0.9,unconstrained,problem_analysis,19,2012,2023,11,2020.3978494623657,2021.0,186,186
0.9,unconstrained,problem_analysis,2,2010,2023,13,2019.537234042553,2020.0,188,188
0.9,unconstrained,problem_analysis,0,2011,2023,12,2019.648148148148,2020.0,108,108
0.9,unconstrained,problem_analysis,39,2014,2023,9,2019.8715596330276,2020.0,109,109
0.9,unconstrained,problem_analysis,11,2013,2023,10,2021.1846153846154,2022.0,130,133
0.9,unconstrained,problem_analysis,8,2010,2023,13,2020.5217391304348,2021.0,69,69
0.9,unconstrained,problem_analysis,20,2010,2023,13,2019.0551181102362,2019.0,127,127
0.9,unconstrained,problem_analysis,34,2002,2023,21,2019.0,2020.0,46,46
0.9,unconstrained,problem_analysis,24,2005,2023,18,2019.896551724138,2021.0,29,29
0.9,unconstrained,problem_analysis,10,2009,2023,14,2019.8292682926829,2020.0,164,164
0.9,unconstrained,problem_analysis,13,2012,2023,11,2020.8011695906432,2022.0,171,171
0.9,unconstrained,problem_analysis,30,2015,2023,8,2021.21875,2022.0,32,32
0.9,unconstrained,problem_analysis,4,2010,2023,13,2021.508064516129,2022.0,124,129
0.9,unconstrained,problem_analysis,12,2011,2023,12,2020.495652173913,2022.0,115,115
0.9,unconstrained,problem_analysis,28,2013,2023,10,2020.8428571428572,2022.0,70,70
0.9,unconstrained,problem_analysis,27,2015,2023,8,2020.9444444444443,2022.0,108,108
0.9,unconstrained,problem_analysis,37,2014,2023,9,2021.025,2022.0,40,40
0.9,unconstrained,problem_analysis,22,2003,2023,20,2019.3589743589744,2021.0,78,78
0.9,unconstrained,problem_analysis,31,2012,2023,11,2020.0877192982457,2022.0,57,57
0.9,unconstrained,problem_analysis,32,2020,2023,3,2022.2916666666667,2023.0,48,49
0.9,unconstrained,problem_analysis,35,2014,2023,9,2021.4375,2022.0,16,17
0.9,unconstrained,problem_analysis,26,2008,2023,15,2019.9736842105262,2021.5,38,38
0.9,unconstrained,problem_analysis,29,2014,2022,8,2017.7142857142858,2018.0,28,29
0.9,unconstrained,problem_analysis,15,2014,2023,9,2019.3125,2019.0,32,32
0.9,unconstrained,problem_analysis,17,2017,2023,6,2022.3125,2023.0,32,32
0.9,unconstrained,problem_analysis,33,2015,2023,8,2021.6333333333334,2022.0,30,30
0.9,unconstrained,problem_analysis,25,2016,2023,7,2021.8947368421052,2022.0,57,57
0.9,unconstrained,problem_analysis,14,2011,2023,12,2019.2439024390244,2020.0,41,41
0.9,unconstrained,problem_analysis,21,2013,2023,10,2018.375,2018.0,16,16
0.9,unconstrained,problem_analysis,38,2016,2023,7,2019.5,2020.0,16,16
0.9,unconstrained,problem_analysis,36,2019,2023,4,2021.7142857142858,2022.0,7,7
0.9,unconstrained,theoretical_insight,9,2003,2023,20,2018.0,2019.0,76,76
0.9,unconstrained,theoretical_insight,2,2011,2023,12,2020.5328467153286,2021.0,137,138
0.9,unconstrained,theoretical_insight,25,2013,2023,10,2019.0526315789473,2020.0,19,19
0.9,unconstrained,theoretical_insight,6,2009,2023,14,2020.1860465116279,2021.0,129,129
0.9,unconstrained,theoretical_insight,3,2006,2023,17,2019.4714285714285,2019.0,70,70
0.9,unconstrained,theoretical_insight,11,2011,2023,12,2020.1759259259259,2022.0,108,108
0.9,unconstrained,theoretical_insight,33,2012,2023,11,2020.6511627906978,2022.0,86,88
0.9,unconstrained,theoretical_insight,14,2015,2023,8,2021.2,2022.0,30,30
0.9,unconstrained,theoretical_insight,29,2012,2023,11,2019.8433734939758,2020.0,83,83
0.9,unconstrained,theoretical_insight,39,2003,2023,20,2017.9761904761904,2018.0,42,42
0.9,unconstrained,theoretical_insight,10,2012,2023,11,2020.167741935484,2021.0,155,155
0.9,unconstrained,theoretical_insight,13,2010,2023,13,2019.7227722772277,2020.0,101,101
0.9,unconstrained,theoretical_insight,34,2012,2023,11,2020.5573770491803,2020.0,61,61
0.9,unconstrained,theoretical_insight,23,2006,2023,17,2020.1904761904761,2021.0,21,21
0.9,unconstrained,theoretical_insight,18,2013,2023,10,2019.9565217391305,2021.0,46,46
0.9,unconstrained,theoretical_insight,36,2014,2023,9,2019.5981308411215,2019.0,107,107
0.9,unconstrained,theoretical_insight,4,2012,2023,11,2021.1491228070176,2022.0,114,114
0.9,unconstrained,theoretical_insight,12,2005,2023,18,2020.7838983050847,2022.0,236,239
0.9,unconstrained,theoretical_insight,28,2006,2023,17,2019.1746031746031,2019.0,63,63
0.9,unconstrained,theoretical_insight,30,2010,2023,13,2020.1142857142856,2020.0,70,70
0.9,unconstrained,theoretical_insight,7,2006,2023,17,2019.7482517482517,2020.0,143,143
0.9,unconstrained,theoretical_insight,1,2013,2023,10,2020.76,2021.0,125,125
0.9,unconstrained,theoretical_insight,8,2002,2023,21,2018.1846153846154,2018.0,65,65
0.9,unconstrained,theoretical_insight,21,2016,2023,7,2021.857142857143,2023.0,21,24
0.9,unconstrained,theoretical_insight,0,2008,2023,15,2021.2857142857142,2022.0,35,35
0.9,unconstrained,theoretical_insight,37,2012,2023,11,2020.5,2021.0,32,32
0.9,unconstrained,theoretical_insight,19,2011,2023,12,2019.3478260869565,2019.5,46,46
0.9,unconstrained,theoretical_insight,5,2015,2023,8,2020.876712328767,2021.0,73,73
0.9,unconstrained,theoretical_insight,31,2012,2023,11,2019.2307692307693,2020.0,26,26
0.9,unconstrained,theoretical_insight,27,2013,2023,10,2020.076923076923,2021.0,26,26
0.9,unconstrained,theoretical_insight,15,2012,2022,10,2019.7222222222222,2020.5,18,18
0.9,unconstrained,theoretical_insight,38,2010,2023,13,2017.0666666666666,2017.0,30,30
0.9,unconstrained,theoretical_insight,35,2013,2023,10,2022.093023255814,2022.0,43,43
0.9,unconstrained,theoretical_insight,26,2010,2023,13,2019.5,2020.0,42,42
0.9,unconstrained,theoretical_insight,24,2012,2022,10,2018.2380952380952,2018.0,21,21
0.9,unconstrained,theoretical_insight,32,2014,2023,9,2020.48,2022.0,25,25
0.9,unconstrained,theoretical_insight,16,2017,2023,6,2022.0,2023.0,9,9
0.9,unconstrained,theoretical_insight,22,2014,2023,9,2021.3846153846155,2022.0,13,13
0.9,unconstrained,theoretical_insight,17,2019,2022,3,2020.2,2019.0,5,5
0.9,unconstrained,theoretical_insight,20,2019,2019,0,2019.0,2019.0,1,1
0.9,unconstrained,design_rationale,14,2014,2023,9,2019.3620689655172,2020.0,58,58
0.9,unconstrained,design_rationale,27,2010,2023,13,2018.672131147541,2019.0,61,61
0.9,unconstrained,design_rationale,21,2006,2022,16,2016.025,2014.5,40,40
0.9,unconstrained,design_rationale,37,2006,2023,17,2020.5405405405406,2021.0,148,148
0.9,unconstrained,design_rationale,3,2012,2023,11,2019.7857142857142,2020.0,196,197
0.9,unconstrained,design_rationale,32,2006,2023,17,2019.408163265306,2020.0,49,49
0.9,unconstrained,design_rationale,15,2011,2023,12,2019.7530120481927,2021.0,166,167
0.9,unconstrained,design_rationale,10,2012,2023,11,2019.8541666666667,2020.0,96,96
0.9,unconstrained,design_rationale,5,2008,2023,15,2019.6382978723404,2020.0,47,47
0.9,unconstrained,design_rationale,22,2006,2023,17,2020.396694214876,2021.0,121,121
0.9,unconstrained,design_rationale,31,2012,2023,11,2018.9080459770114,2019.0,87,87
0.9,unconstrained,design_rationale,2,2002,2023,21,2019.5192307692307,2020.0,52,52
0.9,unconstrained,design_rationale,19,2015,2023,8,2020.1971830985915,2021.0,71,71
0.9,unconstrained,design_rationale,33,2014,2023,9,2019.0,2018.0,15,15
0.9,unconstrained,design_rationale,20,2014,2023,9,2021.3801652892562,2022.0,121,123
0.9,unconstrained,design_rationale,28,2014,2023,9,2021.2790697674418,2022.0,43,43
0.9,unconstrained,design_rationale,8,2006,2023,17,2019.423076923077,2020.0,182,182
0.9,unconstrained,design_rationale,17,2008,2023,15,2020.3013698630136,2022.0,73,73
0.9,unconstrained,design_rationale,0,2015,2023,8,2021.2181818181818,2022.0,55,55
0.9,unconstrained,design_rationale,18,2010,2022,12,2018.936170212766,2020.0,47,47
0.9,unconstrained,design_rationale,16,2013,2023,10,2020.6555555555556,2021.5,90,90
0.9,unconstrained,design_rationale,13,2018,2023,5,2021.9354838709678,2023.0,31,31
0.9,unconstrained,design_rationale,25,2018,2023,5,2022.3,2023.0,30,34
0.9,unconstrained,design_rationale,7,2013,2023,10,2020.8727272727272,2022.0,55,56
0.9,unconstrained,design_rationale,9,2012,2023,11,2021.0666666666666,2022.0,45,46
0.9,unconstrained,design_rationale,23,2005,2023,18,2019.561403508772,2021.0,57,57
0.9,unconstrained,design_rationale,11,2014,2023,9,2020.1363636363637,2021.0,44,44
0.9,unconstrained,design_rationale,6,2015,2023,8,2020.7843137254902,2021.0,51,51
0.9,unconstrained,design_rationale,29,2016,2023,7,2020.5365853658536,2021.0,82,82
0.9,unconstrained,design_rationale,36,2012,2023,11,2021.0588235294117,2021.0,17,17
0.9,unconstrained,design_rationale,30,2006,2023,17,2019.7205882352941,2020.0,68,68
0.9,unconstrained,design_rationale,1,2012,2023,11,2020.4126984126983,2021.0,63,63
0.9,unconstrained,design_rationale,35,2016,2022,6,2019.8333333333333,2020.0,12,12
0.9,unconstrained,design_rationale,38,2003,2023,20,2019.3157894736842,2021.0,19,19
0.9,unconstrained,design_rationale,4,2003,2023,20,2020.6756756756756,2022.0,37,37
0.9,unconstrained,design_rationale,12,2009,2023,14,2018.5714285714287,2020.0,21,21
0.9,unconstrained,design_rationale,26,2018,2018,0,2018.0,2018.0,1,1
0.9,unconstrained,design_rationale,34,2018,2022,4,2019.5,2019.5,8,8
0.9,unconstrained,design_rationale,24,2010,2023,13,2020.857142857143,2022.0,14,14
0.9,unconstrained,design_rationale,39,2011,2023,12,2018.7142857142858,2019.0,14,14
0.9,unconstrained,implementation_mechanism,25,2013,2023,10,2019.857142857143,2020.0,42,42
0.9,unconstrained,implementation_mechanism,36,2003,2023,20,2018.2931034482758,2018.5,58,58
0.9,unconstrained,implementation_mechanism,5,2003,2023,20,2017.3030303030303,2017.0,66,66
0.9,unconstrained,implementation_mechanism,1,2009,2023,14,2021.4416243654823,2022.0,197,197
0.9,unconstrained,implementation_mechanism,16,2006,2023,17,2019.6637931034484,2020.0,116,116
0.9,unconstrained,implementation_mechanism,24,2012,2023,11,2019.5211267605634,2020.0,71,71
0.9,unconstrained,implementation_mechanism,4,2010,2023,13,2019.7655502392345,2021.0,209,209
0.9,unconstrained,implementation_mechanism,26,2006,2023,17,2021.2075471698113,2022.0,53,53
0.9,unconstrained,implementation_mechanism,3,2002,2023,21,2019.62,2020.0,100,100
0.9,unconstrained,implementation_mechanism,28,2016,2023,7,2020.0,2020.0,31,31
0.9,unconstrained,implementation_mechanism,31,2013,2023,10,2020.6857142857143,2022.0,105,105
0.9,unconstrained,implementation_mechanism,2,2012,2023,11,2019.6850393700788,2021.0,127,127
0.9,unconstrained,implementation_mechanism,21,2013,2023,10,2020.5666666666666,2021.0,30,30
0.9,unconstrained,implementation_mechanism,30,2018,2022,4,2019.857142857143,2020.0,7,7
0.9,unconstrained,implementation_mechanism,0,2010,2023,13,2019.012658227848,2020.0,158,160
0.9,unconstrained,implementation_mechanism,23,2022,2023,1,2022.125,2022.0,8,8
0.9,unconstrained,implementation_mechanism,19,2014,2023,9,2021.1780821917807,2022.0,146,149
0.9,unconstrained,implementation_mechanism,37,2015,2023,8,2020.8,2021.0,25,25
0.9,unconstrained,implementation_mechanism,7,2013,2023,10,2021.077519379845,2022.0,129,130
0.9,unconstrained,implementation_mechanism,13,2012,2023,11,2019.86301369863,2020.0,73,73
0.9,unconstrained,implementation_mechanism,20,2008,2023,15,2019.9516129032259,2022.0,62,62
0.9,unconstrained,implementation_mechanism,8,2005,2023,18,2019.2977099236641,2020.0,131,131
0.9,unconstrained,implementation_mechanism,39,2017,2022,5,2020.5,2021.0,20,20
0.9,unconstrained,implementation_mechanism,9,2006,2023,17,2021.1636363636364,2022.0,110,110
0.9,unconstrained,implementation_mechanism,11,2012,2023,11,2019.2794117647059,2019.0,68,68
0.9,unconstrained,implementation_mechanism,6,2011,2023,12,2018.7391304347825,2019.0,46,46
0.9,unconstrained,implementation_mechanism,33,2018,2023,5,2020.3513513513512,2020.0,37,37
0.9,unconstrained,implementation_mechanism,18,2012,2023,11,2020.037037037037,2020.0,27,27
0.9,unconstrained,implementation_mechanism,34,2015,2023,8,2021.8444444444444,2023.0,45,49
0.9,unconstrained,implementation_mechanism,35,2011,2023,12,2019.9285714285713,2021.0,14,15
0.9,unconstrained,implementation_mechanism,27,2013,2023,10,2019.4901960784314,2021.0,51,51
0.9,unconstrained,implementation_mechanism,10,2016,2023,7,2020.8494623655913,2021.0,93,93
0.9,unconstrained,implementation_mechanism,22,2013,2023,10,2020.6,2021.5,20,20
0.9,unconstrained,implementation_mechanism,14,2015,2023,8,2019.7777777777778,2020.0,18,18
0.9,unconstrained,implementation_mechanism,17,2008,2023,15,2019.5454545454545,2021.0,33,33
0.9,unconstrained,implementation_mechanism,29,2016,2022,6,2019.875,2020.0,24,24
0.9,unconstrained,implementation_mechanism,12,2012,2022,10,2019.3461538461538,2020.0,26,26
0.9,unconstrained,implementation_mechanism,15,2016,2023,7,2020.0,2020.5,12,12
0.9,unconstrained,implementation_mechanism,38,2020,2023,3,2022.2,2023.0,5,5
0.9,unconstrained,implementation_mechanism,32,2013,2023,10,2019.5,2020.0,30,30
0.9,unconstrained,validation_evidence,20,2013,2023,10,2019.729411764706,2020.0,85,85
0.9,unconstrained,validation_evidence,5,2003,2023,20,2016.7826086956522,2018.0,23,23
0.9,unconstrained,validation_evidence,37,2012,2023,11,2020.4736842105262,2022.0,19,19
0.9,unconstrained,validation_evidence,39,2015,2023,8,2021.4333333333334,2022.0,60,60
0.9,unconstrained,validation_evidence,0,2015,2023,8,2020.5212765957447,2021.0,94,95
0.9,unconstrained,validation_evidence,12,2011,2023,12,2020.8620689655172,2021.0,58,58
0.9,unconstrained,validation_evidence,34,2012,2023,11,2019.8163265306123,2020.0,49,49
0.9,unconstrained,validation_evidence,10,2009,2023,14,2019.905172413793,2022.0,116,116
0.9,unconstrained,validation_evidence,21,2019,2023,4,2022.0,2022.0,10,10
0.9,unconstrained,validation_evidence,19,2002,2022,20,2017.8285714285714,2018.5,70,71
0.9,unconstrained,validation_evidence,36,2012,2023,11,2019.0430107526881,2019.0,93,93
0.9,unconstrained,validation_evidence,14,2012,2023,11,2019.6527777777778,2020.0,72,72
0.9,unconstrained,validation_evidence,8,2015,2023,8,2020.0375,2021.0,80,80
0.9,unconstrained,validation_evidence,26,2012,2023,11,2019.3875,2019.0,160,160
0.9,unconstrained,validation_evidence,24,2015,2023,8,2020.1290322580646,2020.0,31,31
0.9,unconstrained,validation_evidence,7,2013,2023,10,2021.0222222222221,2022.0,45,45
0.9,unconstrained,validation_evidence,9,2012,2023,11,2021.452380952381,2022.0,126,129
0.9,unconstrained,validation_evidence,25,2006,2023,17,2019.148148148148,2020.0,27,27
0.9,unconstrained,validation_evidence,11,2006,2023,17,2019.1358024691358,2020.0,81,81
0.9,unconstrained,validation_evidence,1,2008,2023,15,2019.7593984962407,2020.0,266,266
0.9,unconstrained,validation_evidence,4,2013,2023,10,2020.4285714285713,2021.0,98,98
0.9,unconstrained,validation_evidence,15,2010,2023,13,2021.6363636363637,2022.0,88,88
0.9,unconstrained,validation_evidence,30,2009,2023,14,2020.6451612903227,2022.0,62,62
0.9,unconstrained,validation_evidence,38,2019,2023,4,2022.0217391304348,2022.0,46,46
0.9,unconstrained,validation_evidence,35,2003,2022,19,2018.4285714285713,2019.0,70,70
0.9,unconstrained,validation_evidence,28,2003,2023,20,2020.4761904761904,2022.0,63,63
0.9,unconstrained,validation_evidence,31,2010,2023,13,2016.4324324324325,2015.0,37,37
0.9,unconstrained,validation_evidence,32,2012,2023,11,2017.8387096774193,2018.0,31,31
0.9,unconstrained,validation_evidence,33,2013,2023,10,2019.9864864864865,2021.0,74,75
0.9,unconstrained,validation_evidence,27,2018,2023,5,2021.9130434782608,2022.0,23,26
0.9,unconstrained,validation_evidence,2,2005,2023,18,2019.983606557377,2021.0,61,62
0.9,unconstrained,validation_evidence,22,2013,2023,10,2019.658536585366,2021.0,41,41
0.9,unconstrained,validation_evidence,6,2010,2022,12,2018.9259259259259,2019.0,27,27
0.9,unconstrained,validation_evidence,23,2016,2023,7,2020.4137931034484,2020.0,29,29
0.9,unconstrained,validation_evidence,17,2019,2023,4,2022.3733333333332,2023.0,75,76
0.9,unconstrained,validation_evidence,3,2008,2023,15,2020.6666666666667,2022.0,27,27
0.9,unconstrained,validation_evidence,18,2006,2023,17,2020.325,2021.0,40,40
0.9,unconstrained,validation_evidence,16,2011,2023,12,2018.8823529411766,2019.0,17,17
0.9,unconstrained,validation_evidence,13,2018,2023,5,2020.6521739130435,2021.0,23,23
0.9,unconstrained,validation_evidence,29,2020,2022,2,2021.0,2021.0,3,3
0.9,single_risk,risk,24,2006,2023,17,2018.6296296296296,2020.0,81,81
0.9,single_risk,risk,6,2003,2023,20,2017.7045454545455,2019.0,88,88
0.9,single_risk,risk,7,2013,2023,10,2019.3055555555557,2019.0,72,72
0.9,single_risk,risk,35,2013,2023,10,2020.268817204301,2021.0,93,93
0.9,single_risk,risk,15,2010,2023,13,2019.9404761904761,2021.0,84,84
0.9,single_risk,risk,22,2012,2023,11,2020.0472972972973,2020.0,148,148
0.9,single_risk,risk,8,2010,2023,13,2020.0738636363637,2022.0,176,178
0.9,single_risk,risk,19,2012,2023,11,2020.1397849462367,2021.0,93,93
0.9,single_risk,risk,23,2008,2023,15,2021.4285714285713,2022.0,35,35
0.9,single_risk,risk,38,2012,2023,11,2020.3492063492063,2021.0,63,63
0.9,single_risk,risk,27,2013,2023,10,2019.6129032258063,2021.0,62,62
0.9,single_risk,risk,16,2013,2023,10,2019.4761904761904,2019.0,63,63
0.9,single_risk,risk,2,2013,2023,10,2021.2091836734694,2022.0,196,196
0.9,single_risk,risk,0,2006,2023,17,2020.119266055046,2021.0,109,109
0.9,single_risk,risk,11,2009,2023,14,2019.311320754717,2019.0,106,106
0.9,single_risk,risk,29,2013,2023,10,2020.8735632183907,2021.0,87,87
0.9,single_risk,risk,30,2019,2023,4,2021.8214285714287,2022.0,28,29
0.9,single_risk,risk,3,2011,2023,12,2019.688622754491,2020.0,167,167
0.9,single_risk,risk,25,2012,2022,10,2019.1666666666667,2019.5,30,30
0.9,single_risk,risk,33,2013,2023,10,2022.0,2023.0,20,20
0.9,single_risk,risk,1,2006,2023,17,2020.4318181818182,2021.0,132,132
0.9,single_risk,risk,28,1994,2023,29,2018.2409638554218,2020.0,83,83
0.9,single_risk,risk,14,2002,2023,21,2018.6060606060605,2019.0,33,33
0.9,single_risk,risk,26,2014,2023,9,2019.561797752809,2019.0,89,89
0.9,single_risk,risk,18,2009,2023,14,2019.75,2020.0,40,41
0.9,single_risk,risk,9,2017,2023,6,2021.5714285714287,2022.0,56,56
0.9,single_risk,risk,10,2014,2023,9,2018.7777777777778,2020.0,9,9
0.9,single_risk,risk,37,2012,2023,11,2021.025,2022.0,80,81
0.9,single_risk,risk,20,2011,2023,12,2019.5416666666667,2021.0,48,48
0.9,single_risk,risk,4,2015,2023,8,2021.4358974358975,2022.0,78,81
0.9,single_risk,risk,12,2012,2023,11,2022.0449438202247,2022.0,178,178
0.9,single_risk,risk,5,2011,2023,12,2020.2089552238806,2021.0,67,69
0.9,single_risk,risk,21,2017,2023,6,2021.7407407407406,2022.0,27,27
0.9,single_risk,risk,31,2016,2023,7,2020.962962962963,2021.0,27,27
0.9,single_risk,risk,34,2019,2023,4,2022.0833333333333,2023.0,12,12
0.9,single_risk,risk,32,2022,2023,1,2022.5,2022.5,2,2
0.9,single_risk,risk,13,2016,2023,7,2020.111111111111,2020.5,18,18
0.9,single_risk,risk,17,2003,2022,19,2017.2105263157894,2019.0,19,19
0.9,single_risk,risk,36,2019,2021,2,2020.5,2021.0,4,4
0.9,single_risk,risk,39,2019,2019,0,2019.0,2019.0,1,1
0.9,single_risk,intervention,29,2013,2023,10,2019.867924528302,2020.0,53,53
0.9,single_risk,intervention,9,2003,2023,20,2018.2385321100917,2019.0,109,111
0.9,single_risk,intervention,17,2012,2023,11,2021.811475409836,2022.0,122,122
0.9,single_risk,intervention,20,2014,2023,9,2019.8557692307693,2020.0,104,104
0.9,single_risk,intervention,34,2006,2023,17,2020.276836158192,2021.0,177,177
0.9,single_risk,intervention,26,2012,2023,11,2019.5670103092784,2020.0,97,97
0.9,single_risk,intervention,8,2011,2023,12,2020.0592885375495,2022.0,253,255
0.9,single_risk,intervention,4,2013,2023,10,2020.2549019607843,2022.0,51,51
0.9,single_risk,intervention,24,2012,2023,11,2019.105882352941,2020.0,85,85
0.9,single_risk,intervention,21,2012,2023,11,2020.3222222222223,2021.0,90,90
0.9,single_risk,intervention,25,2010,2023,13,2020.6060606060605,2021.0,66,66
0.9,single_risk,intervention,6,2012,2023,11,2021.0754716981132,2022.0,53,53
0.9,single_risk,intervention,36,2012,2023,11,2018.5833333333333,2019.0,24,24
0.9,single_risk,intervention,22,1994,2022,28,2018.2021276595744,2019.0,94,94
0.9,single_risk,intervention,5,2009,2023,14,2020.8693467336684,2022.0,199,202
0.9,single_risk,intervention,19,2013,2023,10,2020.6375,2021.0,80,80
0.9,single_risk,intervention,0,2006,2023,17,2019.3688524590164,2019.0,122,122
0.9,single_risk,intervention,11,2014,2023,9,2021.7142857142858,2022.0,56,57
0.9,single_risk,intervention,13,2012,2023,11,2019.561797752809,2020.0,178,178
0.9,single_risk,intervention,3,2017,2023,6,2021.936170212766,2022.0,47,47
0.9,single_risk,intervention,10,2008,2023,15,2020.6395939086294,2022.0,197,199
0.9,single_risk,intervention,14,2012,2023,11,2019.5714285714287,2020.0,21,21
0.9,single_risk,intervention,1,2010,2023,13,2019.983870967742,2020.0,62,62
0.9,single_risk,intervention,35,2002,2022,20,2017.4074074074074,2019.0,27,27
0.9,single_risk,intervention,28,2011,2023,12,2016.8478260869565,2016.5,46,46
0.9,single_risk,intervention,18,2014,2023,9,2020.0,2020.0,52,53
0.9,single_risk,intervention,33,2015,2023,8,2022.1714285714286,2023.0,35,39
0.9,single_risk,intervention,7,2005,2023,18,2019.7535211267605,2021.0,142,142
0.9,single_risk,intervention,12,2013,2023,10,2019.8275862068965,2020.0,29,29
0.9,single_risk,intervention,38,2013,2023,10,2020.9305555555557,2022.0,72,72
0.9,single_risk,intervention,16,2016,2023,7,2020.7714285714285,2022.0,35,35
0.9,single_risk,intervention,39,2017,2023,6,2020.6,2022.0,15,15
0.9,single_risk,intervention,15,2013,2022,9,2018.0,2018.5,6,6
0.9,single_risk,intervention,30,2016,2023,7,2020.68,2021.0,25,25
0.9,single_risk,intervention,27,2013,2023,10,2019.5384615384614,2020.0,26,26
0.9,single_risk,intervention,2,2003,2023,20,2017.2,2019.0,35,35
0.9,single_risk,intervention,32,2015,2022,7,2020.611111111111,2022.0,18,18
0.9,single_risk,intervention,23,2016,2022,6,2020.5555555555557,2021.0,9,9
0.9,single_risk,intervention,31,2022,2022,0,2022.0,2022.0,6,6
0.9,single_risk,intervention,37,2014,2023,9,2020.8,2023.0,5,5
0.9,single_risk,all_concepts,1,2010,2023,13,2019.5900783289817,2020.0,383,383
0.9,single_risk,all_concepts,10,2003,2023,20,2017.4441805225654,2018.0,421,421
0.9,single_risk,all_concepts,15,2003,2023,20,2018.572,2020.0,250,250
0.9,single_risk,all_concepts,13,2012,2023,11,2020.475935828877,2022.0,374,378
0.9,single_risk,all_concepts,27,2015,2023,8,2022.091743119266,2023.0,109,128
0.9,single_risk,all_concepts,9,2006,2023,17,2020.714859437751,2022.0,498,498
0.9,single_risk,all_concepts,19,2013,2023,10,2021.7388059701493,2022.0,268,268
0.9,single_risk,all_concepts,18,2002,2023,21,2019.2905544147843,2020.0,974,975
0.9,single_risk,all_concepts,14,2006,2023,17,2019.6105032822757,2020.0,457,457
0.9,single_risk,all_concepts,38,2006,2023,17,2021.2166890982503,2022.0,743,758
0.9,single_risk,all_concepts,7,2008,2023,15,2021.0692640692641,2022.0,231,231
0.9,single_risk,all_concepts,0,2008,2023,15,2020.735362997658,2022.0,854,855
0.9,single_risk,all_concepts,22,2009,2023,14,2019.9471326164874,2022.0,1116,1122
0.9,single_risk,all_concepts,28,2003,2023,20,2018.5758293838862,2019.0,422,422
0.9,single_risk,all_concepts,29,2006,2023,17,2020.59631147541,2021.5,488,488
0.9,single_risk,all_concepts,25,2012,2023,11,2020.0058365758755,2021.0,514,514
0.9,single_risk,all_concepts,6,2012,2023,11,2019.4249512670565,2020.0,513,513
0.9,single_risk,all_concepts,32,2010,2023,13,2020.3832335329341,2022.0,167,167
0.9,single_risk,all_concepts,26,2012,2023,11,2019.624229979466,2020.0,487,487
0.9,single_risk,all_concepts,8,2020,2023,3,2022.2962962962963,2022.0,54,54
0.9,single_risk,all_concepts,11,2013,2023,10,2020.5824175824175,2022.0,182,182
0.9,single_risk,all_concepts,24,2009,2023,14,2021.0869565217392,2022.0,115,115
0.9,single_risk,all_concepts,16,2010,2023,13,2020.0387323943662,2020.0,284,284
0.9,single_risk,all_concepts,17,2006,2023,17,2019.8045977011495,2020.0,435,435
0.9,single_risk,all_concepts,3,2006,2023,17,2020.9180327868853,2022.0,305,306
0.9,single_risk,all_concepts,37,2011,2023,12,2019.742,2020.0,500,501
0.9,single_risk,all_concepts,5,2012,2023,11,2019.9404761904761,2020.0,252,252
0.9,single_risk,all_concepts,36,2005,2023,18,2019.672131147541,2021.0,244,244
0.9,single_risk,all_concepts,30,2011,2023,12,2020.0757575757575,2021.0,132,132
0.9,single_risk,all_concepts,2,2013,2023,10,2020.8490566037735,2021.0,106,106
0.9,single_risk,all_concepts,4,2002,2023,21,2019.5833333333333,2020.0,312,312
0.9,single_risk,all_concepts,20,2018,2022,4,2020.0,2020.0,36,36
0.9,single_risk,all_concepts,12,2016,2023,7,2022.1666666666667,2023.0,288,288
0.9,single_risk,all_concepts,23,2006,2023,17,2019.9444444444443,2021.0,36,36
0.9,single_risk,all_concepts,39,2013,2021,8,2017.6875,2017.0,16,16
0.9,single_risk,all_concepts,21,2012,2023,11,2020.3649635036497,2021.0,137,137
0.9,single_risk,all_concepts,34,2010,2022,12,2017.392857142857,2018.5,28,32
0.9,single_risk,all_concepts,35,2016,2021,5,2019.8461538461538,2020.0,13,13
0.9,single_risk,all_concepts,33,2012,2023,11,2019.5,2020.5,24,24
0.9,single_risk,all_concepts,31,2022,2023,1,2022.0625,2022.0,16,16
0.9,single_risk,problem_analysis,15,2006,2023,17,2019.3513513513512,2019.0,111,111
0.9,single_risk,problem_analysis,13,2006,2023,17,2019.7671232876712,2021.0,73,73
0.9,single_risk,problem_analysis,2,2003,2023,20,2019.077922077922,2021.0,77,77
0.9,single_risk,problem_analysis,30,2010,2023,13,2019.6888888888889,2020.0,45,45
0.9,single_risk,problem_analysis,3,2003,2023,20,2018.9270072992701,2020.0,137,137
0.9,single_risk,problem_analysis,9,2015,2023,8,2021.2222222222222,2022.0,36,36
0.9,single_risk,problem_analysis,36,2013,2023,10,2019.5405405405406,2020.0,74,74
0.9,single_risk,problem_analysis,24,2011,2023,12,2020.265536723164,2022.0,177,177
0.9,single_risk,problem_analysis,6,2012,2023,11,2020.27868852459,2021.0,122,122
0.9,single_risk,problem_analysis,34,2010,2023,13,2019.9226804123712,2020.0,194,194
0.9,single_risk,problem_analysis,35,2012,2023,11,2019.0392156862745,2019.0,51,51
0.9,single_risk,problem_analysis,1,2012,2023,11,2019.907894736842,2020.5,76,76
0.9,single_risk,problem_analysis,10,2014,2023,9,2019.9,2020.0,110,110
0.9,single_risk,problem_analysis,12,2011,2023,12,2018.4,2019.0,20,20
0.9,single_risk,problem_analysis,11,2006,2023,17,2020.5183246073298,2022.0,191,191
0.9,single_risk,problem_analysis,5,2005,2023,18,2020.73417721519,2022.0,158,162
0.9,single_risk,problem_analysis,18,2010,2023,13,2020.6065573770493,2021.0,61,61
0.9,single_risk,problem_analysis,14,2010,2023,13,2021.5252525252524,2022.0,99,104
0.9,single_risk,problem_analysis,16,2009,2023,14,2019.758064516129,2020.0,124,124
0.9,single_risk,problem_analysis,39,2016,2023,7,2020.5,2020.5,22,22
0.9,single_risk,problem_analysis,31,2012,2023,11,2021.280487804878,2022.0,82,82
0.9,single_risk,problem_analysis,38,2014,2023,9,2019.7777777777778,2021.0,54,54
0.9,single_risk,problem_analysis,26,2010,2022,12,2019.4,2020.0,55,55
0.9,single_risk,problem_analysis,19,2018,2023,5,2020.952380952381,2021.0,21,21
0.9,single_risk,problem_analysis,37,2013,2023,10,2020.2105263157894,2022.0,76,76
0.9,single_risk,problem_analysis,4,2013,2023,10,2020.7764705882353,2021.0,85,85
0.9,single_risk,problem_analysis,8,2014,2023,9,2020.657894736842,2021.0,38,38
0.9,single_risk,problem_analysis,17,2010,2023,13,2020.09375,2022.0,96,96
0.9,single_risk,problem_analysis,27,2013,2023,10,2019.4262295081967,2020.0,61,61
0.9,single_risk,problem_analysis,23,2019,2023,4,2022.3513513513512,2023.0,37,38
0.9,single_risk,problem_analysis,32,2011,2023,12,2020.0714285714287,2020.5,28,28
0.9,single_risk,problem_analysis,21,2015,2023,8,2020.7831325301204,2022.0,83,83
0.9,single_risk,problem_analysis,28,2014,2023,9,2020.9444444444443,2022.5,18,18
0.9,single_risk,problem_analysis,22,2014,2022,8,2017.655172413793,2018.0,29,30
0.9,single_risk,problem_analysis,25,2009,2023,14,2019.2,2021.0,15,15
0.9,single_risk,problem_analysis,0,2010,2023,13,2021.6842105263158,2022.0,76,76
0.9,single_risk,problem_analysis,7,2014,2023,9,2019.40625,2019.5,32,32
0.9,single_risk,problem_analysis,33,2014,2023,9,2018.6,2018.0,5,5
0.9,single_risk,problem_analysis,20,2002,2023,21,2019.047619047619,2020.0,42,42
0.9,single_risk,problem_analysis,29,2019,2023,4,2022.8095238095239,2023.0,21,21
0.9,single_risk,theoretical_insight,37,2006,2022,16,2017.7428571428572,2018.0,35,35
0.9,single_risk,theoretical_insight,29,2018,2023,5,2022.1333333333334,2023.0,15,18
0.9,single_risk,theoretical_insight,26,2012,2023,11,2020.729411764706,2022.0,85,87
0.9,single_risk,theoretical_insight,15,2011,2023,12,2020.1741935483872,2022.0,155,155
0.9,single_risk,theoretical_insight,39,2015,2023,8,2019.25,2020.0,16,16
0.9,single_risk,theoretical_insight,35,2009,2023,14,2020.153284671533,2021.0,137,137
0.9,single_risk,theoretical_insight,2,2016,2023,7,2019.9666666666667,2020.0,60,60
0.9,single_risk,theoretical_insight,19,2013,2023,10,2020.896551724138,2022.0,29,29
0.9,single_risk,theoretical_insight,3,2012,2023,11,2020.1342281879195,2021.0,149,149
0.9,single_risk,theoretical_insight,20,2010,2023,13,2019.2089552238806,2020.0,67,67
0.9,single_risk,theoretical_insight,11,2012,2023,11,2020.3142857142857,2020.0,70,70
0.9,single_risk,theoretical_insight,33,2006,2023,17,2020.2631578947369,2021.0,19,19
0.9,single_risk,theoretical_insight,7,2010,2023,13,2018.6849315068494,2019.0,73,73
0.9,single_risk,theoretical_insight,30,2014,2023,9,2019.7009345794393,2019.0,107,107
0.9,single_risk,theoretical_insight,28,2018,2023,5,2021.7272727272727,2022.0,33,33
0.9,single_risk,theoretical_insight,21,2003,2023,20,2017.872340425532,2018.0,47,47
0.9,single_risk,theoretical_insight,1,2015,2023,8,2021.4107142857142,2022.0,56,56
0.9,single_risk,theoretical_insight,5,2005,2023,18,2020.6467661691543,2022.0,201,205
0.9,single_risk,theoretical_insight,6,2003,2023,20,2019.4833333333333,2020.0,120,120
0.9,single_risk,theoretical_insight,25,2006,2023,17,2019.3392857142858,2020.0,56,56
0.9,single_risk,theoretical_insight,18,2012,2023,11,2020.2439024390244,2021.0,41,41
0.9,single_risk,theoretical_insight,0,2006,2023,17,2019.7847222222222,2020.0,144,144
0.9,single_risk,theoretical_insight,17,2012,2023,11,2020.1363636363637,2021.0,44,44
0.9,single_risk,theoretical_insight,16,2010,2023,13,2020.7215189873418,2022.0,79,79
0.9,single_risk,theoretical_insight,8,2013,2022,9,2018.076923076923,2019.0,13,13
0.9,single_risk,theoretical_insight,38,2011,2023,12,2020.3478260869565,2020.0,23,23
0.9,single_risk,theoretical_insight,9,2014,2023,9,2021.1568627450981,2022.0,51,51
0.9,single_risk,theoretical_insight,14,2015,2023,8,2020.9655172413793,2021.0,58,58
0.9,single_risk,theoretical_insight,31,2012,2023,11,2019.7368421052631,2021.0,19,19
0.9,single_risk,theoretical_insight,32,2012,2023,11,2019.8135593220338,2020.0,59,59
0.9,single_risk,theoretical_insight,13,2015,2023,8,2020.7222222222222,2021.0,18,18
0.9,single_risk,theoretical_insight,12,2010,2023,13,2019.1142857142856,2020.0,70,70
0.9,single_risk,theoretical_insight,22,2013,2023,10,2020.1379310344828,2021.0,29,29
0.9,single_risk,theoretical_insight,36,2011,2023,12,2019.6964285714287,2020.0,56,56
0.9,single_risk,theoretical_insight,4,2002,2023,21,2019.077922077922,2020.0,77,77
0.9,single_risk,theoretical_insight,23,2013,2023,10,2022.0816326530612,2022.0,49,49
0.9,single_risk,theoretical_insight,10,2012,2023,11,2019.0625,2019.5,32,32
0.9,single_risk,theoretical_insight,24,2017,2023,6,2021.0,2021.5,6,6
0.9,single_risk,theoretical_insight,27,2019,2023,4,2022.3,2023.0,10,10
0.9,single_risk,theoretical_insight,34,2014,2023,9,2020.076923076923,2022.0,13,13
0.9,single_risk,design_rationale,1,2013,2023,10,2018.9651162790697,2019.0,86,86
0.9,single_risk,design_rationale,8,2005,2023,18,2018.4,2019.0,55,55
0.9,single_risk,design_rationale,34,2006,2022,16,2016.025,2014.5,40,40
0.9,single_risk,design_rationale,12,2006,2023,17,2020.6791044776119,2021.0,134,134
0.9,single_risk,design_rationale,18,2012,2023,11,2019.7913669064749,2020.0,139,140
0.9,single_risk,design_rationale,16,2013,2023,10,2019.820512820513,2020.0,39,39
0.9,single_risk,design_rationale,32,2011,2023,12,2019.3692307692309,2019.0,65,65
0.9,single_risk,design_rationale,21,2011,2023,12,2019.736111111111,2021.0,144,145
0.9,single_risk,design_rationale,7,2012,2023,11,2019.876712328767,2021.0,73,73
0.9,single_risk,design_rationale,38,2012,2023,11,2018.8833333333334,2019.0,60,60
0.9,single_risk,design_rationale,11,2012,2023,11,2019.6935483870968,2019.5,62,62
0.9,single_risk,design_rationale,37,2010,2023,13,2020.34,2022.0,50,50
0.9,single_risk,design_rationale,4,2013,2023,10,2020.1518987341772,2021.0,79,79
0.9,single_risk,design_rationale,10,2003,2023,20,2020.1451612903227,2021.0,124,124
0.9,single_risk,design_rationale,30,2014,2022,8,2019.6666666666667,2020.0,9,9
0.9,single_risk,design_rationale,20,2014,2023,9,2021.5775862068965,2022.0,116,118
0.9,single_risk,design_rationale,13,2013,2023,10,2020.3333333333333,2021.0,60,61
0.9,single_risk,design_rationale,3,2006,2023,17,2019.470238095238,2020.0,168,168
0.9,single_risk,design_rationale,5,2010,2023,13,2021.1208791208792,2022.0,91,95
0.9,single_risk,design_rationale,2,2006,2023,17,2019.7777777777778,2020.0,90,90
0.9,single_risk,design_rationale,9,2015,2023,8,2021.241935483871,2022.0,62,62
0.9,single_risk,design_rationale,0,2012,2023,11,2020.446153846154,2021.0,65,65
0.9,single_risk,design_rationale,33,2013,2022,9,2019.0,2019.0,41,41
0.9,single_risk,design_rationale,23,2008,2023,15,2019.2857142857142,2020.0,35,35
0.9,single_risk,design_rationale,39,2012,2023,11,2020.5867768595042,2022.0,121,122
0.9,single_risk,design_rationale,24,2018,2023,5,2022.2941176470588,2023.0,17,17
0.9,single_risk,design_rationale,28,2011,2023,12,2019.5531914893618,2021.0,47,47
0.9,single_risk,design_rationale,22,2016,2023,7,2020.0,2020.0,25,25
0.9,single_risk,design_rationale,14,2003,2023,20,2020.111111111111,2021.0,27,27
0.9,single_risk,design_rationale,17,2018,2023,5,2021.6458333333333,2022.0,48,48
0.9,single_risk,design_rationale,35,2016,2023,7,2020.5172413793102,2021.0,87,87
0.9,single_risk,design_rationale,29,2012,2023,11,2021.111111111111,2021.5,18,18
0.9,single_risk,design_rationale,15,2006,2023,17,2019.1,2020.0,40,40
0.9,single_risk,design_rationale,36,2002,2023,21,2017.7,2019.5,10,10
0.9,single_risk,design_rationale,25,2018,2022,4,2020.0833333333333,2020.5,12,12
0.9,single_risk,design_rationale,19,2008,2023,15,2020.3793103448277,2021.0,29,29
0.9,single_risk,design_rationale,31,2018,2023,5,2021.6666666666667,2023.0,9,9
0.9,single_risk,design_rationale,26,2009,2023,14,2018.44,2019.0,25,25
0.9,single_risk,design_rationale,27,2018,2023,5,2020.6,2022.0,5,5
0.9,single_risk,design_rationale,6,2015,2023,8,2021.3333333333333,2022.0,12,12
0.9,single_risk,implementation_mechanism,15,2017,2023,6,2020.2307692307693,2020.0,39,39
0.9,single_risk,implementation_mechanism,12,2003,2023,20,2017.9444444444443,2018.0,54,54
0.9,single_risk,implementation_mechanism,24,2003,2023,20,2017.4507042253522,2017.0,71,71
0.9,single_risk,implementation_mechanism,38,2009,2023,14,2021.1496598639455,2022.0,147,147
0.9,single_risk,implementation_mechanism,16,2006,2023,17,2019.6214285714286,2020.0,140,140
0.9,single_risk,implementation_mechanism,9,2012,2023,11,2019.2613636363637,2019.0,88,88
0.9,single_risk,implementation_mechanism,17,2010,2023,13,2019.592356687898,2021.0,157,157
0.9,single_risk,implementation_mechanism,21,2006,2023,17,2021.2093023255813,2022.0,43,43
0.9,single_risk,implementation_mechanism,30,2014,2023,9,2019.8285714285714,2020.0,35,35
0.9,single_risk,implementation_mechanism,14,2012,2023,11,2019.8046875,2021.0,128,128
0.9,single_risk,implementation_mechanism,7,2013,2023,10,2020.5833333333333,2021.0,48,48
0.9,single_risk,implementation_mechanism,1,2013,2023,10,2019.388888888889,2019.0,36,36
0.9,single_risk,implementation_mechanism,4,2010,2023,13,2018.9928057553957,2020.0,139,141
0.9,single_risk,implementation_mechanism,23,2012,2023,11,2021.2,2022.0,10,10
0.9,single_risk,implementation_mechanism,31,2013,2023,10,2020.554347826087,2021.0,92,92
0.9,single_risk,implementation_mechanism,19,2011,2023,12,2020.8666666666666,2022.0,210,213
0.9,single_risk,implementation_mechanism,13,2013,2023,10,2021.065934065934,2022.0,91,92
0.9,single_risk,implementation_mechanism,20,2012,2023,11,2019.525,2019.0,40,40
0.9,single_risk,implementation_mechanism,29,2008,2023,15,2020.2142857142858,2022.0,70,70
0.9,single_risk,implementation_mechanism,3,2005,2023,18,2019.2991452991453,2020.0,117,117
0.9,single_risk,implementation_mechanism,27,2002,2023,21,2019.4554455445545,2020.0,101,101
0.9,single_risk,implementation_mechanism,6,2014,2023,9,2020.6776859504132,2021.0,121,121
0.9,single_risk,implementation_mechanism,22,2006,2023,17,2021.5432098765432,2022.0,81,81
0.9,single_risk,implementation_mechanism,8,2013,2023,10,2019.758064516129,2020.0,62,62
0.9,single_risk,implementation_mechanism,36,2016,2023,7,2019.892857142857,2020.0,28,28
0.9,single_risk,implementation_mechanism,26,2017,2023,6,2020.2972972972973,2020.0,37,37
0.9,single_risk,implementation_mechanism,11,2012,2023,11,2019.7272727272727,2019.0,22,22
0.9,single_risk,implementation_mechanism,2,2016,2023,7,2021.875,2022.0,64,64
0.9,single_risk,implementation_mechanism,34,2015,2023,8,2021.9782608695652,2023.0,46,50
0.9,single_risk,implementation_mechanism,28,2011,2023,12,2020.6666666666667,2021.0,33,34
0.9,single_risk,implementation_mechanism,10,2013,2023,10,2019.4807692307693,2021.0,52,52
0.9,single_risk,implementation_mechanism,0,2006,2023,17,2019.48,2020.0,25,25
0.9,single_risk,implementation_mechanism,32,2008,2023,15,2019.5483870967741,2021.0,31,31
0.9,single_risk,implementation_mechanism,25,2013,2022,9,2019.608695652174,2020.0,23,23
0.9,single_risk,implementation_mechanism,5,2015,2022,7,2019.388888888889,2019.5,18,18
0.9,single_risk,implementation_mechanism,18,2011,2022,11,2019.1666666666667,2021.0,12,12
0.9,single_risk,implementation_mechanism,37,2012,2022,10,2019.2222222222222,2020.0,18,18
0.9,single_risk,implementation_mechanism,35,2013,2023,10,2019.3214285714287,2019.5,28,28
0.9,single_risk,implementation_mechanism,33,2018,2023,5,2021.1875,2021.0,16,16
0.9,single_risk,implementation_mechanism,39,2020,2020,0,2020.0,2020.0,1,1
0.9,single_risk,validation_evidence,30,2013,2023,10,2019.83908045977,2020.0,87,87
0.9,single_risk,validation_evidence,11,2010,2023,13,2016.4,2017.5,20,20
0.9,single_risk,validation_evidence,1,2006,2023,17,2019.735294117647,2021.0,34,34
0.9,single_risk,validation_evidence,23,2018,2023,5,2021.9130434782608,2022.0,23,26
0.9,single_risk,validation_evidence,6,2015,2023,8,2021.8394160583941,2022.0,137,137
0.9,single_risk,validation_evidence,4,2015,2023,8,2020.5119047619048,2021.0,84,85
0.9,single_risk,validation_evidence,12,2006,2023,17,2019.94,2021.0,50,50
0.9,single_risk,validation_evidence,14,2012,2023,11,2019.8823529411766,2020.0,68,68
0.9,single_risk,validation_evidence,5,2009,2023,14,2019.2794117647059,2021.0,136,136
0.9,single_risk,validation_evidence,28,2019,2023,4,2022.0833333333333,2022.0,12,12
0.9,single_risk,validation_evidence,21,2012,2023,11,2018.844262295082,2019.0,122,122
0.9,single_risk,validation_evidence,33,2012,2023,11,2019.6527777777778,2020.0,72,72
0.9,single_risk,validation_evidence,36,2015,2023,8,2020.3636363636363,2021.0,33,33
0.9,single_risk,validation_evidence,13,2017,2023,6,2021.452380952381,2022.0,42,42
0.9,single_risk,validation_evidence,16,2014,2022,8,2019.551724137931,2019.0,116,116
0.9,single_risk,validation_evidence,20,2015,2023,8,2020.3428571428572,2021.0,35,35
0.9,single_risk,validation_evidence,8,2013,2023,10,2020.85,2022.0,40,40
0.9,single_risk,validation_evidence,37,2013,2023,10,2021.5051546391753,2022.0,97,99
0.9,single_risk,validation_evidence,38,2010,2023,13,2017.6739130434783,2018.5,46,46
0.9,single_risk,validation_evidence,3,2006,2023,17,2019.0,2020.0,78,78
0.9,single_risk,validation_evidence,7,2009,2023,14,2020.8271604938273,2022.0,81,83
0.9,single_risk,validation_evidence,9,2008,2023,15,2019.8060344827586,2020.0,232,232
0.9,single_risk,validation_evidence,0,2013,2023,10,2020.3362831858408,2021.0,113,113
0.9,single_risk,validation_evidence,2,2019,2023,4,2022.2752293577983,2023.0,109,110
0.9,single_risk,validation_evidence,29,2015,2023,8,2020.0862068965516,2021.0,58,58
0.9,single_risk,validation_evidence,17,2003,2022,19,2018.325,2019.0,80,80
0.9,single_risk,validation_evidence,22,2003,2023,20,2020.34375,2022.0,64,64
0.9,single_risk,validation_evidence,39,2010,2022,12,2016.1875,2016.0,16,16
0.9,single_risk,validation_evidence,35,2011,2023,12,2019.8372093023256,2021.0,43,43
0.9,single_risk,validation_evidence,24,2013,2023,10,2019.7808219178082,2020.0,73,74
0.9,single_risk,validation_evidence,19,2005,2023,18,2019.795918367347,2021.0,49,49
0.9,single_risk,validation_evidence,10,2013,2023,10,2019.7045454545455,2021.0,44,44
0.9,single_risk,validation_evidence,27,2016,2023,7,2020.32,2020.0,25,25
0.9,single_risk,validation_evidence,25,2002,2022,20,2017.7971014492753,2018.0,69,70
0.9,single_risk,validation_evidence,15,2018,2023,5,2021.107142857143,2021.0,28,28
0.9,single_risk,validation_evidence,34,2013,2023,10,2019.409090909091,2019.0,22,22
0.9,single_risk,validation_evidence,18,2018,2023,5,2020.6666666666667,2020.0,9,9
0.9,single_risk,validation_evidence,32,2018,2023,5,2021.5,2023.0,6,6
0.9,single_risk,validation_evidence,31,2020,2022,2,2021.0,2021.0,3,3
0.9,single_risk,validation_evidence,26,2021,2023,2,2022.0,2022.0,2,2
0.9,monotonic,risk,11,1994,2023,29,2018.4154929577464,2020.0,142,142
0.9,monotonic,risk,18,2003,2023,20,2017.9795918367347,2019.0,98,98
0.9,monotonic,risk,4,2009,2023,14,2019.2833333333333,2019.0,120,120
0.9,monotonic,risk,12,2006,2023,17,2021.5042016806722,2022.0,119,119
0.9,monotonic,risk,2,2013,2023,10,2020.5204081632653,2021.0,196,196
0.9,monotonic,risk,16,2011,2023,12,2020.1813186813188,2021.0,182,182
0.9,monotonic,risk,20,2009,2023,14,2021.090909090909,2022.0,99,100
0.9,monotonic,risk,15,2006,2023,17,2019.9130434782608,2020.0,115,115
0.9,monotonic,risk,9,2012,2023,11,2019.9137254901962,2020.0,255,255
0.9,monotonic,risk,27,2013,2023,10,2019.5961538461538,2019.0,104,104
0.9,monotonic,risk,23,2012,2023,11,2020.0514285714285,2020.0,175,175
0.9,monotonic,risk,8,2011,2023,12,2021.5860058309038,2022.0,343,345
0.9,monotonic,risk,19,2008,2023,15,2021.448275862069,2022.0,87,87
0.9,monotonic,risk,1,2012,2023,11,2019.8898305084747,2020.5,118,118
0.9,monotonic,risk,29,2016,2023,7,2021.0204081632653,2021.0,49,49
0.9,monotonic,risk,5,2003,2023,20,2019.702564102564,2021.0,195,195
0.9,monotonic,risk,6,2013,2023,10,2021.2105263157894,2022.0,266,268
0.9,monotonic,risk,14,2006,2023,17,2019.7537688442212,2020.0,199,199
0.9,monotonic,risk,10,2013,2023,10,2021.9655172413793,2023.0,29,29
0.9,monotonic,risk,30,2015,2023,8,2020.887323943662,2021.0,71,74
0.9,monotonic,risk,36,2002,2023,21,2019.0983606557377,2020.0,61,62
0.9,monotonic,risk,0,2014,2023,9,2021.032258064516,2022.0,62,62
0.9,monotonic,risk,21,2010,2023,13,2019.439024390244,2022.0,205,206
0.9,monotonic,risk,25,2016,2023,7,2022.0833333333333,2023.0,84,84
0.9,monotonic,risk,17,2014,2023,9,2021.2755102040817,2022.0,98,99
0.9,monotonic,risk,38,2011,2023,12,2021.37,2022.0,100,101
0.9,monotonic,risk,3,2010,2023,13,2021.2222222222222,2022.0,225,225
0.9,monotonic,risk,26,2011,2023,12,2020.027027027027,2021.0,111,111
0.9,monotonic,risk,34,2012,2023,11,2022.046875,2022.0,192,192
0.9,monotonic,risk,22,2012,2023,11,2021.2745098039215,2022.0,51,51
0.9,monotonic,risk,31,2015,2023,8,2020.4,2021.5,30,30
0.9,monotonic,risk,32,2008,2023,15,2019.340425531915,2021.0,47,47
0.9,monotonic,risk,24,2021,2023,2,2022.4146341463415,2023.0,41,41
0.9,monotonic,risk,33,2011,2023,12,2018.4897959183672,2018.0,49,49
0.9,monotonic,risk,35,2016,2023,7,2020.6829268292684,2022.0,41,41
0.9,monotonic,risk,28,2016,2023,7,2021.025641025641,2021.0,39,39
0.9,monotonic,risk,37,2010,2023,13,2018.3870967741937,2018.0,31,31
0.9,monotonic,risk,13,2014,2022,8,2020.1875,2020.5,16,16
0.9,monotonic,risk,39,2016,2022,6,2019.625,2020.0,24,24
0.9,monotonic,risk,7,2017,2023,6,2019.888888888889,2019.0,9,9
0.9,monotonic,intervention,33,2013,2023,10,2019.7692307692307,2020.0,52,52
0.9,monotonic,intervention,0,2003,2023,20,2018.1801801801803,2019.0,111,111
0.9,monotonic,intervention,3,2016,2023,7,2021.9779411764705,2022.0,136,136
0.9,monotonic,intervention,27,2014,2023,9,2019.8877551020407,2020.0,98,98
0.9,monotonic,intervention,39,2006,2023,17,2020.0975609756097,2020.0,205,205
0.9,monotonic,intervention,28,2006,2023,17,2020.3333333333333,2021.0,105,105
0.9,monotonic,intervention,25,2012,2023,11,2019.4651162790697,2020.0,86,86
0.9,monotonic,intervention,26,2012,2023,11,2020.8066037735848,2022.0,212,212
0.9,monotonic,intervention,19,2015,2023,8,2020.948717948718,2022.0,39,39
0.9,monotonic,intervention,35,2012,2023,11,2018.9135802469136,2019.0,81,81
0.9,monotonic,intervention,8,2012,2023,11,2020.3218390804598,2021.0,87,87
0.9,monotonic,intervention,9,2010,2023,13,2020.5394736842106,2021.0,76,76
0.9,monotonic,intervention,30,2018,2023,5,2021.6,2022.0,15,15
0.9,monotonic,intervention,21,2012,2023,11,2019.3225806451612,2020.0,31,31
0.9,monotonic,intervention,4,2003,2022,19,2019.0,2019.0,94,94
0.9,monotonic,intervention,22,2009,2023,14,2020.8846153846155,2022.0,182,183
0.9,monotonic,intervention,18,2013,2023,10,2020.7833333333333,2021.0,60,60
0.9,monotonic,intervention,6,2012,2023,11,2019.4772727272727,2020.0,220,220
0.9,monotonic,intervention,10,2014,2023,9,2021.3052631578948,2022.0,95,97
0.9,monotonic,intervention,23,2017,2023,6,2021.9583333333333,2022.0,48,48
0.9,monotonic,intervention,24,2008,2023,15,2020.5833333333333,2021.0,180,182
0.9,monotonic,intervention,5,2012,2023,11,2020.5833333333333,2021.5,36,36
0.9,monotonic,intervention,12,2012,2023,11,2020.12,2021.0,25,25
0.9,monotonic,intervention,17,2012,2023,11,2020.2045454545455,2020.0,44,44
0.9,monotonic,intervention,38,2011,2023,12,2015.3513513513512,2015.0,37,37
0.9,monotonic,intervention,1,2010,2023,13,2017.2698412698412,2017.0,63,65
0.9,monotonic,intervention,37,2015,2023,8,2022.179487179487,2023.0,39,43
0.9,monotonic,intervention,13,2005,2023,18,2019.9942857142858,2021.0,175,175
0.9,monotonic,intervention,16,1994,2023,29,2017.6612903225807,2018.5,62,62
0.9,monotonic,intervention,14,2015,2022,7,2019.9375,2020.0,16,16
0.9,monotonic,intervention,34,2013,2023,10,2018.0,2019.0,15,15
0.9,monotonic,intervention,36,2016,2023,7,2020.6666666666667,2021.0,27,27
0.9,monotonic,intervention,15,2002,2023,21,2018.35,2020.0,20,20
0.9,monotonic,intervention,11,2013,2022,9,2017.2,2016.0,10,10
0.9,monotonic,intervention,7,2013,2023,10,2019.5384615384614,2020.0,26,26
0.9,monotonic,intervention,32,2014,2023,9,2018.8666666666666,2019.0,15,15
0.9,monotonic,intervention,20,2015,2022,7,2020.611111111111,2022.0,18,18
0.9,monotonic,intervention,2,2010,2022,12,2019.235294117647,2020.0,17,17
0.9,monotonic,intervention,31,2022,2022,0,2022.0,2022.0,6,6
0.9,monotonic,intervention,29,2014,2023,9,2020.8,2023.0,5,5
0.9,monotonic,all_concepts,23,2010,2023,13,2018.698113207547,2019.0,159,159
0.9,monotonic,all_concepts,10,2003,2023,20,2017.1521739130435,2018.0,414,414
0.9,monotonic,all_concepts,22,2003,2023,20,2018.5267857142858,2020.0,224,224
0.9,monotonic,all_concepts,2,2012,2023,11,2020.4463414634147,2022.0,410,414
0.9,monotonic,all_concepts,25,2015,2023,8,2022.076923076923,2023.0,117,135
0.9,monotonic,all_concepts,20,2012,2023,11,2020.4545454545455,2021.0,341,341
0.9,monotonic,all_concepts,36,2006,2023,17,2020.8364485981308,2022.0,428,428
0.9,monotonic,all_concepts,16,2013,2023,10,2021.9691991786447,2022.0,487,487
0.9,monotonic,all_concepts,28,2002,2023,21,2018.7720739219712,2019.0,487,487
0.9,monotonic,all_concepts,5,2002,2023,21,2019.3616298811544,2020.0,1178,1179
0.9,monotonic,all_concepts,0,2002,2023,21,2018.265625,2019.0,64,68
0.9,monotonic,all_concepts,9,2014,2023,9,2021.4125874125873,2022.0,572,583
0.9,monotonic,all_concepts,34,2014,2023,9,2020.8208955223881,2021.0,134,134
0.9,monotonic,all_concepts,1,2006,2023,17,2020.020253164557,2022.0,1185,1192
0.9,monotonic,all_concepts,18,2008,2023,15,2020.8093434343434,2022.0,792,792
0.9,monotonic,all_concepts,27,2006,2023,17,2020.490671641791,2021.0,536,536
0.9,monotonic,all_concepts,15,2012,2023,11,2019.8062622309199,2021.0,511,511
0.9,monotonic,all_concepts,4,2012,2023,11,2019.6225425950197,2020.0,763,764
0.9,monotonic,all_concepts,14,2003,2023,20,2019.440251572327,2020.0,477,477
0.9,monotonic,all_concepts,33,2010,2023,13,2020.4099378881988,2022.0,161,161
0.9,monotonic,all_concepts,13,2011,2023,12,2019.5115961800818,2020.0,733,733
0.9,monotonic,all_concepts,26,2013,2023,10,2021.5,2022.0,62,62
0.9,monotonic,all_concepts,11,2009,2023,14,2021.0975609756097,2022.0,123,123
0.9,monotonic,all_concepts,17,2010,2023,13,2020.0570469798658,2020.0,298,298
0.9,monotonic,all_concepts,19,2010,2023,13,2020.0115942028986,2021.0,345,345
0.9,monotonic,all_concepts,6,2010,2023,13,2021.3249097472924,2022.0,277,277
0.9,monotonic,all_concepts,3,2012,2023,11,2020.015503875969,2021.0,258,258
0.9,monotonic,all_concepts,30,2005,2023,18,2019.559670781893,2021.0,243,243
0.9,monotonic,all_concepts,8,2013,2023,10,2020.7101449275362,2022.0,69,69
0.9,monotonic,all_concepts,37,2015,2023,8,2021.3636363636363,2022.0,22,22
0.9,monotonic,all_concepts,12,2013,2023,10,2020.5689655172414,2021.0,174,174
0.9,monotonic,all_concepts,24,2013,2023,10,2021.0111111111112,2022.0,90,90
0.9,monotonic,all_concepts,7,2006,2023,17,2021.3155339805826,2022.0,206,206
0.9,monotonic,all_concepts,21,2006,2023,17,2019.6666666666667,2020.0,45,45
0.9,monotonic,all_concepts,39,2013,2021,8,2017.6875,2017.0,16,16
0.9,monotonic,all_concepts,29,2018,2023,5,2021.4722222222222,2023.0,36,36
0.9,monotonic,all_concepts,38,2013,2023,10,2018.3636363636363,2017.0,11,11
0.9,monotonic,all_concepts,35,2012,2022,10,2019.655172413793,2020.0,58,58
0.9,monotonic,all_concepts,32,2022,2023,1,2022.04,2022.0,25,25
0.9,monotonic,all_concepts,31,2012,2023,11,2018.344827586207,2019.0,29,29
0.9,monotonic,problem_analysis,16,2006,2023,17,2019.1555555555556,2019.0,90,90
0.9,monotonic,problem_analysis,18,2014,2023,9,2018.128205128205,2018.0,39,40
0.9,monotonic,problem_analysis,37,2003,2023,20,2018.127659574468,2020.0,47,47
0.9,monotonic,problem_analysis,33,2013,2023,10,2021.2291666666667,2022.0,96,96
0.9,monotonic,problem_analysis,26,2006,2023,17,2020.1833333333334,2021.0,60,60
0.9,monotonic,problem_analysis,9,2010,2023,13,2019.7701149425288,2020.0,87,87
0.9,monotonic,problem_analysis,12,2008,2023,15,2020.0944206008583,2020.0,233,233
0.9,monotonic,problem_analysis,30,2018,2023,5,2021.7027027027027,2022.0,37,37
0.9,monotonic,problem_analysis,19,2012,2023,11,2019.173076923077,2019.0,52,52
0.9,monotonic,problem_analysis,3,2010,2023,13,2020.1467889908256,2022.0,218,218
0.9,monotonic,problem_analysis,38,2013,2023,10,2020.2,2021.0,65,65
0.9,monotonic,problem_analysis,8,2012,2023,11,2020.5604395604396,2022.0,91,92
0.9,monotonic,problem_analysis,4,2011,2023,12,2019.9285714285713,2021.0,84,84
0.9,monotonic,problem_analysis,23,2014,2023,9,2019.8039215686274,2020.0,102,102
0.9,monotonic,problem_analysis,10,2006,2023,17,2020.4806629834254,2022.0,181,181
0.9,monotonic,problem_analysis,11,2005,2023,18,2020.8849557522124,2022.0,113,116
0.9,monotonic,problem_analysis,2,2010,2023,13,2020.453125,2021.0,64,64
0.9,monotonic,problem_analysis,0,2003,2023,20,2018.873015873016,2019.5,126,126
0.9,monotonic,problem_analysis,5,2009,2023,14,2019.6875,2020.0,160,160
0.9,monotonic,problem_analysis,17,2010,2023,13,2021.1120689655172,2022.0,116,120
0.9,monotonic,problem_analysis,32,2017,2023,6,2020.8095238095239,2021.0,21,21
0.9,monotonic,problem_analysis,34,2013,2023,10,2019.842105263158,2021.0,57,57
0.9,monotonic,problem_analysis,35,2014,2023,9,2019.9193548387098,2021.0,62,62
0.9,monotonic,problem_analysis,1,2011,2023,12,2019.8139534883721,2020.0,43,43
0.9,monotonic,problem_analysis,25,2006,2023,17,2019.9791666666667,2021.0,48,48
0.9,monotonic,problem_analysis,27,2018,2023,5,2020.842105263158,2021.0,19,19
0.9,monotonic,problem_analysis,6,2014,2023,9,2022.139534883721,2023.0,43,43
0.9,monotonic,problem_analysis,24,2013,2023,10,2020.6716417910447,2022.0,67,67
0.9,monotonic,problem_analysis,31,2014,2023,9,2021.1818181818182,2022.5,22,22
0.9,monotonic,problem_analysis,36,2012,2023,11,2020.8651685393259,2022.0,89,90
0.9,monotonic,problem_analysis,15,2013,2023,10,2019.3866666666668,2020.0,75,75
0.9,monotonic,problem_analysis,29,2019,2023,4,2022.4285714285713,2023.0,21,21
0.9,monotonic,problem_analysis,21,2014,2023,9,2020.576923076923,2022.0,26,26
0.9,monotonic,problem_analysis,7,2010,2022,12,2019.3454545454545,2019.0,55,55
0.9,monotonic,problem_analysis,20,2009,2023,14,2018.9444444444443,2019.5,18,18
0.9,monotonic,problem_analysis,28,2015,2023,8,2020.5238095238096,2022.0,63,63
0.9,monotonic,problem_analysis,14,2015,2023,8,2021.16,2022.0,25,25
0.9,monotonic,problem_analysis,13,2010,2023,13,2021.6438356164383,2022.0,73,73
0.9,monotonic,problem_analysis,39,2013,2022,9,2017.25,2016.5,8,8
0.9,monotonic,problem_analysis,22,2002,2023,21,2019.047619047619,2020.0,42,42
0.9,monotonic,theoretical_insight,10,2012,2023,11,2018.909090909091,2020.0,33,33
0.9,monotonic,theoretical_insight,35,2018,2023,5,2022.15,2023.0,20,23
0.9,monotonic,theoretical_insight,14,2012,2023,11,2020.8222222222223,2022.0,90,92
0.9,monotonic,theoretical_insight,26,2006,2023,17,2018.5833333333333,2019.5,24,24
0.9,monotonic,theoretical_insight,20,2012,2023,11,2020.3387096774193,2021.0,62,62
0.9,monotonic,theoretical_insight,0,2012,2023,11,2020.4772727272727,2021.0,44,44
0.9,monotonic,theoretical_insight,28,2009,2023,14,2020.2627118644068,2021.0,118,118
0.9,monotonic,theoretical_insight,15,2010,2023,13,2019.546875,2020.0,64,64
0.9,monotonic,theoretical_insight,27,2011,2023,12,2020.2206896551725,2022.0,145,145
0.9,monotonic,theoretical_insight,33,2017,2023,6,2021.75,2022.0,16,16
0.9,monotonic,theoretical_insight,32,2012,2023,11,2019.8227848101267,2020.0,79,79
0.9,monotonic,theoretical_insight,12,2012,2023,11,2020.155737704918,2021.0,122,122
0.9,monotonic,theoretical_insight,8,2010,2023,13,2019.4943820224719,2020.0,89,89
0.9,monotonic,theoretical_insight,19,2012,2023,11,2020.4,2020.0,65,65
0.9,monotonic,theoretical_insight,21,2006,2023,17,2019.8148148148148,2020.0,27,27
0.9,monotonic,theoretical_insight,22,2013,2023,10,2019.9565217391305,2021.0,46,46
0.9,monotonic,theoretical_insight,34,2014,2023,9,2019.6261682242991,2019.0,107,107
0.9,monotonic,theoretical_insight,39,2017,2023,6,2021.7368421052631,2022.0,38,38
0.9,monotonic,theoretical_insight,7,2003,2023,20,2017.725,2018.0,80,80
0.9,monotonic,theoretical_insight,1,2005,2023,18,2020.679802955665,2022.0,203,206
0.9,monotonic,theoretical_insight,5,2013,2023,10,2020.2539682539682,2020.0,63,63
0.9,monotonic,theoretical_insight,4,2006,2023,17,2019.7349397590363,2020.0,83,83
0.9,monotonic,theoretical_insight,9,2012,2023,11,2021.85,2022.0,60,60
0.9,monotonic,theoretical_insight,16,2015,2023,8,2020.4883720930231,2021.0,43,43
0.9,monotonic,theoretical_insight,2,2006,2023,17,2019.5673076923076,2020.0,104,104
0.9,monotonic,theoretical_insight,11,2014,2023,9,2021.25,2022.0,56,56
0.9,monotonic,theoretical_insight,36,2012,2022,10,2019.8,2021.0,25,25
0.9,monotonic,theoretical_insight,13,2009,2023,14,2018.4179104477612,2019.0,67,67
0.9,monotonic,theoretical_insight,29,2020,2023,3,2022.1904761904761,2023.0,21,21
0.9,monotonic,theoretical_insight,18,2014,2023,9,2020.351851851852,2021.0,54,54
0.9,monotonic,theoretical_insight,3,2011,2023,12,2019.8961038961038,2020.0,77,77
0.9,monotonic,theoretical_insight,6,2015,2023,8,2020.9538461538461,2021.0,65,65
0.9,monotonic,theoretical_insight,31,2012,2023,11,2018.7619047619048,2020.0,21,21
0.9,monotonic,theoretical_insight,17,2002,2022,20,2019.179487179487,2020.0,39,39
0.9,monotonic,theoretical_insight,38,2010,2023,13,2016.5185185185185,2016.0,27,27
0.9,monotonic,theoretical_insight,37,2010,2023,13,2019.3720930232557,2020.0,43,43
0.9,monotonic,theoretical_insight,25,2012,2023,11,2018.5384615384614,2019.0,26,26
0.9,monotonic,theoretical_insight,24,2008,2023,15,2019.5,2021.0,12,12
0.9,monotonic,theoretical_insight,23,2023,2023,0,2023.0,2023.0,4,4
0.9,monotonic,theoretical_insight,30,2022,2023,1,2022.7142857142858,2023.0,7,7
0.9,monotonic,design_rationale,27,2014,2023,9,2019.3541666666667,2020.0,48,48
0.9,monotonic,design_rationale,20,2005,2023,18,2018.3703703703704,2019.0,54,54
0.9,monotonic,design_rationale,34,2006,2022,16,2015.9512195121952,2014.0,41,41
0.9,monotonic,design_rationale,7,2006,2023,17,2020.4393063583816,2021.0,173,173
0.9,monotonic,design_rationale,6,2012,2023,11,2019.774193548387,2020.0,155,155
0.9,monotonic,design_rationale,21,2014,2023,9,2020.5263157894738,2021.0,38,38
0.9,monotonic,design_rationale,10,2006,2023,17,2019.0520833333333,2019.0,96,97
0.9,monotonic,design_rationale,39,2011,2023,12,2019.6711409395973,2021.0,149,150
0.9,monotonic,design_rationale,24,2012,2023,11,2019.8105263157895,2020.0,95,95
0.9,monotonic,design_rationale,28,2008,2023,15,2019.9565217391305,2021.0,23,23
0.9,monotonic,design_rationale,11,2012,2023,11,2019.0833333333333,2019.0,108,108
0.9,monotonic,design_rationale,13,2012,2023,11,2020.84,2021.0,25,25
0.9,monotonic,design_rationale,17,2003,2023,20,2020.0866141732283,2021.0,127,127
0.9,monotonic,design_rationale,1,2012,2023,11,2020.25,2021.0,104,104
0.9,monotonic,design_rationale,22,2014,2023,9,2019.5333333333333,2020.0,15,15
0.9,monotonic,design_rationale,19,2013,2023,10,2021.5673076923076,2022.0,104,106
0.9,monotonic,design_rationale,38,2013,2023,10,2021.0526315789473,2022.0,57,57
0.9,monotonic,design_rationale,3,2013,2022,9,2018.7272727272727,2018.0,44,44
0.9,monotonic,design_rationale,2,2010,2023,13,2019.5886524822695,2020.0,141,141
0.9,monotonic,design_rationale,18,2018,2023,5,2020.896551724138,2021.0,29,29
0.9,monotonic,design_rationale,29,2015,2023,8,2021.6774193548388,2022.0,31,31
0.9,monotonic,design_rationale,36,2013,2023,10,2018.8163265306123,2019.0,49,49
0.9,monotonic,design_rationale,35,2008,2023,15,2018.9354838709678,2019.0,31,31
0.9,monotonic,design_rationale,14,2012,2023,11,2020.7047619047619,2022.0,105,106
0.9,monotonic,design_rationale,15,2017,2023,6,2021.3846153846155,2022.0,26,26
0.9,monotonic,design_rationale,31,2018,2023,5,2022.25,2023.0,28,32
0.9,monotonic,design_rationale,25,2011,2023,12,2019.8235294117646,2021.0,51,51
0.9,monotonic,design_rationale,4,2003,2023,20,2020.0,2020.5,46,46
0.9,monotonic,design_rationale,0,2017,2023,6,2021.3934426229507,2022.0,61,61
0.9,monotonic,design_rationale,9,2016,2023,7,2020.5185185185185,2021.0,81,81
0.9,monotonic,design_rationale,8,2006,2023,17,2019.6792452830189,2021.0,53,53
0.9,monotonic,design_rationale,16,2002,2023,21,2019.05,2021.0,20,20
0.9,monotonic,design_rationale,33,2017,2023,6,2021.0666666666666,2021.0,15,15
0.9,monotonic,design_rationale,37,2016,2022,6,2019.9333333333334,2020.0,15,15
0.9,monotonic,design_rationale,12,2015,2023,8,2020.45,2021.0,20,20
0.9,monotonic,design_rationale,32,2018,2023,5,2021.5,2022.0,8,8
0.9,monotonic,design_rationale,23,2010,2023,13,2021.3333333333333,2022.0,36,36
0.9,monotonic,design_rationale,26,2009,2023,14,2018.2,2019.0,20,20
0.9,monotonic,design_rationale,5,2018,2023,5,2020.9444444444443,2021.0,18,18
0.9,monotonic,design_rationale,30,2018,2023,5,2021.421052631579,2022.0,19,19
0.9,monotonic,implementation_mechanism,33,2013,2023,10,2019.9512195121952,2020.0,41,41
0.9,monotonic,implementation_mechanism,13,2003,2023,20,2018.2615384615385,2018.0,65,66
0.9,monotonic,implementation_mechanism,9,2003,2023,20,2017.625,2018.0,80,80
0.9,monotonic,implementation_mechanism,7,2009,2023,14,2021.463687150838,2022.0,179,179
0.9,monotonic,implementation_mechanism,31,2006,2023,17,2019.725,2020.0,120,120
0.9,monotonic,implementation_mechanism,16,2012,2023,11,2019.2676056338028,2019.0,71,71
0.9,monotonic,implementation_mechanism,3,2010,2023,13,2019.7319587628865,2022.0,194,194
0.9,monotonic,implementation_mechanism,36,2006,2023,17,2021.3695652173913,2022.0,46,46
0.9,monotonic,implementation_mechanism,5,2010,2023,13,2019.7534246575342,2020.0,73,73
0.9,monotonic,implementation_mechanism,34,2016,2023,7,2020.0,2020.0,24,24
0.9,monotonic,implementation_mechanism,18,2012,2023,11,2019.5882352941176,2020.0,119,119
0.9,monotonic,implementation_mechanism,1,2008,2023,15,2020.2602739726028,2021.0,73,73
0.9,monotonic,implementation_mechanism,38,2016,2022,6,2019.111111111111,2019.0,27,27
0.9,monotonic,implementation_mechanism,19,2012,2023,11,2019.875,2020.0,88,88
0.9,monotonic,implementation_mechanism,35,2012,2023,11,2021.2,2022.0,10,10
0.9,monotonic,implementation_mechanism,24,2013,2023,10,2020.5869565217392,2021.5,92,92
0.9,monotonic,implementation_mechanism,22,2013,2023,10,2021.142857142857,2022.0,133,136
0.9,monotonic,implementation_mechanism,15,2013,2023,10,2020.9775280898875,2022.0,89,89
0.9,monotonic,implementation_mechanism,12,2005,2022,17,2017.9615384615386,2019.0,78,79
0.9,monotonic,implementation_mechanism,0,2008,2023,15,2020.919642857143,2022.0,112,116
0.9,monotonic,implementation_mechanism,8,2002,2023,21,2019.0892857142858,2019.0,56,56
0.9,monotonic,implementation_mechanism,39,2014,2023,9,2020.8522727272727,2021.0,88,88
0.9,monotonic,implementation_mechanism,6,2012,2023,11,2019.1739130434783,2019.0,69,69
0.9,monotonic,implementation_mechanism,2,2006,2023,17,2021.095744680851,2022.0,94,94
0.9,monotonic,implementation_mechanism,11,2014,2023,9,2019.5652173913043,2019.0,23,23
0.9,monotonic,implementation_mechanism,10,2011,2022,11,2018.8181818181818,2021.0,11,11
0.9,monotonic,implementation_mechanism,23,2017,2023,6,2020.3589743589744,2020.0,39,39
0.9,monotonic,implementation_mechanism,32,2018,2023,5,2020.9117647058824,2021.0,34,34
0.9,monotonic,implementation_mechanism,20,2011,2023,12,2020.7083333333333,2022.0,48,49
0.9,monotonic,implementation_mechanism,21,2013,2023,10,2019.139534883721,2021.0,43,43
0.9,monotonic,implementation_mechanism,4,2006,2022,16,2019.4,2020.0,100,100
0.9,monotonic,implementation_mechanism,27,2016,2023,7,2020.2380952380952,2020.0,21,21
0.9,monotonic,implementation_mechanism,14,2012,2023,11,2020.72,2021.0,25,25
0.9,monotonic,implementation_mechanism,25,2015,2023,8,2020.6363636363637,2022.0,11,11
0.9,monotonic,implementation_mechanism,30,2018,2023,5,2020.3636363636363,2021.0,11,11
0.9,monotonic,implementation_mechanism,17,2012,2022,10,2019.3793103448277,2020.0,29,29
0.9,monotonic,implementation_mechanism,29,2015,2022,7,2019.7222222222222,2020.0,18,18
0.9,monotonic,implementation_mechanism,37,2018,2022,4,2020.1875,2020.0,16,16
0.9,monotonic,implementation_mechanism,26,2013,2023,10,2019.483870967742,2020.0,31,31
0.9,monotonic,implementation_mechanism,28,2018,2023,5,2021.1333333333334,2021.0,15,15
0.9,monotonic,validation_evidence,33,2013,2022,9,2019.6375,2020.0,80,80
0.9,monotonic,validation_evidence,7,2010,2023,13,2016.611111111111,2016.0,18,18
0.9,monotonic,validation_evidence,35,2012,2023,11,2020.2105263157894,2021.0,19,19
0.9,monotonic,validation_evidence,31,2018,2023,5,2021.857142857143,2022.0,21,24
0.9,monotonic,validation_evidence,14,2003,2023,20,2019.6857142857143,2020.0,210,210
0.9,monotonic,validation_evidence,18,2015,2023,8,2021.4920634920634,2022.0,63,63
0.9,monotonic,validation_evidence,15,2014,2023,9,2020.35,2020.5,80,81
0.9,monotonic,validation_evidence,11,2006,2023,17,2020.2089552238806,2021.0,67,67
0.9,monotonic,validation_evidence,0,2012,2023,11,2019.9298245614036,2020.0,57,57
0.9,monotonic,validation_evidence,5,2009,2023,14,2019.2380952380952,2021.0,126,126
0.9,monotonic,validation_evidence,22,2019,2023,4,2022.0833333333333,2022.0,12,12
0.9,monotonic,validation_evidence,27,2002,2022,20,2017.8181818181818,2019.0,66,67
0.9,monotonic,validation_evidence,13,2012,2023,11,2019.2156862745098,2020.0,102,102
0.9,monotonic,validation_evidence,38,2012,2023,11,2019.1860465116279,2019.0,43,43
0.9,monotonic,validation_evidence,24,2012,2023,11,2020.0,2021.0,115,115
0.9,monotonic,validation_evidence,6,2013,2023,10,2021.4545454545455,2022.0,121,124
0.9,monotonic,validation_evidence,9,2010,2023,13,2019.2043795620439,2019.0,137,137
0.9,monotonic,validation_evidence,21,2015,2023,8,2020.16,2021.0,25,25
0.9,monotonic,validation_evidence,25,2013,2023,10,2021.2962962962963,2022.0,27,27
0.9,monotonic,validation_evidence,30,2006,2023,17,2019.4,2021.0,20,20
0.9,monotonic,validation_evidence,20,2006,2023,17,2019.027027027027,2020.0,74,74
0.9,monotonic,validation_evidence,1,2010,2023,13,2021.6344086021506,2022.0,93,93
0.9,monotonic,validation_evidence,19,2009,2023,14,2020.6923076923076,2022.0,65,65
0.9,monotonic,validation_evidence,12,2019,2023,4,2022.2577319587629,2023.0,97,97
0.9,monotonic,validation_evidence,23,2019,2023,4,2021.4583333333333,2022.0,24,24
0.9,monotonic,validation_evidence,4,2006,2023,17,2018.9318181818182,2019.0,88,88
0.9,monotonic,validation_evidence,28,2003,2023,20,2020.2295081967213,2022.0,61,61
0.9,monotonic,validation_evidence,16,2010,2023,13,2016.3809523809523,2015.0,42,42
0.9,monotonic,validation_evidence,10,2013,2023,10,2019.775,2020.0,80,81
0.9,monotonic,validation_evidence,34,2003,2023,20,2019.3478260869565,2021.0,46,46
0.9,monotonic,validation_evidence,3,2013,2023,10,2020.158536585366,2021.0,82,82
0.9,monotonic,validation_evidence,36,2016,2023,7,2020.32,2020.0,25,25
0.9,monotonic,validation_evidence,17,2013,2023,10,2019.8684210526317,2020.0,38,38
0.9,monotonic,validation_evidence,39,2019,2023,4,2021.0,2021.0,8,8
0.9,monotonic,validation_evidence,29,2018,2023,5,2021.3783783783783,2022.0,37,37
0.9,monotonic,validation_evidence,26,2011,2023,12,2020.608695652174,2021.0,46,46
0.9,monotonic,validation_evidence,37,2013,2023,10,2019.8333333333333,2021.0,36,36
0.9,monotonic,validation_evidence,2,2013,2023,10,2020.258064516129,2020.0,31,31
0.9,monotonic,validation_evidence,8,2018,2023,5,2019.8333333333333,2020.0,12,12
0.9,monotonic,validation_evidence,32,2014,2023,9,2019.75,2021.0,4,4
0.9,both,risk,10,2006,2023,17,2018.5384615384614,2020.0,78,78
0.9,both,risk,22,2003,2023,20,2017.7605633802816,2019.0,71,71
0.9,both,risk,9,1994,2023,29,2018.7927927927929,2020.0,111,111
0.9,both,risk,20,2014,2023,9,2020.2941176470588,2021.0,85,85
0.9,both,risk,13,2003,2023,20,2019.4949494949494,2021.0,99,99
0.9,both,risk,29,2012,2023,11,2020.0866666666666,2020.0,150,150
0.9,both,risk,32,2010,2023,13,2020.8240740740741,2022.0,108,110
0.9,both,risk,18,2012,2023,11,2020.0537634408602,2021.0,93,93
0.9,both,risk,39,2008,2023,15,2021.4848484848485,2022.0,33,33
0.9,both,risk,6,2012,2023,11,2020.0645161290322,2020.0,124,124
0.9,both,risk,21,2013,2023,10,2019.1153846153845,2019.0,26,26
0.9,both,risk,17,2015,2023,8,2019.6610169491526,2020.0,59,59
0.9,both,risk,3,2013,2023,10,2021.3511904761904,2022.0,168,170
0.9,both,risk,12,2006,2023,17,2020.1224489795918,2021.0,98,98
0.9,both,risk,28,2014,2023,9,2020.837837837838,2022.0,37,38
0.9,both,risk,35,2006,2023,17,2019.3584905660377,2019.0,106,106
0.9,both,risk,33,2013,2023,10,2022.0,2023.0,20,20
0.9,both,risk,11,2013,2023,10,2020.98,2022.0,100,100
0.9,both,risk,5,2006,2023,17,2021.078125,2022.0,64,64
0.9,both,risk,4,2013,2023,10,2020.0108695652175,2020.0,92,92
0.9,both,risk,27,2006,2022,16,2018.9444444444443,2019.5,72,72
0.9,both,risk,1,2002,2023,21,2019.0740740740741,2020.0,54,55
0.9,both,risk,24,2014,2023,9,2019.5604395604396,2019.0,91,91
0.9,both,risk,30,2012,2022,10,2019.107142857143,2019.5,28,28
0.9,both,risk,25,2017,2023,6,2021.5510204081634,2022.0,49,49
0.9,both,risk,0,2011,2023,12,2019.3695652173913,2020.5,46,46
0.9,both,risk,38,2013,2023,10,2018.5666666666666,2019.0,30,30
0.9,both,risk,23,2012,2023,11,2021.0919540229886,2022.0,87,88
0.9,both,risk,26,2013,2023,10,2019.9857142857143,2020.5,70,70
0.9,both,risk,8,2015,2023,8,2021.280701754386,2022.0,57,60
0.9,both,risk,7,2012,2023,11,2022.0662983425414,2022.0,181,181
0.9,both,risk,14,2011,2023,12,2020.2386363636363,2021.5,88,88
0.9,both,risk,36,2018,2023,5,2021.1333333333334,2022.0,15,15
0.9,both,risk,19,2010,2023,13,2018.2631578947369,2018.0,57,57
0.9,both,risk,15,2016,2023,7,2021.03125,2021.0,32,32
0.9,both,risk,16,2018,2022,4,2019.8181818181818,2020.0,11,11
0.9,both,risk,2,2016,2023,7,2020.25,2020.5,20,20
0.9,both,risk,31,2017,2023,6,2020.142857142857,2021.0,7,7
0.9,both,risk,34,2019,2021,2,2020.5,2021.0,4,4
0.9,both,risk,37,2019,2019,0,2019.0,2019.0,1,1
0.9,both,intervention,32,2013,2023,10,2019.8235294117646,2020.0,51,51
0.9,both,intervention,0,2003,2023,20,2018.1926605504586,2020.0,109,109
0.9,both,intervention,8,2015,2023,8,2021.9602649006622,2023.0,151,151
0.9,both,intervention,9,2014,2023,9,2019.8461538461538,2020.0,104,105
0.9,both,intervention,27,2006,2023,17,2019.7920353982302,2020.0,226,226
0.9,both,intervention,12,2012,2023,11,2019.5865384615386,2020.0,104,104
0.9,both,intervention,17,2012,2023,11,2021.1,2022.0,90,90
0.9,both,intervention,21,2015,2023,8,2020.9736842105262,2022.0,38,38
0.9,both,intervention,34,2012,2023,11,2019.0740740740741,2020.0,81,81
0.9,both,intervention,30,2012,2023,11,2020.5185185185185,2021.0,81,81
0.9,both,intervention,29,2010,2023,13,2020.5,2021.0,64,64
0.9,both,intervention,26,2012,2023,11,2018.5652173913043,2019.0,23,23
0.9,both,intervention,16,2013,2023,10,2020.5,2021.0,98,99
0.9,both,intervention,4,1994,2022,28,2018.298076923077,2019.0,104,104
0.9,both,intervention,1,2009,2023,14,2020.868131868132,2022.0,182,184
0.9,both,intervention,20,2013,2023,10,2020.6363636363637,2021.0,77,77
0.9,both,intervention,6,2006,2023,17,2019.4109589041095,2020.0,73,73
0.9,both,intervention,18,2017,2023,6,2019.8524590163934,2020.0,61,61
0.9,both,intervention,3,2014,2023,9,2020.875,2022.0,104,105
0.9,both,intervention,10,2016,2023,7,2020.9512195121952,2022.0,41,41
0.9,both,intervention,11,2008,2023,15,2020.6167664670659,2022.0,167,168
0.9,both,intervention,7,2012,2023,11,2020.3191489361702,2021.0,47,47
0.9,both,intervention,5,2011,2023,12,2019.6774193548388,2021.0,186,186
0.9,both,intervention,14,2006,2023,17,2017.1142857142856,2017.0,70,71
0.9,both,intervention,39,2015,2023,8,2022.175,2023.0,40,44
0.9,both,intervention,2,2005,2023,18,2019.880503144654,2021.0,159,159
0.9,both,intervention,38,2013,2023,10,2018.0625,2019.0,16,16
0.9,both,intervention,15,2012,2022,10,2019.23,2019.5,100,100
0.9,both,intervention,36,2015,2022,7,2020.0,2020.0,17,17
0.9,both,intervention,28,2002,2022,20,2017.6666666666667,2019.0,27,27
0.9,both,intervention,13,2013,2023,10,2019.64,2020.0,25,25
0.9,both,intervention,23,2018,2023,5,2022.2121212121212,2023.0,33,33
0.9,both,intervention,25,2020,2023,3,2021.9444444444443,2022.0,18,18
0.9,both,intervention,19,2013,2022,9,2017.4,2018.0,5,5
0.9,both,intervention,33,2013,2023,10,2019.5384615384614,2020.0,26,26
0.9,both,intervention,31,2015,2022,7,2020.611111111111,2022.0,18,18
0.9,both,intervention,24,2010,2022,12,2019.0,2019.0,13,13
0.9,both,intervention,22,2020,2022,2,2021.142857142857,2021.0,7,7
0.9,both,intervention,37,2014,2023,9,2020.8,2023.0,5,5
0.9,both,intervention,35,2020,2020,0,2020.0,2020.0,4,4
0.9,both,all_concepts,33,2010,2023,13,2018.7172413793103,2019.0,145,145
0.9,both,all_concepts,4,2003,2023,20,2017.2232558139535,2018.0,430,430
0.9,both,all_concepts,15,2002,2023,21,2018.5217391304348,2019.0,552,553
0.9,both,all_concepts,10,2012,2023,11,2020.531506849315,2022.0,365,369
0.9,both,all_concepts,22,2015,2023,8,2021.5714285714287,2022.0,133,151
0.9,both,all_concepts,20,2009,2023,14,2019.9490445859872,2020.0,314,314
0.9,both,all_concepts,16,2006,2023,17,2020.9243119266055,2022.0,436,436
0.9,both,all_concepts,2,2012,2023,11,2021.9513513513514,2022.0,555,555
0.9,both,all_concepts,19,2003,2023,20,2019.7110778443114,2020.0,668,668
0.9,both,all_concepts,12,2006,2023,17,2019.607390300231,2020.0,433,433
0.9,both,all_concepts,32,2006,2023,17,2021.2994454713494,2022.0,541,552
0.9,both,all_concepts,1,2010,2023,13,2020.5530085959886,2021.0,349,349
0.9,both,all_concepts,14,2008,2023,15,2020.755700325733,2022.0,614,614
0.9,both,all_concepts,7,2009,2023,14,2020.0534482758621,2022.0,1160,1167
0.9,both,all_concepts,18,2006,2023,17,2020.4565656565655,2021.0,495,495
0.9,both,all_concepts,11,2012,2023,11,2019.924024640657,2021.0,487,487
0.9,both,all_concepts,3,2012,2023,11,2019.5467706013362,2019.5,898,899
0.9,both,all_concepts,38,2010,2023,13,2019.7178423236514,2020.0,241,241
0.9,both,all_concepts,26,2010,2023,13,2020.4367088607594,2022.0,158,158
0.9,both,all_concepts,0,2010,2023,13,2019.5369595536959,2020.0,717,717
0.9,both,all_concepts,17,2014,2023,9,2021.8846153846155,2023.0,52,52
0.9,both,all_concepts,37,2015,2023,8,2021.7,2022.0,40,40
0.9,both,all_concepts,39,2009,2023,14,2021.3052631578948,2022.0,95,95
0.9,both,all_concepts,9,2006,2023,17,2021.6709677419356,2023.0,310,310
0.9,both,all_concepts,6,2006,2023,17,2019.5243161094224,2020.0,658,658
0.9,both,all_concepts,29,2012,2023,11,2019.8067226890757,2020.0,238,238
0.9,both,all_concepts,8,2005,2023,18,2019.5770750988142,2021.0,253,253
0.9,both,all_concepts,28,2013,2023,10,2020.709090909091,2022.0,55,55
0.9,both,all_concepts,5,2014,2023,9,2020.6268656716418,2021.0,201,201
0.9,both,all_concepts,25,2011,2023,12,2019.6777777777777,2021.0,180,180
0.9,both,all_concepts,24,2018,2022,4,2020.0,2020.0,40,40
0.9,both,all_concepts,21,2006,2023,17,2019.9444444444443,2021.0,36,36
0.9,both,all_concepts,30,2003,2023,20,2018.4257425742574,2020.0,101,101
0.9,both,all_concepts,23,2013,2021,8,2017.6875,2017.0,16,16
0.9,both,all_concepts,13,2016,2023,7,2020.95530726257,2021.0,179,179
0.9,both,all_concepts,35,2010,2022,12,2017.735294117647,2019.0,34,38
0.9,both,all_concepts,27,2015,2023,8,2020.157894736842,2021.0,19,19
0.9,both,all_concepts,36,2002,2023,21,2018.967213114754,2019.0,61,61
0.9,both,all_concepts,34,2016,2023,7,2021.1904761904761,2021.5,42,42
0.9,both,all_concepts,31,2014,2023,9,2019.764705882353,2020.0,17,17
0.9,both,problem_analysis,14,2006,2023,17,2019.3009708737864,2020.0,103,103
0.9,both,problem_analysis,21,2014,2023,9,2018.2162162162163,2018.0,37,38
0.9,both,problem_analysis,26,2003,2023,20,2017.2051282051282,2019.0,39,39
0.9,both,problem_analysis,0,2006,2023,17,2019.8915662650602,2021.0,83,83
0.9,both,problem_analysis,36,2010,2023,13,2019.8072289156626,2020.0,83,83
0.9,both,problem_analysis,13,2015,2023,8,2021.2631578947369,2022.0,57,57
0.9,both,problem_analysis,16,2011,2023,12,2019.6813186813188,2020.0,91,91
0.9,both,problem_analysis,5,2011,2023,12,2020.2275449101796,2022.0,167,167
0.9,both,problem_analysis,31,2012,2023,11,2020.3977272727273,2021.0,88,88
0.9,both,problem_analysis,34,2010,2023,13,2020.0421686746988,2020.0,166,166
0.9,both,problem_analysis,27,2012,2023,11,2018.8837209302326,2019.0,43,43
0.9,both,problem_analysis,1,2012,2023,11,2019.8815789473683,2020.0,76,76
0.9,both,problem_analysis,29,2014,2023,9,2019.8529411764705,2020.0,102,102
0.9,both,problem_analysis,20,2006,2023,17,2020.4352941176471,2022.0,170,170
0.9,both,problem_analysis,12,2011,2023,12,2018.6666666666667,2019.5,30,30
0.9,both,problem_analysis,3,2006,2023,17,2021.0900900900901,2022.0,111,114
0.9,both,problem_analysis,25,2010,2023,13,2020.625,2021.0,64,64
0.9,both,problem_analysis,15,2003,2023,20,2018.851851851852,2019.0,108,108
0.9,both,problem_analysis,23,2013,2023,10,2021.2018348623853,2022.0,109,113
0.9,both,problem_analysis,39,2002,2023,21,2018.938775510204,2020.0,49,49
0.9,both,problem_analysis,4,2016,2023,7,2020.409090909091,2020.5,22,22
0.9,both,problem_analysis,7,2009,2023,14,2021.0941176470587,2022.0,85,85
0.9,both,problem_analysis,24,2014,2023,9,2020.0655737704917,2021.0,61,61
0.9,both,problem_analysis,8,2009,2023,14,2019.7739726027398,2020.0,146,146
0.9,both,problem_analysis,32,2014,2023,9,2020.8260869565217,2022.0,23,23
0.9,both,problem_analysis,9,2010,2022,12,2019.4814814814815,2019.5,54,54
0.9,both,problem_analysis,30,2018,2023,5,2020.95,2021.5,20,20
0.9,both,problem_analysis,28,2013,2023,10,2020.3970588235295,2022.0,68,68
0.9,both,problem_analysis,10,2013,2023,10,2020.6818181818182,2021.0,88,88
0.9,both,problem_analysis,33,2014,2023,9,2020.9615384615386,2022.0,26,26
0.9,both,problem_analysis,17,2010,2023,13,2020.2916666666667,2022.0,120,121
0.9,both,problem_analysis,11,2013,2023,10,2019.3698630136987,2020.0,73,73
0.9,both,problem_analysis,6,2019,2023,4,2022.3714285714286,2023.0,35,36
0.9,both,problem_analysis,19,2011,2023,12,2019.851851851852,2020.0,27,27
0.9,both,problem_analysis,37,2014,2023,9,2020.6875,2022.0,16,16
0.9,both,problem_analysis,38,2016,2022,6,2019.3333333333333,2020.0,6,6
0.9,both,problem_analysis,22,2015,2023,8,2020.6181818181817,2022.0,55,55
0.9,both,problem_analysis,2,2010,2023,13,2021.8,2022.0,55,55
0.9,both,problem_analysis,18,2005,2023,18,2019.5263157894738,2021.0,19,19
0.9,both,problem_analysis,35,2010,2023,13,2022.0,2023.0,32,32
0.9,both,theoretical_insight,10,2003,2023,20,2017.695652173913,2018.0,92,92
0.9,both,theoretical_insight,35,2018,2023,5,2022.15,2023.0,20,23
0.9,both,theoretical_insight,0,2012,2023,11,2020.7802197802198,2022.0,91,93
0.9,both,theoretical_insight,29,2006,2023,17,2018.7916666666667,2020.0,24,24
0.9,both,theoretical_insight,26,2011,2023,12,2020.0704225352113,2022.0,142,142
0.9,both,theoretical_insight,39,2015,2023,8,2020.7073170731708,2021.0,41,41
0.9,both,theoretical_insight,7,2009,2023,14,2020.3866666666668,2021.0,150,150
0.9,both,theoretical_insight,21,2010,2023,13,2019.3898305084747,2020.0,59,59
0.9,both,theoretical_insight,23,2017,2023,6,2021.6666666666667,2022.0,15,15
0.9,both,theoretical_insight,1,2012,2023,11,2020.2073170731708,2021.0,164,164
0.9,both,theoretical_insight,9,2010,2023,13,2019.576923076923,2020.0,78,78
0.9,both,theoretical_insight,22,2012,2023,11,2020.3263157894737,2020.0,95,95
0.9,both,theoretical_insight,27,2006,2023,17,2019.84,2020.0,25,25
0.9,both,theoretical_insight,25,2013,2023,10,2019.9565217391305,2021.0,46,46
0.9,both,theoretical_insight,14,2014,2023,9,2019.7844827586207,2019.0,116,116
0.9,both,theoretical_insight,32,2016,2023,7,2021.4864864864865,2022.0,37,37
0.9,both,theoretical_insight,3,2005,2023,18,2020.626126126126,2022.0,222,225
0.9,both,theoretical_insight,16,2012,2023,11,2020.6835443037974,2021.0,79,79
0.9,both,theoretical_insight,13,2006,2023,17,2019.0,2019.0,53,53
0.9,both,theoretical_insight,5,2006,2023,17,2019.7631578947369,2020.5,76,76
0.9,both,theoretical_insight,6,2014,2023,9,2020.3461538461538,2021.0,52,52
0.9,both,theoretical_insight,34,2009,2023,14,2018.6744186046512,2019.0,43,43
0.9,both,theoretical_insight,37,2015,2023,8,2021.9473684210527,2023.0,19,19
0.9,both,theoretical_insight,15,2011,2023,12,2019.844827586207,2020.0,58,58
0.9,both,theoretical_insight,12,2014,2023,9,2020.9180327868853,2021.0,61,61
0.9,both,theoretical_insight,31,2014,2023,9,2019.7333333333333,2020.0,15,15
0.9,both,theoretical_insight,2,2010,2023,13,2018.4565217391305,2019.0,92,92
0.9,both,theoretical_insight,36,2013,2023,10,2020.2,2021.0,25,25
0.9,both,theoretical_insight,8,2017,2023,6,2021.125,2022.5,8,8
0.9,both,theoretical_insight,30,2002,2022,20,2018.4222222222222,2020.0,45,45
0.9,both,theoretical_insight,24,2012,2022,10,2019.7222222222222,2020.5,18,18
0.9,both,theoretical_insight,19,2014,2023,9,2019.6923076923076,2020.0,65,65
0.9,both,theoretical_insight,17,2014,2023,9,2021.3396226415093,2022.0,53,53
0.9,both,theoretical_insight,4,2010,2023,13,2020.2173913043478,2021.0,23,23
0.9,both,theoretical_insight,38,2013,2023,10,2022.0,2022.0,37,37
0.9,both,theoretical_insight,33,2010,2023,13,2019.5128205128206,2020.0,39,39
0.9,both,theoretical_insight,20,2012,2022,10,2018.32,2018.0,25,25
0.9,both,theoretical_insight,11,2016,2023,7,2019.9166666666667,2020.5,12,12
0.9,both,theoretical_insight,28,2023,2023,0,2023.0,2023.0,3,3
0.9,both,theoretical_insight,18,2019,2023,4,2022.090909090909,2023.0,11,11
0.9,both,design_rationale,0,2010,2023,13,2019.0645161290322,2020.0,93,93
0.9,both,design_rationale,19,2005,2023,18,2018.6271186440679,2020.0,59,59
0.9,both,design_rationale,13,2006,2023,17,2016.9,2016.0,50,50
0.9,both,design_rationale,23,2018,2023,5,2022.0,2022.0,29,33
0.9,both,design_rationale,8,2006,2023,17,2020.35625,2021.0,160,160
0.9,both,design_rationale,36,2012,2023,11,2019.9473684210527,2020.0,95,95
0.9,both,design_rationale,6,2014,2023,9,2020.7281553398059,2022.0,103,103
0.9,both,design_rationale,10,2006,2023,17,2019.0208333333333,2019.0,96,97
0.9,both,design_rationale,16,2011,2023,12,2019.7716049382716,2021.5,162,163
0.9,both,design_rationale,14,2012,2023,11,2019.8111111111111,2020.0,90,90
0.9,both,design_rationale,12,2012,2023,11,2019.119266055046,2019.0,109,109
0.9,both,design_rationale,3,2012,2023,11,2019.8035714285713,2020.0,56,56
0.9,both,design_rationale,9,2002,2023,21,2019.915254237288,2021.0,59,59
0.9,both,design_rationale,34,2016,2022,6,2020.027027027027,2021.0,37,37
0.9,both,design_rationale,7,2003,2023,20,2020.078947368421,2021.0,114,114
0.9,both,design_rationale,28,2014,2023,9,2019.7,2019.5,20,20
0.9,both,design_rationale,21,2013,2023,10,2021.5204081632653,2022.0,98,100
0.9,both,design_rationale,5,2003,2023,20,2020.5378151260504,2022.0,119,119
0.9,both,design_rationale,15,2014,2022,8,2018.84,2018.0,25,25
0.9,both,design_rationale,1,2009,2023,14,2019.4325842696628,2020.0,178,178
0.9,both,design_rationale,38,2018,2023,5,2020.7391304347825,2021.0,23,23
0.9,both,design_rationale,2,2006,2023,17,2020.0116279069769,2020.5,86,86
0.9,both,design_rationale,24,2015,2023,8,2021.7,2022.0,40,40
0.9,both,design_rationale,30,2018,2023,5,2022.2941176470588,2023.0,17,17
0.9,both,design_rationale,17,2012,2023,11,2020.6842105263158,2022.0,38,39
0.9,both,design_rationale,33,2011,2023,12,2019.6170212765958,2021.0,47,47
0.9,both,design_rationale,27,2017,2023,6,2021.5098039215686,2022.0,51,51
0.9,both,design_rationale,37,2016,2022,6,2019.7241379310344,2019.0,29,29
0.9,both,design_rationale,26,2012,2023,11,2020.7916666666667,2021.0,24,24
0.9,both,design_rationale,32,2016,2023,7,2020.9811320754718,2021.0,53,53
0.9,both,design_rationale,18,2017,2023,6,2021.142857142857,2021.0,21,21
0.9,both,design_rationale,4,2012,2023,11,2020.245283018868,2020.0,53,53
0.9,both,design_rationale,35,2018,2022,4,2020.0833333333333,2020.5,12,12
0.9,both,design_rationale,31,2018,2023,5,2021.5,2022.0,8,8
0.9,both,design_rationale,20,2009,2023,14,2018.55,2019.5,20,20
0.9,both,design_rationale,39,2017,2023,6,2019.9285714285713,2020.0,14,14
0.9,both,design_rationale,29,2018,2023,5,2020.8333333333333,2022.0,6,6
0.9,both,design_rationale,25,2008,2023,15,2020.5,2021.5,22,22
0.9,both,design_rationale,22,2018,2023,5,2020.1666666666667,2019.5,6,6
0.9,both,design_rationale,11,2017,2022,5,2019.0,2018.0,3,3
0.9,both,implementation_mechanism,29,2013,2023,10,2019.9714285714285,2020.0,35,35
0.9,both,implementation_mechanism,12,2003,2023,20,2017.983870967742,2018.0,62,62
0.9,both,implementation_mechanism,8,2003,2023,20,2017.4142857142858,2017.0,70,70
0.9,both,implementation_mechanism,0,2009,2023,14,2021.0159574468084,2022.0,188,188
0.9,both,implementation_mechanism,23,2006,2023,17,2019.611111111111,2020.0,126,126
0.9,both,implementation_mechanism,4,2012,2023,11,2019.3148148148148,2019.0,108,108
0.9,both,implementation_mechanism,7,2010,2023,13,2019.6685082872928,2022.0,181,181
0.9,both,implementation_mechanism,26,2006,2023,17,2021.2777777777778,2022.0,54,54
0.9,both,implementation_mechanism,9,2012,2023,11,2019.6688741721855,2021.0,151,151
0.9,both,implementation_mechanism,1,2013,2023,10,2020.607142857143,2021.0,56,56
0.9,both,implementation_mechanism,37,2016,2022,6,2018.9354838709678,2019.0,31,31
0.9,both,implementation_mechanism,28,2012,2023,11,2020.1375,2020.0,80,80
0.9,both,implementation_mechanism,25,2012,2023,11,2021.2,2022.0,10,10
0.9,both,implementation_mechanism,31,2013,2023,10,2020.534090909091,2021.0,88,88
0.9,both,implementation_mechanism,18,2013,2023,10,2021.1381578947369,2022.0,152,155
0.9,both,implementation_mechanism,6,2013,2023,10,2021.1807228915663,2022.0,83,83
0.9,both,implementation_mechanism,20,2005,2023,18,2018.18,2019.0,100,102
0.9,both,implementation_mechanism,33,2008,2023,15,2020.1587301587301,2022.0,63,63
0.9,both,implementation_mechanism,15,2012,2023,11,2019.2777777777778,2019.0,54,54
0.9,both,implementation_mechanism,11,2014,2023,9,2020.7272727272727,2021.0,99,99
0.9,both,implementation_mechanism,24,2006,2023,17,2021.3,2022.0,80,80
0.9,both,implementation_mechanism,39,2016,2023,7,2020.16,2020.0,25,25
0.9,both,implementation_mechanism,27,2017,2023,6,2020.3589743589744,2020.0,39,39
0.9,both,implementation_mechanism,35,2018,2023,5,2019.904761904762,2019.0,21,21
0.9,both,implementation_mechanism,13,2018,2023,5,2022.4444444444443,2023.0,18,18
0.9,both,implementation_mechanism,30,2015,2023,8,2021.7906976744187,2023.0,43,47
0.9,both,implementation_mechanism,34,2011,2023,12,2020.6041666666667,2022.0,48,49
0.9,both,implementation_mechanism,5,2013,2023,10,2019.5555555555557,2021.0,54,54
0.9,both,implementation_mechanism,22,2006,2022,16,2019.4725274725274,2020.0,91,91
0.9,both,implementation_mechanism,38,2016,2023,7,2020.2727272727273,2020.5,22,22
0.9,both,implementation_mechanism,10,2006,2023,17,2019.7083333333333,2020.5,24,24
0.9,both,implementation_mechanism,3,2008,2023,15,2019.6764705882354,2021.0,34,34
0.9,both,implementation_mechanism,19,2012,2022,10,2019.3103448275863,2019.0,29,29
0.9,both,implementation_mechanism,14,2002,2023,21,2018.8292682926829,2020.0,41,41
0.9,both,implementation_mechanism,2,2015,2023,8,2019.4444444444443,2019.5,18,18
0.9,both,implementation_mechanism,21,2013,2023,10,2019.5294117647059,2020.0,34,34
0.9,both,implementation_mechanism,36,2019,2023,4,2021.5,2022.0,30,30
0.9,both,implementation_mechanism,16,2011,2023,12,2020.3636363636363,2021.0,11,11
0.9,both,implementation_mechanism,17,2014,2023,9,2020.3,2022.0,10,10
0.9,both,implementation_mechanism,32,2018,2023,5,2021.0,2021.0,13,13
0.9,both,validation_evidence,29,2013,2023,10,2019.6962025316457,2020.0,79,79
0.9,both,validation_evidence,6,2010,2023,13,2017.6315789473683,2018.0,19,19
0.9,both,validation_evidence,15,2012,2023,11,2020.3076923076924,2021.0,26,26
0.9,both,validation_evidence,37,2018,2023,5,2021.8636363636363,2022.0,22,25
0.9,both,validation_evidence,28,2003,2023,20,2019.7340425531916,2020.0,188,188
0.9,both,validation_evidence,32,2015,2023,8,2021.5192307692307,2022.0,52,52
0.9,both,validation_evidence,12,2014,2023,9,2020.3440860215053,2020.0,93,94
0.9,both,validation_evidence,31,2020,2023,3,2021.15,2021.0,20,20
0.9,both,validation_evidence,4,2012,2023,11,2018.8461538461538,2019.0,130,130
0.9,both,validation_evidence,9,2009,2023,14,2020.3425925925926,2022.0,108,108
0.9,both,validation_evidence,26,2019,2023,4,2021.95,2022.0,20,20
0.9,both,validation_evidence,35,2012,2023,11,2019.6470588235295,2020.0,68,68
0.9,both,validation_evidence,13,2015,2023,8,2020.0212765957447,2021.0,94,94
0.9,both,validation_evidence,2,2006,2023,17,2020.6153846153845,2022.0,78,78
0.9,both,validation_evidence,33,2010,2022,12,2019.505376344086,2019.0,93,93
0.9,both,validation_evidence,21,2015,2023,8,2020.2692307692307,2020.5,26,26
0.9,both,validation_evidence,1,2013,2023,10,2020.7428571428572,2022.0,35,35
0.9,both,validation_evidence,30,2012,2023,11,2021.0325203252032,2022.0,123,126
0.9,both,validation_evidence,0,2010,2023,13,2017.5409836065573,2018.0,61,61
0.9,both,validation_evidence,17,2006,2023,17,2018.8987341772151,2020.0,79,79
0.9,both,validation_evidence,7,2010,2023,13,2021.6666666666667,2022.0,96,96
0.9,both,validation_evidence,16,2009,2023,14,2020.6666666666667,2022.0,57,57
0.9,both,validation_evidence,8,2012,2023,11,2019.923076923077,2021.0,39,39
0.9,both,validation_evidence,25,2019,2023,4,2022.2929292929293,2023.0,99,99
0.9,both,validation_evidence,27,2006,2022,16,2018.958762886598,2019.0,97,97
0.9,both,validation_evidence,11,2003,2023,20,2020.4225352112676,2022.0,71,71
0.9,both,validation_evidence,24,2011,2023,12,2017.2631578947369,2017.0,38,38
0.9,both,validation_evidence,5,2013,2023,10,2019.8,2020.0,80,81
0.9,both,validation_evidence,10,2003,2023,20,2019.111111111111,2021.0,45,45
0.9,both,validation_evidence,3,2014,2023,9,2020.448275862069,2021.0,58,58
0.9,both,validation_evidence,39,2011,2022,11,2019.2272727272727,2019.5,22,22
0.9,both,validation_evidence,23,2016,2023,7,2020.32,2020.0,25,25
0.9,both,validation_evidence,19,2013,2023,10,2019.9714285714285,2020.0,35,35
0.9,both,validation_evidence,22,2002,2022,20,2017.8059701492537,2019.0,67,68
0.9,both,validation_evidence,18,2013,2023,10,2019.6808510638298,2020.0,47,47
0.9,both,validation_evidence,20,2013,2023,10,2019.6764705882354,2021.0,34,34
0.9,both,validation_evidence,14,2018,2023,5,2020.6296296296296,2021.0,27,27
0.9,both,validation_evidence,38,2022,2023,1,2022.375,2022.0,8,8
0.9,both,validation_evidence,36,2013,2023,10,2021.0714285714287,2022.0,14,14
0.9,both,validation_evidence,34,2018,2023,5,2020.375,2020.5,8,8
0.95,unconstrained,risk,5,2006,2023,17,2018.6704545454545,2020.0,88,88
0.95,unconstrained,risk,12,2003,2023,20,2017.6153846153845,2019.0,78,78
0.95,unconstrained,risk,15,2009,2023,14,2019.578947368421,2020.0,152,152
0.95,unconstrained,risk,8,2014,2023,9,2020.4466019417475,2021.0,103,103
0.95,unconstrained,risk,7,2013,2023,10,2020.631067961165,2021.0,103,103
0.95,unconstrained,risk,2,2006,2023,17,2018.9058823529413,2020.0,85,85
0.95,unconstrained,risk,23,2012,2023,11,2019.5833333333333,2021.0,36,36
0.95,unconstrained,risk,3,2011,2023,12,2021.5810055865923,2022.0,179,181
0.95,unconstrained,risk,21,2012,2023,11,2020.0786516853932,2021.0,89,89
0.95,unconstrained,risk,30,2012,2023,11,2019.9816513761468,2020.0,109,109
0.95,unconstrained,risk,4,2013,2023,10,2019.7222222222222,2021.0,72,72
0.95,unconstrained,risk,6,2013,2023,10,2020.8,2021.0,105,105
0.95,unconstrained,risk,20,2012,2023,11,2020.0827586206897,2020.0,145,145
0.95,unconstrained,risk,18,2013,2023,10,2019.4444444444443,2019.0,63,63
0.95,unconstrained,risk,10,2013,2023,10,2021.0833333333333,2022.0,168,168
0.95,unconstrained,risk,16,2006,2023,17,2020.2058823529412,2021.0,102,102
0.95,unconstrained,risk,24,1994,2023,29,2018.1184210526317,2019.0,76,76
0.95,unconstrained,risk,31,2019,2023,4,2022.2285714285715,2023.0,35,36
0.95,unconstrained,risk,28,2011,2023,12,2019.5098039215686,2019.0,102,102
0.95,unconstrained,risk,22,2013,2023,10,2021.952380952381,2023.0,21,21
0.95,unconstrained,risk,36,2002,2023,21,2018.84375,2020.0,32,32
0.95,unconstrained,risk,1,2014,2023,9,2019.5327102803737,2019.0,107,107
0.95,unconstrained,risk,29,2009,2023,14,2019.7948717948718,2021.0,39,40
0.95,unconstrained,risk,32,2017,2023,6,2021.6969696969697,2022.5,66,66
0.95,unconstrained,risk,26,2006,2023,17,2021.0357142857142,2022.0,56,56
0.95,unconstrained,risk,9,2012,2023,11,2021.1617647058824,2022.0,204,205
0.95,unconstrained,risk,19,2010,2023,13,2020.8484848484848,2022.0,99,99
0.95,unconstrained,risk,14,2003,2023,20,2018.9272727272728,2020.0,55,55
0.95,unconstrained,risk,39,2011,2023,12,2018.2962962962963,2018.0,27,27
0.95,unconstrained,risk,38,2011,2023,12,2019.152,2021.0,125,125
0.95,unconstrained,risk,33,2014,2023,9,2021.6857142857143,2023.0,35,35
0.95,unconstrained,risk,0,2013,2023,10,2021.3896103896104,2022.0,77,80
0.95,unconstrained,risk,34,2011,2023,12,2020.0689655172414,2021.0,58,60
0.95,unconstrained,risk,25,2008,2023,15,2021.0588235294117,2022.0,51,51
0.95,unconstrained,risk,11,2011,2023,12,2021.9027027027028,2022.0,185,185
0.95,unconstrained,risk,35,2018,2023,5,2021.2857142857142,2022.0,28,28
0.95,unconstrained,risk,27,2012,2023,11,2020.0,2022.0,14,14
0.95,unconstrained,risk,37,2016,2022,6,2019.44,2020.0,25,25
0.95,unconstrained,risk,17,2016,2023,7,2020.6315789473683,2021.0,19,19
0.95,unconstrained,risk,13,2021,2022,1,2021.5,2021.5,4,4
0.95,unconstrained,intervention,18,2012,2022,10,2019.606936416185,2020.0,173,173
0.95,unconstrained,intervention,10,2002,2023,21,2017.4057971014493,2018.0,69,69
0.95,unconstrained,intervention,0,2015,2023,8,2021.8859060402685,2023.0,149,149
0.95,unconstrained,intervention,1,2014,2023,9,2019.8349514563106,2020.0,103,104
0.95,unconstrained,intervention,28,2012,2023,11,2019.651376146789,2020.0,109,109
0.95,unconstrained,intervention,12,2011,2023,12,2019.970297029703,2022.0,202,202
0.95,unconstrained,intervention,37,2015,2023,8,2021.0,2022.0,36,36
0.95,unconstrained,intervention,17,2006,2023,17,2019.4577464788733,2020.0,142,142
0.95,unconstrained,intervention,13,2012,2023,11,2019.2065217391305,2020.0,92,92
0.95,unconstrained,intervention,32,2012,2023,11,2020.2597402597403,2021.0,77,77
0.95,unconstrained,intervention,14,2010,2023,13,2020.6571428571428,2021.5,70,70
0.95,unconstrained,intervention,33,2011,2023,12,2020.7835051546392,2022.0,97,97
0.95,unconstrained,intervention,34,2012,2023,11,2018.4615384615386,2019.0,26,26
0.95,unconstrained,intervention,39,2013,2023,10,2020.5967741935483,2021.0,62,62
0.95,unconstrained,intervention,8,1994,2022,28,2018.368932038835,2019.0,103,103
0.95,unconstrained,intervention,2,2009,2023,14,2020.6720430107528,2022.0,186,188
0.95,unconstrained,intervention,16,2003,2023,20,2018.3529411764705,2020.0,68,68
0.95,unconstrained,intervention,5,2013,2023,10,2020.6923076923076,2021.0,78,78
0.95,unconstrained,intervention,31,2012,2023,11,2019.597014925373,2019.0,67,67
0.95,unconstrained,intervention,27,2019,2023,4,2022.1627906976744,2023.0,43,43
0.95,unconstrained,intervention,6,2008,2023,15,2020.5185185185185,2021.0,189,191
0.95,unconstrained,intervention,9,2012,2023,11,2020.2,2021.0,30,30
0.95,unconstrained,intervention,15,2010,2023,13,2020.0384615384614,2020.0,26,26
0.95,unconstrained,intervention,20,2010,2023,13,2016.6666666666667,2016.5,48,49
0.95,unconstrained,intervention,7,2012,2023,11,2020.0,2020.0,34,34
0.95,unconstrained,intervention,3,2014,2023,9,2020.7428571428572,2022.0,105,106
0.95,unconstrained,intervention,35,2018,2023,5,2022.258064516129,2023.0,31,35
0.95,unconstrained,intervention,38,2005,2023,18,2019.4918032786886,2021.0,61,61
0.95,unconstrained,intervention,36,2006,2022,16,2018.8,2019.0,45,45
0.95,unconstrained,intervention,19,2014,2023,9,2020.1785714285713,2020.0,28,28
0.95,unconstrained,intervention,22,2013,2023,10,2018.857142857143,2020.0,21,21
0.95,unconstrained,intervention,29,2016,2023,7,2021.0833333333333,2022.0,36,36
0.95,unconstrained,intervention,11,2003,2023,20,2018.0,2019.0,22,22
0.95,unconstrained,intervention,4,2013,2023,10,2019.6296296296296,2020.0,27,27
0.95,unconstrained,intervention,24,2012,2023,11,2019.8461538461538,2020.0,13,13
0.95,unconstrained,intervention,25,2015,2022,7,2020.7058823529412,2022.0,17,17
0.95,unconstrained,intervention,26,2016,2022,6,2020.5555555555557,2021.0,9,9
0.95,unconstrained,intervention,30,2013,2018,5,2015.3333333333333,2015.0,3,3
0.95,unconstrained,intervention,23,2022,2022,0,2022.0,2022.0,6,6
0.95,unconstrained,intervention,21,2014,2023,9,2020.8,2023.0,5,5
0.95,unconstrained,all_concepts,21,2011,2023,12,2019.813725490196,2020.0,306,306
0.95,unconstrained,all_concepts,10,2003,2023,20,2017.066091954023,2017.5,348,348
0.95,unconstrained,all_concepts,11,2010,2023,13,2018.8474576271187,2020.0,177,177
0.95,unconstrained,all_concepts,1,2012,2023,11,2020.5080213903743,2022.0,374,378
0.95,unconstrained,all_concepts,25,2018,2023,5,2022.0980392156862,2023.0,102,120
0.95,unconstrained,all_concepts,33,2006,2023,17,2020.6932084309133,2022.0,427,427
0.95,unconstrained,all_concepts,4,2012,2023,11,2020.834451901566,2022.0,447,447
0.95,unconstrained,all_concepts,0,2002,2023,21,2019.5105189340813,2020.0,1426,1427
0.95,unconstrained,all_concepts,38,2017,2023,6,2019.8333333333333,2019.5,18,18
0.95,unconstrained,all_concepts,13,2006,2023,17,2019.5798687089716,2020.0,457,457
0.95,unconstrained,all_concepts,9,2011,2023,12,2020.9082751744766,2022.0,1003,1017
0.95,unconstrained,all_concepts,26,2014,2023,9,2020.779761904762,2021.0,168,168
0.95,unconstrained,all_concepts,14,2008,2023,15,2020.5951219512194,2022.0,615,615
0.95,unconstrained,all_concepts,24,2002,2023,21,2018.5625,2019.0,496,496
0.95,unconstrained,all_concepts,6,2006,2023,17,2019.7111111111112,2021.0,495,495
0.95,unconstrained,all_concepts,19,2012,2023,11,2019.8961303462322,2021.0,491,491
0.95,unconstrained,all_concepts,7,2012,2023,11,2019.4176372712147,2020.0,601,601
0.95,unconstrained,all_concepts,16,2006,2023,17,2019.917006802721,2022.0,735,735
0.95,unconstrained,all_concepts,39,2011,2023,12,2019.6385224274406,2020.0,379,379
0.95,unconstrained,all_concepts,20,2012,2023,11,2020.9040590405905,2021.0,271,271
0.95,unconstrained,all_concepts,5,2010,2023,13,2019.601078167116,2020.0,371,371
0.95,unconstrained,all_concepts,18,2005,2023,18,2019.7033898305085,2021.0,236,236
0.95,unconstrained,all_concepts,15,2014,2023,9,2022.3763440860216,2023.0,186,186
0.95,unconstrained,all_concepts,8,2013,2023,10,2021.0333333333333,2022.0,120,120
0.95,unconstrained,all_concepts,34,2012,2023,11,2019.4642857142858,2021.0,56,56
0.95,unconstrained,all_concepts,17,2015,2023,8,2020.7619047619048,2021.0,84,84
0.95,unconstrained,all_concepts,35,2010,2023,13,2019.8333333333333,2020.0,138,138
0.95,unconstrained,all_concepts,2,2012,2023,11,2019.7991718426501,2020.0,483,484
0.95,unconstrained,all_concepts,12,2010,2023,13,2021.1645569620252,2022.0,158,158
0.95,unconstrained,all_concepts,3,2010,2023,13,2022.0272108843537,2022.0,294,294
0.95,unconstrained,all_concepts,27,2006,2023,17,2020.2380952380952,2021.0,42,42
0.95,unconstrained,all_concepts,30,2003,2023,20,2017.6363636363637,2019.0,66,66
0.95,unconstrained,all_concepts,23,2013,2021,8,2017.6875,2017.0,16,16
0.95,unconstrained,all_concepts,29,2018,2023,5,2022.0531914893618,2022.0,94,94
0.95,unconstrained,all_concepts,22,2010,2022,12,2017.2571428571428,2018.0,35,39
0.95,unconstrained,all_concepts,28,2015,2023,8,2020.3636363636363,2021.0,22,22
0.95,unconstrained,all_concepts,37,2010,2023,13,2020.3125,2022.0,80,80
0.95,unconstrained,all_concepts,31,2022,2022,0,2022.0,2022.0,15,15
0.95,unconstrained,all_concepts,36,2015,2015,0,2015.0,2015.0,7,7
0.95,unconstrained,all_concepts,32,2020,2020,0,2020.0,2020.0,3,3
0.95,unconstrained,problem_analysis,33,2006,2023,17,2019.1,2019.0,100,100
0.95,unconstrained,problem_analysis,31,2014,2022,8,2017.75,2018.0,32,33
0.95,unconstrained,problem_analysis,1,2003,2023,20,2018.8245614035088,2021.0,57,57
0.95,unconstrained,problem_analysis,19,2006,2023,17,2019.972602739726,2021.0,73,73
0.95,unconstrained,problem_analysis,0,2010,2023,13,2019.787234042553,2020.0,94,94
0.95,unconstrained,problem_analysis,11,2013,2023,10,2019.7466666666667,2021.0,75,75
0.95,unconstrained,problem_analysis,10,2006,2023,17,2020.0837438423646,2022.0,203,203
0.95,unconstrained,problem_analysis,29,2013,2023,10,2020.929411764706,2022.0,85,86
0.95,unconstrained,problem_analysis,18,2009,2023,14,2019.9289617486338,2020.0,183,183
0.95,unconstrained,problem_analysis,25,2012,2023,11,2018.9423076923076,2019.0,52,52
0.95,unconstrained,problem_analysis,9,2014,2023,9,2019.969696969697,2020.0,66,66
0.95,unconstrained,problem_analysis,16,2014,2023,9,2019.8990825688074,2020.0,109,109
0.95,unconstrained,problem_analysis,38,2010,2023,13,2020.3684210526317,2021.0,19,19
0.95,unconstrained,problem_analysis,8,2011,2023,12,2018.6944444444443,2019.5,36,36
0.95,unconstrained,problem_analysis,2,2006,2023,17,2020.1883116883116,2021.0,154,154
0.95,unconstrained,problem_analysis,28,2014,2023,9,2021.3,2022.0,90,93
0.95,unconstrained,problem_analysis,27,2010,2023,13,2020.6101694915253,2021.0,59,59
0.95,unconstrained,problem_analysis,4,2003,2023,20,2018.8320610687024,2019.0,131,131
0.95,unconstrained,problem_analysis,23,2010,2023,13,2021.050505050505,2022.0,99,103
0.95,unconstrained,problem_analysis,12,2009,2023,14,2019.8411214953271,2020.0,107,107
0.95,unconstrained,problem_analysis,13,2014,2023,9,2019.5652173913043,2020.5,46,46
0.95,unconstrained,problem_analysis,22,2010,2022,12,2019.485294117647,2019.0,68,68
0.95,unconstrained,problem_analysis,26,2018,2023,5,2020.8947368421052,2021.0,19,19
0.95,unconstrained,problem_analysis,20,2014,2023,9,2021.65625,2023.0,32,32
0.95,unconstrained,problem_analysis,14,2015,2023,8,2020.904761904762,2021.0,105,105
0.95,unconstrained,problem_analysis,5,2013,2023,10,2020.5972222222222,2022.0,72,72
0.95,unconstrained,problem_analysis,15,2014,2023,9,2020.9333333333334,2022.0,45,45
0.95,unconstrained,problem_analysis,32,2013,2023,10,2019.3508771929824,2021.0,57,57
0.95,unconstrained,problem_analysis,36,2020,2023,3,2022.3333333333333,2023.0,18,18
0.95,unconstrained,problem_analysis,6,2011,2023,12,2019.6333333333334,2020.0,30,30
0.95,unconstrained,problem_analysis,34,2018,2023,5,2021.695652173913,2022.0,23,23
0.95,unconstrained,problem_analysis,37,2014,2023,9,2020.5641025641025,2021.0,39,39
0.95,unconstrained,problem_analysis,3,2010,2023,13,2021.7727272727273,2022.0,88,88
0.95,unconstrained,problem_analysis,21,2017,2023,6,2020.923076923077,2021.0,26,26
0.95,unconstrained,problem_analysis,35,2002,2023,21,2018.9767441860465,2020.0,43,43
0.95,unconstrained,problem_analysis,30,2015,2023,8,2021.2941176470588,2022.0,17,17
0.95,unconstrained,problem_analysis,39,2015,2021,6,2019.0,2020.0,5,5
0.95,unconstrained,problem_analysis,7,2011,2023,12,2019.3333333333333,2020.0,12,12
0.95,unconstrained,problem_analysis,17,2012,2022,10,2019.142857142857,2021.0,7,7
0.95,unconstrained,problem_analysis,24,2019,2023,4,2021.7777777777778,2022.0,9,9
0.95,unconstrained,theoretical_insight,10,2006,2022,16,2017.8048780487804,2018.0,41,41
0.95,unconstrained,theoretical_insight,25,2018,2023,5,2022.1052631578948,2023.0,19,22
0.95,unconstrained,theoretical_insight,31,2012,2023,11,2020.5625,2022.0,80,82
0.95,unconstrained,theoretical_insight,15,2015,2023,8,2020.8333333333333,2021.0,54,55
0.95,unconstrained,theoretical_insight,5,2009,2023,14,2019.7272727272727,2020.0,55,55
0.95,unconstrained,theoretical_insight,27,2014,2023,9,2019.7413793103449,2020.0,58,58
0.95,unconstrained,theoretical_insight,6,2011,2023,12,2020.14598540146,2022.0,137,137
0.95,unconstrained,theoretical_insight,28,2009,2023,14,2020.1531531531532,2021.0,111,111
0.95,unconstrained,theoretical_insight,7,2012,2023,11,2020.0923076923077,2021.0,130,130
0.95,unconstrained,theoretical_insight,4,2010,2023,13,2019.5764705882352,2020.0,85,85
0.95,unconstrained,theoretical_insight,0,2012,2023,11,2020.298076923077,2020.0,104,104
0.95,unconstrained,theoretical_insight,30,2018,2023,5,2021.1052631578948,2022.0,19,19
0.95,unconstrained,theoretical_insight,26,2010,2023,13,2018.5873015873017,2019.0,63,63
0.95,unconstrained,theoretical_insight,17,2014,2023,9,2019.6363636363637,2019.0,110,110
0.95,unconstrained,theoretical_insight,9,2003,2023,20,2020.490909090909,2021.5,110,110
0.95,unconstrained,theoretical_insight,8,2003,2023,20,2017.9344262295083,2019.0,61,61
0.95,unconstrained,theoretical_insight,33,2011,2023,12,2020.989898989899,2022.0,99,100
0.95,unconstrained,theoretical_insight,13,2005,2023,18,2020.4844720496894,2022.0,161,161
0.95,unconstrained,theoretical_insight,22,2006,2023,17,2019.2558139534883,2020.0,86,86
0.95,unconstrained,theoretical_insight,23,2015,2023,8,2021.051724137931,2021.0,58,58
0.95,unconstrained,theoretical_insight,16,2010,2023,13,2019.8181818181818,2021.0,55,55
0.95,unconstrained,theoretical_insight,36,2018,2023,5,2020.5384615384614,2021.0,13,13
0.95,unconstrained,theoretical_insight,24,2012,2023,11,2019.9722222222222,2021.0,36,36
0.95,unconstrained,theoretical_insight,18,2014,2021,7,2017.5,2018.0,10,10
0.95,unconstrained,theoretical_insight,12,2013,2023,10,2020.2,2022.0,35,35
0.95,unconstrained,theoretical_insight,39,2015,2023,8,2021.142857142857,2022.0,7,7
0.95,unconstrained,theoretical_insight,37,2012,2022,10,2019.7894736842106,2021.0,19,19
0.95,unconstrained,theoretical_insight,11,2010,2023,13,2018.922077922078,2019.0,77,77
0.95,unconstrained,theoretical_insight,29,2018,2023,5,2020.888888888889,2021.0,9,9
0.95,unconstrained,theoretical_insight,1,2013,2023,10,2020.25,2021.0,44,44
0.95,unconstrained,theoretical_insight,3,2011,2023,12,2019.7592592592594,2020.0,108,108
0.95,unconstrained,theoretical_insight,14,2002,2023,21,2018.8035714285713,2020.0,56,56
0.95,unconstrained,theoretical_insight,2,2013,2023,10,2020.8095238095239,2021.5,42,42
0.95,unconstrained,theoretical_insight,38,2013,2023,10,2021.9714285714285,2022.0,35,35
0.95,unconstrained,theoretical_insight,20,2012,2023,11,2018.6923076923076,2019.0,26,26
0.95,unconstrained,theoretical_insight,34,2023,2023,0,2023.0,2023.0,4,4
0.95,unconstrained,theoretical_insight,32,2014,2023,9,2020.7692307692307,2021.0,13,13
0.95,unconstrained,theoretical_insight,35,2017,2023,6,2021.2142857142858,2021.5,14,14
0.95,unconstrained,theoretical_insight,21,2019,2023,4,2021.6363636363637,2022.0,11,11
0.95,unconstrained,theoretical_insight,19,2022,2022,0,2022.0,2022.0,2,2
0.95,unconstrained,design_rationale,10,2014,2023,9,2018.8461538461538,2019.0,65,65
0.95,unconstrained,design_rationale,8,2010,2023,13,2018.9558823529412,2020.0,68,68
0.95,unconstrained,design_rationale,7,2002,2023,21,2019.0232558139535,2020.0,43,43
0.95,unconstrained,design_rationale,21,2018,2023,5,2022.0,2022.0,25,29
0.95,unconstrained,design_rationale,0,2010,2023,13,2019.5694444444443,2020.0,144,144
0.95,unconstrained,design_rationale,35,2006,2023,17,2020.120253164557,2021.0,158,158
0.95,unconstrained,design_rationale,36,2012,2023,11,2019.7714285714285,2020.0,105,105
0.95,unconstrained,design_rationale,16,2017,2023,6,2020.642857142857,2021.0,14,14
0.95,unconstrained,design_rationale,1,2006,2023,17,2019.1938775510205,2020.0,98,99
0.95,unconstrained,design_rationale,38,2011,2023,12,2019.4715447154472,2021.0,123,123
0.95,unconstrained,design_rationale,6,2012,2023,11,2019.8314606741574,2020.0,89,89
0.95,unconstrained,design_rationale,23,2012,2023,11,2019.1829268292684,2019.0,82,82
0.95,unconstrained,design_rationale,9,2012,2023,11,2019.709090909091,2020.0,55,55
0.95,unconstrained,design_rationale,11,2013,2023,10,2020.1756756756756,2021.0,74,74
0.95,unconstrained,design_rationale,15,2003,2023,20,2019.9150943396226,2021.0,106,106
0.95,unconstrained,design_rationale,12,2009,2022,13,2018.111111111111,2018.0,27,27
0.95,unconstrained,design_rationale,25,2012,2023,11,2021.2241379310344,2022.0,116,119
0.95,unconstrained,design_rationale,2,2008,2023,15,2020.4434782608696,2022.0,115,115
0.95,unconstrained,design_rationale,26,2015,2023,8,2021.3968253968253,2022.0,63,63
0.95,unconstrained,design_rationale,24,2016,2023,7,2020.4848484848485,2021.0,33,33
0.95,unconstrained,design_rationale,4,2012,2023,11,2019.8103448275863,2020.0,58,58
0.95,unconstrained,design_rationale,34,2014,2022,8,2018.0,2018.0,21,21
0.95,unconstrained,design_rationale,39,2006,2022,16,2015.8648648648648,2014.0,37,37
0.95,unconstrained,design_rationale,27,2013,2023,10,2020.6666666666667,2022.0,99,99
0.95,unconstrained,design_rationale,19,2005,2023,18,2019.56,2021.0,50,50
0.95,unconstrained,design_rationale,13,2019,2022,3,2020.1875,2020.0,16,16
0.95,unconstrained,design_rationale,14,2014,2023,9,2020.8181818181818,2022.0,33,33
0.95,unconstrained,design_rationale,5,2016,2023,7,2020.5487804878048,2021.0,82,82
0.95,unconstrained,design_rationale,30,2018,2023,5,2022.4166666666667,2023.0,24,24
0.95,unconstrained,design_rationale,3,2017,2023,6,2021.3513513513512,2022.0,37,37
0.95,unconstrained,design_rationale,32,2006,2023,17,2019.6825396825398,2020.0,63,63
0.95,unconstrained,design_rationale,37,2012,2023,11,2020.4814814814815,2021.0,27,27
0.95,unconstrained,design_rationale,22,2021,2023,2,2022.5,2023.0,4,4
0.95,unconstrained,design_rationale,20,2018,2022,4,2019.909090909091,2020.0,11,11
0.95,unconstrained,design_rationale,29,2018,2022,4,2019.5,2019.5,8,8
0.95,unconstrained,design_rationale,17,2003,2023,20,2020.7948717948718,2022.0,39,39
0.95,unconstrained,design_rationale,33,2016,2023,7,2019.142857142857,2019.0,7,7
0.95,unconstrained,design_rationale,18,2018,2023,5,2021.6666666666667,2022.0,33,33
0.95,unconstrained,design_rationale,31,2015,2023,8,2021.3636363636363,2022.0,11,11
0.95,unconstrained,design_rationale,28,2016,2023,7,2019.3333333333333,2019.0,3,3
0.95,unconstrained,implementation_mechanism,6,2014,2023,9,2019.9701492537313,2020.0,67,67
0.95,unconstrained,implementation_mechanism,29,2003,2023,20,2017.8163265306123,2018.0,49,49
0.95,unconstrained,implementation_mechanism,23,2003,2023,20,2017.7368421052631,2018.0,76,76
0.95,unconstrained,implementation_mechanism,1,2009,2023,14,2021.3151515151515,2022.0,165,165
0.95,unconstrained,implementation_mechanism,14,2006,2023,17,2019.547619047619,2019.0,126,126
0.95,unconstrained,implementation_mechanism,0,2012,2023,11,2019.2956521739131,2019.0,115,115
0.95,unconstrained,implementation_mechanism,11,2010,2023,13,2019.6702702702703,2021.0,185,185
0.95,unconstrained,implementation_mechanism,22,2006,2023,17,2021.34,2022.0,50,50
0.95,unconstrained,implementation_mechanism,9,2012,2023,11,2019.4827586206898,2020.0,116,116
0.95,unconstrained,implementation_mechanism,19,2013,2023,10,2020.5806451612902,2021.0,31,31
0.95,unconstrained,implementation_mechanism,8,2015,2023,8,2020.0869565217392,2020.0,23,23
0.95,unconstrained,implementation_mechanism,13,2012,2023,11,2019.892857142857,2020.0,84,84
0.95,unconstrained,implementation_mechanism,37,2022,2022,0,2022.0,2022.0,7,7
0.95,unconstrained,implementation_mechanism,30,2008,2023,15,2020.047619047619,2022.0,63,63
0.95,unconstrained,implementation_mechanism,36,2013,2023,10,2021.2333333333333,2022.0,90,92
0.95,unconstrained,implementation_mechanism,28,2013,2023,10,2020.2537313432836,2021.0,67,67
0.95,unconstrained,implementation_mechanism,7,2013,2023,10,2020.4,2021.0,50,50
0.95,unconstrained,implementation_mechanism,26,2013,2023,10,2021.1555555555556,2022.0,90,90
0.95,unconstrained,implementation_mechanism,10,2012,2023,11,2019.35,2019.0,60,60
0.95,unconstrained,implementation_mechanism,4,2002,2023,21,2019.5045045045044,2020.0,111,111
0.95,unconstrained,implementation_mechanism,5,2005,2023,18,2018.1630434782608,2019.0,92,94
0.95,unconstrained,implementation_mechanism,27,2014,2023,9,2020.8645833333333,2021.0,96,96
0.95,unconstrained,implementation_mechanism,21,2006,2023,17,2021.0652173913043,2022.0,92,92
0.95,unconstrained,implementation_mechanism,31,2017,2023,6,2020.2307692307693,2020.0,39,39
0.95,unconstrained,implementation_mechanism,39,2018,2023,5,2022.1764705882354,2023.0,34,38
0.95,unconstrained,implementation_mechanism,20,2013,2023,10,2019.7608695652175,2021.0,46,46
0.95,unconstrained,implementation_mechanism,2,2006,2022,16,2019.4675324675325,2020.0,77,77
0.95,unconstrained,implementation_mechanism,25,2019,2023,4,2021.142857142857,2021.0,21,21
0.95,unconstrained,implementation_mechanism,17,2011,2023,12,2020.6530612244899,2022.0,49,50
0.95,unconstrained,implementation_mechanism,24,2015,2023,8,2020.7857142857142,2021.5,14,14
0.95,unconstrained,implementation_mechanism,32,2018,2023,5,2020.625,2021.0,16,16
0.95,unconstrained,implementation_mechanism,12,2008,2023,15,2019.7297297297298,2021.0,37,37
0.95,unconstrained,implementation_mechanism,18,2012,2023,11,2019.4705882352941,2019.0,17,17
0.95,unconstrained,implementation_mechanism,3,2011,2023,12,2019.125,2019.0,32,32
0.95,unconstrained,implementation_mechanism,15,2016,2023,7,2020.3333333333333,2021.0,15,15
0.95,unconstrained,implementation_mechanism,34,2012,2022,10,2019.235294117647,2020.0,17,17
0.95,unconstrained,implementation_mechanism,16,2013,2023,10,2019.148148148148,2019.0,27,27
0.95,unconstrained,implementation_mechanism,38,2014,2022,8,2018.4285714285713,2019.0,7,7
0.95,unconstrained,implementation_mechanism,35,2018,2022,4,2020.0555555555557,2020.0,18,18
0.95,unconstrained,implementation_mechanism,33,2018,2023,5,2021.0,2021.0,15,15
0.95,unconstrained,validation_evidence,1,2003,2023,20,2018.6902654867256,2019.0,113,113
0.95,unconstrained,validation_evidence,11,2010,2022,12,2017.4375,2018.5,16,16
0.95,unconstrained,validation_evidence,24,2012,2023,11,2020.3125,2022.0,16,16
0.95,unconstrained,validation_evidence,32,2018,2023,5,2021.8260869565217,2022.0,23,26
0.95,unconstrained,validation_evidence,9,2008,2023,15,2019.7,2020.0,210,210
0.95,unconstrained,validation_evidence,19,2017,2023,6,2021.6909090909091,2022.0,55,55
0.95,unconstrained,validation_evidence,4,2015,2023,8,2020.4271844660195,2021.0,103,104
0.95,unconstrained,validation_evidence,18,2006,2023,17,2020.0675675675675,2021.0,74,74
0.95,unconstrained,validation_evidence,7,2010,2023,13,2019.2025316455697,2020.0,79,79
0.95,unconstrained,validation_evidence,2,2009,2023,14,2019.4890510948906,2021.0,137,137
0.95,unconstrained,validation_evidence,37,2019,2023,4,2022.0,2022.0,10,10
0.95,unconstrained,validation_evidence,0,2012,2023,11,2019.2579185520362,2019.0,221,221
0.95,unconstrained,validation_evidence,5,2012,2023,11,2019.8875,2021.0,80,80
0.95,unconstrained,validation_evidence,12,2015,2023,8,2020.0,2021.0,87,87
0.95,unconstrained,validation_evidence,22,2015,2023,8,2020.3428571428572,2021.0,35,35
0.95,unconstrained,validation_evidence,21,2013,2023,10,2020.5555555555557,2022.0,27,27
0.95,unconstrained,validation_evidence,25,2017,2023,6,2020.015625,2020.0,64,64
0.95,unconstrained,validation_evidence,13,2013,2023,10,2021.3796296296296,2022.0,108,111
0.95,unconstrained,validation_evidence,20,2010,2023,13,2017.734693877551,2019.0,49,49
0.95,unconstrained,validation_evidence,16,2006,2023,17,2018.7377049180327,2019.0,61,61
0.95,unconstrained,validation_evidence,6,2013,2023,10,2020.6341463414635,2021.0,82,82
0.95,unconstrained,validation_evidence,8,2010,2023,13,2021.712643678161,2022.0,87,87
0.95,unconstrained,validation_evidence,23,2019,2023,4,2022.2560975609756,2023.0,82,82
0.95,unconstrained,validation_evidence,26,2003,2023,20,2020.4615384615386,2022.5,52,52
0.95,unconstrained,validation_evidence,36,2009,2023,14,2020.6363636363637,2022.0,55,55
0.95,unconstrained,validation_evidence,10,2013,2023,10,2019.820512820513,2020.0,78,79
0.95,unconstrained,validation_evidence,15,2010,2022,12,2016.125,2016.0,16,16
0.95,unconstrained,validation_evidence,30,2005,2023,18,2019.578947368421,2021.0,38,38
0.95,unconstrained,validation_evidence,17,2013,2023,10,2019.8510638297873,2021.0,47,47
0.95,unconstrained,validation_evidence,27,2016,2023,7,2020.25,2020.0,24,24
0.95,unconstrained,validation_evidence,29,2002,2022,20,2017.8805970149253,2019.0,67,68
0.95,unconstrained,validation_evidence,3,2006,2023,17,2020.7916666666667,2021.0,48,48
0.95,unconstrained,validation_evidence,39,2013,2023,10,2019.7777777777778,2020.0,45,45
0.95,unconstrained,validation_evidence,14,2015,2023,8,2019.625,2021.0,8,8
0.95,unconstrained,validation_evidence,35,2020,2023,3,2021.0,2021.0,10,10
0.95,unconstrained,validation_evidence,34,2019,2023,4,2022.4545454545455,2023.0,22,22
0.95,unconstrained,validation_evidence,31,2020,2022,2,2021.0,2021.0,3,3
0.95,unconstrained,validation_evidence,28,2018,2023,5,2020.2,2020.5,10,10
0.95,unconstrained,validation_evidence,38,2016,2023,7,2021.2,2022.0,5,5
0.95,unconstrained,validation_evidence,33,2021,2021,0,2021.0,2021.0,1,1
0.95,single_risk,risk,31,2006,2023,17,2018.0238095238096,2019.0,42,42
0.95,single_risk,risk,5,2003,2023,20,2017.5,2019.0,84,84
0.95,single_risk,risk,4,2009,2023,14,2019.45625,2019.5,160,160
0.95,single_risk,risk,38,2010,2023,13,2019.6899224806202,2022.0,129,130
0.95,single_risk,risk,17,2003,2023,20,2020.290909090909,2021.0,55,56
0.95,single_risk,risk,3,2013,2023,10,2020.6829268292684,2021.0,82,82
0.95,single_risk,risk,7,2016,2023,7,2020.6164383561643,2021.0,73,73
0.95,single_risk,risk,20,2010,2023,13,2018.9253731343283,2020.0,67,67
0.95,single_risk,risk,24,2012,2023,11,2019.5142857142857,2021.0,35,35
0.95,single_risk,risk,33,2012,2023,11,2020.0434782608695,2020.5,92,92
0.95,single_risk,risk,8,2008,2023,15,2021.4102564102564,2022.0,39,39
0.95,single_risk,risk,18,2012,2023,11,2019.9381443298969,2020.0,97,97
0.95,single_risk,risk,13,2013,2023,10,2019.7246376811595,2021.0,69,69
0.95,single_risk,risk,1,2012,2023,11,2019.5042016806722,2020.0,119,119
0.95,single_risk,risk,15,2013,2023,10,2021.1079136690648,2022.0,139,140
0.95,single_risk,risk,2,2013,2023,10,2020.3085106382978,2020.0,94,94
0.95,single_risk,risk,32,2011,2023,12,2019.5238095238096,2019.0,105,105
0.95,single_risk,risk,23,2013,2023,10,2022.0,2023.0,22,22
0.95,single_risk,risk,22,1994,2023,29,2018.0704225352113,2019.0,71,71
0.95,single_risk,risk,14,2012,2023,11,2020.2254901960785,2020.0,102,102
0.95,single_risk,risk,28,2002,2023,21,2018.7333333333333,2019.5,30,30
0.95,single_risk,risk,34,2014,2023,9,2019.448275862069,2019.0,87,87
0.95,single_risk,risk,0,2009,2023,14,2019.8372093023256,2021.0,43,44
0.95,single_risk,risk,11,2017,2023,6,2021.5636363636363,2022.0,55,55
0.95,single_risk,risk,39,2014,2020,6,2017.2222222222222,2018.0,9,9
0.95,single_risk,risk,9,2006,2023,17,2020.6521739130435,2021.0,46,46
0.95,single_risk,risk,10,2012,2023,11,2020.945205479452,2022.0,73,74
0.95,single_risk,risk,16,2013,2023,10,2020.360655737705,2022.0,61,61
0.95,single_risk,risk,25,2013,2023,10,2021.14,2022.0,50,53
0.95,single_risk,risk,19,2011,2023,12,2020.234375,2021.0,64,65
0.95,single_risk,risk,29,2019,2023,4,2021.6666666666667,2022.0,6,6
0.95,single_risk,risk,35,2018,2023,5,2021.1333333333334,2022.0,15,15
0.95,single_risk,risk,6,2012,2023,11,2022.0621468926554,2022.0,177,177
0.95,single_risk,risk,26,2016,2023,7,2020.25,2020.5,16,16
0.95,single_risk,risk,37,2021,2021,0,2021.0,2021.0,3,3
0.95,single_risk,risk,12,2009,2023,14,2019.0833333333333,2020.0,60,60
0.95,single_risk,risk,21,2018,2023,5,2021.25,2021.5,24,24
0.95,single_risk,risk,30,2016,2022,6,2019.5652173913043,2020.0,23,23
0.95,single_risk,risk,36,2017,2023,6,2020.375,2021.0,8,8
0.95,single_risk,risk,27,2021,2021,0,2021.0,2021.0,1,1
0.95,single_risk,intervention,15,2012,2022,10,2019.4406779661017,2020.0,118,118
0.95,single_risk,intervention,21,2003,2023,20,2018.107142857143,2019.0,112,112
0.95,single_risk,intervention,18,2006,2023,17,2021.8222222222223,2023.0,135,135
0.95,single_risk,intervention,7,2012,2023,11,2019.9354838709678,2020.0,124,125
0.95,single_risk,intervention,27,2012,2023,11,2019.53,2020.0,100,100
0.95,single_risk,intervention,12,2011,2023,12,2020.0,2022.0,216,216
0.95,single_risk,intervention,38,2015,2023,8,2020.9736842105262,2022.0,38,38
0.95,single_risk,intervention,5,2008,2023,15,2019.6217616580311,2020.0,193,193
0.95,single_risk,intervention,10,2012,2023,11,2018.9885057471265,2019.0,87,87
0.95,single_risk,intervention,13,2012,2023,11,2020.546511627907,2021.0,86,86
0.95,single_risk,intervention,32,2010,2023,13,2020.5466666666666,2022.0,75,75
0.95,single_risk,intervention,26,2011,2023,12,2020.5757575757575,2021.0,99,99
0.95,single_risk,intervention,2,2012,2023,11,2018.4411764705883,2019.0,34,34
0.95,single_risk,intervention,30,2013,2023,10,2020.625,2021.0,64,64
0.95,single_risk,intervention,3,2014,2022,8,2019.2444444444445,2020.0,90,90
0.95,single_risk,intervention,36,2018,2022,4,2019.84,2019.0,25,25
0.95,single_risk,intervention,0,2009,2023,14,2020.848167539267,2022.0,191,193
0.95,single_risk,intervention,16,2013,2023,10,2020.8030303030303,2021.0,66,66
0.95,single_risk,intervention,14,2012,2023,11,2019.7931034482758,2020.0,87,87
0.95,single_risk,intervention,9,2019,2023,4,2022.1818181818182,2023.0,44,44
0.95,single_risk,intervention,11,2008,2023,15,2020.5591397849462,2021.0,186,188
0.95,single_risk,intervention,1,2010,2023,13,2020.0666666666666,2020.0,30,30
0.95,single_risk,intervention,28,2010,2023,13,2016.531914893617,2016.0,47,48
0.95,single_risk,intervention,8,2014,2023,9,2020.7093023255813,2022.0,86,87
0.95,single_risk,intervention,24,2018,2023,5,2022.258064516129,2023.0,31,35
0.95,single_risk,intervention,39,2005,2023,18,2019.4918032786886,2021.0,61,61
0.95,single_risk,intervention,17,1994,2022,28,2017.4098360655737,2018.0,61,61
0.95,single_risk,intervention,29,2015,2022,7,2020.0,2020.0,17,17
0.95,single_risk,intervention,6,2012,2023,11,2020.2380952380952,2021.0,21,21
0.95,single_risk,intervention,19,2013,2023,10,2018.25,2019.0,16,16
0.95,single_risk,intervention,34,2016,2023,7,2020.9333333333334,2022.0,30,30
0.95,single_risk,intervention,20,2002,2022,20,2017.52,2019.0,25,25
0.95,single_risk,intervention,37,2016,2023,7,2020.7619047619048,2022.0,21,21
0.95,single_risk,intervention,22,2013,2023,10,2019.5384615384614,2020.0,26,26
0.95,single_risk,intervention,35,2006,2023,17,2018.44,2020.0,25,25
0.95,single_risk,intervention,25,2015,2022,7,2020.6666666666667,2022.0,15,15
0.95,single_risk,intervention,4,2013,2022,9,2018.9166666666667,2020.0,12,12
0.95,single_risk,intervention,23,2022,2022,0,2022.0,2022.0,6,6
0.95,single_risk,intervention,31,2014,2023,9,2020.8,2023.0,5,5
0.95,single_risk,intervention,33,2020,2023,3,2021.5,2021.5,2,2
0.95,single_risk,all_concepts,14,2009,2023,14,2019.740350877193,2020.0,285,285
0.95,single_risk,all_concepts,0,2003,2023,20,2017.31,2018.0,400,400
0.95,single_risk,all_concepts,5,2010,2023,13,2018.716577540107,2020.0,187,187
0.95,single_risk,all_concepts,25,2012,2023,11,2020.457300275482,2022.0,363,367
0.95,single_risk,all_concepts,35,2018,2023,5,2022.0495867768595,2023.0,121,139
0.95,single_risk,all_concepts,28,2006,2023,17,2020.6605744125327,2022.0,383,383
0.95,single_risk,all_concepts,17,2013,2023,10,2021.8853754940712,2022.0,253,253
0.95,single_risk,all_concepts,2,2002,2023,21,2019.1923444976076,2020.0,1045,1045
0.95,single_risk,all_concepts,20,2006,2023,17,2019.5581896551723,2020.0,464,464
0.95,single_risk,all_concepts,4,2010,2023,13,2020.7612267250822,2022.0,913,927
0.95,single_risk,all_concepts,27,2018,2023,5,2020.9242424242425,2021.0,132,132
0.95,single_risk,all_concepts,33,2006,2023,17,2019.826815642458,2021.0,358,358
0.95,single_risk,all_concepts,7,2008,2023,15,2020.6014897579144,2022.0,537,537
0.95,single_risk,all_concepts,13,2012,2023,11,2020.188524590164,2022.0,488,488
0.95,single_risk,all_concepts,6,2011,2023,12,2019.6854521625164,2020.0,763,764
0.95,single_risk,all_concepts,1,2010,2023,13,2019.9863387978141,2020.0,366,366
0.95,single_risk,all_concepts,15,2006,2023,17,2019.9396914446004,2022.0,713,713
0.95,single_risk,all_concepts,38,2012,2023,11,2019.6395112016294,2020.0,491,491
0.95,single_risk,all_concepts,12,2006,2023,17,2020.863829787234,2022.0,235,235
0.95,single_risk,all_concepts,11,2013,2023,10,2021.8789237668161,2023.0,223,223
0.95,single_risk,all_concepts,10,2006,2023,17,2019.4304556354916,2020.0,834,835
0.95,single_risk,all_concepts,19,2003,2023,20,2019.408163265306,2021.0,98,98
0.95,single_risk,all_concepts,36,2002,2022,20,2017.9354838709678,2019.0,62,66
0.95,single_risk,all_concepts,9,2011,2023,12,2020.8520408163265,2021.0,196,196
0.95,single_risk,all_concepts,39,2005,2023,18,2019.6264591439688,2021.0,257,257
0.95,single_risk,all_concepts,26,2014,2023,9,2021.1857142857143,2022.0,70,70
0.95,single_risk,all_concepts,32,2012,2023,11,2019.2876712328766,2021.0,73,73
0.95,single_risk,all_concepts,30,2015,2023,8,2020.9375,2021.0,64,64
0.95,single_risk,all_concepts,18,2008,2023,15,2019.5066079295154,2020.0,227,227
0.95,single_risk,all_concepts,8,2010,2023,13,2019.3513513513512,2019.0,222,222
0.95,single_risk,all_concepts,21,2018,2023,5,2019.8947368421052,2020.0,38,38
0.95,single_risk,all_concepts,29,2006,2022,16,2017.2142857142858,2018.0,14,14
0.95,single_risk,all_concepts,3,2016,2023,7,2022.2090395480227,2023.0,354,354
0.95,single_risk,all_concepts,24,2006,2023,17,2020.3389830508474,2021.0,59,59
0.95,single_risk,all_concepts,23,2013,2021,8,2017.6875,2017.0,16,16
0.95,single_risk,all_concepts,22,2012,2023,11,2019.8732394366198,2020.0,213,213
0.95,single_risk,all_concepts,16,2012,2022,10,2019.0,2020.0,57,57
0.95,single_risk,all_concepts,31,2015,2023,8,2020.3636363636363,2021.0,22,22
0.95,single_risk,all_concepts,37,2002,2023,21,2019.1408450704225,2020.0,71,71
0.95,single_risk,all_concepts,34,2016,2023,7,2020.1538461538462,2020.0,26,26
0.95,single_risk,problem_analysis,23,2006,2023,17,2019.283870967742,2019.0,155,155
0.95,single_risk,problem_analysis,29,2014,2022,8,2017.896551724138,2018.0,29,30
0.95,single_risk,problem_analysis,5,2003,2023,20,2018.2222222222222,2019.0,54,54
0.95,single_risk,problem_analysis,18,2006,2023,17,2020.1964285714287,2021.0,56,56
0.95,single_risk,problem_analysis,34,2010,2023,13,2019.7954545454545,2020.0,44,44
0.95,single_risk,problem_analysis,9,2013,2023,10,2020.418181818182,2021.0,55,55
0.95,single_risk,problem_analysis,10,2013,2023,10,2019.5394736842106,2020.0,76,76
0.95,single_risk,problem_analysis,21,2006,2023,17,2019.8837209302326,2022.0,172,172
0.95,single_risk,problem_analysis,7,2013,2023,10,2020.891304347826,2022.0,92,93
0.95,single_risk,problem_analysis,2,2010,2023,13,2020.3241758241759,2021.0,182,182
0.95,single_risk,problem_analysis,35,2012,2023,11,2019.5454545454545,2020.0,44,44
0.95,single_risk,problem_analysis,24,2012,2023,11,2019.1538461538462,2019.0,52,52
0.95,single_risk,problem_analysis,3,2014,2023,9,2019.969696969697,2020.0,66,66
0.95,single_risk,problem_analysis,12,2014,2023,9,2019.8440366972477,2020.0,109,109
0.95,single_risk,problem_analysis,17,2006,2023,17,2019.547619047619,2020.0,84,84
0.95,single_risk,problem_analysis,26,2011,2023,12,2019.2333333333333,2020.5,30,30
0.95,single_risk,problem_analysis,39,2012,2023,11,2020.7530864197531,2022.0,81,81
0.95,single_risk,problem_analysis,13,2014,2023,9,2021.3118279569892,2022.0,93,96
0.95,single_risk,problem_analysis,31,2018,2023,5,2021.2307692307693,2022.0,52,52
0.95,single_risk,problem_analysis,11,2003,2022,19,2018.7333333333333,2019.0,90,90
0.95,single_risk,problem_analysis,14,2010,2023,13,2021.015503875969,2022.0,129,133
0.95,single_risk,problem_analysis,28,2010,2022,12,2019.6,2020.0,50,50
0.95,single_risk,problem_analysis,20,2014,2023,9,2019.9245283018868,2021.0,53,53
0.95,single_risk,problem_analysis,4,2014,2023,9,2020.6153846153845,2022.0,39,39
0.95,single_risk,problem_analysis,30,2018,2023,5,2020.7777777777778,2021.0,18,18
0.95,single_risk,problem_analysis,19,2010,2022,12,2019.0,2020.0,26,26
0.95,single_risk,problem_analysis,8,2015,2023,8,2020.8823529411766,2022.0,85,85
0.95,single_risk,problem_analysis,0,2013,2023,10,2019.409090909091,2020.5,66,66
0.95,single_risk,problem_analysis,15,2008,2022,14,2019.340909090909,2020.5,44,44
0.95,single_risk,problem_analysis,25,2011,2023,12,2019.9666666666667,2020.0,30,30
0.95,single_risk,problem_analysis,32,2006,2023,17,2018.8181818181818,2020.0,22,22
0.95,single_risk,problem_analysis,22,2014,2023,9,2020.5945945945946,2021.0,37,37
0.95,single_risk,problem_analysis,16,2002,2023,21,2018.8703703703704,2020.0,54,54
0.95,single_risk,problem_analysis,38,2015,2023,8,2020.0454545454545,2020.0,44,44
0.95,single_risk,problem_analysis,6,2019,2023,4,2022.611111111111,2023.0,36,36
0.95,single_risk,problem_analysis,27,2010,2023,13,2021.6323529411766,2022.0,68,68
0.95,single_risk,problem_analysis,33,2013,2023,10,2019.1785714285713,2020.0,28,28
0.95,single_risk,problem_analysis,1,2010,2023,13,2019.3181818181818,2021.0,22,22
0.95,single_risk,problem_analysis,37,2019,2023,4,2021.5,2022.0,8,8
0.95,single_risk,problem_analysis,36,2023,2023,0,2023.0,2023.0,3,3
0.95,single_risk,theoretical_insight,4,2003,2023,20,2018.18,2019.0,50,50
0.95,single_risk,theoretical_insight,21,2016,2023,7,2021.5652173913043,2023.0,23,26
0.95,single_risk,theoretical_insight,1,2012,2023,11,2020.5632183908046,2022.0,87,89
0.95,single_risk,theoretical_insight,9,2012,2023,11,2020.4375,2021.0,48,49
0.95,single_risk,theoretical_insight,28,2015,2023,8,2018.8333333333333,2020.0,12,12
0.95,single_risk,theoretical_insight,0,2010,2023,13,2019.795918367347,2020.0,147,147
0.95,single_risk,theoretical_insight,10,2011,2023,12,2020.2448979591836,2022.0,147,147
0.95,single_risk,theoretical_insight,6,2009,2023,14,2020.3673469387754,2021.0,147,147
0.95,single_risk,theoretical_insight,15,2012,2023,11,2020.1935483870968,2021.0,124,124
0.95,single_risk,theoretical_insight,26,2011,2023,12,2019.5890410958905,2020.0,73,73
0.95,single_risk,theoretical_insight,17,2014,2023,9,2019.741935483871,2019.0,124,124
0.95,single_risk,theoretical_insight,19,2006,2023,17,2019.7777777777778,2020.0,27,27
0.95,single_risk,theoretical_insight,34,2013,2023,10,2019.9318181818182,2021.0,44,44
0.95,single_risk,theoretical_insight,5,2012,2023,11,2020.936170212766,2022.0,94,94
0.95,single_risk,theoretical_insight,32,2003,2023,20,2017.5,2018.0,58,58
0.95,single_risk,theoretical_insight,29,2011,2023,12,2021.2254901960785,2022.0,102,103
0.95,single_risk,theoretical_insight,30,2005,2023,18,2019.9056603773586,2021.0,106,106
0.95,single_risk,theoretical_insight,11,2006,2023,17,2019.2168674698796,2020.0,83,83
0.95,single_risk,theoretical_insight,12,2014,2023,9,2020.969696969697,2021.0,66,66
0.95,single_risk,theoretical_insight,16,2012,2023,11,2020.3428571428572,2020.0,70,70
0.95,single_risk,theoretical_insight,22,2018,2023,5,2020.7058823529412,2021.0,17,17
0.95,single_risk,theoretical_insight,13,2012,2023,11,2020.027027027027,2021.0,37,37
0.95,single_risk,theoretical_insight,23,2014,2023,9,2018.611111111111,2018.0,18,18
0.95,single_risk,theoretical_insight,3,2010,2023,13,2018.32,2018.0,75,75
0.95,single_risk,theoretical_insight,35,2015,2023,8,2021.142857142857,2022.0,7,7
0.95,single_risk,theoretical_insight,37,2012,2022,10,2019.7894736842106,2021.0,19,19
0.95,single_risk,theoretical_insight,8,2008,2023,15,2018.9449541284403,2020.0,109,109
0.95,single_risk,theoretical_insight,18,2013,2023,10,2019.952380952381,2021.0,21,21
0.95,single_risk,theoretical_insight,27,2021,2023,2,2022.0,2022.0,3,3
0.95,single_risk,theoretical_insight,24,2015,2023,8,2020.1052631578948,2020.0,19,19
0.95,single_risk,theoretical_insight,14,2014,2023,9,2021.4035087719299,2022.0,57,57
0.95,single_risk,theoretical_insight,2,2002,2023,21,2018.7777777777778,2020.0,54,54
0.95,single_risk,theoretical_insight,7,2015,2023,8,2019.764705882353,2020.0,17,17
0.95,single_risk,theoretical_insight,20,2013,2023,10,2022.0285714285715,2022.0,35,35
0.95,single_risk,theoretical_insight,36,2018,2022,4,2019.55,2019.0,20,20
0.95,single_risk,theoretical_insight,31,2012,2022,10,2018.5,2019.0,24,24
0.95,single_risk,theoretical_insight,25,2019,2023,4,2022.3,2023.0,10,10
0.95,single_risk,theoretical_insight,38,2019,2023,4,2022.0,2022.0,20,20
0.95,single_risk,theoretical_insight,39,2015,2023,8,2020.03125,2020.0,32,32
0.95,single_risk,theoretical_insight,33,2019,2023,4,2021.6363636363637,2022.0,11,11
0.95,single_risk,design_rationale,3,2010,2023,13,2018.9705882352941,2019.5,68,68
0.95,single_risk,design_rationale,4,2010,2023,13,2018.949152542373,2020.0,59,59
0.95,single_risk,design_rationale,7,2002,2023,21,2016.7384615384615,2017.0,65,65
0.95,single_risk,design_rationale,33,2018,2023,5,2022.1923076923076,2022.5,26,30
0.95,single_risk,design_rationale,39,2015,2023,8,2019.1538461538462,2019.0,13,13
0.95,single_risk,design_rationale,21,2006,2023,17,2020.3486842105262,2021.0,152,152
0.95,single_risk,design_rationale,6,2012,2023,11,2019.5743243243244,2020.0,148,149
0.95,single_risk,design_rationale,27,2018,2023,5,2020.9166666666667,2021.0,12,12
0.95,single_risk,design_rationale,25,2011,2023,12,2019.155172413793,2019.0,58,58
0.95,single_risk,design_rationale,24,2011,2023,12,2019.6027397260275,2021.0,146,146
0.95,single_risk,design_rationale,1,2012,2023,11,2019.8367346938776,2020.0,98,98
0.95,single_risk,design_rationale,13,2012,2023,11,2018.677966101695,2019.0,59,59
0.95,single_risk,design_rationale,2,2016,2023,7,2020.2727272727273,2020.5,44,44
0.95,single_risk,design_rationale,18,2010,2023,13,2020.8,2022.0,45,45
0.95,single_risk,design_rationale,17,2016,2023,7,2020.4,2021.0,55,55
0.95,single_risk,design_rationale,20,2003,2023,20,2019.9333333333334,2021.0,105,105
0.95,single_risk,design_rationale,16,2009,2022,13,2018.0,2018.0,21,21
0.95,single_risk,design_rationale,5,2012,2023,11,2021.1160220994475,2022.0,181,184
0.95,single_risk,design_rationale,15,2008,2023,15,2020.3939393939395,2021.0,66,66
0.95,single_risk,design_rationale,28,2013,2023,10,2021.26,2022.0,50,50
0.95,single_risk,design_rationale,22,2006,2023,17,2019.6933333333334,2020.0,75,75
0.95,single_risk,design_rationale,8,2018,2023,5,2021.032258064516,2021.0,31,31
0.95,single_risk,design_rationale,14,2009,2023,14,2019.6666666666667,2020.0,141,141
0.95,single_risk,design_rationale,34,2015,2023,8,2021.6,2022.0,35,35
0.95,single_risk,design_rationale,9,2015,2023,8,2020.2105263157894,2020.5,38,38
0.95,single_risk,design_rationale,19,2013,2022,9,2018.8125,2018.5,48,48
0.95,single_risk,design_rationale,38,2010,2023,13,2019.2,2019.0,25,25
0.95,single_risk,design_rationale,37,2005,2023,18,2019.5294117647059,2021.0,51,51
0.95,single_risk,design_rationale,11,2016,2023,7,2020.5116279069769,2021.0,86,86
0.95,single_risk,design_rationale,0,2018,2023,5,2021.6363636363637,2022.0,55,55
0.95,single_risk,design_rationale,26,2012,2023,11,2021.2631578947369,2022.0,19,19
0.95,single_risk,design_rationale,12,2006,2023,17,2018.9795918367347,2020.0,49,49
0.95,single_risk,design_rationale,10,2016,2023,7,2020.6896551724137,2021.0,29,29
0.95,single_risk,design_rationale,35,2021,2023,2,2022.5,2023.0,4,4
0.95,single_risk,design_rationale,30,2012,2023,11,2019.9411764705883,2020.0,34,34
0.95,single_risk,design_rationale,23,2018,2022,4,2019.909090909091,2020.0,11,11
0.95,single_risk,design_rationale,32,2017,2023,6,2019.6666666666667,2019.5,12,12
0.95,single_risk,design_rationale,31,2015,2022,7,2019.25,2020.0,4,4
0.95,single_risk,design_rationale,29,2017,2023,6,2021.4117647058824,2022.0,34,34
0.95,single_risk,design_rationale,36,2016,2019,3,2017.6666666666667,2018.0,3,3
0.95,single_risk,implementation_mechanism,15,2014,2023,9,2019.8988764044943,2020.0,89,89
0.95,single_risk,implementation_mechanism,30,2003,2023,20,2017.7021276595744,2018.0,47,47
0.95,single_risk,implementation_mechanism,25,2003,2023,20,2017.3538461538462,2017.0,65,65
0.95,single_risk,implementation_mechanism,4,2009,2023,14,2021.430463576159,2022.0,151,151
0.95,single_risk,implementation_mechanism,14,2006,2023,17,2019.4887218045112,2019.0,133,133
0.95,single_risk,implementation_mechanism,7,2012,2023,11,2019.6538461538462,2020.0,78,78
0.95,single_risk,implementation_mechanism,5,2010,2023,13,2019.6432748538011,2021.0,171,171
0.95,single_risk,implementation_mechanism,13,2006,2023,17,2021.2708333333333,2022.0,48,48
0.95,single_risk,implementation_mechanism,21,2012,2023,11,2019.4298245614036,2020.0,114,114
0.95,single_risk,implementation_mechanism,29,2013,2023,10,2020.6571428571428,2021.0,35,35
0.95,single_risk,implementation_mechanism,16,2011,2023,12,2019.0857142857142,2019.0,35,35
0.95,single_risk,implementation_mechanism,0,2010,2023,13,2019.4388489208634,2020.0,139,141
0.95,single_risk,implementation_mechanism,23,2012,2023,11,2021.0,2022.0,44,44
0.95,single_risk,implementation_mechanism,12,2013,2023,10,2021.072,2022.0,125,127
0.95,single_risk,implementation_mechanism,37,2013,2023,10,2019.547619047619,2020.0,42,42
0.95,single_risk,implementation_mechanism,38,2015,2023,8,2020.2666666666667,2021.0,15,15
0.95,single_risk,implementation_mechanism,1,2012,2023,11,2020.2833333333333,2021.0,60,60
0.95,single_risk,implementation_mechanism,8,2013,2023,10,2021.2784810126582,2022.0,79,79
0.95,single_risk,implementation_mechanism,10,2014,2023,9,2019.642857142857,2019.0,56,56
0.95,single_risk,implementation_mechanism,31,2008,2023,15,2020.0615384615385,2022.0,65,65
0.95,single_risk,implementation_mechanism,19,2005,2022,17,2019.1546391752577,2020.0,97,97
0.95,single_risk,implementation_mechanism,17,2016,2023,7,2019.861111111111,2020.0,36,36
0.95,single_risk,implementation_mechanism,2,2014,2023,9,2020.74,2021.0,100,100
0.95,single_risk,implementation_mechanism,6,2012,2023,11,2019.0,2019.0,45,45
0.95,single_risk,implementation_mechanism,22,2006,2023,17,2021.6666666666667,2022.0,75,75
0.95,single_risk,implementation_mechanism,27,2017,2023,6,2020.2631578947369,2020.0,38,38
0.95,single_risk,implementation_mechanism,28,2018,2023,5,2022.142857142857,2023.0,35,39
0.95,single_risk,implementation_mechanism,34,2011,2023,12,2020.4333333333334,2021.0,30,31
0.95,single_risk,implementation_mechanism,36,2013,2023,10,2019.452380952381,2021.0,42,42
0.95,single_risk,implementation_mechanism,32,2019,2023,4,2021.2272727272727,2021.0,22,22
0.95,single_risk,implementation_mechanism,33,2012,2022,10,2019.36,2020.0,25,25
0.95,single_risk,implementation_mechanism,20,2015,2023,8,2020.7857142857142,2021.5,14,14
0.95,single_risk,implementation_mechanism,11,2006,2023,17,2019.375,2020.0,32,32
0.95,single_risk,implementation_mechanism,9,2008,2023,15,2019.7692307692307,2021.0,39,39
0.95,single_risk,implementation_mechanism,24,2013,2022,9,2019.608695652174,2020.0,23,23
0.95,single_risk,implementation_mechanism,3,2002,2023,21,2018.327868852459,2019.0,61,61
0.95,single_risk,implementation_mechanism,26,2015,2022,7,2019.625,2020.0,16,16
0.95,single_risk,implementation_mechanism,35,2013,2023,10,2019.258064516129,2019.0,31,31
0.95,single_risk,implementation_mechanism,39,2022,2023,1,2022.3333333333333,2022.0,3,3
0.95,single_risk,implementation_mechanism,18,2013,2023,10,2020.5217391304348,2021.0,23,23
0.95,single_risk,validation_evidence,18,2006,2022,16,2018.7260273972602,2019.0,73,73
0.95,single_risk,validation_evidence,26,2010,2023,13,2016.8095238095239,2018.0,21,21
0.95,single_risk,validation_evidence,22,2012,2023,11,2020.65,2022.0,20,20
0.95,single_risk,validation_evidence,33,2018,2023,5,2021.8636363636363,2022.0,22,25
0.95,single_risk,validation_evidence,8,2003,2023,20,2019.841726618705,2020.0,139,139
0.95,single_risk,validation_evidence,39,2020,2023,3,2021.9714285714285,2022.0,35,35
0.95,single_risk,validation_evidence,10,2015,2023,8,2020.247191011236,2020.0,89,90
0.95,single_risk,validation_evidence,9,2018,2023,5,2020.939393939394,2021.0,33,33
0.95,single_risk,validation_evidence,13,2012,2023,11,2020.0,2021.0,57,57
0.95,single_risk,validation_evidence,38,2009,2023,14,2019.7207207207207,2022.0,111,111
0.95,single_risk,validation_evidence,21,2019,2023,4,2022.0,2022.0,10,10
0.95,single_risk,validation_evidence,2,2012,2023,11,2019.1628959276018,2019.0,221,221
0.95,single_risk,validation_evidence,11,2012,2023,11,2019.7567567567567,2020.5,74,74
0.95,single_risk,validation_evidence,12,2015,2023,8,2020.2142857142858,2021.0,98,98
0.95,single_risk,validation_evidence,14,2006,2023,17,2020.388349514563,2021.0,103,103
0.95,single_risk,validation_evidence,25,2015,2023,8,2020.0333333333333,2019.5,30,30
0.95,single_risk,validation_evidence,24,2013,2023,10,2020.5555555555557,2022.0,27,27
0.95,single_risk,validation_evidence,15,2014,2023,9,2019.6103896103896,2020.0,77,77
0.95,single_risk,validation_evidence,7,2014,2023,9,2021.64,2022.0,100,103
0.95,single_risk,validation_evidence,23,2010,2023,13,2017.8846153846155,2019.0,52,52
0.95,single_risk,validation_evidence,16,2006,2023,17,2019.0357142857142,2020.0,84,84
0.95,single_risk,validation_evidence,3,2013,2023,10,2020.144578313253,2020.0,83,83
0.95,single_risk,validation_evidence,4,2010,2023,13,2021.6941176470589,2022.0,85,85
0.95,single_risk,validation_evidence,5,2008,2023,15,2019.5853658536585,2020.0,123,123
0.95,single_risk,validation_evidence,6,2013,2023,10,2021.936507936508,2022.0,63,63
0.95,single_risk,validation_evidence,0,2003,2023,20,2020.5072463768115,2022.0,69,69
0.95,single_risk,validation_evidence,28,2009,2023,14,2020.5636363636363,2022.0,55,55
0.95,single_risk,validation_evidence,35,2010,2022,12,2016.2,2016.0,15,15
0.95,single_risk,validation_evidence,29,2012,2023,11,2018.1785714285713,2019.0,28,28
0.95,single_risk,validation_evidence,1,2013,2023,10,2019.867469879518,2020.0,83,84
0.95,single_risk,validation_evidence,30,2005,2023,18,2019.5384615384614,2021.0,39,39
0.95,single_risk,validation_evidence,19,2013,2023,10,2019.7045454545455,2021.0,44,44
0.95,single_risk,validation_evidence,31,2016,2023,7,2020.25,2020.0,24,24
0.95,single_risk,validation_evidence,20,2002,2022,20,2017.8382352941176,2018.5,68,69
0.95,single_risk,validation_evidence,34,2019,2023,4,2022.378787878788,2023.0,66,66
0.95,single_risk,validation_evidence,17,2003,2022,19,2013.2,2014.0,5,5
0.95,single_risk,validation_evidence,37,2018,2023,5,2022.142857142857,2023.0,7,7
0.95,single_risk,validation_evidence,32,2017,2022,5,2020.0,2020.5,4,4
0.95,single_risk,validation_evidence,27,2018,2023,5,2020.7142857142858,2021.0,7,7
0.95,single_risk,validation_evidence,36,2021,2021,0,2021.0,2021.0,1,1
0.95,monotonic,risk,11,2006,2023,17,2018.4556962025317,2020.0,79,79
0.95,monotonic,risk,3,2003,2023,20,2017.5194805194806,2019.0,77,77
0.95,monotonic,risk,15,2009,2023,14,2019.6014492753623,2020.0,138,138
0.95,monotonic,risk,5,2011,2023,12,2020.0075757575758,2021.0,132,132
0.95,monotonic,risk,27,2014,2023,9,2020.5357142857142,2021.0,112,112
0.95,monotonic,risk,1,2003,2023,20,2019.1083333333333,2020.0,120,120
0.95,monotonic,risk,24,2012,2023,11,2019.6285714285714,2021.0,35,35
0.95,monotonic,risk,6,2010,2023,13,2021.59670781893,2022.0,243,245
0.95,monotonic,risk,39,2012,2023,11,2020.2,2021.0,85,85
0.95,monotonic,risk,10,2012,2023,11,2020.0083333333334,2020.0,120,120
0.95,monotonic,risk,9,2013,2023,10,2019.718309859155,2021.0,71,72
0.95,monotonic,risk,14,2016,2023,7,2020.7763157894738,2021.0,76,76
0.95,monotonic,risk,19,2012,2023,11,2020.090909090909,2020.0,121,121
0.95,monotonic,risk,31,2012,2023,11,2019.5238095238096,2020.0,84,84
0.95,monotonic,risk,8,2013,2023,10,2021.0493827160494,2022.0,162,162
0.95,monotonic,risk,0,2006,2023,17,2020.11,2020.5,100,100
0.95,monotonic,risk,12,1994,2022,28,2018.2111111111112,2019.0,90,90
0.95,monotonic,risk,13,2015,2023,8,2020.6666666666667,2022.0,12,12
0.95,monotonic,risk,16,2014,2023,9,2020.75,2022.0,56,57
0.95,monotonic,risk,34,2011,2022,11,2019.4607843137255,2019.0,102,102
0.95,monotonic,risk,21,2013,2023,10,2021.9473684210527,2023.0,19,19
0.95,monotonic,risk,20,2002,2023,21,2018.75,2019.0,32,32
0.95,monotonic,risk,30,2014,2023,9,2019.5578947368422,2019.0,95,95
0.95,monotonic,risk,33,2009,2022,13,2019.59375,2021.0,32,32
0.95,monotonic,risk,17,2017,2023,6,2021.5357142857142,2022.0,56,56
0.95,monotonic,risk,23,2006,2023,17,2020.9038461538462,2022.0,52,52
0.95,monotonic,risk,7,2012,2023,11,2021.060606060606,2022.0,165,165
0.95,monotonic,risk,37,2011,2023,12,2019.1764705882354,2021.0,119,119
0.95,monotonic,risk,25,2010,2023,13,2020.3666666666666,2022.0,60,60
0.95,monotonic,risk,38,2015,2023,8,2021.560975609756,2022.0,41,44
0.95,monotonic,risk,18,2011,2023,12,2020.2203389830509,2021.0,59,61
0.95,monotonic,risk,4,2013,2023,10,2021.0416666666667,2022.0,24,24
0.95,monotonic,risk,32,2013,2023,10,2021.051282051282,2022.0,39,40
0.95,monotonic,risk,22,2008,2023,15,2021.5,2022.0,30,30
0.95,monotonic,risk,2,2012,2023,11,2022.1016949152543,2022.0,177,177
0.95,monotonic,risk,28,2016,2023,7,2019.9565217391305,2020.0,23,23
0.95,monotonic,risk,35,2018,2023,5,2021.3076923076924,2022.0,26,26
0.95,monotonic,risk,26,2023,2023,0,2023.0,2023.0,2,2
0.95,monotonic,risk,29,2017,2023,6,2020.111111111111,2021.0,9,9
0.95,monotonic,risk,36,2021,2021,0,2021.0,2021.0,1,1
0.95,monotonic,intervention,14,2012,2022,10,2019.5188679245282,2020.0,106,106
0.95,monotonic,intervention,4,2002,2023,21,2017.463768115942,2018.0,69,69
0.95,monotonic,intervention,25,2016,2023,7,2022.1176470588234,2023.0,119,119
0.95,monotonic,intervention,2,2014,2023,9,2019.8073394495414,2019.0,109,109
0.95,monotonic,intervention,30,2012,2023,11,2019.551724137931,2020.0,87,87
0.95,monotonic,intervention,12,2011,2023,12,2019.7486631016043,2021.0,187,187
0.95,monotonic,intervention,24,2015,2023,8,2020.8,2022.0,40,40
0.95,monotonic,intervention,5,2012,2023,11,2020.3368421052633,2021.0,95,95
0.95,monotonic,intervention,17,2006,2023,17,2019.6296296296296,2020.0,189,189
0.95,monotonic,intervention,26,2012,2023,11,2019.2533333333333,2020.0,75,75
0.95,monotonic,intervention,31,2010,2023,13,2020.5,2021.0,78,78
0.95,monotonic,intervention,36,2011,2023,12,2020.3958333333333,2021.0,96,96
0.95,monotonic,intervention,3,2012,2023,11,2018.4074074074074,2019.0,27,27
0.95,monotonic,intervention,0,2003,2023,20,2019.46875,2020.0,128,128
0.95,monotonic,intervention,8,2003,2022,19,2018.9375,2020.0,32,32
0.95,monotonic,intervention,21,2009,2023,14,2021.2166666666667,2022.0,120,122
0.95,monotonic,intervention,6,2006,2023,17,2019.86301369863,2021.0,73,73
0.95,monotonic,intervention,16,2012,2023,11,2019.6140350877192,2019.0,57,57
0.95,monotonic,intervention,7,2010,2023,13,2020.685950413223,2022.0,121,122
0.95,monotonic,intervention,28,2014,2022,8,2019.0422535211267,2019.0,71,71
0.95,monotonic,intervention,13,2018,2023,5,2022.0416666666667,2022.5,48,48
0.95,monotonic,intervention,9,2008,2023,15,2020.6538461538462,2021.0,182,184
0.95,monotonic,intervention,10,2012,2023,11,2019.5925925925926,2020.0,27,27
0.95,monotonic,intervention,15,2010,2023,13,2020.148148148148,2020.0,27,27
0.95,monotonic,intervention,39,2012,2023,11,2020.7846153846153,2022.0,65,65
0.95,monotonic,intervention,11,2010,2023,13,2016.6666666666667,2016.5,48,50
0.95,monotonic,intervention,35,2012,2023,11,2020.103448275862,2020.0,29,29
0.95,monotonic,intervention,37,2018,2023,5,2022.2333333333333,2023.0,30,34
0.95,monotonic,intervention,33,2005,2023,18,2019.4262295081967,2021.0,61,61
0.95,monotonic,intervention,19,1994,2022,28,2017.9264705882354,2019.0,68,68
0.95,monotonic,intervention,22,2009,2023,14,2020.0714285714287,2020.0,28,28
0.95,monotonic,intervention,29,2020,2022,2,2021.125,2021.0,8,8
0.95,monotonic,intervention,1,2012,2023,11,2019.4146341463415,2020.0,41,41
0.95,monotonic,intervention,20,2016,2023,7,2021.0357142857142,2022.0,28,28
0.95,monotonic,intervention,18,2016,2023,7,2020.375,2020.0,32,32
0.95,monotonic,intervention,34,2013,2023,10,2019.5384615384614,2020.0,26,26
0.95,monotonic,intervention,32,2015,2022,7,2020.625,2022.0,16,16
0.95,monotonic,intervention,38,2013,2022,9,2017.8,2018.5,10,10
0.95,monotonic,intervention,23,2022,2022,0,2022.0,2022.0,6,6
0.95,monotonic,intervention,27,2014,2023,9,2020.8,2023.0,5,5
0.95,monotonic,all_concepts,11,2002,2023,21,2018.9960396039603,2020.0,505,506
0.95,monotonic,all_concepts,3,2003,2023,20,2018.7004830917874,2019.0,414,414
0.95,monotonic,all_concepts,14,2003,2023,20,2016.9093851132686,2016.0,309,309
0.95,monotonic,all_concepts,15,2010,2023,13,2019.0982658959538,2020.0,173,173
0.95,monotonic,all_concepts,10,2012,2023,11,2020.4159779614324,2022.0,363,367
0.95,monotonic,all_concepts,36,2018,2023,5,2022.047619047619,2022.0,105,123
0.95,monotonic,all_concepts,28,2006,2023,17,2020.83879093199,2022.0,397,397
0.95,monotonic,all_concepts,32,2013,2023,10,2021.9704433497536,2022.0,203,203
0.95,monotonic,all_concepts,0,2006,2023,17,2019.5013309671695,2020.0,1127,1127
0.95,monotonic,all_concepts,30,2002,2022,20,2017.31,2018.0,100,104
0.95,monotonic,all_concepts,4,2008,2023,15,2020.9505813953488,2022.0,1032,1042
0.95,monotonic,all_concepts,21,2010,2023,13,2020.7443609022557,2021.0,133,133
0.95,monotonic,all_concepts,29,2006,2023,17,2019.937627811861,2022.0,978,982
0.95,monotonic,all_concepts,12,2006,2023,17,2019.4727272727273,2020.0,385,385
0.95,monotonic,all_concepts,38,2012,2023,11,2019.8934010152284,2021.0,394,394
0.95,monotonic,all_concepts,1,2012,2023,11,2019.5806451612902,2020.0,496,496
0.95,monotonic,all_concepts,20,2012,2023,11,2019.7564766839378,2020.0,193,193
0.95,monotonic,all_concepts,9,2006,2023,17,2019.5983772819473,2020.0,493,493
0.95,monotonic,all_concepts,27,2010,2023,13,2020.2066666666667,2022.0,150,150
0.95,monotonic,all_concepts,7,2011,2023,12,2019.6009538950716,2020.0,629,629
0.95,monotonic,all_concepts,13,2006,2023,17,2021.1193181818182,2022.0,176,176
0.95,monotonic,all_concepts,25,2010,2023,13,2019.796875,2020.0,192,192
0.95,monotonic,all_concepts,8,2014,2023,9,2022.1400778210116,2023.0,257,257
0.95,monotonic,all_concepts,2,2010,2023,13,2019.8294573643411,2020.0,516,517
0.95,monotonic,all_concepts,18,2005,2023,18,2019.6401515151515,2021.0,264,264
0.95,monotonic,all_concepts,16,2015,2023,8,2021.4057971014493,2022.0,69,69
0.95,monotonic,all_concepts,22,2012,2023,11,2020.6145251396647,2021.0,179,179
0.95,monotonic,all_concepts,6,2002,2023,21,2019.613698630137,2020.0,365,365
0.95,monotonic,all_concepts,17,2013,2022,9,2018.2666666666667,2021.0,15,15
0.95,monotonic,all_concepts,26,2018,2022,4,2019.8108108108108,2020.0,37,37
0.95,monotonic,all_concepts,5,2012,2023,11,2022.0,2022.0,297,297
0.95,monotonic,all_concepts,33,2006,2023,17,2020.0526315789473,2021.0,38,38
0.95,monotonic,all_concepts,24,2011,2023,12,2020.5714285714287,2021.0,126,126
0.95,monotonic,all_concepts,23,2013,2021,8,2017.6875,2017.0,16,16
0.95,monotonic,all_concepts,37,2013,2023,10,2021.6627906976744,2022.0,86,86
0.95,monotonic,all_concepts,34,2018,2023,5,2021.965909090909,2022.0,88,88
0.95,monotonic,all_concepts,19,2016,2023,7,2020.6808510638298,2021.0,47,47
0.95,monotonic,all_concepts,39,2015,2023,8,2019.952380952381,2020.0,21,21
0.95,monotonic,all_concepts,35,2016,2022,6,2020.1860465116279,2022.0,43,43
0.95,monotonic,all_concepts,31,2018,2023,5,2021.3125,2022.0,32,32
0.95,monotonic,problem_analysis,6,2006,2023,17,2019.1734693877552,2019.0,98,98
0.95,monotonic,problem_analysis,33,2014,2022,8,2017.896551724138,2018.0,29,30
0.95,monotonic,problem_analysis,10,2003,2023,20,2017.6666666666667,2019.0,45,45
0.95,monotonic,problem_analysis,38,2006,2023,17,2019.8018018018017,2020.0,111,111
0.95,monotonic,problem_analysis,2,2006,2023,17,2019.9142857142858,2021.0,70,70
0.95,monotonic,problem_analysis,28,2010,2023,13,2019.8846153846155,2020.0,52,52
0.95,monotonic,problem_analysis,26,2015,2023,8,2020.8076923076924,2021.0,52,52
0.95,monotonic,problem_analysis,18,2013,2023,10,2019.7887323943662,2021.0,71,71
0.95,monotonic,problem_analysis,4,2010,2023,13,2019.9580838323354,2022.0,167,167
0.95,monotonic,problem_analysis,35,2013,2023,10,2020.6705882352942,2022.0,85,86
0.95,monotonic,problem_analysis,12,2009,2023,14,2020.1105263157895,2021.0,190,190
0.95,monotonic,problem_analysis,27,2012,2023,11,2019.2894736842106,2020.0,38,38
0.95,monotonic,problem_analysis,23,2012,2023,11,2018.86,2019.0,50,50
0.95,monotonic,problem_analysis,30,2014,2023,9,2020.1016949152543,2021.0,59,59
0.95,monotonic,problem_analysis,13,2014,2023,9,2019.8431372549019,2020.0,102,102
0.95,monotonic,problem_analysis,32,2006,2023,17,2019.7142857142858,2021.0,21,21
0.95,monotonic,problem_analysis,11,2011,2023,12,2018.5384615384614,2019.0,26,26
0.95,monotonic,problem_analysis,14,2018,2023,5,2021.775,2022.0,40,40
0.95,monotonic,problem_analysis,3,2006,2023,17,2020.716814159292,2022.0,113,116
0.95,monotonic,problem_analysis,19,2010,2023,13,2020.5967741935483,2021.0,62,62
0.95,monotonic,problem_analysis,5,2003,2023,20,2018.7326732673268,2019.0,101,101
0.95,monotonic,problem_analysis,0,2010,2023,13,2021.4552845528456,2022.0,123,127
0.95,monotonic,problem_analysis,22,2010,2022,12,2019.5882352941176,2020.0,51,51
0.95,monotonic,problem_analysis,8,2009,2023,14,2019.7387387387387,2020.0,111,111
0.95,monotonic,problem_analysis,15,2014,2023,9,2020.8285714285714,2022.0,35,35
0.95,monotonic,problem_analysis,37,2014,2023,9,2019.657894736842,2020.5,38,38
0.95,monotonic,problem_analysis,31,2018,2023,5,2020.8947368421052,2021.0,19,19
0.95,monotonic,problem_analysis,17,2010,2022,12,2019.3478260869565,2021.0,23,23
0.95,monotonic,problem_analysis,21,2015,2023,8,2020.7945205479452,2022.0,73,73
0.95,monotonic,problem_analysis,24,2013,2023,10,2019.3650793650793,2021.0,63,63
0.95,monotonic,problem_analysis,1,2015,2023,8,2022.3243243243244,2023.0,37,37
0.95,monotonic,problem_analysis,20,2011,2023,12,2019.9310344827586,2020.0,29,29
0.95,monotonic,problem_analysis,36,2014,2023,9,2020.5555555555557,2021.0,36,36
0.95,monotonic,problem_analysis,9,2013,2022,9,2019.608695652174,2020.0,23,23
0.95,monotonic,problem_analysis,16,2010,2023,13,2021.6376811594203,2022.0,69,69
0.95,monotonic,problem_analysis,7,2013,2023,10,2019.5,2020.0,28,28
0.95,monotonic,problem_analysis,34,2017,2023,6,2020.952380952381,2021.0,21,21
0.95,monotonic,problem_analysis,39,2015,2022,7,2018.5555555555557,2018.0,9,9
0.95,monotonic,problem_analysis,29,2002,2023,21,2018.9545454545455,2020.0,44,44
0.95,monotonic,problem_analysis,25,2012,2023,11,2020.7333333333333,2022.0,15,15
0.95,monotonic,theoretical_insight,23,2006,2023,17,2018.1860465116279,2019.0,43,43
0.95,monotonic,theoretical_insight,35,2018,2023,5,2022.0,2023.0,21,24
0.95,monotonic,theoretical_insight,2,2012,2023,11,2020.6888888888889,2022.0,90,92
0.95,monotonic,theoretical_insight,11,2011,2023,12,2020.4098360655737,2021.0,61,62
0.95,monotonic,theoretical_insight,1,2009,2023,14,2020.3428571428572,2021.0,140,140
0.95,monotonic,theoretical_insight,9,2014,2023,9,2019.8923076923077,2020.0,65,65
0.95,monotonic,theoretical_insight,29,2011,2023,12,2020.1758241758241,2022.0,91,91
0.95,monotonic,theoretical_insight,12,2006,2023,17,2019.8548387096773,2021.0,124,124
0.95,monotonic,theoretical_insight,30,2013,2023,10,2019.7076923076922,2021.0,65,65
0.95,monotonic,theoretical_insight,13,2010,2023,13,2019.5483870967741,2019.0,124,124
0.95,monotonic,theoretical_insight,28,2018,2023,5,2021.1052631578948,2022.0,19,19
0.95,monotonic,theoretical_insight,39,2013,2023,10,2019.9777777777779,2021.0,45,45
0.95,monotonic,theoretical_insight,5,2012,2023,11,2020.774193548387,2022.0,93,93
0.95,monotonic,theoretical_insight,15,2003,2023,20,2017.953125,2018.0,64,64
0.95,monotonic,theoretical_insight,19,2011,2023,12,2020.8714285714286,2022.0,140,141
0.95,monotonic,theoretical_insight,8,2005,2023,18,2020.0762711864406,2021.5,118,118
0.95,monotonic,theoretical_insight,0,2006,2023,17,2019.8817204301076,2020.0,93,93
0.95,monotonic,theoretical_insight,3,2015,2023,8,2021.274193548387,2022.0,62,62
0.95,monotonic,theoretical_insight,6,2015,2023,8,2020.5714285714287,2021.0,70,70
0.95,monotonic,theoretical_insight,37,2012,2022,10,2020.16,2020.0,25,25
0.95,monotonic,theoretical_insight,38,2006,2022,16,2018.75,2019.0,40,40
0.95,monotonic,theoretical_insight,20,2014,2023,9,2018.75,2018.5,20,20
0.95,monotonic,theoretical_insight,32,2014,2023,9,2021.188679245283,2022.0,53,53
0.95,monotonic,theoretical_insight,14,2010,2023,13,2020.047619047619,2021.0,84,84
0.95,monotonic,theoretical_insight,4,2010,2023,13,2018.5977011494253,2019.0,87,87
0.95,monotonic,theoretical_insight,33,2012,2022,10,2019.7894736842106,2021.0,19,19
0.95,monotonic,theoretical_insight,7,2002,2023,21,2018.7669902912621,2020.0,103,103
0.95,monotonic,theoretical_insight,34,2021,2023,2,2022.0,2022.0,2,2
0.95,monotonic,theoretical_insight,24,2010,2022,12,2019.0487804878048,2020.0,41,41
0.95,monotonic,theoretical_insight,10,2018,2022,4,2019.6,2020.0,25,25
0.95,monotonic,theoretical_insight,22,2020,2021,1,2020.3333333333333,2020.0,3,3
0.95,monotonic,theoretical_insight,31,2003,2023,20,2018.4516129032259,2019.0,31,31
0.95,monotonic,theoretical_insight,36,2013,2023,10,2022.05,2022.0,40,40
0.95,monotonic,theoretical_insight,18,2012,2023,11,2018.7142857142858,2019.0,21,21
0.95,monotonic,theoretical_insight,26,2019,2023,4,2022.0,2022.0,7,7
0.95,monotonic,theoretical_insight,17,2010,2023,13,2019.923076923077,2020.5,26,26
0.95,monotonic,theoretical_insight,27,2018,2023,5,2021.4,2022.0,5,5
0.95,monotonic,theoretical_insight,25,2015,2023,8,2021.888888888889,2022.0,18,18
0.95,monotonic,theoretical_insight,21,2018,2022,4,2020.1666666666667,2020.5,6,6
0.95,monotonic,theoretical_insight,16,2019,2023,4,2021.3333333333333,2022.0,6,6
0.95,monotonic,design_rationale,5,2010,2023,13,2018.8831168831168,2019.0,77,77
0.95,monotonic,design_rationale,15,2010,2023,13,2018.8846153846155,2020.0,52,52
0.95,monotonic,design_rationale,11,2003,2023,20,2016.7169811320755,2016.0,53,53
0.95,monotonic,design_rationale,18,2010,2023,13,2021.6756756756756,2022.0,37,41
0.95,monotonic,design_rationale,33,2009,2022,13,2018.6170212765958,2018.0,47,47
0.95,monotonic,design_rationale,6,2006,2023,17,2020.38125,2021.0,160,160
0.95,monotonic,design_rationale,24,2012,2023,11,2019.639534883721,2020.0,172,173
0.95,monotonic,design_rationale,32,2018,2023,5,2020.8461538461538,2021.0,13,13
0.95,monotonic,design_rationale,16,2011,2023,12,2019.2794117647059,2019.0,68,68
0.95,monotonic,design_rationale,26,2011,2023,12,2019.8488372093022,2022.0,172,172
0.95,monotonic,design_rationale,38,2012,2023,11,2019.65,2020.0,60,60
0.95,monotonic,design_rationale,22,2013,2023,10,2020.054054054054,2022.0,37,37
0.95,monotonic,design_rationale,21,2012,2023,11,2018.060606060606,2018.0,33,33
0.95,monotonic,design_rationale,7,2017,2023,6,2020.5,2020.0,10,10
0.95,monotonic,design_rationale,17,2012,2023,11,2019.5666666666666,2020.0,30,30
0.95,monotonic,design_rationale,3,2012,2023,11,2020.121739130435,2021.0,115,115
0.95,monotonic,design_rationale,4,2003,2023,20,2019.9619047619049,2021.0,105,105
0.95,monotonic,design_rationale,1,2008,2023,15,2019.5121951219512,2020.0,41,41
0.95,monotonic,design_rationale,0,2012,2023,11,2021.0866666666666,2022.0,150,153
0.95,monotonic,design_rationale,8,2013,2023,10,2020.8444444444444,2022.0,90,90
0.95,monotonic,design_rationale,12,2009,2023,14,2019.5,2020.0,132,132
0.95,monotonic,design_rationale,20,2018,2023,5,2020.6896551724137,2021.0,29,29
0.95,monotonic,design_rationale,34,2015,2023,8,2021.7058823529412,2022.0,34,34
0.95,monotonic,design_rationale,9,2006,2023,17,2019.930693069307,2020.0,101,101
0.95,monotonic,design_rationale,25,2018,2022,4,2020.75,2021.5,12,12
0.95,monotonic,design_rationale,39,2005,2023,18,2019.3333333333333,2021.0,54,54
0.95,monotonic,design_rationale,14,2016,2023,7,2019.774193548387,2020.0,31,31
0.95,monotonic,design_rationale,28,2017,2023,6,2021.7096774193549,2023.0,31,31
0.95,monotonic,design_rationale,19,2019,2023,4,2021.7142857142858,2022.0,14,14
0.95,monotonic,design_rationale,31,2006,2023,17,2018.40625,2020.0,32,32
0.95,monotonic,design_rationale,23,2012,2023,11,2020.5357142857142,2021.0,28,28
0.95,monotonic,design_rationale,35,2016,2023,7,2021.0,2021.0,54,54
0.95,monotonic,design_rationale,2,2016,2023,7,2020.5652173913043,2021.0,23,23
0.95,monotonic,design_rationale,13,2002,2023,21,2018.090909090909,2020.0,11,11
0.95,monotonic,design_rationale,30,2018,2023,5,2021.5,2022.0,8,8
0.95,monotonic,design_rationale,37,2016,2022,6,2020.2307692307693,2021.0,13,13
0.95,monotonic,design_rationale,27,2018,2022,4,2019.909090909091,2020.0,11,11
0.95,monotonic,design_rationale,29,2018,2022,4,2019.3333333333333,2019.0,6,6
0.95,monotonic,design_rationale,36,2010,2023,13,2020.945945945946,2022.0,37,37
0.95,monotonic,design_rationale,10,2018,2023,5,2021.892857142857,2022.5,28,28
0.95,monotonic,implementation_mechanism,4,2005,2022,17,2018.48623853211,2019.0,109,111
0.95,monotonic,implementation_mechanism,31,2003,2023,20,2017.642857142857,2018.0,70,70
0.95,monotonic,implementation_mechanism,27,2003,2023,20,2017.378787878788,2017.0,66,66
0.95,monotonic,implementation_mechanism,17,2009,2023,14,2021.3947368421052,2022.0,152,152
0.95,monotonic,implementation_mechanism,16,2006,2023,17,2019.528,2019.0,125,125
0.95,monotonic,implementation_mechanism,34,2012,2023,11,2019.3484848484848,2019.0,66,66
0.95,monotonic,implementation_mechanism,15,2010,2023,13,2019.4825174825176,2021.0,143,143
0.95,monotonic,implementation_mechanism,26,2006,2023,17,2021.5,2022.0,40,40
0.95,monotonic,implementation_mechanism,11,2002,2023,21,2019.4226804123712,2020.0,97,97
0.95,monotonic,implementation_mechanism,2,2012,2023,11,2019.4380165289256,2020.0,121,121
0.95,monotonic,implementation_mechanism,3,2008,2023,15,2020.2769230769231,2021.0,65,65
0.95,monotonic,implementation_mechanism,35,2016,2023,7,2019.7083333333333,2019.5,24,24
0.95,monotonic,implementation_mechanism,13,2016,2023,7,2020.5076923076922,2021.0,65,65
0.95,monotonic,implementation_mechanism,39,2022,2022,0,2022.0,2022.0,7,7
0.95,monotonic,implementation_mechanism,23,2014,2023,9,2021.225806451613,2022.0,31,31
0.95,monotonic,implementation_mechanism,25,2012,2023,11,2020.9127516778524,2022.0,149,151
0.95,monotonic,implementation_mechanism,36,2013,2023,10,2019.8085106382978,2020.0,47,47
0.95,monotonic,implementation_mechanism,10,2012,2023,11,2018.811320754717,2019.0,53,53
0.95,monotonic,implementation_mechanism,18,2013,2023,10,2020.5681818181818,2021.0,44,44
0.95,monotonic,implementation_mechanism,30,2006,2023,17,2020.939393939394,2022.0,33,33
0.95,monotonic,implementation_mechanism,9,2008,2023,15,2020.03125,2022.0,64,64
0.95,monotonic,implementation_mechanism,38,2017,2023,6,2020.125,2020.0,48,48
0.95,monotonic,implementation_mechanism,1,2013,2023,10,2020.5981308411215,2021.0,107,107
0.95,monotonic,implementation_mechanism,21,2006,2023,17,2021.4736842105262,2022.0,76,76
0.95,monotonic,implementation_mechanism,8,2011,2023,12,2019.1904761904761,2021.0,21,21
0.95,monotonic,implementation_mechanism,20,2017,2023,6,2020.4285714285713,2020.0,35,35
0.95,monotonic,implementation_mechanism,22,2012,2023,11,2019.7272727272727,2019.0,22,22
0.95,monotonic,implementation_mechanism,32,2018,2023,5,2022.1515151515152,2023.0,33,37
0.95,monotonic,implementation_mechanism,7,2013,2023,10,2020.2142857142858,2021.0,70,70
0.95,monotonic,implementation_mechanism,19,2013,2023,10,2021.137254901961,2023.0,51,51
0.95,monotonic,implementation_mechanism,0,2006,2022,16,2019.4777777777779,2020.0,90,90
0.95,monotonic,implementation_mechanism,5,2016,2023,7,2021.0,2021.0,34,34
0.95,monotonic,implementation_mechanism,14,2011,2023,12,2019.7916666666667,2021.0,24,25
0.95,monotonic,implementation_mechanism,12,2014,2023,9,2019.6538461538462,2019.5,26,26
0.95,monotonic,implementation_mechanism,6,2012,2022,10,2019.3214285714287,2019.5,28,28
0.95,monotonic,implementation_mechanism,24,2013,2023,10,2019.85,2020.0,20,20
0.95,monotonic,implementation_mechanism,33,2015,2022,7,2019.625,2020.0,16,16
0.95,monotonic,implementation_mechanism,28,2013,2023,10,2019.3214285714287,2019.5,28,28
0.95,monotonic,implementation_mechanism,37,2014,2022,8,2018.75,2019.0,8,8
0.95,monotonic,implementation_mechanism,29,2018,2022,4,2020.0666666666666,2020.0,15,15
0.95,monotonic,validation_evidence,16,2006,2022,16,2018.5797101449275,2019.0,69,69
0.95,monotonic,validation_evidence,24,2010,2023,13,2017.0555555555557,2017.5,18,18
0.95,monotonic,validation_evidence,28,2012,2023,11,2020.65,2022.0,20,20
0.95,monotonic,validation_evidence,35,2018,2023,5,2021.8,2022.0,20,23
0.95,monotonic,validation_evidence,18,2003,2023,20,2019.6783216783217,2020.0,143,143
0.95,monotonic,validation_evidence,11,2010,2023,13,2021.8650793650793,2022.0,126,126
0.95,monotonic,validation_evidence,21,2015,2023,8,2020.3333333333333,2020.0,84,85
0.95,monotonic,validation_evidence,32,2020,2023,3,2021.0,2021.0,16,16
0.95,monotonic,validation_evidence,9,2012,2023,11,2019.7384615384615,2020.0,65,65
0.95,monotonic,validation_evidence,23,2009,2023,14,2020.2288135593221,2022.0,118,118
0.95,monotonic,validation_evidence,20,2019,2023,4,2021.909090909091,2022.0,11,11
0.95,monotonic,validation_evidence,3,2012,2023,11,2018.8015267175572,2019.0,131,131
0.95,monotonic,validation_evidence,17,2012,2023,11,2019.6119402985075,2020.0,67,67
0.95,monotonic,validation_evidence,6,2015,2023,8,2020.159090909091,2021.0,88,88
0.95,monotonic,validation_evidence,1,2006,2023,17,2020.6694915254238,2022.0,118,119
0.95,monotonic,validation_evidence,30,2010,2022,12,2019.4421052631578,2019.0,95,95
0.95,monotonic,validation_evidence,27,2015,2023,8,2019.9615384615386,2019.5,26,26
0.95,monotonic,validation_evidence,22,2013,2023,10,2020.3703703703704,2022.0,27,27
0.95,monotonic,validation_evidence,13,2017,2023,6,2019.8852459016393,2020.0,61,61
0.95,monotonic,validation_evidence,2,2010,2023,13,2017.140350877193,2016.0,57,57
0.95,monotonic,validation_evidence,5,2006,2023,17,2018.9767441860465,2020.0,86,86
0.95,monotonic,validation_evidence,34,2014,2023,9,2021.4615384615386,2022.0,65,67
0.95,monotonic,validation_evidence,0,2008,2023,15,2019.6771653543308,2020.0,127,127
0.95,monotonic,validation_evidence,25,2019,2023,4,2022.121212121212,2022.0,66,66
0.95,monotonic,validation_evidence,12,2003,2023,20,2020.3970588235295,2022.0,68,68
0.95,monotonic,validation_evidence,33,2009,2023,14,2020.409090909091,2022.0,44,44
0.95,monotonic,validation_evidence,29,2011,2023,12,2017.3235294117646,2017.0,34,34
0.95,monotonic,validation_evidence,14,2013,2023,10,2019.948051948052,2020.0,77,78
0.95,monotonic,validation_evidence,10,2003,2023,20,2019.1521739130435,2021.0,46,46
0.95,monotonic,validation_evidence,15,2018,2023,5,2021.032258064516,2021.0,31,31
0.95,monotonic,validation_evidence,8,2014,2023,9,2020.482142857143,2021.0,56,56
0.95,monotonic,validation_evidence,31,2016,2023,7,2020.25,2020.0,24,24
0.95,monotonic,validation_evidence,4,2013,2023,10,2020.0285714285715,2021.0,35,35
0.95,monotonic,validation_evidence,37,2002,2022,20,2017.84375,2019.0,64,65
0.95,monotonic,validation_evidence,36,2019,2023,4,2022.4318181818182,2023.0,44,44
0.95,monotonic,validation_evidence,39,2013,2023,10,2019.6764705882354,2021.0,34,34
0.95,monotonic,validation_evidence,19,2018,2022,4,2019.8,2020.0,5,5
0.95,monotonic,validation_evidence,38,2017,2023,6,2020.0,2020.0,2,2
0.95,monotonic,validation_evidence,7,2017,2023,6,2021.5454545454545,2022.0,11,11
0.95,monotonic,validation_evidence,26,2018,2023,5,2020.0,2020.0,11,11
0.95,both,risk,1,2006,2023,17,2018.6338028169014,2020.0,71,71
0.95,both,risk,24,2003,2023,20,2017.6545454545455,2019.0,55,55
0.95,both,risk,7,2009,2023,14,2019.5755395683452,2020.0,139,139
0.95,both,risk,21,2010,2023,13,2019.6587301587301,2022.0,126,127
0.95,both,risk,39,2017,2023,6,2021.695652173913,2022.0,23,24
0.95,both,risk,26,2016,2023,7,2020.6724137931035,2021.0,58,58
0.95,both,risk,13,2011,2023,12,2020.0869565217392,2021.0,69,69
0.95,both,risk,11,2010,2023,13,2019.5393258426966,2020.0,89,89
0.95,both,risk,31,2012,2023,11,2019.1724137931035,2019.0,29,29
0.95,both,risk,9,2012,2023,11,2020.0752688172042,2021.0,93,93
0.95,both,risk,4,2008,2023,15,2021.361111111111,2022.0,36,36
0.95,both,risk,2,2012,2023,11,2019.990909090909,2020.0,110,110
0.95,both,risk,6,2013,2023,10,2019.7391304347825,2021.0,69,69
0.95,both,risk,18,2012,2023,11,2020.0866666666666,2020.0,150,150
0.95,both,risk,10,2013,2023,10,2019.3506493506493,2020.0,77,77
0.95,both,risk,12,2013,2023,10,2021.212765957447,2022.0,141,141
0.95,both,risk,29,2013,2023,10,2020.2394366197184,2021.0,71,71
0.95,both,risk,38,1994,2022,28,2014.75,2017.0,16,16
0.95,both,risk,25,2006,2023,17,2019.3867924528302,2019.0,106,106
0.95,both,risk,35,2013,2023,10,2021.9473684210527,2023.0,19,19
0.95,both,risk,15,2006,2022,16,2018.9264705882354,2019.5,68,68
0.95,both,risk,0,2002,2023,21,2018.9,2020.0,50,51
0.95,both,risk,17,2014,2023,9,2019.4494382022472,2019.0,89,89
0.95,both,risk,23,2017,2023,6,2021.5714285714287,2022.0,49,49
0.95,both,risk,32,2014,2020,6,2017.2222222222222,2018.0,9,9
0.95,both,risk,37,2006,2023,17,2020.9347826086957,2022.0,46,46
0.95,both,risk,19,2012,2023,11,2021.0277777777778,2022.0,72,73
0.95,both,risk,14,2003,2023,20,2019.4150943396226,2021.0,53,53
0.95,both,risk,5,2013,2023,10,2020.076923076923,2020.0,65,65
0.95,both,risk,16,2013,2023,10,2021.1304347826087,2022.0,46,49
0.95,both,risk,33,2011,2023,12,2020.0307692307692,2021.0,65,67
0.95,both,risk,8,2018,2023,5,2021.1363636363637,2021.5,22,22
0.95,both,risk,3,2006,2023,17,2018.9411764705883,2020.0,51,51
0.95,both,risk,34,2012,2023,11,2022.0073529411766,2022.0,136,136
0.95,both,risk,20,2016,2023,7,2019.95,2020.0,20,20
0.95,both,risk,22,2021,2021,0,2021.0,2021.0,3,3
0.95,both,risk,36,2019,2023,4,2022.3157894736842,2022.0,38,38
0.95,both,risk,27,2018,2023,5,2021.25,2021.5,28,28
0.95,both,risk,30,2017,2023,6,2020.375,2021.0,8,8
0.95,both,risk,28,2021,2021,0,2021.0,2021.0,1,1
0.95,both,intervention,1,2012,2022,10,2019.4,2019.0,175,175
0.95,both,intervention,4,2003,2023,20,2018.1467889908256,2019.0,109,109
0.95,both,intervention,20,2015,2023,8,2022.056,2023.0,125,125
0.95,both,intervention,3,2012,2023,11,2019.858208955224,2020.0,134,135
0.95,both,intervention,12,2012,2023,11,2019.4024390243903,2020.0,82,82
0.95,both,intervention,37,2012,2023,11,2021.1020408163265,2022.0,98,98
0.95,both,intervention,9,2013,2023,10,2020.2063492063492,2021.0,63,63
0.95,both,intervention,7,2012,2023,11,2020.4392523364486,2021.0,107,107
0.95,both,intervention,32,2006,2023,17,2019.5530303030303,2020.0,132,132
0.95,both,intervention,13,2012,2023,11,2019.1772151898733,2020.0,79,79
0.95,both,intervention,34,2010,2023,13,2020.5625,2021.0,64,64
0.95,both,intervention,36,2012,2023,11,2018.5652173913043,2019.0,23,23
0.95,both,intervention,33,2013,2023,10,2020.5714285714287,2021.0,63,63
0.95,both,intervention,18,1994,2022,28,2018.212765957447,2019.0,94,94
0.95,both,intervention,10,2009,2023,14,2021.2153846153847,2022.0,130,132
0.95,both,intervention,26,2011,2023,12,2020.2921348314608,2021.0,89,89
0.95,both,intervention,24,2013,2023,10,2020.5,2021.0,74,74
0.95,both,intervention,17,2012,2023,11,2019.7951807228915,2020.0,83,83
0.95,both,intervention,5,2010,2023,13,2020.654867256637,2022.0,113,114
0.95,both,intervention,19,2018,2023,5,2022.0851063829787,2023.0,47,47
0.95,both,intervention,11,2008,2023,15,2020.5738636363637,2021.0,176,178
0.95,both,intervention,2,2012,2023,11,2019.5,2020.0,24,24
0.95,both,intervention,0,2018,2023,5,2020.6,2021.0,25,25
0.95,both,intervention,16,2002,2022,20,2017.8529411764705,2019.0,34,34
0.95,both,intervention,6,2011,2023,12,2019.3026315789473,2021.0,152,152
0.95,both,intervention,38,2010,2023,13,2016.84,2017.0,50,51
0.95,both,intervention,28,2018,2023,5,2022.2333333333333,2023.0,30,34
0.95,both,intervention,15,2005,2023,18,2019.4918032786886,2021.0,61,61
0.95,both,intervention,14,2006,2022,16,2019.1632653061224,2020.0,49,49
0.95,both,intervention,35,2015,2023,8,2020.375,2020.0,24,24
0.95,both,intervention,30,2020,2022,2,2021.125,2021.0,8,8
0.95,both,intervention,22,2016,2023,7,2020.9705882352941,2021.5,34,34
0.95,both,intervention,29,2013,2022,9,2018.0,2018.5,6,6
0.95,both,intervention,31,2013,2023,10,2019.5384615384614,2020.0,26,26
0.95,both,intervention,39,2016,2023,7,2020.7368421052631,2022.0,19,19
0.95,both,intervention,8,2006,2023,17,2017.5,2017.0,26,26
0.95,both,intervention,21,2010,2022,12,2019.125,2020.0,8,8
0.95,both,intervention,25,2015,2022,7,2020.625,2022.0,16,16
0.95,both,intervention,23,2022,2022,0,2022.0,2022.0,6,6
0.95,both,intervention,27,2014,2023,9,2020.8,2023.0,5,5
0.95,both,all_concepts,27,2002,2023,21,2018.6941649899397,2019.0,497,498
0.95,both,all_concepts,12,2003,2023,20,2018.6909090909091,2019.0,275,275
0.95,both,all_concepts,14,2003,2023,20,2016.7056856187291,2016.0,299,299
0.95,both,all_concepts,28,2010,2023,13,2018.856,2019.0,250,250
0.95,both,all_concepts,19,2012,2023,11,2020.4281524926687,2022.0,341,345
0.95,both,all_concepts,29,2018,2023,5,2021.926605504587,2022.0,109,125
0.95,both,all_concepts,5,2008,2023,15,2020.777570093458,2022.0,535,537
0.95,both,all_concepts,31,2008,2023,15,2020.2671009771987,2021.0,307,307
0.95,both,all_concepts,17,2006,2023,17,2020.779376498801,2022.0,417,417
0.95,both,all_concepts,9,2013,2023,10,2021.843853820598,2022.0,301,301
0.95,both,all_concepts,4,2010,2022,12,2018.1612903225807,2018.0,62,66
0.95,both,all_concepts,3,2006,2023,17,2019.6176470588234,2020.0,510,510
0.95,both,all_concepts,7,2006,2023,17,2020.7247983870968,2022.0,992,1006
0.95,both,all_concepts,24,2014,2023,9,2020.695652173913,2021.0,138,138
0.95,both,all_concepts,0,2006,2023,17,2019.9882903981265,2021.0,427,427
0.95,both,all_concepts,15,2012,2023,11,2019.8828996282527,2021.0,538,538
0.95,both,all_concepts,1,2012,2023,11,2019.3166666666666,2020.0,480,480
0.95,both,all_concepts,8,2009,2023,14,2020.0271084337348,2020.0,332,332
0.95,both,all_concepts,11,2009,2023,14,2019.8423988842399,2022.0,717,717
0.95,both,all_concepts,34,2010,2023,13,2020.5274725274726,2022.0,91,91
0.95,both,all_concepts,21,2011,2023,12,2019.7556109725685,2020.0,401,401
0.95,both,all_concepts,10,2006,2023,17,2020.503787878788,2021.0,264,264
0.95,both,all_concepts,13,2010,2023,13,2020.8274111675128,2022.0,197,197
0.95,both,all_concepts,2,2006,2023,17,2019.4055415617129,2020.0,794,794
0.95,both,all_concepts,36,2011,2023,12,2019.7303609341825,2019.0,471,472
0.95,both,all_concepts,26,2012,2023,11,2019.9895833333333,2021.0,192,192
0.95,both,all_concepts,38,2014,2023,9,2019.829383886256,2019.0,211,211
0.95,both,all_concepts,37,2005,2023,18,2019.5375,2021.0,240,240
0.95,both,all_concepts,32,2014,2023,9,2022.3532338308457,2023.0,201,201
0.95,both,all_concepts,30,2010,2023,13,2019.7239583333333,2020.0,192,192
0.95,both,all_concepts,39,2019,2021,2,2020.2307692307693,2021.0,13,13
0.95,both,all_concepts,33,2018,2022,4,2019.8857142857144,2020.0,35,35
0.95,both,all_concepts,18,2012,2023,11,2022.1007751937984,2022.5,258,258
0.95,both,all_concepts,20,2016,2023,7,2020.4102564102564,2021.0,39,39
0.95,both,all_concepts,22,2016,2023,7,2020.4634146341464,2021.0,123,123
0.95,both,all_concepts,23,2013,2021,8,2017.6875,2017.0,16,16
0.95,both,all_concepts,6,2003,2022,19,2016.1153846153845,2019.0,26,26
0.95,both,all_concepts,16,2002,2023,21,2019.0103092783504,2020.0,97,97
0.95,both,all_concepts,35,2018,2023,5,2020.5111111111112,2020.0,45,45
0.95,both,all_concepts,25,2020,2020,0,2020.0,2020.0,4,4
0.95,both,problem_analysis,39,2006,2023,17,2019.1627906976744,2019.0,86,86
0.95,both,problem_analysis,1,2006,2023,17,2019.7397260273972,2021.0,73,73
0.95,both,problem_analysis,10,2003,2023,20,2018.04,2019.0,50,50
0.95,both,problem_analysis,4,2006,2023,17,2020.1656050955414,2021.0,157,157
0.95,both,problem_analysis,12,2010,2023,13,2019.7625,2020.0,80,80
0.95,both,problem_analysis,20,2013,2023,10,2020.6046511627908,2021.0,86,86
0.95,both,problem_analysis,37,2013,2023,10,2019.8805970149253,2021.0,67,67
0.95,both,problem_analysis,24,2010,2023,13,2019.9759036144578,2022.0,166,166
0.95,both,problem_analysis,7,2012,2023,11,2020.4476190476191,2021.0,105,106
0.95,both,problem_analysis,31,2009,2023,14,2020.0246913580247,2021.0,162,162
0.95,both,problem_analysis,28,2012,2023,11,2018.625,2019.0,40,40
0.95,both,problem_analysis,34,2014,2023,9,2020.1384615384616,2021.0,65,65
0.95,both,problem_analysis,13,2014,2023,9,2019.9,2020.0,100,100
0.95,both,problem_analysis,21,2011,2023,12,2019.0,2020.0,33,33
0.95,both,problem_analysis,36,2006,2023,17,2021.1222222222223,2022.0,90,93
0.95,both,problem_analysis,11,2010,2023,13,2020.5967741935483,2021.0,62,62
0.95,both,problem_analysis,5,2003,2022,19,2018.595744680851,2019.0,94,94
0.95,both,problem_analysis,6,2010,2023,13,2021.1666666666667,2022.0,120,124
0.95,both,problem_analysis,26,2010,2022,12,2019.54,2020.0,50,50
0.95,both,problem_analysis,3,2009,2023,14,2019.7519379844962,2020.0,129,129
0.95,both,problem_analysis,15,2011,2022,11,2019.5833333333333,2020.0,36,36
0.95,both,problem_analysis,22,2014,2023,9,2020.1153846153845,2021.0,52,52
0.95,both,problem_analysis,19,2014,2023,9,2020.638888888889,2022.0,36,36
0.95,both,problem_analysis,14,2018,2023,5,2020.9,2021.0,20,20
0.95,both,problem_analysis,0,2010,2022,12,2018.3333333333333,2020.0,15,15
0.95,both,problem_analysis,9,2015,2023,8,2020.7974683544303,2022.0,79,79
0.95,both,problem_analysis,35,2014,2022,8,2017.576923076923,2018.0,26,27
0.95,both,problem_analysis,17,2013,2023,10,2019.25,2021.0,52,52
0.95,both,problem_analysis,8,2019,2023,4,2022.5588235294117,2023.0,34,34
0.95,both,problem_analysis,32,2011,2023,12,2019.857142857143,2020.0,28,28
0.95,both,problem_analysis,2,2010,2023,13,2021.661971830986,2022.0,71,71
0.95,both,problem_analysis,18,2013,2023,10,2019.4827586206898,2020.0,29,29
0.95,both,problem_analysis,23,2017,2023,6,2020.952380952381,2021.0,21,21
0.95,both,problem_analysis,38,2015,2022,7,2018.5555555555557,2018.0,9,9
0.95,both,problem_analysis,27,2014,2023,9,2020.7368421052631,2022.0,19,19
0.95,both,problem_analysis,29,2002,2023,21,2018.9767441860465,2020.0,43,43
0.95,both,problem_analysis,16,2013,2023,10,2020.4,2020.5,20,20
0.95,both,problem_analysis,25,2012,2023,11,2021.0,2022.0,14,14
0.95,both,problem_analysis,30,2015,2021,6,2018.6666666666667,2020.0,3,3
0.95,both,problem_analysis,33,2020,2022,2,2021.0,2021.0,5,5
0.95,both,theoretical_insight,6,2006,2023,17,2018.625,2020.0,40,40
0.95,both,theoretical_insight,33,2018,2023,5,2022.0454545454545,2023.0,22,25
0.95,both,theoretical_insight,35,2012,2023,11,2020.5657894736842,2022.0,76,78
0.95,both,theoretical_insight,23,2020,2023,3,2021.3333333333333,2021.0,6,6
0.95,both,theoretical_insight,0,2015,2023,8,2020.90625,2022.0,32,32
0.95,both,theoretical_insight,18,2010,2023,13,2019.6538461538462,2020.0,78,78
0.95,both,theoretical_insight,24,2011,2023,12,2020.142857142857,2022.0,147,147
0.95,both,theoretical_insight,5,2002,2023,21,2019.469387755102,2021.0,49,49
0.95,both,theoretical_insight,34,2009,2023,14,2020.1666666666667,2021.0,102,102
0.95,both,theoretical_insight,1,2012,2023,11,2020.1169590643274,2021.0,171,171
0.95,both,theoretical_insight,8,2013,2023,10,2019.7121212121212,2020.5,66,66
0.95,both,theoretical_insight,11,2010,2023,13,2019.546875,2019.0,128,128
0.95,both,theoretical_insight,26,2006,2023,17,2019.857142857143,2020.0,28,28
0.95,both,theoretical_insight,22,2013,2023,10,2019.9777777777779,2021.0,45,45
0.95,both,theoretical_insight,32,2013,2023,10,2020.8545454545454,2022.0,55,55
0.95,both,theoretical_insight,20,2003,2023,20,2017.969696969697,2018.0,66,66
0.95,both,theoretical_insight,31,2015,2023,8,2020.9736842105262,2022.0,38,38
0.95,both,theoretical_insight,21,2005,2023,18,2020.5176470588235,2021.5,170,172
0.95,both,theoretical_insight,10,2012,2023,11,2021.371794871795,2022.0,78,78
0.95,both,theoretical_insight,27,2006,2023,17,2019.2954545454545,2020.0,88,88
0.95,both,theoretical_insight,9,2015,2023,8,2021.0298507462687,2022.0,67,67
0.95,both,theoretical_insight,19,2012,2023,11,2020.44,2020.0,50,50
0.95,both,theoretical_insight,7,2014,2023,9,2019.9420289855072,2020.0,69,69
0.95,both,theoretical_insight,13,2010,2023,13,2020.5666666666666,2022.0,60,60
0.95,both,theoretical_insight,12,2012,2022,10,2020.1818181818182,2021.0,33,33
0.95,both,theoretical_insight,2,2010,2023,13,2018.6785714285713,2019.0,84,84
0.95,both,theoretical_insight,14,2011,2023,12,2019.725806451613,2020.0,62,62
0.95,both,theoretical_insight,16,2010,2023,13,2018.0,2018.0,54,54
0.95,both,theoretical_insight,38,2003,2023,20,2018.96875,2020.5,32,32
0.95,both,theoretical_insight,17,2013,2023,10,2019.95,2020.0,40,40
0.95,both,theoretical_insight,25,2021,2023,2,2022.3333333333333,2023.0,3,3
0.95,both,theoretical_insight,3,2014,2022,8,2019.7714285714285,2020.0,35,35
0.95,both,theoretical_insight,15,2012,2023,11,2018.7058823529412,2020.0,17,17
0.95,both,theoretical_insight,36,2014,2023,9,2021.2045454545455,2022.0,44,44
0.95,both,theoretical_insight,29,2016,2023,7,2019.5,2019.5,12,12
0.95,both,theoretical_insight,30,2022,2023,1,2022.75,2023.0,8,8
0.95,both,theoretical_insight,28,2018,2022,4,2020.1666666666667,2020.5,6,6
0.95,both,theoretical_insight,37,2013,2021,8,2016.857142857143,2017.0,7,7
0.95,both,theoretical_insight,4,2019,2023,4,2021.9333333333334,2022.0,15,15
0.95,both,theoretical_insight,39,2016,2022,6,2019.0,2018.5,6,6
0.95,both,design_rationale,4,2013,2023,10,2018.5222222222221,2019.0,90,90
0.95,both,design_rationale,8,2005,2023,18,2018.8450704225352,2020.0,71,71
0.95,both,design_rationale,11,2002,2023,21,2017.8333333333333,2019.0,24,24
0.95,both,design_rationale,31,2010,2023,13,2021.5,2022.0,26,30
0.95,both,design_rationale,7,2010,2023,13,2019.6206896551723,2020.0,116,116
0.95,both,design_rationale,26,2006,2023,17,2020.204678362573,2021.0,171,171
0.95,both,design_rationale,10,2012,2023,11,2019.7202797202797,2020.0,143,143
0.95,both,design_rationale,5,2018,2023,5,2021.1875,2021.5,16,16
0.95,both,design_rationale,29,2011,2023,12,2019.3194444444443,2019.0,72,72
0.95,both,design_rationale,22,2011,2023,12,2019.9285714285713,2022.0,154,154
0.95,both,design_rationale,36,2012,2023,11,2019.688524590164,2020.0,61,61
0.95,both,design_rationale,38,2013,2023,10,2019.4285714285713,2019.0,28,29
0.95,both,design_rationale,24,2013,2023,10,2020.1052631578948,2022.0,38,38
0.95,both,design_rationale,17,2012,2023,11,2018.85,2019.0,60,60
0.95,both,design_rationale,9,2012,2023,11,2020.92,2021.0,25,25
0.95,both,design_rationale,6,2010,2023,13,2020.304347826087,2022.0,46,46
0.95,both,design_rationale,0,2012,2023,11,2020.1315789473683,2021.0,76,76
0.95,both,design_rationale,12,2003,2023,20,2019.861111111111,2021.0,108,108
0.95,both,design_rationale,15,2013,2023,10,2019.1363636363637,2020.0,22,22
0.95,both,design_rationale,3,2012,2023,11,2020.938202247191,2022.0,178,181
0.95,both,design_rationale,14,2008,2023,15,2020.6078431372548,2022.0,102,102
0.95,both,design_rationale,20,2018,2023,5,2020.7241379310344,2021.0,29,29
0.95,both,design_rationale,32,2018,2022,4,2020.4166666666667,2021.0,24,24
0.95,both,design_rationale,18,2015,2023,8,2021.735294117647,2022.0,34,34
0.95,both,design_rationale,35,2018,2023,5,2020.148148148148,2020.0,27,27
0.95,both,design_rationale,30,2014,2023,9,2019.7272727272727,2020.0,22,22
0.95,both,design_rationale,34,2006,2022,16,2015.8648648648648,2014.0,37,37
0.95,both,design_rationale,33,2018,2022,4,2020.6153846153845,2021.0,13,13
0.95,both,design_rationale,37,2011,2023,12,2019.891304347826,2021.0,46,46
0.95,both,design_rationale,2,2016,2023,7,2020.5,2021.0,80,80
0.95,both,design_rationale,1,2018,2023,5,2021.625,2022.0,48,48
0.95,both,design_rationale,19,2006,2023,17,2019.72131147541,2020.0,61,61
0.95,both,design_rationale,16,2006,2023,17,2019.1818181818182,2021.0,55,55
0.95,both,design_rationale,23,2018,2023,5,2021.5,2022.0,8,8
0.95,both,design_rationale,39,2018,2022,4,2019.909090909091,2020.0,11,11
0.95,both,design_rationale,27,2018,2022,4,2019.5,2019.5,8,8
0.95,both,design_rationale,25,2016,2023,7,2020.6818181818182,2021.0,22,22
0.95,both,design_rationale,21,2018,2023,5,2021.6060606060605,2022.0,33,33
0.95,both,design_rationale,13,2003,2023,20,2020.3157894736842,2022.0,19,19
0.95,both,design_rationale,28,2019,2023,4,2021.0,2020.5,6,6
0.95,both,implementation_mechanism,8,2005,2022,17,2018.513043478261,2019.0,115,117
0.95,both,implementation_mechanism,32,2003,2023,20,2017.6949152542372,2018.0,59,59
0.95,both,implementation_mechanism,36,2003,2023,20,2017.3432835820895,2017.0,67,67
0.95,both,implementation_mechanism,2,2009,2023,14,2020.8397790055249,2021.0,181,181
0.95,both,implementation_mechanism,14,2006,2023,17,2019.4454545454546,2019.0,110,110
0.95,both,implementation_mechanism,34,2012,2023,11,2019.3108108108108,2019.5,74,74
0.95,both,implementation_mechanism,11,2010,2023,13,2019.516129032258,2021.0,155,155
0.95,both,implementation_mechanism,25,2006,2023,17,2021.3541666666667,2022.0,48,48
0.95,both,implementation_mechanism,0,2012,2023,11,2019.8972602739725,2021.0,146,146
0.95,both,implementation_mechanism,18,2013,2023,10,2020.6052631578948,2021.0,38,38
0.95,both,implementation_mechanism,31,2011,2023,12,2019.2307692307693,2019.0,39,39
0.95,both,implementation_mechanism,26,2012,2023,11,2020.1724137931035,2021.0,87,87
0.95,both,implementation_mechanism,21,2022,2022,0,2022.0,2022.0,7,7
0.95,both,implementation_mechanism,1,2012,2023,11,2021.0,2022.0,44,44
0.95,both,implementation_mechanism,13,2013,2023,10,2021.049645390071,2022.0,141,143
0.95,both,implementation_mechanism,27,2013,2023,10,2019.8,2020.0,40,40
0.95,both,implementation_mechanism,20,2006,2023,17,2020.8387096774193,2022.0,93,93
0.95,both,implementation_mechanism,22,2008,2023,15,2020.016129032258,2022.0,62,62
0.95,both,implementation_mechanism,15,2002,2023,21,2018.6923076923076,2019.0,39,39
0.95,both,implementation_mechanism,24,2014,2023,9,2020.7317073170732,2021.0,82,82
0.95,both,implementation_mechanism,19,2012,2023,11,2018.921568627451,2019.0,51,51
0.95,both,implementation_mechanism,28,2006,2023,17,2021.4675324675325,2022.0,77,77
0.95,both,implementation_mechanism,4,2014,2023,9,2019.7179487179487,2019.0,39,39
0.95,both,implementation_mechanism,37,2017,2023,6,2020.388888888889,2020.0,36,36
0.95,both,implementation_mechanism,23,2012,2023,11,2019.695652173913,2019.0,23,23
0.95,both,implementation_mechanism,35,2018,2023,5,2022.1176470588234,2023.0,34,38
0.95,both,implementation_mechanism,6,2013,2023,10,2019.90625,2021.0,64,64
0.95,both,implementation_mechanism,9,2006,2022,16,2019.5060240963855,2020.0,83,83
0.95,both,implementation_mechanism,33,2016,2023,7,2020.3,2021.0,20,20
0.95,both,implementation_mechanism,10,2012,2022,10,2019.3214285714287,2019.5,28,28
0.95,both,implementation_mechanism,3,2018,2023,5,2020.392857142857,2020.5,28,28
0.95,both,implementation_mechanism,16,2008,2023,15,2019.76,2021.0,25,25
0.95,both,implementation_mechanism,17,2010,2023,13,2019.2571428571428,2020.0,35,35
0.95,both,implementation_mechanism,7,2013,2022,9,2019.5217391304348,2019.0,23,23
0.95,both,implementation_mechanism,30,2015,2022,7,2019.625,2020.0,16,16
0.95,both,implementation_mechanism,5,2019,2023,4,2021.952380952381,2022.0,42,42
0.95,both,implementation_mechanism,29,2011,2023,12,2020.0,2021.0,14,15
0.95,both,implementation_mechanism,12,2013,2023,10,2019.34375,2019.5,32,32
0.95,both,implementation_mechanism,39,2014,2022,8,2018.375,2018.5,8,8
0.95,both,implementation_mechanism,38,2018,2023,5,2021.1176470588234,2021.0,17,17
0.95,both,validation_evidence,18,2006,2022,16,2018.5692307692307,2019.0,65,65
0.95,both,validation_evidence,5,2010,2023,13,2017.2941176470588,2018.0,17,17
0.95,both,validation_evidence,13,2012,2023,11,2020.65,2022.0,20,20
0.95,both,validation_evidence,32,2018,2023,5,2021.8,2022.0,20,23
0.95,both,validation_evidence,38,2013,2023,10,2019.7395833333333,2020.0,96,96
0.95,both,validation_evidence,6,2017,2023,6,2021.9016393442623,2022.0,122,122
0.95,both,validation_evidence,20,2010,2023,13,2020.034090909091,2020.0,88,89
0.95,both,validation_evidence,4,2011,2023,12,2020.758064516129,2021.0,62,62
0.95,both,validation_evidence,16,2011,2023,12,2019.6724137931035,2020.0,58,58
0.95,both,validation_evidence,25,2009,2023,14,2020.7230769230769,2022.0,65,65
0.95,both,validation_evidence,36,2019,2023,4,2021.909090909091,2022.0,11,11
0.95,both,validation_evidence,9,2012,2023,11,2018.7520661157025,2019.0,121,121
0.95,both,validation_evidence,12,2012,2023,11,2019.7435897435898,2020.5,78,78
0.95,both,validation_evidence,2,2014,2023,9,2019.894117647059,2020.0,85,85
0.95,both,validation_evidence,17,2014,2022,8,2019.590909090909,2019.0,88,88
0.95,both,validation_evidence,19,2015,2023,8,2020.21875,2021.0,32,32
0.95,both,validation_evidence,24,2013,2023,10,2020.72,2022.0,25,25
0.95,both,validation_evidence,15,2017,2023,6,2019.8852459016393,2020.0,61,61
0.95,both,validation_evidence,29,2012,2023,11,2020.8389261744967,2022.0,149,152
0.95,both,validation_evidence,30,2010,2023,13,2017.7111111111112,2019.0,45,45
0.95,both,validation_evidence,7,2006,2023,17,2019.060975609756,2020.0,82,82
0.95,both,validation_evidence,8,2006,2023,17,2019.9642857142858,2022.0,56,56
0.95,both,validation_evidence,14,2003,2023,20,2019.6,2020.0,155,155
0.95,both,validation_evidence,0,2019,2023,4,2022.2755102040817,2023.0,98,98
0.95,both,validation_evidence,11,2003,2023,20,2020.4722222222222,2022.0,72,72
0.95,both,validation_evidence,22,2009,2023,14,2020.4615384615386,2022.0,39,39
0.95,both,validation_evidence,33,2011,2023,12,2017.8157894736842,2018.0,38,38
0.95,both,validation_evidence,10,2013,2023,10,2019.7662337662337,2020.0,77,78
0.95,both,validation_evidence,35,2010,2022,12,2016.125,2016.0,16,16
0.95,both,validation_evidence,37,2003,2023,20,2018.9756097560976,2021.0,41,41
0.95,both,validation_evidence,34,2018,2023,5,2021.2592592592594,2021.0,27,27
0.95,both,validation_evidence,21,2013,2023,10,2019.955223880597,2021.0,67,67
0.95,both,validation_evidence,23,2016,2023,7,2020.28,2020.0,25,25
0.95,both,validation_evidence,1,2013,2023,10,2020.6451612903227,2021.0,62,62
0.95,both,validation_evidence,27,2002,2022,20,2017.84375,2019.0,64,65
0.95,both,validation_evidence,3,2006,2023,17,2017.7,2020.5,10,10
0.95,both,validation_evidence,26,2013,2023,10,2019.7692307692307,2020.0,26,26
0.95,both,validation_evidence,39,2018,2023,5,2020.1666666666667,2020.5,12,12
0.95,both,validation_evidence,31,2022,2022,0,2022.0,2022.0,7,7
0.95,both,validation_evidence,28,2019,2023,4,2022.2857142857142,2023.0,7,7
