edge_config,mode,node_type,cluster_id,n_sources,cluster_size,nodes_with_sources
EDGE,unconstrained,risk,3,0,81,0
EDGE,unconstrained,risk,14,0,66,0
EDGE,unconstrained,risk,1,0,123,0
EDGE,unconstrained,risk,10,0,87,0
EDGE,unconstrained,risk,22,0,71,0
EDGE,unconstrained,risk,26,0,86,0
EDGE,unconstrained,risk,2,0,81,0
EDGE,unconstrained,risk,9,0,43,0
EDGE,unconstrained,risk,6,0,220,0
EDGE,unconstrained,risk,11,0,87,0
EDGE,unconstrained,risk,25,0,103,0
EDGE,unconstrained,risk,13,0,64,0
EDGE,unconstrained,risk,20,0,141,0
EDGE,unconstrained,risk,28,0,75,0
EDGE,unconstrained,risk,4,0,149,0
EDGE,unconstrained,risk,19,0,69,0
EDGE,unconstrained,risk,21,0,32,0
EDGE,unconstrained,risk,17,0,26,0
EDGE,unconstrained,risk,0,0,165,0
EDGE,unconstrained,risk,37,0,20,0
EDGE,unconstrained,risk,24,0,79,0
EDGE,unconstrained,risk,12,0,38,0
EDGE,unconstrained,risk,36,0,95,0
EDGE,unconstrained,risk,5,0,40,0
EDGE,unconstrained,risk,23,0,55,0
EDGE,unconstrained,risk,32,0,11,0
EDGE,unconstrained,risk,7,0,51,0
EDGE,unconstrained,risk,35,0,51,0
EDGE,unconstrained,risk,18,0,48,0
EDGE,unconstrained,risk,30,0,54,0
EDGE,unconstrained,risk,34,0,10,0
EDGE,unconstrained,risk,15,0,25,0
EDGE,unconstrained,risk,38,0,26,0
EDGE,unconstrained,risk,29,0,144,0
EDGE,unconstrained,risk,8,0,20,0
EDGE,unconstrained,risk,39,0,46,0
EDGE,unconstrained,risk,33,0,27,0
EDGE,unconstrained,risk,16,0,18,0
EDGE,unconstrained,risk,27,0,5,0
EDGE,unconstrained,risk,31,0,7,0
EDGE,unconstrained,intervention,15,0,97,0
EDGE,unconstrained,intervention,9,0,113,0
EDGE,unconstrained,intervention,17,0,109,0
EDGE,unconstrained,intervention,4,0,103,0
EDGE,unconstrained,intervention,22,0,89,0
EDGE,unconstrained,intervention,5,0,214,0
EDGE,unconstrained,intervention,39,0,39,0
EDGE,unconstrained,intervention,19,0,215,0
EDGE,unconstrained,intervention,10,0,88,0
EDGE,unconstrained,intervention,32,0,63,0
EDGE,unconstrained,intervention,30,0,62,0
EDGE,unconstrained,intervention,2,0,153,0
EDGE,unconstrained,intervention,16,0,28,0
EDGE,unconstrained,intervention,36,0,65,0
EDGE,unconstrained,intervention,18,0,99,0
EDGE,unconstrained,intervention,3,0,195,0
EDGE,unconstrained,intervention,8,0,106,0
EDGE,unconstrained,intervention,33,0,10,0
EDGE,unconstrained,intervention,6,0,81,0
EDGE,unconstrained,intervention,1,0,44,0
EDGE,unconstrained,intervention,13,0,180,0
EDGE,unconstrained,intervention,27,0,27,0
EDGE,unconstrained,intervention,21,0,27,0
EDGE,unconstrained,intervention,11,0,47,0
EDGE,unconstrained,intervention,14,0,64,0
EDGE,unconstrained,intervention,7,0,88,0
EDGE,unconstrained,intervention,24,0,36,0
EDGE,unconstrained,intervention,37,0,41,0
EDGE,unconstrained,intervention,12,0,11,0
EDGE,unconstrained,intervention,20,0,26,0
EDGE,unconstrained,intervention,0,0,24,0
EDGE,unconstrained,intervention,38,0,17,0
EDGE,unconstrained,intervention,26,0,16,0
EDGE,unconstrained,intervention,34,0,6,0
EDGE,unconstrained,intervention,25,0,36,0
EDGE,unconstrained,intervention,35,0,36,0
EDGE,unconstrained,intervention,29,0,23,0
EDGE,unconstrained,intervention,31,0,17,0
EDGE,unconstrained,intervention,28,0,13,0
EDGE,unconstrained,intervention,23,0,6,0
EDGE,unconstrained,all_concepts,11,0,406,0
EDGE,unconstrained,all_concepts,4,0,326,0
EDGE,unconstrained,all_concepts,34,0,163,0
EDGE,unconstrained,all_concepts,8,0,475,0
EDGE,unconstrained,all_concepts,16,0,346,0
EDGE,unconstrained,all_concepts,39,0,126,0
EDGE,unconstrained,all_concepts,36,0,380,0
EDGE,unconstrained,all_concepts,2,0,530,0
EDGE,unconstrained,all_concepts,5,0,533,0
EDGE,unconstrained,all_concepts,32,0,27,0
EDGE,unconstrained,all_concepts,14,0,1139,0
EDGE,unconstrained,all_concepts,30,0,162,0
EDGE,unconstrained,all_concepts,37,0,344,0
EDGE,unconstrained,all_concepts,22,0,668,0
EDGE,unconstrained,all_concepts,3,0,539,0
EDGE,unconstrained,all_concepts,20,0,472,0
EDGE,unconstrained,all_concepts,9,0,677,0
EDGE,unconstrained,all_concepts,6,0,490,0
EDGE,unconstrained,all_concepts,17,0,155,0
EDGE,unconstrained,all_concepts,1,0,562,0
EDGE,unconstrained,all_concepts,0,0,251,0
EDGE,unconstrained,all_concepts,28,0,89,0
EDGE,unconstrained,all_concepts,10,0,913,0
EDGE,unconstrained,all_concepts,19,0,393,0
EDGE,unconstrained,all_concepts,15,0,159,0
EDGE,unconstrained,all_concepts,13,0,284,0
EDGE,unconstrained,all_concepts,18,0,258,0
EDGE,unconstrained,all_concepts,7,0,271,0
EDGE,unconstrained,all_concepts,24,0,113,0
EDGE,unconstrained,all_concepts,23,0,44,0
EDGE,unconstrained,all_concepts,21,0,201,0
EDGE,unconstrained,all_concepts,31,0,16,0
EDGE,unconstrained,all_concepts,12,0,38,0
EDGE,unconstrained,all_concepts,27,0,24,0
EDGE,unconstrained,all_concepts,33,0,22,0
EDGE,unconstrained,all_concepts,35,0,56,0
EDGE,unconstrained,all_concepts,38,0,44,0
EDGE,unconstrained,all_concepts,26,0,72,0
EDGE,unconstrained,all_concepts,25,0,14,0
EDGE,unconstrained,all_concepts,29,0,1,0
EDGE,unconstrained,problem_analysis,4,0,108,0
EDGE,unconstrained,problem_analysis,32,0,67,0
EDGE,unconstrained,problem_analysis,13,0,46,0
EDGE,unconstrained,problem_analysis,14,0,54,0
EDGE,unconstrained,problem_analysis,21,0,58,0
EDGE,unconstrained,problem_analysis,28,0,75,0
EDGE,unconstrained,problem_analysis,12,0,176,0
EDGE,unconstrained,problem_analysis,36,0,87,0
EDGE,unconstrained,problem_analysis,5,0,197,0
EDGE,unconstrained,problem_analysis,10,0,75,0
EDGE,unconstrained,problem_analysis,25,0,51,0
EDGE,unconstrained,problem_analysis,38,0,61,0
EDGE,unconstrained,problem_analysis,19,0,101,0
EDGE,unconstrained,problem_analysis,34,0,74,0
EDGE,unconstrained,problem_analysis,23,0,31,0
EDGE,unconstrained,problem_analysis,20,0,87,0
EDGE,unconstrained,problem_analysis,35,0,117,0
EDGE,unconstrained,problem_analysis,31,0,58,0
EDGE,unconstrained,problem_analysis,0,0,112,0
EDGE,unconstrained,problem_analysis,26,0,89,0
EDGE,unconstrained,problem_analysis,8,0,86,0
EDGE,unconstrained,problem_analysis,27,0,46,0
EDGE,unconstrained,problem_analysis,17,0,37,0
EDGE,unconstrained,problem_analysis,33,0,20,0
EDGE,unconstrained,problem_analysis,9,0,87,0
EDGE,unconstrained,problem_analysis,37,0,26,0
EDGE,unconstrained,problem_analysis,16,0,49,0
EDGE,unconstrained,problem_analysis,1,0,58,0
EDGE,unconstrained,problem_analysis,2,0,39,0
EDGE,unconstrained,problem_analysis,24,0,29,0
EDGE,unconstrained,problem_analysis,6,0,24,0
EDGE,unconstrained,problem_analysis,18,0,32,0
EDGE,unconstrained,problem_analysis,11,0,66,0
EDGE,unconstrained,problem_analysis,7,0,84,0
EDGE,unconstrained,problem_analysis,22,0,22,0
EDGE,unconstrained,problem_analysis,3,0,31,0
EDGE,unconstrained,problem_analysis,15,0,11,0
EDGE,unconstrained,problem_analysis,29,0,43,0
EDGE,unconstrained,problem_analysis,39,0,10,0
EDGE,unconstrained,problem_analysis,30,0,7,0
EDGE,unconstrained,theoretical_insight,24,0,26,0
EDGE,unconstrained,theoretical_insight,39,0,23,0
EDGE,unconstrained,theoretical_insight,32,0,78,0
EDGE,unconstrained,theoretical_insight,3,0,43,0
EDGE,unconstrained,theoretical_insight,9,0,81,0
EDGE,unconstrained,theoretical_insight,15,0,128,0
EDGE,unconstrained,theoretical_insight,33,0,37,0
EDGE,unconstrained,theoretical_insight,11,0,117,0
EDGE,unconstrained,theoretical_insight,1,0,122,0
EDGE,unconstrained,theoretical_insight,12,0,92,0
EDGE,unconstrained,theoretical_insight,4,0,96,0
EDGE,unconstrained,theoretical_insight,36,0,29,0
EDGE,unconstrained,theoretical_insight,34,0,45,0
EDGE,unconstrained,theoretical_insight,17,0,110,0
EDGE,unconstrained,theoretical_insight,0,0,119,0
EDGE,unconstrained,theoretical_insight,7,0,68,0
EDGE,unconstrained,theoretical_insight,14,0,68,0
EDGE,unconstrained,theoretical_insight,6,0,173,0
EDGE,unconstrained,theoretical_insight,23,0,86,0
EDGE,unconstrained,theoretical_insight,37,0,54,0
EDGE,unconstrained,theoretical_insight,16,0,68,0
EDGE,unconstrained,theoretical_insight,35,0,13,0
EDGE,unconstrained,theoretical_insight,22,0,42,0
EDGE,unconstrained,theoretical_insight,27,0,18,0
EDGE,unconstrained,theoretical_insight,2,0,69,0
EDGE,unconstrained,theoretical_insight,21,0,32,0
EDGE,unconstrained,theoretical_insight,18,0,84,0
EDGE,unconstrained,theoretical_insight,28,0,10,0
EDGE,unconstrained,theoretical_insight,13,0,89,0
EDGE,unconstrained,theoretical_insight,31,0,8,0
EDGE,unconstrained,theoretical_insight,25,0,25,0
EDGE,unconstrained,theoretical_insight,38,0,2,0
EDGE,unconstrained,theoretical_insight,10,0,60,0
EDGE,unconstrained,theoretical_insight,20,0,49,0
EDGE,unconstrained,theoretical_insight,30,0,18,0
EDGE,unconstrained,theoretical_insight,5,0,27,0
EDGE,unconstrained,theoretical_insight,26,0,7,0
EDGE,unconstrained,theoretical_insight,29,0,12,0
EDGE,unconstrained,theoretical_insight,19,0,7,0
EDGE,unconstrained,theoretical_insight,8,0,12,0
EDGE,unconstrained,design_rationale,1,0,73,0
EDGE,unconstrained,design_rationale,20,0,62,0
EDGE,unconstrained,design_rationale,12,0,71,0
EDGE,unconstrained,design_rationale,6,0,82,0
EDGE,unconstrained,design_rationale,23,0,50,0
EDGE,unconstrained,design_rationale,14,0,174,0
EDGE,unconstrained,design_rationale,7,0,135,0
EDGE,unconstrained,design_rationale,26,0,11,0
EDGE,unconstrained,design_rationale,15,0,80,0
EDGE,unconstrained,design_rationale,25,0,215,0
EDGE,unconstrained,design_rationale,34,0,60,0
EDGE,unconstrained,design_rationale,18,0,32,0
EDGE,unconstrained,design_rationale,27,0,32,0
EDGE,unconstrained,design_rationale,32,0,54,0
EDGE,unconstrained,design_rationale,5,0,72,0
EDGE,unconstrained,design_rationale,2,0,106,0
EDGE,unconstrained,design_rationale,9,0,23,0
EDGE,unconstrained,design_rationale,13,0,103,0
EDGE,unconstrained,design_rationale,16,0,68,0
EDGE,unconstrained,design_rationale,3,0,108,0
EDGE,unconstrained,design_rationale,4,0,59,0
EDGE,unconstrained,design_rationale,19,0,68,0
EDGE,unconstrained,design_rationale,10,0,27,0
EDGE,unconstrained,design_rationale,21,0,37,0
EDGE,unconstrained,design_rationale,33,0,49,0
EDGE,unconstrained,design_rationale,8,0,43,0
EDGE,unconstrained,design_rationale,37,0,24,0
EDGE,unconstrained,design_rationale,24,0,84,0
EDGE,unconstrained,design_rationale,31,0,24,0
EDGE,unconstrained,design_rationale,0,0,41,0
EDGE,unconstrained,design_rationale,17,0,59,0
EDGE,unconstrained,design_rationale,11,0,38,0
EDGE,unconstrained,design_rationale,22,0,15,0
EDGE,unconstrained,design_rationale,35,0,11,0
EDGE,unconstrained,design_rationale,29,0,6,0
EDGE,unconstrained,design_rationale,36,0,8,0
EDGE,unconstrained,design_rationale,28,0,14,0
EDGE,unconstrained,design_rationale,39,0,32,0
EDGE,unconstrained,design_rationale,30,0,7,0
EDGE,unconstrained,design_rationale,38,0,7,0
EDGE,unconstrained,implementation_mechanism,6,0,88,0
EDGE,unconstrained,implementation_mechanism,15,0,51,0
EDGE,unconstrained,implementation_mechanism,20,0,64,0
EDGE,unconstrained,implementation_mechanism,18,0,126,0
EDGE,unconstrained,implementation_mechanism,14,0,134,0
EDGE,unconstrained,implementation_mechanism,1,0,113,0
EDGE,unconstrained,implementation_mechanism,10,0,196,0
EDGE,unconstrained,implementation_mechanism,17,0,51,0
EDGE,unconstrained,implementation_mechanism,35,0,95,0
EDGE,unconstrained,implementation_mechanism,32,0,42,0
EDGE,unconstrained,implementation_mechanism,12,0,33,0
EDGE,unconstrained,implementation_mechanism,0,0,133,0
EDGE,unconstrained,implementation_mechanism,11,0,63,0
EDGE,unconstrained,implementation_mechanism,37,0,7,0
EDGE,unconstrained,implementation_mechanism,30,0,100,0
EDGE,unconstrained,implementation_mechanism,28,0,49,0
EDGE,unconstrained,implementation_mechanism,5,0,94,0
EDGE,unconstrained,implementation_mechanism,8,0,107,0
EDGE,unconstrained,implementation_mechanism,9,0,97,0
EDGE,unconstrained,implementation_mechanism,13,0,93,0
EDGE,unconstrained,implementation_mechanism,25,0,99,0
EDGE,unconstrained,implementation_mechanism,22,0,80,0
EDGE,unconstrained,implementation_mechanism,24,0,30,0
EDGE,unconstrained,implementation_mechanism,38,0,10,0
EDGE,unconstrained,implementation_mechanism,21,0,39,0
EDGE,unconstrained,implementation_mechanism,7,0,26,0
EDGE,unconstrained,implementation_mechanism,2,0,63,0
EDGE,unconstrained,implementation_mechanism,26,0,29,0
EDGE,unconstrained,implementation_mechanism,16,0,25,0
EDGE,unconstrained,implementation_mechanism,34,0,10,0
EDGE,unconstrained,implementation_mechanism,36,0,13,0
EDGE,unconstrained,implementation_mechanism,19,0,32,0
EDGE,unconstrained,implementation_mechanism,33,0,23,0
EDGE,unconstrained,implementation_mechanism,3,0,24,0
EDGE,unconstrained,implementation_mechanism,23,0,29,0
EDGE,unconstrained,implementation_mechanism,29,0,16,0
EDGE,unconstrained,implementation_mechanism,31,0,32,0
EDGE,unconstrained,implementation_mechanism,27,0,29,0
EDGE,unconstrained,implementation_mechanism,4,0,39,0
EDGE,unconstrained,implementation_mechanism,39,0,3,0
EDGE,unconstrained,validation_evidence,7,0,77,0
EDGE,unconstrained,validation_evidence,20,0,17,0
EDGE,unconstrained,validation_evidence,15,0,26,0
EDGE,unconstrained,validation_evidence,37,0,25,0
EDGE,unconstrained,validation_evidence,1,0,146,0
EDGE,unconstrained,validation_evidence,2,0,114,0
EDGE,unconstrained,validation_evidence,13,0,90,0
EDGE,unconstrained,validation_evidence,0,0,108,0
EDGE,unconstrained,validation_evidence,6,0,70,0
EDGE,unconstrained,validation_evidence,24,0,114,0
EDGE,unconstrained,validation_evidence,29,0,10,0
EDGE,unconstrained,validation_evidence,33,0,109,0
EDGE,unconstrained,validation_evidence,25,0,71,0
EDGE,unconstrained,validation_evidence,4,0,82,0
EDGE,unconstrained,validation_evidence,9,0,116,0
EDGE,unconstrained,validation_evidence,21,0,29,0
EDGE,unconstrained,validation_evidence,23,0,32,0
EDGE,unconstrained,validation_evidence,12,0,80,0
EDGE,unconstrained,validation_evidence,17,0,95,0
EDGE,unconstrained,validation_evidence,26,0,52,0
EDGE,unconstrained,validation_evidence,16,0,85,0
EDGE,unconstrained,validation_evidence,18,0,101,0
EDGE,unconstrained,validation_evidence,38,0,45,0
EDGE,unconstrained,validation_evidence,22,0,63,0
EDGE,unconstrained,validation_evidence,14,0,44,0
EDGE,unconstrained,validation_evidence,27,0,66,0
EDGE,unconstrained,validation_evidence,34,0,35,0
EDGE,unconstrained,validation_evidence,3,0,78,0
EDGE,unconstrained,validation_evidence,5,0,83,0
EDGE,unconstrained,validation_evidence,10,0,44,0
EDGE,unconstrained,validation_evidence,19,0,47,0
EDGE,unconstrained,validation_evidence,31,0,24,0
EDGE,unconstrained,validation_evidence,35,0,55,0
EDGE,unconstrained,validation_evidence,11,0,41,0
EDGE,unconstrained,validation_evidence,28,0,17,0
EDGE,unconstrained,validation_evidence,8,0,47,0
EDGE,unconstrained,validation_evidence,36,0,8,0
EDGE,unconstrained,validation_evidence,32,0,4,0
EDGE,unconstrained,validation_evidence,39,0,3,0
EDGE,unconstrained,validation_evidence,30,0,1,0
EDGE,single_risk,risk,32,0,42,0
EDGE,single_risk,risk,10,0,49,0
EDGE,single_risk,risk,9,0,111,0
EDGE,single_risk,risk,2,0,206,0
EDGE,single_risk,risk,6,0,74,0
EDGE,single_risk,risk,7,0,60,0
EDGE,single_risk,risk,1,0,101,0
EDGE,single_risk,risk,14,0,84,0
EDGE,single_risk,risk,29,0,31,0
EDGE,single_risk,risk,27,0,87,0
EDGE,single_risk,risk,15,0,92,0
EDGE,single_risk,risk,11,0,71,0
EDGE,single_risk,risk,20,0,145,0
EDGE,single_risk,risk,28,0,74,0
EDGE,single_risk,risk,0,0,200,0
EDGE,single_risk,risk,34,0,69,0
EDGE,single_risk,risk,26,0,111,0
EDGE,single_risk,risk,22,0,24,0
EDGE,single_risk,risk,18,0,65,0
EDGE,single_risk,risk,25,0,79,0
EDGE,single_risk,risk,31,0,27,0
EDGE,single_risk,risk,21,0,88,0
EDGE,single_risk,risk,4,0,33,0
EDGE,single_risk,risk,8,0,18,0
EDGE,single_risk,risk,30,0,54,0
EDGE,single_risk,risk,23,0,9,0
EDGE,single_risk,risk,3,0,99,0
EDGE,single_risk,risk,13,0,51,0
EDGE,single_risk,risk,39,0,6,0
EDGE,single_risk,risk,12,0,23,0
EDGE,single_risk,risk,16,0,48,0
EDGE,single_risk,risk,24,0,123,0
EDGE,single_risk,risk,33,0,21,0
EDGE,single_risk,risk,35,0,3,0
EDGE,single_risk,risk,17,0,61,0
EDGE,single_risk,risk,19,0,52,0
EDGE,single_risk,risk,36,0,24,0
EDGE,single_risk,risk,37,0,9,0
EDGE,single_risk,risk,5,0,4,0
EDGE,single_risk,risk,38,0,1,0
EDGE,single_risk,intervention,15,0,97,0
EDGE,single_risk,intervention,9,0,113,0
EDGE,single_risk,intervention,17,0,109,0
EDGE,single_risk,intervention,4,0,103,0
EDGE,single_risk,intervention,22,0,89,0
EDGE,single_risk,intervention,5,0,214,0
EDGE,single_risk,intervention,39,0,39,0
EDGE,single_risk,intervention,19,0,215,0
EDGE,single_risk,intervention,10,0,88,0
EDGE,single_risk,intervention,32,0,63,0
EDGE,single_risk,intervention,30,0,62,0
EDGE,single_risk,intervention,2,0,153,0
EDGE,single_risk,intervention,16,0,28,0
EDGE,single_risk,intervention,36,0,65,0
EDGE,single_risk,intervention,18,0,99,0
EDGE,single_risk,intervention,3,0,195,0
EDGE,single_risk,intervention,8,0,106,0
EDGE,single_risk,intervention,33,0,10,0
EDGE,single_risk,intervention,6,0,81,0
EDGE,single_risk,intervention,1,0,44,0
EDGE,single_risk,intervention,13,0,180,0
EDGE,single_risk,intervention,27,0,27,0
EDGE,single_risk,intervention,21,0,27,0
EDGE,single_risk,intervention,11,0,47,0
EDGE,single_risk,intervention,14,0,64,0
EDGE,single_risk,intervention,7,0,88,0
EDGE,single_risk,intervention,24,0,36,0
EDGE,single_risk,intervention,37,0,41,0
EDGE,single_risk,intervention,12,0,11,0
EDGE,single_risk,intervention,20,0,26,0
EDGE,single_risk,intervention,0,0,24,0
EDGE,single_risk,intervention,38,0,17,0
EDGE,single_risk,intervention,26,0,16,0
EDGE,single_risk,intervention,34,0,6,0
EDGE,single_risk,intervention,25,0,36,0
EDGE,single_risk,intervention,35,0,36,0
EDGE,single_risk,intervention,29,0,23,0
EDGE,single_risk,intervention,31,0,17,0
EDGE,single_risk,intervention,28,0,13,0
EDGE,single_risk,intervention,23,0,6,0
EDGE,single_risk,all_concepts,39,0,307,0
EDGE,single_risk,all_concepts,21,0,358,0
EDGE,single_risk,all_concepts,4,0,172,0
EDGE,single_risk,all_concepts,31,0,353,0
EDGE,single_risk,all_concepts,37,0,131,0
EDGE,single_risk,all_concepts,14,0,432,0
EDGE,single_risk,all_concepts,15,0,284,0
EDGE,single_risk,all_concepts,9,0,739,0
EDGE,single_risk,all_concepts,11,0,68,0
EDGE,single_risk,all_concepts,3,0,1017,0
EDGE,single_risk,all_concepts,28,0,120,0
EDGE,single_risk,all_concepts,19,0,578,0
EDGE,single_risk,all_concepts,10,0,524,0
EDGE,single_risk,all_concepts,20,0,347,0
EDGE,single_risk,all_concepts,24,0,601,0
EDGE,single_risk,all_concepts,32,0,258,0
EDGE,single_risk,all_concepts,2,0,270,0
EDGE,single_risk,all_concepts,5,0,483,0
EDGE,single_risk,all_concepts,13,0,607,0
EDGE,single_risk,all_concepts,16,0,595,0
EDGE,single_risk,all_concepts,18,0,197,0
EDGE,single_risk,all_concepts,8,0,301,0
EDGE,single_risk,all_concepts,30,0,90,0
EDGE,single_risk,all_concepts,0,0,766,0
EDGE,single_risk,all_concepts,17,0,193,0
EDGE,single_risk,all_concepts,38,0,201,0
EDGE,single_risk,all_concepts,27,0,232,0
EDGE,single_risk,all_concepts,22,0,69,0
EDGE,single_risk,all_concepts,29,0,75,0
EDGE,single_risk,all_concepts,7,0,582,0
EDGE,single_risk,all_concepts,33,0,121,0
EDGE,single_risk,all_concepts,36,0,36,0
EDGE,single_risk,all_concepts,6,0,307,0
EDGE,single_risk,all_concepts,26,0,38,0
EDGE,single_risk,all_concepts,23,0,16,0
EDGE,single_risk,all_concepts,34,0,82,0
EDGE,single_risk,all_concepts,25,0,22,0
EDGE,single_risk,all_concepts,12,0,49,0
EDGE,single_risk,all_concepts,35,0,75,0
EDGE,single_risk,all_concepts,1,0,26,0
EDGE,single_risk,problem_analysis,5,0,117,0
EDGE,single_risk,problem_analysis,20,0,30,0
EDGE,single_risk,problem_analysis,13,0,55,0
EDGE,single_risk,problem_analysis,8,0,61,0
EDGE,single_risk,problem_analysis,14,0,50,0
EDGE,single_risk,problem_analysis,11,0,55,0
EDGE,single_risk,problem_analysis,23,0,72,0
EDGE,single_risk,problem_analysis,25,0,176,0
EDGE,single_risk,problem_analysis,31,0,66,0
EDGE,single_risk,problem_analysis,12,0,190,0
EDGE,single_risk,problem_analysis,18,0,67,0
EDGE,single_risk,problem_analysis,26,0,46,0
EDGE,single_risk,problem_analysis,2,0,64,0
EDGE,single_risk,problem_analysis,16,0,99,0
EDGE,single_risk,problem_analysis,38,0,73,0
EDGE,single_risk,problem_analysis,21,0,34,0
EDGE,single_risk,problem_analysis,22,0,88,0
EDGE,single_risk,problem_analysis,0,0,153,0
EDGE,single_risk,problem_analysis,39,0,53,0
EDGE,single_risk,problem_analysis,32,0,107,0
EDGE,single_risk,problem_analysis,27,0,101,0
EDGE,single_risk,problem_analysis,28,0,53,0
EDGE,single_risk,problem_analysis,29,0,45,0
EDGE,single_risk,problem_analysis,19,0,48,0
EDGE,single_risk,problem_analysis,1,0,128,0
EDGE,single_risk,problem_analysis,4,0,39,0
EDGE,single_risk,problem_analysis,35,0,18,0
EDGE,single_risk,problem_analysis,24,0,56,0
EDGE,single_risk,problem_analysis,7,0,65,0
EDGE,single_risk,problem_analysis,15,0,18,0
EDGE,single_risk,problem_analysis,6,0,39,0
EDGE,single_risk,problem_analysis,30,0,26,0
EDGE,single_risk,problem_analysis,17,0,37,0
EDGE,single_risk,problem_analysis,10,0,74,0
EDGE,single_risk,problem_analysis,37,0,28,0
EDGE,single_risk,problem_analysis,3,0,20,0
EDGE,single_risk,problem_analysis,9,0,10,0
EDGE,single_risk,problem_analysis,33,0,10,0
EDGE,single_risk,problem_analysis,34,0,5,0
EDGE,single_risk,problem_analysis,36,0,5,0
EDGE,single_risk,theoretical_insight,15,0,43,0
EDGE,single_risk,theoretical_insight,33,0,23,0
EDGE,single_risk,theoretical_insight,21,0,82,0
EDGE,single_risk,theoretical_insight,10,0,58,0
EDGE,single_risk,theoretical_insight,31,0,11,0
EDGE,single_risk,theoretical_insight,7,0,55,0
EDGE,single_risk,theoretical_insight,12,0,124,0
EDGE,single_risk,theoretical_insight,35,0,34,0
EDGE,single_risk,theoretical_insight,11,0,118,0
EDGE,single_risk,theoretical_insight,18,0,139,0
EDGE,single_risk,theoretical_insight,6,0,82,0
EDGE,single_risk,theoretical_insight,24,0,44,0
EDGE,single_risk,theoretical_insight,28,0,19,0
EDGE,single_risk,theoretical_insight,19,0,45,0
EDGE,single_risk,theoretical_insight,13,0,116,0
EDGE,single_risk,theoretical_insight,0,0,115,0
EDGE,single_risk,theoretical_insight,4,0,55,0
EDGE,single_risk,theoretical_insight,1,0,203,0
EDGE,single_risk,theoretical_insight,27,0,85,0
EDGE,single_risk,theoretical_insight,20,0,64,0
EDGE,single_risk,theoretical_insight,37,0,53,0
EDGE,single_risk,theoretical_insight,3,0,106,0
EDGE,single_risk,theoretical_insight,8,0,47,0
EDGE,single_risk,theoretical_insight,23,0,39,0
EDGE,single_risk,theoretical_insight,5,0,22,0
EDGE,single_risk,theoretical_insight,14,0,81,0
EDGE,single_risk,theoretical_insight,39,0,20,0
EDGE,single_risk,theoretical_insight,17,0,86,0
EDGE,single_risk,theoretical_insight,25,0,22,0
EDGE,single_risk,theoretical_insight,38,0,2,0
EDGE,single_risk,theoretical_insight,29,0,56,0
EDGE,single_risk,theoretical_insight,16,0,65,0
EDGE,single_risk,theoretical_insight,9,0,35,0
EDGE,single_risk,theoretical_insight,22,0,25,0
EDGE,single_risk,theoretical_insight,34,0,26,0
EDGE,single_risk,theoretical_insight,26,0,7,0
EDGE,single_risk,theoretical_insight,32,0,15,0
EDGE,single_risk,theoretical_insight,36,0,4,0
EDGE,single_risk,theoretical_insight,2,0,14,0
EDGE,single_risk,theoretical_insight,30,0,2,0
EDGE,single_risk,design_rationale,23,0,63,0
EDGE,single_risk,design_rationale,0,0,70,0
EDGE,single_risk,design_rationale,2,0,46,0
EDGE,single_risk,design_rationale,35,0,34,0
EDGE,single_risk,design_rationale,30,0,49,0
EDGE,single_risk,design_rationale,7,0,148,0
EDGE,single_risk,design_rationale,15,0,122,0
EDGE,single_risk,design_rationale,27,0,12,0
EDGE,single_risk,design_rationale,14,0,65,0
EDGE,single_risk,design_rationale,5,0,162,0
EDGE,single_risk,design_rationale,38,0,62,0
EDGE,single_risk,design_rationale,37,0,29,0
EDGE,single_risk,design_rationale,4,0,85,0
EDGE,single_risk,design_rationale,11,0,68,0
EDGE,single_risk,design_rationale,3,0,68,0
EDGE,single_risk,design_rationale,20,0,44,0
EDGE,single_risk,design_rationale,13,0,94,0
EDGE,single_risk,design_rationale,9,0,25,0
EDGE,single_risk,design_rationale,31,0,132,0
EDGE,single_risk,design_rationale,6,0,113,0
EDGE,single_risk,design_rationale,21,0,71,0
EDGE,single_risk,design_rationale,24,0,34,0
EDGE,single_risk,design_rationale,17,0,91,0
EDGE,single_risk,design_rationale,32,0,35,0
EDGE,single_risk,design_rationale,19,0,60,0
EDGE,single_risk,design_rationale,16,0,36,0
EDGE,single_risk,design_rationale,33,0,53,0
EDGE,single_risk,design_rationale,22,0,50,0
EDGE,single_risk,design_rationale,1,0,87,0
EDGE,single_risk,design_rationale,28,0,29,0
EDGE,single_risk,design_rationale,12,0,16,0
EDGE,single_risk,design_rationale,25,0,29,0
EDGE,single_risk,design_rationale,36,0,13,0
EDGE,single_risk,design_rationale,18,0,57,0
EDGE,single_risk,design_rationale,26,0,13,0
EDGE,single_risk,design_rationale,39,0,11,0
EDGE,single_risk,design_rationale,34,0,6,0
EDGE,single_risk,design_rationale,29,0,20,0
EDGE,single_risk,design_rationale,8,0,22,0
EDGE,single_risk,design_rationale,10,0,38,0
EDGE,single_risk,implementation_mechanism,9,0,116,0
EDGE,single_risk,implementation_mechanism,1,0,71,0
EDGE,single_risk,implementation_mechanism,23,0,68,0
EDGE,single_risk,implementation_mechanism,14,0,137,0
EDGE,single_risk,implementation_mechanism,12,0,125,0
EDGE,single_risk,implementation_mechanism,4,0,113,0
EDGE,single_risk,implementation_mechanism,6,0,204,0
EDGE,single_risk,implementation_mechanism,31,0,44,0
EDGE,single_risk,implementation_mechanism,27,0,67,0
EDGE,single_risk,implementation_mechanism,29,0,112,0
EDGE,single_risk,implementation_mechanism,21,0,49,0
EDGE,single_risk,implementation_mechanism,2,0,39,0
EDGE,single_risk,implementation_mechanism,5,0,74,0
EDGE,single_risk,implementation_mechanism,33,0,66,0
EDGE,single_risk,implementation_mechanism,20,0,7,0
EDGE,single_risk,implementation_mechanism,17,0,25,0
EDGE,single_risk,implementation_mechanism,30,0,96,0
EDGE,single_risk,implementation_mechanism,26,0,48,0
EDGE,single_risk,implementation_mechanism,3,0,105,0
EDGE,single_risk,implementation_mechanism,13,0,48,0
EDGE,single_risk,implementation_mechanism,7,0,99,0
EDGE,single_risk,implementation_mechanism,16,0,82,0
EDGE,single_risk,implementation_mechanism,28,0,84,0
EDGE,single_risk,implementation_mechanism,11,0,76,0
EDGE,single_risk,implementation_mechanism,32,0,57,0
EDGE,single_risk,implementation_mechanism,37,0,38,0
EDGE,single_risk,implementation_mechanism,15,0,30,0
EDGE,single_risk,implementation_mechanism,24,0,47,0
EDGE,single_risk,implementation_mechanism,19,0,21,0
EDGE,single_risk,implementation_mechanism,35,0,24,0
EDGE,single_risk,implementation_mechanism,8,0,38,0
EDGE,single_risk,implementation_mechanism,22,0,25,0
EDGE,single_risk,implementation_mechanism,18,0,14,0
EDGE,single_risk,implementation_mechanism,10,0,27,0
EDGE,single_risk,implementation_mechanism,25,0,23,0
EDGE,single_risk,implementation_mechanism,36,0,16,0
EDGE,single_risk,implementation_mechanism,0,0,31,0
EDGE,single_risk,implementation_mechanism,39,0,18,0
EDGE,single_risk,implementation_mechanism,38,0,19,0
EDGE,single_risk,implementation_mechanism,34,0,2,0
EDGE,single_risk,validation_evidence,12,0,75,0
EDGE,single_risk,validation_evidence,8,0,16,0
EDGE,single_risk,validation_evidence,13,0,28,0
EDGE,single_risk,validation_evidence,29,0,25,0
EDGE,single_risk,validation_evidence,9,0,136,0
EDGE,single_risk,validation_evidence,4,0,120,0
EDGE,single_risk,validation_evidence,22,0,78,0
EDGE,single_risk,validation_evidence,2,0,52,0
EDGE,single_risk,validation_evidence,14,0,66,0
EDGE,single_risk,validation_evidence,19,0,107,0
EDGE,single_risk,validation_evidence,37,0,11,0
EDGE,single_risk,validation_evidence,11,0,141,0
EDGE,single_risk,validation_evidence,21,0,71,0
EDGE,single_risk,validation_evidence,3,0,90,0
EDGE,single_risk,validation_evidence,33,0,128,0
EDGE,single_risk,validation_evidence,32,0,102,0
EDGE,single_risk,validation_evidence,36,0,29,0
EDGE,single_risk,validation_evidence,24,0,31,0
EDGE,single_risk,validation_evidence,17,0,69,0
EDGE,single_risk,validation_evidence,0,0,50,0
EDGE,single_risk,validation_evidence,23,0,85,0
EDGE,single_risk,validation_evidence,1,0,49,0
EDGE,single_risk,validation_evidence,7,0,48,0
EDGE,single_risk,validation_evidence,5,0,66,0
EDGE,single_risk,validation_evidence,6,0,120,0
EDGE,single_risk,validation_evidence,16,0,63,0
EDGE,single_risk,validation_evidence,10,0,58,0
EDGE,single_risk,validation_evidence,26,0,53,0
EDGE,single_risk,validation_evidence,35,0,37,0
EDGE,single_risk,validation_evidence,34,0,26,0
EDGE,single_risk,validation_evidence,25,0,69,0
EDGE,single_risk,validation_evidence,30,0,15,0
EDGE,single_risk,validation_evidence,15,0,40,0
EDGE,single_risk,validation_evidence,39,0,40,0
EDGE,single_risk,validation_evidence,27,0,24,0
EDGE,single_risk,validation_evidence,20,0,69,0
EDGE,single_risk,validation_evidence,18,0,48,0
EDGE,single_risk,validation_evidence,28,0,9,0
EDGE,single_risk,validation_evidence,38,0,6,0
EDGE,single_risk,validation_evidence,31,0,2,0
EDGE,monotonic,risk,37,0,39,0
EDGE,monotonic,risk,0,0,47,0
EDGE,monotonic,risk,21,0,99,0
EDGE,monotonic,risk,2,0,198,0
EDGE,monotonic,risk,14,0,52,0
EDGE,monotonic,risk,4,0,92,0
EDGE,monotonic,risk,31,0,60,0
EDGE,monotonic,risk,11,0,90,0
EDGE,monotonic,risk,29,0,34,0
EDGE,monotonic,risk,32,0,89,0
EDGE,monotonic,risk,16,0,37,0
EDGE,monotonic,risk,8,0,122,0
EDGE,monotonic,risk,20,0,29,0
EDGE,monotonic,risk,22,0,116,0
EDGE,monotonic,risk,36,0,83,0
EDGE,monotonic,risk,34,0,127,0
EDGE,monotonic,risk,1,0,101,0
EDGE,monotonic,risk,30,0,103,0
EDGE,monotonic,risk,35,0,22,0
EDGE,monotonic,risk,6,0,89,0
EDGE,monotonic,risk,15,0,81,0
EDGE,monotonic,risk,24,0,30,0
EDGE,monotonic,risk,25,0,94,0
EDGE,monotonic,risk,10,0,63,0
EDGE,monotonic,risk,26,0,12,0
EDGE,monotonic,risk,9,0,29,0
EDGE,monotonic,risk,33,0,44,0
EDGE,monotonic,risk,13,0,76,0
EDGE,monotonic,risk,17,0,53,0
EDGE,monotonic,risk,5,0,76,0
EDGE,monotonic,risk,18,0,10,0
EDGE,monotonic,risk,12,0,23,0
EDGE,monotonic,risk,3,0,168,0
EDGE,monotonic,risk,28,0,27,0
EDGE,monotonic,risk,19,0,17,0
EDGE,monotonic,risk,38,0,43,0
EDGE,monotonic,risk,23,0,27,0
EDGE,monotonic,risk,27,0,21,0
EDGE,monotonic,risk,39,0,7,0
EDGE,monotonic,risk,7,0,2,0
EDGE,monotonic,intervention,9,0,172,0
EDGE,monotonic,intervention,37,0,48,0
EDGE,monotonic,intervention,13,0,139,0
EDGE,monotonic,intervention,10,0,108,0
EDGE,monotonic,intervention,5,0,110,0
EDGE,monotonic,intervention,2,0,227,0
EDGE,monotonic,intervention,14,0,51,0
EDGE,monotonic,intervention,15,0,60,0
EDGE,monotonic,intervention,36,0,103,0
EDGE,monotonic,intervention,3,0,89,0
EDGE,monotonic,intervention,33,0,61,0
EDGE,monotonic,intervention,0,0,168,0
EDGE,monotonic,intervention,24,0,25,0
EDGE,monotonic,intervention,35,0,62,0
EDGE,monotonic,intervention,1,0,100,0
EDGE,monotonic,intervention,11,0,141,0
EDGE,monotonic,intervention,25,0,63,0
EDGE,monotonic,intervention,26,0,71,0
EDGE,monotonic,intervention,8,0,74,0
EDGE,monotonic,intervention,20,0,88,0
EDGE,monotonic,intervention,18,0,46,0
EDGE,monotonic,intervention,6,0,187,0
EDGE,monotonic,intervention,38,0,22,0
EDGE,monotonic,intervention,12,0,30,0
EDGE,monotonic,intervention,21,0,67,0
EDGE,monotonic,intervention,7,0,47,0
EDGE,monotonic,intervention,23,0,34,0
EDGE,monotonic,intervention,22,0,64,0
EDGE,monotonic,intervention,30,0,34,0
EDGE,monotonic,intervention,29,0,8,0
EDGE,monotonic,intervention,28,0,6,0
EDGE,monotonic,intervention,19,0,28,0
EDGE,monotonic,intervention,17,0,33,0
EDGE,monotonic,intervention,16,0,22,0
EDGE,monotonic,intervention,4,0,42,0
EDGE,monotonic,intervention,34,0,20,0
EDGE,monotonic,intervention,39,0,8,0
EDGE,monotonic,intervention,31,0,1,0
EDGE,monotonic,intervention,32,0,6,0
EDGE,monotonic,intervention,27,0,5,0
EDGE,monotonic,all_concepts,32,0,116,0
EDGE,monotonic,all_concepts,5,0,436,0
EDGE,monotonic,all_concepts,33,0,419,0
EDGE,monotonic,all_concepts,7,0,357,0
EDGE,monotonic,all_concepts,38,0,130,0
EDGE,monotonic,all_concepts,34,0,311,0
EDGE,monotonic,all_concepts,15,0,377,0
EDGE,monotonic,all_concepts,2,0,530,0
EDGE,monotonic,all_concepts,13,0,888,0
EDGE,monotonic,all_concepts,3,0,75,0
EDGE,monotonic,all_concepts,1,0,766,0
EDGE,monotonic,all_concepts,24,0,137,0
EDGE,monotonic,all_concepts,6,0,560,0
EDGE,monotonic,all_concepts,19,0,379,0
EDGE,monotonic,all_concepts,10,0,526,0
EDGE,monotonic,all_concepts,12,0,563,0
EDGE,monotonic,all_concepts,4,0,477,0
EDGE,monotonic,all_concepts,27,0,828,0
EDGE,monotonic,all_concepts,0,0,678,0
EDGE,monotonic,all_concepts,9,0,254,0
EDGE,monotonic,all_concepts,11,0,181,0
EDGE,monotonic,all_concepts,25,0,320,0
EDGE,monotonic,all_concepts,14,0,367,0
EDGE,monotonic,all_concepts,8,0,268,0
EDGE,monotonic,all_concepts,16,0,453,0
EDGE,monotonic,all_concepts,18,0,242,0
EDGE,monotonic,all_concepts,30,0,205,0
EDGE,monotonic,all_concepts,17,0,36,0
EDGE,monotonic,all_concepts,35,0,39,0
EDGE,monotonic,all_concepts,22,0,37,0
EDGE,monotonic,all_concepts,26,0,128,0
EDGE,monotonic,all_concepts,23,0,16,0
EDGE,monotonic,all_concepts,31,0,156,0
EDGE,monotonic,all_concepts,36,0,39,0
EDGE,monotonic,all_concepts,21,0,18,0
EDGE,monotonic,all_concepts,20,0,79,0
EDGE,monotonic,all_concepts,29,0,16,0
EDGE,monotonic,all_concepts,28,0,44,0
EDGE,monotonic,all_concepts,39,0,14,0
EDGE,monotonic,all_concepts,37,0,1,0
EDGE,monotonic,problem_analysis,6,0,129,0
EDGE,monotonic,problem_analysis,18,0,37,0
EDGE,monotonic,problem_analysis,9,0,52,0
EDGE,monotonic,problem_analysis,2,0,157,0
EDGE,monotonic,problem_analysis,5,0,66,0
EDGE,monotonic,problem_analysis,32,0,56,0
EDGE,monotonic,problem_analysis,11,0,60,0
EDGE,monotonic,problem_analysis,28,0,54,0
EDGE,monotonic,problem_analysis,26,0,168,0
EDGE,monotonic,problem_analysis,33,0,67,0
EDGE,monotonic,problem_analysis,24,0,167,0
EDGE,monotonic,problem_analysis,7,0,65,0
EDGE,monotonic,problem_analysis,13,0,75,0
EDGE,monotonic,problem_analysis,35,0,97,0
EDGE,monotonic,problem_analysis,22,0,19,0
EDGE,monotonic,problem_analysis,30,0,93,0
EDGE,monotonic,problem_analysis,27,0,59,0
EDGE,monotonic,problem_analysis,17,0,90,0
EDGE,monotonic,problem_analysis,16,0,105,0
EDGE,monotonic,problem_analysis,25,0,53,0
EDGE,monotonic,problem_analysis,29,0,55,0
EDGE,monotonic,problem_analysis,20,0,53,0
EDGE,monotonic,problem_analysis,0,0,97,0
EDGE,monotonic,problem_analysis,21,0,39,0
EDGE,monotonic,problem_analysis,39,0,18,0
EDGE,monotonic,problem_analysis,14,0,72,0
EDGE,monotonic,problem_analysis,8,0,35,0
EDGE,monotonic,problem_analysis,12,0,64,0
EDGE,monotonic,problem_analysis,36,0,28,0
EDGE,monotonic,problem_analysis,3,0,36,0
EDGE,monotonic,problem_analysis,31,0,28,0
EDGE,monotonic,problem_analysis,34,0,35,0
EDGE,monotonic,problem_analysis,15,0,56,0
EDGE,monotonic,problem_analysis,1,0,32,0
EDGE,monotonic,problem_analysis,4,0,70,0
EDGE,monotonic,problem_analysis,38,0,14,0
EDGE,monotonic,problem_analysis,37,0,9,0
EDGE,monotonic,problem_analysis,19,0,13,0
EDGE,monotonic,problem_analysis,23,0,4,0
EDGE,monotonic,problem_analysis,10,0,3,0
EDGE,monotonic,theoretical_insight,14,0,35,0
EDGE,monotonic,theoretical_insight,31,0,25,0
EDGE,monotonic,theoretical_insight,38,0,77,0
EDGE,monotonic,theoretical_insight,0,0,124,0
EDGE,monotonic,theoretical_insight,1,0,32,0
EDGE,monotonic,theoretical_insight,9,0,75,0
EDGE,monotonic,theoretical_insight,6,0,98,0
EDGE,monotonic,theoretical_insight,33,0,119,0
EDGE,monotonic,theoretical_insight,13,0,124,0
EDGE,monotonic,theoretical_insight,18,0,80,0
EDGE,monotonic,theoretical_insight,36,0,39,0
EDGE,monotonic,theoretical_insight,28,0,28,0
EDGE,monotonic,theoretical_insight,23,0,45,0
EDGE,monotonic,theoretical_insight,10,0,112,0
EDGE,monotonic,theoretical_insight,25,0,96,0
EDGE,monotonic,theoretical_insight,3,0,63,0
EDGE,monotonic,theoretical_insight,26,0,166,0
EDGE,monotonic,theoretical_insight,5,0,112,0
EDGE,monotonic,theoretical_insight,7,0,74,0
EDGE,monotonic,theoretical_insight,16,0,36,0
EDGE,monotonic,theoretical_insight,4,0,65,0
EDGE,monotonic,theoretical_insight,12,0,64,0
EDGE,monotonic,theoretical_insight,11,0,35,0
EDGE,monotonic,theoretical_insight,22,0,19,0
EDGE,monotonic,theoretical_insight,8,0,62,0
EDGE,monotonic,theoretical_insight,15,0,59,0
EDGE,monotonic,theoretical_insight,35,0,40,0
EDGE,monotonic,theoretical_insight,32,0,21,0
EDGE,monotonic,theoretical_insight,37,0,34,0
EDGE,monotonic,theoretical_insight,30,0,14,0
EDGE,monotonic,theoretical_insight,21,0,3,0
EDGE,monotonic,theoretical_insight,19,0,51,0
EDGE,monotonic,theoretical_insight,29,0,40,0
EDGE,monotonic,theoretical_insight,2,0,16,0
EDGE,monotonic,theoretical_insight,20,0,50,0
EDGE,monotonic,theoretical_insight,17,0,26,0
EDGE,monotonic,theoretical_insight,34,0,10,0
EDGE,monotonic,theoretical_insight,27,0,4,0
EDGE,monotonic,theoretical_insight,24,0,8,0
EDGE,monotonic,theoretical_insight,39,0,13,0
EDGE,monotonic,design_rationale,26,0,72,0
EDGE,monotonic,design_rationale,15,0,69,0
EDGE,monotonic,design_rationale,3,0,62,0
EDGE,monotonic,design_rationale,23,0,38,0
EDGE,monotonic,design_rationale,32,0,39,0
EDGE,monotonic,design_rationale,10,0,150,0
EDGE,monotonic,design_rationale,30,0,102,0
EDGE,monotonic,design_rationale,18,0,10,0
EDGE,monotonic,design_rationale,17,0,62,0
EDGE,monotonic,design_rationale,28,0,175,0
EDGE,monotonic,design_rationale,37,0,60,0
EDGE,monotonic,design_rationale,13,0,39,0
EDGE,monotonic,design_rationale,24,0,37,0
EDGE,monotonic,design_rationale,39,0,33,0
EDGE,monotonic,design_rationale,16,0,52,0
EDGE,monotonic,design_rationale,7,0,61,0
EDGE,monotonic,design_rationale,19,0,45,0
EDGE,monotonic,design_rationale,25,0,95,0
EDGE,monotonic,design_rationale,0,0,28,0
EDGE,monotonic,design_rationale,2,0,149,0
EDGE,monotonic,design_rationale,5,0,91,0
EDGE,monotonic,design_rationale,14,0,128,0
EDGE,monotonic,design_rationale,9,0,23,0
EDGE,monotonic,design_rationale,38,0,37,0
EDGE,monotonic,design_rationale,6,0,69,0
EDGE,monotonic,design_rationale,21,0,61,0
EDGE,monotonic,design_rationale,11,0,46,0
EDGE,monotonic,design_rationale,20,0,47,0
EDGE,monotonic,design_rationale,35,0,22,0
EDGE,monotonic,design_rationale,4,0,48,0
EDGE,monotonic,design_rationale,29,0,61,0
EDGE,monotonic,design_rationale,1,0,38,0
EDGE,monotonic,design_rationale,22,0,46,0
EDGE,monotonic,design_rationale,31,0,8,0
EDGE,monotonic,design_rationale,33,0,35,0
EDGE,monotonic,design_rationale,36,0,11,0
EDGE,monotonic,design_rationale,27,0,11,0
EDGE,monotonic,design_rationale,34,0,6,0
EDGE,monotonic,design_rationale,12,0,13,0
EDGE,monotonic,design_rationale,8,0,38,0
EDGE,monotonic,implementation_mechanism,13,0,116,0
EDGE,monotonic,implementation_mechanism,27,0,41,0
EDGE,monotonic,implementation_mechanism,23,0,66,0
EDGE,monotonic,implementation_mechanism,4,0,154,0
EDGE,monotonic,implementation_mechanism,17,0,119,0
EDGE,monotonic,implementation_mechanism,36,0,69,0
EDGE,monotonic,implementation_mechanism,1,0,168,0
EDGE,monotonic,implementation_mechanism,20,0,51,0
EDGE,monotonic,implementation_mechanism,6,0,125,0
EDGE,monotonic,implementation_mechanism,9,0,116,0
EDGE,monotonic,implementation_mechanism,39,0,43,0
EDGE,monotonic,implementation_mechanism,22,0,29,0
EDGE,monotonic,implementation_mechanism,2,0,125,0
EDGE,monotonic,implementation_mechanism,25,0,7,0
EDGE,monotonic,implementation_mechanism,0,0,77,0
EDGE,monotonic,implementation_mechanism,31,0,123,0
EDGE,monotonic,implementation_mechanism,8,0,84,0
EDGE,monotonic,implementation_mechanism,37,0,63,0
EDGE,monotonic,implementation_mechanism,21,0,32,0
EDGE,monotonic,implementation_mechanism,11,0,102,0
EDGE,monotonic,implementation_mechanism,5,0,49,0
EDGE,monotonic,implementation_mechanism,7,0,85,0
EDGE,monotonic,implementation_mechanism,38,0,12,0
EDGE,monotonic,implementation_mechanism,29,0,36,0
EDGE,monotonic,implementation_mechanism,24,0,23,0
EDGE,monotonic,implementation_mechanism,35,0,38,0
EDGE,monotonic,implementation_mechanism,3,0,46,0
EDGE,monotonic,implementation_mechanism,18,0,54,0
EDGE,monotonic,implementation_mechanism,33,0,21,0
EDGE,monotonic,implementation_mechanism,16,0,29,0
EDGE,monotonic,implementation_mechanism,12,0,16,0
EDGE,monotonic,implementation_mechanism,19,0,27,0
EDGE,monotonic,implementation_mechanism,26,0,30,0
EDGE,monotonic,implementation_mechanism,14,0,25,0
EDGE,monotonic,implementation_mechanism,34,0,29,0
EDGE,monotonic,implementation_mechanism,10,0,17,0
EDGE,monotonic,implementation_mechanism,28,0,16,0
EDGE,monotonic,implementation_mechanism,32,0,30,0
EDGE,monotonic,implementation_mechanism,15,0,21,0
EDGE,monotonic,implementation_mechanism,30,0,15,0
EDGE,monotonic,validation_evidence,7,0,33,0
EDGE,monotonic,validation_evidence,6,0,18,0
EDGE,monotonic,validation_evidence,28,0,20,0
EDGE,monotonic,validation_evidence,21,0,24,0
EDGE,monotonic,validation_evidence,13,0,164,0
EDGE,monotonic,validation_evidence,11,0,123,0
EDGE,monotonic,validation_evidence,12,0,89,0
EDGE,monotonic,validation_evidence,8,0,38,0
EDGE,monotonic,validation_evidence,23,0,60,0
EDGE,monotonic,validation_evidence,34,0,107,0
EDGE,monotonic,validation_evidence,37,0,10,0
EDGE,monotonic,validation_evidence,24,0,111,0
EDGE,monotonic,validation_evidence,17,0,60,0
EDGE,monotonic,validation_evidence,5,0,107,0
EDGE,monotonic,validation_evidence,3,0,88,0
EDGE,monotonic,validation_evidence,14,0,110,0
EDGE,monotonic,validation_evidence,29,0,26,0
EDGE,monotonic,validation_evidence,30,0,26,0
EDGE,monotonic,validation_evidence,16,0,76,0
EDGE,monotonic,validation_evidence,15,0,79,0
EDGE,monotonic,validation_evidence,0,0,59,0
EDGE,monotonic,validation_evidence,32,0,56,0
EDGE,monotonic,validation_evidence,22,0,65,0
EDGE,monotonic,validation_evidence,18,0,69,0
EDGE,monotonic,validation_evidence,1,0,51,0
EDGE,monotonic,validation_evidence,27,0,72,0
EDGE,monotonic,validation_evidence,25,0,58,0
EDGE,monotonic,validation_evidence,36,0,24,0
EDGE,monotonic,validation_evidence,9,0,75,0
EDGE,monotonic,validation_evidence,10,0,54,0
EDGE,monotonic,validation_evidence,35,0,44,0
EDGE,monotonic,validation_evidence,31,0,24,0
EDGE,monotonic,validation_evidence,2,0,46,0
EDGE,monotonic,validation_evidence,4,0,19,0
EDGE,monotonic,validation_evidence,20,0,66,0
EDGE,monotonic,validation_evidence,38,0,60,0
EDGE,monotonic,validation_evidence,19,0,17,0
EDGE,monotonic,validation_evidence,39,0,34,0
EDGE,monotonic,validation_evidence,33,0,22,0
EDGE,monotonic,validation_evidence,26,0,12,0
EDGE,both,risk,24,0,60,0
EDGE,both,risk,17,0,32,0
EDGE,both,risk,10,0,99,0
EDGE,both,risk,0,0,202,0
EDGE,both,risk,1,0,35,0
EDGE,both,risk,27,0,60,0
EDGE,both,risk,29,0,40,0
EDGE,both,risk,19,0,86,0
EDGE,both,risk,22,0,125,0
EDGE,both,risk,13,0,89,0
EDGE,both,risk,6,0,40,0
EDGE,both,risk,15,0,88,0
EDGE,both,risk,12,0,70,0
EDGE,both,risk,18,0,79,0
EDGE,both,risk,2,0,207,0
EDGE,both,risk,7,0,99,0
EDGE,both,risk,5,0,50,0
EDGE,both,risk,11,0,107,0
EDGE,both,risk,20,0,23,0
EDGE,both,risk,36,0,59,0
EDGE,both,risk,37,0,49,0
EDGE,both,risk,9,0,37,0
EDGE,both,risk,30,0,87,0
EDGE,both,risk,28,0,30,0
EDGE,both,risk,25,0,59,0
EDGE,both,risk,26,0,45,0
EDGE,both,risk,39,0,32,0
EDGE,both,risk,23,0,36,0
EDGE,both,risk,35,0,59,0
EDGE,both,risk,14,0,50,0
EDGE,both,risk,33,0,15,0
EDGE,both,risk,4,0,65,0
EDGE,both,risk,3,0,163,0
EDGE,both,risk,31,0,4,0
EDGE,both,risk,32,0,29,0
EDGE,both,risk,21,0,25,0
EDGE,both,risk,34,0,4,0
EDGE,both,risk,8,0,19,0
EDGE,both,risk,16,0,8,0
EDGE,both,risk,38,0,2,0
EDGE,both,intervention,9,0,172,0
EDGE,both,intervention,37,0,48,0
EDGE,both,intervention,13,0,139,0
EDGE,both,intervention,10,0,108,0
EDGE,both,intervention,5,0,110,0
EDGE,both,intervention,2,0,227,0
EDGE,both,intervention,14,0,51,0
EDGE,both,intervention,15,0,60,0
EDGE,both,intervention,36,0,103,0
EDGE,both,intervention,3,0,89,0
EDGE,both,intervention,33,0,61,0
EDGE,both,intervention,0,0,168,0
EDGE,both,intervention,24,0,25,0
EDGE,both,intervention,35,0,62,0
EDGE,both,intervention,1,0,100,0
EDGE,both,intervention,11,0,141,0
EDGE,both,intervention,25,0,63,0
EDGE,both,intervention,26,0,71,0
EDGE,both,intervention,8,0,74,0
EDGE,both,intervention,20,0,88,0
EDGE,both,intervention,18,0,46,0
EDGE,both,intervention,6,0,187,0
EDGE,both,intervention,38,0,22,0
EDGE,both,intervention,12,0,30,0
EDGE,both,intervention,21,0,67,0
EDGE,both,intervention,7,0,47,0
EDGE,both,intervention,23,0,34,0
EDGE,both,intervention,22,0,64,0
EDGE,both,intervention,30,0,34,0
EDGE,both,intervention,29,0,8,0
EDGE,both,intervention,28,0,6,0
EDGE,both,intervention,19,0,28,0
EDGE,both,intervention,17,0,33,0
EDGE,both,intervention,16,0,22,0
EDGE,both,intervention,4,0,42,0
EDGE,both,intervention,34,0,20,0
EDGE,both,intervention,39,0,8,0
EDGE,both,intervention,31,0,1,0
EDGE,both,intervention,32,0,6,0
EDGE,both,intervention,27,0,5,0
EDGE,both,all_concepts,10,0,372,0
EDGE,both,all_concepts,20,0,360,0
EDGE,both,all_concepts,36,0,210,0
EDGE,both,all_concepts,19,0,370,0
EDGE,both,all_concepts,29,0,125,0
EDGE,both,all_concepts,4,0,618,0
EDGE,both,all_concepts,32,0,244,0
EDGE,both,all_concepts,15,0,826,0
EDGE,both,all_concepts,35,0,16,0
EDGE,both,all_concepts,17,0,463,0
EDGE,both,all_concepts,38,0,765,0
EDGE,both,all_concepts,24,0,130,0
EDGE,both,all_concepts,1,0,835,0
EDGE,both,all_concepts,14,0,393,0
EDGE,both,all_concepts,0,0,460,0
EDGE,both,all_concepts,9,0,508,0
EDGE,both,all_concepts,5,0,464,0
EDGE,both,all_concepts,12,0,555,0
EDGE,both,all_concepts,6,0,673,0
EDGE,both,all_concepts,11,0,142,0
EDGE,both,all_concepts,8,0,552,0
EDGE,both,all_concepts,25,0,300,0
EDGE,both,all_concepts,26,0,198,0
EDGE,both,all_concepts,39,0,175,0
EDGE,both,all_concepts,16,0,212,0
EDGE,both,all_concepts,22,0,251,0
EDGE,both,all_concepts,30,0,72,0
EDGE,both,all_concepts,13,0,88,0
EDGE,both,all_concepts,3,0,312,0
EDGE,both,all_concepts,27,0,32,0
EDGE,both,all_concepts,2,0,278,0
EDGE,both,all_concepts,21,0,41,0
EDGE,both,all_concepts,31,0,130,0
EDGE,both,all_concepts,23,0,16,0
EDGE,both,all_concepts,18,0,130,0
EDGE,both,all_concepts,33,0,38,0
EDGE,both,all_concepts,28,0,19,0
EDGE,both,all_concepts,7,0,30,0
EDGE,both,all_concepts,37,0,25,0
EDGE,both,all_concepts,34,0,38,0
EDGE,both,problem_analysis,6,0,129,0
EDGE,both,problem_analysis,18,0,37,0
EDGE,both,problem_analysis,9,0,52,0
EDGE,both,problem_analysis,2,0,157,0
EDGE,both,problem_analysis,5,0,66,0
EDGE,both,problem_analysis,32,0,56,0
EDGE,both,problem_analysis,11,0,60,0
EDGE,both,problem_analysis,28,0,54,0
EDGE,both,problem_analysis,26,0,168,0
EDGE,both,problem_analysis,33,0,67,0
EDGE,both,problem_analysis,24,0,167,0
EDGE,both,problem_analysis,7,0,65,0
EDGE,both,problem_analysis,13,0,75,0
EDGE,both,problem_analysis,35,0,97,0
EDGE,both,problem_analysis,22,0,19,0
EDGE,both,problem_analysis,30,0,93,0
EDGE,both,problem_analysis,27,0,59,0
EDGE,both,problem_analysis,17,0,90,0
EDGE,both,problem_analysis,16,0,105,0
EDGE,both,problem_analysis,25,0,53,0
EDGE,both,problem_analysis,29,0,55,0
EDGE,both,problem_analysis,20,0,53,0
EDGE,both,problem_analysis,0,0,97,0
EDGE,both,problem_analysis,21,0,39,0
EDGE,both,problem_analysis,39,0,18,0
EDGE,both,problem_analysis,14,0,72,0
EDGE,both,problem_analysis,8,0,35,0
EDGE,both,problem_analysis,12,0,64,0
EDGE,both,problem_analysis,36,0,28,0
EDGE,both,problem_analysis,3,0,36,0
EDGE,both,problem_analysis,31,0,28,0
EDGE,both,problem_analysis,34,0,35,0
EDGE,both,problem_analysis,15,0,56,0
EDGE,both,problem_analysis,1,0,32,0
EDGE,both,problem_analysis,4,0,70,0
EDGE,both,problem_analysis,38,0,14,0
EDGE,both,problem_analysis,37,0,9,0
EDGE,both,problem_analysis,19,0,13,0
EDGE,both,problem_analysis,23,0,4,0
EDGE,both,problem_analysis,10,0,3,0
EDGE,both,theoretical_insight,14,0,35,0
EDGE,both,theoretical_insight,31,0,25,0
EDGE,both,theoretical_insight,38,0,77,0
EDGE,both,theoretical_insight,0,0,124,0
EDGE,both,theoretical_insight,1,0,32,0
EDGE,both,theoretical_insight,9,0,75,0
EDGE,both,theoretical_insight,6,0,98,0
EDGE,both,theoretical_insight,33,0,119,0
EDGE,both,theoretical_insight,13,0,124,0
EDGE,both,theoretical_insight,18,0,80,0
EDGE,both,theoretical_insight,36,0,39,0
EDGE,both,theoretical_insight,28,0,28,0
EDGE,both,theoretical_insight,23,0,45,0
EDGE,both,theoretical_insight,10,0,112,0
EDGE,both,theoretical_insight,25,0,96,0
EDGE,both,theoretical_insight,3,0,63,0
EDGE,both,theoretical_insight,26,0,166,0
EDGE,both,theoretical_insight,5,0,112,0
EDGE,both,theoretical_insight,7,0,74,0
EDGE,both,theoretical_insight,16,0,36,0
EDGE,both,theoretical_insight,4,0,65,0
EDGE,both,theoretical_insight,12,0,64,0
EDGE,both,theoretical_insight,11,0,35,0
EDGE,both,theoretical_insight,22,0,19,0
EDGE,both,theoretical_insight,8,0,62,0
EDGE,both,theoretical_insight,15,0,59,0
EDGE,both,theoretical_insight,35,0,40,0
EDGE,both,theoretical_insight,32,0,21,0
EDGE,both,theoretical_insight,37,0,34,0
EDGE,both,theoretical_insight,30,0,14,0
EDGE,both,theoretical_insight,21,0,3,0
EDGE,both,theoretical_insight,19,0,51,0
EDGE,both,theoretical_insight,29,0,40,0
EDGE,both,theoretical_insight,2,0,16,0
EDGE,both,theoretical_insight,20,0,50,0
EDGE,both,theoretical_insight,17,0,26,0
EDGE,both,theoretical_insight,34,0,10,0
EDGE,both,theoretical_insight,27,0,4,0
EDGE,both,theoretical_insight,24,0,8,0
EDGE,both,theoretical_insight,39,0,13,0
EDGE,both,design_rationale,26,0,72,0
EDGE,both,design_rationale,15,0,69,0
EDGE,both,design_rationale,3,0,62,0
EDGE,both,design_rationale,23,0,38,0
EDGE,both,design_rationale,32,0,39,0
EDGE,both,design_rationale,10,0,150,0
EDGE,both,design_rationale,30,0,102,0
EDGE,both,design_rationale,18,0,10,0
EDGE,both,design_rationale,17,0,62,0
EDGE,both,design_rationale,28,0,175,0
EDGE,both,design_rationale,37,0,60,0
EDGE,both,design_rationale,13,0,39,0
EDGE,both,design_rationale,24,0,37,0
EDGE,both,design_rationale,39,0,33,0
EDGE,both,design_rationale,16,0,52,0
EDGE,both,design_rationale,7,0,61,0
EDGE,both,design_rationale,19,0,45,0
EDGE,both,design_rationale,25,0,95,0
EDGE,both,design_rationale,0,0,28,0
EDGE,both,design_rationale,2,0,149,0
EDGE,both,design_rationale,5,0,91,0
EDGE,both,design_rationale,14,0,128,0
EDGE,both,design_rationale,9,0,23,0
EDGE,both,design_rationale,38,0,37,0
EDGE,both,design_rationale,6,0,69,0
EDGE,both,design_rationale,21,0,61,0
EDGE,both,design_rationale,11,0,46,0
EDGE,both,design_rationale,20,0,47,0
EDGE,both,design_rationale,35,0,22,0
EDGE,both,design_rationale,4,0,48,0
EDGE,both,design_rationale,29,0,61,0
EDGE,both,design_rationale,1,0,38,0
EDGE,both,design_rationale,22,0,46,0
EDGE,both,design_rationale,31,0,8,0
EDGE,both,design_rationale,33,0,35,0
EDGE,both,design_rationale,36,0,11,0
EDGE,both,design_rationale,27,0,11,0
EDGE,both,design_rationale,34,0,6,0
EDGE,both,design_rationale,12,0,13,0
EDGE,both,design_rationale,8,0,38,0
EDGE,both,implementation_mechanism,13,0,116,0
EDGE,both,implementation_mechanism,27,0,41,0
EDGE,both,implementation_mechanism,23,0,66,0
EDGE,both,implementation_mechanism,4,0,154,0
EDGE,both,implementation_mechanism,17,0,119,0
EDGE,both,implementation_mechanism,36,0,69,0
EDGE,both,implementation_mechanism,1,0,168,0
EDGE,both,implementation_mechanism,20,0,51,0
EDGE,both,implementation_mechanism,6,0,125,0
EDGE,both,implementation_mechanism,9,0,116,0
EDGE,both,implementation_mechanism,39,0,43,0
EDGE,both,implementation_mechanism,22,0,29,0
EDGE,both,implementation_mechanism,2,0,125,0
EDGE,both,implementation_mechanism,25,0,7,0
EDGE,both,implementation_mechanism,0,0,77,0
EDGE,both,implementation_mechanism,31,0,123,0
EDGE,both,implementation_mechanism,8,0,84,0
EDGE,both,implementation_mechanism,37,0,63,0
EDGE,both,implementation_mechanism,21,0,32,0
EDGE,both,implementation_mechanism,11,0,102,0
EDGE,both,implementation_mechanism,5,0,49,0
EDGE,both,implementation_mechanism,7,0,85,0
EDGE,both,implementation_mechanism,38,0,12,0
EDGE,both,implementation_mechanism,29,0,36,0
EDGE,both,implementation_mechanism,24,0,23,0
EDGE,both,implementation_mechanism,35,0,38,0
EDGE,both,implementation_mechanism,3,0,46,0
EDGE,both,implementation_mechanism,18,0,54,0
EDGE,both,implementation_mechanism,33,0,21,0
EDGE,both,implementation_mechanism,16,0,29,0
EDGE,both,implementation_mechanism,12,0,16,0
EDGE,both,implementation_mechanism,19,0,27,0
EDGE,both,implementation_mechanism,26,0,30,0
EDGE,both,implementation_mechanism,14,0,25,0
EDGE,both,implementation_mechanism,34,0,29,0
EDGE,both,implementation_mechanism,10,0,17,0
EDGE,both,implementation_mechanism,28,0,16,0
EDGE,both,implementation_mechanism,32,0,30,0
EDGE,both,implementation_mechanism,15,0,21,0
EDGE,both,implementation_mechanism,30,0,15,0
EDGE,both,validation_evidence,7,0,33,0
EDGE,both,validation_evidence,6,0,18,0
EDGE,both,validation_evidence,28,0,20,0
EDGE,both,validation_evidence,21,0,24,0
EDGE,both,validation_evidence,13,0,164,0
EDGE,both,validation_evidence,11,0,123,0
EDGE,both,validation_evidence,12,0,89,0
EDGE,both,validation_evidence,8,0,38,0
EDGE,both,validation_evidence,23,0,60,0
EDGE,both,validation_evidence,34,0,107,0
EDGE,both,validation_evidence,37,0,10,0
EDGE,both,validation_evidence,24,0,111,0
EDGE,both,validation_evidence,17,0,60,0
EDGE,both,validation_evidence,5,0,107,0
EDGE,both,validation_evidence,3,0,88,0
EDGE,both,validation_evidence,14,0,110,0
EDGE,both,validation_evidence,29,0,26,0
EDGE,both,validation_evidence,30,0,26,0
EDGE,both,validation_evidence,16,0,76,0
EDGE,both,validation_evidence,15,0,79,0
EDGE,both,validation_evidence,0,0,59,0
EDGE,both,validation_evidence,32,0,56,0
EDGE,both,validation_evidence,22,0,65,0
EDGE,both,validation_evidence,18,0,69,0
EDGE,both,validation_evidence,1,0,51,0
EDGE,both,validation_evidence,27,0,72,0
EDGE,both,validation_evidence,25,0,58,0
EDGE,both,validation_evidence,36,0,24,0
EDGE,both,validation_evidence,9,0,75,0
EDGE,both,validation_evidence,10,0,54,0
EDGE,both,validation_evidence,35,0,44,0
EDGE,both,validation_evidence,31,0,24,0
EDGE,both,validation_evidence,2,0,46,0
EDGE,both,validation_evidence,4,0,19,0
EDGE,both,validation_evidence,20,0,66,0
EDGE,both,validation_evidence,38,0,60,0
EDGE,both,validation_evidence,19,0,17,0
EDGE,both,validation_evidence,39,0,34,0
EDGE,both,validation_evidence,33,0,22,0
EDGE,both,validation_evidence,26,0,12,0
0.8,unconstrained,risk,10,0,544,0
0.8,unconstrained,risk,29,0,215,0
0.8,unconstrained,risk,21,0,568,0
0.8,unconstrained,risk,3,0,356,0
0.8,unconstrained,risk,7,0,242,0
0.8,unconstrained,risk,1,0,322,0
0.8,unconstrained,risk,17,0,385,0
0.8,unconstrained,risk,13,0,640,0
0.8,unconstrained,risk,8,0,319,0
0.8,unconstrained,risk,32,0,226,0
0.8,unconstrained,risk,4,0,383,0
0.8,unconstrained,risk,5,0,137,0
0.8,unconstrained,risk,15,0,551,0
0.8,unconstrained,risk,22,0,196,0
0.8,unconstrained,risk,24,0,60,0
0.8,unconstrained,risk,38,0,55,0
0.8,unconstrained,risk,16,0,292,0
0.8,unconstrained,risk,23,0,80,0
0.8,unconstrained,risk,9,0,451,0
0.8,unconstrained,risk,14,0,362,0
0.8,unconstrained,risk,30,0,519,0
0.8,unconstrained,risk,2,0,350,0
0.8,unconstrained,risk,12,0,263,0
0.8,unconstrained,risk,0,0,296,0
0.8,unconstrained,risk,37,0,14,0
0.8,unconstrained,risk,6,0,238,0
0.8,unconstrained,risk,11,0,258,0
0.8,unconstrained,risk,33,0,207,0
0.8,unconstrained,risk,35,0,85,0
0.8,unconstrained,risk,36,0,87,0
0.8,unconstrained,risk,31,0,93,0
0.8,unconstrained,risk,25,0,20,0
0.8,unconstrained,risk,27,0,60,0
0.8,unconstrained,risk,26,0,196,0
0.8,unconstrained,risk,18,0,88,0
0.8,unconstrained,risk,28,0,45,0
0.8,unconstrained,risk,34,0,61,0
0.8,unconstrained,risk,19,0,60,0
0.8,unconstrained,risk,20,0,15,0
0.8,unconstrained,risk,39,0,14,0
0.8,unconstrained,intervention,18,0,398,0
0.8,unconstrained,intervention,0,0,385,0
0.8,unconstrained,intervention,6,0,88,0
0.8,unconstrained,intervention,8,0,65,0
0.8,unconstrained,intervention,35,0,39,0
0.8,unconstrained,intervention,15,0,338,0
0.8,unconstrained,intervention,16,0,308,0
0.8,unconstrained,intervention,39,0,91,0
0.8,unconstrained,intervention,29,0,355,0
0.8,unconstrained,intervention,33,0,78,0
0.8,unconstrained,intervention,4,0,310,0
0.8,unconstrained,intervention,7,0,208,0
0.8,unconstrained,intervention,32,0,32,0
0.8,unconstrained,intervention,34,0,142,0
0.8,unconstrained,intervention,24,0,27,0
0.8,unconstrained,intervention,11,0,211,0
0.8,unconstrained,intervention,30,0,166,0
0.8,unconstrained,intervention,31,0,45,0
0.8,unconstrained,intervention,2,0,86,0
0.8,unconstrained,intervention,12,0,202,0
0.8,unconstrained,intervention,19,0,124,0
0.8,unconstrained,intervention,21,0,29,0
0.8,unconstrained,intervention,3,0,380,0
0.8,unconstrained,intervention,1,0,58,0
0.8,unconstrained,intervention,13,0,68,0
0.8,unconstrained,intervention,9,0,154,0
0.8,unconstrained,intervention,5,0,41,0
0.8,unconstrained,intervention,14,0,141,0
0.8,unconstrained,intervention,10,0,226,0
0.8,unconstrained,intervention,17,0,244,0
0.8,unconstrained,intervention,20,0,79,0
0.8,unconstrained,intervention,36,0,46,0
0.8,unconstrained,intervention,25,0,54,0
0.8,unconstrained,intervention,38,0,81,0
0.8,unconstrained,intervention,27,0,35,0
0.8,unconstrained,intervention,23,0,26,0
0.8,unconstrained,intervention,22,0,35,0
0.8,unconstrained,intervention,26,0,51,0
0.8,unconstrained,intervention,28,0,26,0
0.8,unconstrained,intervention,37,0,21,0
0.8,unconstrained,all_concepts,1,0,2859,0
0.8,unconstrained,all_concepts,7,0,982,0
0.8,unconstrained,all_concepts,14,0,844,0
0.8,unconstrained,all_concepts,11,0,249,0
0.8,unconstrained,all_concepts,37,0,338,0
0.8,unconstrained,all_concepts,2,0,1232,0
0.8,unconstrained,all_concepts,25,0,707,0
0.8,unconstrained,all_concepts,16,0,687,0
0.8,unconstrained,all_concepts,21,0,445,0
0.8,unconstrained,all_concepts,6,0,876,0
0.8,unconstrained,all_concepts,18,0,318,0
0.8,unconstrained,all_concepts,30,0,499,0
0.8,unconstrained,all_concepts,8,0,1412,0
0.8,unconstrained,all_concepts,4,0,1816,0
0.8,unconstrained,all_concepts,23,0,279,0
0.8,unconstrained,all_concepts,36,0,281,0
0.8,unconstrained,all_concepts,38,0,646,0
0.8,unconstrained,all_concepts,35,0,269,0
0.8,unconstrained,all_concepts,19,0,703,0
0.8,unconstrained,all_concepts,5,0,665,0
0.8,unconstrained,all_concepts,3,0,531,0
0.8,unconstrained,all_concepts,10,0,1233,0
0.8,unconstrained,all_concepts,33,0,261,0
0.8,unconstrained,all_concepts,12,0,1043,0
0.8,unconstrained,all_concepts,26,0,208,0
0.8,unconstrained,all_concepts,17,0,501,0
0.8,unconstrained,all_concepts,15,0,231,0
0.8,unconstrained,all_concepts,28,0,121,0
0.8,unconstrained,all_concepts,9,0,434,0
0.8,unconstrained,all_concepts,0,0,2864,0
0.8,unconstrained,all_concepts,22,0,86,0
0.8,unconstrained,all_concepts,39,0,101,0
0.8,unconstrained,all_concepts,29,0,87,0
0.8,unconstrained,all_concepts,27,0,145,0
0.8,unconstrained,all_concepts,13,0,154,0
0.8,unconstrained,all_concepts,31,0,52,0
0.8,unconstrained,all_concepts,24,0,50,0
0.8,unconstrained,all_concepts,34,0,15,0
0.8,unconstrained,all_concepts,20,0,31,0
0.8,unconstrained,all_concepts,32,0,5,0
0.8,unconstrained,problem_analysis,1,0,330,0
0.8,unconstrained,problem_analysis,27,0,115,0
0.8,unconstrained,problem_analysis,7,0,210,0
0.8,unconstrained,problem_analysis,2,0,90,0
0.8,unconstrained,problem_analysis,3,0,487,0
0.8,unconstrained,problem_analysis,30,0,592,0
0.8,unconstrained,problem_analysis,12,0,165,0
0.8,unconstrained,problem_analysis,19,0,115,0
0.8,unconstrained,problem_analysis,32,0,137,0
0.8,unconstrained,problem_analysis,20,0,328,0
0.8,unconstrained,problem_analysis,31,0,205,0
0.8,unconstrained,problem_analysis,25,0,117,0
0.8,unconstrained,problem_analysis,26,0,109,0
0.8,unconstrained,problem_analysis,22,0,30,0
0.8,unconstrained,problem_analysis,16,0,199,0
0.8,unconstrained,problem_analysis,0,0,633,0
0.8,unconstrained,problem_analysis,10,0,352,0
0.8,unconstrained,problem_analysis,9,0,116,0
0.8,unconstrained,problem_analysis,15,0,173,0
0.8,unconstrained,problem_analysis,34,0,79,0
0.8,unconstrained,problem_analysis,23,0,19,0
0.8,unconstrained,problem_analysis,13,0,242,0
0.8,unconstrained,problem_analysis,5,0,165,0
0.8,unconstrained,problem_analysis,8,0,44,0
0.8,unconstrained,problem_analysis,6,0,565,0
0.8,unconstrained,problem_analysis,37,0,103,0
0.8,unconstrained,problem_analysis,17,0,251,0
0.8,unconstrained,problem_analysis,4,0,128,0
0.8,unconstrained,problem_analysis,33,0,23,0
0.8,unconstrained,problem_analysis,14,0,325,0
0.8,unconstrained,problem_analysis,18,0,110,0
0.8,unconstrained,problem_analysis,11,0,97,0
0.8,unconstrained,problem_analysis,21,0,328,0
0.8,unconstrained,problem_analysis,39,0,47,0
0.8,unconstrained,problem_analysis,36,0,86,0
0.8,unconstrained,problem_analysis,28,0,23,0
0.8,unconstrained,problem_analysis,38,0,86,0
0.8,unconstrained,problem_analysis,29,0,40,0
0.8,unconstrained,problem_analysis,24,0,8,0
0.8,unconstrained,problem_analysis,35,0,16,0
0.8,unconstrained,theoretical_insight,26,0,275,0
0.8,unconstrained,theoretical_insight,7,0,78,0
0.8,unconstrained,theoretical_insight,6,0,101,0
0.8,unconstrained,theoretical_insight,21,0,123,0
0.8,unconstrained,theoretical_insight,15,0,24,0
0.8,unconstrained,theoretical_insight,23,0,214,0
0.8,unconstrained,theoretical_insight,19,0,206,0
0.8,unconstrained,theoretical_insight,0,0,271,0
0.8,unconstrained,theoretical_insight,11,0,235,0
0.8,unconstrained,theoretical_insight,39,0,198,0
0.8,unconstrained,theoretical_insight,33,0,7,0
0.8,unconstrained,theoretical_insight,3,0,211,0
0.8,unconstrained,theoretical_insight,37,0,180,0
0.8,unconstrained,theoretical_insight,18,0,53,0
0.8,unconstrained,theoretical_insight,1,0,172,0
0.8,unconstrained,theoretical_insight,34,0,105,0
0.8,unconstrained,theoretical_insight,10,0,362,0
0.8,unconstrained,theoretical_insight,38,0,171,0
0.8,unconstrained,theoretical_insight,29,0,83,0
0.8,unconstrained,theoretical_insight,4,0,100,0
0.8,unconstrained,theoretical_insight,5,0,28,0
0.8,unconstrained,theoretical_insight,8,0,27,0
0.8,unconstrained,theoretical_insight,9,0,225,0
0.8,unconstrained,theoretical_insight,12,0,105,0
0.8,unconstrained,theoretical_insight,27,0,81,0
0.8,unconstrained,theoretical_insight,30,0,8,0
0.8,unconstrained,theoretical_insight,16,0,122,0
0.8,unconstrained,theoretical_insight,32,0,52,0
0.8,unconstrained,theoretical_insight,2,0,88,0
0.8,unconstrained,theoretical_insight,20,0,128,0
0.8,unconstrained,theoretical_insight,28,0,120,0
0.8,unconstrained,theoretical_insight,25,0,112,0
0.8,unconstrained,theoretical_insight,22,0,26,0
0.8,unconstrained,theoretical_insight,31,0,32,0
0.8,unconstrained,theoretical_insight,13,0,15,0
0.8,unconstrained,theoretical_insight,36,0,12,0
0.8,unconstrained,theoretical_insight,17,0,22,0
0.8,unconstrained,theoretical_insight,24,0,10,0
0.8,unconstrained,theoretical_insight,14,0,49,0
0.8,unconstrained,theoretical_insight,35,0,31,0
0.8,unconstrained,design_rationale,32,0,171,0
0.8,unconstrained,design_rationale,6,0,169,0
0.8,unconstrained,design_rationale,11,0,84,0
0.8,unconstrained,design_rationale,4,0,85,0
0.8,unconstrained,design_rationale,21,0,267,0
0.8,unconstrained,design_rationale,7,0,288,0
0.8,unconstrained,design_rationale,0,0,271,0
0.8,unconstrained,design_rationale,1,0,363,0
0.8,unconstrained,design_rationale,39,0,52,0
0.8,unconstrained,design_rationale,9,0,172,0
0.8,unconstrained,design_rationale,28,0,129,0
0.8,unconstrained,design_rationale,12,0,289,0
0.8,unconstrained,design_rationale,16,0,72,0
0.8,unconstrained,design_rationale,24,0,285,0
0.8,unconstrained,design_rationale,20,0,71,0
0.8,unconstrained,design_rationale,30,0,28,0
0.8,unconstrained,design_rationale,27,0,8,0
0.8,unconstrained,design_rationale,5,0,395,0
0.8,unconstrained,design_rationale,10,0,122,0
0.8,unconstrained,design_rationale,2,0,135,0
0.8,unconstrained,design_rationale,17,0,75,0
0.8,unconstrained,design_rationale,19,0,74,0
0.8,unconstrained,design_rationale,26,0,90,0
0.8,unconstrained,design_rationale,23,0,135,0
0.8,unconstrained,design_rationale,31,0,118,0
0.8,unconstrained,design_rationale,18,0,39,0
0.8,unconstrained,design_rationale,13,0,41,0
0.8,unconstrained,design_rationale,22,0,27,0
0.8,unconstrained,design_rationale,3,0,22,0
0.8,unconstrained,design_rationale,25,0,82,0
0.8,unconstrained,design_rationale,14,0,96,0
0.8,unconstrained,design_rationale,37,0,31,0
0.8,unconstrained,design_rationale,38,0,14,0
0.8,unconstrained,design_rationale,8,0,60,0
0.8,unconstrained,design_rationale,15,0,23,0
0.8,unconstrained,design_rationale,33,0,14,0
0.8,unconstrained,design_rationale,35,0,21,0
0.8,unconstrained,design_rationale,36,0,48,0
0.8,unconstrained,design_rationale,34,0,4,0
0.8,unconstrained,design_rationale,29,0,1,0
0.8,unconstrained,implementation_mechanism,5,0,258,0
0.8,unconstrained,implementation_mechanism,3,0,315,0
0.8,unconstrained,implementation_mechanism,37,0,64,0
0.8,unconstrained,implementation_mechanism,7,0,111,0
0.8,unconstrained,implementation_mechanism,11,0,229,0
0.8,unconstrained,implementation_mechanism,0,0,287,0
0.8,unconstrained,implementation_mechanism,17,0,218,0
0.8,unconstrained,implementation_mechanism,20,0,239,0
0.8,unconstrained,implementation_mechanism,22,0,11,0
0.8,unconstrained,implementation_mechanism,13,0,37,0
0.8,unconstrained,implementation_mechanism,14,0,76,0
0.8,unconstrained,implementation_mechanism,24,0,136,0
0.8,unconstrained,implementation_mechanism,35,0,53,0
0.8,unconstrained,implementation_mechanism,8,0,225,0
0.8,unconstrained,implementation_mechanism,25,0,75,0
0.8,unconstrained,implementation_mechanism,23,0,229,0
0.8,unconstrained,implementation_mechanism,39,0,15,0
0.8,unconstrained,implementation_mechanism,36,0,66,0
0.8,unconstrained,implementation_mechanism,34,0,57,0
0.8,unconstrained,implementation_mechanism,1,0,198,0
0.8,unconstrained,implementation_mechanism,9,0,282,0
0.8,unconstrained,implementation_mechanism,2,0,79,0
0.8,unconstrained,implementation_mechanism,33,0,151,0
0.8,unconstrained,implementation_mechanism,29,0,45,0
0.8,unconstrained,implementation_mechanism,10,0,129,0
0.8,unconstrained,implementation_mechanism,6,0,308,0
0.8,unconstrained,implementation_mechanism,27,0,24,0
0.8,unconstrained,implementation_mechanism,18,0,64,0
0.8,unconstrained,implementation_mechanism,16,0,139,0
0.8,unconstrained,implementation_mechanism,28,0,21,0
0.8,unconstrained,implementation_mechanism,21,0,41,0
0.8,unconstrained,implementation_mechanism,26,0,54,0
0.8,unconstrained,implementation_mechanism,15,0,77,0
0.8,unconstrained,implementation_mechanism,38,0,24,0
0.8,unconstrained,implementation_mechanism,31,0,10,0
0.8,unconstrained,implementation_mechanism,19,0,37,0
0.8,unconstrained,implementation_mechanism,32,0,24,0
0.8,unconstrained,implementation_mechanism,30,0,13,0
0.8,unconstrained,implementation_mechanism,12,0,70,0
0.8,unconstrained,implementation_mechanism,4,0,29,0
0.8,unconstrained,validation_evidence,13,0,315,0
0.8,unconstrained,validation_evidence,16,0,83,0
0.8,unconstrained,validation_evidence,6,0,120,0
0.8,unconstrained,validation_evidence,27,0,129,0
0.8,unconstrained,validation_evidence,25,0,72,0
0.8,unconstrained,validation_evidence,11,0,93,0
0.8,unconstrained,validation_evidence,29,0,31,0
0.8,unconstrained,validation_evidence,10,0,167,0
0.8,unconstrained,validation_evidence,1,0,211,0
0.8,unconstrained,validation_evidence,2,0,159,0
0.8,unconstrained,validation_evidence,33,0,149,0
0.8,unconstrained,validation_evidence,24,0,134,0
0.8,unconstrained,validation_evidence,35,0,63,0
0.8,unconstrained,validation_evidence,9,0,346,0
0.8,unconstrained,validation_evidence,0,0,114,0
0.8,unconstrained,validation_evidence,21,0,33,0
0.8,unconstrained,validation_evidence,22,0,116,0
0.8,unconstrained,validation_evidence,19,0,51,0
0.8,unconstrained,validation_evidence,3,0,33,0
0.8,unconstrained,validation_evidence,30,0,51,0
0.8,unconstrained,validation_evidence,32,0,60,0
0.8,unconstrained,validation_evidence,8,0,52,0
0.8,unconstrained,validation_evidence,23,0,112,0
0.8,unconstrained,validation_evidence,34,0,189,0
0.8,unconstrained,validation_evidence,26,0,56,0
0.8,unconstrained,validation_evidence,12,0,67,0
0.8,unconstrained,validation_evidence,7,0,99,0
0.8,unconstrained,validation_evidence,15,0,61,0
0.8,unconstrained,validation_evidence,5,0,117,0
0.8,unconstrained,validation_evidence,14,0,38,0
0.8,unconstrained,validation_evidence,37,0,23,0
0.8,unconstrained,validation_evidence,4,0,17,0
0.8,unconstrained,validation_evidence,18,0,35,0
0.8,unconstrained,validation_evidence,38,0,13,0
0.8,unconstrained,validation_evidence,31,0,18,0
0.8,unconstrained,validation_evidence,39,0,28,0
0.8,unconstrained,validation_evidence,20,0,40,0
0.8,unconstrained,validation_evidence,17,0,16,0
0.8,unconstrained,validation_evidence,28,0,7,0
0.8,unconstrained,validation_evidence,36,0,1,0
0.8,single_risk,risk,16,0,61,0
0.8,single_risk,risk,8,0,69,0
0.8,single_risk,risk,34,0,188,0
0.8,single_risk,risk,13,0,106,0
0.8,single_risk,risk,9,0,172,0
0.8,single_risk,risk,23,0,176,0
0.8,single_risk,risk,4,0,310,0
0.8,single_risk,risk,37,0,113,0
0.8,single_risk,risk,30,0,242,0
0.8,single_risk,risk,36,0,125,0
0.8,single_risk,risk,11,0,122,0
0.8,single_risk,risk,26,0,73,0
0.8,single_risk,risk,10,0,243,0
0.8,single_risk,risk,12,0,252,0
0.8,single_risk,risk,39,0,117,0
0.8,single_risk,risk,32,0,35,0
0.8,single_risk,risk,29,0,60,0
0.8,single_risk,risk,6,0,131,0
0.8,single_risk,risk,21,0,125,0
0.8,single_risk,risk,17,0,54,0
0.8,single_risk,risk,38,0,47,0
0.8,single_risk,risk,24,0,77,0
0.8,single_risk,risk,1,0,192,0
0.8,single_risk,risk,7,0,45,0
0.8,single_risk,risk,14,0,123,0
0.8,single_risk,risk,20,0,81,0
0.8,single_risk,risk,18,0,96,0
0.8,single_risk,risk,35,0,147,0
0.8,single_risk,risk,0,0,206,0
0.8,single_risk,risk,5,0,25,0
0.8,single_risk,risk,33,0,28,0
0.8,single_risk,risk,19,0,72,0
0.8,single_risk,risk,27,0,30,0
0.8,single_risk,risk,31,0,10,0
0.8,single_risk,risk,3,0,49,0
0.8,single_risk,risk,2,0,182,0
0.8,single_risk,risk,15,0,20,0
0.8,single_risk,risk,28,0,22,0
0.8,single_risk,risk,22,0,22,0
0.8,single_risk,risk,25,0,6,0
0.8,single_risk,intervention,0,0,527,0
0.8,single_risk,intervention,7,0,139,0
0.8,single_risk,intervention,14,0,57,0
0.8,single_risk,intervention,10,0,328,0
0.8,single_risk,intervention,25,0,228,0
0.8,single_risk,intervention,21,0,90,0
0.8,single_risk,intervention,8,0,179,0
0.8,single_risk,intervention,4,0,388,0
0.8,single_risk,intervention,38,0,379,0
0.8,single_risk,intervention,24,0,30,0
0.8,single_risk,intervention,39,0,337,0
0.8,single_risk,intervention,2,0,195,0
0.8,single_risk,intervention,26,0,144,0
0.8,single_risk,intervention,23,0,25,0
0.8,single_risk,intervention,12,0,252,0
0.8,single_risk,intervention,27,0,41,0
0.8,single_risk,intervention,3,0,98,0
0.8,single_risk,intervention,36,0,123,0
0.8,single_risk,intervention,22,0,30,0
0.8,single_risk,intervention,18,0,165,0
0.8,single_risk,intervention,15,0,319,0
0.8,single_risk,intervention,17,0,39,0
0.8,single_risk,intervention,5,0,118,0
0.8,single_risk,intervention,11,0,41,0
0.8,single_risk,intervention,6,0,96,0
0.8,single_risk,intervention,9,0,210,0
0.8,single_risk,intervention,30,0,235,0
0.8,single_risk,intervention,13,0,116,0
0.8,single_risk,intervention,20,0,83,0
0.8,single_risk,intervention,37,0,47,0
0.8,single_risk,intervention,31,0,48,0
0.8,single_risk,intervention,1,0,54,0
0.8,single_risk,intervention,29,0,35,0
0.8,single_risk,intervention,16,0,33,0
0.8,single_risk,intervention,33,0,28,0
0.8,single_risk,intervention,32,0,54,0
0.8,single_risk,intervention,35,0,23,0
0.8,single_risk,intervention,28,0,26,0
0.8,single_risk,intervention,34,0,30,0
0.8,single_risk,intervention,19,0,25,0
0.8,single_risk,all_concepts,16,0,1385,0
0.8,single_risk,all_concepts,18,0,1313,0
0.8,single_risk,all_concepts,34,0,886,0
0.8,single_risk,all_concepts,1,0,2613,0
0.8,single_risk,all_concepts,5,0,553,0
0.8,single_risk,all_concepts,30,0,137,0
0.8,single_risk,all_concepts,13,0,251,0
0.8,single_risk,all_concepts,35,0,429,0
0.8,single_risk,all_concepts,6,0,937,0
0.8,single_risk,all_concepts,21,0,575,0
0.8,single_risk,all_concepts,23,0,369,0
0.8,single_risk,all_concepts,4,0,357,0
0.8,single_risk,all_concepts,15,0,415,0
0.8,single_risk,all_concepts,12,0,1307,0
0.8,single_risk,all_concepts,7,0,1304,0
0.8,single_risk,all_concepts,19,0,107,0
0.8,single_risk,all_concepts,3,0,421,0
0.8,single_risk,all_concepts,33,0,246,0
0.8,single_risk,all_concepts,22,0,713,0
0.8,single_risk,all_concepts,8,0,1005,0
0.8,single_risk,all_concepts,25,0,186,0
0.8,single_risk,all_concepts,11,0,493,0
0.8,single_risk,all_concepts,2,0,1332,0
0.8,single_risk,all_concepts,9,0,568,0
0.8,single_risk,all_concepts,10,0,524,0
0.8,single_risk,all_concepts,14,0,425,0
0.8,single_risk,all_concepts,27,0,227,0
0.8,single_risk,all_concepts,28,0,134,0
0.8,single_risk,all_concepts,0,0,197,0
0.8,single_risk,all_concepts,17,0,1660,0
0.8,single_risk,all_concepts,26,0,81,0
0.8,single_risk,all_concepts,20,0,92,0
0.8,single_risk,all_concepts,36,0,159,0
0.8,single_risk,all_concepts,24,0,213,0
0.8,single_risk,all_concepts,29,0,88,0
0.8,single_risk,all_concepts,32,0,21,0
0.8,single_risk,all_concepts,31,0,43,0
0.8,single_risk,all_concepts,39,0,48,0
0.8,single_risk,all_concepts,38,0,11,0
0.8,single_risk,all_concepts,37,0,31,0
0.8,single_risk,problem_analysis,38,0,344,0
0.8,single_risk,problem_analysis,16,0,230,0
0.8,single_risk,problem_analysis,4,0,146,0
0.8,single_risk,problem_analysis,13,0,84,0
0.8,single_risk,problem_analysis,3,0,166,0
0.8,single_risk,problem_analysis,17,0,52,0
0.8,single_risk,problem_analysis,1,0,391,0
0.8,single_risk,problem_analysis,20,0,165,0
0.8,single_risk,problem_analysis,29,0,87,0
0.8,single_risk,problem_analysis,11,0,117,0
0.8,single_risk,problem_analysis,8,0,83,0
0.8,single_risk,problem_analysis,7,0,188,0
0.8,single_risk,problem_analysis,22,0,37,0
0.8,single_risk,problem_analysis,15,0,209,0
0.8,single_risk,problem_analysis,32,0,96,0
0.8,single_risk,problem_analysis,0,0,511,0
0.8,single_risk,problem_analysis,18,0,136,0
0.8,single_risk,problem_analysis,39,0,265,0
0.8,single_risk,problem_analysis,35,0,54,0
0.8,single_risk,problem_analysis,9,0,117,0
0.8,single_risk,problem_analysis,5,0,178,0
0.8,single_risk,problem_analysis,2,0,208,0
0.8,single_risk,problem_analysis,10,0,299,0
0.8,single_risk,problem_analysis,14,0,153,0
0.8,single_risk,problem_analysis,12,0,104,0
0.8,single_risk,problem_analysis,31,0,41,0
0.8,single_risk,problem_analysis,37,0,206,0
0.8,single_risk,problem_analysis,6,0,232,0
0.8,single_risk,problem_analysis,21,0,53,0
0.8,single_risk,problem_analysis,19,0,257,0
0.8,single_risk,problem_analysis,33,0,39,0
0.8,single_risk,problem_analysis,28,0,36,0
0.8,single_risk,problem_analysis,27,0,13,0
0.8,single_risk,problem_analysis,24,0,87,0
0.8,single_risk,problem_analysis,26,0,61,0
0.8,single_risk,problem_analysis,23,0,101,0
0.8,single_risk,problem_analysis,25,0,75,0
0.8,single_risk,problem_analysis,30,0,2,0
0.8,single_risk,problem_analysis,36,0,13,0
0.8,single_risk,problem_analysis,34,0,3,0
0.8,single_risk,theoretical_insight,5,0,130,0
0.8,single_risk,theoretical_insight,11,0,106,0
0.8,single_risk,theoretical_insight,26,0,53,0
0.8,single_risk,theoretical_insight,21,0,164,0
0.8,single_risk,theoretical_insight,6,0,176,0
0.8,single_risk,theoretical_insight,1,0,50,0
0.8,single_risk,theoretical_insight,15,0,166,0
0.8,single_risk,theoretical_insight,4,0,209,0
0.8,single_risk,theoretical_insight,30,0,215,0
0.8,single_risk,theoretical_insight,37,0,43,0
0.8,single_risk,theoretical_insight,12,0,227,0
0.8,single_risk,theoretical_insight,9,0,139,0
0.8,single_risk,theoretical_insight,18,0,147,0
0.8,single_risk,theoretical_insight,22,0,191,0
0.8,single_risk,theoretical_insight,3,0,251,0
0.8,single_risk,theoretical_insight,10,0,41,0
0.8,single_risk,theoretical_insight,25,0,20,0
0.8,single_risk,theoretical_insight,34,0,235,0
0.8,single_risk,theoretical_insight,19,0,152,0
0.8,single_risk,theoretical_insight,14,0,104,0
0.8,single_risk,theoretical_insight,38,0,51,0
0.8,single_risk,theoretical_insight,39,0,26,0
0.8,single_risk,theoretical_insight,20,0,180,0
0.8,single_risk,theoretical_insight,0,0,117,0
0.8,single_risk,theoretical_insight,36,0,118,0
0.8,single_risk,theoretical_insight,29,0,76,0
0.8,single_risk,theoretical_insight,23,0,8,0
0.8,single_risk,theoretical_insight,17,0,111,0
0.8,single_risk,theoretical_insight,28,0,50,0
0.8,single_risk,theoretical_insight,8,0,151,0
0.8,single_risk,theoretical_insight,31,0,31,0
0.8,single_risk,theoretical_insight,13,0,76,0
0.8,single_risk,theoretical_insight,16,0,122,0
0.8,single_risk,theoretical_insight,27,0,8,0
0.8,single_risk,theoretical_insight,33,0,21,0
0.8,single_risk,theoretical_insight,32,0,46,0
0.8,single_risk,theoretical_insight,24,0,43,0
0.8,single_risk,theoretical_insight,7,0,23,0
0.8,single_risk,theoretical_insight,35,0,8,0
0.8,single_risk,theoretical_insight,2,0,12,0
0.8,single_risk,design_rationale,9,0,276,0
0.8,single_risk,design_rationale,36,0,116,0
0.8,single_risk,design_rationale,23,0,46,0
0.8,single_risk,design_rationale,12,0,146,0
0.8,single_risk,design_rationale,34,0,13,0
0.8,single_risk,design_rationale,8,0,266,0
0.8,single_risk,design_rationale,35,0,175,0
0.8,single_risk,design_rationale,7,0,201,0
0.8,single_risk,design_rationale,1,0,347,0
0.8,single_risk,design_rationale,21,0,47,0
0.8,single_risk,design_rationale,25,0,113,0
0.8,single_risk,design_rationale,3,0,353,0
0.8,single_risk,design_rationale,10,0,252,0
0.8,single_risk,design_rationale,30,0,65,0
0.8,single_risk,design_rationale,2,0,393,0
0.8,single_risk,design_rationale,37,0,11,0
0.8,single_risk,design_rationale,6,0,78,0
0.8,single_risk,design_rationale,24,0,70,0
0.8,single_risk,design_rationale,33,0,178,0
0.8,single_risk,design_rationale,15,0,89,0
0.8,single_risk,design_rationale,4,0,115,0
0.8,single_risk,design_rationale,0,0,157,0
0.8,single_risk,design_rationale,26,0,122,0
0.8,single_risk,design_rationale,22,0,105,0
0.8,single_risk,design_rationale,39,0,77,0
0.8,single_risk,design_rationale,31,0,10,0
0.8,single_risk,design_rationale,27,0,103,0
0.8,single_risk,design_rationale,5,0,50,0
0.8,single_risk,design_rationale,16,0,54,0
0.8,single_risk,design_rationale,19,0,32,0
0.8,single_risk,design_rationale,18,0,15,0
0.8,single_risk,design_rationale,14,0,11,0
0.8,single_risk,design_rationale,32,0,19,0
0.8,single_risk,design_rationale,13,0,42,0
0.8,single_risk,design_rationale,20,0,12,0
0.8,single_risk,design_rationale,17,0,40,0
0.8,single_risk,design_rationale,29,0,27,0
0.8,single_risk,design_rationale,11,0,48,0
0.8,single_risk,design_rationale,38,0,21,0
0.8,single_risk,design_rationale,28,0,2,0
0.8,single_risk,implementation_mechanism,0,0,298,0
0.8,single_risk,implementation_mechanism,2,0,462,0
0.8,single_risk,implementation_mechanism,35,0,70,0
0.8,single_risk,implementation_mechanism,27,0,98,0
0.8,single_risk,implementation_mechanism,24,0,193,0
0.8,single_risk,implementation_mechanism,6,0,270,0
0.8,single_risk,implementation_mechanism,11,0,213,0
0.8,single_risk,implementation_mechanism,9,0,175,0
0.8,single_risk,implementation_mechanism,1,0,34,0
0.8,single_risk,implementation_mechanism,4,0,200,0
0.8,single_risk,implementation_mechanism,20,0,23,0
0.8,single_risk,implementation_mechanism,21,0,72,0
0.8,single_risk,implementation_mechanism,17,0,96,0
0.8,single_risk,implementation_mechanism,33,0,24,0
0.8,single_risk,implementation_mechanism,13,0,46,0
0.8,single_risk,implementation_mechanism,26,0,53,0
0.8,single_risk,implementation_mechanism,22,0,115,0
0.8,single_risk,implementation_mechanism,19,0,138,0
0.8,single_risk,implementation_mechanism,32,0,15,0
0.8,single_risk,implementation_mechanism,30,0,66,0
0.8,single_risk,implementation_mechanism,34,0,78,0
0.8,single_risk,implementation_mechanism,18,0,73,0
0.8,single_risk,implementation_mechanism,16,0,73,0
0.8,single_risk,implementation_mechanism,10,0,98,0
0.8,single_risk,implementation_mechanism,29,0,153,0
0.8,single_risk,implementation_mechanism,12,0,40,0
0.8,single_risk,implementation_mechanism,14,0,124,0
0.8,single_risk,implementation_mechanism,3,0,225,0
0.8,single_risk,implementation_mechanism,15,0,61,0
0.8,single_risk,implementation_mechanism,5,0,125,0
0.8,single_risk,implementation_mechanism,23,0,28,0
0.8,single_risk,implementation_mechanism,38,0,83,0
0.8,single_risk,implementation_mechanism,28,0,18,0
0.8,single_risk,implementation_mechanism,8,0,242,0
0.8,single_risk,implementation_mechanism,25,0,86,0
0.8,single_risk,implementation_mechanism,39,0,128,0
0.8,single_risk,implementation_mechanism,31,0,10,0
0.8,single_risk,implementation_mechanism,37,0,11,0
0.8,single_risk,implementation_mechanism,36,0,36,0
0.8,single_risk,implementation_mechanism,7,0,38,0
0.8,single_risk,validation_evidence,9,0,310,0
0.8,single_risk,validation_evidence,1,0,57,0
0.8,single_risk,validation_evidence,14,0,131,0
0.8,single_risk,validation_evidence,6,0,137,0
0.8,single_risk,validation_evidence,26,0,65,0
0.8,single_risk,validation_evidence,17,0,94,0
0.8,single_risk,validation_evidence,29,0,34,0
0.8,single_risk,validation_evidence,4,0,173,0
0.8,single_risk,validation_evidence,11,0,194,0
0.8,single_risk,validation_evidence,8,0,99,0
0.8,single_risk,validation_evidence,7,0,191,0
0.8,single_risk,validation_evidence,2,0,148,0
0.8,single_risk,validation_evidence,15,0,96,0
0.8,single_risk,validation_evidence,30,0,324,0
0.8,single_risk,validation_evidence,31,0,68,0
0.8,single_risk,validation_evidence,37,0,29,0
0.8,single_risk,validation_evidence,32,0,37,0
0.8,single_risk,validation_evidence,13,0,78,0
0.8,single_risk,validation_evidence,21,0,55,0
0.8,single_risk,validation_evidence,20,0,77,0
0.8,single_risk,validation_evidence,16,0,110,0
0.8,single_risk,validation_evidence,22,0,8,0
0.8,single_risk,validation_evidence,5,0,84,0
0.8,single_risk,validation_evidence,10,0,40,0
0.8,single_risk,validation_evidence,36,0,108,0
0.8,single_risk,validation_evidence,34,0,126,0
0.8,single_risk,validation_evidence,25,0,57,0
0.8,single_risk,validation_evidence,0,0,74,0
0.8,single_risk,validation_evidence,18,0,95,0
0.8,single_risk,validation_evidence,3,0,63,0
0.8,single_risk,validation_evidence,27,0,110,0
0.8,single_risk,validation_evidence,19,0,38,0
0.8,single_risk,validation_evidence,23,0,23,0
0.8,single_risk,validation_evidence,33,0,16,0
0.8,single_risk,validation_evidence,39,0,29,0
0.8,single_risk,validation_evidence,24,0,27,0
0.8,single_risk,validation_evidence,12,0,15,0
0.8,single_risk,validation_evidence,38,0,4,0
0.8,single_risk,validation_evidence,28,0,7,0
0.8,single_risk,validation_evidence,35,0,1,0
0.8,monotonic,risk,30,0,519,0
0.8,monotonic,risk,20,0,198,0
0.8,monotonic,risk,34,0,14,0
0.8,monotonic,risk,5,0,296,0
0.8,monotonic,risk,19,0,93,0
0.8,monotonic,risk,12,0,516,0
0.8,monotonic,risk,25,0,180,0
0.8,monotonic,risk,1,0,384,0
0.8,monotonic,risk,14,0,623,0
0.8,monotonic,risk,2,0,345,0
0.8,monotonic,risk,10,0,202,0
0.8,monotonic,risk,3,0,363,0
0.8,monotonic,risk,8,0,115,0
0.8,monotonic,risk,7,0,527,0
0.8,monotonic,risk,35,0,163,0
0.8,monotonic,risk,23,0,74,0
0.8,monotonic,risk,32,0,135,0
0.8,monotonic,risk,9,0,281,0
0.8,monotonic,risk,39,0,72,0
0.8,monotonic,risk,13,0,249,0
0.8,monotonic,risk,16,0,425,0
0.8,monotonic,risk,36,0,123,0
0.8,monotonic,risk,0,0,313,0
0.8,monotonic,risk,21,0,64,0
0.8,monotonic,risk,6,0,341,0
0.8,monotonic,risk,11,0,132,0
0.8,monotonic,risk,37,0,13,0
0.8,monotonic,risk,17,0,192,0
0.8,monotonic,risk,4,0,259,0
0.8,monotonic,risk,33,0,266,0
0.8,monotonic,risk,22,0,476,0
0.8,monotonic,risk,28,0,81,0
0.8,monotonic,risk,27,0,81,0
0.8,monotonic,risk,31,0,181,0
0.8,monotonic,risk,29,0,25,0
0.8,monotonic,risk,38,0,57,0
0.8,monotonic,risk,26,0,194,0
0.8,monotonic,risk,24,0,80,0
0.8,monotonic,risk,15,0,51,0
0.8,monotonic,risk,18,0,31,0
0.8,monotonic,intervention,1,0,523,0
0.8,monotonic,intervention,6,0,252,0
0.8,monotonic,intervention,18,0,95,0
0.8,monotonic,intervention,26,0,74,0
0.8,monotonic,intervention,7,0,268,0
0.8,monotonic,intervention,22,0,152,0
0.8,monotonic,intervention,0,0,258,0
0.8,monotonic,intervention,34,0,147,0
0.8,monotonic,intervention,17,0,79,0
0.8,monotonic,intervention,31,0,26,0
0.8,monotonic,intervention,2,0,172,0
0.8,monotonic,intervention,25,0,27,0
0.8,monotonic,intervention,36,0,186,0
0.8,monotonic,intervention,19,0,103,0
0.8,monotonic,intervention,20,0,174,0
0.8,monotonic,intervention,16,0,132,0
0.8,monotonic,intervention,15,0,304,0
0.8,monotonic,intervention,35,0,38,0
0.8,monotonic,intervention,21,0,79,0
0.8,monotonic,intervention,8,0,169,0
0.8,monotonic,intervention,10,0,139,0
0.8,monotonic,intervention,14,0,221,0
0.8,monotonic,intervention,39,0,42,0
0.8,monotonic,intervention,4,0,207,0
0.8,monotonic,intervention,3,0,64,0
0.8,monotonic,intervention,12,0,295,0
0.8,monotonic,intervention,23,0,27,0
0.8,monotonic,intervention,13,0,54,0
0.8,monotonic,intervention,38,0,30,0
0.8,monotonic,intervention,37,0,212,0
0.8,monotonic,intervention,24,0,39,0
0.8,monotonic,intervention,28,0,35,0
0.8,monotonic,intervention,30,0,39,0
0.8,monotonic,intervention,5,0,34,0
0.8,monotonic,intervention,33,0,39,0
0.8,monotonic,intervention,27,0,19,0
0.8,monotonic,intervention,9,0,14,0
0.8,monotonic,intervention,11,0,21,0
0.8,monotonic,intervention,32,0,26,0
0.8,monotonic,intervention,29,0,6,0
0.8,monotonic,all_concepts,8,0,1312,0
0.8,monotonic,all_concepts,5,0,1244,0
0.8,monotonic,all_concepts,0,0,3029,0
0.8,monotonic,all_concepts,35,0,113,0
0.8,monotonic,all_concepts,15,0,371,0
0.8,monotonic,all_concepts,9,0,476,0
0.8,monotonic,all_concepts,2,0,906,0
0.8,monotonic,all_concepts,3,0,567,0
0.8,monotonic,all_concepts,11,0,357,0
0.8,monotonic,all_concepts,37,0,306,0
0.8,monotonic,all_concepts,1,0,638,0
0.8,monotonic,all_concepts,19,0,750,0
0.8,monotonic,all_concepts,26,0,1150,0
0.8,monotonic,all_concepts,16,0,1708,0
0.8,monotonic,all_concepts,24,0,214,0
0.8,monotonic,all_concepts,23,0,254,0
0.8,monotonic,all_concepts,30,0,177,0
0.8,monotonic,all_concepts,10,0,989,0
0.8,monotonic,all_concepts,22,0,363,0
0.8,monotonic,all_concepts,14,0,853,0
0.8,monotonic,all_concepts,36,0,185,0
0.8,monotonic,all_concepts,32,0,180,0
0.8,monotonic,all_concepts,12,0,679,0
0.8,monotonic,all_concepts,7,0,517,0
0.8,monotonic,all_concepts,13,0,221,0
0.8,monotonic,all_concepts,6,0,1574,0
0.8,monotonic,all_concepts,38,0,121,0
0.8,monotonic,all_concepts,4,0,345,0
0.8,monotonic,all_concepts,21,0,57,0
0.8,monotonic,all_concepts,17,0,96,0
0.8,monotonic,all_concepts,29,0,313,0
0.8,monotonic,all_concepts,33,0,109,0
0.8,monotonic,all_concepts,18,0,81,0
0.8,monotonic,all_concepts,25,0,19,0
0.8,monotonic,all_concepts,31,0,45,0
0.8,monotonic,all_concepts,20,0,49,0
0.8,monotonic,all_concepts,28,0,32,0
0.8,monotonic,all_concepts,39,0,22,0
0.8,monotonic,all_concepts,27,0,8,0
0.8,monotonic,all_concepts,34,0,14,0
0.8,monotonic,problem_analysis,22,0,309,0
0.8,monotonic,problem_analysis,17,0,203,0
0.8,monotonic,problem_analysis,6,0,90,0
0.8,monotonic,problem_analysis,1,0,231,0
0.8,monotonic,problem_analysis,28,0,367,0
0.8,monotonic,problem_analysis,24,0,109,0
0.8,monotonic,problem_analysis,34,0,139,0
0.8,monotonic,problem_analysis,14,0,313,0
0.8,monotonic,problem_analysis,11,0,144,0
0.8,monotonic,problem_analysis,23,0,94,0
0.8,monotonic,problem_analysis,12,0,119,0
0.8,monotonic,problem_analysis,4,0,100,0
0.8,monotonic,problem_analysis,31,0,169,0
0.8,monotonic,problem_analysis,16,0,47,0
0.8,monotonic,problem_analysis,35,0,242,0
0.8,monotonic,problem_analysis,13,0,248,0
0.8,monotonic,problem_analysis,10,0,177,0
0.8,monotonic,problem_analysis,33,0,117,0
0.8,monotonic,problem_analysis,8,0,519,0
0.8,monotonic,problem_analysis,30,0,52,0
0.8,monotonic,problem_analysis,20,0,280,0
0.8,monotonic,problem_analysis,37,0,72,0
0.8,monotonic,problem_analysis,25,0,16,0
0.8,monotonic,problem_analysis,2,0,231,0
0.8,monotonic,problem_analysis,7,0,292,0
0.8,monotonic,problem_analysis,15,0,107,0
0.8,monotonic,problem_analysis,0,0,320,0
0.8,monotonic,problem_analysis,29,0,111,0
0.8,monotonic,problem_analysis,18,0,97,0
0.8,monotonic,problem_analysis,9,0,230,0
0.8,monotonic,problem_analysis,3,0,80,0
0.8,monotonic,problem_analysis,21,0,37,0
0.8,monotonic,problem_analysis,19,0,5,0
0.8,monotonic,problem_analysis,38,0,74,0
0.8,monotonic,problem_analysis,5,0,24,0
0.8,monotonic,problem_analysis,27,0,98,0
0.8,monotonic,problem_analysis,26,0,81,0
0.8,monotonic,problem_analysis,32,0,17,0
0.8,monotonic,problem_analysis,39,0,9,0
0.8,monotonic,problem_analysis,36,0,3,0
0.8,monotonic,theoretical_insight,13,0,48,0
0.8,monotonic,theoretical_insight,10,0,102,0
0.8,monotonic,theoretical_insight,22,0,34,0
0.8,monotonic,theoretical_insight,29,0,190,0
0.8,monotonic,theoretical_insight,26,0,139,0
0.8,monotonic,theoretical_insight,19,0,25,0
0.8,monotonic,theoretical_insight,16,0,176,0
0.8,monotonic,theoretical_insight,15,0,166,0
0.8,monotonic,theoretical_insight,1,0,147,0
0.8,monotonic,theoretical_insight,12,0,225,0
0.8,monotonic,theoretical_insight,14,0,197,0
0.8,monotonic,theoretical_insight,20,0,181,0
0.8,monotonic,theoretical_insight,8,0,194,0
0.8,monotonic,theoretical_insight,6,0,213,0
0.8,monotonic,theoretical_insight,5,0,62,0
0.8,monotonic,theoretical_insight,18,0,240,0
0.8,monotonic,theoretical_insight,4,0,152,0
0.8,monotonic,theoretical_insight,9,0,78,0
0.8,monotonic,theoretical_insight,39,0,26,0
0.8,monotonic,theoretical_insight,0,0,130,0
0.8,monotonic,theoretical_insight,34,0,144,0
0.8,monotonic,theoretical_insight,35,0,73,0
0.8,monotonic,theoretical_insight,24,0,8,0
0.8,monotonic,theoretical_insight,17,0,102,0
0.8,monotonic,theoretical_insight,32,0,48,0
0.8,monotonic,theoretical_insight,7,0,152,0
0.8,monotonic,theoretical_insight,31,0,28,0
0.8,monotonic,theoretical_insight,27,0,60,0
0.8,monotonic,theoretical_insight,30,0,29,0
0.8,monotonic,theoretical_insight,3,0,48,0
0.8,monotonic,theoretical_insight,21,0,80,0
0.8,monotonic,theoretical_insight,2,0,19,0
0.8,monotonic,theoretical_insight,38,0,11,0
0.8,monotonic,theoretical_insight,25,0,102,0
0.8,monotonic,theoretical_insight,33,0,24,0
0.8,monotonic,theoretical_insight,37,0,74,0
0.8,monotonic,theoretical_insight,28,0,16,0
0.8,monotonic,theoretical_insight,36,0,28,0
0.8,monotonic,theoretical_insight,11,0,23,0
0.8,monotonic,theoretical_insight,23,0,20,0
0.8,monotonic,design_rationale,10,0,202,0
0.8,monotonic,design_rationale,37,0,30,0
0.8,monotonic,design_rationale,9,0,58,0
0.8,monotonic,design_rationale,15,0,230,0
0.8,monotonic,design_rationale,36,0,218,0
0.8,monotonic,design_rationale,19,0,224,0
0.8,monotonic,design_rationale,30,0,142,0
0.8,monotonic,design_rationale,20,0,213,0
0.8,monotonic,design_rationale,4,0,70,0
0.8,monotonic,design_rationale,38,0,45,0
0.8,monotonic,design_rationale,5,0,183,0
0.8,monotonic,design_rationale,3,0,119,0
0.8,monotonic,design_rationale,16,0,228,0
0.8,monotonic,design_rationale,8,0,143,0
0.8,monotonic,design_rationale,39,0,52,0
0.8,monotonic,design_rationale,0,0,58,0
0.8,monotonic,design_rationale,31,0,14,0
0.8,monotonic,design_rationale,32,0,292,0
0.8,monotonic,design_rationale,21,0,68,0
0.8,monotonic,design_rationale,6,0,65,0
0.8,monotonic,design_rationale,29,0,49,0
0.8,monotonic,design_rationale,18,0,108,0
0.8,monotonic,design_rationale,35,0,39,0
0.8,monotonic,design_rationale,27,0,68,0
0.8,monotonic,design_rationale,7,0,121,0
0.8,monotonic,design_rationale,11,0,98,0
0.8,monotonic,design_rationale,34,0,82,0
0.8,monotonic,design_rationale,28,0,89,0
0.8,monotonic,design_rationale,2,0,118,0
0.8,monotonic,design_rationale,1,0,106,0
0.8,monotonic,design_rationale,14,0,52,0
0.8,monotonic,design_rationale,33,0,33,0
0.8,monotonic,design_rationale,23,0,27,0
0.8,monotonic,design_rationale,26,0,59,0
0.8,monotonic,design_rationale,17,0,29,0
0.8,monotonic,design_rationale,24,0,29,0
0.8,monotonic,design_rationale,25,0,17,0
0.8,monotonic,design_rationale,12,0,9,0
0.8,monotonic,design_rationale,13,0,14,0
0.8,monotonic,design_rationale,22,0,22,0
0.8,monotonic,implementation_mechanism,12,0,169,0
0.8,monotonic,implementation_mechanism,18,0,121,0
0.8,monotonic,implementation_mechanism,37,0,37,0
0.8,monotonic,implementation_mechanism,30,0,101,0
0.8,monotonic,implementation_mechanism,23,0,171,0
0.8,monotonic,implementation_mechanism,17,0,236,0
0.8,monotonic,implementation_mechanism,3,0,163,0
0.8,monotonic,implementation_mechanism,4,0,144,0
0.8,monotonic,implementation_mechanism,8,0,175,0
0.8,monotonic,implementation_mechanism,32,0,9,0
0.8,monotonic,implementation_mechanism,19,0,101,0
0.8,monotonic,implementation_mechanism,38,0,56,0
0.8,monotonic,implementation_mechanism,2,0,215,0
0.8,monotonic,implementation_mechanism,16,0,52,0
0.8,monotonic,implementation_mechanism,13,0,56,0
0.8,monotonic,implementation_mechanism,0,0,322,0
0.8,monotonic,implementation_mechanism,1,0,116,0
0.8,monotonic,implementation_mechanism,14,0,89,0
0.8,monotonic,implementation_mechanism,26,0,15,0
0.8,monotonic,implementation_mechanism,25,0,46,0
0.8,monotonic,implementation_mechanism,22,0,77,0
0.8,monotonic,implementation_mechanism,34,0,74,0
0.8,monotonic,implementation_mechanism,11,0,203,0
0.8,monotonic,implementation_mechanism,10,0,125,0
0.8,monotonic,implementation_mechanism,27,0,33,0
0.8,monotonic,implementation_mechanism,6,0,115,0
0.8,monotonic,implementation_mechanism,28,0,52,0
0.8,monotonic,implementation_mechanism,35,0,75,0
0.8,monotonic,implementation_mechanism,7,0,49,0
0.8,monotonic,implementation_mechanism,21,0,19,0
0.8,monotonic,implementation_mechanism,15,0,133,0
0.8,monotonic,implementation_mechanism,20,0,65,0
0.8,monotonic,implementation_mechanism,9,0,115,0
0.8,monotonic,implementation_mechanism,31,0,11,0
0.8,monotonic,implementation_mechanism,36,0,41,0
0.8,monotonic,implementation_mechanism,5,0,50,0
0.8,monotonic,implementation_mechanism,39,0,10,0
0.8,monotonic,implementation_mechanism,24,0,40,0
0.8,monotonic,implementation_mechanism,29,0,21,0
0.8,monotonic,implementation_mechanism,33,0,54,0
0.8,monotonic,validation_evidence,30,0,239,0
0.8,monotonic,validation_evidence,8,0,159,0
0.8,monotonic,validation_evidence,5,0,110,0
0.8,monotonic,validation_evidence,12,0,135,0
0.8,monotonic,validation_evidence,35,0,57,0
0.8,monotonic,validation_evidence,33,0,110,0
0.8,monotonic,validation_evidence,25,0,27,0
0.8,monotonic,validation_evidence,0,0,138,0
0.8,monotonic,validation_evidence,16,0,87,0
0.8,monotonic,validation_evidence,13,0,74,0
0.8,monotonic,validation_evidence,14,0,221,0
0.8,monotonic,validation_evidence,23,0,114,0
0.8,monotonic,validation_evidence,4,0,284,0
0.8,monotonic,validation_evidence,15,0,87,0
0.8,monotonic,validation_evidence,27,0,3,0
0.8,monotonic,validation_evidence,21,0,30,0
0.8,monotonic,validation_evidence,2,0,58,0
0.8,monotonic,validation_evidence,32,0,42,0
0.8,monotonic,validation_evidence,3,0,98,0
0.8,monotonic,validation_evidence,11,0,66,0
0.8,monotonic,validation_evidence,9,0,114,0
0.8,monotonic,validation_evidence,37,0,66,0
0.8,monotonic,validation_evidence,22,0,69,0
0.8,monotonic,validation_evidence,20,0,79,0
0.8,monotonic,validation_evidence,26,0,21,0
0.8,monotonic,validation_evidence,7,0,51,0
0.8,monotonic,validation_evidence,6,0,90,0
0.8,monotonic,validation_evidence,28,0,50,0
0.8,monotonic,validation_evidence,1,0,125,0
0.8,monotonic,validation_evidence,38,0,14,0
0.8,monotonic,validation_evidence,10,0,90,0
0.8,monotonic,validation_evidence,18,0,36,0
0.8,monotonic,validation_evidence,19,0,24,0
0.8,monotonic,validation_evidence,31,0,27,0
0.8,monotonic,validation_evidence,36,0,23,0
0.8,monotonic,validation_evidence,34,0,13,0
0.8,monotonic,validation_evidence,29,0,20,0
0.8,monotonic,validation_evidence,24,0,16,0
0.8,monotonic,validation_evidence,17,0,4,0
0.8,monotonic,validation_evidence,39,0,7,0
0.8,both,risk,37,0,63,0
0.8,both,risk,6,0,70,0
0.8,both,risk,7,0,163,0
0.8,both,risk,25,0,100,0
0.8,both,risk,22,0,131,0
0.8,both,risk,23,0,164,0
0.8,both,risk,1,0,303,0
0.8,both,risk,36,0,120,0
0.8,both,risk,17,0,67,0
0.8,both,risk,21,0,253,0
0.8,both,risk,18,0,102,0
0.8,both,risk,4,0,120,0
0.8,both,risk,26,0,72,0
0.8,both,risk,0,0,258,0
0.8,both,risk,5,0,266,0
0.8,both,risk,10,0,160,0
0.8,both,risk,8,0,42,0
0.8,both,risk,28,0,51,0
0.8,both,risk,20,0,67,0
0.8,both,risk,29,0,87,0
0.8,both,risk,3,0,110,0
0.8,both,risk,32,0,41,0
0.8,both,risk,13,0,65,0
0.8,both,risk,2,0,193,0
0.8,both,risk,16,0,113,0
0.8,both,risk,14,0,142,0
0.8,both,risk,12,0,85,0
0.8,both,risk,34,0,78,0
0.8,both,risk,15,0,90,0
0.8,both,risk,11,0,71,0
0.8,both,risk,19,0,43,0
0.8,both,risk,24,0,113,0
0.8,both,risk,27,0,61,0
0.8,both,risk,33,0,28,0
0.8,both,risk,9,0,67,0
0.8,both,risk,38,0,83,0
0.8,both,risk,31,0,34,0
0.8,both,risk,39,0,15,0
0.8,both,risk,35,0,18,0
0.8,both,risk,30,0,6,0
0.8,both,intervention,1,0,406,0
0.8,both,intervention,5,0,157,0
0.8,both,intervention,10,0,420,0
0.8,both,intervention,20,0,189,0
0.8,both,intervention,36,0,73,0
0.8,both,intervention,12,0,150,0
0.8,both,intervention,7,0,325,0
0.8,both,intervention,15,0,76,0
0.8,both,intervention,30,0,26,0
0.8,both,intervention,26,0,124,0
0.8,both,intervention,29,0,26,0
0.8,both,intervention,9,0,220,0
0.8,both,intervention,25,0,87,0
0.8,both,intervention,21,0,109,0
0.8,both,intervention,33,0,160,0
0.8,both,intervention,22,0,26,0
0.8,both,intervention,13,0,308,0
0.8,both,intervention,16,0,53,0
0.8,both,intervention,18,0,34,0
0.8,both,intervention,2,0,175,0
0.8,both,intervention,0,0,490,0
0.8,both,intervention,17,0,57,0
0.8,both,intervention,4,0,142,0
0.8,both,intervention,39,0,104,0
0.8,both,intervention,3,0,217,0
0.8,both,intervention,14,0,175,0
0.8,both,intervention,24,0,26,0
0.8,both,intervention,38,0,7,0
0.8,both,intervention,31,0,34,0
0.8,both,intervention,19,0,30,0
0.8,both,intervention,8,0,65,0
0.8,both,intervention,32,0,35,0
0.8,both,intervention,27,0,40,0
0.8,both,intervention,34,0,16,0
0.8,both,intervention,6,0,46,0
0.8,both,intervention,28,0,36,0
0.8,both,intervention,35,0,42,0
0.8,both,intervention,37,0,19,0
0.8,both,intervention,11,0,24,0
0.8,both,intervention,23,0,7,0
0.8,both,all_concepts,2,0,1928,0
0.8,both,all_concepts,22,0,521,0
0.8,both,all_concepts,1,0,738,0
0.8,both,all_concepts,8,0,734,0
0.8,both,all_concepts,31,0,733,0
0.8,both,all_concepts,4,0,1088,0
0.8,both,all_concepts,25,0,159,0
0.8,both,all_concepts,14,0,886,0
0.8,both,all_concepts,24,0,278,0
0.8,both,all_concepts,6,0,1553,0
0.8,both,all_concepts,0,0,497,0
0.8,both,all_concepts,13,0,1398,0
0.8,both,all_concepts,11,0,391,0
0.8,both,all_concepts,17,0,206,0
0.8,both,all_concepts,20,0,959,0
0.8,both,all_concepts,23,0,116,0
0.8,both,all_concepts,3,0,840,0
0.8,both,all_concepts,5,0,600,0
0.8,both,all_concepts,16,0,892,0
0.8,both,all_concepts,7,0,1462,0
0.8,both,all_concepts,12,0,287,0
0.8,both,all_concepts,36,0,179,0
0.8,both,all_concepts,28,0,93,0
0.8,both,all_concepts,39,0,111,0
0.8,both,all_concepts,32,0,224,0
0.8,both,all_concepts,19,0,164,0
0.8,both,all_concepts,10,0,377,0
0.8,both,all_concepts,9,0,520,0
0.8,both,all_concepts,26,0,89,0
0.8,both,all_concepts,27,0,58,0
0.8,both,all_concepts,38,0,74,0
0.8,both,all_concepts,15,0,261,0
0.8,both,all_concepts,30,0,112,0
0.8,both,all_concepts,18,0,140,0
0.8,both,all_concepts,35,0,272,0
0.8,both,all_concepts,29,0,55,0
0.8,both,all_concepts,34,0,42,0
0.8,both,all_concepts,21,0,107,0
0.8,both,all_concepts,33,0,13,0
0.8,both,all_concepts,37,0,48,0
0.8,both,problem_analysis,0,0,375,0
0.8,both,problem_analysis,32,0,60,0
0.8,both,problem_analysis,3,0,84,0
0.8,both,problem_analysis,25,0,283,0
0.8,both,problem_analysis,2,0,85,0
0.8,both,problem_analysis,17,0,219,0
0.8,both,problem_analysis,11,0,170,0
0.8,both,problem_analysis,4,0,138,0
0.8,both,problem_analysis,29,0,195,0
0.8,both,problem_analysis,23,0,83,0
0.8,both,problem_analysis,30,0,107,0
0.8,both,problem_analysis,26,0,23,0
0.8,both,problem_analysis,7,0,166,0
0.8,both,problem_analysis,16,0,110,0
0.8,both,problem_analysis,27,0,97,0
0.8,both,problem_analysis,18,0,344,0
0.8,both,problem_analysis,35,0,167,0
0.8,both,problem_analysis,38,0,141,0
0.8,both,problem_analysis,8,0,350,0
0.8,both,problem_analysis,19,0,246,0
0.8,both,problem_analysis,6,0,47,0
0.8,both,problem_analysis,13,0,17,0
0.8,both,problem_analysis,10,0,126,0
0.8,both,problem_analysis,36,0,186,0
0.8,both,problem_analysis,9,0,130,0
0.8,both,problem_analysis,1,0,325,0
0.8,both,problem_analysis,14,0,126,0
0.8,both,problem_analysis,24,0,98,0
0.8,both,problem_analysis,22,0,127,0
0.8,both,problem_analysis,12,0,51,0
0.8,both,problem_analysis,15,0,167,0
0.8,both,problem_analysis,5,0,89,0
0.8,both,problem_analysis,21,0,35,0
0.8,both,problem_analysis,39,0,117,0
0.8,both,problem_analysis,31,0,94,0
0.8,both,problem_analysis,28,0,33,0
0.8,both,problem_analysis,34,0,56,0
0.8,both,problem_analysis,20,0,18,0
0.8,both,problem_analysis,37,0,3,0
0.8,both,problem_analysis,33,0,1,0
0.8,both,theoretical_insight,34,0,47,0
0.8,both,theoretical_insight,6,0,94,0
0.8,both,theoretical_insight,33,0,30,0
0.8,both,theoretical_insight,16,0,104,0
0.8,both,theoretical_insight,14,0,70,0
0.8,both,theoretical_insight,2,0,273,0
0.8,both,theoretical_insight,1,0,226,0
0.8,both,theoretical_insight,37,0,140,0
0.8,both,theoretical_insight,30,0,235,0
0.8,both,theoretical_insight,7,0,118,0
0.8,both,theoretical_insight,8,0,235,0
0.8,both,theoretical_insight,3,0,183,0
0.8,both,theoretical_insight,25,0,154,0
0.8,both,theoretical_insight,17,0,75,0
0.8,both,theoretical_insight,9,0,105,0
0.8,both,theoretical_insight,35,0,142,0
0.8,both,theoretical_insight,5,0,286,0
0.8,both,theoretical_insight,32,0,97,0
0.8,both,theoretical_insight,12,0,130,0
0.8,both,theoretical_insight,15,0,49,0
0.8,both,theoretical_insight,27,0,26,0
0.8,both,theoretical_insight,0,0,31,0
0.8,both,theoretical_insight,19,0,78,0
0.8,both,theoretical_insight,24,0,8,0
0.8,both,theoretical_insight,18,0,83,0
0.8,both,theoretical_insight,20,0,43,0
0.8,both,theoretical_insight,22,0,29,0
0.8,both,theoretical_insight,31,0,25,0
0.8,both,theoretical_insight,26,0,109,0
0.8,both,theoretical_insight,28,0,45,0
0.8,both,theoretical_insight,11,0,77,0
0.8,both,theoretical_insight,29,0,23,0
0.8,both,theoretical_insight,39,0,10,0
0.8,both,theoretical_insight,10,0,21,0
0.8,both,theoretical_insight,4,0,94,0
0.8,both,theoretical_insight,13,0,10,0
0.8,both,theoretical_insight,21,0,10,0
0.8,both,theoretical_insight,38,0,14,0
0.8,both,theoretical_insight,36,0,36,0
0.8,both,theoretical_insight,23,0,17,0
0.8,both,design_rationale,3,0,113,0
0.8,both,design_rationale,24,0,60,0
0.8,both,design_rationale,30,0,207,0
0.8,both,design_rationale,11,0,172,0
0.8,both,design_rationale,14,0,224,0
0.8,both,design_rationale,5,0,243,0
0.8,both,design_rationale,12,0,215,0
0.8,both,design_rationale,15,0,86,0
0.8,both,design_rationale,32,0,33,0
0.8,both,design_rationale,2,0,96,0
0.8,both,design_rationale,7,0,334,0
0.8,both,design_rationale,10,0,100,0
0.8,both,design_rationale,22,0,261,0
0.8,both,design_rationale,8,0,77,0
0.8,both,design_rationale,9,0,294,0
0.8,both,design_rationale,38,0,20,0
0.8,both,design_rationale,13,0,123,0
0.8,both,design_rationale,20,0,49,0
0.8,both,design_rationale,39,0,113,0
0.8,both,design_rationale,1,0,135,0
0.8,both,design_rationale,4,0,96,0
0.8,both,design_rationale,18,0,18,0
0.8,both,design_rationale,28,0,30,0
0.8,both,design_rationale,19,0,112,0
0.8,both,design_rationale,33,0,10,0
0.8,both,design_rationale,25,0,64,0
0.8,both,design_rationale,0,0,110,0
0.8,both,design_rationale,16,0,31,0
0.8,both,design_rationale,17,0,52,0
0.8,both,design_rationale,27,0,46,0
0.8,both,design_rationale,35,0,26,0
0.8,both,design_rationale,29,0,16,0
0.8,both,design_rationale,26,0,5,0
0.8,both,design_rationale,36,0,11,0
0.8,both,design_rationale,6,0,35,0
0.8,both,design_rationale,31,0,13,0
0.8,both,design_rationale,37,0,11,0
0.8,both,design_rationale,21,0,16,0
0.8,both,design_rationale,23,0,17,0
0.8,both,design_rationale,34,0,4,0
0.8,both,implementation_mechanism,32,0,37,0
0.8,both,implementation_mechanism,2,0,93,0
0.8,both,implementation_mechanism,4,0,96,0
0.8,both,implementation_mechanism,20,0,160,0
0.8,both,implementation_mechanism,39,0,236,0
0.8,both,implementation_mechanism,13,0,111,0
0.8,both,implementation_mechanism,27,0,129,0
0.8,both,implementation_mechanism,15,0,158,0
0.8,both,implementation_mechanism,29,0,156,0
0.8,both,implementation_mechanism,9,0,36,0
0.8,both,implementation_mechanism,16,0,124,0
0.8,both,implementation_mechanism,25,0,129,0
0.8,both,implementation_mechanism,36,0,53,0
0.8,both,implementation_mechanism,5,0,182,0
0.8,both,implementation_mechanism,11,0,57,0
0.8,both,implementation_mechanism,34,0,43,0
0.8,both,implementation_mechanism,6,0,284,0
0.8,both,implementation_mechanism,3,0,123,0
0.8,both,implementation_mechanism,0,0,160,0
0.8,both,implementation_mechanism,14,0,57,0
0.8,both,implementation_mechanism,7,0,164,0
0.8,both,implementation_mechanism,26,0,77,0
0.8,both,implementation_mechanism,22,0,63,0
0.8,both,implementation_mechanism,17,0,62,0
0.8,both,implementation_mechanism,12,0,197,0
0.8,both,implementation_mechanism,10,0,44,0
0.8,both,implementation_mechanism,18,0,76,0
0.8,both,implementation_mechanism,8,0,45,0
0.8,both,implementation_mechanism,35,0,91,0
0.8,both,implementation_mechanism,37,0,69,0
0.8,both,implementation_mechanism,30,0,86,0
0.8,both,implementation_mechanism,21,0,19,0
0.8,both,implementation_mechanism,24,0,60,0
0.8,both,implementation_mechanism,23,0,11,0
0.8,both,implementation_mechanism,19,0,53,0
0.8,both,implementation_mechanism,33,0,13,0
0.8,both,implementation_mechanism,31,0,10,0
0.8,both,implementation_mechanism,1,0,77,0
0.8,both,implementation_mechanism,28,0,10,0
0.8,both,implementation_mechanism,38,0,4,0
0.8,both,validation_evidence,17,0,103,0
0.8,both,validation_evidence,5,0,91,0
0.8,both,validation_evidence,19,0,93,0
0.8,both,validation_evidence,12,0,53,0
0.8,both,validation_evidence,35,0,100,0
0.8,both,validation_evidence,15,0,53,0
0.8,both,validation_evidence,26,0,116,0
0.8,both,validation_evidence,2,0,159,0
0.8,both,validation_evidence,6,0,61,0
0.8,both,validation_evidence,28,0,202,0
0.8,both,validation_evidence,16,0,104,0
0.8,both,validation_evidence,3,0,93,0
0.8,both,validation_evidence,21,0,245,0
0.8,both,validation_evidence,27,0,58,0
0.8,both,validation_evidence,36,0,110,0
0.8,both,validation_evidence,10,0,3,0
0.8,both,validation_evidence,24,0,30,0
0.8,both,validation_evidence,8,0,121,0
0.8,both,validation_evidence,14,0,24,0
0.8,both,validation_evidence,37,0,44,0
0.8,both,validation_evidence,18,0,64,0
0.8,both,validation_evidence,13,0,221,0
0.8,both,validation_evidence,34,0,56,0
0.8,both,validation_evidence,33,0,16,0
0.8,both,validation_evidence,4,0,83,0
0.8,both,validation_evidence,32,0,37,0
0.8,both,validation_evidence,11,0,73,0
0.8,both,validation_evidence,30,0,21,0
0.8,both,validation_evidence,0,0,58,0
0.8,both,validation_evidence,31,0,84,0
0.8,both,validation_evidence,23,0,48,0
0.8,both,validation_evidence,1,0,97,0
0.8,both,validation_evidence,20,0,50,0
0.8,both,validation_evidence,7,0,49,0
0.8,both,validation_evidence,9,0,31,0
0.8,both,validation_evidence,22,0,73,0
0.8,both,validation_evidence,39,0,15,0
0.8,both,validation_evidence,38,0,30,0
0.8,both,validation_evidence,29,0,25,0
0.8,both,validation_evidence,25,0,7,0
0.85,unconstrained,risk,9,0,438,0
0.85,unconstrained,risk,16,0,175,0
0.85,unconstrained,risk,12,0,197,0
0.85,unconstrained,risk,6,0,217,0
0.85,unconstrained,risk,32,0,198,0
0.85,unconstrained,risk,4,0,450,0
0.85,unconstrained,risk,19,0,160,0
0.85,unconstrained,risk,8,0,299,0
0.85,unconstrained,risk,22,0,395,0
0.85,unconstrained,risk,2,0,420,0
0.85,unconstrained,risk,1,0,244,0
0.85,unconstrained,risk,0,0,302,0
0.85,unconstrained,risk,28,0,460,0
0.85,unconstrained,risk,7,0,160,0
0.85,unconstrained,risk,31,0,57,0
0.85,unconstrained,risk,20,0,71,0
0.85,unconstrained,risk,39,0,72,0
0.85,unconstrained,risk,5,0,214,0
0.85,unconstrained,risk,15,0,281,0
0.85,unconstrained,risk,21,0,99,0
0.85,unconstrained,risk,33,0,196,0
0.85,unconstrained,risk,3,0,410,0
0.85,unconstrained,risk,13,0,217,0
0.85,unconstrained,risk,10,0,152,0
0.85,unconstrained,risk,14,0,146,0
0.85,unconstrained,risk,34,0,46,0
0.85,unconstrained,risk,18,0,414,0
0.85,unconstrained,risk,26,0,331,0
0.85,unconstrained,risk,38,0,59,0
0.85,unconstrained,risk,37,0,200,0
0.85,unconstrained,risk,30,0,70,0
0.85,unconstrained,risk,29,0,81,0
0.85,unconstrained,risk,11,0,90,0
0.85,unconstrained,risk,17,0,49,0
0.85,unconstrained,risk,35,0,57,0
0.85,unconstrained,risk,24,0,55,0
0.85,unconstrained,risk,23,0,35,0
0.85,unconstrained,risk,25,0,32,0
0.85,unconstrained,risk,27,0,58,0
0.85,unconstrained,risk,36,0,1,0
0.85,unconstrained,intervention,28,0,54,0
0.85,unconstrained,intervention,19,0,53,0
0.85,unconstrained,intervention,16,0,191,0
0.85,unconstrained,intervention,32,0,150,0
0.85,unconstrained,intervention,5,0,233,0
0.85,unconstrained,intervention,30,0,50,0
0.85,unconstrained,intervention,10,0,145,0
0.85,unconstrained,intervention,38,0,270,0
0.85,unconstrained,intervention,11,0,165,0
0.85,unconstrained,intervention,0,0,153,0
0.85,unconstrained,intervention,13,0,81,0
0.85,unconstrained,intervention,7,0,61,0
0.85,unconstrained,intervention,1,0,155,0
0.85,unconstrained,intervention,29,0,22,0
0.85,unconstrained,intervention,4,0,147,0
0.85,unconstrained,intervention,6,0,118,0
0.85,unconstrained,intervention,36,0,47,0
0.85,unconstrained,intervention,12,0,235,0
0.85,unconstrained,intervention,3,0,296,0
0.85,unconstrained,intervention,26,0,69,0
0.85,unconstrained,intervention,18,0,177,0
0.85,unconstrained,intervention,22,0,90,0
0.85,unconstrained,intervention,20,0,44,0
0.85,unconstrained,intervention,17,0,164,0
0.85,unconstrained,intervention,34,0,122,0
0.85,unconstrained,intervention,9,0,168,0
0.85,unconstrained,intervention,37,0,69,0
0.85,unconstrained,intervention,15,0,94,0
0.85,unconstrained,intervention,25,0,38,0
0.85,unconstrained,intervention,35,0,78,0
0.85,unconstrained,intervention,31,0,14,0
0.85,unconstrained,intervention,39,0,7,0
0.85,unconstrained,intervention,8,0,27,0
0.85,unconstrained,intervention,2,0,185,0
0.85,unconstrained,intervention,24,0,29,0
0.85,unconstrained,intervention,14,0,44,0
0.85,unconstrained,intervention,21,0,20,0
0.85,unconstrained,intervention,23,0,21,0
0.85,unconstrained,intervention,27,0,7,0
0.85,unconstrained,intervention,33,0,5,0
0.85,unconstrained,all_concepts,12,0,281,0
0.85,unconstrained,all_concepts,1,0,808,0
0.85,unconstrained,all_concepts,11,0,699,0
0.85,unconstrained,all_concepts,21,0,618,0
0.85,unconstrained,all_concepts,8,0,804,0
0.85,unconstrained,all_concepts,33,0,85,0
0.85,unconstrained,all_concepts,19,0,332,0
0.85,unconstrained,all_concepts,28,0,155,0
0.85,unconstrained,all_concepts,0,0,913,0
0.85,unconstrained,all_concepts,10,0,647,0
0.85,unconstrained,all_concepts,35,0,253,0
0.85,unconstrained,all_concepts,14,0,1704,0
0.85,unconstrained,all_concepts,9,0,477,0
0.85,unconstrained,all_concepts,4,0,452,0
0.85,unconstrained,all_concepts,15,0,1068,0
0.85,unconstrained,all_concepts,24,0,590,0
0.85,unconstrained,all_concepts,38,0,375,0
0.85,unconstrained,all_concepts,3,0,1595,0
0.85,unconstrained,all_concepts,18,0,140,0
0.85,unconstrained,all_concepts,7,0,981,0
0.85,unconstrained,all_concepts,13,0,413,0
0.85,unconstrained,all_concepts,17,0,915,0
0.85,unconstrained,all_concepts,36,0,265,0
0.85,unconstrained,all_concepts,26,0,501,0
0.85,unconstrained,all_concepts,29,0,175,0
0.85,unconstrained,all_concepts,2,0,217,0
0.85,unconstrained,all_concepts,32,0,217,0
0.85,unconstrained,all_concepts,16,0,583,0
0.85,unconstrained,all_concepts,37,0,180,0
0.85,unconstrained,all_concepts,34,0,1135,0
0.85,unconstrained,all_concepts,5,0,634,0
0.85,unconstrained,all_concepts,20,0,557,0
0.85,unconstrained,all_concepts,30,0,18,0
0.85,unconstrained,all_concepts,6,0,241,0
0.85,unconstrained,all_concepts,23,0,68,0
0.85,unconstrained,all_concepts,22,0,54,0
0.85,unconstrained,all_concepts,27,0,119,0
0.85,unconstrained,all_concepts,31,0,48,0
0.85,unconstrained,all_concepts,39,0,32,0
0.85,unconstrained,all_concepts,25,0,9,0
0.85,unconstrained,problem_analysis,24,0,216,0
0.85,unconstrained,problem_analysis,1,0,262,0
0.85,unconstrained,problem_analysis,2,0,87,0
0.85,unconstrained,problem_analysis,3,0,111,0
0.85,unconstrained,problem_analysis,11,0,500,0
0.85,unconstrained,problem_analysis,6,0,113,0
0.85,unconstrained,problem_analysis,18,0,236,0
0.85,unconstrained,problem_analysis,31,0,299,0
0.85,unconstrained,problem_analysis,26,0,143,0
0.85,unconstrained,problem_analysis,38,0,111,0
0.85,unconstrained,problem_analysis,32,0,100,0
0.85,unconstrained,problem_analysis,13,0,31,0
0.85,unconstrained,problem_analysis,30,0,187,0
0.85,unconstrained,problem_analysis,7,0,76,0
0.85,unconstrained,problem_analysis,23,0,107,0
0.85,unconstrained,problem_analysis,19,0,305,0
0.85,unconstrained,problem_analysis,28,0,51,0
0.85,unconstrained,problem_analysis,4,0,344,0
0.85,unconstrained,problem_analysis,9,0,168,0
0.85,unconstrained,problem_analysis,25,0,113,0
0.85,unconstrained,problem_analysis,14,0,43,0
0.85,unconstrained,problem_analysis,17,0,156,0
0.85,unconstrained,problem_analysis,15,0,252,0
0.85,unconstrained,problem_analysis,36,0,153,0
0.85,unconstrained,problem_analysis,8,0,150,0
0.85,unconstrained,problem_analysis,29,0,19,0
0.85,unconstrained,problem_analysis,16,0,285,0
0.85,unconstrained,problem_analysis,34,0,9,0
0.85,unconstrained,problem_analysis,5,0,195,0
0.85,unconstrained,problem_analysis,35,0,131,0
0.85,unconstrained,problem_analysis,20,0,26,0
0.85,unconstrained,problem_analysis,12,0,148,0
0.85,unconstrained,problem_analysis,21,0,88,0
0.85,unconstrained,problem_analysis,27,0,23,0
0.85,unconstrained,problem_analysis,33,0,111,0
0.85,unconstrained,problem_analysis,37,0,58,0
0.85,unconstrained,problem_analysis,22,0,37,0
0.85,unconstrained,problem_analysis,10,0,95,0
0.85,unconstrained,problem_analysis,0,0,142,0
0.85,unconstrained,problem_analysis,39,0,17,0
0.85,unconstrained,theoretical_insight,10,0,122,0
0.85,unconstrained,theoretical_insight,0,0,151,0
0.85,unconstrained,theoretical_insight,16,0,90,0
0.85,unconstrained,theoretical_insight,14,0,257,0
0.85,unconstrained,theoretical_insight,4,0,161,0
0.85,unconstrained,theoretical_insight,38,0,85,0
0.85,unconstrained,theoretical_insight,17,0,171,0
0.85,unconstrained,theoretical_insight,1,0,193,0
0.85,unconstrained,theoretical_insight,23,0,74,0
0.85,unconstrained,theoretical_insight,21,0,91,0
0.85,unconstrained,theoretical_insight,3,0,68,0
0.85,unconstrained,theoretical_insight,30,0,18,0
0.85,unconstrained,theoretical_insight,39,0,139,0
0.85,unconstrained,theoretical_insight,27,0,36,0
0.85,unconstrained,theoretical_insight,12,0,287,0
0.85,unconstrained,theoretical_insight,18,0,131,0
0.85,unconstrained,theoretical_insight,5,0,130,0
0.85,unconstrained,theoretical_insight,22,0,73,0
0.85,unconstrained,theoretical_insight,37,0,78,0
0.85,unconstrained,theoretical_insight,2,0,233,0
0.85,unconstrained,theoretical_insight,8,0,145,0
0.85,unconstrained,theoretical_insight,31,0,9,0
0.85,unconstrained,theoretical_insight,11,0,82,0
0.85,unconstrained,theoretical_insight,32,0,35,0
0.85,unconstrained,theoretical_insight,29,0,91,0
0.85,unconstrained,theoretical_insight,24,0,61,0
0.85,unconstrained,theoretical_insight,33,0,54,0
0.85,unconstrained,theoretical_insight,7,0,112,0
0.85,unconstrained,theoretical_insight,9,0,64,0
0.85,unconstrained,theoretical_insight,13,0,9,0
0.85,unconstrained,theoretical_insight,20,0,62,0
0.85,unconstrained,theoretical_insight,26,0,33,0
0.85,unconstrained,theoretical_insight,34,0,23,0
0.85,unconstrained,theoretical_insight,36,0,22,0
0.85,unconstrained,theoretical_insight,35,0,11,0
0.85,unconstrained,theoretical_insight,25,0,17,0
0.85,unconstrained,theoretical_insight,28,0,13,0
0.85,unconstrained,theoretical_insight,19,0,43,0
0.85,unconstrained,theoretical_insight,15,0,23,0
0.85,unconstrained,theoretical_insight,6,0,30,0
0.85,unconstrained,design_rationale,1,0,109,0
0.85,unconstrained,design_rationale,36,0,66,0
0.85,unconstrained,design_rationale,27,0,65,0
0.85,unconstrained,design_rationale,39,0,53,0
0.85,unconstrained,design_rationale,0,0,217,0
0.85,unconstrained,design_rationale,6,0,166,0
0.85,unconstrained,design_rationale,18,0,201,0
0.85,unconstrained,design_rationale,21,0,231,0
0.85,unconstrained,design_rationale,14,0,100,0
0.85,unconstrained,design_rationale,30,0,208,0
0.85,unconstrained,design_rationale,10,0,42,0
0.85,unconstrained,design_rationale,11,0,241,0
0.85,unconstrained,design_rationale,22,0,94,0
0.85,unconstrained,design_rationale,8,0,207,0
0.85,unconstrained,design_rationale,24,0,16,0
0.85,unconstrained,design_rationale,3,0,163,0
0.85,unconstrained,design_rationale,9,0,80,0
0.85,unconstrained,design_rationale,12,0,70,0
0.85,unconstrained,design_rationale,37,0,44,0
0.85,unconstrained,design_rationale,17,0,96,0
0.85,unconstrained,design_rationale,26,0,68,0
0.85,unconstrained,design_rationale,15,0,148,0
0.85,unconstrained,design_rationale,25,0,79,0
0.85,unconstrained,design_rationale,32,0,63,0
0.85,unconstrained,design_rationale,19,0,106,0
0.85,unconstrained,design_rationale,5,0,28,0
0.85,unconstrained,design_rationale,34,0,55,0
0.85,unconstrained,design_rationale,2,0,61,0
0.85,unconstrained,design_rationale,13,0,43,0
0.85,unconstrained,design_rationale,4,0,99,0
0.85,unconstrained,design_rationale,7,0,46,0
0.85,unconstrained,design_rationale,16,0,19,0
0.85,unconstrained,design_rationale,35,0,26,0
0.85,unconstrained,design_rationale,29,0,8,0
0.85,unconstrained,design_rationale,33,0,16,0
0.85,unconstrained,design_rationale,20,0,42,0
0.85,unconstrained,design_rationale,38,0,33,0
0.85,unconstrained,design_rationale,28,0,13,0
0.85,unconstrained,design_rationale,23,0,21,0
0.85,unconstrained,design_rationale,31,0,16,0
0.85,unconstrained,implementation_mechanism,29,0,44,0
0.85,unconstrained,implementation_mechanism,6,0,88,0
0.85,unconstrained,implementation_mechanism,19,0,99,0
0.85,unconstrained,implementation_mechanism,32,0,180,0
0.85,unconstrained,implementation_mechanism,16,0,204,0
0.85,unconstrained,implementation_mechanism,15,0,154,0
0.85,unconstrained,implementation_mechanism,1,0,103,0
0.85,unconstrained,implementation_mechanism,8,0,86,0
0.85,unconstrained,implementation_mechanism,2,0,205,0
0.85,unconstrained,implementation_mechanism,11,0,45,0
0.85,unconstrained,implementation_mechanism,0,0,236,0
0.85,unconstrained,implementation_mechanism,24,0,105,0
0.85,unconstrained,implementation_mechanism,5,0,213,0
0.85,unconstrained,implementation_mechanism,34,0,17,0
0.85,unconstrained,implementation_mechanism,37,0,47,0
0.85,unconstrained,implementation_mechanism,4,0,113,0
0.85,unconstrained,implementation_mechanism,33,0,118,0
0.85,unconstrained,implementation_mechanism,38,0,84,0
0.85,unconstrained,implementation_mechanism,25,0,105,0
0.85,unconstrained,implementation_mechanism,18,0,79,0
0.85,unconstrained,implementation_mechanism,10,0,123,0
0.85,unconstrained,implementation_mechanism,22,0,59,0
0.85,unconstrained,implementation_mechanism,12,0,198,0
0.85,unconstrained,implementation_mechanism,36,0,26,0
0.85,unconstrained,implementation_mechanism,3,0,80,0
0.85,unconstrained,implementation_mechanism,21,0,94,0
0.85,unconstrained,implementation_mechanism,31,0,59,0
0.85,unconstrained,implementation_mechanism,9,0,137,0
0.85,unconstrained,implementation_mechanism,35,0,78,0
0.85,unconstrained,implementation_mechanism,26,0,41,0
0.85,unconstrained,implementation_mechanism,17,0,62,0
0.85,unconstrained,implementation_mechanism,20,0,10,0
0.85,unconstrained,implementation_mechanism,30,0,47,0
0.85,unconstrained,implementation_mechanism,7,0,65,0
0.85,unconstrained,implementation_mechanism,27,0,8,0
0.85,unconstrained,implementation_mechanism,13,0,100,0
0.85,unconstrained,implementation_mechanism,14,0,40,0
0.85,unconstrained,implementation_mechanism,39,0,11,0
0.85,unconstrained,implementation_mechanism,23,0,17,0
0.85,unconstrained,implementation_mechanism,28,0,1,0
0.85,unconstrained,validation_evidence,30,0,126,0
0.85,unconstrained,validation_evidence,12,0,11,0
0.85,unconstrained,validation_evidence,35,0,71,0
0.85,unconstrained,validation_evidence,24,0,56,0
0.85,unconstrained,validation_evidence,9,0,50,0
0.85,unconstrained,validation_evidence,20,0,109,0
0.85,unconstrained,validation_evidence,27,0,44,0
0.85,unconstrained,validation_evidence,36,0,120,0
0.85,unconstrained,validation_evidence,33,0,119,0
0.85,unconstrained,validation_evidence,2,0,322,0
0.85,unconstrained,validation_evidence,15,0,68,0
0.85,unconstrained,validation_evidence,4,0,76,0
0.85,unconstrained,validation_evidence,8,0,132,0
0.85,unconstrained,validation_evidence,1,0,143,0
0.85,unconstrained,validation_evidence,7,0,42,0
0.85,unconstrained,validation_evidence,10,0,153,0
0.85,unconstrained,validation_evidence,6,0,307,0
0.85,unconstrained,validation_evidence,11,0,103,0
0.85,unconstrained,validation_evidence,16,0,48,0
0.85,unconstrained,validation_evidence,18,0,47,0
0.85,unconstrained,validation_evidence,5,0,51,0
0.85,unconstrained,validation_evidence,32,0,55,0
0.85,unconstrained,validation_evidence,19,0,112,0
0.85,unconstrained,validation_evidence,34,0,19,0
0.85,unconstrained,validation_evidence,31,0,32,0
0.85,unconstrained,validation_evidence,39,0,17,0
0.85,unconstrained,validation_evidence,25,0,48,0
0.85,unconstrained,validation_evidence,29,0,56,0
0.85,unconstrained,validation_evidence,14,0,130,0
0.85,unconstrained,validation_evidence,21,0,55,0
0.85,unconstrained,validation_evidence,3,0,71,0
0.85,unconstrained,validation_evidence,26,0,29,0
0.85,unconstrained,validation_evidence,38,0,55,0
0.85,unconstrained,validation_evidence,17,0,25,0
0.85,unconstrained,validation_evidence,0,0,53,0
0.85,unconstrained,validation_evidence,13,0,76,0
0.85,unconstrained,validation_evidence,22,0,38,0
0.85,unconstrained,validation_evidence,37,0,12,0
0.85,unconstrained,validation_evidence,23,0,9,0
0.85,unconstrained,validation_evidence,28,0,3,0
0.85,single_risk,risk,11,0,138,0
0.85,single_risk,risk,2,0,107,0
0.85,single_risk,risk,28,0,102,0
0.85,single_risk,risk,20,0,100,0
0.85,single_risk,risk,17,0,103,0
0.85,single_risk,risk,14,0,152,0
0.85,single_risk,risk,12,0,214,0
0.85,single_risk,risk,25,0,90,0
0.85,single_risk,risk,6,0,213,0
0.85,single_risk,risk,36,0,14,0
0.85,single_risk,risk,0,0,145,0
0.85,single_risk,risk,29,0,91,0
0.85,single_risk,risk,23,0,60,0
0.85,single_risk,risk,19,0,213,0
0.85,single_risk,risk,13,0,206,0
0.85,single_risk,risk,16,0,85,0
0.85,single_risk,risk,8,0,147,0
0.85,single_risk,risk,39,0,26,0
0.85,single_risk,risk,3,0,53,0
0.85,single_risk,risk,35,0,65,0
0.85,single_risk,risk,9,0,62,0
0.85,single_risk,risk,18,0,41,0
0.85,single_risk,risk,10,0,82,0
0.85,single_risk,risk,7,0,102,0
0.85,single_risk,risk,32,0,61,0
0.85,single_risk,risk,34,0,124,0
0.85,single_risk,risk,22,0,60,0
0.85,single_risk,risk,24,0,204,0
0.85,single_risk,risk,26,0,97,0
0.85,single_risk,risk,1,0,56,0
0.85,single_risk,risk,31,0,24,0
0.85,single_risk,risk,5,0,78,0
0.85,single_risk,risk,27,0,37,0
0.85,single_risk,risk,21,0,86,0
0.85,single_risk,risk,15,0,20,0
0.85,single_risk,risk,30,0,9,0
0.85,single_risk,risk,4,0,31,0
0.85,single_risk,risk,37,0,22,0
0.85,single_risk,risk,33,0,14,0
0.85,single_risk,risk,38,0,24,0
0.85,single_risk,intervention,37,0,89,0
0.85,single_risk,intervention,4,0,57,0
0.85,single_risk,intervention,5,0,225,0
0.85,single_risk,intervention,8,0,127,0
0.85,single_risk,intervention,15,0,276,0
0.85,single_risk,intervention,38,0,85,0
0.85,single_risk,intervention,14,0,163,0
0.85,single_risk,intervention,10,0,119,0
0.85,single_risk,intervention,24,0,79,0
0.85,single_risk,intervention,23,0,23,0
0.85,single_risk,intervention,11,0,151,0
0.85,single_risk,intervention,34,0,22,0
0.85,single_risk,intervention,17,0,69,0
0.85,single_risk,intervention,29,0,57,0
0.85,single_risk,intervention,28,0,96,0
0.85,single_risk,intervention,7,0,242,0
0.85,single_risk,intervention,3,0,211,0
0.85,single_risk,intervention,19,0,69,0
0.85,single_risk,intervention,27,0,241,0
0.85,single_risk,intervention,39,0,120,0
0.85,single_risk,intervention,6,0,103,0
0.85,single_risk,intervention,30,0,248,0
0.85,single_risk,intervention,26,0,66,0
0.85,single_risk,intervention,9,0,171,0
0.85,single_risk,intervention,1,0,156,0
0.85,single_risk,intervention,32,0,20,0
0.85,single_risk,intervention,2,0,160,0
0.85,single_risk,intervention,0,0,136,0
0.85,single_risk,intervention,31,0,11,0
0.85,single_risk,intervention,18,0,26,0
0.85,single_risk,intervention,20,0,24,0
0.85,single_risk,intervention,13,0,182,0
0.85,single_risk,intervention,22,0,13,0
0.85,single_risk,intervention,16,0,49,0
0.85,single_risk,intervention,12,0,46,0
0.85,single_risk,intervention,35,0,36,0
0.85,single_risk,intervention,36,0,23,0
0.85,single_risk,intervention,25,0,19,0
0.85,single_risk,intervention,33,0,21,0
0.85,single_risk,intervention,21,0,7,0
0.85,single_risk,all_concepts,15,0,250,0
0.85,single_risk,all_concepts,3,0,467,0
0.85,single_risk,all_concepts,12,0,255,0
0.85,single_risk,all_concepts,21,0,596,0
0.85,single_risk,all_concepts,39,0,430,0
0.85,single_risk,all_concepts,38,0,72,0
0.85,single_risk,all_concepts,5,0,734,0
0.85,single_risk,all_concepts,6,0,683,0
0.85,single_risk,all_concepts,0,0,816,0
0.85,single_risk,all_concepts,10,0,497,0
0.85,single_risk,all_concepts,32,0,193,0
0.85,single_risk,all_concepts,33,0,1589,0
0.85,single_risk,all_concepts,1,0,566,0
0.85,single_risk,all_concepts,11,0,617,0
0.85,single_risk,all_concepts,7,0,1053,0
0.85,single_risk,all_concepts,17,0,430,0
0.85,single_risk,all_concepts,8,0,481,0
0.85,single_risk,all_concepts,9,0,625,0
0.85,single_risk,all_concepts,16,0,1383,0
0.85,single_risk,all_concepts,14,0,633,0
0.85,single_risk,all_concepts,2,0,1556,0
0.85,single_risk,all_concepts,19,0,468,0
0.85,single_risk,all_concepts,4,0,548,0
0.85,single_risk,all_concepts,27,0,252,0
0.85,single_risk,all_concepts,13,0,750,0
0.85,single_risk,all_concepts,29,0,86,0
0.85,single_risk,all_concepts,24,0,86,0
0.85,single_risk,all_concepts,28,0,195,0
0.85,single_risk,all_concepts,26,0,66,0
0.85,single_risk,all_concepts,23,0,68,0
0.85,single_risk,all_concepts,25,0,316,0
0.85,single_risk,all_concepts,20,0,100,0
0.85,single_risk,all_concepts,36,0,112,0
0.85,single_risk,all_concepts,18,0,125,0
0.85,single_risk,all_concepts,37,0,60,0
0.85,single_risk,all_concepts,34,0,50,0
0.85,single_risk,all_concepts,35,0,18,0
0.85,single_risk,all_concepts,30,0,25,0
0.85,single_risk,all_concepts,22,0,31,0
0.85,single_risk,all_concepts,31,0,34,0
0.85,single_risk,problem_analysis,31,0,108,0
0.85,single_risk,problem_analysis,28,0,36,0
0.85,single_risk,problem_analysis,37,0,72,0
0.85,single_risk,problem_analysis,24,0,94,0
0.85,single_risk,problem_analysis,25,0,30,0
0.85,single_risk,problem_analysis,10,0,268,0
0.85,single_risk,problem_analysis,2,0,131,0
0.85,single_risk,problem_analysis,21,0,265,0
0.85,single_risk,problem_analysis,16,0,143,0
0.85,single_risk,problem_analysis,4,0,116,0
0.85,single_risk,problem_analysis,32,0,126,0
0.85,single_risk,problem_analysis,5,0,209,0
0.85,single_risk,problem_analysis,34,0,39,0
0.85,single_risk,problem_analysis,3,0,272,0
0.85,single_risk,problem_analysis,0,0,115,0
0.85,single_risk,problem_analysis,19,0,109,0
0.85,single_risk,problem_analysis,15,0,208,0
0.85,single_risk,problem_analysis,13,0,158,0
0.85,single_risk,problem_analysis,11,0,50,0
0.85,single_risk,problem_analysis,26,0,122,0
0.85,single_risk,problem_analysis,35,0,68,0
0.85,single_risk,problem_analysis,7,0,65,0
0.85,single_risk,problem_analysis,38,0,116,0
0.85,single_risk,problem_analysis,23,0,74,0
0.85,single_risk,problem_analysis,14,0,73,0
0.85,single_risk,problem_analysis,30,0,34,0
0.85,single_risk,problem_analysis,17,0,131,0
0.85,single_risk,problem_analysis,12,0,77,0
0.85,single_risk,problem_analysis,9,0,178,0
0.85,single_risk,problem_analysis,39,0,201,0
0.85,single_risk,problem_analysis,6,0,103,0
0.85,single_risk,problem_analysis,29,0,17,0
0.85,single_risk,problem_analysis,27,0,52,0
0.85,single_risk,problem_analysis,22,0,68,0
0.85,single_risk,problem_analysis,20,0,24,0
0.85,single_risk,problem_analysis,1,0,52,0
0.85,single_risk,problem_analysis,33,0,98,0
0.85,single_risk,problem_analysis,8,0,125,0
0.85,single_risk,problem_analysis,36,0,46,0
0.85,single_risk,problem_analysis,18,0,49,0
0.85,single_risk,theoretical_insight,23,0,123,0
0.85,single_risk,theoretical_insight,28,0,21,0
0.85,single_risk,theoretical_insight,5,0,120,0
0.85,single_risk,theoretical_insight,2,0,299,0
0.85,single_risk,theoretical_insight,27,0,175,0
0.85,single_risk,theoretical_insight,13,0,126,0
0.85,single_risk,theoretical_insight,17,0,216,0
0.85,single_risk,theoretical_insight,4,0,65,0
0.85,single_risk,theoretical_insight,25,0,71,0
0.85,single_risk,theoretical_insight,32,0,128,0
0.85,single_risk,theoretical_insight,16,0,102,0
0.85,single_risk,theoretical_insight,26,0,98,0
0.85,single_risk,theoretical_insight,35,0,28,0
0.85,single_risk,theoretical_insight,30,0,12,0
0.85,single_risk,theoretical_insight,38,0,134,0
0.85,single_risk,theoretical_insight,1,0,86,0
0.85,single_risk,theoretical_insight,9,0,48,0
0.85,single_risk,theoretical_insight,0,0,266,0
0.85,single_risk,theoretical_insight,24,0,42,0
0.85,single_risk,theoretical_insight,19,0,131,0
0.85,single_risk,theoretical_insight,7,0,26,0
0.85,single_risk,theoretical_insight,36,0,91,0
0.85,single_risk,theoretical_insight,6,0,74,0
0.85,single_risk,theoretical_insight,3,0,57,0
0.85,single_risk,theoretical_insight,15,0,62,0
0.85,single_risk,theoretical_insight,37,0,22,0
0.85,single_risk,theoretical_insight,18,0,53,0
0.85,single_risk,theoretical_insight,34,0,45,0
0.85,single_risk,theoretical_insight,12,0,68,0
0.85,single_risk,theoretical_insight,29,0,65,0
0.85,single_risk,theoretical_insight,22,0,31,0
0.85,single_risk,theoretical_insight,20,0,53,0
0.85,single_risk,theoretical_insight,21,0,47,0
0.85,single_risk,theoretical_insight,11,0,27,0
0.85,single_risk,theoretical_insight,31,0,59,0
0.85,single_risk,theoretical_insight,10,0,21,0
0.85,single_risk,theoretical_insight,8,0,61,0
0.85,single_risk,theoretical_insight,39,0,17,0
0.85,single_risk,theoretical_insight,14,0,7,0
0.85,single_risk,theoretical_insight,33,0,19,0
0.85,single_risk,design_rationale,26,0,79,0
0.85,single_risk,design_rationale,4,0,125,0
0.85,single_risk,design_rationale,14,0,73,0
0.85,single_risk,design_rationale,38,0,174,0
0.85,single_risk,design_rationale,15,0,157,0
0.85,single_risk,design_rationale,18,0,186,0
0.85,single_risk,design_rationale,16,0,108,0
0.85,single_risk,design_rationale,11,0,214,0
0.85,single_risk,design_rationale,3,0,104,0
0.85,single_risk,design_rationale,1,0,94,0
0.85,single_risk,design_rationale,5,0,203,0
0.85,single_risk,design_rationale,23,0,57,0
0.85,single_risk,design_rationale,22,0,214,0
0.85,single_risk,design_rationale,7,0,105,0
0.85,single_risk,design_rationale,32,0,18,0
0.85,single_risk,design_rationale,10,0,262,0
0.85,single_risk,design_rationale,24,0,27,0
0.85,single_risk,design_rationale,13,0,27,0
0.85,single_risk,design_rationale,34,0,40,0
0.85,single_risk,design_rationale,37,0,82,0
0.85,single_risk,design_rationale,19,0,140,0
0.85,single_risk,design_rationale,27,0,74,0
0.85,single_risk,design_rationale,33,0,60,0
0.85,single_risk,design_rationale,2,0,102,0
0.85,single_risk,design_rationale,6,0,26,0
0.85,single_risk,design_rationale,21,0,53,0
0.85,single_risk,design_rationale,8,0,57,0
0.85,single_risk,design_rationale,9,0,54,0
0.85,single_risk,design_rationale,20,0,36,0
0.85,single_risk,design_rationale,30,0,91,0
0.85,single_risk,design_rationale,28,0,39,0
0.85,single_risk,design_rationale,0,0,76,0
0.85,single_risk,design_rationale,25,0,25,0
0.85,single_risk,design_rationale,35,0,5,0
0.85,single_risk,design_rationale,12,0,49,0
0.85,single_risk,design_rationale,39,0,13,0
0.85,single_risk,design_rationale,31,0,21,0
0.85,single_risk,design_rationale,17,0,15,0
0.85,single_risk,design_rationale,36,0,2,0
0.85,single_risk,design_rationale,29,0,9,0
0.85,single_risk,implementation_mechanism,27,0,39,0
0.85,single_risk,implementation_mechanism,0,0,219,0
0.85,single_risk,implementation_mechanism,31,0,93,0
0.85,single_risk,implementation_mechanism,26,0,165,0
0.85,single_risk,implementation_mechanism,33,0,202,0
0.85,single_risk,implementation_mechanism,6,0,128,0
0.85,single_risk,implementation_mechanism,28,0,123,0
0.85,single_risk,implementation_mechanism,4,0,82,0
0.85,single_risk,implementation_mechanism,1,0,184,0
0.85,single_risk,implementation_mechanism,30,0,29,0
0.85,single_risk,implementation_mechanism,2,0,134,0
0.85,single_risk,implementation_mechanism,29,0,101,0
0.85,single_risk,implementation_mechanism,7,0,107,0
0.85,single_risk,implementation_mechanism,32,0,17,0
0.85,single_risk,implementation_mechanism,13,0,51,0
0.85,single_risk,implementation_mechanism,5,0,144,0
0.85,single_risk,implementation_mechanism,15,0,106,0
0.85,single_risk,implementation_mechanism,19,0,95,0
0.85,single_risk,implementation_mechanism,11,0,72,0
0.85,single_risk,implementation_mechanism,22,0,86,0
0.85,single_risk,implementation_mechanism,35,0,56,0
0.85,single_risk,implementation_mechanism,12,0,189,0
0.85,single_risk,implementation_mechanism,36,0,26,0
0.85,single_risk,implementation_mechanism,24,0,35,0
0.85,single_risk,implementation_mechanism,39,0,63,0
0.85,single_risk,implementation_mechanism,9,0,46,0
0.85,single_risk,implementation_mechanism,8,0,91,0
0.85,single_risk,implementation_mechanism,16,0,164,0
0.85,single_risk,implementation_mechanism,10,0,61,0
0.85,single_risk,implementation_mechanism,17,0,64,0
0.85,single_risk,implementation_mechanism,20,0,62,0
0.85,single_risk,implementation_mechanism,14,0,105,0
0.85,single_risk,implementation_mechanism,34,0,12,0
0.85,single_risk,implementation_mechanism,25,0,51,0
0.85,single_risk,implementation_mechanism,23,0,116,0
0.85,single_risk,implementation_mechanism,21,0,65,0
0.85,single_risk,implementation_mechanism,3,0,41,0
0.85,single_risk,implementation_mechanism,18,0,31,0
0.85,single_risk,implementation_mechanism,37,0,17,0
0.85,single_risk,implementation_mechanism,38,0,3,0
0.85,single_risk,validation_evidence,6,0,141,0
0.85,single_risk,validation_evidence,38,0,11,0
0.85,single_risk,validation_evidence,32,0,54,0
0.85,single_risk,validation_evidence,33,0,47,0
0.85,single_risk,validation_evidence,9,0,93,0
0.85,single_risk,validation_evidence,12,0,98,0
0.85,single_risk,validation_evidence,29,0,66,0
0.85,single_risk,validation_evidence,17,0,119,0
0.85,single_risk,validation_evidence,27,0,114,0
0.85,single_risk,validation_evidence,1,0,77,0
0.85,single_risk,validation_evidence,0,0,326,0
0.85,single_risk,validation_evidence,7,0,74,0
0.85,single_risk,validation_evidence,4,0,81,0
0.85,single_risk,validation_evidence,34,0,33,0
0.85,single_risk,validation_evidence,28,0,179,0
0.85,single_risk,validation_evidence,3,0,134,0
0.85,single_risk,validation_evidence,36,0,31,0
0.85,single_risk,validation_evidence,5,0,315,0
0.85,single_risk,validation_evidence,21,0,80,0
0.85,single_risk,validation_evidence,16,0,38,0
0.85,single_risk,validation_evidence,24,0,106,0
0.85,single_risk,validation_evidence,2,0,144,0
0.85,single_risk,validation_evidence,35,0,53,0
0.85,single_risk,validation_evidence,37,0,69,0
0.85,single_risk,validation_evidence,31,0,32,0
0.85,single_risk,validation_evidence,19,0,59,0
0.85,single_risk,validation_evidence,23,0,53,0
0.85,single_risk,validation_evidence,10,0,62,0
0.85,single_risk,validation_evidence,15,0,10,0
0.85,single_risk,validation_evidence,14,0,53,0
0.85,single_risk,validation_evidence,8,0,28,0
0.85,single_risk,validation_evidence,13,0,65,0
0.85,single_risk,validation_evidence,30,0,25,0
0.85,single_risk,validation_evidence,18,0,44,0
0.85,single_risk,validation_evidence,39,0,14,0
0.85,single_risk,validation_evidence,11,0,11,0
0.85,single_risk,validation_evidence,20,0,9,0
0.85,single_risk,validation_evidence,25,0,11,0
0.85,single_risk,validation_evidence,22,0,62,0
0.85,single_risk,validation_evidence,26,0,6,0
0.85,monotonic,risk,3,0,410,0
0.85,monotonic,risk,18,0,172,0
0.85,monotonic,risk,5,0,152,0
0.85,monotonic,risk,7,0,168,0
0.85,monotonic,risk,12,0,169,0
0.85,monotonic,risk,21,0,294,0
0.85,monotonic,risk,26,0,332,0
0.85,monotonic,risk,6,0,292,0
0.85,monotonic,risk,25,0,385,0
0.85,monotonic,risk,38,0,114,0
0.85,monotonic,risk,1,0,247,0
0.85,monotonic,risk,2,0,271,0
0.85,monotonic,risk,13,0,324,0
0.85,monotonic,risk,0,0,261,0
0.85,monotonic,risk,14,0,173,0
0.85,monotonic,risk,8,0,200,0
0.85,monotonic,risk,35,0,61,0
0.85,monotonic,risk,29,0,38,0
0.85,monotonic,risk,39,0,60,0
0.85,monotonic,risk,15,0,181,0
0.85,monotonic,risk,4,0,392,0
0.85,monotonic,risk,27,0,92,0
0.85,monotonic,risk,17,0,225,0
0.85,monotonic,risk,30,0,139,0
0.85,monotonic,risk,11,0,127,0
0.85,monotonic,risk,36,0,81,0
0.85,monotonic,risk,24,0,105,0
0.85,monotonic,risk,10,0,370,0
0.85,monotonic,risk,19,0,68,0
0.85,monotonic,risk,9,0,300,0
0.85,monotonic,risk,16,0,78,0
0.85,monotonic,risk,31,0,183,0
0.85,monotonic,risk,32,0,83,0
0.85,monotonic,risk,33,0,57,0
0.85,monotonic,risk,28,0,51,0
0.85,monotonic,risk,37,0,140,0
0.85,monotonic,risk,23,0,20,0
0.85,monotonic,risk,20,0,23,0
0.85,monotonic,risk,22,0,18,0
0.85,monotonic,risk,34,0,41,0
0.85,monotonic,intervention,39,0,79,0
0.85,monotonic,intervention,32,0,65,0
0.85,monotonic,intervention,1,0,131,0
0.85,monotonic,intervention,18,0,130,0
0.85,monotonic,intervention,33,0,227,0
0.85,monotonic,intervention,30,0,58,0
0.85,monotonic,intervention,5,0,203,0
0.85,monotonic,intervention,19,0,77,0
0.85,monotonic,intervention,36,0,65,0
0.85,monotonic,intervention,20,0,23,0
0.85,monotonic,intervention,37,0,27,0
0.85,monotonic,intervention,10,0,22,0
0.85,monotonic,intervention,3,0,138,0
0.85,monotonic,intervention,13,0,93,0
0.85,monotonic,intervention,8,0,230,0
0.85,monotonic,intervention,26,0,135,0
0.85,monotonic,intervention,38,0,37,0
0.85,monotonic,intervention,27,0,225,0
0.85,monotonic,intervention,0,0,184,0
0.85,monotonic,intervention,7,0,90,0
0.85,monotonic,intervention,2,0,253,0
0.85,monotonic,intervention,9,0,118,0
0.85,monotonic,intervention,35,0,70,0
0.85,monotonic,intervention,6,0,219,0
0.85,monotonic,intervention,12,0,37,0
0.85,monotonic,intervention,15,0,140,0
0.85,monotonic,intervention,16,0,112,0
0.85,monotonic,intervention,17,0,49,0
0.85,monotonic,intervention,25,0,75,0
0.85,monotonic,intervention,22,0,11,0
0.85,monotonic,intervention,21,0,7,0
0.85,monotonic,intervention,24,0,19,0
0.85,monotonic,intervention,29,0,174,0
0.85,monotonic,intervention,4,0,38,0
0.85,monotonic,intervention,14,0,25,0
0.85,monotonic,intervention,34,0,20,0
0.85,monotonic,intervention,11,0,47,0
0.85,monotonic,intervention,31,0,38,0
0.85,monotonic,intervention,28,0,23,0
0.85,monotonic,intervention,23,0,7,0
0.85,monotonic,all_concepts,31,0,173,0
0.85,monotonic,all_concepts,30,0,388,0
0.85,monotonic,all_concepts,17,0,274,0
0.85,monotonic,all_concepts,20,0,593,0
0.85,monotonic,all_concepts,35,0,420,0
0.85,monotonic,all_concepts,14,0,383,0
0.85,monotonic,all_concepts,13,0,610,0
0.85,monotonic,all_concepts,9,0,584,0
0.85,monotonic,all_concepts,33,0,237,0
0.85,monotonic,all_concepts,8,0,531,0
0.85,monotonic,all_concepts,21,0,221,0
0.85,monotonic,all_concepts,11,0,1665,0
0.85,monotonic,all_concepts,22,0,87,0
0.85,monotonic,all_concepts,24,0,966,0
0.85,monotonic,all_concepts,34,0,152,0
0.85,monotonic,all_concepts,5,0,668,0
0.85,monotonic,all_concepts,1,0,1082,0
0.85,monotonic,all_concepts,18,0,458,0
0.85,monotonic,all_concepts,0,0,1321,0
0.85,monotonic,all_concepts,4,0,1316,0
0.85,monotonic,all_concepts,2,0,563,0
0.85,monotonic,all_concepts,19,0,780,0
0.85,monotonic,all_concepts,37,0,66,0
0.85,monotonic,all_concepts,23,0,148,0
0.85,monotonic,all_concepts,27,0,477,0
0.85,monotonic,all_concepts,32,0,84,0
0.85,monotonic,all_concepts,15,0,99,0
0.85,monotonic,all_concepts,10,0,227,0
0.85,monotonic,all_concepts,6,0,292,0
0.85,monotonic,all_concepts,3,0,106,0
0.85,monotonic,all_concepts,12,0,495,0
0.85,monotonic,all_concepts,26,0,136,0
0.85,monotonic,all_concepts,25,0,224,0
0.85,monotonic,all_concepts,16,0,83,0
0.85,monotonic,all_concepts,29,0,108,0
0.85,monotonic,all_concepts,38,0,22,0
0.85,monotonic,all_concepts,28,0,157,0
0.85,monotonic,all_concepts,36,0,61,0
0.85,monotonic,all_concepts,7,0,140,0
0.85,monotonic,all_concepts,39,0,31,0
0.85,monotonic,problem_analysis,19,0,136,0
0.85,monotonic,problem_analysis,9,0,92,0
0.85,monotonic,problem_analysis,30,0,52,0
0.85,monotonic,problem_analysis,24,0,145,0
0.85,monotonic,problem_analysis,33,0,102,0
0.85,monotonic,problem_analysis,13,0,282,0
0.85,monotonic,problem_analysis,0,0,397,0
0.85,monotonic,problem_analysis,23,0,80,0
0.85,monotonic,problem_analysis,37,0,18,0
0.85,monotonic,problem_analysis,5,0,116,0
0.85,monotonic,problem_analysis,4,0,281,0
0.85,monotonic,problem_analysis,18,0,95,0
0.85,monotonic,problem_analysis,26,0,132,0
0.85,monotonic,problem_analysis,39,0,28,0
0.85,monotonic,problem_analysis,11,0,40,0
0.85,monotonic,problem_analysis,34,0,210,0
0.85,monotonic,problem_analysis,6,0,103,0
0.85,monotonic,problem_analysis,14,0,101,0
0.85,monotonic,problem_analysis,35,0,51,0
0.85,monotonic,problem_analysis,21,0,163,0
0.85,monotonic,problem_analysis,3,0,59,0
0.85,monotonic,problem_analysis,1,0,204,0
0.85,monotonic,problem_analysis,7,0,38,0
0.85,monotonic,problem_analysis,38,0,37,0
0.85,monotonic,problem_analysis,36,0,125,0
0.85,monotonic,problem_analysis,15,0,153,0
0.85,monotonic,problem_analysis,8,0,226,0
0.85,monotonic,problem_analysis,27,0,188,0
0.85,monotonic,problem_analysis,10,0,116,0
0.85,monotonic,problem_analysis,16,0,95,0
0.85,monotonic,problem_analysis,29,0,78,0
0.85,monotonic,problem_analysis,17,0,201,0
0.85,monotonic,problem_analysis,25,0,17,0
0.85,monotonic,problem_analysis,22,0,68,0
0.85,monotonic,problem_analysis,31,0,63,0
0.85,monotonic,problem_analysis,28,0,61,0
0.85,monotonic,problem_analysis,2,0,64,0
0.85,monotonic,problem_analysis,12,0,78,0
0.85,monotonic,problem_analysis,32,0,11,0
0.85,monotonic,problem_analysis,20,0,3,0
0.85,monotonic,theoretical_insight,6,0,105,0
0.85,monotonic,theoretical_insight,2,0,105,0
0.85,monotonic,theoretical_insight,39,0,154,0
0.85,monotonic,theoretical_insight,0,0,128,0
0.85,monotonic,theoretical_insight,18,0,72,0
0.85,monotonic,theoretical_insight,5,0,109,0
0.85,monotonic,theoretical_insight,11,0,181,0
0.85,monotonic,theoretical_insight,16,0,121,0
0.85,monotonic,theoretical_insight,32,0,38,0
0.85,monotonic,theoretical_insight,25,0,64,0
0.85,monotonic,theoretical_insight,20,0,134,0
0.85,monotonic,theoretical_insight,34,0,63,0
0.85,monotonic,theoretical_insight,30,0,40,0
0.85,monotonic,theoretical_insight,26,0,81,0
0.85,monotonic,theoretical_insight,12,0,55,0
0.85,monotonic,theoretical_insight,1,0,120,0
0.85,monotonic,theoretical_insight,31,0,129,0
0.85,monotonic,theoretical_insight,37,0,27,0
0.85,monotonic,theoretical_insight,4,0,289,0
0.85,monotonic,theoretical_insight,22,0,89,0
0.85,monotonic,theoretical_insight,33,0,72,0
0.85,monotonic,theoretical_insight,8,0,23,0
0.85,monotonic,theoretical_insight,17,0,65,0
0.85,monotonic,theoretical_insight,15,0,47,0
0.85,monotonic,theoretical_insight,28,0,8,0
0.85,monotonic,theoretical_insight,21,0,52,0
0.85,monotonic,theoretical_insight,29,0,28,0
0.85,monotonic,theoretical_insight,3,0,101,0
0.85,monotonic,theoretical_insight,9,0,75,0
0.85,monotonic,theoretical_insight,7,0,133,0
0.85,monotonic,theoretical_insight,10,0,56,0
0.85,monotonic,theoretical_insight,13,0,89,0
0.85,monotonic,theoretical_insight,14,0,15,0
0.85,monotonic,theoretical_insight,24,0,34,0
0.85,monotonic,theoretical_insight,36,0,23,0
0.85,monotonic,theoretical_insight,23,0,12,0
0.85,monotonic,theoretical_insight,27,0,12,0
0.85,monotonic,theoretical_insight,19,0,32,0
0.85,monotonic,theoretical_insight,38,0,30,0
0.85,monotonic,theoretical_insight,35,0,5,0
0.85,monotonic,design_rationale,10,0,44,0
0.85,monotonic,design_rationale,4,0,61,0
0.85,monotonic,design_rationale,30,0,56,0
0.85,monotonic,design_rationale,14,0,177,0
0.85,monotonic,design_rationale,38,0,143,0
0.85,monotonic,design_rationale,29,0,211,0
0.85,monotonic,design_rationale,11,0,148,0
0.85,monotonic,design_rationale,6,0,96,0
0.85,monotonic,design_rationale,9,0,68,0
0.85,monotonic,design_rationale,0,0,187,0
0.85,monotonic,design_rationale,5,0,39,0
0.85,monotonic,design_rationale,1,0,61,0
0.85,monotonic,design_rationale,15,0,145,0
0.85,monotonic,design_rationale,2,0,224,0
0.85,monotonic,design_rationale,7,0,131,0
0.85,monotonic,design_rationale,12,0,12,0
0.85,monotonic,design_rationale,17,0,146,0
0.85,monotonic,design_rationale,22,0,43,0
0.85,monotonic,design_rationale,37,0,51,0
0.85,monotonic,design_rationale,8,0,46,0
0.85,monotonic,design_rationale,13,0,63,0
0.85,monotonic,design_rationale,31,0,190,0
0.85,monotonic,design_rationale,18,0,65,0
0.85,monotonic,design_rationale,19,0,60,0
0.85,monotonic,design_rationale,39,0,17,0
0.85,monotonic,design_rationale,36,0,70,0
0.85,monotonic,design_rationale,23,0,35,0
0.85,monotonic,design_rationale,3,0,108,0
0.85,monotonic,design_rationale,16,0,73,0
0.85,monotonic,design_rationale,26,0,12,0
0.85,monotonic,design_rationale,20,0,19,0
0.85,monotonic,design_rationale,24,0,6,0
0.85,monotonic,design_rationale,35,0,60,0
0.85,monotonic,design_rationale,34,0,47,0
0.85,monotonic,design_rationale,28,0,9,0
0.85,monotonic,design_rationale,25,0,11,0
0.85,monotonic,design_rationale,33,0,6,0
0.85,monotonic,design_rationale,27,0,31,0
0.85,monotonic,design_rationale,32,0,13,0
0.85,monotonic,design_rationale,21,0,6,0
0.85,monotonic,implementation_mechanism,35,0,37,0
0.85,monotonic,implementation_mechanism,23,0,67,0
0.85,monotonic,implementation_mechanism,21,0,82,0
0.85,monotonic,implementation_mechanism,9,0,138,0
0.85,monotonic,implementation_mechanism,20,0,209,0
0.85,monotonic,implementation_mechanism,26,0,109,0
0.85,monotonic,implementation_mechanism,3,0,42,0
0.85,monotonic,implementation_mechanism,33,0,48,0
0.85,monotonic,implementation_mechanism,8,0,85,0
0.85,monotonic,implementation_mechanism,0,0,154,0
0.85,monotonic,implementation_mechanism,4,0,37,0
0.85,monotonic,implementation_mechanism,10,0,167,0
0.85,monotonic,implementation_mechanism,28,0,8,0
0.85,monotonic,implementation_mechanism,1,0,133,0
0.85,monotonic,implementation_mechanism,2,0,222,0
0.85,monotonic,implementation_mechanism,17,0,132,0
0.85,monotonic,implementation_mechanism,37,0,96,0
0.85,monotonic,implementation_mechanism,19,0,97,0
0.85,monotonic,implementation_mechanism,36,0,48,0
0.85,monotonic,implementation_mechanism,12,0,64,0
0.85,monotonic,implementation_mechanism,24,0,80,0
0.85,monotonic,implementation_mechanism,5,0,59,0
0.85,monotonic,implementation_mechanism,38,0,55,0
0.85,monotonic,implementation_mechanism,15,0,167,0
0.85,monotonic,implementation_mechanism,39,0,32,0
0.85,monotonic,implementation_mechanism,11,0,78,0
0.85,monotonic,implementation_mechanism,32,0,78,0
0.85,monotonic,implementation_mechanism,18,0,126,0
0.85,monotonic,implementation_mechanism,6,0,75,0
0.85,monotonic,implementation_mechanism,16,0,60,0
0.85,monotonic,implementation_mechanism,30,0,51,0
0.85,monotonic,implementation_mechanism,22,0,79,0
0.85,monotonic,implementation_mechanism,13,0,30,0
0.85,monotonic,implementation_mechanism,34,0,18,0
0.85,monotonic,implementation_mechanism,14,0,21,0
0.85,monotonic,implementation_mechanism,25,0,8,0
0.85,monotonic,implementation_mechanism,27,0,18,0
0.85,monotonic,implementation_mechanism,7,0,33,0
0.85,monotonic,implementation_mechanism,29,0,44,0
0.85,monotonic,implementation_mechanism,31,0,16,0
0.85,monotonic,validation_evidence,2,0,171,0
0.85,monotonic,validation_evidence,11,0,71,0
0.85,monotonic,validation_evidence,28,0,71,0
0.85,monotonic,validation_evidence,24,0,41,0
0.85,monotonic,validation_evidence,4,0,45,0
0.85,monotonic,validation_evidence,10,0,111,0
0.85,monotonic,validation_evidence,13,0,45,0
0.85,monotonic,validation_evidence,1,0,158,0
0.85,monotonic,validation_evidence,16,0,109,0
0.85,monotonic,validation_evidence,5,0,144,0
0.85,monotonic,validation_evidence,17,0,205,0
0.85,monotonic,validation_evidence,22,0,60,0
0.85,monotonic,validation_evidence,12,0,115,0
0.85,monotonic,validation_evidence,0,0,90,0
0.85,monotonic,validation_evidence,29,0,41,0
0.85,monotonic,validation_evidence,27,0,47,0
0.85,monotonic,validation_evidence,33,0,42,0
0.85,monotonic,validation_evidence,8,0,80,0
0.85,monotonic,validation_evidence,25,0,204,0
0.85,monotonic,validation_evidence,18,0,47,0
0.85,monotonic,validation_evidence,35,0,24,0
0.85,monotonic,validation_evidence,34,0,81,0
0.85,monotonic,validation_evidence,7,0,89,0
0.85,monotonic,validation_evidence,15,0,72,0
0.85,monotonic,validation_evidence,39,0,30,0
0.85,monotonic,validation_evidence,20,0,22,0
0.85,monotonic,validation_evidence,36,0,44,0
0.85,monotonic,validation_evidence,6,0,122,0
0.85,monotonic,validation_evidence,31,0,49,0
0.85,monotonic,validation_evidence,26,0,46,0
0.85,monotonic,validation_evidence,9,0,79,0
0.85,monotonic,validation_evidence,3,0,53,0
0.85,monotonic,validation_evidence,37,0,8,0
0.85,monotonic,validation_evidence,21,0,89,0
0.85,monotonic,validation_evidence,38,0,15,0
0.85,monotonic,validation_evidence,32,0,9,0
0.85,monotonic,validation_evidence,19,0,40,0
0.85,monotonic,validation_evidence,14,0,29,0
0.85,monotonic,validation_evidence,23,0,9,0
0.85,monotonic,validation_evidence,30,0,3,0
0.85,both,risk,16,0,82,0
0.85,both,risk,7,0,90,0
0.85,both,risk,4,0,126,0
0.85,both,risk,20,0,113,0
0.85,both,risk,13,0,99,0
0.85,both,risk,15,0,147,0
0.85,both,risk,33,0,71,0
0.85,both,risk,25,0,92,0
0.85,both,risk,9,0,302,0
0.85,both,risk,2,0,125,0
0.85,both,risk,37,0,88,0
0.85,both,risk,31,0,207,0
0.85,both,risk,5,0,234,0
0.85,both,risk,8,0,96,0
0.85,both,risk,21,0,139,0
0.85,both,risk,12,0,161,0
0.85,both,risk,0,0,56,0
0.85,both,risk,3,0,91,0
0.85,both,risk,38,0,86,0
0.85,both,risk,11,0,35,0
0.85,both,risk,17,0,30,0
0.85,both,risk,26,0,44,0
0.85,both,risk,23,0,80,0
0.85,both,risk,18,0,54,0
0.85,both,risk,24,0,95,0
0.85,both,risk,28,0,56,0
0.85,both,risk,1,0,200,0
0.85,both,risk,14,0,87,0
0.85,both,risk,6,0,135,0
0.85,both,risk,39,0,23,0
0.85,both,risk,10,0,86,0
0.85,both,risk,32,0,8,0
0.85,both,risk,35,0,34,0
0.85,both,risk,19,0,6,0
0.85,both,risk,34,0,4,0
0.85,both,risk,30,0,11,0
0.85,both,risk,36,0,16,0
0.85,both,risk,22,0,7,0
0.85,both,risk,27,0,7,0
0.85,both,risk,29,0,3,0
0.85,both,intervention,31,0,53,0
0.85,both,intervention,6,0,161,0
0.85,both,intervention,18,0,150,0
0.85,both,intervention,15,0,169,0
0.85,both,intervention,19,0,264,0
0.85,both,intervention,35,0,106,0
0.85,both,intervention,3,0,173,0
0.85,both,intervention,14,0,137,0
0.85,both,intervention,8,0,91,0
0.85,both,intervention,13,0,96,0
0.85,both,intervention,28,0,113,0
0.85,both,intervention,26,0,114,0
0.85,both,intervention,16,0,110,0
0.85,both,intervention,22,0,22,0
0.85,both,intervention,33,0,107,0
0.85,both,intervention,17,0,184,0
0.85,both,intervention,10,0,223,0
0.85,both,intervention,23,0,80,0
0.85,both,intervention,1,0,93,0
0.85,both,intervention,7,0,248,0
0.85,both,intervention,32,0,48,0
0.85,both,intervention,9,0,71,0
0.85,both,intervention,12,0,168,0
0.85,both,intervention,2,0,36,0
0.85,both,intervention,34,0,125,0
0.85,both,intervention,36,0,109,0
0.85,both,intervention,4,0,21,0
0.85,both,intervention,11,0,81,0
0.85,both,intervention,0,0,93,0
0.85,both,intervention,27,0,11,0
0.85,both,intervention,29,0,7,0
0.85,both,intervention,38,0,26,0
0.85,both,intervention,25,0,19,0
0.85,both,intervention,37,0,39,0
0.85,both,intervention,5,0,45,0
0.85,both,intervention,21,0,37,0
0.85,both,intervention,20,0,12,0
0.85,both,intervention,30,0,18,0
0.85,both,intervention,24,0,7,0
0.85,both,intervention,39,0,1,0
0.85,both,all_concepts,18,0,167,0
0.85,both,all_concepts,26,0,385,0
0.85,both,all_concepts,10,0,278,0
0.85,both,all_concepts,33,0,522,0
0.85,both,all_concepts,11,0,465,0
0.85,both,all_concepts,15,0,622,0
0.85,both,all_concepts,20,0,520,0
0.85,both,all_concepts,3,0,735,0
0.85,both,all_concepts,12,0,557,0
0.85,both,all_concepts,6,0,1739,0
0.85,both,all_concepts,5,0,974,0
0.85,both,all_concepts,36,0,168,0
0.85,both,all_concepts,23,0,849,0
0.85,both,all_concepts,4,0,1062,0
0.85,both,all_concepts,24,0,768,0
0.85,both,all_concepts,2,0,1156,0
0.85,both,all_concepts,8,0,717,0
0.85,both,all_concepts,39,0,411,0
0.85,both,all_concepts,16,0,646,0
0.85,both,all_concepts,21,0,46,0
0.85,both,all_concepts,28,0,199,0
0.85,both,all_concepts,13,0,426,0
0.85,both,all_concepts,27,0,73,0
0.85,both,all_concepts,9,0,84,0
0.85,both,all_concepts,31,0,158,0
0.85,both,all_concepts,0,0,479,0
0.85,both,all_concepts,1,0,191,0
0.85,both,all_concepts,25,0,258,0
0.85,both,all_concepts,32,0,141,0
0.85,both,all_concepts,7,0,173,0
0.85,both,all_concepts,38,0,88,0
0.85,both,all_concepts,17,0,88,0
0.85,both,all_concepts,30,0,155,0
0.85,both,all_concepts,14,0,147,0
0.85,both,all_concepts,37,0,46,0
0.85,both,all_concepts,19,0,32,0
0.85,both,all_concepts,35,0,14,0
0.85,both,all_concepts,29,0,18,0
0.85,both,all_concepts,22,0,31,0
0.85,both,all_concepts,34,0,11,0
0.85,both,problem_analysis,18,0,99,0
0.85,both,problem_analysis,4,0,96,0
0.85,both,problem_analysis,37,0,51,0
0.85,both,problem_analysis,6,0,120,0
0.85,both,problem_analysis,30,0,28,0
0.85,both,problem_analysis,2,0,305,0
0.85,both,problem_analysis,5,0,110,0
0.85,both,problem_analysis,3,0,263,0
0.85,both,problem_analysis,1,0,245,0
0.85,both,problem_analysis,15,0,104,0
0.85,both,problem_analysis,21,0,125,0
0.85,both,problem_analysis,0,0,375,0
0.85,both,problem_analysis,11,0,23,0
0.85,both,problem_analysis,12,0,136,0
0.85,both,problem_analysis,28,0,205,0
0.85,both,problem_analysis,25,0,77,0
0.85,both,problem_analysis,13,0,106,0
0.85,both,problem_analysis,9,0,198,0
0.85,both,problem_analysis,8,0,179,0
0.85,both,problem_analysis,20,0,146,0
0.85,both,problem_analysis,16,0,47,0
0.85,both,problem_analysis,32,0,101,0
0.85,both,problem_analysis,36,0,25,0
0.85,both,problem_analysis,23,0,70,0
0.85,both,problem_analysis,34,0,29,0
0.85,both,problem_analysis,35,0,188,0
0.85,both,problem_analysis,10,0,82,0
0.85,both,problem_analysis,14,0,67,0
0.85,both,problem_analysis,27,0,16,0
0.85,both,problem_analysis,33,0,48,0
0.85,both,problem_analysis,29,0,46,0
0.85,both,problem_analysis,31,0,60,0
0.85,both,problem_analysis,22,0,22,0
0.85,both,problem_analysis,26,0,16,0
0.85,both,problem_analysis,24,0,46,0
0.85,both,problem_analysis,39,0,29,0
0.85,both,problem_analysis,38,0,8,0
0.85,both,problem_analysis,17,0,51,0
0.85,both,problem_analysis,7,0,103,0
0.85,both,problem_analysis,19,0,5,0
0.85,both,theoretical_insight,5,0,133,0
0.85,both,theoretical_insight,24,0,67,0
0.85,both,theoretical_insight,9,0,171,0
0.85,both,theoretical_insight,3,0,62,0
0.85,both,theoretical_insight,26,0,179,0
0.85,both,theoretical_insight,2,0,124,0
0.85,both,theoretical_insight,30,0,47,0
0.85,both,theoretical_insight,21,0,66,0
0.85,both,theoretical_insight,13,0,118,0
0.85,both,theoretical_insight,19,0,108,0
0.85,both,theoretical_insight,15,0,48,0
0.85,both,theoretical_insight,29,0,97,0
0.85,both,theoretical_insight,11,0,45,0
0.85,both,theoretical_insight,6,0,101,0
0.85,both,theoretical_insight,22,0,120,0
0.85,both,theoretical_insight,34,0,65,0
0.85,both,theoretical_insight,10,0,199,0
0.85,both,theoretical_insight,1,0,103,0
0.85,both,theoretical_insight,8,0,100,0
0.85,both,theoretical_insight,12,0,185,0
0.85,both,theoretical_insight,4,0,44,0
0.85,both,theoretical_insight,32,0,56,0
0.85,both,theoretical_insight,36,0,58,0
0.85,both,theoretical_insight,28,0,42,0
0.85,both,theoretical_insight,25,0,29,0
0.85,both,theoretical_insight,31,0,71,0
0.85,both,theoretical_insight,0,0,68,0
0.85,both,theoretical_insight,35,0,52,0
0.85,both,theoretical_insight,14,0,15,0
0.85,both,theoretical_insight,18,0,25,0
0.85,both,theoretical_insight,27,0,70,0
0.85,both,theoretical_insight,37,0,18,0
0.85,both,theoretical_insight,7,0,52,0
0.85,both,theoretical_insight,23,0,15,0
0.85,both,theoretical_insight,33,0,16,0
0.85,both,theoretical_insight,16,0,20,0
0.85,both,theoretical_insight,17,0,66,0
0.85,both,theoretical_insight,39,0,7,0
0.85,both,theoretical_insight,38,0,5,0
0.85,both,theoretical_insight,20,0,2,0
0.85,both,design_rationale,34,0,41,0
0.85,both,design_rationale,39,0,56,0
0.85,both,design_rationale,11,0,67,0
0.85,both,design_rationale,23,0,168,0
0.85,both,design_rationale,22,0,181,0
0.85,both,design_rationale,26,0,180,0
0.85,both,design_rationale,18,0,70,0
0.85,both,design_rationale,3,0,236,0
0.85,both,design_rationale,6,0,57,0
0.85,both,design_rationale,19,0,36,0
0.85,both,design_rationale,4,0,193,0
0.85,both,design_rationale,2,0,33,0
0.85,both,design_rationale,10,0,43,0
0.85,both,design_rationale,12,0,91,0
0.85,both,design_rationale,5,0,195,0
0.85,both,design_rationale,0,0,119,0
0.85,both,design_rationale,27,0,15,0
0.85,both,design_rationale,13,0,197,0
0.85,both,design_rationale,20,0,44,0
0.85,both,design_rationale,35,0,62,0
0.85,both,design_rationale,1,0,84,0
0.85,both,design_rationale,7,0,12,0
0.85,both,design_rationale,28,0,105,0
0.85,both,design_rationale,15,0,53,0
0.85,both,design_rationale,16,0,58,0
0.85,both,design_rationale,24,0,64,0
0.85,both,design_rationale,8,0,36,0
0.85,both,design_rationale,30,0,37,0
0.85,both,design_rationale,14,0,98,0
0.85,both,design_rationale,17,0,28,0
0.85,both,design_rationale,9,0,69,0
0.85,both,design_rationale,33,0,13,0
0.85,both,design_rationale,37,0,21,0
0.85,both,design_rationale,38,0,4,0
0.85,both,design_rationale,36,0,25,0
0.85,both,design_rationale,29,0,26,0
0.85,both,design_rationale,32,0,35,0
0.85,both,design_rationale,21,0,29,0
0.85,both,design_rationale,31,0,3,0
0.85,both,design_rationale,25,0,9,0
0.85,both,implementation_mechanism,2,0,61,0
0.85,both,implementation_mechanism,39,0,59,0
0.85,both,implementation_mechanism,24,0,77,0
0.85,both,implementation_mechanism,1,0,132,0
0.85,both,implementation_mechanism,19,0,207,0
0.85,both,implementation_mechanism,16,0,108,0
0.85,both,implementation_mechanism,4,0,142,0
0.85,both,implementation_mechanism,0,0,107,0
0.85,both,implementation_mechanism,20,0,70,0
0.85,both,implementation_mechanism,10,0,162,0
0.85,both,implementation_mechanism,5,0,54,0
0.85,both,implementation_mechanism,28,0,136,0
0.85,both,implementation_mechanism,35,0,8,0
0.85,both,implementation_mechanism,18,0,94,0
0.85,both,implementation_mechanism,36,0,123,0
0.85,both,implementation_mechanism,8,0,59,0
0.85,both,implementation_mechanism,17,0,129,0
0.85,both,implementation_mechanism,11,0,132,0
0.85,both,implementation_mechanism,33,0,35,0
0.85,both,implementation_mechanism,13,0,92,0
0.85,both,implementation_mechanism,9,0,80,0
0.85,both,implementation_mechanism,30,0,43,0
0.85,both,implementation_mechanism,15,0,53,0
0.85,both,implementation_mechanism,14,0,144,0
0.85,both,implementation_mechanism,29,0,29,0
0.85,both,implementation_mechanism,31,0,44,0
0.85,both,implementation_mechanism,3,0,54,0
0.85,both,implementation_mechanism,12,0,64,0
0.85,both,implementation_mechanism,21,0,76,0
0.85,both,implementation_mechanism,37,0,30,0
0.85,both,implementation_mechanism,23,0,98,0
0.85,both,implementation_mechanism,26,0,105,0
0.85,both,implementation_mechanism,27,0,60,0
0.85,both,implementation_mechanism,22,0,55,0
0.85,both,implementation_mechanism,25,0,26,0
0.85,both,implementation_mechanism,34,0,8,0
0.85,both,implementation_mechanism,32,0,25,0
0.85,both,implementation_mechanism,38,0,16,0
0.85,both,implementation_mechanism,6,0,20,0
0.85,both,implementation_mechanism,7,0,17,0
0.85,both,validation_evidence,11,0,131,0
0.85,both,validation_evidence,23,0,84,0
0.85,both,validation_evidence,25,0,57,0
0.85,both,validation_evidence,3,0,48,0
0.85,both,validation_evidence,14,0,51,0
0.85,both,validation_evidence,9,0,98,0
0.85,both,validation_evidence,13,0,60,0
0.85,both,validation_evidence,19,0,91,0
0.85,both,validation_evidence,16,0,102,0
0.85,both,validation_evidence,22,0,156,0
0.85,both,validation_evidence,7,0,221,0
0.85,both,validation_evidence,18,0,63,0
0.85,both,validation_evidence,1,0,103,0
0.85,both,validation_evidence,5,0,89,0
0.85,both,validation_evidence,27,0,30,0
0.85,both,validation_evidence,20,0,41,0
0.85,both,validation_evidence,17,0,41,0
0.85,both,validation_evidence,34,0,34,0
0.85,both,validation_evidence,12,0,282,0
0.85,both,validation_evidence,6,0,76,0
0.85,both,validation_evidence,10,0,98,0
0.85,both,validation_evidence,8,0,86,0
0.85,both,validation_evidence,21,0,84,0
0.85,both,validation_evidence,15,0,36,0
0.85,both,validation_evidence,33,0,47,0
0.85,both,validation_evidence,39,0,30,0
0.85,both,validation_evidence,4,0,53,0
0.85,both,validation_evidence,26,0,50,0
0.85,both,validation_evidence,38,0,46,0
0.85,both,validation_evidence,29,0,46,0
0.85,both,validation_evidence,2,0,94,0
0.85,both,validation_evidence,0,0,59,0
0.85,both,validation_evidence,28,0,8,0
0.85,both,validation_evidence,24,0,61,0
0.85,both,validation_evidence,37,0,23,0
0.85,both,validation_evidence,30,0,12,0
0.85,both,validation_evidence,32,0,15,0
0.85,both,validation_evidence,36,0,27,0
0.85,both,validation_evidence,31,0,9,0
0.85,both,validation_evidence,35,0,11,0
0.9,unconstrained,risk,14,0,158,0
0.9,unconstrained,risk,6,0,214,0
0.9,unconstrained,risk,19,0,136,0
0.9,unconstrained,risk,21,0,179,0
0.9,unconstrained,risk,35,0,168,0
0.9,unconstrained,risk,12,0,102,0
0.9,unconstrained,risk,15,0,121,0
0.9,unconstrained,risk,0,0,299,0
0.9,unconstrained,risk,17,0,116,0
0.9,unconstrained,risk,24,0,48,0
0.9,unconstrained,risk,10,0,367,0
0.9,unconstrained,risk,20,0,105,0
0.9,unconstrained,risk,5,0,155,0
0.9,unconstrained,risk,9,0,219,0
0.9,unconstrained,risk,16,0,269,0
0.9,unconstrained,risk,4,0,341,0
0.9,unconstrained,risk,1,0,114,0
0.9,unconstrained,risk,2,0,112,0
0.9,unconstrained,risk,8,0,126,0
0.9,unconstrained,risk,33,0,49,0
0.9,unconstrained,risk,25,0,223,0
0.9,unconstrained,risk,7,0,142,0
0.9,unconstrained,risk,38,0,102,0
0.9,unconstrained,risk,26,0,235,0
0.9,unconstrained,risk,11,0,126,0
0.9,unconstrained,risk,34,0,37,0
0.9,unconstrained,risk,22,0,221,0
0.9,unconstrained,risk,31,0,59,0
0.9,unconstrained,risk,37,0,33,0
0.9,unconstrained,risk,27,0,44,0
0.9,unconstrained,risk,3,0,50,0
0.9,unconstrained,risk,18,0,60,0
0.9,unconstrained,risk,28,0,45,0
0.9,unconstrained,risk,32,0,23,0
0.9,unconstrained,risk,39,0,10,0
0.9,unconstrained,risk,29,0,15,0
0.9,unconstrained,risk,30,0,39,0
0.9,unconstrained,risk,23,0,20,0
0.9,unconstrained,risk,36,0,3,0
0.9,unconstrained,risk,13,0,4,0
0.9,unconstrained,intervention,32,0,53,0
0.9,unconstrained,intervention,25,0,105,0
0.9,unconstrained,intervention,24,0,78,0
0.9,unconstrained,intervention,6,0,111,0
0.9,unconstrained,intervention,35,0,185,0
0.9,unconstrained,intervention,15,0,87,0
0.9,unconstrained,intervention,0,0,126,0
0.9,unconstrained,intervention,8,0,259,0
0.9,unconstrained,intervention,9,0,122,0
0.9,unconstrained,intervention,34,0,71,0
0.9,unconstrained,intervention,22,0,69,0
0.9,unconstrained,intervention,14,0,15,0
0.9,unconstrained,intervention,16,0,25,0
0.9,unconstrained,intervention,23,0,101,0
0.9,unconstrained,intervention,4,0,203,0
0.9,unconstrained,intervention,1,0,106,0
0.9,unconstrained,intervention,2,0,76,0
0.9,unconstrained,intervention,19,0,80,0
0.9,unconstrained,intervention,28,0,19,0
0.9,unconstrained,intervention,26,0,174,0
0.9,unconstrained,intervention,17,0,42,0
0.9,unconstrained,intervention,5,0,190,0
0.9,unconstrained,intervention,18,0,53,0
0.9,unconstrained,intervention,36,0,38,0
0.9,unconstrained,intervention,21,0,48,0
0.9,unconstrained,intervention,10,0,95,0
0.9,unconstrained,intervention,39,0,42,0
0.9,unconstrained,intervention,38,0,68,0
0.9,unconstrained,intervention,11,0,117,0
0.9,unconstrained,intervention,13,0,26,0
0.9,unconstrained,intervention,3,0,22,0
0.9,unconstrained,intervention,31,0,28,0
0.9,unconstrained,intervention,33,0,34,0
0.9,unconstrained,intervention,27,0,23,0
0.9,unconstrained,intervention,20,0,25,0
0.9,unconstrained,intervention,30,0,17,0
0.9,unconstrained,intervention,7,0,12,0
0.9,unconstrained,intervention,12,0,14,0
0.9,unconstrained,intervention,37,0,6,0
0.9,unconstrained,intervention,29,0,5,0
0.9,unconstrained,all_concepts,29,0,281,0
0.9,unconstrained,all_concepts,24,0,285,0
0.9,unconstrained,all_concepts,13,0,514,0
0.9,unconstrained,all_concepts,18,0,391,0
0.9,unconstrained,all_concepts,8,0,350,0
0.9,unconstrained,all_concepts,10,0,384,0
0.9,unconstrained,all_concepts,2,0,527,0
0.9,unconstrained,all_concepts,16,0,449,0
0.9,unconstrained,all_concepts,9,0,792,0
0.9,unconstrained,all_concepts,3,0,102,0
0.9,unconstrained,all_concepts,36,0,703,0
0.9,unconstrained,all_concepts,5,0,222,0
0.9,unconstrained,all_concepts,26,0,646,0
0.9,unconstrained,all_concepts,11,0,1224,0
0.9,unconstrained,all_concepts,14,0,605,0
0.9,unconstrained,all_concepts,4,0,270,0
0.9,unconstrained,all_concepts,7,0,714,0
0.9,unconstrained,all_concepts,0,0,871,0
0.9,unconstrained,all_concepts,22,0,475,0
0.9,unconstrained,all_concepts,15,0,170,0
0.9,unconstrained,all_concepts,34,0,720,0
0.9,unconstrained,all_concepts,21,0,78,0
0.9,unconstrained,all_concepts,25,0,193,0
0.9,unconstrained,all_concepts,17,0,252,0
0.9,unconstrained,all_concepts,38,0,85,0
0.9,unconstrained,all_concepts,12,0,810,0
0.9,unconstrained,all_concepts,1,0,321,0
0.9,unconstrained,all_concepts,35,0,290,0
0.9,unconstrained,all_concepts,27,0,121,0
0.9,unconstrained,all_concepts,23,0,56,0
0.9,unconstrained,all_concepts,6,0,270,0
0.9,unconstrained,all_concepts,20,0,41,0
0.9,unconstrained,all_concepts,19,0,276,0
0.9,unconstrained,all_concepts,30,0,50,0
0.9,unconstrained,all_concepts,39,0,16,0
0.9,unconstrained,all_concepts,32,0,23,0
0.9,unconstrained,all_concepts,33,0,39,0
0.9,unconstrained,all_concepts,31,0,16,0
0.9,unconstrained,all_concepts,28,0,41,0
0.9,unconstrained,all_concepts,37,0,14,0
0.9,unconstrained,problem_analysis,16,0,109,0
0.9,unconstrained,problem_analysis,18,0,87,0
0.9,unconstrained,problem_analysis,5,0,112,0
0.9,unconstrained,problem_analysis,9,0,142,0
0.9,unconstrained,problem_analysis,3,0,99,0
0.9,unconstrained,problem_analysis,7,0,140,0
0.9,unconstrained,problem_analysis,23,0,52,0
0.9,unconstrained,problem_analysis,1,0,124,0
0.9,unconstrained,problem_analysis,6,0,295,0
0.9,unconstrained,problem_analysis,19,0,186,0
0.9,unconstrained,problem_analysis,2,0,188,0
0.9,unconstrained,problem_analysis,0,0,108,0
0.9,unconstrained,problem_analysis,39,0,109,0
0.9,unconstrained,problem_analysis,11,0,133,0
0.9,unconstrained,problem_analysis,8,0,69,0
0.9,unconstrained,problem_analysis,20,0,127,0
0.9,unconstrained,problem_analysis,34,0,46,0
0.9,unconstrained,problem_analysis,24,0,29,0
0.9,unconstrained,problem_analysis,10,0,164,0
0.9,unconstrained,problem_analysis,13,0,171,0
0.9,unconstrained,problem_analysis,30,0,32,0
0.9,unconstrained,problem_analysis,4,0,129,0
0.9,unconstrained,problem_analysis,12,0,115,0
0.9,unconstrained,problem_analysis,28,0,70,0
0.9,unconstrained,problem_analysis,27,0,108,0
0.9,unconstrained,problem_analysis,37,0,40,0
0.9,unconstrained,problem_analysis,22,0,78,0
0.9,unconstrained,problem_analysis,31,0,57,0
0.9,unconstrained,problem_analysis,32,0,49,0
0.9,unconstrained,problem_analysis,35,0,17,0
0.9,unconstrained,problem_analysis,26,0,38,0
0.9,unconstrained,problem_analysis,29,0,29,0
0.9,unconstrained,problem_analysis,15,0,32,0
0.9,unconstrained,problem_analysis,17,0,32,0
0.9,unconstrained,problem_analysis,33,0,30,0
0.9,unconstrained,problem_analysis,25,0,57,0
0.9,unconstrained,problem_analysis,14,0,41,0
0.9,unconstrained,problem_analysis,21,0,16,0
0.9,unconstrained,problem_analysis,38,0,16,0
0.9,unconstrained,problem_analysis,36,0,7,0
0.9,unconstrained,theoretical_insight,9,0,76,0
0.9,unconstrained,theoretical_insight,2,0,138,0
0.9,unconstrained,theoretical_insight,25,0,19,0
0.9,unconstrained,theoretical_insight,6,0,129,0
0.9,unconstrained,theoretical_insight,3,0,70,0
0.9,unconstrained,theoretical_insight,11,0,108,0
0.9,unconstrained,theoretical_insight,33,0,88,0
0.9,unconstrained,theoretical_insight,14,0,30,0
0.9,unconstrained,theoretical_insight,29,0,83,0
0.9,unconstrained,theoretical_insight,39,0,42,0
0.9,unconstrained,theoretical_insight,10,0,155,0
0.9,unconstrained,theoretical_insight,13,0,101,0
0.9,unconstrained,theoretical_insight,34,0,61,0
0.9,unconstrained,theoretical_insight,23,0,21,0
0.9,unconstrained,theoretical_insight,18,0,46,0
0.9,unconstrained,theoretical_insight,36,0,107,0
0.9,unconstrained,theoretical_insight,4,0,114,0
0.9,unconstrained,theoretical_insight,12,0,239,0
0.9,unconstrained,theoretical_insight,28,0,63,0
0.9,unconstrained,theoretical_insight,30,0,70,0
0.9,unconstrained,theoretical_insight,7,0,143,0
0.9,unconstrained,theoretical_insight,1,0,125,0
0.9,unconstrained,theoretical_insight,8,0,65,0
0.9,unconstrained,theoretical_insight,21,0,24,0
0.9,unconstrained,theoretical_insight,0,0,35,0
0.9,unconstrained,theoretical_insight,37,0,32,0
0.9,unconstrained,theoretical_insight,19,0,46,0
0.9,unconstrained,theoretical_insight,5,0,73,0
0.9,unconstrained,theoretical_insight,31,0,26,0
0.9,unconstrained,theoretical_insight,27,0,26,0
0.9,unconstrained,theoretical_insight,15,0,18,0
0.9,unconstrained,theoretical_insight,38,0,30,0
0.9,unconstrained,theoretical_insight,35,0,43,0
0.9,unconstrained,theoretical_insight,26,0,42,0
0.9,unconstrained,theoretical_insight,24,0,21,0
0.9,unconstrained,theoretical_insight,32,0,25,0
0.9,unconstrained,theoretical_insight,16,0,9,0
0.9,unconstrained,theoretical_insight,22,0,13,0
0.9,unconstrained,theoretical_insight,17,0,5,0
0.9,unconstrained,theoretical_insight,20,0,1,0
0.9,unconstrained,design_rationale,14,0,58,0
0.9,unconstrained,design_rationale,27,0,61,0
0.9,unconstrained,design_rationale,21,0,40,0
0.9,unconstrained,design_rationale,37,0,148,0
0.9,unconstrained,design_rationale,3,0,197,0
0.9,unconstrained,design_rationale,32,0,49,0
0.9,unconstrained,design_rationale,15,0,167,0
0.9,unconstrained,design_rationale,10,0,96,0
0.9,unconstrained,design_rationale,5,0,47,0
0.9,unconstrained,design_rationale,22,0,121,0
0.9,unconstrained,design_rationale,31,0,87,0
0.9,unconstrained,design_rationale,2,0,52,0
0.9,unconstrained,design_rationale,19,0,71,0
0.9,unconstrained,design_rationale,33,0,15,0
0.9,unconstrained,design_rationale,20,0,123,0
0.9,unconstrained,design_rationale,28,0,43,0
0.9,unconstrained,design_rationale,8,0,182,0
0.9,unconstrained,design_rationale,17,0,73,0
0.9,unconstrained,design_rationale,0,0,55,0
0.9,unconstrained,design_rationale,18,0,47,0
0.9,unconstrained,design_rationale,16,0,90,0
0.9,unconstrained,design_rationale,13,0,31,0
0.9,unconstrained,design_rationale,25,0,34,0
0.9,unconstrained,design_rationale,7,0,56,0
0.9,unconstrained,design_rationale,9,0,46,0
0.9,unconstrained,design_rationale,23,0,57,0
0.9,unconstrained,design_rationale,11,0,44,0
0.9,unconstrained,design_rationale,6,0,51,0
0.9,unconstrained,design_rationale,29,0,82,0
0.9,unconstrained,design_rationale,36,0,17,0
0.9,unconstrained,design_rationale,30,0,68,0
0.9,unconstrained,design_rationale,1,0,63,0
0.9,unconstrained,design_rationale,35,0,12,0
0.9,unconstrained,design_rationale,38,0,19,0
0.9,unconstrained,design_rationale,4,0,37,0
0.9,unconstrained,design_rationale,12,0,21,0
0.9,unconstrained,design_rationale,26,0,1,0
0.9,unconstrained,design_rationale,34,0,8,0
0.9,unconstrained,design_rationale,24,0,14,0
0.9,unconstrained,design_rationale,39,0,14,0
0.9,unconstrained,implementation_mechanism,25,0,42,0
0.9,unconstrained,implementation_mechanism,36,0,58,0
0.9,unconstrained,implementation_mechanism,5,0,66,0
0.9,unconstrained,implementation_mechanism,1,0,197,0
0.9,unconstrained,implementation_mechanism,16,0,116,0
0.9,unconstrained,implementation_mechanism,24,0,71,0
0.9,unconstrained,implementation_mechanism,4,0,209,0
0.9,unconstrained,implementation_mechanism,26,0,53,0
0.9,unconstrained,implementation_mechanism,3,0,100,0
0.9,unconstrained,implementation_mechanism,28,0,31,0
0.9,unconstrained,implementation_mechanism,31,0,105,0
0.9,unconstrained,implementation_mechanism,2,0,127,0
0.9,unconstrained,implementation_mechanism,21,0,30,0
0.9,unconstrained,implementation_mechanism,30,0,7,0
0.9,unconstrained,implementation_mechanism,0,0,160,0
0.9,unconstrained,implementation_mechanism,23,0,8,0
0.9,unconstrained,implementation_mechanism,19,0,149,0
0.9,unconstrained,implementation_mechanism,37,0,25,0
0.9,unconstrained,implementation_mechanism,7,0,130,0
0.9,unconstrained,implementation_mechanism,13,0,73,0
0.9,unconstrained,implementation_mechanism,20,0,62,0
0.9,unconstrained,implementation_mechanism,8,0,131,0
0.9,unconstrained,implementation_mechanism,39,0,20,0
0.9,unconstrained,implementation_mechanism,9,0,110,0
0.9,unconstrained,implementation_mechanism,11,0,68,0
0.9,unconstrained,implementation_mechanism,6,0,46,0
0.9,unconstrained,implementation_mechanism,33,0,37,0
0.9,unconstrained,implementation_mechanism,18,0,27,0
0.9,unconstrained,implementation_mechanism,34,0,49,0
0.9,unconstrained,implementation_mechanism,35,0,15,0
0.9,unconstrained,implementation_mechanism,27,0,51,0
0.9,unconstrained,implementation_mechanism,10,0,93,0
0.9,unconstrained,implementation_mechanism,22,0,20,0
0.9,unconstrained,implementation_mechanism,14,0,18,0
0.9,unconstrained,implementation_mechanism,17,0,33,0
0.9,unconstrained,implementation_mechanism,29,0,24,0
0.9,unconstrained,implementation_mechanism,12,0,26,0
0.9,unconstrained,implementation_mechanism,15,0,12,0
0.9,unconstrained,implementation_mechanism,38,0,5,0
0.9,unconstrained,implementation_mechanism,32,0,30,0
0.9,unconstrained,validation_evidence,20,0,85,0
0.9,unconstrained,validation_evidence,5,0,23,0
0.9,unconstrained,validation_evidence,37,0,19,0
0.9,unconstrained,validation_evidence,39,0,60,0
0.9,unconstrained,validation_evidence,0,0,95,0
0.9,unconstrained,validation_evidence,12,0,58,0
0.9,unconstrained,validation_evidence,34,0,49,0
0.9,unconstrained,validation_evidence,10,0,116,0
0.9,unconstrained,validation_evidence,21,0,10,0
0.9,unconstrained,validation_evidence,19,0,71,0
0.9,unconstrained,validation_evidence,36,0,93,0
0.9,unconstrained,validation_evidence,14,0,72,0
0.9,unconstrained,validation_evidence,8,0,80,0
0.9,unconstrained,validation_evidence,26,0,160,0
0.9,unconstrained,validation_evidence,24,0,31,0
0.9,unconstrained,validation_evidence,7,0,45,0
0.9,unconstrained,validation_evidence,9,0,129,0
0.9,unconstrained,validation_evidence,25,0,27,0
0.9,unconstrained,validation_evidence,11,0,81,0
0.9,unconstrained,validation_evidence,1,0,266,0
0.9,unconstrained,validation_evidence,4,0,98,0
0.9,unconstrained,validation_evidence,15,0,88,0
0.9,unconstrained,validation_evidence,30,0,62,0
0.9,unconstrained,validation_evidence,38,0,46,0
0.9,unconstrained,validation_evidence,35,0,70,0
0.9,unconstrained,validation_evidence,28,0,63,0
0.9,unconstrained,validation_evidence,31,0,37,0
0.9,unconstrained,validation_evidence,32,0,31,0
0.9,unconstrained,validation_evidence,33,0,75,0
0.9,unconstrained,validation_evidence,27,0,26,0
0.9,unconstrained,validation_evidence,2,0,62,0
0.9,unconstrained,validation_evidence,22,0,41,0
0.9,unconstrained,validation_evidence,6,0,27,0
0.9,unconstrained,validation_evidence,23,0,29,0
0.9,unconstrained,validation_evidence,17,0,76,0
0.9,unconstrained,validation_evidence,3,0,27,0
0.9,unconstrained,validation_evidence,18,0,40,0
0.9,unconstrained,validation_evidence,16,0,17,0
0.9,unconstrained,validation_evidence,13,0,23,0
0.9,unconstrained,validation_evidence,29,0,3,0
0.9,single_risk,risk,24,0,81,0
0.9,single_risk,risk,6,0,88,0
0.9,single_risk,risk,7,0,72,0
0.9,single_risk,risk,35,0,93,0
0.9,single_risk,risk,15,0,84,0
0.9,single_risk,risk,22,0,148,0
0.9,single_risk,risk,8,0,178,0
0.9,single_risk,risk,19,0,93,0
0.9,single_risk,risk,23,0,35,0
0.9,single_risk,risk,38,0,63,0
0.9,single_risk,risk,27,0,62,0
0.9,single_risk,risk,16,0,63,0
0.9,single_risk,risk,2,0,196,0
0.9,single_risk,risk,0,0,109,0
0.9,single_risk,risk,11,0,106,0
0.9,single_risk,risk,29,0,87,0
0.9,single_risk,risk,30,0,29,0
0.9,single_risk,risk,3,0,167,0
0.9,single_risk,risk,25,0,30,0
0.9,single_risk,risk,33,0,20,0
0.9,single_risk,risk,1,0,132,0
0.9,single_risk,risk,28,0,83,0
0.9,single_risk,risk,14,0,33,0
0.9,single_risk,risk,26,0,89,0
0.9,single_risk,risk,18,0,41,0
0.9,single_risk,risk,9,0,56,0
0.9,single_risk,risk,10,0,9,0
0.9,single_risk,risk,37,0,81,0
0.9,single_risk,risk,20,0,48,0
0.9,single_risk,risk,4,0,81,0
0.9,single_risk,risk,12,0,178,0
0.9,single_risk,risk,5,0,69,0
0.9,single_risk,risk,21,0,27,0
0.9,single_risk,risk,31,0,27,0
0.9,single_risk,risk,34,0,12,0
0.9,single_risk,risk,32,0,2,0
0.9,single_risk,risk,13,0,18,0
0.9,single_risk,risk,17,0,19,0
0.9,single_risk,risk,36,0,4,0
0.9,single_risk,risk,39,0,1,0
0.9,single_risk,intervention,29,0,53,0
0.9,single_risk,intervention,9,0,111,0
0.9,single_risk,intervention,17,0,122,0
0.9,single_risk,intervention,20,0,104,0
0.9,single_risk,intervention,34,0,177,0
0.9,single_risk,intervention,26,0,97,0
0.9,single_risk,intervention,8,0,255,0
0.9,single_risk,intervention,4,0,51,0
0.9,single_risk,intervention,24,0,85,0
0.9,single_risk,intervention,21,0,90,0
0.9,single_risk,intervention,25,0,66,0
0.9,single_risk,intervention,6,0,53,0
0.9,single_risk,intervention,36,0,24,0
0.9,single_risk,intervention,22,0,94,0
0.9,single_risk,intervention,5,0,202,0
0.9,single_risk,intervention,19,0,80,0
0.9,single_risk,intervention,0,0,122,0
0.9,single_risk,intervention,11,0,57,0
0.9,single_risk,intervention,13,0,178,0
0.9,single_risk,intervention,3,0,47,0
0.9,single_risk,intervention,10,0,199,0
0.9,single_risk,intervention,14,0,21,0
0.9,single_risk,intervention,1,0,62,0
0.9,single_risk,intervention,35,0,27,0
0.9,single_risk,intervention,28,0,46,0
0.9,single_risk,intervention,18,0,53,0
0.9,single_risk,intervention,33,0,39,0
0.9,single_risk,intervention,7,0,142,0
0.9,single_risk,intervention,12,0,29,0
0.9,single_risk,intervention,38,0,72,0
0.9,single_risk,intervention,16,0,35,0
0.9,single_risk,intervention,39,0,15,0
0.9,single_risk,intervention,15,0,6,0
0.9,single_risk,intervention,30,0,25,0
0.9,single_risk,intervention,27,0,26,0
0.9,single_risk,intervention,2,0,35,0
0.9,single_risk,intervention,32,0,18,0
0.9,single_risk,intervention,23,0,9,0
0.9,single_risk,intervention,31,0,6,0
0.9,single_risk,intervention,37,0,5,0
0.9,single_risk,all_concepts,1,0,383,0
0.9,single_risk,all_concepts,10,0,421,0
0.9,single_risk,all_concepts,15,0,250,0
0.9,single_risk,all_concepts,13,0,378,0
0.9,single_risk,all_concepts,27,0,128,0
0.9,single_risk,all_concepts,9,0,498,0
0.9,single_risk,all_concepts,19,0,268,0
0.9,single_risk,all_concepts,18,0,975,0
0.9,single_risk,all_concepts,14,0,457,0
0.9,single_risk,all_concepts,38,0,758,0
0.9,single_risk,all_concepts,7,0,231,0
0.9,single_risk,all_concepts,0,0,855,0
0.9,single_risk,all_concepts,22,0,1122,0
0.9,single_risk,all_concepts,28,0,422,0
0.9,single_risk,all_concepts,29,0,488,0
0.9,single_risk,all_concepts,25,0,514,0
0.9,single_risk,all_concepts,6,0,513,0
0.9,single_risk,all_concepts,32,0,167,0
0.9,single_risk,all_concepts,26,0,487,0
0.9,single_risk,all_concepts,8,0,54,0
0.9,single_risk,all_concepts,11,0,182,0
0.9,single_risk,all_concepts,24,0,115,0
0.9,single_risk,all_concepts,16,0,284,0
0.9,single_risk,all_concepts,17,0,435,0
0.9,single_risk,all_concepts,3,0,306,0
0.9,single_risk,all_concepts,37,0,501,0
0.9,single_risk,all_concepts,5,0,252,0
0.9,single_risk,all_concepts,36,0,244,0
0.9,single_risk,all_concepts,30,0,132,0
0.9,single_risk,all_concepts,2,0,106,0
0.9,single_risk,all_concepts,4,0,312,0
0.9,single_risk,all_concepts,20,0,36,0
0.9,single_risk,all_concepts,12,0,288,0
0.9,single_risk,all_concepts,23,0,36,0
0.9,single_risk,all_concepts,39,0,16,0
0.9,single_risk,all_concepts,21,0,137,0
0.9,single_risk,all_concepts,34,0,32,0
0.9,single_risk,all_concepts,35,0,13,0
0.9,single_risk,all_concepts,33,0,24,0
0.9,single_risk,all_concepts,31,0,16,0
0.9,single_risk,problem_analysis,15,0,111,0
0.9,single_risk,problem_analysis,13,0,73,0
0.9,single_risk,problem_analysis,2,0,77,0
0.9,single_risk,problem_analysis,30,0,45,0
0.9,single_risk,problem_analysis,3,0,137,0
0.9,single_risk,problem_analysis,9,0,36,0
0.9,single_risk,problem_analysis,36,0,74,0
0.9,single_risk,problem_analysis,24,0,177,0
0.9,single_risk,problem_analysis,6,0,122,0
0.9,single_risk,problem_analysis,34,0,194,0
0.9,single_risk,problem_analysis,35,0,51,0
0.9,single_risk,problem_analysis,1,0,76,0
0.9,single_risk,problem_analysis,10,0,110,0
0.9,single_risk,problem_analysis,12,0,20,0
0.9,single_risk,problem_analysis,11,0,191,0
0.9,single_risk,problem_analysis,5,0,162,0
0.9,single_risk,problem_analysis,18,0,61,0
0.9,single_risk,problem_analysis,14,0,104,0
0.9,single_risk,problem_analysis,16,0,124,0
0.9,single_risk,problem_analysis,39,0,22,0
0.9,single_risk,problem_analysis,31,0,82,0
0.9,single_risk,problem_analysis,38,0,54,0
0.9,single_risk,problem_analysis,26,0,55,0
0.9,single_risk,problem_analysis,19,0,21,0
0.9,single_risk,problem_analysis,37,0,76,0
0.9,single_risk,problem_analysis,4,0,85,0
0.9,single_risk,problem_analysis,8,0,38,0
0.9,single_risk,problem_analysis,17,0,96,0
0.9,single_risk,problem_analysis,27,0,61,0
0.9,single_risk,problem_analysis,23,0,38,0
0.9,single_risk,problem_analysis,32,0,28,0
0.9,single_risk,problem_analysis,21,0,83,0
0.9,single_risk,problem_analysis,28,0,18,0
0.9,single_risk,problem_analysis,22,0,30,0
0.9,single_risk,problem_analysis,25,0,15,0
0.9,single_risk,problem_analysis,0,0,76,0
0.9,single_risk,problem_analysis,7,0,32,0
0.9,single_risk,problem_analysis,33,0,5,0
0.9,single_risk,problem_analysis,20,0,42,0
0.9,single_risk,problem_analysis,29,0,21,0
0.9,single_risk,theoretical_insight,37,0,35,0
0.9,single_risk,theoretical_insight,29,0,18,0
0.9,single_risk,theoretical_insight,26,0,87,0
0.9,single_risk,theoretical_insight,15,0,155,0
0.9,single_risk,theoretical_insight,39,0,16,0
0.9,single_risk,theoretical_insight,35,0,137,0
0.9,single_risk,theoretical_insight,2,0,60,0
0.9,single_risk,theoretical_insight,19,0,29,0
0.9,single_risk,theoretical_insight,3,0,149,0
0.9,single_risk,theoretical_insight,20,0,67,0
0.9,single_risk,theoretical_insight,11,0,70,0
0.9,single_risk,theoretical_insight,33,0,19,0
0.9,single_risk,theoretical_insight,7,0,73,0
0.9,single_risk,theoretical_insight,30,0,107,0
0.9,single_risk,theoretical_insight,28,0,33,0
0.9,single_risk,theoretical_insight,21,0,47,0
0.9,single_risk,theoretical_insight,1,0,56,0
0.9,single_risk,theoretical_insight,5,0,205,0
0.9,single_risk,theoretical_insight,6,0,120,0
0.9,single_risk,theoretical_insight,25,0,56,0
0.9,single_risk,theoretical_insight,18,0,41,0
0.9,single_risk,theoretical_insight,0,0,144,0
0.9,single_risk,theoretical_insight,17,0,44,0
0.9,single_risk,theoretical_insight,16,0,79,0
0.9,single_risk,theoretical_insight,8,0,13,0
0.9,single_risk,theoretical_insight,38,0,23,0
0.9,single_risk,theoretical_insight,9,0,51,0
0.9,single_risk,theoretical_insight,14,0,58,0
0.9,single_risk,theoretical_insight,31,0,19,0
0.9,single_risk,theoretical_insight,32,0,59,0
0.9,single_risk,theoretical_insight,13,0,18,0
0.9,single_risk,theoretical_insight,12,0,70,0
0.9,single_risk,theoretical_insight,22,0,29,0
0.9,single_risk,theoretical_insight,36,0,56,0
0.9,single_risk,theoretical_insight,4,0,77,0
0.9,single_risk,theoretical_insight,23,0,49,0
0.9,single_risk,theoretical_insight,10,0,32,0
0.9,single_risk,theoretical_insight,24,0,6,0
0.9,single_risk,theoretical_insight,27,0,10,0
0.9,single_risk,theoretical_insight,34,0,13,0
0.9,single_risk,design_rationale,1,0,86,0
0.9,single_risk,design_rationale,8,0,55,0
0.9,single_risk,design_rationale,34,0,40,0
0.9,single_risk,design_rationale,12,0,134,0
0.9,single_risk,design_rationale,18,0,140,0
0.9,single_risk,design_rationale,16,0,39,0
0.9,single_risk,design_rationale,32,0,65,0
0.9,single_risk,design_rationale,21,0,145,0
0.9,single_risk,design_rationale,7,0,73,0
0.9,single_risk,design_rationale,38,0,60,0
0.9,single_risk,design_rationale,11,0,62,0
0.9,single_risk,design_rationale,37,0,50,0
0.9,single_risk,design_rationale,4,0,79,0
0.9,single_risk,design_rationale,10,0,124,0
0.9,single_risk,design_rationale,30,0,9,0
0.9,single_risk,design_rationale,20,0,118,0
0.9,single_risk,design_rationale,13,0,61,0
0.9,single_risk,design_rationale,3,0,168,0
0.9,single_risk,design_rationale,5,0,95,0
0.9,single_risk,design_rationale,2,0,90,0
0.9,single_risk,design_rationale,9,0,62,0
0.9,single_risk,design_rationale,0,0,65,0
0.9,single_risk,design_rationale,33,0,41,0
0.9,single_risk,design_rationale,23,0,35,0
0.9,single_risk,design_rationale,39,0,122,0
0.9,single_risk,design_rationale,24,0,17,0
0.9,single_risk,design_rationale,28,0,47,0
0.9,single_risk,design_rationale,22,0,25,0
0.9,single_risk,design_rationale,14,0,27,0
0.9,single_risk,design_rationale,17,0,48,0
0.9,single_risk,design_rationale,35,0,87,0
0.9,single_risk,design_rationale,29,0,18,0
0.9,single_risk,design_rationale,15,0,40,0
0.9,single_risk,design_rationale,36,0,10,0
0.9,single_risk,design_rationale,25,0,12,0
0.9,single_risk,design_rationale,19,0,29,0
0.9,single_risk,design_rationale,31,0,9,0
0.9,single_risk,design_rationale,26,0,25,0
0.9,single_risk,design_rationale,27,0,5,0
0.9,single_risk,design_rationale,6,0,12,0
0.9,single_risk,implementation_mechanism,15,0,39,0
0.9,single_risk,implementation_mechanism,12,0,54,0
0.9,single_risk,implementation_mechanism,24,0,71,0
0.9,single_risk,implementation_mechanism,38,0,147,0
0.9,single_risk,implementation_mechanism,16,0,140,0
0.9,single_risk,implementation_mechanism,9,0,88,0
0.9,single_risk,implementation_mechanism,17,0,157,0
0.9,single_risk,implementation_mechanism,21,0,43,0
0.9,single_risk,implementation_mechanism,30,0,35,0
0.9,single_risk,implementation_mechanism,14,0,128,0
0.9,single_risk,implementation_mechanism,7,0,48,0
0.9,single_risk,implementation_mechanism,1,0,36,0
0.9,single_risk,implementation_mechanism,4,0,141,0
0.9,single_risk,implementation_mechanism,23,0,10,0
0.9,single_risk,implementation_mechanism,31,0,92,0
0.9,single_risk,implementation_mechanism,19,0,213,0
0.9,single_risk,implementation_mechanism,13,0,92,0
0.9,single_risk,implementation_mechanism,20,0,40,0
0.9,single_risk,implementation_mechanism,29,0,70,0
0.9,single_risk,implementation_mechanism,3,0,117,0
0.9,single_risk,implementation_mechanism,27,0,101,0
0.9,single_risk,implementation_mechanism,6,0,121,0
0.9,single_risk,implementation_mechanism,22,0,81,0
0.9,single_risk,implementation_mechanism,8,0,62,0
0.9,single_risk,implementation_mechanism,36,0,28,0
0.9,single_risk,implementation_mechanism,26,0,37,0
0.9,single_risk,implementation_mechanism,11,0,22,0
0.9,single_risk,implementation_mechanism,2,0,64,0
0.9,single_risk,implementation_mechanism,34,0,50,0
0.9,single_risk,implementation_mechanism,28,0,34,0
0.9,single_risk,implementation_mechanism,10,0,52,0
0.9,single_risk,implementation_mechanism,0,0,25,0
0.9,single_risk,implementation_mechanism,32,0,31,0
0.9,single_risk,implementation_mechanism,25,0,23,0
0.9,single_risk,implementation_mechanism,5,0,18,0
0.9,single_risk,implementation_mechanism,18,0,12,0
0.9,single_risk,implementation_mechanism,37,0,18,0
0.9,single_risk,implementation_mechanism,35,0,28,0
0.9,single_risk,implementation_mechanism,33,0,16,0
0.9,single_risk,implementation_mechanism,39,0,1,0
0.9,single_risk,validation_evidence,30,0,87,0
0.9,single_risk,validation_evidence,11,0,20,0
0.9,single_risk,validation_evidence,1,0,34,0
0.9,single_risk,validation_evidence,23,0,26,0
0.9,single_risk,validation_evidence,6,0,137,0
0.9,single_risk,validation_evidence,4,0,85,0
0.9,single_risk,validation_evidence,12,0,50,0
0.9,single_risk,validation_evidence,14,0,68,0
0.9,single_risk,validation_evidence,5,0,136,0
0.9,single_risk,validation_evidence,28,0,12,0
0.9,single_risk,validation_evidence,21,0,122,0
0.9,single_risk,validation_evidence,33,0,72,0
0.9,single_risk,validation_evidence,36,0,33,0
0.9,single_risk,validation_evidence,13,0,42,0
0.9,single_risk,validation_evidence,16,0,116,0
0.9,single_risk,validation_evidence,20,0,35,0
0.9,single_risk,validation_evidence,8,0,40,0
0.9,single_risk,validation_evidence,37,0,99,0
0.9,single_risk,validation_evidence,38,0,46,0
0.9,single_risk,validation_evidence,3,0,78,0
0.9,single_risk,validation_evidence,7,0,83,0
0.9,single_risk,validation_evidence,9,0,232,0
0.9,single_risk,validation_evidence,0,0,113,0
0.9,single_risk,validation_evidence,2,0,110,0
0.9,single_risk,validation_evidence,29,0,58,0
0.9,single_risk,validation_evidence,17,0,80,0
0.9,single_risk,validation_evidence,22,0,64,0
0.9,single_risk,validation_evidence,39,0,16,0
0.9,single_risk,validation_evidence,35,0,43,0
0.9,single_risk,validation_evidence,24,0,74,0
0.9,single_risk,validation_evidence,19,0,49,0
0.9,single_risk,validation_evidence,10,0,44,0
0.9,single_risk,validation_evidence,27,0,25,0
0.9,single_risk,validation_evidence,25,0,70,0
0.9,single_risk,validation_evidence,15,0,28,0
0.9,single_risk,validation_evidence,34,0,22,0
0.9,single_risk,validation_evidence,18,0,9,0
0.9,single_risk,validation_evidence,32,0,6,0
0.9,single_risk,validation_evidence,31,0,3,0
0.9,single_risk,validation_evidence,26,0,2,0
0.9,monotonic,risk,11,0,142,0
0.9,monotonic,risk,18,0,98,0
0.9,monotonic,risk,4,0,120,0
0.9,monotonic,risk,12,0,119,0
0.9,monotonic,risk,2,0,196,0
0.9,monotonic,risk,16,0,182,0
0.9,monotonic,risk,20,0,100,0
0.9,monotonic,risk,15,0,115,0
0.9,monotonic,risk,9,0,255,0
0.9,monotonic,risk,27,0,104,0
0.9,monotonic,risk,23,0,175,0
0.9,monotonic,risk,8,0,345,0
0.9,monotonic,risk,19,0,87,0
0.9,monotonic,risk,1,0,118,0
0.9,monotonic,risk,29,0,49,0
0.9,monotonic,risk,5,0,195,0
0.9,monotonic,risk,6,0,268,0
0.9,monotonic,risk,14,0,199,0
0.9,monotonic,risk,10,0,29,0
0.9,monotonic,risk,30,0,74,0
0.9,monotonic,risk,36,0,62,0
0.9,monotonic,risk,0,0,62,0
0.9,monotonic,risk,21,0,206,0
0.9,monotonic,risk,25,0,84,0
0.9,monotonic,risk,17,0,99,0
0.9,monotonic,risk,38,0,101,0
0.9,monotonic,risk,3,0,225,0
0.9,monotonic,risk,26,0,111,0
0.9,monotonic,risk,34,0,192,0
0.9,monotonic,risk,22,0,51,0
0.9,monotonic,risk,31,0,30,0
0.9,monotonic,risk,32,0,47,0
0.9,monotonic,risk,24,0,41,0
0.9,monotonic,risk,33,0,49,0
0.9,monotonic,risk,35,0,41,0
0.9,monotonic,risk,28,0,39,0
0.9,monotonic,risk,37,0,31,0
0.9,monotonic,risk,13,0,16,0
0.9,monotonic,risk,39,0,24,0
0.9,monotonic,risk,7,0,9,0
0.9,monotonic,intervention,33,0,52,0
0.9,monotonic,intervention,0,0,111,0
0.9,monotonic,intervention,3,0,136,0
0.9,monotonic,intervention,27,0,98,0
0.9,monotonic,intervention,39,0,205,0
0.9,monotonic,intervention,28,0,105,0
0.9,monotonic,intervention,25,0,86,0
0.9,monotonic,intervention,26,0,212,0
0.9,monotonic,intervention,19,0,39,0
0.9,monotonic,intervention,35,0,81,0
0.9,monotonic,intervention,8,0,87,0
0.9,monotonic,intervention,9,0,76,0
0.9,monotonic,intervention,30,0,15,0
0.9,monotonic,intervention,21,0,31,0
0.9,monotonic,intervention,4,0,94,0
0.9,monotonic,intervention,22,0,183,0
0.9,monotonic,intervention,18,0,60,0
0.9,monotonic,intervention,6,0,220,0
0.9,monotonic,intervention,10,0,97,0
0.9,monotonic,intervention,23,0,48,0
0.9,monotonic,intervention,24,0,182,0
0.9,monotonic,intervention,5,0,36,0
0.9,monotonic,intervention,12,0,25,0
0.9,monotonic,intervention,17,0,44,0
0.9,monotonic,intervention,38,0,37,0
0.9,monotonic,intervention,1,0,65,0
0.9,monotonic,intervention,37,0,43,0
0.9,monotonic,intervention,13,0,175,0
0.9,monotonic,intervention,16,0,62,0
0.9,monotonic,intervention,14,0,16,0
0.9,monotonic,intervention,34,0,15,0
0.9,monotonic,intervention,36,0,27,0
0.9,monotonic,intervention,15,0,20,0
0.9,monotonic,intervention,11,0,10,0
0.9,monotonic,intervention,7,0,26,0
0.9,monotonic,intervention,32,0,15,0
0.9,monotonic,intervention,20,0,18,0
0.9,monotonic,intervention,2,0,17,0
0.9,monotonic,intervention,31,0,6,0
0.9,monotonic,intervention,29,0,5,0
0.9,monotonic,all_concepts,23,0,159,0
0.9,monotonic,all_concepts,10,0,414,0
0.9,monotonic,all_concepts,22,0,224,0
0.9,monotonic,all_concepts,2,0,414,0
0.9,monotonic,all_concepts,25,0,135,0
0.9,monotonic,all_concepts,20,0,341,0
0.9,monotonic,all_concepts,36,0,428,0
0.9,monotonic,all_concepts,16,0,487,0
0.9,monotonic,all_concepts,28,0,487,0
0.9,monotonic,all_concepts,5,0,1179,0
0.9,monotonic,all_concepts,0,0,68,0
0.9,monotonic,all_concepts,9,0,583,0
0.9,monotonic,all_concepts,34,0,134,0
0.9,monotonic,all_concepts,1,0,1192,0
0.9,monotonic,all_concepts,18,0,792,0
0.9,monotonic,all_concepts,27,0,536,0
0.9,monotonic,all_concepts,15,0,511,0
0.9,monotonic,all_concepts,4,0,764,0
0.9,monotonic,all_concepts,14,0,477,0
0.9,monotonic,all_concepts,33,0,161,0
0.9,monotonic,all_concepts,13,0,733,0
0.9,monotonic,all_concepts,26,0,62,0
0.9,monotonic,all_concepts,11,0,123,0
0.9,monotonic,all_concepts,17,0,298,0
0.9,monotonic,all_concepts,19,0,345,0
0.9,monotonic,all_concepts,6,0,277,0
0.9,monotonic,all_concepts,3,0,258,0
0.9,monotonic,all_concepts,30,0,243,0
0.9,monotonic,all_concepts,8,0,69,0
0.9,monotonic,all_concepts,37,0,22,0
0.9,monotonic,all_concepts,12,0,174,0
0.9,monotonic,all_concepts,24,0,90,0
0.9,monotonic,all_concepts,7,0,206,0
0.9,monotonic,all_concepts,21,0,45,0
0.9,monotonic,all_concepts,39,0,16,0
0.9,monotonic,all_concepts,29,0,36,0
0.9,monotonic,all_concepts,38,0,11,0
0.9,monotonic,all_concepts,35,0,58,0
0.9,monotonic,all_concepts,32,0,25,0
0.9,monotonic,all_concepts,31,0,29,0
0.9,monotonic,problem_analysis,16,0,90,0
0.9,monotonic,problem_analysis,18,0,40,0
0.9,monotonic,problem_analysis,37,0,47,0
0.9,monotonic,problem_analysis,33,0,96,0
0.9,monotonic,problem_analysis,26,0,60,0
0.9,monotonic,problem_analysis,9,0,87,0
0.9,monotonic,problem_analysis,12,0,233,0
0.9,monotonic,problem_analysis,30,0,37,0
0.9,monotonic,problem_analysis,19,0,52,0
0.9,monotonic,problem_analysis,3,0,218,0
0.9,monotonic,problem_analysis,38,0,65,0
0.9,monotonic,problem_analysis,8,0,92,0
0.9,monotonic,problem_analysis,4,0,84,0
0.9,monotonic,problem_analysis,23,0,102,0
0.9,monotonic,problem_analysis,10,0,181,0
0.9,monotonic,problem_analysis,11,0,116,0
0.9,monotonic,problem_analysis,2,0,64,0
0.9,monotonic,problem_analysis,0,0,126,0
0.9,monotonic,problem_analysis,5,0,160,0
0.9,monotonic,problem_analysis,17,0,120,0
0.9,monotonic,problem_analysis,32,0,21,0
0.9,monotonic,problem_analysis,34,0,57,0
0.9,monotonic,problem_analysis,35,0,62,0
0.9,monotonic,problem_analysis,1,0,43,0
0.9,monotonic,problem_analysis,25,0,48,0
0.9,monotonic,problem_analysis,27,0,19,0
0.9,monotonic,problem_analysis,6,0,43,0
0.9,monotonic,problem_analysis,24,0,67,0
0.9,monotonic,problem_analysis,31,0,22,0
0.9,monotonic,problem_analysis,36,0,90,0
0.9,monotonic,problem_analysis,15,0,75,0
0.9,monotonic,problem_analysis,29,0,21,0
0.9,monotonic,problem_analysis,21,0,26,0
0.9,monotonic,problem_analysis,7,0,55,0
0.9,monotonic,problem_analysis,20,0,18,0
0.9,monotonic,problem_analysis,28,0,63,0
0.9,monotonic,problem_analysis,14,0,25,0
0.9,monotonic,problem_analysis,13,0,73,0
0.9,monotonic,problem_analysis,39,0,8,0
0.9,monotonic,problem_analysis,22,0,42,0
0.9,monotonic,theoretical_insight,10,0,33,0
0.9,monotonic,theoretical_insight,35,0,23,0
0.9,monotonic,theoretical_insight,14,0,92,0
0.9,monotonic,theoretical_insight,26,0,24,0
0.9,monotonic,theoretical_insight,20,0,62,0
0.9,monotonic,theoretical_insight,0,0,44,0
0.9,monotonic,theoretical_insight,28,0,118,0
0.9,monotonic,theoretical_insight,15,0,64,0
0.9,monotonic,theoretical_insight,27,0,145,0
0.9,monotonic,theoretical_insight,33,0,16,0
0.9,monotonic,theoretical_insight,32,0,79,0
0.9,monotonic,theoretical_insight,12,0,122,0
0.9,monotonic,theoretical_insight,8,0,89,0
0.9,monotonic,theoretical_insight,19,0,65,0
0.9,monotonic,theoretical_insight,21,0,27,0
0.9,monotonic,theoretical_insight,22,0,46,0
0.9,monotonic,theoretical_insight,34,0,107,0
0.9,monotonic,theoretical_insight,39,0,38,0
0.9,monotonic,theoretical_insight,7,0,80,0
0.9,monotonic,theoretical_insight,1,0,206,0
0.9,monotonic,theoretical_insight,5,0,63,0
0.9,monotonic,theoretical_insight,4,0,83,0
0.9,monotonic,theoretical_insight,9,0,60,0
0.9,monotonic,theoretical_insight,16,0,43,0
0.9,monotonic,theoretical_insight,2,0,104,0
0.9,monotonic,theoretical_insight,11,0,56,0
0.9,monotonic,theoretical_insight,36,0,25,0
0.9,monotonic,theoretical_insight,13,0,67,0
0.9,monotonic,theoretical_insight,29,0,21,0
0.9,monotonic,theoretical_insight,18,0,54,0
0.9,monotonic,theoretical_insight,3,0,77,0
0.9,monotonic,theoretical_insight,6,0,65,0
0.9,monotonic,theoretical_insight,31,0,21,0
0.9,monotonic,theoretical_insight,17,0,39,0
0.9,monotonic,theoretical_insight,38,0,27,0
0.9,monotonic,theoretical_insight,37,0,43,0
0.9,monotonic,theoretical_insight,25,0,26,0
0.9,monotonic,theoretical_insight,24,0,12,0
0.9,monotonic,theoretical_insight,23,0,4,0
0.9,monotonic,theoretical_insight,30,0,7,0
0.9,monotonic,design_rationale,27,0,48,0
0.9,monotonic,design_rationale,20,0,54,0
0.9,monotonic,design_rationale,34,0,41,0
0.9,monotonic,design_rationale,7,0,173,0
0.9,monotonic,design_rationale,6,0,155,0
0.9,monotonic,design_rationale,21,0,38,0
0.9,monotonic,design_rationale,10,0,97,0
0.9,monotonic,design_rationale,39,0,150,0
0.9,monotonic,design_rationale,24,0,95,0
0.9,monotonic,design_rationale,28,0,23,0
0.9,monotonic,design_rationale,11,0,108,0
0.9,monotonic,design_rationale,13,0,25,0
0.9,monotonic,design_rationale,17,0,127,0
0.9,monotonic,design_rationale,1,0,104,0
0.9,monotonic,design_rationale,22,0,15,0
0.9,monotonic,design_rationale,19,0,106,0
0.9,monotonic,design_rationale,38,0,57,0
0.9,monotonic,design_rationale,3,0,44,0
0.9,monotonic,design_rationale,2,0,141,0
0.9,monotonic,design_rationale,18,0,29,0
0.9,monotonic,design_rationale,29,0,31,0
0.9,monotonic,design_rationale,36,0,49,0
0.9,monotonic,design_rationale,35,0,31,0
0.9,monotonic,design_rationale,14,0,106,0
0.9,monotonic,design_rationale,15,0,26,0
0.9,monotonic,design_rationale,31,0,32,0
0.9,monotonic,design_rationale,25,0,51,0
0.9,monotonic,design_rationale,4,0,46,0
0.9,monotonic,design_rationale,0,0,61,0
0.9,monotonic,design_rationale,9,0,81,0
0.9,monotonic,design_rationale,8,0,53,0
0.9,monotonic,design_rationale,16,0,20,0
0.9,monotonic,design_rationale,33,0,15,0
0.9,monotonic,design_rationale,37,0,15,0
0.9,monotonic,design_rationale,12,0,20,0
0.9,monotonic,design_rationale,32,0,8,0
0.9,monotonic,design_rationale,23,0,36,0
0.9,monotonic,design_rationale,26,0,20,0
0.9,monotonic,design_rationale,5,0,18,0
0.9,monotonic,design_rationale,30,0,19,0
0.9,monotonic,implementation_mechanism,33,0,41,0
0.9,monotonic,implementation_mechanism,13,0,66,0
0.9,monotonic,implementation_mechanism,9,0,80,0
0.9,monotonic,implementation_mechanism,7,0,179,0
0.9,monotonic,implementation_mechanism,31,0,120,0
0.9,monotonic,implementation_mechanism,16,0,71,0
0.9,monotonic,implementation_mechanism,3,0,194,0
0.9,monotonic,implementation_mechanism,36,0,46,0
0.9,monotonic,implementation_mechanism,5,0,73,0
0.9,monotonic,implementation_mechanism,34,0,24,0
0.9,monotonic,implementation_mechanism,18,0,119,0
0.9,monotonic,implementation_mechanism,1,0,73,0
0.9,monotonic,implementation_mechanism,38,0,27,0
0.9,monotonic,implementation_mechanism,19,0,88,0
0.9,monotonic,implementation_mechanism,35,0,10,0
0.9,monotonic,implementation_mechanism,24,0,92,0
0.9,monotonic,implementation_mechanism,22,0,136,0
0.9,monotonic,implementation_mechanism,15,0,89,0
0.9,monotonic,implementation_mechanism,12,0,79,0
0.9,monotonic,implementation_mechanism,0,0,116,0
0.9,monotonic,implementation_mechanism,8,0,56,0
0.9,monotonic,implementation_mechanism,39,0,88,0
0.9,monotonic,implementation_mechanism,6,0,69,0
0.9,monotonic,implementation_mechanism,2,0,94,0
0.9,monotonic,implementation_mechanism,11,0,23,0
0.9,monotonic,implementation_mechanism,10,0,11,0
0.9,monotonic,implementation_mechanism,23,0,39,0
0.9,monotonic,implementation_mechanism,32,0,34,0
0.9,monotonic,implementation_mechanism,20,0,49,0
0.9,monotonic,implementation_mechanism,21,0,43,0
0.9,monotonic,implementation_mechanism,4,0,100,0
0.9,monotonic,implementation_mechanism,27,0,21,0
0.9,monotonic,implementation_mechanism,14,0,25,0
0.9,monotonic,implementation_mechanism,25,0,11,0
0.9,monotonic,implementation_mechanism,30,0,11,0
0.9,monotonic,implementation_mechanism,17,0,29,0
0.9,monotonic,implementation_mechanism,29,0,18,0
0.9,monotonic,implementation_mechanism,37,0,16,0
0.9,monotonic,implementation_mechanism,26,0,31,0
0.9,monotonic,implementation_mechanism,28,0,15,0
0.9,monotonic,validation_evidence,33,0,80,0
0.9,monotonic,validation_evidence,7,0,18,0
0.9,monotonic,validation_evidence,35,0,19,0
0.9,monotonic,validation_evidence,31,0,24,0
0.9,monotonic,validation_evidence,14,0,210,0
0.9,monotonic,validation_evidence,18,0,63,0
0.9,monotonic,validation_evidence,15,0,81,0
0.9,monotonic,validation_evidence,11,0,67,0
0.9,monotonic,validation_evidence,0,0,57,0
0.9,monotonic,validation_evidence,5,0,126,0
0.9,monotonic,validation_evidence,22,0,12,0
0.9,monotonic,validation_evidence,27,0,67,0
0.9,monotonic,validation_evidence,13,0,102,0
0.9,monotonic,validation_evidence,38,0,43,0
0.9,monotonic,validation_evidence,24,0,115,0
0.9,monotonic,validation_evidence,6,0,124,0
0.9,monotonic,validation_evidence,9,0,137,0
0.9,monotonic,validation_evidence,21,0,25,0
0.9,monotonic,validation_evidence,25,0,27,0
0.9,monotonic,validation_evidence,30,0,20,0
0.9,monotonic,validation_evidence,20,0,74,0
0.9,monotonic,validation_evidence,1,0,93,0
0.9,monotonic,validation_evidence,19,0,65,0
0.9,monotonic,validation_evidence,12,0,97,0
0.9,monotonic,validation_evidence,23,0,24,0
0.9,monotonic,validation_evidence,4,0,88,0
0.9,monotonic,validation_evidence,28,0,61,0
0.9,monotonic,validation_evidence,16,0,42,0
0.9,monotonic,validation_evidence,10,0,81,0
0.9,monotonic,validation_evidence,34,0,46,0
0.9,monotonic,validation_evidence,3,0,82,0
0.9,monotonic,validation_evidence,36,0,25,0
0.9,monotonic,validation_evidence,17,0,38,0
0.9,monotonic,validation_evidence,39,0,8,0
0.9,monotonic,validation_evidence,29,0,37,0
0.9,monotonic,validation_evidence,26,0,46,0
0.9,monotonic,validation_evidence,37,0,36,0
0.9,monotonic,validation_evidence,2,0,31,0
0.9,monotonic,validation_evidence,8,0,12,0
0.9,monotonic,validation_evidence,32,0,4,0
0.9,both,risk,10,0,78,0
0.9,both,risk,22,0,71,0
0.9,both,risk,9,0,111,0
0.9,both,risk,20,0,85,0
0.9,both,risk,13,0,99,0
0.9,both,risk,29,0,150,0
0.9,both,risk,32,0,110,0
0.9,both,risk,18,0,93,0
0.9,both,risk,39,0,33,0
0.9,both,risk,6,0,124,0
0.9,both,risk,21,0,26,0
0.9,both,risk,17,0,59,0
0.9,both,risk,3,0,170,0
0.9,both,risk,12,0,98,0
0.9,both,risk,28,0,38,0
0.9,both,risk,35,0,106,0
0.9,both,risk,33,0,20,0
0.9,both,risk,11,0,100,0
0.9,both,risk,5,0,64,0
0.9,both,risk,4,0,92,0
0.9,both,risk,27,0,72,0
0.9,both,risk,1,0,55,0
0.9,both,risk,24,0,91,0
0.9,both,risk,30,0,28,0
0.9,both,risk,25,0,49,0
0.9,both,risk,0,0,46,0
0.9,both,risk,38,0,30,0
0.9,both,risk,23,0,88,0
0.9,both,risk,26,0,70,0
0.9,both,risk,8,0,60,0
0.9,both,risk,7,0,181,0
0.9,both,risk,14,0,88,0
0.9,both,risk,36,0,15,0
0.9,both,risk,19,0,57,0
0.9,both,risk,15,0,32,0
0.9,both,risk,16,0,11,0
0.9,both,risk,2,0,20,0
0.9,both,risk,31,0,7,0
0.9,both,risk,34,0,4,0
0.9,both,risk,37,0,1,0
0.9,both,intervention,32,0,51,0
0.9,both,intervention,0,0,109,0
0.9,both,intervention,8,0,151,0
0.9,both,intervention,9,0,105,0
0.9,both,intervention,27,0,226,0
0.9,both,intervention,12,0,104,0
0.9,both,intervention,17,0,90,0
0.9,both,intervention,21,0,38,0
0.9,both,intervention,34,0,81,0
0.9,both,intervention,30,0,81,0
0.9,both,intervention,29,0,64,0
0.9,both,intervention,26,0,23,0
0.9,both,intervention,16,0,99,0
0.9,both,intervention,4,0,104,0
0.9,both,intervention,1,0,184,0
0.9,both,intervention,20,0,77,0
0.9,both,intervention,6,0,73,0
0.9,both,intervention,18,0,61,0
0.9,both,intervention,3,0,105,0
0.9,both,intervention,10,0,41,0
0.9,both,intervention,11,0,168,0
0.9,both,intervention,7,0,47,0
0.9,both,intervention,5,0,186,0
0.9,both,intervention,14,0,71,0
0.9,both,intervention,39,0,44,0
0.9,both,intervention,2,0,159,0
0.9,both,intervention,38,0,16,0
0.9,both,intervention,15,0,100,0
0.9,both,intervention,36,0,17,0
0.9,both,intervention,28,0,27,0
0.9,both,intervention,13,0,25,0
0.9,both,intervention,23,0,33,0
0.9,both,intervention,25,0,18,0
0.9,both,intervention,19,0,5,0
0.9,both,intervention,33,0,26,0
0.9,both,intervention,31,0,18,0
0.9,both,intervention,24,0,13,0
0.9,both,intervention,22,0,7,0
0.9,both,intervention,37,0,5,0
0.9,both,intervention,35,0,4,0
0.9,both,all_concepts,33,0,145,0
0.9,both,all_concepts,4,0,430,0
0.9,both,all_concepts,15,0,553,0
0.9,both,all_concepts,10,0,369,0
0.9,both,all_concepts,22,0,151,0
0.9,both,all_concepts,20,0,314,0
0.9,both,all_concepts,16,0,436,0
0.9,both,all_concepts,2,0,555,0
0.9,both,all_concepts,19,0,668,0
0.9,both,all_concepts,12,0,433,0
0.9,both,all_concepts,32,0,552,0
0.9,both,all_concepts,1,0,349,0
0.9,both,all_concepts,14,0,614,0
0.9,both,all_concepts,7,0,1167,0
0.9,both,all_concepts,18,0,495,0
0.9,both,all_concepts,11,0,487,0
0.9,both,all_concepts,3,0,899,0
0.9,both,all_concepts,38,0,241,0
0.9,both,all_concepts,26,0,158,0
0.9,both,all_concepts,0,0,717,0
0.9,both,all_concepts,17,0,52,0
0.9,both,all_concepts,37,0,40,0
0.9,both,all_concepts,39,0,95,0
0.9,both,all_concepts,9,0,310,0
0.9,both,all_concepts,6,0,658,0
0.9,both,all_concepts,29,0,238,0
0.9,both,all_concepts,8,0,253,0
0.9,both,all_concepts,28,0,55,0
0.9,both,all_concepts,5,0,201,0
0.9,both,all_concepts,25,0,180,0
0.9,both,all_concepts,24,0,40,0
0.9,both,all_concepts,21,0,36,0
0.9,both,all_concepts,30,0,101,0
0.9,both,all_concepts,23,0,16,0
0.9,both,all_concepts,13,0,179,0
0.9,both,all_concepts,35,0,38,0
0.9,both,all_concepts,27,0,19,0
0.9,both,all_concepts,36,0,61,0
0.9,both,all_concepts,34,0,42,0
0.9,both,all_concepts,31,0,17,0
0.9,both,problem_analysis,14,0,103,0
0.9,both,problem_analysis,21,0,38,0
0.9,both,problem_analysis,26,0,39,0
0.9,both,problem_analysis,0,0,83,0
0.9,both,problem_analysis,36,0,83,0
0.9,both,problem_analysis,13,0,57,0
0.9,both,problem_analysis,16,0,91,0
0.9,both,problem_analysis,5,0,167,0
0.9,both,problem_analysis,31,0,88,0
0.9,both,problem_analysis,34,0,166,0
0.9,both,problem_analysis,27,0,43,0
0.9,both,problem_analysis,1,0,76,0
0.9,both,problem_analysis,29,0,102,0
0.9,both,problem_analysis,20,0,170,0
0.9,both,problem_analysis,12,0,30,0
0.9,both,problem_analysis,3,0,114,0
0.9,both,problem_analysis,25,0,64,0
0.9,both,problem_analysis,15,0,108,0
0.9,both,problem_analysis,23,0,113,0
0.9,both,problem_analysis,39,0,49,0
0.9,both,problem_analysis,4,0,22,0
0.9,both,problem_analysis,7,0,85,0
0.9,both,problem_analysis,24,0,61,0
0.9,both,problem_analysis,8,0,146,0
0.9,both,problem_analysis,32,0,23,0
0.9,both,problem_analysis,9,0,54,0
0.9,both,problem_analysis,30,0,20,0
0.9,both,problem_analysis,28,0,68,0
0.9,both,problem_analysis,10,0,88,0
0.9,both,problem_analysis,33,0,26,0
0.9,both,problem_analysis,17,0,121,0
0.9,both,problem_analysis,11,0,73,0
0.9,both,problem_analysis,6,0,36,0
0.9,both,problem_analysis,19,0,27,0
0.9,both,problem_analysis,37,0,16,0
0.9,both,problem_analysis,38,0,6,0
0.9,both,problem_analysis,22,0,55,0
0.9,both,problem_analysis,2,0,55,0
0.9,both,problem_analysis,18,0,19,0
0.9,both,problem_analysis,35,0,32,0
0.9,both,theoretical_insight,10,0,92,0
0.9,both,theoretical_insight,35,0,23,0
0.9,both,theoretical_insight,0,0,93,0
0.9,both,theoretical_insight,29,0,24,0
0.9,both,theoretical_insight,26,0,142,0
0.9,both,theoretical_insight,39,0,41,0
0.9,both,theoretical_insight,7,0,150,0
0.9,both,theoretical_insight,21,0,59,0
0.9,both,theoretical_insight,23,0,15,0
0.9,both,theoretical_insight,1,0,164,0
0.9,both,theoretical_insight,9,0,78,0
0.9,both,theoretical_insight,22,0,95,0
0.9,both,theoretical_insight,27,0,25,0
0.9,both,theoretical_insight,25,0,46,0
0.9,both,theoretical_insight,14,0,116,0
0.9,both,theoretical_insight,32,0,37,0
0.9,both,theoretical_insight,3,0,225,0
0.9,both,theoretical_insight,16,0,79,0
0.9,both,theoretical_insight,13,0,53,0
0.9,both,theoretical_insight,5,0,76,0
0.9,both,theoretical_insight,6,0,52,0
0.9,both,theoretical_insight,34,0,43,0
0.9,both,theoretical_insight,37,0,19,0
0.9,both,theoretical_insight,15,0,58,0
0.9,both,theoretical_insight,12,0,61,0
0.9,both,theoretical_insight,31,0,15,0
0.9,both,theoretical_insight,2,0,92,0
0.9,both,theoretical_insight,36,0,25,0
0.9,both,theoretical_insight,8,0,8,0
0.9,both,theoretical_insight,30,0,45,0
0.9,both,theoretical_insight,24,0,18,0
0.9,both,theoretical_insight,19,0,65,0
0.9,both,theoretical_insight,17,0,53,0
0.9,both,theoretical_insight,4,0,23,0
0.9,both,theoretical_insight,38,0,37,0
0.9,both,theoretical_insight,33,0,39,0
0.9,both,theoretical_insight,20,0,25,0
0.9,both,theoretical_insight,11,0,12,0
0.9,both,theoretical_insight,28,0,3,0
0.9,both,theoretical_insight,18,0,11,0
0.9,both,design_rationale,0,0,93,0
0.9,both,design_rationale,19,0,59,0
0.9,both,design_rationale,13,0,50,0
0.9,both,design_rationale,23,0,33,0
0.9,both,design_rationale,8,0,160,0
0.9,both,design_rationale,36,0,95,0
0.9,both,design_rationale,6,0,103,0
0.9,both,design_rationale,10,0,97,0
0.9,both,design_rationale,16,0,163,0
0.9,both,design_rationale,14,0,90,0
0.9,both,design_rationale,12,0,109,0
0.9,both,design_rationale,3,0,56,0
0.9,both,design_rationale,9,0,59,0
0.9,both,design_rationale,34,0,37,0
0.9,both,design_rationale,7,0,114,0
0.9,both,design_rationale,28,0,20,0
0.9,both,design_rationale,21,0,100,0
0.9,both,design_rationale,5,0,119,0
0.9,both,design_rationale,15,0,25,0
0.9,both,design_rationale,1,0,178,0
0.9,both,design_rationale,38,0,23,0
0.9,both,design_rationale,2,0,86,0
0.9,both,design_rationale,24,0,40,0
0.9,both,design_rationale,30,0,17,0
0.9,both,design_rationale,17,0,39,0
0.9,both,design_rationale,33,0,47,0
0.9,both,design_rationale,27,0,51,0
0.9,both,design_rationale,37,0,29,0
0.9,both,design_rationale,26,0,24,0
0.9,both,design_rationale,32,0,53,0
0.9,both,design_rationale,18,0,21,0
0.9,both,design_rationale,4,0,53,0
0.9,both,design_rationale,35,0,12,0
0.9,both,design_rationale,31,0,8,0
0.9,both,design_rationale,20,0,20,0
0.9,both,design_rationale,39,0,14,0
0.9,both,design_rationale,29,0,6,0
0.9,both,design_rationale,25,0,22,0
0.9,both,design_rationale,22,0,6,0
0.9,both,design_rationale,11,0,3,0
0.9,both,implementation_mechanism,29,0,35,0
0.9,both,implementation_mechanism,12,0,62,0
0.9,both,implementation_mechanism,8,0,70,0
0.9,both,implementation_mechanism,0,0,188,0
0.9,both,implementation_mechanism,23,0,126,0
0.9,both,implementation_mechanism,4,0,108,0
0.9,both,implementation_mechanism,7,0,181,0
0.9,both,implementation_mechanism,26,0,54,0
0.9,both,implementation_mechanism,9,0,151,0
0.9,both,implementation_mechanism,1,0,56,0
0.9,both,implementation_mechanism,37,0,31,0
0.9,both,implementation_mechanism,28,0,80,0
0.9,both,implementation_mechanism,25,0,10,0
0.9,both,implementation_mechanism,31,0,88,0
0.9,both,implementation_mechanism,18,0,155,0
0.9,both,implementation_mechanism,6,0,83,0
0.9,both,implementation_mechanism,20,0,102,0
0.9,both,implementation_mechanism,33,0,63,0
0.9,both,implementation_mechanism,15,0,54,0
0.9,both,implementation_mechanism,11,0,99,0
0.9,both,implementation_mechanism,24,0,80,0
0.9,both,implementation_mechanism,39,0,25,0
0.9,both,implementation_mechanism,27,0,39,0
0.9,both,implementation_mechanism,35,0,21,0
0.9,both,implementation_mechanism,13,0,18,0
0.9,both,implementation_mechanism,30,0,47,0
0.9,both,implementation_mechanism,34,0,49,0
0.9,both,implementation_mechanism,5,0,54,0
0.9,both,implementation_mechanism,22,0,91,0
0.9,both,implementation_mechanism,38,0,22,0
0.9,both,implementation_mechanism,10,0,24,0
0.9,both,implementation_mechanism,3,0,34,0
0.9,both,implementation_mechanism,19,0,29,0
0.9,both,implementation_mechanism,14,0,41,0
0.9,both,implementation_mechanism,2,0,18,0
0.9,both,implementation_mechanism,21,0,34,0
0.9,both,implementation_mechanism,36,0,30,0
0.9,both,implementation_mechanism,16,0,11,0
0.9,both,implementation_mechanism,17,0,10,0
0.9,both,implementation_mechanism,32,0,13,0
0.9,both,validation_evidence,29,0,79,0
0.9,both,validation_evidence,6,0,19,0
0.9,both,validation_evidence,15,0,26,0
0.9,both,validation_evidence,37,0,25,0
0.9,both,validation_evidence,28,0,188,0
0.9,both,validation_evidence,32,0,52,0
0.9,both,validation_evidence,12,0,94,0
0.9,both,validation_evidence,31,0,20,0
0.9,both,validation_evidence,4,0,130,0
0.9,both,validation_evidence,9,0,108,0
0.9,both,validation_evidence,26,0,20,0
0.9,both,validation_evidence,35,0,68,0
0.9,both,validation_evidence,13,0,94,0
0.9,both,validation_evidence,2,0,78,0
0.9,both,validation_evidence,33,0,93,0
0.9,both,validation_evidence,21,0,26,0
0.9,both,validation_evidence,1,0,35,0
0.9,both,validation_evidence,30,0,126,0
0.9,both,validation_evidence,0,0,61,0
0.9,both,validation_evidence,17,0,79,0
0.9,both,validation_evidence,7,0,96,0
0.9,both,validation_evidence,16,0,57,0
0.9,both,validation_evidence,8,0,39,0
0.9,both,validation_evidence,25,0,99,0
0.9,both,validation_evidence,27,0,97,0
0.9,both,validation_evidence,11,0,71,0
0.9,both,validation_evidence,24,0,38,0
0.9,both,validation_evidence,5,0,81,0
0.9,both,validation_evidence,10,0,45,0
0.9,both,validation_evidence,3,0,58,0
0.9,both,validation_evidence,39,0,22,0
0.9,both,validation_evidence,23,0,25,0
0.9,both,validation_evidence,19,0,35,0
0.9,both,validation_evidence,22,0,68,0
0.9,both,validation_evidence,18,0,47,0
0.9,both,validation_evidence,20,0,34,0
0.9,both,validation_evidence,14,0,27,0
0.9,both,validation_evidence,38,0,8,0
0.9,both,validation_evidence,36,0,14,0
0.9,both,validation_evidence,34,0,8,0
0.95,unconstrained,risk,5,0,88,0
0.95,unconstrained,risk,12,0,78,0
0.95,unconstrained,risk,15,0,152,0
0.95,unconstrained,risk,8,0,103,0
0.95,unconstrained,risk,7,0,103,0
0.95,unconstrained,risk,2,0,85,0
0.95,unconstrained,risk,23,0,36,0
0.95,unconstrained,risk,3,0,181,0
0.95,unconstrained,risk,21,0,89,0
0.95,unconstrained,risk,30,0,109,0
0.95,unconstrained,risk,4,0,72,0
0.95,unconstrained,risk,6,0,105,0
0.95,unconstrained,risk,20,0,145,0
0.95,unconstrained,risk,18,0,63,0
0.95,unconstrained,risk,10,0,168,0
0.95,unconstrained,risk,16,0,102,0
0.95,unconstrained,risk,24,0,76,0
0.95,unconstrained,risk,31,0,36,0
0.95,unconstrained,risk,28,0,102,0
0.95,unconstrained,risk,22,0,21,0
0.95,unconstrained,risk,36,0,32,0
0.95,unconstrained,risk,1,0,107,0
0.95,unconstrained,risk,29,0,40,0
0.95,unconstrained,risk,32,0,66,0
0.95,unconstrained,risk,26,0,56,0
0.95,unconstrained,risk,9,0,205,0
0.95,unconstrained,risk,19,0,99,0
0.95,unconstrained,risk,14,0,55,0
0.95,unconstrained,risk,39,0,27,0
0.95,unconstrained,risk,38,0,125,0
0.95,unconstrained,risk,33,0,35,0
0.95,unconstrained,risk,0,0,80,0
0.95,unconstrained,risk,34,0,60,0
0.95,unconstrained,risk,25,0,51,0
0.95,unconstrained,risk,11,0,185,0
0.95,unconstrained,risk,35,0,28,0
0.95,unconstrained,risk,27,0,14,0
0.95,unconstrained,risk,37,0,25,0
0.95,unconstrained,risk,17,0,19,0
0.95,unconstrained,risk,13,0,4,0
0.95,unconstrained,intervention,18,0,173,0
0.95,unconstrained,intervention,10,0,69,0
0.95,unconstrained,intervention,0,0,149,0
0.95,unconstrained,intervention,1,0,104,0
0.95,unconstrained,intervention,28,0,109,0
0.95,unconstrained,intervention,12,0,202,0
0.95,unconstrained,intervention,37,0,36,0
0.95,unconstrained,intervention,17,0,142,0
0.95,unconstrained,intervention,13,0,92,0
0.95,unconstrained,intervention,32,0,77,0
0.95,unconstrained,intervention,14,0,70,0
0.95,unconstrained,intervention,33,0,97,0
0.95,unconstrained,intervention,34,0,26,0
0.95,unconstrained,intervention,39,0,62,0
0.95,unconstrained,intervention,8,0,103,0
0.95,unconstrained,intervention,2,0,188,0
0.95,unconstrained,intervention,16,0,68,0
0.95,unconstrained,intervention,5,0,78,0
0.95,unconstrained,intervention,31,0,67,0
0.95,unconstrained,intervention,27,0,43,0
0.95,unconstrained,intervention,6,0,191,0
0.95,unconstrained,intervention,9,0,30,0
0.95,unconstrained,intervention,15,0,26,0
0.95,unconstrained,intervention,20,0,49,0
0.95,unconstrained,intervention,7,0,34,0
0.95,unconstrained,intervention,3,0,106,0
0.95,unconstrained,intervention,35,0,35,0
0.95,unconstrained,intervention,38,0,61,0
0.95,unconstrained,intervention,36,0,45,0
0.95,unconstrained,intervention,19,0,28,0
0.95,unconstrained,intervention,22,0,21,0
0.95,unconstrained,intervention,29,0,36,0
0.95,unconstrained,intervention,11,0,22,0
0.95,unconstrained,intervention,4,0,27,0
0.95,unconstrained,intervention,24,0,13,0
0.95,unconstrained,intervention,25,0,17,0
0.95,unconstrained,intervention,26,0,9,0
0.95,unconstrained,intervention,30,0,3,0
0.95,unconstrained,intervention,23,0,6,0
0.95,unconstrained,intervention,21,0,5,0
0.95,unconstrained,all_concepts,21,0,306,0
0.95,unconstrained,all_concepts,10,0,348,0
0.95,unconstrained,all_concepts,11,0,177,0
0.95,unconstrained,all_concepts,1,0,378,0
0.95,unconstrained,all_concepts,25,0,120,0
0.95,unconstrained,all_concepts,33,0,427,0
0.95,unconstrained,all_concepts,4,0,447,0
0.95,unconstrained,all_concepts,0,0,1427,0
0.95,unconstrained,all_concepts,38,0,18,0
0.95,unconstrained,all_concepts,13,0,457,0
0.95,unconstrained,all_concepts,9,0,1017,0
0.95,unconstrained,all_concepts,26,0,168,0
0.95,unconstrained,all_concepts,14,0,615,0
0.95,unconstrained,all_concepts,24,0,496,0
0.95,unconstrained,all_concepts,6,0,495,0
0.95,unconstrained,all_concepts,19,0,491,0
0.95,unconstrained,all_concepts,7,0,601,0
0.95,unconstrained,all_concepts,16,0,735,0
0.95,unconstrained,all_concepts,39,0,379,0
0.95,unconstrained,all_concepts,20,0,271,0
0.95,unconstrained,all_concepts,5,0,371,0
0.95,unconstrained,all_concepts,18,0,236,0
0.95,unconstrained,all_concepts,15,0,186,0
0.95,unconstrained,all_concepts,8,0,120,0
0.95,unconstrained,all_concepts,34,0,56,0
0.95,unconstrained,all_concepts,17,0,84,0
0.95,unconstrained,all_concepts,35,0,138,0
0.95,unconstrained,all_concepts,2,0,484,0
0.95,unconstrained,all_concepts,12,0,158,0
0.95,unconstrained,all_concepts,3,0,294,0
0.95,unconstrained,all_concepts,27,0,42,0
0.95,unconstrained,all_concepts,30,0,66,0
0.95,unconstrained,all_concepts,23,0,16,0
0.95,unconstrained,all_concepts,29,0,94,0
0.95,unconstrained,all_concepts,22,0,39,0
0.95,unconstrained,all_concepts,28,0,22,0
0.95,unconstrained,all_concepts,37,0,80,0
0.95,unconstrained,all_concepts,31,0,15,0
0.95,unconstrained,all_concepts,36,0,7,0
0.95,unconstrained,all_concepts,32,0,3,0
0.95,unconstrained,problem_analysis,33,0,100,0
0.95,unconstrained,problem_analysis,31,0,33,0
0.95,unconstrained,problem_analysis,1,0,57,0
0.95,unconstrained,problem_analysis,19,0,73,0
0.95,unconstrained,problem_analysis,0,0,94,0
0.95,unconstrained,problem_analysis,11,0,75,0
0.95,unconstrained,problem_analysis,10,0,203,0
0.95,unconstrained,problem_analysis,29,0,86,0
0.95,unconstrained,problem_analysis,18,0,183,0
0.95,unconstrained,problem_analysis,25,0,52,0
0.95,unconstrained,problem_analysis,9,0,66,0
0.95,unconstrained,problem_analysis,16,0,109,0
0.95,unconstrained,problem_analysis,38,0,19,0
0.95,unconstrained,problem_analysis,8,0,36,0
0.95,unconstrained,problem_analysis,2,0,154,0
0.95,unconstrained,problem_analysis,28,0,93,0
0.95,unconstrained,problem_analysis,27,0,59,0
0.95,unconstrained,problem_analysis,4,0,131,0
0.95,unconstrained,problem_analysis,23,0,103,0
0.95,unconstrained,problem_analysis,12,0,107,0
0.95,unconstrained,problem_analysis,13,0,46,0
0.95,unconstrained,problem_analysis,22,0,68,0
0.95,unconstrained,problem_analysis,26,0,19,0
0.95,unconstrained,problem_analysis,20,0,32,0
0.95,unconstrained,problem_analysis,14,0,105,0
0.95,unconstrained,problem_analysis,5,0,72,0
0.95,unconstrained,problem_analysis,15,0,45,0
0.95,unconstrained,problem_analysis,32,0,57,0
0.95,unconstrained,problem_analysis,36,0,18,0
0.95,unconstrained,problem_analysis,6,0,30,0
0.95,unconstrained,problem_analysis,34,0,23,0
0.95,unconstrained,problem_analysis,37,0,39,0
0.95,unconstrained,problem_analysis,3,0,88,0
0.95,unconstrained,problem_analysis,21,0,26,0
0.95,unconstrained,problem_analysis,35,0,43,0
0.95,unconstrained,problem_analysis,30,0,17,0
0.95,unconstrained,problem_analysis,39,0,5,0
0.95,unconstrained,problem_analysis,7,0,12,0
0.95,unconstrained,problem_analysis,17,0,7,0
0.95,unconstrained,problem_analysis,24,0,9,0
0.95,unconstrained,theoretical_insight,10,0,41,0
0.95,unconstrained,theoretical_insight,25,0,22,0
0.95,unconstrained,theoretical_insight,31,0,82,0
0.95,unconstrained,theoretical_insight,15,0,55,0
0.95,unconstrained,theoretical_insight,5,0,55,0
0.95,unconstrained,theoretical_insight,27,0,58,0
0.95,unconstrained,theoretical_insight,6,0,137,0
0.95,unconstrained,theoretical_insight,28,0,111,0
0.95,unconstrained,theoretical_insight,7,0,130,0
0.95,unconstrained,theoretical_insight,4,0,85,0
0.95,unconstrained,theoretical_insight,0,0,104,0
0.95,unconstrained,theoretical_insight,30,0,19,0
0.95,unconstrained,theoretical_insight,26,0,63,0
0.95,unconstrained,theoretical_insight,17,0,110,0
0.95,unconstrained,theoretical_insight,9,0,110,0
0.95,unconstrained,theoretical_insight,8,0,61,0
0.95,unconstrained,theoretical_insight,33,0,100,0
0.95,unconstrained,theoretical_insight,13,0,161,0
0.95,unconstrained,theoretical_insight,22,0,86,0
0.95,unconstrained,theoretical_insight,23,0,58,0
0.95,unconstrained,theoretical_insight,16,0,55,0
0.95,unconstrained,theoretical_insight,36,0,13,0
0.95,unconstrained,theoretical_insight,24,0,36,0
0.95,unconstrained,theoretical_insight,18,0,10,0
0.95,unconstrained,theoretical_insight,12,0,35,0
0.95,unconstrained,theoretical_insight,39,0,7,0
0.95,unconstrained,theoretical_insight,37,0,19,0
0.95,unconstrained,theoretical_insight,11,0,77,0
0.95,unconstrained,theoretical_insight,29,0,9,0
0.95,unconstrained,theoretical_insight,1,0,44,0
0.95,unconstrained,theoretical_insight,3,0,108,0
0.95,unconstrained,theoretical_insight,14,0,56,0
0.95,unconstrained,theoretical_insight,2,0,42,0
0.95,unconstrained,theoretical_insight,38,0,35,0
0.95,unconstrained,theoretical_insight,20,0,26,0
0.95,unconstrained,theoretical_insight,34,0,4,0
0.95,unconstrained,theoretical_insight,32,0,13,0
0.95,unconstrained,theoretical_insight,35,0,14,0
0.95,unconstrained,theoretical_insight,21,0,11,0
0.95,unconstrained,theoretical_insight,19,0,2,0
0.95,unconstrained,design_rationale,10,0,65,0
0.95,unconstrained,design_rationale,8,0,68,0
0.95,unconstrained,design_rationale,7,0,43,0
0.95,unconstrained,design_rationale,21,0,29,0
0.95,unconstrained,design_rationale,0,0,144,0
0.95,unconstrained,design_rationale,35,0,158,0
0.95,unconstrained,design_rationale,36,0,105,0
0.95,unconstrained,design_rationale,16,0,14,0
0.95,unconstrained,design_rationale,1,0,99,0
0.95,unconstrained,design_rationale,38,0,123,0
0.95,unconstrained,design_rationale,6,0,89,0
0.95,unconstrained,design_rationale,23,0,82,0
0.95,unconstrained,design_rationale,9,0,55,0
0.95,unconstrained,design_rationale,11,0,74,0
0.95,unconstrained,design_rationale,15,0,106,0
0.95,unconstrained,design_rationale,12,0,27,0
0.95,unconstrained,design_rationale,25,0,119,0
0.95,unconstrained,design_rationale,2,0,115,0
0.95,unconstrained,design_rationale,26,0,63,0
0.95,unconstrained,design_rationale,24,0,33,0
0.95,unconstrained,design_rationale,4,0,58,0
0.95,unconstrained,design_rationale,34,0,21,0
0.95,unconstrained,design_rationale,39,0,37,0
0.95,unconstrained,design_rationale,27,0,99,0
0.95,unconstrained,design_rationale,19,0,50,0
0.95,unconstrained,design_rationale,13,0,16,0
0.95,unconstrained,design_rationale,14,0,33,0
0.95,unconstrained,design_rationale,5,0,82,0
0.95,unconstrained,design_rationale,30,0,24,0
0.95,unconstrained,design_rationale,3,0,37,0
0.95,unconstrained,design_rationale,32,0,63,0
0.95,unconstrained,design_rationale,37,0,27,0
0.95,unconstrained,design_rationale,22,0,4,0
0.95,unconstrained,design_rationale,20,0,11,0
0.95,unconstrained,design_rationale,29,0,8,0
0.95,unconstrained,design_rationale,17,0,39,0
0.95,unconstrained,design_rationale,33,0,7,0
0.95,unconstrained,design_rationale,18,0,33,0
0.95,unconstrained,design_rationale,31,0,11,0
0.95,unconstrained,design_rationale,28,0,3,0
0.95,unconstrained,implementation_mechanism,6,0,67,0
0.95,unconstrained,implementation_mechanism,29,0,49,0
0.95,unconstrained,implementation_mechanism,23,0,76,0
0.95,unconstrained,implementation_mechanism,1,0,165,0
0.95,unconstrained,implementation_mechanism,14,0,126,0
0.95,unconstrained,implementation_mechanism,0,0,115,0
0.95,unconstrained,implementation_mechanism,11,0,185,0
0.95,unconstrained,implementation_mechanism,22,0,50,0
0.95,unconstrained,implementation_mechanism,9,0,116,0
0.95,unconstrained,implementation_mechanism,19,0,31,0
0.95,unconstrained,implementation_mechanism,8,0,23,0
0.95,unconstrained,implementation_mechanism,13,0,84,0
0.95,unconstrained,implementation_mechanism,37,0,7,0
0.95,unconstrained,implementation_mechanism,30,0,63,0
0.95,unconstrained,implementation_mechanism,36,0,92,0
0.95,unconstrained,implementation_mechanism,28,0,67,0
0.95,unconstrained,implementation_mechanism,7,0,50,0
0.95,unconstrained,implementation_mechanism,26,0,90,0
0.95,unconstrained,implementation_mechanism,10,0,60,0
0.95,unconstrained,implementation_mechanism,4,0,111,0
0.95,unconstrained,implementation_mechanism,5,0,94,0
0.95,unconstrained,implementation_mechanism,27,0,96,0
0.95,unconstrained,implementation_mechanism,21,0,92,0
0.95,unconstrained,implementation_mechanism,31,0,39,0
0.95,unconstrained,implementation_mechanism,39,0,38,0
0.95,unconstrained,implementation_mechanism,20,0,46,0
0.95,unconstrained,implementation_mechanism,2,0,77,0
0.95,unconstrained,implementation_mechanism,25,0,21,0
0.95,unconstrained,implementation_mechanism,17,0,50,0
0.95,unconstrained,implementation_mechanism,24,0,14,0
0.95,unconstrained,implementation_mechanism,32,0,16,0
0.95,unconstrained,implementation_mechanism,12,0,37,0
0.95,unconstrained,implementation_mechanism,18,0,17,0
0.95,unconstrained,implementation_mechanism,3,0,32,0
0.95,unconstrained,implementation_mechanism,15,0,15,0
0.95,unconstrained,implementation_mechanism,34,0,17,0
0.95,unconstrained,implementation_mechanism,16,0,27,0
0.95,unconstrained,implementation_mechanism,38,0,7,0
0.95,unconstrained,implementation_mechanism,35,0,18,0
0.95,unconstrained,implementation_mechanism,33,0,15,0
0.95,unconstrained,validation_evidence,1,0,113,0
0.95,unconstrained,validation_evidence,11,0,16,0
0.95,unconstrained,validation_evidence,24,0,16,0
0.95,unconstrained,validation_evidence,32,0,26,0
0.95,unconstrained,validation_evidence,9,0,210,0
0.95,unconstrained,validation_evidence,19,0,55,0
0.95,unconstrained,validation_evidence,4,0,104,0
0.95,unconstrained,validation_evidence,18,0,74,0
0.95,unconstrained,validation_evidence,7,0,79,0
0.95,unconstrained,validation_evidence,2,0,137,0
0.95,unconstrained,validation_evidence,37,0,10,0
0.95,unconstrained,validation_evidence,0,0,221,0
0.95,unconstrained,validation_evidence,5,0,80,0
0.95,unconstrained,validation_evidence,12,0,87,0
0.95,unconstrained,validation_evidence,22,0,35,0
0.95,unconstrained,validation_evidence,21,0,27,0
0.95,unconstrained,validation_evidence,25,0,64,0
0.95,unconstrained,validation_evidence,13,0,111,0
0.95,unconstrained,validation_evidence,20,0,49,0
0.95,unconstrained,validation_evidence,16,0,61,0
0.95,unconstrained,validation_evidence,6,0,82,0
0.95,unconstrained,validation_evidence,8,0,87,0
0.95,unconstrained,validation_evidence,23,0,82,0
0.95,unconstrained,validation_evidence,26,0,52,0
0.95,unconstrained,validation_evidence,36,0,55,0
0.95,unconstrained,validation_evidence,10,0,79,0
0.95,unconstrained,validation_evidence,15,0,16,0
0.95,unconstrained,validation_evidence,30,0,38,0
0.95,unconstrained,validation_evidence,17,0,47,0
0.95,unconstrained,validation_evidence,27,0,24,0
0.95,unconstrained,validation_evidence,29,0,68,0
0.95,unconstrained,validation_evidence,3,0,48,0
0.95,unconstrained,validation_evidence,39,0,45,0
0.95,unconstrained,validation_evidence,14,0,8,0
0.95,unconstrained,validation_evidence,35,0,10,0
0.95,unconstrained,validation_evidence,34,0,22,0
0.95,unconstrained,validation_evidence,31,0,3,0
0.95,unconstrained,validation_evidence,28,0,10,0
0.95,unconstrained,validation_evidence,38,0,5,0
0.95,unconstrained,validation_evidence,33,0,1,0
0.95,single_risk,risk,31,0,42,0
0.95,single_risk,risk,5,0,84,0
0.95,single_risk,risk,4,0,160,0
0.95,single_risk,risk,38,0,130,0
0.95,single_risk,risk,17,0,56,0
0.95,single_risk,risk,3,0,82,0
0.95,single_risk,risk,7,0,73,0
0.95,single_risk,risk,20,0,67,0
0.95,single_risk,risk,24,0,35,0
0.95,single_risk,risk,33,0,92,0
0.95,single_risk,risk,8,0,39,0
0.95,single_risk,risk,18,0,97,0
0.95,single_risk,risk,13,0,69,0
0.95,single_risk,risk,1,0,119,0
0.95,single_risk,risk,15,0,140,0
0.95,single_risk,risk,2,0,94,0
0.95,single_risk,risk,32,0,105,0
0.95,single_risk,risk,23,0,22,0
0.95,single_risk,risk,22,0,71,0
0.95,single_risk,risk,14,0,102,0
0.95,single_risk,risk,28,0,30,0
0.95,single_risk,risk,34,0,87,0
0.95,single_risk,risk,0,0,44,0
0.95,single_risk,risk,11,0,55,0
0.95,single_risk,risk,39,0,9,0
0.95,single_risk,risk,9,0,46,0
0.95,single_risk,risk,10,0,74,0
0.95,single_risk,risk,16,0,61,0
0.95,single_risk,risk,25,0,53,0
0.95,single_risk,risk,19,0,65,0
0.95,single_risk,risk,29,0,6,0
0.95,single_risk,risk,35,0,15,0
0.95,single_risk,risk,6,0,177,0
0.95,single_risk,risk,26,0,16,0
0.95,single_risk,risk,37,0,3,0
0.95,single_risk,risk,12,0,60,0
0.95,single_risk,risk,21,0,24,0
0.95,single_risk,risk,30,0,23,0
0.95,single_risk,risk,36,0,8,0
0.95,single_risk,risk,27,0,1,0
0.95,single_risk,intervention,15,0,118,0
0.95,single_risk,intervention,21,0,112,0
0.95,single_risk,intervention,18,0,135,0
0.95,single_risk,intervention,7,0,125,0
0.95,single_risk,intervention,27,0,100,0
0.95,single_risk,intervention,12,0,216,0
0.95,single_risk,intervention,38,0,38,0
0.95,single_risk,intervention,5,0,193,0
0.95,single_risk,intervention,10,0,87,0
0.95,single_risk,intervention,13,0,86,0
0.95,single_risk,intervention,32,0,75,0
0.95,single_risk,intervention,26,0,99,0
0.95,single_risk,intervention,2,0,34,0
0.95,single_risk,intervention,30,0,64,0
0.95,single_risk,intervention,3,0,90,0
0.95,single_risk,intervention,36,0,25,0
0.95,single_risk,intervention,0,0,193,0
0.95,single_risk,intervention,16,0,66,0
0.95,single_risk,intervention,14,0,87,0
0.95,single_risk,intervention,9,0,44,0
0.95,single_risk,intervention,11,0,188,0
0.95,single_risk,intervention,1,0,30,0
0.95,single_risk,intervention,28,0,48,0
0.95,single_risk,intervention,8,0,87,0
0.95,single_risk,intervention,24,0,35,0
0.95,single_risk,intervention,39,0,61,0
0.95,single_risk,intervention,17,0,61,0
0.95,single_risk,intervention,29,0,17,0
0.95,single_risk,intervention,6,0,21,0
0.95,single_risk,intervention,19,0,16,0
0.95,single_risk,intervention,34,0,30,0
0.95,single_risk,intervention,20,0,25,0
0.95,single_risk,intervention,37,0,21,0
0.95,single_risk,intervention,22,0,26,0
0.95,single_risk,intervention,35,0,25,0
0.95,single_risk,intervention,25,0,15,0
0.95,single_risk,intervention,4,0,12,0
0.95,single_risk,intervention,23,0,6,0
0.95,single_risk,intervention,31,0,5,0
0.95,single_risk,intervention,33,0,2,0
0.95,single_risk,all_concepts,14,0,285,0
0.95,single_risk,all_concepts,0,0,400,0
0.95,single_risk,all_concepts,5,0,187,0
0.95,single_risk,all_concepts,25,0,367,0
0.95,single_risk,all_concepts,35,0,139,0
0.95,single_risk,all_concepts,28,0,383,0
0.95,single_risk,all_concepts,17,0,253,0
0.95,single_risk,all_concepts,2,0,1045,0
0.95,single_risk,all_concepts,20,0,464,0
0.95,single_risk,all_concepts,4,0,927,0
0.95,single_risk,all_concepts,27,0,132,0
0.95,single_risk,all_concepts,33,0,358,0
0.95,single_risk,all_concepts,7,0,537,0
0.95,single_risk,all_concepts,13,0,488,0
0.95,single_risk,all_concepts,6,0,764,0
0.95,single_risk,all_concepts,1,0,366,0
0.95,single_risk,all_concepts,15,0,713,0
0.95,single_risk,all_concepts,38,0,491,0
0.95,single_risk,all_concepts,12,0,235,0
0.95,single_risk,all_concepts,11,0,223,0
0.95,single_risk,all_concepts,10,0,835,0
0.95,single_risk,all_concepts,19,0,98,0
0.95,single_risk,all_concepts,36,0,66,0
0.95,single_risk,all_concepts,9,0,196,0
0.95,single_risk,all_concepts,39,0,257,0
0.95,single_risk,all_concepts,26,0,70,0
0.95,single_risk,all_concepts,32,0,73,0
0.95,single_risk,all_concepts,30,0,64,0
0.95,single_risk,all_concepts,18,0,227,0
0.95,single_risk,all_concepts,8,0,222,0
0.95,single_risk,all_concepts,21,0,38,0
0.95,single_risk,all_concepts,29,0,14,0
0.95,single_risk,all_concepts,3,0,354,0
0.95,single_risk,all_concepts,24,0,59,0
0.95,single_risk,all_concepts,23,0,16,0
0.95,single_risk,all_concepts,22,0,213,0
0.95,single_risk,all_concepts,16,0,57,0
0.95,single_risk,all_concepts,31,0,22,0
0.95,single_risk,all_concepts,37,0,71,0
0.95,single_risk,all_concepts,34,0,26,0
0.95,single_risk,problem_analysis,23,0,155,0
0.95,single_risk,problem_analysis,29,0,30,0
0.95,single_risk,problem_analysis,5,0,54,0
0.95,single_risk,problem_analysis,18,0,56,0
0.95,single_risk,problem_analysis,34,0,44,0
0.95,single_risk,problem_analysis,9,0,55,0
0.95,single_risk,problem_analysis,10,0,76,0
0.95,single_risk,problem_analysis,21,0,172,0
0.95,single_risk,problem_analysis,7,0,93,0
0.95,single_risk,problem_analysis,2,0,182,0
0.95,single_risk,problem_analysis,35,0,44,0
0.95,single_risk,problem_analysis,24,0,52,0
0.95,single_risk,problem_analysis,3,0,66,0
0.95,single_risk,problem_analysis,12,0,109,0
0.95,single_risk,problem_analysis,17,0,84,0
0.95,single_risk,problem_analysis,26,0,30,0
0.95,single_risk,problem_analysis,39,0,81,0
0.95,single_risk,problem_analysis,13,0,96,0
0.95,single_risk,problem_analysis,31,0,52,0
0.95,single_risk,problem_analysis,11,0,90,0
0.95,single_risk,problem_analysis,14,0,133,0
0.95,single_risk,problem_analysis,28,0,50,0
0.95,single_risk,problem_analysis,20,0,53,0
0.95,single_risk,problem_analysis,4,0,39,0
0.95,single_risk,problem_analysis,30,0,18,0
0.95,single_risk,problem_analysis,19,0,26,0
0.95,single_risk,problem_analysis,8,0,85,0
0.95,single_risk,problem_analysis,0,0,66,0
0.95,single_risk,problem_analysis,15,0,44,0
0.95,single_risk,problem_analysis,25,0,30,0
0.95,single_risk,problem_analysis,32,0,22,0
0.95,single_risk,problem_analysis,22,0,37,0
0.95,single_risk,problem_analysis,16,0,54,0
0.95,single_risk,problem_analysis,38,0,44,0
0.95,single_risk,problem_analysis,6,0,36,0
0.95,single_risk,problem_analysis,27,0,68,0
0.95,single_risk,problem_analysis,33,0,28,0
0.95,single_risk,problem_analysis,1,0,22,0
0.95,single_risk,problem_analysis,37,0,8,0
0.95,single_risk,problem_analysis,36,0,3,0
0.95,single_risk,theoretical_insight,4,0,50,0
0.95,single_risk,theoretical_insight,21,0,26,0
0.95,single_risk,theoretical_insight,1,0,89,0
0.95,single_risk,theoretical_insight,9,0,49,0
0.95,single_risk,theoretical_insight,28,0,12,0
0.95,single_risk,theoretical_insight,0,0,147,0
0.95,single_risk,theoretical_insight,10,0,147,0
0.95,single_risk,theoretical_insight,6,0,147,0
0.95,single_risk,theoretical_insight,15,0,124,0
0.95,single_risk,theoretical_insight,26,0,73,0
0.95,single_risk,theoretical_insight,17,0,124,0
0.95,single_risk,theoretical_insight,19,0,27,0
0.95,single_risk,theoretical_insight,34,0,44,0
0.95,single_risk,theoretical_insight,5,0,94,0
0.95,single_risk,theoretical_insight,32,0,58,0
0.95,single_risk,theoretical_insight,29,0,103,0
0.95,single_risk,theoretical_insight,30,0,106,0
0.95,single_risk,theoretical_insight,11,0,83,0
0.95,single_risk,theoretical_insight,12,0,66,0
0.95,single_risk,theoretical_insight,16,0,70,0
0.95,single_risk,theoretical_insight,22,0,17,0
0.95,single_risk,theoretical_insight,13,0,37,0
0.95,single_risk,theoretical_insight,23,0,18,0
0.95,single_risk,theoretical_insight,3,0,75,0
0.95,single_risk,theoretical_insight,35,0,7,0
0.95,single_risk,theoretical_insight,37,0,19,0
0.95,single_risk,theoretical_insight,8,0,109,0
0.95,single_risk,theoretical_insight,18,0,21,0
0.95,single_risk,theoretical_insight,27,0,3,0
0.95,single_risk,theoretical_insight,24,0,19,0
0.95,single_risk,theoretical_insight,14,0,57,0
0.95,single_risk,theoretical_insight,2,0,54,0
0.95,single_risk,theoretical_insight,7,0,17,0
0.95,single_risk,theoretical_insight,20,0,35,0
0.95,single_risk,theoretical_insight,36,0,20,0
0.95,single_risk,theoretical_insight,31,0,24,0
0.95,single_risk,theoretical_insight,25,0,10,0
0.95,single_risk,theoretical_insight,38,0,20,0
0.95,single_risk,theoretical_insight,39,0,32,0
0.95,single_risk,theoretical_insight,33,0,11,0
0.95,single_risk,design_rationale,3,0,68,0
0.95,single_risk,design_rationale,4,0,59,0
0.95,single_risk,design_rationale,7,0,65,0
0.95,single_risk,design_rationale,33,0,30,0
0.95,single_risk,design_rationale,39,0,13,0
0.95,single_risk,design_rationale,21,0,152,0
0.95,single_risk,design_rationale,6,0,149,0
0.95,single_risk,design_rationale,27,0,12,0
0.95,single_risk,design_rationale,25,0,58,0
0.95,single_risk,design_rationale,24,0,146,0
0.95,single_risk,design_rationale,1,0,98,0
0.95,single_risk,design_rationale,13,0,59,0
0.95,single_risk,design_rationale,2,0,44,0
0.95,single_risk,design_rationale,18,0,45,0
0.95,single_risk,design_rationale,17,0,55,0
0.95,single_risk,design_rationale,20,0,105,0
0.95,single_risk,design_rationale,16,0,21,0
0.95,single_risk,design_rationale,5,0,184,0
0.95,single_risk,design_rationale,15,0,66,0
0.95,single_risk,design_rationale,28,0,50,0
0.95,single_risk,design_rationale,22,0,75,0
0.95,single_risk,design_rationale,8,0,31,0
0.95,single_risk,design_rationale,14,0,141,0
0.95,single_risk,design_rationale,34,0,35,0
0.95,single_risk,design_rationale,9,0,38,0
0.95,single_risk,design_rationale,19,0,48,0
0.95,single_risk,design_rationale,38,0,25,0
0.95,single_risk,design_rationale,37,0,51,0
0.95,single_risk,design_rationale,11,0,86,0
0.95,single_risk,design_rationale,0,0,55,0
0.95,single_risk,design_rationale,26,0,19,0
0.95,single_risk,design_rationale,12,0,49,0
0.95,single_risk,design_rationale,10,0,29,0
0.95,single_risk,design_rationale,35,0,4,0
0.95,single_risk,design_rationale,30,0,34,0
0.95,single_risk,design_rationale,23,0,11,0
0.95,single_risk,design_rationale,32,0,12,0
0.95,single_risk,design_rationale,31,0,4,0
0.95,single_risk,design_rationale,29,0,34,0
0.95,single_risk,design_rationale,36,0,3,0
0.95,single_risk,implementation_mechanism,15,0,89,0
0.95,single_risk,implementation_mechanism,30,0,47,0
0.95,single_risk,implementation_mechanism,25,0,65,0
0.95,single_risk,implementation_mechanism,4,0,151,0
0.95,single_risk,implementation_mechanism,14,0,133,0
0.95,single_risk,implementation_mechanism,7,0,78,0
0.95,single_risk,implementation_mechanism,5,0,171,0
0.95,single_risk,implementation_mechanism,13,0,48,0
0.95,single_risk,implementation_mechanism,21,0,114,0
0.95,single_risk,implementation_mechanism,29,0,35,0
0.95,single_risk,implementation_mechanism,16,0,35,0
0.95,single_risk,implementation_mechanism,0,0,141,0
0.95,single_risk,implementation_mechanism,23,0,44,0
0.95,single_risk,implementation_mechanism,12,0,127,0
0.95,single_risk,implementation_mechanism,37,0,42,0
0.95,single_risk,implementation_mechanism,38,0,15,0
0.95,single_risk,implementation_mechanism,1,0,60,0
0.95,single_risk,implementation_mechanism,8,0,79,0
0.95,single_risk,implementation_mechanism,10,0,56,0
0.95,single_risk,implementation_mechanism,31,0,65,0
0.95,single_risk,implementation_mechanism,19,0,97,0
0.95,single_risk,implementation_mechanism,17,0,36,0
0.95,single_risk,implementation_mechanism,2,0,100,0
0.95,single_risk,implementation_mechanism,6,0,45,0
0.95,single_risk,implementation_mechanism,22,0,75,0
0.95,single_risk,implementation_mechanism,27,0,38,0
0.95,single_risk,implementation_mechanism,28,0,39,0
0.95,single_risk,implementation_mechanism,34,0,31,0
0.95,single_risk,implementation_mechanism,36,0,42,0
0.95,single_risk,implementation_mechanism,32,0,22,0
0.95,single_risk,implementation_mechanism,33,0,25,0
0.95,single_risk,implementation_mechanism,20,0,14,0
0.95,single_risk,implementation_mechanism,11,0,32,0
0.95,single_risk,implementation_mechanism,9,0,39,0
0.95,single_risk,implementation_mechanism,24,0,23,0
0.95,single_risk,implementation_mechanism,3,0,61,0
0.95,single_risk,implementation_mechanism,26,0,16,0
0.95,single_risk,implementation_mechanism,35,0,31,0
0.95,single_risk,implementation_mechanism,39,0,3,0
0.95,single_risk,implementation_mechanism,18,0,23,0
0.95,single_risk,validation_evidence,18,0,73,0
0.95,single_risk,validation_evidence,26,0,21,0
0.95,single_risk,validation_evidence,22,0,20,0
0.95,single_risk,validation_evidence,33,0,25,0
0.95,single_risk,validation_evidence,8,0,139,0
0.95,single_risk,validation_evidence,39,0,35,0
0.95,single_risk,validation_evidence,10,0,90,0
0.95,single_risk,validation_evidence,9,0,33,0
0.95,single_risk,validation_evidence,13,0,57,0
0.95,single_risk,validation_evidence,38,0,111,0
0.95,single_risk,validation_evidence,21,0,10,0
0.95,single_risk,validation_evidence,2,0,221,0
0.95,single_risk,validation_evidence,11,0,74,0
0.95,single_risk,validation_evidence,12,0,98,0
0.95,single_risk,validation_evidence,14,0,103,0
0.95,single_risk,validation_evidence,25,0,30,0
0.95,single_risk,validation_evidence,24,0,27,0
0.95,single_risk,validation_evidence,15,0,77,0
0.95,single_risk,validation_evidence,7,0,103,0
0.95,single_risk,validation_evidence,23,0,52,0
0.95,single_risk,validation_evidence,16,0,84,0
0.95,single_risk,validation_evidence,3,0,83,0
0.95,single_risk,validation_evidence,4,0,85,0
0.95,single_risk,validation_evidence,5,0,123,0
0.95,single_risk,validation_evidence,6,0,63,0
0.95,single_risk,validation_evidence,0,0,69,0
0.95,single_risk,validation_evidence,28,0,55,0
0.95,single_risk,validation_evidence,35,0,15,0
0.95,single_risk,validation_evidence,29,0,28,0
0.95,single_risk,validation_evidence,1,0,84,0
0.95,single_risk,validation_evidence,30,0,39,0
0.95,single_risk,validation_evidence,19,0,44,0
0.95,single_risk,validation_evidence,31,0,24,0
0.95,single_risk,validation_evidence,20,0,69,0
0.95,single_risk,validation_evidence,34,0,66,0
0.95,single_risk,validation_evidence,17,0,5,0
0.95,single_risk,validation_evidence,37,0,7,0
0.95,single_risk,validation_evidence,32,0,4,0
0.95,single_risk,validation_evidence,27,0,7,0
0.95,single_risk,validation_evidence,36,0,1,0
0.95,monotonic,risk,11,0,79,0
0.95,monotonic,risk,3,0,77,0
0.95,monotonic,risk,15,0,138,0
0.95,monotonic,risk,5,0,132,0
0.95,monotonic,risk,27,0,112,0
0.95,monotonic,risk,1,0,120,0
0.95,monotonic,risk,24,0,35,0
0.95,monotonic,risk,6,0,245,0
0.95,monotonic,risk,39,0,85,0
0.95,monotonic,risk,10,0,120,0
0.95,monotonic,risk,9,0,72,0
0.95,monotonic,risk,14,0,76,0
0.95,monotonic,risk,19,0,121,0
0.95,monotonic,risk,31,0,84,0
0.95,monotonic,risk,8,0,162,0
0.95,monotonic,risk,0,0,100,0
0.95,monotonic,risk,12,0,90,0
0.95,monotonic,risk,13,0,12,0
0.95,monotonic,risk,16,0,57,0
0.95,monotonic,risk,34,0,102,0
0.95,monotonic,risk,21,0,19,0
0.95,monotonic,risk,20,0,32,0
0.95,monotonic,risk,30,0,95,0
0.95,monotonic,risk,33,0,32,0
0.95,monotonic,risk,17,0,56,0
0.95,monotonic,risk,23,0,52,0
0.95,monotonic,risk,7,0,165,0
0.95,monotonic,risk,37,0,119,0
0.95,monotonic,risk,25,0,60,0
0.95,monotonic,risk,38,0,44,0
0.95,monotonic,risk,18,0,61,0
0.95,monotonic,risk,4,0,24,0
0.95,monotonic,risk,32,0,40,0
0.95,monotonic,risk,22,0,30,0
0.95,monotonic,risk,2,0,177,0
0.95,monotonic,risk,28,0,23,0
0.95,monotonic,risk,35,0,26,0
0.95,monotonic,risk,26,0,2,0
0.95,monotonic,risk,29,0,9,0
0.95,monotonic,risk,36,0,1,0
0.95,monotonic,intervention,14,0,106,0
0.95,monotonic,intervention,4,0,69,0
0.95,monotonic,intervention,25,0,119,0
0.95,monotonic,intervention,2,0,109,0
0.95,monotonic,intervention,30,0,87,0
0.95,monotonic,intervention,12,0,187,0
0.95,monotonic,intervention,24,0,40,0
0.95,monotonic,intervention,5,0,95,0
0.95,monotonic,intervention,17,0,189,0
0.95,monotonic,intervention,26,0,75,0
0.95,monotonic,intervention,31,0,78,0
0.95,monotonic,intervention,36,0,96,0
0.95,monotonic,intervention,3,0,27,0
0.95,monotonic,intervention,0,0,128,0
0.95,monotonic,intervention,8,0,32,0
0.95,monotonic,intervention,21,0,122,0
0.95,monotonic,intervention,6,0,73,0
0.95,monotonic,intervention,16,0,57,0
0.95,monotonic,intervention,7,0,122,0
0.95,monotonic,intervention,28,0,71,0
0.95,monotonic,intervention,13,0,48,0
0.95,monotonic,intervention,9,0,184,0
0.95,monotonic,intervention,10,0,27,0
0.95,monotonic,intervention,15,0,27,0
0.95,monotonic,intervention,39,0,65,0
0.95,monotonic,intervention,11,0,50,0
0.95,monotonic,intervention,35,0,29,0
0.95,monotonic,intervention,37,0,34,0
0.95,monotonic,intervention,33,0,61,0
0.95,monotonic,intervention,19,0,68,0
0.95,monotonic,intervention,22,0,28,0
0.95,monotonic,intervention,29,0,8,0
0.95,monotonic,intervention,1,0,41,0
0.95,monotonic,intervention,20,0,28,0
0.95,monotonic,intervention,18,0,32,0
0.95,monotonic,intervention,34,0,26,0
0.95,monotonic,intervention,32,0,16,0
0.95,monotonic,intervention,38,0,10,0
0.95,monotonic,intervention,23,0,6,0
0.95,monotonic,intervention,27,0,5,0
0.95,monotonic,all_concepts,11,0,506,0
0.95,monotonic,all_concepts,3,0,414,0
0.95,monotonic,all_concepts,14,0,309,0
0.95,monotonic,all_concepts,15,0,173,0
0.95,monotonic,all_concepts,10,0,367,0
0.95,monotonic,all_concepts,36,0,123,0
0.95,monotonic,all_concepts,28,0,397,0
0.95,monotonic,all_concepts,32,0,203,0
0.95,monotonic,all_concepts,0,0,1127,0
0.95,monotonic,all_concepts,30,0,104,0
0.95,monotonic,all_concepts,4,0,1042,0
0.95,monotonic,all_concepts,21,0,133,0
0.95,monotonic,all_concepts,29,0,982,0
0.95,monotonic,all_concepts,12,0,385,0
0.95,monotonic,all_concepts,38,0,394,0
0.95,monotonic,all_concepts,1,0,496,0
0.95,monotonic,all_concepts,20,0,193,0
0.95,monotonic,all_concepts,9,0,493,0
0.95,monotonic,all_concepts,27,0,150,0
0.95,monotonic,all_concepts,7,0,629,0
0.95,monotonic,all_concepts,13,0,176,0
0.95,monotonic,all_concepts,25,0,192,0
0.95,monotonic,all_concepts,8,0,257,0
0.95,monotonic,all_concepts,2,0,517,0
0.95,monotonic,all_concepts,18,0,264,0
0.95,monotonic,all_concepts,16,0,69,0
0.95,monotonic,all_concepts,22,0,179,0
0.95,monotonic,all_concepts,6,0,365,0
0.95,monotonic,all_concepts,17,0,15,0
0.95,monotonic,all_concepts,26,0,37,0
0.95,monotonic,all_concepts,5,0,297,0
0.95,monotonic,all_concepts,33,0,38,0
0.95,monotonic,all_concepts,24,0,126,0
0.95,monotonic,all_concepts,23,0,16,0
0.95,monotonic,all_concepts,37,0,86,0
0.95,monotonic,all_concepts,34,0,88,0
0.95,monotonic,all_concepts,19,0,47,0
0.95,monotonic,all_concepts,39,0,21,0
0.95,monotonic,all_concepts,35,0,43,0
0.95,monotonic,all_concepts,31,0,32,0
0.95,monotonic,problem_analysis,6,0,98,0
0.95,monotonic,problem_analysis,33,0,30,0
0.95,monotonic,problem_analysis,10,0,45,0
0.95,monotonic,problem_analysis,38,0,111,0
0.95,monotonic,problem_analysis,2,0,70,0
0.95,monotonic,problem_analysis,28,0,52,0
0.95,monotonic,problem_analysis,26,0,52,0
0.95,monotonic,problem_analysis,18,0,71,0
0.95,monotonic,problem_analysis,4,0,167,0
0.95,monotonic,problem_analysis,35,0,86,0
0.95,monotonic,problem_analysis,12,0,190,0
0.95,monotonic,problem_analysis,27,0,38,0
0.95,monotonic,problem_analysis,23,0,50,0
0.95,monotonic,problem_analysis,30,0,59,0
0.95,monotonic,problem_analysis,13,0,102,0
0.95,monotonic,problem_analysis,32,0,21,0
0.95,monotonic,problem_analysis,11,0,26,0
0.95,monotonic,problem_analysis,14,0,40,0
0.95,monotonic,problem_analysis,3,0,116,0
0.95,monotonic,problem_analysis,19,0,62,0
0.95,monotonic,problem_analysis,5,0,101,0
0.95,monotonic,problem_analysis,0,0,127,0
0.95,monotonic,problem_analysis,22,0,51,0
0.95,monotonic,problem_analysis,8,0,111,0
0.95,monotonic,problem_analysis,15,0,35,0
0.95,monotonic,problem_analysis,37,0,38,0
0.95,monotonic,problem_analysis,31,0,19,0
0.95,monotonic,problem_analysis,17,0,23,0
0.95,monotonic,problem_analysis,21,0,73,0
0.95,monotonic,problem_analysis,24,0,63,0
0.95,monotonic,problem_analysis,1,0,37,0
0.95,monotonic,problem_analysis,20,0,29,0
0.95,monotonic,problem_analysis,36,0,36,0
0.95,monotonic,problem_analysis,9,0,23,0
0.95,monotonic,problem_analysis,16,0,69,0
0.95,monotonic,problem_analysis,7,0,28,0
0.95,monotonic,problem_analysis,34,0,21,0
0.95,monotonic,problem_analysis,39,0,9,0
0.95,monotonic,problem_analysis,29,0,44,0
0.95,monotonic,problem_analysis,25,0,15,0
0.95,monotonic,theoretical_insight,23,0,43,0
0.95,monotonic,theoretical_insight,35,0,24,0
0.95,monotonic,theoretical_insight,2,0,92,0
0.95,monotonic,theoretical_insight,11,0,62,0
0.95,monotonic,theoretical_insight,1,0,140,0
0.95,monotonic,theoretical_insight,9,0,65,0
0.95,monotonic,theoretical_insight,29,0,91,0
0.95,monotonic,theoretical_insight,12,0,124,0
0.95,monotonic,theoretical_insight,30,0,65,0
0.95,monotonic,theoretical_insight,13,0,124,0
0.95,monotonic,theoretical_insight,28,0,19,0
0.95,monotonic,theoretical_insight,39,0,45,0
0.95,monotonic,theoretical_insight,5,0,93,0
0.95,monotonic,theoretical_insight,15,0,64,0
0.95,monotonic,theoretical_insight,19,0,141,0
0.95,monotonic,theoretical_insight,8,0,118,0
0.95,monotonic,theoretical_insight,0,0,93,0
0.95,monotonic,theoretical_insight,3,0,62,0
0.95,monotonic,theoretical_insight,6,0,70,0
0.95,monotonic,theoretical_insight,37,0,25,0
0.95,monotonic,theoretical_insight,38,0,40,0
0.95,monotonic,theoretical_insight,20,0,20,0
0.95,monotonic,theoretical_insight,32,0,53,0
0.95,monotonic,theoretical_insight,14,0,84,0
0.95,monotonic,theoretical_insight,4,0,87,0
0.95,monotonic,theoretical_insight,33,0,19,0
0.95,monotonic,theoretical_insight,7,0,103,0
0.95,monotonic,theoretical_insight,34,0,2,0
0.95,monotonic,theoretical_insight,24,0,41,0
0.95,monotonic,theoretical_insight,10,0,25,0
0.95,monotonic,theoretical_insight,22,0,3,0
0.95,monotonic,theoretical_insight,31,0,31,0
0.95,monotonic,theoretical_insight,36,0,40,0
0.95,monotonic,theoretical_insight,18,0,21,0
0.95,monotonic,theoretical_insight,26,0,7,0
0.95,monotonic,theoretical_insight,17,0,26,0
0.95,monotonic,theoretical_insight,27,0,5,0
0.95,monotonic,theoretical_insight,25,0,18,0
0.95,monotonic,theoretical_insight,21,0,6,0
0.95,monotonic,theoretical_insight,16,0,6,0
0.95,monotonic,design_rationale,5,0,77,0
0.95,monotonic,design_rationale,15,0,52,0
0.95,monotonic,design_rationale,11,0,53,0
0.95,monotonic,design_rationale,18,0,41,0
0.95,monotonic,design_rationale,33,0,47,0
0.95,monotonic,design_rationale,6,0,160,0
0.95,monotonic,design_rationale,24,0,173,0
0.95,monotonic,design_rationale,32,0,13,0
0.95,monotonic,design_rationale,16,0,68,0
0.95,monotonic,design_rationale,26,0,172,0
0.95,monotonic,design_rationale,38,0,60,0
0.95,monotonic,design_rationale,22,0,37,0
0.95,monotonic,design_rationale,21,0,33,0
0.95,monotonic,design_rationale,7,0,10,0
0.95,monotonic,design_rationale,17,0,30,0
0.95,monotonic,design_rationale,3,0,115,0
0.95,monotonic,design_rationale,4,0,105,0
0.95,monotonic,design_rationale,1,0,41,0
0.95,monotonic,design_rationale,0,0,153,0
0.95,monotonic,design_rationale,8,0,90,0
0.95,monotonic,design_rationale,12,0,132,0
0.95,monotonic,design_rationale,20,0,29,0
0.95,monotonic,design_rationale,34,0,34,0
0.95,monotonic,design_rationale,9,0,101,0
0.95,monotonic,design_rationale,25,0,12,0
0.95,monotonic,design_rationale,39,0,54,0
0.95,monotonic,design_rationale,14,0,31,0
0.95,monotonic,design_rationale,28,0,31,0
0.95,monotonic,design_rationale,19,0,14,0
0.95,monotonic,design_rationale,31,0,32,0
0.95,monotonic,design_rationale,23,0,28,0
0.95,monotonic,design_rationale,35,0,54,0
0.95,monotonic,design_rationale,2,0,23,0
0.95,monotonic,design_rationale,13,0,11,0
0.95,monotonic,design_rationale,30,0,8,0
0.95,monotonic,design_rationale,37,0,13,0
0.95,monotonic,design_rationale,27,0,11,0
0.95,monotonic,design_rationale,29,0,6,0
0.95,monotonic,design_rationale,36,0,37,0
0.95,monotonic,design_rationale,10,0,28,0
0.95,monotonic,implementation_mechanism,4,0,111,0
0.95,monotonic,implementation_mechanism,31,0,70,0
0.95,monotonic,implementation_mechanism,27,0,66,0
0.95,monotonic,implementation_mechanism,17,0,152,0
0.95,monotonic,implementation_mechanism,16,0,125,0
0.95,monotonic,implementation_mechanism,34,0,66,0
0.95,monotonic,implementation_mechanism,15,0,143,0
0.95,monotonic,implementation_mechanism,26,0,40,0
0.95,monotonic,implementation_mechanism,11,0,97,0
0.95,monotonic,implementation_mechanism,2,0,121,0
0.95,monotonic,implementation_mechanism,3,0,65,0
0.95,monotonic,implementation_mechanism,35,0,24,0
0.95,monotonic,implementation_mechanism,13,0,65,0
0.95,monotonic,implementation_mechanism,39,0,7,0
0.95,monotonic,implementation_mechanism,23,0,31,0
0.95,monotonic,implementation_mechanism,25,0,151,0
0.95,monotonic,implementation_mechanism,36,0,47,0
0.95,monotonic,implementation_mechanism,10,0,53,0
0.95,monotonic,implementation_mechanism,18,0,44,0
0.95,monotonic,implementation_mechanism,30,0,33,0
0.95,monotonic,implementation_mechanism,9,0,64,0
0.95,monotonic,implementation_mechanism,38,0,48,0
0.95,monotonic,implementation_mechanism,1,0,107,0
0.95,monotonic,implementation_mechanism,21,0,76,0
0.95,monotonic,implementation_mechanism,8,0,21,0
0.95,monotonic,implementation_mechanism,20,0,35,0
0.95,monotonic,implementation_mechanism,22,0,22,0
0.95,monotonic,implementation_mechanism,32,0,37,0
0.95,monotonic,implementation_mechanism,7,0,70,0
0.95,monotonic,implementation_mechanism,19,0,51,0
0.95,monotonic,implementation_mechanism,0,0,90,0
0.95,monotonic,implementation_mechanism,5,0,34,0
0.95,monotonic,implementation_mechanism,14,0,25,0
0.95,monotonic,implementation_mechanism,12,0,26,0
0.95,monotonic,implementation_mechanism,6,0,28,0
0.95,monotonic,implementation_mechanism,24,0,20,0
0.95,monotonic,implementation_mechanism,33,0,16,0
0.95,monotonic,implementation_mechanism,28,0,28,0
0.95,monotonic,implementation_mechanism,37,0,8,0
0.95,monotonic,implementation_mechanism,29,0,15,0
0.95,monotonic,validation_evidence,16,0,69,0
0.95,monotonic,validation_evidence,24,0,18,0
0.95,monotonic,validation_evidence,28,0,20,0
0.95,monotonic,validation_evidence,35,0,23,0
0.95,monotonic,validation_evidence,18,0,143,0
0.95,monotonic,validation_evidence,11,0,126,0
0.95,monotonic,validation_evidence,21,0,85,0
0.95,monotonic,validation_evidence,32,0,16,0
0.95,monotonic,validation_evidence,9,0,65,0
0.95,monotonic,validation_evidence,23,0,118,0
0.95,monotonic,validation_evidence,20,0,11,0
0.95,monotonic,validation_evidence,3,0,131,0
0.95,monotonic,validation_evidence,17,0,67,0
0.95,monotonic,validation_evidence,6,0,88,0
0.95,monotonic,validation_evidence,1,0,119,0
0.95,monotonic,validation_evidence,30,0,95,0
0.95,monotonic,validation_evidence,27,0,26,0
0.95,monotonic,validation_evidence,22,0,27,0
0.95,monotonic,validation_evidence,13,0,61,0
0.95,monotonic,validation_evidence,2,0,57,0
0.95,monotonic,validation_evidence,5,0,86,0
0.95,monotonic,validation_evidence,34,0,67,0
0.95,monotonic,validation_evidence,0,0,127,0
0.95,monotonic,validation_evidence,25,0,66,0
0.95,monotonic,validation_evidence,12,0,68,0
0.95,monotonic,validation_evidence,33,0,44,0
0.95,monotonic,validation_evidence,29,0,34,0
0.95,monotonic,validation_evidence,14,0,78,0
0.95,monotonic,validation_evidence,10,0,46,0
0.95,monotonic,validation_evidence,15,0,31,0
0.95,monotonic,validation_evidence,8,0,56,0
0.95,monotonic,validation_evidence,31,0,24,0
0.95,monotonic,validation_evidence,4,0,35,0
0.95,monotonic,validation_evidence,37,0,65,0
0.95,monotonic,validation_evidence,36,0,44,0
0.95,monotonic,validation_evidence,39,0,34,0
0.95,monotonic,validation_evidence,19,0,5,0
0.95,monotonic,validation_evidence,38,0,2,0
0.95,monotonic,validation_evidence,7,0,11,0
0.95,monotonic,validation_evidence,26,0,11,0
0.95,both,risk,1,0,71,0
0.95,both,risk,24,0,55,0
0.95,both,risk,7,0,139,0
0.95,both,risk,21,0,127,0
0.95,both,risk,39,0,24,0
0.95,both,risk,26,0,58,0
0.95,both,risk,13,0,69,0
0.95,both,risk,11,0,89,0
0.95,both,risk,31,0,29,0
0.95,both,risk,9,0,93,0
0.95,both,risk,4,0,36,0
0.95,both,risk,2,0,110,0
0.95,both,risk,6,0,69,0
0.95,both,risk,18,0,150,0
0.95,both,risk,10,0,77,0
0.95,both,risk,12,0,141,0
0.95,both,risk,29,0,71,0
0.95,both,risk,38,0,16,0
0.95,both,risk,25,0,106,0
0.95,both,risk,35,0,19,0
0.95,both,risk,15,0,68,0
0.95,both,risk,0,0,51,0
0.95,both,risk,17,0,89,0
0.95,both,risk,23,0,49,0
0.95,both,risk,32,0,9,0
0.95,both,risk,37,0,46,0
0.95,both,risk,19,0,73,0
0.95,both,risk,14,0,53,0
0.95,both,risk,5,0,65,0
0.95,both,risk,16,0,49,0
0.95,both,risk,33,0,67,0
0.95,both,risk,8,0,22,0
0.95,both,risk,3,0,51,0
0.95,both,risk,34,0,136,0
0.95,both,risk,20,0,20,0
0.95,both,risk,22,0,3,0
0.95,both,risk,36,0,38,0
0.95,both,risk,27,0,28,0
0.95,both,risk,30,0,8,0
0.95,both,risk,28,0,1,0
0.95,both,intervention,1,0,175,0
0.95,both,intervention,4,0,109,0
0.95,both,intervention,20,0,125,0
0.95,both,intervention,3,0,135,0
0.95,both,intervention,12,0,82,0
0.95,both,intervention,37,0,98,0
0.95,both,intervention,9,0,63,0
0.95,both,intervention,7,0,107,0
0.95,both,intervention,32,0,132,0
0.95,both,intervention,13,0,79,0
0.95,both,intervention,34,0,64,0
0.95,both,intervention,36,0,23,0
0.95,both,intervention,33,0,63,0
0.95,both,intervention,18,0,94,0
0.95,both,intervention,10,0,132,0
0.95,both,intervention,26,0,89,0
0.95,both,intervention,24,0,74,0
0.95,both,intervention,17,0,83,0
0.95,both,intervention,5,0,114,0
0.95,both,intervention,19,0,47,0
0.95,both,intervention,11,0,178,0
0.95,both,intervention,2,0,24,0
0.95,both,intervention,0,0,25,0
0.95,both,intervention,16,0,34,0
0.95,both,intervention,6,0,152,0
0.95,both,intervention,38,0,51,0
0.95,both,intervention,28,0,34,0
0.95,both,intervention,15,0,61,0
0.95,both,intervention,14,0,49,0
0.95,both,intervention,35,0,24,0
0.95,both,intervention,30,0,8,0
0.95,both,intervention,22,0,34,0
0.95,both,intervention,29,0,6,0
0.95,both,intervention,31,0,26,0
0.95,both,intervention,39,0,19,0
0.95,both,intervention,8,0,26,0
0.95,both,intervention,21,0,8,0
0.95,both,intervention,25,0,16,0
0.95,both,intervention,23,0,6,0
0.95,both,intervention,27,0,5,0
0.95,both,all_concepts,27,0,498,0
0.95,both,all_concepts,12,0,275,0
0.95,both,all_concepts,14,0,299,0
0.95,both,all_concepts,28,0,250,0
0.95,both,all_concepts,19,0,345,0
0.95,both,all_concepts,29,0,125,0
0.95,both,all_concepts,5,0,537,0
0.95,both,all_concepts,31,0,307,0
0.95,both,all_concepts,17,0,417,0
0.95,both,all_concepts,9,0,301,0
0.95,both,all_concepts,4,0,66,0
0.95,both,all_concepts,3,0,510,0
0.95,both,all_concepts,7,0,1006,0
0.95,both,all_concepts,24,0,138,0
0.95,both,all_concepts,0,0,427,0
0.95,both,all_concepts,15,0,538,0
0.95,both,all_concepts,1,0,480,0
0.95,both,all_concepts,8,0,332,0
0.95,both,all_concepts,11,0,717,0
0.95,both,all_concepts,34,0,91,0
0.95,both,all_concepts,21,0,401,0
0.95,both,all_concepts,10,0,264,0
0.95,both,all_concepts,13,0,197,0
0.95,both,all_concepts,2,0,794,0
0.95,both,all_concepts,36,0,472,0
0.95,both,all_concepts,26,0,192,0
0.95,both,all_concepts,38,0,211,0
0.95,both,all_concepts,37,0,240,0
0.95,both,all_concepts,32,0,201,0
0.95,both,all_concepts,30,0,192,0
0.95,both,all_concepts,39,0,13,0
0.95,both,all_concepts,33,0,35,0
0.95,both,all_concepts,18,0,258,0
0.95,both,all_concepts,20,0,39,0
0.95,both,all_concepts,22,0,123,0
0.95,both,all_concepts,23,0,16,0
0.95,both,all_concepts,6,0,26,0
0.95,both,all_concepts,16,0,97,0
0.95,both,all_concepts,35,0,45,0
0.95,both,all_concepts,25,0,4,0
0.95,both,problem_analysis,39,0,86,0
0.95,both,problem_analysis,1,0,73,0
0.95,both,problem_analysis,10,0,50,0
0.95,both,problem_analysis,4,0,157,0
0.95,both,problem_analysis,12,0,80,0
0.95,both,problem_analysis,20,0,86,0
0.95,both,problem_analysis,37,0,67,0
0.95,both,problem_analysis,24,0,166,0
0.95,both,problem_analysis,7,0,106,0
0.95,both,problem_analysis,31,0,162,0
0.95,both,problem_analysis,28,0,40,0
0.95,both,problem_analysis,34,0,65,0
0.95,both,problem_analysis,13,0,100,0
0.95,both,problem_analysis,21,0,33,0
0.95,both,problem_analysis,36,0,93,0
0.95,both,problem_analysis,11,0,62,0
0.95,both,problem_analysis,5,0,94,0
0.95,both,problem_analysis,6,0,124,0
0.95,both,problem_analysis,26,0,50,0
0.95,both,problem_analysis,3,0,129,0
0.95,both,problem_analysis,15,0,36,0
0.95,both,problem_analysis,22,0,52,0
0.95,both,problem_analysis,19,0,36,0
0.95,both,problem_analysis,14,0,20,0
0.95,both,problem_analysis,0,0,15,0
0.95,both,problem_analysis,9,0,79,0
0.95,both,problem_analysis,35,0,27,0
0.95,both,problem_analysis,17,0,52,0
0.95,both,problem_analysis,8,0,34,0
0.95,both,problem_analysis,32,0,28,0
0.95,both,problem_analysis,2,0,71,0
0.95,both,problem_analysis,18,0,29,0
0.95,both,problem_analysis,23,0,21,0
0.95,both,problem_analysis,38,0,9,0
0.95,both,problem_analysis,27,0,19,0
0.95,both,problem_analysis,29,0,43,0
0.95,both,problem_analysis,16,0,20,0
0.95,both,problem_analysis,25,0,14,0
0.95,both,problem_analysis,30,0,3,0
0.95,both,problem_analysis,33,0,5,0
0.95,both,theoretical_insight,6,0,40,0
0.95,both,theoretical_insight,33,0,25,0
0.95,both,theoretical_insight,35,0,78,0
0.95,both,theoretical_insight,23,0,6,0
0.95,both,theoretical_insight,0,0,32,0
0.95,both,theoretical_insight,18,0,78,0
0.95,both,theoretical_insight,24,0,147,0
0.95,both,theoretical_insight,5,0,49,0
0.95,both,theoretical_insight,34,0,102,0
0.95,both,theoretical_insight,1,0,171,0
0.95,both,theoretical_insight,8,0,66,0
0.95,both,theoretical_insight,11,0,128,0
0.95,both,theoretical_insight,26,0,28,0
0.95,both,theoretical_insight,22,0,45,0
0.95,both,theoretical_insight,32,0,55,0
0.95,both,theoretical_insight,20,0,66,0
0.95,both,theoretical_insight,31,0,38,0
0.95,both,theoretical_insight,21,0,172,0
0.95,both,theoretical_insight,10,0,78,0
0.95,both,theoretical_insight,27,0,88,0
0.95,both,theoretical_insight,9,0,67,0
0.95,both,theoretical_insight,19,0,50,0
0.95,both,theoretical_insight,7,0,69,0
0.95,both,theoretical_insight,13,0,60,0
0.95,both,theoretical_insight,12,0,33,0
0.95,both,theoretical_insight,2,0,84,0
0.95,both,theoretical_insight,14,0,62,0
0.95,both,theoretical_insight,16,0,54,0
0.95,both,theoretical_insight,38,0,32,0
0.95,both,theoretical_insight,17,0,40,0
0.95,both,theoretical_insight,25,0,3,0
0.95,both,theoretical_insight,3,0,35,0
0.95,both,theoretical_insight,15,0,17,0
0.95,both,theoretical_insight,36,0,44,0
0.95,both,theoretical_insight,29,0,12,0
0.95,both,theoretical_insight,30,0,8,0
0.95,both,theoretical_insight,28,0,6,0
0.95,both,theoretical_insight,37,0,7,0
0.95,both,theoretical_insight,4,0,15,0
0.95,both,theoretical_insight,39,0,6,0
0.95,both,design_rationale,4,0,90,0
0.95,both,design_rationale,8,0,71,0
0.95,both,design_rationale,11,0,24,0
0.95,both,design_rationale,31,0,30,0
0.95,both,design_rationale,7,0,116,0
0.95,both,design_rationale,26,0,171,0
0.95,both,design_rationale,10,0,143,0
0.95,both,design_rationale,5,0,16,0
0.95,both,design_rationale,29,0,72,0
0.95,both,design_rationale,22,0,154,0
0.95,both,design_rationale,36,0,61,0
0.95,both,design_rationale,38,0,29,0
0.95,both,design_rationale,24,0,38,0
0.95,both,design_rationale,17,0,60,0
0.95,both,design_rationale,9,0,25,0
0.95,both,design_rationale,6,0,46,0
0.95,both,design_rationale,0,0,76,0
0.95,both,design_rationale,12,0,108,0
0.95,both,design_rationale,15,0,22,0
0.95,both,design_rationale,3,0,181,0
0.95,both,design_rationale,14,0,102,0
0.95,both,design_rationale,20,0,29,0
0.95,both,design_rationale,32,0,24,0
0.95,both,design_rationale,18,0,34,0
0.95,both,design_rationale,35,0,27,0
0.95,both,design_rationale,30,0,22,0
0.95,both,design_rationale,34,0,37,0
0.95,both,design_rationale,33,0,13,0
0.95,both,design_rationale,37,0,46,0
0.95,both,design_rationale,2,0,80,0
0.95,both,design_rationale,1,0,48,0
0.95,both,design_rationale,19,0,61,0
0.95,both,design_rationale,16,0,55,0
0.95,both,design_rationale,23,0,8,0
0.95,both,design_rationale,39,0,11,0
0.95,both,design_rationale,27,0,8,0
0.95,both,design_rationale,25,0,22,0
0.95,both,design_rationale,21,0,33,0
0.95,both,design_rationale,13,0,19,0
0.95,both,design_rationale,28,0,6,0
0.95,both,implementation_mechanism,8,0,117,0
0.95,both,implementation_mechanism,32,0,59,0
0.95,both,implementation_mechanism,36,0,67,0
0.95,both,implementation_mechanism,2,0,181,0
0.95,both,implementation_mechanism,14,0,110,0
0.95,both,implementation_mechanism,34,0,74,0
0.95,both,implementation_mechanism,11,0,155,0
0.95,both,implementation_mechanism,25,0,48,0
0.95,both,implementation_mechanism,0,0,146,0
0.95,both,implementation_mechanism,18,0,38,0
0.95,both,implementation_mechanism,31,0,39,0
0.95,both,implementation_mechanism,26,0,87,0
0.95,both,implementation_mechanism,21,0,7,0
0.95,both,implementation_mechanism,1,0,44,0
0.95,both,implementation_mechanism,13,0,143,0
0.95,both,implementation_mechanism,27,0,40,0
0.95,both,implementation_mechanism,20,0,93,0
0.95,both,implementation_mechanism,22,0,62,0
0.95,both,implementation_mechanism,15,0,39,0
0.95,both,implementation_mechanism,24,0,82,0
0.95,both,implementation_mechanism,19,0,51,0
0.95,both,implementation_mechanism,28,0,77,0
0.95,both,implementation_mechanism,4,0,39,0
0.95,both,implementation_mechanism,37,0,36,0
0.95,both,implementation_mechanism,23,0,23,0
0.95,both,implementation_mechanism,35,0,38,0
0.95,both,implementation_mechanism,6,0,64,0
0.95,both,implementation_mechanism,9,0,83,0
0.95,both,implementation_mechanism,33,0,20,0
0.95,both,implementation_mechanism,10,0,28,0
0.95,both,implementation_mechanism,3,0,28,0
0.95,both,implementation_mechanism,16,0,25,0
0.95,both,implementation_mechanism,17,0,35,0
0.95,both,implementation_mechanism,7,0,23,0
0.95,both,implementation_mechanism,30,0,16,0
0.95,both,implementation_mechanism,5,0,42,0
0.95,both,implementation_mechanism,29,0,15,0
0.95,both,implementation_mechanism,12,0,32,0
0.95,both,implementation_mechanism,39,0,8,0
0.95,both,implementation_mechanism,38,0,17,0
0.95,both,validation_evidence,18,0,65,0
0.95,both,validation_evidence,5,0,17,0
0.95,both,validation_evidence,13,0,20,0
0.95,both,validation_evidence,32,0,23,0
0.95,both,validation_evidence,38,0,96,0
0.95,both,validation_evidence,6,0,122,0
0.95,both,validation_evidence,20,0,89,0
0.95,both,validation_evidence,4,0,62,0
0.95,both,validation_evidence,16,0,58,0
0.95,both,validation_evidence,25,0,65,0
0.95,both,validation_evidence,36,0,11,0
0.95,both,validation_evidence,9,0,121,0
0.95,both,validation_evidence,12,0,78,0
0.95,both,validation_evidence,2,0,85,0
0.95,both,validation_evidence,17,0,88,0
0.95,both,validation_evidence,19,0,32,0
0.95,both,validation_evidence,24,0,25,0
0.95,both,validation_evidence,15,0,61,0
0.95,both,validation_evidence,29,0,152,0
0.95,both,validation_evidence,30,0,45,0
0.95,both,validation_evidence,7,0,82,0
0.95,both,validation_evidence,8,0,56,0
0.95,both,validation_evidence,14,0,155,0
0.95,both,validation_evidence,0,0,98,0
0.95,both,validation_evidence,11,0,72,0
0.95,both,validation_evidence,22,0,39,0
0.95,both,validation_evidence,33,0,38,0
0.95,both,validation_evidence,10,0,78,0
0.95,both,validation_evidence,35,0,16,0
0.95,both,validation_evidence,37,0,41,0
0.95,both,validation_evidence,34,0,27,0
0.95,both,validation_evidence,21,0,67,0
0.95,both,validation_evidence,23,0,25,0
0.95,both,validation_evidence,1,0,62,0
0.95,both,validation_evidence,27,0,65,0
0.95,both,validation_evidence,3,0,10,0
0.95,both,validation_evidence,26,0,26,0
0.95,both,validation_evidence,39,0,12,0
0.95,both,validation_evidence,31,0,7,0
0.95,both,validation_evidence,28,0,7,0
